代码,名称,最新价,涨跌额,涨跌幅,买入,卖出,昨收,今开,最高,最低,成交量,成交额,时间戳,date
bj920000,安徽凤凰,14.51,-0.28,-1.893,14.51,14.53,14.79,14.7,14.86,14.38,1076507.0,15656397.0,15:30:00,2026-08-14
bj920001,纬达光电,11.46,-0.17,-1.462,11.46,11.48,11.63,11.63,11.83,11.36,1250950.0,14435648.0,15:30:00,2026-08-14
bj920002,万达轴承,53.64,-1.22,-2.224,53.63,53.64,54.86,54.85,55.52,52.98,1048510.0,56520249.0,15:30:00,2026-08-14
bj920003,中诚咨询,16.51,-0.15,-0.9,16.45,16.51,16.66,16.66,16.78,16.33,255367.0,4205084.0,15:30:00,2026-08-14
bj920005,鼎佳精密,23.83,-1.17,-4.68,23.83,23.91,25.0,24.86,24.88,23.67,719114.0,17325308.0,15:30:00,2026-08-14
bj920006,晟楠科技,16.23,-0.09,-0.551,16.23,16.24,16.32,16.26,16.88,15.93,1374000.0,22465520.0,15:30:00,2026-08-14
bj920007,酉立智能,35.89,-0.12,-0.333,35.89,35.91,36.01,36.3,36.3,35.67,69592.0,2502049.0,15:30:00,2026-08-14
bj920008,成电光信,19.63,-0.27,-1.357,19.58,19.63,19.9,20.22,20.22,19.51,770486.0,15264009.0,15:30:00,2026-08-14
bj920009,丹娜生物,36.87,-1.75,-4.531,36.8,36.87,38.62,38.19,38.29,36.36,594281.0,22107032.0,15:30:00,2026-08-14
bj920010,凯添燃气,8.39,-0.25,-2.894,8.39,8.4,8.64,8.58,8.6,8.33,4434464.0,37388279.0,15:30:00,2026-08-14
bj920011,晨光电机,18.82,-0.25,-1.311,18.82,18.92,19.07,19.26,19.3,18.66,670679.0,12671050.0,15:30:00,2026-08-14
bj920012,创达新材,49.15,1.15,2.396,49.15,49.19,48.0,48.8,49.5,47.82,678812.0,33066102.0,15:30:00,2026-08-14
bj920014,特瑞斯,8.62,-0.22,-2.489,8.61,8.62,8.84,8.82,8.85,8.57,1828486.0,15896797.0,15:30:00,2026-08-14
bj920015,锦华新材,42.72,-1.22,-2.777,42.72,42.73,43.94,43.71,44.38,42.5,1914418.0,82556067.0,15:30:00,2026-08-14
bj920016,中草香料,12.76,-0.3,-2.297,12.73,12.76,13.06,13.04,13.04,12.7,626325.0,8024292.0,15:30:00,2026-08-14
bj920017,星昊医药,17.7,-0.61,-3.332,17.7,17.72,18.31,18.0,18.35,17.58,5381763.0,96376825.0,15:30:00,2026-08-14
bj920018,宏远股份,15.3,-0.99,-6.077,15.3,15.31,16.29,16.2,16.29,15.28,3474566.0,53999507.0,15:30:00,2026-08-14
bj920019,铜冠矿建,14.46,0.07,0.486,14.46,14.47,14.39,14.45,14.54,14.31,1009886.0,14587789.0,15:30:00,2026-08-14
bj920020,泰凯英,15.27,0.1,0.659,15.26,15.27,15.17,15.17,15.45,15.03,436351.0,6651024.0,15:30:00,2026-08-14
bj920021,流金科技,6.86,-0.52,-7.046,6.86,6.87,7.38,7.0,7.28,6.81,25604102.0,178725741.0,15:30:00,2026-08-14
bj920022,世昌股份,19.12,0.01,0.052,19.04,19.12,19.11,19.2,19.22,18.86,131399.0,2503957.0,15:30:00,2026-08-14
bj920023,*ST田野,1.95,-0.04,-2.01,1.95,1.96,1.99,2.0,2.0,1.94,5231943.0,10287752.0,15:30:00,2026-08-14
bj920026,卓兆点胶,18.9,1.13,6.359,18.9,18.91,17.77,17.99,18.99,17.75,2189642.0,40390932.0,15:30:00,2026-08-14
bj920027,交大铁发,11.44,-0.12,-1.038,11.43,11.44,11.56,11.59,11.59,11.31,858861.0,9810925.0,15:30:00,2026-08-14
bj920028,新恒泰,13.45,-0.2,-1.465,13.44,13.45,13.65,13.65,13.72,13.39,716465.0,9699858.0,15:30:00,2026-08-14
bj920029,开发科技,35.05,-1.03,-2.855,35.04,35.05,36.08,36.35,36.88,34.86,1504804.0,53770168.0,15:30:00,2026-08-14
bj920030,德众汽车,4.42,-0.11,-2.428,4.42,4.43,4.53,4.51,4.55,4.41,1036127.0,4617363.0,15:30:00,2026-08-14
bj920033,康普化学,14.17,-0.08,-0.561,14.16,14.17,14.25,14.33,14.37,14.05,624710.0,8874871.0,15:30:00,2026-08-14
bj920035,精创电气,24.04,-0.01,-0.042,24.02,24.04,24.05,23.84,24.46,23.7,478846.0,11518144.0,15:30:00,2026-08-14
bj920036,觅睿科技,29.7,-0.05,-0.168,29.7,29.74,29.75,29.56,30.17,29.01,598584.0,17702978.0,15:30:00,2026-08-14
bj920037,广信科技,40.42,-1.65,-3.922,40.42,40.43,42.07,42.24,42.24,40.32,1275596.0,52187055.0,15:30:00,2026-08-14
bj920038,森合高科,38.8,-2.02,-4.949,38.8,38.82,40.82,40.29,40.29,38.55,5046592.0,198395439.0,15:30:00,2026-08-14
bj920039,国义招标,8.42,0.01,0.119,8.42,8.47,8.41,8.42,8.75,8.29,3020088.0,25716516.0,15:30:00,2026-08-14
bj920045,蘅东光,369.99,20.99,6.014,369.99,370.2,349.0,348.99,375.11,347.0,1393800.0,507393611.0,15:30:00,2026-08-14
bj920046,亿能电力,21.7,-1.16,-5.074,21.69,21.7,22.86,22.53,22.65,21.53,5915588.0,129314384.0,15:30:00,2026-08-14
bj920047,诺思兰德,17.93,-0.67,-3.602,17.93,17.94,18.6,18.4,18.58,17.7,5510091.0,99774873.0,15:30:00,2026-08-14
bj920050,爱伦医疗,28.79,-0.27,-0.929,28.72,28.79,29.06,29.1,29.11,28.25,300870.0,8643327.0,15:30:00,2026-08-14
bj920055,隆源股份,26.31,-0.29,-1.09,26.3,26.31,26.6,26.62,26.75,26.21,257973.0,6811092.0,15:30:00,2026-08-14
bj920056,能之光,16.33,-0.08,-0.488,16.28,16.33,16.41,16.47,16.64,16.18,519664.0,8505915.0,15:30:00,2026-08-14
bj920057,百甲科技,4.9,-0.06,-1.21,4.88,4.9,4.96,4.96,4.99,4.86,627087.0,3078146.0,15:30:00,2026-08-14
bj920058,华洋赛车,27.47,-0.85,-3.001,27.47,27.49,28.32,28.05,31.51,26.81,2271807.0,65406453.0,15:30:00,2026-08-14
bj920060,万源通,22.13,-0.06,-0.27,22.13,22.16,22.19,22.3,22.39,21.98,1045446.0,23161088.0,15:30:00,2026-08-14
bj920061,西磁科技,18.08,0.4,2.262,18.05,18.08,17.68,17.68,18.66,17.68,1933370.0,35062687.0,15:30:00,2026-08-14
bj920062,科润智控,7.46,-0.14,-1.842,7.46,7.47,7.6,7.63,7.63,7.42,2043473.0,15318647.0,15:30:00,2026-08-14
bj920065,千岸科技,35.65,0.32,0.906,35.65,35.69,35.33,35.34,36.54,34.9,2171628.0,77370339.0,15:30:00,2026-08-14
bj920066,科拜尔,16.62,-0.18,-1.071,16.55,16.62,16.8,16.82,17.03,16.38,305241.0,5064007.0,15:30:00,2026-08-14
bj920068,天工股份,15.1,-0.05,-0.33,15.09,15.1,15.15,15.09,15.29,15.06,576178.0,8734483.0,15:30:00,2026-08-14
bj920069,普昂医疗,34.2,-0.44,-1.27,34.2,34.22,34.64,34.63,34.88,34.03,425102.0,14585635.0,15:30:00,2026-08-14
bj920072,科莱瑞迪,26.9,0.27,1.014,26.9,26.97,26.63,26.64,27.75,26.18,1716137.0,46124690.0,15:30:00,2026-08-14
bj920075,柏星龙,15.67,-0.26,-1.632,15.67,15.68,15.93,15.88,16.14,15.39,1114107.0,17495346.0,15:30:00,2026-08-14
bj920076,国亮新材,12.68,-0.07,-0.549,12.68,12.69,12.75,12.73,12.75,12.61,284476.0,3600043.0,15:30:00,2026-08-14
bj920077,吉林碳谷,13.87,-0.14,-0.999,13.87,13.9,14.01,14.09,14.1,13.71,3823542.0,53090381.0,15:30:00,2026-08-14
bj920078,族兴新材,19.14,0.39,2.08,19.14,19.16,18.75,18.8,19.14,18.55,1505410.0,28303021.0,15:30:00,2026-08-14
bj920079,乔路铭,13.85,-0.4,-2.807,13.84,13.85,14.25,14.26,14.36,13.8,6396854.0,89407560.0,15:30:00,2026-08-14
bj920080,奥美森,20.95,-0.19,-0.899,20.95,20.96,21.14,21.15,21.3,20.78,162373.0,3415199.0,15:30:00,2026-08-14
bj920081,欧伦电气,39.13,0.43,1.111,39.13,39.17,38.7,38.82,39.39,38.65,890547.0,34627018.0,15:30:00,2026-08-14
bj920082,方正阀门,8.19,-0.17,-2.033,8.18,8.19,8.36,8.33,8.37,8.18,932315.0,7688785.0,15:30:00,2026-08-14
bj920083,金戈新材,40.89,9.43,29.975,40.89,0.0,31.46,32.0,40.89,31.65,8872359.0,327160841.0,15:30:00,2026-08-14
bj920086,科马材料,20.47,-0.23,-1.111,20.46,20.47,20.7,20.72,20.74,20.08,461668.0,9475833.0,15:30:00,2026-08-14
bj920087,秋乐种业,10.63,-0.62,-5.511,10.61,10.63,11.25,11.24,11.24,10.61,5719653.0,62081859.0,15:30:00,2026-08-14
bj920088,科力股份,44.4,-0.65,-1.443,44.4,44.42,45.05,44.0,44.86,43.48,4017621.0,177069400.0,15:30:00,2026-08-14
bj920089,禾昌聚合,10.2,0.0,0.0,10.16,10.2,10.2,10.2,10.24,10.12,584226.0,5939691.0,15:30:00,2026-08-14
bj920090,*ST同辉,3.87,-0.05,-1.276,3.87,3.88,3.92,3.89,4.0,3.8,4416379.0,17194780.0,15:30:00,2026-08-14
bj920091,大鹏工业,29.98,-0.35,-1.154,29.98,30.0,30.33,30.4,30.56,29.83,462281.0,13905433.0,15:30:00,2026-08-14
bj920092,汉鑫科技,29.45,-1.22,-3.978,29.45,29.5,30.67,29.31,31.0,29.01,4509563.0,133820193.0,15:30:00,2026-08-14
bj920096,嘉晨智能,35.85,0.57,1.616,35.84,35.85,35.28,35.47,36.18,34.88,1200722.0,42636364.0,15:30:00,2026-08-14
bj920098,科隆新材,16.94,-0.38,-2.194,16.92,16.94,17.32,17.3,17.7,16.94,549083.0,9438982.0,15:30:00,2026-08-14
bj920099,瑞华技术,19.0,0.0,0.0,18.96,19.0,19.0,18.97,19.0,18.26,795291.0,14774790.0,15:30:00,2026-08-14
bj920100,三协电机,35.11,-0.54,-1.515,35.1,35.11,35.65,35.65,35.9,34.65,1339626.0,47135993.0,15:30:00,2026-08-14
bj920101,志高机械,16.85,-0.04,-0.237,16.85,16.9,16.89,16.86,16.99,16.61,293582.0,4929572.0,15:30:00,2026-08-14
bj920106,林泰新材,36.2,-0.4,-1.093,36.2,36.25,36.6,36.44,36.73,35.99,299149.0,10845214.0,15:30:00,2026-08-14
bj920108,宏海科技,9.01,-0.09,-0.989,9.01,9.02,9.1,9.16,9.16,8.94,361213.0,3257389.0,15:30:00,2026-08-14
bj920110,雷特科技,25.95,-0.76,-2.845,25.95,26.0,26.71,26.57,26.69,25.83,103695.0,2712101.0,15:30:00,2026-08-14
bj920111,聚星科技,26.81,-0.12,-0.446,26.81,26.82,26.93,26.81,27.11,26.5,1235703.0,33049101.0,15:30:00,2026-08-14
bj920112,巴兰仕,16.28,0.02,0.123,16.28,16.29,16.26,16.2,16.45,16.11,159889.0,2591527.0,15:30:00,2026-08-14
bj920116,星图测控,47.85,-0.2,-0.416,47.85,47.88,48.05,48.05,48.66,47.19,1609374.0,76865540.0,15:30:00,2026-08-14
bj920117,龙鑫智能,34.65,3.12,9.895,34.65,34.67,31.53,32.0,35.88,31.54,9729288.0,330120532.0,15:30:00,2026-08-14
bj920118,太湖远大,19.53,0.0,0.0,19.52,19.53,19.53,19.5,19.7,19.34,310158.0,6057446.0,15:30:00,2026-08-14
bj920119,美德乐,47.47,-0.4,-0.836,47.47,47.54,47.87,47.85,48.25,46.92,253123.0,11983505.0,15:30:00,2026-08-14
bj920121,江天科技,27.82,-0.22,-0.785,27.82,27.89,28.04,28.05,28.66,27.4,229196.0,6416929.0,15:30:00,2026-08-14
bj920122,中纺标,22.7,-0.72,-3.074,22.69,22.7,23.42,23.23,23.39,22.68,894204.0,20450725.0,15:30:00,2026-08-14
bj920123,芭薇股份,10.43,-0.32,-2.977,10.42,10.43,10.75,10.75,10.78,10.41,715588.0,7542059.0,15:30:00,2026-08-14
bj920124,南特科技,12.62,0.03,0.238,12.61,12.62,12.59,12.57,12.67,12.54,635306.0,7995852.0,15:30:00,2026-08-14
bj920125,鸿仕达,130.85,-0.44,-0.335,130.85,130.9,131.29,132.73,136.29,128.01,1655075.0,218002295.0,15:30:00,2026-08-14
bj920126,永大股份,10.0,0.01,0.1,9.99,10.0,9.99,10.0,10.13,9.89,1989888.0,19900702.0,15:30:00,2026-08-14
bj920128,胜业电气,18.05,-0.08,-0.441,18.05,18.06,18.13,18.02,18.3,17.84,603127.0,10882234.0,15:30:00,2026-08-14
bj920130,立方控股,18.63,-0.38,-1.999,18.62,18.63,19.01,19.2,19.8,18.61,4133809.0,78199429.0,15:30:00,2026-08-14
bj920132,泰鹏智能,8.67,-0.05,-0.573,8.61,8.67,8.72,8.67,8.8,8.57,483571.0,4179750.0,15:30:00,2026-08-14
bj920136,永励精密,20.63,-0.57,-2.689,20.63,20.64,21.2,21.18,21.18,20.46,1998676.0,41467227.0,15:30:00,2026-08-14
bj920138,杰理科技,45.24,-1.35,-2.898,45.23,45.24,46.59,46.06,47.5,44.66,9956143.0,455951942.0,15:30:00,2026-08-14
bj920139,华岭股份,14.9,0.13,0.88,14.89,14.9,14.77,15.01,15.09,14.54,3277849.0,48593109.0,15:30:00,2026-08-14
bj920145,恒合股份,10.05,-0.11,-1.083,9.95,10.05,10.16,10.16,10.24,9.92,474850.0,4771873.0,15:30:00,2026-08-14
bj920146,华阳变速,5.01,-0.07,-1.378,5.01,5.02,5.08,5.1,5.11,4.99,870217.0,4378205.0,15:30:00,2026-08-14
bj920149,旭杰科技,7.89,-0.14,-1.743,7.89,7.91,8.03,7.93,8.07,7.86,412248.0,3274436.0,15:30:00,2026-08-14
bj920152,昆工科技,13.2,-0.12,-0.901,13.2,13.21,13.32,13.38,13.48,13.13,571421.0,7567026.0,15:30:00,2026-08-14
bj920156,海昌智能,38.22,0.51,1.352,38.22,38.23,37.71,38.03,38.29,37.24,679528.0,25701076.0,15:30:00,2026-08-14
bj920158,长江能科,8.0,-0.18,-2.2,7.99,8.0,8.18,8.18,8.18,7.97,1746528.0,14077794.0,15:30:00,2026-08-14
bj920159,农大科技,27.5,-0.42,-1.504,27.5,27.55,27.92,27.9,27.97,27.26,392376.0,10795994.0,15:30:00,2026-08-14
bj920160,北矿检测,19.77,-0.37,-1.837,19.75,19.77,20.14,20.12,20.15,19.57,388620.0,7692713.0,15:30:00,2026-08-14
bj920161,龙辰科技,27.0,3.75,16.129,26.99,27.0,23.25,23.25,27.72,23.25,9986189.0,255672003.0,15:30:00,2026-08-14
bj920163,方大新材,10.9,-0.02,-0.183,10.88,10.9,10.92,10.86,11.08,10.55,1195962.0,12911898.0,15:30:00,2026-08-14
bj920165,珈凯生物,38.45,-1.89,-4.685,38.45,38.5,40.34,40.09,40.6,38.38,2345334.0,91842850.0,15:30:00,2026-08-14
bj920166,海圣医疗,21.67,-0.54,-2.431,21.65,21.67,22.21,22.03,22.2,21.27,849347.0,18328817.0,15:30:00,2026-08-14
bj920167,同享科技,14.59,-0.32,-2.146,14.57,14.59,14.91,14.91,14.93,14.44,1156315.0,16928083.0,15:30:00,2026-08-14
bj920168,通宝光电,15.45,-0.23,-1.467,15.45,15.48,15.68,15.6,15.68,15.31,244875.0,3785474.0,15:30:00,2026-08-14
bj920169,七丰精工,17.68,-0.26,-1.449,17.66,17.68,17.94,17.93,18.47,17.68,1324950.0,24008636.0,15:30:00,2026-08-14
bj920171,志晟信息,16.66,-0.14,-0.833,16.66,16.69,16.8,16.72,17.04,16.5,1191817.0,19859550.0,15:30:00,2026-08-14
bj920174,五新智能,27.72,-0.38,-1.352,27.71,27.72,28.1,28.01,28.39,27.58,767343.0,21358415.0,15:30:00,2026-08-14
bj920175,东方碳素,7.95,-0.12,-1.487,7.95,7.96,8.07,8.04,8.08,7.9,1449031.0,11562046.0,15:30:00,2026-08-14
bj920176,维琪科技,62.58,-0.72,-1.137,62.55,62.58,63.3,62.0,64.1,61.5,1383977.0,86689738.0,15:30:00,2026-08-14
bj920177,恒道科技,24.46,-0.24,-0.972,24.46,24.52,24.7,24.58,24.7,24.3,133860.0,3280346.0,15:30:00,2026-08-14
bj920178,锐翔智能,102.1,2.4,2.407,102.01,102.1,99.7,100.49,104.0,99.47,1167773.0,118743973.0,15:30:00,2026-08-14
bj920179,凯德石英,56.33,1.28,2.325,56.32,56.33,55.05,55.6,57.13,54.91,3297731.0,185003466.0,15:30:00,2026-08-14
bj920180,爱得科技,12.11,-0.21,-1.705,12.1,12.11,12.32,12.32,12.49,12.04,674270.0,8211800.0,15:30:00,2026-08-14
bj920181,赛英电子,73.2,2.11,2.968,73.0,73.2,71.09,71.52,73.38,71.31,548149.0,39636787.0,15:30:00,2026-08-14
bj920183,海菲曼,28.37,-0.65,-2.24,28.37,28.39,29.02,29.02,29.19,28.36,166143.0,4759025.0,15:30:00,2026-08-14
bj920184,国源科技,11.29,-0.17,-1.483,11.28,11.29,11.46,11.44,11.63,11.2,1178710.0,13381134.0,15:30:00,2026-08-14
bj920185,贝特瑞,20.6,-0.33,-1.577,20.6,20.61,20.93,20.99,21.13,20.33,4042372.0,83686771.0,15:30:00,2026-08-14
bj920186,中科仪,74.43,1.21,1.653,74.43,74.44,73.22,74.1,74.73,73.36,3284695.0,243021197.0,15:30:00,2026-08-14
bj920187,通领科技,19.53,-0.65,-3.221,19.53,19.57,20.18,20.16,20.18,19.5,750010.0,14868414.0,15:30:00,2026-08-14
bj920188,悦龙科技,21.41,-0.19,-0.88,21.4,21.41,21.6,21.64,21.75,21.28,419954.0,9013915.0,15:30:00,2026-08-14
bj920189,康美特,20.95,0.75,3.713,20.94,20.95,20.2,20.28,21.25,20.28,5134255.0,107012662.0,15:30:00,2026-08-14
bj920190,雷神科技,25.7,-0.8,-3.019,25.7,25.71,26.5,25.68,26.5,25.39,8736731.0,225322168.0,15:30:00,2026-08-14
bj920191,瑞尔竞达,8.77,-0.1,-1.127,8.77,8.78,8.87,8.85,8.91,8.7,808899.0,7125405.0,15:30:00,2026-08-14
bj920193,吉和昌,33.09,1.15,3.601,33.08,33.09,31.94,32.26,33.62,31.7,4523973.0,148862980.0,15:30:00,2026-08-14
bj920195,三祥科技,12.15,-0.14,-1.139,12.11,12.15,12.29,12.27,12.33,12.03,607984.0,7369852.0,15:30:00,2026-08-14
bj920198,微创光电,8.2,0.12,1.485,8.2,8.21,8.08,8.0,8.87,8.0,5700078.0,47488295.0,15:30:00,2026-08-14
bj920199,倍益康,27.56,-1.25,-4.339,27.53,27.56,28.81,28.52,28.83,27.41,2385610.0,66655533.0,15:30:00,2026-08-14
bj920200,振宏股份,30.34,0.68,2.293,30.34,30.35,29.66,29.78,30.46,29.02,2470293.0,73346292.0,15:30:00,2026-08-14
bj920204,沪江材料,12.77,-0.08,-0.623,12.71,12.77,12.85,12.8,12.89,12.57,524881.0,6676693.0,15:30:00,2026-08-14
bj920206,彩客科技,35.1,1.66,4.964,35.1,35.12,33.44,33.56,35.48,33.43,1418133.0,49119616.0,15:30:00,2026-08-14
bj920207,众诚科技,22.91,0.29,1.282,22.9,22.91,22.62,22.89,23.26,22.41,2303834.0,52462542.0,15:30:00,2026-08-14
bj920208,青矩技术,12.07,-0.15,-1.227,12.07,12.08,12.22,12.14,12.28,12.0,962506.0,11651301.0,15:30:00,2026-08-14
bj920211,新睿电子,106.71,2.71,2.606,106.7,106.71,104.0,104.15,106.79,103.79,405510.0,42673857.0,15:30:00,2026-08-14
bj920212,智新电子,9.37,-0.16,-1.679,9.37,9.42,9.53,9.57,9.57,9.34,535806.0,5053444.0,15:30:00,2026-08-14
bj920218,新天力,17.41,0.23,1.339,17.4,17.41,17.18,17.18,17.47,17.03,1015639.0,17559412.0,15:30:00,2026-08-14
bj920220,朗信电气,41.17,1.32,3.312,41.17,41.18,39.85,39.97,41.36,39.8,850964.0,34625603.0,15:30:00,2026-08-14
bj920221,易实精密,12.97,0.03,0.232,12.94,12.97,12.94,12.94,13.06,12.82,647007.0,8365615.0,15:30:00,2026-08-14
bj920222,益坤电气,28.36,-1.06,-3.603,28.35,28.36,29.42,28.56,28.9,28.11,2428553.0,68956626.0,15:30:00,2026-08-14
bj920223,荣亿精密,10.95,-0.14,-1.262,10.95,10.96,11.09,11.15,11.31,10.92,926811.0,10252791.0,15:30:00,2026-08-14
bj920225,利通科技,16.04,0.09,0.564,16.03,16.04,15.95,15.5,16.6,15.5,6022660.0,96194498.0,15:30:00,2026-08-14
bj920227,美登科技,50.0,-1.75,-3.382,50.0,50.15,51.75,51.33,52.68,49.7,822869.0,41737831.0,15:30:00,2026-08-14
bj920230,欧康医药,10.82,-0.48,-4.248,10.82,10.83,11.3,11.18,11.24,10.7,3158676.0,34458862.0,15:30:00,2026-08-14
bj920237,力佳科技,12.64,-0.16,-1.25,12.56,12.64,12.8,12.73,12.93,12.54,642125.0,8121782.0,15:30:00,2026-08-14
bj920238,长鹰硬科,65.4,0.22,0.338,65.36,65.4,65.18,65.38,66.77,64.4,2574750.0,168911068.0,15:30:00,2026-08-14
bj920239,长虹能源,21.6,-0.42,-1.907,21.59,21.6,22.02,22.21,22.4,21.56,758761.0,16596041.0,15:30:00,2026-08-14
bj920242,建邦科技,13.63,-0.35,-2.504,13.63,13.65,13.98,13.97,14.11,13.63,315552.0,4366598.0,15:30:00,2026-08-14
bj920245,威博液压,12.73,-0.26,-2.002,12.73,12.75,12.99,12.99,13.09,12.64,555404.0,7086943.0,15:30:00,2026-08-14
bj920247,华密新材,14.33,-0.22,-1.512,14.33,14.38,14.55,14.48,14.69,14.24,1307261.0,18829599.0,15:30:00,2026-08-14
bj920249,利尔达,9.18,0.03,0.328,9.18,9.19,9.15,9.27,9.3,9.03,3902809.0,35749703.0,15:30:00,2026-08-14
bj920252,天宏锂电,15.73,-0.09,-0.569,15.72,15.73,15.82,15.97,16.2,15.61,1295858.0,20526794.0,15:30:00,2026-08-14
bj920258,聚仁新材,12.25,-0.05,-0.407,12.25,12.27,12.3,12.2,12.35,11.91,4077163.0,49377340.0,15:30:00,2026-08-14
bj920260,中寰股份,8.09,-0.02,-0.247,8.08,8.09,8.11,8.07,8.17,7.93,454718.0,3632741.0,15:30:00,2026-08-14
bj920261,一诺威,13.25,-0.11,-0.823,13.22,13.25,13.36,13.48,13.49,13.18,365363.0,4845240.0,15:30:00,2026-08-14
bj920262,太湖雪,14.1,-0.13,-0.914,14.1,14.11,14.23,14.11,14.23,13.89,703763.0,9904894.0,15:30:00,2026-08-14
bj920263,中航泰达,7.03,-0.09,-1.264,7.03,7.05,7.12,7.09,7.15,7.0,373333.0,2639153.0,15:30:00,2026-08-14
bj920266,生物谷,7.74,-0.24,-3.008,7.74,7.75,7.98,7.85,7.98,7.61,4749771.0,36931709.0,15:30:00,2026-08-14
bj920267,鑫汇科,16.55,-0.62,-3.611,16.55,16.56,17.17,17.07,17.29,16.5,2281615.0,38210374.0,15:30:00,2026-08-14
bj920270,天铭科技,11.67,-0.24,-2.015,11.67,11.7,11.91,12.08,12.08,11.5,543388.0,6383725.0,15:30:00,2026-08-14
bj920271,邦德股份,9.67,0.01,0.104,9.67,9.68,9.66,9.69,9.7,9.42,741298.0,7094244.0,15:30:00,2026-08-14
bj920273,一致魔芋,17.77,-0.8,-4.308,17.76,17.77,18.57,18.57,18.69,17.68,3377431.0,61084334.0,15:30:00,2026-08-14
bj920274,宏裕包材,15.12,-0.42,-2.703,15.11,15.12,15.54,15.48,15.53,15.08,863931.0,13177993.0,15:30:00,2026-08-14
bj920275,驱动力,6.73,-0.12,-1.752,6.73,6.74,6.85,6.85,7.05,6.73,947093.0,6482554.0,15:30:00,2026-08-14
bj920278,鹿得医疗,6.6,-0.26,-3.79,6.59,6.6,6.86,6.76,6.8,6.5,3157756.0,20884221.0,15:30:00,2026-08-14
bj920284,灵鸽科技,18.02,0.12,0.67,18.01,18.02,17.9,18.08,18.39,17.8,1690361.0,30467291.0,15:30:00,2026-08-14
bj920299,灿能电力,15.4,-1.05,-6.383,15.39,15.4,16.45,16.55,16.55,15.33,2665785.0,41778978.0,15:30:00,2026-08-14
bj920300,辰光医疗,9.65,-0.08,-0.822,9.63,9.65,9.73,9.73,9.9,9.58,937207.0,9090466.0,15:30:00,2026-08-14
bj920304,迪尔化工,8.48,-0.05,-0.586,8.46,8.48,8.53,8.53,8.57,8.4,800167.0,6779740.0,15:30:00,2026-08-14
bj920339,恒太照明,11.77,-0.33,-2.727,11.61,11.77,12.1,11.94,12.3,11.54,1066116.0,12453504.0,15:30:00,2026-08-14
bj920344,三元基因,19.76,-0.52,-2.564,19.76,19.77,20.28,20.08,20.3,19.48,1771245.0,35075233.0,15:30:00,2026-08-14
bj920346,威贸电子,14.98,-0.13,-0.86,14.86,14.98,15.11,15.05,15.29,14.83,259237.0,3877520.0,15:30:00,2026-08-14
bj920351,华光源海,11.44,-0.06,-0.522,11.44,11.5,11.5,11.55,11.59,11.26,667694.0,7624304.0,15:30:00,2026-08-14
bj920357,雅葆轩,15.97,-0.01,-0.063,15.97,16.0,15.98,16.0,16.21,15.84,870208.0,13926172.0,15:30:00,2026-08-14
bj920363,莱赛激光,10.33,-0.14,-1.337,10.33,10.34,10.47,10.43,10.47,10.18,1026211.0,10579048.0,15:30:00,2026-08-14
bj920367,新赣江,29.39,-1.74,-5.589,29.39,29.4,31.13,28.5,30.39,28.0,11503096.0,334611007.0,15:30:00,2026-08-14
bj920368,连城数控,23.91,-0.24,-0.994,23.91,23.92,24.15,24.27,24.37,23.79,2622757.0,63013269.0,15:30:00,2026-08-14
bj920370,新安洁,2.76,-0.08,-2.817,2.75,2.76,2.84,2.82,2.83,2.75,3693236.0,10245952.0,15:30:00,2026-08-14
bj920371,欧福蛋业,7.1,-0.13,-1.798,7.1,7.12,7.23,7.19,7.26,7.06,1882139.0,13456386.0,15:30:00,2026-08-14
bj920374,云里物里,15.03,-0.12,-0.792,15.03,15.06,15.15,15.2,15.38,14.89,368428.0,5565701.0,15:30:00,2026-08-14
bj920375,派诺科技,7.29,-0.12,-1.619,7.29,7.3,7.41,7.43,7.47,7.21,1990866.0,14584759.0,15:30:00,2026-08-14
bj920378,泰德股份,7.07,-0.06,-0.842,6.99,7.07,7.13,7.15,7.15,6.97,638551.0,4502363.0,15:30:00,2026-08-14
bj920392,佳合科技,13.57,-0.43,-3.071,13.55,13.57,14.0,13.9,13.95,13.54,648720.0,8871553.0,15:30:00,2026-08-14
bj920394,民士达,44.56,0.47,1.066,44.56,44.58,44.09,44.1,45.5,43.6,835688.0,37255129.0,15:30:00,2026-08-14
bj920395,朗鸿科技,7.0,-0.14,-1.961,7.0,7.01,7.14,7.11,7.21,6.97,438775.0,3100901.0,15:30:00,2026-08-14
bj920396,常辅股份,20.45,-0.24,-1.16,20.42,20.45,20.69,20.79,20.94,20.33,1377333.0,28296336.0,15:30:00,2026-08-14
bj920402,硅烷科技,9.0,-0.03,-0.332,9.0,9.01,9.03,9.07,9.19,8.91,4841359.0,43777462.0,15:30:00,2026-08-14
bj920403,康农种业,17.93,-0.48,-2.607,17.93,17.94,18.41,18.32,18.49,17.86,1399117.0,25287947.0,15:30:00,2026-08-14
bj920405,海希通讯,18.8,0.37,2.008,18.8,18.85,18.43,18.59,19.05,18.31,1688317.0,31662071.0,15:30:00,2026-08-14
bj920407,驰诚股份,10.61,-0.23,-2.122,10.6,10.61,10.84,10.79,10.87,10.49,714729.0,7611783.0,15:30:00,2026-08-14
bj920414,欧普泰,7.92,-0.24,-2.941,7.92,7.97,8.16,8.23,8.25,7.89,1495471.0,11974034.0,15:30:00,2026-08-14
bj920415,恒拓开源,8.82,-0.16,-1.782,8.81,8.82,8.98,9.0,9.07,8.79,1974352.0,17526945.0,15:30:00,2026-08-14
bj920418,苏轴股份,18.68,-0.22,-1.164,18.66,18.68,18.9,18.88,18.94,18.64,885740.0,16599405.0,15:30:00,2026-08-14
bj920419,路斯股份,10.47,-0.36,-3.324,10.46,10.47,10.83,10.84,10.94,10.44,988901.0,10461125.0,15:30:00,2026-08-14
bj920422,润普食品,9.27,-0.34,-3.538,9.27,9.29,9.61,9.57,9.57,9.25,1847818.0,17338267.0,15:30:00,2026-08-14
bj920425,乐创技术,14.39,-0.16,-1.1,14.39,14.4,14.55,14.55,14.75,14.28,1457164.0,21043055.0,15:30:00,2026-08-14
bj920427,华维设计,8.73,0.0,0.0,8.7,8.73,8.73,8.68,8.73,8.53,651289.0,5616397.0,15:30:00,2026-08-14
bj920429,康比特,9.19,-0.24,-2.545,9.19,9.22,9.43,9.43,9.44,9.14,1199880.0,11105738.0,15:30:00,2026-08-14
bj920433,大唐药业,5.1,-0.24,-4.494,5.1,5.11,5.34,5.3,5.32,5.02,6473502.0,33225300.0,15:30:00,2026-08-14
bj920436,大地电气,10.28,-0.22,-2.095,10.28,10.35,10.5,10.58,10.58,10.22,552749.0,5714687.0,15:30:00,2026-08-14
bj920438,戈碧迦,114.07,-0.83,-0.722,114.07,114.1,114.9,117.0,117.99,112.3,3846882.0,440447591.0,15:30:00,2026-08-14
bj920445,龙竹科技,6.68,-0.14,-2.053,6.67,6.68,6.82,6.82,6.95,6.65,3185447.0,21487869.0,15:30:00,2026-08-14
bj920454,同心传动,10.96,-0.14,-1.261,10.89,10.96,11.1,11.01,11.13,10.78,530157.0,5786976.0,15:30:00,2026-08-14
bj920455,汇隆活塞,5.85,-0.05,-0.847,5.83,5.86,5.9,5.9,5.96,5.8,740894.0,4339315.0,15:30:00,2026-08-14
bj920469,富恒新材,5.56,-0.11,-1.94,5.55,5.56,5.67,5.66,5.66,5.46,1619971.0,8959560.0,15:30:00,2026-08-14
bj920471,美邦科技,11.06,-0.29,-2.555,11.06,11.08,11.35,11.41,11.41,11.01,970181.0,10798943.0,15:30:00,2026-08-14
bj920475,三友科技,13.26,0.75,5.995,13.25,13.26,12.51,12.93,14.6,12.81,3459831.0,47275826.0,15:30:00,2026-08-14
bj920476,海能技术,22.91,0.21,0.925,22.81,22.91,22.7,22.58,23.01,22.38,837198.0,19044989.0,15:30:00,2026-08-14
bj920478,峆一药业,12.3,-0.4,-3.15,12.29,12.3,12.7,12.32,12.56,11.9,7785579.0,94933586.0,15:30:00,2026-08-14
bj920489,佳先股份,13.45,0.0,0.0,13.44,13.45,13.45,13.5,13.66,13.28,1942915.0,26202739.0,15:30:00,2026-08-14
bj920491,奥迪威,21.97,-0.09,-0.408,21.96,21.97,22.06,22.2,22.22,21.72,1463933.0,32054751.0,15:30:00,2026-08-14
bj920493,并行科技,124.55,3.05,2.51,124.54,124.55,121.5,121.0,126.7,118.51,3212016.0,393239060.0,15:30:00,2026-08-14
bj920496,许昌智能,6.34,-0.1,-1.553,6.34,6.37,6.44,6.5,6.5,6.31,1245760.0,7942276.0,15:30:00,2026-08-14
bj920504,博迅生物,17.8,-0.7,-3.784,17.8,17.81,18.5,18.5,18.55,17.69,978473.0,17568453.0,15:30:00,2026-08-14
bj920505,九菱科技,30.8,1.92,6.648,30.76,30.8,28.88,29.0,31.48,28.95,2825596.0,85591626.0,15:30:00,2026-08-14
bj920508,殷图网联,14.53,-0.76,-4.971,14.53,14.54,15.29,15.28,15.58,14.4,904482.0,13405160.0,15:30:00,2026-08-14
bj920509,同惠电子,20.02,0.03,0.15,20.02,20.05,19.99,20.28,20.32,19.85,1444566.0,29002575.0,15:30:00,2026-08-14
bj920510,丰光精密,24.77,0.06,0.243,24.77,24.78,24.71,25.0,25.5,24.11,6865695.0,169835594.0,15:30:00,2026-08-14
bj920519,万德股份,9.87,-0.12,-1.201,9.86,9.87,9.99,10.0,10.03,9.81,498752.0,4945804.0,15:30:00,2026-08-14
bj920522,纳科诺尔,20.74,-0.34,-1.613,20.74,20.75,21.08,21.08,21.74,20.5,6339244.0,133417141.0,15:30:00,2026-08-14
bj920523,德瑞锂电,15.35,-0.27,-1.729,15.35,15.38,15.62,15.62,15.77,15.29,573898.0,8877912.0,15:30:00,2026-08-14
bj920526,凯华材料,19.82,0.1,0.507,19.82,19.83,19.72,20.03,20.3,19.63,1249587.0,24872420.0,15:30:00,2026-08-14
bj920527,夜光明,13.79,-0.26,-1.851,13.79,13.83,14.05,14.02,14.25,13.59,748884.0,10319546.0,15:30:00,2026-08-14
bj920533,骏创科技,18.11,-0.53,-2.843,18.11,18.25,18.64,18.64,18.68,18.1,1166608.0,21387174.0,15:30:00,2026-08-14
bj920541,铁大科技,9.67,-0.03,-0.309,9.65,9.67,9.7,9.67,9.77,9.58,395354.0,3820761.0,15:30:00,2026-08-14
bj920547,无锡晶海,18.45,-0.46,-2.433,18.42,18.45,18.91,18.91,19.09,18.21,552291.0,10275754.0,15:30:00,2026-08-14
bj920553,凯腾精工,7.46,-0.24,-3.117,7.46,7.47,7.7,7.58,7.69,7.38,4076209.0,30583030.0,15:30:00,2026-08-14
bj920556,雅达股份,6.71,-0.13,-1.901,6.71,6.72,6.84,6.94,6.95,6.65,1734753.0,11713235.0,15:30:00,2026-08-14
bj920564,天润科技,13.97,-0.12,-0.852,13.91,13.97,14.09,14.09,14.3,13.87,510783.0,7150836.0,15:30:00,2026-08-14
bj920566,梓橦宫,10.11,-0.24,-2.319,10.1,10.11,10.35,10.3,10.33,10.0,3751149.0,37998905.0,15:30:00,2026-08-14
bj920570,坤博精工,24.78,-0.11,-0.442,24.78,24.79,24.89,24.7,24.97,24.38,760419.0,18749142.0,15:30:00,2026-08-14
bj920571,国航远洋,8.34,0.0,0.0,8.33,8.34,8.34,8.41,8.47,8.28,8809068.0,73665099.0,15:30:00,2026-08-14
bj920575,*ST康乐,5.9,0.08,1.375,5.9,5.91,5.82,5.83,6.18,5.8,11358799.0,67674503.0,15:30:00,2026-08-14
bj920576,天力复合,41.89,-0.57,-1.342,41.89,41.94,42.46,42.55,42.7,41.2,1589429.0,66532934.0,15:30:00,2026-08-14
bj920578,巨能股份,16.73,-0.19,-1.123,16.65,16.73,16.92,17.09,17.14,16.5,1092432.0,18248479.0,15:30:00,2026-08-14
bj920579,机科股份,14.77,-0.19,-1.27,14.75,14.77,14.96,14.96,15.08,14.61,728157.0,10768259.0,15:30:00,2026-08-14
bj920580,科创新材,11.4,0.25,2.242,11.4,11.42,11.15,11.28,11.45,11.04,1541722.0,17316241.0,15:30:00,2026-08-14
bj920592,华信永道,20.47,-0.57,-2.709,20.45,20.47,21.04,20.88,21.2,20.33,1485141.0,30684503.0,15:30:00,2026-08-14
bj920593,鼎智科技,25.37,0.12,0.475,25.37,25.39,25.25,25.5,25.59,25.0,1444863.0,36518812.0,15:30:00,2026-08-14
bj920599,同力股份,16.64,-0.3,-1.771,16.64,16.66,16.94,17.0,17.0,16.59,1664841.0,27789010.0,15:30:00,2026-08-14
bj920608,丰安股份,13.6,-0.17,-1.235,13.6,13.67,13.77,13.69,13.88,13.43,206851.0,2827933.0,15:30:00,2026-08-14
bj920627,力王股份,13.99,-0.1,-0.71,13.99,14.0,14.09,14.15,14.36,13.91,627620.0,8819496.0,15:30:00,2026-08-14
bj920634,新威凌,16.92,-0.11,-0.646,16.9,16.92,17.03,17.09,17.37,16.73,755162.0,12835179.0,15:30:00,2026-08-14
bj920639,晨光电缆,6.19,-0.04,-0.642,6.17,6.19,6.23,6.22,6.25,6.14,1272918.0,7864781.0,15:30:00,2026-08-14
bj920640,富士达,26.56,0.26,0.989,26.56,26.57,26.3,26.56,26.81,26.11,2233400.0,59298005.0,15:30:00,2026-08-14
bj920641,格利尔,12.76,-0.11,-0.855,12.66,12.76,12.87,12.87,12.87,12.45,649564.0,8205667.0,15:30:00,2026-08-14
bj920642,通易航天,10.29,0.0,0.0,10.27,10.29,10.29,10.35,10.55,10.18,1891521.0,19617173.0,15:30:00,2026-08-14
bj920651,天罡股份,25.28,1.27,5.289,25.28,25.3,24.01,23.98,25.56,23.58,1050818.0,26085406.0,15:30:00,2026-08-14
bj920656,海昇药业,14.09,-0.33,-2.288,14.09,14.1,14.42,14.27,14.39,13.96,657602.0,9275135.0,15:30:00,2026-08-14
bj920662,方盛股份,19.26,0.72,3.883,19.26,19.28,18.54,18.95,20.2,18.86,3107234.0,60330854.0,15:30:00,2026-08-14
bj920663,明阳科技,13.05,0.05,0.385,13.05,13.06,13.0,13.07,13.17,12.98,575938.0,7534678.0,15:30:00,2026-08-14
bj920665,科强股份,8.66,-0.13,-1.479,8.66,8.69,8.79,8.8,8.86,8.63,786500.0,6840950.0,15:30:00,2026-08-14
bj920670,数字人,13.1,-0.34,-2.53,13.1,13.14,13.44,13.44,13.48,13.0,1560074.0,20590685.0,15:30:00,2026-08-14
bj920675,秉扬科技,7.37,-0.13,-1.733,7.36,7.37,7.5,7.5,7.57,7.33,898147.0,6640541.0,15:30:00,2026-08-14
bj920679,前进科技,15.35,-0.08,-0.518,15.35,15.36,15.43,15.57,15.57,15.23,92676.0,1420201.0,15:30:00,2026-08-14
bj920682,球冠电缆,5.72,-0.07,-1.209,5.71,5.72,5.79,5.8,5.81,5.68,1263258.0,7243216.0,15:30:00,2026-08-14
bj920685,新芝生物,12.18,-0.67,-5.214,12.18,12.19,12.85,12.75,12.89,12.1,3114626.0,38520637.0,15:30:00,2026-08-14
bj920689,克莱特,20.17,0.23,1.153,20.09,20.17,19.94,19.94,20.4,19.9,464095.0,9342173.0,15:30:00,2026-08-14
bj920690,捷众科技,17.6,-0.03,-0.17,17.6,17.61,17.63,17.62,17.67,17.24,1466747.0,25629370.0,15:30:00,2026-08-14
bj920693,阿为特,22.56,-0.04,-0.177,22.56,22.58,22.6,22.9,23.0,22.32,379197.0,8589185.0,15:30:00,2026-08-14
bj920694,中裕科技,14.3,0.1,0.704,14.3,14.36,14.2,14.25,14.41,14.13,286753.0,4080200.0,15:30:00,2026-08-14
bj920699,海达尔,95.88,11.38,13.467,95.8,95.88,84.5,85.14,98.5,85.14,2634986.0,245056767.0,15:30:00,2026-08-14
bj920701,豪声电子,12.85,-0.75,-5.515,12.85,12.86,13.6,13.49,13.61,12.12,2085005.0,27443572.0,15:30:00,2026-08-14
bj920703,广厦环能,9.67,-0.16,-1.628,9.67,9.72,9.83,9.81,10.0,9.65,557200.0,5434097.0,15:30:00,2026-08-14
bj920706,铁拓机械,14.37,-0.01,-0.07,14.37,14.38,14.38,14.41,14.86,14.03,958765.0,13741471.0,15:30:00,2026-08-14
bj920717,瑞星股份,8.3,0.19,2.343,8.26,8.3,8.11,8.08,8.4,8.08,2384008.0,19753387.0,15:30:00,2026-08-14
bj920718,合肥高科,9.76,-0.16,-1.613,9.75,9.76,9.92,9.93,10.03,9.71,617072.0,6061245.0,15:30:00,2026-08-14
bj920719,宁新新材,7.69,-0.12,-1.536,7.69,7.7,7.81,7.83,7.83,7.63,884096.0,6818184.0,15:30:00,2026-08-14
bj920720,吉冈精密,9.37,-0.16,-1.679,9.37,9.4,9.53,9.55,9.58,9.28,911588.0,8573490.0,15:30:00,2026-08-14
bj920725,惠丰钻石,73.78,2.7,3.799,73.78,73.79,71.08,71.11,74.8,71.0,3876820.0,283928617.0,15:30:00,2026-08-14
bj920726,朱老六,16.33,-0.69,-4.054,16.33,16.34,17.02,17.03,17.04,16.28,3900661.0,64707206.0,15:30:00,2026-08-14
bj920729,永顺生物,6.84,-0.15,-2.146,6.83,6.84,6.99,7.12,7.15,6.8,779431.0,5398160.0,15:30:00,2026-08-14
bj920735,德源药业,25.46,-0.64,-2.452,25.45,25.46,26.1,25.78,26.1,24.94,3228357.0,82202739.0,15:30:00,2026-08-14
bj920748,路桥信息,23.04,-0.29,-1.243,23.04,23.08,23.33,23.2,23.56,22.9,701265.0,16209043.0,15:30:00,2026-08-14
bj920751,惠同新材,16.2,-0.09,-0.552,16.2,16.25,16.29,16.25,16.43,15.96,620691.0,10025063.0,15:30:00,2026-08-14
bj920753,天纺标,15.23,-0.37,-2.372,15.22,15.23,15.6,15.5,15.52,15.14,601969.0,9178739.0,15:30:00,2026-08-14
bj920765,美之高,14.0,0.08,0.575,14.0,14.01,13.92,13.8,14.39,13.52,3411407.0,47452663.0,15:30:00,2026-08-14
bj920768,拾比佰,7.15,0.07,0.989,7.03,7.15,7.08,7.05,7.15,6.97,922000.0,6468497.0,15:30:00,2026-08-14
bj920770,艾能聚,10.2,-0.27,-2.579,10.2,10.21,10.47,10.51,10.51,10.18,1858018.0,19146413.0,15:30:00,2026-08-14
bj920779,武汉蓝电,23.35,-0.65,-2.708,23.21,23.35,24.0,24.08,24.6,23.18,842010.0,19905358.0,15:30:00,2026-08-14
bj920781,瑞奇智造,5.71,-0.03,-0.523,5.7,5.71,5.74,5.72,5.81,5.69,983867.0,5644830.0,15:30:00,2026-08-14
bj920786,骑士乳业,6.84,-0.34,-4.735,6.84,6.85,7.18,7.1,7.15,6.84,10582294.0,73400645.0,15:30:00,2026-08-14
bj920790,联迪信息,22.56,-0.87,-3.713,22.56,22.57,23.43,23.12,23.82,22.37,3221018.0,73815794.0,15:30:00,2026-08-14
bj920792,东和新材,9.87,-0.18,-1.791,9.86,9.87,10.05,10.09,10.09,9.84,278570.0,2757397.0,15:30:00,2026-08-14
bj920799,艾融软件,29.65,-0.43,-1.43,29.65,29.66,30.08,30.08,30.44,29.51,2277639.0,67997050.0,15:30:00,2026-08-14
bj920802,保丽洁,11.23,0.14,1.262,11.23,11.25,11.09,11.22,12.02,11.02,3023220.0,34655475.0,15:30:00,2026-08-14
bj920806,云星宇,10.1,-0.09,-0.883,10.1,10.13,10.19,10.25,10.37,10.04,1856483.0,18837750.0,15:30:00,2026-08-14
bj920807,奔朗新材,9.78,0.2,2.088,9.78,9.79,9.58,9.58,10.0,9.56,3096185.0,30343474.0,15:30:00,2026-08-14
bj920808,曙光数创,62.26,0.49,0.793,62.23,62.26,61.77,61.96,62.97,60.83,1924458.0,119354064.0,15:30:00,2026-08-14
bj920809,安达科技,7.88,0.14,1.809,7.88,7.89,7.74,7.83,7.98,7.77,7724649.0,60938964.0,15:30:00,2026-08-14
bj920810,春光智能,8.54,-0.17,-1.952,8.51,8.54,8.71,8.7,8.84,8.43,821815.0,7041729.0,15:30:00,2026-08-14
bj920819,颖泰生物,2.85,-0.02,-0.697,2.84,2.85,2.87,2.91,2.91,2.82,3430981.0,9767621.0,15:30:00,2026-08-14
bj920821,则成电子,18.45,0.31,1.709,18.45,18.5,18.14,18.19,19.08,18.0,2718580.0,50776073.0,15:30:00,2026-08-14
bj920826,盖世食品,9.48,-0.27,-2.769,9.48,9.52,9.75,9.55,10.36,9.1,10541911.0,101316531.0,15:30:00,2026-08-14
bj920832,齐鲁华信,6.2,-0.06,-0.958,6.19,6.2,6.26,6.25,6.31,6.18,395546.0,2464573.0,15:30:00,2026-08-14
bj920833,美心翼申,10.18,0.35,3.561,10.18,10.19,9.83,9.8,10.27,9.71,3144667.0,31569354.0,15:30:00,2026-08-14
bj920834,三维装备,9.39,-0.12,-1.262,9.39,9.42,9.51,9.56,9.56,9.25,763739.0,7158593.0,15:30:00,2026-08-14
bj920837,华原股份,9.7,-0.09,-0.919,9.69,9.7,9.79,9.91,9.91,9.64,457223.0,4462917.0,15:30:00,2026-08-14
bj920839,万通液压,24.11,-0.6,-2.428,24.11,24.19,24.71,24.94,24.94,23.81,453425.0,10975038.0,15:30:00,2026-08-14
bj920855,浙江大农,12.58,-0.07,-0.553,12.58,12.62,12.65,12.61,12.78,12.32,165925.0,2070321.0,15:30:00,2026-08-14
bj920856,浩淼科技,13.68,-0.93,-6.366,13.67,13.68,14.61,13.74,13.94,13.22,5891801.0,79398151.0,15:30:00,2026-08-14
bj920857,泓禧科技,20.84,1.23,6.272,20.83,20.84,19.61,19.44,20.88,19.02,2606071.0,53178527.0,15:30:00,2026-08-14
bj920866,绿亨科技,5.83,-0.14,-2.345,5.82,5.83,5.97,5.98,5.98,5.8,2141160.0,12534441.0,15:30:00,2026-08-14
bj920870,恒进感应,12.09,-0.27,-2.184,12.09,12.12,12.36,12.32,12.41,11.95,2203287.0,26744774.0,15:30:00,2026-08-14
bj920871,派特尔,11.1,-0.04,-0.359,11.1,11.11,11.14,11.18,11.18,11.0,233831.0,2592869.0,15:30:00,2026-08-14
bj920873,中设咨询,7.05,-0.01,-0.142,7.05,7.06,7.06,7.06,7.15,6.92,1445236.0,10112922.0,15:30:00,2026-08-14
bj920876,慧为智能,16.18,-0.32,-1.939,16.14,16.18,16.5,16.31,16.88,15.95,1287813.0,20954517.0,15:30:00,2026-08-14
bj920879,基康技术,12.59,-0.36,-2.78,12.56,12.59,12.95,12.88,13.03,12.52,825921.0,10454312.0,15:30:00,2026-08-14
bj920885,星辰科技,12.27,0.06,0.491,12.27,12.3,12.21,12.22,12.39,12.17,1041596.0,12790312.0,15:30:00,2026-08-14
bj920892,广咨国际,10.32,-0.23,-2.18,10.3,10.32,10.55,10.49,10.54,10.26,605095.0,6258823.0,15:30:00,2026-08-14
bj920895,花溪科技,12.5,-0.4,-3.101,12.5,12.51,12.9,12.91,12.98,12.45,547226.0,6907432.0,15:30:00,2026-08-14
bj920896,旺成科技,12.13,0.02,0.165,12.09,12.13,12.11,12.22,12.3,11.94,344812.0,4175680.0,15:30:00,2026-08-14
bj920906,舜宇精工,16.4,-0.27,-1.62,16.39,16.4,16.67,16.73,16.76,16.3,607382.0,10017650.0,15:30:00,2026-08-14
bj920914,远航精密,17.86,-0.31,-1.706,17.86,17.89,18.17,18.28,18.58,17.73,1181405.0,21238088.0,15:30:00,2026-08-14
bj920924,广脉科技,15.43,0.12,0.784,15.43,15.45,15.31,15.18,15.71,14.95,3169709.0,48482636.0,15:30:00,2026-08-14
bj920925,锦好医疗,12.09,-0.55,-4.351,12.08,12.09,12.64,12.62,12.62,12.09,2737741.0,33542574.0,15:30:00,2026-08-14
bj920926,鸿智科技,10.2,-0.27,-2.579,10.2,10.21,10.47,10.42,10.53,10.17,586619.0,6056299.0,15:30:00,2026-08-14
bj920931,无锡鼎邦,10.51,0.31,3.039,10.5,10.51,10.2,10.2,10.7,10.02,3152906.0,32685077.0,15:30:00,2026-08-14
bj920932,科达自控,12.19,-0.14,-1.135,12.19,12.25,12.33,12.32,12.41,12.13,1196184.0,14664510.0,15:30:00,2026-08-14
bj920942,恒立钻具,17.1,-0.18,-1.042,17.1,17.12,17.28,17.29,17.47,17.01,525995.0,9034767.0,15:30:00,2026-08-14
bj920943,优机股份,16.29,0.28,1.749,16.29,16.3,16.01,16.02,16.64,16.0,1963443.0,31931351.0,15:30:00,2026-08-14
bj920946,森萱医药,10.12,-0.33,-3.158,10.12,10.13,10.45,10.0,10.45,9.98,11396099.0,115486298.0,15:30:00,2026-08-14
bj920950,迅安科技,12.67,-0.11,-0.861,12.67,12.69,12.78,12.9,12.9,12.57,253709.0,3218036.0,15:30:00,2026-08-14
bj920953,国子软件,22.93,-0.42,-1.799,22.93,22.94,23.35,23.07,23.85,22.89,1380118.0,31983899.0,15:30:00,2026-08-14
bj920957,汉维科技,9.16,-0.12,-1.293,9.13,9.16,9.28,9.23,9.28,9.1,737695.0,6762396.0,15:30:00,2026-08-14
bj920961,创远信科,19.32,0.5,2.657,19.31,19.32,18.82,19.25,20.3,19.13,3117973.0,61087926.0,15:30:00,2026-08-14
bj920964,润农节水,4.46,-0.09,-1.978,4.46,4.47,4.55,4.56,4.56,4.45,1231353.0,5518101.0,15:30:00,2026-08-14
bj920970,大禹生物,6.15,-0.3,-4.651,6.15,6.16,6.45,6.42,6.42,6.1,4029701.0,24975515.0,15:30:00,2026-08-14
bj920971,天马新材,26.23,0.75,2.943,26.2,26.23,25.48,25.49,26.31,25.49,3647212.0,94877096.0,15:30:00,2026-08-14
bj920974,凯大催化,6.09,-0.06,-0.976,6.07,6.09,6.15,6.14,6.17,6.02,798739.0,4844975.0,15:30:00,2026-08-14
bj920976,视声智能,17.34,-0.17,-0.971,17.34,17.35,17.51,17.44,17.6,17.09,713491.0,12332567.0,15:30:00,2026-08-14
bj920978,开特股份,19.75,-0.24,-1.201,19.73,19.75,19.99,19.91,20.02,19.56,775179.0,15325614.0,15:30:00,2026-08-14
bj920981,晶赛科技,30.14,0.84,2.867,30.13,30.14,29.3,29.28,30.15,29.28,2037445.0,60577007.0,15:30:00,2026-08-14
bj920982,锦波生物,128.87,-2.97,-2.253,128.87,128.88,131.84,132.0,132.5,128.39,1091473.0,141632309.0,15:30:00,2026-08-14
bj920985,海泰新能,4.59,-0.12,-2.548,4.59,4.6,4.71,4.77,4.77,4.58,2480160.0,11486544.0,15:30:00,2026-08-14
bj920992,中科美菱,11.78,-0.21,-1.751,11.78,11.82,11.99,11.99,12.09,11.65,711017.0,8425601.0,15:30:00,2026-08-14
sh600000,浦发银行,9.1,-0.08,-0.871,9.1,9.11,9.18,9.14,9.17,9.06,43623082.0,397586127.0,15:34:56,2026-08-14
sh600004,白云机场,7.48,-0.05,-0.664,7.48,7.49,7.53,7.53,7.54,7.46,6876300.0,51480790.0,15:00:01,2026-08-14
sh600006,东风股份,5.32,-0.07,-1.299,5.32,5.33,5.39,5.41,5.41,5.31,13059991.0,69693226.0,15:34:56,2026-08-14
sh600007,中国国贸,18.44,0.13,0.71,18.43,18.44,18.31,18.3,18.5,18.24,1553821.0,28597241.0,15:34:56,2026-08-14
sh600008,首创环保,2.81,-0.03,-1.056,2.81,2.82,2.84,2.83,2.84,2.8,52119561.0,146690012.0,15:34:56,2026-08-14
sh600009,上海机场,23.12,-0.29,-1.239,23.12,23.13,23.41,23.4,23.42,23.12,8718111.0,202327732.0,15:34:56,2026-08-14
sh600010,包钢股份,2.24,0.03,1.357,2.23,2.24,2.21,2.21,2.26,2.2,373668042.0,835086455.0,15:34:56,2026-08-14
sh600011,华能国际,6.84,-0.08,-1.156,6.84,6.85,6.92,6.92,6.93,6.84,72299954.0,495843647.0,15:34:56,2026-08-14
sh600012,皖通高速,16.15,-0.33,-2.002,16.15,16.16,16.48,16.44,16.48,16.1,5796710.0,94391290.0,15:34:56,2026-08-14
sh600015,华夏银行,6.61,-0.05,-0.751,6.61,6.62,6.66,6.64,6.65,6.58,55059635.0,363945637.0,15:34:56,2026-08-14
sh600016,民生银行,3.42,-0.05,-1.441,3.42,3.43,3.47,3.46,3.47,3.42,209484802.0,719669524.0,15:34:56,2026-08-14
sh600017,日照港,2.66,-0.01,-0.375,2.66,2.67,2.67,2.67,2.68,2.64,17656109.0,47013532.0,15:34:56,2026-08-14
sh600018,上港集团,5.07,-0.03,-0.588,5.07,5.09,5.1,5.08,5.13,5.07,28710170.0,146250169.0,15:34:56,2026-08-14
sh600019,宝钢股份,5.75,0.08,1.411,5.75,5.76,5.67,5.66,5.8,5.64,127115649.0,729312443.0,15:34:56,2026-08-14
sh600020,中原高速,3.75,-0.01,-0.266,3.74,3.75,3.76,3.77,3.78,3.73,8422794.0,31606271.0,15:34:56,2026-08-14
sh600021,上海电力,14.16,-0.37,-2.546,14.15,14.16,14.53,14.49,14.49,14.05,43674260.0,617732949.0,15:34:56,2026-08-14
sh600022,山东钢铁,1.33,0.0,0.0,1.32,1.33,1.33,1.34,1.34,1.32,54361729.0,72179072.0,15:34:56,2026-08-14
sh600023,浙能电力,4.91,-0.05,-1.008,4.91,4.92,4.96,4.96,4.96,4.91,27366295.0,134682063.0,15:34:56,2026-08-14
sh600025,华能水电,9.61,-0.1,-1.03,9.61,9.62,9.71,9.68,9.68,9.57,16072150.0,154684579.0,15:34:56,2026-08-14
sh600026,中远海能,16.7,-0.05,-0.299,16.69,16.7,16.75,16.99,17.03,16.45,31440855.0,524182665.0,15:34:56,2026-08-14
sh600027,华电国际,4.54,-0.06,-1.304,4.54,4.55,4.6,4.58,4.59,4.52,50626023.0,230368182.0,15:34:56,2026-08-14
sh600028,中国石化,5.0,0.01,0.2,5.0,5.01,4.99,4.98,5.03,4.94,159494678.0,797388923.0,15:34:56,2026-08-14
sh600029,南方航空,5.02,-0.03,-0.594,5.02,5.03,5.05,5.05,5.06,5.02,43805645.0,220247317.0,15:34:56,2026-08-14
sh600030,中信证券,27.31,-0.53,-1.904,27.31,27.32,27.84,27.82,27.93,27.28,128736806.0,3539867116.0,15:34:56,2026-08-14
sh600031,三一重工,18.75,0.03,0.16,18.75,18.76,18.72,18.7,18.84,18.6,47421649.0,887877048.0,15:34:56,2026-08-14
sh600032,浙江新能,7.14,-0.29,-3.903,7.14,7.15,7.43,7.4,7.46,7.08,39135060.0,280591432.0,15:34:56,2026-08-14
sh600033,福建高速,3.49,-0.01,-0.286,3.49,3.5,3.5,3.51,3.52,3.46,14153707.0,49407695.0,15:34:56,2026-08-14
sh600035,楚天高速,3.4,-0.02,-0.585,3.4,3.41,3.42,3.42,3.43,3.39,8244332.0,28056513.0,15:00:03,2026-08-14
sh600036,招商银行,38.46,-0.31,-0.8,38.46,38.47,38.77,38.65,38.75,38.46,48680178.0,1877959603.0,15:34:56,2026-08-14
sh600037,歌华有线,7.0,-0.07,-0.99,7.0,7.01,7.07,7.09,7.11,6.95,12393950.0,86891479.0,15:00:00,2026-08-14
sh600038,中直股份,26.75,0.16,0.602,26.74,26.75,26.59,26.6,27.2,26.52,6973900.0,187754744.0,15:34:56,2026-08-14
sh600039,四川路桥,8.35,-0.03,-0.358,8.35,8.36,8.38,8.39,8.4,8.31,7121462.0,59455859.0,15:34:56,2026-08-14
sh600048,保利发展,5.27,-0.06,-1.126,5.27,5.28,5.33,5.31,5.31,5.23,104004467.0,547893247.0,15:34:56,2026-08-14
sh600050,中国联通,4.34,0.04,0.93,4.34,4.35,4.3,4.3,4.36,4.3,128067186.0,555428120.0,15:34:56,2026-08-14
sh600051,宁波联合,6.18,0.01,0.162,6.18,6.19,6.17,6.17,6.22,6.11,4378100.0,26969179.0,15:00:03,2026-08-14
sh600052,东望时代,4.01,0.07,1.777,4.0,4.01,3.94,4.06,4.06,3.9,15521500.0,61717495.0,15:00:03,2026-08-14
sh600053,*ST九鼎,7.12,-0.07,-0.974,7.11,7.12,7.19,7.19,7.24,7.03,1094400.0,7788084.0,15:00:03,2026-08-14
sh600054,黄山旅游,11.17,-0.03,-0.268,11.16,11.17,11.2,11.17,11.22,11.06,4934025.0,54971459.0,15:34:56,2026-08-14
sh600055,万东医疗,11.38,-0.11,-0.957,11.38,11.39,11.49,11.55,11.58,11.25,5910500.0,67230547.0,15:00:03,2026-08-14
sh600056,中国医药,9.53,-0.04,-0.418,9.53,9.54,9.57,9.57,9.73,9.43,21392946.0,204761277.0,15:34:56,2026-08-14
sh600057,厦门象屿,6.15,-0.1,-1.6,6.15,6.16,6.25,6.26,6.26,6.12,10333197.0,63738844.0,15:34:56,2026-08-14
sh600058,五矿发展,10.8,0.14,1.313,10.8,10.81,10.66,10.79,11.02,10.66,12011253.0,130000416.0,15:34:56,2026-08-14
sh600059,古越龙山,8.2,-0.22,-2.613,8.2,8.21,8.42,8.5,8.57,8.19,29338137.0,245379160.0,15:34:56,2026-08-14
sh600060,海信视像,25.48,-0.37,-1.431,25.48,25.5,25.85,25.83,25.83,25.4,5925165.0,151300502.0,15:34:56,2026-08-14
sh600061,国投资本,6.36,-0.1,-1.548,6.36,6.37,6.46,6.45,6.48,6.36,27069240.0,173208958.0,15:34:56,2026-08-14
sh600062,华润双鹤,16.0,-0.42,-2.558,16.0,16.01,16.42,16.39,16.44,15.97,13916731.0,224724376.0,15:34:56,2026-08-14
sh600063,皖维高新,5.98,0.0,0.0,5.98,5.99,5.98,5.98,6.01,5.89,39164822.0,233337122.0,15:34:56,2026-08-14
sh600064,南京高科,7.53,-0.05,-0.66,7.53,7.55,7.58,7.59,7.59,7.52,9720360.0,73458369.0,15:00:03,2026-08-14
sh600066,宇通客车,28.69,-0.52,-1.78,28.69,28.7,29.21,29.08,29.26,28.52,22666671.0,651277034.0,15:34:56,2026-08-14
sh600067,冠城新材,2.8,-0.01,-0.356,2.8,2.81,2.81,2.83,2.84,2.76,15981800.0,44604652.0,15:34:56,2026-08-14
sh600071,凤凰光学,15.76,0.03,0.191,15.74,15.76,15.73,15.73,15.89,15.61,1622300.0,25506480.0,15:00:03,2026-08-14
sh600072,中船科技,8.78,-0.1,-1.126,8.78,8.79,8.88,8.86,9.01,8.74,16904931.0,149300269.0,15:34:56,2026-08-14
sh600073,光明肉业,5.22,-0.09,-1.695,5.22,5.23,5.31,5.28,5.32,5.14,16912817.0,87984583.0,15:34:56,2026-08-14
sh600075,新疆天业,4.42,-0.05,-1.119,4.42,4.43,4.47,4.46,4.47,4.4,15136640.0,66998220.0,15:34:56,2026-08-14
sh600076,康欣新材,3.12,0.01,0.322,3.11,3.12,3.11,3.14,3.15,3.04,17575801.0,54361120.0,15:00:03,2026-08-14
sh600078,澄星股份,10.92,-0.01,-0.091,10.91,10.92,10.93,10.84,10.92,10.64,18133001.0,195790702.0,15:34:56,2026-08-14
sh600079,ST人福,17.99,-0.08,-0.443,17.99,18.0,18.07,18.08,18.16,17.96,7496900.0,135186547.0,15:34:56,2026-08-14
sh600080,ST金花,4.87,-0.1,-2.012,4.86,4.87,4.97,4.93,4.96,4.84,2156700.0,10520998.0,15:00:03,2026-08-14
sh600081,东风科技,10.21,0.21,2.1,10.2,10.21,10.0,9.96,10.22,9.93,3044598.0,30738108.0,15:00:03,2026-08-14
sh600082,ST海泰,2.86,0.01,0.351,2.86,2.87,2.85,2.86,2.88,2.82,3891800.0,11076924.0,15:00:03,2026-08-14
sh600084,*ST尼雅,4.14,0.01,0.242,4.14,4.15,4.13,4.12,4.17,4.11,1661200.0,6872576.0,15:00:03,2026-08-14
sh600085,同仁堂,24.48,-0.36,-1.449,24.46,24.48,24.84,24.74,24.86,24.36,9021337.0,221414351.0,15:34:56,2026-08-14
sh600088,中视传媒,11.88,0.08,0.678,11.88,11.89,11.8,11.75,12.28,11.64,10406282.0,123813310.0,15:34:56,2026-08-14
sh600089,特变电工,20.87,-0.14,-0.666,20.87,20.88,21.01,20.98,21.0,20.65,69022225.0,1436889541.0,15:34:56,2026-08-14
sh600094,大名城,4.21,0.09,2.184,4.21,4.22,4.12,4.15,4.28,4.09,24286438.0,101941285.0,15:00:03,2026-08-14
sh600095,湘财股份,7.94,-0.21,-2.577,7.93,7.94,8.15,8.13,8.18,7.91,33710269.0,269324151.0,15:34:56,2026-08-14
sh600096,云天化,28.89,0.09,0.313,28.88,28.89,28.8,28.8,29.2,28.74,12016315.0,347403965.0,15:34:56,2026-08-14
sh600097,开创国际,8.6,0.11,1.296,8.59,8.6,8.49,8.49,8.6,8.38,4762400.0,40511680.0,15:34:56,2026-08-14
sh600098,广州发展,6.2,-0.02,-0.322,6.19,6.2,6.22,6.22,6.25,6.13,21088900.0,130715866.0,15:34:56,2026-08-14
sh600099,林海股份,8.96,0.15,1.703,8.96,8.97,8.81,8.85,8.98,8.7,2900101.0,25709233.0,15:00:03,2026-08-14
sh600100,同方股份,6.92,-0.02,-0.288,6.92,6.93,6.94,6.96,7.0,6.85,22850840.0,158028977.0,15:00:03,2026-08-14
sh600101,明星电力,8.01,-0.19,-2.317,8.01,8.02,8.2,8.21,8.21,7.98,13560189.0,108908123.0,15:34:56,2026-08-14
sh600103,青山纸业,2.95,0.0,0.0,2.94,2.95,2.95,2.94,2.98,2.88,79182244.0,231153185.0,15:34:56,2026-08-14
sh600104,上汽集团,10.1,-0.07,-0.688,10.1,10.11,10.17,10.15,10.19,10.1,28286286.0,286399681.0,15:34:56,2026-08-14
sh600105,永鼎股份,41.33,0.57,1.398,41.33,41.34,40.76,41.55,41.97,40.14,178110249.0,7303778856.0,15:34:56,2026-08-14
sh600106,重庆路桥,4.4,-0.04,-0.901,4.39,4.4,4.44,4.44,4.47,4.35,10835458.0,47637229.0,15:00:03,2026-08-14
sh600107,*ST尔雅,5.7,0.07,1.243,5.7,5.73,5.63,5.76,5.76,5.58,1244300.0,7035521.0,15:00:03,2026-08-14
sh600108,亚盛集团,3.13,-0.04,-1.262,3.13,3.14,3.17,3.17,3.18,3.07,56874266.0,177180060.0,15:34:56,2026-08-14
sh600109,国金证券,8.64,-0.14,-1.595,8.64,8.65,8.78,8.79,8.82,8.63,20358417.0,177034715.0,15:34:56,2026-08-14
sh600110,诺德股份,10.36,0.2,1.969,10.35,10.36,10.16,10.17,10.37,10.1,108861791.0,1118016145.0,15:34:56,2026-08-14
sh600111,北方稀土,42.66,1.64,3.998,42.65,42.66,41.02,41.02,42.98,41.02,105942112.0,4480326412.0,15:34:56,2026-08-14
sh600113,浙江东日,31.58,0.11,0.35,31.58,31.62,31.47,31.45,31.88,31.07,3608000.0,113575073.0,15:00:01,2026-08-14
sh600114,东睦股份,30.02,0.73,2.492,30.01,30.02,29.29,29.29,30.25,29.29,16544822.0,493002416.0,15:34:56,2026-08-14
sh600115,中国东航,3.53,-0.04,-1.12,3.53,3.54,3.57,3.57,3.58,3.51,125241570.0,442704885.0,15:34:56,2026-08-14
sh600116,三峡水利,6.42,-0.12,-1.835,6.42,6.43,6.54,6.57,6.58,6.42,13259500.0,85538756.0,15:34:56,2026-08-14
sh600117,西宁特钢,2.24,0.0,0.0,2.23,2.24,2.24,2.24,2.25,2.19,12355600.0,27396039.0,15:34:56,2026-08-14
sh600118,中国卫星,66.84,0.74,1.12,66.84,66.85,66.1,66.59,67.97,65.04,26386356.0,1746302476.0,15:34:56,2026-08-14
sh600119,*ST长投,4.47,-0.01,-0.223,4.45,4.47,4.48,4.49,4.52,4.4,2397277.0,10672351.0,15:00:01,2026-08-14
sh600120,浙江东方,5.02,-0.05,-0.986,5.02,5.03,5.07,5.06,5.07,4.98,28237241.0,141665963.0,15:34:56,2026-08-14
sh600121,郑州煤电,3.92,-0.03,-0.759,3.91,3.92,3.95,3.96,3.97,3.84,49606720.0,192861774.0,15:34:56,2026-08-14
sh600123,兰花科创,7.26,0.06,0.833,7.25,7.26,7.2,7.2,7.28,7.11,16618148.0,119702216.0,15:34:56,2026-08-14
sh600125,铁龙物流,5.43,-0.05,-0.912,5.43,5.44,5.48,5.49,5.49,5.42,5753443.0,31327786.0,15:00:03,2026-08-14
sh600126,杭钢股份,7.38,0.41,5.882,7.38,7.39,6.97,6.93,7.5,6.82,191556184.0,1365780886.0,15:34:56,2026-08-14
sh600127,金健米业,5.87,-0.24,-3.928,5.87,5.88,6.11,6.06,6.1,5.83,32966474.0,195116898.0,15:34:56,2026-08-14
sh600128,苏豪弘业,8.17,-0.01,-0.122,8.16,8.17,8.18,8.18,8.25,8.09,2641500.0,21524227.0,15:00:03,2026-08-14
sh600129,太极集团,17.02,0.41,2.468,17.01,17.02,16.61,16.4,17.15,16.07,60673199.0,1018478204.0,15:34:56,2026-08-14
sh600130,波导股份,4.37,0.0,0.0,4.36,4.37,4.37,4.4,4.43,4.27,24471500.0,106038602.0,15:34:56,2026-08-14
sh600131,国网信通,15.57,-0.09,-0.575,15.57,15.58,15.66,15.68,15.75,15.48,6478852.0,100838128.0,15:00:01,2026-08-14
sh600132,重庆啤酒,42.84,-0.33,-0.764,42.84,42.88,43.17,43.27,43.29,42.8,2488316.0,106900733.0,15:34:56,2026-08-14
sh600133,东湖高新,8.43,-0.08,-0.94,8.43,8.44,8.51,8.5,8.54,8.35,17368278.0,146631356.0,15:34:56,2026-08-14
sh600135,乐凯胶片,7.39,-0.01,-0.135,7.38,7.39,7.4,7.43,7.5,7.33,5479000.0,40508810.0,15:00:03,2026-08-14
sh600136,ST明诚,1.44,-0.02,-1.37,1.44,1.45,1.46,1.46,1.47,1.43,9434900.0,13611898.0,15:34:56,2026-08-14
sh600137,浪莎股份,17.71,0.0,0.0,17.7,17.71,17.71,17.73,17.9,17.53,898266.0,15891229.0,15:00:03,2026-08-14
sh600138,中青旅,7.05,-0.06,-0.844,7.05,7.06,7.11,7.1,7.13,7.0,8578411.0,60622331.0,15:34:56,2026-08-14
sh600141,兴发集团,30.81,-0.09,-0.291,30.81,30.82,30.9,30.88,31.12,30.39,21808343.0,670796972.0,15:34:56,2026-08-14
sh600143,金发科技,15.23,-0.12,-0.782,15.23,15.24,15.35,15.43,15.45,15.17,26475469.0,404224646.0,15:34:56,2026-08-14
sh600148,长春一东,15.28,0.11,0.725,15.26,15.28,15.17,15.25,15.38,15.05,1128900.0,17206512.0,15:00:03,2026-08-14
sh600149,廊坊发展,4.86,0.0,0.0,4.86,4.87,4.86,4.84,4.9,4.77,5814600.0,28072254.0,15:34:56,2026-08-14
sh600150,中国船舶,33.42,-0.36,-1.066,33.42,33.43,33.78,33.75,34.19,33.33,71878255.0,2418045066.0,15:34:56,2026-08-14
sh600151,航天机电,10.79,-0.26,-2.353,10.79,10.8,11.05,11.08,11.13,10.6,36640265.0,397293116.0,15:34:56,2026-08-14
sh600152,维科技术,8.17,0.03,0.369,8.16,8.17,8.14,8.2,8.3,8.06,12182200.0,99345188.0,15:34:56,2026-08-14
sh600153,建发股份,8.73,-0.14,-1.578,8.73,8.74,8.87,8.87,8.93,8.73,10261611.0,90364051.0,15:34:56,2026-08-14
sh600155,华创云信,5.88,-0.07,-1.176,5.88,5.89,5.95,5.94,5.97,5.87,20230595.0,119390053.0,15:00:03,2026-08-14
sh600156,华升股份,8.42,-0.67,-7.371,8.42,8.43,9.09,8.86,9.05,8.31,30844043.0,263751767.0,15:34:56,2026-08-14
sh600157,永泰能源,1.58,0.0,0.0,1.57,1.58,1.58,1.58,1.59,1.57,237254812.0,374314267.0,15:34:56,2026-08-14
sh600158,中体产业,7.09,-0.09,-1.253,7.09,7.1,7.18,7.19,7.2,6.99,26966000.0,190813218.0,15:34:56,2026-08-14
sh600159,大龙地产,2.48,-0.04,-1.587,2.48,2.49,2.52,2.53,2.53,2.45,15557365.0,38578482.0,15:00:03,2026-08-14
sh600160,巨化股份,40.77,-0.55,-1.331,40.77,40.78,41.32,41.33,41.6,40.5,26658383.0,1091734567.0,15:34:56,2026-08-14
sh600161,天坛生物,12.54,-0.23,-1.801,12.54,12.55,12.77,12.7,12.82,12.5,14578928.0,183929154.0,15:34:56,2026-08-14
sh600162,香江控股,4.7,0.13,2.845,4.7,4.71,4.57,4.57,4.7,4.25,311565390.0,1399437194.0,15:34:56,2026-08-14
sh600163,中闽能源,5.06,-0.16,-3.065,5.06,5.07,5.22,5.23,5.24,5.03,22537410.0,114518538.0,15:00:03,2026-08-14
sh600165,ST宁科,2.43,-0.03,-1.22,2.43,2.44,2.46,2.46,2.47,2.42,3402850.0,8273618.0,15:00:03,2026-08-14
sh600166,福田汽车,2.92,-0.06,-2.013,2.92,2.93,2.98,2.97,2.98,2.91,154150579.0,452682181.0,15:34:56,2026-08-14
sh600167,联美控股,5.63,-0.08,-1.401,5.63,5.64,5.71,5.72,5.73,5.61,7582840.0,42809245.0,15:00:01,2026-08-14
sh600168,武汉控股,4.38,0.06,1.389,4.38,4.39,4.32,4.33,4.4,4.31,9891220.0,43198693.0,15:34:56,2026-08-14
sh600169,ST太重,2.05,-0.01,-0.485,2.05,2.06,2.06,2.06,2.07,2.04,9158200.0,18799358.0,15:00:03,2026-08-14
sh600170,上海建工,2.26,-0.03,-1.31,2.26,2.27,2.29,2.29,2.29,2.25,100133907.0,226739382.0,15:34:56,2026-08-14
sh600171,上海贝岭,23.23,0.12,0.519,23.23,23.24,23.11,23.24,23.33,22.96,9698359.0,224477839.0,15:34:56,2026-08-14
sh600172,黄河旋风,12.4,0.32,2.649,12.39,12.4,12.08,12.3,12.49,11.9,124714882.0,1523666565.0,15:34:56,2026-08-14
sh600173,卧龙新能,6.27,0.02,0.32,6.27,6.28,6.25,6.27,6.28,6.14,4641100.0,28781266.0,15:34:56,2026-08-14
sh600176,中国巨石,44.39,2.49,5.943,44.38,44.39,41.9,42.4,44.62,41.9,278486976.0,12173014901.0,15:34:56,2026-08-14
sh600177,雅戈尔,7.92,0.06,0.763,7.92,7.93,7.86,7.8,7.98,7.79,30719681.0,243296782.0,15:34:56,2026-08-14
sh600178,东安动力,9.52,-0.06,-0.626,9.52,9.53,9.58,9.54,9.68,9.42,5179400.0,49342689.0,15:00:03,2026-08-14
sh600179,安通控股,4.35,-0.23,-5.022,4.35,4.36,4.58,4.4,4.44,4.33,94531657.0,412642215.0,15:34:56,2026-08-14
sh600180,*ST瑞茂,1.67,0.09,5.696,1.66,1.67,1.58,1.59,1.67,1.53,26184900.0,41758250.0,15:34:56,2026-08-14
sh600182,S佳通,13.61,0.02,0.147,13.58,13.61,13.59,13.57,13.72,13.41,2183500.0,29572934.0,15:34:56,2026-08-14
sh600183,生益科技,143.21,1.47,1.037,143.2,143.21,141.74,144.0,146.3,139.7,67303727.0,9645409478.0,15:34:56,2026-08-14
sh600184,光电股份,18.25,0.26,1.445,18.24,18.25,17.99,18.08,18.29,17.91,12597185.0,228631206.0,15:34:56,2026-08-14
sh600185,珠免集团,4.64,-0.1,-2.11,4.64,4.65,4.74,4.74,4.76,4.62,18388180.0,85679846.0,15:34:56,2026-08-14
sh600186,莲花控股,12.02,1.09,9.973,12.02,0.0,10.93,10.93,12.02,10.75,302083704.0,3518677943.0,15:34:56,2026-08-14
sh600187,*ST国中,1.34,-0.02,-1.471,1.34,1.35,1.36,1.36,1.37,1.33,22087450.0,29752279.0,15:34:56,2026-08-14
sh600188,兖矿能源,22.19,0.69,3.209,22.19,22.2,21.5,21.49,22.21,21.06,61633398.0,1334806625.0,15:34:56,2026-08-14
sh600189,泉阳泉,7.61,0.08,1.062,7.6,7.61,7.53,7.55,7.61,7.4,8335420.0,62683186.0,15:34:56,2026-08-14
sh600191,华资实业,10.3,-0.44,-4.097,10.3,10.31,10.74,10.98,10.98,10.2,14456500.0,151552401.0,15:34:56,2026-08-14
sh600192,长城电工,7.17,-0.21,-2.846,7.16,7.17,7.38,7.38,7.38,7.08,11447892.0,82092313.0,15:34:56,2026-08-14
sh600195,中牧股份,6.58,-0.06,-0.904,6.58,6.59,6.64,6.61,6.68,6.55,3844710.0,25381558.0,15:00:03,2026-08-14
sh600196,复星医药,24.21,-0.22,-0.901,24.2,24.21,24.43,24.32,24.68,24.05,29840212.0,725403371.0,15:34:56,2026-08-14
sh600197,伊力特,10.46,-0.08,-0.759,10.46,10.47,10.54,10.5,10.54,10.37,6748204.0,70353363.0,15:34:56,2026-08-14
sh600198,大唐电信,7.84,0.71,9.958,7.84,0.0,7.13,7.17,7.84,7.17,53737602.0,416085819.0,15:34:56,2026-08-14
sh600199,金种子酒,7.68,-0.21,-2.662,7.68,7.69,7.89,7.91,7.91,7.62,26010700.0,201058874.0,15:34:56,2026-08-14
sh600201,生物股份,13.53,-0.11,-0.806,13.53,13.54,13.64,13.72,13.72,13.44,14500368.0,196660640.0,15:34:56,2026-08-14
sh600202,哈空调,4.95,0.02,0.406,4.94,4.95,4.93,4.91,4.98,4.88,4860200.0,23944269.0,15:34:56,2026-08-14
sh600203,福日电子,10.29,-0.01,-0.097,10.29,10.3,10.3,10.35,10.4,10.16,13965651.0,143517601.0,15:34:56,2026-08-14
sh600206,有研新材,50.78,0.57,1.135,50.78,50.79,50.21,51.44,52.2,49.42,86994349.0,4406883691.0,15:34:56,2026-08-14
sh600207,安彩高科,4.45,0.01,0.225,4.44,4.45,4.44,4.48,4.48,4.36,15430368.0,68020767.0,15:34:56,2026-08-14
sh600208,衢州发展,3.06,-0.01,-0.326,3.06,3.07,3.07,3.07,3.13,3.01,105326934.0,322069056.0,15:34:56,2026-08-14
sh600210,紫江企业,6.04,-0.06,-0.984,6.04,6.05,6.1,6.12,6.12,6.04,11330100.0,68821495.0,15:34:56,2026-08-14
sh600211,西藏药业,39.38,-0.67,-1.673,39.38,39.39,40.05,39.9,40.04,38.9,7042430.0,277206904.0,15:34:56,2026-08-14
sh600212,绿能慧充,5.44,-0.05,-0.911,5.43,5.44,5.49,5.51,5.53,5.38,6228900.0,33796294.0,15:34:56,2026-08-14
sh600215,派斯林,6.72,-0.02,-0.297,6.7,6.72,6.74,6.77,7.07,6.65,11474430.0,77847443.0,15:00:03,2026-08-14
sh600216,浙江医药,13.33,-0.08,-0.597,13.33,13.34,13.41,13.24,13.54,13.15,44074926.0,586383533.0,15:34:56,2026-08-14
sh600217,中再资环,3.1,-0.03,-0.958,3.09,3.1,3.13,3.13,3.14,3.08,9514300.0,29486280.0,15:34:56,2026-08-14
sh600218,全柴动力,7.58,0.0,0.0,7.58,7.59,7.58,7.58,7.63,7.5,3029000.0,22922804.0,15:00:03,2026-08-14
sh600219,南山铝业,4.73,0.0,0.0,4.73,4.74,4.73,4.7,4.77,4.67,115120173.0,543372811.0,15:34:56,2026-08-14
sh600221,海航控股,1.32,-0.01,-0.752,1.32,1.33,1.33,1.33,1.34,1.32,162053453.0,214541070.0,15:34:56,2026-08-14
sh600222,太龙药业,8.14,0.07,0.867,8.14,8.15,8.07,8.03,8.3,7.89,21980502.0,178025988.0,15:34:56,2026-08-14
sh600223,福瑞达,5.67,-0.02,-0.351,5.66,5.67,5.69,5.68,5.71,5.6,7282622.0,41014287.0,15:34:56,2026-08-14
sh600226,亨通股份,6.31,0.22,3.612,6.3,6.31,6.09,6.3,6.48,6.01,168107485.0,1040850000.0,15:34:56,2026-08-14
sh600227,赤天化,3.31,-0.19,-5.429,3.31,3.32,3.5,3.5,3.52,3.29,153154118.0,511190154.0,15:34:56,2026-08-14
sh600228,返利科技,8.36,0.16,1.951,8.35,8.36,8.2,8.18,8.38,7.99,27146902.0,222248324.0,15:34:56,2026-08-14
sh600229,城市传媒,5.16,0.0,0.0,5.15,5.16,5.16,5.14,5.2,5.0,3883722.0,19899388.0,15:00:03,2026-08-14
sh600230,沧州大化,14.37,-0.38,-2.576,14.37,14.38,14.75,14.72,14.72,14.25,14513206.0,208970214.0,15:34:56,2026-08-14
sh600231,凌钢股份,1.67,-0.02,-1.183,1.67,1.68,1.69,1.7,1.7,1.64,15547632.0,25939223.0,15:00:03,2026-08-14
sh600232,金鹰股份,6.33,-0.02,-0.315,6.32,6.33,6.35,6.35,6.38,6.24,4563700.0,28805361.0,15:00:03,2026-08-14
sh600233,圆通速递,18.9,0.44,2.384,18.89,18.9,18.46,18.53,19.06,18.39,17816511.0,336046115.0,15:34:56,2026-08-14
sh600234,科新发展,22.42,-0.24,-1.059,22.4,22.42,22.66,22.71,22.83,21.91,3456100.0,76985067.0,15:00:03,2026-08-14
sh600235,民丰特纸,5.63,-0.02,-0.354,5.61,5.63,5.65,5.65,5.66,5.53,3799800.0,21284848.0,15:34:56,2026-08-14
sh600236,桂冠电力,10.11,-0.32,-3.068,10.11,10.12,10.43,10.43,10.45,10.02,24924477.0,252117676.0,15:34:56,2026-08-14
sh600237,铜峰电子,8.84,0.18,2.079,8.84,8.85,8.66,8.74,8.88,8.65,26894581.0,236318024.0,15:34:56,2026-08-14
sh600238,ST椰岛,4.48,0.02,0.448,4.48,4.49,4.46,4.46,4.53,4.4,2806798.0,12481538.0,15:00:03,2026-08-14
sh600239,ST云城,1.41,-0.02,-1.399,1.41,1.42,1.43,1.43,1.44,1.41,9899568.0,14025717.0,15:34:56,2026-08-14
sh600241,时代万恒,7.23,0.08,1.119,7.22,7.23,7.15,7.19,7.28,7.11,4174911.0,30040777.0,15:00:03,2026-08-14
sh600243,*ST海华,3.91,0.15,3.989,3.91,3.92,3.76,3.75,3.92,3.7,7870470.0,29894081.0,15:34:56,2026-08-14
sh600246,万通发展,12.57,0.04,0.319,12.57,12.58,12.53,12.53,12.7,12.19,83590626.0,1038265672.0,15:34:56,2026-08-14
sh600248,陕建股份,2.85,-0.03,-1.042,2.85,2.86,2.88,2.89,2.89,2.83,15338192.0,43814706.0,15:00:01,2026-08-14
sh600249,两面针,5.27,-0.01,-0.189,5.26,5.27,5.28,5.3,5.33,5.22,5955900.0,31329010.0,15:00:03,2026-08-14
sh600250,南京商旅,8.49,-0.05,-0.585,8.49,8.5,8.54,8.53,8.6,8.38,5354099.0,45277294.0,15:00:03,2026-08-14
sh600251,冠农股份,9.76,0.04,0.412,9.76,9.77,9.72,9.7,9.81,9.63,6948467.0,67514464.0,15:34:56,2026-08-14
sh600252,中恒集团,2.3,-0.08,-3.361,2.3,2.31,2.38,2.35,2.37,2.27,85687389.0,197970365.0,15:34:56,2026-08-14
sh600255,鑫科材料,3.31,0.05,1.534,3.31,3.32,3.26,3.26,3.32,3.24,51042769.0,167613575.0,15:34:56,2026-08-14
sh600256,广汇能源,5.89,0.11,1.903,5.89,5.9,5.78,5.77,5.91,5.76,72103021.0,422459422.0,15:34:56,2026-08-14
sh600257,大湖股份,5.63,0.01,0.178,5.62,5.63,5.62,5.62,5.72,5.52,21441482.0,120268297.0,15:34:56,2026-08-14
sh600258,首旅酒店,12.02,-0.18,-1.475,12.02,12.03,12.2,12.19,12.19,11.95,11537083.0,138980554.0,15:34:56,2026-08-14
sh600259,中稀有色,92.2,4.12,4.678,92.19,92.2,88.08,88.08,94.35,88.0,15963060.0,1464319066.0,15:34:56,2026-08-14
sh600261,阳光照明,3.1,0.03,0.977,3.09,3.1,3.07,3.07,3.13,3.04,13362900.0,41281332.0,15:34:56,2026-08-14
sh600262,北方股份,14.81,-0.04,-0.269,14.81,14.82,14.85,14.84,14.85,14.51,5944676.0,87461605.0,15:34:56,2026-08-14
sh600265,*ST景谷,23.85,-0.82,-3.324,23.84,23.85,24.67,24.67,24.85,22.8,2263653.0,53408690.0,15:34:56,2026-08-14
sh600266,城建发展,4.35,-0.05,-1.136,4.35,4.36,4.4,4.4,4.44,4.25,64657483.0,279597642.0,15:34:56,2026-08-14
sh600267,海正药业,14.18,0.22,1.576,14.18,14.19,13.96,14.0,15.0,13.91,85175638.0,1224649051.0,15:34:56,2026-08-14
sh600268,国电南自,10.84,-0.24,-2.166,10.83,10.84,11.08,11.11,11.15,10.7,19588931.0,212019742.0,15:34:56,2026-08-14
sh600269,赣粤高速,3.76,-0.02,-0.529,3.76,3.77,3.78,3.79,3.79,3.76,13598364.0,51248768.0,15:34:56,2026-08-14
sh600271,航天信息,6.89,-0.04,-0.577,6.88,6.89,6.93,6.95,6.99,6.81,11406075.0,78505666.0,15:34:56,2026-08-14
sh600272,开开实业,17.6,1.6,10.0,17.6,0.0,16.0,15.57,17.6,15.04,45043357.0,765437944.0,15:34:56,2026-08-14
sh600273,嘉化能源,6.76,-0.02,-0.295,6.76,6.77,6.78,6.76,6.82,6.74,10022376.0,67923917.0,15:00:03,2026-08-14
sh600276,恒瑞医药,52.62,-1.14,-2.121,52.62,52.63,53.76,53.68,53.75,52.2,87325060.0,4615118850.0,15:34:56,2026-08-14
sh600278,东方创业,6.2,-0.04,-0.641,6.2,6.21,6.24,6.24,6.28,6.17,2902156.0,17985675.0,15:00:03,2026-08-14
sh600279,重庆港,4.21,-0.04,-0.941,4.2,4.21,4.25,4.24,4.27,4.2,6498700.0,27425744.0,15:34:56,2026-08-14
sh600280,中央商场,2.97,-0.07,-2.303,2.97,2.98,3.04,3.05,3.05,2.93,26926500.0,79939940.0,15:34:56,2026-08-14
sh600281,华阳新材,4.41,0.01,0.227,4.41,4.42,4.4,4.4,4.47,4.34,7168500.0,31537808.0,15:00:03,2026-08-14
sh600282,南钢股份,4.59,-0.03,-0.649,4.59,4.6,4.62,4.61,4.62,4.57,19521540.0,89798279.0,15:34:56,2026-08-14
sh600283,钱江水利,7.92,-0.03,-0.377,7.92,7.94,7.95,7.97,7.97,7.86,1680284.0,13276418.0,15:00:03,2026-08-14
sh600284,浦东建设,5.21,-0.13,-2.434,5.21,5.22,5.34,5.34,5.34,5.19,19870792.0,103937101.0,15:34:56,2026-08-14
sh600285,羚锐制药,19.7,0.03,0.153,19.7,19.71,19.67,19.73,19.95,19.56,17405691.0,343838207.0,15:34:56,2026-08-14
sh600287,苏豪时尚,4.76,0.03,0.634,4.74,4.76,4.73,4.73,4.77,4.67,2431000.0,11477311.0,15:00:03,2026-08-14
sh600288,大恒科技,13.22,1.2,9.983,13.22,0.0,12.02,12.0,13.22,12.0,49186816.0,638464913.0,15:34:56,2026-08-14
sh600289,ST信通,4.54,0.0,0.0,4.52,4.54,4.54,4.54,4.59,4.42,1968936.0,8841785.0,15:00:03,2026-08-14
sh600292,电投水电,12.33,-0.22,-1.753,12.33,12.34,12.55,12.55,12.55,12.28,8974153.0,110749063.0,15:34:56,2026-08-14
sh600293,三峡新材,2.8,0.01,0.358,2.79,2.8,2.79,2.79,2.81,2.73,24647137.0,68348464.0,15:34:56,2026-08-14
sh600295,鄂尔多斯,12.34,-0.13,-1.043,12.34,12.35,12.47,12.4,12.57,12.28,5187965.0,64298742.0,15:00:03,2026-08-14
sh600298,安琪酵母,43.5,-0.16,-0.366,43.5,43.51,43.66,43.23,43.74,41.97,11913226.0,515192612.0,15:34:56,2026-08-14
sh600299,安迪苏,8.26,-0.04,-0.482,8.26,8.27,8.3,8.3,8.33,8.17,26942531.0,222436829.0,15:34:56,2026-08-14
sh600300,维维股份,3.19,-0.04,-1.238,3.19,3.2,3.23,3.22,3.24,3.16,21491400.0,68541822.0,15:00:03,2026-08-14
sh600301,华锡有色,50.45,1.68,3.445,50.44,50.45,48.77,48.47,50.99,48.3,12837920.0,644542093.0,15:34:56,2026-08-14
sh600302,ST标准,7.2,0.29,4.197,7.19,7.2,6.91,6.93,7.29,6.93,3647500.0,26119252.0,15:34:56,2026-08-14
sh600303,曙光股份,2.87,-0.08,-2.712,2.87,2.88,2.95,2.93,2.95,2.85,26767400.0,77146691.0,15:34:56,2026-08-14
sh600305,恒顺醋业,6.79,-0.11,-1.594,6.79,6.8,6.9,6.92,6.92,6.79,7733580.0,52749381.0,15:34:56,2026-08-14
sh600307,酒钢宏兴,1.44,-0.02,-1.37,1.44,1.45,1.46,1.46,1.47,1.43,45563225.0,65858496.0,15:00:03,2026-08-14
sh600308,华泰股份,3.21,0.0,0.0,3.21,3.22,3.21,3.22,3.24,3.19,8706370.0,27917421.0,15:00:03,2026-08-14
sh600309,万华化学,73.04,-0.07,-0.096,73.04,73.05,73.11,73.02,73.9,72.92,19427305.0,1423528493.0,15:34:56,2026-08-14
sh600310,广西能源,4.33,-0.26,-5.664,4.33,4.34,4.59,4.56,4.58,4.25,100701525.0,435640172.0,15:34:56,2026-08-14
sh600312,平高电气,19.53,-0.02,-0.102,19.53,19.54,19.55,19.51,19.67,19.18,21310543.0,413437290.0,15:34:56,2026-08-14
sh600313,农发种业,5.6,-0.1,-1.754,5.59,5.6,5.7,5.67,5.7,5.56,17995400.0,100825167.0,15:34:56,2026-08-14
sh600315,上海家化,17.36,-0.19,-1.083,17.36,17.37,17.55,17.71,17.71,17.3,6289550.0,109516280.0,15:34:56,2026-08-14
sh600316,洪都航空,28.59,-0.11,-0.383,28.59,28.6,28.7,28.66,29.45,28.38,12457945.0,358843332.0,15:34:56,2026-08-14
sh600318,新力金融,6.47,-0.06,-0.919,6.47,6.48,6.53,6.51,6.54,6.41,7812600.0,50491901.0,15:34:56,2026-08-14
sh600319,亚星化学,6.15,0.04,0.655,6.13,6.15,6.11,6.11,6.18,6.05,3820600.0,23384067.0,15:00:03,2026-08-14
sh600320,振华重工,4.06,-0.03,-0.733,4.06,4.07,4.09,4.1,4.11,4.05,25598104.0,104233784.0,15:34:56,2026-08-14
sh600322,津投城开,2.7,-0.01,-0.369,2.69,2.7,2.71,2.74,2.75,2.65,24443156.0,65676700.0,15:00:03,2026-08-14
sh600323,瀚蓝环境,29.44,-0.17,-0.574,29.44,29.52,29.61,29.77,29.77,29.4,2790792.0,82667961.0,15:34:56,2026-08-14
sh600325,华发股份,2.4,-0.1,-4.0,2.4,2.41,2.5,2.5,2.5,2.35,115073600.0,275797078.0,15:34:56,2026-08-14
sh600326,西藏天路,7.3,-0.19,-2.537,7.29,7.3,7.49,7.46,7.5,7.25,42343167.0,309952161.0,15:34:56,2026-08-14
sh600327,大东方,4.0,-0.18,-4.306,4.0,4.01,4.18,4.12,4.15,3.95,39287400.0,157518535.0,15:34:56,2026-08-14
sh600328,中盐化工,6.23,-0.05,-0.796,6.23,6.25,6.28,6.29,6.33,6.23,9210040.0,57646683.0,15:34:56,2026-08-14
sh600329,达仁堂,36.17,-0.62,-1.685,36.17,36.18,36.79,36.7,36.98,36.06,3773833.0,137146951.0,15:34:56,2026-08-14
sh600330,天通股份,24.98,0.77,3.181,24.97,24.98,24.21,24.21,25.6,23.5,130467936.0,3224344116.0,15:34:56,2026-08-14
sh600331,宏达股份,12.5,-0.41,-3.176,12.5,12.51,12.91,12.87,12.91,12.3,65882945.0,827160726.0,15:34:56,2026-08-14
sh600332,白云山,21.31,-0.2,-0.93,21.3,21.31,21.51,21.48,21.58,21.26,6946550.0,148471126.0,15:34:56,2026-08-14
sh600333,长春燃气,6.21,0.0,0.0,6.21,6.22,6.21,6.19,6.24,6.13,7752895.0,48024939.0,15:00:03,2026-08-14
sh600335,国机汽车,5.04,0.0,0.0,5.04,5.05,5.04,5.06,5.08,5.0,8814087.0,44380308.0,15:00:03,2026-08-14
sh600336,澳柯玛,6.29,0.01,0.159,6.28,6.29,6.28,6.31,6.32,6.19,4686046.0,29293511.0,15:00:01,2026-08-14
sh600337,ST美克,3.0,0.01,0.334,2.99,3.0,2.99,2.98,3.04,2.95,8707700.0,26037200.0,15:34:56,2026-08-14
sh600338,西藏珠峰,13.67,0.13,0.96,13.67,13.68,13.54,13.55,13.86,13.48,29994665.0,409386496.0,15:34:56,2026-08-14
sh600339,中油工程,3.21,-0.01,-0.311,3.2,3.21,3.22,3.21,3.22,3.17,33779182.0,108089201.0,15:34:56,2026-08-14
sh600340,*ST华幸,1.1,0.0,0.0,1.1,1.11,1.1,1.1,1.11,1.09,35252847.0,38771551.0,15:34:56,2026-08-14
sh600343,航天动力,19.86,0.2,1.017,19.85,19.86,19.66,19.72,19.9,19.35,15940810.0,313152434.0,15:34:56,2026-08-14
sh600345,长江通信,47.46,1.26,2.727,47.46,47.47,46.2,46.51,48.05,46.21,7524151.0,353971229.0,15:34:56,2026-08-14
sh600346,恒力石化,17.13,-0.03,-0.175,17.12,17.13,17.16,17.1,17.37,16.94,20172651.0,344981351.0,15:34:56,2026-08-14
sh600348,华阳股份,8.87,0.3,3.501,8.86,8.87,8.57,8.56,8.9,8.52,36717082.0,322276641.0,15:34:56,2026-08-14
sh600350,山东高速,10.84,-0.17,-1.544,10.84,10.85,11.01,11.01,11.06,10.8,13541359.0,147811646.0,15:34:56,2026-08-14
sh600351,亚宝药业,6.97,-0.07,-0.994,6.96,6.97,7.04,7.0,7.1,6.9,25234460.0,176301477.0,15:34:56,2026-08-14
sh600352,浙江龙盛,12.63,-0.54,-4.1,12.63,12.64,13.17,13.17,13.23,12.34,76806881.0,975076904.0,15:34:56,2026-08-14
sh600353,旭光电子,31.03,2.82,9.996,31.03,0.0,28.21,28.9,31.03,28.22,69341537.0,2071321655.0,15:34:56,2026-08-14
sh600354,敦煌种业,6.02,-0.06,-0.987,6.01,6.02,6.08,6.05,6.09,5.94,19247549.0,115459602.0,15:34:56,2026-08-14
sh600356,恒丰纸业,8.81,0.01,0.114,8.81,8.82,8.8,8.75,8.88,8.66,4808156.0,42259883.0,15:00:03,2026-08-14
sh600358,国旅联合,5.27,-0.01,-0.189,5.26,5.27,5.28,5.31,5.34,5.23,3295900.0,17374325.0,15:00:01,2026-08-14
sh600359,新农开发,6.08,-0.05,-0.816,6.07,6.08,6.13,6.12,6.12,6.01,3443038.0,20859648.0,15:00:03,2026-08-14
sh600360,华微电子,10.45,0.12,1.162,10.44,10.45,10.33,10.48,10.5,10.24,37126500.0,385612605.0,15:34:56,2026-08-14
sh600361,创新新材,3.62,-0.01,-0.275,3.61,3.62,3.63,3.64,3.65,3.6,27340400.0,99119509.0,15:34:56,2026-08-14
sh600362,江西铜业,44.61,0.25,0.564,44.6,44.61,44.36,44.06,45.13,43.78,40100297.0,1786929804.0,15:34:56,2026-08-14
sh600363,联创光电,20.36,-0.37,-1.785,20.36,20.37,20.73,20.51,20.95,20.08,38545397.0,785473374.0,15:34:56,2026-08-14
sh600365,ST通葡,2.8,0.03,1.083,2.8,2.81,2.77,2.77,2.8,2.75,1914400.0,5311019.0,15:00:03,2026-08-14
sh600366,宁波韵升,12.64,0.6,4.983,12.64,12.65,12.04,12.15,12.72,12.07,60172323.0,748806795.0,15:34:56,2026-08-14
sh600367,红星发展,33.63,0.62,1.878,33.63,33.64,33.01,33.16,33.79,32.85,23767130.0,792233783.0,15:34:56,2026-08-14
sh600368,五洲交通,3.93,-0.02,-0.506,3.92,3.93,3.95,3.96,3.97,3.92,16390321.0,64618943.0,15:34:56,2026-08-14
sh600369,西南证券,4.08,-0.04,-0.971,4.08,4.09,4.12,4.12,4.13,4.08,27774227.0,113843433.0,15:34:56,2026-08-14
sh600370,*ST三房,1.51,0.0,0.0,1.5,1.51,1.51,1.52,1.52,1.49,15727200.0,23591556.0,15:34:56,2026-08-14
sh600371,万向德农,7.11,-0.1,-1.387,7.1,7.11,7.21,7.21,7.25,7.08,4418316.0,31490656.0,15:00:03,2026-08-14
sh600372,中航机载,11.26,0.09,0.806,11.26,11.27,11.17,11.17,11.37,11.17,21128091.0,237955350.0,15:34:56,2026-08-14
sh600373,中文传媒,7.08,-0.08,-1.117,7.07,7.08,7.16,7.13,7.18,7.03,9271800.0,65630220.0,15:00:03,2026-08-14
sh600375,汉马科技,3.96,-0.07,-1.737,3.96,3.97,4.03,4.01,4.05,3.93,18821700.0,74785695.0,15:34:56,2026-08-14
sh600376,首开股份,3.99,-0.19,-4.545,3.99,4.0,4.18,4.14,4.18,3.96,128700703.0,516295953.0,15:34:56,2026-08-14
sh600377,宁沪高速,11.95,-0.06,-0.5,11.95,11.96,12.01,12.02,12.06,11.9,6377375.0,76411441.0,15:34:56,2026-08-14
sh600378,昊华科技,48.7,-0.14,-0.287,48.7,48.71,48.84,49.0,50.08,47.8,53339330.0,2605672844.0,15:34:56,2026-08-14
sh600379,宝光股份,14.5,0.08,0.555,14.5,14.51,14.42,14.7,14.95,14.22,20568350.0,298941339.0,15:34:56,2026-08-14
sh600380,健康元,10.19,-0.16,-1.546,10.19,10.2,10.35,10.32,10.46,10.15,15625150.0,160598712.0,15:34:56,2026-08-14
sh600381,*ST春天,4.41,0.01,0.227,4.4,4.41,4.4,4.39,4.41,4.24,6792926.0,29314702.0,15:34:56,2026-08-14
sh600382,广东明珠,6.34,0.02,0.316,6.33,6.34,6.32,6.31,6.5,6.27,13578506.0,86294682.0,15:34:56,2026-08-14
sh600383,金地集团,2.2,-0.07,-3.084,2.2,2.21,2.27,2.26,2.27,2.18,111132818.0,245157561.0,15:34:56,2026-08-14
sh600386,北巴传媒,3.37,-0.03,-0.882,3.36,3.37,3.4,3.39,3.42,3.34,8250030.0,27810300.0,15:00:03,2026-08-14
sh600388,龙净环保,17.46,-0.14,-0.795,17.46,17.47,17.6,17.67,17.74,17.3,10463050.0,182956473.0,15:34:56,2026-08-14
sh600389,江山股份,18.55,-0.27,-1.435,18.54,18.55,18.82,18.91,18.91,18.4,10900011.0,202273164.0,15:34:56,2026-08-14
sh600390,五矿资本,4.84,-0.05,-1.022,4.84,4.85,4.89,4.88,4.89,4.82,24774464.0,120126683.0,15:34:56,2026-08-14
sh600391,航发科技,31.24,0.27,0.872,31.24,31.25,30.97,30.86,32.0,30.86,5930090.0,185988648.0,15:34:56,2026-08-14
sh600392,盛和资源,23.9,1.05,4.595,23.89,23.9,22.85,22.8,23.96,22.8,95748996.0,2259491476.0,15:34:56,2026-08-14
sh600395,盘江股份,5.18,0.16,3.187,5.18,5.19,5.02,5.02,5.22,4.93,45093731.0,230383722.0,15:34:56,2026-08-14
sh600396,华电辽能,16.99,-1.74,-9.29,16.98,16.99,18.73,18.18,18.2,16.91,283562606.0,4962294940.0,15:34:56,2026-08-14
sh600397,江钨装备,18.06,0.56,3.2,18.05,18.06,17.5,17.5,18.7,17.3,125885989.0,2255333332.0,15:34:56,2026-08-14
sh600398,海澜之家,5.91,-0.08,-1.336,5.91,5.92,5.99,6.0,6.02,5.91,20662384.0,122919938.0,15:00:01,2026-08-14
sh600399,抚顺特钢,4.24,0.0,0.0,4.24,4.25,4.24,4.24,4.3,4.21,23632868.0,100635715.0,15:34:56,2026-08-14
sh600400,红豆股份,3.14,0.01,0.319,3.14,3.15,3.13,3.13,3.2,3.1,56979718.0,178859006.0,15:34:56,2026-08-14
sh600403,大有能源,6.32,-0.21,-3.216,6.31,6.32,6.53,6.5,6.63,6.17,101075006.0,639909985.0,15:34:56,2026-08-14
sh600405,动力源,4.52,-0.03,-0.659,4.51,4.52,4.55,4.5,4.64,4.46,13803205.0,62633193.0,15:34:56,2026-08-14
sh600406,国电南瑞,23.23,-0.46,-1.942,23.23,23.24,23.69,23.67,23.67,23.16,56699737.0,1321707751.0,15:34:56,2026-08-14
sh600408,安泰集团,2.78,-0.04,-1.418,2.78,2.79,2.82,2.82,2.84,2.74,28249501.0,78368858.0,15:34:56,2026-08-14
sh600409,三友化工,6.59,-0.11,-1.642,6.59,6.61,6.7,6.73,6.75,6.58,16017000.0,106369573.0,15:34:56,2026-08-14
sh600410,华胜天成,15.41,-0.13,-0.837,15.41,15.42,15.54,15.59,15.7,14.95,75096329.0,1146498544.0,15:34:56,2026-08-14
sh600415,小商品城,11.66,0.07,0.604,11.65,11.66,11.59,11.56,11.74,11.35,85325541.0,984882545.0,15:34:56,2026-08-14
sh600416,湘电股份,8.94,-0.06,-0.667,8.93,8.94,9.0,9.04,9.11,8.92,12672400.0,113862462.0,15:34:56,2026-08-14
sh600418,江淮汽车,23.67,-0.94,-3.82,23.66,23.67,24.61,24.6,24.67,23.38,63039227.0,1497497869.0,15:34:56,2026-08-14
sh600419,天润乳业,8.87,-0.13,-1.444,8.87,8.88,9.0,8.96,8.97,8.73,7424258.0,65682938.0,15:34:56,2026-08-14
sh600420,国药现代,8.73,0.01,0.115,8.73,8.74,8.72,8.67,8.87,8.6,12053500.0,105390212.0,15:34:56,2026-08-14
sh600422,昆药集团,8.82,-0.3,-3.289,8.82,8.83,9.12,9.05,9.19,8.81,18741998.0,167530449.0,15:34:56,2026-08-14
sh600423,*ST柳化,2.81,0.02,0.717,2.81,2.82,2.79,2.79,2.83,2.76,4061584.0,11361433.0,15:00:03,2026-08-14
sh600425,青松建化,3.55,-0.02,-0.56,3.54,3.55,3.57,3.56,3.58,3.52,9983080.0,35351324.0,15:34:56,2026-08-14
sh600426,华鲁恒升,20.61,-0.28,-1.34,20.61,20.62,20.89,20.76,20.93,20.52,23936232.0,495182697.0,15:34:56,2026-08-14
sh600428,中远海特,11.81,-0.04,-0.338,11.81,11.82,11.85,11.91,12.05,11.68,34836378.0,412740039.0,15:34:56,2026-08-14
sh600429,三元股份,4.57,-0.13,-2.766,4.57,4.58,4.7,4.7,4.7,4.46,18054200.0,82089695.0,15:34:56,2026-08-14
sh600433,冠豪高新,3.35,0.04,1.208,3.35,3.36,3.31,3.32,3.41,3.3,32696607.0,109388650.0,15:34:56,2026-08-14
sh600435,北方导航,10.8,0.19,1.791,10.8,10.81,10.61,10.62,11.23,10.55,43655330.0,476668794.0,15:34:56,2026-08-14
sh600436,片仔癀,132.59,-1.07,-0.801,132.58,132.59,133.66,133.9,135.8,132.0,4390714.0,585060626.0,15:34:56,2026-08-14
sh600438,通威股份,12.8,-0.09,-0.698,12.8,12.81,12.89,12.83,13.0,12.67,55237095.0,706512713.0,15:34:56,2026-08-14
sh600439,ST瑞贝卡,1.86,-0.02,-1.064,1.85,1.86,1.88,1.87,1.88,1.85,15029200.0,27984371.0,15:00:03,2026-08-14
sh600444,国机通用,13.72,0.09,0.66,13.7,13.72,13.63,13.63,13.8,13.55,1361100.0,18587180.0,15:00:03,2026-08-14
sh600446,金证股份,10.91,-0.12,-1.088,10.9,10.91,11.03,11.0,11.14,10.72,16481751.0,179524680.0,15:00:03,2026-08-14
sh600448,华纺股份,2.86,0.01,0.351,2.86,2.87,2.85,2.86,2.89,2.82,9878700.0,28163698.0,15:00:03,2026-08-14
sh600449,宁夏建材,11.75,-0.29,-2.409,11.75,11.76,12.04,11.9,11.98,11.5,21275249.0,248844205.0,15:34:56,2026-08-14
sh600452,涪陵电力,9.24,-0.19,-2.015,9.24,9.25,9.43,9.45,9.45,9.21,26186485.0,242787169.0,15:34:56,2026-08-14
sh600455,博通股份,23.94,0.01,0.042,23.88,23.94,23.93,23.93,24.09,23.61,1087800.0,25913032.0,15:34:56,2026-08-14
sh600456,宝钛股份,27.58,0.2,0.73,27.56,27.58,27.38,27.41,27.78,27.32,4096877.0,112927923.0,15:34:56,2026-08-14
sh600458,时代新材,11.62,0.26,2.289,11.61,11.62,11.36,11.39,11.78,11.39,17127338.0,199119475.0,15:34:56,2026-08-14
sh600459,贵研铂业,20.88,0.14,0.675,20.88,20.89,20.74,20.46,21.3,20.45,22967920.0,480746139.0,15:34:56,2026-08-14
sh600460,士兰微,32.75,0.47,1.456,32.75,32.76,32.28,32.71,32.93,31.98,65653330.0,2133964083.0,15:34:56,2026-08-14
sh600461,洪城环境,8.88,-0.05,-0.56,8.88,8.89,8.93,8.96,8.96,8.87,5754100.0,51207813.0,15:34:56,2026-08-14
sh600463,空港股份,8.2,0.04,0.49,8.19,8.2,8.16,8.19,8.28,8.1,2736800.0,22330436.0,15:00:03,2026-08-14
sh600467,好当家,2.31,-0.03,-1.282,2.31,2.32,2.34,2.33,2.35,2.29,23661420.0,54644126.0,15:34:56,2026-08-14
sh600468,百利电气,6.14,0.0,0.0,6.13,6.14,6.14,6.15,6.18,5.99,25449400.0,154824173.0,15:34:56,2026-08-14
sh600469,风神股份,5.21,-0.02,-0.382,5.21,5.22,5.23,5.26,5.27,5.18,7480836.0,39008107.0,15:34:56,2026-08-14
sh600470,六国化工,5.45,-0.04,-0.729,5.44,5.45,5.49,5.54,5.54,5.36,14381400.0,77851201.0,15:34:56,2026-08-14
sh600475,华光环能,14.99,0.65,4.533,14.99,15.0,14.34,14.32,15.6,13.97,29446380.0,440054358.0,15:34:56,2026-08-14
sh600476,*ST湘邮,9.61,-0.19,-1.939,9.61,9.66,9.8,9.8,9.87,9.33,2365700.0,22593673.0,15:00:03,2026-08-14
sh600477,杭萧钢构,2.46,0.0,0.0,2.46,2.47,2.46,2.47,2.48,2.41,40105903.0,98005547.0,15:34:56,2026-08-14
sh600478,科力远,4.9,0.01,0.204,4.9,4.91,4.89,4.93,4.99,4.83,20856950.0,102709631.0,15:34:56,2026-08-14
sh600479,千金药业,10.0,0.01,0.1,9.99,10.0,9.99,9.93,10.1,9.84,7510780.0,74935226.0,15:00:03,2026-08-14
sh600480,凌云股份,8.56,-0.07,-0.811,8.56,8.57,8.63,8.67,8.68,8.52,8725483.0,74724877.0,15:34:56,2026-08-14
sh600481,双良节能,4.33,-0.02,-0.46,4.33,4.34,4.35,4.35,4.39,4.25,42339005.0,182384069.0,15:34:56,2026-08-14
sh600482,中国动力,31.49,0.05,0.159,31.49,31.5,31.44,31.61,31.64,31.08,13418682.0,420965284.0,15:34:56,2026-08-14
sh600483,福能股份,10.54,0.04,0.381,10.53,10.54,10.5,10.48,10.63,10.35,14767674.0,155291941.0,15:34:56,2026-08-14
sh600486,扬农化工,52.95,0.1,0.189,52.94,52.95,52.85,52.85,53.59,52.38,2953097.0,157028598.0,15:34:56,2026-08-14
sh600487,亨通光电,62.98,5.73,10.009,62.98,0.0,57.25,58.1,62.98,57.25,318281407.0,19196727611.0,15:34:56,2026-08-14
sh600488,津药药业,5.88,-0.07,-1.176,5.88,5.89,5.95,5.91,6.04,5.77,73759750.0,433019957.0,15:34:56,2026-08-14
sh600489,中金黄金,24.27,-0.04,-0.165,24.26,24.27,24.31,23.77,24.44,23.65,72118816.0,1735953611.0,15:34:56,2026-08-14
sh600490,鹏欣资源,7.03,-0.06,-0.846,7.03,7.04,7.09,6.95,7.08,6.87,39208630.0,273763626.0,15:34:56,2026-08-14
sh600491,ST龙元,1.49,-0.01,-0.667,1.49,1.5,1.5,1.47,1.64,1.45,186684325.0,286337771.0,15:34:56,2026-08-14
sh600493,凤竹纺织,6.0,-0.01,-0.166,6.0,6.01,6.01,6.03,6.08,5.94,5783400.0,34641920.0,15:00:03,2026-08-14
sh600495,晋西车轴,4.12,-0.06,-1.435,4.12,4.13,4.18,4.16,4.24,4.11,20314820.0,84364740.0,15:34:56,2026-08-14
sh600496,精工钢构,3.22,-0.03,-0.923,3.22,3.23,3.25,3.25,3.26,3.18,26229035.0,84336471.0,15:34:56,2026-08-14
sh600497,驰宏锌锗,10.09,0.1,1.001,10.08,10.09,9.99,9.95,10.18,9.88,118506635.0,1189327785.0,15:34:56,2026-08-14
sh600498,烽火通信,40.9,1.83,4.684,40.9,40.91,39.07,39.41,41.28,39.02,106478012.0,4283526342.0,15:34:56,2026-08-14
sh600499,科达制造,14.05,0.06,0.429,14.05,14.06,13.99,13.95,14.29,13.91,20294522.0,285504609.0,15:34:56,2026-08-14
sh600500,中化国际,5.31,0.14,2.708,5.3,5.31,5.17,5.22,5.5,5.2,127073258.0,674983723.0,15:34:56,2026-08-14
sh600501,航天晨光,14.68,0.0,0.0,14.68,14.69,14.68,14.62,14.78,14.43,5146600.0,75131690.0,15:34:56,2026-08-14
sh600502,安徽建工,4.41,-0.04,-0.899,4.41,4.42,4.45,4.44,4.45,4.4,21374488.0,94420295.0,15:34:56,2026-08-14
sh600503,华丽家族,2.15,-0.03,-1.376,2.15,2.16,2.18,2.17,2.19,2.12,27333800.0,58595134.0,15:34:56,2026-08-14
sh600505,西昌电力,10.93,-0.37,-3.274,10.93,10.94,11.3,11.3,11.3,10.81,11176082.0,122153623.0,15:34:56,2026-08-14
sh600506,统一股份,14.72,-0.03,-0.203,14.71,14.72,14.75,14.75,14.82,14.56,3071016.0,45061991.0,15:34:56,2026-08-14
sh600507,方大特钢,4.19,-0.04,-0.946,4.19,4.2,4.23,4.22,4.24,4.17,13898447.0,58375720.0,15:34:56,2026-08-14
sh600508,上海能源,8.62,0.05,0.583,8.62,8.63,8.57,8.57,8.67,8.41,6579216.0,56363975.0,15:00:03,2026-08-14
sh600509,天富能源,7.5,-0.1,-1.316,7.5,7.51,7.6,7.57,7.6,7.47,17978232.0,135131094.0,15:34:56,2026-08-14
sh600510,黑牡丹,6.67,-0.09,-1.331,6.66,6.67,6.76,6.75,6.77,6.58,8092851.0,53896902.0,15:00:03,2026-08-14
sh600511,国药股份,27.22,-0.16,-0.584,27.22,27.26,27.38,27.31,27.65,27.17,4319351.0,118308926.0,15:34:56,2026-08-14
sh600512,腾达建设,2.04,0.01,0.493,2.04,2.05,2.03,2.02,2.04,2.0,25141505.0,50816889.0,15:00:03,2026-08-14
sh600513,联环药业,17.62,-0.32,-1.784,17.62,17.63,17.94,17.69,18.19,17.26,23629781.0,415949746.0,15:34:56,2026-08-14
sh600515,海南机场,2.85,-0.03,-1.042,2.85,2.86,2.88,2.87,2.88,2.83,60615416.0,172798480.0,15:34:56,2026-08-14
sh600516,方大炭素,5.29,-0.06,-1.121,5.29,5.3,5.35,5.33,5.45,5.27,70864150.0,378657931.0,15:34:56,2026-08-14
sh600517,国网英大,4.92,-0.04,-0.806,4.92,4.93,4.96,4.95,4.97,4.91,15479150.0,76331433.0,15:34:56,2026-08-14
sh600518,康美药业,1.41,-0.04,-2.759,1.41,1.42,1.45,1.44,1.46,1.4,243586017.0,346890305.0,15:34:56,2026-08-14
sh600519,贵州茅台,1341.99,-13.3,-0.981,1341.98,1341.99,1355.29,1355.0,1359.0,1338.14,2985315.0,4024065608.0,15:34:56,2026-08-14
sh600520,三佳科技,25.15,0.09,0.359,25.15,25.17,25.06,25.46,26.19,24.65,6342900.0,159966611.0,15:34:56,2026-08-14
sh600521,华海药业,17.53,-0.47,-2.611,17.53,17.54,18.0,18.01,18.05,17.36,41283637.0,728988664.0,15:34:56,2026-08-14
sh600522,中天科技,35.55,2.65,8.055,35.54,35.55,32.9,33.33,35.75,33.12,385865400.0,13280188653.0,15:34:56,2026-08-14
sh600523,贵航股份,11.54,0.07,0.61,11.52,11.54,11.47,11.57,11.75,11.46,4638724.0,53783781.0,15:00:01,2026-08-14
sh600525,ST长园,5.07,0.02,0.396,5.06,5.07,5.05,5.08,5.09,5.01,5088900.0,25674375.0,15:00:01,2026-08-14
sh600526,菲达环保,4.44,-0.02,-0.448,4.44,4.45,4.46,4.45,4.47,4.4,6131800.0,27173774.0,15:00:01,2026-08-14
sh600527,江南高纤,2.18,-0.02,-0.909,2.17,2.18,2.2,2.21,2.21,2.16,37461420.0,81515564.0,15:34:56,2026-08-14
sh600528,XD中铁工,7.01,0.0,0.0,7.01,7.02,7.01,7.03,7.05,6.97,7563000.0,53022648.0,15:34:56,2026-08-14
sh600529,山东药玻,19.1,-0.05,-0.261,19.1,19.11,19.15,19.16,19.32,18.98,8521516.0,162958139.0,15:34:56,2026-08-14
sh600530,ST交昂,3.77,-0.06,-1.567,3.77,3.78,3.83,3.82,3.83,3.75,7802711.0,29484315.0,15:34:56,2026-08-14
sh600531,豫光金铅,13.05,-0.12,-0.911,13.05,13.06,13.17,13.11,13.27,12.81,46951218.0,612266605.0,15:34:56,2026-08-14
sh600533,栖霞建设,2.14,-0.01,-0.465,2.13,2.14,2.15,2.15,2.16,2.09,13493882.0,28576346.0,15:00:03,2026-08-14
sh600535,天士力,15.33,-0.1,-0.648,15.33,15.34,15.43,15.42,15.61,15.23,12501709.0,192410086.0,15:00:03,2026-08-14
sh600536,中国软件,31.29,-0.33,-1.044,31.29,31.3,31.62,31.62,32.3,30.95,13728894.0,431171812.0,15:34:56,2026-08-14
sh600537,*ST亿晶,2.22,-0.01,-0.448,2.22,2.23,2.23,2.23,2.28,2.21,15977200.0,35698368.0,15:34:56,2026-08-14
sh600538,国发股份,5.0,-0.13,-2.534,5.0,5.01,5.13,5.12,5.17,4.96,10511648.0,53055153.0,15:00:03,2026-08-14
sh600539,狮头股份,14.23,-0.07,-0.49,14.23,14.24,14.3,14.3,14.44,14.01,10032401.0,142352663.0,15:34:56,2026-08-14
sh600540,新赛股份,3.86,-0.13,-3.258,3.86,3.87,3.99,3.98,4.0,3.84,23352269.0,90842134.0,15:34:56,2026-08-14
sh600543,*ST莫高,3.99,0.0,0.0,3.98,3.99,3.99,3.93,4.01,3.92,1844800.0,7293343.0,15:00:01,2026-08-14
sh600545,卓郎智能,4.42,0.11,2.552,4.41,4.42,4.31,4.33,4.43,4.29,54051138.0,235852789.0,15:34:56,2026-08-14
sh600546,山煤国际,13.06,0.34,2.673,13.06,13.07,12.72,12.72,13.18,12.62,23965050.0,310009708.0,15:34:56,2026-08-14
sh600547,山东黄金,29.34,-0.16,-0.542,29.34,29.35,29.5,28.5,29.5,28.4,57100554.0,1655674404.0,15:34:56,2026-08-14
sh600548,深高速,8.37,0.0,0.0,8.37,8.38,8.37,8.34,8.42,8.32,2786900.0,23331299.0,15:00:03,2026-08-14
sh600549,厦门钨业,56.44,1.73,3.162,56.43,56.44,54.71,54.72,56.5,54.39,53457035.0,2985597597.0,15:34:56,2026-08-14
sh600550,保变电气,11.66,-0.35,-2.914,11.66,11.67,12.01,11.9,11.93,11.52,42252874.0,491970449.0,15:34:56,2026-08-14
sh600551,时代出版,6.9,-0.04,-0.576,6.9,6.92,6.94,6.92,6.96,6.85,3923410.0,27080048.0,15:34:56,2026-08-14
sh600552,凯盛科技,18.59,0.82,4.615,18.59,18.6,17.77,17.81,18.64,17.65,53922466.0,978289591.0,15:34:56,2026-08-14
sh600556,天下秀,4.92,-0.1,-1.992,4.92,4.93,5.02,5.02,5.08,4.81,70630790.0,347412718.0,15:34:56,2026-08-14
sh600557,康缘药业,12.94,0.06,0.466,12.93,12.94,12.88,12.86,13.12,12.72,12243509.0,158321082.0,15:34:56,2026-08-14
sh600558,大西洋,5.01,0.21,4.375,5.01,5.02,4.8,4.78,5.1,4.78,47134827.0,234224266.0,15:34:56,2026-08-14
sh600559,老白干酒,12.0,-0.31,-2.518,12.0,12.01,12.31,12.26,12.27,12.0,15121230.0,182685480.0,15:34:56,2026-08-14
sh600560,金自天正,11.11,-0.01,-0.09,11.1,11.11,11.12,11.06,11.3,11.05,1608900.0,17882152.0,15:00:03,2026-08-14
sh600561,江西长运,5.61,0.01,0.179,5.6,5.61,5.6,5.6,5.65,5.51,2557000.0,14311038.0,15:00:03,2026-08-14
sh600562,国睿科技,25.95,-0.05,-0.192,25.94,25.95,26.0,26.0,26.36,25.8,6251762.0,162345747.0,15:34:56,2026-08-14
sh600563,法拉电子,135.39,-0.1,-0.074,135.39,135.4,135.49,136.0,137.75,133.43,4812918.0,653494102.0,15:34:56,2026-08-14
sh600566,济川药业,24.51,-0.49,-1.96,24.51,24.52,25.0,25.01,25.06,24.5,4946756.0,122032940.0,15:00:01,2026-08-14
sh600567,山鹰国际,1.33,-0.01,-0.746,1.33,1.34,1.34,1.35,1.35,1.33,48807101.0,65242222.0,15:34:56,2026-08-14
sh600568,ST中珠,2.26,0.03,1.345,2.26,2.27,2.23,2.22,2.27,2.18,12570900.0,27942543.0,15:34:56,2026-08-14
sh600569,安阳钢铁,1.75,-0.02,-1.13,1.74,1.75,1.77,1.76,1.77,1.72,17244562.0,30040373.0,15:34:56,2026-08-14
sh600570,恒生电子,22.12,-0.29,-1.294,22.11,22.12,22.41,22.42,22.68,21.86,26240258.0,581176475.0,15:34:56,2026-08-14
sh600571,信雅达,10.44,-0.08,-0.76,10.43,10.44,10.52,10.52,10.78,10.34,8408001.0,88198209.0,15:34:56,2026-08-14
sh600572,康恩贝,4.8,0.12,2.564,4.79,4.8,4.68,4.63,4.88,4.56,233690645.0,1110003208.0,15:34:56,2026-08-14
sh600573,惠泉啤酒,9.68,-0.1,-1.022,9.68,9.69,9.78,9.73,9.83,9.61,3969810.0,38400858.0,15:34:56,2026-08-14
sh600575,淮河能源,3.35,-0.02,-0.593,3.35,3.36,3.37,3.38,3.38,3.3,38411698.0,127987276.0,15:34:56,2026-08-14
sh600576,祥源文旅,5.5,-0.06,-1.079,5.49,5.5,5.56,5.56,5.59,5.45,6728300.0,36974373.0,15:34:56,2026-08-14
sh600577,精达股份,8.11,0.0,0.0,8.11,8.12,8.11,8.16,8.19,8.03,36649825.0,296938221.0,15:34:56,2026-08-14
sh600578,京能电力,6.03,-0.56,-8.498,6.03,6.04,6.59,6.39,6.4,6.02,270199385.0,1654891256.0,15:34:56,2026-08-14
sh600579,中化装备,7.24,0.04,0.556,7.23,7.24,7.2,7.26,7.37,7.1,6709279.0,48297347.0,15:34:56,2026-08-14
sh600580,卧龙电驱,34.57,-0.49,-1.398,34.56,34.57,35.06,35.0,35.21,34.06,45880241.0,1585078886.0,15:34:56,2026-08-14
sh600581,*ST八钢,2.29,-0.01,-0.435,2.29,2.3,2.3,2.3,2.3,2.27,5194500.0,11875131.0,15:00:03,2026-08-14
sh600582,天地科技,4.86,-0.02,-0.41,4.86,4.87,4.88,4.88,4.89,4.83,11437515.0,55626087.0,15:34:56,2026-08-14
sh600583,海油工程,5.45,-0.01,-0.183,5.45,5.46,5.46,5.44,5.49,5.36,23889670.0,129743669.0,15:34:56,2026-08-14
sh600584,长电科技,78.71,0.89,1.144,78.71,78.72,77.82,78.99,79.28,76.4,114479283.0,8901809161.0,15:34:56,2026-08-14
sh600585,海螺水泥,17.36,-0.13,-0.743,17.36,17.37,17.49,17.47,17.49,17.35,15044186.0,261690537.0,15:34:56,2026-08-14
sh600586,金晶科技,4.15,-0.03,-0.718,4.15,4.16,4.18,4.2,4.2,4.13,10927101.0,45394318.0,15:34:56,2026-08-14
sh600587,新华医疗,12.72,-0.17,-1.319,12.72,12.73,12.89,12.88,13.11,12.72,10043899.0,129762881.0,15:34:56,2026-08-14
sh600588,用友网络,11.65,0.0,0.0,11.65,11.66,11.65,11.84,12.2,11.4,89873185.0,1054895005.0,15:34:56,2026-08-14
sh600589,大位科技,8.37,0.18,2.198,8.37,8.38,8.19,8.27,8.45,8.04,87718757.0,724502849.0,15:34:56,2026-08-14
sh600590,泰豪科技,8.6,-0.01,-0.116,8.6,8.61,8.61,8.6,8.67,8.5,17834314.0,153369308.0,15:00:03,2026-08-14
sh600592,龙溪股份,14.6,-0.02,-0.137,14.59,14.6,14.62,14.65,14.77,14.41,4941520.0,71880157.0,15:34:56,2026-08-14
sh600593,大连圣亚,41.21,-0.34,-0.818,41.21,41.23,41.55,41.3,42.3,40.9,4274048.0,177251127.0,15:34:56,2026-08-14
sh600594,益佰制药,3.88,-0.04,-1.02,3.88,3.89,3.92,3.9,4.01,3.83,31661635.0,123347297.0,15:34:56,2026-08-14
sh600595,中孚实业,6.18,-0.09,-1.435,6.17,6.18,6.27,6.19,6.23,6.12,77826759.0,480163040.0,15:34:56,2026-08-14
sh600596,新安股份,10.76,0.06,0.561,10.76,10.77,10.7,10.72,10.85,10.63,20413372.0,219341049.0,15:34:56,2026-08-14
sh600597,光明乳业,6.67,-0.19,-2.77,6.66,6.67,6.86,6.84,6.84,6.64,11975842.0,80182239.0,15:34:56,2026-08-14
sh600598,北大荒,11.85,-0.2,-1.66,11.84,11.85,12.05,11.98,12.05,11.76,21930826.0,260353108.0,15:34:56,2026-08-14
sh600600,青岛啤酒,52.55,-0.52,-0.98,52.55,52.56,53.07,53.06,53.14,52.48,4469366.0,235337383.0,15:34:56,2026-08-14
sh600601,方正科技,12.66,0.08,0.636,12.66,12.67,12.58,12.58,12.83,12.38,141416846.0,1782407254.0,15:34:56,2026-08-14
sh600602,云赛智联,20.56,1.2,6.198,20.55,20.56,19.36,19.3,20.97,19.22,112998191.0,2264370715.0,15:34:56,2026-08-14
sh600603,广汇物流,4.38,-0.08,-1.794,4.38,4.39,4.46,4.48,4.5,4.36,8834776.0,38925905.0,15:34:56,2026-08-14
sh600604,市北高新,4.88,0.1,2.092,4.88,4.89,4.78,4.76,4.98,4.59,60060447.0,285452120.0,15:34:56,2026-08-14
sh600605,汇通能源,25.15,-0.12,-0.475,25.15,25.16,25.27,25.52,25.52,24.89,1845100.0,46260255.0,15:00:03,2026-08-14
sh600606,绿地控股,1.28,-0.03,-2.29,1.28,1.29,1.31,1.3,1.31,1.27,103872999.0,133234399.0,15:34:56,2026-08-14
sh600609,金杯汽车,3.26,-0.04,-1.212,3.25,3.26,3.3,3.31,3.31,3.24,16721210.0,54510962.0,15:34:56,2026-08-14
sh600610,中毅达,6.96,-0.07,-0.996,6.96,6.97,7.03,7.01,7.06,6.88,9350825.0,64974626.0,15:34:56,2026-08-14
sh600611,大众交通,5.08,0.21,4.312,5.08,5.09,4.87,4.82,5.18,4.75,166607436.0,826814886.0,15:34:56,2026-08-14
sh600612,老凤祥,33.83,-0.49,-1.428,33.82,33.83,34.32,34.23,34.38,33.82,1662400.0,56612223.0,15:00:03,2026-08-14
sh600613,神奇制药,6.41,0.58,9.949,6.41,0.0,5.83,6.41,6.41,6.41,12493807.0,80085303.0,15:34:56,2026-08-14
sh600615,鑫源智造,9.37,0.09,0.97,9.37,9.38,9.28,9.39,9.39,9.18,1775840.0,16485950.0,15:00:03,2026-08-14
sh600616,金枫酒业,4.34,-0.01,-0.23,4.34,4.35,4.35,4.35,4.41,4.28,12032279.0,52204428.0,15:34:56,2026-08-14
sh600617,国新能源,3.39,-0.09,-2.586,3.38,3.39,3.48,3.45,3.47,3.34,37919425.0,128359024.0,15:34:56,2026-08-14
sh600618,氯碱化工,10.08,-0.05,-0.494,10.08,10.09,10.13,10.19,10.24,10.08,4240357.0,42897785.0,15:34:56,2026-08-14
sh600619,海立股份,14.22,0.06,0.424,14.21,14.22,14.16,14.24,14.32,14.04,15782167.0,223925618.0,15:34:56,2026-08-14
sh600620,天宸股份,4.29,-0.01,-0.233,4.29,4.31,4.3,4.32,4.36,4.24,4958058.0,21253574.0,15:00:03,2026-08-14
sh600621,华鑫股份,13.11,-0.22,-1.65,13.11,13.12,13.33,13.37,13.37,13.11,8137976.0,107407335.0,15:00:03,2026-08-14
sh600622,光大嘉宝,2.19,-0.04,-1.794,2.18,2.19,2.23,2.24,2.24,2.15,19587600.0,42716018.0,15:00:03,2026-08-14
sh600623,华谊集团,8.24,0.02,0.243,8.24,8.25,8.22,8.21,8.31,8.16,10448120.0,85902615.0,15:00:03,2026-08-14
sh600624,ST复华,4.12,0.03,0.733,4.12,4.13,4.09,4.1,4.15,4.08,3132276.0,12887903.0,15:00:03,2026-08-14
sh600626,申达股份,3.47,-0.05,-1.42,3.46,3.47,3.52,3.53,3.53,3.45,8371782.0,29125331.0,15:00:01,2026-08-14
sh600628,XD新世界,6.18,0.02,0.325,6.18,6.19,6.16,6.15,6.21,6.09,7261897.0,44692075.0,15:34:56,2026-08-14
sh600629,华建集团,16.31,0.25,1.557,16.3,16.31,16.06,16.11,16.45,15.97,25160060.0,406822987.0,15:34:56,2026-08-14
sh600630,龙头股份,6.61,-0.05,-0.751,6.61,6.62,6.66,6.68,6.69,6.58,7333828.0,48532668.0,15:00:03,2026-08-14
sh600633,浙数文化,11.02,-0.05,-0.452,11.02,11.03,11.07,11.01,11.15,10.73,26618173.0,290757613.0,15:34:56,2026-08-14
sh600635,大众公用,4.62,-0.08,-1.702,4.62,4.63,4.7,4.71,4.72,4.61,27201185.0,126100475.0,15:34:56,2026-08-14
sh600637,东方明珠,8.18,-0.01,-0.122,8.17,8.18,8.19,8.16,8.26,8.1,26378714.0,215292565.0,15:34:56,2026-08-14
sh600638,新黄浦,4.96,-0.06,-1.195,4.95,4.96,5.02,5.0,5.03,4.9,7878340.0,38975664.0,15:00:03,2026-08-14
sh600639,浦东金桥,9.44,-0.09,-0.944,9.44,9.45,9.53,9.55,9.55,9.44,2604500.0,24691811.0,15:00:03,2026-08-14
sh600640,国脉文化,11.14,0.17,1.55,11.13,11.14,10.97,10.93,11.27,10.78,11287438.0,124676731.0,15:34:56,2026-08-14
sh600641,先导基电,34.2,0.18,0.529,34.19,34.2,34.02,34.89,35.2,33.47,78207949.0,2680617071.0,15:34:56,2026-08-14
sh600642,申能股份,8.38,-0.17,-1.988,8.38,8.39,8.55,8.56,8.58,8.38,25170126.0,212314131.0,15:34:56,2026-08-14
sh600643,爱建集团,3.94,-0.09,-2.233,3.94,3.95,4.03,4.04,4.05,3.92,13388404.0,52972398.0,15:34:56,2026-08-14
sh600644,乐山电力,9.44,-0.69,-6.811,9.44,9.45,10.13,10.0,10.07,9.35,50667481.0,483183692.0,15:34:56,2026-08-14
sh600645,中源协和,22.33,2.03,10.0,22.33,0.0,20.3,22.19,22.33,21.48,45206308.0,998376167.0,15:34:56,2026-08-14
sh600648,外高桥,8.94,-0.05,-0.556,8.93,8.94,8.99,8.98,9.0,8.86,1990800.0,17738062.0,15:00:03,2026-08-14
sh600649,城投控股,3.73,-0.05,-1.323,3.73,3.74,3.78,3.8,3.8,3.72,18997111.0,71138275.0,15:00:03,2026-08-14
sh600650,锦江在线,10.81,0.07,0.652,10.8,10.81,10.74,10.7,10.94,10.7,4739200.0,51286938.0,15:34:56,2026-08-14
sh600651,飞乐音响,5.97,-0.05,-0.831,5.97,5.98,6.02,6.02,6.08,5.93,16167799.0,96799176.0,15:34:56,2026-08-14
sh600653,申华控股,1.69,-0.02,-1.17,1.68,1.69,1.71,1.71,1.72,1.67,17791887.0,30039701.0,15:34:56,2026-08-14
sh600654,中安科,2.93,-0.02,-0.678,2.92,2.93,2.95,2.96,2.98,2.87,62617445.0,182931418.0,15:34:56,2026-08-14
sh600655,豫园股份,4.58,-0.06,-1.293,4.58,4.59,4.64,4.64,4.65,4.57,8397460.0,38589506.0,15:00:01,2026-08-14
sh600657,信达地产,2.56,-0.03,-1.158,2.56,2.57,2.59,2.6,2.6,2.52,23082275.0,58904247.0,15:00:03,2026-08-14
sh600658,电子城,4.0,-0.09,-2.2,3.99,4.0,4.09,4.09,4.1,3.95,11841909.0,47353952.0,15:34:56,2026-08-14
sh600660,福耀玻璃,56.27,1.4,2.551,56.26,56.27,54.87,54.71,56.48,54.3,14379401.0,801019561.0,15:34:56,2026-08-14
sh600661,昂立教育,9.17,-0.24,-2.55,9.17,9.18,9.41,9.32,9.52,9.07,11140400.0,102446177.0,15:34:56,2026-08-14
sh600662,XD外服控,4.27,-0.04,-0.928,4.27,4.28,4.31,4.36,4.36,4.25,11381127.0,48807380.0,15:34:56,2026-08-14
sh600663,陆家嘴,9.3,-0.06,-0.641,9.3,9.31,9.36,9.44,9.58,9.23,22519448.0,210150241.0,15:34:56,2026-08-14
sh600664,哈药股份,8.91,0.05,0.564,8.91,8.92,8.86,8.73,8.97,8.6,375017112.0,3289018276.0,15:34:56,2026-08-14
sh600665,天地源,3.45,-0.02,-0.576,3.45,3.46,3.47,3.46,3.5,3.4,13856158.0,47683695.0,15:34:56,2026-08-14
sh600666,奥瑞德,3.87,0.04,1.044,3.86,3.87,3.83,3.8,3.88,3.7,150339216.0,569749170.0,15:34:56,2026-08-14
sh600667,太极实业,22.95,-0.83,-3.49,22.95,22.96,23.78,23.5,24.15,22.61,372252891.0,8600076207.0,15:34:56,2026-08-14
sh600668,尖峰集团,7.49,-0.14,-1.835,7.49,7.5,7.63,7.58,7.67,7.44,7652899.0,57490705.0,15:34:56,2026-08-14
sh600671,天目药业,21.69,-0.77,-3.428,21.69,21.7,22.46,22.64,22.64,21.3,4875300.0,106248578.0,15:34:56,2026-08-14
sh600673,东阳光,36.45,1.97,5.713,36.45,36.46,34.48,34.33,36.5,34.15,56530982.0,2035692211.0,15:34:56,2026-08-14
sh600674,川投能源,15.03,-0.17,-1.118,15.03,15.04,15.2,15.15,15.2,14.96,25974743.0,391120537.0,15:34:56,2026-08-14
sh600675,中华企业,2.22,-0.05,-2.203,2.22,2.23,2.27,2.27,2.27,2.21,25416482.0,56723134.0,15:34:56,2026-08-14
sh600676,久事动娱,6.72,-0.06,-0.885,6.72,6.73,6.78,6.79,6.87,6.69,6941608.0,46737535.0,15:34:56,2026-08-14
sh600678,ST金顶,5.51,-0.02,-0.362,5.5,5.51,5.53,5.52,5.56,5.44,6397452.0,35137319.0,15:00:03,2026-08-14
sh600679,上海凤凰,9.48,0.01,0.106,9.47,9.48,9.47,9.52,9.58,9.4,1677600.0,15897179.0,15:00:03,2026-08-14
sh600681,百川能源,3.39,-0.05,-1.453,3.38,3.39,3.44,3.43,3.44,3.37,18701271.0,63432856.0,15:34:56,2026-08-14
sh600682,南京新百,5.92,0.0,0.0,5.92,5.93,5.92,5.94,6.08,5.87,23560912.0,140327278.0,15:34:56,2026-08-14
sh600683,京投发展,11.64,-1.29,-9.977,0.0,11.64,12.93,14.22,14.22,11.64,94723160.0,1161751143.0,15:34:56,2026-08-14
sh600684,珠江股份,3.38,-0.06,-1.744,3.38,3.39,3.44,3.44,3.46,3.33,15055400.0,50817681.0,15:34:56,2026-08-14
sh600685,中船防务,26.16,-0.05,-0.191,26.16,26.17,26.21,26.21,26.89,26.03,13861011.0,366785556.0,15:34:56,2026-08-14
sh600686,金龙汽车,11.6,-0.3,-2.521,11.6,11.61,11.9,11.9,11.9,11.45,16287001.0,188969501.0,15:34:56,2026-08-14
sh600688,上海石化,2.79,0.0,0.0,2.79,2.8,2.79,2.79,2.8,2.76,46482748.0,129147694.0,15:34:56,2026-08-14
sh600689,上海三毛,10.47,0.06,0.576,10.47,10.5,10.41,10.41,10.52,10.36,1856100.0,19400233.0,15:00:01,2026-08-14
sh600690,海尔智家,21.76,-0.03,-0.138,21.76,21.77,21.79,21.71,21.89,21.61,26153526.0,569168273.0,15:34:56,2026-08-14
sh600691,潞化科技,2.43,-0.02,-0.816,2.43,2.44,2.45,2.45,2.46,2.4,19419000.0,47021160.0,15:00:03,2026-08-14
sh600692,亚通股份,6.12,-0.04,-0.649,6.12,6.13,6.16,6.14,6.17,6.03,4445700.0,27105444.0,15:34:56,2026-08-14
sh600693,东百集团,9.5,-0.98,-9.351,9.49,9.5,10.48,10.25,10.3,9.44,108835236.0,1056819591.0,15:34:56,2026-08-14
sh600694,大商股份,14.28,-0.11,-0.764,14.27,14.28,14.39,14.37,14.38,14.17,2696913.0,38486040.0,15:00:03,2026-08-14
sh600697,欧亚集团,10.58,-0.09,-0.843,10.58,10.59,10.67,10.57,10.71,10.44,2205334.0,23293457.0,15:00:03,2026-08-14
sh600698,湖南天雁,7.08,-0.14,-1.939,7.07,7.08,7.22,7.24,7.32,7.03,26406600.0,188233425.0,15:34:56,2026-08-14
sh600699,均胜电子,20.84,-0.11,-0.525,20.84,20.85,20.95,20.95,21.17,20.63,17770348.0,370349863.0,15:34:56,2026-08-14
sh600702,舍得酒业,37.13,-1.22,-3.181,37.12,37.13,38.35,38.39,38.39,37.0,12157329.0,455561633.0,15:34:56,2026-08-14
sh600703,三安光电,13.58,0.07,0.518,13.58,13.59,13.51,13.52,13.63,13.25,125754439.0,1692139706.0,15:34:56,2026-08-14
sh600704,物产中大,4.85,-0.01,-0.206,4.85,4.86,4.86,4.85,4.87,4.84,22604364.0,109681590.0,15:34:56,2026-08-14
sh600706,曲江文旅,7.71,-0.09,-1.154,7.71,7.72,7.8,7.72,7.83,7.61,4672720.0,35980291.0,15:34:56,2026-08-14
sh600707,彩虹股份,9.31,0.16,1.749,9.31,9.32,9.15,9.18,9.33,9.14,69179049.0,639003916.0,15:34:56,2026-08-14
sh600708,光明地产,3.16,-0.09,-2.769,3.15,3.16,3.25,3.26,3.29,3.14,18318847.0,58405030.0,15:00:03,2026-08-14
sh600710,苏美达,10.43,0.06,0.579,10.43,10.45,10.37,10.38,10.66,10.33,8023529.0,84098887.0,15:00:01,2026-08-14
sh600711,盛屯矿业,11.7,-0.15,-1.266,11.7,11.71,11.85,11.66,11.8,11.37,118494844.0,1372322079.0,15:34:56,2026-08-14
sh600712,南宁百货,5.34,-0.14,-2.555,5.34,5.35,5.48,5.5,5.53,5.28,17010001.0,91070973.0,15:34:56,2026-08-14
sh600713,南京医药,5.39,0.09,1.698,5.39,5.4,5.3,5.26,5.47,5.24,24702615.0,132712826.0,15:34:56,2026-08-14
sh600714,金瑞矿业,15.24,0.21,1.397,15.24,15.25,15.03,15.14,15.26,14.86,8083800.0,122022891.0,15:34:56,2026-08-14
sh600715,文投控股,1.67,-0.05,-2.907,1.66,1.67,1.72,1.71,1.72,1.65,66252158.0,111113723.0,15:34:56,2026-08-14
sh600716,凤凰股份,3.52,-0.07,-1.95,3.51,3.52,3.59,3.59,3.62,3.5,5074641.0,17942267.0,15:00:03,2026-08-14
sh600717,天津港,4.18,-0.01,-0.239,4.18,4.19,4.19,4.2,4.21,4.17,11348985.0,47559041.0,15:34:56,2026-08-14
sh600718,东软集团,8.18,-0.06,-0.728,8.18,8.19,8.24,8.26,8.33,8.13,8221861.0,67450727.0,15:00:03,2026-08-14
sh600719,大连热电,7.51,-0.29,-3.718,7.51,7.52,7.8,7.84,7.84,7.41,15687100.0,117954002.0,15:34:56,2026-08-14
sh600720,中交设计,5.14,-0.03,-0.58,5.14,5.15,5.17,5.17,5.18,5.09,5925300.0,30409186.0,15:34:56,2026-08-14
sh600721,百花医药,13.81,-0.69,-4.759,13.8,13.81,14.5,13.61,14.49,13.3,120104658.0,1664573064.0,15:34:56,2026-08-14
sh600722,金牛化工,11.28,-1.24,-9.904,11.28,11.29,12.52,12.1,12.11,11.27,98637542.0,1145365450.0,15:34:56,2026-08-14
sh600724,宁波富达,5.03,-0.03,-0.593,5.02,5.03,5.06,5.06,5.08,4.97,7116976.0,35721068.0,15:00:03,2026-08-14
sh600725,云维股份,3.27,0.01,0.307,3.26,3.27,3.26,3.26,3.28,3.2,12849780.0,41570707.0,15:00:03,2026-08-14
sh600726,华电能源,6.43,-0.37,-5.441,6.42,6.43,6.8,7.02,7.05,6.33,323387764.0,2106730538.0,15:34:56,2026-08-14
sh600727,鲁北化工,7.33,-0.02,-0.272,7.32,7.33,7.35,7.34,7.39,7.24,9036524.0,65921657.0,15:34:56,2026-08-14
sh600728,佳都科技,4.66,-0.03,-0.64,4.66,4.67,4.69,4.69,4.77,4.62,24823189.0,115929620.0,15:34:56,2026-08-14
sh600729,重百集团,19.02,-0.31,-1.604,19.02,19.04,19.33,19.43,19.46,18.95,3234574.0,61763790.0,15:34:56,2026-08-14
sh600730,*ST高科,10.17,0.18,1.802,10.16,10.17,9.99,10.1,10.35,9.96,13191200.0,133581574.0,15:34:56,2026-08-14
sh600731,湖南海利,5.74,0.01,0.175,5.74,5.75,5.73,5.72,5.77,5.66,2979730.0,17038135.0,15:00:03,2026-08-14
sh600732,爱旭股份,11.84,-0.31,-2.551,11.84,11.85,12.15,12.1,12.25,11.75,27747155.0,330978634.0,15:34:56,2026-08-14
sh600733,北汽蓝谷,5.3,-0.1,-1.852,5.29,5.3,5.4,5.41,5.43,5.2,87521008.0,460973535.0,15:34:56,2026-08-14
sh600734,*ST实达,1.68,0.01,0.599,1.67,1.68,1.67,1.67,1.69,1.65,27159400.0,45299295.0,15:34:56,2026-08-14
sh600735,ST新华锦,6.17,0.0,0.0,6.17,6.18,6.17,6.15,6.26,6.1,3808800.0,23525988.0,15:00:03,2026-08-14
sh600736,苏州高新,6.81,-0.02,-0.293,6.8,6.81,6.83,6.84,6.84,6.66,25446397.0,171660766.0,15:34:56,2026-08-14
sh600737,中粮糖业,13.06,0.39,3.078,13.06,13.07,12.67,12.75,13.21,12.63,45350579.0,587274210.0,15:34:56,2026-08-14
sh600738,丽尚国潮,4.0,-0.03,-0.744,4.0,4.01,4.03,4.01,4.04,3.95,7660500.0,30507979.0,15:34:56,2026-08-14
sh600739,辽宁成大,10.67,-0.08,-0.744,10.67,10.68,10.75,10.8,10.87,10.66,11768338.0,126503910.0,15:34:56,2026-08-14
sh600740,山西焦化,3.59,0.03,0.843,3.59,3.6,3.56,3.57,3.62,3.49,29577270.0,105413137.0,15:34:56,2026-08-14
sh600741,华域汽车,15.4,-0.12,-0.773,15.4,15.42,15.52,15.53,15.59,15.4,11572828.0,179015809.0,15:34:56,2026-08-14
sh600742,富维股份,7.6,-0.04,-0.524,7.6,7.61,7.64,7.67,7.69,7.59,3509972.0,26757743.0,15:00:03,2026-08-14
sh600743,华远控股,2.24,-0.06,-2.609,2.23,2.24,2.3,2.3,2.3,2.2,27924400.0,62309026.0,15:34:56,2026-08-14
sh600744,华银电力,7.03,-0.77,-9.872,7.03,7.04,7.8,7.61,7.63,7.03,260147827.0,1857297554.0,15:34:56,2026-08-14
sh600745,*ST闻泰,17.46,0.03,0.172,17.46,17.47,17.43,17.5,18.2,17.41,45411610.0,806896255.0,15:34:56,2026-08-14
sh600746,江苏索普,6.46,-0.08,-1.223,6.46,6.47,6.54,6.54,6.57,6.42,11751210.0,76110244.0,15:34:56,2026-08-14
sh600748,上实发展,3.85,-0.05,-1.282,3.85,3.86,3.9,3.9,3.92,3.8,9931400.0,38212643.0,15:00:03,2026-08-14
sh600749,西藏旅游,13.9,-0.25,-1.767,13.89,13.9,14.15,14.14,14.15,13.82,5170210.0,72021374.0,15:00:01,2026-08-14
sh600750,华润江中,23.81,-0.27,-1.121,23.81,23.83,24.08,24.12,24.19,23.78,3563013.0,85178015.0,15:34:56,2026-08-14
sh600751,海航科技,3.21,0.0,0.0,3.2,3.21,3.21,3.23,3.24,3.17,23456328.0,74913773.0,15:00:03,2026-08-14
sh600753,ST海钦,10.15,0.17,1.703,10.14,10.15,9.98,10.08,10.36,9.98,1142368.0,11604667.0,15:00:03,2026-08-14
sh600754,锦江酒店,19.18,-0.05,-0.26,19.18,19.19,19.23,19.23,19.47,19.0,8782455.0,168842065.0,15:34:56,2026-08-14
sh600755,厦门国贸,5.67,-0.02,-0.351,5.67,5.68,5.69,5.71,5.71,5.65,8887973.0,50434642.0,15:34:56,2026-08-14
sh600756,浪潮软件,15.0,-0.4,-2.597,15.0,15.01,15.4,15.3,15.67,14.65,24916105.0,373536153.0,15:34:56,2026-08-14
sh600757,长江传媒,7.68,-0.03,-0.389,7.68,7.7,7.71,7.73,7.74,7.64,5964878.0,45900208.0,15:34:56,2026-08-14
sh600758,辽宁能源,3.43,-0.11,-3.107,3.43,3.44,3.54,3.52,3.53,3.36,61963408.0,211433636.0,15:34:56,2026-08-14
sh600759,ST洲际,2.51,-0.02,-0.791,2.5,2.51,2.53,2.52,2.54,2.45,126593880.0,315032142.0,15:34:56,2026-08-14
sh600760,中航沈飞,44.43,0.07,0.158,44.43,44.44,44.36,44.19,45.49,44.16,19192565.0,861294592.0,15:34:56,2026-08-14
sh600761,安徽合力,16.66,-0.02,-0.12,16.65,16.66,16.68,16.71,16.77,16.53,6420604.0,106898661.0,15:34:56,2026-08-14
sh600763,通策医疗,37.5,0.69,1.874,37.5,37.51,36.81,36.62,37.99,36.22,15177591.0,561441849.0,15:34:56,2026-08-14
sh600764,中国海防,18.0,0.14,0.784,18.0,18.01,17.86,17.86,18.34,17.79,6925283.0,125440428.0,15:34:56,2026-08-14
sh600765,中航重机,13.47,0.06,0.447,13.47,13.48,13.41,13.41,13.72,13.36,15396264.0,208566654.0,15:34:56,2026-08-14
sh600768,宁波富邦,15.82,0.87,5.819,15.81,15.82,14.95,15.19,16.08,14.81,8590585.0,132178141.0,15:34:56,2026-08-14
sh600769,祥龙电业,16.51,1.5,9.993,16.51,0.0,15.01,15.05,16.51,14.98,19736000.0,311436782.0,15:00:03,2026-08-14
sh600770,综艺股份,5.24,0.04,0.769,5.23,5.24,5.2,5.23,5.27,5.14,19559234.0,101854782.0,15:34:56,2026-08-14
sh600771,广誉远,14.03,-0.28,-1.957,14.03,14.04,14.31,14.4,14.52,13.97,13677828.0,193935585.0,15:34:56,2026-08-14
sh600773,西藏城投,11.23,0.18,1.629,11.22,11.23,11.05,11.1,11.4,11.0,19677200.0,219744540.0,15:34:56,2026-08-14
sh600774,汉商集团,7.26,-0.01,-0.138,7.25,7.26,7.27,7.25,7.37,7.17,3920600.0,28386251.0,15:34:56,2026-08-14
sh600775,南京熊猫,10.01,-0.05,-0.497,10.0,10.01,10.06,10.04,10.18,9.84,21678044.0,216055707.0,15:34:56,2026-08-14
sh600776,东方通信,12.95,0.12,0.935,12.95,12.96,12.83,12.93,13.08,12.77,11168300.0,144259459.0,15:34:56,2026-08-14
sh600777,新潮能源,4.11,-0.06,-1.439,4.11,4.12,4.17,4.16,4.19,4.1,17553274.0,72602169.0,15:34:56,2026-08-14
sh600778,友好集团,5.51,-0.02,-0.362,5.51,5.53,5.53,5.54,5.55,5.43,4819855.0,26442205.0,15:00:03,2026-08-14
sh600779,水井坊,28.47,-0.43,-1.488,28.47,28.48,28.9,28.89,28.99,28.41,2800674.0,80045461.0,15:34:56,2026-08-14
sh600780,通宝能源,5.83,-0.13,-2.181,5.83,5.84,5.96,5.96,5.96,5.83,10214000.0,59942641.0,15:00:03,2026-08-14
sh600782,新钢股份,2.71,-0.01,-0.368,2.71,2.72,2.72,2.73,2.74,2.69,27462524.0,74552327.0,15:34:56,2026-08-14
sh600783,鲁信创投,18.36,-0.18,-0.971,18.36,18.37,18.54,18.55,18.78,17.92,21208868.0,386958670.0,15:34:56,2026-08-14
sh600784,鲁银投资,7.91,-0.13,-1.617,7.91,7.92,8.04,8.04,8.1,7.88,9836500.0,78218531.0,15:34:56,2026-08-14
sh600785,新华百货,8.74,-0.13,-1.466,8.74,8.75,8.87,8.93,8.93,8.64,7073559.0,61736468.0,15:34:56,2026-08-14
sh600787,中储股份,4.52,-0.08,-1.739,4.52,4.53,4.6,4.61,4.61,4.52,12921900.0,58837197.0,15:34:56,2026-08-14
sh600789,鲁抗医药,7.61,-0.06,-0.782,7.6,7.61,7.67,7.66,7.82,7.52,41168840.0,315517921.0,15:34:56,2026-08-14
sh600790,轻纺城,3.31,-0.01,-0.301,3.3,3.31,3.32,3.31,3.33,3.28,8948809.0,29550928.0,15:34:56,2026-08-14
sh600791,京能置业,7.31,-0.2,-2.663,7.3,7.31,7.51,7.5,7.51,7.18,17595021.0,128145971.0,15:34:56,2026-08-14
sh600792,云煤能源,3.66,-0.04,-1.081,3.66,3.67,3.7,3.71,3.71,3.58,13027800.0,47338221.0,15:34:56,2026-08-14
sh600793,宜宾纸业,14.9,-0.16,-1.062,14.89,14.9,15.06,15.0,15.76,14.7,7906589.0,118655948.0,15:34:56,2026-08-14
sh600794,保税科技,3.1,-0.02,-0.641,3.09,3.1,3.12,3.12,3.14,3.08,8740200.0,27104498.0,15:34:56,2026-08-14
sh600795,国电电力,5.06,-0.01,-0.197,5.06,5.07,5.07,5.06,5.09,4.99,101460715.0,512713687.0,15:34:56,2026-08-14
sh600796,钱江生化,5.14,0.03,0.587,5.13,5.14,5.11,5.12,5.15,5.07,6165400.0,31530289.0,15:34:56,2026-08-14
sh600797,浙大网新,7.29,-0.08,-1.085,7.29,7.3,7.37,7.31,7.38,7.12,41502700.0,300195153.0,15:34:56,2026-08-14
sh600798,宁波海运,3.2,-0.03,-0.929,3.2,3.21,3.23,3.23,3.24,3.19,10180400.0,32595729.0,15:34:56,2026-08-14
sh600800,渤海化学,3.59,-0.15,-4.011,3.59,3.6,3.74,3.99,4.11,3.5,136995232.0,513465273.0,15:34:56,2026-08-14
sh600801,华新建材,22.86,0.06,0.263,22.86,22.88,22.8,22.92,23.06,22.46,7399943.0,169081167.0,15:34:56,2026-08-14
sh600802,福建水泥,4.5,-0.02,-0.442,4.5,4.51,4.52,4.56,4.56,4.44,5083862.0,22780565.0,15:00:03,2026-08-14
sh600803,新奥股份,17.2,-0.13,-0.75,17.2,17.22,17.33,17.33,17.42,17.18,3886746.0,67086471.0,15:34:56,2026-08-14
sh600805,悦达投资,4.37,-0.05,-1.131,4.37,4.38,4.42,4.41,4.44,4.35,4312735.0,18877430.0,15:00:03,2026-08-14
sh600807,济高发展,2.6,-0.03,-1.141,2.6,2.61,2.63,2.64,2.64,2.57,12859295.0,33349877.0,15:34:56,2026-08-14
sh600808,马钢股份,2.49,0.0,0.0,2.49,2.5,2.49,2.49,2.51,2.45,41010900.0,101530048.0,15:34:56,2026-08-14
sh600809,山西汾酒,123.52,-3.03,-2.394,123.52,123.55,126.55,126.0,126.54,123.4,6906705.0,859157981.0,15:34:56,2026-08-14
sh600810,神马股份,6.28,0.1,1.618,6.27,6.28,6.18,6.18,6.45,6.16,12337630.0,77831806.0,15:00:03,2026-08-14
sh600812,华北制药,5.04,-0.04,-0.787,5.03,5.04,5.08,5.08,5.13,4.98,23356500.0,117791920.0,15:34:56,2026-08-14
sh600814,杭州解百,6.63,-0.06,-0.897,6.62,6.63,6.69,6.68,6.7,6.58,4712100.0,31209040.0,15:00:03,2026-08-14
sh600815,厦工股份,3.98,0.36,9.945,3.98,0.0,3.62,3.63,3.98,3.58,113811799.0,429874261.0,15:34:56,2026-08-14
sh600816,建元信托,2.58,-0.01,-0.386,2.57,2.58,2.59,2.54,2.62,2.46,171595882.0,432937406.0,15:34:56,2026-08-14
sh600817,宇通重工,9.31,-0.09,-0.957,9.31,9.33,9.4,9.4,9.45,9.28,1623700.0,15147798.0,15:00:03,2026-08-14
sh600818,ST中路,7.34,-0.01,-0.136,7.33,7.34,7.35,7.3,7.42,7.24,3347651.0,24519466.0,15:00:03,2026-08-14
sh600819,耀皮玻璃,5.37,-0.03,-0.556,5.36,5.37,5.4,5.39,5.43,5.34,5484770.0,29449031.0,15:00:03,2026-08-14
sh600820,隧道股份,5.43,0.01,0.185,5.42,5.43,5.42,5.43,5.46,5.41,11218133.0,60954934.0,15:00:01,2026-08-14
sh600821,金开新能,6.93,-0.22,-3.077,6.92,6.93,7.15,7.38,7.38,6.74,240626622.0,1683445686.0,15:34:56,2026-08-14
sh600822,上海物贸,8.44,-0.05,-0.589,8.43,8.44,8.49,8.5,8.6,8.4,2227800.0,18904225.0,15:00:03,2026-08-14
sh600824,XD益民集,3.54,-0.03,-0.84,3.53,3.54,3.57,3.57,3.57,3.5,8444050.0,29829077.0,15:34:56,2026-08-14
sh600825,新华传媒,5.06,-0.07,-1.365,5.06,5.07,5.13,5.11,5.14,4.99,11120391.0,56157989.0,15:34:56,2026-08-14
sh600826,兰生股份,7.91,-0.03,-0.378,7.9,7.91,7.94,7.96,8.0,7.89,3360820.0,26634742.0,15:34:56,2026-08-14
sh600827,百联股份,7.6,-0.11,-1.427,7.6,7.61,7.71,7.7,7.71,7.57,11997399.0,91309003.0,15:00:03,2026-08-14
sh600828,茂业商业,3.94,-0.09,-2.233,3.93,3.94,4.03,4.02,4.03,3.87,14145600.0,55486076.0,15:34:56,2026-08-14
sh600829,人民同泰,11.83,1.08,10.047,11.83,0.0,10.75,10.67,11.83,10.3,50959289.0,565271892.0,15:34:56,2026-08-14
sh600830,香溢融通,8.05,-0.06,-0.74,8.04,8.05,8.11,8.1,8.12,8.0,2675300.0,21509736.0,15:00:03,2026-08-14
sh600831,广电网络,3.36,-0.05,-1.466,3.35,3.36,3.41,3.4,3.42,3.32,11743100.0,39447231.0,15:00:03,2026-08-14
sh600833,第一医药,11.7,-0.18,-1.515,11.69,11.7,11.88,11.81,12.41,11.43,26566247.0,316706464.0,15:34:56,2026-08-14
sh600834,申通地铁,7.3,-0.08,-1.084,7.3,7.32,7.38,7.37,7.38,7.3,1962900.0,14380514.0,15:00:03,2026-08-14
sh600835,上海机电,19.06,0.24,1.275,19.06,19.07,18.82,18.89,19.3,18.53,6165700.0,116336623.0,15:34:56,2026-08-14
sh600838,上海九百,7.33,-0.13,-1.743,7.32,7.33,7.46,7.45,7.45,7.26,6868800.0,50313678.0,15:00:03,2026-08-14
sh600839,四川长虹,7.28,0.23,3.262,7.27,7.28,7.05,6.97,7.45,6.9,175974893.0,1252114395.0,15:34:56,2026-08-14
sh600841,动力新科,5.77,-0.04,-0.688,5.77,5.78,5.81,5.79,5.83,5.71,9500400.0,54733731.0,15:34:56,2026-08-14
sh600843,上工申贝,7.13,0.04,0.564,7.12,7.13,7.09,7.24,7.25,7.03,6381200.0,45343311.0,15:34:56,2026-08-14
sh600844,金煤科技,3.47,-0.07,-1.977,3.46,3.47,3.54,3.54,3.54,3.4,30884200.0,106457907.0,15:34:56,2026-08-14
sh600845,宝信软件,18.24,-0.22,-1.192,18.24,18.25,18.46,18.4,18.64,17.93,26767783.0,486482114.0,15:34:56,2026-08-14
sh600846,同济科技,12.52,0.15,1.213,12.52,12.53,12.37,12.54,12.65,12.27,4440773.0,55260163.0,15:34:56,2026-08-14
sh600847,万里股份,12.5,-0.03,-0.239,12.48,12.5,12.53,12.53,12.63,12.36,1181301.0,14718792.0,15:00:03,2026-08-14
sh600848,上海临港,8.57,-0.08,-0.925,8.57,8.58,8.65,8.7,8.74,8.57,5700234.0,49129440.0,15:00:03,2026-08-14
sh600850,电科数字,14.93,-0.16,-1.06,14.93,14.94,15.09,15.09,15.27,14.74,11901820.0,177883905.0,15:34:56,2026-08-14
sh600851,海欣股份,8.7,0.15,1.754,8.69,8.7,8.55,8.55,8.73,8.48,11214269.0,96632311.0,15:34:56,2026-08-14
sh600853,龙建股份,3.28,0.0,0.0,3.28,3.29,3.28,3.3,3.31,3.24,8544660.0,27976724.0,15:34:56,2026-08-14
sh600854,春兰股份,4.48,0.0,0.0,4.47,4.48,4.48,4.47,4.53,4.44,3999700.0,17896624.0,15:00:03,2026-08-14
sh600855,航天长峰,12.68,-0.06,-0.471,12.67,12.68,12.74,12.81,12.82,12.56,4721103.0,59941879.0,15:00:03,2026-08-14
sh600857,宁波中百,20.32,0.38,1.906,20.31,20.32,19.94,19.84,21.33,19.8,11733700.0,239157097.0,15:34:56,2026-08-14
sh600858,银座股份,4.85,-0.05,-1.02,4.85,4.86,4.9,4.87,4.91,4.82,6259000.0,30389952.0,15:00:03,2026-08-14
sh600859,王府井,9.85,-0.3,-2.956,9.85,9.86,10.15,10.12,10.14,9.81,18038785.0,178950470.0,15:34:56,2026-08-14
sh600860,京城股份,8.57,-0.31,-3.491,8.57,8.58,8.88,8.86,9.1,8.5,17782791.0,156462186.0,15:34:56,2026-08-14
sh600861,北京人力,13.05,0.06,0.462,13.04,13.05,12.99,13.05,13.16,12.98,2577580.0,33640389.0,15:34:56,2026-08-14
sh600862,中航高科,18.07,0.03,0.166,18.07,18.08,18.04,18.01,18.25,18.0,7808391.0,141428439.0,15:34:56,2026-08-14
sh600863,华能蒙电,4.85,-0.16,-3.194,4.84,4.85,5.01,4.99,4.99,4.78,165077656.0,799229457.0,15:34:56,2026-08-14
sh600864,哈投股份,5.37,-0.09,-1.648,5.37,5.38,5.46,5.45,5.48,5.37,22495075.0,121588260.0,15:34:56,2026-08-14
sh600865,百大集团,8.82,-0.17,-1.891,8.81,8.82,8.99,9.0,9.02,8.71,6768700.0,59504120.0,15:00:01,2026-08-14
sh600866,星湖科技,4.3,-0.07,-1.602,4.3,4.31,4.37,4.37,4.38,4.29,16190155.0,69958067.0,15:00:03,2026-08-14
sh600867,通化东宝,8.57,-0.02,-0.233,8.57,8.58,8.59,8.52,8.74,8.36,43050105.0,369883152.0,15:34:56,2026-08-14
sh600868,梅雁吉祥,2.81,-0.31,-9.936,2.81,2.82,3.12,2.98,2.99,2.81,203002400.0,579369816.0,15:34:56,2026-08-14
sh600869,远东股份,16.48,0.67,4.238,16.48,16.49,15.81,16.09,16.69,15.82,152167843.0,2473620272.0,15:34:56,2026-08-14
sh600871,石化油服,2.16,-0.01,-0.461,2.16,2.17,2.17,2.15,2.17,2.12,90128123.0,192826375.0,15:34:56,2026-08-14
sh600872,中炬高新,18.77,-0.21,-1.106,18.77,18.78,18.98,19.02,19.06,18.65,11235522.0,211112144.0,15:34:56,2026-08-14
sh600873,梅花生物,7.95,0.03,0.379,7.95,7.96,7.92,7.9,8.05,7.87,22813397.0,181966256.0,15:34:56,2026-08-14
sh600874,创业环保,5.53,-0.04,-0.718,5.53,5.54,5.57,5.55,5.57,5.5,4838834.0,26782914.0,15:00:03,2026-08-14
sh600875,东方电气,26.91,-0.13,-0.481,26.9,26.91,27.04,27.09,27.16,26.62,29664773.0,795797060.0,15:34:56,2026-08-14
sh600876,凯盛新能,7.0,0.06,0.865,6.99,7.0,6.94,6.94,7.04,6.88,2063300.0,14346198.0,15:34:56,2026-08-14
sh600877,电科芯片,12.99,-0.26,-1.962,12.99,13.0,13.25,13.3,13.45,12.83,17710423.0,230648101.0,15:34:56,2026-08-14
sh600879,航天电子,15.89,0.09,0.57,15.88,15.89,15.8,15.87,15.98,15.58,48890968.0,771423754.0,15:34:56,2026-08-14
sh600880,博瑞传播,3.98,-0.05,-1.241,3.97,3.98,4.03,4.03,4.06,3.91,17798500.0,70662480.0,15:34:56,2026-08-14
sh600881,亚泰集团,2.18,-0.09,-3.965,2.18,2.19,2.27,2.46,2.47,2.1,747955172.0,1722312761.0,15:34:56,2026-08-14
sh600882,妙可蓝多,21.18,-0.52,-2.396,21.18,21.19,21.7,21.63,21.7,21.11,6650101.0,141491638.0,15:34:56,2026-08-14
sh600883,博闻科技,7.56,0.03,0.398,7.54,7.56,7.53,7.35,7.58,7.35,2560800.0,19216509.0,15:34:56,2026-08-14
sh600884,杉杉股份,12.11,0.12,1.001,12.11,12.12,11.99,11.97,12.45,11.96,53078983.0,645530112.0,15:34:56,2026-08-14
sh600885,宏发股份,36.2,0.18,0.5,36.19,36.2,36.02,36.02,36.46,35.57,18515384.0,667243324.0,15:34:56,2026-08-14
sh600886,国投电力,13.78,-0.17,-1.219,13.78,13.79,13.95,13.94,13.98,13.76,24859306.0,344288440.0,15:34:56,2026-08-14
sh600887,伊利股份,25.51,-0.38,-1.468,25.51,25.52,25.89,25.81,25.89,25.49,43784626.0,1120191468.0,15:34:56,2026-08-14
sh600888,新疆众和,10.37,0.43,4.326,10.36,10.37,9.94,9.94,10.38,9.91,70785824.0,723969975.0,15:34:56,2026-08-14
sh600889,*ST京化,14.52,0.82,5.985,14.52,14.53,13.7,13.7,14.69,13.57,4171200.0,58948099.0,15:34:56,2026-08-14
sh600892,大晟文化,3.77,-0.09,-2.332,3.77,3.78,3.86,3.82,3.86,3.66,45102099.0,168915694.0,15:34:56,2026-08-14
sh600893,航发动力,36.88,0.61,1.682,36.87,36.88,36.27,36.16,37.65,36.16,36708700.0,1359464331.0,15:34:56,2026-08-14
sh600894,广日股份,7.75,-0.05,-0.641,7.75,7.76,7.8,7.81,7.81,7.71,1964500.0,15212641.0,15:34:56,2026-08-14
sh600895,张江高科,32.7,0.08,0.245,32.7,32.71,32.62,32.66,33.1,32.25,22923892.0,747993205.0,15:34:56,2026-08-14
sh600897,厦门空港,14.63,0.0,0.0,14.63,14.64,14.63,14.6,14.69,14.51,813502.0,11880983.0,15:00:03,2026-08-14
sh600900,长江电力,28.1,-0.14,-0.496,28.09,28.1,28.24,28.11,28.21,27.93,73543285.0,2067064986.0,15:34:56,2026-08-14
sh600901,江苏金租,6.5,-0.05,-0.763,6.5,6.51,6.55,6.52,6.6,6.42,32639291.0,212971617.0,15:34:56,2026-08-14
sh600903,贵州燃气,6.29,-0.14,-2.177,6.29,6.3,6.43,6.4,6.43,6.24,22146440.0,139455852.0,15:34:56,2026-08-14
sh600905,三峡能源,3.73,-0.04,-1.061,3.72,3.73,3.77,3.76,3.77,3.72,76223800.0,285000611.0,15:34:56,2026-08-14
sh600906,财达证券,6.58,-0.08,-1.201,6.58,6.59,6.66,6.65,6.75,6.56,25111252.0,166326339.0,15:34:56,2026-08-14
sh600908,无锡银行,5.33,-0.07,-1.296,5.33,5.34,5.4,5.4,5.4,5.33,15689559.0,84016978.0,15:00:03,2026-08-14
sh600909,华安证券,8.28,0.03,0.364,8.28,8.29,8.25,8.26,8.36,8.16,88318828.0,728788119.0,15:34:56,2026-08-14
sh600916,中国黄金,7.53,-0.14,-1.825,7.53,7.54,7.67,7.6,7.62,7.5,22770300.0,171815917.0,15:34:56,2026-08-14
sh600917,重庆燃气,4.79,-0.04,-0.828,4.79,4.8,4.83,4.85,4.85,4.77,3722713.0,17851330.0,15:00:03,2026-08-14
sh600918,中泰证券,5.51,-0.11,-1.957,5.51,5.52,5.62,5.61,5.64,5.5,37214895.0,206311362.0,15:34:56,2026-08-14
sh600919,江苏银行,11.66,-0.03,-0.257,11.66,11.67,11.69,11.65,11.76,11.59,54103125.0,631707710.0,15:34:56,2026-08-14
sh600925,苏能股份,4.36,0.02,0.461,4.35,4.36,4.34,4.32,4.36,4.29,6103900.0,26438071.0,15:34:56,2026-08-14
sh600926,杭州银行,16.28,0.1,0.618,16.27,16.28,16.18,16.13,16.4,16.08,33670333.0,548875871.0,15:34:56,2026-08-14
sh600927,永安期货,12.97,-0.14,-1.068,12.97,12.98,13.11,13.12,13.15,12.93,3224117.0,41974199.0,15:34:56,2026-08-14
sh600928,西安银行,3.49,-0.05,-1.412,3.49,3.5,3.54,3.53,3.53,3.48,17518400.0,61376819.0,15:00:03,2026-08-14
sh600929,雪天盐业,5.17,-0.04,-0.768,5.17,5.18,5.21,5.19,5.25,5.11,13809700.0,71254757.0,15:34:56,2026-08-14
sh600930,华电新能,4.1,-0.1,-2.381,4.1,4.11,4.2,4.19,4.2,4.09,249798061.0,1029660485.0,15:34:56,2026-08-14
sh600933,爱柯迪,13.68,-0.11,-0.798,13.68,13.69,13.79,13.84,13.84,13.52,8876684.0,121487788.0,15:34:56,2026-08-14
sh600935,华塑股份,2.26,-0.02,-0.877,2.26,2.27,2.28,2.28,2.29,2.25,11574700.0,26210754.0,15:00:03,2026-08-14
sh600936,北投科技,5.36,-0.6,-10.067,0.0,5.36,5.96,5.93,5.99,5.36,136348958.0,752032254.0,15:34:56,2026-08-14
sh600938,中国海油,32.67,0.04,0.123,32.67,32.68,32.63,32.15,32.78,31.93,36127680.0,1171841079.0,15:34:56,2026-08-14
sh600939,重庆建工,2.58,-0.03,-1.149,2.58,2.59,2.61,2.61,2.61,2.54,11075200.0,28535451.0,15:00:01,2026-08-14
sh600941,中国移动,97.71,1.6,1.665,97.71,97.79,96.11,95.69,98.13,95.48,13792224.0,1341736132.0,15:34:56,2026-08-14
sh600955,维远股份,12.56,0.03,0.239,12.55,12.56,12.53,12.53,12.69,12.48,1912100.0,24001562.0,15:00:03,2026-08-14
sh600956,新天绿能,7.14,-0.12,-1.653,7.14,7.15,7.26,7.26,7.27,7.13,6953717.0,49788070.0,15:34:56,2026-08-14
sh600958,东方证券,9.07,-0.11,-1.198,9.07,9.08,9.18,9.17,9.21,9.06,48991932.0,446189184.0,15:34:56,2026-08-14
sh600959,江苏有线,3.08,-0.02,-0.645,3.08,3.09,3.1,3.09,3.11,3.04,28456730.0,87349401.0,15:00:03,2026-08-14
sh600960,渤海汽车,3.99,0.0,0.0,3.98,3.99,3.99,4.02,4.11,3.96,12417600.0,49913626.0,15:34:56,2026-08-14
sh600961,株冶集团,28.75,0.51,1.806,28.75,28.76,28.24,28.33,29.12,27.86,39845415.0,1137619011.0,15:34:56,2026-08-14
sh600962,国投中鲁,25.74,-0.02,-0.078,25.74,25.75,25.76,25.68,25.98,25.14,8338691.0,213226404.0,15:34:56,2026-08-14
sh600963,岳阳林纸,3.3,-0.01,-0.302,3.3,3.31,3.31,3.31,3.35,3.22,36776189.0,120860551.0,15:00:03,2026-08-14
sh600965,*ST福成,2.59,-0.06,-2.264,2.59,2.62,2.65,2.65,2.65,2.59,2999000.0,7817155.0,15:00:03,2026-08-14
sh600966,博汇纸业,4.88,-0.01,-0.204,4.88,4.89,4.89,4.9,4.92,4.84,5260900.0,25640612.0,15:00:03,2026-08-14
sh600967,内蒙一机,11.56,-0.05,-0.431,11.56,11.57,11.61,11.61,11.77,11.5,19100813.0,221631975.0,15:34:56,2026-08-14
sh600968,海油发展,3.85,0.01,0.26,3.85,3.86,3.84,3.83,3.88,3.8,25965770.0,99898865.0,15:34:56,2026-08-14
sh600969,郴电国际,8.75,0.12,1.39,8.74,8.75,8.63,8.65,8.92,8.49,12668280.0,110382903.0,15:34:56,2026-08-14
sh600970,中材国际,7.77,-0.03,-0.385,7.77,7.78,7.8,7.79,7.84,7.74,11349575.0,88368401.0,15:34:56,2026-08-14
sh600971,恒源煤电,8.36,0.07,0.844,8.36,8.37,8.29,8.29,8.45,8.14,15073370.0,125685537.0,15:00:01,2026-08-14
sh600973,宝胜股份,6.19,0.08,1.309,6.18,6.19,6.11,6.23,6.32,6.1,32179200.0,199403046.0,15:34:56,2026-08-14
sh600975,新五丰,4.88,-0.1,-2.008,4.87,4.88,4.98,4.97,4.97,4.83,13158900.0,64147205.0,15:34:56,2026-08-14
sh600976,健民集团,29.17,-0.64,-2.147,29.17,29.2,29.81,29.64,30.13,28.91,3017527.0,88768018.0,15:00:03,2026-08-14
sh600977,中国电影,12.33,-0.44,-3.446,12.33,12.34,12.77,12.62,12.7,12.27,49605723.0,615713533.0,15:34:56,2026-08-14
sh600979,广安爱众,3.97,-0.19,-4.567,3.97,3.98,4.16,4.07,4.09,3.92,59885685.0,238597800.0,15:34:56,2026-08-14
sh600980,北矿科技,19.02,0.23,1.224,19.0,19.02,18.79,18.77,19.25,18.77,2396300.0,45545731.0,15:34:56,2026-08-14
sh600981,苏豪汇鸿,2.44,-0.02,-0.813,2.43,2.44,2.46,2.45,2.46,2.4,23669400.0,57460346.0,15:34:56,2026-08-14
sh600982,宁波能源,4.95,-0.15,-2.941,4.94,4.95,5.1,5.1,5.1,4.89,33515600.0,165946800.0,15:34:56,2026-08-14
sh600983,惠而浦,7.68,-0.03,-0.389,7.67,7.68,7.71,7.73,7.76,7.63,1984200.0,15266723.0,15:00:03,2026-08-14
sh600984,建设机械,4.49,0.0,0.0,0.0,0.0,4.49,0.0,0.0,0.0,0.0,0.0,15:45:10,2026-08-14
sh600985,淮北矿业,17.34,1.08,6.642,17.34,17.35,16.26,16.27,17.56,16.06,43790447.0,740696877.0,15:34:56,2026-08-14
sh600986,浙文互联,7.87,-0.13,-1.625,7.87,7.88,8.0,8.0,8.15,7.66,110449106.0,867931136.0,15:34:56,2026-08-14
sh600987,航民股份,6.64,0.03,0.454,6.63,6.64,6.61,6.61,6.66,6.56,3399445.0,22498825.0,15:00:03,2026-08-14
sh600988,赤峰黄金,39.78,1.12,2.897,39.77,39.78,38.66,37.67,39.99,37.5,55812617.0,2176711756.0,15:34:56,2026-08-14
sh600989,宝丰能源,22.89,0.08,0.351,22.89,22.9,22.81,22.81,22.97,22.42,54247526.0,1233781275.0,15:34:56,2026-08-14
sh600990,四创电子,18.6,-0.3,-1.587,18.59,18.6,18.9,18.65,19.05,18.45,4946095.0,92518241.0,15:34:56,2026-08-14
sh600992,贵绳股份,9.91,0.01,0.101,9.91,9.92,9.9,9.9,10.1,9.8,5974583.0,59083303.0,15:34:56,2026-08-14
sh600993,马应龙,23.34,0.06,0.258,23.34,23.36,23.28,23.28,23.58,23.08,4866600.0,113750860.0,15:00:01,2026-08-14
sh600995,南网储能,12.39,-0.26,-2.055,12.39,12.4,12.65,12.64,12.69,12.35,13743044.0,170653597.0,15:34:56,2026-08-14
sh600996,贵广网络,6.92,-0.11,-1.565,6.92,6.93,7.03,7.05,7.07,6.8,18227328.0,125827358.0,15:34:56,2026-08-14
sh600997,开滦股份,5.48,0.06,1.107,5.48,5.49,5.42,5.42,5.53,5.37,8985841.0,49115982.0,15:00:00,2026-08-14
sh600998,九州通,5.06,-0.03,-0.589,5.06,5.07,5.09,5.06,5.15,5.05,26936681.0,137089301.0,15:34:56,2026-08-14
sh600999,招商证券,18.04,-0.2,-1.096,18.04,18.05,18.24,18.22,18.35,17.97,39727203.0,719798048.0,15:34:56,2026-08-14
sh601000,唐山港,4.47,-0.06,-1.325,4.47,4.48,4.53,4.55,4.55,4.47,28803108.0,129509376.0,15:00:00,2026-08-14
sh601001,晋控煤业,17.16,0.0,0.0,17.16,17.17,17.16,17.13,17.43,16.88,17891974.0,306422514.0,15:00:00,2026-08-14
sh601002,晋亿实业,5.26,-0.03,-0.567,5.26,5.27,5.29,5.27,5.31,5.2,11781923.0,61828152.0,15:34:56,2026-08-14
sh601003,柳钢股份,3.71,0.02,0.542,3.71,3.72,3.69,3.7,3.75,3.65,15875299.0,58748857.0,15:34:56,2026-08-14
sh601005,重庆钢铁,1.2,0.0,0.0,1.19,1.2,1.2,1.2,1.21,1.19,49207859.0,58962353.0,15:34:56,2026-08-14
sh601006,大秦铁路,4.69,-0.03,-0.636,4.69,4.7,4.72,4.71,4.72,4.68,84942761.0,399006492.0,15:34:56,2026-08-14
sh601007,金陵饭店,6.69,0.01,0.15,6.69,6.7,6.68,6.73,6.8,6.66,8222899.0,55251665.0,15:34:56,2026-08-14
sh601008,连云港,4.28,-0.06,-1.382,4.27,4.28,4.34,4.33,4.35,4.25,9876247.0,42336580.0,15:00:03,2026-08-14
sh601009,南京银行,11.18,-0.03,-0.268,11.18,11.19,11.21,11.17,11.29,11.11,34045617.0,381233125.0,15:34:56,2026-08-14
sh601010,ST文峰,1.41,-0.03,-2.083,1.41,1.42,1.44,1.43,1.44,1.4,16119265.0,22911532.0,15:00:03,2026-08-14
sh601011,宝泰隆,2.66,-0.01,-0.375,2.66,2.67,2.67,2.66,2.68,2.6,21368800.0,56391703.0,15:34:56,2026-08-14
sh601012,隆基绿能,12.65,-0.05,-0.394,12.65,12.66,12.7,12.72,12.8,12.56,77662202.0,982501828.0,15:34:56,2026-08-14
sh601015,陕西黑猫,3.37,-0.01,-0.296,3.36,3.37,3.38,3.37,3.39,3.29,37174763.0,123982141.0,15:34:56,2026-08-14
sh601016,节能风电,3.55,-0.15,-4.054,3.54,3.55,3.7,3.68,3.69,3.52,224576531.0,799615565.0,15:34:56,2026-08-14
sh601018,宁波港,3.34,0.01,0.3,3.33,3.34,3.33,3.32,3.35,3.3,42173663.0,140379295.0,15:34:56,2026-08-14
sh601019,山东出版,6.91,-0.01,-0.145,6.91,6.92,6.92,6.9,6.93,6.82,8616154.0,59260278.0,15:34:56,2026-08-14
sh601020,华钰矿业,21.94,0.03,0.137,21.93,21.94,21.91,21.82,22.23,21.5,21576628.0,471779663.0,15:34:56,2026-08-14
sh601021,春秋航空,44.12,-0.36,-0.809,44.12,44.13,44.48,44.48,44.69,44.02,4799488.0,212085795.0,15:34:56,2026-08-14
sh601022,宁波远洋,7.92,-0.07,-0.876,7.92,7.93,7.99,7.99,8.07,7.9,3445999.0,27413988.0,15:34:56,2026-08-14
sh601026,道生天合,17.35,0.72,4.33,17.35,17.36,16.63,17.0,17.95,16.69,25570238.0,441416196.0,15:34:56,2026-08-14
sh601033,永兴股份,14.22,-0.03,-0.211,14.22,14.23,14.25,14.3,14.32,14.12,2644666.0,37613147.0,15:00:01,2026-08-14
sh601038,一拖股份,12.67,-0.19,-1.477,12.67,12.68,12.86,12.9,12.93,12.61,5137000.0,65303783.0,15:34:56,2026-08-14
sh601058,赛轮轮胎,13.55,0.17,1.271,13.55,13.56,13.38,13.4,13.6,13.22,25531348.0,342491916.0,15:34:56,2026-08-14
sh601059,信达证券,16.59,-0.21,-1.25,16.59,16.6,16.8,16.81,16.85,16.58,4897125.0,81681956.0,15:34:56,2026-08-14
sh601061,中信金属,11.71,0.11,0.948,11.71,11.72,11.6,11.65,11.74,11.55,14426240.0,168124206.0,15:34:56,2026-08-14
sh601065,江盐集团,6.72,-0.04,-0.592,6.72,6.74,6.76,6.77,6.77,6.68,4215500.0,28308828.0,15:34:56,2026-08-14
sh601066,中信建投,25.54,-0.43,-1.656,25.54,25.55,25.97,25.99,26.13,25.45,23601243.0,606210714.0,15:34:56,2026-08-14
sh601068,中铝国际,4.35,-0.11,-2.466,4.35,4.36,4.46,4.43,4.43,4.24,17303200.0,74702198.0,15:34:56,2026-08-14
sh601069,西部黄金,28.0,0.46,1.67,27.99,28.0,27.54,26.86,28.75,26.71,23898178.0,663025429.0,15:34:56,2026-08-14
sh601077,渝农商行,6.57,0.04,0.613,6.56,6.57,6.53,6.51,6.64,6.46,60136696.0,394484715.0,15:34:56,2026-08-14
sh601083,锦江航运,11.09,-0.1,-0.894,11.09,11.11,11.19,11.21,11.22,11.07,2913900.0,32371347.0,15:00:01,2026-08-14
sh601086,国芳集团,7.84,-0.14,-1.754,7.83,7.84,7.98,7.99,8.03,7.75,10848700.0,84911173.0,15:34:56,2026-08-14
sh601088,中国神华,44.72,0.38,0.857,44.72,44.74,44.34,44.22,44.93,43.82,22025791.0,981899938.0,15:34:56,2026-08-14
sh601089,福元医药,18.19,-0.21,-1.141,18.19,18.2,18.4,18.36,18.65,18.05,3582900.0,65681031.0,15:34:56,2026-08-14
sh601096,宏盛华源,4.25,-0.07,-1.62,4.25,4.26,4.32,4.33,4.35,4.23,19906316.0,84716627.0,15:34:56,2026-08-14
sh601098,中南传媒,10.2,-0.1,-0.971,10.2,10.21,10.3,10.29,10.3,10.17,7385487.0,75494142.0,15:34:56,2026-08-14
sh601099,太平洋,3.47,0.04,1.166,3.47,3.48,3.43,3.44,3.53,3.4,196535299.0,683000544.0,15:34:56,2026-08-14
sh601100,恒立液压,106.28,0.27,0.255,106.28,106.29,106.01,105.99,107.8,104.44,4469230.0,471949018.0,15:34:56,2026-08-14
sh601101,昊华能源,12.84,0.27,2.148,12.84,12.85,12.57,12.52,13.0,12.31,51647676.0,654770891.0,15:34:56,2026-08-14
sh601106,中国一重,3.13,-0.02,-0.635,3.12,3.13,3.15,3.15,3.16,3.11,40545951.0,126828912.0,15:34:56,2026-08-14
sh601107,四川成渝,5.49,-0.04,-0.723,5.49,5.5,5.53,5.54,5.54,5.45,6160556.0,33897988.0,15:34:56,2026-08-14
sh601108,财通证券,8.83,-0.15,-1.67,8.83,8.84,8.98,8.93,9.21,8.82,137739603.0,1237564343.0,15:34:56,2026-08-14
sh601111,中国国航,5.91,-0.03,-0.505,5.91,5.92,5.94,5.94,5.96,5.9,48492945.0,287229569.0,15:34:56,2026-08-14
sh601112,振石股份,15.3,0.2,1.325,15.3,15.31,15.1,15.15,15.39,15.15,3464077.0,52896084.0,15:34:56,2026-08-14
sh601113,华鼎股份,3.39,-0.02,-0.587,3.39,3.4,3.41,3.42,3.45,3.39,6292800.0,21422247.0,15:00:03,2026-08-14
sh601116,三江购物,10.56,-0.24,-2.222,10.55,10.56,10.8,10.74,10.79,10.43,9482600.0,100000638.0,15:34:56,2026-08-14
sh601117,中国化学,7.4,-0.07,-0.937,7.39,7.4,7.47,7.45,7.46,7.38,41748836.0,309322090.0,15:34:56,2026-08-14
sh601118,海南橡胶,5.28,-0.13,-2.403,5.27,5.28,5.41,5.4,5.4,5.19,54155386.0,286074257.0,15:34:56,2026-08-14
sh601121,宝地矿业,7.17,0.04,0.561,7.16,7.17,7.13,7.13,7.22,7.06,9045500.0,64611343.0,15:34:56,2026-08-14
sh601126,四方股份,46.11,-0.99,-2.102,46.11,46.12,47.1,47.21,47.68,45.38,26710728.0,1235367965.0,15:34:56,2026-08-14
sh601127,赛力斯,53.2,-1.08,-1.99,53.19,53.2,54.28,54.21,54.27,52.98,20870360.0,1115257992.0,15:34:56,2026-08-14
sh601128,常熟银行,6.09,-0.04,-0.653,6.09,6.1,6.13,6.12,6.14,6.08,37154926.0,226623816.0,15:34:56,2026-08-14
sh601133,柏诚股份,26.81,0.65,2.485,26.8,26.81,26.16,26.46,27.68,26.28,11560500.0,311622072.0,15:34:56,2026-08-14
sh601136,首创证券,14.21,-0.18,-1.251,14.21,14.22,14.39,14.45,14.47,14.21,8441507.0,120756620.0,15:34:56,2026-08-14
sh601137,博威合金,18.4,0.56,3.139,18.39,18.4,17.84,18.12,18.95,18.05,24104816.0,448044044.0,15:34:56,2026-08-14
sh601138,工业富联,66.19,0.96,1.472,66.19,66.2,65.23,65.6,66.48,64.8,107150313.0,7034739811.0,15:34:56,2026-08-14
sh601139,深圳燃气,6.21,-0.02,-0.321,6.21,6.23,6.23,6.23,6.25,6.17,14425900.0,89599949.0,15:00:03,2026-08-14
sh601155,新城控股,11.15,-0.4,-3.463,11.14,11.15,11.55,11.55,11.57,11.12,30449107.0,342580131.0,15:34:56,2026-08-14
sh601156,东航物流,17.71,-0.2,-1.117,17.71,17.72,17.91,17.81,18.12,17.68,6123195.0,109190854.0,15:00:01,2026-08-14
sh601158,重庆水务,4.12,-0.04,-0.962,4.12,4.13,4.16,4.16,4.16,4.12,5626875.0,23283723.0,15:00:01,2026-08-14
sh601162,天风证券,3.73,-0.07,-1.842,3.73,3.74,3.8,3.78,3.8,3.71,153235744.0,574389906.0,15:34:56,2026-08-14
sh601163,三角轮胎,13.0,-0.07,-0.536,12.99,13.0,13.07,13.09,13.09,12.92,2265348.0,29452553.0,15:00:03,2026-08-14
sh601166,兴业银行,18.03,-0.14,-0.771,18.03,18.04,18.17,18.09,18.16,17.96,64695065.0,1168546286.0,15:34:56,2026-08-14
sh601168,西部矿业,37.14,0.84,2.314,37.13,37.14,36.3,36.0,37.27,35.78,69363376.0,2528511731.0,15:34:56,2026-08-14
sh601169,北京银行,4.96,-0.03,-0.601,4.96,4.97,4.99,4.98,4.99,4.95,86630559.0,430459745.0,15:34:56,2026-08-14
sh601177,杭齿前进,13.17,-0.07,-0.529,13.16,13.17,13.24,13.2,13.33,13.11,4242000.0,55916464.0,15:34:56,2026-08-14
sh601179,中国西电,13.51,-0.34,-2.455,13.51,13.52,13.85,13.81,13.83,13.4,121852555.0,1646768148.0,15:34:56,2026-08-14
sh601186,中国铁建,6.05,-0.02,-0.329,6.05,6.06,6.07,6.08,6.08,6.04,24132035.0,146099933.0,15:34:56,2026-08-14
sh601187,厦门银行,7.37,-0.03,-0.405,7.37,7.38,7.4,7.39,7.52,7.31,17343704.0,128745489.0,15:34:56,2026-08-14
sh601188,龙江交通,2.84,-0.03,-1.045,2.83,2.84,2.87,2.87,2.88,2.82,14464421.0,41116336.0,15:34:56,2026-08-14
sh601198,东兴证券,13.62,-0.26,-1.873,13.61,13.62,13.88,13.88,13.93,13.61,20983852.0,287648467.0,15:34:56,2026-08-14
sh601199,江南水务,6.5,0.1,1.563,6.5,6.51,6.4,6.42,6.51,6.29,19116298.0,123047972.0,15:34:56,2026-08-14
sh601200,上海环境,6.95,-0.03,-0.43,6.95,6.96,6.98,7.0,7.02,6.92,6264128.0,43533784.0,15:00:03,2026-08-14
sh601208,东材科技,47.71,0.79,1.684,47.71,47.72,46.92,46.91,48.65,46.69,62287675.0,2960491321.0,15:34:56,2026-08-14
sh601211,国泰海通,17.95,-0.2,-1.102,17.95,17.96,18.15,18.15,18.27,17.95,54982094.0,993077775.0,15:34:56,2026-08-14
sh601212,白银有色,5.44,-0.05,-0.911,5.44,5.45,5.49,5.44,5.49,5.31,128958799.0,696907651.0,15:34:56,2026-08-14
sh601216,君正集团,4.46,-0.02,-0.446,4.45,4.46,4.48,4.48,4.5,4.45,26183400.0,116998197.0,15:00:03,2026-08-14
sh601218,吉鑫科技,4.58,-0.07,-1.505,4.57,4.58,4.65,4.66,4.68,4.51,27303433.0,124551585.0,15:00:03,2026-08-14
sh601222,林洋能源,5.51,-0.08,-1.431,5.51,5.52,5.59,5.59,5.6,5.51,12302125.0,68062639.0,15:34:56,2026-08-14
sh601225,陕西煤业,25.37,0.29,1.156,25.36,25.37,25.08,25.04,25.61,24.7,36091798.0,910221865.0,15:34:56,2026-08-14
sh601226,华电科工,6.19,-0.03,-0.482,6.19,6.2,6.22,6.2,6.26,6.12,7636929.0,47160591.0,15:34:56,2026-08-14
sh601228,广州港,3.02,-0.01,-0.33,3.02,3.03,3.03,3.02,3.04,3.01,13672500.0,41332230.0,15:00:03,2026-08-14
sh601229,上海银行,9.42,0.11,1.182,9.42,9.43,9.31,9.28,9.53,9.28,83127397.0,785424119.0,15:34:56,2026-08-14
sh601231,环旭电子,27.59,0.37,1.359,27.59,27.6,27.22,27.46,27.99,26.96,19965375.0,549526105.0,15:34:56,2026-08-14
sh601233,桐昆股份,22.84,0.17,0.75,22.83,22.84,22.67,22.77,23.13,22.55,24690042.0,564656108.0,15:34:56,2026-08-14
sh601236,红塔证券,6.91,-0.07,-1.003,6.91,6.92,6.98,6.99,7.0,6.91,10663320.0,73953202.0,15:00:03,2026-08-14
sh601238,广汽集团,5.11,-0.04,-0.777,5.11,5.12,5.15,5.15,5.17,5.11,15916819.0,81617894.0,15:34:56,2026-08-14
sh601279,英利汽车,3.22,-0.02,-0.617,3.2,3.22,3.24,3.23,3.25,3.17,10696000.0,34279135.0,15:00:03,2026-08-14
sh601288,农业银行,6.47,-0.09,-1.372,6.47,6.48,6.56,6.51,6.55,6.46,377827431.0,2457449292.0,15:34:56,2026-08-14
sh601298,青岛港,8.69,0.0,0.0,8.68,8.69,8.69,8.72,8.74,8.61,4732979.0,41100969.0,15:34:56,2026-08-14
sh601311,骆驼股份,7.73,-0.03,-0.387,7.72,7.73,7.76,7.77,7.82,7.71,7413371.0,57448470.0,15:34:56,2026-08-14
sh601318,中国平安,51.75,-1.05,-1.989,51.75,51.76,52.8,52.67,52.77,51.75,64278752.0,3345853597.0,15:34:56,2026-08-14
sh601319,中国人保,6.86,-0.17,-2.418,6.86,6.87,7.03,7.0,7.01,6.85,68749568.0,475004506.0,15:34:56,2026-08-14
sh601326,秦港股份,3.37,0.04,1.201,3.37,3.38,3.33,3.34,3.42,3.31,23687800.0,79974537.0,15:00:01,2026-08-14
sh601328,交通银行,6.88,-0.05,-0.722,6.88,6.89,6.93,6.91,6.96,6.87,128105611.0,884609390.0,15:34:56,2026-08-14
sh601330,绿色动力,7.09,-0.08,-1.116,7.08,7.09,7.17,7.14,7.16,7.0,7985572.0,56449560.0,15:34:56,2026-08-14
sh601333,广深铁路,2.9,-0.03,-1.024,2.9,2.91,2.93,2.93,2.94,2.9,47132548.0,137359896.0,15:34:56,2026-08-14
sh601336,新华保险,57.78,-0.71,-1.214,57.78,57.79,58.49,58.32,58.36,57.61,14054087.0,813684597.0,15:34:56,2026-08-14
sh601339,百隆东方,7.71,-0.14,-1.783,7.7,7.71,7.85,7.85,7.88,7.62,9915440.0,76624321.0,15:34:56,2026-08-14
sh601360,三六零,9.47,0.08,0.852,9.46,9.47,9.39,9.38,9.6,9.25,80343576.0,756353857.0,15:34:56,2026-08-14
sh601366,利群股份,3.5,-0.08,-2.235,3.5,3.51,3.58,3.55,3.58,3.47,10671006.0,37428669.0,15:34:56,2026-08-14
sh601368,绿城水务,4.49,-0.03,-0.664,4.49,4.5,4.52,4.51,4.53,4.46,3135956.0,14085522.0,15:00:03,2026-08-14
sh601369,陕鼓动力,8.94,-0.03,-0.334,8.94,8.95,8.97,8.98,9.0,8.89,7920200.0,70842096.0,15:34:56,2026-08-14
sh601375,XD中原证,4.07,-0.06,-1.453,4.07,4.08,4.13,4.14,4.14,4.07,29048636.0,118953094.0,15:34:56,2026-08-14
sh601377,兴业证券,5.84,-0.04,-0.68,5.83,5.84,5.88,5.88,5.89,5.82,48486670.0,283349533.0,15:34:56,2026-08-14
sh601388,怡球资源,3.29,0.0,0.0,3.28,3.29,3.29,3.3,3.31,3.24,28937400.0,94661010.0,15:34:56,2026-08-14
sh601390,中国中铁,4.36,-0.03,-0.683,4.36,4.37,4.39,4.38,4.39,4.35,53811075.0,234859829.0,15:34:56,2026-08-14
sh601398,工商银行,7.56,-0.04,-0.526,7.56,7.57,7.6,7.54,7.63,7.53,277872900.0,2105515902.0,15:34:56,2026-08-14
sh601399,国机重装,3.22,-0.02,-0.617,3.22,3.23,3.24,3.24,3.25,3.19,45432345.0,146027053.0,15:34:56,2026-08-14
sh601456,国联民生,8.93,-0.11,-1.217,8.93,8.94,9.04,9.05,9.07,8.92,18931553.0,169576300.0,15:34:56,2026-08-14
sh601500,通用股份,3.98,-0.01,-0.251,3.98,3.99,3.99,4.0,4.01,3.95,11163500.0,44401521.0,15:34:56,2026-08-14
sh601512,中新集团,7.78,-0.05,-0.639,7.78,7.79,7.83,7.84,7.84,7.74,1873400.0,14578005.0,15:34:56,2026-08-14
sh601515,衢州东峰,3.42,-0.06,-1.724,3.41,3.42,3.48,3.52,3.52,3.37,16836215.0,57412074.0,15:34:56,2026-08-14
sh601518,吉林高速,2.77,0.0,0.0,2.77,2.78,2.77,2.78,2.79,2.76,7667042.0,21233293.0,15:00:03,2026-08-14
sh601519,大智慧,8.07,-0.15,-1.825,8.07,8.08,8.22,8.23,8.3,7.98,29031100.0,234654483.0,15:34:56,2026-08-14
sh601528,瑞丰银行,4.86,0.0,0.0,4.86,4.87,4.86,4.86,4.93,4.83,16152210.0,78857264.0,15:00:01,2026-08-14
sh601555,东吴证券,7.95,-0.08,-0.996,7.94,7.95,8.03,8.03,8.07,7.94,23006600.0,183877952.0,15:34:56,2026-08-14
sh601566,九牧王,8.41,-0.07,-0.825,8.4,8.41,8.48,8.47,8.52,8.33,3998538.0,33577337.0,15:34:56,2026-08-14
sh601567,三星电气,15.28,-0.4,-2.551,15.27,15.28,15.68,15.65,15.7,15.21,13773575.0,211638499.0,15:34:56,2026-08-14
sh601568,北元化工,3.64,0.0,0.0,3.64,3.65,3.64,3.66,3.67,3.62,8786270.0,32054899.0,15:34:56,2026-08-14
sh601577,长沙银行,9.18,0.0,0.0,9.17,9.18,9.18,9.18,9.25,9.12,13409000.0,123227370.0,15:00:03,2026-08-14
sh601579,会稽山,18.68,1.23,7.049,18.68,18.69,17.45,18.0,19.2,17.96,57464851.0,1081551487.0,15:34:56,2026-08-14
sh601588,北辰实业,1.71,-0.05,-2.841,1.71,1.72,1.76,1.74,1.77,1.68,42345890.0,72386058.0,15:34:56,2026-08-14
sh601595,上海电影,17.41,-0.55,-3.062,17.41,17.42,17.96,17.9,18.2,17.34,7425082.0,130443692.0,15:34:56,2026-08-14
sh601598,中国外运,6.41,-0.05,-0.774,6.41,6.42,6.46,6.48,6.51,6.39,9821434.0,63342686.0,15:00:03,2026-08-14
sh601599,浙文影业,3.04,-0.02,-0.654,3.03,3.04,3.06,3.05,3.08,3.01,12735100.0,38643106.0,15:34:56,2026-08-14
sh601600,XD中国铝,9.26,0.03,0.325,9.25,9.26,9.23,9.11,9.29,9.09,128111273.0,1177906907.0,15:34:56,2026-08-14
sh601601,中国太保,29.92,-0.51,-1.676,29.92,29.93,30.43,30.3,30.38,29.91,34908684.0,1049456991.0,15:34:56,2026-08-14
sh601606,长城军工,34.0,-1.1,-3.134,34.0,34.01,35.1,34.73,35.45,33.73,30890704.0,1058862623.0,15:34:56,2026-08-14
sh601607,上海医药,16.59,-0.19,-1.132,16.59,16.6,16.78,16.79,16.85,16.56,9301060.0,155184400.0,15:34:56,2026-08-14
sh601608,中信重工,4.83,-0.04,-0.821,4.83,4.84,4.87,4.88,4.9,4.76,26559000.0,127821987.0,15:34:56,2026-08-14
sh601609,金田股份,10.95,1.0,10.05,10.95,0.0,9.95,10.1,10.95,10.04,59204554.0,636052606.0,15:34:56,2026-08-14
sh601611,中国核建,11.28,0.11,0.985,11.27,11.28,11.17,11.2,11.28,11.12,28825600.0,323677311.0,15:34:56,2026-08-14
sh601615,明阳智能,11.65,-0.47,-3.878,11.64,11.65,12.12,12.18,12.19,11.51,65360794.0,766750613.0,15:34:56,2026-08-14
sh601616,广电电气,3.69,-0.03,-0.806,3.69,3.7,3.72,3.7,3.72,3.66,14145900.0,52105583.0,15:34:56,2026-08-14
sh601618,中国中冶,2.56,-0.01,-0.389,2.56,2.57,2.57,2.56,2.58,2.54,62697932.0,160527266.0,15:34:56,2026-08-14
sh601619,嘉泽新能,4.32,-0.15,-3.356,4.32,4.33,4.47,4.35,4.36,4.2,96427717.0,412733176.0,15:34:56,2026-08-14
sh601628,中国人寿,36.84,-0.62,-1.655,36.84,36.85,37.46,37.31,37.38,36.81,25699191.0,949844870.0,15:34:56,2026-08-14
sh601633,长城汽车,15.42,-0.09,-0.58,15.42,15.43,15.51,15.5,15.55,15.31,10126243.0,156233865.0,15:34:56,2026-08-14
sh601636,旗滨集团,6.07,0.06,0.998,6.06,6.07,6.01,6.04,6.11,5.98,48667348.0,294796413.0,15:34:56,2026-08-14
sh601658,邮储银行,4.92,-0.03,-0.606,4.92,4.93,4.95,4.94,4.94,4.92,75165447.0,370385772.0,15:34:56,2026-08-14
sh601665,齐鲁银行,6.22,-0.03,-0.48,6.21,6.22,6.25,6.24,6.27,6.18,26976062.0,167952759.0,15:34:56,2026-08-14
sh601666,平煤股份,9.59,0.6,6.674,9.59,9.6,8.99,9.03,9.65,8.91,57324380.0,537549388.0,15:34:56,2026-08-14
sh601668,中国建筑,4.4,-0.04,-0.901,4.39,4.4,4.44,4.44,4.44,4.39,162247231.0,715228809.0,15:34:56,2026-08-14
sh601669,中国电建,4.7,0.01,0.213,4.69,4.7,4.69,4.68,4.7,4.66,69806661.0,326877243.0,15:34:56,2026-08-14
sh601677,明泰铝业,16.28,-0.16,-0.973,16.28,16.29,16.44,16.34,16.43,16.14,21050453.0,342514371.0,15:34:56,2026-08-14
sh601678,滨化股份,7.07,-0.05,-0.702,7.06,7.07,7.12,7.2,7.35,6.99,121052325.0,862397940.0,15:34:56,2026-08-14
sh601686,友发集团,5.12,-0.02,-0.389,5.12,5.13,5.14,5.13,5.15,5.09,3575600.0,18313867.0,15:00:03,2026-08-14
sh601688,华泰证券,19.39,-0.17,-0.869,19.39,19.4,19.56,19.56,19.66,19.36,47334528.0,922245835.0,15:34:56,2026-08-14
sh601689,拓普集团,49.51,-0.18,-0.362,49.5,49.51,49.69,49.88,50.1,49.04,16446615.0,814111481.0,15:34:56,2026-08-14
sh601696,中银证券,11.88,-0.2,-1.656,11.88,11.89,12.08,12.05,12.15,11.8,31987150.0,381011909.0,15:34:56,2026-08-14
sh601698,中国卫通,26.49,0.22,0.837,26.48,26.49,26.27,26.45,26.57,26.02,16019133.0,421391332.0,15:34:56,2026-08-14
sh601699,潞安环能,16.42,0.45,2.818,16.42,16.43,15.97,15.99,16.44,15.81,35340050.0,572779603.0,15:34:56,2026-08-14
sh601700,风范股份,6.56,-0.54,-7.606,6.56,6.57,7.1,7.04,7.1,6.39,201098214.0,1303696939.0,15:34:56,2026-08-14
sh601702,华峰铝业,14.98,-0.09,-0.597,14.98,14.99,15.07,15.08,15.08,14.77,5108813.0,76177331.0,15:34:56,2026-08-14
sh601717,中创智领,15.39,0.03,0.195,15.38,15.39,15.36,15.36,15.45,15.22,9986781.0,153275327.0,15:34:56,2026-08-14
sh601718,ST际华,1.85,0.01,0.543,1.85,1.86,1.84,1.85,1.86,1.81,28897001.0,53136619.0,15:34:56,2026-08-14
sh601727,上海电气,6.71,-0.07,-1.032,6.71,6.72,6.78,6.79,6.8,6.7,44634105.0,300358669.0,15:34:56,2026-08-14
sh601728,中国电信,6.57,0.14,2.177,6.56,6.57,6.43,6.41,6.6,6.41,135065455.0,884080877.0,15:34:56,2026-08-14
sh601766,中国中车,5.88,-0.02,-0.339,5.88,5.89,5.9,5.88,5.91,5.83,101312460.0,595358579.0,15:34:56,2026-08-14
sh601777,千里科技,8.19,-0.03,-0.365,8.19,8.21,8.22,8.28,8.35,8.08,20429531.0,168210448.0,15:34:56,2026-08-14
sh601778,晶科科技,3.82,-0.07,-1.799,3.82,3.83,3.89,3.86,3.87,3.71,135250516.0,510788641.0,15:34:56,2026-08-14
sh601788,光大证券,14.57,-0.24,-1.621,14.57,14.58,14.81,14.81,14.86,14.54,23424113.0,343181532.0,15:34:56,2026-08-14
sh601789,宁波建工,4.62,-0.11,-2.326,4.61,4.62,4.73,4.74,4.78,4.53,157016851.0,724389874.0,15:34:56,2026-08-14
sh601798,蓝科高新,7.54,0.0,0.0,7.54,7.55,7.54,7.55,7.61,7.47,3560900.0,26823359.0,15:00:03,2026-08-14
sh601799,星宇股份,92.01,-2.42,-2.563,92.01,92.02,94.43,94.21,94.56,92.01,2236601.0,207282979.0,15:34:56,2026-08-14
sh601800,中国交建,5.93,-0.04,-0.67,5.93,5.94,5.97,5.97,5.97,5.92,20121345.0,119488307.0,15:34:56,2026-08-14
sh601801,皖新传媒,5.41,-0.01,-0.185,5.41,5.42,5.42,5.45,5.45,5.36,7164649.0,38733078.0,15:34:56,2026-08-14
sh601808,中海油服,11.9,0.01,0.084,11.9,11.91,11.89,11.84,11.91,11.72,10383025.0,122837988.0,15:34:56,2026-08-14
sh601811,新华文轩,11.91,-0.02,-0.168,11.91,11.92,11.93,11.85,11.95,11.78,1915593.0,22739760.0,15:34:56,2026-08-14
sh601816,京沪高铁,4.9,-0.07,-1.408,4.9,4.91,4.97,4.97,4.97,4.9,90195788.0,444452626.0,15:34:56,2026-08-14
sh601818,光大银行,3.0,-0.02,-0.662,3.0,3.01,3.02,3.01,3.02,3.0,137831192.0,414473269.0,15:34:56,2026-08-14
sh601825,沪农商行,8.65,0.13,1.526,8.65,8.66,8.52,8.45,8.85,8.45,52414237.0,457042557.0,15:34:56,2026-08-14
sh601827,三峰环境,8.41,-0.19,-2.209,8.4,8.41,8.6,8.56,8.66,8.39,9826700.0,83329044.0,15:34:56,2026-08-14
sh601828,美凯龙,2.15,-0.06,-2.715,2.15,2.16,2.21,2.21,2.21,2.14,51840822.0,112128662.0,15:34:56,2026-08-14
sh601838,成都银行,18.06,-0.1,-0.551,18.06,18.08,18.16,18.08,18.21,18.0,11068326.0,200287078.0,15:34:56,2026-08-14
sh601857,中国石油,10.66,0.1,0.947,10.66,10.67,10.56,10.48,10.72,10.43,94759952.0,1007397989.0,15:34:56,2026-08-14
sh601858,中国科传,24.52,-1.12,-4.368,24.52,24.53,25.64,25.22,25.64,24.42,16790869.0,416816306.0,15:34:56,2026-08-14
sh601860,紫金银行,2.52,-0.02,-0.787,2.52,2.53,2.54,2.54,2.54,2.52,33532796.0,84848961.0,15:34:56,2026-08-14
sh601865,福莱特,10.75,-0.09,-0.83,10.75,10.76,10.84,10.89,10.93,10.61,23462855.0,252376362.0,15:34:56,2026-08-14
sh601866,中远海发,2.35,0.0,0.0,2.34,2.35,2.35,2.35,2.36,2.33,37136600.0,87233339.0,15:34:56,2026-08-14
sh601868,中国能建,2.54,-0.01,-0.392,2.54,2.55,2.55,2.56,2.56,2.53,223230676.0,567954353.0,15:34:56,2026-08-14
sh601869,长飞光纤,355.18,17.67,5.235,355.18,355.19,337.51,343.0,363.0,338.6,14623491.0,5121248761.0,15:34:56,2026-08-14
sh601872,招商轮船,17.05,-0.08,-0.467,17.04,17.05,17.13,17.32,17.5,16.81,51783251.0,883120271.0,15:34:56,2026-08-14
sh601877,正泰电器,25.01,-0.27,-1.068,25.01,25.02,25.28,25.19,25.33,24.81,13670103.0,342053061.0,15:34:56,2026-08-14
sh601878,浙商证券,9.32,-0.13,-1.376,9.32,9.33,9.45,9.45,9.47,9.3,26810727.0,250806861.0,15:34:56,2026-08-14
sh601880,辽港股份,1.43,-0.02,-1.379,1.43,1.44,1.45,1.45,1.46,1.43,62079825.0,89361163.0,15:34:56,2026-08-14
sh601881,中国银河,12.21,-0.14,-1.134,12.21,12.22,12.35,12.34,12.38,12.19,24607947.0,301423558.0,15:34:56,2026-08-14
sh601882,海天精工,20.3,-0.36,-1.742,20.3,20.31,20.66,20.78,21.26,20.01,9873914.0,201770409.0,15:34:56,2026-08-14
sh601886,江河集团,11.75,0.22,1.908,11.75,11.76,11.53,11.53,12.08,10.82,46149056.0,529651023.0,15:34:56,2026-08-14
sh601888,中国中免,54.06,-0.91,-1.655,54.06,54.07,54.97,55.0,55.01,53.86,27260149.0,1478277711.0,15:34:56,2026-08-14
sh601890,亚星锚链,9.18,0.59,6.868,9.17,9.18,8.59,8.56,9.45,8.54,105605823.0,977646448.0,15:34:56,2026-08-14
sh601898,中煤能源,14.05,0.12,0.861,14.04,14.05,13.93,13.93,14.15,13.77,38454816.0,537548525.0,15:34:56,2026-08-14
sh601899,紫金矿业,32.53,0.32,0.993,32.53,32.54,32.21,31.8,32.66,31.75,194376501.0,6276856673.0,15:34:56,2026-08-14
sh601900,南方传媒,11.83,0.01,0.085,11.82,11.83,11.82,11.75,11.92,11.73,4675942.0,55306934.0,15:00:03,2026-08-14
sh601901,方正证券,6.9,-0.09,-1.288,6.9,6.91,6.99,6.99,7.0,6.89,46371560.0,321307443.0,15:34:56,2026-08-14
sh601908,京运通,3.09,-0.09,-2.83,3.09,3.1,3.18,3.15,3.21,3.07,52736647.0,163894325.0,15:34:56,2026-08-14
sh601916,浙商银行,2.93,0.0,0.0,2.92,2.93,2.93,2.92,2.95,2.92,91619497.0,268765856.0,15:34:56,2026-08-14
sh601918,新集能源,9.94,-0.03,-0.301,9.94,9.95,9.97,9.95,10.04,9.77,29343433.0,291479532.0,15:34:56,2026-08-14
sh601919,中远海控,15.39,0.14,0.918,15.39,15.4,15.25,15.32,15.49,15.27,51665120.0,795928244.0,15:34:56,2026-08-14
sh601921,浙版传媒,7.27,-0.06,-0.819,7.27,7.28,7.33,7.3,7.32,7.23,4365678.0,31739290.0,15:00:01,2026-08-14
sh601928,凤凰传媒,9.2,0.04,0.437,9.2,9.21,9.16,9.18,9.24,9.12,6731123.0,61797321.0,15:34:56,2026-08-14
sh601929,吉视传媒,2.41,-0.07,-2.823,2.41,2.42,2.48,2.49,2.49,2.37,80527400.0,194204119.0,15:34:56,2026-08-14
sh601933,永辉超市,3.19,-0.09,-2.744,3.19,3.2,3.28,3.27,3.28,3.17,143484607.0,459404964.0,15:34:56,2026-08-14
sh601939,建设银行,10.24,-0.06,-0.583,10.24,10.25,10.3,10.23,10.35,10.23,105153925.0,1081259710.0,15:34:56,2026-08-14
sh601949,中国出版,5.17,-0.14,-2.637,5.17,5.18,5.31,5.31,5.31,5.12,17918110.0,92929062.0,15:34:56,2026-08-14
sh601952,苏垦农发,8.08,-0.06,-0.737,8.07,8.08,8.14,8.13,8.15,8.02,6713630.0,54186710.0,15:00:03,2026-08-14
sh601956,东贝集团,4.88,-0.01,-0.204,4.87,4.88,4.89,4.89,4.93,4.85,3402800.0,16584018.0,15:00:03,2026-08-14
sh601958,金钼股份,22.61,0.21,0.938,22.61,22.62,22.4,22.3,22.85,22.26,29435472.0,664136934.0,15:34:56,2026-08-14
sh601963,重庆银行,10.81,-0.14,-1.279,10.81,10.82,10.95,10.94,10.94,10.73,7033526.0,76391866.0,15:34:56,2026-08-14
sh601965,中国汽研,13.84,-0.04,-0.288,13.84,13.85,13.88,13.96,13.96,13.75,4730289.0,65424090.0,15:34:56,2026-08-14
sh601966,玲珑轮胎,10.94,-0.16,-1.441,10.94,10.95,11.1,11.11,11.13,10.94,7230711.0,79489516.0,15:34:56,2026-08-14
sh601968,宝钢包装,4.38,-0.04,-0.905,4.37,4.38,4.42,4.42,4.43,4.35,4849800.0,21225458.0,15:00:01,2026-08-14
sh601969,海南矿业,9.18,0.07,0.768,9.17,9.18,9.11,9.11,9.26,9.06,14052000.0,128529332.0,15:34:56,2026-08-14
sh601975,招商南油,3.56,-0.01,-0.28,3.56,3.57,3.57,3.6,3.6,3.54,99345134.0,354140061.0,15:34:56,2026-08-14
sh601985,中国核电,8.78,-0.04,-0.454,8.78,8.79,8.82,8.8,8.81,8.77,44756472.0,393129577.0,15:34:56,2026-08-14
sh601988,中国银行,5.88,-0.07,-1.176,5.88,5.89,5.95,5.93,5.95,5.87,197405197.0,1166287000.0,15:34:56,2026-08-14
sh601990,南京证券,6.65,-0.08,-1.189,6.65,6.66,6.73,6.73,6.74,6.65,18789112.0,125434185.0,15:00:01,2026-08-14
sh601991,大唐发电,6.48,-0.44,-6.358,6.48,6.49,6.92,6.93,6.97,6.34,877965402.0,5727683232.0,15:34:56,2026-08-14
sh601992,金隅集团,1.39,-0.02,-1.418,1.39,1.4,1.41,1.41,1.42,1.39,33801750.0,47204949.0,15:34:56,2026-08-14
sh601995,中金公司,34.79,-0.58,-1.64,34.79,34.8,35.37,35.47,35.59,34.76,16906153.0,591779916.0,15:34:56,2026-08-14
sh601996,丰林集团,2.45,-0.06,-2.39,2.45,2.46,2.51,2.51,2.52,2.43,20815500.0,51154035.0,15:00:03,2026-08-14
sh601997,贵阳银行,5.56,-0.03,-0.537,5.56,5.57,5.59,5.58,5.59,5.55,26532740.0,147766535.0,15:34:56,2026-08-14
sh601998,中信银行,7.7,0.01,0.13,7.7,7.72,7.69,7.68,7.8,7.61,44462986.0,343405166.0,15:34:56,2026-08-14
sh601999,出版传媒,6.29,-0.45,-6.677,6.29,6.3,6.74,6.52,6.52,6.19,37616607.0,236954703.0,15:34:56,2026-08-14
sh603000,人民网,16.66,-0.19,-1.128,16.65,16.66,16.85,16.7,17.08,16.36,18110618.0,301159493.0,15:34:56,2026-08-14
sh603001,奥康国际,7.49,0.04,0.537,7.48,7.49,7.45,7.45,7.55,7.29,12191200.0,90728021.0,15:34:56,2026-08-14
sh603002,宏昌电子,15.99,0.86,5.684,15.98,15.99,15.13,15.21,16.64,15.21,98671640.0,1586423602.0,15:34:56,2026-08-14
sh603004,鼎龙科技,20.2,0.17,0.849,20.19,20.2,20.03,20.05,20.4,19.95,2418611.0,48729424.0,15:00:03,2026-08-14
sh603005,晶方科技,33.51,0.41,1.239,33.51,33.52,33.1,33.5,33.74,32.88,27442352.0,913512033.0,15:34:56,2026-08-14
sh603006,联明股份,11.18,0.03,0.269,11.18,11.22,11.15,11.12,11.28,11.1,1773500.0,19825915.0,15:00:01,2026-08-14
sh603007,顺景科技,4.8,-0.13,-2.637,4.79,4.8,4.93,4.9,4.93,4.74,24227988.0,116366169.0,15:34:56,2026-08-14
sh603008,ST喜临门,7.7,-0.41,-5.055,7.69,7.7,8.11,8.11,8.17,7.7,8642900.0,68648565.0,15:34:56,2026-08-14
sh603009,北特科技,47.99,-0.51,-1.052,47.98,47.99,48.5,48.49,49.69,47.28,13928414.0,670398465.0,15:34:56,2026-08-14
sh603010,万盛股份,11.26,0.17,1.533,11.25,11.26,11.09,11.1,11.29,10.98,4831640.0,53820487.0,15:00:03,2026-08-14
sh603011,合锻智能,24.25,-0.31,-1.262,24.24,24.25,24.56,24.23,24.85,23.75,62271213.0,1513240731.0,15:34:56,2026-08-14
sh603012,创力集团,9.43,0.3,3.286,9.42,9.43,9.13,9.31,10.04,9.13,81848985.0,787485422.0,15:34:56,2026-08-14
sh603013,亚普股份,16.39,-0.23,-1.384,16.39,16.48,16.62,16.69,16.69,16.31,2887180.0,47464873.0,15:34:56,2026-08-14
sh603014,威高血净,33.87,-0.23,-0.674,33.87,33.89,34.1,34.15,34.3,33.61,1448100.0,49030341.0,15:00:03,2026-08-14
sh603015,弘讯科技,10.69,-0.05,-0.466,10.68,10.69,10.74,10.75,10.8,10.57,3234500.0,34500506.0,15:34:56,2026-08-14
sh603016,新宏泰,29.23,-0.56,-1.88,29.23,29.25,29.79,29.92,29.93,28.9,2315016.0,67688922.0,15:00:03,2026-08-14
sh603017,中衡设计,9.5,-0.01,-0.105,9.5,9.51,9.51,9.55,9.57,9.4,3316600.0,31424252.0,15:00:03,2026-08-14
sh603018,华设集团,5.3,-0.03,-0.563,5.3,5.31,5.33,5.34,5.36,5.27,5442098.0,28894535.0,15:34:56,2026-08-14
sh603019,中科曙光,89.36,-0.27,-0.301,89.35,89.36,89.63,89.65,90.76,88.08,50142174.0,4463757094.0,15:34:56,2026-08-14
sh603020,爱普股份,10.24,-0.16,-1.538,10.24,10.25,10.4,10.64,10.64,10.05,7834100.0,80090701.0,15:34:56,2026-08-14
sh603021,*ST华鹏,6.15,0.06,0.985,6.15,6.16,6.09,6.08,6.21,5.96,6178120.0,37677635.0,15:34:56,2026-08-14
sh603022,新通联,8.66,0.04,0.464,8.63,8.66,8.62,8.62,8.67,8.52,2206850.0,18992201.0,15:34:56,2026-08-14
sh603023,威帝股份,4.06,-0.02,-0.49,4.06,4.07,4.08,4.08,4.1,3.99,9610238.0,38886058.0,15:34:56,2026-08-14
sh603025,大豪科技,15.18,1.38,10.0,15.18,0.0,13.8,14.7,15.18,14.7,20877436.0,315161430.0,15:34:56,2026-08-14
sh603026,石大胜华,67.43,1.17,1.766,67.42,67.43,66.26,66.45,71.1,66.16,12174324.0,829278463.0,15:34:56,2026-08-14
sh603027,千禾味业,7.31,-0.13,-1.747,7.3,7.31,7.44,7.45,7.46,7.27,14312347.0,104839458.0,15:34:56,2026-08-14
sh603028,赛福天,6.92,0.02,0.29,6.91,6.92,6.9,6.9,6.97,6.83,2733030.0,18838795.0,15:00:03,2026-08-14
sh603029,天鹅股份,15.55,0.12,0.778,15.55,15.57,15.43,15.45,15.64,15.31,1495200.0,23156544.0,15:00:03,2026-08-14
sh603030,全筑股份,2.05,-0.05,-2.381,2.05,2.06,2.1,2.12,2.13,2.02,31146104.0,63830720.0,15:34:56,2026-08-14
sh603031,安孚科技,41.71,1.41,3.499,41.71,41.72,40.3,40.1,41.99,40.08,11507280.0,475868066.0,15:34:56,2026-08-14
sh603032,德新科技,19.21,0.05,0.261,19.21,19.23,19.16,19.17,19.46,18.85,6196761.0,118698652.0,15:34:56,2026-08-14
sh603033,三维股份,7.87,0.13,1.68,7.87,7.88,7.74,7.8,8.1,7.61,9486545.0,74076995.0,15:00:03,2026-08-14
sh603035,常熟汽饰,11.01,0.0,0.0,11.01,11.02,11.01,11.0,11.09,10.94,2662700.0,29322308.0,15:00:03,2026-08-14
sh603036,如通股份,13.55,-0.09,-0.66,13.55,13.56,13.64,13.56,13.73,13.36,4470700.0,60383503.0,15:34:56,2026-08-14
sh603037,凯众股份,10.41,0.11,1.068,10.4,10.41,10.3,10.35,10.43,10.21,2649980.0,27406589.0,15:00:01,2026-08-14
sh603038,华立股份,16.09,-0.17,-1.046,16.09,16.1,16.26,16.6,16.6,15.65,10070230.0,162321900.0,15:34:56,2026-08-14
sh603039,泛微网络,44.9,-1.46,-3.149,44.9,44.91,46.36,46.67,48.3,43.45,39220249.0,1771605213.0,15:34:56,2026-08-14
sh603040,新坐标,56.43,-0.34,-0.599,56.36,56.43,56.77,57.01,57.98,55.21,1168250.0,65606050.0,15:34:56,2026-08-14
sh603041,美思德,10.89,0.09,0.833,10.89,10.9,10.8,10.8,10.98,10.75,1747200.0,18991240.0,15:00:01,2026-08-14
sh603042,华脉科技,13.6,0.24,1.796,13.6,13.61,13.36,13.43,13.66,13.32,7085090.0,95689296.0,15:34:56,2026-08-14
sh603043,广州酒家,13.64,-0.05,-0.365,13.62,13.64,13.69,13.67,13.78,13.5,3726300.0,50794382.0,15:00:01,2026-08-14
sh603045,福达合金,53.59,-0.4,-0.741,53.59,53.6,53.99,53.88,54.42,52.1,7155185.0,381901814.0,15:34:56,2026-08-14
sh603048,浙江黎明,21.97,-0.03,-0.136,21.97,21.98,22.0,22.1,22.48,21.74,1546300.0,34148752.0,15:00:01,2026-08-14
sh603049,中策橡胶,47.12,-0.39,-0.821,47.12,47.13,47.51,47.55,47.79,47.04,1212000.0,57219336.0,15:34:56,2026-08-14
sh603050,科林电气,17.94,0.01,0.056,17.93,17.95,17.93,17.95,17.96,17.62,2235183.0,39813296.0,15:34:56,2026-08-14
sh603051,鹿山新材,21.73,0.09,0.416,21.71,21.73,21.64,21.71,21.82,21.32,3128525.0,67405148.0,15:34:56,2026-08-14
sh603052,可川科技,57.73,1.36,2.413,57.73,57.75,56.37,57.33,59.98,55.32,8571101.0,491249873.0,15:34:56,2026-08-14
sh603053,成都燃气,8.76,0.03,0.344,8.76,8.77,8.73,8.74,8.77,8.66,1617800.0,14125112.0,15:00:03,2026-08-14
sh603055,台华新材,8.96,-0.02,-0.223,8.95,8.96,8.98,8.98,9.16,8.86,7277353.0,65530617.0,15:34:56,2026-08-14
sh603057,紫燕食品,22.82,0.42,1.875,22.82,22.83,22.4,22.63,23.05,22.07,3072600.0,69701063.0,15:00:01,2026-08-14
sh603058,永吉股份,9.77,-0.07,-0.711,9.76,9.77,9.84,9.87,9.89,9.68,5171500.0,50570604.0,15:34:56,2026-08-14
sh603059,倍加洁,25.01,-0.39,-1.535,25.01,25.02,25.4,25.1,25.6,24.71,1687400.0,42224931.0,15:00:03,2026-08-14
sh603060,国检集团,5.44,-0.02,-0.366,5.43,5.44,5.46,5.46,5.48,5.39,4672310.0,25349765.0,15:34:56,2026-08-14
sh603061,金海通,333.22,-4.76,-1.408,333.21,333.22,337.98,342.0,343.45,322.07,3675362.0,1214827004.0,15:34:56,2026-08-14
sh603062,麦加芯彩,38.12,-0.74,-1.904,38.02,38.12,38.86,39.3,39.32,37.91,288229.0,11053802.0,15:00:01,2026-08-14
sh603063,禾望电气,34.44,0.09,0.262,34.44,34.45,34.35,35.0,35.08,34.1,21971095.0,758990796.0,15:34:56,2026-08-14
sh603065,宿迁联盛,16.05,0.04,0.25,16.05,16.06,16.01,16.33,16.53,15.56,29424500.0,470599379.0,15:34:56,2026-08-14
sh603066,音飞储存,9.09,-0.01,-0.11,9.09,9.1,9.1,9.11,9.2,9.07,2880800.0,26251691.0,15:00:03,2026-08-14
sh603067,振华股份,33.2,-1.22,-3.544,33.2,33.21,34.42,34.35,34.8,32.91,29129447.0,977141731.0,15:34:56,2026-08-14
sh603068,博通集成,41.44,0.94,2.321,41.43,41.44,40.5,41.09,41.8,39.66,12253172.0,498110125.0,15:34:56,2026-08-14
sh603069,海汽集团,13.17,-0.13,-0.977,13.17,13.18,13.3,13.45,13.47,13.08,2597324.0,34189839.0,15:00:01,2026-08-14
sh603070,万控智造,11.59,-0.11,-0.94,11.58,11.59,11.7,11.75,11.75,11.5,2334894.0,27106907.0,15:34:56,2026-08-14
sh603071,物产环能,11.95,-0.16,-1.321,11.95,11.96,12.11,12.05,12.08,11.89,2080400.0,24884273.0,15:00:01,2026-08-14
sh603072,天和磁材,32.04,0.29,0.913,32.04,32.05,31.75,31.89,32.45,31.81,1744144.0,55970935.0,15:34:56,2026-08-14
sh603073,彩蝶实业,16.58,0.23,1.407,16.58,16.59,16.35,16.35,16.77,16.18,1639900.0,27034259.0,15:00:03,2026-08-14
sh603075,热威股份,18.93,-0.07,-0.368,18.92,18.93,19.0,18.99,19.02,18.85,1415700.0,26786552.0,15:00:03,2026-08-14
sh603076,乐惠国际,21.53,-0.41,-1.869,21.52,21.53,21.94,21.86,22.39,21.41,3899098.0,84678701.0,15:00:03,2026-08-14
sh603077,和邦生物,2.37,0.02,0.851,2.36,2.37,2.35,2.34,2.38,2.32,106530420.0,250504143.0,15:34:56,2026-08-14
sh603078,江化微,36.18,-0.26,-0.714,36.17,36.18,36.44,36.5,37.5,35.3,28832404.0,1046409006.0,15:34:56,2026-08-14
sh603079,圣达生物,13.41,1.22,10.008,13.41,0.0,12.19,12.13,13.41,12.1,8956339.0,116588443.0,15:00:03,2026-08-14
sh603080,新疆火炬,18.59,-0.17,-0.906,18.59,18.6,18.76,18.62,18.8,18.5,979030.0,18183599.0,15:00:03,2026-08-14
sh603081,大丰实业,9.58,-0.08,-0.828,9.58,9.59,9.66,9.73,9.73,9.55,3227400.0,30987777.0,15:34:56,2026-08-14
sh603082,北自科技,40.15,-0.44,-1.084,40.14,40.15,40.59,40.78,41.1,39.52,3060859.0,122720083.0,15:34:56,2026-08-14
sh603083,剑桥科技,185.9,16.9,10.0,185.9,0.0,169.0,170.19,185.9,170.0,39781693.0,7130649388.0,15:34:56,2026-08-14
sh603085,天成自控,10.07,0.09,0.902,10.05,10.07,9.98,9.93,10.17,9.93,3045800.0,30550124.0,15:00:03,2026-08-14
sh603086,先达股份,5.59,-0.02,-0.357,5.59,5.6,5.61,5.61,5.67,5.55,4445048.0,24842871.0,15:34:56,2026-08-14
sh603087,甘李药业,74.98,-2.5,-3.227,74.98,74.99,77.48,76.01,79.79,74.4,23418182.0,1786809127.0,15:34:56,2026-08-14
sh603088,宁波精达,9.35,0.04,0.43,9.35,9.36,9.31,9.34,9.4,9.2,4264800.0,39728116.0,15:00:03,2026-08-14
sh603089,正裕工业,9.75,0.89,10.045,9.75,0.0,8.86,8.89,9.75,8.82,6183995.0,58832130.0,15:34:56,2026-08-14
sh603090,宏盛股份,39.8,0.37,0.938,39.8,39.83,39.43,39.61,40.0,39.33,1690208.0,67069297.0,15:34:56,2026-08-14
sh603091,众鑫股份,50.47,1.76,3.613,50.47,50.48,48.71,49.1,51.45,48.9,1030180.0,51793784.0,15:34:56,2026-08-14
sh603092,德力佳,48.58,-0.87,-1.759,48.58,48.59,49.45,49.67,49.67,48.36,1430969.0,69762872.0,15:00:03,2026-08-14
sh603093,南华期货,11.89,-0.31,-2.541,11.89,11.9,12.2,12.32,12.34,11.79,13870440.0,165773762.0,15:34:56,2026-08-14
sh603095,越剑智能,14.94,1.36,10.015,14.94,0.0,13.58,13.52,14.94,13.52,8217778.0,119247990.0,15:00:03,2026-08-14
sh603096,新经典,15.27,0.03,0.197,15.27,15.29,15.24,15.23,15.37,14.94,1704357.0,25828769.0,15:00:03,2026-08-14
sh603097,江苏华辰,19.99,-0.59,-2.867,19.98,19.99,20.58,20.52,20.66,19.7,3667800.0,73485449.0,15:00:03,2026-08-14
sh603098,森特股份,9.98,-0.03,-0.3,9.97,9.98,10.01,10.09,10.09,9.84,3305871.0,32839301.0,15:00:03,2026-08-14
sh603099,长白山,39.99,-0.1,-0.249,39.99,40.0,40.09,39.8,40.83,39.7,6191200.0,248567908.0,15:34:56,2026-08-14
sh603100,川仪股份,17.55,-0.51,-2.824,17.55,17.61,18.06,18.15,18.15,17.48,6835559.0,120697032.0,15:34:56,2026-08-14
sh603101,汇嘉时代,7.12,-0.13,-1.793,7.12,7.13,7.25,7.21,7.29,7.05,9194785.0,65481831.0,15:34:56,2026-08-14
sh603102,百合股份,39.46,-1.77,-4.293,39.46,39.47,41.23,40.14,42.87,38.2,5801783.0,232793471.0,15:34:56,2026-08-14
sh603103,横店影视,15.28,-0.36,-2.302,15.28,15.29,15.64,15.5,15.64,15.03,7266100.0,110859996.0,15:34:56,2026-08-14
sh603105,芯能科技,7.07,-0.1,-1.395,7.06,7.07,7.17,7.16,7.17,6.98,7503006.0,52860949.0,15:34:56,2026-08-14
sh603106,恒银科技,8.62,-0.34,-3.795,8.62,8.63,8.96,8.96,9.58,8.36,58257000.0,513837632.0,15:34:56,2026-08-14
sh603107,上海汽配,12.02,0.05,0.418,12.02,12.03,11.97,11.98,12.14,11.95,1399570.0,16802701.0,15:34:56,2026-08-14
sh603108,润达医疗,10.46,-0.09,-0.853,10.46,10.47,10.55,10.6,10.71,10.29,21057268.0,220403590.0,15:34:56,2026-08-14
sh603109,神驰机电,17.55,0.11,0.631,17.54,17.55,17.44,17.44,17.65,17.32,1574600.0,27575306.0,15:34:56,2026-08-14
sh603110,东方材料,25.22,-0.72,-2.776,25.22,25.23,25.94,25.93,26.35,24.12,22235028.0,558188392.0,15:34:56,2026-08-14
sh603111,康尼机电,5.74,0.0,0.0,5.74,5.75,5.74,5.76,5.79,5.71,4021700.0,23089595.0,15:00:03,2026-08-14
sh603112,华翔股份,14.92,-0.14,-0.93,14.92,14.93,15.06,15.06,15.16,14.72,3381500.0,50313542.0,15:34:56,2026-08-14
sh603113,金能科技,4.55,-0.05,-1.087,4.55,4.57,4.6,4.59,4.61,4.5,9534365.0,43338614.0,15:00:03,2026-08-14
sh603115,海星股份,85.45,7.77,10.003,85.45,0.0,77.68,78.88,85.45,78.46,16673270.0,1370645136.0,15:34:56,2026-08-14
sh603116,红蜻蜓,6.22,0.12,1.967,6.21,6.22,6.1,6.13,6.23,6.04,4791680.0,29335561.0,15:34:56,2026-08-14
sh603117,万林物流,3.75,-0.03,-0.794,3.75,3.76,3.78,3.77,3.81,3.71,5966300.0,22357927.0,15:00:03,2026-08-14
sh603118,共进股份,17.56,1.6,10.025,17.56,0.0,15.96,16.36,17.56,16.27,112627950.0,1949605839.0,15:34:56,2026-08-14
sh603119,浙江荣泰,53.87,-0.25,-0.462,53.87,53.88,54.12,54.32,54.93,53.12,7023553.0,378283118.0,15:34:56,2026-08-14
sh603120,肯特催化,47.43,0.08,0.169,47.39,47.43,47.35,47.8,47.98,46.72,1501974.0,71094081.0,15:00:03,2026-08-14
sh603121,华培动力,12.52,-0.09,-0.714,12.5,12.52,12.61,12.59,12.66,12.3,4223826.0,52635380.0,15:00:03,2026-08-14
sh603122,合富中国,12.45,-0.05,-0.4,12.45,12.46,12.5,12.44,12.63,12.13,27297400.0,337359068.0,15:34:56,2026-08-14
sh603123,翠微股份,9.22,-0.08,-0.86,9.22,9.23,9.3,9.3,9.58,9.1,21487664.0,198724372.0,15:34:56,2026-08-14
sh603124,江南新材,144.28,5.29,3.806,144.28,144.29,138.99,140.19,145.0,138.52,4438619.0,629088292.0,15:34:56,2026-08-14
sh603125,常青科技,24.19,0.43,1.81,24.18,24.19,23.76,23.62,24.35,23.62,3473296.0,83504681.0,15:34:56,2026-08-14
sh603126,中材节能,5.98,-0.01,-0.167,5.97,5.98,5.99,6.0,6.02,5.91,4880501.0,29050404.0,15:34:56,2026-08-14
sh603127,昭衍新药,51.3,-0.6,-1.156,51.3,51.31,51.9,51.0,52.11,49.95,39913112.0,2035222966.0,15:34:56,2026-08-14
sh603128,华贸物流,5.28,-0.02,-0.377,5.27,5.28,5.3,5.3,5.32,5.26,5796855.0,30636847.0,15:00:03,2026-08-14
sh603129,春风动力,284.99,3.5,1.243,284.65,284.99,281.49,282.0,287.39,276.17,1893355.0,533609475.0,15:00:03,2026-08-14
sh603130,云中马,41.98,-0.66,-1.548,41.96,41.98,42.64,42.64,42.79,41.5,1248400.0,52367406.0,15:34:56,2026-08-14
sh603131,上海沪工,15.52,0.06,0.388,15.51,15.52,15.46,15.46,15.64,15.25,5401505.0,83416667.0,15:34:56,2026-08-14
sh603132,金徽股份,18.45,0.12,0.655,18.45,18.48,18.33,18.16,18.54,17.85,8301800.0,151009998.0,15:00:03,2026-08-14
sh603135,中重科技,9.37,-0.04,-0.425,9.37,9.38,9.41,9.42,9.47,9.21,6493460.0,60608519.0,15:00:03,2026-08-14
sh603136,天目湖,8.98,0.0,0.0,8.98,8.99,8.98,9.0,9.05,8.87,2574300.0,23102915.0,15:00:00,2026-08-14
sh603137,恒尚节能,26.08,-2.9,-10.007,0.0,26.08,28.98,29.35,29.88,26.08,33973250.0,913042631.0,15:34:56,2026-08-14
sh603138,海量数据,13.35,0.06,0.451,13.35,13.36,13.29,13.39,13.6,13.04,6801100.0,90374436.0,15:34:56,2026-08-14
sh603139,康惠股份,35.44,-0.65,-1.801,35.4,35.44,36.09,36.09,36.65,34.98,2114300.0,75147812.0,15:00:03,2026-08-14
sh603150,万朗磁塑,54.6,0.46,0.85,54.6,54.68,54.14,54.1,55.5,53.66,1201800.0,65549112.0,15:00:01,2026-08-14
sh603151,邦基科技,15.87,0.45,2.918,15.86,15.87,15.42,15.29,16.43,15.19,8807800.0,139882310.0,15:34:56,2026-08-14
sh603153,上海建科,13.16,-0.03,-0.227,13.15,13.16,13.19,13.5,13.52,13.05,3197080.0,42399408.0,15:00:03,2026-08-14
sh603155,新亚强,14.02,0.35,2.56,14.01,14.02,13.67,13.62,14.02,13.62,7388295.0,102584211.0,15:34:56,2026-08-14
sh603156,养元饮品,51.7,1.8,3.607,51.69,51.7,49.9,50.1,52.12,49.03,12115593.0,616195423.0,15:34:56,2026-08-14
sh603158,腾龙股份,10.76,0.43,4.163,10.76,10.77,10.33,10.32,11.04,10.31,41074077.0,443840610.0,15:34:56,2026-08-14
sh603159,上海亚虹,21.04,0.64,3.137,21.03,21.05,20.4,20.6,21.59,20.41,3678520.0,77652822.0,15:00:03,2026-08-14
sh603160,汇顶科技,51.13,-0.05,-0.098,51.12,51.13,51.18,51.32,51.74,50.63,3453945.0,176534930.0,15:34:56,2026-08-14
sh603161,科华控股,16.68,0.25,1.522,16.67,16.68,16.43,16.59,17.0,16.43,6594238.0,110349060.0,15:34:56,2026-08-14
sh603162,海通发展,11.33,0.05,0.443,11.32,11.33,11.28,11.29,11.59,10.93,36656550.0,411498640.0,15:34:56,2026-08-14
sh603163,圣晖集成,86.89,1.58,1.852,86.88,86.89,85.31,85.98,87.5,83.83,2539890.0,217676396.0,15:34:56,2026-08-14
sh603165,荣晟环保,13.56,0.02,0.148,13.56,13.57,13.54,13.54,13.62,13.41,2206400.0,29815402.0,15:34:56,2026-08-14
sh603166,福达股份,11.32,-0.09,-0.789,11.32,11.33,11.41,11.53,11.53,11.25,5092952.0,57815984.0,15:34:56,2026-08-14
sh603167,渤海轮渡,8.64,-0.07,-0.804,8.64,8.65,8.71,8.73,8.73,8.61,2947700.0,25510724.0,15:34:56,2026-08-14
sh603168,莎普爱思,5.56,-0.03,-0.537,5.55,5.56,5.59,5.61,5.67,5.49,4620200.0,25681417.0,15:00:03,2026-08-14
sh603169,兰石重装,6.71,-0.13,-1.901,6.71,6.73,6.84,6.91,6.92,6.7,9470582.0,63931076.0,15:00:03,2026-08-14
sh603170,宝立食品,12.65,-0.21,-1.633,12.64,12.65,12.86,12.9,12.93,12.56,3380900.0,42778543.0,15:00:03,2026-08-14
sh603171,税友股份,45.86,-0.25,-0.542,45.85,45.86,46.11,45.76,48.99,44.39,11046888.0,508290581.0,15:34:56,2026-08-14
sh603172,万丰股份,17.38,-0.22,-1.25,17.38,17.41,17.6,17.64,17.68,17.23,1576231.0,27422182.0,15:00:03,2026-08-14
sh603173,福斯达,31.44,0.14,0.447,31.44,31.45,31.3,31.5,32.0,31.2,812646.0,25615022.0,15:00:03,2026-08-14
sh603175,超颖电子,95.69,3.85,4.192,95.69,95.7,91.84,92.95,95.73,91.0,2886054.0,272564978.0,15:34:56,2026-08-14
sh603176,汇通集团,4.73,0.06,1.285,4.72,4.73,4.67,4.69,4.74,4.62,4340931.0,20324210.0,15:00:03,2026-08-14
sh603177,德创环保,10.23,0.93,10.0,10.23,0.0,9.3,9.41,10.23,9.26,9780300.0,96993120.0,15:34:56,2026-08-14
sh603178,圣龙股份,17.34,-0.51,-2.857,17.34,17.35,17.85,17.78,17.99,17.1,14073801.0,244012902.0,15:34:56,2026-08-14
sh603179,新泉股份,40.35,-0.93,-2.253,40.34,40.35,41.28,41.26,41.5,39.74,20386868.0,825251047.0,15:34:56,2026-08-14
sh603180,金牌家居,15.62,0.29,1.892,15.62,15.63,15.33,15.26,15.79,15.15,2186596.0,33914965.0,15:34:56,2026-08-14
sh603181,皇马科技,12.94,-0.08,-0.614,12.94,12.95,13.02,13.09,13.09,12.82,4583066.0,59270994.0,15:34:56,2026-08-14
sh603182,嘉华股份,12.87,0.18,1.418,12.86,12.87,12.69,12.8,13.12,12.63,1889500.0,24313273.0,15:00:03,2026-08-14
sh603183,建研院,4.62,-0.06,-1.282,4.62,4.63,4.68,4.71,4.75,4.55,12797874.0,58963704.0,15:34:56,2026-08-14
sh603185,弘元绿能,17.0,0.18,1.07,17.0,17.01,16.82,16.88,17.2,16.7,7706633.0,130506431.0,15:34:56,2026-08-14
sh603186,华正新材,167.55,15.23,9.999,167.55,0.0,152.32,155.1,167.55,155.1,9441036.0,1538855228.0,15:34:56,2026-08-14
sh603187,海容冷链,12.38,-0.01,-0.081,12.37,12.38,12.39,12.39,12.47,12.29,4599400.0,56939587.0,15:34:56,2026-08-14
sh603188,亚邦股份,4.59,-0.15,-3.165,4.59,4.6,4.74,4.81,4.98,4.56,37576008.0,175498667.0,15:34:56,2026-08-14
sh603189,*ST网达,9.41,-0.19,-1.979,9.41,9.42,9.6,9.59,9.59,9.32,2112600.0,19935323.0,15:34:56,2026-08-14
sh603190,亚通精工,16.68,-0.04,-0.239,16.66,16.68,16.72,16.77,16.78,16.4,1548320.0,25705279.0,15:00:03,2026-08-14
sh603191,望变电气,16.09,-0.85,-5.018,16.08,16.09,16.94,16.95,16.98,15.96,34750983.0,566294695.0,15:34:56,2026-08-14
sh603192,汇得科技,21.19,-0.11,-0.516,21.18,21.19,21.3,21.06,21.62,20.95,1435020.0,30371011.0,15:34:56,2026-08-14
sh603193,润本股份,20.66,-0.21,-1.006,20.66,20.67,20.87,20.92,20.92,20.41,2445883.0,50401387.0,15:00:03,2026-08-14
sh603194,中力股份,33.55,0.03,0.089,33.55,33.58,33.52,33.74,33.83,33.35,839590.0,28193986.0,15:34:56,2026-08-14
sh603195,公牛集团,40.07,-0.34,-0.841,40.07,40.09,40.41,40.35,40.35,40.0,2094321.0,83991387.0,15:00:03,2026-08-14
sh603196,璞源材料,21.08,0.36,1.737,21.05,21.08,20.72,20.71,21.15,20.53,1373700.0,28723380.0,15:34:56,2026-08-14
sh603197,保隆科技,30.4,-0.17,-0.556,30.4,30.41,30.57,30.61,30.77,30.2,1577734.0,47997839.0,15:00:01,2026-08-14
sh603198,迎驾贡酒,41.27,-0.59,-1.409,41.27,41.29,41.86,41.82,42.38,41.03,5550576.0,230682512.0,15:34:56,2026-08-14
sh603199,九华旅游,32.86,-0.02,-0.061,32.85,32.86,32.88,32.82,32.98,32.41,1024800.0,33542774.0,15:34:56,2026-08-14
sh603200,上海洗霸,37.2,-0.28,-0.747,37.2,37.24,37.48,37.56,38.18,36.82,3517296.0,131271895.0,15:34:56,2026-08-14
sh603201,常润股份,16.0,-0.3,-1.84,15.99,16.0,16.3,16.28,16.28,15.87,3747220.0,60020944.0,15:34:56,2026-08-14
sh603202,天有为,52.27,-0.71,-1.34,52.27,52.28,52.98,52.98,53.25,52.25,846589.0,44541513.0,15:00:03,2026-08-14
sh603203,快克智能,45.09,1.68,3.87,45.08,45.09,43.41,44.28,45.29,43.58,7652456.0,340944757.0,15:34:56,2026-08-14
sh603205,健尔康,21.85,-0.02,-0.091,21.85,21.86,21.87,21.87,22.1,21.71,623838.0,13655342.0,15:00:03,2026-08-14
sh603206,嘉环科技,14.35,-0.08,-0.554,14.35,14.36,14.43,14.5,14.6,14.19,5055088.0,72491375.0,15:34:56,2026-08-14
sh603207,小方制药,24.0,-0.22,-0.908,23.99,24.0,24.22,24.06,24.48,23.68,2449652.0,58941941.0,15:34:56,2026-08-14
sh603208,江山欧派,11.35,-0.16,-1.39,11.34,11.35,11.51,11.51,11.51,11.07,2524492.0,28362118.0,15:00:03,2026-08-14
sh603209,兴通股份,13.43,-0.09,-0.666,13.43,13.44,13.52,13.52,13.52,13.35,2049620.0,27492988.0,15:00:03,2026-08-14
sh603210,泰鸿万立,13.69,-0.08,-0.581,13.69,13.7,13.77,13.76,13.9,13.65,1962300.0,26902568.0,15:00:03,2026-08-14
sh603211,晋拓股份,27.07,0.25,0.932,27.05,27.07,26.82,26.85,27.11,26.25,5332000.0,142268599.0,15:00:03,2026-08-14
sh603212,赛伍技术,11.65,0.07,0.604,11.65,11.66,11.58,11.6,11.84,11.45,10770213.0,124860222.0,15:34:56,2026-08-14
sh603213,镇洋发展,13.85,-0.06,-0.431,13.85,13.86,13.91,13.86,13.94,13.78,1550302.0,21457174.0,15:34:56,2026-08-14
sh603214,爱婴室,13.66,0.06,0.441,13.65,13.66,13.6,13.6,13.76,13.46,1496200.0,20355479.0,15:00:03,2026-08-14
sh603215,比依股份,14.53,-0.07,-0.479,14.53,14.54,14.6,14.6,14.69,14.43,802899.0,11653114.0,15:34:56,2026-08-14
sh603216,梦天家居,20.57,-0.28,-1.343,20.57,20.58,20.85,20.85,20.95,20.42,2216300.0,45664926.0,15:00:03,2026-08-14
sh603217,元利科技,25.84,0.54,2.134,25.84,25.87,25.3,25.34,26.5,25.03,4788872.0,123927565.0,15:34:56,2026-08-14
sh603218,日月股份,9.83,-0.11,-1.107,9.83,9.84,9.94,9.95,9.98,9.74,6852500.0,67290491.0,15:00:03,2026-08-14
sh603219,富佳股份,14.51,-0.45,-3.008,14.51,14.55,14.96,14.75,15.03,14.45,2451300.0,35908568.0,15:00:03,2026-08-14
sh603220,中贝通信,20.34,0.55,2.779,20.34,20.35,19.79,19.99,20.6,19.47,49069536.0,988997634.0,15:34:56,2026-08-14
sh603221,爱丽家居,27.27,0.0,0.0,0.0,0.0,27.27,0.0,0.0,0.0,0.0,0.0,15:45:15,2026-08-14
sh603222,济民健康,8.97,-0.06,-0.664,8.96,8.97,9.03,9.01,9.18,8.8,20779102.0,186159318.0,15:34:56,2026-08-14
sh603223,恒通股份,10.8,0.11,1.029,10.79,10.8,10.69,10.7,11.01,10.58,10830500.0,117274849.0,15:00:03,2026-08-14
sh603225,新凤鸣,18.79,-0.09,-0.477,18.79,18.81,18.88,18.81,19.2,18.64,10139982.0,190511727.0,15:34:56,2026-08-14
sh603226,菲林格尔,53.5,3.34,6.659,53.5,53.52,50.16,50.2,53.5,49.77,3957600.0,205795467.0,15:34:56,2026-08-14
sh603227,雪峰科技,7.62,0.03,0.395,7.62,7.63,7.59,7.61,7.65,7.51,4682500.0,35600307.0,15:34:56,2026-08-14
sh603228,景旺电子,98.01,0.81,0.833,98.01,98.02,97.2,98.17,99.6,94.5,50949292.0,4952789391.0,15:34:56,2026-08-14
sh603229,奥翔药业,8.37,-0.03,-0.357,8.36,8.37,8.4,8.4,8.49,8.23,8882582.0,74194830.0,15:34:56,2026-08-14
sh603230,内蒙新华,9.28,0.07,0.76,9.28,9.29,9.21,9.26,9.33,9.08,2442200.0,22467283.0,15:00:03,2026-08-14
sh603231,索宝蛋白,15.94,0.14,0.886,15.93,15.94,15.8,15.81,15.94,15.71,1864443.0,29534262.0,15:34:56,2026-08-14
sh603232,格尔软件,15.9,-0.54,-3.285,15.9,15.91,16.44,16.39,16.85,15.71,16781798.0,269788183.0,15:34:56,2026-08-14
sh603233,大参林,17.91,-0.03,-0.167,17.91,17.95,17.94,18.15,18.45,17.88,8012677.0,144942738.0,15:34:56,2026-08-14
sh603235,天新药业,23.31,-0.35,-1.479,23.31,23.38,23.66,23.84,23.84,23.22,712400.0,16681661.0,15:00:03,2026-08-14
sh603236,移远通信,60.69,1.26,2.12,60.68,60.69,59.43,61.02,63.49,59.9,47124615.0,2887022254.0,15:34:56,2026-08-14
sh603237,五芳斋,14.29,-0.13,-0.902,14.29,14.3,14.42,14.39,14.77,13.68,1927900.0,27680701.0,15:34:56,2026-08-14
sh603238,诺邦股份,12.19,0.05,0.412,12.19,12.21,12.14,12.18,12.35,12.03,1844040.0,22441649.0,15:00:03,2026-08-14
sh603239,浙江仙通,14.44,-0.04,-0.276,14.44,14.45,14.48,14.51,14.57,14.32,1899000.0,27401586.0,15:00:01,2026-08-14
sh603248,锡华科技,18.86,-0.05,-0.264,18.86,18.87,18.91,19.1,19.13,18.67,2513579.0,47303267.0,15:34:56,2026-08-14
sh603255,鼎际得,29.34,0.79,2.767,29.33,29.34,28.55,28.55,29.49,28.4,1058399.0,30658640.0,15:34:56,2026-08-14
sh603256,宏和科技,154.18,2.5,1.648,154.18,154.19,151.68,151.0,156.5,145.5,23395582.0,3566835520.0,15:34:56,2026-08-14
sh603257,中国瑞林,64.3,0.96,1.516,64.28,64.3,63.34,63.3,64.82,62.79,1008510.0,64197007.0,15:00:01,2026-08-14
sh603258,电魂网络,13.08,-0.08,-0.608,13.08,13.09,13.16,13.25,13.32,12.79,3679413.0,47904549.0,15:34:56,2026-08-14
sh603259,药明康德,159.24,-3.09,-1.904,159.23,159.24,162.33,160.5,163.0,157.5,54590148.0,8723220338.0,15:34:56,2026-08-14
sh603260,合盛硅业,35.48,0.46,1.314,35.48,35.49,35.02,34.98,35.7,34.8,8253242.0,290882589.0,15:34:56,2026-08-14
sh603261,立航科技,56.1,-1.27,-2.214,56.1,56.15,57.37,58.0,62.98,55.0,4873450.0,282677584.0,15:34:56,2026-08-14
sh603262,技源集团,18.62,-0.3,-1.586,18.61,18.62,18.92,18.98,18.98,18.62,3310500.0,62007475.0,15:34:56,2026-08-14
sh603266,天龙股份,15.86,0.0,0.0,15.85,15.86,15.86,16.02,16.02,15.75,1537500.0,24352159.0,15:00:03,2026-08-14
sh603267,鸿远电子,52.29,-0.47,-0.891,52.29,52.3,52.76,52.76,52.97,51.55,8726232.0,456325470.0,15:34:56,2026-08-14
sh603268,松发股份,179.26,6.0,3.463,179.26,179.28,173.26,173.26,180.65,173.26,5824672.0,1040078582.0,15:34:56,2026-08-14
sh603269,海鸥股份,17.7,0.09,0.511,17.7,17.71,17.61,17.64,17.83,17.18,25509811.0,447155664.0,15:34:56,2026-08-14
sh603270,金帝股份,28.33,0.01,0.035,28.3,28.33,28.32,28.1,28.5,27.8,3071600.0,86431463.0,15:00:03,2026-08-14
sh603271,永杰新材,42.56,0.46,1.093,42.53,42.56,42.1,42.0,42.65,42.0,1077054.0,45559416.0,15:34:56,2026-08-14
sh603272,*ST联翔,14.63,-1.16,-7.346,14.63,14.65,15.79,15.41,15.68,14.52,6133200.0,91659180.0,15:34:56,2026-08-14
sh603273,天元智能,14.24,0.0,0.0,14.23,14.24,14.24,14.24,14.4,14.12,1535601.0,21833071.0,15:00:03,2026-08-14
sh603275,众辰科技,36.6,-0.13,-0.354,36.55,36.6,36.73,37.18,37.18,36.21,620600.0,22679332.0,15:00:03,2026-08-14
sh603276,恒兴新材,15.54,0.04,0.258,15.53,15.54,15.5,15.5,15.78,15.35,1792990.0,27765149.0,15:00:03,2026-08-14
sh603277,银都股份,11.34,-1.15,-9.207,11.33,11.34,12.49,11.99,12.09,11.24,13525836.0,155587256.0,15:34:56,2026-08-14
sh603278,大业股份,9.53,-0.04,-0.418,9.52,9.53,9.57,9.56,9.66,9.35,12710100.0,120242277.0,15:34:56,2026-08-14
sh603279,景津装备,12.31,-0.21,-1.677,12.31,12.32,12.52,12.5,12.56,12.31,4704920.0,58283676.0,15:34:56,2026-08-14
sh603280,南方路机,27.6,0.7,2.602,27.6,27.61,26.9,26.91,29.55,26.08,6145139.0,168223558.0,15:34:56,2026-08-14
sh603281,江瀚新材,21.1,-0.06,-0.284,21.09,21.1,21.16,21.21,21.4,20.73,3163993.0,66322251.0,15:00:03,2026-08-14
sh603282,亚光股份,14.98,0.16,1.08,14.98,14.99,14.82,14.9,15.11,14.74,1075000.0,16103686.0,15:00:01,2026-08-14
sh603283,赛腾股份,48.25,1.98,4.279,48.25,48.26,46.27,47.0,48.8,46.24,27158290.0,1289032025.0,15:34:56,2026-08-14
sh603284,林平发展,44.39,0.92,2.116,44.39,44.4,43.47,43.47,46.66,42.28,4602069.0,205441353.0,15:00:03,2026-08-14
sh603285,键邦股份,33.7,0.35,1.049,33.66,33.7,33.35,33.2,35.4,32.91,6090736.0,208029336.0,15:00:03,2026-08-14
sh603286,日盈电子,41.95,-0.8,-1.871,41.95,41.97,42.75,42.76,43.83,41.2,3087490.0,129805206.0,15:34:56,2026-08-14
sh603288,海天味业,35.82,-0.38,-1.05,35.82,35.85,36.2,36.17,36.17,35.75,9329366.0,334622898.0,15:34:56,2026-08-14
sh603289,泰瑞机器,8.94,0.04,0.449,8.94,8.95,8.9,8.9,9.24,8.78,10575551.0,95055287.0,15:34:56,2026-08-14
sh603290,斯达半导,87.12,0.43,0.496,87.11,87.12,86.69,87.52,88.4,85.6,4468811.0,387586780.0,15:34:56,2026-08-14
sh603291,联合水务,8.9,-0.13,-1.44,8.9,8.91,9.03,9.01,9.08,8.81,3404012.0,30300765.0,15:34:56,2026-08-14
sh603293,埃泰克,36.43,0.01,0.027,36.42,36.43,36.42,36.52,36.59,36.01,1307041.0,47491052.0,15:34:56,2026-08-14
sh603296,华勤技术,85.96,-0.01,-0.012,85.95,85.96,85.97,85.97,88.1,84.2,36108431.0,3097139168.0,15:34:56,2026-08-14
sh603297,永新光学,106.08,3.3,3.211,106.07,106.08,102.78,104.86,107.44,102.8,1749490.0,184421966.0,15:34:56,2026-08-14
sh603298,杭叉集团,25.52,-0.19,-0.739,25.52,25.53,25.71,25.65,25.8,25.45,3312600.0,84756574.0,15:00:01,2026-08-14
sh603299,苏盐井神,8.94,0.03,0.337,8.93,8.94,8.91,8.92,8.96,8.82,4288557.0,38224028.0,15:00:03,2026-08-14
sh603300,海南华铁,4.99,-0.11,-2.157,4.99,5.0,5.1,5.03,5.07,4.93,54725653.0,273147036.0,15:34:56,2026-08-14
sh603301,振德医疗,83.52,-0.66,-0.784,83.52,83.74,84.18,84.42,85.54,82.54,1548100.0,129409865.0,15:34:56,2026-08-14
sh603303,得邦照明,22.93,0.48,2.138,22.93,22.97,22.45,22.45,23.04,22.35,1638004.0,37366910.0,15:00:03,2026-08-14
sh603305,旭升集团,11.67,-0.11,-0.934,11.67,11.68,11.78,11.83,11.84,11.53,14324341.0,167150401.0,15:34:56,2026-08-14
sh603306,华懋科技,73.0,1.0,1.389,73.0,73.01,72.0,72.16,74.0,70.87,11453882.0,829849517.0,15:34:56,2026-08-14
sh603307,扬州金泉,24.7,0.04,0.162,24.69,24.7,24.66,24.66,24.87,24.48,495150.0,12215768.0,15:00:03,2026-08-14
sh603308,应流股份,48.98,0.58,1.198,48.97,48.98,48.4,48.94,49.28,47.8,10991483.0,533751856.0,15:34:56,2026-08-14
sh603309,维力医疗,11.99,0.15,1.267,11.99,12.0,11.84,11.85,12.12,11.72,7132370.0,85319622.0,15:34:56,2026-08-14
sh603310,巍华新材,14.74,-0.08,-0.54,14.74,14.75,14.82,14.83,14.87,14.69,1992200.0,29397596.0,15:00:03,2026-08-14
sh603311,金海高科,30.08,0.28,0.94,30.08,30.1,29.8,29.8,30.13,29.32,3602500.0,107137296.0,15:34:56,2026-08-14
sh603312,西典新能,33.38,0.9,2.771,33.38,33.39,32.48,32.4,34.0,32.28,1677540.0,55932536.0,15:00:03,2026-08-14
sh603313,梦百合,6.34,-0.01,-0.157,6.34,6.35,6.35,6.34,6.45,6.23,12423690.0,78591070.0,15:34:56,2026-08-14
sh603315,福鞍股份,12.04,0.19,1.603,12.04,12.05,11.85,11.89,12.08,11.79,6799700.0,81369099.0,15:00:03,2026-08-14
sh603316,诚邦股份,14.19,0.09,0.638,14.19,14.2,14.1,14.29,14.41,13.93,8136800.0,115237816.0,15:34:56,2026-08-14
sh603317,天味食品,14.28,-0.42,-2.857,14.27,14.28,14.7,14.65,14.73,14.12,12666722.0,181845796.0,15:34:56,2026-08-14
sh603318,水发燃气,8.86,-0.09,-1.006,8.86,8.87,8.95,8.95,9.02,8.75,20259996.0,179308004.0,15:34:56,2026-08-14
sh603319,美湖股份,27.5,0.02,0.073,27.48,27.5,27.48,27.62,27.8,26.96,7794305.0,213347114.0,15:34:56,2026-08-14
sh603320,迪贝电气,16.61,-0.01,-0.06,16.61,16.62,16.62,16.69,16.76,16.39,1466261.0,24348834.0,15:00:03,2026-08-14
sh603321,梅轮电梯,6.29,0.04,0.64,6.28,6.29,6.25,6.24,6.31,6.19,3433600.0,21484171.0,15:00:01,2026-08-14
sh603322,超讯科技,27.82,0.19,0.688,27.82,27.83,27.63,27.88,27.99,27.25,6482800.0,179535524.0,15:34:56,2026-08-14
sh603323,苏农银行,4.13,-0.02,-0.482,4.13,4.14,4.15,4.15,4.17,4.12,22349224.0,92580441.0,15:00:03,2026-08-14
sh603324,盛剑科技,28.55,0.78,2.809,28.55,28.56,27.77,27.82,28.64,27.82,3624140.0,102651265.0,15:34:56,2026-08-14
sh603325,博隆技术,53.53,-0.45,-0.834,53.52,53.55,53.98,53.9,54.45,53.48,274400.0,14762853.0,15:00:00,2026-08-14
sh603326,我乐家居,6.75,-0.03,-0.442,6.75,6.76,6.78,6.75,6.82,6.65,2490200.0,16764374.0,15:00:03,2026-08-14
sh603327,福蓉科技,9.07,0.05,0.554,9.07,9.08,9.02,9.02,9.16,8.94,20606643.0,186427354.0,15:34:56,2026-08-14
sh603328,依顿电子,10.79,0.03,0.279,10.79,10.8,10.76,10.85,10.89,10.65,19233246.0,207069862.0,15:34:56,2026-08-14
sh603329,上海雅仕,10.26,0.09,0.885,10.26,10.27,10.17,10.16,10.3,10.12,2127100.0,21739809.0,15:00:03,2026-08-14
sh603330,天洋新材,10.68,0.97,9.99,10.68,0.0,9.71,10.19,10.68,10.19,25378889.0,268205504.0,15:34:56,2026-08-14
sh603331,百达精工,13.16,-0.17,-1.275,13.15,13.16,13.33,13.45,13.45,13.06,4251700.0,56075339.0,15:34:56,2026-08-14
sh603332,苏州龙杰,11.19,0.03,0.269,11.18,11.19,11.16,11.23,11.3,11.03,2349700.0,26244157.0,15:34:56,2026-08-14
sh603333,福华尚纬,9.09,-0.07,-0.764,9.08,9.09,9.16,9.28,9.28,8.97,14002700.0,127207730.0,15:34:56,2026-08-14
sh603334,丰倍生物,32.45,-0.58,-1.756,32.45,32.47,33.03,33.0,33.15,32.18,1301371.0,42327222.0,15:00:03,2026-08-14
sh603335,迪生力,6.74,0.02,0.298,6.73,6.74,6.72,6.72,6.79,6.6,9836100.0,65827459.0,15:00:03,2026-08-14
sh603336,宏辉果蔬,9.17,-0.49,-5.072,9.17,9.18,9.66,9.66,9.8,9.05,26191999.0,243417467.0,15:34:56,2026-08-14
sh603337,杰克科技,38.99,-0.58,-1.466,38.99,39.0,39.57,39.36,39.71,38.47,5946900.0,231513935.0,15:34:56,2026-08-14
sh603338,浙江鼎力,55.6,-1.03,-1.819,55.6,55.63,56.63,56.79,56.84,55.36,4650465.0,259313074.0,15:34:56,2026-08-14
sh603339,四方科技,13.74,-0.05,-0.363,13.74,13.75,13.79,13.81,13.87,13.6,5020008.0,68921794.0,15:34:56,2026-08-14
sh603341,龙旗科技,39.8,-1.1,-2.689,39.79,39.8,40.9,44.8,44.8,37.86,41691216.0,1651635711.0,15:34:56,2026-08-14
sh603344,星德胜,22.26,0.13,0.587,22.25,22.26,22.13,22.23,22.37,21.98,1347600.0,29857862.0,15:00:01,2026-08-14
sh603345,安井食品,84.2,0.08,0.095,84.19,84.2,84.12,84.05,86.13,83.55,4654453.0,394388261.0,15:34:56,2026-08-14
sh603348,文灿股份,14.52,-0.06,-0.412,14.51,14.52,14.58,14.58,14.58,14.35,1885400.0,27278945.0,15:34:56,2026-08-14
sh603350,安乃达,28.38,-0.06,-0.211,28.38,28.39,28.44,28.4,28.69,28.21,386873.0,10975165.0,15:00:03,2026-08-14
sh603351,威尔药业,26.93,0.09,0.335,26.93,27.04,26.84,27.16,27.35,26.65,1426700.0,38569821.0,15:00:03,2026-08-14
sh603352,至信股份,26.66,-0.49,-1.805,26.65,26.66,27.15,27.1,27.35,26.5,2126120.0,57030501.0,15:34:56,2026-08-14
sh603353,和顺石油,31.61,0.3,0.958,31.61,31.62,31.31,31.36,32.5,30.66,6645700.0,208780463.0,15:34:56,2026-08-14
sh603355,莱克电气,27.22,0.08,0.295,27.22,27.23,27.14,27.14,27.6,27.07,1399138.0,38183497.0,15:00:03,2026-08-14
sh603356,华菱精工,16.67,0.29,1.77,16.66,16.67,16.38,16.57,16.79,16.3,2053000.0,33976835.0,15:00:03,2026-08-14
sh603357,设计总院,6.0,-0.05,-0.826,5.99,6.0,6.05,6.04,6.06,5.98,2907960.0,17473017.0,15:00:03,2026-08-14
sh603358,华达科技,43.93,1.27,2.977,43.93,43.94,42.66,42.63,44.65,41.67,13150793.0,566867974.0,15:34:56,2026-08-14
sh603359,*ST东珠,2.27,0.0,0.0,2.26,2.27,2.27,2.26,2.28,2.23,5584420.0,12593480.0,15:34:56,2026-08-14
sh603360,百傲化学,13.45,-0.14,-1.03,13.44,13.45,13.59,13.65,13.75,13.34,6098120.0,82294864.0,15:00:03,2026-08-14
sh603363,傲农生物,2.92,-0.08,-2.667,2.92,2.93,3.0,2.99,3.0,2.88,39998380.0,116790748.0,15:34:56,2026-08-14
sh603365,水星家纺,17.2,-0.01,-0.058,17.16,17.2,17.21,17.17,17.32,17.15,1107600.0,19066402.0,15:00:03,2026-08-14
sh603366,日出东方,6.97,0.04,0.577,6.97,6.98,6.93,6.95,7.02,6.86,9890300.0,68698110.0,15:34:56,2026-08-14
sh603367,辰欣药业,15.14,-0.11,-0.721,15.13,15.14,15.25,15.31,15.38,14.88,15595400.0,235755667.0,15:34:56,2026-08-14
sh603368,柳药集团,16.81,-0.1,-0.591,16.8,16.81,16.91,16.75,16.93,16.43,11374337.0,190292837.0,15:34:56,2026-08-14
sh603369,今世缘,29.76,-0.28,-0.932,29.76,29.77,30.04,29.9,30.18,29.5,15651000.0,465936242.0,15:34:56,2026-08-14
sh603370,华新精科,34.67,0.26,0.756,34.66,34.67,34.41,34.33,35.0,33.82,684227.0,23472624.0,15:00:01,2026-08-14
sh603373,安邦护卫,41.11,-0.22,-0.532,41.1,41.11,41.33,41.04,42.85,40.37,2825880.0,117020250.0,15:34:56,2026-08-14
sh603375,盛景微,38.48,0.34,0.891,38.48,38.49,38.14,38.75,39.5,37.85,1025236.0,39435898.0,15:00:01,2026-08-14
sh603376,大明电子,26.29,0.32,1.232,26.29,26.3,25.97,25.82,26.38,25.82,1320762.0,34582005.0,15:00:03,2026-08-14
sh603377,ST东时,3.0,-0.05,-1.639,3.0,3.01,3.05,3.08,3.08,3.0,2185600.0,6596421.0,15:00:03,2026-08-14
sh603378,*ST亚士,5.72,0.05,0.882,5.71,5.72,5.67,5.6,5.82,5.6,5298255.0,30426525.0,15:34:56,2026-08-14
sh603379,三美股份,62.37,-0.93,-1.469,62.36,62.37,63.3,63.6,63.65,62.0,5681100.0,355806448.0,15:34:56,2026-08-14
sh603380,易德龙,33.64,0.24,0.719,33.64,33.65,33.4,33.54,33.85,33.15,1902700.0,63860053.0,15:00:03,2026-08-14
sh603381,永臻股份,14.99,0.0,0.0,14.98,14.99,14.99,15.02,15.11,14.83,2691900.0,40254668.0,15:00:03,2026-08-14
sh603382,海阳科技,20.94,1.9,9.979,20.94,0.0,19.04,18.98,20.94,18.98,6991268.0,143352481.0,15:34:56,2026-08-14
sh603383,顶点软件,29.46,-0.1,-0.338,29.46,29.47,29.56,29.56,30.04,29.03,3441100.0,101138238.0,15:00:03,2026-08-14
sh603385,惠达卫浴,5.39,0.01,0.186,5.39,5.4,5.38,5.4,5.43,5.31,2339210.0,12566721.0,15:00:03,2026-08-14
sh603386,骏亚科技,13.51,0.23,1.732,13.5,13.51,13.28,13.31,13.55,13.24,4740400.0,63567733.0,15:34:56,2026-08-14
sh603387,基蛋生物,9.39,-0.04,-0.424,9.38,9.39,9.43,9.37,9.55,9.29,10893755.0,102257915.0,15:34:56,2026-08-14
sh603389,亚振家居,43.85,0.25,0.573,43.85,43.9,43.6,43.52,44.68,43.28,1299220.0,56866021.0,15:00:03,2026-08-14
sh603390,通达电气,10.41,0.19,1.859,10.41,10.42,10.22,10.23,10.52,10.15,6763300.0,70249640.0,15:34:56,2026-08-14
sh603391,力聚热能,62.01,-0.13,-0.209,62.01,62.02,62.14,62.1,63.89,61.19,1418000.0,88409164.0,15:00:03,2026-08-14
sh603392,万泰生物,30.1,-0.76,-2.463,30.1,30.13,30.86,30.85,31.1,30.0,5906449.0,179620607.0,15:34:56,2026-08-14
sh603393,新天然气,23.97,-0.43,-1.762,23.97,23.98,24.4,24.38,24.46,23.94,7834128.0,188961378.0,15:34:56,2026-08-14
sh603395,红四方,21.78,-0.28,-1.269,21.77,21.78,22.06,22.2,22.2,21.7,1811110.0,39581786.0,15:00:03,2026-08-14
sh603396,金辰股份,26.26,-0.37,-1.389,26.26,26.27,26.63,26.63,26.9,26.16,5393856.0,142505886.0,15:34:56,2026-08-14
sh603398,*ST沐邦,11.03,0.26,2.414,11.02,11.03,10.77,10.78,11.3,10.78,9053100.0,99904766.0,15:34:56,2026-08-14
sh603399,永杉锂业,16.73,-0.29,-1.704,16.72,16.73,17.02,16.78,17.48,16.34,85027636.0,1427126470.0,15:34:56,2026-08-14
sh603400,华之杰,42.98,-1.63,-3.654,42.98,42.99,44.61,44.13,44.39,42.26,2934417.0,126527429.0,15:34:56,2026-08-14
sh603402,陕西旅游,62.19,-2.72,-4.19,62.19,62.2,64.91,64.0,64.0,61.98,2203401.0,138216385.0,15:34:56,2026-08-14
sh603406,天富龙,26.47,-0.17,-0.638,26.47,26.5,26.64,26.64,26.75,26.36,788277.0,20903087.0,15:34:56,2026-08-14
sh603407,长裕集团,62.62,0.13,0.208,62.62,62.63,62.49,62.55,64.99,61.88,5736623.0,360802879.0,15:34:56,2026-08-14
sh603408,建霖家居,10.31,-0.01,-0.097,10.31,10.32,10.32,10.28,10.38,10.25,1279300.0,13172940.0,15:00:03,2026-08-14
sh603409,汇通控股,17.61,-0.4,-2.221,17.61,17.62,18.01,18.06,18.06,17.48,3275738.0,57710180.0,15:34:56,2026-08-14
sh603416,信捷电气,48.45,-0.08,-0.165,48.44,48.45,48.53,48.83,49.55,47.61,1935800.0,93682852.0,15:00:03,2026-08-14
sh603418,友升股份,44.0,-0.35,-0.789,44.0,44.01,44.35,44.35,44.46,43.84,516692.0,22770406.0,15:00:03,2026-08-14
sh603421,鼎信通讯,6.0,-0.06,-0.99,5.99,6.0,6.06,6.07,6.12,5.92,9624380.0,57732229.0,15:34:56,2026-08-14
sh603429,*ST集友,7.54,0.09,1.208,7.54,7.55,7.45,7.36,7.55,7.36,2087616.0,15556926.0,15:00:03,2026-08-14
sh603435,嘉德利,53.91,0.82,1.545,53.9,53.91,53.09,53.09,54.12,52.6,2658630.0,142298623.0,15:34:56,2026-08-14
sh603439,三力制药,13.53,0.6,4.64,13.52,13.53,12.93,12.93,13.61,12.93,29785385.0,396361644.0,15:34:56,2026-08-14
sh603444,吉比特,390.3,6.05,1.574,390.22,390.3,384.25,383.9,392.0,374.0,3274693.0,1252422880.0,15:34:56,2026-08-14
sh603456,九洲药业,17.52,-0.74,-4.053,17.52,17.54,18.26,17.9,18.07,17.33,60852749.0,1076480980.0,15:34:56,2026-08-14
sh603458,勘设股份,9.41,0.0,0.0,9.4,9.41,9.41,9.42,9.54,9.3,10142790.0,95576433.0,15:00:03,2026-08-14
sh603459,红板科技,97.33,1.3,1.354,97.33,97.34,96.03,96.85,98.6,96.0,11445503.0,1112297558.0,15:34:56,2026-08-14
sh603466,风语筑,12.57,-1.15,-8.382,12.57,12.58,13.72,13.72,14.2,12.37,149326694.0,1971468895.0,15:34:56,2026-08-14
sh603468,津富士达,25.93,-0.85,-3.174,25.93,25.94,26.78,26.65,26.94,25.93,7359238.0,193481772.0,15:34:56,2026-08-14
sh603477,巨星农牧,14.52,-0.8,-5.222,14.52,14.53,15.32,15.4,15.4,14.44,23258175.0,343712325.0,15:34:56,2026-08-14
sh603486,科沃斯,55.9,-0.17,-0.303,55.9,55.92,56.07,56.3,57.2,55.8,3372159.0,189967229.0,15:34:56,2026-08-14
sh603488,展鹏科技,8.45,-0.1,-1.17,8.44,8.45,8.55,8.54,8.6,8.39,11946740.0,101161487.0,15:34:56,2026-08-14
sh603489,八方股份,27.95,-0.03,-0.107,27.94,27.95,27.98,28.1,28.7,27.7,1998745.0,55983621.0,15:00:03,2026-08-14
sh603496,恒为科技,27.22,1.41,5.463,27.21,27.22,25.81,25.6,27.39,25.4,39458805.0,1051539800.0,15:34:56,2026-08-14
sh603499,翔港科技,12.75,0.0,0.0,12.73,12.75,12.75,12.8,13.08,12.68,3678740.0,47261925.0,15:00:01,2026-08-14
sh603500,祥和实业,9.5,-0.43,-4.33,9.5,9.51,9.93,9.91,9.95,9.33,13345073.0,127309107.0,15:34:56,2026-08-14
sh603501,豪威集团,91.08,1.06,1.178,91.07,91.08,90.02,90.45,91.12,89.73,12497423.0,1131345925.0,15:34:56,2026-08-14
sh603505,金石资源,16.43,0.04,0.244,16.42,16.43,16.39,16.39,16.7,16.36,8863141.0,146212705.0,15:34:56,2026-08-14
sh603506,南都物业,10.64,0.15,1.43,10.64,10.66,10.49,10.45,10.82,10.3,4800000.0,50657361.0,15:00:03,2026-08-14
sh603507,振江股份,25.24,0.54,2.186,25.23,25.24,24.7,24.71,25.62,24.41,11728541.0,294812389.0,15:34:56,2026-08-14
sh603508,思维列控,21.5,-0.41,-1.871,21.5,21.51,21.91,21.85,21.95,21.46,4733680.0,102338065.0,15:34:56,2026-08-14
sh603511,爱慕股份,12.13,0.05,0.414,12.12,12.13,12.08,12.19,12.19,12.01,792600.0,9590928.0,15:00:03,2026-08-14
sh603515,欧普照明,16.8,0.04,0.239,16.8,16.81,16.76,16.76,16.89,16.68,933400.0,15678990.0,15:00:03,2026-08-14
sh603516,淳中科技,99.36,0.57,0.577,99.36,99.4,98.79,98.9,99.8,97.9,3275074.0,323831898.0,15:34:56,2026-08-14
sh603517,ST绝味,10.92,-0.03,-0.274,10.92,10.93,10.95,11.01,11.04,10.82,3138500.0,34211584.0,15:34:56,2026-08-14
sh603518,锦泓集团,7.94,-0.05,-0.626,7.94,7.95,7.99,7.99,8.04,7.88,3468860.0,27559231.0,15:34:56,2026-08-14
sh603519,立霸股份,15.22,-0.46,-2.934,15.22,15.23,15.68,15.51,15.6,14.9,9962000.0,151543195.0,15:34:56,2026-08-14
sh603520,司太立,9.0,-0.01,-0.111,8.99,9.0,9.01,9.06,9.13,8.88,8896360.0,79926887.0,15:34:56,2026-08-14
sh603527,众源新材,9.82,0.04,0.409,9.82,9.83,9.78,9.77,9.9,9.75,4529400.0,44425892.0,15:00:03,2026-08-14
sh603528,多伦科技,6.38,0.02,0.314,6.38,6.39,6.36,6.35,6.44,6.27,7690800.0,48766373.0,15:34:56,2026-08-14
sh603529,爱玛科技,20.53,-0.42,-2.005,20.53,20.54,20.95,20.97,20.99,20.5,4062075.0,83729925.0,15:34:56,2026-08-14
sh603530,神马电力,47.11,1.34,2.928,47.11,47.19,45.77,46.76,47.55,45.2,6108720.0,286989244.0,15:34:56,2026-08-14
sh603533,掌阅科技,22.0,-0.36,-1.61,21.99,22.0,22.36,22.49,22.67,21.48,20632400.0,452587117.0,15:34:56,2026-08-14
sh603535,嘉诚国际,6.48,-0.25,-3.715,6.47,6.48,6.73,6.73,6.82,6.4,16200129.0,106622237.0,15:34:56,2026-08-14
sh603536,惠发食品,9.66,-0.29,-2.915,9.66,9.67,9.95,9.8,9.9,9.57,6474940.0,62702048.0,15:34:56,2026-08-14
sh603538,美诺华,30.21,-2.36,-7.246,30.2,30.21,32.57,31.65,32.37,29.4,82157513.0,2496789944.0,15:34:56,2026-08-14
sh603551,奥普科技,9.4,-0.02,-0.212,9.39,9.4,9.42,9.44,9.49,9.35,1136500.0,10694660.0,15:00:03,2026-08-14
sh603556,海兴电力,25.89,-0.02,-0.077,25.88,25.89,25.91,25.66,26.69,25.0,13990780.0,360257808.0,15:34:56,2026-08-14
sh603557,*ST起步,3.83,-0.03,-0.777,3.82,3.83,3.86,3.86,3.86,3.71,4934900.0,18672462.0,15:34:56,2026-08-14
sh603558,健盛集团,11.89,-0.03,-0.252,11.89,11.9,11.92,11.96,12.03,11.81,2372400.0,28198189.0,15:34:56,2026-08-14
sh603559,中通国脉,8.77,-0.4,-4.362,8.77,8.78,9.17,8.9,9.08,8.72,16954100.0,150445200.0,15:34:56,2026-08-14
sh603565,中谷物流,10.48,-0.37,-3.41,10.48,10.49,10.85,10.84,10.9,10.48,15209799.0,161420050.0,15:34:56,2026-08-14
sh603566,普莱柯,10.36,-0.07,-0.671,10.35,10.36,10.43,10.43,10.53,10.29,2178700.0,22599798.0,15:34:56,2026-08-14
sh603567,珍宝岛,6.62,-0.39,-5.563,6.62,6.63,7.01,6.81,6.95,6.52,69553828.0,464823565.0,15:34:56,2026-08-14
sh603568,伟明环保,15.61,0.07,0.45,15.61,15.65,15.54,15.6,15.73,15.42,4817175.0,75074686.0,15:34:56,2026-08-14
sh603569,长久物流,5.84,-0.06,-1.017,5.84,5.85,5.9,5.91,5.92,5.78,2811400.0,16388769.0,15:00:03,2026-08-14
sh603577,汇金通,10.32,-0.14,-1.338,10.32,10.33,10.46,10.46,10.48,10.2,4813840.0,49557639.0,15:34:56,2026-08-14
sh603578,三星新材,12.8,-0.08,-0.621,12.79,12.8,12.88,13.0,13.1,12.67,3075230.0,39386809.0,15:34:56,2026-08-14
sh603579,荣泰健康,18.6,0.1,0.541,18.6,18.61,18.5,18.5,18.72,18.25,2311400.0,42634917.0,15:34:56,2026-08-14
sh603580,XD艾艾精,52.91,-0.7,-1.306,52.91,52.92,53.61,53.03,53.99,50.66,8172911.0,425793462.0,15:34:56,2026-08-14
sh603583,捷昌驱动,24.4,-0.38,-1.533,24.39,24.4,24.78,24.85,24.88,24.31,3485200.0,85538794.0,15:00:03,2026-08-14
sh603585,苏利股份,10.06,-0.05,-0.495,10.05,10.06,10.11,9.93,10.18,9.73,5824644.0,58264301.0,15:00:03,2026-08-14
sh603586,金麒麟,13.36,-0.01,-0.075,13.36,13.38,13.37,13.4,13.52,13.25,1268300.0,16930112.0,15:00:03,2026-08-14
sh603587,地素时尚,11.68,0.02,0.172,11.66,11.68,11.66,11.68,11.73,11.54,1129400.0,13137100.0,15:00:03,2026-08-14
sh603588,高能环境,13.67,0.1,0.737,13.67,13.68,13.57,13.7,13.98,13.5,40332578.0,552647096.0,15:34:56,2026-08-14
sh603589,口子窖,19.88,-0.5,-2.453,19.88,19.89,20.38,20.47,20.47,19.85,6138765.0,122871679.0,15:34:56,2026-08-14
sh603590,康辰药业,32.73,-0.37,-1.118,32.72,32.73,33.1,33.33,33.54,32.2,2475744.0,81000476.0,15:34:56,2026-08-14
sh603595,ST东尼,26.59,0.51,1.956,26.56,26.59,26.08,26.8,26.8,25.86,1915900.0,50350120.0,15:00:03,2026-08-14
sh603596,伯特利,26.44,-0.67,-2.471,26.44,26.45,27.11,27.32,27.32,26.31,13657555.0,363092423.0,15:34:56,2026-08-14
sh603598,引力传媒,18.53,-1.29,-6.509,18.52,18.53,19.82,18.57,19.18,17.84,44158990.0,808026499.0,15:34:56,2026-08-14
sh603599,广信股份,9.94,-0.03,-0.301,9.94,9.95,9.97,9.96,10.02,9.89,4810648.0,47811510.0,15:34:56,2026-08-14
sh603600,永艺股份,9.53,0.05,0.527,9.52,9.53,9.48,9.43,9.57,9.4,2436850.0,23153608.0,15:00:03,2026-08-14
sh603601,再升科技,9.81,0.1,1.03,9.81,9.82,9.71,9.72,9.86,9.6,49068220.0,477709029.0,15:34:56,2026-08-14
sh603602,纵横通信,11.73,-0.01,-0.085,11.72,11.73,11.74,11.74,11.88,11.54,4187300.0,48943528.0,15:34:56,2026-08-14
sh603605,珀莱雅,57.18,-1.35,-2.307,57.18,57.19,58.53,58.38,58.53,56.96,5240675.0,301582631.0,15:34:56,2026-08-14
sh603606,东方电缆,38.0,-0.64,-1.656,38.0,38.01,38.64,38.7,38.72,37.91,13671271.0,521663864.0,15:34:56,2026-08-14
sh603607,京华激光,22.3,-0.22,-0.977,22.3,22.31,22.52,22.5,22.65,21.86,4389000.0,97766796.0,15:34:56,2026-08-14
sh603608,天创时尚,19.23,0.06,0.313,19.23,19.24,19.17,19.2,19.76,18.67,16930944.0,324912826.0,15:34:56,2026-08-14
sh603609,禾丰股份,6.23,-0.08,-1.268,6.23,6.25,6.31,6.31,6.32,6.19,2513801.0,15697112.0,15:00:03,2026-08-14
sh603610,麒盛科技,15.55,0.04,0.258,15.55,15.56,15.51,15.54,15.55,15.11,5267792.0,80739488.0,15:34:56,2026-08-14
sh603611,诺力股份,16.89,-0.01,-0.059,16.89,16.9,16.9,16.9,17.0,16.8,1554070.0,26223054.0,15:00:03,2026-08-14
sh603612,索通发展,16.7,0.1,0.602,16.7,16.71,16.6,16.65,16.86,16.53,5807379.0,96718149.0,15:34:56,2026-08-14
sh603613,国联股份,18.95,0.04,0.212,18.95,18.98,18.91,18.87,19.43,18.87,8742825.0,166984546.0,15:34:56,2026-08-14
sh603615,茶花股份,17.15,0.15,0.882,17.14,17.15,17.0,17.08,17.45,16.72,5844245.0,99538731.0,15:34:56,2026-08-14
sh603616,韩建河山,5.4,-0.02,-0.369,5.4,5.41,5.42,5.42,5.49,5.33,6890700.0,37090289.0,15:34:56,2026-08-14
sh603617,君禾股份,6.86,-0.07,-1.01,6.85,6.86,6.93,6.95,6.98,6.8,7657900.0,52648660.0,15:34:56,2026-08-14
sh603618,杭电股份,29.87,2.72,10.018,29.87,0.0,27.15,27.16,29.87,27.15,113208320.0,3281343145.0,15:34:56,2026-08-14
sh603619,中曼石油,22.33,0.21,0.949,22.33,22.34,22.12,22.01,22.45,21.56,24473541.0,537509970.0,15:34:56,2026-08-14
sh603626,科森科技,16.59,-0.06,-0.36,16.58,16.59,16.65,16.66,16.89,16.05,35030058.0,575691762.0,15:34:56,2026-08-14
sh603628,清源股份,9.53,-0.04,-0.418,9.52,9.53,9.57,9.57,9.66,9.45,2889400.0,27535033.0,15:34:56,2026-08-14
sh603629,利通电子,137.5,12.5,10.0,137.5,0.0,125.0,127.66,137.5,123.01,67920604.0,8869939547.0,15:34:56,2026-08-14
sh603630,拉芳家化,14.94,-0.39,-2.544,14.94,14.95,15.33,15.33,15.41,14.79,6770310.0,101487102.0,15:34:56,2026-08-14
sh603633,徕木股份,6.54,0.15,2.347,6.53,6.54,6.39,6.39,6.57,6.32,10531048.0,67891658.0,15:00:03,2026-08-14
sh603636,南威软件,7.33,0.0,0.0,7.33,7.34,7.33,7.33,7.49,7.16,14522000.0,105502379.0,15:34:56,2026-08-14
sh603637,镇海股份,13.51,-0.2,-1.459,13.51,13.52,13.71,13.71,13.92,13.4,5061898.0,68655490.0,15:00:03,2026-08-14
sh603638,艾迪精密,19.56,-0.06,-0.306,19.55,19.56,19.62,19.62,19.74,19.3,7027976.0,137265910.0,15:00:03,2026-08-14
sh603639,海利尔,10.52,0.02,0.19,10.5,10.52,10.5,10.51,10.6,10.48,1082976.0,11405066.0,15:00:03,2026-08-14
sh603648,XD畅联股,9.05,0.06,0.667,9.05,9.06,8.99,9.05,9.13,8.98,2479400.0,22444557.0,15:34:56,2026-08-14
sh603650,彤程新材,64.51,1.3,2.057,64.51,64.52,63.21,63.56,65.28,63.45,13131233.0,845212304.0,15:34:56,2026-08-14
sh603655,朗博科技,34.54,1.72,5.241,34.51,34.54,32.82,32.86,34.6,32.22,3139800.0,105163442.0,15:34:56,2026-08-14
sh603656,泰禾智能,17.51,-0.13,-0.737,17.51,17.52,17.64,17.61,17.7,17.39,1557700.0,27271603.0,15:00:03,2026-08-14
sh603657,春光科技,26.55,-0.43,-1.594,26.55,26.58,26.98,26.72,27.5,26.3,2268700.0,60655706.0,15:00:03,2026-08-14
sh603658,安图生物,33.67,1.27,3.92,33.66,33.67,32.4,32.5,34.61,32.19,8912570.0,302211103.0,15:34:56,2026-08-14
sh603659,璞泰来,24.57,0.45,1.866,24.56,24.57,24.12,24.2,25.3,24.09,38505394.0,953497601.0,15:34:56,2026-08-14
sh603660,苏州科达,11.86,0.06,0.508,11.85,11.86,11.8,12.0,12.0,11.53,23575150.0,277056672.0,15:34:56,2026-08-14
sh603661,恒林股份,31.88,-0.02,-0.063,31.88,31.89,31.9,32.0,32.22,31.5,1108853.0,35258533.0,15:34:56,2026-08-14
sh603662,柯力传感,53.35,-0.03,-0.056,53.35,53.37,53.38,53.84,54.05,52.58,3970604.0,211456488.0,15:34:56,2026-08-14
sh603663,三祥新材,42.08,2.22,5.569,42.08,42.09,39.86,39.91,42.98,39.72,35675403.0,1493349554.0,15:34:56,2026-08-14
sh603665,康隆达,21.8,-0.08,-0.366,21.8,21.81,21.88,21.88,22.08,21.62,1194500.0,26092400.0,15:00:03,2026-08-14
sh603666,亿嘉和,25.22,-0.06,-0.237,25.22,25.23,25.28,25.27,25.56,24.73,2859779.0,71755675.0,15:00:03,2026-08-14
sh603667,五洲新春,55.2,-0.56,-1.004,55.2,55.21,55.76,55.85,56.19,54.33,12252609.0,675653405.0,15:34:56,2026-08-14
sh603668,天马科技,10.49,0.11,1.06,10.49,10.5,10.38,10.39,10.84,10.35,9372244.0,98722917.0,15:34:56,2026-08-14
sh603669,灵康药业,6.29,0.0,0.0,6.29,6.3,6.29,6.3,6.41,6.13,18492257.0,115421040.0,15:34:56,2026-08-14
sh603676,卫信康,9.35,0.07,0.754,9.34,9.35,9.28,9.3,9.41,9.21,2076200.0,19365222.0,15:34:56,2026-08-14
sh603677,奇精机械,13.73,0.09,0.66,13.73,13.74,13.64,13.65,13.79,13.58,1242400.0,17007111.0,15:34:56,2026-08-14
sh603678,火炬电子,51.69,1.04,2.053,51.69,51.7,50.65,51.0,52.48,49.88,31841881.0,1634740043.0,15:34:56,2026-08-14
sh603679,华体科技,22.34,0.02,0.09,22.33,22.34,22.32,21.95,23.44,21.95,8787168.0,198259232.0,15:34:56,2026-08-14
sh603680,今创集团,10.17,0.03,0.296,10.16,10.17,10.14,10.14,10.21,10.01,3217200.0,32529569.0,15:34:56,2026-08-14
sh603681,永冠新材,18.74,0.35,1.903,18.73,18.74,18.39,18.9,19.1,18.5,8279830.0,155417826.0,15:34:56,2026-08-14
sh603682,锦和商管,11.84,-1.32,-10.03,0.0,11.84,13.16,13.0,13.6,11.84,40177701.0,507966579.0,15:34:56,2026-08-14
sh603683,晶华新材,15.62,0.2,1.297,15.62,15.63,15.42,15.46,15.7,15.3,15032580.0,233381096.0,15:34:56,2026-08-14
sh603685,晨丰科技,26.23,-0.47,-1.76,26.23,26.24,26.7,26.71,26.78,25.87,1722800.0,45261560.0,15:34:56,2026-08-14
sh603686,福龙马,13.16,-0.02,-0.152,13.16,13.17,13.18,13.18,13.27,13.03,7722699.0,101328658.0,15:34:56,2026-08-14
sh603687,大胜达,14.23,0.05,0.353,14.23,14.24,14.18,14.18,14.34,13.91,11428800.0,161335203.0,15:34:56,2026-08-14
sh603688,石英股份,49.54,1.15,2.377,49.54,49.55,48.39,48.74,49.68,48.47,11237379.0,553058366.0,15:34:56,2026-08-14
sh603689,皖天然气,7.44,0.03,0.405,7.42,7.44,7.41,7.41,7.44,7.35,1992200.0,14739786.0,15:00:03,2026-08-14
sh603690,至纯科技,26.05,-0.25,-0.951,26.05,26.06,26.3,27.0,27.28,25.61,34991100.0,919590791.0,15:34:56,2026-08-14
sh603693,江苏新能,11.82,-0.48,-3.902,11.82,11.83,12.3,12.36,12.39,11.71,11027956.0,130917350.0,15:34:56,2026-08-14
sh603696,安记食品,14.73,-1.64,-10.018,0.0,14.73,16.37,15.94,15.94,14.73,36396904.0,545260247.0,15:34:56,2026-08-14
sh603697,有友食品,9.63,-0.43,-4.274,9.63,9.65,10.06,10.1,10.1,9.56,8561940.0,83014764.0,15:34:56,2026-08-14
sh603698,航天工程,23.87,0.07,0.294,23.87,23.88,23.8,23.8,23.99,23.37,11953143.0,283183606.0,15:34:56,2026-08-14
sh603699,纽威股份,53.33,0.33,0.623,53.32,53.33,53.0,53.0,53.9,52.57,3891168.0,207083965.0,15:34:56,2026-08-14
sh603700,宁水集团,11.57,0.02,0.173,11.57,11.58,11.55,11.55,11.78,11.5,4048500.0,46933353.0,15:34:56,2026-08-14
sh603701,德宏股份,19.45,0.15,0.777,19.45,19.46,19.3,19.3,19.53,19.02,2504400.0,48363826.0,15:00:03,2026-08-14
sh603703,盛洋科技,9.75,0.32,3.393,9.74,9.75,9.43,9.53,10.15,9.43,19192429.0,187825155.0,15:34:56,2026-08-14
sh603706,东方环宇,18.98,0.11,0.583,18.96,18.98,18.87,18.88,19.05,18.62,756800.0,14300270.0,15:00:01,2026-08-14
sh603707,健友股份,8.08,-0.13,-1.583,8.08,8.09,8.21,8.19,8.27,8.07,9046453.0,73743075.0,15:34:56,2026-08-14
sh603708,家家悦,9.28,-0.09,-0.961,9.27,9.28,9.37,9.37,9.39,9.24,2675900.0,24849665.0,15:00:01,2026-08-14
sh603709,中源家居,11.34,0.05,0.443,11.31,11.34,11.29,11.25,11.39,11.18,1691060.0,19086236.0,15:00:00,2026-08-14
sh603711,香飘飘,11.72,-0.43,-3.539,11.71,11.72,12.15,12.08,12.15,11.62,8465647.0,99685678.0,15:34:56,2026-08-14
sh603712,七一二,12.01,0.06,0.502,12.0,12.01,11.95,11.97,12.17,11.89,8323823.0,99990143.0,15:34:56,2026-08-14
sh603713,密尔克卫,65.56,-3.19,-4.64,65.56,65.57,68.75,66.19,67.34,64.01,5665106.0,372414373.0,15:34:56,2026-08-14
sh603716,塞力医疗,17.35,-0.37,-2.088,17.35,17.36,17.72,17.68,17.82,17.0,18541530.0,321573044.0,15:34:56,2026-08-14
sh603717,天域生物,6.25,-0.1,-1.575,6.24,6.25,6.35,6.35,6.38,6.19,7574320.0,47409539.0,15:00:01,2026-08-14
sh603718,*ST海利,2.95,0.07,2.431,2.94,2.95,2.88,2.95,3.05,2.92,16436962.0,48969367.0,15:00:03,2026-08-14
sh603719,良品铺子,9.85,-0.22,-2.185,9.84,9.85,10.07,10.05,10.05,9.76,4362500.0,42980491.0,15:00:03,2026-08-14
sh603721,中广天择,18.07,-0.97,-5.095,18.07,18.08,19.04,18.79,19.06,17.84,7451100.0,136263629.0,15:34:56,2026-08-14
sh603722,阿科力,30.78,-0.4,-1.283,30.77,30.78,31.18,31.78,31.78,30.5,1380700.0,42544338.0,15:00:03,2026-08-14
sh603725,天安新材,12.23,1.11,9.982,12.23,0.0,11.12,11.3,12.23,11.22,31635105.0,382505874.0,15:34:56,2026-08-14
sh603726,朗迪集团,24.12,0.86,3.697,24.11,24.12,23.26,23.42,24.14,23.37,4683300.0,111335644.0,15:34:56,2026-08-14
sh603727,博迈科,18.18,-0.25,-1.356,18.17,18.18,18.43,18.32,18.42,17.92,2352987.0,42610227.0,15:34:56,2026-08-14
sh603728,鸣志电器,52.17,0.09,0.173,52.17,52.18,52.08,52.08,52.6,51.52,3733178.0,194359897.0,15:34:56,2026-08-14
sh603729,ST龙韵,11.26,0.0,0.0,11.25,11.26,11.26,11.25,11.44,11.08,912800.0,10253268.0,15:00:03,2026-08-14
sh603730,岱美股份,10.07,-0.14,-1.371,10.06,10.07,10.21,10.3,10.3,10.01,8092994.0,81729486.0,15:34:56,2026-08-14
sh603733,仙鹤股份,21.11,-0.7,-3.21,21.1,21.11,21.81,21.66,22.0,21.06,9395458.0,201111590.0,15:34:56,2026-08-14
sh603737,三棵树,23.8,-0.4,-1.653,23.8,23.81,24.2,24.09,24.2,23.31,9654661.0,228807486.0,15:34:56,2026-08-14
sh603738,泰晶科技,38.3,2.17,6.006,38.29,38.3,36.13,36.83,38.3,36.18,40204642.0,1487752863.0,15:34:56,2026-08-14
sh603739,蔚蓝生物,12.6,0.2,1.613,12.59,12.6,12.4,12.2,12.97,12.2,8776795.0,110671573.0,15:34:56,2026-08-14
sh603755,日辰股份,23.2,-0.16,-0.685,23.2,23.22,23.36,23.17,23.6,23.02,620400.0,14417763.0,15:34:56,2026-08-14
sh603757,大元泵业,61.2,2.87,4.92,61.2,61.21,58.33,59.04,62.14,58.99,16043313.0,978372117.0,15:34:56,2026-08-14
sh603758,秦安股份,13.82,-1.53,-9.967,0.0,13.82,15.35,15.0,15.0,13.82,13368700.0,190066684.0,15:34:56,2026-08-14
sh603759,海天股份,7.35,0.0,0.0,7.34,7.35,7.35,7.35,7.41,7.27,2551100.0,18696869.0,15:00:03,2026-08-14
sh603766,隆鑫通用,13.09,-0.19,-1.431,13.09,13.1,13.28,13.31,13.37,12.95,20033000.0,262885473.0,15:34:56,2026-08-14
sh603767,中马传动,14.95,-0.07,-0.466,14.94,14.95,15.02,15.06,15.09,14.82,2206800.0,32948036.0,15:34:56,2026-08-14
sh603768,常青股份,11.08,-0.07,-0.628,11.08,11.09,11.15,11.25,11.26,11.0,2724748.0,30264015.0,15:00:03,2026-08-14
sh603773,沃格光电,94.99,1.19,1.269,94.99,95.0,93.8,94.07,96.0,92.35,14263969.0,1343245423.0,15:34:56,2026-08-14
sh603776,永安行,21.64,0.02,0.093,21.64,21.65,21.62,21.69,21.84,21.22,1648278.0,35412374.0,15:00:03,2026-08-14
sh603777,来伊份,14.1,-0.15,-1.053,14.1,14.12,14.25,14.18,14.24,13.71,6108980.0,85276316.0,15:00:03,2026-08-14
sh603778,国晟科技,10.43,-0.24,-2.249,10.42,10.43,10.67,10.66,10.83,10.2,41103500.0,427979571.0,15:34:56,2026-08-14
sh603779,威龙股份,7.84,-0.15,-1.877,7.84,7.85,7.99,7.96,8.01,7.73,13001000.0,101824029.0,15:34:56,2026-08-14
sh603786,科博达,42.68,-0.72,-1.659,42.67,42.68,43.4,43.7,43.79,42.39,1781075.0,76333101.0,15:34:56,2026-08-14
sh603787,新日股份,10.17,-0.06,-0.587,10.17,10.18,10.23,10.21,10.38,10.1,2416700.0,24610342.0,15:00:03,2026-08-14
sh603788,宁波高发,14.02,0.01,0.071,13.99,14.02,14.01,13.95,14.1,13.88,892200.0,12486728.0,15:00:03,2026-08-14
sh603789,ST星农,6.51,0.13,2.038,6.51,6.52,6.38,6.38,6.55,6.36,3555750.0,23071682.0,15:00:03,2026-08-14
sh603790,雅运股份,25.72,0.93,3.752,25.72,25.73,24.79,24.93,25.73,24.91,4310100.0,109615985.0,15:34:56,2026-08-14
sh603797,联泰环保,4.67,0.01,0.215,4.66,4.67,4.66,4.64,4.72,4.5,34014256.0,157756306.0,15:34:56,2026-08-14
sh603798,康普顿,13.28,0.07,0.53,13.28,13.29,13.21,13.22,13.32,12.81,2775400.0,36489902.0,15:00:00,2026-08-14
sh603799,华友钴业,42.35,0.18,0.427,42.34,42.35,42.17,42.18,43.09,41.75,54040319.0,2286904997.0,15:34:56,2026-08-14
sh603800,洪田股份,68.81,4.81,7.516,68.81,68.82,64.0,63.7,69.48,63.64,7395150.0,486519795.0,15:34:56,2026-08-14
sh603801,志邦家居,5.93,0.01,0.169,5.93,5.94,5.92,5.96,5.96,5.83,4286733.0,25218798.0,15:34:56,2026-08-14
sh603803,瑞斯康达,11.14,0.39,3.628,11.14,11.15,10.75,10.75,11.83,10.75,46921935.0,521894141.0,15:34:56,2026-08-14
sh603806,福斯特,15.24,0.03,0.197,15.24,15.25,15.21,15.28,15.48,15.05,17244672.0,262263849.0,15:34:56,2026-08-14
sh603808,歌力思,8.48,0.02,0.236,8.47,8.48,8.46,8.44,8.51,8.35,2301400.0,19410090.0,15:00:03,2026-08-14
sh603809,豪能股份,9.41,-0.12,-1.259,9.41,9.42,9.53,9.58,9.6,9.4,7546760.0,71461663.0,15:00:03,2026-08-14
sh603810,丰山集团,12.11,0.12,1.001,12.11,12.13,11.99,11.99,12.22,11.87,1467648.0,17696507.0,15:00:03,2026-08-14
sh603811,诚意药业,7.44,-0.07,-0.932,7.44,7.45,7.51,7.46,7.58,7.41,4802696.0,35889490.0,15:34:56,2026-08-14
sh603813,原尚股份,32.1,-0.43,-1.322,31.9,32.1,32.53,32.62,32.87,31.59,497400.0,15978993.0,15:00:03,2026-08-14
sh603815,交建股份,5.36,-0.06,-1.107,5.35,5.36,5.42,5.4,5.46,5.31,6934400.0,37139246.0,15:00:03,2026-08-14
sh603816,顾家家居,23.23,-0.76,-3.168,23.23,23.24,23.99,24.01,24.05,23.12,8984611.0,210414106.0,15:00:00,2026-08-14
sh603817,海峡环保,5.66,-0.01,-0.176,5.66,5.68,5.67,5.67,5.7,5.61,5335300.0,30168258.0,15:00:01,2026-08-14
sh603818,曲美家居,3.62,0.06,1.685,3.61,3.62,3.56,3.56,3.64,3.54,17860100.0,64061072.0,15:34:56,2026-08-14
sh603819,神力股份,14.2,0.07,0.495,14.2,14.23,14.13,14.22,14.35,13.98,5302550.0,75047041.0,15:00:03,2026-08-14
sh603822,ST嘉澳,55.15,-1.87,-3.28,55.15,55.26,57.02,57.01,57.39,54.71,712300.0,39700825.0,15:34:56,2026-08-14
sh603823,百合花,70.99,-5.01,-6.592,70.98,70.99,76.0,75.77,76.17,70.2,24202264.0,1748010941.0,15:34:56,2026-08-14
sh603825,ST华扬,8.1,0.19,2.402,8.1,8.11,7.91,8.0,8.2,7.97,2222740.0,17949967.0,15:00:03,2026-08-14
sh603826,坤彩科技,17.52,0.06,0.344,17.52,17.55,17.46,17.6,17.63,17.23,5908227.0,103147043.0,15:34:56,2026-08-14
sh603828,*ST利达,4.16,-0.03,-0.716,4.16,4.17,4.19,4.15,4.21,4.14,1062800.0,4425511.0,15:00:03,2026-08-14
sh603829,洛凯股份,15.03,-0.16,-1.053,14.98,15.03,15.19,15.32,15.32,14.86,3115965.0,46767167.0,15:34:56,2026-08-14
sh603833,欧派家居,31.59,-0.82,-2.53,31.59,31.6,32.41,32.3,32.35,31.59,4353565.0,138483226.0,15:34:56,2026-08-14
sh603836,海程邦达,8.88,-0.02,-0.225,8.88,8.89,8.9,8.86,8.95,8.78,2682803.0,23731179.0,15:00:01,2026-08-14
sh603838,*ST四通,9.56,0.22,2.355,9.56,9.58,9.34,9.34,9.59,9.07,2837300.0,26757331.0,15:00:03,2026-08-14
sh603839,安正时尚,7.0,-0.02,-0.285,6.99,7.0,7.02,7.02,7.11,6.96,3038800.0,21293426.0,15:00:03,2026-08-14
sh603843,*ST正平,7.16,-0.14,-1.918,7.16,7.17,7.3,7.24,7.36,7.15,8281020.0,59955713.0,15:34:56,2026-08-14
sh603848,好太太,13.47,-0.01,-0.074,13.47,13.48,13.48,13.6,13.65,13.31,1874700.0,25280526.0,15:00:03,2026-08-14
sh603855,华荣股份,16.38,0.03,0.183,16.37,16.38,16.35,16.26,16.42,16.26,752800.0,12312045.0,15:00:01,2026-08-14
sh603856,东宏股份,11.24,0.03,0.268,11.24,11.25,11.21,11.2,11.35,11.15,2073600.0,23308298.0,15:34:56,2026-08-14
sh603858,步长制药,15.91,-0.09,-0.562,15.91,15.92,16.0,15.91,16.19,15.8,7908400.0,126385356.0,15:34:56,2026-08-14
sh603859,能科科技,41.79,0.14,0.336,41.79,41.8,41.65,41.66,42.34,40.89,6297352.0,261209402.0,15:34:56,2026-08-14
sh603860,中公高科,25.91,0.0,0.0,25.89,25.91,25.91,25.81,26.17,25.72,571300.0,14795726.0,15:00:03,2026-08-14
sh603861,白云电器,12.4,-0.26,-2.054,12.4,12.41,12.66,12.63,12.67,12.28,8387900.0,104038558.0,15:34:56,2026-08-14
sh603863,松炀资源,12.96,0.19,1.488,12.95,12.96,12.77,12.78,13.2,12.62,6287127.0,80938153.0,15:34:56,2026-08-14
sh603866,桃李面包,4.19,-0.09,-2.103,4.19,4.2,4.28,4.3,4.3,4.17,10537571.0,44333390.0,15:00:00,2026-08-14
sh603867,新化股份,29.16,0.89,3.148,29.15,29.16,28.27,28.27,29.69,28.27,7881180.0,228504682.0,15:34:56,2026-08-14
sh603868,飞科电器,30.26,-0.59,-1.912,30.25,30.26,30.85,30.84,30.99,30.23,987100.0,30138052.0,15:00:03,2026-08-14
sh603869,ST智知,8.98,0.17,1.93,8.97,8.98,8.81,8.81,9.0,8.65,1173240.0,10379040.0,15:00:01,2026-08-14
sh603871,嘉友国际,12.07,-0.01,-0.083,12.07,12.08,12.08,12.08,12.15,11.88,5944263.0,71617105.0,15:00:03,2026-08-14
sh603876,鼎胜新材,22.51,1.21,5.681,22.5,22.51,21.3,21.4,23.14,21.3,30621710.0,688284574.0,15:34:56,2026-08-14
sh603877,太平鸟,12.66,0.02,0.158,12.65,12.66,12.64,12.66,12.67,12.45,1395700.0,17504578.0,15:34:56,2026-08-14
sh603878,武进不锈,4.99,0.02,0.402,4.99,5.0,4.97,4.99,5.02,4.93,8150797.0,40510085.0,15:00:03,2026-08-14
sh603879,永悦科技,5.45,0.04,0.739,5.45,5.47,5.41,5.41,5.5,5.35,8082200.0,43809766.0,15:34:56,2026-08-14
sh603880,南卫股份,8.04,-0.15,-1.832,8.03,8.04,8.19,8.11,8.29,7.9,10055886.0,81062421.0,15:34:56,2026-08-14
sh603881,数据港,29.04,2.64,10.0,29.04,0.0,26.4,26.4,29.04,25.74,101954688.0,2801935892.0,15:34:56,2026-08-14
sh603882,金域医学,30.06,-0.48,-1.572,30.05,30.06,30.54,30.35,30.75,29.62,8475723.0,255034138.0,15:34:56,2026-08-14
sh603883,老百姓,13.58,0.14,1.042,13.58,13.59,13.44,13.44,14.19,13.36,35646406.0,490038170.0,15:34:56,2026-08-14
sh603885,吉祥航空,10.66,-0.14,-1.296,10.66,10.67,10.8,10.83,10.85,10.63,9528438.0,101949615.0,15:34:56,2026-08-14
sh603886,元祖股份,10.54,0.01,0.095,10.53,10.54,10.53,10.53,10.62,10.41,2821300.0,29658196.0,15:00:03,2026-08-14
sh603887,城地香江,11.92,-0.57,-4.564,11.91,11.92,12.49,12.86,12.87,11.24,126002602.0,1479879372.0,15:34:56,2026-08-14
sh603888,新华网,16.55,-0.12,-0.72,16.54,16.55,16.67,16.67,16.85,16.37,7638643.0,126402025.0,15:34:56,2026-08-14
sh603889,新澳股份,5.63,0.0,0.0,5.63,5.64,5.63,5.63,5.67,5.56,5091828.0,28561355.0,15:00:01,2026-08-14
sh603890,春秋电子,22.09,1.64,8.02,22.08,22.09,20.45,20.45,22.42,19.6,93522165.0,1963217079.0,15:34:56,2026-08-14
sh603893,XD瑞芯微,203.99,-3.15,-1.521,203.98,203.99,207.14,209.5,213.59,201.92,12427901.0,2558935737.0,15:34:56,2026-08-14
sh603895,天永智能,25.01,0.01,0.04,25.01,25.2,25.0,24.82,25.01,24.07,1187900.0,29011985.0,15:34:56,2026-08-14
sh603896,寿仙谷,15.14,-0.32,-2.07,15.13,15.14,15.46,15.41,15.45,15.05,1999200.0,30388924.0,15:00:03,2026-08-14
sh603897,长城科技,32.0,-2.68,-7.728,32.0,32.01,34.68,32.8,33.64,31.21,27642111.0,890243501.0,15:34:56,2026-08-14
sh603898,好莱客,11.83,0.6,5.343,11.83,11.84,11.23,11.24,11.9,11.15,5323400.0,61184024.0,15:34:56,2026-08-14
sh603899,晨光股份,22.25,-0.19,-0.847,22.25,22.3,22.44,22.39,22.5,22.11,2397300.0,53467575.0,15:00:03,2026-08-14
sh603900,莱绅通灵,6.04,-0.03,-0.494,6.03,6.04,6.07,6.05,6.1,5.95,6406540.0,38482489.0,15:34:56,2026-08-14
sh603901,永创智能,9.67,0.02,0.207,9.67,9.68,9.65,9.7,9.81,9.61,6375241.0,61864292.0,15:00:03,2026-08-14
sh603903,中持股份,14.12,-0.08,-0.563,14.12,14.13,14.2,14.16,14.68,13.71,20471898.0,287060461.0,15:34:56,2026-08-14
sh603906,龙蟠科技,19.98,0.3,1.524,19.98,19.99,19.68,19.68,20.42,19.68,20255391.0,406252173.0,15:34:56,2026-08-14
sh603908,牧高笛,18.6,0.05,0.27,18.6,18.65,18.55,18.62,18.72,18.4,662380.0,12303135.0,15:00:03,2026-08-14
sh603909,建发合诚,9.44,0.0,0.0,9.44,9.48,9.44,9.48,9.5,9.35,1396739.0,13159663.0,15:00:03,2026-08-14
sh603912,佳力图,8.6,-0.29,-3.262,8.6,8.61,8.89,8.88,9.3,8.48,63293044.0,556038816.0,15:34:56,2026-08-14
sh603915,国茂股份,13.26,-0.09,-0.674,13.26,13.28,13.35,13.41,13.42,13.14,3642577.0,48327188.0,15:00:03,2026-08-14
sh603916,苏博特,11.05,0.14,1.283,11.05,11.06,10.91,10.9,11.2,10.83,5806700.0,64000523.0,15:34:56,2026-08-14
sh603917,合力科技,12.51,0.08,0.644,12.5,12.51,12.43,12.41,12.81,12.36,2705192.0,33967256.0,15:00:03,2026-08-14
sh603918,金桥信息,11.3,0.19,1.71,11.3,11.31,11.11,11.08,12.1,11.08,27758805.0,316419667.0,15:34:56,2026-08-14
sh603919,金徽酒,16.7,-0.34,-1.995,16.7,16.71,17.04,16.94,17.06,16.7,9594586.0,161362137.0,15:34:56,2026-08-14
sh603920,世运电路,39.0,-0.01,-0.026,39.0,39.01,39.01,39.01,39.82,38.19,36215456.0,1407633626.0,15:34:56,2026-08-14
sh603922,ST金鸿顺,12.5,0.41,3.391,12.5,12.51,12.09,12.38,12.67,12.09,1593200.0,19779848.0,15:00:03,2026-08-14
sh603926,铁流股份,16.58,-0.43,-2.528,16.57,16.58,17.01,17.01,17.02,16.43,3491817.0,58061912.0,15:34:56,2026-08-14
sh603927,中科软,13.54,-0.14,-1.023,13.54,13.55,13.68,13.65,13.85,13.41,10009348.0,135915628.0,15:34:56,2026-08-14
sh603928,兴业股份,13.04,0.06,0.462,13.03,13.04,12.98,13.06,13.27,12.71,17008902.0,220252067.0,15:34:56,2026-08-14
sh603929,亚翔集成,162.7,1.18,0.731,162.7,162.71,161.52,163.58,165.1,159.26,4921282.0,797321157.0,15:34:56,2026-08-14
sh603931,格林达,39.35,2.29,6.179,39.34,39.35,37.06,37.32,39.35,37.31,8689192.0,334280487.0,15:34:56,2026-08-14
sh603933,睿能科技,20.55,-0.06,-0.291,20.55,20.56,20.61,20.51,20.98,20.2,4838191.0,99326769.0,15:34:56,2026-08-14
sh603936,博敏电子,15.8,0.49,3.201,15.79,15.8,15.31,15.53,15.82,15.35,33989547.0,530410593.0,15:34:56,2026-08-14
sh603937,丽岛新材,11.37,0.08,0.709,11.36,11.37,11.29,11.28,11.49,11.2,4245124.0,48201589.0,15:34:56,2026-08-14
sh603938,三孚股份,44.22,1.7,3.998,44.22,44.23,42.52,43.17,44.49,42.6,14533090.0,634582991.0,15:34:56,2026-08-14
sh603939,益丰药房,24.03,0.0,0.0,24.03,24.09,24.03,23.84,24.42,23.7,9744780.0,234024917.0,15:34:56,2026-08-14
sh603948,建业股份,20.65,0.02,0.097,20.65,20.68,20.63,20.81,20.97,20.62,931250.0,19310551.0,15:00:03,2026-08-14
sh603949,雪龙集团,14.22,0.05,0.353,14.21,14.22,14.17,14.22,14.28,14.03,2672400.0,37787479.0,15:34:56,2026-08-14
sh603950,长源东谷,62.1,2.95,4.987,62.1,62.13,59.15,59.66,63.25,58.26,7986133.0,492680122.0,15:34:56,2026-08-14
sh603955,大千生态,20.05,-0.35,-1.716,20.05,20.08,20.4,20.4,20.59,19.84,1855700.0,37291425.0,15:00:03,2026-08-14
sh603956,威派格,7.33,-0.66,-8.26,7.33,7.34,7.99,7.84,7.84,7.19,69989052.0,515002545.0,15:34:56,2026-08-14
sh603958,哈森股份,15.25,0.56,3.812,15.25,15.26,14.69,14.69,15.37,14.46,5682700.0,84646752.0,15:34:56,2026-08-14
sh603959,ST百利,5.03,-0.13,-2.519,5.02,5.03,5.16,5.18,5.2,4.77,18385167.0,91747963.0,15:00:03,2026-08-14
sh603960,克来机电,16.3,-0.06,-0.367,16.3,16.32,16.36,16.36,16.57,16.06,3789525.0,61748339.0,15:34:56,2026-08-14
sh603966,法兰泰克,7.85,-0.04,-0.507,7.84,7.85,7.89,7.88,7.94,7.78,5446970.0,42685726.0,15:34:56,2026-08-14
sh603967,中创物流,11.41,-0.04,-0.349,11.41,11.42,11.45,11.5,11.51,11.36,1706529.0,19501808.0,15:00:03,2026-08-14
sh603968,醋化股份,10.24,0.02,0.196,10.23,10.24,10.22,10.23,10.35,10.14,1504000.0,15372045.0,15:00:03,2026-08-14
sh603969,银龙股份,7.26,0.23,3.272,7.26,7.27,7.03,7.04,7.28,7.04,20874346.0,150305655.0,15:34:56,2026-08-14
sh603970,中农立华,10.36,0.04,0.388,10.36,10.37,10.32,10.29,10.44,10.24,1421040.0,14727497.0,15:00:03,2026-08-14
sh603976,正川股份,27.17,-0.83,-2.964,27.16,27.17,28.0,28.17,28.2,26.86,3732172.0,101545947.0,15:00:03,2026-08-14
sh603977,国泰集团,11.92,0.09,0.761,11.92,11.93,11.83,11.9,11.99,11.8,6841000.0,81271427.0,15:34:56,2026-08-14
sh603978,深圳新星,19.4,-0.09,-0.462,19.39,19.4,19.49,19.58,19.8,19.15,6236382.0,121167519.0,15:34:56,2026-08-14
sh603979,金诚信,76.65,4.32,5.973,76.63,76.65,72.33,72.07,77.1,70.99,12079982.0,895501927.0,15:34:56,2026-08-14
sh603980,吉华集团,6.95,-0.17,-2.388,6.95,6.96,7.12,7.19,7.21,6.88,29208400.0,204596627.0,15:34:56,2026-08-14
sh603982,泉峰汽车,6.03,-0.03,-0.495,6.03,6.04,6.06,6.06,6.1,5.97,3648353.0,21988840.0,15:00:03,2026-08-14
sh603983,丸美生物,28.16,-1.18,-4.022,28.16,28.18,29.34,29.03,29.34,28.04,3758950.0,107465519.0,15:34:56,2026-08-14
sh603985,恒润股份,18.09,1.03,6.038,18.08,18.09,17.06,17.16,18.29,16.96,17992741.0,316181926.0,15:34:56,2026-08-14
sh603986,兆易创新,417.48,12.98,3.209,417.48,417.49,404.5,419.0,421.18,406.55,47500735.0,19698931498.0,15:34:56,2026-08-14
sh603987,康德莱,7.65,0.02,0.262,7.64,7.65,7.63,7.63,7.77,7.58,4046440.0,31022308.0,15:00:03,2026-08-14
sh603988,中电电机,21.88,-0.12,-0.545,21.88,21.89,22.0,22.0,22.22,21.29,12673152.0,275318294.0,15:34:56,2026-08-14
sh603989,艾华集团,32.99,3.0,10.003,32.99,0.0,29.99,30.65,32.99,30.44,42587787.0,1385909317.0,15:34:56,2026-08-14
sh603990,麦迪科技,23.38,1.12,5.031,23.37,23.38,22.26,21.64,23.65,21.64,46353238.0,1061069354.0,15:34:56,2026-08-14
sh603991,领先股份,134.85,2.85,2.159,134.85,134.99,132.0,132.2,136.79,131.39,1792903.0,239991642.0,15:34:56,2026-08-14
sh603992,松霖科技,22.25,-0.63,-2.753,22.25,22.28,22.88,22.87,22.98,22.12,3577733.0,80125693.0,15:00:01,2026-08-14
sh603993,洛阳钼业,18.44,0.03,0.163,18.43,18.44,18.41,18.21,18.54,18.16,159521474.0,2924987147.0,15:34:56,2026-08-14
sh603995,甬金股份,24.77,0.14,0.568,24.76,24.77,24.63,24.8,25.66,24.35,7082980.0,176632035.0,15:34:56,2026-08-14
sh603997,继峰股份,12.34,-0.29,-2.296,12.33,12.34,12.63,12.8,12.83,12.3,13723540.0,171270181.0,15:34:56,2026-08-14
sh603998,方盛制药,10.78,0.01,0.093,10.77,10.78,10.77,10.78,11.11,10.6,58102348.0,629816956.0,15:34:56,2026-08-14
sh603999,读者传媒,5.56,-0.1,-1.767,5.55,5.56,5.66,5.61,5.62,5.5,8490100.0,47072502.0,15:00:03,2026-08-14
sh605001,威奥股份,5.61,0.0,0.0,5.6,5.61,5.61,5.64,5.67,5.51,2486550.0,13934776.0,15:00:03,2026-08-14
sh605003,众望布艺,21.21,0.12,0.569,21.19,21.21,21.09,21.08,21.32,20.86,584853.0,12326210.0,15:00:03,2026-08-14
sh605005,合兴股份,15.94,0.36,2.311,15.93,15.94,15.58,15.72,16.03,15.58,1796000.0,28544195.0,15:34:56,2026-08-14
sh605006,山东玻纤,15.11,0.6,4.135,15.11,15.12,14.51,14.57,15.28,14.56,41630181.0,625474506.0,15:34:56,2026-08-14
sh605007,五洲特纸,15.38,0.0,0.0,15.38,15.39,15.38,15.38,15.67,15.13,6306132.0,97148708.0,15:34:56,2026-08-14
sh605008,长鸿高科,12.32,0.36,3.01,12.32,12.33,11.96,12.0,12.41,11.95,7635000.0,93415189.0,15:34:56,2026-08-14
sh605009,豪悦护理,23.63,-0.25,-1.047,23.62,23.63,23.88,23.7,23.98,23.52,1231489.0,29165835.0,15:00:01,2026-08-14
sh605011,杭州热电,17.03,-0.61,-3.458,17.03,17.04,17.64,17.66,17.66,16.81,7473652.0,127082103.0,15:34:56,2026-08-14
sh605016,百龙创园,19.79,-0.36,-1.787,19.78,19.79,20.15,20.13,20.14,19.51,9277677.0,182791715.0,15:34:56,2026-08-14
sh605018,长华集团,12.91,-0.09,-0.692,12.9,12.91,13.0,13.04,13.08,12.8,2766400.0,35717432.0,15:00:01,2026-08-14
sh605020,永和股份,34.76,-0.07,-0.201,34.75,34.76,34.83,34.8,35.35,34.42,12141806.0,423228703.0,15:34:56,2026-08-14
sh605028,世茂能源,24.67,-0.56,-2.22,24.66,24.67,25.23,25.36,25.36,24.34,1814600.0,44947528.0,15:34:56,2026-08-14
sh605033,美邦股份,19.59,0.78,4.147,19.58,19.59,18.81,18.86,20.05,18.8,8087700.0,156885888.0,15:34:56,2026-08-14
sh605050,福然德,10.66,-0.02,-0.187,10.66,10.67,10.68,10.7,10.76,10.58,1578000.0,16870477.0,15:34:56,2026-08-14
sh605055,迎丰股份,9.61,-0.25,-2.535,9.61,9.62,9.86,9.84,10.08,9.51,3682400.0,35736289.0,15:00:03,2026-08-14
sh605056,咸亨国际,14.8,-0.25,-1.661,14.8,14.81,15.05,15.04,15.19,14.76,6874200.0,102421482.0,15:34:56,2026-08-14
sh605058,澳弘电子,27.18,0.52,1.95,27.17,27.18,26.66,26.8,27.24,26.73,1772100.0,47822930.0,15:34:56,2026-08-14
sh605060,联德股份,43.69,-0.8,-1.798,43.69,43.7,44.49,44.36,44.81,43.02,3052688.0,133456770.0,15:34:56,2026-08-14
sh605066,天正电气,6.93,0.02,0.289,6.92,6.94,6.91,6.86,6.98,6.77,10356600.0,71201429.0,15:34:56,2026-08-14
sh605068,明新旭腾,18.92,-0.2,-1.046,18.91,18.92,19.12,19.0,19.3,18.65,5086800.0,96203621.0,15:34:56,2026-08-14
sh605069,正和生态,10.73,-0.1,-0.923,10.72,10.73,10.83,10.84,11.04,10.61,4877700.0,52460209.0,15:00:03,2026-08-14
sh605077,华康股份,10.93,-0.06,-0.546,10.93,10.94,10.99,10.96,11.05,10.84,2783772.0,30408082.0,15:34:56,2026-08-14
sh605080,浙江自然,20.41,0.05,0.246,20.4,20.41,20.36,20.36,20.63,20.23,864100.0,17617498.0,15:00:03,2026-08-14
sh605086,龙高股份,24.0,0.0,0.0,24.0,24.04,24.0,24.1,24.25,23.89,730500.0,17569747.0,15:34:56,2026-08-14
sh605088,冠盛股份,21.07,0.01,0.047,21.05,21.07,21.06,21.0,21.21,20.71,2799956.0,58719517.0,15:34:56,2026-08-14
sh605089,味知香,20.27,-0.12,-0.589,20.26,20.27,20.39,20.39,20.48,20.06,694138.0,14048499.0,15:00:03,2026-08-14
sh605090,九丰能源,36.31,2.04,5.953,36.31,36.32,34.27,35.5,36.49,35.3,28414317.0,1023536520.0,15:34:56,2026-08-14
sh605098,行动教育,54.14,-2.14,-3.802,54.14,54.15,56.28,56.84,56.84,53.4,2214690.0,120342858.0,15:34:56,2026-08-14
sh605099,共创草坪,32.53,-0.53,-1.603,32.53,32.58,33.06,33.06,33.32,32.45,831800.0,27138507.0,15:34:56,2026-08-14
sh605100,华丰股份,34.66,1.23,3.679,34.65,34.66,33.43,33.95,34.84,33.52,3699400.0,127086798.0,15:34:56,2026-08-14
sh605108,同庆楼,12.73,-0.02,-0.157,12.72,12.73,12.75,12.75,12.87,12.56,1897599.0,24121757.0,15:00:01,2026-08-14
sh605111,新洁能,58.24,-0.28,-0.478,58.23,58.24,58.52,59.0,59.51,56.4,20601721.0,1189889856.0,15:34:56,2026-08-14
sh605116,奥锐特,20.83,-0.34,-1.606,20.83,20.85,21.17,21.26,21.4,20.66,4558570.0,95811402.0,15:34:56,2026-08-14
sh605117,德业股份,90.31,-0.4,-0.441,90.3,90.31,90.71,90.56,91.67,89.36,9077433.0,819869842.0,15:34:56,2026-08-14
sh605118,力鼎光电,29.29,0.34,1.174,29.28,29.29,28.95,28.79,29.59,28.79,1990000.0,58136926.0,15:34:56,2026-08-14
sh605122,四方新材,11.19,0.0,0.0,11.16,11.19,11.19,11.13,11.24,11.0,1630980.0,18154228.0,15:00:03,2026-08-14
sh605123,派克新材,78.12,0.6,0.774,78.12,78.13,77.52,77.9,78.5,77.21,1345599.0,104806909.0,15:34:56,2026-08-14
sh605128,上海沿浦,24.43,-0.45,-1.809,24.43,24.44,24.88,24.85,24.95,24.0,6297188.0,153559367.0,15:34:56,2026-08-14
sh605133,嵘泰股份,26.18,0.3,1.159,26.18,26.19,25.88,25.96,26.25,25.51,3755430.0,97274801.0,15:34:56,2026-08-14
sh605136,丽人丽妆,8.32,-0.01,-0.12,8.32,8.33,8.33,8.58,8.86,8.21,16574200.0,139713862.0,15:34:56,2026-08-14
sh605138,盛泰集团,5.89,0.02,0.341,5.88,5.89,5.87,5.93,5.93,5.81,2961248.0,17379941.0,15:00:03,2026-08-14
sh605151,西上海,18.8,0.35,1.897,18.8,18.85,18.45,18.45,19.3,18.28,1428800.0,26785764.0,15:00:03,2026-08-14
sh605155,西大门,14.76,0.16,1.096,14.75,14.76,14.6,14.6,14.9,14.41,3154984.0,46248710.0,15:34:56,2026-08-14
sh605158,华达新材,7.16,0.07,0.987,7.15,7.16,7.09,7.09,7.2,7.06,2336830.0,16661641.0,15:00:03,2026-08-14
sh605162,新中港,8.66,-0.39,-4.309,8.66,8.67,9.05,9.1,9.1,8.56,19625706.0,170919384.0,15:34:56,2026-08-14
sh605166,聚合顺,8.42,-0.36,-4.1,8.42,8.44,8.78,8.65,8.69,8.23,7664500.0,64478873.0,15:34:56,2026-08-14
sh605167,利柏特,14.39,0.09,0.629,14.38,14.39,14.3,14.44,14.74,14.13,6579838.0,94970442.0,15:34:56,2026-08-14
sh605168,三人行,44.51,0.83,1.9,44.51,44.52,43.68,43.91,45.0,43.47,4463185.0,197132251.0,15:34:56,2026-08-14
sh605169,洪通燃气,9.98,-0.02,-0.2,9.98,9.99,10.0,9.97,10.1,9.89,2189568.0,21854529.0,15:34:56,2026-08-14
sh605177,东亚药业,18.57,-0.04,-0.215,18.57,18.59,18.61,18.43,19.68,17.8,4720604.0,88773267.0,15:34:56,2026-08-14
sh605178,时空科技,65.27,-0.06,-0.092,65.27,65.29,65.33,66.38,67.99,64.06,3909800.0,256420422.0,15:34:56,2026-08-14
sh605179,一鸣食品,31.91,-1.52,-4.547,31.91,32.0,33.43,34.33,34.96,30.09,41629515.0,1332805042.0,15:34:56,2026-08-14
sh605180,华生科技,12.69,0.2,1.601,12.66,12.69,12.49,12.53,12.75,12.42,1439500.0,18162488.0,15:34:56,2026-08-14
sh605183,确成股份,14.55,0.02,0.138,14.53,14.55,14.53,14.54,14.68,14.41,741100.0,10760986.0,15:34:56,2026-08-14
sh605186,健麾信息,27.71,1.12,4.212,27.7,27.71,26.59,26.74,28.07,26.51,3272000.0,88841345.0,15:00:01,2026-08-14
sh605188,国光连锁,12.75,-0.35,-2.672,12.75,12.76,13.1,13.12,13.15,12.64,5187761.0,66271382.0,15:00:03,2026-08-14
sh605189,富春染织,16.14,0.18,1.128,16.14,16.15,15.96,15.85,16.35,15.79,14054347.0,226019664.0,15:34:56,2026-08-14
sh605196,华通线缆,35.07,0.55,1.593,35.06,35.07,34.52,34.51,35.89,33.88,14685681.0,514273227.0,15:34:56,2026-08-14
sh605198,安德利,67.75,0.45,0.669,67.75,67.76,67.3,67.27,69.98,66.0,2748800.0,186789010.0,15:34:56,2026-08-14
sh605199,ST葫芦娃,6.05,-0.08,-1.305,6.05,6.06,6.13,6.16,6.2,6.0,1460500.0,8852024.0,15:34:56,2026-08-14
sh605208,永茂泰,13.83,0.2,1.467,13.82,13.83,13.63,13.69,13.9,13.55,6606883.0,90726263.0,15:34:56,2026-08-14
sh605218,伟时电子,14.73,0.21,1.446,14.73,14.74,14.52,14.45,14.84,14.42,1958616.0,28654910.0,15:00:03,2026-08-14
sh605222,起帆电缆,19.95,-0.01,-0.05,19.95,19.96,19.96,20.0,20.17,19.52,4629400.0,91732692.0,15:34:56,2026-08-14
sh605228,神通科技,11.13,-0.09,-0.802,11.13,11.14,11.22,11.23,11.43,11.11,3858176.0,43283410.0,15:34:56,2026-08-14
sh605255,天普股份,68.32,-0.36,-0.524,68.32,68.33,68.68,67.99,69.3,67.7,566560.0,38758479.0,15:34:56,2026-08-14
sh605258,协和电子,27.3,0.47,1.752,27.28,27.3,26.83,26.89,27.3,26.84,1212000.0,32831639.0,15:00:03,2026-08-14
sh605259,绿田机械,18.14,0.2,1.115,18.13,18.14,17.94,17.94,18.18,17.78,600792.0,10834928.0,15:00:03,2026-08-14
sh605266,健之佳,16.9,-0.2,-1.17,16.9,16.91,17.1,17.09,17.22,16.8,1872224.0,31739865.0,15:34:56,2026-08-14
sh605268,王力安防,9.17,-0.09,-0.972,9.17,9.2,9.26,9.4,9.4,9.1,2609400.0,24004865.0,15:00:03,2026-08-14
sh605277,新亚电子,15.38,0.19,1.251,15.38,15.39,15.19,15.21,15.39,15.13,5687339.0,86846735.0,15:34:56,2026-08-14
sh605286,同力天启,30.68,-3.41,-10.003,30.68,30.69,34.09,35.79,35.81,30.68,18614702.0,588974830.0,15:34:56,2026-08-14
sh605287,德才股份,39.07,0.76,1.984,39.06,39.07,38.31,38.25,39.6,38.06,3382480.0,131383855.0,15:34:56,2026-08-14
sh605288,凯迪股份,63.01,-2.54,-3.875,63.01,63.02,65.55,64.83,66.0,61.71,2731940.0,173033430.0,15:34:56,2026-08-14
sh605289,罗曼股份,111.09,4.24,3.968,111.03,111.09,106.85,107.92,111.33,106.2,4049480.0,444006281.0,15:34:56,2026-08-14
sh605296,神农集团,30.56,-0.82,-2.613,30.55,30.56,31.38,31.2,31.35,30.5,2656100.0,81915704.0,15:34:56,2026-08-14
sh605298,必得科技,47.03,0.87,1.885,47.03,47.04,46.16,46.0,47.04,45.6,742300.0,34410277.0,15:34:56,2026-08-14
sh605299,舒华体育,12.63,0.02,0.159,12.62,12.63,12.61,12.63,12.77,12.37,8041903.0,100887275.0,15:34:56,2026-08-14
sh605300,佳禾食品,9.77,-0.11,-1.113,9.77,9.78,9.88,9.88,9.95,9.64,3315503.0,32381807.0,15:00:03,2026-08-14
sh605303,园林股份,21.42,-0.33,-1.517,21.42,21.43,21.75,22.0,22.07,21.0,3068200.0,65661024.0,15:34:56,2026-08-14
sh605305,中际联合,38.04,-0.19,-0.497,38.04,38.05,38.23,38.19,38.39,37.4,2957027.0,111864416.0,15:34:56,2026-08-14
sh605318,法狮龙,78.38,1.57,2.044,78.38,78.39,76.81,77.35,78.39,75.66,1177100.0,90778489.0,15:34:56,2026-08-14
sh605319,无锡振华,24.5,-0.09,-0.366,24.48,24.5,24.59,24.81,24.81,24.4,1817740.0,44606848.0,15:00:03,2026-08-14
sh605333,沪光股份,16.81,-0.25,-1.465,16.81,16.82,17.06,17.17,17.2,16.81,1580200.0,26724944.0,15:00:03,2026-08-14
sh605336,*ST帅电,10.85,-0.14,-1.274,10.85,10.87,10.99,11.13,11.27,10.81,2598840.0,28634042.0,15:34:56,2026-08-14
sh605337,李子园,9.66,-0.19,-1.929,9.65,9.66,9.85,9.8,9.95,9.56,6105857.0,59029805.0,15:34:56,2026-08-14
sh605338,巴比食品,19.51,-0.36,-1.812,19.5,19.51,19.87,19.81,19.82,19.42,1963000.0,38391317.0,15:00:01,2026-08-14
sh605339,南侨食品,14.32,0.45,3.244,14.31,14.32,13.87,13.87,14.52,13.69,4183190.0,58808858.0,15:34:56,2026-08-14
sh605358,立昂微,44.85,0.8,1.816,44.85,44.86,44.05,44.88,45.3,43.85,28971126.0,1296300827.0,15:34:56,2026-08-14
sh605365,立达信,13.79,0.04,0.291,13.78,13.79,13.75,13.83,13.88,13.66,2530600.0,34796850.0,15:00:03,2026-08-14
sh605366,宏柏新材,8.31,-0.07,-0.835,8.3,8.31,8.38,8.4,8.45,8.19,19571104.0,162566072.0,15:34:56,2026-08-14
sh605368,蓝天燃气,6.58,0.03,0.458,6.57,6.58,6.55,6.56,6.6,6.46,3522300.0,23060560.0,15:34:56,2026-08-14
sh605369,拱东医疗,17.12,0.03,0.176,17.11,17.12,17.09,17.0,17.3,16.85,1165640.0,19901237.0,15:00:03,2026-08-14
sh605376,博迁新材,168.55,1.07,0.639,168.55,168.56,167.48,168.25,171.78,164.0,13776792.0,2315424149.0,15:34:56,2026-08-14
sh605377,华旺科技,9.03,-0.12,-1.311,9.03,9.04,9.15,9.25,9.29,8.96,5917064.0,53779789.0,15:00:03,2026-08-14
sh605378,野马电池,14.15,0.08,0.569,14.14,14.15,14.07,14.05,14.33,14.01,1619280.0,22917993.0,15:00:03,2026-08-14
sh605388,均瑶健康,6.14,-0.34,-5.247,6.14,6.15,6.48,6.32,6.52,6.1,24595680.0,152652816.0,15:34:56,2026-08-14
sh605389,长龄液压,73.09,1.02,1.415,73.02,73.09,72.07,72.38,73.19,71.38,561380.0,40622743.0,15:34:56,2026-08-14
sh605398,新炬网络,21.14,0.31,1.488,21.14,21.15,20.83,20.7,21.74,20.66,3345880.0,70534962.0,15:00:03,2026-08-14
sh605399,晨光新材,10.76,0.02,0.186,10.75,10.76,10.74,10.79,10.88,10.61,3289619.0,35385978.0,15:00:03,2026-08-14
sh605488,福莱新材,29.9,-0.72,-2.351,29.89,29.9,30.62,30.98,31.07,29.55,5915413.0,177932142.0,15:34:56,2026-08-14
sh605499,东鹏饮料,122.93,-3.04,-2.413,122.93,122.94,125.97,125.5,126.26,122.58,7981009.0,988202129.0,15:34:56,2026-08-14
sh605500,森林包装,6.9,-0.04,-0.576,6.9,6.91,6.94,6.98,6.98,6.87,2847400.0,19664362.0,15:34:56,2026-08-14
sh605507,国邦医药,15.53,-0.17,-1.083,15.53,15.54,15.7,15.66,15.71,15.38,4059830.0,63083724.0,15:00:03,2026-08-14
sh605555,德昌股份,11.88,-0.15,-1.247,11.88,11.91,12.03,12.13,12.13,11.83,2430740.0,28973017.0,15:00:00,2026-08-14
sh605566,福莱蒽特,26.16,0.14,0.538,26.15,26.16,26.02,26.04,26.33,25.77,2073700.0,54004460.0,15:34:56,2026-08-14
sh605567,春雪食品,9.01,0.03,0.334,9.0,9.01,8.98,8.96,9.06,8.84,2411100.0,21586299.0,15:00:03,2026-08-14
sh605577,龙版传媒,9.74,-0.18,-1.815,9.73,9.74,9.92,9.83,9.88,9.64,5402500.0,52645557.0,15:34:56,2026-08-14
sh605580,恒盛能源,18.25,-0.06,-0.328,18.24,18.25,18.31,18.31,18.55,18.02,3666817.0,66716108.0,15:34:56,2026-08-14
sh605588,冠石科技,47.62,0.62,1.319,47.61,47.62,47.0,47.25,47.99,46.76,926700.0,43964146.0,15:00:01,2026-08-14
sh605589,圣泉集团,42.48,1.39,3.383,42.48,42.49,41.09,41.84,42.75,41.22,33018717.0,1388540038.0,15:34:56,2026-08-14
sh605598,上海港湾,27.75,-0.12,-0.431,27.75,27.78,27.87,27.94,28.21,27.33,2274750.0,62956291.0,15:00:03,2026-08-14
sh605599,菜百股份,15.51,-0.52,-3.244,15.51,15.54,16.03,15.96,15.99,15.4,8505829.0,132603201.0,15:34:56,2026-08-14
sh688001,华兴源创,50.39,1.39,2.837,50.39,50.44,49.0,49.72,50.68,49.0,5970131.0,298030477.0,15:00:03,2026-08-14
sh688002,睿创微纳,166.01,-0.24,-0.144,166.01,166.05,166.25,167.0,169.57,163.13,8969272.0,1491926277.0,15:34:56,2026-08-14
sh688003,天准科技,79.0,1.5,1.935,79.0,79.01,77.5,78.48,79.98,76.31,4020030.0,314334937.0,15:34:56,2026-08-14
sh688004,博汇科技,24.9,1.07,4.49,24.9,24.95,23.83,23.81,24.99,23.67,3733668.0,91135193.0,15:34:56,2026-08-14
sh688005,容百科技,27.13,-0.18,-0.659,27.13,27.14,27.31,27.42,27.93,27.04,10784169.0,295040231.0,15:34:56,2026-08-14
sh688006,杭可科技,21.9,-0.32,-1.44,21.89,21.9,22.22,22.42,22.52,21.75,9354678.0,206042706.0,15:34:56,2026-08-14
sh688007,光峰科技,10.93,-0.03,-0.274,10.93,10.94,10.96,10.94,11.18,10.79,5493599.0,60155876.0,15:00:03,2026-08-14
sh688008,澜起科技,211.91,1.69,0.804,211.9,211.91,210.22,215.0,216.68,209.88,31352510.0,6673012601.0,15:34:56,2026-08-14
sh688009,中国通号,4.91,0.0,0.0,4.9,4.91,4.91,4.92,4.92,4.89,14786079.0,72497133.0,15:34:56,2026-08-14
sh688010,福光股份,27.15,0.44,1.647,27.14,27.15,26.71,26.66,27.27,26.62,3178361.0,85639939.0,15:34:56,2026-08-14
sh688011,新光光电,80.66,-0.91,-1.116,80.63,80.66,81.57,81.8,81.9,78.0,2272199.0,181413566.0,15:00:03,2026-08-14
sh688012,中微公司,374.85,4.43,1.196,374.85,374.86,370.42,377.95,378.0,367.5,14869855.0,5551760679.0,15:34:56,2026-08-14
sh688013,天臣医疗,26.21,-0.16,-0.607,26.21,26.26,26.37,26.36,26.95,25.96,1079685.0,28489747.0,15:00:01,2026-08-14
sh688015,交控科技,15.87,0.06,0.38,15.85,15.87,15.81,15.81,15.92,15.64,902870.0,14263234.0,15:00:03,2026-08-14
sh688016,心脉医疗,92.86,-1.24,-1.318,92.86,92.89,94.1,93.83,95.47,92.59,1651444.0,154709078.0,15:00:03,2026-08-14
sh688017,绿的谐波,349.93,3.93,1.136,349.92,349.93,346.0,349.0,352.99,340.91,7320407.0,2538554340.0,15:34:56,2026-08-14
sh688018,乐鑫科技,112.0,0.0,0.0,112.0,112.01,112.0,112.32,115.66,111.1,4384407.0,494760193.0,15:34:56,2026-08-14
sh688019,安集科技,248.2,5.7,2.351,248.2,248.24,242.5,246.79,251.71,243.03,5082182.0,1259104638.0,15:34:56,2026-08-14
sh688020,方邦股份,144.98,6.1,4.392,144.98,144.99,138.88,141.09,145.0,137.6,4184088.0,594032598.0,15:34:56,2026-08-14
sh688021,奥福科技,20.74,0.08,0.387,20.74,20.83,20.66,20.69,21.05,20.5,976651.0,20254653.0,15:00:03,2026-08-14
sh688022,ST瀚川,8.4,0.18,2.19,8.4,8.41,8.22,8.24,8.5,8.09,2073869.0,17214335.0,15:00:03,2026-08-14
sh688023,安恒信息,39.69,0.65,1.665,39.69,39.72,39.04,39.4,40.13,38.46,3065653.0,120463403.0,15:34:56,2026-08-14
sh688025,杰普特,404.31,26.61,7.045,404.31,404.44,377.7,379.59,406.25,377.0,4053288.0,1595122391.0,15:34:56,2026-08-14
sh688026,洁特生物,18.19,-0.36,-1.941,18.19,18.29,18.55,18.45,19.2,17.9,6096196.0,112645648.0,15:00:03,2026-08-14
sh688027,国盾量子,409.6,5.21,1.288,409.36,409.6,404.39,407.39,410.99,401.31,1139669.0,463356534.0,15:00:03,2026-08-14
sh688028,沃尔德,91.6,-0.2,-0.218,91.59,91.6,91.8,92.99,95.88,89.2,7783504.0,714459567.0,15:00:03,2026-08-14
sh688029,南微医学,74.13,1.1,1.506,74.11,74.13,73.03,72.72,76.4,72.28,3232638.0,241962322.0,15:00:03,2026-08-14
sh688030,山石网科,17.55,0.13,0.746,17.53,17.55,17.42,17.46,17.82,17.23,3710924.0,65005870.0,15:00:03,2026-08-14
sh688031,星环科技,114.02,1.73,1.541,114.0,114.02,112.29,112.86,119.38,110.75,6804533.0,777450601.0,15:34:56,2026-08-14
sh688032,禾迈股份,77.77,-0.66,-0.842,77.77,77.95,78.43,78.4,79.49,77.77,656323.0,51374309.0,15:34:56,2026-08-14
sh688033,*ST天宜,6.1,0.0,0.0,6.09,6.1,6.1,6.1,6.13,6.01,3154956.0,19135802.0,15:00:03,2026-08-14
sh688035,德邦科技,65.69,3.73,6.02,65.68,65.69,61.96,63.7,67.58,63.7,8999608.0,591009361.0,15:34:56,2026-08-14
sh688036,传音控股,55.02,0.45,0.825,55.02,55.03,54.57,54.57,55.09,54.2,9024237.0,494320895.0,15:34:56,2026-08-14
sh688037,芯源微,336.8,6.83,2.07,336.6,336.8,329.97,333.4,341.98,328.05,3606232.0,1206004316.0,15:34:56,2026-08-14
sh688038,中科通达,18.08,0.15,0.837,18.08,18.09,17.93,17.93,18.15,17.68,1441116.0,25816842.0,15:00:03,2026-08-14
sh688039,当虹科技,35.54,0.45,1.282,35.53,35.54,35.09,35.24,35.93,34.61,1540459.0,54292191.0,15:00:03,2026-08-14
sh688041,海光信息,280.99,-5.01,-1.752,280.98,280.99,286.0,289.97,289.97,276.6,19031623.0,5356930111.0,15:34:56,2026-08-14
sh688045,必易微,62.36,0.36,0.581,62.3,62.36,62.0,61.62,63.08,60.8,2806971.0,174104228.0,15:00:03,2026-08-14
sh688046,药康生物,40.5,-0.45,-1.099,40.5,40.55,40.95,40.04,41.9,38.78,22433268.0,901786403.0,15:34:56,2026-08-14
sh688047,龙芯中科,110.65,0.39,0.354,110.64,110.65,110.26,110.92,111.42,108.36,3639762.0,400364077.0,15:34:56,2026-08-14
sh688048,长光华芯,312.0,11.09,3.685,311.99,312.0,300.91,303.57,315.62,295.0,9943240.0,3053238156.0,15:34:56,2026-08-14
sh688049,炬芯科技,41.25,0.0,0.0,41.24,41.25,41.25,41.5,42.39,40.56,4920002.0,203350719.0,15:34:56,2026-08-14
sh688050,爱博医疗,42.5,-0.95,-2.186,42.48,42.5,43.45,44.86,44.96,42.22,6352020.0,274464175.0,15:34:56,2026-08-14
sh688051,佳华科技,24.65,-0.13,-0.525,24.65,24.7,24.78,24.78,25.15,24.41,1199589.0,29641711.0,15:00:03,2026-08-14
sh688052,纳芯微,237.3,11.91,5.284,237.3,237.45,225.39,233.0,242.99,231.44,4603324.0,1084416638.0,15:34:56,2026-08-14
sh688053,ST思科瑞,34.32,0.52,1.538,34.3,34.32,33.8,33.8,34.32,33.4,432146.0,14610112.0,15:00:03,2026-08-14
sh688055,龙腾光电,3.88,-0.06,-1.523,3.88,3.89,3.94,3.95,3.97,3.85,12152561.0,47204033.0,15:34:56,2026-08-14
sh688056,莱伯泰科,43.31,1.03,2.436,43.31,43.35,42.28,42.31,43.67,42.31,1046028.0,45118470.0,15:34:56,2026-08-14
sh688057,金达莱,18.32,0.11,0.604,18.31,18.32,18.21,18.25,18.59,17.8,4169811.0,75954405.0,15:00:03,2026-08-14
sh688058,宝兰德,23.15,0.17,0.74,23.15,23.16,22.98,23.32,23.32,22.69,912132.0,20965040.0,15:00:03,2026-08-14
sh688059,华锐精密,95.21,0.6,0.634,95.2,95.21,94.61,94.61,95.72,91.8,5965352.0,559794787.0,15:34:56,2026-08-14
sh688060,云涌科技,34.61,0.34,0.992,34.61,34.76,34.27,34.0,34.76,34.0,341681.0,11778104.0,15:34:56,2026-08-14
sh688061,灿瑞科技,36.82,0.05,0.136,36.82,36.88,36.77,36.79,37.57,35.93,1002741.0,36721827.0,15:00:03,2026-08-14
sh688062,迈威生物,34.0,-0.12,-0.352,33.98,34.0,34.12,33.89,34.68,33.11,13023989.0,440696972.0,15:34:56,2026-08-14
sh688063,派能科技,44.85,-0.17,-0.378,44.85,44.86,45.02,45.08,45.9,44.5,4144254.0,186472446.0,15:34:56,2026-08-14
sh688065,凯赛生物,46.6,-0.01,-0.021,46.6,46.62,46.61,46.7,47.0,46.01,3911958.0,182109389.0,15:34:56,2026-08-14
sh688066,*ST航图,9.05,0.06,0.667,9.05,9.07,8.99,9.01,9.05,8.74,4859709.0,43291169.0,15:34:56,2026-08-14
sh688067,爱威科技,22.77,0.43,1.925,22.77,22.85,22.34,22.17,22.9,22.17,793062.0,17923594.0,15:00:01,2026-08-14
sh688068,热景生物,116.01,1.03,0.896,116.01,116.07,114.98,114.4,121.72,112.58,5388626.0,628004320.0,15:34:56,2026-08-14
sh688069,德林海,32.74,-2.37,-6.75,32.74,32.78,35.11,35.03,35.38,32.0,5737393.0,190776569.0,15:00:03,2026-08-14
sh688070,纵横股份,33.53,0.13,0.389,33.49,33.53,33.4,33.3,34.08,33.08,1116154.0,37456687.0,15:00:03,2026-08-14
sh688071,华依科技,36.0,-0.7,-1.907,35.99,36.0,36.7,36.63,36.88,35.52,2412956.0,86890536.0,15:00:00,2026-08-14
sh688072,拓荆科技,688.2,3.09,0.451,688.01,688.2,685.11,695.0,706.8,676.06,4867402.0,3364530680.0,15:34:56,2026-08-14
sh688073,毕得医药,83.34,-1.49,-1.756,83.33,83.34,84.83,85.07,85.6,80.31,7963233.0,655398751.0,15:34:56,2026-08-14
sh688075,安旭生物,29.71,0.12,0.406,29.7,29.71,29.59,29.54,30.06,29.35,526876.0,15669511.0,15:00:03,2026-08-14
sh688076,ST诺泰,28.24,0.22,0.785,28.23,28.24,28.02,28.1,28.4,27.8,1531353.0,42978807.0,15:00:03,2026-08-14
sh688077,大地熊,27.27,0.54,2.02,27.27,27.3,26.73,26.73,27.48,26.5,2381732.0,64559928.0,15:00:03,2026-08-14
sh688078,龙软科技,22.66,-0.16,-0.701,22.62,22.66,22.82,22.74,22.96,22.44,642469.0,14555270.0,15:34:56,2026-08-14
sh688079,美迪凯,16.21,0.41,2.595,16.2,16.21,15.8,16.0,16.55,15.84,12537637.0,201847701.0,15:00:03,2026-08-14
sh688080,映翰通,36.75,0.28,0.768,36.71,36.75,36.47,36.55,36.98,36.02,830872.0,30351245.0,15:00:03,2026-08-14
sh688081,兴图新科,29.9,0.5,1.701,29.89,29.9,29.4,29.38,30.31,29.09,1407621.0,41841299.0,15:00:03,2026-08-14
sh688082,盛美上海,305.4,-0.2,-0.065,305.4,305.43,305.6,311.1,311.71,298.0,5345933.0,1625963828.0,15:34:56,2026-08-14
sh688083,中望软件,53.0,2.73,5.431,52.89,53.0,50.27,50.3,53.0,48.83,6619455.0,338261003.0,15:34:56,2026-08-14
sh688084,晶品特装,46.2,0.04,0.087,46.15,46.2,46.16,45.83,47.1,45.22,1305420.0,60132814.0,15:00:01,2026-08-14
sh688085,三友医疗,13.75,-0.05,-0.362,13.75,13.76,13.8,13.72,13.99,13.56,3395379.0,46607161.0,15:00:03,2026-08-14
sh688087,英科再生,37.76,-1.17,-3.005,37.76,37.8,38.93,39.11,39.46,37.51,2515422.0,95812212.0,15:00:01,2026-08-14
sh688088,虹软科技,33.41,-0.1,-0.298,33.41,33.44,33.51,33.85,34.2,33.03,5792066.0,193919950.0,15:34:56,2026-08-14
sh688089,ST嘉必优,7.72,-0.19,-2.402,7.72,7.73,7.91,7.95,7.95,7.63,2631084.0,20440400.0,15:00:01,2026-08-14
sh688090,瑞松科技,71.46,1.46,2.086,71.14,71.46,70.0,71.4,72.26,69.13,6932969.0,489761149.0,15:00:01,2026-08-14
sh688091,上海谊众,41.18,-1.44,-3.379,41.18,41.21,42.62,43.01,43.8,40.9,4395241.0,184996247.0,15:34:56,2026-08-14
sh688092,爱科科技,22.59,0.09,0.4,22.43,22.59,22.5,22.35,22.63,22.28,543657.0,12216397.0,15:00:03,2026-08-14
sh688093,世华科技,26.73,0.07,0.263,26.71,26.73,26.66,26.9,26.9,26.31,1983355.0,52662311.0,15:00:01,2026-08-14
sh688095,福昕软件,64.75,-0.71,-1.085,64.7,64.75,65.46,65.92,67.56,63.0,5613040.0,363387894.0,15:34:56,2026-08-14
sh688096,京源环保,8.75,0.05,0.575,8.75,8.76,8.7,8.62,8.83,8.58,5305387.0,46153496.0,15:00:03,2026-08-14
sh688097,博众精工,44.63,0.64,1.455,44.63,44.65,43.99,44.18,44.8,43.81,4812440.0,213498384.0,15:34:56,2026-08-14
sh688098,申联生物,8.61,0.07,0.82,8.61,8.62,8.54,8.56,9.1,8.48,7549605.0,66478179.0,15:00:00,2026-08-14
sh688099,晶晨股份,96.8,-0.5,-0.514,96.79,96.8,97.3,97.6,98.99,94.71,10703451.0,1032551641.0,15:34:56,2026-08-14
sh688100,威胜信息,29.09,-0.27,-0.92,29.09,29.11,29.36,29.39,29.51,28.93,2924216.0,85307672.0,15:34:56,2026-08-14
sh688101,三达膜,15.44,0.03,0.195,15.43,15.44,15.41,15.42,15.53,15.31,2063278.0,31766268.0,15:00:03,2026-08-14
sh688102,斯瑞新材,38.09,0.92,2.475,38.09,38.1,37.17,37.17,38.15,36.95,19018352.0,715449592.0,15:34:56,2026-08-14
sh688103,国力电子,76.21,0.69,0.914,76.16,76.21,75.52,75.04,77.84,73.28,2817872.0,212543518.0,15:00:01,2026-08-14
sh688105,诺唯赞,24.97,0.55,2.252,24.97,24.98,24.42,23.98,25.49,23.56,19769728.0,483471035.0,15:34:56,2026-08-14
sh688106,金宏气体,29.68,0.55,1.888,29.68,29.69,29.13,29.7,30.45,29.2,22820232.0,679886587.0,15:34:56,2026-08-14
sh688107,安路科技,31.86,-0.43,-1.332,31.86,31.88,32.29,32.54,32.79,31.45,7469972.0,239022093.0,15:34:56,2026-08-14
sh688108,赛诺医疗,19.16,0.71,3.848,19.16,19.18,18.45,18.39,19.4,18.21,20067323.0,382398751.0,15:34:56,2026-08-14
sh688109,品茗科技,75.49,-1.93,-2.493,75.49,75.55,77.42,78.69,78.69,74.32,1237242.0,94161080.0,15:00:03,2026-08-14
sh688110,东芯股份,117.09,4.59,4.08,117.09,117.1,112.5,115.0,117.66,113.88,16772040.0,1940557159.0,15:34:56,2026-08-14
sh688111,金山办公,256.45,1.95,0.766,256.44,256.45,254.5,254.51,263.2,251.08,10510164.0,2695076052.0,15:34:56,2026-08-14
sh688112,鼎阳科技,52.52,1.22,2.378,52.42,52.52,51.3,51.5,52.58,51.05,1754702.0,91035610.0,15:00:01,2026-08-14
sh688113,联测科技,36.01,0.25,0.699,36.01,36.04,35.76,35.77,36.28,35.77,418957.0,15096565.0,15:00:03,2026-08-14
sh688114,华大智造,67.0,-3.29,-4.681,67.0,67.04,70.29,69.77,69.77,65.8,12752307.0,857710770.0,15:34:56,2026-08-14
sh688115,思林杰,69.37,4.83,7.484,69.37,69.49,64.54,64.07,71.5,64.07,4644672.0,318721436.0,15:00:01,2026-08-14
sh688116,天奈科技,32.55,-0.33,-1.004,32.54,32.55,32.88,33.09,33.62,32.42,5149198.0,169528097.0,15:34:56,2026-08-14
sh688117,圣诺生物,27.03,0.12,0.446,27.03,27.04,26.91,26.78,27.6,26.27,9326919.0,250867722.0,15:34:56,2026-08-14
sh688118,普元信息,20.95,-0.05,-0.238,20.95,20.97,21.0,20.98,21.76,20.61,3900146.0,82107600.0,15:00:03,2026-08-14
sh688119,中钢洛耐,3.98,-0.02,-0.5,3.98,3.99,4.0,4.01,4.04,3.95,6903460.0,27519038.0,15:00:03,2026-08-14
sh688120,华海清科,263.42,0.43,0.164,263.42,263.5,262.99,266.9,268.33,258.8,8645012.0,2281586472.0,15:34:56,2026-08-14
sh688121,*ST卓然,2.12,-0.11,-4.933,2.11,2.12,2.23,2.18,2.19,2.11,7646008.0,16369515.0,15:34:56,2026-08-14
sh688122,西部超导,51.76,0.05,0.097,51.76,51.77,51.71,51.71,52.15,51.22,6056688.0,313059615.0,15:34:56,2026-08-14
sh688123,聚辰股份,143.81,4.93,3.55,143.81,143.98,138.88,142.0,146.38,140.36,9159596.0,1315346997.0,15:34:56,2026-08-14
sh688125,安达智能,122.89,1.83,1.512,122.76,122.89,121.06,121.18,123.81,118.9,1141340.0,138905027.0,15:34:56,2026-08-14
sh688126,沪硅产业,25.9,0.57,2.25,25.9,25.91,25.33,25.75,25.94,25.31,61493975.0,1579529957.0,15:34:56,2026-08-14
sh688127,蓝特光学,66.22,0.52,0.791,66.22,66.23,65.7,66.78,66.78,65.2,4569321.0,301995139.0,15:34:56,2026-08-14
sh688128,中国电研,22.17,-0.03,-0.135,22.17,22.2,22.2,22.29,22.39,22.02,1327832.0,29468870.0,15:00:03,2026-08-14
sh688129,东来技术,20.79,0.2,0.971,20.62,20.79,20.59,20.67,21.13,20.61,796935.0,16625365.0,15:00:03,2026-08-14
sh688130,晶华微,24.69,0.59,2.448,24.66,24.69,24.1,24.24,24.84,23.93,2967044.0,72351245.0,15:34:56,2026-08-14
sh688131,皓元医药,100.08,1.11,1.122,100.08,100.09,98.97,99.66,101.39,97.18,6285206.0,623570148.0,15:34:56,2026-08-14
sh688132,邦彦技术,13.51,0.07,0.521,13.46,13.51,13.44,13.6,13.6,13.29,912001.0,12233219.0,15:00:03,2026-08-14
sh688133,泰坦科技,24.5,-0.09,-0.366,24.5,24.53,24.59,24.8,26.26,24.41,7710524.0,194621392.0,15:34:56,2026-08-14
sh688135,利扬芯片,26.2,0.56,2.184,26.2,26.21,25.64,26.15,26.55,25.57,10313611.0,268407115.0,15:34:56,2026-08-14
sh688136,科兴制药,20.92,-0.2,-0.947,20.92,20.93,21.12,21.45,21.55,20.62,4304327.0,90375654.0,15:00:01,2026-08-14
sh688137,近岸蛋白,69.58,5.58,8.719,69.56,69.58,64.0,63.44,71.0,61.2,9561867.0,639119589.0,15:00:03,2026-08-14
sh688138,清溢光电,34.21,1.21,3.667,34.21,34.23,33.0,33.3,34.49,33.09,8334741.0,281375035.0,15:34:56,2026-08-14
sh688139,海尔生物,28.84,-0.26,-0.893,28.84,28.89,29.1,29.11,29.55,28.7,2544126.0,73953018.0,15:00:03,2026-08-14
sh688141,杰华特,143.0,7.23,5.325,142.97,143.0,135.77,140.0,143.43,136.0,11727450.0,1643782932.0,15:34:56,2026-08-14
sh688143,长盈通,140.0,18.13,14.877,139.99,140.0,121.87,123.51,140.0,122.11,20448491.0,2705255639.0,15:34:56,2026-08-14
sh688146,中船特气,300.96,5.47,1.851,300.95,300.96,295.49,300.0,305.92,295.81,14563960.0,4372464198.0,15:34:56,2026-08-14
sh688147,微导纳米,121.38,6.1,5.291,121.38,121.48,115.28,116.56,122.45,114.15,12736099.0,1509837458.0,15:34:56,2026-08-14
sh688148,芳源股份,6.74,0.19,2.901,6.73,6.74,6.55,6.56,6.81,6.56,22444838.0,150179142.0,15:34:56,2026-08-14
sh688150,莱特光电,40.44,0.84,2.121,40.43,40.44,39.6,40.29,41.13,39.22,8115059.0,326288185.0,15:34:56,2026-08-14
sh688151,华强科技,16.72,0.09,0.541,16.71,16.72,16.63,16.69,16.94,16.47,3301758.0,55035798.0,15:34:56,2026-08-14
sh688152,麒麟信安,28.24,-0.01,-0.035,28.24,28.25,28.25,28.3,28.65,27.67,901158.0,25272110.0,15:00:03,2026-08-14
sh688153,唯捷创芯,26.43,0.12,0.456,26.43,26.44,26.31,26.53,26.81,26.03,2835878.0,74864501.0,15:00:03,2026-08-14
sh688155,先惠技术,61.02,0.08,0.131,61.02,61.05,60.94,60.97,62.25,60.4,1885627.0,115345105.0,15:00:03,2026-08-14
sh688156,路德科技,20.19,-0.59,-2.839,20.15,20.19,20.78,20.69,20.83,19.84,3710860.0,74780655.0,15:00:03,2026-08-14
sh688157,松井股份,18.81,-0.22,-1.156,18.81,18.98,19.03,19.0,19.77,18.71,1953730.0,37162882.0,15:00:03,2026-08-14
sh688158,优刻得,35.62,1.22,3.547,35.62,35.63,34.4,34.58,36.18,33.88,38760768.0,1358091571.0,15:34:56,2026-08-14
sh688159,有方科技,33.32,0.46,1.4,33.32,33.33,32.86,32.83,33.6,32.6,2394326.0,79360648.0,15:00:03,2026-08-14
sh688160,步科股份,109.62,0.62,0.569,109.61,109.62,109.0,109.86,110.47,107.41,979940.0,106935201.0,15:34:56,2026-08-14
sh688161,威高骨科,22.75,0.2,0.887,22.75,22.77,22.55,22.62,23.1,22.38,1416387.0,32255011.0,15:00:03,2026-08-14
sh688162,巨一科技,23.0,-0.13,-0.562,22.99,23.0,23.13,23.29,23.38,22.81,1094098.0,25219101.0,15:00:00,2026-08-14
sh688163,赛伦生物,33.3,0.48,1.463,33.3,33.31,32.82,32.82,34.3,32.18,1109581.0,37006256.0,15:00:03,2026-08-14
sh688165,埃夫特,17.27,-0.01,-0.058,17.27,17.29,17.28,17.4,17.56,16.97,6037007.0,103991790.0,15:34:56,2026-08-14
sh688166,博瑞医药,40.34,-1.53,-3.654,40.34,40.37,41.87,41.04,41.84,39.8,21792234.0,885383635.0,15:34:56,2026-08-14
sh688167,炬光科技,270.95,15.09,5.898,270.95,270.98,255.86,255.86,278.3,252.03,14503556.0,3877080872.0,15:34:56,2026-08-14
sh688168,安博通,37.86,1.08,2.936,37.86,37.87,36.78,36.78,38.0,36.7,2471697.0,92143439.0,15:34:56,2026-08-14
sh688169,石头科技,106.63,0.88,0.832,106.63,106.64,105.75,106.5,108.74,105.55,4072155.0,437143307.0,15:00:03,2026-08-14
sh688170,德龙激光,56.15,4.38,8.46,56.15,56.16,51.77,52.41,56.28,51.77,5901385.0,318267221.0,15:34:56,2026-08-14
sh688171,纬德信息,27.37,-0.24,-0.869,27.36,27.37,27.61,27.82,28.22,26.73,2157286.0,58958151.0,15:00:03,2026-08-14
sh688172,燕东微,55.62,-0.58,-1.032,55.62,55.65,56.2,57.31,57.89,54.3,12310812.0,685601779.0,15:34:56,2026-08-14
sh688173,希荻微,14.02,0.42,3.088,14.01,14.02,13.6,13.81,14.09,13.64,7057589.0,97876031.0,15:00:03,2026-08-14
sh688175,高凌信息,19.65,0.05,0.255,19.64,19.65,19.6,19.5,19.85,19.25,1901244.0,37125510.0,15:00:03,2026-08-14
sh688176,亚虹医药,12.98,-0.22,-1.667,12.98,12.99,13.2,13.49,13.5,12.75,17478156.0,228898938.0,15:34:56,2026-08-14
sh688177,百奥泰,21.88,0.91,4.34,21.88,21.89,20.97,21.01,22.72,20.5,8862946.0,193503028.0,15:34:56,2026-08-14
sh688178,万德斯,27.94,-0.47,-1.654,27.92,27.94,28.41,28.41,28.51,27.62,946928.0,26505613.0,15:00:03,2026-08-14
sh688179,阿拉丁,24.25,2.38,10.882,24.25,24.26,21.87,21.75,26.18,21.69,39276590.0,950113033.0,15:34:56,2026-08-14
sh688180,君实生物,39.89,-0.24,-0.598,39.89,39.9,40.13,40.03,41.62,39.36,26484666.0,1069420360.0,15:34:56,2026-08-14
sh688181,八亿时空,41.46,2.19,5.577,41.46,41.47,39.27,39.68,41.52,39.34,6182539.0,249984492.0,15:34:56,2026-08-14
sh688182,灿勤科技,28.45,0.4,1.426,28.45,28.46,28.05,28.38,28.87,27.89,5272258.0,149475380.0,15:00:01,2026-08-14
sh688183,生益电子,115.99,6.14,5.589,115.99,116.0,109.85,110.88,116.2,108.8,16660883.0,1871476168.0,15:34:56,2026-08-14
sh688184,ST帕瓦,11.36,-0.04,-0.351,11.32,11.36,11.4,11.4,11.54,11.31,449908.0,5115100.0,15:00:03,2026-08-14
sh688185,康希诺,56.29,-0.43,-0.758,56.28,56.29,56.72,56.47,57.2,55.27,2206541.0,124007992.0,15:00:01,2026-08-14
sh688186,广大特材,14.44,0.02,0.139,14.44,14.45,14.42,14.5,14.51,14.27,2633418.0,37803500.0,15:00:00,2026-08-14
sh688187,时代电气,49.25,-0.29,-0.585,49.24,49.25,49.54,49.65,50.66,49.09,4805521.0,238605164.0,15:34:56,2026-08-14
sh688188,柏楚电子,102.82,0.59,0.577,102.82,102.83,102.23,102.34,102.87,100.75,2271508.0,231379353.0,15:00:03,2026-08-14
sh688189,ST南新,6.93,-0.22,-3.077,6.93,6.95,7.15,7.1,7.18,6.79,10006352.0,69458014.0,15:00:03,2026-08-14
sh688190,云路股份,76.97,-0.53,-0.684,76.97,77.07,77.5,77.5,78.13,76.05,914876.0,70493294.0,15:00:03,2026-08-14
sh688191,智洋创新,23.74,1.86,8.501,23.74,23.75,21.88,22.0,24.18,21.7,13120624.0,307446191.0,15:34:56,2026-08-14
sh688192,迪哲医药,60.91,-0.28,-0.458,60.91,60.95,61.19,60.99,62.49,59.2,9258784.0,562157957.0,15:34:56,2026-08-14
sh688193,仁度生物,48.78,-0.65,-1.315,48.78,49.11,49.43,49.68,49.92,48.27,379562.0,18545584.0,15:00:03,2026-08-14
sh688195,腾景科技,164.08,5.83,3.684,164.08,164.2,158.25,160.2,166.56,158.3,11465351.0,1869409556.0,15:34:56,2026-08-14
sh688196,卓越新能,34.7,-0.34,-0.97,34.7,34.72,35.04,35.0,35.3,34.31,1123878.0,38900543.0,15:00:03,2026-08-14
sh688197,首药控股,37.5,0.47,1.269,37.49,37.5,37.03,37.07,38.33,35.98,2067895.0,77193128.0,15:00:03,2026-08-14
sh688198,佰仁医疗,81.37,-0.14,-0.172,81.37,81.38,81.51,82.32,83.7,80.7,867908.0,71189813.0,15:00:03,2026-08-14
sh688199,久日新材,23.28,0.76,3.375,23.28,23.29,22.52,22.61,23.35,22.61,4240838.0,98120304.0,15:34:56,2026-08-14
sh688200,华峰测控,408.0,-7.01,-1.689,408.0,408.5,415.01,415.0,420.63,393.43,4292119.0,1733261339.0,15:00:03,2026-08-14
sh688201,ST信安,7.23,-0.06,-0.823,7.22,7.23,7.29,7.32,7.35,7.11,1974510.0,14229713.0,15:00:03,2026-08-14
sh688202,美迪西,108.76,1.41,1.313,108.75,108.76,107.35,107.24,108.76,102.3,11091022.0,1172096507.0,15:34:56,2026-08-14
sh688203,海正生材,11.88,0.19,1.625,11.88,11.89,11.69,11.69,12.0,11.39,7267326.0,85130581.0,15:34:56,2026-08-14
sh688205,德科立,158.52,4.12,2.668,158.51,158.52,154.4,156.0,162.4,154.0,9584383.0,1508019248.0,15:34:56,2026-08-14
sh688206,概伦电子,35.72,0.34,0.961,35.72,35.73,35.38,36.04,36.5,34.85,5635363.0,201289650.0,15:34:56,2026-08-14
sh688207,格灵深瞳,20.12,0.74,3.818,20.1,20.12,19.38,19.6,20.88,19.58,13596668.0,275098977.0,15:34:56,2026-08-14
sh688208,道通科技,26.5,-0.4,-1.487,26.5,26.53,26.9,27.0,27.05,26.2,8662098.0,229892175.0,15:00:03,2026-08-14
sh688209,英集芯,22.01,0.51,2.372,22.0,22.01,21.5,21.72,22.19,21.55,5873166.0,128484038.0,15:34:56,2026-08-14
sh688210,统联精密,29.3,0.6,2.091,29.29,29.3,28.7,28.88,30.14,28.8,2787563.0,81641030.0,15:00:03,2026-08-14
sh688211,中科微至,31.2,0.43,1.397,31.1,31.2,30.77,30.8,31.28,30.8,655828.0,20413592.0,15:00:03,2026-08-14
sh688212,澳华内镜,32.37,1.22,3.917,32.37,32.38,31.15,31.17,32.71,30.59,6258246.0,199625783.0,15:00:01,2026-08-14
sh688213,思特威,97.31,0.32,0.33,97.31,97.35,96.99,97.02,99.59,96.7,5042403.0,493222617.0,15:34:56,2026-08-14
sh688215,瑞晟智能,44.0,0.4,0.917,43.97,44.0,43.6,43.17,44.46,43.07,1465475.0,64177550.0,15:00:03,2026-08-14
sh688216,气派科技,31.29,0.8,2.624,31.29,31.3,30.49,30.73,31.49,30.42,3451284.0,107026272.0,15:34:56,2026-08-14
sh688217,睿昂基因,24.7,0.71,2.96,24.7,24.73,23.99,24.17,25.44,23.78,1056258.0,25836372.0,15:00:03,2026-08-14
sh688218,江苏北人,43.71,0.83,1.936,43.71,43.72,42.88,43.14,44.07,41.98,3721836.0,158922864.0,15:00:01,2026-08-14
sh688219,会通股份,10.47,0.05,0.48,10.46,10.47,10.42,10.49,10.57,10.42,3797073.0,39796340.0,15:00:03,2026-08-14
sh688220,翱捷科技,102.17,0.08,0.078,102.16,102.17,102.09,103.0,103.98,100.1,6764223.0,689630026.0,15:34:56,2026-08-14
sh688221,前沿生物,21.97,0.44,2.044,21.96,21.97,21.53,21.47,22.92,21.05,23191485.0,509156373.0,15:34:56,2026-08-14
sh688222,成都先导,38.64,-1.22,-3.061,38.64,38.66,39.86,39.5,40.1,37.49,30965601.0,1197782271.0,15:34:56,2026-08-14
sh688223,晶科能源,4.4,-0.01,-0.227,4.4,4.41,4.41,4.42,4.43,4.33,65671495.0,287420750.0,15:34:56,2026-08-14
sh688225,亚信安全,12.52,-0.21,-1.65,12.52,12.54,12.73,12.6,12.9,12.31,6901805.0,86639120.0,15:00:03,2026-08-14
sh688226,威腾电气,30.4,-0.36,-1.17,30.4,30.42,30.76,31.17,31.17,29.89,4314409.0,131166394.0,15:34:56,2026-08-14
sh688227,品高股份,82.01,-0.04,-0.049,82.01,82.05,82.05,82.0,83.3,79.6,3157498.0,256766652.0,15:34:56,2026-08-14
sh688228,开普云,79.75,3.36,4.398,79.75,79.79,76.39,77.19,79.96,75.09,4209370.0,328693466.0,15:34:56,2026-08-14
sh688229,博睿数据,70.52,-3.64,-4.908,70.52,70.56,74.16,75.0,75.0,69.11,1640803.0,116657224.0,15:34:56,2026-08-14
sh688230,芯导科技,55.06,1.03,1.906,55.06,55.07,54.03,54.6,55.22,54.03,963752.0,52745245.0,15:00:03,2026-08-14
sh688231,隆达股份,30.01,0.51,1.729,30.01,30.02,29.5,29.5,30.28,29.11,2918436.0,87148333.0,15:34:56,2026-08-14
sh688232,新点软件,18.81,-0.16,-0.843,18.81,18.82,18.97,19.07,19.27,18.61,2121248.0,39993821.0,15:00:03,2026-08-14
sh688233,神工股份,119.12,5.91,5.22,119.11,119.12,113.21,116.0,119.99,114.0,10743642.0,1263890562.0,15:34:56,2026-08-14
sh688234,天岳先进,111.15,-0.88,-0.786,111.08,111.15,112.03,112.9,114.0,108.8,10489709.0,1163716591.0,15:34:56,2026-08-14
sh688235,百济神州,287.71,-4.47,-1.53,287.71,287.74,292.18,291.0,295.33,283.22,5627059.0,1620795799.0,15:34:56,2026-08-14
sh688236,春立医疗,14.99,-0.06,-0.399,14.96,14.99,15.05,15.17,15.34,14.82,2034145.0,30686959.0,15:00:03,2026-08-14
sh688237,超卓航科,60.21,3.19,5.595,60.21,60.29,57.02,57.05,60.3,56.4,3124240.0,183843611.0,15:00:03,2026-08-14
sh688238,和元生物,7.5,0.11,1.488,7.5,7.51,7.39,7.4,7.77,7.33,35089184.0,264715543.0,15:34:56,2026-08-14
sh688239,航宇科技,45.74,0.14,0.307,45.73,45.74,45.6,46.59,46.59,45.06,2050267.0,93787369.0,15:34:56,2026-08-14
sh688244,永信至诚,15.4,-0.17,-1.092,15.39,15.4,15.57,15.5,15.79,15.27,1662805.0,25716722.0,15:00:01,2026-08-14
sh688246,嘉和美康,18.67,-0.35,-1.84,18.67,18.68,19.02,19.02,19.57,18.21,2851956.0,53355708.0,15:00:03,2026-08-14
sh688247,宣泰医药,10.78,0.69,6.838,10.78,10.79,10.09,9.92,11.33,9.83,25924175.0,274469252.0,15:34:56,2026-08-14
sh688248,南网科技,46.76,-0.84,-1.765,46.7,46.76,47.6,47.6,47.99,46.0,3315005.0,154656748.0,15:00:01,2026-08-14
sh688249,晶合集成,40.09,0.5,1.263,40.08,40.09,39.59,40.6,40.6,39.29,16242756.0,647693649.0,15:34:56,2026-08-14
sh688251,井松智能,21.69,-0.21,-0.959,21.69,21.74,21.9,21.9,22.06,21.42,1450926.0,31501602.0,15:00:03,2026-08-14
sh688252,天德钰,20.11,0.66,3.393,20.11,20.12,19.45,19.82,20.26,19.62,8278769.0,165264934.0,15:00:01,2026-08-14
sh688253,英诺特,66.94,0.12,0.18,66.94,66.95,66.82,65.5,66.97,65.5,1601963.0,106240623.0,15:00:03,2026-08-14
sh688255,凯尔达,26.37,0.27,1.034,26.35,26.37,26.1,26.08,26.64,26.0,2494589.0,65616741.0,15:34:56,2026-08-14
sh688256,寒武纪,1093.0,-12.5,-1.131,1092.8,1093.0,1105.5,1119.99,1123.3,1072.5,10131668.0,11077385737.0,15:34:56,2026-08-14
sh688257,新锐股份,60.81,1.31,2.202,60.8,60.81,59.5,59.71,61.42,59.12,10613328.0,640334925.0,15:34:56,2026-08-14
sh688258,卓易信息,107.25,1.51,1.428,107.24,107.25,105.74,105.34,108.3,102.24,4716346.0,496798446.0,15:34:56,2026-08-14
sh688259,创耀科技,31.2,0.51,1.662,31.17,31.2,30.69,30.87,31.22,30.71,965151.0,29909069.0,15:00:03,2026-08-14
sh688260,昀冢科技,121.2,2.88,2.434,121.18,121.2,118.32,118.91,123.87,114.0,7257461.0,869156706.0,15:34:56,2026-08-14
sh688261,东微半导,71.35,-0.92,-1.273,71.35,71.36,72.27,72.98,73.72,69.51,6343860.0,451102307.0,15:34:56,2026-08-14
sh688262,国芯科技,28.21,1.16,4.288,28.21,28.22,27.05,27.42,28.45,27.28,12316293.0,344281096.0,15:34:56,2026-08-14
sh688265,南模生物,49.68,-2.74,-5.227,49.67,49.68,52.42,51.87,51.87,48.65,5768962.0,288291368.0,15:00:03,2026-08-14
sh688266,泽璟制药,120.4,0.18,0.15,120.39,120.4,120.22,119.65,123.88,116.81,6019294.0,723700042.0,15:00:03,2026-08-14
sh688267,中触媒,18.77,0.28,1.514,18.77,18.79,18.49,18.49,18.87,18.4,1399579.0,26052132.0,15:34:56,2026-08-14
sh688268,华特气体,155.0,4.9,3.264,155.0,155.09,150.1,153.1,158.88,150.62,7342917.0,1141348463.0,15:34:56,2026-08-14
sh688269,凯立新材,30.69,0.39,1.287,30.69,30.7,30.3,30.52,31.25,30.23,1048263.0,32242078.0,15:00:03,2026-08-14
sh688270,ST臻镭,66.65,2.39,3.719,66.64,66.65,64.26,65.05,66.8,64.57,5714251.0,376146867.0,15:34:56,2026-08-14
sh688271,联影医疗,108.4,-0.89,-0.814,108.4,108.41,109.29,109.3,110.83,107.97,4779738.0,521274026.0,15:34:56,2026-08-14
sh688272,富吉瑞,28.99,-0.51,-1.729,28.99,29.06,29.5,29.08,29.99,28.5,1691944.0,49130022.0,15:00:03,2026-08-14
sh688273,麦澜德,31.68,0.08,0.253,31.68,31.7,31.6,31.57,32.17,31.16,984456.0,31100998.0,15:00:03,2026-08-14
sh688275,万润新能,83.49,2.3,2.833,83.47,83.49,81.19,81.56,85.26,81.56,3803884.0,317002126.0,15:34:56,2026-08-14
sh688276,百克生物,15.97,0.01,0.063,15.97,15.99,15.96,15.99,16.29,15.81,2104671.0,33673086.0,15:00:01,2026-08-14
sh688277,天智航,16.55,-0.21,-1.253,16.55,16.56,16.76,16.77,17.05,16.37,6336875.0,105243695.0,15:34:56,2026-08-14
sh688278,特宝生物,60.8,-0.63,-1.026,60.79,60.8,61.43,61.8,63.07,60.27,5043077.0,310344034.0,15:00:01,2026-08-14
sh688279,峰岹科技,162.11,-1.29,-0.789,162.11,162.14,163.4,166.0,166.0,158.8,1414716.0,228433511.0,15:00:00,2026-08-14
sh688280,精进电动,5.65,-0.07,-1.224,5.65,5.66,5.72,5.74,5.77,5.62,10096498.0,57305048.0,15:34:56,2026-08-14
sh688281,华秦科技,48.58,0.86,1.802,48.57,48.58,47.72,47.88,49.01,47.73,3316919.0,160557639.0,15:34:56,2026-08-14
sh688282,理工导航,56.96,-0.04,-0.07,56.82,56.96,57.0,57.0,57.53,55.9,422304.0,23937861.0,15:00:01,2026-08-14
sh688283,坤恒顺维,29.18,0.42,1.46,29.16,29.18,28.76,28.88,29.51,28.81,1063424.0,31005913.0,15:00:03,2026-08-14
sh688285,XD高铁电,7.58,0.08,1.067,7.58,7.59,7.5,7.5,7.68,7.35,2809115.0,21149564.0,15:00:03,2026-08-14
sh688286,敏芯股份,53.56,8.93,20.009,53.56,0.0,44.63,44.88,53.56,44.88,12192198.0,615181944.0,15:34:56,2026-08-14
sh688288,鸿泉技术,18.34,0.02,0.109,18.29,18.34,18.32,18.34,18.69,18.03,1085291.0,19809230.0,15:00:03,2026-08-14
sh688289,圣湘生物,16.38,-0.44,-2.616,16.37,16.38,16.82,16.81,16.94,16.29,9886178.0,163997714.0,15:34:56,2026-08-14
sh688290,景业智能,67.28,0.15,0.223,67.24,67.28,67.13,67.99,67.99,65.55,610935.0,40785303.0,15:00:01,2026-08-14
sh688291,金橙子,41.76,0.76,1.854,41.76,41.88,41.0,41.25,41.9,41.0,1297438.0,53750834.0,15:00:01,2026-08-14
sh688292,浩瀚深度,17.42,-0.02,-0.115,17.42,17.47,17.44,17.42,17.86,17.16,2664036.0,46453511.0,15:00:03,2026-08-14
sh688293,奥浦迈,66.37,-1.16,-1.718,66.37,66.38,67.53,66.8,67.98,65.02,5426031.0,360333864.0,15:34:56,2026-08-14
sh688295,中复神鹰,41.7,0.38,0.92,41.7,41.71,41.32,41.68,42.14,41.07,3873903.0,161314161.0,15:34:56,2026-08-14
sh688296,和达科技,23.99,1.89,8.552,23.97,23.99,22.1,22.5,24.3,21.9,7133218.0,165629282.0,15:00:01,2026-08-14
sh688297,中无人机,40.77,0.08,0.197,40.77,40.79,40.69,40.51,41.55,40.5,5628529.0,230714316.0,15:34:56,2026-08-14
sh688298,东方生物,19.68,-0.01,-0.051,19.67,19.68,19.69,19.86,20.09,19.6,1474334.0,29182512.0,15:00:03,2026-08-14
sh688299,长阳科技,12.97,0.09,0.699,12.95,12.97,12.88,13.0,13.2,12.8,5086981.0,65946068.0,15:00:03,2026-08-14
sh688300,联瑞新材,164.65,2.43,1.498,164.65,164.66,162.22,162.78,166.92,158.0,12686458.0,2066587084.0,15:34:56,2026-08-14
sh688301,奕瑞科技,97.3,-0.56,-0.572,97.3,97.4,97.86,96.32,97.86,94.32,9136966.0,879777392.0,15:34:56,2026-08-14
sh688302,海创药业,38.21,-0.39,-1.01,38.21,38.24,38.6,38.6,39.7,37.69,1818542.0,70038712.0,15:00:00,2026-08-14
sh688303,大全能源,18.53,0.21,1.146,18.51,18.53,18.32,18.32,18.8,18.18,8564676.0,157830340.0,15:34:56,2026-08-14
sh688305,科德数控,64.95,-1.53,-2.301,64.95,64.96,66.48,66.33,66.55,63.65,5972454.0,387221040.0,15:34:56,2026-08-14
sh688306,均普智能,9.07,-0.06,-0.657,9.07,9.08,9.13,9.2,9.28,9.03,5443303.0,49667620.0,15:34:56,2026-08-14
sh688307,中润光学,49.48,0.32,0.651,49.47,49.48,49.16,49.13,49.92,48.36,4291894.0,211238321.0,15:34:56,2026-08-14
sh688308,欧科亿,101.1,1.6,1.608,101.1,101.11,99.5,100.0,101.98,98.1,7484498.0,750665985.0,15:34:56,2026-08-14
sh688309,恒誉科技,75.87,-0.83,-1.082,75.87,75.9,76.7,76.76,77.65,73.7,2381413.0,179675551.0,15:00:03,2026-08-14
sh688310,迈得医疗,14.58,-0.18,-1.22,14.57,14.58,14.76,14.83,15.0,14.43,1266970.0,18584599.0,15:00:03,2026-08-14
sh688311,盟升电子,24.2,0.17,0.707,24.14,24.2,24.03,24.18,24.34,23.63,2524307.0,60536820.0,15:00:03,2026-08-14
sh688312,燕麦科技,49.5,1.7,3.556,49.5,49.52,47.8,48.37,49.5,48.1,4408127.0,215563129.0,15:34:56,2026-08-14
sh688313,仕佳光子,140.76,2.15,1.551,140.76,140.77,138.61,139.44,141.5,136.22,18236623.0,2545264809.0,15:34:56,2026-08-14
sh688314,康拓医疗,33.58,-0.42,-1.235,33.58,33.65,34.0,34.0,34.46,33.15,750288.0,25242389.0,15:00:03,2026-08-14
sh688315,诺禾致源,16.2,-0.3,-1.818,16.2,16.21,16.5,16.33,16.52,16.06,10515385.0,171051562.0,15:00:03,2026-08-14
sh688316,青云科技,54.77,0.81,1.501,54.76,54.77,53.96,52.18,56.03,50.93,6007736.0,319510713.0,15:34:56,2026-08-14
sh688317,之江生物,17.65,-0.06,-0.339,17.62,17.65,17.71,17.61,17.93,17.35,1968877.0,34736448.0,15:00:03,2026-08-14
sh688318,财富趋势,80.44,-2.76,-3.317,80.43,80.44,83.2,83.02,83.39,79.66,6776697.0,547979622.0,15:34:56,2026-08-14
sh688319,欧林生物,28.54,0.57,2.038,28.53,28.54,27.97,28.26,28.58,27.23,8926789.0,249913336.0,15:00:03,2026-08-14
sh688320,禾川科技,35.09,0.58,1.681,35.09,35.1,34.51,34.34,35.38,33.98,4615780.0,160149328.0,15:34:56,2026-08-14
sh688321,微芯生物,30.85,-0.32,-1.027,30.83,30.85,31.17,31.02,31.35,30.31,12449662.0,383385327.0,15:34:56,2026-08-14
sh688322,奥比中光,109.98,0.26,0.237,109.97,109.98,109.72,110.61,111.26,107.8,8759456.0,960756282.0,15:34:56,2026-08-14
sh688323,瑞华泰,28.99,1.66,6.074,28.98,28.99,27.33,28.0,30.93,27.55,19900089.0,580970703.0,15:34:56,2026-08-14
sh688325,赛微微电,107.9,0.15,0.139,107.9,108.09,107.75,108.13,109.1,106.78,855906.0,92507964.0,15:00:01,2026-08-14
sh688326,经纬恒润,66.68,-0.99,-1.463,66.68,66.7,67.67,67.5,67.86,66.13,1055277.0,70584608.0,15:00:03,2026-08-14
sh688327,云从科技,10.7,-0.14,-1.292,10.7,10.71,10.84,10.82,11.05,10.51,21272335.0,227622889.0,15:00:03,2026-08-14
sh688328,深科达,82.92,3.97,5.028,82.91,82.92,78.95,81.25,85.0,80.0,7277332.0,601511758.0,15:00:01,2026-08-14
sh688329,艾隆科技,20.33,0.01,0.049,20.33,20.37,20.32,20.3,20.59,20.1,942111.0,19129104.0,15:00:03,2026-08-14
sh688330,宏力达,33.07,-0.15,-0.452,33.04,33.07,33.22,33.21,33.45,32.77,756885.0,25034097.0,15:00:01,2026-08-14
sh688331,荣昌生物,130.97,-0.9,-0.682,130.9,130.97,131.87,131.3,134.0,127.5,7180466.0,938122133.0,15:34:56,2026-08-14
sh688332,中科蓝讯,92.72,3.45,3.865,92.68,92.72,89.27,90.12,92.8,89.8,3458860.0,317253946.0,15:34:56,2026-08-14
sh688333,铂力特,109.73,3.43,3.227,109.73,109.76,106.3,107.2,110.54,105.0,8811692.0,954266415.0,15:34:56,2026-08-14
sh688334,西高院,17.9,-0.07,-0.39,17.86,17.9,17.97,17.98,18.0,17.78,1251772.0,22329005.0,15:00:00,2026-08-14
sh688335,复洁科技,20.68,-0.5,-2.361,20.68,20.7,21.18,21.19,21.19,20.25,2533891.0,52382755.0,15:00:03,2026-08-14
sh688336,三生国健,48.4,0.82,1.723,48.4,48.41,47.58,47.8,50.0,46.51,13957213.0,678203599.0,15:34:56,2026-08-14
sh688337,普源精电,44.44,1.18,2.728,44.43,44.44,43.26,43.5,44.5,43.5,2840860.0,125088300.0,15:34:56,2026-08-14
sh688338,赛科希德,30.88,0.31,1.014,30.86,30.88,30.57,30.6,32.15,30.09,2161504.0,67325476.0,15:34:56,2026-08-14
sh688339,亿华通,17.75,-0.01,-0.056,17.75,17.76,17.76,18.14,18.14,17.6,2666307.0,47554528.0,15:00:00,2026-08-14
sh688343,云天励飞,59.79,0.19,0.319,59.78,59.79,59.6,59.93,60.46,58.42,7105251.0,421828174.0,15:34:56,2026-08-14
sh688345,博力威,58.06,4.98,9.382,58.05,58.06,53.08,53.03,60.2,52.53,3791138.0,220122839.0,15:00:03,2026-08-14
sh688347,华虹宏力,253.24,-23.75,-8.574,253.23,253.24,276.99,270.0,274.79,248.5,35956890.0,9206853036.0,15:34:56,2026-08-14
sh688348,昱能科技,32.31,-0.42,-1.283,32.31,32.38,32.73,32.7,33.27,32.17,974156.0,31695862.0,15:00:03,2026-08-14
sh688349,三一重能,14.45,-0.19,-1.298,14.45,14.46,14.64,14.62,14.73,14.36,6378389.0,92185140.0,15:34:56,2026-08-14
sh688350,富淼科技,30.07,0.69,2.349,30.07,30.08,29.38,29.39,30.18,29.25,1693448.0,50439169.0,15:34:56,2026-08-14
sh688351,微电生理,20.56,-0.21,-1.011,20.56,20.58,20.77,20.78,21.1,20.39,3108301.0,64224954.0,15:00:03,2026-08-14
sh688352,颀中科技,18.83,0.6,3.291,18.83,18.84,18.23,18.5,19.35,18.36,25833626.0,488373325.0,15:34:56,2026-08-14
sh688353,华盛锂电,98.02,3.37,3.56,98.01,98.02,94.65,95.52,103.18,94.8,8459715.0,833730557.0,15:34:56,2026-08-14
sh688355,明志科技,17.52,-0.05,-0.285,17.5,17.52,17.57,17.54,17.78,17.37,1095940.0,19217067.0,15:00:03,2026-08-14
sh688356,键凯科技,82.2,0.88,1.082,82.2,82.25,81.32,81.58,83.8,80.0,1644853.0,134779518.0,15:00:00,2026-08-14
sh688357,建龙微纳,26.84,-0.14,-0.519,26.84,26.91,26.98,26.9,27.65,26.78,516832.0,13927975.0,15:00:03,2026-08-14
sh688358,祥生医疗,30.01,-0.09,-0.299,30.01,30.02,30.1,30.0,30.54,29.71,934814.0,28067939.0,15:00:03,2026-08-14
sh688359,三孚新科,106.2,3.32,3.227,106.2,106.28,102.88,104.68,106.49,102.97,3625591.0,380639448.0,15:34:56,2026-08-14
sh688360,德马科技,15.84,-0.01,-0.063,15.83,15.84,15.85,15.85,15.96,15.57,2447363.0,38504474.0,15:00:03,2026-08-14
sh688361,中科飞测,324.33,-11.88,-3.534,324.33,324.34,336.21,339.0,342.0,315.55,12397816.0,4020099911.0,15:34:56,2026-08-14
sh688362,甬矽电子,67.99,-0.1,-0.147,67.99,68.0,68.09,68.99,69.69,66.0,27482608.0,1865587264.0,15:34:56,2026-08-14
sh688363,华熙生物,37.45,-1.12,-2.904,37.44,37.45,38.57,38.4,38.52,37.38,3694072.0,139424241.0,15:34:56,2026-08-14
sh688365,光云科技,15.8,-0.24,-1.496,15.79,15.8,16.04,16.2,16.43,15.25,15078773.0,236737710.0,15:34:56,2026-08-14
sh688366,昊海生科,32.73,-0.29,-0.878,32.73,32.84,33.02,32.84,33.75,32.56,1150319.0,38066498.0,15:00:03,2026-08-14
sh688367,工大高科,30.25,-0.25,-0.82,30.25,30.32,30.5,30.65,30.82,30.08,837830.0,25443619.0,15:00:03,2026-08-14
sh688368,晶丰明源,130.02,6.28,5.075,130.01,130.02,123.74,124.38,130.49,124.38,3122252.0,400905567.0,15:34:56,2026-08-14
sh688369,致远互联,20.9,-0.14,-0.665,20.89,20.9,21.04,20.99,21.89,20.29,5714883.0,119234218.0,15:00:03,2026-08-14
sh688370,丛麟科技,23.91,-0.38,-1.564,23.8,23.91,24.29,24.31,24.55,23.64,627725.0,15042876.0,15:00:03,2026-08-14
sh688371,菲沃泰,31.5,0.04,0.127,31.5,31.51,31.46,31.31,32.2,30.5,6113364.0,190760344.0,15:34:56,2026-08-14
sh688372,伟测科技,130.01,2.48,1.945,130.01,130.02,127.53,130.72,131.79,126.0,5172984.0,670400741.0,15:34:56,2026-08-14
sh688373,盟科药业,5.52,-0.09,-1.604,5.51,5.52,5.61,5.63,5.66,5.42,17523310.0,96850399.0,15:34:56,2026-08-14
sh688375,国博电子,83.84,0.06,0.072,83.84,83.85,83.78,84.52,85.6,82.7,2991208.0,250474339.0,15:00:01,2026-08-14
sh688376,美埃科技,69.78,0.51,0.736,69.78,69.8,69.27,70.49,71.1,68.68,1254896.0,87735716.0,15:34:56,2026-08-14
sh688377,迪威尔,20.4,0.12,0.592,20.31,20.4,20.28,20.48,20.61,20.21,1507881.0,30807291.0,15:00:03,2026-08-14
sh688378,奥来德,41.97,1.25,3.07,41.97,41.98,40.72,41.3,42.11,40.88,5818217.0,240938616.0,15:00:03,2026-08-14
sh688379,华光新材,54.74,5.62,11.441,54.74,54.76,49.12,49.75,55.7,49.62,5308059.0,280596175.0,15:00:03,2026-08-14
sh688380,中微半导,40.28,0.94,2.389,40.27,40.28,39.34,39.82,40.37,39.45,8316532.0,332569622.0,15:34:56,2026-08-14
sh688381,帝奥微,33.66,1.02,3.125,33.66,33.69,32.64,33.0,34.36,32.83,7151529.0,239515652.0,15:34:56,2026-08-14
sh688382,益方生物,21.09,-0.12,-0.566,21.08,21.09,21.21,21.28,21.82,20.5,16839044.0,354833953.0,15:34:56,2026-08-14
sh688383,新益昌,121.09,3.06,2.593,121.03,121.09,118.03,118.93,121.4,117.17,1475282.0,176357467.0,15:00:03,2026-08-14
sh688385,复旦微电,54.6,0.8,1.487,54.6,54.62,53.8,54.15,54.72,53.13,9968214.0,539087771.0,15:34:56,2026-08-14
sh688386,泛亚微透,54.51,-0.79,-1.429,54.51,54.52,55.3,55.29,55.59,53.5,1944390.0,106185306.0,15:00:03,2026-08-14
sh688387,信科移动,14.44,0.74,5.401,14.44,14.45,13.7,13.86,14.58,13.76,55847063.0,788572472.0,15:34:56,2026-08-14
sh688388,嘉元科技,29.04,0.91,3.235,29.03,29.04,28.13,28.3,29.25,28.28,28892241.0,830675419.0,15:34:56,2026-08-14
sh688389,普门科技,11.46,0.16,1.416,11.46,11.47,11.3,11.26,11.54,11.26,2490316.0,28466243.0,15:34:56,2026-08-14
sh688390,固德威,67.26,-0.86,-1.262,67.26,67.29,68.12,68.07,68.92,66.5,6876893.0,463453760.0,15:34:56,2026-08-14
sh688391,钜泉科技,25.85,0.3,1.174,25.82,25.85,25.55,25.49,25.99,25.4,954605.0,24630534.0,15:00:03,2026-08-14
sh688392,骄成超声,177.5,3.5,2.011,177.5,177.58,174.0,180.0,186.0,174.39,6793393.0,1219090347.0,15:00:03,2026-08-14
sh688393,安必平,20.27,-0.14,-0.686,20.21,20.27,20.41,20.45,20.59,19.82,2191889.0,44361389.0,15:00:03,2026-08-14
sh688395,正弦电气,22.34,0.22,0.995,22.34,22.35,22.12,22.22,22.44,21.96,1317999.0,29290210.0,15:00:03,2026-08-14
sh688396,华润微,60.73,0.82,1.369,60.7,60.73,59.91,60.85,61.2,59.57,13091616.0,790519899.0,15:34:56,2026-08-14
sh688398,赛特新材,20.74,0.22,1.072,20.72,20.74,20.52,21.04,21.04,20.51,1251919.0,25979423.0,15:00:03,2026-08-14
sh688399,硕世生物,29.95,-0.19,-0.63,29.95,30.05,30.14,30.0,30.93,29.69,1753739.0,52882191.0,15:00:03,2026-08-14
sh688400,凌云光,48.71,0.31,0.64,48.71,48.72,48.4,48.4,49.3,47.78,10135968.0,492160658.0,15:34:56,2026-08-14
sh688401,路维光电,72.19,4.02,5.897,72.18,72.19,68.17,68.95,72.2,68.49,6688158.0,476723039.0,15:34:56,2026-08-14
sh688403,汇成股份,24.17,0.15,0.624,24.15,24.17,24.02,24.5,24.68,23.39,45574894.0,1094678961.0,15:34:56,2026-08-14
sh688408,中信博,26.08,-0.45,-1.696,26.08,26.11,26.53,26.7,26.7,25.8,2813036.0,73603995.0,15:34:56,2026-08-14
sh688409,富创精密,209.55,0.13,0.062,209.55,209.58,209.42,215.01,216.5,206.12,7297992.0,1526818133.0,15:34:56,2026-08-14
sh688410,山外山,11.2,-0.2,-1.754,11.19,11.2,11.4,11.36,11.78,11.16,16775237.0,191291589.0,15:00:03,2026-08-14
sh688411,海博思创,211.27,0.27,0.128,211.27,211.71,211.0,212.0,215.8,209.59,1612268.0,341928445.0,15:34:56,2026-08-14
sh688416,恒烁股份,75.24,3.52,4.908,75.24,75.25,71.72,73.89,76.68,72.56,5863370.0,438203828.0,15:34:56,2026-08-14
sh688418,震有科技,36.84,0.12,0.327,36.82,36.84,36.72,36.91,37.64,35.76,3979483.0,145899783.0,15:34:56,2026-08-14
sh688419,耐科装备,50.4,3.08,6.509,50.4,50.41,47.32,48.15,50.42,47.11,4889107.0,238180631.0,15:34:56,2026-08-14
sh688420,美腾科技,21.82,-0.01,-0.046,21.75,21.82,21.83,21.71,22.16,21.57,455877.0,9965205.0,15:00:03,2026-08-14
sh688425,铁建重工,4.14,-0.03,-0.719,4.14,4.15,4.17,4.16,4.18,4.14,8804766.0,36546226.0,15:34:56,2026-08-14
sh688426,康为世纪,19.12,-0.28,-1.443,19.12,19.25,19.4,19.3,19.77,19.02,1481334.0,28579063.0,15:00:03,2026-08-14
sh688428,诺诚健华,31.92,0.12,0.377,31.91,31.92,31.8,31.84,32.58,31.33,12219918.0,389748513.0,15:34:56,2026-08-14
sh688429,时创能源,10.52,-0.12,-1.128,10.51,10.52,10.64,10.84,10.84,10.39,1389798.0,14597995.0,15:00:03,2026-08-14
sh688432,有研硅,41.0,1.63,4.14,40.99,41.0,39.37,40.5,41.87,39.68,63577655.0,2589162271.0,15:34:56,2026-08-14
sh688433,华曙高科,94.8,2.54,2.753,94.8,94.82,92.26,92.26,95.08,89.71,4179542.0,387093407.0,15:34:56,2026-08-14
sh688435,英方软件,31.28,0.14,0.45,31.28,31.3,31.14,31.41,32.23,30.7,1777479.0,55688651.0,15:00:03,2026-08-14
sh688439,振华风光,39.39,-0.21,-0.53,39.39,39.4,39.6,39.64,39.93,39.2,1136769.0,44899489.0,15:00:01,2026-08-14
sh688443,智翔金泰,26.36,-0.4,-1.495,26.34,26.36,26.76,26.8,27.07,26.03,3761217.0,99405695.0,15:00:03,2026-08-14
sh688448,磁谷科技,56.67,1.46,2.644,56.67,56.68,55.21,56.31,56.8,54.65,2057347.0,115384556.0,15:00:03,2026-08-14
sh688449,联芸科技,69.65,7.05,11.262,69.61,69.65,62.6,66.04,70.36,65.31,20316669.0,1374588431.0,15:34:56,2026-08-14
sh688450,光格科技,33.82,-0.07,-0.207,33.82,33.85,33.89,34.2,34.5,33.47,2000220.0,68191597.0,15:00:01,2026-08-14
sh688455,科捷智能,15.1,-0.08,-0.527,15.08,15.1,15.18,15.13,15.36,14.97,1255721.0,18995354.0,15:00:03,2026-08-14
sh688456,有研粉材,86.53,4.33,5.268,86.53,86.55,82.2,83.73,86.53,82.62,6368676.0,541637341.0,15:34:56,2026-08-14
sh688458,美芯晟,34.8,1.92,5.839,34.79,34.8,32.88,32.93,34.97,32.93,1947515.0,66078455.0,15:34:56,2026-08-14
sh688459,哈铁科技,8.1,-0.18,-2.174,8.1,8.11,8.28,8.28,8.28,8.09,1927763.0,15695162.0,15:00:03,2026-08-14
sh688466,金科环境,13.64,0.04,0.294,13.64,13.7,13.6,13.66,13.79,13.43,869387.0,11853123.0,15:00:03,2026-08-14
sh688468,科美诊断,6.37,0.06,0.951,6.35,6.37,6.31,6.3,6.45,6.27,2920714.0,18590696.0,15:00:03,2026-08-14
sh688469,芯联集成,9.22,-0.04,-0.432,9.22,9.23,9.26,9.36,9.43,9.09,145956544.0,1348814178.0,15:34:56,2026-08-14
sh688472,阿特斯,10.28,0.0,0.0,10.27,10.28,10.28,10.3,10.38,10.17,23123347.0,237220313.0,15:34:56,2026-08-14
sh688475,萤石网络,29.83,-0.07,-0.234,29.83,29.85,29.9,29.72,30.33,29.5,4252827.0,127218948.0,15:00:03,2026-08-14
sh688478,晶升股份,50.12,-0.95,-1.86,50.12,50.14,51.07,51.82,52.5,49.41,7135080.0,361874425.0,15:00:01,2026-08-14
sh688479,友车科技,34.5,0.06,0.174,34.5,34.58,34.44,34.0,35.0,33.1,2452705.0,83675423.0,15:00:03,2026-08-14
sh688480,赛恩斯,80.3,-0.55,-0.68,80.3,80.4,80.85,81.26,82.0,80.0,721985.0,58349059.0,15:00:03,2026-08-14
sh688484,南芯科技,36.8,0.86,2.393,36.8,36.81,35.94,36.25,37.07,35.73,6734253.0,245727136.0,15:00:03,2026-08-14
sh688485,九州一轨,72.1,12.02,20.007,72.1,0.0,60.08,60.7,72.1,60.13,18415258.0,1278614815.0,15:34:56,2026-08-14
sh688486,龙迅股份,44.33,0.28,0.636,44.33,44.34,44.05,44.7,44.9,43.4,3376302.0,149364252.0,15:00:01,2026-08-14
sh688488,艾迪药业,18.15,0.98,5.708,18.15,18.17,17.17,17.16,18.4,16.9,13266186.0,236395691.0,15:34:56,2026-08-14
sh688489,三未信安,23.44,0.18,0.774,23.44,23.53,23.26,23.23,23.84,23.13,803265.0,18790276.0,15:00:01,2026-08-14
sh688496,*ST清越,0.92,-0.12,-11.538,0.92,0.93,1.04,0.99,1.15,0.92,25762891.0,26583704.0,15:34:56,2026-08-14
sh688498,源杰科技,1519.0,18.32,1.221,1519.0,1519.7,1500.68,1516.02,1535.0,1470.0,3266010.0,4933245941.0,15:34:56,2026-08-14
sh688499,利元亨,36.47,0.02,0.055,36.47,36.48,36.45,36.49,37.29,35.71,3793644.0,138426752.0,15:00:03,2026-08-14
sh688500,慧辰股份,37.55,-0.03,-0.08,37.52,37.55,37.58,37.71,38.17,37.0,1264461.0,47434935.0,15:00:03,2026-08-14
sh688501,青达环保,13.23,0.09,0.685,13.23,13.24,13.14,13.14,13.39,13.02,1948139.0,25694001.0,15:00:01,2026-08-14
sh688502,茂莱光学,435.38,17.58,4.208,435.3,435.38,417.8,419.05,443.26,401.11,2398469.0,1009095964.0,15:34:56,2026-08-14
sh688503,聚和材料,79.73,6.43,8.772,79.72,79.73,73.3,74.5,79.85,73.73,18634028.0,1426313249.0,15:34:56,2026-08-14
sh688505,复旦张江,8.57,0.17,2.024,8.56,8.57,8.4,8.37,8.83,8.2,26472873.0,226558811.0,15:34:56,2026-08-14
sh688506,百利天恒,302.0,-7.0,-2.265,301.92,302.0,309.0,306.85,312.2,296.1,1803140.0,545093060.0,15:34:56,2026-08-14
sh688507,索辰科技,173.3,1.02,0.592,173.3,173.33,172.28,174.39,175.2,169.0,5576372.0,960138285.0,15:34:56,2026-08-14
sh688508,芯朋微,84.98,2.73,3.319,84.95,84.98,82.25,83.07,85.56,82.6,5621534.0,472901091.0,15:34:56,2026-08-14
sh688509,正元地信,4.2,0.0,0.0,4.19,4.2,4.2,4.2,4.22,4.15,4592782.0,19233463.0,15:00:03,2026-08-14
sh688510,航亚科技,23.34,0.59,2.593,23.34,23.35,22.75,22.78,23.44,22.53,4155835.0,95695519.0,15:34:56,2026-08-14
sh688511,天微电子,23.42,0.39,1.693,23.42,23.48,23.03,23.0,23.8,22.8,1322423.0,30780172.0,15:00:03,2026-08-14
sh688512,慧智微,14.77,-0.03,-0.203,14.76,14.77,14.8,15.2,15.51,14.44,15171496.0,225070244.0,15:34:56,2026-08-14
sh688513,苑东生物,49.68,-0.69,-1.37,49.66,49.68,50.37,50.12,51.49,48.9,2784428.0,138666548.0,15:00:03,2026-08-14
sh688515,裕太微,154.85,2.3,1.508,154.84,154.85,152.55,154.0,157.31,151.31,3175169.0,488978072.0,15:34:56,2026-08-14
sh688516,奥特维,41.55,0.02,0.048,41.53,41.55,41.53,41.71,42.09,41.04,4686075.0,194601085.0,15:00:03,2026-08-14
sh688517,金冠电气,16.71,0.16,0.967,16.7,16.71,16.55,17.11,17.48,16.38,4729081.0,79697218.0,15:00:03,2026-08-14
sh688518,联赢激光,20.32,0.55,2.782,20.31,20.32,19.77,19.83,20.4,19.8,10853112.0,217897224.0,15:34:56,2026-08-14
sh688519,南亚新材,309.0,25.41,8.96,309.0,309.03,283.59,286.88,311.0,286.6,9025878.0,2720173501.0,15:34:56,2026-08-14
sh688520,神州细胞,39.4,-0.23,-0.58,39.4,39.44,39.63,39.5,40.34,38.7,3721313.0,146923155.0,15:34:56,2026-08-14
sh688521,芯原股份,207.28,1.21,0.587,207.28,207.29,206.07,210.9,211.98,203.52,12476607.0,2583837857.0,15:34:56,2026-08-14
sh688522,纳睿雷达,19.33,0.31,1.63,19.33,19.35,19.02,19.26,19.69,19.11,5840543.0,113313403.0,15:00:00,2026-08-14
sh688523,航天环宇,47.13,0.39,0.834,47.13,47.14,46.74,47.34,47.34,45.72,3302052.0,154425851.0,15:34:56,2026-08-14
sh688525,佰维存储,242.0,6.99,2.974,242.0,242.01,235.01,241.0,243.5,237.18,25020976.0,6028277753.0,15:34:56,2026-08-14
sh688526,科前生物,13.05,-0.07,-0.534,13.05,13.07,13.12,13.14,13.21,13.0,937564.0,12271941.0,15:00:03,2026-08-14
sh688528,秦川物联,9.51,0.04,0.422,9.5,9.51,9.47,9.48,9.56,9.36,1103147.0,10436510.0,15:00:03,2026-08-14
sh688529,豪森智能,15.91,0.09,0.569,15.91,15.92,15.82,15.82,16.03,15.68,1154778.0,18320606.0,15:00:03,2026-08-14
sh688530,欧莱新材,63.61,0.27,0.426,63.61,63.62,63.34,64.22,65.0,61.98,9688248.0,612637757.0,15:34:56,2026-08-14
sh688531,日联科技,143.78,5.08,3.663,143.5,143.78,138.7,141.34,144.96,138.8,6014785.0,853808997.0,15:00:01,2026-08-14
sh688533,上声电子,21.42,-0.06,-0.279,21.42,21.45,21.48,21.45,21.68,21.31,707216.0,15165345.0,15:00:03,2026-08-14
sh688535,华海诚科,105.42,3.57,3.505,105.42,105.43,101.85,103.28,106.43,102.16,6635289.0,693934928.0,15:34:56,2026-08-14
sh688536,思瑞浦,274.5,12.51,4.775,274.5,274.8,261.99,270.0,276.5,263.0,3188658.0,869139458.0,15:00:03,2026-08-14
sh688538,和辉光电,2.36,0.01,0.426,2.36,2.37,2.35,2.35,2.37,2.34,45003541.0,106034385.0,15:34:56,2026-08-14
sh688539,高华科技,27.2,0.41,1.53,27.2,27.23,26.79,26.86,27.3,26.55,1888442.0,50942155.0,15:34:56,2026-08-14
sh688543,国科军工,39.76,0.47,1.196,39.76,39.78,39.29,39.3,40.89,39.15,7574815.0,303677170.0,15:34:56,2026-08-14
sh688545,兴福电子,89.32,4.22,4.959,89.31,89.32,85.1,86.42,90.24,86.08,12731060.0,1120969777.0,15:34:56,2026-08-14
sh688548,广钢气体,39.0,2.5,6.849,39.0,39.01,36.5,38.0,40.36,38.0,37878146.0,1485945231.0,15:34:56,2026-08-14
sh688549,中巨芯,29.5,2.1,7.664,29.49,29.5,27.4,28.0,30.45,27.58,132599512.0,3876183672.0,15:34:56,2026-08-14
sh688550,瑞联新材,40.05,1.16,2.983,40.05,40.06,38.89,39.1,40.3,38.9,5188319.0,206555164.0,15:00:03,2026-08-14
sh688551,科威尔,42.2,0.51,1.223,42.2,42.21,41.69,42.11,42.85,41.25,4051799.0,170081129.0,15:34:56,2026-08-14
sh688552,航天南湖,27.93,0.03,0.108,27.93,27.94,27.9,27.9,28.5,27.69,2226686.0,62475793.0,15:00:03,2026-08-14
sh688553,汇宇制药,12.47,0.07,0.565,12.46,12.47,12.4,12.38,12.62,12.13,13517381.0,166914961.0,15:34:56,2026-08-14
sh688556,高测股份,8.48,-0.05,-0.586,8.48,8.49,8.53,8.57,8.62,8.34,12718001.0,107763964.0,15:00:01,2026-08-14
sh688557,兰剑智能,21.31,-0.61,-2.783,21.31,21.32,21.92,22.05,22.22,20.99,3006583.0,64528625.0,15:34:56,2026-08-14
sh688558,国盛智科,32.12,0.34,1.07,32.1,32.12,31.78,31.78,32.34,31.6,996428.0,31918612.0,15:00:03,2026-08-14
sh688559,海目星,49.06,0.48,0.988,49.06,49.08,48.58,48.75,49.58,47.83,6735180.0,328796508.0,15:00:03,2026-08-14
sh688560,明冠新材,11.98,-0.09,-0.746,11.98,12.0,12.07,12.03,12.19,11.88,3613029.0,43267156.0,15:00:03,2026-08-14
sh688561,奇安信,26.66,0.37,1.407,26.66,26.67,26.29,26.33,26.87,26.0,7931967.0,210073880.0,15:34:56,2026-08-14
sh688562,航天软件,14.38,0.03,0.209,14.38,14.39,14.35,14.42,14.46,14.2,2143512.0,30722148.0,15:00:03,2026-08-14
sh688563,航材股份,51.8,0.5,0.975,51.8,51.81,51.3,51.34,52.09,51.09,1288554.0,66641760.0,15:34:56,2026-08-14
sh688565,力源科技,11.02,0.09,0.823,11.0,11.02,10.93,10.98,11.05,10.84,1312770.0,14377093.0,15:00:03,2026-08-14
sh688566,吉贝尔,26.8,0.48,1.824,26.79,26.8,26.32,26.31,27.87,25.96,4401852.0,118616319.0,15:34:56,2026-08-14
sh688567,孚能科技,9.99,-0.02,-0.2,9.99,10.02,10.01,10.07,10.23,9.98,8216738.0,82712782.0,15:00:03,2026-08-14
sh688568,中科星图,35.8,0.05,0.14,35.78,35.8,35.75,35.72,36.08,35.16,7330898.0,260977270.0,15:34:56,2026-08-14
sh688569,铁科轨道,16.93,-0.16,-0.936,16.93,16.97,17.09,17.09,17.13,16.81,872163.0,14753098.0,15:00:03,2026-08-14
sh688570,天玛智控,15.11,-0.01,-0.066,15.11,15.17,15.12,15.12,15.22,14.99,1103822.0,16657834.0,15:00:03,2026-08-14
sh688571,杭华股份,9.16,0.07,0.77,9.15,9.16,9.09,9.17,9.2,8.9,8487181.0,76965647.0,15:00:03,2026-08-14
sh688573,信宇人,16.17,-0.12,-0.737,16.14,16.17,16.29,16.45,16.45,16.0,1390648.0,22457735.0,15:00:03,2026-08-14
sh688575,亚辉龙,10.12,0.52,5.417,10.11,10.12,9.6,9.62,10.66,9.56,32257031.0,327294439.0,15:34:56,2026-08-14
sh688576,西山科技,41.5,-0.29,-0.694,41.5,41.59,41.79,41.42,41.97,41.24,361265.0,14988369.0,15:00:03,2026-08-14
sh688577,浙海德曼,43.27,0.15,0.348,43.26,43.27,43.12,43.97,44.01,42.56,903681.0,38944297.0,15:00:03,2026-08-14
sh688578,艾力斯,120.4,1.04,0.871,120.4,120.41,119.36,119.4,123.85,117.1,8991590.0,1085152646.0,15:34:56,2026-08-14
sh688579,地纬智能,7.98,-0.09,-1.115,7.98,7.99,8.07,8.07,8.14,7.92,3994221.0,31996828.0,15:00:03,2026-08-14
sh688580,伟思医疗,50.27,0.19,0.379,50.27,50.36,50.08,50.3,51.48,49.55,1218122.0,61382798.0,15:34:56,2026-08-14
sh688581,安杰思,53.5,-0.34,-0.632,53.5,53.68,53.84,53.71,54.48,53.15,715056.0,38472553.0,15:00:03,2026-08-14
sh688582,芯动联科,42.51,1.44,3.506,42.51,42.52,41.07,41.45,43.43,41.27,4696551.0,199226715.0,15:00:03,2026-08-14
sh688583,思看科技,92.68,9.85,11.892,92.68,92.69,82.83,81.96,94.5,80.58,5729968.0,502982226.0,15:34:56,2026-08-14
sh688584,上海合晶,28.53,0.26,0.92,28.53,28.54,28.27,28.9,28.9,27.81,9907306.0,281103609.0,15:34:56,2026-08-14
sh688585,上纬新材,167.33,-0.2,-0.119,167.31,167.33,167.53,169.34,170.8,163.88,3460108.0,577796820.0,15:34:56,2026-08-14
sh688586,江航装备,10.57,-0.02,-0.189,10.57,10.59,10.59,10.6,10.84,10.54,4402840.0,46943504.0,15:00:03,2026-08-14
sh688588,凌志软件,9.75,-0.03,-0.307,9.74,9.75,9.78,9.8,9.96,9.66,2521976.0,24650591.0,15:00:01,2026-08-14
sh688589,力合微,19.51,1.44,7.969,19.5,19.51,18.07,18.15,19.7,18.15,7666084.0,146487737.0,15:34:56,2026-08-14
sh688590,新致软件,13.2,-0.03,-0.227,13.2,13.21,13.23,13.23,13.58,12.9,6762605.0,88947466.0,15:00:01,2026-08-14
sh688591,泰凌微,27.91,0.59,2.16,27.91,27.92,27.32,27.53,28.15,27.18,4403602.0,122171152.0,15:34:56,2026-08-14
sh688592,司南导航,24.34,-0.24,-0.976,24.28,24.34,24.58,24.56,24.68,24.0,734903.0,17902493.0,15:00:03,2026-08-14
sh688593,新相微,31.85,-0.15,-0.469,31.84,31.85,32.0,32.24,32.62,31.34,9010654.0,287487824.0,15:34:56,2026-08-14
sh688595,芯海科技,29.36,-0.98,-3.23,29.35,29.36,30.34,30.04,30.31,28.6,5433600.0,159535767.0,15:34:56,2026-08-14
sh688596,正帆科技,72.38,0.52,0.724,72.38,72.4,71.86,72.47,75.13,70.73,18778201.0,1363503824.0,15:34:56,2026-08-14
sh688597,煜邦电力,7.3,0.07,0.968,7.3,7.33,7.23,7.3,7.51,7.05,13588556.0,99857410.0,15:00:03,2026-08-14
sh688598,金博股份,37.02,4.42,13.558,37.02,37.03,32.6,32.94,37.88,32.71,27622505.0,956070285.0,15:34:56,2026-08-14
sh688599,天合光能,12.97,-0.13,-0.992,12.97,12.98,13.1,13.1,13.21,12.87,27479855.0,356499783.0,15:34:56,2026-08-14
sh688600,皖仪科技,26.21,-0.09,-0.342,26.2,26.21,26.3,26.64,26.64,25.7,2220523.0,57869463.0,15:00:03,2026-08-14
sh688601,力芯微,46.42,1.56,3.477,46.42,46.44,44.86,45.08,46.5,44.54,2817189.0,128660187.0,15:00:03,2026-08-14
sh688602,康鹏科技,6.8,0.12,1.796,6.8,6.81,6.68,6.67,6.89,6.67,6203118.0,42234668.0,15:00:00,2026-08-14
sh688603,天承科技,110.75,3.39,3.158,110.71,110.75,107.36,108.18,112.12,108.02,5160874.0,568152903.0,15:34:56,2026-08-14
sh688605,先锋精科,78.1,1.1,1.429,78.1,78.13,77.0,77.99,78.98,76.0,3538022.0,275169854.0,15:34:56,2026-08-14
sh688606,奥泰生物,49.35,-0.1,-0.202,49.35,49.45,49.45,49.07,50.19,49.07,462094.0,22862238.0,15:00:03,2026-08-14
sh688607,康众医疗,45.98,0.32,0.701,45.95,45.98,45.66,46.0,46.78,45.02,1755571.0,80271890.0,15:00:03,2026-08-14
sh688608,恒玄科技,108.62,-1.38,-1.255,108.62,108.63,110.0,110.66,110.94,108.1,3425561.0,373717876.0,15:00:03,2026-08-14
sh688609,九联科技,9.34,0.17,1.854,9.33,9.34,9.17,9.2,9.72,9.16,26700676.0,250366745.0,15:00:03,2026-08-14
sh688610,埃科光电,158.8,2.29,1.463,158.8,158.81,156.51,160.7,160.88,154.5,1054711.0,166663532.0,15:00:00,2026-08-14
sh688611,杭州柯林,63.05,2.07,3.395,62.98,63.05,60.98,60.99,64.11,60.66,1417305.0,88881127.0,15:00:03,2026-08-14
sh688612,威迈斯,32.89,-0.49,-1.468,32.89,32.9,33.38,33.19,33.49,32.0,4668085.0,152285477.0,15:34:56,2026-08-14
sh688613,奥精医疗,15.52,0.0,0.0,15.49,15.52,15.52,15.49,15.74,15.3,2334866.0,36140151.0,15:00:03,2026-08-14
sh688615,合合信息,121.95,3.7,3.129,121.89,121.95,118.25,118.59,123.8,115.18,9363082.0,1123857173.0,15:34:56,2026-08-14
sh688616,西力科技,10.76,-0.05,-0.463,10.76,10.79,10.81,10.81,10.92,10.66,1445387.0,15570495.0,15:00:03,2026-08-14
sh688617,惠泰医疗,217.81,0.31,0.143,217.81,218.5,217.5,215.73,227.66,215.1,1592359.0,353244242.0,15:00:01,2026-08-14
sh688618,三旺通信,28.78,0.19,0.665,28.78,28.79,28.59,28.63,29.06,28.2,1373538.0,39309733.0,15:00:03,2026-08-14
sh688619,罗普特,15.18,0.3,2.016,15.17,15.18,14.88,14.9,15.49,14.77,2332130.0,35260876.0,15:00:03,2026-08-14
sh688620,安凯微,16.12,0.25,1.575,16.12,16.13,15.87,16.05,16.31,15.57,11472476.0,182748405.0,15:34:56,2026-08-14
sh688621,阳光诺和,65.59,-0.46,-0.696,65.59,65.63,66.05,66.39,66.8,63.1,3133189.0,202850556.0,15:34:56,2026-08-14
sh688622,*ST禾信,109.25,1.49,1.383,109.25,109.26,107.76,107.76,113.95,104.0,406039.0,43724721.0,15:00:03,2026-08-14
sh688623,双元科技,64.92,2.26,3.607,64.92,64.93,62.66,62.8,65.19,62.27,1247699.0,80031684.0,15:34:56,2026-08-14
sh688625,呈和科技,58.47,2.57,4.597,58.46,58.47,55.9,56.16,58.58,56.01,5312940.0,306100269.0,15:34:56,2026-08-14
sh688626,翔宇医疗,45.45,-0.88,-1.899,45.45,45.47,46.33,46.05,46.64,44.68,2183563.0,99310808.0,15:34:56,2026-08-14
sh688627,精智达,498.99,16.43,3.405,498.68,498.99,482.56,497.0,512.88,479.0,6054513.0,3003710644.0,15:34:56,2026-08-14
sh688628,优利德,70.24,2.34,3.446,70.24,70.25,67.9,68.36,70.55,68.2,2561385.0,178093015.0,15:00:03,2026-08-14
sh688629,华丰科技,148.36,1.16,0.788,148.36,148.37,147.2,149.5,151.5,143.54,14323543.0,2107623890.0,15:34:56,2026-08-14
sh688630,芯碁微装,419.0,0.0,0.0,419.0,419.09,419.0,420.65,429.87,412.0,3576420.0,1503380360.0,15:34:56,2026-08-14
sh688631,莱斯信息,41.66,-0.25,-0.597,41.57,41.66,41.91,42.39,42.55,41.3,800658.0,33420096.0,15:00:03,2026-08-14
sh688633,星球石墨,24.19,0.19,0.792,24.19,24.2,24.0,24.39,24.4,24.0,2068749.0,49997316.0,15:34:56,2026-08-14
sh688635,长进光子,355.55,43.65,13.995,355.55,355.9,311.9,315.8,360.0,301.11,5770669.0,1904547478.0,15:34:56,2026-08-14
sh688636,智明达,20.62,0.29,1.426,20.62,20.63,20.33,20.3,20.67,20.17,5164454.0,105619964.0,15:34:56,2026-08-14
sh688638,誉辰智能,32.36,0.02,0.062,32.36,32.39,32.34,32.48,33.15,32.16,499575.0,16208940.0,15:00:01,2026-08-14
sh688639,华恒生物,16.98,-0.56,-3.193,16.98,16.99,17.54,17.65,17.65,16.93,5304680.0,91080830.0,15:34:56,2026-08-14
sh688646,逸飞激光,75.45,6.45,9.348,75.45,75.46,69.0,69.0,75.99,68.9,3595603.0,262010165.0,15:34:56,2026-08-14
sh688648,中邮科技,32.43,0.76,2.4,32.43,32.44,31.67,31.97,32.59,31.68,2009133.0,64550341.0,15:34:56,2026-08-14
sh688651,盛邦安全,23.06,0.14,0.611,23.06,23.08,22.92,22.8,23.26,22.63,1539753.0,35269499.0,15:00:03,2026-08-14
sh688652,京仪装备,152.95,1.52,1.004,152.95,153.0,151.43,153.61,156.5,148.58,3862484.0,587679994.0,15:34:56,2026-08-14
sh688653,康希通信,13.83,0.19,1.393,13.83,13.84,13.64,13.75,14.04,13.52,9041599.0,124434109.0,15:00:03,2026-08-14
sh688655,迅捷兴,37.75,1.7,4.716,37.75,37.76,36.05,36.11,38.0,36.11,7217069.0,268327625.0,15:34:56,2026-08-14
sh688656,浩欧博,93.15,0.05,0.054,92.78,93.15,93.1,92.64,94.36,91.0,322235.0,29827497.0,15:00:03,2026-08-14
sh688657,浩辰软件,34.44,-0.56,-1.6,34.44,34.46,35.0,35.0,35.22,34.12,1318831.0,45616283.0,15:00:01,2026-08-14
sh688658,悦康药业,13.66,0.1,0.737,13.66,13.67,13.56,13.5,14.16,13.31,17599015.0,240634242.0,15:34:56,2026-08-14
sh688659,元琛科技,10.35,0.22,2.172,10.35,10.39,10.13,10.18,10.47,10.02,3531515.0,36330079.0,15:34:56,2026-08-14
sh688660,电气风电,8.85,-0.14,-1.557,8.85,8.87,8.99,8.99,9.03,8.74,13751833.0,121651499.0,15:34:56,2026-08-14
sh688661,和林微纳,104.68,1.91,1.859,104.66,104.68,102.77,104.98,105.65,101.11,3486004.0,360924204.0,15:34:56,2026-08-14
sh688662,富信科技,98.4,16.4,20.0,98.4,0.0,82.0,85.5,98.4,85.5,17802245.0,1687193494.0,15:34:56,2026-08-14
sh688663,新风光,57.2,2.78,5.108,57.2,57.25,54.42,55.0,57.64,54.13,5416441.0,303143838.0,15:00:03,2026-08-14
sh688665,四方光电,45.86,0.98,2.184,45.86,45.88,44.88,44.99,46.14,44.85,494925.0,22552371.0,15:00:03,2026-08-14
sh688667,菱电电控,90.2,2.08,2.36,90.19,90.2,88.12,87.81,90.29,87.61,384097.0,34213268.0,15:34:56,2026-08-14
sh688668,鼎通科技,268.68,14.68,5.78,268.68,268.73,254.0,261.14,275.0,260.05,4995000.0,1342227091.0,15:34:56,2026-08-14
sh688669,聚石化学,75.84,5.73,8.173,75.83,75.84,70.11,70.5,76.22,70.21,5530707.0,409604056.0,15:34:56,2026-08-14
sh688670,金迪克,16.01,0.05,0.313,15.93,16.01,15.96,16.13,16.14,15.51,1365472.0,21651858.0,15:00:03,2026-08-14
sh688671,碧兴物联,24.39,0.21,0.868,24.3,24.39,24.18,24.42,24.62,23.86,1336981.0,32367061.0,15:00:03,2026-08-14
sh688676,金盘科技,70.22,-1.63,-2.269,70.21,70.22,71.85,72.0,72.48,69.39,14733554.0,1036804790.0,15:34:56,2026-08-14
sh688677,海泰新光,74.8,2.73,3.788,74.76,74.8,72.07,72.03,75.58,70.83,7965518.0,588631122.0,15:34:56,2026-08-14
sh688678,福立旺,19.05,-0.13,-0.678,19.04,19.05,19.18,18.99,19.5,18.63,11071690.0,210398142.0,15:34:56,2026-08-14
sh688679,通源环境,34.22,1.25,3.791,34.22,34.24,32.97,33.55,37.28,33.04,7136554.0,249387799.0,15:00:03,2026-08-14
sh688680,海优新材,34.77,-0.08,-0.23,34.7,34.77,34.85,35.52,35.52,34.4,932518.0,32504824.0,15:00:01,2026-08-14
sh688681,科汇股份,16.81,0.15,0.9,16.8,16.81,16.66,16.66,16.96,16.51,1368745.0,22923420.0,15:00:03,2026-08-14
sh688682,霍莱沃,31.96,0.3,0.948,31.96,32.0,31.66,31.85,32.08,31.3,1096376.0,34826706.0,15:00:03,2026-08-14
sh688683,莱尔科技,32.24,0.01,0.031,32.24,32.29,32.23,32.68,32.89,31.84,1313187.0,42461397.0,15:00:03,2026-08-14
sh688685,迈信林,44.02,-0.51,-1.145,44.01,44.02,44.53,44.58,45.6,42.6,6020679.0,264693379.0,15:00:03,2026-08-14
sh688686,奥普特,116.13,1.13,0.983,116.13,116.18,115.0,116.35,118.0,114.02,811250.0,94138619.0,15:34:56,2026-08-14
sh688687,凯因科技,18.5,-0.23,-1.228,18.5,18.51,18.73,18.79,19.04,18.21,5485810.0,101952655.0,15:00:03,2026-08-14
sh688689,银河微电,40.77,0.98,2.463,40.76,40.77,39.79,40.21,41.06,39.74,6258924.0,253485171.0,15:34:56,2026-08-14
sh688690,纳微科技,43.85,0.04,0.091,43.83,43.85,43.81,43.71,44.76,42.94,10266775.0,448271306.0,15:00:03,2026-08-14
sh688691,灿芯股份,68.96,1.31,1.936,68.9,68.96,67.65,68.88,69.29,67.1,3637146.0,248550676.0,15:34:56,2026-08-14
sh688692,达梦数据,243.9,7.9,3.347,243.8,243.9,236.0,235.96,246.66,235.09,1651351.0,399640669.0,15:00:03,2026-08-14
sh688693,锴威特,85.97,-1.11,-1.275,85.97,86.0,87.08,88.82,88.82,84.8,4376219.0,377376614.0,15:34:56,2026-08-14
sh688695,中创股份,19.3,-0.03,-0.155,19.3,19.37,19.33,19.32,19.43,19.02,913859.0,17549750.0,15:00:03,2026-08-14
sh688696,极米科技,70.91,-1.02,-1.418,70.91,70.95,71.93,71.94,72.37,70.51,580166.0,41288788.0,15:00:03,2026-08-14
sh688697,纽威数控,14.55,0.13,0.902,14.54,14.55,14.42,14.42,14.76,14.29,6691252.0,97107086.0,15:34:56,2026-08-14
sh688698,伟创电气,48.33,-0.79,-1.608,48.33,48.39,49.12,49.4,49.41,47.65,2534906.0,122665079.0,15:34:56,2026-08-14
sh688699,明微电子,67.3,5.3,8.548,67.3,67.31,62.0,62.57,67.56,62.41,5823874.0,378720545.0,15:00:03,2026-08-14
sh688700,东威科技,57.82,1.04,1.832,57.81,57.82,56.78,57.7,58.28,56.55,10794146.0,620688233.0,15:34:56,2026-08-14
sh688701,卓锦股份,8.1,0.09,1.124,8.1,8.11,8.01,8.04,8.21,7.92,1861068.0,15021616.0,15:00:03,2026-08-14
sh688702,盛科通信,398.6,-2.4,-0.599,398.6,398.74,401.0,401.28,408.5,386.01,7426428.0,2936346103.0,15:34:56,2026-08-14
sh688707,振华新材,10.59,0.0,0.0,10.59,10.6,10.59,10.68,10.86,10.48,5473038.0,58232778.0,15:00:03,2026-08-14
sh688708,佳驰科技,44.91,0.31,0.695,44.91,44.92,44.6,44.96,45.66,44.61,872664.0,39311699.0,15:00:01,2026-08-14
sh688709,成都华微,26.84,0.52,1.976,26.81,26.84,26.32,26.55,26.9,26.28,4109592.0,109476050.0,15:34:56,2026-08-14
sh688710,益诺思,95.5,0.3,0.315,95.0,95.5,95.2,95.2,96.78,92.0,3064903.0,288652190.0,15:34:56,2026-08-14
sh688711,宏微科技,25.78,0.51,2.018,25.78,25.79,25.27,25.59,25.9,25.07,6285546.0,160284902.0,15:34:56,2026-08-14
sh688712,北芯生命,34.72,-0.09,-0.259,34.71,34.72,34.81,34.57,35.5,34.33,2669019.0,92903457.0,15:00:03,2026-08-14
sh688716,中研股份,28.83,0.17,0.593,28.83,28.84,28.66,28.89,29.11,28.29,1210961.0,34773421.0,15:00:03,2026-08-14
sh688717,艾罗能源,60.19,-0.9,-1.473,60.18,60.19,61.09,61.68,62.67,59.89,9991258.0,606966934.0,15:34:56,2026-08-14
sh688718,唯赛勃,14.01,-0.2,-1.407,14.01,14.07,14.21,14.1,14.32,13.91,1475307.0,20831187.0,15:00:03,2026-08-14
sh688719,爱科赛博,52.52,1.12,2.179,52.51,52.52,51.4,52.18,54.0,50.95,6814999.0,359948834.0,15:34:56,2026-08-14
sh688720,艾森股份,66.22,1.4,2.16,66.21,66.22,64.82,65.89,66.58,64.15,3685203.0,241881181.0,15:34:56,2026-08-14
sh688721,龙图光罩,41.37,0.77,1.897,41.37,41.38,40.6,40.53,41.9,40.21,2893873.0,118935907.0,15:34:56,2026-08-14
sh688722,同益中,14.15,0.07,0.497,14.15,14.16,14.08,14.1,14.29,14.02,1675875.0,23673217.0,15:00:03,2026-08-14
sh688726,拉普拉斯,44.25,0.04,0.09,44.25,44.28,44.21,44.62,44.8,43.98,4513225.0,199939031.0,15:34:56,2026-08-14
sh688727,恒坤新材,50.15,2.35,4.916,50.15,50.16,47.8,48.8,50.56,48.0,5701789.0,284129985.0,15:34:56,2026-08-14
sh688728,格科微,16.18,0.35,2.211,16.17,16.18,15.83,15.95,16.26,15.85,26933077.0,433276602.0,15:34:56,2026-08-14
sh688729,屹唐股份,26.47,0.38,1.456,26.46,26.47,26.09,26.33,26.93,25.93,26314196.0,695078650.0,15:34:56,2026-08-14
sh688733,壹石通,30.43,1.95,6.847,30.42,30.43,28.48,28.67,31.72,28.67,9054123.0,274834064.0,15:34:56,2026-08-14
sh688737,中自科技,18.16,0.0,0.0,18.16,18.18,18.16,18.26,18.35,17.96,914846.0,16595622.0,15:00:03,2026-08-14
sh688739,成大生物,20.86,0.03,0.144,20.86,20.87,20.83,20.74,21.04,20.65,2012099.0,41962564.0,15:34:56,2026-08-14
sh688750,金天钛业,14.5,0.1,0.694,14.5,14.52,14.4,14.4,14.55,14.36,2482631.0,35892004.0,15:00:01,2026-08-14
sh688755,汉邦科技,27.98,0.37,1.34,27.96,27.98,27.61,27.61,28.06,27.34,987206.0,27397365.0,15:00:03,2026-08-14
sh688757,胜科纳米,33.99,1.61,4.972,33.98,33.99,32.38,32.45,33.99,32.45,12741594.0,426204417.0,15:34:56,2026-08-14
sh688758,赛分科技,29.4,-0.78,-2.584,29.39,29.4,30.18,30.18,30.56,28.73,11204966.0,328903269.0,15:34:56,2026-08-14
sh688759,必贝特,28.16,-0.09,-0.319,28.03,28.16,28.25,28.4,28.65,27.5,4638195.0,130331193.0,15:00:03,2026-08-14
sh688765,禾元生物,39.63,0.09,0.228,39.63,39.64,39.54,39.54,40.5,38.72,4085553.0,161649823.0,15:34:56,2026-08-14
sh688766,普冉股份,411.0,27.6,7.199,410.99,411.0,383.4,400.0,412.01,396.65,14803906.0,5987774230.0,15:34:56,2026-08-14
sh688767,博拓生物,41.8,-0.37,-0.877,41.8,41.84,42.17,41.92,43.38,40.76,2953829.0,123134911.0,15:00:03,2026-08-14
sh688768,容知日新,43.35,-0.6,-1.365,43.35,43.4,43.95,43.93,44.77,43.14,593652.0,25970646.0,15:00:03,2026-08-14
sh688772,珠海冠宇,14.88,0.54,3.766,14.87,14.88,14.34,14.4,14.9,14.31,20523121.0,299559849.0,15:34:56,2026-08-14
sh688775,影石创新,133.0,-4.63,-3.364,132.99,133.0,137.63,136.95,137.87,132.66,4559909.0,612612052.0,15:34:56,2026-08-14
sh688776,国光电气,49.35,-0.24,-0.484,49.35,49.37,49.59,49.98,50.04,48.52,1458755.0,71828202.0,15:00:01,2026-08-14
sh688777,中控技术,95.19,-1.16,-1.204,95.19,95.2,96.35,96.02,97.68,92.46,18424153.0,1740915244.0,15:34:56,2026-08-14
sh688778,厦钨新能,48.01,0.1,0.209,48.01,48.02,47.91,47.91,49.08,47.56,4332349.0,208705559.0,15:00:03,2026-08-14
sh688779,五矿新能,7.87,0.04,0.511,7.87,7.88,7.83,7.83,7.99,7.8,19280684.0,151995331.0,15:34:56,2026-08-14
sh688781,视涯科技,37.88,0.49,1.311,37.87,37.88,37.39,37.78,38.2,37.0,1661922.0,62439149.0,15:00:03,2026-08-14
sh688783,西安奕材,31.45,0.6,1.945,31.45,31.46,30.85,31.64,31.94,30.55,19638854.0,614639749.0,15:34:56,2026-08-14
sh688785,恒运昌,287.5,7.07,2.521,287.5,287.58,280.43,284.78,289.0,280.3,578547.0,164999870.0,15:00:03,2026-08-14
sh688786,悦安新材,28.3,1.19,4.39,28.3,28.33,27.11,27.17,28.4,27.17,7670684.0,214248413.0,15:34:56,2026-08-14
sh688787,海天瑞声,109.44,-0.26,-0.237,109.43,109.44,109.7,110.12,113.9,106.7,1917935.0,210053722.0,15:34:56,2026-08-14
sh688788,科思科技,30.11,0.31,1.04,30.1,30.11,29.8,29.86,30.5,29.35,3004225.0,90042715.0,15:00:03,2026-08-14
sh688789,宏华数科,46.7,-0.15,-0.32,46.69,46.7,46.85,47.01,47.66,46.5,891916.0,41856669.0,15:00:03,2026-08-14
sh688790,昂瑞微,105.46,7.46,7.612,105.46,105.48,98.0,98.0,109.2,96.96,874802.0,90917867.0,15:34:56,2026-08-14
sh688793,倍轻松,18.8,-0.13,-0.687,18.8,18.81,18.93,18.99,18.99,18.36,1970136.0,36787801.0,15:00:03,2026-08-14
sh688795,摩尔线程,576.98,-7.33,-1.254,576.95,576.98,584.31,584.39,588.66,571.0,1123450.0,649309134.0,15:34:56,2026-08-14
sh688796,百奥赛图,148.37,0.17,0.115,148.37,148.4,148.2,147.0,149.98,143.0,3240084.0,475328978.0,15:34:56,2026-08-14
sh688797,臻宝科技,347.15,12.15,3.627,347.1,347.15,335.0,344.0,350.9,339.0,3476098.0,1201099406.0,15:34:56,2026-08-14
sh688798,艾为电子,55.38,1.0,1.839,55.37,55.38,54.38,54.83,56.0,54.23,2847858.0,156947521.0,15:34:56,2026-08-14
sh688799,华纳药厂,44.17,-2.13,-4.6,44.16,44.17,46.3,46.13,46.65,43.61,4713772.0,210968533.0,15:34:56,2026-08-14
sh688800,瑞可达,63.23,1.52,2.463,63.22,63.23,61.71,63.44,63.99,61.6,15883484.0,992823045.0,15:34:56,2026-08-14
sh688802,沐曦股份,748.0,1.0,0.134,747.99,748.0,747.0,760.0,763.88,729.11,1274462.0,947876290.0,15:34:56,2026-08-14
sh688805,健信超导,40.36,0.09,0.223,40.36,40.38,40.27,40.84,40.85,39.8,885899.0,35621711.0,15:00:03,2026-08-14
sh688806,泰诺麦博,27.03,-0.85,-3.049,27.03,27.04,27.88,27.4,27.76,26.4,8817224.0,237498987.0,15:34:56,2026-08-14
sh688807,优迅股份,280.4,21.46,8.288,280.15,280.4,258.94,261.41,290.0,257.0,4040192.0,1101436130.0,15:00:03,2026-08-14
sh688808,联讯仪器,2220.98,8.98,0.406,2216.0,2220.98,2212.0,2275.0,2275.0,2180.0,512759.0,1138511913.0,15:00:01,2026-08-14
sh688809,强一股份,468.9,-0.87,-0.185,468.9,468.99,469.77,476.97,484.0,463.0,1172076.0,551824345.0,15:34:56,2026-08-14
sh688811,有研复材,23.09,0.88,3.962,23.09,23.1,22.21,22.49,23.15,22.22,5990084.0,136664230.0,15:34:56,2026-08-14
sh688813,泰金新能,115.55,1.37,1.2,115.55,115.56,114.18,114.48,116.39,113.0,4458124.0,512741658.0,15:34:56,2026-08-14
sh688816,易思维,50.35,0.46,0.922,50.35,50.37,49.89,50.16,50.49,49.48,578337.0,28864305.0,15:00:01,2026-08-14
sh688818,电科蓝天,49.6,0.2,0.405,49.6,49.61,49.4,49.86,50.25,48.51,5840702.0,288013582.0,15:34:56,2026-08-14
sh688819,天能股份,21.92,-0.1,-0.454,21.91,21.92,22.02,22.01,22.32,21.88,1960895.0,43224399.0,15:00:03,2026-08-14
sh688820,盛合晶微,137.97,2.6,1.921,137.9,137.97,135.37,137.21,139.93,135.39,8676148.0,1195069106.0,15:34:56,2026-08-14
sh688825,长鑫科技,55.18,2.3,4.349,55.17,55.18,52.88,54.49,55.38,54.2,362235670.0,19861920210.0,15:34:56,2026-08-14
sh688828,C国仪,103.11,4.6,4.67,103.1,103.11,98.51,94.1,103.6,93.29,9010131.0,891424717.0,15:34:56,2026-08-14
sh688981,中芯国际,132.87,3.43,2.65,132.87,132.88,129.44,133.99,135.36,129.67,77449709.0,10285931185.0,15:34:56,2026-08-14
sz000001,平安银行,11.11,-0.14,-1.244,11.11,11.12,11.25,11.22,11.23,11.11,83234379.0,929098438.0,15:45:00,2026-08-14
sz000002,万 科Ａ,3.13,-0.09,-2.795,3.12,3.13,3.22,3.21,3.22,3.12,162005980.0,510039411.0,15:45:15,2026-08-14
sz000006,深振业Ａ,7.52,-0.18,-2.338,7.51,7.52,7.7,7.5,7.64,7.29,47179888.0,352103869.0,15:45:30,2026-08-14
sz000007,全新好,10.73,-0.26,-2.366,10.73,10.74,10.99,11.08,11.24,10.64,9402799.0,102172245.0,15:44:45,2026-08-14
sz000008,神州高铁,2.39,-0.03,-1.24,2.38,2.39,2.42,2.42,2.43,2.37,28422880.0,67864661.0,15:45:00,2026-08-14
sz000009,中国宝安,7.9,-0.36,-4.358,7.9,7.91,8.26,8.26,8.26,7.9,39681702.0,317656881.0,15:45:15,2026-08-14
sz000010,*ST美丽,1.53,-0.04,-2.548,1.53,1.54,1.57,1.57,1.57,1.51,17257000.0,26494144.0,15:45:30,2026-08-14
sz000011,深物业A,8.29,-0.32,-3.717,8.28,8.29,8.61,8.61,8.7,8.19,11390792.0,94930847.0,15:44:45,2026-08-14
sz000012,南 玻Ａ,3.78,-0.02,-0.526,3.78,3.79,3.8,3.78,3.81,3.75,18605672.0,70302479.0,15:45:00,2026-08-14
sz000014,沙河股份,10.1,-0.21,-2.037,10.1,10.11,10.31,10.31,10.45,9.97,6427063.0,64868755.0,15:45:15,2026-08-14
sz000016,*ST康佳A,2.41,-0.05,-2.033,2.41,2.42,2.46,2.47,2.48,2.36,18283268.0,44018233.0,15:45:30,2026-08-14
sz000017,深中华A,6.0,0.01,0.167,5.99,6.0,5.99,5.96,6.0,5.89,6241657.0,37121059.0,15:44:45,2026-08-14
sz000019,深粮控股,5.98,-0.11,-1.806,5.98,5.99,6.09,6.09,6.09,5.96,7963093.0,47812602.0,15:45:00,2026-08-14
sz000020,深华发Ａ,11.22,0.03,0.268,11.22,11.25,11.19,11.21,11.34,11.06,2627233.0,29334939.0,15:45:15,2026-08-14
sz000021,深科技,40.23,0.68,1.719,40.23,40.24,39.55,40.31,40.9,39.02,97360398.0,3892748414.0,15:45:30,2026-08-14
sz000025,特 力Ａ,14.9,-0.13,-0.865,14.9,14.91,15.03,14.96,15.03,14.8,4315069.0,64222667.0,15:44:45,2026-08-14
sz000026,飞亚达,20.92,-0.23,-1.087,20.92,20.93,21.15,21.12,21.24,20.62,11707894.0,244622393.0,15:45:00,2026-08-14
sz000027,深圳能源,6.22,-0.12,-1.893,6.21,6.22,6.34,6.34,6.35,6.21,21848506.0,136358053.0,15:45:15,2026-08-14
sz000028,国药一致,20.09,-0.22,-1.083,20.09,20.1,20.31,20.28,20.48,20.06,3960013.0,80032927.0,15:45:30,2026-08-14
sz000029,深深房Ａ,22.2,-0.32,-1.421,22.2,22.23,22.52,22.5,22.65,21.93,4822201.0,107577316.0,15:44:45,2026-08-14
sz000030,富奥股份,4.24,-0.02,-0.469,4.24,4.25,4.26,4.28,4.29,4.23,5730102.0,24376448.0,15:45:00,2026-08-14
sz000031,大悦城,2.16,-0.07,-3.139,2.16,2.17,2.23,2.22,2.22,2.14,51607151.0,111689971.0,15:45:15,2026-08-14
sz000032,深桑达Ａ,14.99,0.29,1.973,14.98,14.99,14.7,14.75,15.04,14.55,35299791.0,521545426.0,15:45:30,2026-08-14
sz000034,神州数码,24.99,0.1,0.402,24.98,24.99,24.89,24.89,25.45,24.59,45963058.0,1147741812.0,15:44:45,2026-08-14
sz000035,中国天楹,4.71,-0.09,-1.875,4.7,4.71,4.8,4.77,4.8,4.69,28954264.0,136807923.0,15:45:00,2026-08-14
sz000036,华联控股,4.17,0.01,0.24,4.16,4.17,4.16,4.19,4.19,4.09,18722870.0,77511446.0,15:45:15,2026-08-14
sz000037,深南电A,9.8,-0.4,-3.922,9.79,9.8,10.2,10.3,10.3,9.55,35241231.0,345885937.0,15:45:30,2026-08-14
sz000039,中集集团,8.8,-0.07,-0.789,8.79,8.8,8.87,8.9,9.09,8.74,43711873.0,388209545.0,15:44:45,2026-08-14
sz000042,中洲控股,8.79,-0.22,-2.442,8.78,8.79,9.01,8.99,9.02,8.7,7401900.0,65372568.0,15:45:00,2026-08-14
sz000045,深纺织Ａ,10.06,-0.01,-0.099,10.06,10.07,10.07,10.08,10.15,9.96,3632200.0,36480213.0,15:45:15,2026-08-14
sz000048,京基智农,23.7,-0.15,-0.629,23.7,23.71,23.85,23.73,24.1,22.59,21485406.0,501233711.0,15:45:30,2026-08-14
sz000049,德赛电池,24.8,0.29,1.183,24.79,24.8,24.51,24.57,25.11,24.56,7028631.0,174397382.0,15:44:45,2026-08-14
sz000050,深天马Ａ,6.62,0.0,0.0,6.62,6.63,6.62,6.58,6.64,6.52,21484131.0,141528472.0,15:45:00,2026-08-14
sz000055,方大集团,3.53,0.03,0.857,3.53,3.54,3.5,3.49,3.54,3.46,8603700.0,30099694.0,15:45:15,2026-08-14
sz000056,*ST皇庭,1.96,0.07,3.704,1.95,1.96,1.89,1.88,1.99,1.88,20522627.0,39978959.0,15:45:30,2026-08-14
sz000058,深 赛 格,6.73,-0.13,-1.895,6.73,6.74,6.86,6.87,6.88,6.71,6269819.0,42395395.0,15:44:45,2026-08-14
sz000059,华锦股份,4.57,0.01,0.219,4.57,4.58,4.56,4.55,4.6,4.52,13182102.0,60180589.0,15:45:00,2026-08-14
sz000060,中金岭南,6.54,0.04,0.615,6.54,6.55,6.5,6.47,6.56,6.43,88527820.0,575210535.0,15:45:15,2026-08-14
sz000061,农 产 品,5.64,-0.14,-2.422,5.64,5.65,5.78,5.73,5.76,5.61,23979550.0,135629029.0,15:45:30,2026-08-14
sz000062,深圳华强,23.38,0.22,0.95,23.38,23.39,23.16,23.35,23.48,23.0,16384325.0,380870641.0,15:44:45,2026-08-14
sz000063,中兴通讯,35.05,-0.03,-0.086,35.05,35.06,35.08,35.1,35.33,34.67,111887061.0,3911613477.0,15:45:00,2026-08-14
sz000065,北方国际,9.01,-0.14,-1.53,9.01,9.02,9.15,9.16,9.17,8.94,14879186.0,134185668.0,15:45:15,2026-08-14
sz000066,中国长城,15.0,-0.12,-0.794,14.99,15.0,15.12,15.0,15.1,14.61,140459640.0,2080919083.0,15:45:30,2026-08-14
sz000068,华控赛格,2.92,-0.03,-1.017,2.92,2.93,2.95,2.95,2.97,2.9,8447900.0,24728914.0,15:44:45,2026-08-14
sz000069,华侨城Ａ,1.77,-0.05,-2.747,1.77,1.78,1.82,1.81,1.82,1.76,44404405.0,79146065.0,15:45:00,2026-08-14
sz000070,特发信息,15.33,0.73,5.0,15.33,15.34,14.6,14.78,15.35,14.6,77194453.0,1158695583.0,15:45:15,2026-08-14
sz000078,ST海王,1.69,-0.03,-1.744,1.68,1.69,1.72,1.71,1.73,1.68,61112393.0,103666708.0,15:45:30,2026-08-14
sz000088,盐 田 港,4.46,0.02,0.45,4.46,4.47,4.44,4.44,4.48,4.41,16047014.0,71563292.0,15:44:45,2026-08-14
sz000089,深圳机场,6.48,-0.03,-0.461,6.48,6.49,6.51,6.53,6.54,6.48,9726100.0,63255130.0,15:45:00,2026-08-14
sz000090,天健集团,3.48,-0.05,-1.416,3.48,3.49,3.53,3.52,3.54,3.48,11419213.0,39931641.0,15:45:15,2026-08-14
sz000096,广聚能源,7.78,-0.17,-2.138,7.78,7.79,7.95,7.9,7.9,7.76,9455200.0,73837205.0,15:45:30,2026-08-14
sz000099,中信海直,14.1,-0.14,-0.983,14.09,14.1,14.24,14.22,14.42,14.1,7185600.0,102036613.0,15:44:45,2026-08-14
sz000100,TCL科技,5.14,-0.03,-0.58,5.14,5.15,5.17,5.18,5.24,5.08,445933525.0,2290551497.0,15:45:00,2026-08-14
sz000151,中成股份,9.96,-0.02,-0.2,9.96,9.97,9.98,10.01,10.1,9.88,3897500.0,38892178.0,15:45:15,2026-08-14
sz000153,丰原药业,5.94,-0.01,-0.168,5.94,5.95,5.95,5.93,6.05,5.87,9633630.0,57409412.0,15:45:30,2026-08-14
sz000155,川能动力,12.35,0.28,2.32,12.34,12.35,12.07,12.11,12.54,12.03,51370529.0,634017873.0,15:44:45,2026-08-14
sz000156,华数传媒,6.82,-0.04,-0.583,6.82,6.83,6.86,6.83,6.87,6.75,7966300.0,54209597.0,15:45:00,2026-08-14
sz000157,中联重科,6.93,-0.04,-0.574,6.93,6.94,6.97,6.96,6.98,6.89,33487861.0,231931216.0,15:45:15,2026-08-14
sz000158,常山北明,13.38,0.1,0.753,13.38,13.39,13.28,13.36,13.58,13.03,38980927.0,518199014.0,15:45:30,2026-08-14
sz000159,国际实业,5.68,-0.02,-0.351,5.68,5.69,5.7,5.7,5.77,5.61,8832200.0,50050780.0,15:44:45,2026-08-14
sz000166,申万宏源,4.53,-0.03,-0.658,4.53,4.54,4.56,4.55,4.57,4.52,48350331.0,219406733.0,15:45:00,2026-08-14
sz000301,东方盛虹,12.61,0.08,0.638,12.61,12.64,12.53,12.53,12.69,12.32,21296318.0,267244314.0,15:45:15,2026-08-14
sz000333,美的集团,83.03,-1.16,-1.378,83.03,83.05,84.19,83.77,84.3,83.0,22392363.0,1866196093.0,15:45:30,2026-08-14
sz000338,潍柴动力,29.65,-0.45,-1.495,29.65,29.66,30.1,30.0,30.27,29.4,74215071.0,2204505008.0,15:44:45,2026-08-14
sz000400,许继电气,22.03,-0.2,-0.9,22.02,22.03,22.23,22.16,22.21,21.85,14030157.0,308320843.0,15:45:00,2026-08-14
sz000401,金隅冀东,3.56,-0.03,-0.836,3.56,3.57,3.59,3.58,3.6,3.54,6771607.0,24142098.0,15:45:15,2026-08-14
sz000402,金 融 街,2.49,-0.07,-2.734,2.48,2.49,2.56,2.56,2.56,2.47,47039586.0,117437203.0,15:45:30,2026-08-14
sz000403,派林生物,10.9,-0.27,-2.417,10.9,10.91,11.17,11.17,11.77,10.88,28538130.0,323959478.0,15:44:45,2026-08-14
sz000404,长虹华意,7.09,-0.19,-2.61,7.09,7.1,7.28,7.26,7.3,7.08,19014264.0,135710461.0,15:45:00,2026-08-14
sz000407,胜利股份,4.1,0.02,0.49,4.1,4.11,4.08,4.08,4.15,4.02,13808300.0,56394532.0,15:45:15,2026-08-14
sz000408,藏格矿业,77.66,-0.38,-0.487,77.65,77.66,78.04,77.29,78.18,76.05,15210394.0,1172998043.0,15:45:30,2026-08-14
sz000409,云鼎科技,8.78,-0.04,-0.454,8.78,8.79,8.82,8.75,8.88,8.67,4138988.0,36202335.0,15:44:45,2026-08-14
sz000410,沈阳机床,5.36,-0.12,-2.19,5.35,5.36,5.48,5.55,5.56,5.3,47577354.0,257607502.0,15:45:00,2026-08-14
sz000411,英特集团,10.12,0.12,1.2,10.11,10.12,10.0,9.98,10.16,9.84,5782560.0,58161425.0,15:45:15,2026-08-14
sz000415,渤海租赁,4.51,0.04,0.895,4.51,4.52,4.47,4.46,4.59,4.44,42347100.0,191946871.0,15:45:30,2026-08-14
sz000417,合百集团,5.84,-0.08,-1.351,5.84,5.85,5.92,5.92,5.92,5.76,24258005.0,141165149.0,15:44:45,2026-08-14
sz000419,通程控股,4.88,-0.01,-0.204,4.87,4.88,4.89,4.91,4.91,4.82,6704500.0,32618286.0,15:45:00,2026-08-14
sz000420,吉林化纤,3.77,0.02,0.533,3.77,3.78,3.75,3.77,3.84,3.73,42786070.0,161804515.0,15:45:15,2026-08-14
sz000421,南京公用,5.44,-0.03,-0.548,5.43,5.44,5.47,5.45,5.5,5.4,5303100.0,28795824.0,15:45:30,2026-08-14
sz000422,湖北宜化,12.71,0.03,0.237,12.71,12.72,12.68,12.7,12.78,12.63,15648222.0,198644173.0,15:44:45,2026-08-14
sz000423,东阿阿胶,51.92,-0.76,-1.443,51.92,51.94,52.68,52.54,53.38,51.85,4433452.0,232257639.0,15:45:00,2026-08-14
sz000425,徐工机械,7.99,-0.07,-0.868,7.99,8.0,8.06,8.03,8.05,7.9,105684199.0,842012708.0,15:45:15,2026-08-14
sz000426,兴业银锡,37.89,0.01,0.026,37.88,37.89,37.88,36.82,38.03,36.71,56614385.0,2119293678.0,15:45:30,2026-08-14
sz000428,华天酒店,4.25,-0.33,-7.205,4.25,4.26,4.58,4.59,4.67,4.23,68395451.0,294755371.0,15:44:45,2026-08-14
sz000429,粤高速Ａ,13.27,0.04,0.302,13.27,13.28,13.23,13.2,13.29,13.11,5773884.0,76314734.0,15:45:00,2026-08-14
sz000430,张家界,6.68,0.04,0.602,6.68,6.69,6.64,6.68,6.72,6.59,5754400.0,38252817.0,15:45:15,2026-08-14
sz000488,ST晨鸣,1.91,0.0,0.0,1.9,1.91,1.91,1.91,1.93,1.9,7455784.0,14252043.0,15:45:30,2026-08-14
sz000498,山东路桥,4.92,-0.02,-0.405,4.92,4.94,4.94,4.95,4.96,4.9,5008080.0,24671819.0,15:44:45,2026-08-14
sz000501,武商集团,7.1,-0.09,-1.252,7.1,7.11,7.19,7.16,7.18,7.07,5259039.0,37321981.0,15:45:00,2026-08-14
sz000503,国新健康,7.32,-0.11,-1.48,7.32,7.33,7.43,7.41,7.5,7.22,15376992.0,112661041.0,15:45:15,2026-08-14
sz000504,南华生物,8.84,-0.16,-1.778,8.84,8.85,9.0,9.01,9.12,8.74,8754000.0,77645282.0,15:45:30,2026-08-14
sz000505,京粮控股,5.61,-0.04,-0.708,5.6,5.61,5.65,5.64,5.65,5.5,9516100.0,52920286.0,15:44:45,2026-08-14
sz000506,招金黄金,17.64,0.09,0.513,17.64,17.65,17.55,16.88,17.72,16.49,86793391.0,1504235706.0,15:45:00,2026-08-14
sz000507,珠海港,4.93,-0.03,-0.605,4.92,4.93,4.96,4.99,4.99,4.91,6853664.0,33801152.0,15:45:15,2026-08-14
sz000509,华塑控股,3.29,-0.01,-0.303,3.28,3.29,3.3,3.3,3.32,3.21,24187000.0,78714024.0,15:45:30,2026-08-14
sz000510,新金路,17.01,0.73,4.484,17.0,17.01,16.28,16.22,17.28,16.22,52690326.0,884590153.0,15:44:45,2026-08-14
sz000513,丽珠集团,30.27,-0.52,-1.689,30.26,30.27,30.79,30.79,31.06,30.21,7310300.0,223357691.0,15:45:00,2026-08-14
sz000514,渝 开 发,3.97,-0.05,-1.244,3.97,3.98,4.02,4.01,4.04,3.9,9021100.0,35649066.0,15:45:15,2026-08-14
sz000516,国际医学,4.3,-0.05,-1.149,4.3,4.31,4.35,4.35,4.38,4.27,23606550.0,101631388.0,15:45:30,2026-08-14
sz000517,荣安地产,2.24,-0.04,-1.754,2.23,2.24,2.28,2.28,2.31,2.18,30146860.0,67575021.0,15:44:45,2026-08-14
sz000518,四环生物,4.01,-0.12,-2.906,4.0,4.01,4.13,4.13,4.14,3.94,74854121.0,302623142.0,15:45:00,2026-08-14
sz000519,中兵红箭,14.69,0.03,0.205,14.69,14.7,14.66,14.63,14.81,14.51,24413137.0,358242802.0,15:45:15,2026-08-14
sz000520,凤凰航运,3.84,-0.05,-1.285,3.83,3.84,3.89,3.9,3.92,3.79,13244800.0,50733556.0,15:45:30,2026-08-14
sz000521,长虹美菱,4.88,0.0,0.0,4.88,4.89,4.88,4.88,4.9,4.85,4283532.0,20856599.0,15:44:45,2026-08-14
sz000523,红棉股份,2.92,-0.02,-0.68,2.91,2.92,2.94,2.95,2.96,2.88,24693000.0,71881729.0,15:45:00,2026-08-14
sz000524,岭南控股,9.34,-0.09,-0.954,9.33,9.34,9.43,9.44,9.49,9.29,6003561.0,56081361.0,15:45:15,2026-08-14
sz000525,红太阳,4.4,-0.01,-0.227,4.4,4.41,4.41,4.42,4.46,4.36,12102784.0,53155688.0,15:45:30,2026-08-14
sz000526,学大教育,33.04,-1.18,-3.448,33.03,33.04,34.22,34.28,34.28,32.89,4283386.0,142819863.0,15:44:45,2026-08-14
sz000528,柳 工,8.13,-0.07,-0.854,8.12,8.13,8.2,8.17,8.2,8.07,20146638.0,163572113.0,15:45:00,2026-08-14
sz000529,广弘控股,4.9,0.05,1.031,4.9,4.91,4.85,4.87,4.93,4.81,4255023.0,20746118.0,15:45:15,2026-08-14
sz000530,冰山冷热,4.96,0.05,1.018,4.95,4.96,4.91,4.93,4.99,4.89,8632484.0,42638934.0,15:45:30,2026-08-14
sz000531,穗恒运Ａ,5.75,-0.1,-1.709,5.74,5.75,5.85,5.86,5.86,5.73,8873000.0,51116982.0,15:44:45,2026-08-14
sz000532,华金资本,10.83,0.02,0.185,10.82,10.83,10.81,10.84,10.92,10.73,3031906.0,32746344.0,15:45:00,2026-08-14
sz000533,顺钠股份,11.58,-0.74,-6.006,11.58,11.59,12.32,12.16,12.24,11.3,109320712.0,1267118536.0,15:45:15,2026-08-14
sz000534,万泽股份,28.25,1.1,4.052,28.25,28.26,27.15,27.25,28.61,27.05,13209261.0,371010688.0,15:45:30,2026-08-14
sz000536,华映科技,3.28,-0.04,-1.205,3.28,3.29,3.32,3.32,3.33,3.23,42317647.0,138299682.0,15:44:45,2026-08-14
sz000537,绿发电力,8.04,-0.41,-4.852,8.03,8.04,8.45,8.37,8.37,8.03,43314480.0,350795834.0,15:45:00,2026-08-14
sz000538,云南白药,50.03,-0.43,-0.852,50.03,50.04,50.46,50.41,50.45,49.94,7925434.0,397201407.0,15:45:15,2026-08-14
sz000539,粤电力Ａ,5.76,-0.58,-9.148,5.76,5.77,6.34,6.15,6.15,5.72,171864844.0,1010012518.0,15:45:30,2026-08-14
sz000541,佛山照明,4.91,-0.02,-0.406,4.91,4.92,4.93,4.92,4.95,4.9,3990100.0,19606652.0,15:44:45,2026-08-14
sz000543,皖能电力,7.56,-0.14,-1.818,7.56,7.57,7.7,7.7,7.71,7.56,23986484.0,182283475.0,15:45:00,2026-08-14
sz000544,中原环保,7.29,-0.02,-0.274,7.29,7.3,7.31,7.31,7.32,7.23,2267801.0,16499910.0,15:45:15,2026-08-14
sz000545,金浦钛业,2.49,-0.05,-1.969,2.49,2.5,2.54,2.54,2.56,2.46,33177630.0,82623160.0,15:45:30,2026-08-14
sz000546,金圆股份,4.73,0.01,0.212,4.73,4.74,4.72,4.73,4.83,4.65,12797201.0,60555437.0,15:44:45,2026-08-14
sz000547,航天发展,15.66,-0.12,-0.76,15.66,15.67,15.78,15.79,15.96,15.33,41993643.0,654034890.0,15:45:00,2026-08-14
sz000548,湖南投资,4.46,0.0,0.0,4.45,4.46,4.46,4.46,4.49,4.4,3629606.0,16125283.0,15:45:15,2026-08-14
sz000550,江铃汽车,16.09,-0.02,-0.124,16.09,16.1,16.11,16.08,16.2,15.95,2754515.0,44215794.0,15:45:30,2026-08-14
sz000551,创元科技,14.1,0.47,3.448,14.1,14.11,13.63,13.68,14.18,13.68,19673299.0,275686537.0,15:44:45,2026-08-14
sz000552,甘肃能化,2.55,0.02,0.791,2.55,2.56,2.53,2.52,2.56,2.48,63185629.0,159387214.0,15:45:00,2026-08-14
sz000553,安道麦A,5.39,0.04,0.748,5.39,5.4,5.35,5.36,5.42,5.32,4975784.0,26732448.0,15:45:15,2026-08-14
sz000554,泰山石油,6.27,-0.01,-0.159,6.27,6.28,6.28,6.25,6.29,6.15,11919401.0,74057592.0,15:45:30,2026-08-14
sz000555,神州信息,10.72,-0.22,-2.011,10.71,10.72,10.94,10.93,11.08,10.62,20692858.0,222951514.0,15:44:45,2026-08-14
sz000557,西部创业,3.62,-0.03,-0.822,3.62,3.63,3.65,3.65,3.67,3.61,5425959.0,19695490.0,15:45:00,2026-08-14
sz000558,天府文旅,3.52,-0.02,-0.565,3.51,3.52,3.54,3.55,3.55,3.47,18123107.0,63543597.0,15:45:15,2026-08-14
sz000559,万向钱潮,11.64,-0.07,-0.598,11.64,11.65,11.71,11.72,11.79,11.52,25529341.0,296740968.0,15:45:30,2026-08-14
sz000560,我爱我家,2.16,-0.09,-4.0,2.16,2.17,2.25,2.24,2.25,2.15,122431799.0,266522884.0,15:44:45,2026-08-14
sz000561,烽火电子,7.64,-0.08,-1.036,7.63,7.64,7.72,7.72,7.79,7.59,6275700.0,48149795.0,15:45:00,2026-08-14
sz000563,陕国投Ａ,2.97,-0.02,-0.669,2.97,2.98,2.99,2.99,3.0,2.96,31361405.0,93389825.0,15:45:15,2026-08-14
sz000564,供销大集,1.4,-0.03,-2.098,1.4,1.41,1.43,1.43,1.44,1.39,192019779.0,269851513.0,15:45:30,2026-08-14
sz000565,渝三峡Ａ,5.94,-0.03,-0.503,5.94,5.95,5.97,5.95,6.04,5.9,6467999.0,38363028.0,15:44:45,2026-08-14
sz000566,海南海药,5.45,-0.24,-4.218,5.45,5.46,5.69,5.62,5.73,5.36,158434779.0,868867645.0,15:45:00,2026-08-14
sz000567,海德股份,6.07,-0.04,-0.655,6.07,6.08,6.11,6.1,6.13,6.01,12925355.0,78404320.0,15:45:15,2026-08-14
sz000568,泸州老窖,89.42,-2.36,-2.571,89.42,89.43,91.78,91.59,91.91,89.21,8830395.0,796167714.0,15:45:30,2026-08-14
sz000570,苏常柴Ａ,5.0,-0.01,-0.2,4.99,5.0,5.01,5.02,5.04,4.96,8071501.0,40319235.0,15:44:45,2026-08-14
sz000571,新大洲A,6.45,0.06,0.939,6.45,6.46,6.39,6.39,6.5,6.2,32701194.0,208154364.0,15:45:00,2026-08-14
sz000572,海马汽车,3.83,-0.07,-1.795,3.82,3.83,3.9,3.91,3.92,3.78,32031000.0,122421072.0,15:45:15,2026-08-14
sz000573,粤宏远Ａ,3.7,0.01,0.271,3.69,3.7,3.69,3.69,3.73,3.63,14226777.0,52257872.0,15:45:30,2026-08-14
sz000576,甘化科工,7.15,-0.03,-0.418,7.15,7.16,7.18,7.24,7.25,7.09,6140200.0,43968917.0,15:44:45,2026-08-14
sz000581,威孚高科,17.16,-0.17,-0.981,17.16,17.17,17.33,17.29,17.32,17.16,4579300.0,78774827.0,15:45:00,2026-08-14
sz000582,北部湾港,11.34,-1.26,-10.0,0.0,11.34,12.6,12.56,12.66,11.34,95803025.0,1119251478.0,15:45:15,2026-08-14
sz000586,汇源通信,12.51,0.15,1.214,12.51,12.52,12.36,12.37,12.64,12.2,6358832.0,79010063.0,15:45:30,2026-08-14
sz000589,贵州轮胎,4.31,-0.02,-0.462,4.3,4.31,4.33,4.33,4.34,4.29,17954740.0,77341329.0,15:44:45,2026-08-14
sz000590,古汉医药,9.02,0.01,0.111,9.02,9.04,9.01,9.04,9.19,8.95,2299500.0,20754572.0,15:45:00,2026-08-14
sz000591,太阳能,4.33,-0.1,-2.257,4.32,4.33,4.43,4.43,4.45,4.32,44552700.0,193871247.0,15:45:15,2026-08-14
sz000592,平潭发展,6.46,-0.13,-1.973,6.46,6.47,6.59,6.65,6.65,6.38,92213447.0,596010352.0,15:45:30,2026-08-14
sz000593,德龙汇能,25.02,-2.78,-10.0,0.0,25.02,27.8,26.59,26.97,25.02,37279431.0,942271104.0,15:44:45,2026-08-14
sz000595,新能股份,5.97,-0.3,-4.785,5.97,5.98,6.27,6.22,6.28,5.87,58203100.0,346972538.0,15:45:00,2026-08-14
sz000596,古井贡酒,99.36,-1.06,-1.056,99.36,99.37,100.42,100.45,101.0,98.5,6261674.0,622180177.0,15:45:15,2026-08-14
sz000597,东北制药,5.03,0.06,1.207,5.03,5.04,4.97,4.97,5.09,4.92,26294714.0,132121084.0,15:45:30,2026-08-14
sz000598,兴蓉环境,7.12,-0.01,-0.14,7.12,7.13,7.13,7.15,7.18,7.1,10169858.0,72650695.0,15:44:45,2026-08-14
sz000599,青岛双星,4.77,-0.14,-2.851,4.77,4.78,4.91,4.94,4.96,4.65,17962200.0,85334093.0,15:45:00,2026-08-14
sz000600,建投能源,8.23,-0.32,-3.743,8.23,8.24,8.55,8.53,8.53,8.21,37999286.0,315366407.0,15:45:15,2026-08-14
sz000601,韶能股份,6.42,-0.37,-5.449,6.41,6.42,6.79,6.73,6.73,6.38,75199882.0,485801613.0,15:45:30,2026-08-14
sz000603,盛达资源,32.09,-0.12,-0.373,32.09,32.1,32.21,30.95,32.12,30.68,52117962.0,1648801566.0,15:44:45,2026-08-14
sz000605,渤海股份,5.98,0.02,0.336,5.97,5.98,5.96,5.98,5.99,5.89,2877300.0,17110433.0,15:45:00,2026-08-14
sz000607,华媒控股,3.68,-0.03,-0.809,3.68,3.69,3.71,3.7,3.77,3.61,13333500.0,49021223.0,15:45:15,2026-08-14
sz000608,阳光股份,7.76,0.12,1.571,7.75,7.76,7.64,7.6,8.26,7.5,56372986.0,442896195.0,15:45:30,2026-08-14
sz000609,*ST中迪,10.91,0.26,2.441,10.9,10.91,10.65,10.75,11.05,10.65,4621400.0,50181586.0,15:44:45,2026-08-14
sz000610,*ST西旅,5.98,-0.02,-0.333,5.98,6.0,6.0,5.94,6.03,5.89,2044005.0,12201664.0,15:45:00,2026-08-14
sz000612,焦作万方,11.13,0.02,0.18,11.13,11.14,11.11,11.03,11.17,10.87,32758979.0,361164211.0,15:45:15,2026-08-14
sz000615,*ST美谷,3.4,0.03,0.89,3.39,3.4,3.37,3.37,3.41,3.32,6455394.0,21731634.0,15:45:30,2026-08-14
sz000617,中油资本,6.88,-0.08,-1.149,6.88,6.89,6.96,6.95,6.95,6.85,53747729.0,370406028.0,15:44:45,2026-08-14
sz000619,海螺新材,4.74,0.0,0.0,4.74,4.76,4.74,4.78,4.78,4.7,4061000.0,19244572.0,15:45:00,2026-08-14
sz000620,盈新发展,3.03,0.28,10.182,3.03,0.0,2.75,2.77,3.03,2.76,542944584.0,1582394875.0,15:45:15,2026-08-14
sz000623,吉林敖东,17.97,-0.23,-1.264,17.97,17.98,18.2,18.17,18.23,17.93,12732628.0,229693339.0,15:45:30,2026-08-14
sz000625,长安汽车,7.14,-0.13,-1.788,7.14,7.15,7.27,7.27,7.3,7.14,58365773.0,418849293.0,15:44:45,2026-08-14
sz000626,远大控股,7.68,-0.09,-1.158,7.68,7.69,7.77,7.77,7.79,7.61,7292900.0,55962265.0,15:45:00,2026-08-14
sz000628,高新发展,39.63,-0.28,-0.702,39.63,39.64,39.91,40.37,40.91,39.12,9049700.0,358743814.0,15:45:15,2026-08-14
sz000629,钒钛股份,3.07,0.01,0.327,3.06,3.07,3.06,3.06,3.08,3.04,73204077.0,224141083.0,15:45:30,2026-08-14
sz000630,铜陵有色,6.5,0.08,1.246,6.49,6.5,6.42,6.42,6.5,6.36,207797507.0,1337942710.0,15:44:45,2026-08-14
sz000631,顺发恒能,3.01,-0.07,-2.273,3.01,3.02,3.08,3.06,3.07,2.98,15269177.0,45967812.0,15:45:00,2026-08-14
sz000632,ST三木,3.68,0.16,4.545,3.67,3.68,3.52,3.5,3.7,3.5,12506463.0,45352110.0,15:45:15,2026-08-14
sz000633,合金投资,5.19,0.0,0.0,5.18,5.19,5.19,5.18,5.25,5.12,4940600.0,25553466.0,15:45:30,2026-08-14
sz000635,英 力 特,6.39,-0.03,-0.467,6.38,6.39,6.42,6.42,6.49,6.32,3919516.0,25051693.0,15:44:45,2026-08-14
sz000636,风华高科,62.73,0.71,1.145,62.73,62.74,62.02,62.49,63.7,60.65,146842478.0,9162515548.0,15:45:00,2026-08-14
sz000637,茂化实华,3.85,0.0,0.0,3.85,3.86,3.85,3.85,3.89,3.8,6018100.0,23106569.0,15:45:15,2026-08-14
sz000639,ST西王,1.65,-0.01,-0.602,1.65,1.66,1.66,1.64,1.67,1.6,44162920.0,72235020.0,15:45:30,2026-08-14
sz000650,仁和药业,5.46,-0.04,-0.727,5.45,5.46,5.5,5.48,5.56,5.4,21375572.0,117022577.0,15:44:45,2026-08-14
sz000651,格力电器,39.9,-0.34,-0.845,39.9,39.91,40.24,40.15,40.2,39.9,33124524.0,1325954218.0,15:45:00,2026-08-14
sz000652,泰达股份,3.51,-0.02,-0.567,3.5,3.51,3.53,3.53,3.56,3.47,13221100.0,46385953.0,15:45:15,2026-08-14
sz000655,金岭矿业,6.81,0.06,0.889,6.8,6.81,6.75,6.8,6.84,6.7,4251700.0,28845904.0,15:45:30,2026-08-14
sz000656,金科股份,1.27,-0.02,-1.55,1.26,1.27,1.29,1.29,1.3,1.25,152931178.0,193486332.0,15:44:45,2026-08-14
sz000657,中钨高新,68.29,1.59,2.384,68.28,68.29,66.7,66.89,68.98,66.25,79383554.0,5368636613.0,15:45:00,2026-08-14
sz000659,珠海中富,2.86,-0.07,-2.389,2.86,2.87,2.93,2.91,2.94,2.8,34420700.0,98898422.0,15:45:15,2026-08-14
sz000661,长春高新,84.59,-0.86,-1.006,84.58,84.59,85.45,85.0,86.46,83.68,7090869.0,600384082.0,15:45:30,2026-08-14
sz000663,永安林业,5.51,-0.02,-0.362,5.5,5.51,5.53,5.51,5.56,5.45,4250700.0,23370405.0,15:44:45,2026-08-14
sz000665,湖北广电,4.1,-0.1,-2.381,4.09,4.1,4.2,4.2,4.45,4.04,50598371.0,210272163.0,15:45:00,2026-08-14
sz000668,荣丰控股,23.12,-0.94,-3.907,23.1,23.12,24.06,23.82,24.03,22.22,12516696.0,286781981.0,15:45:15,2026-08-14
sz000669,ST金鸿,3.99,-0.01,-0.25,3.98,3.99,4.0,4.0,4.12,3.97,7115200.0,28631041.0,15:45:30,2026-08-14
sz000670,盈方微,6.85,-0.05,-0.725,6.85,6.86,6.9,6.92,6.98,6.74,27443400.0,187796557.0,15:44:45,2026-08-14
sz000672,上峰材料,13.89,0.05,0.361,13.89,13.91,13.84,13.92,14.06,13.74,10898454.0,151628415.0,15:45:00,2026-08-14
sz000676,智度股份,7.36,0.34,4.843,7.36,7.37,7.02,7.09,7.72,7.01,219469336.0,1648016920.0,15:45:15,2026-08-14
sz000677,ST海龙,1.74,0.0,0.0,1.74,1.75,1.74,1.73,1.76,1.71,25077050.0,43444431.0,15:45:30,2026-08-14
sz000678,襄阳轴承,8.94,-0.07,-0.777,8.94,8.95,9.01,9.01,9.05,8.85,6612400.0,58956670.0,15:44:45,2026-08-14
sz000679,大连友谊,6.12,-0.14,-2.236,6.11,6.12,6.26,6.27,6.28,6.07,5711900.0,35082530.0,15:45:00,2026-08-14
sz000680,山推股份,10.21,-0.2,-1.921,10.21,10.22,10.41,10.38,10.43,10.13,19602426.0,200024033.0,15:45:15,2026-08-14
sz000681,视觉中国,18.05,-0.13,-0.715,18.05,18.06,18.18,18.27,18.42,17.71,31922968.0,574257873.0,15:45:30,2026-08-14
sz000682,东方电子,11.88,-0.03,-0.252,11.88,11.89,11.91,11.91,11.94,11.75,11747758.0,139077701.0,15:44:45,2026-08-14
sz000683,博源化工,5.85,0.05,0.862,5.85,5.86,5.8,5.79,5.9,5.77,56644025.0,330855459.0,15:45:00,2026-08-14
sz000685,中山公用,11.03,-0.12,-1.076,11.03,11.04,11.15,11.11,11.16,10.99,9588044.0,105995176.0,15:45:15,2026-08-14
sz000686,东北证券,8.0,-0.13,-1.599,8.0,8.01,8.13,8.1,8.14,8.0,19420546.0,156369022.0,15:45:30,2026-08-14
sz000688,国城矿业,31.6,-0.38,-1.188,31.6,31.61,31.98,31.81,33.44,31.05,22818914.0,729749502.0,15:44:45,2026-08-14
sz000690,宝新能源,4.68,-0.13,-2.703,4.68,4.69,4.81,4.8,4.8,4.66,48842575.0,229702423.0,15:45:00,2026-08-14
sz000691,亚太实业,10.3,-0.36,-3.377,10.3,10.31,10.66,10.68,10.74,10.02,13962490.0,144576689.0,15:45:15,2026-08-14
sz000692,惠天热电,4.58,-0.3,-6.148,4.57,4.58,4.88,5.12,5.33,4.55,101962407.0,496391035.0,15:45:30,2026-08-14
sz000695,滨海能源,14.31,-0.08,-0.556,14.31,14.32,14.39,14.29,14.66,14.0,19443576.0,278365131.0,15:44:45,2026-08-14
sz000697,炼石航空,8.6,-0.13,-1.489,8.59,8.6,8.73,8.76,8.76,8.48,8397972.0,72229312.0,15:45:00,2026-08-14
sz000698,ST沈化,3.44,-0.01,-0.29,3.44,3.45,3.45,3.47,3.47,3.4,3777250.0,12951967.0,15:45:15,2026-08-14
sz000700,模塑科技,11.88,-0.02,-0.168,11.87,11.88,11.9,11.9,12.0,11.62,28180045.0,333300189.0,15:45:30,2026-08-14
sz000701,厦门信达,5.09,0.0,0.0,5.08,5.09,5.09,5.09,5.12,5.0,8832500.0,44649259.0,15:44:45,2026-08-14
sz000702,正虹科技,5.43,0.01,0.185,5.43,5.44,5.42,5.42,5.45,5.34,5533000.0,29848946.0,15:45:00,2026-08-14
sz000703,恒逸石化,16.78,-0.05,-0.297,16.78,16.79,16.83,16.95,17.2,16.57,52908505.0,888978832.0,15:45:15,2026-08-14
sz000705,浙江震元,7.07,0.11,1.58,7.06,7.07,6.96,6.97,7.2,6.89,7594100.0,53545589.0,15:45:30,2026-08-14
sz000707,双环科技,4.52,-0.03,-0.659,4.52,4.53,4.55,4.55,4.58,4.48,5221450.0,23581943.0,15:44:45,2026-08-14
sz000708,中信特钢,13.79,0.1,0.73,13.79,13.81,13.69,13.62,13.83,13.53,10745969.0,147440260.0,15:45:00,2026-08-14
sz000709,河钢股份,2.09,0.0,0.0,2.09,2.1,2.09,2.09,2.1,2.06,64228884.0,133817575.0,15:45:15,2026-08-14
sz000710,贝瑞基因,9.17,-0.44,-4.579,9.17,9.18,9.61,9.66,9.71,9.08,25745978.0,238196738.0,15:45:30,2026-08-14
sz000711,ST京蓝,6.24,0.19,3.14,6.23,6.24,6.05,6.11,6.39,6.03,127293474.0,793216481.0,15:44:45,2026-08-14
sz000712,锦龙股份,9.33,-0.21,-2.201,9.33,9.34,9.54,9.53,9.6,9.28,26551783.0,249722768.0,15:45:00,2026-08-14
sz000713,国投丰乐,5.72,-0.03,-0.522,5.72,5.73,5.75,5.75,5.78,5.68,3531047.0,20198811.0,15:45:15,2026-08-14
sz000715,中兴商业,5.14,-0.12,-2.281,5.14,5.15,5.26,5.24,5.3,5.09,19168086.0,98746791.0,15:45:30,2026-08-14
sz000716,黑芝麻,5.09,0.21,4.303,5.09,5.1,4.88,4.89,5.37,4.73,75255624.0,387183560.0,15:44:45,2026-08-14
sz000717,中南股份,2.21,0.0,0.0,2.21,2.22,2.21,2.2,2.23,2.18,14356700.0,31605142.0,15:45:00,2026-08-14
sz000718,苏宁环球,1.9,-0.03,-1.554,1.89,1.9,1.93,1.93,1.94,1.86,33991920.0,64200899.0,15:45:15,2026-08-14
sz000719,中原传媒,12.08,-0.07,-0.576,12.07,12.13,12.15,12.15,12.18,12.04,2609600.0,31582708.0,15:45:30,2026-08-14
sz000720,新能泰山,3.85,-0.09,-2.284,3.85,3.86,3.94,3.92,3.94,3.78,65036701.0,248936348.0,15:44:45,2026-08-14
sz000721,西安饮食,6.58,-0.06,-0.904,6.58,6.59,6.64,6.64,6.67,6.49,11154489.0,73157031.0,15:45:00,2026-08-14
sz000722,湖南发展,13.11,-0.49,-3.603,13.11,13.12,13.6,13.58,13.58,12.94,20160872.0,264415442.0,15:45:15,2026-08-14
sz000723,美锦能源,3.61,-0.01,-0.276,3.61,3.62,3.62,3.59,3.63,3.52,52976386.0,189623664.0,15:45:30,2026-08-14
sz000725,京东方Ａ,5.81,-0.05,-0.853,5.8,5.81,5.86,5.93,5.94,5.71,1258956676.0,7316940134.0,15:44:45,2026-08-14
sz000726,鲁 泰Ａ,5.87,-0.02,-0.34,5.87,5.88,5.89,5.88,5.9,5.83,2621660.0,15360579.0,15:45:00,2026-08-14
sz000727,冠捷科技,2.21,-0.02,-0.897,2.21,2.22,2.23,2.25,2.25,2.2,65603300.0,145772436.0,15:45:15,2026-08-14
sz000728,国元证券,7.13,-0.1,-1.383,7.13,7.14,7.23,7.21,7.25,7.12,21100586.0,151384596.0,15:45:30,2026-08-14
sz000729,燕京啤酒,12.69,-0.07,-0.549,12.68,12.69,12.76,12.76,12.84,12.66,12402700.0,157676584.0,15:44:45,2026-08-14
sz000731,四川美丰,5.79,-0.07,-1.195,5.78,5.79,5.86,5.84,5.9,5.78,4740601.0,27580032.0,15:45:00,2026-08-14
sz000733,振华科技,40.92,0.05,0.122,40.91,40.92,40.87,40.88,41.27,40.45,12128154.0,496082537.0,15:45:15,2026-08-14
sz000735,罗 牛 山,5.11,-0.11,-2.107,5.11,5.12,5.22,5.2,5.23,5.04,30393002.0,154869823.0,15:45:30,2026-08-14
sz000736,中交发展,4.46,-0.16,-3.463,4.46,4.47,4.62,4.62,4.65,4.44,22848700.0,102613231.0,15:44:45,2026-08-14
sz000737,北方铜业,13.59,-0.01,-0.074,13.58,13.59,13.6,13.51,13.7,13.41,31018117.0,420018014.0,15:45:00,2026-08-14
sz000738,航发控制,18.48,0.19,1.039,18.47,18.48,18.29,18.28,18.78,18.28,11713551.0,217173868.0,15:45:15,2026-08-14
sz000739,普洛药业,22.55,-0.26,-1.14,22.55,22.56,22.81,22.4,23.23,22.05,38489079.0,871264474.0,15:45:30,2026-08-14
sz000750,国海证券,3.75,-0.03,-0.794,3.75,3.76,3.78,3.78,3.79,3.75,36889226.0,138898388.0,15:44:45,2026-08-14
sz000751,锌业股份,4.98,-0.03,-0.599,4.98,4.99,5.01,5.0,5.05,4.91,42173266.0,209607304.0,15:45:00,2026-08-14
sz000752,*ST西发,9.14,0.16,1.782,9.13,9.14,8.98,8.98,9.15,8.9,1781702.0,16091779.0,15:45:15,2026-08-14
sz000753,漳州发展,4.73,-0.04,-0.839,4.73,4.74,4.77,4.77,4.8,4.7,12461024.0,59066285.0,15:45:30,2026-08-14
sz000755,山西高速,4.65,0.0,0.0,4.64,4.65,4.65,4.63,4.66,4.59,2633000.0,12185684.0,15:44:45,2026-08-14
sz000756,新华制药,14.29,0.26,1.853,14.28,14.29,14.03,14.0,14.49,13.78,19130248.0,272273256.0,15:45:00,2026-08-14
sz000757,浩物股份,4.27,-0.07,-1.613,4.27,4.29,4.34,4.33,4.37,4.26,9724000.0,41780382.0,15:45:15,2026-08-14
sz000758,中色股份,6.0,0.04,0.671,6.0,6.01,5.96,5.95,6.05,5.92,23543509.0,140840028.0,15:45:30,2026-08-14
sz000759,中百集团,6.95,-0.4,-5.442,6.95,6.96,7.35,7.22,7.25,6.9,94659178.0,662123880.0,15:44:45,2026-08-14
sz000761,本钢板材,2.27,-0.02,-0.873,2.27,2.28,2.29,2.28,2.3,2.23,12323701.0,27904695.0,15:45:00,2026-08-14
sz000762,西藏矿业,23.51,0.09,0.384,23.51,23.52,23.42,23.44,23.82,23.23,10794014.0,253737450.0,15:45:15,2026-08-14
sz000766,通化金马,16.57,-0.5,-2.929,16.57,16.58,17.07,17.0,17.0,16.46,18745894.0,312410672.0,15:45:30,2026-08-14
sz000767,晋控电力,3.8,-0.35,-8.434,3.8,3.81,4.15,4.0,4.03,3.8,252081609.0,978020851.0,15:44:45,2026-08-14
sz000768,中航西飞,21.43,0.54,2.585,21.43,21.44,20.89,20.88,22.0,20.84,49467749.0,1066785621.0,15:45:00,2026-08-14
sz000776,广发证券,20.77,-0.47,-2.213,20.77,20.78,21.24,21.21,21.41,20.72,63114499.0,1320401570.0,15:45:15,2026-08-14
sz000777,中核科技,17.64,0.02,0.114,17.63,17.64,17.62,17.6,17.69,17.5,5039346.0,88723030.0,15:45:30,2026-08-14
sz000778,新兴铸管,3.7,-0.03,-0.804,3.69,3.7,3.73,3.72,3.73,3.69,35214000.0,130411008.0,15:44:45,2026-08-14
sz000779,甘咨询,9.66,-1.07,-9.972,9.66,9.67,10.73,10.19,10.38,9.66,95525178.0,943156152.0,15:45:00,2026-08-14
sz000782,恒申新材,7.72,0.12,1.579,7.72,7.73,7.6,7.58,7.74,7.55,16260100.0,124665156.0,15:45:15,2026-08-14
sz000783,长江证券,9.04,-0.11,-1.202,9.04,9.05,9.15,9.14,9.32,8.97,124031522.0,1131848143.0,15:45:30,2026-08-14
sz000785,居然智家,2.23,-0.04,-1.762,2.22,2.23,2.27,2.26,2.27,2.19,52346300.0,116375300.0,15:44:45,2026-08-14
sz000786,北新建材,18.29,-0.44,-2.349,18.29,18.3,18.73,18.72,18.85,18.26,15258683.0,282033310.0,15:45:00,2026-08-14
sz000788,北大医药,5.87,0.08,1.382,5.86,5.87,5.79,5.72,5.97,5.66,37846608.0,220359185.0,15:45:15,2026-08-14
sz000789,万年青,4.08,-0.03,-0.73,4.08,4.09,4.11,4.11,4.12,4.05,2107272.0,8590783.0,15:45:30,2026-08-14
sz000790,华神科技,4.14,-0.01,-0.241,4.13,4.14,4.15,4.13,4.28,4.07,18691530.0,77511238.0,15:44:45,2026-08-14
sz000791,甘肃能源,7.58,-0.31,-3.929,7.58,7.59,7.89,7.89,7.93,7.5,33180820.0,252473450.0,15:45:00,2026-08-14
sz000792,盐湖股份,28.27,0.62,2.242,28.27,28.28,27.65,27.78,28.67,27.7,62886463.0,1773763470.0,15:45:15,2026-08-14
sz000793,ST华闻,2.19,0.0,0.0,2.19,2.2,2.19,2.19,2.22,2.18,10347300.0,22727266.0,15:45:30,2026-08-14
sz000795,英洛华,8.5,0.09,1.07,8.5,8.51,8.41,8.4,8.58,8.4,11831100.0,100550263.0,15:44:45,2026-08-14
sz000796,凯撒旅业,3.83,-0.05,-1.289,3.82,3.83,3.88,3.88,3.88,3.78,25650800.0,97839691.0,15:45:00,2026-08-14
sz000797,中国武夷,2.38,-0.03,-1.245,2.37,2.38,2.41,2.41,2.42,2.34,26991506.0,63947983.0,15:45:15,2026-08-14
sz000798,中水渔业,8.38,-0.02,-0.238,8.37,8.38,8.4,8.43,8.43,8.25,6022800.0,50116184.0,15:45:30,2026-08-14
sz000799,酒鬼酒,40.94,-0.63,-1.516,40.94,40.95,41.57,41.5,41.62,40.71,7769930.0,318534163.0,15:44:45,2026-08-14
sz000800,一汽解放,6.06,-0.02,-0.329,6.06,6.07,6.08,6.08,6.1,6.03,9476300.0,57485459.0,15:45:00,2026-08-14
sz000801,四川九洲,11.36,0.03,0.265,11.36,11.37,11.33,11.35,11.54,11.3,8193938.0,93430695.0,15:45:15,2026-08-14
sz000802,北京文化,5.92,-0.34,-5.431,5.92,5.93,6.26,6.2,6.49,5.71,325338132.0,1983445428.0,15:45:30,2026-08-14
sz000803,山高环能,7.08,-0.07,-0.979,7.08,7.09,7.15,7.15,7.23,7.02,6661530.0,47300127.0,15:44:45,2026-08-14
sz000807,云铝股份,25.91,0.02,0.077,25.9,25.91,25.89,25.54,25.98,25.44,59089927.0,1519662682.0,15:45:00,2026-08-14
sz000809,和展能源,3.47,-0.05,-1.42,3.47,3.48,3.52,3.53,3.56,3.45,14235250.0,49561741.0,15:45:15,2026-08-14
sz000810,创维数字,9.65,0.07,0.731,9.65,9.66,9.58,9.6,9.72,9.54,13530178.0,130207034.0,15:45:30,2026-08-14
sz000811,冰轮环境,40.99,0.1,0.245,40.99,41.0,40.89,41.4,41.92,40.26,34053080.0,1400629011.0,15:44:45,2026-08-14
sz000812,陕西金叶,3.57,-0.04,-1.108,3.57,3.58,3.61,3.59,3.63,3.53,12219975.0,43655804.0,15:45:00,2026-08-14
sz000813,德展健康,3.51,-0.11,-3.039,3.51,3.52,3.62,3.6,3.65,3.48,40588492.0,144099813.0,15:45:15,2026-08-14
sz000815,美利云,18.97,0.61,3.322,18.97,18.98,18.36,18.29,19.6,17.48,177487190.0,3272825895.0,15:45:30,2026-08-14
sz000816,智慧农业,2.74,-0.01,-0.364,2.73,2.74,2.75,2.74,2.76,2.68,23656200.0,64279663.0,15:44:45,2026-08-14
sz000818,航锦科技,13.45,-0.03,-0.223,13.44,13.45,13.48,13.6,13.7,13.26,20583949.0,276431036.0,15:45:00,2026-08-14
sz000819,岳阳兴长,11.87,0.13,1.107,11.87,11.88,11.74,11.74,11.92,11.56,3931144.0,46104753.0,15:45:15,2026-08-14
sz000820,神雾节能,3.48,-0.26,-6.952,3.47,3.48,3.74,3.72,3.79,3.41,46015625.0,162459275.0,15:45:30,2026-08-14
sz000821,ST京机,7.19,-0.01,-0.139,7.18,7.19,7.2,7.2,7.23,7.11,4908360.0,35163492.0,15:44:45,2026-08-14
sz000822,山东海化,4.26,-0.04,-0.93,4.25,4.26,4.3,4.3,4.32,4.22,10928564.0,46444773.0,15:45:00,2026-08-14
sz000823,超声电子,15.3,0.68,4.651,15.3,15.31,14.62,14.87,15.44,14.64,56698907.0,854974870.0,15:45:15,2026-08-14
sz000825,太钢不锈,3.41,-0.04,-1.159,3.41,3.42,3.45,3.44,3.45,3.41,19481600.0,66669964.0,15:45:30,2026-08-14
sz000826,*ST启环,1.86,-0.02,-1.064,1.85,1.86,1.88,1.84,1.88,1.81,37046200.0,68357628.0,15:44:45,2026-08-14
sz000828,东莞控股,9.78,-0.07,-0.711,9.78,9.79,9.85,9.84,9.87,9.78,3753900.0,36873542.0,15:45:00,2026-08-14
sz000829,天音控股,8.35,-0.05,-0.595,8.35,8.36,8.4,8.4,8.47,8.28,17840500.0,148996110.0,15:45:15,2026-08-14
sz000830,鲁西化工,11.92,-0.04,-0.334,11.92,11.93,11.96,11.89,12.05,11.81,21794100.0,259346806.0,15:45:30,2026-08-14
sz000831,中国稀土,60.95,5.54,9.998,60.95,0.0,55.41,55.8,60.95,55.73,90589210.0,5416567455.0,15:44:45,2026-08-14
sz000833,粤桂股份,20.56,0.08,0.391,20.55,20.56,20.48,20.48,20.74,20.4,13305289.0,273328417.0,15:45:00,2026-08-14
sz000837,秦川机床,10.56,-0.1,-0.938,10.56,10.57,10.66,10.6,10.72,10.36,33442387.0,351971564.0,15:45:15,2026-08-14
sz000838,*ST发展,2.81,-0.12,-4.096,2.81,2.82,2.93,2.88,2.99,2.67,100052800.0,281268788.0,15:45:30,2026-08-14
sz000839,国安股份,2.85,0.08,2.888,2.84,2.85,2.77,2.78,2.94,2.75,120108800.0,340807998.0,15:44:45,2026-08-14
sz000848,承德露露,8.32,-0.25,-2.917,8.32,8.33,8.57,8.57,8.66,8.32,18013900.0,151475599.0,15:45:00,2026-08-14
sz000850,华茂股份,4.08,0.03,0.741,4.07,4.08,4.05,4.08,4.11,4.04,6972715.0,28365520.0,15:45:15,2026-08-14
sz000852,石化机械,5.18,-0.05,-0.956,5.18,5.19,5.23,5.22,5.25,5.15,8301510.0,43044916.0,15:45:30,2026-08-14
sz000856,冀东装备,7.97,0.06,0.759,7.95,7.97,7.91,7.92,7.98,7.83,3119900.0,24689161.0,15:44:45,2026-08-14
sz000858,五 粮 液,73.75,-1.37,-1.824,73.75,73.76,75.12,75.01,75.03,73.7,36023341.0,2670378468.0,15:45:00,2026-08-14
sz000859,国风新材,9.65,-0.11,-1.127,9.65,9.66,9.76,9.76,9.93,9.5,62957752.0,606024235.0,15:45:15,2026-08-14
sz000860,顺鑫农业,10.55,-0.27,-2.495,10.55,10.56,10.82,10.82,10.82,10.55,9963587.0,105712928.0,15:45:30,2026-08-14
sz000862,银星能源,5.27,-0.35,-6.228,5.26,5.27,5.62,5.56,5.59,5.24,44043906.0,234482532.0,15:44:45,2026-08-14
sz000863,三湘印象,4.06,-0.14,-3.333,4.06,4.07,4.2,4.19,4.22,4.01,18235580.0,74290920.0,15:45:00,2026-08-14
sz000868,安凯客车,3.65,-0.04,-1.084,3.64,3.65,3.69,3.68,3.7,3.61,9141556.0,33344695.0,15:45:15,2026-08-14
sz000869,张 裕Ａ,17.23,-0.34,-1.935,17.23,17.24,17.57,17.57,17.57,17.19,913400.0,15811670.0,15:45:30,2026-08-14
sz000875,电投绿能,5.06,-0.11,-2.128,5.06,5.07,5.17,5.17,5.17,5.03,38213938.0,193812667.0,15:44:45,2026-08-14
sz000876,新 希 望,6.83,-0.14,-2.009,6.83,6.84,6.97,6.95,6.96,6.77,38586047.0,264034673.0,15:45:00,2026-08-14
sz000877,天山股份,3.71,-0.04,-1.067,3.71,3.72,3.75,3.75,3.75,3.69,10806874.0,40100269.0,15:45:15,2026-08-14
sz000878,云南铜业,16.09,0.06,0.374,16.09,16.1,16.03,15.97,16.26,15.93,24824857.0,399154741.0,15:45:30,2026-08-14
sz000880,潍柴重机,25.06,0.55,2.244,25.06,25.07,24.51,24.59,25.16,24.27,16225016.0,402140805.0,15:44:45,2026-08-14
sz000881,中广核技,6.58,0.09,1.387,6.58,6.59,6.49,6.52,6.85,6.52,10108600.0,66932264.0,15:45:00,2026-08-14
sz000882,华联股份,1.44,-0.03,-2.041,1.43,1.44,1.47,1.47,1.48,1.41,77553167.0,111151762.0,15:45:15,2026-08-14
sz000883,湖北能源,4.51,-0.06,-1.313,4.5,4.51,4.57,4.56,4.57,4.48,22487520.0,101414745.0,15:45:30,2026-08-14
sz000885,城发环境,12.67,-0.08,-0.627,12.67,12.68,12.75,12.74,12.77,12.63,2214400.0,28113528.0,15:44:45,2026-08-14
sz000886,海南高速,4.52,-0.01,-0.221,4.51,4.52,4.53,4.53,4.54,4.45,10668401.0,47892023.0,15:45:00,2026-08-14
sz000887,中鼎股份,21.82,-1.87,-7.894,21.81,21.82,23.69,23.0,23.0,21.32,166021886.0,3616908099.0,15:45:15,2026-08-14
sz000888,峨眉山Ａ,9.76,0.02,0.205,9.76,9.77,9.74,9.73,9.89,9.63,7416592.0,72367226.0,15:45:30,2026-08-14
sz000889,中嘉博创,4.07,-0.04,-0.973,4.07,4.08,4.11,4.08,4.17,3.96,71995141.0,290557180.0,15:44:45,2026-08-14
sz000890,法尔胜,7.35,-0.08,-1.077,7.34,7.35,7.43,7.5,7.51,7.21,11840100.0,86769293.0,15:45:00,2026-08-14
sz000892,欢瑞世纪,4.0,-0.08,-1.961,4.0,4.01,4.08,4.1,4.15,3.91,57959300.0,231442151.0,15:45:15,2026-08-14
sz000893,亚钾国际,45.35,-0.51,-1.112,45.35,45.38,45.86,45.74,45.87,45.1,7029834.0,319138084.0,15:45:30,2026-08-14
sz000895,双汇发展,24.6,-0.07,-0.284,24.6,24.61,24.67,24.56,24.84,24.37,9195049.0,226834836.0,15:44:45,2026-08-14
sz000897,津滨发展,1.78,-0.01,-0.559,1.77,1.78,1.79,1.79,1.81,1.74,32232740.0,57017440.0,15:45:00,2026-08-14
sz000898,鞍钢股份,1.97,-0.01,-0.505,1.97,1.98,1.98,1.97,1.99,1.95,26509420.0,52273678.0,15:45:15,2026-08-14
sz000899,赣能股份,10.37,-0.34,-3.175,10.37,10.38,10.71,10.7,10.71,10.28,18537371.0,192752959.0,15:45:30,2026-08-14
sz000900,现代投资,3.66,-0.01,-0.272,3.65,3.66,3.67,3.67,3.68,3.65,6288226.0,23014678.0,15:44:45,2026-08-14
sz000901,航天科技,14.72,-0.01,-0.068,14.72,14.73,14.73,14.75,14.8,14.49,12399989.0,181603311.0,15:45:00,2026-08-14
sz000902,新洋丰,12.92,-0.13,-0.996,12.91,12.92,13.05,13.08,13.08,12.83,5338689.0,68969392.0,15:45:15,2026-08-14
sz000903,ST云动,1.89,0.01,0.532,1.88,1.89,1.88,1.9,1.92,1.86,11593300.0,21741411.0,15:45:30,2026-08-14
sz000905,厦门港务,8.36,-0.14,-1.647,8.36,8.39,8.5,8.55,8.55,8.33,8260018.0,69217974.0,15:44:45,2026-08-14
sz000906,浙商中拓,5.37,0.0,0.0,5.36,5.37,5.37,5.36,5.4,5.33,4050500.0,21700653.0,15:45:00,2026-08-14
sz000908,石药景峰,6.95,-0.08,-1.138,6.94,6.95,7.03,6.99,7.07,6.82,28029200.0,193827394.0,15:45:15,2026-08-14
sz000909,*ST数源,4.23,-0.03,-0.704,4.23,4.24,4.26,4.29,4.32,4.21,2412700.0,10278050.0,15:45:30,2026-08-14
sz000910,大亚圣象,5.33,-0.05,-0.929,5.32,5.33,5.38,5.38,5.43,5.3,4018340.0,21468116.0,15:44:45,2026-08-14
sz000911,*ST广糖,4.57,0.07,1.556,4.55,4.57,4.5,4.55,4.63,4.45,4397100.0,19973070.0,15:45:00,2026-08-14
sz000912,泸天化,3.6,-0.05,-1.37,3.6,3.61,3.65,3.63,3.65,3.57,13449150.0,48386426.0,15:45:15,2026-08-14
sz000913,钱江摩托,11.28,-0.16,-1.399,11.28,11.29,11.44,11.45,11.49,11.26,3278650.0,37103383.0,15:45:30,2026-08-14
sz000915,华特达因,25.78,-0.17,-0.655,25.77,25.78,25.95,25.94,26.29,25.66,2698945.0,69990874.0,15:44:45,2026-08-14
sz000917,电广传媒,7.73,0.39,5.313,7.73,7.74,7.34,7.38,7.98,7.21,79820934.0,605201505.0,15:45:00,2026-08-14
sz000919,金陵药业,6.79,0.12,1.799,6.79,6.8,6.67,6.7,6.84,6.6,22585600.0,152548525.0,15:45:15,2026-08-14
sz000920,沃顿科技,11.74,0.19,1.645,11.73,11.74,11.55,11.56,11.75,11.53,5730800.0,66852770.0,15:45:30,2026-08-14
sz000921,海信家电,25.69,-0.43,-1.646,25.69,25.72,26.12,25.99,26.2,25.24,9024570.0,233106837.0,15:44:45,2026-08-14
sz000922,佳电股份,11.72,-0.05,-0.425,11.71,11.72,11.77,11.9,11.92,11.6,7702861.0,90309091.0,15:45:00,2026-08-14
sz000923,河钢资源,14.41,0.16,1.123,14.41,14.43,14.25,14.31,14.55,14.12,10171681.0,145514737.0,15:45:15,2026-08-14
sz000925,众合科技,7.8,0.12,1.563,7.8,7.81,7.68,7.71,7.95,7.67,20524821.0,160229527.0,15:45:30,2026-08-14
sz000926,福星股份,2.15,-0.05,-2.273,2.14,2.15,2.2,2.2,2.2,2.11,33748180.0,72381601.0,15:44:45,2026-08-14
sz000927,中国铁物,2.4,-0.03,-1.235,2.4,2.41,2.43,2.43,2.44,2.39,35947400.0,86610438.0,15:45:00,2026-08-14
sz000928,中钢国际,4.97,-0.05,-0.996,4.97,4.98,5.02,5.01,5.03,4.95,9656147.0,48132097.0,15:45:15,2026-08-14
sz000929,兰州黄河,8.87,-0.01,-0.113,8.85,8.87,8.88,8.82,8.94,8.68,2425300.0,21331618.0,15:45:30,2026-08-14
sz000930,中粮科技,4.66,-0.05,-1.062,4.66,4.67,4.71,4.71,4.72,4.61,13807201.0,64297579.0,15:44:45,2026-08-14
sz000931,中 关 村,4.3,0.05,1.176,4.3,4.31,4.25,4.25,4.53,4.21,23802094.0,104161013.0,15:45:00,2026-08-14
sz000932,华菱钢铁,3.6,0.01,0.279,3.6,3.61,3.59,3.59,3.62,3.55,55920413.0,200993961.0,15:45:15,2026-08-14
sz000933,神火股份,25.83,-0.07,-0.27,25.83,25.84,25.9,25.6,25.98,25.45,31833549.0,818093500.0,15:45:30,2026-08-14
sz000935,四川双马,23.12,0.03,0.13,23.12,23.14,23.09,23.12,23.23,22.74,3588700.0,82478601.0,15:44:45,2026-08-14
sz000936,华西股份,6.97,0.63,9.937,6.97,0.0,6.34,6.97,6.97,6.73,136882466.0,951168434.0,15:45:00,2026-08-14
sz000937,冀中能源,4.7,0.05,1.075,4.7,4.71,4.65,4.63,4.72,4.6,15251697.0,71239418.0,15:45:15,2026-08-14
sz000938,紫光股份,39.95,0.35,0.884,39.94,39.95,39.6,40.35,41.68,39.25,324597918.0,13042122141.0,15:45:30,2026-08-14
sz000948,南天信息,14.55,0.09,0.622,14.55,14.56,14.46,14.43,15.21,14.26,16201976.0,238071396.0,15:44:45,2026-08-14
sz000949,新乡化纤,6.3,-0.05,-0.787,6.29,6.3,6.35,6.37,6.43,6.22,22645041.0,142810935.0,15:45:00,2026-08-14
sz000950,重药控股,6.29,0.57,9.965,6.29,0.0,5.72,5.79,6.29,5.66,60132121.0,370880608.0,15:45:15,2026-08-14
sz000951,中国重汽,20.85,0.04,0.192,20.85,20.86,20.81,20.81,21.02,20.66,6692099.0,139461516.0,15:45:30,2026-08-14
sz000952,广济药业,6.31,-0.04,-0.63,6.3,6.31,6.35,6.4,6.42,6.22,8610762.0,54241372.0,15:44:45,2026-08-14
sz000953,中哲精化,6.17,-0.09,-1.438,6.17,6.19,6.26,6.26,6.31,6.09,8481300.0,52483167.0,15:45:00,2026-08-14
sz000955,欣龙控股,4.29,-0.01,-0.233,4.28,4.29,4.3,4.32,4.35,4.24,9566000.0,40854296.0,15:45:15,2026-08-14
sz000957,中通客车,10.36,0.15,1.469,10.35,10.36,10.21,10.17,10.39,10.04,9553341.0,98100709.0,15:45:30,2026-08-14
sz000958,电投产融,5.4,-0.06,-1.099,5.4,5.41,5.46,5.45,5.45,5.39,14234010.0,77010768.0,15:44:45,2026-08-14
sz000959,首钢股份,3.52,-0.04,-1.124,3.51,3.52,3.56,3.54,3.56,3.5,22635200.0,79789584.0,15:45:00,2026-08-14
sz000960,锡业股份,38.61,0.94,2.495,38.61,38.62,37.67,37.68,38.84,37.37,38445532.0,1473873470.0,15:45:15,2026-08-14
sz000962,东方钽业,55.37,2.41,4.551,55.37,55.38,52.96,54.68,56.39,53.76,35601009.0,1963386683.0,15:45:30,2026-08-14
sz000963,华东医药,29.72,0.16,0.541,29.71,29.72,29.56,29.49,30.44,29.16,37729880.0,1126425169.0,15:44:45,2026-08-14
sz000965,天保基建,3.14,-0.03,-0.946,3.13,3.14,3.17,3.18,3.19,3.11,13047271.0,40905108.0,15:45:00,2026-08-14
sz000966,长源电力,4.12,-0.14,-3.286,4.11,4.12,4.26,4.27,4.28,4.1,61667812.0,255074794.0,15:45:15,2026-08-14
sz000967,盈峰环境,9.47,0.22,2.378,9.47,9.48,9.25,9.3,9.5,9.05,125198389.0,1163020861.0,15:45:30,2026-08-14
sz000968,蓝焰控股,6.87,0.03,0.439,6.87,6.88,6.84,6.81,6.89,6.69,18177445.0,123456068.0,15:44:45,2026-08-14
sz000969,安泰科技,17.05,0.26,1.549,17.04,17.05,16.79,16.81,17.08,16.78,18891897.0,320353249.0,15:45:00,2026-08-14
sz000970,中科三环,13.59,0.33,2.489,13.58,13.59,13.26,13.26,13.73,13.21,40956038.0,552461740.0,15:45:15,2026-08-14
sz000972,中基健康,3.6,-0.22,-5.759,3.59,3.6,3.82,3.74,3.78,3.53,33934900.0,121872697.0,15:45:30,2026-08-14
sz000973,佛塑科技,14.27,0.15,1.062,14.27,14.28,14.12,14.12,14.62,14.0,80047769.0,1147026607.0,15:44:45,2026-08-14
sz000975,山金国际,25.77,0.46,1.817,25.77,25.78,25.31,25.0,25.94,24.67,43713569.0,1114699235.0,15:45:00,2026-08-14
sz000977,浪潮信息,78.8,-0.66,-0.831,78.79,78.8,79.46,79.6,81.16,77.29,93790763.0,7392522866.0,15:45:15,2026-08-14
sz000978,桂林旅游,6.07,-0.06,-0.979,6.07,6.08,6.13,6.13,6.16,6.01,8066500.0,48930220.0,15:45:30,2026-08-14
sz000980,众泰汽车,1.7,-0.03,-1.734,1.69,1.7,1.73,1.72,1.73,1.66,91426276.0,153922629.0,15:44:45,2026-08-14
sz000981,山子高科,2.78,-0.07,-2.456,2.78,2.79,2.85,2.85,2.87,2.75,251327282.0,699030547.0,15:45:00,2026-08-14
sz000983,山西焦煤,6.84,0.18,2.703,6.84,6.85,6.66,6.7,6.88,6.61,63577646.0,429779836.0,15:45:15,2026-08-14
sz000985,大庆华科,15.52,0.05,0.323,15.52,15.53,15.47,15.49,15.54,15.23,1284900.0,19762171.0,15:45:30,2026-08-14
sz000987,越秀资本,7.57,-0.1,-1.304,7.57,7.58,7.67,7.65,7.67,7.57,23148115.0,175772535.0,15:44:45,2026-08-14
sz000988,华工科技,109.79,2.75,2.569,109.79,109.8,107.04,107.51,109.98,106.84,51867531.0,5633782978.0,15:45:00,2026-08-14
sz000989,九芝堂,9.53,0.0,0.0,9.53,9.54,9.53,9.46,9.65,9.34,37220409.0,353269393.0,15:45:15,2026-08-14
sz000990,诚志股份,6.58,-0.13,-1.937,6.58,6.59,6.71,6.65,6.68,6.48,53881480.0,353621368.0,15:45:30,2026-08-14
sz000993,闽东电力,10.03,-0.29,-2.81,10.02,10.03,10.32,10.35,10.36,9.91,12700609.0,127251084.0,15:44:45,2026-08-14
sz000995,皇台酒业,10.95,-0.36,-3.183,10.94,10.95,11.31,11.2,11.31,10.84,13302960.0,146155015.0,15:45:00,2026-08-14
sz000997,新 大 陆,17.78,-0.21,-1.167,17.77,17.78,17.99,17.98,18.1,17.51,14362625.0,254714631.0,15:45:15,2026-08-14
sz000998,隆平高科,8.02,-0.12,-1.474,8.02,8.03,8.14,8.12,8.13,8.02,10689300.0,86091203.0,15:45:30,2026-08-14
sz000999,华润三九,24.71,-0.3,-1.2,24.71,24.72,25.01,24.9,24.98,24.61,10512082.0,260189927.0,15:44:45,2026-08-14
sz001201,东瑞股份,11.76,-0.09,-0.759,11.76,11.77,11.85,11.89,11.92,11.67,2238880.0,26348870.0,15:45:00,2026-08-14
sz001202,炬申股份,13.36,-0.05,-0.373,13.36,13.38,13.41,13.5,13.52,13.28,1549601.0,20726713.0,15:45:15,2026-08-14
sz001203,大中矿业,27.77,-0.01,-0.036,27.77,27.78,27.78,27.99,29.2,27.52,15799390.0,445311171.0,15:45:30,2026-08-14
sz001205,盛航股份,13.77,0.01,0.073,13.76,13.77,13.76,13.71,13.88,13.64,3430443.0,47225915.0,15:44:45,2026-08-14
sz001206,依依股份,16.84,-0.44,-2.546,16.84,16.85,17.28,17.23,17.48,16.79,5040648.0,85433671.0,15:45:00,2026-08-14
sz001207,联科科技,15.82,0.07,0.444,15.82,15.83,15.75,15.75,15.9,15.5,3419060.0,53619290.0,15:45:15,2026-08-14
sz001208,华菱线缆,14.99,-0.01,-0.067,14.99,15.0,15.0,15.02,15.13,14.71,12956200.0,192609712.0,15:45:30,2026-08-14
sz001209,洪兴股份,16.86,0.25,1.505,16.85,16.86,16.61,16.67,16.94,16.6,2595665.0,43532696.0,15:44:45,2026-08-14
sz001210,金房能源,24.04,0.91,3.934,24.04,24.05,23.13,23.56,24.48,23.03,11211955.0,269242845.0,15:45:00,2026-08-14
sz001211,双枪科技,22.86,-0.6,-2.558,22.86,22.89,23.46,23.46,23.6,22.23,5448575.0,124252546.0,15:45:15,2026-08-14
sz001212,中旗新材,35.2,0.6,1.734,35.19,35.2,34.6,34.6,35.51,34.6,2933567.0,102847184.0,15:45:30,2026-08-14
sz001213,中铁特货,3.51,-0.02,-0.567,3.51,3.52,3.53,3.53,3.54,3.5,5299852.0,18624826.0,15:44:45,2026-08-14
sz001215,千味央厨,32.27,0.01,0.031,32.26,32.27,32.26,32.12,32.39,31.92,1579396.0,50757107.0,15:45:00,2026-08-14
sz001216,华瓷股份,14.69,-0.01,-0.068,14.69,14.7,14.7,14.96,14.96,14.56,2549600.0,37481537.0,15:45:15,2026-08-14
sz001217,华尔泰,9.83,-0.03,-0.304,9.83,9.84,9.86,9.85,9.95,9.75,2923100.0,28698728.0,15:45:30,2026-08-14
sz001218,丽臣实业,24.67,-0.26,-1.043,24.66,24.67,24.93,24.88,25.1,24.47,1964288.0,48471535.0,15:44:45,2026-08-14
sz001219,青岛食品,12.95,0.19,1.489,12.94,12.95,12.76,12.76,13.68,12.62,7142686.0,93799485.0,15:45:00,2026-08-14
sz001220,世盟股份,31.77,0.22,0.697,31.77,31.78,31.55,31.49,32.2,30.89,1415078.0,44644449.0,15:45:15,2026-08-14
sz001221,悍高集团,39.25,-1.15,-2.847,39.25,39.26,40.4,40.4,40.69,38.85,2135520.0,84221402.0,15:45:30,2026-08-14
sz001222,源飞宠物,14.75,-0.35,-2.318,14.75,14.76,15.1,15.0,15.05,14.65,5800000.0,85734086.0,15:44:45,2026-08-14
sz001223,欧克科技,41.68,1.12,2.761,41.68,41.71,40.56,40.79,41.95,40.0,2699618.0,110700870.0,15:45:00,2026-08-14
sz001225,和泰机电,44.66,-0.34,-0.756,44.63,44.66,45.0,45.24,45.49,44.1,992700.0,44360406.0,15:45:15,2026-08-14
sz001226,拓山重工,42.38,-0.04,-0.094,42.34,42.38,42.42,42.46,42.9,42.02,600600.0,25493358.0,15:45:30,2026-08-14
sz001227,兰州银行,2.12,-0.02,-0.935,2.12,2.13,2.14,2.14,2.15,2.12,59789563.0,127445711.0,15:44:45,2026-08-14
sz001228,永泰运,27.34,-0.34,-1.228,27.28,27.34,27.68,27.61,28.04,26.9,1171200.0,31975304.0,15:45:00,2026-08-14
sz001229,魅视科技,41.48,-0.1,-0.241,41.47,41.48,41.58,41.4,43.0,40.26,4964520.0,205188600.0,15:45:15,2026-08-14
sz001230,劲旅环境,20.99,0.33,1.597,20.98,20.99,20.66,20.66,21.05,20.15,4842574.0,100129798.0,15:45:30,2026-08-14
sz001231,农心科技,20.14,0.14,0.7,20.11,20.14,20.0,20.07,20.33,19.95,834984.0,16804924.0,15:44:45,2026-08-14
sz001232,嘉立创,161.27,-6.02,-3.599,161.27,161.28,167.29,167.29,167.95,160.79,8287994.0,1350446865.0,15:45:00,2026-08-14
sz001233,海安集团,45.3,0.73,1.638,45.29,45.3,44.57,44.58,45.43,44.15,1292925.0,57917422.0,15:45:15,2026-08-14
sz001234,泰慕士,21.61,-0.31,-1.414,21.61,21.62,21.92,22.16,22.38,21.32,3615939.0,78639422.0,15:45:30,2026-08-14
sz001236,弘业期货,7.57,-0.13,-1.688,7.57,7.58,7.7,7.7,7.75,7.52,7643900.0,57999433.0,15:44:45,2026-08-14
sz001237,惠康科技,54.09,-0.66,-1.205,54.08,54.09,54.75,55.3,55.4,53.62,1884105.0,102158834.0,15:45:00,2026-08-14
sz001238,浙江正特,25.0,0.28,1.133,24.97,25.0,24.72,24.68,25.5,24.45,564457.0,14134589.0,15:45:15,2026-08-14
sz001239,永达股份,11.91,0.07,0.591,11.91,11.92,11.84,11.86,11.99,11.78,1161500.0,13827662.0,15:45:30,2026-08-14
sz001248,华润新能,12.83,-0.25,-1.911,12.83,12.84,13.08,13.03,13.04,12.81,79396984.0,1022023130.0,15:44:45,2026-08-14
sz001255,博菲电气,25.18,0.24,0.962,25.18,25.24,24.94,24.93,25.56,24.69,1204143.0,30234235.0,15:45:00,2026-08-14
sz001256,炜冈科技,26.81,-0.47,-1.723,26.81,26.82,27.28,27.35,27.61,26.13,3955700.0,105409635.0,15:45:15,2026-08-14
sz001257,盛龙股份,25.03,0.18,0.724,25.03,25.04,24.85,24.65,25.17,24.62,9448104.0,235381251.0,15:45:30,2026-08-14
sz001258,立新能源,13.75,-1.52,-9.954,13.75,13.76,15.27,14.79,14.79,13.74,150038255.0,2112472012.0,15:44:45,2026-08-14
sz001259,利仁科技,46.95,0.14,0.299,46.94,47.08,46.81,46.68,47.5,46.19,840400.0,39412119.0,15:45:00,2026-08-14
sz001260,坤泰股份,23.13,2.1,9.986,23.13,0.0,21.03,23.13,23.13,23.13,1293900.0,29927907.0,15:45:15,2026-08-14
sz001266,宏英智能,34.98,0.17,0.488,34.98,34.99,34.81,34.8,35.11,34.45,1951800.0,67961594.0,15:45:30,2026-08-14
sz001267,汇绿生态,41.47,-0.12,-0.289,41.46,41.47,41.59,41.55,41.9,40.1,41451812.0,1700980813.0,15:44:45,2026-08-14
sz001268,联合精密,20.44,0.63,3.18,20.43,20.44,19.81,19.81,20.71,19.6,3476500.0,70460149.0,15:45:00,2026-08-14
sz001269,欧晶科技,19.45,-0.1,-0.512,19.45,19.46,19.55,19.56,19.72,19.25,1740580.0,33780192.0,15:45:15,2026-08-14
sz001270,铖昌科技,117.8,3.8,3.333,117.8,117.81,114.0,115.01,118.64,114.14,6693726.0,780290369.0,15:45:30,2026-08-14
sz001277,速达股份,29.18,0.03,0.103,29.18,29.3,29.15,29.19,29.43,28.79,817246.0,23752296.0,15:44:45,2026-08-14
sz001278,一彬科技,16.1,0.17,1.067,16.1,16.12,15.93,15.93,16.52,15.78,1982800.0,31930581.0,15:45:00,2026-08-14
sz001279,强邦新材,24.95,-0.1,-0.399,24.95,24.96,25.05,25.07,25.29,24.9,476920.0,11925216.0,15:45:15,2026-08-14
sz001280,中国铀业,64.07,0.78,1.232,64.06,64.07,63.29,63.03,64.12,63.01,4077647.0,259352808.0,15:45:30,2026-08-14
sz001282,三联锻造,16.24,0.04,0.247,16.23,16.24,16.2,16.25,16.42,16.05,2097074.0,33954223.0,15:44:45,2026-08-14
sz001283,豪鹏科技,42.46,-0.49,-1.141,42.46,42.48,42.95,43.08,43.66,42.25,2332650.0,99940924.0,15:45:00,2026-08-14
sz001285,瑞立科密,41.53,0.3,0.728,41.52,41.53,41.23,41.13,41.7,41.0,738110.0,30602539.0,15:45:15,2026-08-14
sz001286,陕西能源,10.54,-0.01,-0.095,10.54,10.55,10.55,10.55,10.62,10.41,15433566.0,162590964.0,15:45:30,2026-08-14
sz001287,中电港,23.38,0.43,1.874,23.38,23.39,22.95,23.26,23.42,22.96,16131857.0,374394421.0,15:44:45,2026-08-14
sz001288,运机集团,26.65,0.41,1.563,26.63,26.65,26.24,26.1,26.76,26.1,2891699.0,76550490.0,15:45:00,2026-08-14
sz001289,龙源电力,15.61,-0.31,-1.947,15.61,15.62,15.92,15.89,15.89,15.56,5800808.0,90746979.0,15:45:15,2026-08-14
sz001296,长江材料,19.63,0.38,1.974,19.63,19.64,19.25,19.3,19.65,19.24,2545993.0,49527445.0,15:45:30,2026-08-14
sz001298,好上好,17.8,0.14,0.793,17.79,17.8,17.66,17.69,17.9,17.6,5847675.0,103790120.0,15:44:45,2026-08-14
sz001299,美能能源,9.8,-0.07,-0.709,9.8,9.81,9.87,9.88,9.95,9.7,2080150.0,20329408.0,15:45:00,2026-08-14
sz001300,三柏硕,11.14,-0.06,-0.536,11.13,11.14,11.2,11.23,11.26,10.9,4748900.0,52507466.0,15:45:15,2026-08-14
sz001301,尚太科技,54.13,0.37,0.688,54.13,54.15,53.76,53.29,56.66,53.29,6666297.0,367687948.0,15:45:30,2026-08-14
sz001306,夏厦精密,54.74,0.43,0.792,54.73,54.74,54.31,54.3,54.86,53.84,479800.0,26071158.0,15:44:45,2026-08-14
sz001308,康冠科技,18.27,-0.1,-0.544,18.25,18.27,18.37,18.31,18.45,18.09,1569863.0,28654629.0,15:45:00,2026-08-14
sz001309,德明利,406.19,9.66,2.436,406.19,406.2,396.53,410.02,415.09,399.0,14069408.0,5714460674.0,15:45:15,2026-08-14
sz001311,多利科技,18.19,0.07,0.386,18.19,18.2,18.12,18.6,19.43,16.31,15453227.0,286179202.0,15:45:30,2026-08-14
sz001312,福恩股份,18.44,0.4,2.217,18.43,18.44,18.04,18.08,18.93,17.71,6326084.0,115569456.0,15:44:45,2026-08-14
sz001313,粤海饲料,7.87,-0.04,-0.506,7.87,7.88,7.91,7.97,8.09,7.74,19814369.0,155452948.0,15:45:00,2026-08-14
sz001314,亿道信息,56.35,0.35,0.625,56.32,56.35,56.0,56.61,56.81,55.08,2763100.0,154663736.0,15:45:15,2026-08-14
sz001316,润贝航科,26.6,-0.07,-0.262,26.6,26.61,26.67,26.45,27.19,26.45,2064414.0,55136930.0,15:45:30,2026-08-14
sz001317,三羊马,55.5,-1.71,-2.989,55.49,55.5,57.21,57.7,57.9,54.12,7333873.0,409711527.0,15:44:45,2026-08-14
sz001318,阳光乳业,11.23,-0.31,-2.686,11.21,11.23,11.54,11.56,11.56,11.08,5623400.0,63146495.0,15:45:00,2026-08-14
sz001319,铭科精技,19.51,0.07,0.36,19.51,19.52,19.44,19.39,19.56,19.1,1074600.0,20851805.0,15:45:15,2026-08-14
sz001322,箭牌家居,6.17,-0.05,-0.804,6.16,6.17,6.22,6.24,6.25,6.1,3970600.0,24455204.0,15:45:30,2026-08-14
sz001323,慕思股份,18.67,0.84,4.711,18.67,18.68,17.83,17.68,18.87,17.55,6588459.0,120611087.0,15:44:45,2026-08-14
sz001324,长青科技,19.46,0.06,0.309,19.44,19.46,19.4,19.41,19.52,19.26,1148500.0,22244168.0,15:45:00,2026-08-14
sz001325,元创股份,38.08,0.18,0.475,38.08,38.1,37.9,37.87,38.45,37.66,952460.0,36077984.0,15:45:15,2026-08-14
sz001326,联域股份,60.63,-0.39,-0.639,60.63,60.64,61.02,60.84,61.0,58.67,1420300.0,85154992.0,15:45:30,2026-08-14
sz001328,登康口腔,29.9,0.56,1.909,29.9,29.91,29.34,29.34,29.94,28.84,1932294.0,56797821.0,15:44:45,2026-08-14
sz001330,博纳影业,5.15,-0.11,-2.091,5.14,5.15,5.26,5.24,5.26,5.01,64722365.0,330011586.0,15:45:00,2026-08-14
sz001331,胜通能源,51.45,-3.7,-6.709,51.44,51.45,55.15,55.0,55.14,49.67,14156613.0,728627920.0,15:45:15,2026-08-14
sz001332,锡装股份,31.39,0.34,1.095,31.38,31.39,31.05,31.25,31.46,31.11,1098489.0,34347320.0,15:45:30,2026-08-14
sz001333,光华股份,19.16,-0.11,-0.571,19.16,19.2,19.27,19.27,19.35,19.08,721700.0,13855939.0,15:44:45,2026-08-14
sz001335,信凯科技,31.46,-0.34,-1.069,31.46,31.54,31.8,31.71,32.1,31.36,635400.0,20057064.0,15:45:00,2026-08-14
sz001336,楚环科技,18.14,0.21,1.171,18.09,18.14,17.93,17.97,18.2,17.7,1297180.0,23310001.0,15:45:15,2026-08-14
sz001337,四川黄金,46.36,0.8,1.756,46.36,46.37,45.56,44.79,46.49,43.94,17175820.0,777757280.0,15:45:30,2026-08-14
sz001338,永顺泰,8.51,-0.14,-1.618,8.51,8.52,8.65,8.62,8.66,8.51,3872000.0,33105448.0,15:44:45,2026-08-14
sz001339,智微智能,85.39,1.49,1.776,85.39,85.4,83.9,83.9,86.49,83.15,9017202.0,766469895.0,15:45:00,2026-08-14
sz001356,富岭股份,8.65,-0.04,-0.46,8.65,8.66,8.69,8.72,8.72,8.57,3379700.0,29203513.0,15:45:15,2026-08-14
sz001358,兴欣新材,25.58,0.18,0.709,25.58,25.59,25.4,25.41,25.98,25.01,2303000.0,58810088.0,15:45:30,2026-08-14
sz001359,平安电工,89.92,3.46,4.002,89.91,89.94,86.46,89.2,92.3,87.43,4185640.0,377067523.0,15:44:45,2026-08-14
sz001360,南矿集团,15.97,0.17,1.076,15.97,15.98,15.8,15.8,16.18,15.71,5897997.0,93966383.0,15:45:00,2026-08-14
sz001365,天海电子,37.74,-0.04,-0.106,37.73,37.74,37.78,37.81,38.01,37.07,4806004.0,180905390.0,15:45:15,2026-08-14
sz001366,播恩集团,12.06,0.07,0.584,12.05,12.06,11.99,11.97,12.06,11.8,2421891.0,28917879.0,15:45:30,2026-08-14
sz001367,海森药业,19.37,0.01,0.052,19.37,19.41,19.36,19.45,19.7,19.12,1440196.0,27980563.0,15:44:45,2026-08-14
sz001368,通达创智,21.94,0.12,0.55,21.94,21.99,21.82,22.03,22.07,21.6,1030800.0,22536429.0,15:45:00,2026-08-14
sz001369,双欣材料,12.67,-0.15,-1.17,12.67,12.68,12.82,12.8,12.93,12.56,7657057.0,97140182.0,15:45:15,2026-08-14
sz001373,翔腾新材,27.65,0.18,0.655,27.65,27.71,27.47,27.55,27.87,27.18,1109900.0,30575512.0,15:45:30,2026-08-14
sz001376,百通能源,11.29,-0.33,-2.84,11.29,11.3,11.62,11.6,11.61,11.16,16440011.0,185838271.0,15:44:45,2026-08-14
sz001378,德冠新材,21.31,-0.11,-0.514,21.3,21.31,21.42,21.39,21.69,21.05,6414963.0,136574605.0,15:45:00,2026-08-14
sz001379,腾达科技,16.03,-0.16,-0.988,16.03,16.08,16.19,16.2,16.21,15.84,2327900.0,37192231.0,15:45:15,2026-08-14
sz001380,华纬科技,16.61,0.25,1.528,16.6,16.61,16.36,16.47,16.64,16.34,1318857.0,21769369.0,15:45:30,2026-08-14
sz001382,新亚电缆,16.95,-0.09,-0.528,16.95,16.96,17.04,16.94,17.08,16.71,2057558.0,34689318.0,15:44:45,2026-08-14
sz001386,马可波罗,14.84,-0.29,-1.917,14.84,14.85,15.13,15.16,15.22,14.77,3660024.0,54620909.0,15:45:00,2026-08-14
sz001387,雪祺电气,12.05,-0.04,-0.331,12.05,12.08,12.09,12.05,12.18,11.94,2016436.0,24272650.0,15:45:15,2026-08-14
sz001388,信通电子,22.2,-0.86,-3.729,22.19,22.2,23.06,22.62,22.98,21.9,8340486.0,186144283.0,15:45:30,2026-08-14
sz001389,广合科技,169.46,4.73,2.871,169.46,169.5,164.73,167.0,170.2,163.84,5322116.0,890519106.0,15:44:45,2026-08-14
sz001390,古麒绒材,17.8,0.07,0.395,17.8,17.81,17.73,17.77,17.94,17.66,947756.0,16826927.0,15:45:00,2026-08-14
sz001391,国货航,4.19,-0.04,-0.946,4.19,4.2,4.23,4.23,4.24,4.18,15377075.0,64557993.0,15:45:15,2026-08-14
sz001393,维通利,44.52,-0.18,-0.403,44.51,44.52,44.7,44.45,44.87,43.7,2371534.0,104880730.0,15:45:30,2026-08-14
sz001395,亚联机械,29.55,0.18,0.613,29.55,29.56,29.37,29.4,29.77,29.08,1375131.0,40376106.0,15:44:45,2026-08-14
sz001396,誉帆科技,34.48,-0.55,-1.57,34.48,34.56,35.03,35.04,35.17,34.33,666531.0,23067636.0,15:45:00,2026-08-14
sz001399,惠科股份,23.69,-0.19,-0.796,23.68,23.69,23.88,23.73,24.15,23.3,33356331.0,790105529.0,15:45:15,2026-08-14
sz001400,江顺科技,76.2,0.5,0.661,76.2,76.22,75.7,76.23,76.57,75.23,1316002.0,99928823.0,15:45:30,2026-08-14
sz001696,宗申动力,16.11,-0.53,-3.185,16.11,16.12,16.64,16.76,16.83,16.01,65779727.0,1068804857.0,15:44:45,2026-08-14
sz001872,招商港口,21.36,-0.18,-0.836,21.36,21.38,21.54,21.6,21.6,21.34,1223310.0,26235758.0,15:45:00,2026-08-14
sz001896,豫能控股,13.07,-1.05,-7.436,13.07,13.08,14.12,13.86,13.86,12.87,131569501.0,1724102419.0,15:45:15,2026-08-14
sz001914,招商积余,8.71,0.02,0.23,8.71,8.74,8.69,8.7,8.77,8.65,4870060.0,42469454.0,15:45:30,2026-08-14
sz001965,招商公路,9.2,-0.04,-0.433,9.2,9.21,9.24,9.22,9.24,9.15,9102230.0,83719675.0,15:44:45,2026-08-14
sz001979,招商蛇口,7.6,-0.02,-0.262,7.6,7.61,7.62,7.56,7.64,7.43,56276368.0,424283138.0,15:45:00,2026-08-14
sz002001,新 和 成,28.06,-0.2,-0.708,28.06,28.08,28.26,28.2,28.34,27.78,31918889.0,895545677.0,15:45:15,2026-08-14
sz002003,伟星股份,9.86,-0.25,-2.473,9.86,9.87,10.11,10.08,10.11,9.86,13939753.0,138927211.0,15:45:30,2026-08-14
sz002004,华邦健康,4.58,0.04,0.881,4.57,4.58,4.54,4.54,4.63,4.5,31041614.0,141906260.0,15:44:45,2026-08-14
sz002005,德豪润达,2.49,-0.07,-2.734,2.49,2.5,2.56,2.56,2.57,2.44,37403400.0,92874274.0,15:45:00,2026-08-14
sz002006,精工科技,13.8,0.04,0.291,13.8,13.81,13.76,13.78,13.9,13.71,4925300.0,68010047.0,15:45:15,2026-08-14
sz002007,华兰生物,13.27,-0.14,-1.044,13.27,13.28,13.41,13.36,13.51,13.2,11477362.0,153015741.0,15:45:30,2026-08-14
sz002008,大族激光,99.0,4.25,4.485,99.0,99.01,94.75,95.07,99.49,93.7,42640384.0,4142552946.0,15:44:45,2026-08-14
sz002009,天奇股份,17.74,0.06,0.339,17.74,17.75,17.68,17.87,17.87,17.49,8294705.0,146751003.0,15:45:00,2026-08-14
sz002010,传化智联,4.7,-0.06,-1.261,4.7,4.71,4.76,4.77,4.79,4.7,15046401.0,70988611.0,15:45:15,2026-08-14
sz002011,盾安环境,10.08,-0.1,-0.982,10.08,10.09,10.18,10.21,10.23,10.08,7941100.0,80387957.0,15:45:30,2026-08-14
sz002012,凯恩股份,6.45,0.03,0.467,6.44,6.45,6.42,6.49,6.61,6.4,11822544.0,76748839.0,15:44:45,2026-08-14
sz002014,永新股份,10.76,0.18,1.701,10.76,10.77,10.58,10.59,10.76,10.51,3960556.0,42255292.0,15:45:00,2026-08-14
sz002015,协鑫能科,15.44,-1.0,-6.083,15.44,15.45,16.44,16.26,16.26,15.4,104741932.0,1633731003.0,15:45:15,2026-08-14
sz002016,世荣兆业,4.49,-0.05,-1.101,4.48,4.49,4.54,4.52,4.61,4.44,10925150.0,49017161.0,15:45:30,2026-08-14
sz002017,东信和平,13.68,-0.04,-0.292,13.68,13.69,13.72,13.72,13.96,13.56,8200077.0,112359707.0,15:44:45,2026-08-14
sz002019,亿帆医药,10.61,-0.06,-0.562,10.6,10.61,10.67,10.63,10.85,10.46,18978887.0,202707835.0,15:45:00,2026-08-14
sz002020,京新药业,14.05,-0.35,-2.431,14.05,14.06,14.4,14.35,14.52,13.79,25077188.0,353500626.0,15:45:15,2026-08-14
sz002021,中捷资源,2.7,0.02,0.746,2.69,2.7,2.68,2.7,2.71,2.64,24793125.0,66293214.0,15:45:30,2026-08-14
sz002022,科华生物,5.68,0.03,0.531,5.67,5.68,5.65,5.63,5.74,5.59,8247561.0,46755955.0,15:44:45,2026-08-14
sz002023,海特高新,10.6,-0.17,-1.578,10.6,10.61,10.77,10.66,10.79,10.39,40650573.0,429675700.0,15:45:00,2026-08-14
sz002024,ST易购,1.2,-0.02,-1.639,1.2,1.21,1.22,1.21,1.22,1.19,23103500.0,27805971.0,15:45:15,2026-08-14
sz002025,航天电器,64.22,-0.74,-1.139,64.22,64.23,64.96,65.01,67.48,63.56,12141648.0,787177664.0,15:45:30,2026-08-14
sz002026,山东威达,10.49,-0.07,-0.663,10.49,10.5,10.56,10.55,10.62,10.46,3194200.0,33572008.0,15:44:45,2026-08-14
sz002027,分众传媒,5.08,-0.14,-2.682,5.08,5.09,5.22,5.2,5.22,5.05,188709157.0,962917760.0,15:45:00,2026-08-14
sz002028,思源电气,166.5,-1.08,-0.644,166.31,166.5,167.58,166.44,168.24,164.3,7169261.0,1189350109.0,15:45:15,2026-08-14
sz002029,七 匹 狼,8.64,-0.17,-1.93,8.63,8.64,8.81,8.73,8.92,8.51,27211998.0,235546636.0,15:45:30,2026-08-14
sz002030,达安基因,5.77,0.11,1.943,5.76,5.77,5.66,5.66,5.82,5.58,30546487.0,174823409.0,15:44:45,2026-08-14
sz002031,巨轮智能,5.94,-0.33,-5.263,5.94,5.95,6.27,6.15,6.22,5.82,251948290.0,1501686635.0,15:45:00,2026-08-14
sz002032,苏 泊 尔,40.88,-0.37,-0.897,40.88,40.89,41.25,41.19,41.29,40.72,1250652.0,51273273.0,15:45:15,2026-08-14
sz002033,丽江股份,8.96,0.14,1.587,8.95,8.96,8.82,8.82,9.07,8.82,23485119.0,210542559.0,15:45:30,2026-08-14
sz002034,旺能环境,13.96,-0.1,-0.711,13.96,13.97,14.06,14.09,14.15,13.81,6195516.0,86326180.0,15:44:45,2026-08-14
sz002035,华帝股份,4.85,-0.11,-2.218,4.84,4.85,4.96,4.92,4.92,4.82,11869450.0,57627455.0,15:45:00,2026-08-14
sz002036,联创电子,7.0,-0.03,-0.427,7.0,7.01,7.03,7.08,7.11,6.91,27309293.0,191037037.0,15:45:15,2026-08-14
sz002037,保利联合,6.94,-0.03,-0.43,6.94,6.95,6.97,6.97,7.02,6.83,8310903.0,57409234.0,15:45:30,2026-08-14
sz002038,双鹭药业,6.04,-0.06,-0.984,6.03,6.04,6.1,6.1,6.16,5.93,32968396.0,198460931.0,15:44:45,2026-08-14
sz002039,黔源电力,19.1,-0.21,-1.088,19.09,19.1,19.31,19.29,19.29,19.0,6587097.0,125682852.0,15:45:00,2026-08-14
sz002040,南 京 港,8.11,0.06,0.745,8.11,8.12,8.05,8.05,8.24,8.02,7116250.0,58005328.0,15:45:15,2026-08-14
sz002041,登海种业,8.46,-0.2,-2.309,8.46,8.47,8.66,8.66,8.67,8.46,14635680.0,124771156.0,15:45:30,2026-08-14
sz002042,华孚时尚,3.88,0.01,0.258,3.88,3.89,3.87,3.88,3.9,3.8,25260235.0,97580686.0,15:44:45,2026-08-14
sz002043,兔 宝 宝,12.45,-0.13,-1.033,12.45,12.47,12.58,12.62,12.65,12.36,8063137.0,100471548.0,15:45:00,2026-08-14
sz002044,美年健康,5.03,-0.07,-1.373,5.03,5.04,5.1,5.1,5.13,4.92,138110502.0,693055458.0,15:45:15,2026-08-14
sz002045,国光电器,8.4,-0.11,-1.293,8.4,8.41,8.51,8.49,8.6,8.32,14995600.0,126162989.0,15:45:30,2026-08-14
sz002046,国机精工,47.3,0.76,1.633,47.3,47.33,46.54,46.46,48.1,45.61,9696179.0,455516611.0,15:44:45,2026-08-14
sz002047,宝鹰股份,3.78,-0.42,-10.0,0.0,3.78,4.2,3.91,3.98,3.78,90249500.0,343204578.0,15:45:00,2026-08-14
sz002048,宁波华翔,20.12,0.11,0.55,20.12,20.13,20.01,20.08,20.56,19.43,25098668.0,500838804.0,15:45:15,2026-08-14
sz002049,紫光国微,67.89,1.75,2.646,67.89,67.9,66.14,66.67,67.9,65.53,27283757.0,1822687942.0,15:45:30,2026-08-14
sz002050,三花智控,38.3,-0.23,-0.597,38.3,38.31,38.53,38.63,38.89,37.99,43466374.0,1663693451.0,15:44:45,2026-08-14
sz002051,中工国际,8.82,-0.12,-1.342,8.82,8.83,8.94,8.99,9.0,8.76,18930503.0,166939678.0,15:45:00,2026-08-14
sz002052,同洲电子,9.18,0.13,1.436,9.17,9.18,9.05,9.04,9.2,8.97,9784590.0,89272131.0,15:45:15,2026-08-14
sz002053,云南能投,9.25,-0.15,-1.596,9.25,9.26,9.4,9.4,9.4,9.19,5777408.0,53444284.0,15:45:30,2026-08-14
sz002054,德美化工,7.19,0.01,0.139,7.19,7.2,7.18,7.21,7.25,7.12,6219300.0,44592115.0,15:44:45,2026-08-14
sz002055,ST得润,5.59,0.03,0.54,5.58,5.59,5.56,5.56,5.62,5.5,6144300.0,34139987.0,15:45:00,2026-08-14
sz002056,横店东磁,22.65,0.62,2.814,22.65,22.66,22.03,22.1,22.74,22.1,27537219.0,618526914.0,15:45:15,2026-08-14
sz002057,中钢天源,8.73,0.13,1.512,8.72,8.73,8.6,8.63,8.77,8.6,13665347.0,118826785.0,15:45:30,2026-08-14
sz002058,威尔泰,16.64,-0.25,-1.48,16.64,16.65,16.89,16.88,16.94,16.54,2662000.0,44359421.0,15:44:45,2026-08-14
sz002059,云南旅游,4.48,-0.05,-1.104,4.48,4.49,4.53,4.54,4.55,4.44,6544000.0,29299825.0,15:45:00,2026-08-14
sz002060,广东建工,3.23,-0.04,-1.223,3.23,3.24,3.27,3.27,3.28,3.23,11926476.0,38660207.0,15:45:15,2026-08-14
sz002061,浙江交科,3.49,0.0,0.0,3.49,3.5,3.49,3.49,3.51,3.46,11106820.0,38700541.0,15:45:30,2026-08-14
sz002062,宏润建设,8.17,0.46,5.966,8.16,8.17,7.71,7.66,8.18,7.62,26943448.0,215749206.0,15:44:45,2026-08-14
sz002063,远光软件,5.47,-0.04,-0.726,5.47,5.48,5.51,5.52,5.55,5.43,22680682.0,124265272.0,15:45:00,2026-08-14
sz002064,华峰化学,11.13,-0.14,-1.242,11.13,11.15,11.27,11.38,11.42,11.1,25734078.0,288060786.0,15:45:15,2026-08-14
sz002065,东华软件,7.38,-0.18,-2.381,7.38,7.39,7.56,7.51,7.68,7.3,78290714.0,580801369.0,15:45:30,2026-08-14
sz002066,瑞泰科技,21.69,-0.24,-1.094,21.68,21.69,21.93,23.0,23.0,21.38,11574200.0,253304247.0,15:44:45,2026-08-14
sz002067,景兴纸业,4.35,-0.04,-0.911,4.35,4.36,4.39,4.38,4.39,4.3,31585030.0,137116982.0,15:45:00,2026-08-14
sz002068,黑猫股份,8.15,0.05,0.617,8.14,8.15,8.1,8.11,8.19,8.01,20154542.0,163398553.0,15:45:15,2026-08-14
sz002069,獐子岛,3.33,-0.04,-1.187,3.33,3.34,3.37,3.36,3.36,3.28,8634400.0,28600739.0,15:45:30,2026-08-14
sz002072,凯瑞德,7.44,-0.07,-0.932,7.43,7.44,7.51,7.51,7.57,7.31,5092100.0,37809802.0,15:44:45,2026-08-14
sz002073,软控股份,5.57,-0.04,-0.713,5.57,5.58,5.61,5.62,5.63,5.55,10508100.0,58661324.0,15:45:00,2026-08-14
sz002074,国轩高科,27.16,-0.08,-0.294,27.16,27.17,27.24,27.24,27.85,27.08,21282557.0,582149571.0,15:45:15,2026-08-14
sz002075,沙钢股份,3.68,-0.08,-2.128,3.68,3.69,3.76,3.74,3.76,3.65,34821781.0,128234727.0,15:45:30,2026-08-14
sz002076,星光股份,2.08,-0.02,-0.952,2.08,2.09,2.1,2.11,2.12,2.05,27494802.0,57121642.0,15:44:45,2026-08-14
sz002077,大港股份,12.7,0.18,1.438,12.69,12.7,12.52,12.75,12.77,12.46,19305493.0,243870157.0,15:45:00,2026-08-14
sz002078,太阳纸业,13.82,-0.12,-0.861,13.82,13.83,13.94,13.97,14.02,13.8,9192486.0,127733856.0,15:45:15,2026-08-14
sz002079,苏州固锝,9.67,0.14,1.469,9.66,9.67,9.53,9.59,9.68,9.47,22247220.0,213394242.0,15:45:30,2026-08-14
sz002080,中材科技,59.93,4.17,7.478,59.92,59.93,55.76,55.62,60.95,55.54,60652356.0,3590141282.0,15:44:45,2026-08-14
sz002081,金 螳 螂,5.29,0.48,9.979,5.29,0.0,4.81,5.29,5.29,4.65,521404680.0,2648471270.0,15:45:00,2026-08-14
sz002082,ST万邦,10.78,-0.17,-1.553,10.77,10.78,10.95,10.88,11.19,10.62,11840100.0,128132668.0,15:45:15,2026-08-14
sz002083,孚日股份,11.79,-0.02,-0.169,11.79,11.8,11.81,11.83,12.25,11.6,56695701.0,670965119.0,15:45:30,2026-08-14
sz002084,海鸥住工,3.59,0.21,6.213,3.58,3.59,3.38,3.39,3.65,3.26,49907166.0,173680489.0,15:44:45,2026-08-14
sz002085,万丰奥威,10.54,-0.11,-1.033,10.54,10.55,10.65,10.61,10.69,10.48,18881506.0,199149308.0,15:45:00,2026-08-14
sz002086,东方海洋,2.12,0.04,1.923,2.11,2.12,2.08,2.1,2.29,2.04,199424730.0,425592399.0,15:45:15,2026-08-14
sz002088,鲁阳节能,7.9,0.39,5.193,7.89,7.9,7.51,7.5,8.0,7.45,7675599.0,59648901.0,15:45:30,2026-08-14
sz002090,金智科技,9.22,-0.2,-2.123,9.22,9.23,9.42,9.41,9.46,9.07,9572085.0,88181596.0,15:44:45,2026-08-14
sz002091,江苏国泰,7.71,0.13,1.715,7.71,7.72,7.58,7.58,7.91,7.53,22266701.0,172512382.0,15:45:00,2026-08-14
sz002092,中泰化学,4.51,0.05,1.121,4.51,4.52,4.46,4.47,4.53,4.42,35784600.0,160814614.0,15:45:15,2026-08-14
sz002093,国脉科技,6.93,-0.07,-1.0,6.93,6.94,7.0,7.04,7.06,6.84,11590765.0,80279839.0,15:45:30,2026-08-14
sz002094,青岛金王,4.69,-0.06,-1.263,4.68,4.69,4.75,4.72,4.76,4.62,13305640.0,62235810.0,15:44:45,2026-08-14
sz002095,生 意 宝,14.32,0.01,0.07,14.31,14.32,14.31,14.26,14.49,14.15,2177700.0,31132653.0,15:45:00,2026-08-14
sz002096,易普力,9.25,-0.13,-1.386,9.24,9.25,9.38,9.35,9.41,9.24,5008200.0,46484944.0,15:45:15,2026-08-14
sz002097,山河智能,7.32,0.04,0.549,7.32,7.33,7.28,7.25,7.48,7.21,22058700.0,162032444.0,15:45:30,2026-08-14
sz002098,浔兴股份,7.09,0.07,0.997,7.09,7.1,7.02,7.02,7.2,6.93,7310400.0,51986103.0,15:44:45,2026-08-14
sz002099,海翔药业,5.4,-0.11,-1.996,5.4,5.41,5.51,5.5,5.53,5.37,13743567.0,74675588.0,15:45:00,2026-08-14
sz002100,天康生物,7.01,-0.13,-1.821,7.01,7.02,7.14,7.12,7.13,6.98,14990789.0,105331606.0,15:45:15,2026-08-14
sz002101,广东鸿图,8.63,-0.07,-0.805,8.63,8.64,8.7,8.74,8.74,8.6,3115700.0,26958791.0,15:45:30,2026-08-14
sz002102,ST能特,2.23,-0.01,-0.446,2.23,2.24,2.24,2.24,2.26,2.21,12198600.0,27266784.0,15:44:45,2026-08-14
sz002103,广博股份,6.71,-0.02,-0.297,6.71,6.72,6.73,6.7,6.8,6.66,6892600.0,46154733.0,15:45:00,2026-08-14
sz002104,恒宝股份,10.3,-0.11,-1.057,10.29,10.3,10.41,10.47,10.86,10.2,37006229.0,386246238.0,15:45:15,2026-08-14
sz002105,信隆健康,5.8,0.09,1.576,5.79,5.8,5.71,5.69,5.8,5.63,8789600.0,50228542.0,15:45:30,2026-08-14
sz002106,莱宝高科,10.45,0.1,0.966,10.44,10.45,10.35,10.34,10.46,10.26,13008994.0,134893825.0,15:44:45,2026-08-14
sz002107,沃华医药,6.41,-0.01,-0.156,6.4,6.41,6.42,6.43,6.53,6.31,11763080.0,75422935.0,15:45:00,2026-08-14
sz002108,沧州明珠,4.35,-0.02,-0.458,4.35,4.36,4.37,4.37,4.43,4.33,18960149.0,82680828.0,15:45:15,2026-08-14
sz002109,ST兴化,2.62,0.0,0.0,2.61,2.62,2.62,2.62,2.65,2.6,3103400.0,8133333.0,15:45:30,2026-08-14
sz002110,三钢闽光,2.97,-0.04,-1.329,2.97,2.98,3.01,3.0,3.02,2.95,19124224.0,56947241.0,15:44:45,2026-08-14
sz002111,威海广泰,9.62,0.18,1.907,9.62,9.63,9.44,9.44,9.67,9.39,9106320.0,87137589.0,15:45:00,2026-08-14
sz002112,三变科技,16.7,-1.29,-7.171,16.7,16.71,17.99,17.71,17.81,16.29,43937247.0,739746229.0,15:45:15,2026-08-14
sz002114,罗平锌电,7.26,0.01,0.138,7.25,7.26,7.25,7.25,7.31,7.13,6706610.0,48415996.0,15:45:30,2026-08-14
sz002115,三维通信,12.16,0.37,3.138,12.16,12.17,11.79,11.89,12.87,11.85,104693062.0,1274556013.0,15:44:45,2026-08-14
sz002116,中国海诚,7.11,-0.03,-0.42,7.11,7.12,7.14,7.14,7.18,7.06,3224420.0,22927209.0,15:45:00,2026-08-14
sz002117,东港股份,8.11,-0.04,-0.491,8.11,8.12,8.15,8.15,8.22,8.0,7068731.0,57209996.0,15:45:15,2026-08-14
sz002119,康强电子,24.21,0.69,2.934,24.21,24.22,23.52,23.99,24.22,23.54,28299935.0,677886024.0,15:45:30,2026-08-14
sz002120,韵达股份,6.7,0.01,0.149,6.69,6.7,6.69,6.71,6.76,6.64,24100611.0,161633093.0,15:44:45,2026-08-14
sz002121,科陆电子,5.01,-0.13,-2.529,5.0,5.01,5.14,5.15,5.16,4.97,23589530.0,118648350.0,15:45:00,2026-08-14
sz002122,ST汇洲,2.58,-0.02,-0.769,2.57,2.58,2.6,2.59,2.61,2.55,16733100.0,43037400.0,15:45:15,2026-08-14
sz002123,梦网科技,8.62,0.0,0.0,8.62,8.63,8.62,8.64,8.72,8.39,20407809.0,174035680.0,15:45:30,2026-08-14
sz002124,天邦食品,2.25,-0.04,-1.747,2.24,2.25,2.29,2.31,2.32,2.22,66037060.0,148456633.0,15:44:45,2026-08-14
sz002125,湘潭电化,12.64,0.0,0.0,12.64,12.65,12.64,12.64,12.79,12.52,12563102.0,158779698.0,15:45:00,2026-08-14
sz002126,银轮股份,41.98,0.52,1.254,41.98,41.99,41.46,41.62,43.03,41.4,15212592.0,642949863.0,15:45:15,2026-08-14
sz002127,南极电商,2.99,-0.1,-3.236,2.99,3.0,3.09,3.09,3.11,2.96,49779349.0,149842077.0,15:45:30,2026-08-14
sz002128,电投能源,26.89,0.41,1.548,26.88,26.89,26.48,26.35,26.96,26.26,7504922.0,201060730.0,15:44:45,2026-08-14
sz002129,TCL中环,9.34,0.02,0.215,9.34,9.35,9.32,9.37,9.49,9.22,78592519.0,732877750.0,15:45:00,2026-08-14
sz002130,沃尔核材,16.95,-0.09,-0.528,16.95,16.96,17.04,17.03,17.15,16.81,18187739.0,308082994.0,15:45:15,2026-08-14
sz002131,利欧股份,5.33,-0.23,-4.137,5.32,5.33,5.56,5.4,5.67,5.2,1050110293.0,5638783858.0,15:45:30,2026-08-14
sz002132,恒星科技,4.4,0.13,3.044,4.4,4.41,4.27,4.27,4.4,4.22,53253752.0,230648227.0,15:44:45,2026-08-14
sz002133,广宇集团,2.68,0.0,0.0,2.67,2.68,2.68,2.67,2.7,2.64,11339000.0,30244515.0,15:45:00,2026-08-14
sz002134,天津普林,22.32,-0.03,-0.134,22.31,22.32,22.35,22.41,22.8,21.9,6159400.0,137033795.0,15:45:15,2026-08-14
sz002135,东南网架,6.14,0.03,0.491,6.13,6.14,6.11,6.14,6.17,6.0,9010300.0,54884834.0,15:45:30,2026-08-14
sz002136,安 纳 达,11.94,-0.13,-1.077,11.93,11.94,12.07,12.09,12.19,11.83,4979524.0,59694650.0,15:44:45,2026-08-14
sz002137,实益达,7.96,0.04,0.505,7.95,7.96,7.92,7.95,8.0,7.79,18739600.0,147802121.0,15:45:00,2026-08-14
sz002138,顺络电子,52.21,3.31,6.769,52.21,52.22,48.9,49.59,52.39,48.74,40974499.0,2093363582.0,15:45:15,2026-08-14
sz002139,拓邦股份,9.82,-0.05,-0.507,9.82,9.83,9.87,9.87,9.94,9.77,11444100.0,112599046.0,15:45:30,2026-08-14
sz002140,东华科技,8.96,0.01,0.112,8.96,8.97,8.95,8.95,9.0,8.85,4912100.0,43866037.0,15:44:45,2026-08-14
sz002141,贤丰控股,6.48,-0.17,-2.556,6.48,6.49,6.65,6.74,7.05,6.36,170242927.0,1124629441.0,15:45:00,2026-08-14
sz002142,宁波银行,32.2,-0.09,-0.279,32.2,32.21,32.29,32.2,32.53,32.01,18054696.0,583226615.0,15:45:15,2026-08-14
sz002144,宏达高科,10.82,0.05,0.464,10.82,10.83,10.77,10.77,10.88,10.71,2735455.0,29515213.0,15:45:30,2026-08-14
sz002145,钛能化学,4.41,-0.04,-0.899,4.41,4.42,4.45,4.46,4.48,4.39,31746059.0,140426632.0,15:44:45,2026-08-14
sz002146,荣盛发展,1.18,-0.03,-2.479,1.17,1.18,1.21,1.22,1.23,1.16,162651252.0,192041165.0,15:45:00,2026-08-14
sz002148,北纬科技,6.62,0.04,0.608,6.61,6.62,6.58,6.58,6.66,6.48,17616948.0,115697733.0,15:45:15,2026-08-14
sz002149,西部材料,43.61,0.79,1.845,43.61,43.62,42.82,43.84,44.5,41.6,78360639.0,3383874329.0,15:45:30,2026-08-14
sz002150,正泰电源,22.01,-0.24,-1.079,22.01,22.02,22.25,22.25,22.39,21.88,5735777.0,126713324.0,15:44:45,2026-08-14
sz002151,北斗星通,29.18,0.0,0.0,29.18,29.19,29.18,29.2,29.39,28.87,8590291.0,250610706.0,15:45:00,2026-08-14
sz002152,广电运通,9.98,-0.11,-1.09,9.98,9.99,10.09,10.1,10.19,9.89,22589626.0,225896779.0,15:45:15,2026-08-14
sz002153,石基信息,8.79,0.41,4.893,8.79,8.8,8.38,8.35,9.22,8.33,103601141.0,920685242.0,15:45:30,2026-08-14
sz002154,报 喜 鸟,4.21,-0.01,-0.237,4.21,4.22,4.22,4.21,4.26,4.18,23652618.0,99608149.0,15:44:45,2026-08-14
sz002155,湖南黄金,24.65,-0.08,-0.323,24.64,24.65,24.73,24.48,24.81,24.15,34668285.0,850552528.0,15:45:00,2026-08-14
sz002156,通富微电,62.96,0.74,1.189,62.96,62.97,62.22,63.02,63.43,61.21,70711933.0,4412529668.0,15:45:15,2026-08-14
sz002157,正邦科技,2.95,-0.07,-2.318,2.95,2.96,3.02,3.01,3.01,2.95,107886311.0,320047053.0,15:45:30,2026-08-14
sz002158,汉钟精机,28.15,0.31,1.114,28.14,28.15,27.84,27.93,28.47,27.83,6246742.0,175934060.0,15:44:45,2026-08-14
sz002159,三特索道,13.56,0.02,0.148,13.56,13.57,13.54,13.55,13.66,13.38,2407500.0,32570548.0,15:45:00,2026-08-14
sz002160,常铝股份,3.89,-0.01,-0.256,3.89,3.9,3.9,3.9,3.93,3.85,12738884.0,49502287.0,15:45:15,2026-08-14
sz002161,远 望 谷,5.87,-0.04,-0.677,5.87,5.88,5.91,5.9,6.02,5.83,10810860.0,63906461.0,15:45:30,2026-08-14
sz002162,悦心健康,4.1,0.01,0.244,4.09,4.1,4.09,4.11,4.28,4.06,25403064.0,105314260.0,15:44:45,2026-08-14
sz002163,海南发展,8.24,-0.12,-1.435,8.24,8.25,8.36,8.37,8.4,8.17,19031802.0,157075073.0,15:45:00,2026-08-14
sz002164,宁波东力,12.28,-0.31,-2.462,12.27,12.28,12.59,12.56,12.61,12.11,17820155.0,218946082.0,15:45:15,2026-08-14
sz002165,红 宝 丽,6.48,-0.18,-2.703,6.48,6.49,6.66,6.66,6.69,6.41,46316183.0,300971667.0,15:45:30,2026-08-14
sz002166,莱茵生物,6.84,0.03,0.441,6.83,6.84,6.81,6.77,6.9,6.69,10037910.0,68459346.0,15:44:45,2026-08-14
sz002167,东方锆业,17.45,0.45,2.647,17.45,17.46,17.0,17.1,17.5,16.9,64703040.0,1116715635.0,15:45:00,2026-08-14
sz002168,ST惠程,3.91,-0.02,-0.509,3.91,3.92,3.93,3.94,3.98,3.89,6379645.0,25073181.0,15:45:15,2026-08-14
sz002169,智光电气,13.23,0.36,2.797,13.22,13.23,12.87,12.88,13.35,12.73,23723201.0,309577743.0,15:45:30,2026-08-14
sz002170,芭田股份,11.13,-0.01,-0.09,11.13,11.14,11.14,11.19,11.25,11.07,11513700.0,128308380.0,15:44:45,2026-08-14
sz002171,楚江新材,9.83,0.27,2.824,9.82,9.83,9.56,9.55,9.85,9.54,42286319.0,412008832.0,15:45:00,2026-08-14
sz002172,澳洋健康,4.54,0.41,9.927,4.54,0.0,4.13,4.54,4.54,4.54,19100532.0,86716415.0,15:45:15,2026-08-14
sz002173,创新医疗,21.29,-0.79,-3.578,21.29,21.3,22.08,22.23,22.25,20.83,58664543.0,1248530423.0,15:45:30,2026-08-14
sz002174,游族网络,13.16,-0.22,-1.644,13.16,13.17,13.38,13.21,13.27,12.44,100932105.0,1299198576.0,15:44:45,2026-08-14
sz002175,*ST东智,2.55,0.04,1.594,2.54,2.55,2.51,2.51,2.58,2.5,14899303.0,37859602.0,15:45:00,2026-08-14
sz002176,江特电机,9.4,-0.07,-0.739,9.39,9.4,9.47,9.57,9.73,9.26,71116391.0,672626961.0,15:45:15,2026-08-14
sz002177,御银股份,5.64,-0.05,-0.879,5.63,5.64,5.69,5.69,5.79,5.55,21817456.0,123161415.0,15:45:30,2026-08-14
sz002178,延华智能,4.68,-0.14,-2.905,4.68,4.69,4.82,4.8,4.82,4.61,26808532.0,125567593.0,15:44:45,2026-08-14
sz002179,中航光电,36.08,0.61,1.72,36.07,36.08,35.47,35.85,37.24,35.6,27652922.0,1009069338.0,15:45:00,2026-08-14
sz002180,奔图科技,18.01,0.31,1.751,18.01,18.02,17.7,17.6,18.27,17.35,21328838.0,380829398.0,15:45:15,2026-08-14
sz002181,粤 传 媒,9.02,-0.18,-1.957,9.02,9.03,9.2,9.27,9.32,8.85,42009006.0,378657396.0,15:45:30,2026-08-14
sz002182,宝武镁业,12.33,0.16,1.315,12.33,12.34,12.17,12.13,12.46,12.05,15271915.0,187485838.0,15:44:45,2026-08-14
sz002183,怡 亚 通,4.53,-0.06,-1.307,4.53,4.54,4.59,4.58,4.61,4.49,39512146.0,179093528.0,15:45:00,2026-08-14
sz002184,海得控制,10.03,-0.01,-0.1,10.02,10.03,10.04,10.04,10.12,9.92,4407223.0,44038195.0,15:45:15,2026-08-14
sz002185,华天科技,17.98,0.1,0.559,17.98,17.99,17.88,18.13,18.39,17.6,245151924.0,4394885609.0,15:45:30,2026-08-14
sz002186,全 聚 德,9.43,0.04,0.426,9.43,9.44,9.39,9.4,9.5,9.24,4519500.0,42309831.0,15:44:45,2026-08-14
sz002187,广百股份,5.31,-0.1,-1.848,5.3,5.31,5.41,5.4,5.4,5.25,9441300.0,50047233.0,15:45:00,2026-08-14
sz002188,中天服务,5.35,0.0,0.0,5.34,5.35,5.35,5.35,5.38,5.26,5997700.0,31862634.0,15:45:15,2026-08-14
sz002189,中光学,19.22,0.17,0.892,19.22,19.23,19.05,19.0,19.29,18.97,2501200.0,47852130.0,15:45:30,2026-08-14
sz002190,成飞集成,25.21,1.59,6.732,25.21,25.22,23.62,23.49,25.98,23.39,26397654.0,671119766.0,15:44:45,2026-08-14
sz002191,劲嘉股份,3.77,0.01,0.266,3.76,3.77,3.76,3.76,3.78,3.74,8666400.0,32540234.0,15:45:00,2026-08-14
sz002192,融捷股份,73.35,2.4,3.383,73.35,73.36,70.95,72.19,75.19,71.7,17497752.0,1281504203.0,15:45:15,2026-08-14
sz002193,ST如意,4.68,-0.11,-2.296,4.68,4.69,4.79,4.77,4.91,4.6,5282500.0,25102433.0,15:45:30,2026-08-14
sz002194,武汉凡谷,10.45,-0.13,-1.229,10.45,10.46,10.58,10.77,10.98,10.39,53946394.0,575239336.0,15:44:45,2026-08-14
sz002195,岩山科技,6.77,-0.14,-2.026,6.77,6.78,6.91,6.86,6.96,6.67,165403307.0,1119860446.0,15:45:00,2026-08-14
sz002196,方正电机,11.15,0.01,0.09,11.14,11.15,11.14,11.15,11.2,10.98,16218987.0,179817671.0,15:45:15,2026-08-14
sz002197,证通电子,7.19,-0.02,-0.277,7.18,7.19,7.21,7.18,7.49,7.02,37672827.0,269686504.0,15:45:30,2026-08-14
sz002198,ST嘉应,3.44,0.01,0.292,3.44,3.45,3.43,3.41,3.44,3.34,5382000.0,18280002.0,15:44:45,2026-08-14
sz002199,东晶电子,12.7,-0.13,-1.013,12.69,12.7,12.83,12.87,13.09,12.51,7225086.0,91654118.0,15:45:00,2026-08-14
sz002200,交投生态,6.72,-0.12,-1.754,6.72,6.75,6.84,6.9,6.96,6.65,4248301.0,28759332.0,15:45:15,2026-08-14
sz002201,九鼎新材,8.45,0.16,1.93,8.44,8.45,8.29,8.38,8.49,8.27,14161440.0,119113448.0,15:45:30,2026-08-14
sz002202,金风科技,20.93,0.0,0.0,20.93,20.94,20.93,20.94,21.15,20.48,92012128.0,1911065706.0,15:44:45,2026-08-14
sz002203,海亮股份,19.08,-0.23,-1.191,19.08,19.09,19.31,19.26,19.39,18.92,14924025.0,284890958.0,15:45:00,2026-08-14
sz002204,大连重工,5.34,-0.01,-0.187,5.34,5.35,5.35,5.35,5.38,5.31,12324700.0,65819550.0,15:45:15,2026-08-14
sz002205,国统股份,10.53,-0.09,-0.847,10.53,10.55,10.62,10.6,10.72,10.43,1748360.0,18451964.0,15:45:30,2026-08-14
sz002206,海 利 得,5.24,-0.01,-0.19,5.24,5.25,5.25,5.25,5.29,5.21,6217200.0,32565436.0,15:44:45,2026-08-14
sz002207,*ST准油,5.99,0.05,0.842,5.98,5.99,5.94,5.93,6.04,5.83,6811600.0,40426521.0,15:45:00,2026-08-14
sz002208,合肥城建,11.28,-0.03,-0.265,11.27,11.28,11.31,11.31,11.38,11.02,32729770.0,365679907.0,15:45:15,2026-08-14
sz002209,达 意 隆,11.51,0.25,2.22,11.5,11.51,11.26,11.29,11.65,11.22,4627200.0,52997677.0,15:45:30,2026-08-14
sz002210,飞马国际,2.26,-0.03,-1.31,2.26,2.27,2.29,2.29,2.3,2.22,57523310.0,129317895.0,15:44:45,2026-08-14
sz002211,ST宏达,3.81,0.05,1.33,3.81,3.82,3.76,3.78,3.84,3.76,5676250.0,21516707.0,15:45:00,2026-08-14
sz002212,天融信,6.64,0.0,0.0,6.64,6.65,6.64,6.65,6.78,6.45,64337169.0,424217543.0,15:45:15,2026-08-14
sz002213,大为股份,30.07,0.57,1.932,30.07,30.08,29.5,30.12,30.3,29.28,9615707.0,287152098.0,15:45:30,2026-08-14
sz002214,大立科技,14.27,-0.14,-0.972,14.26,14.27,14.41,14.23,14.65,14.01,7487768.0,107097768.0,15:44:45,2026-08-14
sz002215,诺 普 信,8.86,-0.09,-1.006,8.86,8.88,8.95,8.95,8.95,8.82,8058500.0,71483860.0,15:45:00,2026-08-14
sz002216,三全食品,13.04,0.32,2.516,13.04,13.05,12.72,13.46,13.93,12.99,22266022.0,297683812.0,15:45:15,2026-08-14
sz002217,ST合力泰,1.52,-0.02,-1.299,1.52,1.53,1.54,1.55,1.56,1.51,96318100.0,147063396.0,15:45:30,2026-08-14
sz002218,拓日新能,4.06,-0.07,-1.695,4.06,4.07,4.13,4.13,4.15,3.97,51047653.0,206065125.0,15:44:45,2026-08-14
sz002219,新里程,2.53,0.03,1.2,2.52,2.53,2.5,2.5,2.62,2.39,458731409.0,1143515209.0,15:45:00,2026-08-14
sz002221,东华能源,5.42,-0.07,-1.275,5.42,5.43,5.49,5.45,5.48,5.37,18216049.0,98735625.0,15:45:15,2026-08-14
sz002222,福晶科技,64.96,1.27,1.994,64.95,64.96,63.69,64.38,65.54,63.5,20902405.0,1350883927.0,15:45:30,2026-08-14
sz002223,鱼跃医疗,26.43,-0.45,-1.674,26.43,26.44,26.88,26.86,27.17,26.31,11450707.0,304951130.0,15:44:45,2026-08-14
sz002224,三 力 士,3.55,-0.04,-1.114,3.55,3.56,3.59,3.58,3.61,3.54,7364300.0,26229061.0,15:45:00,2026-08-14
sz002225,濮耐股份,3.81,0.0,0.0,3.81,3.82,3.81,3.84,3.85,3.75,30061600.0,114159820.0,15:45:15,2026-08-14
sz002226,江南化工,5.09,-0.15,-2.863,5.09,5.1,5.24,5.23,5.25,5.09,21399560.0,110009713.0,15:45:30,2026-08-14
sz002227,*ST特迅,6.58,0.15,2.333,6.58,6.59,6.43,6.4,6.6,6.4,2746480.0,17890988.0,15:44:45,2026-08-14
sz002228,合兴包装,3.07,-0.04,-1.286,3.07,3.08,3.11,3.11,3.13,3.06,15391200.0,47430363.0,15:45:00,2026-08-14
sz002229,鸿博股份,12.56,-1.09,-7.985,12.56,12.57,13.65,12.99,13.19,12.29,156127509.0,1971491459.0,15:45:15,2026-08-14
sz002230,科大讯飞,41.78,-0.18,-0.429,41.77,41.78,41.96,41.87,42.74,41.16,37047420.0,1545704306.0,15:45:30,2026-08-14
sz002232,启明信息,14.54,-0.09,-0.615,14.54,14.55,14.63,14.57,14.8,14.4,3200217.0,46603064.0,15:44:45,2026-08-14
sz002233,塔牌集团,7.17,0.08,1.128,7.17,7.18,7.09,7.14,7.22,7.05,15655161.0,111766872.0,15:45:00,2026-08-14
sz002234,民和股份,7.63,-0.11,-1.421,7.62,7.63,7.74,7.75,7.8,7.54,5169600.0,39338987.0,15:45:15,2026-08-14
sz002235,安妮股份,10.43,0.58,5.888,10.43,10.44,9.85,10.24,10.58,10.12,67195146.0,697886839.0,15:45:30,2026-08-14
sz002236,大华股份,16.47,0.01,0.061,16.46,16.47,16.46,16.42,16.64,16.27,37459168.0,614478133.0,15:44:45,2026-08-14
sz002237,恒邦股份,13.74,0.01,0.073,13.73,13.74,13.73,13.61,13.84,13.52,14597332.0,200076139.0,15:45:00,2026-08-14
sz002238,天威视讯,6.11,-0.04,-0.65,6.11,6.12,6.15,6.15,6.29,6.03,8342232.0,51055469.0,15:45:15,2026-08-14
sz002239,奥特佳,2.48,-0.03,-1.195,2.48,2.49,2.51,2.51,2.52,2.47,47213200.0,117515703.0,15:45:30,2026-08-14
sz002240,盛新锂能,33.89,0.92,2.79,33.88,33.89,32.97,33.56,34.71,33.01,43893256.0,1478039172.0,15:44:45,2026-08-14
sz002241,歌尔股份,21.88,-0.24,-1.085,21.87,21.88,22.12,22.17,22.34,21.68,58745481.0,1287802831.0,15:45:00,2026-08-14
sz002242,九阳股份,9.08,-0.05,-0.548,9.08,9.09,9.13,9.13,9.36,9.04,10838837.0,99319871.0,15:45:15,2026-08-14
sz002243,力合科创,7.51,0.05,0.67,7.51,7.52,7.46,7.43,7.59,7.4,11896370.0,89092210.0,15:45:30,2026-08-14
sz002244,滨江集团,9.16,-0.1,-1.08,9.16,9.17,9.26,9.26,9.39,9.05,37049098.0,339440669.0,15:44:45,2026-08-14
sz002245,蔚蓝锂芯,18.86,0.35,1.891,18.85,18.86,18.51,18.4,18.98,18.36,65490852.0,1227881380.0,15:45:00,2026-08-14
sz002246,北化股份,21.07,-0.42,-1.954,21.07,21.08,21.49,21.41,21.62,20.85,13662074.0,288304423.0,15:45:15,2026-08-14
sz002247,聚力文化,2.35,0.02,0.858,2.34,2.35,2.33,2.33,2.35,2.29,18073300.0,41950240.0,15:45:30,2026-08-14
sz002248,华东数控,11.78,0.04,0.341,11.78,11.79,11.74,11.66,12.46,10.69,86155118.0,995610485.0,15:44:45,2026-08-14
sz002249,大洋电机,7.3,-0.05,-0.68,7.3,7.31,7.35,7.35,7.37,7.24,24370965.0,177709352.0,15:45:00,2026-08-14
sz002250,联化科技,16.48,0.11,0.672,16.47,16.48,16.37,16.41,16.67,16.01,13266664.0,217302111.0,15:45:15,2026-08-14
sz002251,步步高,3.73,-0.15,-3.866,3.73,3.74,3.88,3.85,3.86,3.7,116618839.0,437368094.0,15:45:30,2026-08-14
sz002252,上海莱士,4.96,-0.06,-1.195,4.95,4.96,5.02,4.99,5.04,4.94,45240101.0,225313994.0,15:44:45,2026-08-14
sz002253,川大智胜,9.85,-0.1,-1.005,9.84,9.85,9.95,9.93,10.04,9.74,3511550.0,34560306.0,15:45:00,2026-08-14
sz002254,泰和新材,12.75,0.29,2.327,12.75,12.76,12.46,12.5,12.89,12.45,22907560.0,290538539.0,15:45:15,2026-08-14
sz002255,海陆重工,8.43,0.03,0.357,8.42,8.43,8.4,8.4,8.49,8.34,7872200.0,66146719.0,15:45:30,2026-08-14
sz002256,兆新股份,3.6,-0.12,-3.226,3.59,3.6,3.72,3.73,3.76,3.57,84072800.0,303909134.0,15:44:45,2026-08-14
sz002258,利尔化学,13.58,-0.13,-0.948,13.58,13.59,13.71,13.7,13.77,13.45,15274073.0,207431782.0,15:45:00,2026-08-14
sz002259,升达林业,3.92,-0.05,-1.259,3.92,3.93,3.97,3.99,3.99,3.89,9108200.0,35737689.0,15:45:15,2026-08-14
sz002261,拓维信息,26.44,0.29,1.109,26.44,26.45,26.15,26.2,26.55,25.73,55100953.0,1439438247.0,15:45:30,2026-08-14
sz002262,恩华药业,21.96,-0.18,-0.813,21.96,21.97,22.14,22.03,22.44,21.75,8464317.0,186647362.0,15:44:45,2026-08-14
sz002263,大东南,3.05,0.01,0.329,3.05,3.06,3.04,3.03,3.09,3.0,43217744.0,131493360.0,15:45:00,2026-08-14
sz002264,新 华 都,6.59,-0.05,-0.753,6.58,6.59,6.64,6.68,6.7,6.46,14529000.0,95163012.0,15:45:15,2026-08-14
sz002265,建设工业,20.35,-0.25,-1.214,20.34,20.35,20.6,20.59,20.73,20.02,20928172.0,425457394.0,15:45:30,2026-08-14
sz002266,浙富控股,4.92,0.01,0.204,4.92,4.93,4.91,4.91,4.95,4.85,47103430.0,230824297.0,15:44:45,2026-08-14
sz002267,陕天然气,6.98,0.02,0.287,6.98,6.99,6.96,6.96,7.02,6.91,4834162.0,33698941.0,15:45:00,2026-08-14
sz002268,电科网安,14.17,0.0,0.0,14.17,14.18,14.17,14.14,14.34,13.92,9853459.0,138966201.0,15:45:15,2026-08-14
sz002269,美邦服饰,1.46,-0.03,-2.013,1.45,1.46,1.49,1.49,1.49,1.43,50788050.0,73687463.0,15:45:30,2026-08-14
sz002270,华明装备,20.11,-0.21,-1.033,20.11,20.12,20.32,20.21,20.6,19.97,11073659.0,223457840.0,15:44:45,2026-08-14
sz002271,东方雨虹,11.29,-0.24,-2.082,11.29,11.3,11.53,11.5,11.58,11.13,47113128.0,531173211.0,15:45:00,2026-08-14
sz002272,川润股份,15.12,0.12,0.8,15.12,15.13,15.0,15.17,15.31,14.8,22870424.0,343784862.0,15:45:15,2026-08-14
sz002273,水晶光电,27.62,0.66,2.448,27.62,27.63,26.96,27.08,27.99,27.08,36862356.0,1017320256.0,15:45:30,2026-08-14
sz002274,华昌化工,5.73,0.09,1.596,5.72,5.73,5.64,5.65,5.73,5.62,11207483.0,63761225.0,15:44:45,2026-08-14
sz002275,桂林三金,13.33,-0.13,-0.966,13.3,13.33,13.46,13.46,13.51,13.13,2322150.0,30929031.0,15:45:00,2026-08-14
sz002276,万马股份,10.29,-0.12,-1.153,10.29,10.3,10.41,10.43,10.45,10.24,11790700.0,121567636.0,15:45:15,2026-08-14
sz002277,友阿股份,5.78,-0.11,-1.868,5.78,5.79,5.89,5.94,5.95,5.71,15983500.0,92549401.0,15:45:30,2026-08-14
sz002278,神开股份,8.07,0.08,1.001,8.07,8.08,7.99,8.0,8.26,7.94,12366000.0,99804113.0,15:44:45,2026-08-14
sz002279,久其软件,7.27,0.26,3.709,7.27,7.28,7.01,6.99,7.71,6.99,133086851.0,995429379.0,15:45:00,2026-08-14
sz002281,光迅科技,191.52,6.67,3.608,191.52,191.53,184.85,186.51,193.0,184.0,39335866.0,7451623261.0,15:45:15,2026-08-14
sz002282,博深股份,5.89,0.02,0.341,5.89,5.9,5.87,5.86,5.92,5.82,3661102.0,21526559.0,15:45:30,2026-08-14
sz002283,天润工业,9.08,-0.06,-0.656,9.08,9.09,9.14,9.19,9.19,9.01,10465387.0,95129073.0,15:44:45,2026-08-14
sz002284,亚太股份,9.39,0.05,0.535,9.38,9.39,9.34,9.32,9.49,9.24,12119752.0,113300387.0,15:45:00,2026-08-14
sz002285,世联行,2.14,-0.08,-3.604,2.13,2.14,2.22,2.21,2.22,2.11,47108657.0,100960641.0,15:45:15,2026-08-14
sz002286,保龄宝,7.89,-0.09,-1.128,7.89,7.9,7.98,7.98,8.04,7.86,5249092.0,41638762.0,15:45:30,2026-08-14
sz002287,奇正藏药,20.58,-0.3,-1.437,20.58,20.59,20.88,20.91,21.02,20.45,3153275.0,65093489.0,15:44:45,2026-08-14
sz002289,宇顺电子,37.13,0.03,0.081,37.12,37.13,37.1,37.1,38.33,36.79,4312600.0,160829280.0,15:45:00,2026-08-14
sz002290,禾盛新材,63.43,1.18,1.896,63.43,63.45,62.25,62.68,63.95,61.32,5439073.0,340242760.0,15:45:15,2026-08-14
sz002291,遥望科技,5.49,-0.12,-2.139,5.49,5.5,5.61,5.58,5.68,5.4,38179680.0,209433229.0,15:45:30,2026-08-14
sz002292,奥飞娱乐,8.25,-0.08,-0.96,8.25,8.26,8.33,8.31,8.39,8.11,35605208.0,292877573.0,15:44:45,2026-08-14
sz002293,罗莱生活,11.07,0.17,1.56,11.06,11.07,10.9,10.9,11.15,10.83,4894829.0,53981882.0,15:45:00,2026-08-14
sz002294,信立泰,34.9,-0.9,-2.514,34.9,34.91,35.8,35.2,36.07,34.29,32572738.0,1141790026.0,15:45:15,2026-08-14
sz002295,精艺股份,8.86,0.06,0.682,8.83,8.86,8.8,8.73,8.9,8.69,2597900.0,22838080.0,15:45:30,2026-08-14
sz002296,辉煌科技,9.03,0.0,0.0,9.02,9.03,9.03,9.02,9.12,8.96,6447600.0,58208788.0,15:44:45,2026-08-14
sz002297,博云新材,18.96,0.37,1.99,18.95,18.96,18.59,18.76,19.05,18.5,36581879.0,687159375.0,15:45:00,2026-08-14
sz002298,中电鑫龙,8.71,-0.25,-2.79,8.71,8.72,8.96,8.96,9.02,8.57,53709784.0,466638983.0,15:45:15,2026-08-14
sz002299,圣农发展,16.13,-0.06,-0.371,16.12,16.13,16.19,16.21,16.22,16.0,9367162.0,150791789.0,15:45:30,2026-08-14
sz002300,太阳电缆,7.26,-0.18,-2.419,7.25,7.26,7.44,7.42,7.42,7.12,31276227.0,225907320.0,15:44:45,2026-08-14
sz002301,齐心集团,7.84,0.15,1.951,7.84,7.85,7.69,7.69,7.86,7.52,17884795.0,138138920.0,15:45:00,2026-08-14
sz002302,西部建设,4.73,-0.05,-1.046,4.72,4.73,4.78,4.77,4.78,4.65,9547815.0,45122546.0,15:45:15,2026-08-14
sz002303,美盈森,5.2,-0.06,-1.141,5.2,5.21,5.26,5.26,5.36,5.11,39467700.0,206287014.0,15:45:30,2026-08-14
sz002304,洋河股份,40.58,-0.99,-2.382,40.57,40.58,41.57,41.56,41.64,40.55,6083091.0,248958367.0,15:44:45,2026-08-14
sz002305,*ST南置,2.12,0.01,0.474,2.12,2.13,2.11,2.1,2.13,2.07,14563584.0,30457181.0,15:45:00,2026-08-14
sz002306,ST云网,1.89,0.01,0.532,1.88,1.89,1.88,1.87,1.9,1.86,4061900.0,7630992.0,15:45:15,2026-08-14
sz002307,北新路桥,2.97,-0.04,-1.329,2.97,2.98,3.01,3.0,3.01,2.94,24404590.0,72315702.0,15:45:30,2026-08-14
sz002309,中利集团,3.26,-0.11,-3.264,3.26,3.27,3.37,3.37,3.38,3.2,169347507.0,549969999.0,15:44:45,2026-08-14
sz002310,东方新能,2.45,-0.09,-3.543,2.45,2.46,2.54,2.53,2.53,2.4,162302100.0,395128180.0,15:45:00,2026-08-14
sz002311,海大集团,44.94,-0.56,-1.231,44.94,44.95,45.5,45.39,45.54,44.83,4690943.0,211268157.0,15:45:15,2026-08-14
sz002312,川发龙蟒,8.38,-0.01,-0.119,8.38,8.39,8.39,8.4,8.44,8.33,12333286.0,103267598.0,15:45:30,2026-08-14
sz002313,日海智能,8.66,0.07,0.815,8.65,8.66,8.59,8.59,8.76,8.51,8196400.0,70902815.0,15:44:45,2026-08-14
sz002314,南山控股,2.12,-0.04,-1.852,2.12,2.13,2.16,2.16,2.17,2.09,26986715.0,57009522.0,15:45:00,2026-08-14
sz002315,焦点科技,26.49,-0.28,-1.046,26.49,26.5,26.77,26.77,27.06,26.05,6883234.0,182113956.0,15:45:15,2026-08-14
sz002316,亚联发展,4.44,0.0,0.0,4.43,4.44,4.44,4.43,4.48,4.38,9624000.0,42571916.0,15:45:30,2026-08-14
sz002317,众生药业,27.45,-1.55,-5.345,27.45,27.46,29.0,28.49,28.9,27.1,55051861.0,1529539231.0,15:44:45,2026-08-14
sz002318,久立特材,19.53,-0.32,-1.612,19.53,19.54,19.85,19.85,19.97,19.4,7976303.0,155947617.0,15:45:00,2026-08-14
sz002319,乐通股份,10.9,-0.16,-1.447,10.9,10.91,11.06,11.03,11.1,10.66,6259700.0,67764640.0,15:45:15,2026-08-14
sz002320,海峡股份,6.45,-0.13,-1.976,6.45,6.46,6.58,6.56,6.58,6.37,15447589.0,99623877.0,15:45:30,2026-08-14
sz002321,华英农业,1.98,-0.02,-1.0,1.97,1.98,2.0,2.0,2.01,1.95,24407500.0,48239492.0,15:44:45,2026-08-14
sz002322,理工能科,13.05,1.19,10.034,13.05,0.0,11.86,12.39,13.05,12.16,25110868.0,322804119.0,15:45:00,2026-08-14
sz002323,*ST雅博,1.3,-0.01,-0.763,1.3,1.31,1.31,1.3,1.31,1.29,25863380.0,33637120.0,15:45:15,2026-08-14
sz002324,普利特,9.29,0.01,0.108,9.29,9.3,9.28,9.3,9.35,9.19,11974561.0,110998212.0,15:45:30,2026-08-14
sz002326,永太科技,19.58,0.27,1.398,19.58,19.59,19.31,19.33,19.99,19.32,29398248.0,576629028.0,15:44:45,2026-08-14
sz002327,富安娜,6.47,-0.05,-0.767,6.46,6.47,6.52,6.52,6.54,6.45,3674800.0,23816790.0,15:45:00,2026-08-14
sz002328,新朋股份,7.4,-0.08,-1.07,7.4,7.41,7.48,7.5,7.55,7.31,28997374.0,214324030.0,15:45:15,2026-08-14
sz002329,皇氏集团,4.27,-0.35,-7.576,4.26,4.27,4.62,4.16,4.71,4.16,241475607.0,1026690820.0,15:45:30,2026-08-14
sz002330,得利斯,4.06,-0.09,-2.169,4.06,4.07,4.15,4.12,4.15,4.0,43658903.0,177433098.0,15:44:45,2026-08-14
sz002331,皖通科技,7.01,-0.08,-1.128,7.0,7.01,7.09,7.12,7.12,6.92,8958209.0,62599492.0,15:45:00,2026-08-14
sz002332,仙琚制药,8.49,-0.16,-1.85,8.49,8.5,8.65,8.62,8.69,8.46,14095400.0,120639178.0,15:45:15,2026-08-14
sz002333,罗普斯金,5.57,0.04,0.723,5.56,5.57,5.53,5.51,5.58,5.47,4969100.0,27450683.0,15:45:30,2026-08-14
sz002334,英威腾,6.73,-0.07,-1.029,6.73,6.74,6.8,6.8,6.83,6.69,8792444.0,59245730.0,15:44:45,2026-08-14
sz002335,科华数据,32.7,0.56,1.742,32.69,32.7,32.14,32.33,32.86,31.97,28779157.0,932816257.0,15:45:00,2026-08-14
sz002337,赛象科技,4.63,0.02,0.434,4.62,4.63,4.61,4.61,4.69,4.57,7662400.0,35405273.0,15:45:15,2026-08-14
sz002338,奥普光电,44.89,0.74,1.676,44.89,44.9,44.15,44.6,45.0,44.18,4910295.0,219183372.0,15:45:30,2026-08-14
sz002339,积成电子,7.27,-0.06,-0.819,7.26,7.27,7.33,7.33,7.33,7.16,12395230.0,89545198.0,15:44:45,2026-08-14
sz002340,格林美,6.64,0.01,0.151,6.64,6.65,6.63,6.63,6.67,6.6,60201284.0,399147750.0,15:45:00,2026-08-14
sz002342,巨力索具,8.19,-0.01,-0.122,8.19,8.2,8.2,8.17,8.22,8.0,34232176.0,277647314.0,15:45:15,2026-08-14
sz002343,慈文传媒,5.15,-0.05,-0.962,5.14,5.15,5.2,5.22,5.23,5.02,11565400.0,59129317.0,15:45:30,2026-08-14
sz002344,海宁皮城,3.84,-0.08,-2.041,3.83,3.84,3.92,3.92,3.94,3.78,17199534.0,65910520.0,15:44:45,2026-08-14
sz002345,潮宏基,10.25,-0.38,-3.575,10.25,10.26,10.63,10.56,10.61,10.17,25702800.0,265592273.0,15:45:00,2026-08-14
sz002346,柘中股份,22.33,0.72,3.332,22.32,22.33,21.61,21.49,22.36,21.39,5961995.0,131328062.0,15:45:15,2026-08-14
sz002347,泰尔股份,6.04,0.0,0.0,6.04,6.05,6.04,6.02,6.48,5.97,38469700.0,235736388.0,15:45:30,2026-08-14
sz002348,高乐股份,12.51,-0.05,-0.398,12.5,12.51,12.56,12.78,12.81,12.17,25625900.0,317234008.0,15:44:45,2026-08-14
sz002349,精华制药,7.15,0.07,0.989,7.15,7.16,7.08,7.03,7.21,6.97,21671960.0,154433312.0,15:45:00,2026-08-14
sz002350,北京科锐,14.94,-0.1,-0.665,14.94,14.95,15.04,15.1,15.26,14.75,8534721.0,127681061.0,15:45:15,2026-08-14
sz002351,漫步者,9.82,-0.07,-0.708,9.81,9.82,9.89,9.89,9.95,9.75,6976909.0,68575685.0,15:45:30,2026-08-14
sz002352,顺丰控股,32.74,-0.22,-0.667,32.73,32.74,32.96,32.9,32.98,32.66,13659182.0,447571492.0,15:44:45,2026-08-14
sz002353,杰瑞股份,150.99,6.41,4.434,150.98,150.99,144.58,146.55,154.45,143.5,27855474.0,4197743199.0,15:45:00,2026-08-14
sz002354,天娱数科,8.14,-0.21,-2.515,8.13,8.14,8.35,8.42,8.62,7.98,352605799.0,2894328749.0,15:45:15,2026-08-14
sz002355,兴民智通,4.88,0.03,0.619,4.88,4.89,4.85,4.86,4.9,4.7,30043513.0,144080943.0,15:45:30,2026-08-14
sz002356,鹏飞绿能,2.71,-0.02,-0.733,2.71,2.72,2.73,2.73,2.73,2.67,15192900.0,40999071.0,15:44:45,2026-08-14
sz002357,富临运业,10.43,0.04,0.385,10.43,10.44,10.39,10.32,10.98,10.2,22579100.0,236094766.0,15:45:00,2026-08-14
sz002358,森源电气,5.51,-0.11,-1.957,5.51,5.52,5.62,5.6,5.65,5.46,18616700.0,102628752.0,15:45:15,2026-08-14
sz002360,ST同德,5.44,0.03,0.555,5.44,5.45,5.41,5.49,5.49,5.37,3132296.0,16965356.0,15:45:30,2026-08-14
sz002361,神剑股份,11.92,0.03,0.252,11.92,11.93,11.89,12.0,12.1,11.56,83231714.0,981290024.0,15:44:45,2026-08-14
sz002362,汉王科技,16.11,0.02,0.124,16.1,16.11,16.09,16.09,16.26,15.9,2785600.0,44699681.0,15:45:00,2026-08-14
sz002363,隆基机械,6.46,-0.01,-0.155,6.46,6.47,6.47,6.47,6.52,6.42,3180220.0,20539291.0,15:45:15,2026-08-14
sz002364,中恒电气,45.0,2.0,4.651,45.0,45.01,43.0,43.5,45.0,42.58,50738362.0,2222516752.0,15:45:30,2026-08-14
sz002365,永安药业,13.22,-0.2,-1.49,13.22,13.23,13.42,13.4,13.48,13.02,16908650.0,223186371.0,15:44:45,2026-08-14
sz002366,融发核电,6.03,0.03,0.5,6.03,6.04,6.0,6.07,6.14,6.0,41429864.0,250974409.0,15:45:00,2026-08-14
sz002367,康力电梯,5.57,0.03,0.542,5.56,5.57,5.54,5.55,5.7,5.46,16841600.0,94211662.0,15:45:15,2026-08-14
sz002368,太极股份,14.3,-0.13,-0.901,14.3,14.32,14.43,14.4,14.64,14.15,6854575.0,98118781.0,15:45:30,2026-08-14
sz002369,卓翼科技,5.92,-0.1,-1.661,5.91,5.92,6.02,6.06,6.08,5.83,26666500.0,157865477.0,15:44:45,2026-08-14
sz002370,亚太药业,6.03,-0.04,-0.659,6.03,6.04,6.07,5.89,6.08,5.8,59533285.0,353722179.0,15:45:00,2026-08-14
sz002371,北方华创,738.66,0.06,0.008,738.66,738.68,738.6,743.84,746.6,728.0,6721005.0,4951556901.0,15:45:15,2026-08-14
sz002372,伟星新材,8.33,-0.14,-1.653,8.33,8.34,8.47,8.47,8.47,8.33,8736000.0,73082713.0,15:45:30,2026-08-14
sz002373,千方科技,7.77,-0.05,-0.639,7.77,7.78,7.82,7.82,7.88,7.7,12971683.0,100829402.0,15:44:45,2026-08-14
sz002374,中锐股份,3.12,-0.06,-1.887,3.11,3.12,3.18,3.17,3.19,3.09,18658300.0,58345016.0,15:45:00,2026-08-14
sz002375,亚厦股份,3.62,0.01,0.277,3.62,3.63,3.61,3.64,3.64,3.58,14718200.0,53149119.0,15:45:15,2026-08-14
sz002376,新北洋,6.82,0.17,2.556,6.82,6.83,6.65,6.68,6.92,6.67,22777044.0,155195968.0,15:45:30,2026-08-14
sz002377,国创高新,2.67,0.0,0.0,2.67,2.68,2.67,2.67,2.68,2.62,20947900.0,55628084.0,15:44:45,2026-08-14
sz002378,章源钨业,26.25,0.24,0.923,26.25,26.26,26.01,25.95,26.53,25.84,29115274.0,761696360.0,15:45:00,2026-08-14
sz002379,宏桥控股,19.29,-0.91,-4.505,19.29,19.3,20.2,19.5,19.66,19.0,62940401.0,1214718981.0,15:45:15,2026-08-14
sz002380,科远智慧,28.84,-0.04,-0.139,28.84,28.85,28.88,28.89,29.16,28.26,3921000.0,112534943.0,15:45:30,2026-08-14
sz002381,双箭股份,5.43,0.03,0.556,5.42,5.43,5.4,5.41,5.46,5.37,3835662.0,20749617.0,15:44:45,2026-08-14
sz002382,蓝帆医疗,5.91,-0.12,-1.99,5.91,5.92,6.03,6.01,6.05,5.87,14869647.0,88220505.0,15:45:00,2026-08-14
sz002383,合众思壮,7.03,-0.02,-0.284,7.02,7.03,7.05,7.05,7.1,6.94,7310600.0,51207825.0,15:45:15,2026-08-14
sz002384,东山精密,205.19,3.08,1.524,205.18,205.19,202.11,203.24,207.92,200.0,55981824.0,11419568090.0,15:45:30,2026-08-14
sz002385,大北农,2.99,-0.04,-1.32,2.99,3.0,3.03,3.04,3.04,2.98,43094805.0,129140242.0,15:44:45,2026-08-14
sz002386,天原股份,5.74,0.02,0.35,5.73,5.74,5.72,5.72,5.76,5.69,9031490.0,51709767.0,15:45:00,2026-08-14
sz002387,维信诺,7.09,0.0,0.0,7.08,7.09,7.09,7.12,7.14,6.99,9967745.0,70358998.0,15:45:15,2026-08-14
sz002388,新亚制程,5.87,-0.03,-0.508,5.87,5.88,5.9,5.9,5.94,5.66,45518379.0,262621556.0,15:45:30,2026-08-14
sz002389,航天彩虹,18.62,0.01,0.054,18.62,18.63,18.61,18.5,18.9,18.43,17136939.0,320077912.0,15:44:45,2026-08-14
sz002390,信邦制药,3.17,0.04,1.278,3.16,3.17,3.13,3.13,3.21,3.08,41556700.0,131215266.0,15:45:00,2026-08-14
sz002391,长青股份,5.09,-0.01,-0.196,5.09,5.1,5.1,5.09,5.15,5.06,7945000.0,40415211.0,15:45:15,2026-08-14
sz002392,北京利尔,7.46,0.09,1.221,7.45,7.46,7.37,7.4,7.62,7.38,15794900.0,118453699.0,15:45:30,2026-08-14
sz002393,力生制药,14.9,-0.08,-0.534,14.9,14.91,14.98,14.96,15.08,14.74,2387844.0,35556245.0,15:44:45,2026-08-14
sz002394,联发股份,9.83,0.1,1.028,9.81,9.83,9.73,9.77,9.86,9.61,4723800.0,45976603.0,15:45:00,2026-08-14
sz002395,双象股份,12.35,0.03,0.244,12.35,12.36,12.32,12.32,12.4,12.16,2594400.0,31854707.0,15:45:15,2026-08-14
sz002396,星网锐捷,32.67,0.29,0.896,32.67,32.68,32.38,33.15,34.7,31.94,129661292.0,4292681961.0,15:45:30,2026-08-14
sz002397,梦洁股份,3.52,0.0,0.0,3.51,3.52,3.52,3.52,3.54,3.44,12370700.0,43183080.0,15:44:45,2026-08-14
sz002398,垒知集团,4.11,-0.01,-0.243,4.11,4.12,4.12,4.13,4.16,4.07,10182200.0,41766584.0,15:45:00,2026-08-14
sz002399,海普瑞,10.61,-0.12,-1.118,10.61,10.62,10.73,10.7,10.78,10.47,8460270.0,89923654.0,15:45:15,2026-08-14
sz002400,省广集团,7.16,-0.79,-9.937,0.0,7.16,7.95,7.52,7.62,7.16,249041427.0,1821172899.0,15:45:30,2026-08-14
sz002401,中远海科,12.29,-0.04,-0.324,12.29,12.3,12.33,12.3,12.47,12.2,2281785.0,28068915.0,15:44:45,2026-08-14
sz002402,和而泰,21.14,0.02,0.095,21.14,21.15,21.12,21.12,21.32,20.83,18348920.0,386095419.0,15:45:00,2026-08-14
sz002403,爱仕达,9.66,-0.09,-0.923,9.65,9.66,9.75,9.73,9.81,9.57,3950100.0,38163140.0,15:45:15,2026-08-14
sz002404,嘉欣丝绸,5.9,-0.02,-0.338,5.9,5.91,5.92,5.91,5.95,5.86,4822300.0,28457800.0,15:45:30,2026-08-14
sz002405,四维图新,6.5,-0.08,-1.216,6.5,6.51,6.58,6.56,6.62,6.43,37995545.0,247139606.0,15:44:45,2026-08-14
sz002406,远东传动,6.78,-0.01,-0.147,6.78,6.79,6.79,6.79,6.83,6.73,7679101.0,52048613.0,15:45:00,2026-08-14
sz002407,多氟多,39.16,0.19,0.488,39.16,39.17,38.97,38.26,40.19,38.11,197596433.0,7716099777.0,15:45:15,2026-08-14
sz002408,齐翔腾达,5.02,0.1,2.033,5.01,5.02,4.92,4.93,5.1,4.87,25098434.0,124790758.0,15:45:30,2026-08-14
sz002409,雅克科技,151.22,1.72,1.151,151.21,151.22,149.5,152.01,153.5,147.17,22648291.0,3400007811.0,15:44:45,2026-08-14
sz002410,广联达,9.17,-0.12,-1.292,9.16,9.17,9.29,9.3,9.42,9.08,27253237.0,250600207.0,15:45:00,2026-08-14
sz002412,汉森制药,7.32,-0.02,-0.272,7.32,7.33,7.34,7.28,7.42,7.18,22663130.0,165023943.0,15:45:15,2026-08-14
sz002413,雷科防务,8.64,-0.07,-0.804,8.64,8.65,8.71,8.71,8.78,8.49,42142721.0,363262664.0,15:45:30,2026-08-14
sz002414,高德红外,13.92,0.09,0.651,13.92,13.93,13.83,13.9,13.99,13.74,49210362.0,683282656.0,15:44:45,2026-08-14
sz002415,海康威视,34.88,-0.78,-2.187,34.87,34.88,35.66,35.62,35.81,34.54,98704091.0,3452306298.0,15:45:00,2026-08-14
sz002416,爱施德,9.85,-0.04,-0.404,9.85,9.86,9.89,9.85,9.98,9.76,16616411.0,163981891.0,15:45:15,2026-08-14
sz002418,康盛股份,4.07,0.37,10.0,4.07,0.0,3.7,3.72,4.07,3.72,80826190.0,327087276.0,15:45:30,2026-08-14
sz002419,天虹股份,4.58,-0.06,-1.293,4.58,4.59,4.64,4.65,4.66,4.56,8115299.0,37262821.0,15:44:45,2026-08-14
sz002420,毅昌科技,5.76,0.0,0.0,5.76,5.77,5.76,5.75,5.8,5.68,7090100.0,40669876.0,15:45:00,2026-08-14
sz002421,达实智能,3.41,-0.16,-4.482,3.4,3.41,3.57,3.55,3.58,3.3,362564560.0,1227676885.0,15:45:15,2026-08-14
sz002422,科伦药业,45.11,-1.19,-2.57,45.1,45.11,46.3,46.26,46.88,44.07,39364636.0,1782196650.0,15:45:30,2026-08-14
sz002423,中粮资本,8.89,-0.13,-1.441,8.89,8.9,9.02,9.02,9.03,8.88,10794745.0,96336549.0,15:44:45,2026-08-14
sz002424,ST百灵,4.62,-0.04,-0.858,4.62,4.63,4.66,4.65,4.7,4.58,8975100.0,41550854.0,15:45:00,2026-08-14
sz002425,凯撒文化,3.25,-0.08,-2.402,3.25,3.26,3.33,3.25,3.36,3.12,93097000.0,299830069.0,15:45:15,2026-08-14
sz002426,胜利精密,2.8,-0.11,-3.78,2.79,2.8,2.91,2.86,2.88,2.75,135267743.0,377802017.0,15:45:30,2026-08-14
sz002427,尤夫股份,4.36,0.03,0.693,4.36,4.37,4.33,4.35,4.39,4.29,7904225.0,34253532.0,15:44:45,2026-08-14
sz002428,云南锗业,101.59,1.38,1.377,101.59,101.6,100.21,100.83,105.5,99.0,78117384.0,7957803047.0,15:45:00,2026-08-14
sz002429,兆驰股份,8.55,0.27,3.261,8.54,8.55,8.28,8.4,8.57,8.31,77892773.0,660115753.0,15:45:15,2026-08-14
sz002430,杭氧股份,23.5,-0.17,-0.718,23.5,23.51,23.67,23.66,23.98,23.37,10102373.0,238756700.0,15:45:30,2026-08-14
sz002431,ST棕榈,1.33,-0.02,-1.481,1.33,1.34,1.35,1.35,1.35,1.32,14814301.0,19783812.0,15:44:45,2026-08-14
sz002432,九安医疗,73.21,0.86,1.189,73.21,73.22,72.35,73.5,74.56,72.32,23096274.0,1695049746.0,15:45:00,2026-08-14
sz002434,万里扬,5.9,-0.1,-1.667,5.9,5.91,6.0,6.0,6.04,5.87,15881068.0,94203534.0,15:45:15,2026-08-14
sz002436,兴森科技,34.82,0.23,0.665,34.82,34.83,34.59,34.81,35.59,34.08,95254960.0,3325490055.0,15:45:30,2026-08-14
sz002437,誉衡药业,4.53,0.28,6.588,4.53,4.54,4.25,4.43,4.68,4.14,929751663.0,4194545608.0,15:44:45,2026-08-14
sz002438,江苏神通,13.92,-0.05,-0.358,13.92,13.93,13.97,13.95,14.05,13.75,6941492.0,96426858.0,15:45:00,2026-08-14
sz002439,启明星辰,13.92,-0.16,-1.136,13.92,13.93,14.08,14.03,14.14,13.71,24835052.0,345338373.0,15:45:15,2026-08-14
sz002440,闰土股份,12.37,-0.22,-1.747,12.37,12.38,12.59,12.65,12.69,12.02,51790851.0,635977598.0,15:45:30,2026-08-14
sz002441,众业达,7.97,-0.04,-0.499,7.97,7.98,8.01,7.99,8.05,7.9,3801801.0,30229767.0,15:44:45,2026-08-14
sz002442,龙星科技,4.96,0.01,0.202,4.95,4.96,4.95,4.95,5.0,4.9,5526200.0,27328045.0,15:45:00,2026-08-14
sz002443,金洲管道,9.1,0.32,3.645,9.1,9.11,8.78,8.72,9.13,8.7,31381818.0,280553353.0,15:45:15,2026-08-14
sz002444,巨星科技,29.7,-0.03,-0.101,29.7,29.71,29.73,29.77,29.85,29.3,4941959.0,146009671.0,15:45:30,2026-08-14
sz002445,中南文化,3.06,-0.11,-3.47,3.06,3.07,3.17,3.11,3.15,3.02,82311292.0,251838928.0,15:44:45,2026-08-14
sz002446,盛路通信,9.11,0.46,5.318,9.1,9.11,8.65,8.76,9.16,8.76,47453788.0,424814746.0,15:45:00,2026-08-14
sz002448,中原内配,12.39,0.27,2.228,12.38,12.39,12.12,12.17,12.53,12.1,22863680.0,282285366.0,15:45:15,2026-08-14
sz002449,国星光电,6.47,0.05,0.779,6.46,6.47,6.42,6.47,6.52,6.41,7139240.0,46134685.0,15:45:30,2026-08-14
sz002451,摩恩电气,7.4,-0.04,-0.538,7.38,7.4,7.44,7.49,7.49,7.3,6831100.0,50318606.0,15:44:45,2026-08-14
sz002452,长高电气,11.45,0.09,0.792,11.45,11.46,11.36,11.43,11.47,11.3,9856425.0,112101072.0,15:45:00,2026-08-14
sz002453,华软科技,4.39,-0.06,-1.348,4.39,4.4,4.45,4.48,4.5,4.32,9807626.0,42896177.0,15:45:15,2026-08-14
sz002454,松芝股份,5.05,0.05,1.0,5.04,5.05,5.0,5.04,5.06,4.96,9243222.0,46308498.0,15:45:30,2026-08-14
sz002455,百川股份,7.2,0.01,0.139,7.2,7.21,7.19,7.2,7.28,7.11,29444232.0,211165265.0,15:44:45,2026-08-14
sz002456,欧菲光,7.27,-0.07,-0.954,7.27,7.28,7.34,7.36,7.4,7.21,58055409.0,422988573.0,15:45:00,2026-08-14
sz002457,青龙管业,10.77,-0.03,-0.278,10.76,10.77,10.8,10.77,10.85,10.63,15067001.0,161355882.0,15:45:15,2026-08-14
sz002458,益生股份,9.74,-0.28,-2.794,9.73,9.74,10.02,10.05,10.08,9.67,56257194.0,548605578.0,15:45:30,2026-08-14
sz002459,晶澳科技,7.56,-0.06,-0.787,7.56,7.57,7.62,7.66,7.67,7.48,34764995.0,262531140.0,15:44:45,2026-08-14
sz002460,赣锋锂业,53.85,0.69,1.298,53.84,53.85,53.16,53.52,54.63,53.08,34494589.0,1854857984.0,15:45:00,2026-08-14
sz002461,珠江啤酒,8.56,-0.07,-0.811,8.56,8.57,8.63,8.61,8.68,8.53,3948100.0,33850384.0,15:45:15,2026-08-14
sz002462,嘉事堂,12.36,0.17,1.395,12.35,12.36,12.19,12.19,12.58,12.06,4603144.0,56820151.0,15:45:30,2026-08-14
sz002463,沪电股份,121.27,0.61,0.506,121.26,121.27,120.66,120.95,122.5,119.01,35264921.0,4261214044.0,15:44:45,2026-08-14
sz002465,海格通信,10.6,0.05,0.474,10.6,10.61,10.55,10.59,10.65,10.41,40513166.0,427048486.0,15:45:00,2026-08-14
sz002466,天齐锂业,48.73,0.97,2.031,48.73,48.74,47.76,48.11,49.11,47.92,49323225.0,2392655024.0,15:45:15,2026-08-14
sz002467,二六三,5.13,0.28,5.773,5.12,5.13,4.85,4.84,5.34,4.75,147830962.0,753075779.0,15:45:30,2026-08-14
sz002468,申通快递,14.19,0.13,0.925,14.19,14.2,14.06,14.06,14.39,13.97,10146459.0,144166273.0,15:44:45,2026-08-14
sz002469,三维化学,5.74,-0.06,-1.034,5.73,5.74,5.8,5.77,5.82,5.71,4045900.0,23219217.0,15:45:00,2026-08-14
sz002470,金正大,1.93,-0.02,-1.026,1.93,1.94,1.95,1.95,1.95,1.89,78947800.0,151089351.0,15:45:15,2026-08-14
sz002471,中超控股,5.74,-0.02,-0.347,5.73,5.74,5.76,5.74,5.8,5.61,44069936.0,250310814.0,15:45:30,2026-08-14
sz002472,双环传动,37.89,-0.37,-0.967,37.89,37.9,38.26,38.22,38.79,37.38,18284266.0,692262145.0,15:44:45,2026-08-14
sz002474,榕基软件,6.57,-0.29,-4.227,6.57,6.58,6.86,6.76,6.94,6.41,84754650.0,560899787.0,15:45:00,2026-08-14
sz002475,立讯精密,56.58,0.52,0.928,56.57,56.58,56.06,56.6,56.88,55.8,71704482.0,4039403604.0,15:45:15,2026-08-14
sz002476,新叶股份,4.56,0.01,0.22,4.56,4.57,4.55,4.55,4.59,4.5,5501800.0,24975542.0,15:45:30,2026-08-14
sz002478,常宝股份,6.24,0.0,0.0,6.23,6.24,6.24,6.24,6.25,6.13,7940588.0,49175347.0,15:44:45,2026-08-14
sz002479,富春环保,5.64,-0.04,-0.704,5.64,5.65,5.68,5.68,5.7,5.6,15221700.0,85904512.0,15:45:00,2026-08-14
sz002480,新筑股份,5.68,0.05,0.888,5.67,5.68,5.63,5.6,5.69,5.52,6179300.0,34671068.0,15:45:15,2026-08-14
sz002481,双塔食品,4.2,-0.06,-1.408,4.2,4.21,4.26,4.26,4.27,4.16,8413301.0,35347292.0,15:45:30,2026-08-14
sz002482,广田集团,1.27,-0.03,-2.308,1.26,1.27,1.3,1.31,1.31,1.25,76668339.0,97393031.0,15:44:45,2026-08-14
sz002483,润邦股份,5.5,-0.26,-4.514,5.5,5.51,5.76,5.68,5.74,5.44,39157853.0,216608343.0,15:45:00,2026-08-14
sz002484,江海股份,69.79,3.18,4.774,69.79,69.8,66.61,69.01,71.7,66.94,64348135.0,4487566716.0,15:45:15,2026-08-14
sz002485,ST雪发,6.1,0.1,1.667,6.09,6.1,6.0,6.0,6.14,5.98,1969140.0,11918727.0,15:45:30,2026-08-14
sz002486,嘉麟杰,2.55,0.14,5.809,2.54,2.55,2.41,2.41,2.57,2.39,45601900.0,113761840.0,15:44:45,2026-08-14
sz002487,大金重工,41.85,-0.7,-1.645,41.85,41.86,42.55,42.8,42.93,41.45,15185202.0,637359360.0,15:45:00,2026-08-14
sz002488,金固股份,8.45,-0.17,-1.972,8.44,8.45,8.62,8.64,8.69,8.38,19278203.0,163296111.0,15:45:15,2026-08-14
sz002489,浙江永强,2.72,-0.02,-0.73,2.71,2.72,2.74,2.74,2.75,2.7,21545870.0,58549474.0,15:45:30,2026-08-14
sz002490,山东墨龙,7.49,-0.14,-1.835,7.49,7.5,7.63,7.46,7.56,7.25,45333313.0,334228139.0,15:44:45,2026-08-14
sz002491,通鼎互联,19.65,0.71,3.749,19.64,19.65,18.94,18.82,19.95,18.06,292849108.0,5539239194.0,15:45:00,2026-08-14
sz002492,恒基达鑫,5.58,0.05,0.904,5.58,5.59,5.53,5.56,5.6,5.48,5367049.0,29724928.0,15:45:15,2026-08-14
sz002493,荣盛石化,12.59,-0.11,-0.866,12.59,12.6,12.7,12.6,12.98,12.51,43252184.0,547442397.0,15:45:30,2026-08-14
sz002494,华斯股份,4.74,0.0,0.0,4.73,4.74,4.74,4.72,4.78,4.66,7990600.0,37748800.0,15:44:45,2026-08-14
sz002495,佳隆股份,2.39,-0.02,-0.83,2.38,2.39,2.41,2.41,2.42,2.34,22964900.0,54574949.0,15:45:00,2026-08-14
sz002496,辉丰股份,2.05,-0.03,-1.442,2.04,2.05,2.08,2.07,2.07,2.0,21456400.0,43563939.0,15:45:15,2026-08-14
sz002497,雅化集团,19.18,0.35,1.859,19.17,19.18,18.83,19.01,19.45,18.86,34057139.0,651719041.0,15:45:30,2026-08-14
sz002498,汉缆股份,6.71,-0.31,-4.416,6.71,6.72,7.02,7.0,7.0,6.6,129047294.0,864922235.0,15:44:45,2026-08-14
sz002500,山西证券,5.29,-0.07,-1.306,5.29,5.3,5.36,5.35,5.36,5.28,16947320.0,90063105.0,15:45:00,2026-08-14
sz002501,*ST利源,1.31,0.02,1.55,1.3,1.31,1.29,1.29,1.31,1.28,19911000.0,25775347.0,15:45:15,2026-08-14
sz002506,协鑫集成,2.67,-0.02,-0.743,2.67,2.68,2.69,2.69,2.7,2.61,168945111.0,447841068.0,15:45:30,2026-08-14
sz002507,涪陵榨菜,11.31,-0.2,-1.738,11.31,11.32,11.51,11.5,11.5,11.31,12032425.0,136800565.0,15:44:45,2026-08-14
sz002508,老板电器,15.81,-0.17,-1.064,15.81,15.82,15.98,15.98,15.98,15.72,5742998.0,90805969.0,15:45:00,2026-08-14
sz002510,天汽模,5.58,-0.03,-0.535,5.58,5.59,5.61,5.62,5.64,5.55,12623000.0,70412213.0,15:45:15,2026-08-14
sz002511,中顺洁柔,7.03,-0.14,-1.953,7.03,7.04,7.17,7.15,7.18,7.02,13089859.0,92758944.0,15:45:30,2026-08-14
sz002512,ST达华,4.12,0.32,8.421,4.12,4.13,3.8,3.84,4.18,3.84,55700924.0,224041737.0,15:44:45,2026-08-14
sz002513,蓝丰生化,5.21,0.04,0.774,5.21,5.22,5.17,5.2,5.25,5.09,5581200.0,28908775.0,15:45:00,2026-08-14
sz002514,*ST宝馨,1.85,-0.05,-2.632,1.85,1.86,1.9,1.89,1.92,1.85,29603100.0,55431242.0,15:45:15,2026-08-14
sz002515,金字火腿,7.52,0.48,6.818,7.52,7.53,7.04,7.05,7.65,6.97,99995883.0,733735082.0,15:45:30,2026-08-14
sz002516,旷达科技,5.29,-0.05,-0.936,5.29,5.3,5.34,5.36,5.38,5.26,13148671.0,69663734.0,15:44:45,2026-08-14
sz002517,恺英网络,18.3,0.94,5.415,18.3,18.31,17.36,17.49,18.47,17.01,108115473.0,1923786540.0,15:45:00,2026-08-14
sz002518,科士达,35.38,0.37,1.057,35.38,35.39,35.01,35.47,35.64,34.81,10730851.0,378557115.0,15:45:15,2026-08-14
sz002519,银河电子,5.56,-0.04,-0.714,5.55,5.56,5.6,5.63,5.66,5.48,25585311.0,142266641.0,15:45:30,2026-08-14
sz002520,日发精机,6.65,0.26,4.069,6.65,6.66,6.39,6.39,7.03,6.23,120568615.0,795698242.0,15:44:45,2026-08-14
sz002521,齐峰新材,6.92,-0.08,-1.143,6.92,6.93,7.0,7.01,7.01,6.87,3856154.0,26723322.0,15:45:00,2026-08-14
sz002522,浙江众成,5.05,0.07,1.406,5.05,5.06,4.98,4.98,5.07,4.94,24824842.0,124302188.0,15:45:15,2026-08-14
sz002523,天桥起重,3.31,-0.01,-0.301,3.31,3.32,3.32,3.31,3.34,3.27,13914456.0,45886337.0,15:45:30,2026-08-14
sz002524,光正眼科,3.96,0.0,0.0,3.96,3.97,3.96,3.95,4.01,3.9,12034900.0,47475547.0,15:44:45,2026-08-14
sz002526,山东矿机,2.74,-0.01,-0.364,2.74,2.75,2.75,2.75,2.77,2.71,15281664.0,41809653.0,15:45:00,2026-08-14
sz002527,新时达,11.75,0.02,0.171,11.75,11.76,11.73,11.72,11.8,11.5,6240600.0,72586331.0,15:45:15,2026-08-14
sz002528,*ST英飞,4.86,0.07,1.461,4.86,4.87,4.79,4.89,4.91,4.72,12030102.0,58200657.0,15:45:30,2026-08-14
sz002529,海源复材,7.06,0.04,0.57,7.05,7.06,7.02,7.05,7.09,6.98,3739600.0,26307807.0,15:44:45,2026-08-14
sz002530,金财互联,7.28,-0.08,-1.087,7.28,7.29,7.36,7.35,7.46,7.19,17241712.0,125669658.0,15:45:00,2026-08-14
sz002531,天顺风能,6.54,-0.1,-1.506,6.54,6.55,6.64,6.65,6.65,6.49,28682769.0,187426705.0,15:45:15,2026-08-14
sz002532,天山铝业,13.13,-0.06,-0.455,13.13,13.14,13.19,13.08,13.26,12.9,74899626.0,977359225.0,15:45:30,2026-08-14
sz002533,金杯电工,11.42,-0.15,-1.296,11.42,11.43,11.57,11.5,11.59,11.31,7565764.0,86303678.0,15:44:45,2026-08-14
sz002534,西子洁能,15.63,-0.13,-0.825,15.63,15.64,15.76,15.83,15.86,15.42,10719120.0,167495549.0,15:45:00,2026-08-14
sz002535,林州重机,2.48,-0.01,-0.402,2.48,2.5,2.49,2.48,2.51,2.45,12171200.0,30142343.0,15:45:15,2026-08-14
sz002536,飞龙股份,42.6,0.95,2.281,42.6,42.61,41.65,43.28,44.92,42.02,50315897.0,2186636163.0,15:45:30,2026-08-14
sz002537,海联金汇,5.74,-0.09,-1.544,5.74,5.75,5.83,5.82,5.87,5.72,17570361.0,101350584.0,15:44:45,2026-08-14
sz002538,ST司特,7.25,0.28,4.017,7.24,7.25,6.97,7.09,7.28,6.99,18225202.0,130023338.0,15:45:00,2026-08-14
sz002539,云图控股,12.25,-0.13,-1.05,12.25,12.26,12.38,12.39,12.49,12.2,14038638.0,172662871.0,15:45:15,2026-08-14
sz002540,亚太科技,5.1,0.02,0.394,5.1,5.11,5.08,5.06,5.13,5.03,6840954.0,34783271.0,15:45:30,2026-08-14
sz002541,鸿路钢构,19.14,-0.48,-2.446,19.14,19.15,19.62,19.61,19.63,19.09,5220499.0,100599486.0,15:44:45,2026-08-14
sz002542,*ST中岩,1.76,0.04,2.326,1.76,1.77,1.72,1.71,1.78,1.7,24702900.0,43145392.0,15:45:00,2026-08-14
sz002543,万和电气,6.99,-0.34,-4.638,6.99,7.0,7.33,7.29,7.37,6.98,23379080.0,165903469.0,15:45:15,2026-08-14
sz002544,普天科技,16.96,0.06,0.355,16.96,16.97,16.9,16.94,17.07,16.62,8789278.0,148025579.0,15:45:30,2026-08-14
sz002545,东方铁塔,17.15,-0.16,-0.924,17.15,17.17,17.31,17.36,17.38,16.96,13979221.0,239208547.0,15:44:45,2026-08-14
sz002546,新联电子,8.43,0.04,0.477,8.43,8.44,8.39,8.45,8.5,8.21,22967000.0,191182179.0,15:45:00,2026-08-14
sz002547,*ST春兴,2.74,0.08,3.008,2.73,2.74,2.66,2.69,2.74,2.65,24752200.0,66792311.0,15:45:15,2026-08-14
sz002548,金新农,4.05,-0.07,-1.699,4.05,4.06,4.12,4.12,4.13,4.01,23070980.0,93551417.0,15:45:30,2026-08-14
sz002549,凯美特气,14.37,0.06,0.419,14.37,14.38,14.31,14.44,14.49,14.18,14540365.0,208496513.0,15:44:45,2026-08-14
sz002550,千红制药,7.2,0.15,2.128,7.2,7.21,7.05,6.95,7.28,6.81,68162868.0,486781844.0,15:45:00,2026-08-14
sz002551,尚荣医疗,3.26,0.01,0.308,3.26,3.27,3.25,3.25,3.33,3.21,15744848.0,51464316.0,15:45:15,2026-08-14
sz002552,宝鼎科技,60.65,1.99,3.392,60.65,60.66,58.66,59.59,60.8,57.3,42384253.0,2503895346.0,15:45:30,2026-08-14
sz002553,南方精工,15.61,-0.13,-0.826,15.6,15.61,15.74,15.72,15.83,15.49,4431029.0,69186034.0,15:44:45,2026-08-14
sz002554,惠博普,2.82,-0.03,-1.053,2.82,2.83,2.85,2.85,2.87,2.8,18239400.0,51406128.0,15:45:00,2026-08-14
sz002555,三七互娱,19.8,0.59,3.071,19.79,19.8,19.21,19.2,19.85,18.95,62187749.0,1210127390.0,15:45:15,2026-08-14
sz002556,辉隆股份,5.01,0.04,0.805,5.01,5.02,4.97,4.97,5.05,4.94,9616312.0,48001201.0,15:45:30,2026-08-14
sz002557,洽洽食品,18.97,-0.39,-2.014,18.97,18.98,19.36,19.34,19.34,18.92,7932793.0,151124553.0,15:44:45,2026-08-14
sz002558,巨人网络,28.84,0.27,0.945,28.83,28.84,28.57,28.4,28.99,27.32,85737046.0,2419484009.0,15:45:00,2026-08-14
sz002559,亚威股份,10.0,0.26,2.669,9.99,10.0,9.74,9.88,10.04,9.74,23819215.0,236158415.0,15:45:15,2026-08-14
sz002560,通达股份,6.4,-0.06,-0.929,6.4,6.41,6.46,6.43,6.47,6.31,21773874.0,138778435.0,15:45:30,2026-08-14
sz002561,徐家汇,6.66,-0.07,-1.04,6.65,6.66,6.73,6.71,6.76,6.61,4476700.0,29807331.0,15:44:45,2026-08-14
sz002562,兄弟科技,4.89,-0.08,-1.61,4.88,4.89,4.97,4.95,4.99,4.86,41059330.0,201429032.0,15:45:00,2026-08-14
sz002563,森马服饰,5.76,-0.08,-1.37,5.76,5.77,5.84,5.84,5.84,5.73,15262300.0,88107062.0,15:45:15,2026-08-14
sz002564,天沃科技,4.56,-0.02,-0.437,4.56,4.57,4.58,4.59,4.62,4.48,11143100.0,50598754.0,15:45:30,2026-08-14
sz002565,顺灏股份,9.52,-0.11,-1.142,9.51,9.52,9.63,9.63,9.68,9.3,38545835.0,365343327.0,15:44:45,2026-08-14
sz002566,益盛药业,6.79,-0.06,-0.876,6.79,6.8,6.85,6.77,6.92,6.73,7500500.0,50972003.0,15:45:00,2026-08-14
sz002567,唐人神,3.59,-0.08,-2.18,3.58,3.59,3.67,3.67,3.67,3.58,17814273.0,64231776.0,15:45:15,2026-08-14
sz002568,百润股份,18.99,-0.69,-3.506,18.99,19.0,19.68,19.69,19.7,18.92,14132314.0,270998973.0,15:45:30,2026-08-14
sz002569,*ST步森,12.57,-0.26,-2.027,12.57,12.59,12.83,12.78,12.82,12.5,936000.0,11812601.0,15:44:45,2026-08-14
sz002570,贝因美,4.57,-0.13,-2.766,4.57,4.58,4.7,4.7,4.71,4.48,38129300.0,173501451.0,15:45:00,2026-08-14
sz002571,德力股份,11.15,0.05,0.45,11.15,11.16,11.1,11.17,11.32,10.99,3961100.0,44088031.0,15:45:15,2026-08-14
sz002572,索菲亚,8.18,-0.2,-2.387,8.18,8.19,8.38,8.39,8.39,8.18,8039038.0,66181250.0,15:45:30,2026-08-14
sz002573,清新环境,3.3,-0.08,-2.367,3.3,3.31,3.38,3.4,3.41,3.27,34146464.0,112978741.0,15:44:45,2026-08-14
sz002574,明牌珠宝,4.56,-0.03,-0.654,4.56,4.57,4.59,4.61,4.62,4.52,4439100.0,20225565.0,15:45:00,2026-08-14
sz002575,群兴玩具,5.61,-0.47,-7.73,5.61,5.62,6.08,5.97,5.97,5.47,110879401.0,624069539.0,15:45:15,2026-08-14
sz002576,通达动力,14.29,-0.28,-1.922,14.28,14.29,14.57,14.37,14.6,14.08,3892400.0,55334978.0,15:45:30,2026-08-14
sz002577,雷柏科技,18.46,-0.21,-1.125,18.45,18.46,18.67,18.9,18.9,18.25,2868000.0,52864363.0,15:44:45,2026-08-14
sz002578,闽发铝业,3.41,0.09,2.711,3.41,3.42,3.32,3.28,3.43,3.26,25673100.0,85628127.0,15:45:00,2026-08-14
sz002579,中京电子,14.87,0.21,1.432,14.87,14.88,14.66,14.85,14.98,14.53,53386515.0,788212947.0,15:45:15,2026-08-14
sz002580,圣阳股份,22.28,0.18,0.814,22.28,22.29,22.1,21.66,23.0,21.45,113667180.0,2551885148.0,15:45:30,2026-08-14
sz002581,*ST未名,4.39,0.12,2.81,4.38,4.39,4.27,4.28,4.55,4.22,20518300.0,89628602.0,15:44:45,2026-08-14
sz002582,好想你,11.05,-0.45,-3.913,11.05,11.06,11.5,11.5,11.5,10.85,53776500.0,595773020.0,15:45:00,2026-08-14
sz002583,海能达,8.29,-0.09,-1.074,8.28,8.29,8.38,8.39,8.46,8.25,13922425.0,115906435.0,15:45:15,2026-08-14
sz002584,西陇科学,8.24,0.11,1.353,8.24,8.25,8.13,8.19,8.29,8.1,18080999.0,148444513.0,15:45:30,2026-08-14
sz002585,双星新材,10.87,-0.43,-3.805,10.86,10.87,11.3,11.01,11.15,10.65,124320747.0,1352515289.0,15:44:45,2026-08-14
sz002586,ST围海,4.14,0.14,3.5,4.13,4.14,4.0,4.0,4.25,4.0,9221917.0,37873685.0,15:45:00,2026-08-14
sz002587,奥拓电子,5.55,0.01,0.181,5.54,5.55,5.54,5.54,5.56,5.41,15781345.0,86841233.0,15:45:15,2026-08-14
sz002588,史丹利,8.46,-0.1,-1.168,8.45,8.46,8.56,8.56,8.6,8.44,8210300.0,69663654.0,15:45:30,2026-08-14
sz002589,瑞康医药,3.53,-0.18,-4.852,3.53,3.54,3.71,3.6,3.77,3.36,254799542.0,901601897.0,15:44:45,2026-08-14
sz002590,万安科技,9.44,-0.01,-0.106,9.44,9.45,9.45,9.45,9.51,9.37,3943100.0,37133204.0,15:45:00,2026-08-14
sz002591,恒大高新,6.31,0.06,0.96,6.3,6.31,6.25,6.26,6.33,6.19,6580500.0,41218802.0,15:45:15,2026-08-14
sz002592,ST八菱,6.23,0.05,0.809,6.22,6.23,6.18,6.16,6.24,6.14,1770200.0,10946924.0,15:45:30,2026-08-14
sz002593,日上集团,4.46,0.02,0.45,4.46,4.47,4.44,4.44,4.47,4.39,10258300.0,45392183.0,15:44:45,2026-08-14
sz002594,比亚迪,88.9,-0.81,-0.903,88.9,88.91,89.71,89.3,89.68,88.69,20585614.0,1832060379.0,15:45:00,2026-08-14
sz002595,豪迈科技,51.6,0.43,0.84,51.58,51.6,51.17,51.32,51.73,50.86,1868825.0,95863196.0,15:45:15,2026-08-14
sz002596,海南瑞泽,3.23,-0.05,-1.524,3.22,3.23,3.28,3.28,3.3,3.18,20500000.0,65976997.0,15:45:30,2026-08-14
sz002597,金禾实业,19.65,-0.07,-0.355,19.65,19.66,19.72,19.72,19.86,19.6,3381999.0,66559662.0,15:44:45,2026-08-14
sz002598,ST章鼓,6.68,-0.03,-0.447,6.68,6.69,6.71,6.65,6.72,6.64,1433700.0,9560643.0,15:45:00,2026-08-14
sz002599,盛通股份,6.03,-0.05,-0.822,6.03,6.04,6.08,6.09,6.11,5.96,9668600.0,58294438.0,15:45:15,2026-08-14
sz002600,领益智造,12.69,0.14,1.116,12.69,12.7,12.55,12.55,12.75,12.48,85069586.0,1072896761.0,15:45:30,2026-08-14
sz002601,龙佰集团,15.43,-0.18,-1.153,15.42,15.43,15.61,15.61,15.71,15.39,11937484.0,185055454.0,15:44:45,2026-08-14
sz002602,世纪华通,14.6,0.87,6.336,14.6,14.61,13.73,13.95,14.65,13.76,176681730.0,2520744409.0,15:45:00,2026-08-14
sz002603,以岭药业,16.96,-0.14,-0.819,16.96,16.97,17.1,17.11,17.4,16.8,32358245.0,552713216.0,15:45:15,2026-08-14
sz002605,姚记科技,18.04,0.08,0.445,18.04,18.05,17.96,17.91,18.11,17.66,6026500.0,107913914.0,15:45:30,2026-08-14
sz002606,大连电瓷,14.31,-0.04,-0.279,14.3,14.31,14.35,14.37,14.62,14.13,16906900.0,241885605.0,15:44:45,2026-08-14
sz002607,中公教育,2.1,-0.04,-1.869,2.1,2.11,2.14,2.14,2.14,2.06,171834169.0,359296623.0,15:45:00,2026-08-14
sz002608,江苏国信,7.15,-0.15,-2.055,7.15,7.16,7.3,7.28,7.29,7.14,21000997.0,150914906.0,15:45:15,2026-08-14
sz002609,捷顺科技,7.79,0.05,0.646,7.78,7.79,7.74,7.75,7.8,7.66,4237907.0,32803613.0,15:45:30,2026-08-14
sz002611,东方精工,15.46,-0.19,-1.214,15.46,15.47,15.65,15.65,15.77,15.33,19930660.0,308680249.0,15:44:45,2026-08-14
sz002612,朗姿股份,16.07,0.22,1.388,16.07,16.08,15.85,15.74,16.14,15.55,9990372.0,159010670.0,15:45:00,2026-08-14
sz002613,北玻股份,3.38,-0.03,-0.88,3.37,3.38,3.41,3.43,3.47,3.33,24469047.0,82534489.0,15:45:15,2026-08-14
sz002614,奥佳华,4.91,-0.02,-0.406,4.91,4.92,4.93,4.93,5.0,4.9,6627700.0,32693875.0,15:45:30,2026-08-14
sz002615,哈尔斯,6.65,0.06,0.91,6.64,6.65,6.59,6.62,6.65,6.53,5496698.0,36183358.0,15:44:45,2026-08-14
sz002616,长青集团,4.75,-0.05,-1.042,4.74,4.75,4.8,4.81,4.81,4.68,11374700.0,53720096.0,15:45:00,2026-08-14
sz002617,露笑科技,6.29,-0.04,-0.632,6.29,6.3,6.33,6.32,6.38,6.24,58803870.0,369919802.0,15:45:15,2026-08-14
sz002620,*ST瑞和,5.2,0.05,0.971,5.19,5.2,5.15,5.08,5.25,5.04,6092800.0,31279657.0,15:45:30,2026-08-14
sz002622,皓宸医疗,2.51,-0.02,-0.791,2.51,2.52,2.53,2.53,2.56,2.46,37025200.0,92600108.0,15:44:45,2026-08-14
sz002623,亚玛顿,15.92,-0.38,-2.331,15.92,15.93,16.3,16.3,16.3,15.78,3289480.0,52529990.0,15:45:00,2026-08-14
sz002624,完美世界,11.66,-0.1,-0.85,11.66,11.67,11.76,11.58,11.84,11.23,71840984.0,826852040.0,15:45:15,2026-08-14
sz002625,光启技术,30.43,-0.46,-1.489,30.43,30.44,30.89,30.64,31.0,30.21,19794582.0,604764466.0,15:45:30,2026-08-14
sz002626,金达威,16.1,-0.3,-1.829,16.1,16.11,16.4,16.49,16.62,16.03,7671939.0,124496086.0,15:44:45,2026-08-14
sz002627,三峡旅游,6.4,-0.03,-0.467,6.39,6.4,6.43,6.46,6.48,6.35,5524338.0,35333906.0,15:45:00,2026-08-14
sz002628,成都路桥,5.56,0.51,10.099,5.56,0.0,5.05,5.07,5.56,5.02,54783518.0,291031609.0,15:45:15,2026-08-14
sz002629,仁智股份,4.68,0.01,0.214,4.67,4.68,4.67,4.67,4.75,4.59,7465400.0,34666646.0,15:45:30,2026-08-14
sz002630,*ST华西,1.68,-0.02,-1.176,1.68,1.69,1.7,1.7,1.72,1.66,8307500.0,14010956.0,15:44:45,2026-08-14
sz002631,德尔未来,9.15,0.37,4.214,9.15,9.16,8.78,8.8,9.24,8.6,27653923.0,245952299.0,15:45:00,2026-08-14
sz002632,道明光学,8.53,0.26,3.144,8.53,8.54,8.27,8.35,8.54,8.29,21355108.0,180330635.0,15:45:15,2026-08-14
sz002633,申科股份,14.49,0.0,0.0,14.47,14.49,14.49,14.5,14.6,14.35,1506600.0,21805018.0,15:45:30,2026-08-14
sz002634,*ST棒杰,4.32,-0.01,-0.231,4.32,4.33,4.33,4.37,4.37,4.26,2771100.0,11921794.0,15:44:45,2026-08-14
sz002635,安洁科技,15.93,0.5,3.24,15.93,15.94,15.43,15.5,16.15,15.45,19955462.0,316621239.0,15:45:00,2026-08-14
sz002636,金安国纪,67.79,2.21,3.37,67.78,67.79,65.58,66.02,68.72,65.11,53106747.0,3558104924.0,15:45:15,2026-08-14
sz002637,赞宇科技,10.71,0.32,3.08,10.7,10.71,10.39,10.48,10.74,10.27,11434613.0,120746303.0,15:45:30,2026-08-14
sz002638,勤上股份,3.54,0.02,0.568,3.54,3.55,3.52,3.5,3.59,3.36,30935853.0,108218098.0,15:44:45,2026-08-14
sz002639,雪人集团,12.16,-0.07,-0.572,12.15,12.16,12.23,12.23,12.28,11.98,19348923.0,234470339.0,15:45:00,2026-08-14
sz002640,跨境通,3.31,-0.09,-2.647,3.31,3.32,3.4,3.4,3.42,3.23,101582400.0,334487542.0,15:45:15,2026-08-14
sz002641,公元股份,3.87,-0.02,-0.514,3.87,3.88,3.89,3.88,3.92,3.86,5394860.0,20961156.0,15:45:30,2026-08-14
sz002642,荣联科技,7.43,0.04,0.541,7.43,7.44,7.39,7.38,7.47,7.27,14588773.0,107670457.0,15:44:45,2026-08-14
sz002643,万润股份,14.27,0.42,3.032,14.26,14.27,13.85,13.88,14.35,13.85,24838334.0,352638625.0,15:45:00,2026-08-14
sz002644,佛慈制药,8.49,-0.31,-3.523,8.49,8.5,8.8,8.85,8.95,8.4,37512058.0,324466183.0,15:45:15,2026-08-14
sz002645,华宏科技,21.48,1.95,9.985,21.48,0.0,19.53,19.61,21.48,19.61,50302447.0,1049041068.0,15:45:30,2026-08-14
sz002646,天佑德酒,7.04,-0.08,-1.124,7.03,7.04,7.12,7.12,7.14,6.97,5364398.0,37667666.0,15:44:45,2026-08-14
sz002647,仁东控股,11.47,0.18,1.594,11.47,11.48,11.29,11.39,11.49,11.09,23185500.0,262447151.0,15:45:00,2026-08-14
sz002648,卫星化学,25.26,-0.2,-0.786,25.26,25.27,25.46,25.46,25.78,25.15,35359777.0,896645445.0,15:45:15,2026-08-14
sz002649,博彦科技,10.11,-0.12,-1.173,10.11,10.12,10.23,10.28,10.72,9.87,43319361.0,441417300.0,15:45:30,2026-08-14
sz002650,ST加加,6.26,0.01,0.16,6.25,6.26,6.25,6.24,6.32,6.12,3551890.0,22065917.0,15:44:45,2026-08-14
sz002651,利君股份,8.39,0.76,9.961,8.39,0.0,7.63,7.62,8.39,7.6,17838757.0,146682212.0,15:45:00,2026-08-14
sz002652,扬子新材,3.96,0.01,0.253,3.95,3.96,3.95,3.97,3.98,3.88,10137760.0,39779202.0,15:45:15,2026-08-14
sz002653,海思科,69.38,0.5,0.726,69.37,69.38,68.88,68.5,70.13,67.38,5689794.0,391777280.0,15:45:30,2026-08-14
sz002654,万润科技,13.88,0.81,6.197,13.88,13.89,13.07,13.28,14.06,13.21,69484282.0,950041396.0,15:44:45,2026-08-14
sz002655,共达电声,33.99,1.97,6.152,33.99,34.0,32.02,32.09,34.0,31.68,30651950.0,1003033739.0,15:45:00,2026-08-14
sz002656,摩登大道,2.98,-0.02,-0.667,2.97,2.98,3.0,3.0,3.01,2.93,9591900.0,28416399.0,15:45:15,2026-08-14
sz002657,中科金财,15.61,-0.15,-0.952,15.6,15.61,15.76,15.78,15.93,15.35,9381800.0,146218296.0,15:45:30,2026-08-14
sz002658,雪迪龙,8.23,0.75,10.027,8.23,0.0,7.48,7.48,8.23,7.44,22976960.0,183961901.0,15:44:45,2026-08-14
sz002659,凯文教育,4.58,-0.09,-1.927,4.58,4.59,4.67,4.63,4.7,4.52,17054200.0,78226189.0,15:45:00,2026-08-14
sz002660,茂硕电源,7.31,-0.06,-0.814,7.3,7.31,7.37,7.4,7.44,7.26,3990547.0,29256537.0,15:45:15,2026-08-14
sz002661,克明食品,7.72,-0.03,-0.387,7.72,7.73,7.75,7.79,7.79,7.62,2415100.0,18593866.0,15:45:30,2026-08-14
sz002662,峰璟股份,3.24,-0.02,-0.613,3.23,3.24,3.26,3.27,3.28,3.21,9514744.0,30769059.0,15:44:45,2026-08-14
sz002663,普邦股份,1.66,-0.01,-0.599,1.65,1.66,1.67,1.67,1.68,1.61,31662300.0,52017498.0,15:45:00,2026-08-14
sz002664,信质集团,16.32,-0.1,-0.609,16.32,16.33,16.42,16.55,16.6,16.19,3125032.0,51050011.0,15:45:15,2026-08-14
sz002666,德联集团,4.23,0.04,0.955,4.23,4.24,4.19,4.17,4.23,4.15,8123100.0,34083305.0,15:45:30,2026-08-14
sz002667,*ST威领,13.74,0.14,1.029,13.74,13.75,13.6,13.43,14.25,13.35,14596300.0,203610336.0,15:44:45,2026-08-14
sz002668,TCL智家,9.84,-0.31,-3.054,9.84,9.85,10.15,10.12,10.21,9.81,19408906.0,193857536.0,15:45:00,2026-08-14
sz002669,康达新材,12.44,0.24,1.967,12.43,12.44,12.2,12.23,12.46,12.2,11803800.0,145604722.0,15:45:15,2026-08-14
sz002670,国盛证券,11.15,-0.16,-1.415,11.15,11.16,11.31,11.3,11.36,11.11,18392275.0,205536349.0,15:45:30,2026-08-14
sz002671,龙泉股份,3.92,0.0,0.0,3.92,3.94,3.92,3.94,3.95,3.88,8854100.0,34616376.0,15:44:45,2026-08-14
sz002672,东江环保,3.6,-0.02,-0.552,3.6,3.61,3.62,3.6,3.63,3.55,6509800.0,23341510.0,15:45:00,2026-08-14
sz002673,西部证券,6.63,-0.06,-0.897,6.63,6.64,6.69,6.68,6.72,6.61,22657718.0,150593415.0,15:45:15,2026-08-14
sz002674,兴业科技,29.62,1.16,4.076,29.61,29.62,28.46,28.64,31.31,28.63,33953762.0,1025914481.0,15:45:30,2026-08-14
sz002675,东诚药业,13.17,-0.14,-1.052,13.17,13.18,13.31,13.29,13.44,13.11,8032940.0,106368908.0,15:44:45,2026-08-14
sz002676,顺威股份,4.99,0.01,0.201,4.99,5.0,4.98,4.98,5.01,4.93,6870400.0,34117543.0,15:45:00,2026-08-14
sz002677,浙江美大,7.12,-0.16,-2.198,7.11,7.12,7.28,7.28,7.28,7.0,9784146.0,69671733.0,15:45:15,2026-08-14
sz002678,珠江钢琴,4.63,-0.06,-1.279,4.62,4.63,4.69,4.67,4.72,4.6,5600330.0,25978451.0,15:45:30,2026-08-14
sz002679,福建金森,8.96,0.01,0.112,8.96,8.97,8.95,8.93,9.03,8.83,2323112.0,20724478.0,15:44:45,2026-08-14
sz002681,奋达科技,4.49,-0.09,-1.965,4.49,4.5,4.58,4.57,4.6,4.47,29376223.0,132658573.0,15:45:00,2026-08-14
sz002682,龙洲股份,4.64,-0.48,-9.375,4.64,4.65,5.12,4.89,5.0,4.61,98355951.0,461109081.0,15:45:15,2026-08-14
sz002683,广东宏大,28.42,-0.38,-1.319,28.42,28.43,28.8,28.82,29.1,28.41,5868700.0,168026901.0,15:45:30,2026-08-14
sz002685,华东重机,5.81,-0.19,-3.167,5.8,5.81,6.0,5.96,5.99,5.75,51017698.0,296550393.0,15:44:45,2026-08-14
sz002686,亿利达,6.39,0.12,1.914,6.39,6.4,6.27,6.22,6.39,6.08,23194875.0,144835728.0,15:45:00,2026-08-14
sz002687,乔治白,6.54,0.39,6.341,6.54,6.55,6.15,6.15,6.59,6.15,43532531.0,277920136.0,15:45:15,2026-08-14
sz002688,金河生物,5.2,-0.03,-0.574,5.19,5.2,5.23,5.22,5.27,5.17,5987700.0,31156163.0,15:45:30,2026-08-14
sz002689,ST远智,2.78,0.01,0.361,2.78,2.79,2.77,2.78,2.8,2.75,4204920.0,11662515.0,15:44:45,2026-08-14
sz002690,美亚光电,15.25,0.14,0.927,15.25,15.27,15.11,15.11,15.32,14.93,7011854.0,105785633.0,15:45:00,2026-08-14
sz002691,*ST冀凯,4.28,0.06,1.422,4.27,4.28,4.22,4.28,4.34,4.21,1840100.0,7851977.0,15:45:15,2026-08-14
sz002692,远程股份,4.2,-0.04,-0.943,4.19,4.2,4.24,4.23,4.25,4.14,9091700.0,38024388.0,15:45:30,2026-08-14
sz002693,双成药业,9.94,-0.03,-0.301,9.94,9.95,9.97,10.04,10.16,9.73,18251400.0,180897660.0,15:44:45,2026-08-14
sz002694,*ST顾地,2.1,-0.04,-1.869,2.09,2.1,2.14,2.14,2.19,2.08,3919060.0,8287389.0,15:45:00,2026-08-14
sz002695,煌上煌,11.07,0.02,0.181,11.07,11.08,11.05,11.0,11.12,10.91,7335400.0,80859268.0,15:45:15,2026-08-14
sz002696,百洋股份,6.26,0.1,1.623,6.26,6.27,6.16,6.16,6.46,6.14,25296890.0,158783280.0,15:45:30,2026-08-14
sz002697,红旗连锁,4.64,-0.05,-1.066,4.64,4.65,4.69,4.7,4.7,4.62,14418697.0,66920771.0,15:44:45,2026-08-14
sz002698,博实股份,12.72,-1.26,-9.013,12.71,12.72,13.98,13.94,14.04,12.58,49343008.0,646296306.0,15:45:00,2026-08-14
sz002700,万憬能源,6.1,0.05,0.826,6.1,6.11,6.05,6.05,6.16,5.97,5718100.0,34764264.0,15:45:15,2026-08-14
sz002701,奥瑞金,4.77,-0.05,-1.037,4.77,4.78,4.82,4.85,4.85,4.77,14860044.0,71302868.0,15:45:30,2026-08-14
sz002702,海欣食品,4.97,-0.19,-3.682,4.97,4.98,5.16,5.15,5.2,4.91,43544500.0,216763133.0,15:44:45,2026-08-14
sz002703,浙江世宝,14.62,0.12,0.828,14.61,14.62,14.5,14.44,14.99,14.28,37651555.0,551378952.0,15:45:00,2026-08-14
sz002705,新宝股份,11.57,-0.17,-1.448,11.57,11.58,11.74,11.72,11.75,11.53,6119753.0,71083355.0,15:45:15,2026-08-14
sz002706,良信股份,10.01,0.02,0.2,10.01,10.02,9.99,9.82,10.17,9.67,87621012.0,873110664.0,15:45:30,2026-08-14
sz002707,众信旅游,5.12,-0.05,-0.967,5.12,5.13,5.17,5.17,5.19,5.07,13786519.0,70550006.0,15:44:45,2026-08-14
sz002708,光洋股份,11.82,0.52,4.602,11.81,11.82,11.3,11.32,11.84,11.21,25869977.0,298432797.0,15:45:00,2026-08-14
sz002709,天赐材料,39.47,0.66,1.701,39.47,39.48,38.81,38.81,40.39,38.81,63852299.0,2529160744.0,15:45:15,2026-08-14
sz002712,思美传媒,4.78,-0.07,-1.443,4.77,4.78,4.85,4.87,4.9,4.67,16462800.0,78114367.0,15:45:30,2026-08-14
sz002713,东易日盛,10.3,0.15,1.478,10.29,10.3,10.15,10.3,10.34,10.0,17831876.0,181820107.0,15:44:45,2026-08-14
sz002714,牧原股份,39.29,-0.86,-2.142,39.29,39.3,40.15,40.0,40.1,39.03,44104804.0,1738833070.0,15:45:00,2026-08-14
sz002715,登云股份,14.45,0.04,0.278,14.44,14.45,14.41,14.6,14.75,14.29,4907087.0,70739636.0,15:45:15,2026-08-14
sz002716,湖南白银,8.9,-0.16,-1.766,8.9,8.91,9.06,8.86,9.0,8.62,181374841.0,1604897850.0,15:45:30,2026-08-14
sz002717,*ST岭南,1.03,0.0,0.0,1.03,1.04,1.03,1.03,1.04,1.02,32702785.0,33658039.0,15:44:45,2026-08-14
sz002718,友邦吊顶,90.34,3.34,3.839,90.31,90.34,87.0,87.0,90.5,84.55,909160.0,79208382.0,15:45:00,2026-08-14
sz002719,ST麦趣,6.16,0.05,0.818,6.16,6.17,6.11,6.13,6.22,6.05,2327600.0,14290640.0,15:45:15,2026-08-14
sz002721,金一文化,2.68,-0.15,-5.3,2.68,2.69,2.83,2.81,2.84,2.64,177432090.0,478358352.0,15:45:30,2026-08-14
sz002722,物产金轮,12.72,-0.05,-0.392,12.71,12.72,12.77,12.73,12.88,12.63,1727414.0,21966209.0,15:44:45,2026-08-14
sz002723,小崧股份,7.2,0.17,2.418,7.19,7.2,7.03,7.01,7.29,6.97,8966500.0,63924725.0,15:45:00,2026-08-14
sz002724,海洋王,6.78,0.62,10.065,6.78,0.0,6.16,6.76,6.78,6.75,19724700.0,133662850.0,15:45:15,2026-08-14
sz002725,跃岭股份,11.76,0.14,1.205,11.76,11.77,11.62,11.55,12.07,11.55,5802500.0,68163632.0,15:45:30,2026-08-14
sz002726,ST龙大,2.33,0.21,9.906,2.33,0.0,2.12,2.16,2.33,2.12,122507724.0,276677163.0,15:44:45,2026-08-14
sz002727,一心堂,11.97,-0.09,-0.746,11.97,11.99,12.06,12.0,12.39,11.93,15832337.0,191240534.0,15:45:00,2026-08-14
sz002728,特一药业,9.4,-0.09,-0.948,9.4,9.41,9.49,9.44,9.58,9.26,19269632.0,181108197.0,15:45:15,2026-08-14
sz002729,好利科技,13.87,-0.19,-1.351,13.87,13.88,14.06,14.06,14.13,13.77,4028356.0,56029337.0,15:45:30,2026-08-14
sz002730,电光科技,23.79,-0.02,-0.084,23.79,23.8,23.81,23.75,24.14,23.39,6992900.0,165766178.0,15:44:45,2026-08-14
sz002731,*ST萃华,1.58,-0.1,-5.952,1.58,1.59,1.68,1.65,1.66,1.57,27762847.0,44925881.0,15:45:00,2026-08-14
sz002732,燕塘乳业,13.69,-0.12,-0.869,13.69,13.73,13.81,13.9,13.9,13.6,1555300.0,21309153.0,15:45:15,2026-08-14
sz002733,雄韬股份,19.52,0.12,0.619,19.51,19.52,19.4,19.56,19.68,19.28,10188216.0,198324943.0,15:45:30,2026-08-14
sz002734,利民股份,15.44,0.0,0.0,15.43,15.44,15.44,15.43,15.55,15.27,8745723.0,134813754.0,15:44:45,2026-08-14
sz002735,王子新材,11.92,0.02,0.168,11.92,11.93,11.9,12.0,12.07,11.7,11994100.0,142068489.0,15:45:00,2026-08-14
sz002736,国信证券,10.0,-0.11,-1.088,10.0,10.01,10.11,10.1,10.14,9.98,28130187.0,281940787.0,15:45:15,2026-08-14
sz002737,葵花药业,13.51,-0.12,-0.88,13.47,13.52,13.63,13.62,13.72,13.34,5844800.0,78927497.0,15:45:30,2026-08-14
sz002738,中矿资源,54.1,1.7,3.244,54.1,54.12,52.4,52.6,54.98,52.6,20663199.0,1112360641.0,15:44:45,2026-08-14
sz002739,儒意电影,9.59,-0.64,-6.256,9.59,9.6,10.23,10.02,10.2,9.49,227899985.0,2214863450.0,15:45:00,2026-08-14
sz002741,光华科技,25.55,0.34,1.349,25.54,25.55,25.21,25.5,25.73,24.9,22757512.0,578502921.0,15:45:15,2026-08-14
sz002742,冀衡医药,4.27,-0.08,-1.839,4.27,4.28,4.35,4.35,4.53,4.23,20876900.0,90326953.0,15:45:30,2026-08-14
sz002743,富煌钢构,4.01,0.01,0.25,3.99,4.01,4.0,3.98,4.02,3.93,6230100.0,24786740.0,15:44:45,2026-08-14
sz002745,木林森,11.75,0.09,0.772,11.75,11.76,11.66,11.89,11.92,11.51,49549792.0,581417546.0,15:45:00,2026-08-14
sz002746,仙坛股份,6.12,-0.12,-1.923,6.12,6.13,6.24,6.21,6.26,6.1,17416700.0,107214878.0,15:45:15,2026-08-14
sz002747,埃斯顿,34.75,0.08,0.231,34.75,34.76,34.67,34.65,34.92,33.84,51935563.0,1784665094.0,15:45:30,2026-08-14
sz002748,世龙实业,11.76,-0.1,-0.843,11.76,11.77,11.86,11.94,11.98,11.66,4207600.0,49512306.0,15:44:45,2026-08-14
sz002749,国光股份,8.63,0.03,0.349,8.63,8.64,8.6,8.6,8.67,8.4,3183310.0,27302718.0,15:45:00,2026-08-14
sz002752,昇兴股份,5.94,0.03,0.508,5.93,5.94,5.91,5.92,5.96,5.87,8034200.0,47486970.0,15:45:15,2026-08-14
sz002753,永东股份,6.27,0.04,0.642,6.27,6.28,6.23,6.2,6.32,6.2,2317400.0,14516717.0,15:45:30,2026-08-14
sz002755,奥赛康,13.74,-0.18,-1.293,13.74,13.75,13.92,13.93,14.13,13.6,9772051.0,135184512.0,15:44:45,2026-08-14
sz002756,永兴材料,48.33,0.47,0.982,48.33,48.34,47.86,48.01,49.73,47.86,11352787.0,551193944.0,15:45:00,2026-08-14
sz002757,南兴股份,18.01,0.57,3.268,18.01,18.02,17.44,17.46,18.19,17.27,24475000.0,433815544.0,15:45:15,2026-08-14
sz002758,浙农股份,7.82,0.01,0.128,7.81,7.82,7.81,7.8,7.86,7.72,3920800.0,30588775.0,15:45:30,2026-08-14
sz002759,ST天际,19.51,0.03,0.154,19.51,19.52,19.48,19.24,19.98,19.07,27122691.0,533045285.0,15:44:45,2026-08-14
sz002760,凤形股份,17.56,0.1,0.573,17.54,17.56,17.46,17.41,17.77,17.39,2616800.0,45846211.0,15:45:00,2026-08-14
sz002761,浙江建投,7.19,-0.11,-1.507,7.19,7.2,7.3,7.3,7.32,7.18,8510475.0,61456813.0,15:45:15,2026-08-14
sz002762,金发拉比,10.18,0.05,0.494,10.18,10.19,10.13,10.08,10.8,10.08,26953740.0,278794195.0,15:45:30,2026-08-14
sz002763,汇洁股份,7.53,0.04,0.534,7.53,7.54,7.49,7.48,7.58,7.43,4540700.0,34138332.0,15:44:45,2026-08-14
sz002765,蓝黛科技,7.19,0.0,0.0,7.19,7.21,7.19,7.2,7.27,7.11,7287100.0,52370133.0,15:45:00,2026-08-14
sz002766,索菱股份,4.5,0.41,10.024,4.5,0.0,4.09,4.09,4.5,4.06,72636190.0,314007478.0,15:45:15,2026-08-14
sz002767,先锋电子,18.18,0.08,0.442,18.18,18.2,18.1,18.01,18.36,17.8,3341300.0,60349132.0,15:45:30,2026-08-14
sz002768,国恩股份,59.64,-0.35,-0.583,59.64,59.75,59.99,59.62,61.2,58.3,8574208.0,510532648.0,15:44:45,2026-08-14
sz002769,普路通,7.01,-0.04,-0.567,7.01,7.02,7.05,7.08,7.12,6.94,4778950.0,33518902.0,15:45:00,2026-08-14
sz002771,真视通,12.95,0.02,0.155,12.94,12.95,12.93,12.92,13.07,12.7,4471200.0,57543917.0,15:45:15,2026-08-14
sz002772,众兴菌业,10.48,-0.09,-0.851,10.48,10.49,10.57,10.56,10.59,10.33,8025000.0,83872537.0,15:45:30,2026-08-14
sz002773,康弘药业,22.65,-0.4,-1.735,22.64,22.65,23.05,22.98,23.14,22.55,7216125.0,164261623.0,15:44:45,2026-08-14
sz002774,快意电梯,17.55,1.6,10.031,17.55,0.0,15.95,15.86,17.55,15.7,11257350.0,192939695.0,15:45:00,2026-08-14
sz002775,文科股份,3.64,-0.07,-1.887,3.63,3.64,3.71,3.75,3.77,3.55,20609808.0,74848464.0,15:45:15,2026-08-14
sz002777,久远银海,12.9,-0.11,-0.846,12.9,12.91,13.01,13.05,13.18,12.67,10026700.0,128770343.0,15:45:30,2026-08-14
sz002778,中晟高科,15.69,0.07,0.448,15.68,15.69,15.62,15.67,15.91,15.45,1376310.0,21470135.0,15:44:45,2026-08-14
sz002779,中坚科技,76.3,-2.7,-3.418,76.3,76.34,79.0,78.97,78.97,75.45,3336827.0,255622622.0,15:45:00,2026-08-14
sz002780,三夫户外,13.27,0.08,0.607,13.27,13.28,13.19,13.18,13.31,13.09,3086800.0,40745084.0,15:45:15,2026-08-14
sz002782,可立克,15.89,0.13,0.825,15.88,15.89,15.76,15.86,15.96,15.51,9888625.0,155578624.0,15:45:30,2026-08-14
sz002783,凯龙股份,7.75,-0.03,-0.386,7.74,7.75,7.78,7.78,7.91,7.68,11720200.0,91143003.0,15:44:45,2026-08-14
sz002785,万里石,34.93,1.1,3.252,34.93,34.94,33.83,33.66,35.05,33.66,4664891.0,161489478.0,15:45:00,2026-08-14
sz002786,银宝山新,7.78,-0.01,-0.128,7.78,7.79,7.79,7.79,7.85,7.71,5174340.0,40183119.0,15:45:15,2026-08-14
sz002787,华源控股,21.45,0.06,0.281,21.44,21.45,21.39,21.5,21.76,20.96,10036400.0,214334291.0,15:45:30,2026-08-14
sz002788,鹭燕医药,11.76,0.02,0.17,11.75,11.76,11.74,11.75,11.89,11.47,21740900.0,253462181.0,15:44:45,2026-08-14
sz002789,*ST建艺,10.15,-0.04,-0.393,10.15,10.16,10.19,10.06,10.34,10.01,1290700.0,13078345.0,15:45:00,2026-08-14
sz002790,瑞尔特,5.8,-0.03,-0.515,5.8,5.81,5.83,5.85,5.88,5.73,3697080.0,21472192.0,15:45:15,2026-08-14
sz002791,坚朗五金,15.04,-0.33,-2.147,15.03,15.04,15.37,15.38,15.38,14.92,4068206.0,61270751.0,15:45:30,2026-08-14
sz002792,通宇通讯,36.34,-2.29,-5.928,36.34,36.35,38.63,37.86,39.54,35.16,79226530.0,2913560383.0,15:44:45,2026-08-14
sz002793,罗欣药业,5.29,0.01,0.189,5.29,5.3,5.28,5.27,5.42,5.2,43802500.0,231840823.0,15:45:00,2026-08-14
sz002795,永和智控,7.14,-0.25,-3.383,7.14,7.15,7.39,7.45,7.53,7.1,26420800.0,190820293.0,15:45:15,2026-08-14
sz002796,世嘉科技,31.71,0.23,0.731,31.71,31.72,31.48,31.51,32.1,30.75,7076860.0,222352340.0,15:45:30,2026-08-14
sz002797,第一创业,6.48,-0.11,-1.669,6.48,6.49,6.59,6.57,6.61,6.48,49256466.0,321191565.0,15:44:45,2026-08-14
sz002798,帝欧水华,5.85,0.06,1.036,5.83,5.85,5.79,5.81,5.9,5.73,6809600.0,39650135.0,15:45:00,2026-08-14
sz002799,环球印务,6.79,-0.09,-1.308,6.79,6.8,6.88,6.93,6.93,6.7,6112492.0,41376192.0,15:45:15,2026-08-14
sz002800,天顺股份,13.32,-0.14,-1.04,13.32,13.33,13.46,13.47,13.53,13.21,2277440.0,30376371.0,15:45:30,2026-08-14
sz002801,微光股份,27.35,-0.32,-1.156,27.35,27.36,27.67,27.67,27.97,27.12,2135000.0,58514890.0,15:44:45,2026-08-14
sz002802,洪汇新材,11.43,0.01,0.088,11.43,11.47,11.42,11.47,11.54,11.34,1833700.0,20947455.0,15:45:00,2026-08-14
sz002803,吉宏股份,19.48,-0.12,-0.612,19.48,19.49,19.6,19.85,19.96,19.26,10080427.0,197243716.0,15:45:15,2026-08-14
sz002805,丰元股份,19.95,-0.05,-0.25,19.95,19.96,20.0,20.0,20.37,19.62,15301988.0,305380511.0,15:45:30,2026-08-14
sz002806,华锋股份,14.25,0.19,1.351,14.24,14.25,14.06,14.0,14.65,13.97,6215629.0,88921199.0,15:44:45,2026-08-14
sz002807,江阴银行,3.89,-0.06,-1.519,3.89,3.9,3.95,3.93,3.94,3.88,41382067.0,161542928.0,15:45:00,2026-08-14
sz002809,红墙股份,8.28,0.02,0.242,8.28,8.29,8.26,8.29,8.31,8.14,4372615.0,35941690.0,15:45:15,2026-08-14
sz002810,山东赫达,20.13,-0.01,-0.05,20.13,20.14,20.14,20.2,20.48,19.9,3879300.0,78131413.0,15:45:30,2026-08-14
sz002811,郑中设计,11.3,1.03,10.029,11.3,0.0,10.27,10.35,11.3,10.23,8614100.0,93690499.0,15:44:45,2026-08-14
sz002812,恩捷股份,56.55,0.25,0.444,56.55,56.56,56.3,56.55,58.88,56.33,22891688.0,1311418362.0,15:45:00,2026-08-14
sz002813,路畅科技,20.67,-0.06,-0.289,20.67,20.72,20.73,20.83,21.06,20.54,1458500.0,30246008.0,15:45:15,2026-08-14
sz002815,崇达技术,13.03,0.27,2.116,13.02,13.03,12.76,12.94,13.05,12.76,24225199.0,313373746.0,15:45:30,2026-08-14
sz002816,*ST和科,26.62,0.03,0.113,26.6,26.62,26.59,26.47,26.75,25.96,1041900.0,27478467.0,15:44:45,2026-08-14
sz002817,黄山胶囊,6.56,0.01,0.153,6.56,6.58,6.55,6.55,6.64,6.5,4479668.0,29357273.0,15:45:00,2026-08-14
sz002818,富森美,10.85,0.0,0.0,10.84,10.85,10.85,10.85,10.86,10.74,2056980.0,22204772.0,15:45:15,2026-08-14
sz002819,东方中科,20.58,0.06,0.292,20.58,20.6,20.52,20.52,20.89,20.35,1775200.0,36590035.0,15:45:30,2026-08-14
sz002820,桂发祥,10.14,0.92,9.978,10.14,0.0,9.22,9.21,10.14,8.96,13820220.0,133831257.0,15:44:45,2026-08-14
sz002821,凯莱英,171.2,-2.61,-1.502,171.2,171.21,173.81,172.0,175.29,167.3,11747748.0,2007990997.0,15:45:00,2026-08-14
sz002822,ST中装,3.19,0.0,0.0,3.18,3.19,3.19,3.2,3.22,3.16,5808100.0,18467669.0,15:45:15,2026-08-14
sz002823,凯中精密,13.72,-0.57,-3.989,13.72,13.73,14.29,14.05,14.1,13.44,13853004.0,189610726.0,15:45:30,2026-08-14
sz002824,和胜股份,24.96,1.56,6.667,24.96,24.97,23.4,23.61,25.12,23.27,19230177.0,468222350.0,15:44:45,2026-08-14
sz002825,纳尔股份,9.3,0.0,0.0,9.23,9.3,9.3,9.39,9.42,9.19,4508380.0,41974622.0,15:45:00,2026-08-14
sz002826,易明医药,17.67,0.04,0.227,17.67,17.68,17.63,17.71,18.4,17.28,5497600.0,97252001.0,15:45:15,2026-08-14
sz002827,高争民爆,56.74,1.64,2.976,56.73,56.74,55.1,55.0,57.99,53.01,18563816.0,1041364048.0,15:45:30,2026-08-14
sz002828,贝肯能源,11.78,-0.26,-2.159,11.77,11.78,12.04,11.97,11.97,11.24,21971700.0,255326115.0,15:44:45,2026-08-14
sz002829,星网宇达,21.05,-0.38,-1.773,21.04,21.05,21.43,21.4,21.73,20.72,9355300.0,197628349.0,15:45:00,2026-08-14
sz002830,名雕股份,13.78,-0.07,-0.505,13.78,13.79,13.85,13.84,13.9,13.61,2861700.0,39316038.0,15:45:15,2026-08-14
sz002831,裕同科技,27.04,-0.69,-2.488,27.04,27.05,27.73,27.73,27.98,26.56,14764732.0,399006932.0,15:45:30,2026-08-14
sz002832,比音勒芬,26.08,-0.06,-0.23,26.07,26.08,26.14,26.31,26.32,25.56,8561741.0,222346756.0,15:44:45,2026-08-14
sz002833,弘亚数控,18.29,0.21,1.162,18.29,18.3,18.08,17.98,18.37,17.91,2974416.0,54080949.0,15:45:00,2026-08-14
sz002835,同为股份,12.74,0.51,4.17,12.74,12.75,12.23,12.23,13.25,12.2,6062075.0,77157058.0,15:45:15,2026-08-14
sz002836,新宏泽,9.89,0.02,0.203,9.88,9.89,9.87,9.84,9.97,9.75,1596268.0,15737334.0,15:45:30,2026-08-14
sz002837,英维克,57.09,1.64,2.958,57.08,57.09,55.45,56.12,57.37,56.01,36490311.0,2071512774.0,15:44:45,2026-08-14
sz002838,道恩股份,24.72,0.2,0.816,24.71,24.72,24.52,24.66,24.84,24.21,6056119.0,148664599.0,15:45:00,2026-08-14
sz002839,张家港行,4.26,-0.04,-0.93,4.26,4.28,4.3,4.3,4.31,4.25,27336568.0,116956472.0,15:45:15,2026-08-14
sz002840,华统股份,8.29,-0.25,-2.927,8.29,8.3,8.54,8.57,8.57,8.14,20870559.0,173360875.0,15:45:30,2026-08-14
sz002841,视源股份,49.73,-0.27,-0.54,49.73,49.75,50.0,50.4,51.12,49.2,5693244.0,283594960.0,15:44:45,2026-08-14
sz002842,翔鹭钨业,39.72,-0.08,-0.201,39.72,39.73,39.8,39.8,40.6,38.79,40948486.0,1624057935.0,15:45:00,2026-08-14
sz002843,泰嘉股份,16.35,-0.11,-0.668,16.33,16.36,16.46,16.32,16.56,16.05,6026680.0,98085923.0,15:45:15,2026-08-14
sz002845,同兴达,13.11,0.21,1.628,13.1,13.11,12.9,12.95,13.12,12.9,7123321.0,92683302.0,15:45:30,2026-08-14
sz002846,英联股份,10.7,-0.02,-0.187,10.7,10.71,10.72,10.7,10.81,10.54,6899028.0,73493565.0,15:44:45,2026-08-14
sz002847,盐津铺子,47.67,-1.46,-2.972,47.67,47.68,49.13,49.01,49.05,47.5,5215387.0,250644932.0,15:45:00,2026-08-14
sz002848,高斯贝尔,12.98,-0.11,-0.84,12.98,12.99,13.09,13.09,13.24,12.76,4508800.0,58357961.0,15:45:15,2026-08-14
sz002849,威星智能,16.87,0.0,0.0,16.85,16.87,16.87,17.07,17.12,16.58,4765200.0,80194664.0,15:45:30,2026-08-14
sz002850,科达利,183.56,-7.13,-3.739,183.56,183.62,190.69,190.13,191.67,179.34,5907293.0,1090638269.0,15:44:45,2026-08-14
sz002851,麦格米特,131.4,-0.46,-0.349,131.4,131.41,131.86,132.1,134.5,128.62,31017231.0,4067273768.0,15:45:00,2026-08-14
sz002852,道道全,7.76,-0.02,-0.257,7.75,7.76,7.78,7.78,7.81,7.66,3478145.0,26888397.0,15:45:15,2026-08-14
sz002853,皮阿诺,20.62,-0.68,-3.192,20.6,20.62,21.3,21.34,21.41,20.37,2407200.0,49993347.0,15:45:30,2026-08-14
sz002855,捷荣技术,10.02,-0.05,-0.497,10.01,10.02,10.07,10.09,10.19,9.9,2156464.0,21554592.0,15:44:45,2026-08-14
sz002856,*ST美芝,14.14,-0.11,-0.772,14.13,14.14,14.25,14.04,14.25,13.71,4677680.0,65362080.0,15:45:00,2026-08-14
sz002857,三晖电气,18.5,0.84,4.757,18.5,18.51,17.66,17.6,18.55,17.4,6834100.0,124381767.0,15:45:15,2026-08-14
sz002858,力盛体育,11.66,-0.05,-0.427,11.66,11.67,11.71,11.71,11.83,11.54,3028400.0,35254882.0,15:45:30,2026-08-14
sz002859,洁美科技,73.06,-1.73,-2.313,73.06,73.07,74.79,74.47,75.83,72.01,24656489.0,1810638048.0,15:44:45,2026-08-14
sz002860,星帅尔,16.31,-0.3,-1.806,16.31,16.32,16.61,16.63,16.71,16.11,9316639.0,152398027.0,15:45:00,2026-08-14
sz002861,瀛通通讯,16.84,0.42,2.558,16.84,16.85,16.42,16.46,16.93,16.43,3622590.0,60529697.0,15:45:15,2026-08-14
sz002862,实丰文化,13.89,0.08,0.579,13.88,13.89,13.81,13.78,13.92,13.54,3594732.0,49406659.0,15:45:30,2026-08-14
sz002863,今飞凯达,4.54,0.05,1.114,4.53,4.54,4.49,4.51,4.54,4.46,9175650.0,41284230.0,15:44:45,2026-08-14
sz002864,盘龙药业,22.4,-0.06,-0.267,22.4,22.41,22.46,22.34,22.92,22.12,3890933.0,87555352.0,15:45:00,2026-08-14
sz002865,钧达股份,44.95,-0.36,-0.795,44.94,44.95,45.31,45.31,46.0,43.86,6378298.0,284715770.0,15:45:15,2026-08-14
sz002866,传艺科技,15.71,0.08,0.512,15.7,15.71,15.63,15.63,15.96,15.5,7045000.0,110488210.0,15:45:30,2026-08-14
sz002867,周大生,12.33,-0.13,-1.043,12.32,12.33,12.46,12.46,12.46,12.3,3702850.0,45814621.0,15:44:45,2026-08-14
sz002868,绿康生化,22.73,-0.49,-2.11,22.7,22.73,23.22,23.22,23.27,22.68,1193000.0,27374999.0,15:45:00,2026-08-14
sz002869,金溢科技,15.93,-0.07,-0.438,15.93,15.97,16.0,15.99,16.19,15.85,1879520.0,30013579.0,15:45:15,2026-08-14
sz002870,香山股份,48.0,1.59,3.426,47.99,48.0,46.41,46.77,48.74,46.41,6838100.0,327064207.0,15:45:30,2026-08-14
sz002871,伟隆股份,17.13,-0.21,-1.211,17.11,17.13,17.34,17.43,17.63,16.83,3780620.0,64667100.0,15:44:45,2026-08-14
sz002872,ST天圣,5.35,0.01,0.187,5.34,5.35,5.34,5.34,5.42,5.22,2381600.0,12664494.0,15:45:00,2026-08-14
sz002873,新天药业,8.4,0.06,0.719,8.4,8.41,8.34,8.33,8.48,8.22,6965408.0,58173235.0,15:45:15,2026-08-14
sz002875,安奈儿,13.67,-0.3,-2.147,13.66,13.67,13.97,14.0,14.09,13.53,4192900.0,57480913.0,15:45:30,2026-08-14
sz002876,三利谱,29.07,1.76,6.445,29.05,29.07,27.31,27.35,29.24,27.35,7947316.0,227166659.0,15:44:45,2026-08-14
sz002877,智能自控,7.32,0.01,0.137,7.32,7.34,7.31,7.3,7.37,7.25,3718923.0,27156392.0,15:45:00,2026-08-14
sz002878,元隆雅图,12.49,-0.17,-1.343,12.49,12.5,12.66,12.66,12.82,12.34,5446397.0,68096782.0,15:45:15,2026-08-14
sz002879,长缆科技,17.28,-0.17,-0.974,17.28,17.29,17.45,17.47,17.58,16.8,15690551.0,268942650.0,15:45:30,2026-08-14
sz002880,卫光生物,20.57,-0.46,-2.187,20.57,20.59,21.03,21.0,21.08,20.44,1861520.0,38505535.0,15:44:45,2026-08-14
sz002881,美格智能,38.0,-0.05,-0.131,37.99,38.0,38.05,38.05,38.88,37.39,5967841.0,226073973.0,15:45:00,2026-08-14
sz002882,金龙羽,21.26,-0.46,-2.118,21.26,21.27,21.72,21.76,21.9,21.06,8512700.0,181618403.0,15:45:15,2026-08-14
sz002883,*ST中设,9.01,-0.02,-0.221,9.01,9.04,9.03,9.0,9.14,8.97,1013100.0,9150144.0,15:45:30,2026-08-14
sz002884,凌霄泵业,15.92,-0.12,-0.748,15.91,15.92,16.04,16.03,16.06,15.86,1883200.0,30001705.0,15:44:45,2026-08-14
sz002885,京泉华,31.09,-0.65,-2.048,31.09,31.1,31.74,31.89,32.2,30.67,30085549.0,942993075.0,15:45:00,2026-08-14
sz002886,沃特股份,20.26,-0.06,-0.295,20.26,20.27,20.32,20.2,20.92,20.0,13795300.0,280798154.0,15:45:15,2026-08-14
sz002887,绿茵生态,10.2,-0.41,-3.864,10.19,10.2,10.61,10.6,10.67,10.12,4977400.0,51305767.0,15:45:30,2026-08-14
sz002888,惠威科技,17.65,-0.25,-1.397,17.65,17.7,17.9,17.89,17.98,17.46,1899500.0,33637700.0,15:44:45,2026-08-14
sz002889,东方嘉盛,12.27,0.0,0.0,12.26,12.27,12.27,12.33,12.41,12.18,3486352.0,42817786.0,15:45:00,2026-08-14
sz002890,弘宇股份,14.21,0.2,1.428,14.18,14.21,14.01,14.02,14.21,13.76,1156400.0,16120137.0,15:45:15,2026-08-14
sz002891,中宠股份,30.0,-1.65,-5.213,30.0,30.01,31.65,31.6,31.6,29.88,15331057.0,466537431.0,15:45:30,2026-08-14
sz002892,科力尔,9.44,-0.06,-0.632,9.44,9.45,9.5,9.5,9.58,9.33,5877857.0,55487753.0,15:44:45,2026-08-14
sz002893,京能热力,9.66,-0.14,-1.429,9.65,9.66,9.8,9.8,9.8,9.58,5807200.0,56106313.0,15:45:00,2026-08-14
sz002895,川恒股份,33.23,-0.32,-0.954,33.23,33.27,33.55,33.63,33.87,33.16,4036200.0,134729131.0,15:45:15,2026-08-14
sz002896,中大力德,77.56,-0.53,-0.679,77.56,77.57,78.09,77.79,78.5,76.2,10451172.0,805957142.0,15:45:30,2026-08-14
sz002897,意华股份,59.98,1.68,2.882,59.98,59.99,58.3,59.34,60.2,58.35,8139470.0,482248278.0,15:44:45,2026-08-14
sz002899,英派斯,19.74,-0.12,-0.604,19.74,19.75,19.86,19.86,20.01,19.64,1553156.0,30738163.0,15:45:00,2026-08-14
sz002900,哈三联,13.92,-0.3,-2.11,13.92,13.93,14.22,14.22,14.3,13.58,25849292.0,357296313.0,15:45:15,2026-08-14
sz002901,大博医疗,44.85,-0.4,-0.884,44.85,44.94,45.25,45.24,45.89,44.68,1575409.0,71195917.0,15:45:30,2026-08-14
sz002902,铭普光磁,25.59,0.77,3.102,25.58,25.59,24.82,25.0,25.63,24.77,15581970.0,392852213.0,15:44:45,2026-08-14
sz002903,宇环数控,29.28,1.09,3.867,29.28,29.29,28.19,28.31,29.49,28.05,11779043.0,339538682.0,15:45:00,2026-08-14
sz002905,金逸影视,7.76,-0.18,-2.267,7.75,7.76,7.94,7.86,7.93,7.66,6491800.0,50458490.0,15:45:15,2026-08-14
sz002906,华阳集团,26.3,0.05,0.19,26.3,26.32,26.25,26.36,26.98,26.0,5727099.0,151485361.0,15:45:30,2026-08-14
sz002907,华森制药,15.26,1.39,10.022,15.26,0.0,13.87,15.26,15.26,15.26,5402412.0,82440807.0,15:44:45,2026-08-14
sz002908,德生科技,7.15,0.05,0.704,7.14,7.15,7.1,7.09,7.16,6.98,6621170.0,46803888.0,15:45:00,2026-08-14
sz002909,集泰股份,5.15,0.0,0.0,5.15,5.16,5.15,5.13,5.19,5.07,7954484.0,40815515.0,15:45:15,2026-08-14
sz002910,庄园牧场,9.42,-0.09,-0.946,9.41,9.42,9.51,9.51,9.55,9.23,8050400.0,75315857.0,15:45:30,2026-08-14
sz002911,佛燃能源,10.64,-0.14,-1.299,10.63,10.64,10.78,10.78,10.81,10.6,5422170.0,57934868.0,15:44:45,2026-08-14
sz002912,中新赛克,19.81,0.12,0.609,19.81,19.83,19.69,19.7,20.0,19.55,3167067.0,62593915.0,15:45:00,2026-08-14
sz002913,奥士康,56.75,1.1,1.977,56.74,56.75,55.65,56.32,57.19,55.33,5247370.0,295197157.0,15:45:15,2026-08-14
sz002915,中欣氟材,17.98,-0.46,-2.495,17.97,17.98,18.44,18.2,18.35,17.85,12749203.0,230532655.0,15:45:30,2026-08-14
sz002916,深南电路,378.0,0.02,0.005,378.0,378.01,377.98,380.0,382.57,371.0,6670071.0,2513654360.0,15:44:45,2026-08-14
sz002917,金奥博,10.45,0.03,0.288,10.45,10.46,10.42,10.52,10.53,10.37,2383800.0,24865836.0,15:45:00,2026-08-14
sz002918,蒙娜丽莎,9.97,-0.04,-0.4,9.97,9.98,10.01,10.0,10.04,9.74,8215500.0,81115549.0,15:45:15,2026-08-14
sz002919,名臣健康,18.04,-0.06,-0.331,18.0,18.04,18.1,18.1,18.28,17.64,3263100.0,58363387.0,15:45:30,2026-08-14
sz002920,德赛西威,90.64,-5.41,-5.632,90.64,90.65,96.05,97.5,97.96,90.43,16781298.0,1550811527.0,15:44:45,2026-08-14
sz002921,联诚精密,23.13,-1.5,-6.09,23.13,23.14,24.63,24.69,24.88,23.03,11278601.0,264244535.0,15:45:00,2026-08-14
sz002922,伊戈尔,26.44,-0.36,-1.343,26.44,26.45,26.8,27.3,27.4,26.18,18293464.0,485028413.0,15:45:15,2026-08-14
sz002923,润都股份,11.61,-0.05,-0.429,11.61,11.62,11.66,11.6,11.87,11.43,9323851.0,108178787.0,15:45:30,2026-08-14
sz002925,盈趣科技,23.41,0.31,1.342,23.41,23.42,23.1,23.0,24.49,23.0,16951125.0,402050231.0,15:44:45,2026-08-14
sz002926,华西证券,8.33,-0.16,-1.885,8.33,8.34,8.49,8.48,8.52,8.29,18904400.0,158814602.0,15:45:00,2026-08-14
sz002927,泰永长征,16.59,0.05,0.302,16.59,16.6,16.54,16.45,16.68,16.18,6974789.0,114516385.0,15:45:15,2026-08-14
sz002928,华夏航空,6.4,-0.06,-0.929,6.4,6.41,6.46,6.47,6.48,6.34,29636425.0,190337706.0,15:45:30,2026-08-14
sz002929,润建股份,57.01,1.71,3.092,57.01,57.02,55.3,55.35,57.36,54.27,23579165.0,1315742741.0,15:44:45,2026-08-14
sz002930,宏川智慧,8.95,-0.17,-1.864,8.95,8.96,9.12,9.12,9.19,8.81,9852461.0,87945338.0,15:45:00,2026-08-14
sz002931,锋龙股份,51.23,-0.17,-0.331,51.23,51.24,51.4,51.71,52.0,49.81,6239867.0,317226417.0,15:45:15,2026-08-14
sz002932,*ST明德,15.18,-0.04,-0.263,15.18,15.24,15.22,15.35,15.37,15.15,769936.0,11717000.0,15:45:30,2026-08-14
sz002933,新兴装备,26.66,-0.01,-0.037,26.65,26.66,26.67,26.67,27.05,26.48,1122900.0,29947810.0,15:44:45,2026-08-14
sz002935,天奥电子,16.88,0.33,1.994,16.87,16.88,16.55,16.65,16.88,16.54,3994455.0,66863803.0,15:45:00,2026-08-14
sz002936,郑州银行,1.76,-0.01,-0.565,1.75,1.76,1.77,1.77,1.78,1.75,79217484.0,139581909.0,15:45:15,2026-08-14
sz002937,兴瑞科技,29.72,0.04,0.135,29.71,29.72,29.68,29.44,30.09,29.0,6564976.0,194325984.0,15:45:30,2026-08-14
sz002938,鹏鼎控股,95.36,-0.36,-0.376,95.36,95.37,95.72,96.45,96.7,94.18,25307814.0,2410801303.0,15:44:45,2026-08-14
sz002939,长城证券,8.21,-0.08,-0.965,8.21,8.22,8.29,8.29,8.32,8.19,22518092.0,185449752.0,15:45:00,2026-08-14
sz002940,昂利康,26.84,-0.18,-0.666,26.83,26.84,27.02,26.89,27.44,26.37,8780587.0,235234823.0,15:45:15,2026-08-14
sz002941,新疆交建,10.63,-0.13,-1.208,10.63,10.64,10.76,10.76,10.76,10.56,7840750.0,83350123.0,15:45:30,2026-08-14
sz002942,新农股份,15.27,-0.07,-0.456,15.27,15.3,15.34,15.33,15.52,15.1,1590420.0,24352888.0,15:44:45,2026-08-14
sz002943,宇晶股份,34.91,0.26,0.75,34.91,34.92,34.65,35.09,35.49,33.95,10615670.0,368855001.0,15:45:00,2026-08-14
sz002945,华林证券,14.48,-0.16,-1.093,14.48,14.5,14.64,14.6,14.67,14.42,8685150.0,126153675.0,15:45:15,2026-08-14
sz002946,新乳业,15.81,-0.68,-4.124,15.81,15.82,16.49,16.41,16.53,15.63,10215360.0,162125852.0,15:45:30,2026-08-14
sz002947,恒铭达,59.31,1.33,2.294,59.31,59.32,57.98,58.44,59.98,58.05,5155102.0,305288170.0,15:44:45,2026-08-14
sz002948,青岛银行,5.67,-0.07,-1.22,5.67,5.68,5.74,5.72,5.73,5.64,25696965.0,146239243.0,15:45:00,2026-08-14
sz002949,华阳国际,10.51,0.06,0.574,10.5,10.51,10.45,10.47,10.52,10.3,2335100.0,24304399.0,15:45:15,2026-08-14
sz002950,奥美医疗,9.56,0.05,0.526,9.55,9.56,9.51,9.51,9.67,9.37,7620100.0,72767314.0,15:45:30,2026-08-14
sz002951,金时科技,18.14,1.65,10.006,18.14,0.0,16.49,16.53,18.14,16.33,16283619.0,292007977.0,15:44:45,2026-08-14
sz002952,亚世光电,20.05,0.13,0.653,20.05,20.06,19.92,19.96,20.21,19.88,2135800.0,42754698.0,15:45:00,2026-08-14
sz002953,日丰股份,9.55,-0.08,-0.831,9.54,9.55,9.63,9.59,9.65,9.43,5647182.0,53711532.0,15:45:15,2026-08-14
sz002955,鸿合科技,34.87,-0.02,-0.057,34.87,34.88,34.89,34.89,35.65,34.22,4721150.0,164232617.0,15:45:30,2026-08-14
sz002956,西麦食品,17.84,-0.24,-1.327,17.82,17.84,18.08,18.03,18.13,17.47,4016960.0,71159233.0,15:44:45,2026-08-14
sz002957,科瑞技术,41.28,1.6,4.032,41.28,41.29,39.68,40.47,41.57,39.95,20141605.0,822352061.0,15:45:00,2026-08-14
sz002958,青农商行,2.93,-0.03,-1.014,2.93,2.94,2.96,2.95,2.96,2.92,51732207.0,152156359.0,15:45:15,2026-08-14
sz002959,小熊电器,33.48,-0.68,-1.991,33.46,33.48,34.16,33.46,33.76,32.71,1942394.0,64286320.0,15:45:30,2026-08-14
sz002960,青鸟智控,8.2,-0.12,-1.442,8.2,8.21,8.32,8.32,8.4,8.18,7452964.0,61701676.0,15:44:45,2026-08-14
sz002961,瑞达期货,18.9,-0.41,-2.123,18.9,18.91,19.31,19.3,19.38,18.79,4338877.0,82361900.0,15:45:00,2026-08-14
sz002962,五方光电,13.04,0.18,1.4,13.04,13.05,12.86,12.9,13.07,12.81,6859268.0,88754993.0,15:45:15,2026-08-14
sz002963,豪尔赛,17.83,-0.27,-1.492,17.83,17.85,18.1,18.18,18.58,17.36,9516300.0,169470692.0,15:45:30,2026-08-14
sz002965,祥鑫科技,33.11,1.43,4.514,33.11,33.12,31.68,32.0,33.2,31.74,14169734.0,459067117.0,15:44:45,2026-08-14
sz002966,苏州银行,8.47,0.03,0.355,8.47,8.48,8.44,8.44,8.62,8.41,45979074.0,391951130.0,15:45:00,2026-08-14
sz002967,广电计量,17.53,-0.04,-0.228,17.52,17.53,17.57,17.76,17.76,17.41,3153350.0,55281278.0,15:45:15,2026-08-14
sz002968,新大正,9.06,0.01,0.11,9.06,9.09,9.05,9.05,9.11,8.97,2463320.0,22260201.0,15:45:30,2026-08-14
sz002969,嘉美包装,14.02,-0.26,-1.821,14.02,14.03,14.28,14.42,14.46,13.74,48059064.0,671659487.0,15:44:45,2026-08-14
sz002970,锐明技术,52.37,0.18,0.345,52.37,52.38,52.19,52.27,52.6,51.18,2580200.0,133888939.0,15:45:00,2026-08-14
sz002971,和远气体,45.15,0.49,1.097,45.14,45.15,44.66,44.66,45.86,44.1,22341640.0,1005699371.0,15:45:15,2026-08-14
sz002972,科安达,13.61,0.07,0.517,13.61,13.62,13.54,13.6,13.75,13.36,3430840.0,46447102.0,15:45:30,2026-08-14
sz002973,侨银股份,11.88,-0.12,-1.0,11.87,11.88,12.0,12.1,12.1,11.68,5855450.0,69197840.0,15:44:45,2026-08-14
sz002975,博杰股份,99.99,3.57,3.703,99.99,100.0,96.42,97.52,99.99,96.43,8612890.0,844206773.0,15:45:00,2026-08-14
sz002976,瑞玛精密,23.3,0.41,1.791,23.29,23.3,22.89,23.03,23.52,22.68,3866090.0,89648395.0,15:45:15,2026-08-14
sz002977,*ST天箭,21.1,-0.02,-0.095,21.1,21.11,21.12,20.99,21.18,20.73,858060.0,17961724.0,15:45:30,2026-08-14
sz002978,安宁股份,26.04,0.08,0.308,26.04,26.09,25.96,25.86,26.15,25.81,2249105.0,58473157.0,15:44:45,2026-08-14
sz002979,雷赛智能,60.42,-0.89,-1.452,60.41,60.42,61.31,61.0,61.46,59.1,15341125.0,920703046.0,15:45:00,2026-08-14
sz002980,华盛昌,95.08,4.87,5.399,95.07,95.08,90.21,90.58,99.23,90.58,14024660.0,1339533001.0,15:45:15,2026-08-14
sz002981,朝阳科技,23.09,0.11,0.479,23.09,23.1,22.98,22.97,23.3,22.86,1403500.0,32290690.0,15:45:30,2026-08-14
sz002982,湘佳股份,12.36,0.02,0.162,12.35,12.36,12.34,12.39,12.43,12.15,3380120.0,41503219.0,15:44:45,2026-08-14
sz002983,芯瑞达,19.86,0.28,1.43,19.83,19.87,19.58,19.7,19.86,19.56,1583000.0,31218677.0,15:45:00,2026-08-14
sz002984,森麒麟,13.92,-0.17,-1.207,13.92,13.93,14.09,14.09,14.15,13.84,7241288.0,100900454.0,15:45:15,2026-08-14
sz002985,北摩高科,26.15,0.23,0.887,26.13,26.15,25.92,25.93,26.5,25.93,3382497.0,88653327.0,15:45:30,2026-08-14
sz002986,宇新股份,13.28,0.19,1.451,13.28,13.29,13.09,13.1,13.35,13.05,4358948.0,57620694.0,15:44:45,2026-08-14
sz002987,京北方,10.98,-0.23,-2.052,10.98,10.99,11.21,11.21,11.29,10.88,14200579.0,156486370.0,15:45:00,2026-08-14
sz002988,豪美新材,23.3,2.12,10.009,23.3,0.0,21.18,21.14,23.3,21.01,6045957.0,134563035.0,15:45:15,2026-08-14
sz002989,中天精装,25.36,2.31,10.022,25.36,0.0,23.05,23.2,25.36,23.12,9594670.0,233359651.0,15:45:30,2026-08-14
sz002990,盛视科技,53.05,-0.4,-0.748,53.05,53.06,53.45,53.07,53.45,51.76,15748405.0,828971881.0,15:44:45,2026-08-14
sz002991,甘源食品,42.85,-0.03,-0.07,42.85,42.88,42.88,42.88,43.07,42.11,873909.0,37287346.0,15:45:00,2026-08-14
sz002992,宝明科技,35.51,0.2,0.566,35.51,35.52,35.31,35.32,35.93,35.19,1204900.0,42802085.0,15:45:15,2026-08-14
sz002993,奥海科技,39.0,-0.39,-0.99,39.0,39.02,39.39,39.89,39.95,38.49,5100469.0,199665167.0,15:45:30,2026-08-14
sz002995,天地在线,17.84,-0.29,-1.6,17.84,17.85,18.13,18.07,18.38,17.46,9279500.0,164880053.0,15:44:45,2026-08-14
sz002996,顺博合金,6.23,0.0,0.0,6.23,6.24,6.23,6.25,6.26,6.16,5380260.0,33364235.0,15:45:00,2026-08-14
sz002997,瑞鹄模具,27.01,0.13,0.484,27.01,27.02,26.88,27.0,27.07,26.76,1831600.0,49329879.0,15:45:15,2026-08-14
sz002998,优彩资源,7.93,-0.06,-0.751,7.93,7.94,7.99,7.98,8.07,7.88,9089800.0,72284121.0,15:45:30,2026-08-14
sz002999,天禾股份,5.81,0.0,0.0,5.81,5.83,5.81,5.82,5.87,5.77,4193700.0,24336445.0,15:44:45,2026-08-14
sz003000,劲仔食品,10.39,-0.15,-1.423,10.39,10.4,10.54,10.6,10.6,10.36,6428700.0,67011815.0,15:45:00,2026-08-14
sz003001,中岩大地,17.38,-0.36,-2.029,17.38,17.39,17.74,17.68,17.85,16.98,10478680.0,181317413.0,15:45:15,2026-08-14
sz003002,壶化股份,16.45,-0.08,-0.484,16.45,16.46,16.53,16.66,16.75,16.28,2226178.0,36684346.0,15:45:30,2026-08-14
sz003003,天元股份,10.94,0.12,1.109,10.92,10.94,10.82,10.82,10.97,10.71,2088597.0,22702789.0,15:44:45,2026-08-14
sz003004,声迅股份,72.62,0.12,0.166,72.6,72.63,72.5,71.89,73.14,69.58,1900710.0,136002301.0,15:45:00,2026-08-14
sz003005,竞业达,13.76,-0.07,-0.506,13.76,13.77,13.83,13.73,13.96,13.5,2894140.0,39636507.0,15:45:15,2026-08-14
sz003006,百亚股份,13.17,-0.4,-2.948,13.16,13.17,13.57,13.5,13.63,13.03,10450178.0,138102912.0,15:45:30,2026-08-14
sz003007,直真科技,39.02,0.42,1.088,39.02,39.03,38.6,38.56,39.39,38.23,1812200.0,70190414.0,15:44:45,2026-08-14
sz003008,开普检测,19.1,0.1,0.526,19.07,19.1,19.0,18.99,19.12,18.65,818500.0,15529315.0,15:45:00,2026-08-14
sz003009,中天火箭,50.0,0.19,0.381,50.0,50.01,49.81,49.85,50.38,49.2,2269079.0,112960300.0,15:45:15,2026-08-14
sz003010,若羽臣,27.99,-0.64,-2.235,27.99,28.0,28.63,28.57,28.57,27.5,10246904.0,285837696.0,15:45:30,2026-08-14
sz003011,海象新材,19.83,0.22,1.122,19.82,19.84,19.61,19.59,20.04,19.51,1710740.0,33882388.0,15:44:45,2026-08-14
sz003012,东鹏控股,4.67,-0.04,-0.849,4.67,4.68,4.71,4.7,4.75,4.64,7090200.0,33211741.0,15:45:00,2026-08-14
sz003013,地铁设计,18.78,1.0,5.624,18.78,18.79,17.78,17.81,18.8,17.59,12859854.0,233676630.0,15:45:15,2026-08-14
sz003015,日久光电,12.05,0.03,0.25,12.04,12.05,12.02,12.15,12.22,11.73,6831102.0,81895844.0,15:45:30,2026-08-14
sz003016,欣贺股份,6.88,0.0,0.0,6.88,6.89,6.88,6.92,6.94,6.8,2838800.0,19511549.0,15:44:45,2026-08-14
sz003017,大洋生物,22.37,0.66,3.04,22.36,22.37,21.71,21.66,23.33,21.61,4067460.0,91307187.0,15:45:00,2026-08-14
sz003018,金富科技,41.03,1.41,3.559,41.03,41.04,39.62,40.02,42.3,40.02,12500785.0,513821443.0,15:45:15,2026-08-14
sz003019,宸展光电,23.47,0.14,0.6,23.46,23.47,23.33,23.49,23.81,23.15,2782796.0,65226101.0,15:45:30,2026-08-14
sz003020,立方制药,18.65,0.04,0.215,18.65,18.66,18.61,18.61,18.94,18.2,10128600.0,188314925.0,15:44:45,2026-08-14
sz003021,兆威机电,81.98,0.65,0.799,81.98,82.0,81.33,81.39,83.53,81.39,3366900.0,277206684.0,15:45:00,2026-08-14
sz003022,联泓新科,20.38,0.13,0.642,20.37,20.38,20.25,20.33,20.5,20.15,7624544.0,154869931.0,15:45:15,2026-08-14
sz003023,彩虹集团,28.0,0.01,0.036,28.0,28.01,27.99,27.72,28.75,27.51,6875363.0,193353658.0,15:45:30,2026-08-14
sz003025,思进智能,12.49,-0.08,-0.636,12.48,12.49,12.57,12.58,12.67,12.38,4458813.0,55752910.0,15:44:45,2026-08-14
sz003026,中晶科技,29.55,0.6,2.073,29.55,29.56,28.95,29.21,29.57,28.92,5808873.0,170548379.0,15:45:00,2026-08-14
sz003027,同兴科技,16.51,0.09,0.548,16.51,16.53,16.42,16.44,16.54,16.3,1467850.0,24089960.0,15:45:15,2026-08-14
sz003028,振邦智能,22.62,-0.14,-0.615,22.62,22.63,22.76,22.76,22.85,22.45,673020.0,15209051.0,15:45:30,2026-08-14
sz003029,吉大正元,17.01,-0.04,-0.235,17.0,17.01,17.05,17.06,17.29,16.65,3852200.0,65223740.0,15:44:45,2026-08-14
sz003030,祖名股份,21.98,-0.57,-2.528,21.98,21.99,22.55,22.55,22.7,21.8,3271900.0,72572317.0,15:45:00,2026-08-14
sz003031,中瓷电子,130.08,11.83,10.004,130.08,0.0,118.25,120.2,130.08,118.66,13075390.0,1631796074.0,15:45:15,2026-08-14
sz003032,传智教育,12.26,0.64,5.508,12.26,12.27,11.62,11.5,12.28,11.06,86228788.0,1025348064.0,15:45:30,2026-08-14
sz003033,征和工业,65.16,1.56,2.453,65.16,65.19,63.6,63.73,66.66,63.03,2215400.0,144991043.0,15:44:45,2026-08-14
sz003035,南网能源,5.44,-0.18,-3.203,5.44,5.45,5.62,5.61,5.64,5.38,42043920.0,228578907.0,15:45:00,2026-08-14
sz003036,泰坦股份,56.05,1.0,1.817,56.05,56.06,55.05,55.47,57.25,53.6,9061400.0,502813895.0,15:45:15,2026-08-14
sz003037,三和管桩,5.67,-0.04,-0.701,5.66,5.67,5.71,5.69,5.74,5.64,2705400.0,15338044.0,15:45:30,2026-08-14
sz003038,鑫铂股份,10.79,-0.03,-0.277,10.79,10.8,10.82,10.8,10.89,10.6,3861600.0,41522528.0,15:44:45,2026-08-14
sz003039,顺控发展,11.81,-0.08,-0.673,11.81,11.82,11.89,11.9,11.95,11.75,2868800.0,33896095.0,15:45:00,2026-08-14
sz003040,楚天龙,11.74,-0.25,-2.085,11.74,11.75,11.99,11.95,12.16,11.64,16253979.0,191342314.0,15:45:15,2026-08-14
sz003041,真爱美家,43.46,-0.17,-0.39,43.45,43.46,43.63,43.86,43.87,42.2,1577300.0,67757846.0,15:45:30,2026-08-14
sz003042,中农联合,13.16,-0.03,-0.227,13.15,13.16,13.19,13.19,13.35,13.0,2140546.0,28165337.0,15:44:45,2026-08-14
sz003043,华亚智能,70.35,0.36,0.514,70.35,70.36,69.99,70.35,72.0,69.3,4050040.0,285520430.0,15:45:00,2026-08-14
sz003816,中国广核,3.85,-0.06,-1.535,3.85,3.86,3.91,3.9,3.91,3.85,98586100.0,381728469.0,15:45:15,2026-08-14
sz300001,特锐德,36.82,0.65,1.797,36.81,36.82,36.17,36.25,37.29,36.25,17528684.0,646131339.0,15:45:30,2026-08-14
sz300002,神州泰岳,8.42,0.1,1.202,8.42,8.43,8.32,8.31,8.48,8.19,50030375.0,417433340.0,15:44:45,2026-08-14
sz300003,乐普医疗,12.87,-0.29,-2.204,12.87,12.88,13.16,13.06,13.28,12.75,40996413.0,530530722.0,15:45:00,2026-08-14
sz300004,南风股份,8.91,0.57,6.835,8.9,8.91,8.34,8.43,9.15,8.28,60032033.0,527249189.0,15:45:15,2026-08-14
sz300005,探路者,12.0,0.01,0.083,12.0,12.01,11.99,12.0,12.28,11.64,58324965.0,693190134.0,15:45:30,2026-08-14
sz300006,莱美药业,5.29,-0.08,-1.49,5.28,5.29,5.37,5.35,5.44,5.22,27529700.0,146051683.0,15:44:45,2026-08-14
sz300007,汉威科技,34.36,-0.2,-0.579,34.35,34.36,34.56,34.62,34.8,33.95,6477637.0,222516785.0,15:45:00,2026-08-14
sz300008,天海防务,6.27,0.13,2.117,6.27,6.28,6.14,6.15,6.44,6.1,99807718.0,628385872.0,15:45:15,2026-08-14
sz300009,安科生物,8.95,0.17,1.936,8.94,8.95,8.78,8.73,9.18,8.71,55035974.0,494077039.0,15:45:30,2026-08-14
sz300010,ST豆神,2.22,-0.04,-1.77,2.22,2.23,2.26,2.27,2.27,2.2,25527300.0,56784760.0,15:44:45,2026-08-14
sz300011,鼎汉技术,5.97,0.0,0.0,5.97,5.98,5.97,6.02,6.05,5.9,4163700.0,24827958.0,15:45:00,2026-08-14
sz300012,华测检测,13.98,-0.13,-0.921,13.97,13.98,14.11,14.16,14.29,13.93,20588747.0,289432531.0,15:45:15,2026-08-14
sz300013,新宁物流,4.08,-0.02,-0.488,4.07,4.08,4.1,4.07,4.19,4.04,13738000.0,56193588.0,15:45:30,2026-08-14
sz300014,亿纬锂能,56.44,0.56,1.002,56.44,56.45,55.88,56.28,57.88,56.0,46209269.0,2628581757.0,15:44:45,2026-08-14
sz300015,爱尔眼科,8.71,-0.05,-0.571,8.71,8.72,8.76,8.74,8.86,8.67,65919387.0,575513142.0,15:45:00,2026-08-14
sz300016,北陆药业,8.73,-0.02,-0.229,8.72,8.73,8.75,8.69,8.9,8.59,22324100.0,195420240.0,15:45:15,2026-08-14
sz300017,网宿科技,17.33,2.89,20.014,17.33,0.0,14.44,14.5,17.33,14.31,480493669.0,7662499152.0,15:45:30,2026-08-14
sz300018,中元股份,12.11,-0.19,-1.545,12.1,12.11,12.3,12.35,12.41,11.87,14079261.0,169582411.0,15:44:45,2026-08-14
sz300019,硅宝科技,15.16,0.45,3.059,15.16,15.17,14.71,14.83,15.35,14.72,10148222.0,152736858.0,15:45:00,2026-08-14
sz300020,ST银江,3.55,-0.03,-0.838,3.55,3.56,3.58,3.56,3.58,3.51,8021900.0,28401882.0,15:45:15,2026-08-14
sz300021,大禹节水,3.84,0.0,0.0,3.83,3.84,3.84,3.86,3.86,3.81,8289200.0,31755220.0,15:45:30,2026-08-14
sz300022,吉峰科技,8.16,0.1,1.241,8.15,8.16,8.06,8.06,8.22,7.97,7580000.0,61486112.0,15:44:45,2026-08-14
sz300024,机器人,15.42,-0.04,-0.259,15.42,15.43,15.46,15.45,15.54,15.21,25742337.0,395656229.0,15:45:00,2026-08-14
sz300025,华星创业,5.3,0.03,0.569,5.3,5.31,5.27,5.27,5.35,5.16,13631760.0,71809116.0,15:45:15,2026-08-14
sz300026,红日药业,3.62,-0.14,-3.723,3.62,3.63,3.76,3.67,3.74,3.58,151248496.0,550302856.0,15:45:30,2026-08-14
sz300027,ST华谊,1.78,-0.04,-2.198,1.78,1.79,1.82,1.81,1.82,1.76,28721988.0,51318798.0,15:44:45,2026-08-14
sz300030,阳普医疗,6.98,0.06,0.867,6.97,6.98,6.92,6.91,7.1,6.84,6058300.0,42217950.0,15:45:00,2026-08-14
sz300031,宝通科技,22.2,0.29,1.324,22.2,22.21,21.91,22.02,22.36,21.72,13390513.0,295547993.0,15:45:15,2026-08-14
sz300032,金龙机电,3.75,0.01,0.267,3.75,3.76,3.74,3.74,3.79,3.68,13509500.0,50450293.0,15:45:30,2026-08-14
sz300033,同花顺,230.26,-1.65,-0.711,230.26,230.28,231.91,232.0,234.34,228.87,10296283.0,2374990791.0,15:44:45,2026-08-14
sz300034,钢研高纳,15.75,0.04,0.255,15.75,15.76,15.71,15.7,16.0,15.64,7347360.0,116090528.0,15:45:00,2026-08-14
sz300035,中科电气,13.59,0.02,0.147,13.58,13.59,13.57,13.6,13.98,13.57,10943823.0,150183466.0,15:45:15,2026-08-14
sz300036,超图软件,11.5,-0.03,-0.26,11.5,11.51,11.53,11.63,11.78,11.4,8486857.0,98003633.0,15:45:30,2026-08-14
sz300037,新宙邦,66.88,1.25,1.905,66.88,66.89,65.63,66.03,68.37,65.73,13451325.0,901616680.0,15:44:45,2026-08-14
sz300039,上海凯宝,6.03,-0.18,-2.899,6.03,6.04,6.21,6.09,6.16,5.92,71051370.0,427613371.0,15:45:00,2026-08-14
sz300040,九洲集团,6.33,-0.42,-6.222,6.32,6.33,6.75,6.7,6.7,6.23,71092187.0,451719573.0,15:45:15,2026-08-14
sz300041,回天新材,11.29,0.38,3.483,11.28,11.29,10.91,10.91,11.42,10.91,25288819.0,284288273.0,15:45:30,2026-08-14
sz300042,朗科科技,42.74,1.04,2.494,42.74,42.75,41.7,42.96,43.56,41.66,17876026.0,760617773.0,15:44:45,2026-08-14
sz300043,星辉娱乐,4.82,0.03,0.626,4.81,4.82,4.79,4.79,4.83,4.67,32428600.0,154197869.0,15:45:00,2026-08-14
sz300044,*ST赛为,5.29,-0.04,-0.75,5.29,5.3,5.33,5.32,5.37,5.22,11685600.0,61703439.0,15:45:15,2026-08-14
sz300045,华力创通,13.31,-0.04,-0.3,13.31,13.32,13.35,13.41,13.54,13.1,10997200.0,146258560.0,15:45:30,2026-08-14
sz300046,台基股份,24.49,0.33,1.366,24.49,24.5,24.16,24.42,24.56,24.2,4327477.0,105655514.0,15:44:45,2026-08-14
sz300047,天源迪科,9.71,-0.02,-0.206,9.71,9.72,9.73,9.76,9.9,9.54,16756292.0,162350584.0,15:45:00,2026-08-14
sz300048,合康新能,4.95,-0.03,-0.602,4.95,4.96,4.98,4.94,5.01,4.86,12599097.0,62142660.0,15:45:15,2026-08-14
sz300049,福瑞医科,45.0,-1.38,-2.975,44.99,45.0,46.38,45.93,46.7,44.6,9857577.0,447451874.0,15:45:30,2026-08-14
sz300050,世纪鼎利,6.29,0.11,1.78,6.29,6.3,6.18,6.23,6.33,6.1,13133000.0,81651637.0,15:44:45,2026-08-14
sz300051,琏升科技,8.94,-0.51,-5.397,8.93,8.94,9.45,9.39,9.47,8.82,40861700.0,367293058.0,15:45:00,2026-08-14
sz300052,中青宝,11.84,0.79,7.149,11.83,11.84,11.05,11.01,12.07,10.69,39749632.0,450566939.0,15:45:15,2026-08-14
sz300053,航宇微,12.82,0.14,1.104,12.81,12.82,12.68,12.81,12.84,12.55,13556930.0,172242407.0,15:45:30,2026-08-14
sz300054,鼎龙股份,76.14,1.22,1.628,76.14,76.15,74.92,76.02,76.85,74.75,20147335.0,1528131315.0,15:44:45,2026-08-14
sz300055,万邦达,5.91,-0.06,-1.005,5.91,5.92,5.97,5.97,6.0,5.84,12185091.0,71745695.0,15:45:00,2026-08-14
sz300056,中创环保,9.03,0.4,4.635,9.03,9.04,8.63,8.67,9.23,8.58,18932062.0,169801229.0,15:45:15,2026-08-14
sz300057,万顺新材,6.57,0.13,2.019,6.57,6.58,6.44,6.48,6.59,6.44,24174813.0,157588766.0,15:45:30,2026-08-14
sz300058,蓝色光标,15.1,-0.15,-0.984,15.1,15.11,15.25,15.37,15.94,14.72,491041909.0,7459977734.0,15:44:45,2026-08-14
sz300059,东方财富,19.47,-0.31,-1.567,19.47,19.48,19.78,19.73,19.81,19.45,246046617.0,4813591663.0,15:45:00,2026-08-14
sz300061,旗天科技,6.58,-0.05,-0.754,6.58,6.59,6.63,6.65,6.75,6.48,15089586.0,98985613.0,15:45:15,2026-08-14
sz300062,中能电气,6.7,-0.18,-2.616,6.7,6.71,6.88,6.9,6.93,6.6,34684900.0,232077137.0,15:45:30,2026-08-14
sz300063,天龙集团,9.5,-0.27,-2.764,9.5,9.51,9.77,9.62,9.97,9.31,86817020.0,830797613.0,15:44:45,2026-08-14
sz300065,海兰信,16.76,0.18,1.086,16.76,16.77,16.58,16.58,16.78,16.37,27461646.0,456535920.0,15:45:00,2026-08-14
sz300066,三川智慧,5.26,0.04,0.766,5.26,5.27,5.22,5.22,5.32,5.17,13373483.0,70143831.0,15:45:15,2026-08-14
sz300067,安诺其,5.79,-0.06,-1.026,5.79,5.8,5.85,5.94,5.97,5.63,88041754.0,506714888.0,15:45:30,2026-08-14
sz300068,ST南都,4.27,-0.01,-0.234,4.26,4.27,4.28,4.3,4.37,4.22,34256440.0,147092743.0,15:44:45,2026-08-14
sz300069,金利华电,27.62,-0.95,-3.325,27.62,27.63,28.57,28.75,28.76,27.01,7450700.0,205857851.0,15:45:00,2026-08-14
sz300070,碧水源,3.46,-0.04,-1.143,3.46,3.47,3.5,3.49,3.5,3.46,23134804.0,80296899.0,15:45:15,2026-08-14
sz300071,福石控股,4.37,-0.16,-3.532,4.36,4.37,4.53,4.58,4.63,4.23,94430100.0,413046232.0,15:45:30,2026-08-14
sz300072,海新能科,3.7,0.04,1.093,3.7,3.71,3.66,3.65,3.73,3.59,39455923.0,144529709.0,15:44:45,2026-08-14
sz300073,当升科技,41.8,0.18,0.432,41.79,41.8,41.62,41.78,42.69,41.57,10244841.0,430204302.0,15:45:00,2026-08-14
sz300074,华平股份,3.8,-0.02,-0.524,3.8,3.81,3.82,3.84,3.85,3.75,13666900.0,51890449.0,15:45:15,2026-08-14
sz300075,数字政通,11.34,-0.29,-2.494,11.33,11.34,11.63,11.6,11.69,11.16,24745097.0,281119302.0,15:45:30,2026-08-14
sz300076,*ST宁视,4.6,-0.26,-5.35,4.6,4.61,4.86,4.82,4.89,4.57,9935200.0,46381909.0,15:44:45,2026-08-14
sz300077,国民技术,19.69,0.13,0.665,19.69,19.7,19.56,19.89,19.95,19.25,30894938.0,605067409.0,15:45:00,2026-08-14
sz300078,思创智联,3.13,-0.04,-1.262,3.12,3.13,3.17,3.17,3.21,3.08,25397786.0,79530695.0,15:45:15,2026-08-14
sz300079,数码视讯,4.53,-0.02,-0.44,4.52,4.53,4.55,4.53,4.59,4.47,19626017.0,88868236.0,15:45:30,2026-08-14
sz300080,易成新能,3.71,-0.02,-0.536,3.71,3.72,3.73,3.74,3.77,3.67,11415700.0,42395249.0,15:44:45,2026-08-14
sz300081,ST恒信,3.01,-0.04,-1.311,3.01,3.02,3.05,3.03,3.05,2.93,9038050.0,27019713.0,15:45:00,2026-08-14
sz300082,奥克股份,7.81,0.02,0.257,7.81,7.82,7.79,7.83,7.89,7.72,4355534.0,33934161.0,15:45:15,2026-08-14
sz300083,创世纪,13.95,-0.03,-0.215,13.95,13.96,13.98,14.09,14.26,13.5,76066666.0,1054609862.0,15:45:30,2026-08-14
sz300084,海默科技,11.5,0.4,3.604,11.5,11.51,11.1,11.15,11.56,10.99,14634800.0,165451816.0,15:44:45,2026-08-14
sz300085,银之杰,30.33,-0.15,-0.492,30.32,30.33,30.48,30.92,30.93,29.73,34803276.0,1049442802.0,15:45:00,2026-08-14
sz300086,康芝药业,6.83,-0.14,-2.009,6.83,6.84,6.97,6.91,7.04,6.74,24559200.0,167953528.0,15:45:15,2026-08-14
sz300087,ST荃银,5.26,0.01,0.19,5.25,5.26,5.25,5.26,5.3,5.22,6781713.0,35647241.0,15:45:30,2026-08-14
sz300088,长信科技,7.58,0.06,0.798,7.58,7.59,7.52,7.6,7.62,7.43,91669687.0,690896057.0,15:44:45,2026-08-14
sz300091,*ST金灵,2.63,-0.02,-0.755,2.63,2.64,2.65,2.64,2.67,2.61,5121700.0,13492096.0,15:45:00,2026-08-14
sz300092,科新机电,11.78,-0.09,-0.758,11.77,11.78,11.87,11.86,11.92,11.62,5435461.0,63862811.0,15:45:15,2026-08-14
sz300093,金刚光伏,25.62,0.22,0.866,25.62,25.63,25.4,25.39,25.88,24.71,11404500.0,288124306.0,15:45:30,2026-08-14
sz300094,国联水产,2.86,-0.04,-1.379,2.85,2.86,2.9,2.9,2.9,2.82,28720899.0,81872744.0,15:44:45,2026-08-14
sz300095,华伍股份,8.25,0.06,0.733,8.24,8.25,8.19,8.16,8.29,8.16,4297000.0,35336923.0,15:45:00,2026-08-14
sz300096,ST易联众,9.75,0.15,1.563,9.75,9.76,9.6,9.56,9.8,9.45,3925700.0,37953079.0,15:45:15,2026-08-14
sz300097,智云股份,8.89,0.01,0.113,8.89,8.9,8.88,8.89,9.12,8.71,6678902.0,59325181.0,15:45:30,2026-08-14
sz300098,高新兴,4.64,0.01,0.216,4.63,4.64,4.63,4.63,4.69,4.57,29965580.0,138630962.0,15:44:45,2026-08-14
sz300099,尤洛卡,6.09,0.01,0.164,6.08,6.09,6.08,6.05,6.13,6.03,7386700.0,44863224.0,15:45:00,2026-08-14
sz300100,双林股份,22.95,-0.1,-0.434,22.95,22.96,23.05,23.07,23.2,22.77,4725599.0,108482953.0,15:45:15,2026-08-14
sz300101,振芯科技,14.86,0.07,0.473,14.86,14.87,14.79,14.79,14.98,14.68,5611006.0,83324474.0,15:45:30,2026-08-14
sz300102,乾照光电,19.0,-0.08,-0.419,18.99,19.0,19.08,19.25,19.27,18.56,32978025.0,621653764.0,15:44:45,2026-08-14
sz300103,达刚控股,7.88,-0.04,-0.505,7.88,7.89,7.92,7.96,8.0,7.7,5445600.0,42660363.0,15:45:00,2026-08-14
sz300105,龙源技术,8.6,-0.29,-3.262,8.59,8.6,8.89,8.95,8.97,8.42,38537792.0,330071847.0,15:45:15,2026-08-14
sz300106,西部牧业,9.83,-0.31,-3.057,9.82,9.83,10.14,10.07,10.09,9.71,9802524.0,96213481.0,15:45:30,2026-08-14
sz300107,建新股份,6.44,-0.14,-2.128,6.43,6.44,6.58,6.56,6.59,6.4,9247200.0,59692210.0,15:44:45,2026-08-14
sz300109,新开源,13.77,0.19,1.399,13.76,13.77,13.58,13.58,13.84,13.39,7155880.0,97774860.0,15:45:00,2026-08-14
sz300110,华仁药业,2.93,-0.08,-2.658,2.92,2.93,3.01,2.97,3.02,2.88,43501100.0,127779868.0,15:45:15,2026-08-14
sz300111,向日葵,3.12,-0.05,-1.577,3.12,3.13,3.17,3.15,3.19,3.06,40361703.0,125336888.0,15:45:30,2026-08-14
sz300112,万讯自控,9.52,0.59,6.607,9.52,9.53,8.93,9.02,9.56,8.7,26522045.0,246923706.0,15:44:45,2026-08-14
sz300113,顺网科技,18.86,0.84,4.661,18.85,18.86,18.02,17.97,18.89,17.68,43570991.0,800265983.0,15:45:00,2026-08-14
sz300115,长盈精密,27.28,0.05,0.184,27.28,27.29,27.23,27.31,27.45,26.84,23767156.0,645056882.0,15:45:15,2026-08-14
sz300118,东方日升,10.23,0.0,0.0,10.23,10.24,10.23,10.37,10.37,10.03,24184229.0,246021586.0,15:45:30,2026-08-14
sz300119,瑞普生物,19.25,-0.43,-2.185,19.25,19.26,19.68,19.89,19.95,18.85,10343448.0,199102594.0,15:44:45,2026-08-14
sz300120,经纬辉开,9.26,1.54,19.948,9.26,0.0,7.72,7.75,9.26,7.7,108072630.0,903252374.0,15:45:00,2026-08-14
sz300121,阳谷华泰,9.66,0.21,2.222,9.65,9.66,9.45,9.46,9.71,9.46,11217800.0,107605101.0,15:45:15,2026-08-14
sz300122,智飞生物,13.06,-0.16,-1.21,13.06,13.07,13.22,13.1,13.31,12.9,27734443.0,362461544.0,15:45:30,2026-08-14
sz300123,ST亚光,4.75,0.06,1.279,4.74,4.75,4.69,4.66,4.75,4.61,21794988.0,102397560.0,15:44:45,2026-08-14
sz300124,汇川技术,61.2,0.13,0.213,61.2,61.21,61.07,61.19,61.49,60.79,15377202.0,940682800.0,15:45:00,2026-08-14
sz300125,聆达股份,8.9,0.0,0.0,8.89,8.9,8.9,8.98,9.15,8.77,8300592.0,74064901.0,15:45:15,2026-08-14
sz300126,锐奇股份,6.21,-0.01,-0.161,6.21,6.22,6.22,6.22,6.28,6.14,3353194.0,20801017.0,15:45:30,2026-08-14
sz300127,银河磁体,25.45,0.45,1.8,25.45,25.46,25.0,25.0,25.9,24.93,5541772.0,141094810.0,15:44:45,2026-08-14
sz300128,锦富技术,4.66,0.04,0.866,4.65,4.66,4.62,4.64,4.73,4.56,19146180.0,88749004.0,15:45:00,2026-08-14
sz300129,泰胜风能,8.13,-0.02,-0.245,8.12,8.13,8.15,8.17,8.21,8.02,14169183.0,114850846.0,15:45:15,2026-08-14
sz300130,新国都,19.26,-0.32,-1.634,19.26,19.27,19.58,19.5,19.65,19.0,13138944.0,253456637.0,15:45:30,2026-08-14
sz300131,英唐智控,17.27,0.16,0.935,17.26,17.27,17.11,17.32,17.42,16.81,60247499.0,1034066999.0,15:44:45,2026-08-14
sz300132,诺斯贝尔,6.44,-0.11,-1.679,6.43,6.44,6.55,6.55,6.59,6.39,12491102.0,80615679.0,15:45:00,2026-08-14
sz300133,华策影视,7.19,-0.05,-0.691,7.19,7.2,7.24,7.22,7.29,7.02,58443904.0,417304448.0,15:45:15,2026-08-14
sz300134,大富科技,8.44,-0.12,-1.402,8.44,8.45,8.56,8.55,8.64,8.31,16103971.0,135649692.0,15:45:30,2026-08-14
sz300135,宝利国际,3.27,-0.04,-1.208,3.27,3.28,3.31,3.32,3.33,3.24,16748400.0,54753812.0,15:44:45,2026-08-14
sz300136,信维通信,68.3,1.01,1.501,68.29,68.3,67.29,67.69,68.99,66.34,41336682.0,2797623467.0,15:45:00,2026-08-14
sz300137,先河环保,12.93,0.5,4.023,12.93,12.94,12.43,12.58,12.95,12.35,24615480.0,312812439.0,15:45:15,2026-08-14
sz300138,晨光生物,11.31,0.11,0.982,11.3,11.31,11.2,11.3,11.35,11.07,4636700.0,52122365.0,15:45:30,2026-08-14
sz300139,晓程科技,46.13,-1.43,-3.007,46.13,46.14,47.56,45.56,46.44,43.64,40531173.0,1846215675.0,15:44:45,2026-08-14
sz300140,节能环境,5.33,-0.12,-2.202,5.32,5.33,5.45,5.44,5.46,5.31,13909800.0,74427888.0,15:45:00,2026-08-14
sz300141,和顺电气,10.38,-0.25,-2.352,10.38,10.39,10.63,10.55,10.68,10.25,8708900.0,90500179.0,15:45:15,2026-08-14
sz300142,沃森生物,13.28,-0.04,-0.3,13.27,13.28,13.32,13.22,13.52,13.08,69067219.0,917985913.0,15:45:30,2026-08-14
sz300143,盈康生命,8.4,0.48,6.061,8.4,8.41,7.92,7.92,8.45,7.77,40314397.0,329861394.0,15:44:45,2026-08-14
sz300144,宋城演艺,6.01,-0.09,-1.475,6.01,6.02,6.1,6.1,6.12,6.01,25300830.0,152892842.0,15:45:00,2026-08-14
sz300145,南方泵业,4.34,0.02,0.463,4.33,4.34,4.32,4.33,4.4,4.25,61063188.0,263874128.0,15:45:15,2026-08-14
sz300146,汤臣倍健,10.13,0.05,0.496,10.12,10.13,10.08,10.11,10.21,10.0,15935673.0,161101026.0,15:45:30,2026-08-14
sz300147,*ST香雪,7.53,0.08,1.074,7.53,7.54,7.45,7.5,7.67,7.43,7334713.0,55373006.0,15:44:45,2026-08-14
sz300148,天舟文化,3.49,-0.03,-0.852,3.49,3.5,3.52,3.51,3.53,3.43,24535604.0,85215006.0,15:45:00,2026-08-14
sz300149,睿智医药,11.2,-0.14,-1.235,11.2,11.21,11.34,11.29,11.68,10.9,51690125.0,583875284.0,15:45:15,2026-08-14
sz300150,世纪瑞尔,4.27,0.0,0.0,4.27,4.28,4.27,4.29,4.32,4.2,4628700.0,19653401.0,15:45:30,2026-08-14
sz300151,昌红科技,16.64,0.49,3.034,16.63,16.64,16.15,16.34,17.05,16.3,13104217.0,217601543.0,15:44:45,2026-08-14
sz300152,*ST动力,1.64,-0.08,-4.651,1.64,1.65,1.72,1.71,1.72,1.64,27557500.0,46008470.0,15:45:00,2026-08-14
sz300153,科泰电源,22.43,-0.14,-0.62,22.42,22.43,22.57,22.78,22.94,22.1,7424926.0,166033900.0,15:45:15,2026-08-14
sz300154,瑞凌股份,10.59,0.79,8.061,10.58,10.59,9.8,9.82,10.68,9.73,20773342.0,215304516.0,15:45:30,2026-08-14
sz300155,安居宝,4.3,-0.01,-0.232,4.29,4.3,4.31,4.31,4.35,4.24,7107351.0,30447424.0,15:44:45,2026-08-14
sz300157,新锦动力,4.0,-0.14,-3.382,3.99,4.0,4.14,4.11,4.11,3.91,52742224.0,209746624.0,15:45:00,2026-08-14
sz300158,振东制药,5.56,-0.17,-2.967,5.56,5.57,5.73,5.66,5.79,5.5,48809626.0,273333322.0,15:45:15,2026-08-14
sz300159,新研股份,2.98,-0.04,-1.325,2.98,2.99,3.02,3.02,3.06,2.95,35049500.0,104836058.0,15:45:30,2026-08-14
sz300160,秀强股份,4.34,-0.03,-0.686,4.34,4.35,4.37,4.37,4.4,4.32,4361700.0,18978726.0,15:44:45,2026-08-14
sz300161,华中数控,29.56,0.06,0.203,29.56,29.58,29.5,28.83,30.1,28.4,8949224.0,261148196.0,15:45:00,2026-08-14
sz300162,雷曼光电,7.7,0.04,0.522,7.69,7.7,7.66,7.7,7.8,7.54,17500688.0,133793102.0,15:45:15,2026-08-14
sz300163,先锋新材,6.37,-0.25,-3.776,6.37,6.38,6.62,6.58,6.65,6.22,25984200.0,165714370.0,15:45:30,2026-08-14
sz300164,通源石油,10.7,-0.17,-1.564,10.7,10.71,10.87,10.43,10.83,10.28,123786903.0,1300317590.0,15:44:45,2026-08-14
sz300165,天瑞仪器,5.21,-0.05,-0.951,5.2,5.21,5.26,5.26,5.28,5.1,15219000.0,78910655.0,15:45:00,2026-08-14
sz300166,东方国信,14.55,0.64,4.601,14.55,14.56,13.91,14.05,14.64,13.82,80309460.0,1146721130.0,15:45:15,2026-08-14
sz300167,ST迪威迅,4.47,-0.17,-3.664,4.47,4.48,4.64,4.68,4.74,4.41,13127800.0,59832071.0,15:45:30,2026-08-14
sz300168,万达信息,5.28,0.0,0.0,5.27,5.28,5.28,5.26,5.34,5.18,18557500.0,97347608.0,15:44:45,2026-08-14
sz300169,天晟新材,5.69,0.08,1.426,5.68,5.69,5.61,5.68,5.71,5.54,10389100.0,58509867.0,15:45:00,2026-08-14
sz300170,汉得信息,17.36,0.24,1.402,17.36,17.37,17.12,17.34,18.42,16.87,92294112.0,1614936857.0,15:45:15,2026-08-14
sz300171,东富龙,14.48,0.46,3.281,14.48,14.49,14.02,14.15,14.88,13.9,30459083.0,441557513.0,15:45:30,2026-08-14
sz300172,中电环保,4.62,0.01,0.217,4.62,4.63,4.61,4.62,4.63,4.55,10227379.0,47031321.0,15:44:45,2026-08-14
sz300173,ST福能,3.32,-0.02,-0.599,3.32,3.33,3.34,3.34,3.36,3.3,4451800.0,14809584.0,15:45:00,2026-08-14
sz300174,元力股份,20.73,0.55,2.725,20.73,20.74,20.18,20.3,20.99,19.93,16660186.0,343341729.0,15:45:15,2026-08-14
sz300175,朗源股份,6.06,-0.08,-1.303,6.06,6.07,6.14,6.15,6.27,6.03,9563300.0,58782690.0,15:45:30,2026-08-14
sz300176,鸿特科技,0.0,0.0,0.0,0.0,0.0,5.23,0.0,0.0,0.0,0.0,0.0,15:44:45,2026-08-14
sz300177,中海达,6.3,0.01,0.159,6.29,6.3,6.29,6.27,6.35,6.2,6097765.0,38272189.0,15:45:00,2026-08-14
sz300179,四方达,36.99,1.03,2.864,36.98,36.99,35.96,36.38,37.37,35.7,26759652.0,980492314.0,15:45:15,2026-08-14
sz300180,华峰超纤,4.32,-0.05,-1.144,4.32,4.33,4.37,4.39,4.43,4.32,15773200.0,68646612.0,15:45:30,2026-08-14
sz300181,佐力药业,14.94,0.04,0.268,14.94,14.95,14.9,14.77,15.44,14.62,43188103.0,649416795.0,15:44:45,2026-08-14
sz300182,捷成股份,5.1,-0.04,-0.778,5.1,5.11,5.14,5.16,5.2,4.99,129403290.0,657869204.0,15:45:00,2026-08-14
sz300183,东软载波,10.7,-0.03,-0.28,10.7,10.71,10.73,10.8,10.87,10.6,3491902.0,37334688.0,15:45:15,2026-08-14
sz300184,力源信息,12.64,0.23,1.853,12.64,12.65,12.41,12.56,12.7,12.45,49369840.0,621529374.0,15:45:30,2026-08-14
sz300185,通裕重工,2.74,-0.04,-1.439,2.73,2.74,2.78,2.78,2.79,2.72,58238700.0,160009348.0,15:44:45,2026-08-14
sz300187,永清环保,4.9,0.07,1.449,4.89,4.9,4.83,4.84,4.93,4.75,15112705.0,73305987.0,15:45:00,2026-08-14
sz300188,国投智能,10.74,-0.04,-0.371,10.74,10.75,10.78,10.77,10.91,10.56,11053270.0,118262709.0,15:45:15,2026-08-14
sz300189,神农种业,4.67,-0.14,-2.911,4.67,4.68,4.81,4.82,4.83,4.61,84927246.0,396547906.0,15:45:30,2026-08-14
sz300190,维尔利,3.7,-0.1,-2.632,3.69,3.7,3.8,3.78,3.79,3.67,12691800.0,47021244.0,15:44:45,2026-08-14
sz300191,潜能恒信,32.02,0.15,0.471,32.02,32.03,31.87,31.79,32.23,31.15,10947910.0,347834226.0,15:45:00,2026-08-14
sz300192,科德教育,14.67,-0.01,-0.068,14.66,14.67,14.68,14.97,15.0,14.58,12046143.0,177224822.0,15:45:15,2026-08-14
sz300193,佳士科技,7.74,0.01,0.129,7.73,7.74,7.73,7.73,7.8,7.7,2819200.0,21815807.0,15:45:30,2026-08-14
sz300194,福安药业,4.0,0.0,0.0,4.0,4.01,4.0,3.97,4.07,3.94,31475900.0,126158370.0,15:44:45,2026-08-14
sz300195,长荣股份,5.49,-0.03,-0.543,5.48,5.49,5.52,5.52,5.55,5.42,8130000.0,44506513.0,15:45:00,2026-08-14
sz300196,长海股份,18.68,0.65,3.605,18.67,18.68,18.03,18.21,18.69,18.01,16845810.0,310944445.0,15:45:15,2026-08-14
sz300197,节能铁汉,2.18,-0.1,-4.386,2.18,2.19,2.28,2.29,2.34,2.15,218164873.0,479000264.0,15:45:30,2026-08-14
sz300198,*ST纳川,2.3,0.1,4.545,2.29,2.3,2.2,2.21,2.32,2.2,16372300.0,37241414.0,15:44:45,2026-08-14
sz300199,翰宇药业,25.86,-0.66,-2.489,25.86,25.87,26.52,26.09,26.72,25.33,60242634.0,1557332854.0,15:45:00,2026-08-14
sz300200,高盟新材,8.97,0.16,1.816,8.96,8.97,8.81,8.82,8.98,8.76,9210429.0,81649224.0,15:45:15,2026-08-14
sz300201,海伦哲,14.98,0.29,1.974,14.98,14.99,14.69,14.68,15.59,14.41,36737970.0,551778575.0,15:45:30,2026-08-14
sz300203,聚光科技,12.9,0.3,2.381,12.89,12.9,12.6,12.79,12.96,12.59,8846448.0,113492535.0,15:44:45,2026-08-14
sz300204,舒泰神,25.03,-0.79,-3.06,25.03,25.04,25.82,25.42,25.82,24.51,38012129.0,954101971.0,15:45:00,2026-08-14
sz300205,*ST天喻,5.05,-0.01,-0.198,5.05,5.06,5.06,5.06,5.11,5.0,1846600.0,9326101.0,15:45:15,2026-08-14
sz300206,理邦仪器,12.34,0.21,1.731,12.32,12.34,12.13,12.24,12.58,12.09,6018575.0,74422886.0,15:45:30,2026-08-14
sz300207,欣旺达,18.38,-0.14,-0.756,18.38,18.39,18.52,18.5,18.8,18.28,34335104.0,634430317.0,15:44:45,2026-08-14
sz300209,行云科技,38.93,3.58,10.127,38.92,38.93,35.35,36.23,39.19,34.8,181082790.0,6698611192.0,15:45:00,2026-08-14
sz300210,森远股份,8.84,0.16,1.843,8.83,8.84,8.68,8.69,8.88,8.59,7524400.0,65459927.0,15:45:15,2026-08-14
sz300211,*ST亿通,7.8,0.1,1.299,7.8,7.81,7.7,7.65,7.84,7.56,3363700.0,25848564.0,15:45:30,2026-08-14
sz300212,*ST易录,8.9,0.01,0.112,8.89,8.9,8.89,8.85,9.29,8.69,18116620.0,161419025.0,15:44:45,2026-08-14
sz300213,佳讯飞鸿,6.52,-0.07,-1.062,6.51,6.52,6.59,6.59,6.66,6.44,14201100.0,92760722.0,15:45:00,2026-08-14
sz300214,日科化学,11.94,-0.26,-2.131,11.94,11.95,12.2,11.99,12.86,11.72,53691741.0,651325237.0,15:45:15,2026-08-14
sz300215,电科院,6.32,0.08,1.282,6.32,6.33,6.24,6.23,6.32,6.1,9249800.0,57372251.0,15:45:30,2026-08-14
sz300217,东方电热,4.49,0.04,0.899,4.48,4.49,4.45,4.46,4.59,4.43,21579000.0,97280483.0,15:44:45,2026-08-14
sz300218,安利股份,12.72,0.28,2.251,12.71,12.72,12.44,12.59,12.97,12.44,3904200.0,49556754.0,15:45:00,2026-08-14
sz300219,鸿利智汇,6.9,0.07,1.025,6.9,6.91,6.83,6.85,6.93,6.82,11592120.0,79693422.0,15:45:15,2026-08-14
sz300220,金运激光,10.79,0.1,0.935,10.78,10.79,10.69,10.68,10.97,10.56,3061900.0,32947324.0,15:45:30,2026-08-14
sz300221,银禧科技,13.89,0.26,1.908,13.88,13.89,13.63,13.6,13.96,13.51,16780200.0,230087553.0,15:44:45,2026-08-14
sz300222,科大智能,10.51,0.02,0.191,10.51,10.52,10.49,10.54,10.59,10.37,17743980.0,186238546.0,15:45:00,2026-08-14
sz300223,君正股份,143.62,6.14,4.466,143.61,143.62,137.48,141.51,144.95,140.21,34731084.0,4960270280.0,15:45:15,2026-08-14
sz300224,正海磁材,11.37,0.17,1.518,11.36,11.37,11.2,11.26,11.53,11.23,12232238.0,138943529.0,15:45:30,2026-08-14
sz300225,金力泰,7.41,0.1,1.368,7.4,7.41,7.31,7.42,7.43,7.27,9008200.0,66120000.0,15:44:45,2026-08-14
sz300226,上海钢联,16.32,-0.1,-0.609,16.31,16.32,16.42,16.68,16.68,16.11,7165580.0,116794558.0,15:45:00,2026-08-14
sz300227,光韵达,12.19,0.69,6.0,12.19,12.2,11.5,11.68,12.27,11.42,39617020.0,470024874.0,15:45:15,2026-08-14
sz300228,富瑞特装,7.37,0.04,0.546,7.37,7.38,7.33,7.28,7.41,7.28,10564800.0,77720459.0,15:45:30,2026-08-14
sz300229,拓尔思,14.52,-0.04,-0.275,14.51,14.52,14.56,14.56,14.98,14.08,30453322.0,439808039.0,15:44:45,2026-08-14
sz300230,永利股份,4.22,-0.02,-0.472,4.22,4.23,4.24,4.24,4.26,4.2,6250390.0,26415525.0,15:45:00,2026-08-14
sz300231,银信科技,8.72,0.14,1.632,8.72,8.73,8.58,8.57,8.73,8.44,13963178.0,120020517.0,15:45:15,2026-08-14
sz300232,洲明科技,5.27,0.02,0.381,5.26,5.27,5.25,5.26,5.3,5.21,9921639.0,52120514.0,15:45:30,2026-08-14
sz300233,金城医药,14.4,0.2,1.408,14.4,14.41,14.2,14.43,14.88,14.06,29134237.0,423251045.0,15:44:45,2026-08-14
sz300234,开尔新材,9.63,-0.19,-1.935,9.63,9.64,9.82,9.92,10.05,9.52,17149906.0,167251530.0,15:45:00,2026-08-14
sz300235,方直科技,11.43,-0.05,-0.436,11.42,11.43,11.48,11.51,11.59,11.13,5686401.0,64507953.0,15:45:15,2026-08-14
sz300236,上海新阳,93.95,2.45,2.678,93.95,93.96,91.5,92.88,94.16,91.5,6414554.0,598480973.0,15:45:30,2026-08-14
sz300237,ST美晨,2.02,0.0,0.0,2.02,2.03,2.02,2.03,2.04,2.0,9748720.0,19688418.0,15:44:45,2026-08-14
sz300238,冠昊生物,12.52,0.25,2.037,12.51,12.52,12.27,12.2,13.21,12.1,12815010.0,162049507.0,15:45:00,2026-08-14
sz300239,东宝生物,5.07,0.02,0.396,5.07,5.08,5.05,5.08,5.15,5.04,7187500.0,36506490.0,15:45:15,2026-08-14
sz300240,飞力达,5.68,-0.02,-0.351,5.68,5.69,5.7,5.73,5.74,5.63,5070000.0,28755639.0,15:45:30,2026-08-14
sz300241,瑞丰光电,5.62,0.08,1.444,5.61,5.62,5.54,5.57,5.62,5.49,14534000.0,80797860.0,15:44:45,2026-08-14
sz300242,佳云科技,4.35,-0.15,-3.333,4.35,4.36,4.5,4.49,4.5,4.3,24682924.0,107933053.0,15:45:00,2026-08-14
sz300243,瑞丰高材,16.88,2.34,16.094,16.88,16.89,14.54,14.95,17.02,14.77,39071160.0,619059330.0,15:45:15,2026-08-14
sz300244,迪安诊断,20.76,-0.39,-1.844,20.75,20.76,21.15,20.87,21.4,20.36,31428209.0,653376980.0,15:45:30,2026-08-14
sz300245,ST天玑,5.75,-0.04,-0.691,5.75,5.76,5.79,5.77,5.81,5.65,5206800.0,29798381.0,15:44:45,2026-08-14
sz300246,宝莱特,19.0,0.92,5.088,19.0,19.01,18.08,18.09,19.3,18.01,20514399.0,383658782.0,15:45:00,2026-08-14
sz300247,融捷健康,3.87,0.03,0.781,3.87,3.88,3.84,3.94,4.04,3.83,33081320.0,129652607.0,15:45:15,2026-08-14
sz300248,新开普,8.94,-0.01,-0.112,8.94,8.95,8.95,9.0,9.26,8.75,15783874.0,141057124.0,15:45:30,2026-08-14
sz300249,依米康,13.0,0.12,0.932,12.99,13.0,12.88,12.95,13.08,12.69,22662720.0,292118238.0,15:44:45,2026-08-14
sz300250,初灵信息,15.75,0.09,0.575,15.74,15.75,15.66,15.78,15.94,15.41,8507600.0,133348508.0,15:45:00,2026-08-14
sz300251,光线传媒,11.36,-0.3,-2.573,11.36,11.37,11.66,11.6,11.65,11.31,45468101.0,519022238.0,15:45:15,2026-08-14
sz300252,金信诺,12.05,0.38,3.256,12.04,12.05,11.67,11.75,12.12,11.75,27268441.0,326266535.0,15:45:30,2026-08-14
sz300253,卫宁健康,7.73,-0.12,-1.529,7.72,7.73,7.85,7.83,7.97,7.59,68493792.0,529811577.0,15:44:45,2026-08-14
sz300254,仟源医药,8.98,-0.12,-1.319,8.97,8.98,9.1,9.11,9.23,8.86,11777380.0,106010851.0,15:45:00,2026-08-14
sz300255,常山药业,27.26,-1.09,-3.845,27.25,27.26,28.35,27.84,28.15,26.67,54367685.0,1482148279.0,15:45:15,2026-08-14
sz300256,星星科技,2.69,0.0,0.0,2.69,2.7,2.69,2.69,2.72,2.65,16323700.0,43690660.0,15:45:30,2026-08-14
sz300257,开山股份,19.5,0.1,0.515,19.5,19.51,19.4,19.68,19.71,19.2,7545893.0,146584918.0,15:44:45,2026-08-14
sz300258,精锻科技,10.18,0.0,0.0,10.18,10.19,10.18,10.19,10.28,10.05,5461660.0,55394221.0,15:45:00,2026-08-14
sz300259,新天科技,4.41,-0.02,-0.451,4.41,4.42,4.43,4.43,4.51,4.34,41229326.0,182312880.0,15:45:15,2026-08-14
sz300260,新莱应材,59.82,0.71,1.201,59.82,59.83,59.11,60.1,60.45,58.4,14811809.0,882786080.0,15:45:30,2026-08-14
sz300261,雅本化学,5.24,-0.04,-0.758,5.23,5.24,5.28,5.27,5.4,5.16,21758809.0,114288558.0,15:44:45,2026-08-14
sz300263,隆华科技,10.25,0.41,4.167,10.25,10.26,9.84,9.95,10.3,9.93,46880690.0,475368079.0,15:45:00,2026-08-14
sz300264,佳创视讯,6.72,-0.04,-0.592,6.71,6.72,6.76,6.8,6.83,6.57,11975300.0,80174573.0,15:45:15,2026-08-14
sz300265,通光线缆,14.63,0.08,0.55,14.63,14.64,14.55,14.57,14.75,14.33,18708958.0,271632585.0,15:45:30,2026-08-14
sz300266,兴源环境,1.89,-0.06,-3.077,1.89,1.9,1.95,1.96,1.96,1.87,28315600.0,53646260.0,15:44:45,2026-08-14
sz300267,尔康制药,3.31,-0.03,-0.898,3.31,3.32,3.34,3.32,3.39,3.26,35037449.0,116146877.0,15:45:00,2026-08-14
sz300268,佳沃食品,11.36,-0.2,-1.73,11.36,11.37,11.56,11.58,11.66,11.2,1390000.0,15759170.0,15:45:15,2026-08-14
sz300269,联建光电,4.81,0.0,0.0,4.81,4.82,4.81,4.84,4.86,4.72,11570900.0,55366931.0,15:45:30,2026-08-14
sz300270,中威电子,12.91,-0.16,-1.224,12.91,12.92,13.07,12.99,13.26,12.64,20721900.0,266754281.0,15:44:45,2026-08-14
sz300271,华宇软件,5.68,-0.01,-0.176,5.68,5.69,5.69,5.7,5.77,5.57,14309615.0,80769280.0,15:45:00,2026-08-14
sz300272,开能健康,6.23,0.15,2.467,6.22,6.23,6.08,6.18,6.49,6.14,29469415.0,185325325.0,15:45:15,2026-08-14
sz300274,阳光电源,116.72,-1.41,-1.194,116.72,116.73,118.13,118.47,120.77,116.33,42758447.0,5045534855.0,15:45:30,2026-08-14
sz300275,梅安森,9.27,0.41,4.628,9.26,9.27,8.86,8.85,9.31,8.8,7575040.0,68080898.0,15:44:45,2026-08-14
sz300276,三丰智能,6.59,-0.07,-1.051,6.59,6.6,6.66,6.63,6.66,6.45,32140966.0,210430373.0,15:45:00,2026-08-14
sz300277,汽轮科技,12.29,-0.09,-0.727,12.29,12.3,12.38,12.44,12.49,12.21,9557590.0,117783795.0,15:45:15,2026-08-14
sz300278,华昌达,3.89,-0.02,-0.512,3.89,3.9,3.91,3.94,3.94,3.85,11119000.0,43165966.0,15:45:30,2026-08-14
sz300279,和晶科技,5.71,-0.04,-0.696,5.71,5.72,5.75,5.77,5.78,5.65,6741000.0,38422522.0,15:44:45,2026-08-14
sz300281,金明精机,6.35,-0.01,-0.157,6.35,6.36,6.36,6.36,6.39,6.28,5196200.0,32898598.0,15:45:00,2026-08-14
sz300283,温州宏丰,14.46,0.61,4.404,14.46,14.47,13.85,14.0,14.77,14.0,54983151.0,792052119.0,15:45:15,2026-08-14
sz300284,苏交科,5.55,0.0,0.0,5.54,5.55,5.55,5.47,5.58,5.47,23541727.0,129809871.0,15:45:30,2026-08-14
sz300285,国瓷材料,70.96,0.3,0.425,70.96,70.97,70.66,73.04,73.2,69.61,98121810.0,6970515096.0,15:44:45,2026-08-14
sz300286,安科瑞,20.62,-0.03,-0.145,20.61,20.62,20.65,20.66,20.75,20.31,3411437.0,69895252.0,15:45:00,2026-08-14
sz300287,飞利信,3.78,-0.03,-0.787,3.78,3.79,3.81,3.87,3.99,3.72,45718919.0,174566301.0,15:45:15,2026-08-14
sz300288,朗玛信息,10.08,-0.16,-1.563,10.08,10.09,10.24,10.23,10.33,9.99,6810067.0,68918661.0,15:45:30,2026-08-14
sz300289,利德曼,5.98,-0.04,-0.664,5.97,5.98,6.02,6.04,6.1,5.89,6896819.0,41295176.0,15:44:45,2026-08-14
sz300290,ST荣科,6.06,-0.04,-0.656,6.06,6.07,6.1,6.09,6.17,5.96,21104447.0,127948907.0,15:45:00,2026-08-14
sz300291,百纳千成,5.24,-0.11,-2.056,5.24,5.25,5.35,5.34,5.39,5.13,30214300.0,157764897.0,15:45:15,2026-08-14
sz300292,吴通控股,4.35,0.07,1.636,4.35,4.36,4.28,4.31,4.41,4.25,63089035.0,273064153.0,15:45:30,2026-08-14
sz300293,蓝英装备,16.13,0.07,0.436,16.12,16.13,16.06,16.05,16.25,15.87,4510100.0,72370098.0,15:44:45,2026-08-14
sz300294,博雅生物,15.61,-0.11,-0.7,15.61,15.62,15.72,15.68,16.16,15.45,10825058.0,171107121.0,15:45:00,2026-08-14
sz300295,*ST三六,13.08,1.06,8.819,13.07,13.08,12.02,12.11,13.08,12.06,7058712.0,89585628.0,15:45:15,2026-08-14
sz300296,利亚德,5.35,0.0,0.0,5.35,5.36,5.35,5.38,5.42,5.3,29654979.0,158746356.0,15:45:30,2026-08-14
sz300298,三诺生物,16.4,-0.15,-0.906,16.38,16.4,16.55,16.52,16.78,16.31,5996000.0,99006491.0,15:44:45,2026-08-14
sz300299,富春股份,5.49,0.03,0.549,5.48,5.49,5.46,5.46,5.51,5.34,19008400.0,103064336.0,15:45:00,2026-08-14
sz300300,海峡创新,8.0,-0.05,-0.621,8.0,8.01,8.05,8.07,8.16,7.86,29309720.0,233358261.0,15:45:15,2026-08-14
sz300301,ST长方,3.41,-0.01,-0.292,3.41,3.42,3.42,3.42,3.45,3.36,7921900.0,26966661.0,15:45:30,2026-08-14
sz300302,同有科技,30.6,0.66,2.204,30.6,30.61,29.94,30.79,31.02,29.84,19557782.0,595577449.0,15:44:45,2026-08-14
sz300303,聚飞光电,7.28,0.06,0.831,7.27,7.28,7.22,7.28,7.3,7.18,32734221.0,237395179.0,15:45:00,2026-08-14
sz300304,云意电气,12.53,0.13,1.048,12.52,12.53,12.4,12.45,12.85,12.36,18290000.0,230298250.0,15:45:15,2026-08-14
sz300305,裕兴股份,6.48,0.03,0.465,6.48,6.49,6.45,6.45,6.54,6.35,16663516.0,107277369.0,15:45:30,2026-08-14
sz300306,远方信息,9.93,0.0,0.0,9.93,9.94,9.93,9.91,10.0,9.86,2268100.0,22502234.0,15:44:45,2026-08-14
sz300307,慈星股份,7.81,0.03,0.386,7.81,7.82,7.78,7.85,7.85,7.59,23741000.0,182971870.0,15:45:00,2026-08-14
sz300308,中际旭创,943.0,21.96,2.384,943.0,943.01,921.04,930.0,948.77,916.0,20014655.0,18690993448.0,15:45:15,2026-08-14
sz300310,宜通世纪,4.45,-0.01,-0.224,4.45,4.46,4.46,4.46,4.49,4.37,18279317.0,80906274.0,15:45:30,2026-08-14
sz300311,任子行,6.26,0.18,2.961,6.25,6.26,6.08,6.1,6.26,5.82,83673970.0,505984165.0,15:44:45,2026-08-14
sz300313,天山生物,8.94,0.16,1.822,8.94,8.95,8.78,8.78,9.21,8.62,13470704.0,120782247.0,15:45:00,2026-08-14
sz300314,戴维医疗,12.28,0.69,5.953,12.28,12.29,11.59,11.6,12.96,11.59,20491779.0,251638418.0,15:45:15,2026-08-14
sz300315,掌趣科技,4.19,-0.05,-1.179,4.19,4.2,4.24,4.21,4.27,4.1,70632720.0,295208738.0,15:45:30,2026-08-14
sz300316,晶盛机电,43.49,0.75,1.755,43.48,43.49,42.74,43.18,43.57,42.56,8746008.0,377399529.0,15:44:45,2026-08-14
sz300317,珈伟新能,4.71,-0.44,-8.544,4.71,4.72,5.15,5.01,5.02,4.7,125727303.0,604928596.0,15:45:00,2026-08-14
sz300318,博晖创新,5.16,0.06,1.176,5.15,5.16,5.1,5.14,5.26,5.05,9996800.0,51539306.0,15:45:15,2026-08-14
sz300319,麦捷科技,19.24,1.92,11.085,19.24,19.25,17.32,17.57,19.93,17.28,215558706.0,4038567497.0,15:45:30,2026-08-14
sz300320,海达股份,8.48,0.26,3.163,8.48,8.49,8.22,8.26,8.49,8.22,8016495.0,67240745.0,15:44:45,2026-08-14
sz300321,同大股份,34.48,1.56,4.739,34.47,34.48,32.92,32.78,35.5,32.73,3969400.0,136371826.0,15:45:00,2026-08-14
sz300322,硕贝德,19.05,1.04,5.775,19.04,19.05,18.01,18.41,19.14,18.15,42178628.0,788192467.0,15:45:15,2026-08-14
sz300323,华灿光电,12.25,0.28,2.339,12.24,12.25,11.97,12.0,12.29,11.9,36756083.0,444586684.0,15:45:30,2026-08-14
sz300324,旋极信息,3.74,-0.03,-0.796,3.74,3.75,3.77,3.77,3.81,3.69,26958837.0,100630387.0,15:44:45,2026-08-14
sz300326,ST凯利,6.17,0.08,1.314,6.16,6.17,6.09,6.09,6.19,6.09,5616400.0,34471383.0,15:45:00,2026-08-14
sz300327,中颖电子,23.12,0.27,1.182,23.12,23.13,22.85,23.08,23.25,22.75,6647890.0,152790931.0,15:45:15,2026-08-14
sz300328,宜安科技,14.77,0.25,1.722,14.76,14.77,14.52,14.52,14.8,14.31,27579125.0,400802379.0,15:45:30,2026-08-14
sz300329,海伦钢琴,11.83,-0.01,-0.084,11.83,11.84,11.84,11.97,12.07,11.63,2382900.0,28107672.0,15:44:45,2026-08-14
sz300331,苏大维格,50.36,2.61,5.466,50.35,50.36,47.75,48.21,50.87,48.21,12714018.0,631273975.0,15:45:00,2026-08-14
sz300332,天壕能源,4.76,-0.05,-1.04,4.75,4.76,4.81,4.79,4.8,4.7,17582488.0,83287953.0,15:45:15,2026-08-14
sz300333,兆日科技,11.28,0.64,6.015,11.27,11.28,10.64,12.77,12.77,10.96,84822708.0,999239586.0,15:45:30,2026-08-14
sz300334,津膜科技,8.53,0.04,0.471,8.53,8.54,8.49,8.53,8.61,8.4,5194100.0,44174537.0,15:44:45,2026-08-14
sz300335,迪森股份,5.28,-0.15,-2.762,5.28,5.29,5.43,5.38,5.44,5.2,16985504.0,89270415.0,15:45:00,2026-08-14
sz300337,银邦股份,10.09,0.14,1.407,10.08,10.09,9.95,9.96,10.16,9.88,14232419.0,142715315.0,15:45:15,2026-08-14
sz300338,*ST开元,2.81,0.01,0.357,2.81,2.82,2.8,2.8,2.82,2.73,3851500.0,10685886.0,15:45:30,2026-08-14
sz300339,润和软件,36.72,-0.26,-0.703,36.72,36.73,36.98,36.95,37.47,36.1,20140773.0,738184791.0,15:44:45,2026-08-14
sz300340,科恒股份,8.57,0.08,0.942,8.55,8.57,8.49,8.51,8.67,8.45,3831500.0,32694630.0,15:45:00,2026-08-14
sz300341,麦克奥迪,13.12,-0.12,-0.906,13.11,13.12,13.24,13.24,13.32,13.02,3426100.0,45028849.0,15:45:15,2026-08-14
sz300342,天银机电,37.25,0.44,1.195,37.25,37.26,36.81,36.93,37.5,36.23,13086806.0,482529260.0,15:45:30,2026-08-14
sz300343,联创股份,6.03,-0.1,-1.631,6.02,6.03,6.13,6.1,6.14,6.02,23129800.0,140113152.0,15:44:45,2026-08-14
sz300345,华民股份,7.42,0.54,7.849,7.42,7.43,6.88,6.85,7.68,6.73,63787847.0,459815936.0,15:45:00,2026-08-14
sz300346,南大光电,58.71,1.11,1.927,58.71,58.72,57.6,58.63,59.18,57.53,33971236.0,1985096148.0,15:45:15,2026-08-14
sz300347,泰格医药,56.02,0.7,1.265,56.01,56.02,55.32,55.1,58.0,53.83,26127497.0,1464760228.0,15:45:30,2026-08-14
sz300348,长亮科技,9.29,-0.14,-1.485,9.29,9.3,9.43,9.45,9.55,9.18,14812306.0,137788474.0,15:44:45,2026-08-14
sz300349,金卡智能,10.57,-0.01,-0.095,10.57,10.58,10.58,10.58,10.64,10.44,6454387.0,68120631.0,15:45:00,2026-08-14
sz300350,华鹏飞,4.33,-0.03,-0.688,4.32,4.33,4.36,4.36,4.38,4.28,9703680.0,41910935.0,15:45:15,2026-08-14
sz300351,永贵电器,14.53,0.26,1.822,14.52,14.53,14.27,14.34,14.56,14.22,6747700.0,97005505.0,15:45:30,2026-08-14
sz300352,ST信源,2.43,-0.04,-1.619,2.43,2.44,2.47,2.48,2.49,2.39,16997975.0,41422129.0,15:44:45,2026-08-14
sz300353,东土科技,18.88,-0.15,-0.788,18.88,18.89,19.03,19.05,19.27,18.63,11920538.0,225164639.0,15:45:00,2026-08-14
sz300354,东华测试,30.7,0.68,2.265,30.7,30.71,30.02,30.1,31.57,30.01,3282652.0,101295929.0,15:45:15,2026-08-14
sz300355,蒙草生态,3.02,-0.06,-1.948,3.02,3.03,3.08,3.05,3.09,3.0,28822000.0,87294677.0,15:45:30,2026-08-14
sz300357,我武生物,25.87,0.05,0.194,25.86,25.87,25.82,25.73,26.56,25.32,18273478.0,475132485.0,15:44:45,2026-08-14
sz300358,楚天科技,9.13,-0.01,-0.109,9.12,9.13,9.14,9.1,9.29,9.0,22877605.0,209011577.0,15:45:00,2026-08-14
sz300359,全通教育,4.31,-0.09,-2.045,4.3,4.31,4.4,4.43,4.45,4.22,21949310.0,94360603.0,15:45:15,2026-08-14
sz300360,炬华科技,11.96,-0.19,-1.564,11.96,11.97,12.15,12.14,12.19,11.92,4573700.0,54868498.0,15:45:30,2026-08-14
sz300363,博腾股份,21.87,-0.49,-2.191,21.86,21.87,22.36,22.14,22.19,21.45,36453594.0,792855412.0,15:44:45,2026-08-14
sz300364,中文在线,24.66,-0.2,-0.805,24.66,24.67,24.86,25.13,25.33,23.83,57367520.0,1403834750.0,15:45:00,2026-08-14
sz300365,恒华科技,4.77,-0.06,-1.242,4.77,4.78,4.83,4.85,4.86,4.72,8797700.0,41890017.0,15:45:15,2026-08-14
sz300366,ST创意,5.13,0.08,1.584,5.13,5.14,5.05,5.04,5.17,5.02,6119200.0,31108611.0,15:45:30,2026-08-14
sz300368,汇金股份,9.13,-0.3,-3.181,9.13,9.14,9.43,9.36,9.49,8.95,30939200.0,282070031.0,15:44:45,2026-08-14
sz300369,绿盟科技,7.79,0.5,6.859,7.78,7.79,7.29,7.29,7.95,7.03,106378151.0,799907078.0,15:45:00,2026-08-14
sz300370,安控科技,2.19,-0.02,-0.905,2.19,2.2,2.21,2.21,2.22,2.15,17776186.0,38695240.0,15:45:15,2026-08-14
sz300371,汇中股份,10.3,0.05,0.488,10.3,10.31,10.25,10.28,10.35,10.14,1776033.0,18237217.0,15:45:30,2026-08-14
sz300373,扬杰科技,96.38,0.83,0.869,96.38,96.39,95.55,96.89,97.31,94.51,8992140.0,862206531.0,15:44:45,2026-08-14
sz300374,中铁装配,10.91,-0.05,-0.456,10.9,10.91,10.96,11.04,11.04,10.77,2326200.0,25254658.0,15:45:00,2026-08-14
sz300375,鹏翎股份,3.96,-0.02,-0.503,3.96,3.97,3.98,3.97,4.01,3.92,8517000.0,33713592.0,15:45:15,2026-08-14
sz300376,易事特,4.72,-0.09,-1.871,4.72,4.73,4.81,4.8,4.83,4.69,18199156.0,86179868.0,15:45:30,2026-08-14
sz300377,赢时胜,14.21,-0.14,-0.976,14.21,14.22,14.35,14.4,14.52,13.98,24696961.0,349392355.0,15:44:45,2026-08-14
sz300378,鼎捷数智,36.18,-0.42,-1.148,36.17,36.18,36.6,36.5,38.23,35.38,13233237.0,482937269.0,15:45:00,2026-08-14
sz300380,安硕信息,29.36,-0.24,-0.811,29.35,29.38,29.6,29.73,29.95,29.08,2484846.0,73081380.0,15:45:15,2026-08-14
sz300381,溢多利,6.24,0.08,1.299,6.23,6.24,6.16,6.17,6.28,6.1,6015300.0,37230473.0,15:45:30,2026-08-14
sz300382,斯莱克,16.11,1.04,6.901,16.1,16.11,15.07,15.1,16.24,15.1,33878070.0,537123651.0,15:44:45,2026-08-14
sz300383,光环新网,13.24,0.42,3.276,13.24,13.25,12.82,12.7,13.44,12.58,106438806.0,1388461177.0,15:45:00,2026-08-14
sz300384,三联虹普,12.23,0.0,0.0,12.22,12.23,12.23,12.16,12.31,12.06,2124000.0,25852027.0,15:45:15,2026-08-14
sz300385,ST雪浪,12.42,0.17,1.388,12.4,12.42,12.25,12.16,12.58,12.0,6773852.0,82815273.0,15:45:30,2026-08-14
sz300386,飞天诚信,11.12,-0.11,-0.98,11.12,11.13,11.23,11.22,11.33,10.97,7802200.0,86583629.0,15:44:45,2026-08-14
sz300387,富邦科技,7.24,0.01,0.138,7.23,7.24,7.23,7.23,7.29,7.15,3860692.0,27871947.0,15:45:00,2026-08-14
sz300388,节能国祯,6.98,0.21,3.102,6.97,6.98,6.77,6.77,7.06,6.73,13776360.0,95887303.0,15:45:15,2026-08-14
sz300389,艾比森,12.31,0.09,0.736,12.3,12.31,12.22,12.22,12.32,12.13,2998461.0,36687560.0,15:45:30,2026-08-14
sz300390,天华新能,67.27,3.06,4.766,67.26,67.27,64.21,64.83,68.0,64.83,42892210.0,2853844896.0,15:44:45,2026-08-14
sz300393,中来股份,6.25,0.0,0.0,6.24,6.25,6.25,6.25,6.32,6.13,14681400.0,91039621.0,15:45:00,2026-08-14
sz300394,天孚通信,267.71,10.55,4.103,267.71,267.72,257.16,262.01,267.71,252.0,52489133.0,13734994212.0,15:45:15,2026-08-14
sz300395,菲利华,93.4,0.91,0.984,93.4,93.41,92.49,92.5,94.45,91.7,19378157.0,1805014728.0,15:45:30,2026-08-14
sz300396,ST迪瑞,7.33,-0.03,-0.408,7.33,7.34,7.36,7.36,7.4,7.25,2664200.0,19490534.0,15:44:45,2026-08-14
sz300397,天和防务,11.71,0.24,2.092,11.71,11.72,11.47,11.47,12.1,11.32,33567062.0,392176701.0,15:45:00,2026-08-14
sz300398,飞凯材料,36.94,1.11,3.098,36.93,36.94,35.83,36.31,37.04,36.16,30952676.0,1135647424.0,15:45:15,2026-08-14
sz300399,天利科技,17.46,-0.07,-0.399,17.46,17.47,17.53,17.48,17.68,17.25,2915700.0,50795142.0,15:45:30,2026-08-14
sz300400,劲拓股份,30.09,0.89,3.048,30.09,30.1,29.2,29.5,30.62,29.0,13678250.0,411246746.0,15:44:45,2026-08-14
sz300401,花园生物,15.93,0.26,1.659,15.93,15.94,15.67,15.75,16.28,15.48,40261838.0,635047199.0,15:45:00,2026-08-14
sz300402,宝色股份,14.63,0.03,0.205,14.63,14.64,14.6,14.59,14.79,14.52,2237388.0,32717770.0,15:45:15,2026-08-14
sz300403,汉宇集团,9.49,0.01,0.105,9.49,9.5,9.48,9.51,9.61,9.4,6365200.0,60398011.0,15:45:30,2026-08-14
sz300404,博济医药,17.34,2.89,20.0,17.34,0.0,14.45,16.22,17.34,15.55,78607018.0,1320038764.0,15:44:45,2026-08-14
sz300405,科隆股份,5.63,0.05,0.896,5.62,5.63,5.58,5.58,5.67,5.53,5488710.0,30693305.0,15:45:00,2026-08-14
sz300406,九强生物,12.08,0.05,0.416,12.08,12.09,12.03,12.04,12.21,11.88,6513124.0,78710388.0,15:45:15,2026-08-14
sz300407,凯发电气,12.61,-0.08,-0.63,12.61,12.62,12.69,12.73,12.84,12.57,8563800.0,108595253.0,15:45:30,2026-08-14
sz300408,三环集团,129.09,0.69,0.537,129.09,129.1,128.4,132.52,133.18,125.91,52559281.0,6760315601.0,15:44:45,2026-08-14
sz300409,道氏技术,18.79,-0.13,-0.687,18.79,18.8,18.92,18.94,19.14,18.58,18741915.0,352833109.0,15:45:00,2026-08-14
sz300410,正业科技,7.89,0.15,1.938,7.89,7.9,7.74,7.86,7.99,7.7,17750900.0,138959835.0,15:45:15,2026-08-14
sz300411,金盾股份,7.43,-0.01,-0.134,7.43,7.44,7.44,7.45,7.53,7.36,4953940.0,36767639.0,15:45:30,2026-08-14
sz300412,迦南科技,4.51,-0.04,-0.879,4.51,4.52,4.55,4.52,4.61,4.47,10195400.0,46105127.0,15:44:45,2026-08-14
sz300413,芒果超媒,15.57,-0.13,-0.828,15.57,15.58,15.7,15.65,15.83,15.36,15711849.0,244233367.0,15:45:00,2026-08-14
sz300414,中光防雷,11.37,0.09,0.798,11.37,11.38,11.28,11.27,11.45,11.2,6940300.0,78572487.0,15:45:15,2026-08-14
sz300415,伊之密,20.73,-0.34,-1.614,20.73,20.74,21.07,21.13,21.2,20.6,4524511.0,94050660.0,15:45:30,2026-08-14
sz300416,苏试试验,15.0,0.21,1.42,14.99,15.0,14.79,14.8,15.07,14.77,9665948.0,144249043.0,15:44:45,2026-08-14
sz300417,南华仪器,10.92,0.1,0.924,10.91,10.92,10.82,10.84,10.94,10.73,2081000.0,22589685.0,15:45:00,2026-08-14
sz300418,昆仑万维,43.62,1.45,3.438,43.61,43.62,42.17,42.49,43.83,41.61,64354912.0,2745405787.0,15:45:15,2026-08-14
sz300419,ST浩丰,9.2,0.0,0.0,9.19,9.2,9.2,9.2,9.37,9.06,5802400.0,53396845.0,15:45:30,2026-08-14
sz300420,五洋自控,8.09,0.31,3.985,8.08,8.09,7.78,7.92,8.1,7.72,86741556.0,687180096.0,15:44:45,2026-08-14
sz300421,力星股份,17.57,0.09,0.515,17.56,17.57,17.48,17.5,17.67,17.3,4630000.0,80962479.0,15:45:00,2026-08-14
sz300422,博世科,4.26,-0.41,-8.779,4.25,4.26,4.67,4.31,4.35,4.13,35663015.0,150243803.0,15:45:15,2026-08-14
sz300423,昇辉科技,5.83,0.0,0.0,5.82,5.83,5.83,5.81,5.88,5.73,8070354.0,46780323.0,15:45:30,2026-08-14
sz300424,航新科技,14.42,0.2,1.406,14.41,14.42,14.22,14.34,14.52,14.17,5891536.0,84574273.0,15:44:45,2026-08-14
sz300425,中建环能,3.98,-0.05,-1.241,3.98,3.99,4.03,4.01,4.05,3.97,7342529.0,29350553.0,15:45:00,2026-08-14
sz300426,华智数媒,6.75,-0.22,-3.156,6.75,6.76,6.97,6.83,6.99,6.56,40314561.0,270722811.0,15:45:15,2026-08-14
sz300427,红相股份,6.93,-0.07,-1.0,6.93,6.94,7.0,6.97,7.04,6.81,23929000.0,164895216.0,15:45:30,2026-08-14
sz300428,立中集团,18.67,-0.06,-0.32,18.67,18.69,18.73,18.73,18.87,18.52,3926909.0,73322529.0,15:44:45,2026-08-14
sz300429,强力新材,10.87,0.37,3.524,10.86,10.87,10.5,10.55,10.99,10.55,18086073.0,195476726.0,15:45:00,2026-08-14
sz300430,*ST益通,4.68,-0.08,-1.681,4.68,4.69,4.76,4.78,4.81,4.66,6422200.0,30270738.0,15:45:15,2026-08-14
sz300432,富临精工,16.23,0.12,0.745,16.23,16.24,16.11,16.11,16.56,16.02,27945105.0,454106144.0,15:45:30,2026-08-14
sz300433,蓝思科技,35.74,1.09,3.146,35.73,35.74,34.65,35.16,35.85,34.72,93878998.0,3325097180.0,15:44:45,2026-08-14
sz300434,金石亚药,12.78,-0.08,-0.622,12.77,12.78,12.86,12.85,13.13,12.5,36257801.0,464771080.0,15:45:00,2026-08-14
sz300435,中泰股份,17.2,0.36,2.138,17.2,17.21,16.84,16.88,17.52,16.88,10235655.0,175864010.0,15:45:15,2026-08-14
sz300436,广生堂,99.46,-1.19,-1.182,99.46,99.47,100.65,100.0,103.98,97.79,7269674.0,728534060.0,15:45:30,2026-08-14
sz300437,清水源,11.12,-0.01,-0.09,11.11,11.12,11.13,11.18,11.27,10.99,5232700.0,58041361.0,15:44:45,2026-08-14
sz300438,鹏辉能源,65.78,0.86,1.325,65.63,65.78,64.92,65.31,67.95,64.9,19072180.0,1262231836.0,15:45:00,2026-08-14
sz300439,美康生物,9.43,0.16,1.726,9.43,9.44,9.27,9.21,9.56,9.11,5476800.0,51561683.0,15:45:15,2026-08-14
sz300440,运达科技,19.92,0.69,3.588,19.91,19.92,19.23,19.3,20.18,19.3,12369700.0,245028676.0,15:45:30,2026-08-14
sz300441,鲍斯股份,6.81,0.0,0.0,6.8,6.81,6.81,6.81,6.85,6.75,3949148.0,26833506.0,15:44:45,2026-08-14
sz300442,润泽科技,70.9,2.35,3.428,70.9,70.91,68.55,69.0,71.5,67.7,50547324.0,3526058297.0,15:45:00,2026-08-14
sz300443,金雷股份,20.53,-0.34,-1.629,20.53,20.54,20.87,20.93,21.0,20.43,3992987.0,82244072.0,15:45:15,2026-08-14
sz300444,双杰电气,10.67,-0.32,-2.912,10.66,10.67,10.99,11.13,11.14,10.51,50361167.0,535712297.0,15:45:30,2026-08-14
sz300445,康斯特,18.79,0.22,1.185,18.79,18.8,18.57,18.6,18.95,18.55,1440400.0,27022358.0,15:44:45,2026-08-14
sz300446,航天智造,13.76,-0.04,-0.29,13.76,13.77,13.8,13.8,13.89,13.69,4021932.0,55412918.0,15:45:00,2026-08-14
sz300447,全信股份,13.86,0.08,0.581,13.86,13.87,13.78,13.82,13.92,13.65,2525700.0,34840183.0,15:45:15,2026-08-14
sz300448,浩云科技,5.77,-0.01,-0.173,5.77,5.78,5.78,5.78,5.84,5.64,11566396.0,66238155.0,15:45:30,2026-08-14
sz300449,汉邦高科,7.3,-0.07,-0.95,7.29,7.3,7.37,7.47,7.49,7.2,10922060.0,79780375.0,15:44:45,2026-08-14
sz300450,先导智能,34.78,0.15,0.433,34.78,34.79,34.63,34.63,35.39,34.37,26010792.0,906171637.0,15:45:00,2026-08-14
sz300451,创业慧康,3.64,-0.03,-0.817,3.63,3.64,3.67,3.67,3.71,3.57,23319312.0,84445301.0,15:45:15,2026-08-14
sz300452,山河药辅,12.95,0.09,0.7,12.95,12.96,12.86,12.8,13.05,12.66,6316320.0,81379266.0,15:45:30,2026-08-14
sz300453,三鑫医疗,10.08,0.06,0.599,10.07,10.08,10.02,9.97,10.22,9.91,26070509.0,262259764.0,15:44:45,2026-08-14
sz300454,深信服,124.07,5.67,4.789,124.07,124.08,118.4,119.01,124.71,116.41,20599688.0,2488816301.0,15:45:00,2026-08-14
sz300455,航天智装,19.06,0.02,0.105,19.06,19.07,19.04,19.14,19.24,18.82,4863343.0,92568551.0,15:45:15,2026-08-14
sz300456,赛微电子,31.72,0.15,0.475,31.72,31.73,31.57,31.76,32.0,31.1,15169550.0,479950156.0,15:45:30,2026-08-14
sz300457,赢合科技,20.39,-0.17,-0.827,20.39,20.4,20.56,20.55,20.8,20.24,9145152.0,187116727.0,15:44:45,2026-08-14
sz300458,全志科技,33.95,-0.22,-0.644,33.95,33.96,34.17,34.44,35.15,33.2,51192563.0,1741341228.0,15:45:00,2026-08-14
sz300459,汤姆猫,3.68,-0.05,-1.34,3.68,3.69,3.73,3.7,3.76,3.61,91896693.0,337183106.0,15:45:15,2026-08-14
sz300460,ST惠伦,8.62,0.04,0.466,8.62,8.63,8.58,8.58,8.69,8.47,2184840.0,18752686.0,15:45:30,2026-08-14
sz300461,田中精机,34.7,0.68,1.999,34.7,34.73,34.02,33.81,35.17,33.31,7343100.0,249953603.0,15:44:45,2026-08-14
sz300462,ST华铭,11.35,-0.07,-0.613,11.35,11.36,11.42,11.38,11.41,11.12,709000.0,7947358.0,15:45:00,2026-08-14
sz300463,迈克生物,9.68,0.2,2.11,9.67,9.68,9.48,9.45,10.1,9.36,20760577.0,202972614.0,15:45:15,2026-08-14
sz300464,星徽股份,6.94,-0.4,-5.45,6.94,6.96,7.34,7.25,7.49,6.88,19827600.0,141147876.0,15:45:30,2026-08-14
sz300465,高伟达,12.98,0.32,2.528,12.97,12.98,12.66,12.68,13.6,12.6,33394840.0,439523002.0,15:44:45,2026-08-14
sz300466,赛摩智能,7.39,0.02,0.271,7.38,7.39,7.37,7.37,7.49,7.28,4322700.0,31751375.0,15:45:00,2026-08-14
sz300467,迅游科技,38.32,2.69,7.55,38.31,38.32,35.63,35.6,38.38,35.35,9483439.0,352130192.0,15:45:15,2026-08-14
sz300468,四方精创,21.24,-0.28,-1.301,21.24,21.25,21.52,21.5,21.88,20.95,19096376.0,405988644.0,15:45:30,2026-08-14
sz300469,信息发展,61.49,0.2,0.326,61.49,61.5,61.29,61.29,62.83,59.5,5272738.0,319734846.0,15:44:45,2026-08-14
sz300470,中密控股,28.41,-0.22,-0.768,28.4,28.41,28.63,28.82,28.82,28.23,2547600.0,72353312.0,15:45:00,2026-08-14
sz300471,厚普股份,10.47,0.62,6.294,10.46,10.47,9.85,9.95,10.49,9.86,21343462.0,219305159.0,15:45:15,2026-08-14
sz300472,*ST新元,6.97,0.11,1.603,6.97,6.98,6.86,6.87,6.97,6.84,1806380.0,12480051.0,15:45:30,2026-08-14
sz300473,德尔股份,22.32,0.02,0.09,22.31,22.32,22.3,22.4,22.6,22.12,2623750.0,58610701.0,15:44:45,2026-08-14
sz300474,景嘉微,52.0,-0.8,-1.515,52.0,52.01,52.8,53.09,53.13,51.58,7469530.0,389537668.0,15:45:00,2026-08-14
sz300475,香农芯创,161.03,3.6,2.287,161.02,161.03,157.43,161.5,163.18,157.6,25890894.0,4154481526.0,15:45:15,2026-08-14
sz300476,胜宏科技,269.33,-1.97,-0.726,269.33,269.35,271.3,273.61,275.0,265.19,34326871.0,9233184473.0,15:45:30,2026-08-14
sz300477,ST合纵,2.7,-0.04,-1.46,2.69,2.7,2.74,2.72,2.75,2.66,24341730.0,65478386.0,15:44:45,2026-08-14
sz300478,杭州高新,30.25,0.35,1.171,30.25,30.26,29.9,31.17,31.17,29.26,3892500.0,116533268.0,15:45:00,2026-08-14
sz300479,神思电子,14.06,-0.02,-0.142,14.06,14.07,14.08,14.09,14.23,13.92,4021892.0,56507637.0,15:45:15,2026-08-14
sz300480,光力科技,35.31,1.27,3.731,35.31,35.32,34.04,34.3,35.38,34.27,18401620.0,642196414.0,15:45:30,2026-08-14
sz300481,濮阳惠成,14.07,0.16,1.15,14.07,14.08,13.91,14.01,14.31,13.96,7557739.0,106285117.0,15:44:45,2026-08-14
sz300482,万孚生物,17.5,-0.22,-1.242,17.5,17.51,17.72,17.72,18.02,17.4,6685037.0,118150196.0,15:45:00,2026-08-14
sz300483,首华燃气,22.89,-0.13,-0.565,22.89,22.9,23.02,22.95,23.11,22.5,8475699.0,193863418.0,15:45:15,2026-08-14
sz300484,蓝海华腾,13.59,0.07,0.518,13.59,13.6,13.52,13.48,14.12,13.48,5996500.0,82591517.0,15:45:30,2026-08-14
sz300485,赛升药业,10.0,-0.13,-1.283,10.0,10.01,10.13,10.1,10.25,9.85,10419500.0,104343969.0,15:44:45,2026-08-14
sz300486,东杰智能,20.23,0.38,1.914,20.23,20.24,19.85,19.91,20.28,19.57,8510825.0,169884799.0,15:45:00,2026-08-14
sz300487,蓝晓科技,66.7,0.12,0.18,66.69,66.7,66.58,66.5,68.3,65.91,3844104.0,256179574.0,15:45:15,2026-08-14
sz300488,恒锋工具,32.51,0.97,3.075,32.5,32.51,31.54,31.61,32.57,31.46,3740301.0,119665582.0,15:45:30,2026-08-14
sz300489,光智科技,252.0,9.37,3.862,252.0,252.08,242.63,244.99,254.8,236.0,10275264.0,2550320092.0,15:44:45,2026-08-14
sz300490,华自科技,11.79,-0.01,-0.085,11.79,11.8,11.8,11.8,11.93,11.59,10372700.0,121655407.0,15:45:00,2026-08-14
sz300491,通合科技,31.14,1.92,6.571,31.14,31.15,29.22,30.51,32.18,29.63,14711600.0,457086346.0,15:45:15,2026-08-14
sz300492,华图山鼎,25.24,-0.71,-2.736,25.23,25.24,25.95,25.79,25.94,24.81,4355860.0,110079175.0,15:45:30,2026-08-14
sz300493,润欣科技,12.71,0.01,0.079,12.71,12.72,12.7,12.75,12.96,12.58,9409262.0,119727453.0,15:44:45,2026-08-14
sz300494,盛天网络,8.72,0.02,0.23,8.72,8.73,8.7,8.69,8.79,8.53,9196380.0,79491561.0,15:45:00,2026-08-14
sz300496,中科创达,59.81,0.0,0.0,59.8,59.81,59.81,59.55,60.98,58.8,12641044.0,753605106.0,15:45:15,2026-08-14
sz300497,富祥股份,18.4,0.15,0.822,18.39,18.4,18.25,18.45,18.88,18.13,32958600.0,608992610.0,15:45:30,2026-08-14
sz300498,温氏股份,13.47,-0.33,-2.391,13.47,13.48,13.8,13.71,13.74,13.47,37388256.0,507927095.0,15:44:45,2026-08-14
sz300499,高澜股份,29.75,1.44,5.087,29.74,29.75,28.31,28.87,29.99,28.87,25249733.0,742542158.0,15:45:00,2026-08-14
sz300500,启迪设计,9.34,0.07,0.755,9.34,9.35,9.27,9.29,9.39,9.18,2291390.0,21283565.0,15:45:15,2026-08-14
sz300501,海顺新材,10.21,-0.1,-0.97,10.21,10.22,10.31,10.33,10.44,10.11,2601033.0,26619063.0,15:45:30,2026-08-14
sz300502,新易盛,448.08,18.18,4.229,448.08,448.09,429.9,435.51,449.97,426.5,38818795.0,17151534560.0,15:44:45,2026-08-14
sz300503,昊志机电,72.97,0.66,0.913,72.96,72.97,72.31,73.08,73.56,71.29,11886345.0,861149008.0,15:45:00,2026-08-14
sz300504,天邑股份,15.23,0.03,0.197,15.23,15.25,15.2,15.07,15.72,14.93,11543032.0,175774411.0,15:45:15,2026-08-14
sz300505,川金诺,18.72,-0.01,-0.053,18.72,18.73,18.73,18.73,18.96,18.51,8144528.0,152296507.0,15:45:30,2026-08-14
sz300506,名家汇,5.11,0.04,0.789,5.1,5.11,5.07,5.08,5.25,4.99,30490800.0,155450772.0,15:44:45,2026-08-14
sz300507,苏奥传感,6.56,0.07,1.079,6.54,6.56,6.49,6.53,6.57,6.46,4847720.0,31583436.0,15:45:00,2026-08-14
sz300508,维宏股份,46.2,-0.2,-0.431,46.2,46.22,46.4,46.37,47.37,45.03,3050500.0,140312054.0,15:45:15,2026-08-14
sz300509,新美星,8.6,0.06,0.703,8.6,8.61,8.54,8.57,8.67,8.51,3605193.0,30907691.0,15:45:30,2026-08-14
sz300510,金冠股份,3.46,-0.01,-0.288,3.45,3.46,3.47,3.49,3.5,3.4,20506400.0,70489270.0,15:44:45,2026-08-14
sz300511,雪榕生物,5.37,-0.07,-1.287,5.37,5.38,5.44,5.44,5.45,5.32,13738160.0,73693502.0,15:45:00,2026-08-14
sz300512,中亚股份,7.25,0.11,1.541,7.25,7.28,7.14,7.18,7.37,7.15,3465200.0,25071919.0,15:45:15,2026-08-14
sz300513,恒实科技,7.31,0.01,0.137,7.3,7.31,7.3,7.31,7.38,7.21,5456176.0,39786523.0,15:45:30,2026-08-14
sz300514,友讯达,9.75,0.05,0.515,9.73,9.75,9.7,9.71,9.79,9.6,2257700.0,21868835.0,15:44:45,2026-08-14
sz300515,三德科技,16.49,0.65,4.104,16.49,16.5,15.84,15.97,16.49,15.81,7488301.0,121894863.0,15:45:00,2026-08-14
sz300516,久之洋,32.62,0.72,2.257,32.61,32.62,31.9,32.03,34.11,31.85,7133020.0,235243757.0,15:45:15,2026-08-14
sz300517,海波重科,10.03,-0.13,-1.28,10.01,10.03,10.16,10.14,10.37,9.92,4095000.0,41105776.0,15:45:30,2026-08-14
sz300518,新迅达,24.47,0.09,0.369,24.47,24.48,24.38,24.49,24.8,23.72,8102733.0,196170336.0,15:44:45,2026-08-14
sz300519,新光药业,14.8,0.26,1.788,14.79,14.8,14.54,14.46,14.91,14.21,6424500.0,94399724.0,15:45:00,2026-08-14
sz300520,科大国创,25.66,-0.18,-0.697,25.65,25.67,25.84,25.94,26.24,25.1,8418100.0,215418704.0,15:45:15,2026-08-14
sz300521,爱司凯,24.31,-0.51,-2.055,24.31,24.33,24.82,24.75,25.19,23.96,3342300.0,81527988.0,15:45:30,2026-08-14
sz300522,世名科技,14.87,0.41,2.835,14.87,14.88,14.46,14.6,15.23,14.4,16980400.0,251291986.0,15:44:45,2026-08-14
sz300523,辰安科技,19.86,0.22,1.12,19.84,19.86,19.64,19.98,19.98,19.61,1441900.0,28498363.0,15:45:00,2026-08-14
sz300525,博思软件,8.74,-0.14,-1.577,8.74,8.75,8.88,8.86,9.01,8.57,22125545.0,193260636.0,15:45:15,2026-08-14
sz300527,ST应急,7.79,0.06,0.776,7.78,7.79,7.73,7.79,7.84,7.73,3519682.0,27380602.0,15:45:30,2026-08-14
sz300528,幸福蓝海,13.74,-0.53,-3.714,13.73,13.74,14.27,14.17,14.2,13.47,19629920.0,269323334.0,15:44:45,2026-08-14
sz300529,健帆生物,16.21,-0.16,-0.977,16.21,16.22,16.37,16.34,16.78,16.12,11458279.0,187443120.0,15:45:00,2026-08-14
sz300530,领湃科技,19.71,-0.46,-2.281,19.7,19.71,20.17,20.01,21.77,19.55,9340739.0,190345108.0,15:45:15,2026-08-14
sz300531,优博讯,16.64,0.23,1.402,16.63,16.64,16.41,16.55,16.69,16.33,9208217.0,152161607.0,15:45:30,2026-08-14
sz300532,今天国际,7.02,0.04,0.573,7.02,7.03,6.98,6.96,7.03,6.92,6047239.0,42156905.0,15:44:45,2026-08-14
sz300533,冰川网络,15.31,0.1,0.657,15.31,15.32,15.21,15.2,15.37,14.83,6542100.0,98901518.0,15:45:00,2026-08-14
sz300534,陇神戎发,18.9,-0.02,-0.106,18.89,18.9,18.92,18.92,19.3,17.81,101304730.0,1881674683.0,15:45:15,2026-08-14
sz300535,达威股份,15.26,-0.01,-0.065,15.24,15.26,15.27,15.27,15.36,15.0,1749200.0,26548742.0,15:45:30,2026-08-14
sz300536,农尚环境,8.82,-0.06,-0.676,8.82,8.84,8.88,8.9,8.95,8.64,9331715.0,82038958.0,15:44:45,2026-08-14
sz300537,广信材料,20.87,1.19,6.047,20.87,20.88,19.68,19.98,21.13,19.98,17361581.0,358206599.0,15:45:00,2026-08-14
sz300538,同益股份,15.48,0.33,2.178,15.48,15.49,15.15,15.08,15.73,15.08,5125900.0,79532238.0,15:45:15,2026-08-14
sz300539,横河精密,19.0,-0.15,-0.783,18.99,19.0,19.15,19.06,19.27,18.81,4296900.0,81779795.0,15:45:30,2026-08-14
sz300540,蜀道装备,33.09,0.69,2.13,33.09,33.1,32.4,32.67,34.13,32.48,17616310.0,584982170.0,15:44:45,2026-08-14
sz300541,先进数通,10.11,-0.55,-5.159,10.1,10.11,10.66,10.3,10.35,9.87,21669303.0,218416241.0,15:45:00,2026-08-14
sz300542,新晨科技,12.13,0.0,0.0,12.12,12.13,12.13,12.14,12.57,12.05,5940095.0,72858730.0,15:45:15,2026-08-14
sz300543,朗科智能,7.78,-0.02,-0.256,7.77,7.78,7.8,7.75,7.83,7.68,5139536.0,39839135.0,15:45:30,2026-08-14
sz300545,联得装备,29.46,1.13,3.989,29.46,29.47,28.33,28.5,29.46,28.4,8322572.0,241713076.0,15:44:45,2026-08-14
sz300546,雄帝科技,16.1,0.03,0.187,16.1,16.11,16.07,16.02,16.29,15.93,3124290.0,50198511.0,15:45:00,2026-08-14
sz300547,川环科技,26.13,0.43,1.673,26.13,26.14,25.7,26.05,26.76,25.72,7106750.0,186284026.0,15:45:15,2026-08-14
sz300548,长芯博创,194.67,14.59,8.102,194.66,194.67,180.08,183.33,194.68,178.05,18230590.0,3451033984.0,15:45:30,2026-08-14
sz300549,优德精密,14.17,0.1,0.711,14.17,14.18,14.07,13.99,14.31,13.9,1413800.0,19927192.0,15:44:45,2026-08-14
sz300550,和仁科技,12.08,0.09,0.751,12.07,12.08,11.99,11.99,12.26,11.77,5347115.0,64200840.0,15:45:00,2026-08-14
sz300551,古鳌科技,10.06,-0.16,-1.566,10.06,10.07,10.22,10.31,10.45,9.92,8934994.0,90026721.0,15:45:15,2026-08-14
sz300552,万集科技,21.84,0.33,1.534,21.83,21.84,21.51,21.43,22.02,21.2,7811162.0,169024900.0,15:45:30,2026-08-14
sz300553,集智股份,43.9,-0.19,-0.431,43.9,43.92,44.09,44.02,44.65,42.9,3882246.0,170152390.0,15:44:45,2026-08-14
sz300554,三超新材,20.95,0.36,1.748,20.95,20.98,20.59,20.52,21.26,20.45,2877650.0,59786277.0,15:45:00,2026-08-14
sz300555,ST路通,12.88,0.15,1.178,12.87,12.88,12.73,12.66,13.09,12.66,1116794.0,14407313.0,15:45:15,2026-08-14
sz300556,丝路视觉,16.2,-0.16,-0.978,16.19,16.2,16.36,16.45,16.5,16.03,3672700.0,59569797.0,15:45:30,2026-08-14
sz300557,理工光科,26.74,0.35,1.326,26.73,26.74,26.39,26.38,26.81,26.16,2546946.0,67480316.0,15:44:45,2026-08-14
sz300558,贝达药业,68.69,0.22,0.321,68.68,68.69,68.47,68.51,70.78,67.58,12617975.0,869747351.0,15:45:00,2026-08-14
sz300559,佳发教育,11.07,0.03,0.272,11.07,11.08,11.04,11.14,11.44,10.86,7951207.0,88460353.0,15:45:15,2026-08-14
sz300560,中富通,17.22,1.02,6.296,17.21,17.22,16.2,16.3,17.23,16.28,14759600.0,247570341.0,15:45:30,2026-08-14
sz300561,汇金科技,16.52,-0.32,-1.9,16.52,16.53,16.84,16.85,17.18,16.05,25885290.0,426457368.0,15:44:45,2026-08-14
sz300562,乐心医疗,16.61,0.71,4.465,16.61,16.62,15.9,16.13,17.49,15.91,19909020.0,332211745.0,15:45:00,2026-08-14
sz300563,神宇股份,23.76,0.38,1.625,23.75,23.76,23.38,23.4,23.85,23.37,2210196.0,52196474.0,15:45:15,2026-08-14
sz300564,筑博设计,12.31,0.03,0.244,12.26,12.31,12.28,12.29,12.45,12.12,2146400.0,26309377.0,15:45:30,2026-08-14
sz300565,科信技术,9.76,0.02,0.205,9.76,9.77,9.74,9.73,9.87,9.63,6180200.0,60208585.0,15:44:45,2026-08-14
sz300566,激智科技,27.7,0.8,2.974,27.7,27.71,26.9,27.36,29.11,27.0,34234802.0,956972380.0,15:45:00,2026-08-14
sz300567,精测电子,223.44,-0.8,-0.357,223.44,223.5,224.24,227.66,230.0,220.2,6443695.0,1438768432.0,15:45:15,2026-08-14
sz300568,星源材质,14.95,0.43,2.961,14.95,14.96,14.52,14.51,15.56,14.36,120570048.0,1805821141.0,15:45:30,2026-08-14
sz300569,天能重工,4.84,-0.05,-1.022,4.83,4.84,4.89,4.9,4.9,4.79,10787339.0,52082593.0,15:44:45,2026-08-14
sz300570,太辰光,161.5,11.78,7.868,161.5,161.51,149.72,150.02,161.96,147.6,22183134.0,3497549425.0,15:45:00,2026-08-14
sz300571,平治信息,34.6,0.72,2.125,34.6,34.61,33.88,34.0,34.88,33.45,11232105.0,383308060.0,15:45:15,2026-08-14
sz300572,安车检测,20.17,-0.18,-0.885,20.17,20.18,20.35,20.46,20.66,19.76,4233200.0,85307017.0,15:45:30,2026-08-14
sz300573,兴齐眼药,41.4,-0.67,-1.593,41.4,41.41,42.07,41.95,42.67,41.13,7919469.0,330299000.0,15:44:45,2026-08-14
sz300575,中旗股份,5.88,0.24,4.255,5.88,5.89,5.64,5.66,5.93,5.61,25453438.0,148938841.0,15:45:00,2026-08-14
sz300576,容大感光,32.11,0.88,2.818,32.11,32.12,31.23,31.49,32.19,31.2,17922561.0,569562669.0,15:45:15,2026-08-14
sz300577,开润股份,18.7,0.16,0.863,18.69,18.7,18.54,18.3,18.78,18.01,4615341.0,85272478.0,15:45:30,2026-08-14
sz300578,会畅科技,16.27,-0.05,-0.306,16.26,16.27,16.32,16.42,16.49,16.03,2969600.0,48236708.0,15:44:45,2026-08-14
sz300579,数字认证,21.88,-0.2,-0.906,21.87,21.88,22.08,22.16,22.5,21.66,2793550.0,61385097.0,15:45:00,2026-08-14
sz300580,贝斯特,21.83,-0.2,-0.908,21.83,21.84,22.03,21.98,22.49,21.6,10697600.0,234840438.0,15:45:15,2026-08-14
sz300581,晨曦航空,10.28,0.19,1.883,10.27,10.28,10.09,10.08,10.68,10.06,20299059.0,210161093.0,15:45:30,2026-08-14
sz300582,英飞特,11.43,-0.05,-0.436,11.43,11.44,11.48,11.48,11.6,11.25,4215900.0,48073391.0,15:44:45,2026-08-14
sz300583,赛托生物,12.88,-0.02,-0.155,12.88,12.91,12.9,12.9,13.06,12.75,2858200.0,36850876.0,15:45:00,2026-08-14
sz300584,海辰药业,35.0,-0.14,-0.398,34.99,35.0,35.14,34.88,36.55,34.37,5116100.0,179659393.0,15:45:15,2026-08-14
sz300585,奥联电子,16.19,-0.33,-1.998,16.19,16.2,16.52,16.62,16.77,15.5,7932400.0,127411765.0,15:45:30,2026-08-14
sz300586,美联新材,9.38,0.24,2.626,9.38,9.39,9.14,9.16,9.4,9.15,16601031.0,154135818.0,15:44:45,2026-08-14
sz300587,天铁科技,5.21,-0.16,-2.98,5.21,5.22,5.37,5.4,5.41,5.13,48776412.0,255366433.0,15:45:00,2026-08-14
sz300588,熙菱信息,21.91,-0.29,-1.306,21.91,21.95,22.2,22.38,22.38,21.73,2601565.0,57045959.0,15:45:15,2026-08-14
sz300589,江龙船艇,13.32,0.22,1.679,13.31,13.32,13.1,13.01,13.73,12.95,28829091.0,386784817.0,15:45:30,2026-08-14
sz300590,移为通信,11.36,0.21,1.883,11.36,11.37,11.15,11.17,11.39,11.17,17331076.0,195711213.0,15:44:45,2026-08-14
sz300591,万里马,8.29,0.64,8.366,8.29,8.3,7.65,7.73,8.3,7.6,45616555.0,369083219.0,15:45:00,2026-08-14
sz300592,华凯易佰,15.74,-0.3,-1.87,15.73,15.74,16.04,16.07,16.24,15.43,14842399.0,233607076.0,15:45:15,2026-08-14
sz300593,新雷能,29.34,-0.29,-0.979,29.34,29.35,29.63,29.76,30.29,28.88,23953224.0,705665029.0,15:45:30,2026-08-14
sz300594,ST朗进,14.77,-0.13,-0.872,14.77,14.8,14.9,14.9,14.98,14.6,1126400.0,16629454.0,15:44:45,2026-08-14
sz300595,欧普康视,11.53,-0.22,-1.872,11.52,11.53,11.75,11.72,11.85,11.49,10414067.0,121095555.0,15:45:00,2026-08-14
sz300596,利安隆,42.79,1.49,3.608,42.78,42.79,41.3,41.22,43.15,41.01,5758450.0,243839244.0,15:45:15,2026-08-14
sz300597,吉大通信,7.67,-0.01,-0.13,7.66,7.67,7.68,7.67,7.75,7.58,3300000.0,25272893.0,15:45:30,2026-08-14
sz300598,诚迈科技,28.72,-0.21,-0.726,28.72,28.73,28.93,28.85,29.34,28.16,5554602.0,159371307.0,15:44:45,2026-08-14
sz300599,雄塑科技,11.64,0.14,1.217,11.64,11.65,11.5,11.52,11.8,11.35,7853700.0,90788428.0,15:45:00,2026-08-14
sz300600,国瑞科技,10.16,-0.01,-0.098,10.15,10.16,10.17,10.23,10.29,10.05,4690900.0,47683004.0,15:45:15,2026-08-14
sz300601,康泰生物,12.69,-0.09,-0.704,12.69,12.7,12.78,12.75,13.15,12.62,19608645.0,251754399.0,15:45:30,2026-08-14
sz300602,飞荣达,38.7,1.14,3.035,38.7,38.71,37.56,40.88,41.0,37.92,24521990.0,957605560.0,15:44:45,2026-08-14
sz300603,立昂技术,8.9,-0.6,-6.316,8.9,8.91,9.5,9.08,9.2,8.7,82836203.0,736023630.0,15:45:00,2026-08-14
sz300604,长川科技,283.05,1.36,0.483,283.05,283.06,281.69,287.01,290.99,278.0,15176846.0,4305511523.0,15:45:15,2026-08-14
sz300605,恒锋信息,10.67,0.05,0.471,10.66,10.67,10.62,10.63,10.74,10.36,10740429.0,113185850.0,15:45:30,2026-08-14
sz300606,金太阳,39.11,1.94,5.219,39.1,39.13,37.17,37.27,39.75,37.1,10415900.0,398276655.0,15:44:45,2026-08-14
sz300607,拓斯达,35.7,1.31,3.809,35.7,35.71,34.39,34.39,36.35,33.83,37732167.0,1317191452.0,15:45:00,2026-08-14
sz300608,思特奇,10.63,0.09,0.854,10.62,10.63,10.54,10.54,10.73,10.4,9436218.0,99670285.0,15:45:15,2026-08-14
sz300609,汇纳科技,26.8,0.38,1.438,26.79,26.8,26.42,26.53,27.0,25.93,3669000.0,97115470.0,15:45:30,2026-08-14
sz300610,晨化股份,9.99,0.04,0.402,9.98,10.0,9.95,9.95,10.04,9.88,1896800.0,18886505.0,15:44:45,2026-08-14
sz300611,美力科技,23.93,-0.21,-0.87,23.92,23.93,24.14,24.26,24.26,23.78,1882200.0,45047840.0,15:45:00,2026-08-14
sz300612,宣亚国际,12.18,-0.08,-0.653,12.18,12.19,12.26,12.27,12.43,11.91,7232537.0,87519503.0,15:45:15,2026-08-14
sz300613,富瀚微,75.91,0.25,0.33,75.91,75.92,75.66,76.62,77.6,74.2,14085097.0,1063325011.0,15:45:30,2026-08-14
sz300614,百川畅银,10.55,0.01,0.095,10.54,10.55,10.54,10.59,10.64,10.39,2597500.0,27253666.0,15:44:45,2026-08-14
sz300615,欣天科技,17.62,0.32,1.85,17.61,17.62,17.3,17.29,17.75,16.78,28339515.0,490615785.0,15:45:00,2026-08-14
sz300616,尚品宅配,10.72,0.02,0.187,10.72,10.73,10.7,10.65,10.82,10.54,4841600.0,51558149.0,15:45:15,2026-08-14
sz300617,安靠智电,43.4,-0.44,-1.004,43.39,43.4,43.84,43.83,44.27,42.49,7276300.0,314397087.0,15:45:30,2026-08-14
sz300618,寒锐钴业,35.64,-0.44,-1.22,35.64,35.65,36.08,36.07,36.5,35.35,9030410.0,324233849.0,15:44:45,2026-08-14
sz300619,金银河,26.27,0.33,1.272,26.26,26.27,25.94,25.94,26.48,25.78,5120183.0,133908413.0,15:45:00,2026-08-14
sz300620,光库科技,321.91,7.76,2.47,321.91,321.92,314.15,318.01,331.99,312.76,11891581.0,3844189439.0,15:45:15,2026-08-14
sz300621,维业股份,7.24,0.04,0.556,7.23,7.24,7.2,7.2,7.28,7.11,2736000.0,19677068.0,15:45:30,2026-08-14
sz300622,博士眼镜,14.83,-0.3,-1.983,14.82,14.83,15.13,15.18,15.28,14.6,9257022.0,137392367.0,15:44:45,2026-08-14
sz300623,捷捷微电,26.87,0.18,0.674,26.87,26.88,26.69,26.83,27.29,26.39,17250159.0,462086501.0,15:45:00,2026-08-14
sz300624,万兴科技,54.86,0.07,0.128,54.85,54.86,54.79,54.78,56.63,53.54,9996698.0,548275237.0,15:45:15,2026-08-14
sz300625,三雄极光,9.58,-0.01,-0.104,9.58,9.59,9.59,9.6,9.67,9.49,1097500.0,10503536.0,15:45:30,2026-08-14
sz300626,华瑞股份,33.35,-0.88,-2.571,33.35,33.36,34.23,34.17,35.11,32.62,6227000.0,208941545.0,15:44:45,2026-08-14
sz300627,华测导航,28.74,1.11,4.017,28.73,28.74,27.63,28.29,28.99,28.1,16994220.0,487568218.0,15:45:00,2026-08-14
sz300628,亿联网络,39.76,0.28,0.709,39.76,39.77,39.48,39.35,40.26,39.15,9673306.0,383881364.0,15:45:15,2026-08-14
sz300629,新劲刚,17.58,0.26,1.501,17.57,17.58,17.32,17.32,17.77,17.3,5535600.0,96942536.0,15:45:30,2026-08-14
sz300631,久吾高科,22.08,0.32,1.471,22.07,22.08,21.76,21.92,22.53,21.91,2076938.0,45924628.0,15:44:45,2026-08-14
sz300632,光莆股份,19.48,0.49,2.58,19.48,19.49,18.99,19.35,19.55,18.97,12172000.0,234433661.0,15:45:00,2026-08-14
sz300633,开立医疗,20.69,-0.15,-0.72,20.69,20.71,20.84,20.84,21.41,20.61,5085000.0,106540923.0,15:45:15,2026-08-14
sz300634,彩讯股份,21.87,1.82,9.077,21.86,21.87,20.05,20.28,24.06,20.28,43842806.0,986138374.0,15:45:30,2026-08-14
sz300635,中达安,11.79,-0.02,-0.169,11.78,11.81,11.81,11.83,11.97,11.66,2886000.0,33988386.0,15:44:45,2026-08-14
sz300636,同和药业,7.08,-0.01,-0.141,7.07,7.08,7.09,7.06,7.17,6.95,5990232.0,42316936.0,15:45:00,2026-08-14
sz300637,扬帆新材,8.95,0.09,1.016,8.94,8.95,8.86,8.95,8.98,8.84,3817481.0,34043486.0,15:45:15,2026-08-14
sz300638,广和通,20.02,-0.65,-3.145,20.02,20.03,20.67,20.7,20.97,20.01,22663285.0,459951877.0,15:45:30,2026-08-14
sz300639,凯普生物,6.41,0.14,2.233,6.41,6.42,6.27,6.22,6.49,6.2,24501317.0,156448416.0,15:44:45,2026-08-14
sz300640,德艺文创,6.8,-0.1,-1.449,6.79,6.8,6.9,6.96,6.96,6.74,11393400.0,77702706.0,15:45:00,2026-08-14
sz300641,正丹股份,14.65,-0.16,-1.08,14.65,14.67,14.81,14.83,14.96,14.6,4524304.0,66629028.0,15:45:15,2026-08-14
sz300642,透景生命,13.79,0.06,0.437,13.78,13.79,13.73,13.8,13.98,13.59,3661300.0,50325680.0,15:45:30,2026-08-14
sz300643,万通智控,19.36,0.39,2.056,19.36,19.37,18.97,19.16,19.63,18.92,5186301.0,100449904.0,15:44:45,2026-08-14
sz300644,南京聚隆,21.48,0.09,0.421,21.47,21.48,21.39,21.43,21.63,21.29,1379911.0,29591952.0,15:45:00,2026-08-14
sz300645,正元智慧,12.96,0.01,0.077,12.95,12.96,12.95,12.99,13.07,12.78,2969500.0,38353569.0,15:45:15,2026-08-14
sz300647,超频三,5.76,0.21,3.784,5.76,5.77,5.55,5.55,5.78,5.53,20612850.0,116559480.0,15:45:30,2026-08-14
sz300648,星云股份,39.61,-0.2,-0.502,39.61,39.62,39.81,39.87,40.3,38.88,1859341.0,73181496.0,15:44:45,2026-08-14
sz300649,杭州园林,25.33,0.31,1.239,25.32,25.33,25.02,25.02,25.39,24.42,2983200.0,74328525.0,15:45:00,2026-08-14
sz300650,太龙股份,11.56,0.21,1.85,11.55,11.56,11.35,11.4,11.83,11.37,4651970.0,53483249.0,15:45:15,2026-08-14
sz300651,金陵体育,17.35,-0.15,-0.857,17.34,17.35,17.5,17.47,17.61,17.08,3634500.0,62876278.0,15:45:30,2026-08-14
sz300652,雷迪克,29.89,-0.21,-0.698,29.89,29.94,30.1,30.1,30.4,29.58,1404306.0,41977320.0,15:44:45,2026-08-14
sz300653,正海生物,15.36,0.19,1.252,15.35,15.36,15.17,15.11,15.55,15.02,2851534.0,43684751.0,15:45:00,2026-08-14
sz300654,世纪天鸿,10.4,-0.11,-1.047,10.4,10.41,10.51,10.41,10.63,10.31,12115300.0,126283671.0,15:45:15,2026-08-14
sz300655,晶瑞电材,13.34,0.31,2.379,13.34,13.35,13.03,13.18,13.43,13.1,39743900.0,528307715.0,15:45:30,2026-08-14
sz300656,民德电子,27.61,0.71,2.639,27.61,27.62,26.9,27.38,27.63,26.83,3703200.0,100915502.0,15:44:45,2026-08-14
sz300657,弘信电子,36.31,0.81,2.282,36.3,36.31,35.5,35.78,36.32,35.2,27322815.0,977963202.0,15:45:00,2026-08-14
sz300658,延江股份,10.82,0.03,0.278,10.82,10.84,10.79,10.86,10.95,10.7,6769600.0,73168142.0,15:45:15,2026-08-14
sz300659,中孚信息,10.37,0.04,0.387,10.37,10.38,10.33,10.4,10.5,10.2,4520200.0,46781054.0,15:45:30,2026-08-14
sz300660,江苏雷利,26.75,-0.18,-0.668,26.74,26.75,26.93,27.0,27.2,26.44,4979949.0,133073098.0,15:44:45,2026-08-14
sz300661,圣邦股份,123.0,4.3,3.623,122.99,123.0,118.7,119.0,123.8,117.0,19882431.0,2409938522.0,15:45:00,2026-08-14
sz300662,科锐国际,20.15,-0.47,-2.279,20.15,20.18,20.62,20.81,20.95,19.91,4717656.0,95341484.0,15:45:15,2026-08-14
sz300663,科蓝软件,9.06,-0.26,-2.79,9.06,9.07,9.32,9.37,9.59,8.71,51011473.0,460435655.0,15:45:30,2026-08-14
sz300664,鹏鹞环保,4.61,-0.01,-0.216,4.61,4.62,4.62,4.63,4.65,4.57,6421150.0,29548277.0,15:44:45,2026-08-14
sz300665,飞鹿股份,9.62,0.01,0.104,9.62,9.64,9.61,9.6,9.66,9.44,5826568.0,55665121.0,15:45:00,2026-08-14
sz300666,江丰电子,255.9,4.88,1.944,255.9,255.91,251.02,256.07,257.5,248.8,11977378.0,3040087077.0,15:45:15,2026-08-14
sz300667,必创科技,14.33,-0.03,-0.209,14.33,14.34,14.36,14.38,14.49,14.14,4033800.0,57722400.0,15:45:30,2026-08-14
sz300668,杰恩股份,34.37,-1.56,-4.342,34.37,34.38,35.93,35.57,36.4,33.73,10113155.0,350368815.0,15:44:45,2026-08-14
sz300669,沪宁股份,23.82,1.0,4.382,23.82,23.83,22.82,23.4,24.3,22.5,2386800.0,56406396.0,15:45:00,2026-08-14
sz300670,大烨智能,6.23,0.05,0.809,6.22,6.23,6.18,6.16,6.3,6.1,5659200.0,34923279.0,15:45:15,2026-08-14
sz300671,富满微,64.19,1.69,2.704,64.18,64.19,62.5,64.37,64.4,61.82,10751400.0,681560681.0,15:45:30,2026-08-14
sz300672,国科微,174.11,7.67,4.608,174.11,174.14,166.44,169.66,175.6,168.04,10578229.0,1820255226.0,15:44:45,2026-08-14
sz300673,佩蒂股份,13.24,-0.16,-1.194,13.2,13.24,13.4,13.4,13.49,13.0,2513440.0,33175286.0,15:45:00,2026-08-14
sz300674,宇信科技,15.76,-0.25,-1.562,15.76,15.77,16.01,16.0,16.21,15.58,13439692.0,212494145.0,15:45:15,2026-08-14
sz300675,建科院,12.67,0.0,0.0,12.65,12.67,12.67,12.73,12.82,12.47,1932600.0,24340005.0,15:45:30,2026-08-14
sz300676,华大基因,40.64,-1.3,-3.1,40.64,40.65,41.94,41.8,41.85,40.25,9906985.0,405157412.0,15:44:45,2026-08-14
sz300677,英科医疗,48.05,-1.52,-3.066,48.05,48.07,49.57,49.5,50.18,47.75,7041562.0,341228474.0,15:45:00,2026-08-14
sz300678,中科信息,22.9,-0.24,-1.037,22.9,22.91,23.14,23.2,23.51,22.73,4645945.0,106850395.0,15:45:15,2026-08-14
sz300679,电连技术,42.64,0.61,1.451,42.63,42.64,42.03,42.78,43.4,42.2,12725933.0,544251339.0,15:45:30,2026-08-14
sz300680,隆盛科技,21.76,-0.19,-0.866,21.76,21.77,21.95,22.07,22.15,21.55,4839040.0,105361045.0,15:44:45,2026-08-14
sz300681,英搏尔,21.94,0.43,1.999,21.93,21.94,21.51,21.8,22.19,21.53,8024952.0,174921864.0,15:45:00,2026-08-14
sz300682,朗新科技,11.46,-0.08,-0.693,11.46,11.48,11.54,11.5,11.6,11.31,13192231.0,151036901.0,15:45:15,2026-08-14
sz300683,海特生物,30.6,0.74,2.478,30.59,30.6,29.86,29.84,31.68,29.17,11092275.0,340612691.0,15:45:30,2026-08-14
sz300684,中石科技,67.36,11.23,20.007,67.36,0.0,56.13,67.36,67.36,67.36,4252743.0,286464768.0,15:44:45,2026-08-14
sz300685,艾德生物,19.53,-0.22,-1.114,19.53,19.54,19.75,19.75,19.94,19.38,11932963.0,233941521.0,15:45:00,2026-08-14
sz300686,智动力,14.18,-0.94,-6.217,14.17,14.18,15.12,15.1,15.15,14.0,18098648.0,259345562.0,15:45:15,2026-08-14
sz300687,赛意信息,29.6,1.26,4.446,29.6,29.61,28.34,28.34,29.74,27.92,19815502.0,572267786.0,15:45:30,2026-08-14
sz300688,创业黑马,31.86,0.15,0.473,31.86,31.88,31.71,31.92,32.0,30.91,7874000.0,247078768.0,15:44:45,2026-08-14
sz300689,澄天伟业,53.27,-0.03,-0.056,53.26,53.27,53.3,53.63,54.17,52.45,1600021.0,85437213.0,15:45:00,2026-08-14
sz300690,双一科技,21.18,-0.2,-0.935,21.17,21.18,21.38,21.38,21.62,21.13,2288229.0,48690727.0,15:45:15,2026-08-14
sz300691,联合光电,14.14,0.09,0.641,14.12,14.14,14.05,14.2,14.48,13.84,3641197.0,51035989.0,15:45:30,2026-08-14
sz300692,中赋科技,9.8,-0.17,-1.705,9.79,9.8,9.97,9.95,10.06,9.7,35814306.0,352947914.0,15:44:45,2026-08-14
sz300693,盛弘股份,45.33,-0.62,-1.349,45.33,45.37,45.95,46.64,46.79,45.0,14267942.0,650966188.0,15:45:00,2026-08-14
sz300694,蠡湖股份,10.65,-0.02,-0.187,10.65,10.66,10.67,10.72,10.74,10.59,2638600.0,28082349.0,15:45:15,2026-08-14
sz300695,兆丰股份,51.96,0.48,0.932,51.96,52.0,51.48,51.61,53.77,51.34,1011050.0,53048163.0,15:45:30,2026-08-14
sz300696,爱乐达,22.06,0.16,0.731,22.05,22.06,21.9,21.83,22.38,21.66,7384299.0,162522521.0,15:44:45,2026-08-14
sz300697,电工合金,14.15,0.1,0.712,14.15,14.16,14.05,14.0,14.24,13.97,4575286.0,64545935.0,15:45:00,2026-08-14
sz300698,万马科技,26.14,0.01,0.038,26.14,26.15,26.13,26.28,26.4,25.75,2819300.0,73356117.0,15:45:15,2026-08-14
sz300699,光威复材,25.54,0.04,0.157,25.54,25.55,25.5,25.46,25.96,25.45,8502320.0,218343364.0,15:45:30,2026-08-14
sz300700,岱勒新材,19.63,1.19,6.453,19.63,19.65,18.44,18.76,19.66,18.3,11873018.0,225581548.0,15:44:45,2026-08-14
sz300701,森霸传感,9.68,0.0,0.0,9.67,9.68,9.68,9.73,9.79,9.62,2058187.0,19939192.0,15:45:00,2026-08-14
sz300702,天宇股份,22.37,-0.24,-1.061,22.37,22.42,22.61,22.53,22.82,22.21,2485471.0,55734545.0,15:45:15,2026-08-14
sz300703,创源股份,13.41,-0.17,-1.252,13.4,13.42,13.58,13.58,13.64,13.28,3432072.0,46021890.0,15:45:30,2026-08-14
sz300705,九典制药,12.62,0.93,7.956,12.61,12.62,11.69,11.59,13.15,11.44,36998755.0,459966670.0,15:44:45,2026-08-14
sz300706,阿石创,53.94,1.37,2.606,53.94,53.95,52.57,53.77,53.99,52.5,7195100.0,384743399.0,15:45:00,2026-08-14
sz300707,威唐工业,11.93,-0.08,-0.666,11.93,11.96,12.01,12.02,12.07,11.85,2624000.0,31333425.0,15:45:15,2026-08-14
sz300708,聚灿光电,8.28,0.01,0.121,8.27,8.28,8.27,8.2,8.28,8.02,26834114.0,218546609.0,15:45:30,2026-08-14
sz300709,精研科技,40.15,2.05,5.381,40.14,40.15,38.1,39.07,40.88,38.39,14921780.0,593907627.0,15:44:45,2026-08-14
sz300710,万隆光电,28.42,-0.36,-1.251,28.42,28.43,28.78,28.78,29.09,27.91,1929100.0,54585965.0,15:45:00,2026-08-14
sz300711,广哈通信,18.4,0.62,3.487,18.4,18.41,17.78,17.78,18.98,17.75,12449338.0,229198489.0,15:45:15,2026-08-14
sz300712,永福股份,21.22,-0.16,-0.748,21.22,21.24,21.38,21.4,21.49,20.98,1258650.0,26652721.0,15:45:30,2026-08-14
sz300713,英可瑞,13.2,0.15,1.149,13.19,13.2,13.05,13.06,13.27,12.96,2140110.0,28033251.0,15:44:45,2026-08-14
sz300715,凯伦股份,14.17,0.24,1.723,14.17,14.19,13.93,14.05,14.33,13.89,9071100.0,127635208.0,15:45:00,2026-08-14
sz300716,*ST泉为,17.22,-0.03,-0.174,17.22,17.23,17.25,17.5,17.5,17.09,920100.0,15851319.0,15:45:15,2026-08-14
sz300717,华信新材,18.4,-0.02,-0.109,18.39,18.4,18.42,18.44,18.62,18.15,1747714.0,32040841.0,15:45:30,2026-08-14
sz300718,长盛轴承,65.25,0.03,0.046,65.24,65.25,65.22,64.85,65.41,64.18,6497937.0,421482567.0,15:44:45,2026-08-14
sz300719,安达维尔,11.66,0.07,0.604,11.66,11.67,11.59,11.7,11.77,11.52,2772300.0,32272947.0,15:45:00,2026-08-14
sz300720,海川智能,94.58,8.28,9.594,94.58,94.59,86.3,87.26,97.76,87.26,15093930.0,1396788400.0,15:45:15,2026-08-14
sz300721,怡达股份,23.28,0.19,0.823,23.27,23.28,23.09,23.12,23.49,22.81,5610605.0,129949065.0,15:45:30,2026-08-14
sz300722,新余国科,21.75,0.11,0.508,21.75,21.76,21.64,21.63,22.1,21.57,2489669.0,54327954.0,15:44:45,2026-08-14
sz300723,一品红,38.72,0.23,0.598,38.72,38.73,38.49,38.35,39.33,37.62,14473434.0,557226382.0,15:45:00,2026-08-14
sz300724,捷佳伟创,58.6,-0.2,-0.34,58.6,58.65,58.8,58.75,59.56,58.16,6189571.0,363621454.0,15:45:15,2026-08-14
sz300725,药石科技,54.77,-0.02,-0.037,54.77,54.78,54.79,54.7,55.55,52.83,35651416.0,1937229860.0,15:45:30,2026-08-14
sz300726,宏达电子,55.8,1.76,3.257,55.79,55.8,54.04,54.59,55.86,53.91,12447452.0,685173770.0,15:44:45,2026-08-14
sz300727,润禾材料,28.0,0.51,1.855,28.0,28.01,27.49,27.45,28.07,27.43,2451956.0,68264767.0,15:45:00,2026-08-14
sz300729,乐歌股份,10.13,-0.05,-0.491,10.12,10.13,10.18,10.16,10.25,10.1,1567800.0,15917470.0,15:45:15,2026-08-14
sz300730,科创信息,11.94,0.02,0.168,11.92,11.94,11.92,11.85,12.05,11.66,4778500.0,56435372.0,15:45:30,2026-08-14
sz300731,科创新源,39.84,1.97,5.202,39.83,39.84,37.87,38.28,39.92,38.28,7660100.0,301311031.0,15:44:45,2026-08-14
sz300732,设研院,6.15,-0.04,-0.646,6.15,6.16,6.19,6.19,6.22,6.11,4349049.0,26758548.0,15:45:00,2026-08-14
sz300733,西菱动力,14.55,0.46,3.265,14.55,14.56,14.09,14.32,14.62,14.0,9300372.0,133793893.0,15:45:15,2026-08-14
sz300735,光弘科技,20.93,-0.04,-0.191,20.93,20.94,20.97,20.99,21.36,20.5,10975750.0,228409240.0,15:45:30,2026-08-14
sz300736,百邦科技,28.82,-0.07,-0.242,28.81,28.82,28.89,28.89,29.29,27.7,5018057.0,143249958.0,15:44:45,2026-08-14
sz300737,科顺股份,4.95,-0.02,-0.402,4.95,4.96,4.97,4.98,5.0,4.87,18694247.0,92100488.0,15:45:00,2026-08-14
sz300738,奥飞数据,23.75,1.57,7.078,23.74,23.75,22.18,21.96,24.18,21.71,120240665.0,2772303812.0,15:45:15,2026-08-14
sz300739,明阳电路,23.42,0.67,2.945,23.41,23.42,22.75,23.02,23.45,22.88,8867696.0,205585397.0,15:45:30,2026-08-14
sz300740,水羊股份,21.38,-1.1,-4.893,21.38,21.4,22.48,22.48,22.68,21.11,42451235.0,925315140.0,15:44:45,2026-08-14
sz300741,华宝股份,13.28,-0.06,-0.45,13.27,13.28,13.34,13.34,13.39,13.18,1159073.0,15380957.0,15:45:00,2026-08-14
sz300743,天地数码,14.92,0.0,0.0,14.92,14.95,14.92,14.92,15.05,14.79,1619100.0,24133594.0,15:45:15,2026-08-14
sz300745,欣锐科技,30.39,0.92,3.122,30.39,30.4,29.47,29.56,30.58,29.17,6051633.0,180647551.0,15:45:30,2026-08-14
sz300746,汉嘉数智,14.47,-0.13,-0.89,14.46,14.47,14.6,14.66,14.75,14.3,5361400.0,77541595.0,15:44:45,2026-08-14
sz300747,锐科激光,36.65,0.96,2.69,36.64,36.65,35.69,35.84,36.72,35.7,16505318.0,597608639.0,15:45:00,2026-08-14
sz300748,金力永磁,27.66,0.58,2.142,27.66,27.67,27.08,27.07,28.09,27.07,22847943.0,631630192.0,15:45:15,2026-08-14
sz300749,顶固集创,22.87,-0.43,-1.845,22.86,22.87,23.3,23.37,23.93,21.83,14263509.0,322126411.0,15:45:30,2026-08-14
sz300750,宁德时代,393.93,-2.37,-0.598,393.93,393.94,396.3,395.0,400.99,393.68,15930154.0,6305785417.0,15:44:45,2026-08-14
sz300751,迈为股份,178.39,5.3,3.062,178.39,178.4,173.09,173.89,178.58,170.69,5429004.0,948404561.0,15:45:00,2026-08-14
sz300752,隆利科技,10.28,0.17,1.682,10.28,10.29,10.11,10.12,10.33,10.09,5449446.0,55673719.0,15:45:15,2026-08-14
sz300753,爱朋医疗,24.41,-0.47,-1.889,24.41,24.42,24.88,24.9,25.25,24.02,13231761.0,323945157.0,15:45:30,2026-08-14
sz300755,华致酒行,11.55,-0.32,-2.696,11.55,11.56,11.87,11.77,11.82,11.41,5723104.0,66056752.0,15:44:45,2026-08-14
sz300756,金马游乐,30.68,-0.46,-1.477,30.68,30.7,31.14,31.15,31.5,30.0,4491120.0,137259223.0,15:45:00,2026-08-14
sz300757,罗博特科,516.0,8.46,1.667,516.0,516.01,507.54,515.01,522.02,508.46,4809116.0,2476857761.0,15:45:15,2026-08-14
sz300758,七彩化学,10.92,0.1,0.924,10.91,10.92,10.82,10.83,10.99,10.76,5862100.0,63756605.0,15:45:30,2026-08-14
sz300759,康龙化成,49.12,-0.68,-1.365,49.11,49.12,49.8,49.2,50.0,48.2,78093229.0,3826745904.0,15:44:45,2026-08-14
sz300760,迈瑞医疗,150.47,-2.92,-1.904,150.47,150.48,153.39,153.45,154.47,150.13,6527819.0,991158549.0,15:45:00,2026-08-14
sz300761,立华股份,18.3,-0.2,-1.081,18.3,18.33,18.5,18.47,18.61,18.24,5386460.0,98900626.0,15:45:15,2026-08-14
sz300762,上海瀚讯,32.3,0.62,1.957,32.3,32.31,31.68,31.92,32.4,31.15,17671405.0,562749861.0,15:45:30,2026-08-14
sz300763,锦浪科技,63.39,-1.53,-2.357,63.39,63.4,64.92,64.92,65.46,63.17,11065311.0,707508411.0,15:44:45,2026-08-14
sz300765,石药创新,40.77,-0.51,-1.235,40.77,40.78,41.28,41.03,41.94,40.03,18129446.0,738450917.0,15:45:00,2026-08-14
sz300766,每日互动,24.38,0.5,2.094,24.38,24.39,23.88,24.09,25.15,23.36,33725002.0,810554103.0,15:45:15,2026-08-14
sz300767,震安科技,18.87,0.58,3.171,18.87,18.88,18.29,18.5,18.95,18.22,5980100.0,111375416.0,15:45:30,2026-08-14
sz300768,迪普科技,16.47,-0.07,-0.423,16.46,16.47,16.54,16.58,16.97,16.16,12003515.0,198078941.0,15:44:45,2026-08-14
sz300769,德方纳米,47.63,0.97,2.079,47.62,47.64,46.66,46.91,48.48,46.9,13247125.0,629989996.0,15:45:00,2026-08-14
sz300770,新媒股份,33.6,-0.43,-1.264,33.6,33.66,34.03,34.07,34.07,33.48,1675091.0,56441692.0,15:45:15,2026-08-14
sz300771,智莱科技,11.86,0.03,0.254,11.86,11.87,11.83,11.82,11.95,11.68,3082900.0,36373873.0,15:45:30,2026-08-14
sz300772,运达股份,12.06,-0.34,-2.742,12.06,12.07,12.4,12.4,12.47,11.98,13965325.0,169341660.0,15:44:45,2026-08-14
sz300773,拉卡拉,15.37,-0.18,-1.158,15.36,15.37,15.55,15.56,15.74,15.21,26691231.0,411501520.0,15:45:00,2026-08-14
sz300774,倍杰特,10.83,-0.01,-0.092,10.81,10.83,10.84,10.85,11.04,10.67,6859444.0,74225833.0,15:45:15,2026-08-14
sz300775,三角防务,21.59,0.03,0.139,21.59,21.6,21.56,21.56,22.04,21.41,10009097.0,216899158.0,15:45:30,2026-08-14
sz300776,帝尔激光,121.45,5.15,4.428,121.45,121.49,116.3,118.49,121.88,116.18,7298104.0,872414994.0,15:44:45,2026-08-14
sz300777,中简科技,24.23,0.06,0.248,24.23,24.25,24.17,24.18,24.78,24.08,6798372.0,165933533.0,15:45:00,2026-08-14
sz300778,新城市,10.48,-0.28,-2.602,10.48,10.5,10.76,10.76,10.77,10.4,3856135.0,40616206.0,15:45:15,2026-08-14
sz300779,惠城环保,76.5,2.14,2.878,76.5,76.51,74.36,74.1,79.49,73.0,18591823.0,1422099563.0,15:45:30,2026-08-14
sz300780,德恩精工,20.6,0.37,1.829,20.59,20.6,20.23,20.23,21.0,20.09,8251774.0,169070949.0,15:44:45,2026-08-14
sz300781,因赛集团,28.49,-0.29,-1.008,28.49,28.5,28.78,28.73,29.74,27.8,7356207.0,209360542.0,15:45:00,2026-08-14
sz300782,卓胜微,78.87,-0.08,-0.101,78.87,78.88,78.95,79.3,80.34,77.6,10080715.0,795379181.0,15:45:15,2026-08-14
sz300783,三只松鼠,17.62,-0.41,-2.274,17.62,17.63,18.03,17.9,17.92,17.41,9757538.0,171892573.0,15:45:30,2026-08-14
sz300784,利安科技,41.03,0.19,0.465,40.99,41.03,40.84,40.88,41.3,40.5,617841.0,25264832.0,15:44:45,2026-08-14
sz300785,值得买,39.01,-0.37,-0.94,39.01,39.03,39.38,39.58,40.38,37.9,10627895.0,413005234.0,15:45:00,2026-08-14
sz300786,国林科技,15.82,0.28,1.802,15.8,15.82,15.54,15.79,15.99,15.54,6529930.0,102929702.0,15:45:15,2026-08-14
sz300787,海能实业,10.38,0.22,2.165,10.36,10.38,10.16,10.26,10.53,10.02,12616034.0,130397861.0,15:45:30,2026-08-14
sz300788,中信出版,25.44,-1.18,-4.433,25.44,25.45,26.62,26.28,26.64,25.2,7101750.0,183021029.0,15:44:45,2026-08-14
sz300789,唐源电气,17.9,0.07,0.393,17.89,17.9,17.83,17.83,17.97,17.54,3194133.0,56708776.0,15:45:00,2026-08-14
sz300790,宇瞳光学,19.55,-0.46,-2.299,19.54,19.55,20.01,20.08,20.55,19.42,37029647.0,735793696.0,15:45:15,2026-08-14
sz300791,仙乐健康,17.86,0.73,4.262,17.85,17.86,17.13,18.05,19.1,17.45,8325146.0,150360902.0,15:45:30,2026-08-14
sz300792,壹网壹创,24.82,-0.18,-0.72,24.82,24.83,25.0,24.98,25.35,24.32,6407988.0,158467044.0,15:44:45,2026-08-14
sz300793,佳禾智能,11.17,-0.02,-0.179,11.16,11.17,11.19,11.2,11.3,11.07,4250680.0,47488734.0,15:45:00,2026-08-14
sz300795,米奥会展,17.1,0.47,2.826,17.1,17.11,16.63,17.06,18.8,16.72,49657959.0,867678326.0,15:45:15,2026-08-14
sz300796,贝斯美,6.61,-0.03,-0.452,6.61,6.62,6.64,6.64,6.74,6.58,2814700.0,18676119.0,15:45:30,2026-08-14
sz300797,钢研纳克,12.76,-0.13,-1.009,12.76,12.77,12.89,12.89,13.11,12.72,3413911.0,43917532.0,15:44:45,2026-08-14
sz300798,锦鸡股份,7.63,0.01,0.131,7.63,7.64,7.62,7.62,7.69,7.39,20580797.0,155249307.0,15:45:00,2026-08-14
sz300800,力合科技,9.9,0.03,0.304,9.9,9.91,9.87,9.87,9.99,9.81,2343900.0,23221067.0,15:45:15,2026-08-14
sz300801,泰和科技,23.73,0.4,1.715,23.73,23.74,23.33,23.39,23.98,23.27,5601900.0,132597502.0,15:45:30,2026-08-14
sz300802,矩子科技,23.18,0.69,3.068,23.17,23.18,22.49,22.49,23.88,22.49,9355562.0,217697056.0,15:44:45,2026-08-14
sz300803,指南针,83.46,-0.72,-0.855,83.46,83.47,84.18,84.0,85.29,82.53,12967893.0,1082620691.0,15:45:00,2026-08-14
sz300804,广康生化,42.78,0.13,0.305,42.78,42.79,42.65,43.01,43.24,41.88,955900.0,40668779.0,15:45:15,2026-08-14
sz300805,电声股份,8.36,-0.07,-0.83,8.35,8.36,8.43,8.41,8.5,8.19,10642500.0,88575414.0,15:45:30,2026-08-14
sz300806,斯迪克,48.7,0.69,1.437,48.69,48.7,48.01,49.0,49.3,47.74,22236956.0,1078909757.0,15:44:45,2026-08-14
sz300807,天迈科技,37.99,0.29,0.769,37.99,38.0,37.7,37.69,38.07,37.44,900300.0,34007965.0,15:45:00,2026-08-14
sz300808,久量股份,19.23,-0.45,-2.287,19.19,19.23,19.68,19.58,19.78,19.03,2178900.0,41978807.0,15:45:15,2026-08-14
sz300809,华辰装备,24.94,-0.65,-2.54,24.94,24.95,25.59,25.55,25.59,24.58,8040123.0,200618535.0,15:45:30,2026-08-14
sz300810,中科海讯,24.4,0.22,0.91,24.4,24.42,24.18,24.18,25.05,24.05,1748700.0,42811934.0,15:44:45,2026-08-14
sz300811,铂科新材,78.17,3.38,4.519,78.17,78.18,74.79,75.71,78.69,74.92,13455625.0,1037162377.0,15:45:00,2026-08-14
sz300812,易天股份,19.83,0.37,1.901,19.83,19.84,19.46,19.55,19.95,19.4,4563320.0,89902268.0,15:45:15,2026-08-14
sz300813,泰林生物,20.48,0.23,1.136,20.48,20.52,20.25,20.3,21.77,20.18,5096654.0,106601509.0,15:45:30,2026-08-14
sz300814,中富电路,155.88,16.38,11.742,155.86,155.88,139.5,132.6,159.86,132.6,14619318.0,2158046749.0,15:44:45,2026-08-14
sz300815,玉禾田,16.31,-0.28,-1.688,16.31,16.32,16.59,16.7,16.78,16.17,5828309.0,95558907.0,15:45:00,2026-08-14
sz300816,艾可蓝,53.17,0.98,1.878,53.17,53.18,52.19,52.14,53.17,51.63,1312460.0,68686457.0,15:45:15,2026-08-14
sz300817,双飞集团,15.55,0.04,0.258,15.52,15.55,15.51,15.61,15.8,15.42,1272500.0,19745007.0,15:45:30,2026-08-14
sz300818,耐普矿机,20.19,-0.99,-4.674,20.18,20.19,21.18,21.18,21.28,19.71,5392500.0,108740436.0,15:44:45,2026-08-14
sz300819,聚杰微纤,48.7,1.25,2.634,48.68,48.7,47.45,47.65,49.0,47.31,2647191.0,127898641.0,15:45:00,2026-08-14
sz300820,英杰电气,55.38,0.17,0.308,55.37,55.38,55.21,56.0,56.0,54.58,3590069.0,198239987.0,15:45:15,2026-08-14
sz300821,东岳硅材,17.03,0.59,3.589,17.03,17.04,16.44,16.53,17.41,16.48,59855169.0,1014599271.0,15:45:30,2026-08-14
sz300822,贝仕达克,11.83,0.13,1.111,11.83,11.84,11.7,11.77,12.2,11.7,4279647.0,51024583.0,15:44:45,2026-08-14
sz300823,建科智能,14.78,0.15,1.025,14.78,14.79,14.63,14.67,14.86,14.45,2350397.0,34550345.0,15:45:00,2026-08-14
sz300824,北鼎股份,7.74,-0.12,-1.527,7.74,7.75,7.86,7.91,7.91,7.69,5010350.0,38887071.0,15:45:15,2026-08-14
sz300825,阿尔特,10.93,-0.11,-0.996,10.92,10.93,11.04,11.1,11.14,10.81,16003953.0,174821417.0,15:45:30,2026-08-14
sz300826,测绘股份,14.3,-0.15,-1.038,14.3,14.31,14.45,14.45,14.64,14.2,4881015.0,70164759.0,15:44:45,2026-08-14
sz300827,上能电气,26.72,-0.28,-1.037,26.72,26.73,27.0,27.03,27.26,26.6,14686476.0,393890692.0,15:45:00,2026-08-14
sz300828,锐新科技,16.72,1.09,6.974,16.72,16.73,15.63,14.92,17.51,14.55,26487400.0,431444117.0,15:45:15,2026-08-14
sz300829,金丹科技,15.0,0.2,1.351,14.99,15.0,14.8,14.68,15.28,14.68,3738260.0,56063227.0,15:45:30,2026-08-14
sz300830,金现代,8.39,-0.01,-0.119,8.38,8.39,8.4,8.35,8.51,8.22,8539000.0,71236111.0,15:44:45,2026-08-14
sz300831,ST派瑞,14.77,-0.27,-1.795,14.77,14.78,15.04,14.86,15.05,14.55,7072400.0,104319498.0,15:45:00,2026-08-14
sz300832,新产业,51.24,1.6,3.223,51.24,51.28,49.64,51.5,53.92,50.01,19319500.0,1007308924.0,15:45:15,2026-08-14
sz300833,浩洋股份,37.59,-0.44,-1.157,37.59,37.65,38.03,38.04,38.68,37.29,665879.0,25203508.0,15:45:30,2026-08-14
sz300834,星辉环材,39.24,0.15,0.384,39.24,39.25,39.09,39.04,39.37,38.53,1166556.0,45442632.0,15:44:45,2026-08-14
sz300835,龙磁科技,166.8,11.8,7.613,166.79,166.8,155.0,155.54,167.0,155.54,3968883.0,644545389.0,15:45:00,2026-08-14
sz300836,佰奥智能,50.2,-0.27,-0.535,50.2,50.21,50.47,50.47,50.79,48.26,2210675.0,109377052.0,15:45:15,2026-08-14
sz300837,浙矿股份,23.17,0.07,0.303,23.17,23.2,23.1,23.06,23.34,22.86,1432200.0,33064408.0,15:45:30,2026-08-14
sz300838,浙江力诺,13.75,0.06,0.438,13.75,13.76,13.69,13.79,13.88,13.51,3436740.0,47088002.0,15:44:45,2026-08-14
sz300839,博汇股份,10.59,-0.03,-0.282,10.58,10.59,10.62,10.6,10.69,10.45,3708300.0,39111219.0,15:45:00,2026-08-14
sz300840,酷特智能,19.82,0.04,0.202,19.82,19.83,19.78,19.98,19.98,19.46,4014700.0,79263069.0,15:45:15,2026-08-14
sz300841,康华生物,48.84,-0.26,-0.53,48.84,48.85,49.1,49.09,50.85,48.42,3221073.0,159476971.0,15:45:30,2026-08-14
sz300842,帝科股份,63.17,1.54,2.499,63.17,63.18,61.63,62.99,64.0,61.18,5163082.0,323347418.0,15:44:45,2026-08-14
sz300843,胜蓝股份,121.65,-1.11,-0.904,121.65,121.66,122.76,123.1,125.1,117.69,7997648.0,969319102.0,15:45:00,2026-08-14
sz300844,山水比德,23.36,-0.16,-0.68,23.36,23.4,23.52,23.54,23.73,23.0,888496.0,20695803.0,15:45:15,2026-08-14
sz300845,捷安高科,11.63,0.28,2.467,11.63,11.64,11.35,11.54,11.92,11.36,5617437.0,65539084.0,15:45:30,2026-08-14
sz300846,首都在线,21.69,1.06,5.138,21.69,21.7,20.63,20.71,21.69,20.09,57985400.0,1221319583.0,15:44:45,2026-08-14
sz300847,中船汉光,14.37,0.08,0.56,14.37,14.38,14.29,14.17,14.4,14.12,5510599.0,78708038.0,15:45:00,2026-08-14
sz300848,美瑞新材,12.87,0.14,1.1,12.87,12.89,12.73,12.85,13.0,12.78,2445685.0,31511670.0,15:45:15,2026-08-14
sz300849,锦盛新材,21.74,-0.64,-2.86,21.72,21.74,22.38,22.37,22.55,21.32,3277000.0,71547055.0,15:45:30,2026-08-14
sz300850,新强联,27.0,-1.2,-4.255,27.0,27.05,28.2,28.48,28.48,26.75,14146736.0,384938707.0,15:44:45,2026-08-14
sz300851,交大思诺,23.7,0.03,0.127,23.66,23.7,23.67,23.67,23.84,23.46,824400.0,19467347.0,15:45:00,2026-08-14
sz300852,四会富仕,45.4,1.55,3.535,45.39,45.4,43.85,44.63,45.58,44.07,6519461.0,291759814.0,15:45:15,2026-08-14
sz300853,申昊科技,27.95,0.52,1.896,27.94,27.95,27.43,27.54,28.11,26.77,5300220.0,145771073.0,15:45:30,2026-08-14
sz300854,中兰环保,17.45,-0.29,-1.635,17.44,17.45,17.74,17.8,18.46,17.1,8026897.0,140519040.0,15:44:45,2026-08-14
sz300855,图南股份,31.4,0.69,2.247,31.4,31.41,30.71,30.62,31.85,30.52,4435333.0,139097792.0,15:45:00,2026-08-14
sz300856,科思股份,11.52,-0.23,-1.957,11.52,11.53,11.75,11.64,11.81,11.41,8637155.0,99932083.0,15:45:15,2026-08-14
sz300857,协创数据,265.99,9.99,3.902,265.99,266.0,256.0,260.0,269.96,256.51,29658050.0,7786344742.0,15:45:30,2026-08-14
sz300858,科拓生物,15.29,-0.51,-3.228,15.29,15.3,15.8,15.6,15.73,15.19,8513187.0,131074845.0,15:44:45,2026-08-14
sz300859,西域旅游,27.52,-0.02,-0.073,27.49,27.52,27.54,27.54,27.89,27.27,1970500.0,54167831.0,15:45:00,2026-08-14
sz300860,锋尚文化,27.12,0.19,0.706,27.11,27.12,26.93,27.2,27.2,26.68,1119780.0,30132322.0,15:45:15,2026-08-14
sz300861,美畅股份,17.26,0.19,1.113,17.26,17.27,17.07,17.1,17.32,16.93,10797930.0,185286330.0,15:45:30,2026-08-14
sz300862,蓝盾光电,47.29,7.88,19.995,47.29,0.0,39.41,45.0,47.29,41.46,78288319.0,3494569129.0,15:44:45,2026-08-14
sz300863,卡倍亿,43.9,0.53,1.222,43.9,43.95,43.37,43.47,45.63,43.38,7183389.0,317582867.0,15:45:00,2026-08-14
sz300864,南大环境,19.14,-0.13,-0.675,19.14,19.15,19.27,19.25,19.44,19.01,819251.0,15683129.0,15:45:15,2026-08-14
sz300865,大宏立,25.38,1.43,5.971,25.37,25.38,23.95,24.31,26.1,23.7,4096500.0,102783461.0,15:45:30,2026-08-14
sz300866,安克创新,115.75,-2.67,-2.255,115.75,115.76,118.42,118.37,118.99,115.38,2956989.0,344061436.0,15:44:45,2026-08-14
sz300867,圣元环保,16.15,-0.06,-0.37,16.15,16.16,16.21,16.21,16.32,16.03,2954691.0,47675501.0,15:45:00,2026-08-14
sz300868,杰美特,92.13,5.63,6.509,92.12,92.13,86.5,87.52,93.38,87.12,3097855.0,277545666.0,15:45:15,2026-08-14
sz300869,康泰医学,11.69,0.11,0.95,11.68,11.69,11.58,11.52,11.88,11.46,5171114.0,60570824.0,15:45:30,2026-08-14
sz300870,欧陆通,228.31,6.64,2.995,228.3,228.31,221.67,224.07,231.67,224.05,6316390.0,1440429929.0,15:44:45,2026-08-14
sz300871,回盛生物,24.37,1.16,4.998,24.37,24.38,23.21,23.19,24.44,22.82,10196396.0,242193529.0,15:45:00,2026-08-14
sz300872,天阳科技,15.71,-0.07,-0.444,15.71,15.72,15.78,15.75,15.96,15.37,11542664.0,179763087.0,15:45:15,2026-08-14
sz300873,海晨股份,16.58,-0.01,-0.06,16.58,16.59,16.59,16.66,16.81,16.2,9618800.0,158632754.0,15:45:30,2026-08-14
sz300875,捷强装备,33.4,-0.3,-0.89,33.4,33.41,33.7,33.7,34.0,32.7,4756590.0,158281834.0,15:44:45,2026-08-14
sz300876,蒙泰高新,15.57,-0.01,-0.064,15.57,15.6,15.58,15.6,15.7,15.34,1666180.0,25839310.0,15:45:00,2026-08-14
sz300877,金春股份,24.9,0.26,1.055,24.9,24.91,24.64,24.53,25.19,24.4,994738.0,24642336.0,15:45:15,2026-08-14
sz300878,维康药业,34.7,-0.89,-2.501,34.7,34.71,35.59,35.72,35.98,34.2,4596287.0,161177052.0,15:45:30,2026-08-14
sz300879,大叶股份,17.11,-0.09,-0.523,17.1,17.11,17.2,17.27,17.41,16.94,3071881.0,52461108.0,15:44:45,2026-08-14
sz300880,迦南智能,19.81,0.06,0.304,19.81,19.82,19.75,19.96,19.96,19.43,2171838.0,42782442.0,15:45:00,2026-08-14
sz300881,盛德鑫泰,32.7,-0.05,-0.153,32.69,32.7,32.75,32.7,33.18,32.31,1159169.0,37950854.0,15:45:15,2026-08-14
sz300882,万胜智能,14.95,0.0,0.0,14.95,14.96,14.95,15.0,15.11,14.77,1776092.0,26418141.0,15:45:30,2026-08-14
sz300883,龙利得,6.11,-0.08,-1.292,6.11,6.12,6.19,6.14,6.22,6.03,14726054.0,90223875.0,15:44:45,2026-08-14
sz300884,狄耐克,12.35,0.1,0.816,12.34,12.35,12.25,12.3,12.52,12.12,8881210.0,109323367.0,15:45:00,2026-08-14
sz300885,海昌新材,20.78,-0.06,-0.288,20.77,20.78,20.84,20.95,21.04,20.5,3049679.0,63158173.0,15:45:15,2026-08-14
sz300886,华业香料,24.45,0.06,0.246,24.45,24.6,24.39,24.44,24.62,23.88,1483380.0,35999531.0,15:45:30,2026-08-14
sz300887,谱尼测试,7.41,-0.02,-0.269,7.41,7.42,7.43,7.4,7.48,7.28,15016086.0,110516423.0,15:44:45,2026-08-14
sz300888,稳健医疗,29.07,-0.27,-0.92,29.07,29.09,29.34,29.3,29.54,28.92,3678308.0,107332994.0,15:45:00,2026-08-14
sz300889,爱克股份,21.91,0.18,0.828,21.9,21.92,21.73,21.8,21.94,21.39,3441920.0,74423503.0,15:45:15,2026-08-14
sz300890,翔丰华,26.66,0.25,0.947,26.65,26.66,26.41,26.4,26.97,26.3,3320700.0,88356905.0,15:45:30,2026-08-14
sz300891,惠云钛业,7.14,0.02,0.281,7.14,7.16,7.12,7.12,7.23,7.06,4944400.0,35250099.0,15:44:45,2026-08-14
sz300892,品渥食品,23.25,-1.5,-6.061,23.25,23.28,24.75,24.69,24.75,23.01,7116558.0,166329446.0,15:45:00,2026-08-14
sz300893,松原安全,16.13,-0.07,-0.432,16.13,16.15,16.2,16.27,16.38,15.97,1381404.0,22267996.0,15:45:15,2026-08-14
sz300894,火星人,11.58,-0.07,-0.601,11.58,11.59,11.65,11.63,11.75,11.36,6279255.0,72435715.0,15:45:30,2026-08-14
sz300895,铜牛信息,57.41,2.05,3.703,57.4,57.41,55.36,55.01,57.8,54.0,12045862.0,673139948.0,15:44:45,2026-08-14
sz300896,爱美客,100.82,-2.51,-2.429,100.81,100.82,103.33,103.27,104.2,100.66,4620613.0,469860311.0,15:45:00,2026-08-14
sz300897,山科智能,16.62,0.47,2.91,16.61,16.62,16.15,16.12,16.7,16.1,4612432.0,75670650.0,15:45:15,2026-08-14
sz300898,熊猫乳品,21.15,-1.22,-5.454,21.15,21.16,22.37,22.0,22.13,20.96,6774859.0,143929270.0,15:45:30,2026-08-14
sz300899,上海凯鑫,28.63,-0.37,-1.276,28.62,28.63,29.0,28.86,28.89,28.21,631300.0,17998890.0,15:44:45,2026-08-14
sz300900,广联航空,24.42,0.14,0.577,24.42,24.43,24.28,24.31,24.63,23.78,11828598.0,286797381.0,15:45:00,2026-08-14
sz300901,中胤时尚,16.98,1.19,7.536,16.98,16.99,15.79,15.79,17.1,15.62,4428076.0,71661763.0,15:45:15,2026-08-14
sz300902,国安达,17.11,0.3,1.785,17.11,17.12,16.81,16.94,17.2,16.56,5579156.0,93969499.0,15:45:30,2026-08-14
sz300903,科翔股份,79.9,2.5,3.23,79.89,79.9,77.4,78.22,80.18,76.56,25893583.0,2034180163.0,15:44:45,2026-08-14
sz300904,威力传动,41.68,-0.1,-0.239,41.68,41.7,41.78,42.0,42.64,40.48,710300.0,29515464.0,15:45:00,2026-08-14
sz300905,宝丽迪,38.56,-0.04,-0.104,38.55,38.56,38.6,38.22,39.08,37.0,7056958.0,269554791.0,15:45:15,2026-08-14
sz300906,日月明,27.17,-0.17,-0.622,27.17,27.19,27.34,27.37,27.53,27.02,567400.0,15446786.0,15:45:30,2026-08-14
sz300907,康平科技,50.53,1.91,3.928,50.53,50.55,48.62,50.0,51.35,47.5,9322177.0,458650962.0,15:44:45,2026-08-14
sz300908,仲景食品,25.3,0.22,0.877,25.3,25.32,25.08,25.06,26.46,24.62,4557856.0,116387226.0,15:45:00,2026-08-14
sz300909,汇创达,54.32,2.67,5.169,54.32,54.33,51.65,52.03,54.5,51.67,4403950.0,235026055.0,15:45:15,2026-08-14
sz300910,瑞丰新材,27.78,-0.48,-1.699,27.77,27.78,28.26,28.26,28.4,27.75,3059823.0,85571076.0,15:45:30,2026-08-14
sz300911,亿田智能,22.14,-0.47,-2.079,22.14,22.15,22.61,23.0,23.38,21.59,15536668.0,344557538.0,15:44:45,2026-08-14
sz300912,凯龙高科,20.8,-0.24,-1.141,20.79,20.8,21.04,21.0,21.0,20.3,5704005.0,117689796.0,15:45:00,2026-08-14
sz300913,兆龙互连,36.15,0.47,1.317,36.15,36.16,35.68,35.71,36.3,35.54,6610007.0,237612292.0,15:45:15,2026-08-14
sz300915,海融科技,20.41,-0.31,-1.496,20.41,20.45,20.72,20.61,20.81,20.27,1042100.0,21333664.0,15:45:30,2026-08-14
sz300916,朗特智能,25.3,-0.06,-0.237,25.29,25.3,25.36,25.36,25.66,24.7,3996300.0,100396380.0,15:44:45,2026-08-14
sz300917,特发服务,26.35,-0.67,-2.48,26.34,26.35,27.02,27.04,27.11,26.12,6256330.0,165008092.0,15:45:00,2026-08-14
sz300918,南山智尚,10.51,-0.04,-0.379,10.51,10.53,10.55,10.5,10.61,10.43,3946746.0,41479310.0,15:45:15,2026-08-14
sz300919,中伟新材,40.99,0.11,0.269,40.98,40.99,40.88,40.9,41.9,40.81,8476806.0,349326566.0,15:45:30,2026-08-14
sz300920,润阳科技,34.8,0.81,2.383,34.68,34.8,33.99,34.0,35.08,33.82,1553770.0,53620296.0,15:44:45,2026-08-14
sz300921,南凌科技,15.9,0.47,3.046,15.89,15.9,15.43,15.55,15.97,15.34,10838513.0,170001799.0,15:45:00,2026-08-14
sz300922,天秦装备,17.85,-0.19,-1.053,17.84,17.85,18.04,18.0,18.25,17.65,4520933.0,80916278.0,15:45:15,2026-08-14
sz300923,研奥股份,23.8,0.4,1.709,23.74,23.8,23.4,23.47,23.99,23.35,1080639.0,25613509.0,15:45:30,2026-08-14
sz300925,法本信息,14.93,-0.12,-0.797,14.93,14.94,15.05,15.05,15.28,14.77,6784500.0,101549202.0,15:44:45,2026-08-14
sz300926,博俊科技,17.7,-0.18,-1.007,17.7,17.73,17.88,17.87,18.0,17.51,4642645.0,82114106.0,15:45:00,2026-08-14
sz300927,江天化学,21.93,-0.15,-0.679,21.92,21.93,22.08,21.95,22.39,21.78,1964958.0,43173017.0,15:45:15,2026-08-14
sz300928,华安鑫创,25.06,-0.04,-0.159,25.05,25.06,25.1,25.1,25.3,24.9,756734.0,19006419.0,15:45:30,2026-08-14
sz300929,华骐环保,16.82,2.8,19.971,16.82,0.0,14.02,13.91,16.82,13.8,12955561.0,201531334.0,15:44:45,2026-08-14
sz300930,屹通新材,25.08,0.19,0.763,25.07,25.08,24.89,24.89,25.29,24.73,1154250.0,28857621.0,15:45:00,2026-08-14
sz300931,通用电梯,14.7,0.83,5.984,14.7,14.71,13.87,13.83,14.8,13.15,13733249.0,195649543.0,15:45:15,2026-08-14
sz300932,三友联众,10.48,0.28,2.745,10.48,10.49,10.2,10.22,10.87,10.15,19375536.0,204692729.0,15:45:30,2026-08-14
sz300933,中辰股份,6.58,-0.07,-1.053,6.57,6.58,6.65,6.66,6.66,6.47,11283512.0,73771391.0,15:44:45,2026-08-14
sz300935,盈建科,31.47,-3.71,-10.546,31.47,31.48,35.18,35.01,35.55,31.2,7393898.0,238822080.0,15:45:00,2026-08-14
sz300936,中英科技,79.33,1.93,2.494,79.33,79.38,77.4,77.49,83.0,76.0,4121800.0,327722533.0,15:45:15,2026-08-14
sz300937,药易购,30.7,-1.0,-3.155,30.7,30.71,31.7,31.0,32.18,29.11,19157677.0,582431719.0,15:45:30,2026-08-14
sz300938,信测标准,29.79,1.26,4.416,29.77,29.79,28.53,28.67,29.84,28.54,13149977.0,384007303.0,15:44:45,2026-08-14
sz300939,秋田微,66.7,1.32,2.019,66.69,66.7,65.38,65.4,67.3,64.5,3026390.0,200440979.0,15:45:00,2026-08-14
sz300940,南极光,14.18,0.15,1.069,14.16,14.18,14.03,14.08,14.28,13.95,3963701.0,55891821.0,15:45:15,2026-08-14
sz300941,创识科技,14.6,-0.06,-0.409,14.6,14.61,14.66,14.59,14.78,14.42,3994364.0,58214539.0,15:45:30,2026-08-14
sz300942,易瑞生物,6.86,-0.03,-0.435,6.86,6.87,6.89,6.87,7.0,6.78,5374900.0,36890410.0,15:44:45,2026-08-14
sz300943,春晖智控,28.67,0.37,1.307,28.67,28.68,28.3,28.8,29.5,28.11,12389300.0,355920191.0,15:45:00,2026-08-14
sz300945,曼卡龙,11.79,-0.2,-1.668,11.79,11.8,11.99,11.9,11.96,11.65,9295533.0,109620108.0,15:45:15,2026-08-14
sz300946,恒而达,41.0,0.0,0.0,41.0,41.01,41.0,41.09,41.5,40.68,768430.0,31497348.0,15:45:30,2026-08-14
sz300947,德必集团,14.14,-0.19,-1.326,14.13,14.14,14.33,14.24,14.4,13.94,2537130.0,35717269.0,15:44:45,2026-08-14
sz300948,冠中生态,20.61,-0.13,-0.627,20.61,20.62,20.74,20.69,20.79,20.2,3715832.0,76044221.0,15:45:00,2026-08-14
sz300949,奥雅股份,21.95,-0.09,-0.408,21.95,22.02,22.04,21.98,22.24,21.73,834100.0,18333074.0,15:45:15,2026-08-14
sz300950,德固特,16.77,0.0,0.0,16.77,16.78,16.77,16.7,16.9,16.6,1409600.0,23579858.0,15:45:30,2026-08-14
sz300951,博硕科技,75.71,5.12,7.253,75.7,75.71,70.59,70.5,77.9,69.16,8496788.0,622688560.0,15:44:45,2026-08-14
sz300952,恒辉安防,17.0,-0.11,-0.643,16.99,17.02,17.11,17.23,17.23,16.81,3030310.0,51507436.0,15:45:00,2026-08-14
sz300953,震裕科技,105.5,1.14,1.092,105.5,105.51,104.36,105.06,108.36,104.31,9513606.0,1007503504.0,15:45:15,2026-08-14
sz300955,嘉亨家化,31.87,0.4,1.271,31.86,31.87,31.47,32.3,32.35,31.18,1292568.0,41084946.0,15:45:30,2026-08-14
sz300956,英力股份,11.29,-0.21,-1.826,11.29,11.3,11.5,11.44,11.46,11.08,11436776.0,128388826.0,15:44:45,2026-08-14
sz300957,贝泰妮,32.75,-0.67,-2.005,32.75,32.76,33.42,33.4,33.55,32.54,6744017.0,222188935.0,15:45:00,2026-08-14
sz300958,建工修复,11.6,0.07,0.607,11.59,11.6,11.53,11.53,11.61,11.4,1890400.0,21756929.0,15:45:15,2026-08-14
sz300959,线上线下,101.08,0.48,0.477,101.08,101.09,100.6,100.02,102.39,98.2,4029171.0,403455909.0,15:45:30,2026-08-14
sz300960,通业科技,16.09,-0.04,-0.248,16.08,16.09,16.13,16.33,16.43,15.98,1044782.0,16809032.0,15:44:45,2026-08-14
sz300961,深水海纳,11.95,0.18,1.529,11.94,11.95,11.77,11.82,12.02,11.62,4578736.0,54138316.0,15:45:00,2026-08-14
sz300962,中金辐照,13.35,0.12,0.907,13.34,13.35,13.23,13.26,13.44,13.13,2193100.0,29162214.0,15:45:15,2026-08-14
sz300963,中洲特材,11.92,0.01,0.084,11.91,11.92,11.91,11.97,12.06,11.83,6880111.0,81922041.0,15:45:30,2026-08-14
sz300964,本川智能,57.9,0.95,1.668,57.89,57.9,56.95,57.4,57.98,56.33,3316239.0,190405688.0,15:44:45,2026-08-14
sz300965,恒宇信通,43.98,0.28,0.641,43.98,43.99,43.7,43.78,44.34,43.41,630861.0,27646689.0,15:45:00,2026-08-14
sz300966,共同药业,26.4,-0.31,-1.161,26.4,26.41,26.71,26.83,26.95,26.1,2152900.0,56890526.0,15:45:15,2026-08-14
sz300967,晓鸣股份,16.09,-0.11,-0.679,16.09,16.1,16.2,16.32,16.43,15.85,3759600.0,60189254.0,15:45:30,2026-08-14
sz300968,格林精密,10.76,-0.04,-0.37,10.75,10.76,10.8,10.81,11.58,10.53,16741918.0,182866851.0,15:44:45,2026-08-14
sz300969,恒帅股份,77.1,-0.46,-0.593,77.1,77.19,77.56,77.88,78.62,75.66,1831137.0,140833160.0,15:45:00,2026-08-14
sz300970,华绿生物,17.31,0.02,0.116,17.31,17.33,17.29,17.28,17.49,17.04,2706760.0,46730467.0,15:45:15,2026-08-14
sz300971,博亚精工,18.84,0.01,0.053,18.84,18.85,18.83,18.81,19.02,18.71,1364100.0,25703911.0,15:45:30,2026-08-14
sz300972,万辰集团,196.89,-1.83,-0.921,196.89,196.9,198.72,197.02,198.63,194.52,1542916.0,303222735.0,15:44:45,2026-08-14
sz300973,立高食品,25.73,0.06,0.234,25.65,25.73,25.67,25.68,26.36,25.25,5114283.0,131556840.0,15:45:00,2026-08-14
sz300975,商络电子,27.83,1.15,4.31,27.82,27.83,26.68,27.51,28.12,27.23,58524566.0,1619202614.0,15:45:15,2026-08-14
sz300976,达瑞电子,58.09,1.82,3.234,58.08,58.09,56.27,56.9,58.5,56.41,4381146.0,253115032.0,15:45:30,2026-08-14
sz300977,深圳瑞捷,15.99,0.14,0.883,15.96,15.99,15.85,16.03,16.18,15.76,1324037.0,21082122.0,15:44:45,2026-08-14
sz300978,东箭科技,8.78,0.13,1.503,8.78,8.79,8.65,8.63,8.82,8.6,3564151.0,31052822.0,15:45:00,2026-08-14
sz300979,华利集团,34.46,-0.39,-1.119,34.45,34.46,34.85,34.77,35.3,34.23,4494700.0,156302095.0,15:45:15,2026-08-14
sz300980,祥源新材,22.32,0.01,0.045,22.32,22.34,22.31,22.41,22.74,22.05,2712400.0,60651334.0,15:45:30,2026-08-14
sz300981,中红医疗,15.51,-0.14,-0.895,15.51,15.52,15.65,15.6,15.8,15.3,15697038.0,243197656.0,15:44:45,2026-08-14
sz300982,苏文电能,15.49,-0.09,-0.578,15.49,15.5,15.58,15.6,15.67,15.28,2038308.0,31536807.0,15:45:00,2026-08-14
sz300983,尤安设计,39.55,1.17,3.048,39.55,39.58,38.38,38.38,40.75,36.89,2543072.0,98804385.0,15:45:15,2026-08-14
sz300984,金沃股份,33.52,-0.33,-0.975,33.51,33.52,33.85,33.87,34.21,33.01,1854337.0,62205151.0,15:45:30,2026-08-14
sz300985,致远新能,42.05,6.5,18.284,42.04,42.05,35.55,35.57,42.66,35.46,14094243.0,568454077.0,15:44:45,2026-08-14
sz300986,志特新材,12.99,-1.44,-9.979,12.98,12.99,14.43,13.95,13.99,12.83,76010199.0,1014842142.0,15:45:00,2026-08-14
sz300987,川网传媒,13.53,-0.04,-0.295,13.52,13.53,13.57,13.6,13.69,13.3,3675100.0,49482480.0,15:45:15,2026-08-14
sz300988,津荣天宇,14.87,0.17,1.156,14.86,14.87,14.7,14.85,14.92,14.72,2596259.0,38478955.0,15:45:30,2026-08-14
sz300989,蕾奥规划,13.92,-0.12,-0.855,13.91,13.92,14.04,13.97,14.36,13.48,5796797.0,80414121.0,15:44:45,2026-08-14
sz300990,同飞股份,75.0,1.85,2.529,74.99,75.0,73.15,74.61,76.18,73.38,5551473.0,415654863.0,15:45:00,2026-08-14
sz300991,创益通,28.99,0.48,1.684,28.99,29.0,28.51,28.57,29.2,28.35,2023400.0,58176867.0,15:45:15,2026-08-14
sz300992,泰福泵业,24.75,0.06,0.243,24.75,24.79,24.69,24.74,24.99,24.39,1641896.0,40534677.0,15:45:30,2026-08-14
sz300993,玉马科技,9.93,-0.09,-0.898,9.93,9.95,10.02,10.08,10.09,9.91,1803300.0,17958664.0,15:44:45,2026-08-14
sz300994,久祺股份,11.25,0.04,0.357,11.25,11.26,11.21,11.26,11.4,11.17,1473900.0,16593360.0,15:45:00,2026-08-14
sz300995,奇德新材,26.4,-0.06,-0.227,26.4,26.46,26.46,26.5,26.75,26.03,1000200.0,26360374.0,15:45:15,2026-08-14
sz300996,普联软件,17.24,-0.46,-2.599,17.23,17.24,17.7,17.5,18.19,16.59,90650871.0,1561615609.0,15:45:30,2026-08-14
sz300997,欢乐家,17.63,-0.94,-5.062,17.63,17.64,18.57,18.24,18.29,17.3,21263555.0,373900535.0,15:44:45,2026-08-14
sz300998,宁波方正,26.13,0.3,1.161,26.12,26.13,25.83,25.95,26.33,25.6,3028300.0,78685893.0,15:45:00,2026-08-14
sz300999,金龙鱼,24.9,-0.38,-1.503,24.9,24.92,25.28,25.21,25.28,24.81,10137633.0,252881244.0,15:45:15,2026-08-14
sz301000,肇民科技,25.58,-0.22,-0.853,25.57,25.58,25.8,25.9,25.99,25.33,2803028.0,71781577.0,15:45:30,2026-08-14
sz301001,凯淳股份,23.84,-0.08,-0.334,23.84,23.85,23.92,23.89,24.07,23.56,1066507.0,25399284.0,15:44:45,2026-08-14
sz301002,崧盛股份,29.6,0.42,1.439,29.59,29.6,29.18,29.19,29.8,28.57,4679920.0,136940472.0,15:45:00,2026-08-14
sz301003,江苏博云,53.55,1.75,3.378,53.53,53.57,51.8,52.4,53.55,51.5,3178970.0,167177484.0,15:45:15,2026-08-14
sz301004,嘉益股份,34.24,-0.16,-0.465,34.24,34.29,34.4,34.57,34.76,34.14,433820.0,14914733.0,15:45:30,2026-08-14
sz301005,超捷股份,85.09,1.86,2.235,85.09,85.1,83.23,83.54,85.64,81.2,10969332.0,916159141.0,15:44:45,2026-08-14
sz301006,迈拓股份,13.56,0.11,0.818,13.56,13.58,13.45,13.45,13.64,13.34,1111300.0,15014364.0,15:45:00,2026-08-14
sz301007,德迈仕,28.89,0.19,0.662,28.89,28.9,28.7,28.65,29.04,28.31,2922039.0,83790658.0,15:45:15,2026-08-14
sz301008,宏昌科技,39.06,-2.15,-5.217,39.06,39.08,41.21,40.06,40.39,38.25,14427580.0,563526889.0,15:45:30,2026-08-14
sz301009,可靠股份,9.1,-0.07,-0.763,9.1,9.11,9.17,9.14,9.23,9.05,2304100.0,20974507.0,15:44:45,2026-08-14
sz301010,晶雪节能,17.25,0.0,0.0,17.25,17.28,17.25,17.36,17.44,17.1,1180300.0,20342453.0,15:45:00,2026-08-14
sz301011,华立科技,14.96,-0.11,-0.73,14.96,14.97,15.07,15.1,15.16,14.75,1712700.0,25543644.0,15:45:15,2026-08-14
sz301012,扬电科技,26.1,-0.23,-0.874,26.1,26.11,26.33,26.42,26.59,25.3,11779011.0,304049842.0,15:45:30,2026-08-14
sz301013,利和兴,46.65,3.07,7.045,46.65,46.66,43.58,44.45,46.65,44.45,41211497.0,1889278759.0,15:44:45,2026-08-14
sz301015,百洋医药,26.89,1.69,6.706,26.88,26.89,25.2,25.03,28.4,24.63,25959542.0,698166617.0,15:45:00,2026-08-14
sz301016,雷尔伟,12.65,-0.01,-0.079,12.64,12.65,12.66,12.65,12.76,12.46,2500921.0,31485997.0,15:45:15,2026-08-14
sz301017,漱玉平民,14.42,0.43,3.074,14.41,14.42,13.99,13.95,14.53,13.55,17063133.0,243353246.0,15:45:30,2026-08-14
sz301018,申菱环境,92.6,2.6,2.889,92.6,92.65,90.0,91.09,94.48,90.68,14609492.0,1351192272.0,15:44:45,2026-08-14
sz301019,宁波色母,15.11,0.03,0.199,15.1,15.11,15.08,15.1,15.21,14.94,1278980.0,19275636.0,15:45:00,2026-08-14
sz301020,密封科技,21.05,0.45,2.184,21.05,21.08,20.6,20.64,21.05,20.41,1987800.0,41193747.0,15:45:15,2026-08-14
sz301021,英诺激光,73.15,2.52,3.568,73.15,73.16,70.63,71.56,73.76,69.8,9377100.0,673433121.0,15:45:30,2026-08-14
sz301022,海泰科,23.07,-0.06,-0.259,23.06,23.07,23.13,23.13,23.35,22.89,1034738.0,23877270.0,15:44:45,2026-08-14
sz301023,奕帆传动,29.77,0.02,0.067,29.76,29.77,29.75,29.76,30.26,29.48,1093316.0,32597697.0,15:45:00,2026-08-14
sz301024,霍普股份,31.92,-0.38,-1.176,31.92,32.02,32.3,32.39,32.5,31.53,643100.0,20554869.0,15:45:15,2026-08-14
sz301025,读客文化,9.14,-0.62,-6.352,9.14,9.15,9.76,9.44,9.67,9.02,36128061.0,334344014.0,15:45:30,2026-08-14
sz301026,浩通科技,21.85,0.3,1.392,21.84,21.85,21.55,21.49,21.92,21.16,8220685.0,177937364.0,15:44:45,2026-08-14
sz301027,华蓝集团,20.35,-0.65,-3.095,20.35,20.39,21.0,21.2,21.47,20.0,8071109.0,167465993.0,15:45:00,2026-08-14
sz301028,鼎熔岩,13.09,0.11,0.847,13.09,13.1,12.98,12.99,13.09,12.79,4089925.0,52989070.0,15:45:15,2026-08-14
sz301029,怡合达,26.66,-0.24,-0.892,26.66,26.67,26.9,26.98,27.08,26.35,6627744.0,177085755.0,15:45:30,2026-08-14
sz301030,*ST仕净,8.91,0.37,4.333,8.9,8.91,8.54,8.55,8.99,8.48,9847500.0,86549384.0,15:44:45,2026-08-14
sz301031,中熔电气,90.8,0.99,1.102,90.8,90.82,89.81,90.12,91.2,89.5,1579458.0,142977172.0,15:45:00,2026-08-14
sz301032,新柴股份,9.95,0.02,0.201,9.95,9.96,9.93,9.98,10.04,9.86,2455800.0,24398540.0,15:45:15,2026-08-14
sz301033,迈普医学,57.1,-2.62,-4.387,57.1,57.11,59.72,59.04,59.52,57.01,1905289.0,110198159.0,15:45:30,2026-08-14
sz301035,润丰股份,50.91,-0.27,-0.528,50.91,50.95,51.18,51.18,51.86,50.64,727838.0,37245451.0,15:44:45,2026-08-14
sz301036,双乐股份,21.92,-0.11,-0.499,21.92,21.99,22.03,22.04,22.29,21.84,550746.0,12127697.0,15:45:00,2026-08-14
sz301037,保立佳,12.98,-0.02,-0.154,12.98,13.0,13.0,13.0,13.16,12.87,1515732.0,19688077.0,15:45:15,2026-08-14
sz301038,深水规院,16.41,-0.02,-0.122,16.4,16.41,16.43,16.4,16.55,16.25,2100907.0,34389010.0,15:45:30,2026-08-14
sz301039,中集车辆,7.79,-0.03,-0.384,7.77,7.79,7.82,7.87,7.87,7.7,12884095.0,100166087.0,15:44:45,2026-08-14
sz301040,中环海陆,28.0,0.1,0.358,28.0,28.18,27.9,27.83,28.49,27.31,2083500.0,57870712.0,15:45:00,2026-08-14
sz301041,金百泽,25.7,0.92,3.713,25.7,25.71,24.78,24.96,25.8,24.81,4259800.0,108007606.0,15:45:15,2026-08-14
sz301042,安联锐视,34.46,0.58,1.712,34.46,34.48,33.88,33.89,34.98,32.9,7529096.0,253931182.0,15:45:30,2026-08-14
sz301043,绿岛风,44.03,-0.08,-0.181,44.02,44.03,44.11,44.92,46.49,43.41,1647700.0,73706099.0,15:44:45,2026-08-14
sz301045,天禄科技,69.4,2.29,3.412,69.39,69.4,67.11,67.34,72.2,67.34,4515509.0,315879409.0,15:45:00,2026-08-14
sz301046,能辉科技,19.9,-0.01,-0.05,19.9,19.91,19.91,20.04,20.19,19.56,1950848.0,38729552.0,15:45:15,2026-08-14
sz301047,义翘神州,130.15,10.15,8.458,130.13,130.15,120.0,120.0,132.88,116.8,14425020.0,1823197434.0,15:45:30,2026-08-14
sz301048,金鹰重工,9.01,-0.07,-0.771,9.01,9.02,9.08,9.08,9.11,9.0,2295532.0,20748414.0,15:44:45,2026-08-14
sz301049,超越科技,19.72,0.21,1.076,19.71,19.72,19.51,19.51,19.92,19.26,1176300.0,23111789.0,15:45:00,2026-08-14
sz301050,雷电微力,31.7,0.05,0.158,31.7,31.71,31.65,31.72,31.95,31.4,2558779.0,81036154.0,15:45:15,2026-08-14
sz301051,信濠光电,21.0,-0.41,-1.915,20.99,21.0,21.41,21.74,21.9,19.7,23203131.0,478603146.0,15:45:30,2026-08-14
sz301052,果麦文化,23.9,-0.65,-2.648,23.9,23.91,24.55,24.37,24.89,23.45,5891000.0,141369341.0,15:44:45,2026-08-14
sz301053,远信工业,42.34,1.95,4.828,42.34,42.4,40.39,40.4,42.79,39.37,8424092.0,350487454.0,15:45:00,2026-08-14
sz301055,张小泉,30.22,-0.13,-0.428,30.2,30.22,30.35,30.35,30.47,29.62,2326240.0,69957997.0,15:45:15,2026-08-14
sz301056,森赫股份,11.0,0.32,2.996,11.0,11.01,10.68,10.75,11.15,10.54,4050138.0,43724081.0,15:45:30,2026-08-14
sz301057,汇隆新材,21.34,-0.02,-0.094,21.32,21.34,21.36,21.43,21.6,21.12,1284700.0,27401982.0,15:44:45,2026-08-14
sz301058,中粮科工,8.32,-0.04,-0.478,8.31,8.32,8.36,8.37,8.42,8.28,3249900.0,27091386.0,15:45:00,2026-08-14
sz301059,金三江,11.42,0.07,0.617,11.41,11.42,11.35,11.4,11.55,11.33,1649000.0,18808831.0,15:45:15,2026-08-14
sz301060,兰卫医学,12.56,0.6,5.017,12.55,12.56,11.96,11.89,13.3,11.82,74232922.0,931828093.0,15:45:30,2026-08-14
sz301061,匠心家居,34.25,-0.83,-2.366,34.24,34.25,35.08,35.0,35.14,34.01,2043290.0,70204129.0,15:44:45,2026-08-14
sz301062,上海艾录,6.98,0.02,0.287,6.97,6.98,6.96,6.96,7.02,6.82,6898542.0,47738810.0,15:45:00,2026-08-14
sz301063,海锅股份,17.86,0.15,0.847,17.86,17.87,17.71,17.73,17.94,17.61,1080391.0,19207331.0,15:45:15,2026-08-14
sz301065,本立科技,19.29,0.46,2.443,19.29,19.31,18.83,18.87,19.49,18.62,2164250.0,41450759.0,15:45:30,2026-08-14
sz301066,万事利,12.09,-0.21,-1.707,12.09,12.1,12.3,12.24,12.35,12.03,2942575.0,35707222.0,15:44:45,2026-08-14
sz301067,显盈科技,31.76,0.07,0.221,31.76,31.77,31.69,31.7,32.33,30.67,2483400.0,77982795.0,15:45:00,2026-08-14
sz301068,大地海洋,29.13,0.18,0.622,29.13,29.16,28.95,28.88,30.0,28.56,982800.0,28521275.0,15:45:15,2026-08-14
sz301069,凯盛新材,16.85,0.0,0.0,16.84,16.85,16.85,16.85,17.05,16.5,4424547.0,74464427.0,15:45:30,2026-08-14
sz301070,开勒股份,67.24,2.19,3.367,67.24,67.29,65.05,65.44,67.5,64.22,2854143.0,188826566.0,15:44:45,2026-08-14
sz301071,力量钻石,60.74,1.72,2.914,60.74,60.75,59.02,59.99,60.99,58.88,9820373.0,590144328.0,15:45:00,2026-08-14
sz301072,中捷精工,39.18,3.54,9.933,39.16,39.18,35.64,35.35,39.18,35.33,4373301.0,165828176.0,15:45:15,2026-08-14
sz301073,君亭酒店,17.98,-0.38,-2.07,17.98,17.99,18.36,18.3,18.46,17.84,4616755.0,83382207.0,15:45:30,2026-08-14
sz301075,多瑞医药,54.94,-0.27,-0.489,54.77,54.94,55.21,55.2,55.71,53.91,987000.0,54090557.0,15:44:45,2026-08-14
sz301076,新瀚新材,22.2,-0.2,-0.893,22.18,22.2,22.4,22.25,22.47,21.94,2829815.0,62669789.0,15:45:00,2026-08-14
sz301077,星华新材,24.01,-0.6,-2.438,24.01,24.03,24.61,23.19,24.66,22.81,10323240.0,244902565.0,15:45:15,2026-08-14
sz301078,孩子王,7.19,-0.19,-2.575,7.18,7.19,7.38,7.34,7.38,7.14,14861538.0,107289350.0,15:45:30,2026-08-14
sz301079,邵阳液压,29.52,0.31,1.061,29.51,29.52,29.21,29.21,29.55,28.85,2553343.0,74509380.0,15:44:45,2026-08-14
sz301080,百普赛斯,90.21,2.0,2.267,90.21,90.23,88.21,87.0,91.5,85.55,21058452.0,1879089446.0,15:45:00,2026-08-14
sz301081,严牌股份,12.47,0.29,2.381,12.47,12.48,12.18,12.2,12.58,12.01,4099200.0,50352838.0,15:45:15,2026-08-14
sz301082,久盛电气,10.37,-0.19,-1.799,10.37,10.38,10.56,10.53,10.55,10.24,13613432.0,140872151.0,15:45:30,2026-08-14
sz301083,百胜智能,13.81,-0.02,-0.145,13.77,13.81,13.83,13.83,13.92,13.66,1411400.0,19458881.0,15:44:45,2026-08-14
sz301085,亚康股份,63.15,0.3,0.477,63.15,63.17,62.85,62.7,64.7,61.35,4867075.0,305037552.0,15:45:00,2026-08-14
sz301086,鸿富瀚,121.42,3.69,3.134,121.41,121.42,117.73,119.0,122.38,118.39,2708341.0,326332701.0,15:45:15,2026-08-14
sz301087,可孚医疗,50.15,0.15,0.3,50.15,50.17,50.0,49.73,51.08,49.2,1843950.0,92709027.0,15:45:30,2026-08-14
sz301088,戎美股份,12.92,0.18,1.413,12.92,12.93,12.74,12.68,13.08,12.62,2068200.0,26611005.0,15:44:45,2026-08-14
sz301089,拓新药业,25.4,-0.55,-2.119,25.4,25.41,25.95,25.94,26.29,25.19,4249590.0,108901808.0,15:45:00,2026-08-14
sz301090,华润材料,6.48,0.04,0.621,6.47,6.48,6.44,6.44,6.5,6.39,5139000.0,33132204.0,15:45:15,2026-08-14
sz301091,深城交,18.98,-0.22,-1.146,18.96,18.98,19.2,19.34,19.44,18.74,6600279.0,124979953.0,15:45:30,2026-08-14
sz301092,争光股份,45.21,-0.38,-0.834,45.2,45.21,45.59,45.79,46.77,44.53,2579950.0,117289381.0,15:44:45,2026-08-14
sz301093,华兰股份,80.6,-0.9,-1.104,80.59,80.6,81.5,81.29,81.7,78.2,4396538.0,351171250.0,15:45:00,2026-08-14
sz301095,广立微,74.9,1.3,1.766,74.9,74.93,73.6,74.98,75.09,72.75,4877137.0,361255976.0,15:45:15,2026-08-14
sz301096,百诚医药,50.06,0.7,1.418,50.06,50.07,49.36,49.2,50.09,47.55,4442926.0,217275641.0,15:45:30,2026-08-14
sz301097,天益医疗,35.05,0.35,1.009,35.05,35.16,34.7,35.49,35.64,34.45,627597.0,21973508.0,15:44:45,2026-08-14
sz301098,金埔园林,8.86,0.07,0.796,8.86,8.87,8.79,8.82,9.0,8.7,6563007.0,57924332.0,15:45:00,2026-08-14
sz301099,雅创电子,51.25,1.13,2.255,51.24,51.25,50.12,50.84,51.26,49.94,6619014.0,335956792.0,15:45:15,2026-08-14
sz301100,风光股份,16.17,0.17,1.063,16.17,16.18,16.0,15.93,16.2,15.85,1354088.0,21744972.0,15:45:30,2026-08-14
sz301101,明月镜片,29.23,-0.24,-0.814,29.22,29.23,29.47,29.69,29.69,29.07,1327286.0,38870270.0,15:44:45,2026-08-14
sz301102,兆讯传媒,9.64,-0.14,-1.431,9.63,9.64,9.78,9.83,9.87,9.6,1774200.0,17156923.0,15:45:00,2026-08-14
sz301103,何氏眼科,17.27,-0.29,-1.651,17.27,17.29,17.56,17.45,17.64,17.13,2688750.0,46550227.0,15:45:15,2026-08-14
sz301105,鸿铭股份,47.39,-0.38,-0.795,47.38,47.62,47.77,47.89,48.75,46.3,462074.0,21995608.0,15:45:30,2026-08-14
sz301106,骏成科技,17.23,0.2,1.174,17.23,17.24,17.03,17.1,17.3,17.0,1574076.0,27023061.0,15:44:45,2026-08-14
sz301107,瑜欣电子,20.47,-0.63,-2.986,20.47,20.48,21.1,21.06,21.08,20.28,2599460.0,53473856.0,15:45:00,2026-08-14
sz301108,洁雅股份,37.42,0.62,1.685,37.34,37.42,36.8,36.8,37.75,36.78,1440196.0,53587664.0,15:45:15,2026-08-14
sz301109,军信股份,13.46,-0.16,-1.175,13.46,13.48,13.62,13.67,13.67,13.46,2830173.0,38237469.0,15:45:30,2026-08-14
sz301110,青木科技,37.48,0.2,0.536,37.4,37.48,37.28,37.12,37.89,36.25,3492252.0,129411002.0,15:44:45,2026-08-14
sz301111,粤万年青,20.36,0.03,0.148,20.36,20.39,20.33,20.5,20.76,19.81,4269100.0,86398682.0,15:45:00,2026-08-14
sz301112,信邦智能,31.65,-0.03,-0.095,31.64,31.65,31.68,31.98,32.18,31.23,988200.0,31287502.0,15:45:15,2026-08-14
sz301113,雅艺科技,16.39,0.23,1.423,16.39,16.43,16.16,16.22,16.59,15.99,964218.0,15701726.0,15:45:30,2026-08-14
sz301115,联检科技,33.32,3.17,10.514,33.31,33.32,30.15,30.15,34.35,30.15,8563924.0,277042682.0,15:44:45,2026-08-14
sz301116,益客食品,9.51,0.42,4.62,9.51,9.52,9.09,9.09,10.5,8.91,17097143.0,163777133.0,15:45:00,2026-08-14
sz301117,佳缘科技,19.46,-0.79,-3.901,19.46,19.47,20.25,20.41,20.47,19.16,10867338.0,213010762.0,15:45:15,2026-08-14
sz301118,恒光股份,22.42,0.41,1.863,22.4,22.42,22.01,22.0,22.79,22.0,2833849.0,63360105.0,15:45:30,2026-08-14
sz301119,正强股份,22.04,0.36,1.661,22.03,22.04,21.68,21.68,22.06,21.47,2027022.0,44140805.0,15:44:45,2026-08-14
sz301120,新特电气,15.58,-0.63,-3.886,15.57,15.58,16.21,16.16,16.25,15.37,16015655.0,251034642.0,15:45:00,2026-08-14
sz301121,紫建电子,36.92,0.56,1.54,36.89,36.92,36.36,36.92,37.2,36.07,1312738.0,48097732.0,15:45:15,2026-08-14
sz301122,采纳股份,35.04,-0.22,-0.624,35.04,35.09,35.26,34.63,35.86,34.01,4171813.0,145936708.0,15:45:30,2026-08-14
sz301123,奕东电子,78.35,6.33,8.789,78.32,78.35,72.02,75.0,80.81,74.98,15964675.0,1242871634.0,15:44:45,2026-08-14
sz301125,腾亚精工,13.25,-0.13,-0.972,13.24,13.25,13.38,13.38,13.51,13.0,4083930.0,54142153.0,15:45:00,2026-08-14
sz301126,达嘉维康,10.22,0.16,1.59,10.22,10.23,10.06,10.16,10.41,9.92,5738539.0,58358068.0,15:45:15,2026-08-14
sz301127,武汉天源,15.12,-0.17,-1.112,15.11,15.12,15.29,15.16,15.64,14.71,29306541.0,441386042.0,15:45:30,2026-08-14
sz301128,强瑞技术,114.45,2.75,2.462,114.45,114.48,111.7,112.88,114.97,111.81,4947449.0,562715722.0,15:44:45,2026-08-14
sz301129,瑞纳智能,22.04,-1.1,-4.754,22.04,22.05,23.14,22.5,23.0,21.68,5513142.0,121565032.0,15:45:00,2026-08-14
sz301130,西点药业,30.85,5.14,19.992,30.85,0.0,25.71,25.71,30.85,25.3,10608505.0,319398208.0,15:45:15,2026-08-14
sz301131,聚赛龙,33.51,-0.02,-0.06,33.51,33.53,33.53,33.72,33.8,33.29,754713.0,25283885.0,15:45:30,2026-08-14
sz301132,满坤科技,35.52,1.29,3.769,35.51,35.52,34.23,34.73,35.53,34.45,4212026.0,147482063.0,15:44:45,2026-08-14
sz301133,金钟股份,28.13,0.07,0.249,28.12,28.13,28.06,28.2,28.46,27.55,2006012.0,56179952.0,15:45:00,2026-08-14
sz301135,瑞德智能,16.53,0.02,0.121,16.53,16.54,16.51,16.52,16.65,16.32,1198080.0,19742765.0,15:45:15,2026-08-14
sz301136,招标股份,11.48,-0.12,-1.034,11.48,11.51,11.6,11.65,11.73,11.36,3596400.0,41236485.0,15:45:30,2026-08-14
sz301137,哈焊华通,34.45,0.2,0.584,34.45,34.46,34.25,34.28,34.57,33.72,4229572.0,144308617.0,15:44:45,2026-08-14
sz301138,华研精机,26.97,-0.01,-0.037,26.96,26.99,26.98,26.88,27.19,26.81,665100.0,17956465.0,15:45:00,2026-08-14
sz301139,*ST元道,3.98,-0.08,-1.97,3.97,3.98,4.06,3.96,4.25,3.85,21720490.0,88171982.0,15:45:15,2026-08-14
sz301141,中科磁业,43.29,1.39,3.317,43.29,43.3,41.9,41.79,43.96,41.6,5057698.0,217716375.0,15:45:30,2026-08-14
sz301148,嘉戎技术,54.29,-1.6,-2.863,54.21,54.29,55.89,55.38,55.89,51.51,2873400.0,154250551.0,15:44:45,2026-08-14
sz301149,隆华新材,7.87,0.01,0.127,7.87,7.88,7.86,7.95,7.96,7.8,5845370.0,45936625.0,15:45:00,2026-08-14
sz301150,中一科技,40.55,1.55,3.974,40.54,40.55,39.0,39.62,40.67,39.18,21984064.0,881698155.0,15:45:15,2026-08-14
sz301151,冠龙节能,17.09,0.08,0.47,17.09,17.1,17.01,16.96,17.22,16.92,2483737.0,42407111.0,15:45:30,2026-08-14
sz301152,天力锂能,19.9,-0.05,-0.251,19.9,19.94,19.95,20.03,20.41,19.7,3103753.0,61967546.0,15:44:45,2026-08-14
sz301153,中科江南,17.47,-0.03,-0.171,17.46,17.47,17.5,17.36,17.79,17.22,3247057.0,56710609.0,15:45:00,2026-08-14
sz301155,海力风电,46.06,-0.91,-1.937,46.05,46.06,46.97,46.9,46.97,45.31,3713526.0,170589008.0,15:45:15,2026-08-14
sz301156,美农生物,11.39,-0.09,-0.784,11.39,11.42,11.48,11.4,11.57,11.31,3195900.0,36452213.0,15:45:30,2026-08-14
sz301157,华塑科技,60.87,0.25,0.412,60.84,60.87,60.62,60.86,62.59,59.9,1033000.0,62608983.0,15:44:45,2026-08-14
sz301158,德石股份,16.02,1.06,7.086,16.02,16.03,14.96,15.38,16.3,14.97,22656735.0,357079271.0,15:45:00,2026-08-14
sz301159,三维天地,33.55,-0.36,-1.062,33.54,33.55,33.91,33.94,34.31,33.02,2895336.0,96800727.0,15:45:15,2026-08-14
sz301160,翔楼新材,44.8,6.99,18.487,44.8,44.82,37.81,37.95,45.17,37.79,11731142.0,497387588.0,15:45:30,2026-08-14
sz301161,唯万密封,27.52,0.26,0.954,27.51,27.52,27.26,27.41,27.59,27.06,3105671.0,84932550.0,15:44:45,2026-08-14
sz301162,国能日新,40.14,-0.55,-1.352,40.11,40.14,40.69,40.43,40.94,39.21,2141987.0,85526392.0,15:45:00,2026-08-14
sz301163,宏德股份,23.25,0.25,1.087,23.25,23.27,23.0,22.93,23.72,22.81,1382200.0,32024349.0,15:45:15,2026-08-14
sz301165,锐捷网络,143.9,0.6,0.419,143.9,143.91,143.3,143.08,148.7,139.29,31987800.0,4588251429.0,15:45:30,2026-08-14
sz301166,优宁维,30.46,1.38,4.746,30.46,30.48,29.08,28.94,31.22,28.77,3998269.0,121206068.0,15:44:45,2026-08-14
sz301167,建研设计,13.82,0.07,0.509,13.82,13.83,13.75,13.75,13.89,13.61,1667660.0,22939543.0,15:45:00,2026-08-14
sz301168,通灵股份,42.26,0.62,1.489,42.25,42.26,41.64,41.22,42.54,41.22,1183089.0,49858429.0,15:45:15,2026-08-14
sz301169,零点有数,52.99,0.25,0.474,52.99,53.0,52.74,53.68,54.21,51.88,999687.0,52761349.0,15:45:30,2026-08-14
sz301170,锡南科技,23.0,0.34,1.5,23.0,23.01,22.66,22.69,23.14,22.6,697200.0,15954762.0,15:44:45,2026-08-14
sz301171,易点天下,36.4,-1.0,-2.674,36.4,36.41,37.4,36.83,38.63,35.31,100282108.0,3682958871.0,15:45:00,2026-08-14
sz301172,君逸数码,18.22,0.22,1.222,18.21,18.22,18.0,18.23,18.27,17.85,4343450.0,78362434.0,15:45:15,2026-08-14
sz301173,毓恬冠佳,31.8,0.0,0.0,31.78,31.8,31.8,31.9,32.2,31.2,889300.0,28209174.0,15:45:30,2026-08-14
sz301175,中科环保,5.45,-0.01,-0.183,5.45,5.46,5.46,5.46,5.48,5.41,10033400.0,54626470.0,15:44:45,2026-08-14
sz301176,逸豪新材,49.19,1.42,2.973,49.19,49.2,47.77,47.77,49.3,47.47,6381014.0,309765892.0,15:45:00,2026-08-14
sz301177,迪阿股份,22.88,-0.12,-0.522,22.85,22.88,23.0,22.97,23.06,22.72,610500.0,13957989.0,15:45:15,2026-08-14
sz301178,天亿马,36.37,0.17,0.47,36.36,36.37,36.2,36.21,36.75,35.5,1703335.0,61602068.0,15:45:30,2026-08-14
sz301179,泽宇智能,20.35,-0.05,-0.245,20.35,20.36,20.4,20.48,20.61,20.03,4492505.0,91216380.0,15:44:45,2026-08-14
sz301180,万祥科技,11.76,0.11,0.944,11.75,11.76,11.65,11.71,11.77,11.55,2878571.0,33618556.0,15:45:00,2026-08-14
sz301181,标榜股份,23.45,0.9,3.991,23.45,23.46,22.55,23.5,23.86,22.36,3937511.0,91353069.0,15:45:15,2026-08-14
sz301182,凯旺科技,70.33,0.33,0.471,70.27,70.33,70.0,70.01,71.5,68.8,2510929.0,175989453.0,15:45:30,2026-08-14
sz301183,东田微,205.4,8.47,4.301,205.4,205.45,196.93,198.51,206.8,195.88,6490081.0,1314077393.0,15:44:45,2026-08-14
sz301185,鸥玛软件,16.53,0.07,0.425,16.53,16.54,16.46,16.5,16.64,16.27,1948990.0,32053469.0,15:45:00,2026-08-14
sz301186,超达装备,36.22,0.16,0.444,36.18,36.22,36.06,36.3,36.75,35.03,1421440.0,51088933.0,15:45:15,2026-08-14
sz301187,欧圣电气,15.36,-0.02,-0.13,15.36,15.39,15.38,15.45,15.47,15.16,2113764.0,32425018.0,15:45:30,2026-08-14
sz301188,力诺药包,41.46,-1.04,-2.447,41.45,41.46,42.5,41.9,43.48,39.86,29703654.0,1229408392.0,15:44:45,2026-08-14
sz301189,奥尼电子,49.8,-0.69,-1.367,49.79,49.8,50.49,50.49,52.99,48.92,3921107.0,197872121.0,15:45:00,2026-08-14
sz301190,善水科技,18.04,-0.39,-2.116,18.04,18.05,18.43,18.39,18.43,17.62,7062647.0,126824128.0,15:45:15,2026-08-14
sz301191,菲菱科思,97.35,1.24,1.29,97.34,97.35,96.11,96.1,100.95,94.58,6722214.0,651954348.0,15:45:30,2026-08-14
sz301192,泰祥股份,19.76,0.16,0.816,19.76,19.84,19.6,19.7,19.97,19.54,991100.0,19594301.0,15:44:45,2026-08-14
sz301193,家联科技,18.3,-0.06,-0.327,18.26,18.3,18.36,18.3,18.48,18.0,1729765.0,31508335.0,15:45:00,2026-08-14
sz301195,北路智控,26.94,0.14,0.522,26.94,26.95,26.8,26.8,27.0,26.47,1546415.0,41359916.0,15:45:15,2026-08-14
sz301196,唯科科技,88.01,2.31,2.695,88.0,88.01,85.7,85.69,89.98,85.69,6261668.0,551875421.0,15:45:30,2026-08-14
sz301197,工大科雅,24.63,-0.13,-0.525,24.63,24.64,24.76,24.61,25.0,24.26,1684310.0,41458262.0,15:44:45,2026-08-14
sz301198,喜悦智行,12.7,0.13,1.034,12.7,12.71,12.57,12.53,12.71,12.32,2393938.0,29979049.0,15:45:00,2026-08-14
sz301199,迈赫股份,18.35,-0.02,-0.109,18.34,18.35,18.37,18.33,18.47,18.12,1027560.0,18777180.0,15:45:15,2026-08-14
sz301200,大族数控,290.09,3.03,1.056,290.08,290.09,287.06,290.0,294.0,283.06,2116797.0,612179582.0,15:45:30,2026-08-14
sz301201,诚达药业,36.77,-0.81,-2.155,36.77,36.78,37.58,37.69,37.72,36.25,12224092.0,450657342.0,15:44:45,2026-08-14
sz301202,朗威股份,34.46,0.95,2.835,34.46,34.47,33.51,33.79,34.75,33.79,2176407.0,74728623.0,15:45:00,2026-08-14
sz301203,国泰环保,34.75,1.24,3.7,34.75,34.8,33.51,33.7,35.11,33.01,1116200.0,38223655.0,15:45:15,2026-08-14
sz301205,联特科技,302.48,8.98,3.06,302.47,302.48,293.5,292.0,304.0,285.5,7992617.0,2365037172.0,15:45:30,2026-08-14
sz301206,三元生物,23.85,-0.13,-0.542,23.85,23.86,23.98,24.18,24.24,23.69,979900.0,23350781.0,15:44:45,2026-08-14
sz301207,华兰疫苗,18.11,-0.04,-0.22,18.11,18.12,18.15,18.1,18.52,17.92,5463138.0,99392763.0,15:45:00,2026-08-14
sz301208,中亦科技,29.57,0.27,0.922,29.56,29.57,29.3,29.2,29.59,28.9,1167540.0,34216030.0,15:45:15,2026-08-14
sz301209,联合化学,58.45,2.01,3.561,58.45,58.5,56.44,56.86,59.9,54.5,7370090.0,417338974.0,15:45:30,2026-08-14
sz301210,金杨精密,25.0,0.76,3.135,24.99,25.0,24.24,24.39,25.11,24.25,3540593.0,87846886.0,15:44:45,2026-08-14
sz301211,亨迪药业,12.18,0.32,2.698,12.18,12.19,11.86,11.8,12.28,11.62,12561051.0,151172925.0,15:45:00,2026-08-14
sz301212,联盛化学,22.7,-0.1,-0.439,22.69,22.7,22.8,22.61,22.95,22.44,1055300.0,23913585.0,15:45:15,2026-08-14
sz301213,观想科技,44.3,0.1,0.226,44.29,44.3,44.2,44.01,44.72,43.62,1022605.0,45170640.0,15:45:30,2026-08-14
sz301215,中汽股份,5.15,-0.05,-0.962,5.15,5.16,5.2,5.22,5.22,5.14,6496000.0,33545442.0,15:44:45,2026-08-14
sz301216,万凯新材,16.78,0.13,0.781,16.78,16.79,16.65,16.68,16.86,16.55,6545100.0,109361826.0,15:45:00,2026-08-14
sz301217,铜冠铜箔,123.05,3.82,3.204,123.04,123.05,119.23,119.47,124.09,117.0,43505819.0,5269141999.0,15:45:15,2026-08-14
sz301218,华是科技,47.58,0.28,0.592,47.58,47.59,47.3,47.3,47.97,45.26,7682350.0,358291242.0,15:45:30,2026-08-14
sz301219,腾远钴业,48.39,0.08,0.166,48.39,48.4,48.31,48.5,49.17,47.86,6999705.0,339462757.0,15:44:45,2026-08-14
sz301220,亚香股份,27.7,-0.22,-0.788,27.69,27.7,27.92,27.93,28.14,27.56,864260.0,23977216.0,15:45:00,2026-08-14
sz301221,光庭信息,28.56,-0.34,-1.176,28.56,28.6,28.9,28.7,29.17,28.4,1276401.0,36652907.0,15:45:15,2026-08-14
sz301222,浙江恒威,24.64,0.09,0.367,24.62,24.64,24.55,24.67,24.76,24.21,1576100.0,38685433.0,15:45:30,2026-08-14
sz301223,中荣股份,16.67,-0.05,-0.299,16.65,16.67,16.72,16.6,16.81,16.58,609200.0,10156657.0,15:44:45,2026-08-14
sz301225,恒勃股份,62.14,-1.38,-2.173,62.14,62.23,63.52,64.14,65.0,60.67,3155323.0,197423931.0,15:45:00,2026-08-14
sz301226,祥明智能,30.68,1.08,3.649,30.65,30.68,29.6,29.6,30.75,29.51,2435202.0,73814519.0,15:45:15,2026-08-14
sz301227,森鹰窗业,24.75,-0.81,-3.169,24.75,24.78,25.56,25.65,25.72,24.48,2315960.0,57586230.0,15:45:30,2026-08-14
sz301228,实朴检测,61.57,-3.3,-5.087,61.57,61.58,64.87,64.03,64.03,60.85,4046925.0,250117532.0,15:44:45,2026-08-14
sz301229,纽泰格,12.22,0.0,0.0,12.22,12.23,12.22,12.17,12.48,12.08,2407954.0,29470625.0,15:45:00,2026-08-14
sz301230,泓博医药,38.59,-0.47,-1.203,38.58,38.59,39.06,38.71,39.12,37.24,27124002.0,1035278123.0,15:45:15,2026-08-14
sz301231,荣信文化,27.1,-0.12,-0.441,27.09,27.1,27.22,27.23,27.6,26.22,3657853.0,98067686.0,15:45:30,2026-08-14
sz301232,飞沃科技,113.26,0.66,0.586,113.25,113.27,112.6,112.96,113.68,108.56,2951613.0,328784535.0,15:44:45,2026-08-14
sz301233,盛帮股份,33.5,-0.21,-0.623,33.47,33.5,33.71,34.12,34.12,33.14,675735.0,22695421.0,15:45:00,2026-08-14
sz301234,五洲医疗,90.63,0.01,0.011,90.62,90.63,90.62,88.02,92.0,86.0,3343122.0,299140729.0,15:45:15,2026-08-14
sz301235,华康洁净,45.8,0.27,0.593,45.8,45.81,45.53,45.53,47.71,44.5,11074453.0,508830278.0,15:45:30,2026-08-14
sz301236,软通动力,39.02,-0.35,-0.889,39.01,39.02,39.37,39.33,39.9,38.31,23814698.0,925695036.0,15:44:45,2026-08-14
sz301237,和顺科技,54.3,0.66,1.23,54.28,54.3,53.64,53.66,55.1,53.6,1128725.0,61278550.0,15:45:00,2026-08-14
sz301238,瑞泰新材,16.66,0.24,1.462,16.66,16.67,16.42,16.48,16.84,16.41,8002111.0,133048398.0,15:45:15,2026-08-14
sz301239,普瑞眼科,36.05,-0.65,-1.771,36.05,36.1,36.7,36.7,36.93,35.49,3666854.0,132134138.0,15:45:30,2026-08-14
sz301246,宏源药业,21.27,0.03,0.141,21.27,21.28,21.24,21.38,21.88,21.0,7753322.0,165258779.0,15:44:45,2026-08-14
sz301248,杰创智能,66.72,2.06,3.186,66.7,66.72,64.66,65.29,67.77,64.7,7687233.0,510346608.0,15:45:00,2026-08-14
sz301251,威尔高,46.32,2.74,6.287,46.32,46.33,43.58,43.6,46.87,43.6,11226424.0,513363960.0,15:45:15,2026-08-14
sz301252,同星科技,33.0,-0.39,-1.168,33.0,33.01,33.39,33.68,33.88,32.5,2354715.0,77856040.0,15:45:30,2026-08-14
sz301255,通力科技,20.86,0.07,0.337,20.86,20.88,20.79,20.71,21.04,20.65,1100450.0,22905052.0,15:44:45,2026-08-14
sz301256,华融化学,10.32,-0.3,-2.825,10.31,10.32,10.62,10.5,10.57,10.17,7749050.0,79690184.0,15:45:00,2026-08-14
sz301257,普蕊斯,52.26,-0.54,-1.023,52.26,52.27,52.8,51.79,53.68,51.15,6030371.0,315465029.0,15:45:15,2026-08-14
sz301258,富士莱,26.53,0.31,1.182,26.53,26.55,26.22,26.52,26.83,26.05,1159300.0,30663998.0,15:45:30,2026-08-14
sz301259,艾布鲁,25.08,0.38,1.538,25.07,25.08,24.7,24.81,25.29,24.41,4769830.0,118804650.0,15:44:45,2026-08-14
sz301260,格力博,13.95,-0.03,-0.215,13.95,13.98,13.98,14.0,14.09,13.86,1649782.0,23019953.0,15:45:00,2026-08-14
sz301261,恒工精密,58.9,-0.03,-0.051,58.89,58.9,58.93,59.3,59.37,58.08,1481390.0,87099844.0,15:45:15,2026-08-14
sz301262,海看股份,19.44,-0.46,-2.312,19.43,19.44,19.9,19.95,20.01,19.18,7608660.0,148564714.0,15:45:30,2026-08-14
sz301263,泰恩康,20.65,0.07,0.34,20.65,20.66,20.58,20.58,21.05,20.29,4234282.0,87417223.0,15:44:45,2026-08-14
sz301265,华新科技,20.13,0.18,0.902,20.13,20.15,19.95,20.04,20.49,19.78,5542921.0,111128561.0,15:45:00,2026-08-14
sz301266,宇邦新材,21.63,0.08,0.371,21.62,21.63,21.55,21.5,21.91,21.35,2319280.0,50083312.0,15:45:15,2026-08-14
sz301267,华厦眼科,16.44,-0.05,-0.303,16.44,16.48,16.49,16.46,16.9,16.33,5136917.0,85130988.0,15:45:30,2026-08-14
sz301268,铭利达,13.32,-0.12,-0.893,13.32,13.35,13.44,13.7,13.7,13.2,3827793.0,51018723.0,15:44:45,2026-08-14
sz301269,华大九天,95.9,0.16,0.167,95.9,95.92,95.74,96.99,97.5,94.22,5765053.0,550676861.0,15:45:00,2026-08-14
sz301270,汉仪股份,33.67,-0.63,-1.837,33.67,33.68,34.3,34.03,35.45,33.06,5392153.0,183188997.0,15:45:15,2026-08-14
sz301272,英华特,33.96,0.2,0.592,33.96,33.97,33.76,33.78,34.2,33.65,470400.0,15949126.0,15:45:30,2026-08-14
sz301273,瑞晨环保,40.3,-1.08,-2.61,40.3,40.32,41.38,41.0,42.7,40.0,4713167.0,192820116.0,15:44:45,2026-08-14
sz301275,汉朔科技,42.28,-0.73,-1.697,42.28,42.29,43.01,43.08,43.37,41.98,4956826.0,210533397.0,15:45:00,2026-08-14
sz301276,嘉曼服饰,20.82,0.1,0.483,20.82,20.83,20.72,20.8,21.08,20.65,1568312.0,32680759.0,15:45:15,2026-08-14
sz301277,新天地,11.02,0.11,1.008,11.01,11.02,10.91,10.85,11.17,10.69,6978944.0,76576111.0,15:45:30,2026-08-14
sz301278,快可电子,27.43,0.0,0.0,27.43,27.44,27.43,27.37,27.7,27.2,888798.0,24367386.0,15:44:45,2026-08-14
sz301279,金道科技,20.7,-0.09,-0.433,20.7,20.71,20.79,20.5,21.19,20.5,1480021.0,30771577.0,15:45:00,2026-08-14
sz301280,珠城科技,41.4,0.84,2.071,41.38,41.4,40.56,40.73,41.66,40.63,1341828.0,55260266.0,15:45:15,2026-08-14
sz301281,科源制药,43.65,-1.01,-2.262,43.61,43.65,44.66,44.4,44.85,42.78,2741800.0,119431877.0,15:45:30,2026-08-14
sz301282,金禄电子,29.31,1.35,4.828,29.31,29.32,27.96,27.87,29.5,27.72,22140953.0,638469859.0,15:44:45,2026-08-14
sz301283,聚胶股份,25.7,0.04,0.156,25.66,25.7,25.66,25.7,26.15,25.5,755202.0,19396601.0,15:45:00,2026-08-14
sz301285,鸿日达,81.42,1.99,2.505,81.42,81.46,79.43,80.52,82.25,79.19,1683308.0,136298820.0,15:45:15,2026-08-14
sz301286,侨源股份,41.99,-0.09,-0.214,41.95,41.99,42.08,42.26,42.53,41.46,1107500.0,46567930.0,15:45:30,2026-08-14
sz301287,康力源,39.77,2.4,6.422,39.75,39.77,37.37,37.27,41.5,36.8,3355222.0,132404195.0,15:44:45,2026-08-14
sz301288,清研环境,16.89,0.21,1.259,16.88,16.89,16.68,16.66,16.99,16.63,1504492.0,25314382.0,15:45:00,2026-08-14
sz301289,国缆检测,43.83,0.26,0.597,43.8,43.83,43.57,43.99,44.2,43.5,376824.0,16503572.0,15:45:15,2026-08-14
sz301290,东星医疗,29.55,0.53,1.826,29.53,29.55,29.02,29.05,29.83,28.83,2129300.0,62637178.0,15:45:30,2026-08-14
sz301291,明阳电气,39.7,-1.38,-3.359,39.7,39.71,41.08,41.1,41.28,39.32,10576484.0,421506144.0,15:44:45,2026-08-14
sz301292,海科新源,68.28,0.16,0.235,68.28,68.29,68.12,68.13,72.38,67.5,13576349.0,941268973.0,15:45:00,2026-08-14
sz301293,三博脑科,57.63,-1.41,-2.388,57.63,57.64,59.04,58.5,58.82,56.74,12168319.0,701518937.0,15:45:15,2026-08-14
sz301295,美硕科技,46.33,-0.26,-0.558,46.2,46.33,46.59,46.6,46.77,44.46,2249931.0,102318647.0,15:45:30,2026-08-14
sz301296,新巨丰,6.35,0.0,0.0,6.35,6.37,6.35,6.35,6.38,6.29,2255600.0,14299757.0,15:44:45,2026-08-14
sz301297,富乐德,35.54,1.0,2.895,35.54,35.55,34.54,35.01,35.64,34.71,13530477.0,476787056.0,15:45:00,2026-08-14
sz301298,东利机械,12.67,0.17,1.36,12.67,12.68,12.5,12.48,12.76,12.44,1500948.0,18928379.0,15:45:15,2026-08-14
sz301299,卓创资讯,43.86,-0.38,-0.859,43.82,43.88,44.24,44.19,44.8,43.4,1150100.0,50465819.0,15:45:30,2026-08-14
sz301300,远翔新材,31.19,0.13,0.419,31.19,31.29,31.06,31.07,31.39,30.81,490986.0,15276873.0,15:44:45,2026-08-14
sz301301,川宁生物,8.89,-0.07,-0.781,8.88,8.89,8.96,8.9,9.09,8.83,12016622.0,107288966.0,15:45:00,2026-08-14
sz301302,华如科技,23.6,-0.24,-1.007,23.59,23.6,23.84,23.86,24.08,23.26,4330345.0,102005817.0,15:45:15,2026-08-14
sz301303,真兰仪表,14.45,-0.06,-0.414,14.45,14.46,14.51,14.42,14.63,14.31,3364175.0,48631155.0,15:45:30,2026-08-14
sz301305,朗坤科技,23.96,0.13,0.546,23.95,23.96,23.83,23.87,24.0,23.33,7431740.0,176293627.0,15:44:45,2026-08-14
sz301306,西测测试,96.2,0.2,0.208,96.15,96.2,96.0,95.75,97.24,93.81,1600956.0,152981255.0,15:45:00,2026-08-14
sz301307,美利信,52.99,0.59,1.126,52.99,53.0,52.4,52.77,54.14,51.35,7088195.0,371905558.0,15:45:15,2026-08-14
sz301308,江波龙,406.45,9.45,2.38,406.45,406.46,397.0,408.11,414.0,400.0,15407385.0,6258181634.0,15:45:30,2026-08-14
sz301309,万得凯,30.3,-1.5,-4.717,30.29,30.3,31.8,31.65,32.2,30.24,1922400.0,59457453.0,15:44:45,2026-08-14
sz301310,鑫宏业,51.61,0.46,0.899,51.61,51.68,51.15,52.0,52.5,50.51,5825860.0,299768092.0,15:45:00,2026-08-14
sz301311,昆船智能,13.59,-0.1,-0.73,13.59,13.63,13.69,13.71,13.84,13.56,1204100.0,16441111.0,15:45:15,2026-08-14
sz301312,智立方,71.88,2.78,4.023,71.87,71.88,69.1,69.12,73.99,68.82,5791851.0,410045025.0,15:45:30,2026-08-14
sz301313,凡拓数创,37.15,0.3,0.814,37.14,37.15,36.85,36.88,37.3,36.0,5693448.0,209131721.0,15:44:45,2026-08-14
sz301314,科瑞思,43.17,0.17,0.395,43.16,43.17,43.0,42.83,43.74,42.31,945024.0,40478054.0,15:45:00,2026-08-14
sz301315,威士顿,43.77,-0.81,-1.817,43.77,43.78,44.58,44.57,45.27,43.0,5748484.0,252750446.0,15:45:15,2026-08-14
sz301316,慧博云通,40.85,0.85,2.125,40.85,40.86,40.0,40.1,41.39,39.9,9585813.0,389629079.0,15:45:30,2026-08-14
sz301317,鑫磊股份,45.45,0.54,1.202,45.44,45.45,44.91,44.91,45.75,44.1,1901200.0,85628711.0,15:44:45,2026-08-14
sz301318,维海德,20.69,-0.16,-0.767,20.69,20.75,20.85,20.67,21.05,20.59,691192.0,14328738.0,15:45:00,2026-08-14
sz301319,唯特偶,115.12,5.32,4.845,115.12,115.15,109.8,110.16,116.88,109.01,13428050.0,1530136559.0,15:45:15,2026-08-14
sz301320,豪江智能,12.96,0.1,0.778,12.95,12.96,12.86,12.87,13.06,12.76,1760100.0,22758797.0,15:45:30,2026-08-14
sz301321,翰博高新,38.34,2.46,6.856,38.34,38.35,35.88,36.1,38.49,35.78,6760000.0,251560662.0,15:44:45,2026-08-14
sz301322,绿通科技,40.5,2.3,6.021,40.47,40.5,38.2,38.02,40.68,38.02,4476944.0,177039652.0,15:45:00,2026-08-14
sz301323,新莱福,76.53,2.88,3.91,76.52,76.53,73.65,73.0,76.8,73.0,1823187.0,138466946.0,15:45:15,2026-08-14
sz301325,曼恩斯特,31.3,-0.2,-0.635,31.3,31.31,31.5,31.9,31.92,30.96,1257400.0,39437757.0,15:45:30,2026-08-14
sz301326,捷邦科技,105.42,5.65,5.663,105.42,105.5,99.77,102.01,113.3,102.01,2778875.0,297998882.0,15:44:45,2026-08-14
sz301327,华宝新能,44.65,-0.59,-1.304,44.65,44.7,45.24,45.18,45.49,44.42,838770.0,37567480.0,15:45:00,2026-08-14
sz301328,维峰电子,61.45,2.45,4.153,61.4,61.45,59.0,59.61,61.6,58.88,2659150.0,160510264.0,15:45:15,2026-08-14
sz301329,信音电子,19.83,0.13,0.66,19.83,19.84,19.7,19.71,20.13,19.5,3356700.0,66262769.0,15:45:30,2026-08-14
sz301330,熵基科技,24.55,0.21,0.863,24.53,24.55,24.34,24.56,24.66,24.13,1899800.0,46410891.0,15:44:45,2026-08-14
sz301331,恩威医药,22.29,0.24,1.088,22.29,22.31,22.05,22.03,22.89,21.7,1881689.0,41995425.0,15:45:00,2026-08-14
sz301332,德尔玛,7.74,-0.08,-1.023,7.73,7.74,7.82,7.8,7.87,7.72,4528639.0,35144252.0,15:45:15,2026-08-14
sz301333,诺思格,62.37,-1.2,-1.888,62.37,62.38,63.57,63.99,64.0,61.15,3862505.0,240300147.0,15:45:30,2026-08-14
sz301335,天元宠物,22.13,-0.24,-1.073,22.13,22.14,22.37,22.38,22.86,22.06,1782915.0,39776457.0,15:44:45,2026-08-14
sz301336,趣睡科技,43.5,-1.9,-4.185,43.45,43.5,45.4,45.49,45.81,42.52,2828409.0,124130566.0,15:45:00,2026-08-14
sz301337,亚华电子,26.35,0.64,2.489,26.34,26.35,25.71,26.18,26.55,25.63,1395013.0,36484084.0,15:45:15,2026-08-14
sz301338,凯格精机,100.92,2.32,2.353,100.91,100.92,98.6,99.88,101.38,98.2,3693323.0,369211991.0,15:45:30,2026-08-14
sz301339,通行宝,11.33,-0.04,-0.352,11.33,11.34,11.37,11.38,11.48,11.2,3801280.0,43057231.0,15:44:45,2026-08-14
sz301345,涛涛车业,254.57,-1.36,-0.531,254.56,254.71,255.93,254.0,257.75,246.02,970318.0,245291198.0,15:45:00,2026-08-14
sz301348,蓝箭电子,22.47,2.32,11.514,22.46,22.47,20.15,20.83,23.8,20.56,31120604.0,695785315.0,15:45:15,2026-08-14
sz301349,信德新材,45.05,1.72,3.97,45.05,45.07,43.33,43.34,45.45,43.34,4489279.0,200511105.0,15:45:30,2026-08-14
sz301353,普莱得,19.28,-0.17,-0.874,19.27,19.28,19.45,19.47,19.65,19.15,1537933.0,29666687.0,15:44:45,2026-08-14
sz301355,南王科技,9.98,-0.01,-0.1,9.98,9.99,9.99,9.95,10.08,9.88,1925700.0,19218852.0,15:45:00,2026-08-14
sz301356,天振股份,19.72,-0.16,-0.805,19.68,19.72,19.88,20.1,20.27,19.53,1228160.0,24239303.0,15:45:15,2026-08-14
sz301357,北方长龙,101.99,-1.19,-1.153,101.98,101.99,103.18,102.0,106.3,100.32,5681690.0,584099765.0,15:45:30,2026-08-14
sz301358,湖南裕能,68.78,2.39,3.6,68.77,68.78,66.39,66.53,70.65,66.5,24173684.0,1667386796.0,15:44:45,2026-08-14
sz301359,东南电子,16.63,0.15,0.91,16.57,16.63,16.48,16.53,16.67,16.32,1435300.0,23688534.0,15:45:00,2026-08-14
sz301360,荣旗科技,53.55,1.05,2.0,53.55,53.56,52.5,52.69,54.47,52.3,1562789.0,83357748.0,15:45:15,2026-08-14
sz301361,众智科技,27.89,-0.3,-1.064,27.88,27.89,28.19,28.19,28.28,27.62,1297700.0,36157823.0,15:45:30,2026-08-14
sz301362,民爆光电,130.59,2.59,2.023,130.59,130.6,128.0,128.0,132.5,126.69,3701267.0,478313533.0,15:44:45,2026-08-14
sz301363,美好医疗,17.33,-0.16,-0.915,17.32,17.33,17.49,17.44,17.64,17.01,9649210.0,166586318.0,15:45:00,2026-08-14
sz301365,矩阵股份,43.41,4.99,12.988,43.41,43.43,38.42,38.5,44.3,38.5,8509858.0,356242927.0,15:45:15,2026-08-14
sz301366,一博科技,55.22,-1.68,-2.953,55.22,55.23,56.9,56.34,57.3,54.05,15572044.0,857600219.0,15:45:30,2026-08-14
sz301367,瑞迈特,47.58,1.33,2.876,47.58,47.59,46.25,46.0,47.6,45.84,2789885.0,131453542.0,15:44:45,2026-08-14
sz301368,丰立智能,42.38,-0.12,-0.282,42.38,42.39,42.5,42.5,42.74,41.73,1493672.0,62953592.0,15:45:00,2026-08-14
sz301369,联动科技,141.98,-0.23,-0.162,141.97,141.98,142.21,143.26,145.64,138.9,2423839.0,344243503.0,15:45:15,2026-08-14
sz301370,国科恒泰,9.13,-0.06,-0.653,9.13,9.14,9.19,9.17,9.29,9.02,5733600.0,52486665.0,15:45:30,2026-08-14
sz301371,敷尔佳,24.59,-0.62,-2.459,24.59,24.61,25.21,25.06,25.27,24.51,2719175.0,67377198.0,15:44:45,2026-08-14
sz301372,科净源,29.3,0.1,0.342,29.3,29.44,29.2,29.16,29.65,28.93,971333.0,28394529.0,15:45:00,2026-08-14
sz301373,凌玮科技,106.1,3.75,3.664,106.1,106.12,102.35,104.04,110.53,101.33,8324443.0,882199126.0,15:45:15,2026-08-14
sz301376,致欧科技,20.73,0.28,1.369,20.72,20.73,20.45,20.48,21.39,20.37,4307001.0,89912069.0,15:45:30,2026-08-14
sz301377,鼎泰高科,447.8,2.8,0.629,447.8,447.98,445.0,445.01,453.97,434.87,2931862.0,1303454155.0,15:44:45,2026-08-14
sz301378,通达海,26.04,0.04,0.154,26.03,26.04,26.0,25.71,26.36,25.38,3304004.0,85263709.0,15:45:00,2026-08-14
sz301379,天山电子,23.33,1.17,5.28,23.33,23.34,22.16,22.57,23.49,22.06,15823815.0,358586069.0,15:45:15,2026-08-14
sz301380,挖金客,31.8,0.31,0.984,31.79,31.8,31.49,31.55,31.81,30.9,2391000.0,75183280.0,15:45:30,2026-08-14
sz301381,赛维时代,22.59,-0.37,-1.611,22.59,22.62,22.96,22.75,23.13,22.35,5322247.0,120587462.0,15:44:45,2026-08-14
sz301382,蜂助手,44.75,1.5,3.468,44.75,44.76,43.25,43.34,45.98,43.34,21754723.0,974071189.0,15:45:00,2026-08-14
sz301383,天键股份,22.79,0.12,0.529,22.79,22.8,22.67,22.96,23.08,22.43,2200285.0,49902683.0,15:45:15,2026-08-14
sz301386,未来电器,20.19,0.24,1.203,20.19,20.2,19.95,19.89,20.56,19.76,1305500.0,26345132.0,15:45:30,2026-08-14
sz301387,光大同创,59.35,1.18,2.029,59.35,59.38,58.17,58.74,60.2,57.8,2085807.0,122927635.0,15:44:45,2026-08-14
sz301388,欣灵电气,24.08,-0.08,-0.331,24.07,24.08,24.16,24.23,24.26,23.75,987400.0,23660119.0,15:45:00,2026-08-14
sz301389,隆扬电子,54.48,1.93,3.673,54.48,54.49,52.55,53.88,54.93,52.89,7412092.0,400382450.0,15:45:15,2026-08-14
sz301390,经纬股份,30.88,-0.53,-1.687,30.87,31.03,31.41,31.4,31.4,30.57,1020900.0,31543768.0,15:45:30,2026-08-14
sz301391,卡莱特,49.78,0.16,0.322,49.7,49.78,49.62,50.0,50.28,48.2,1296309.0,63825583.0,15:44:45,2026-08-14
sz301392,汇成真空,169.0,1.53,0.914,169.0,169.03,167.47,170.0,172.0,163.8,3400931.0,569336421.0,15:45:00,2026-08-14
sz301393,昊帆生物,68.2,-0.89,-1.288,68.2,68.21,69.09,68.61,69.39,66.66,2495597.0,169820462.0,15:45:15,2026-08-14
sz301395,仁信新材,12.24,-0.02,-0.163,12.23,12.24,12.26,12.3,12.38,11.66,3636050.0,43897706.0,15:45:30,2026-08-14
sz301396,宏景科技,221.86,17.54,8.585,221.86,221.87,204.32,205.0,223.68,197.0,31074051.0,6524213538.0,15:44:45,2026-08-14
sz301397,溯联股份,26.73,-0.19,-0.706,26.69,26.73,26.92,26.92,27.44,26.3,3361028.0,89850051.0,15:45:00,2026-08-14
sz301398,星源卓镁,33.93,-0.14,-0.411,33.92,33.93,34.07,34.07,34.38,33.58,836640.0,28372832.0,15:45:15,2026-08-14
sz301399,英特科技,17.22,-0.38,-2.159,17.22,17.23,17.6,17.5,17.66,17.04,3007171.0,51693235.0,15:45:30,2026-08-14
sz301408,华人健康,17.08,0.24,1.425,17.07,17.08,16.84,16.66,17.15,16.28,29393835.0,493966285.0,15:44:45,2026-08-14
sz301413,安培龙,67.64,-1.46,-2.113,67.64,67.65,69.1,69.01,69.88,66.8,4914167.0,333552578.0,15:45:00,2026-08-14
sz301418,协昌科技,37.8,0.41,1.097,37.8,37.81,37.39,37.39,38.1,37.39,1273400.0,48067117.0,15:45:15,2026-08-14
sz301419,阿莱德,37.62,6.27,20.0,37.62,0.0,31.35,34.84,37.62,33.5,12204290.0,437866172.0,15:45:30,2026-08-14
sz301421,波长光电,80.58,1.27,1.601,80.57,80.58,79.31,80.12,80.88,78.7,4347059.0,346892596.0,15:44:45,2026-08-14
sz301428,世纪恒通,29.6,-0.92,-3.014,29.6,29.62,30.52,29.51,30.25,28.95,7389999.0,217320045.0,15:45:00,2026-08-14
sz301429,森泰股份,17.09,0.13,0.767,17.07,17.09,16.96,16.96,17.15,16.8,982100.0,16688440.0,15:45:15,2026-08-14
sz301439,泓淋电力,15.66,-0.38,-2.369,15.66,15.67,16.04,15.86,15.9,15.29,13038202.0,202809855.0,15:45:30,2026-08-14
sz301446,福事特,37.71,-0.31,-0.815,37.7,37.73,38.02,38.25,38.58,37.6,1001800.0,38034145.0,15:44:45,2026-08-14
sz301448,开创电气,48.8,2.95,6.434,48.78,48.8,45.85,46.31,48.98,46.31,3286830.0,157139035.0,15:45:00,2026-08-14
sz301449,天溯计量,39.05,-0.45,-1.139,39.04,39.05,39.5,39.22,39.47,38.18,1852991.0,71806893.0,15:45:15,2026-08-14
sz301456,盘古智能,23.26,-0.07,-0.3,23.26,23.3,23.33,23.48,23.52,23.04,899100.0,20882148.0,15:45:30,2026-08-14
sz301458,钧崴电子,39.37,1.38,3.633,39.37,39.38,37.99,38.62,39.67,38.0,8038154.0,313231579.0,15:44:45,2026-08-14
sz301459,丰茂股份,37.57,2.33,6.612,37.56,37.57,35.24,36.9,37.8,36.58,5615893.0,207541657.0,15:45:00,2026-08-14
sz301468,博盈特焊,33.36,0.3,0.907,33.36,33.37,33.06,33.2,33.41,32.68,2722235.0,89967912.0,15:45:15,2026-08-14
sz301469,恒达新材,28.7,0.37,1.306,28.69,28.7,28.33,28.28,28.96,28.28,727669.0,20798941.0,15:45:30,2026-08-14
sz301479,弘景光电,55.36,4.43,8.698,55.35,55.36,50.93,50.8,57.28,50.1,5537788.0,295537254.0,15:44:45,2026-08-14
sz301486,致尚科技,175.5,7.46,4.439,175.49,175.5,168.04,171.4,178.4,167.21,6126477.0,1058988058.0,15:45:00,2026-08-14
sz301487,盟固利,16.34,-0.08,-0.487,16.34,16.35,16.42,16.53,16.77,16.23,8704188.0,143103672.0,15:45:15,2026-08-14
sz301488,豪恩汽电,103.2,0.25,0.243,103.2,103.23,102.95,103.9,104.75,102.0,1175549.0,121411447.0,15:45:30,2026-08-14
sz301489,思泉新材,119.8,15.59,14.96,119.8,119.82,104.21,107.75,121.0,107.6,13728701.0,1586004624.0,15:44:45,2026-08-14
sz301491,汉桑科技,40.33,0.86,2.179,40.33,40.35,39.47,39.39,40.8,39.39,955998.0,38337916.0,15:45:00,2026-08-14
sz301498,乖宝宠物,41.08,-1.47,-3.455,41.08,41.09,42.55,42.35,42.5,40.77,6570646.0,272098743.0,15:45:15,2026-08-14
sz301499,维科精密,25.04,-0.04,-0.159,25.04,25.06,25.08,25.19,25.53,24.71,1292649.0,32395800.0,15:45:30,2026-08-14
sz301500,飞南资源,23.06,-0.12,-0.518,23.05,23.06,23.18,23.25,23.35,22.77,6916133.0,159250268.0,15:44:45,2026-08-14
sz301501,恒鑫生活,29.41,-0.52,-1.737,29.41,29.42,29.93,30.1,30.1,29.03,2917600.0,85966522.0,15:45:00,2026-08-14
sz301502,华阳智能,52.9,1.05,2.025,52.89,52.9,51.85,51.96,53.1,51.56,553800.0,29070309.0,15:45:15,2026-08-14
sz301503,智迪科技,22.02,0.39,1.803,22.01,22.02,21.63,21.67,22.05,21.5,851061.0,18514946.0,15:45:30,2026-08-14
sz301505,苏州规划,16.29,-0.05,-0.306,16.24,16.29,16.34,16.34,16.43,16.1,1697782.0,27599587.0,15:44:45,2026-08-14
sz301507,民生健康,13.07,0.02,0.153,13.06,13.08,13.05,13.08,13.26,12.9,3623181.0,47274972.0,15:45:00,2026-08-14
sz301508,中机认检,23.74,0.04,0.169,23.72,23.74,23.7,23.7,23.79,23.51,941374.0,22261453.0,15:45:15,2026-08-14
sz301509,金凯生科,33.8,0.78,2.362,33.79,33.8,33.02,33.09,35.15,32.18,9040115.0,306925505.0,15:45:30,2026-08-14
sz301510,固高科技,26.66,0.27,1.023,26.66,26.67,26.39,26.49,26.71,26.15,5250850.0,139086377.0,15:44:45,2026-08-14
sz301511,德福科技,95.02,5.12,5.695,95.02,95.03,89.9,88.58,95.83,88.58,36268440.0,3375206852.0,15:45:00,2026-08-14
sz301512,智信精密,31.18,0.2,0.646,31.18,31.19,30.98,31.17,31.22,30.66,939880.0,29136981.0,15:45:15,2026-08-14
sz301513,尚水智能,50.7,1.3,2.632,50.7,50.75,49.4,49.17,51.03,49.1,1666421.0,83681718.0,15:45:30,2026-08-14
sz301515,港通医疗,19.19,0.25,1.32,19.19,19.2,18.94,19.02,19.43,18.81,1719030.0,32853192.0,15:44:45,2026-08-14
sz301516,中远通,16.1,0.15,0.94,16.09,16.1,15.95,15.95,16.46,15.89,4082627.0,65553661.0,15:45:00,2026-08-14
sz301517,陕西华达,41.0,0.19,0.466,41.0,41.01,40.81,40.85,41.32,40.2,2141169.0,87269373.0,15:45:15,2026-08-14
sz301518,长华化学,26.0,-0.92,-3.418,26.0,26.01,26.92,27.02,27.02,25.83,5504854.0,144349127.0,15:45:30,2026-08-14
sz301519,舜禹股份,11.81,0.02,0.17,11.81,11.83,11.79,11.8,11.94,11.66,1886600.0,22273412.0,15:44:45,2026-08-14
sz301520,万邦医药,85.79,-2.89,-3.259,85.79,85.8,88.68,85.8,88.68,81.0,13751286.0,1161248700.0,15:45:00,2026-08-14
sz301522,上大股份,23.35,-0.06,-0.256,23.35,23.36,23.41,23.41,23.57,23.21,2498336.0,58390095.0,15:45:15,2026-08-14
sz301525,儒竞科技,41.61,-0.09,-0.216,41.61,41.66,41.7,41.89,42.47,41.26,1091560.0,45582846.0,15:45:30,2026-08-14
sz301526,国际复材,37.19,0.75,2.058,37.19,37.2,36.44,36.53,37.68,36.03,146151815.0,5401409259.0,15:44:45,2026-08-14
sz301528,多浦乐,54.06,0.28,0.521,54.06,54.23,53.78,54.3,55.91,53.05,1279580.0,69447239.0,15:45:00,2026-08-14
sz301529,福赛科技,103.13,-3.19,-3.0,103.12,103.13,106.32,108.0,108.0,101.0,4297387.0,447493600.0,15:45:15,2026-08-14
sz301531,春光集团,53.2,2.52,4.972,53.19,53.2,50.68,50.99,53.5,50.55,4112041.0,214337628.0,15:45:30,2026-08-14
sz301533,威马农机,26.2,0.06,0.23,26.2,26.22,26.14,26.15,26.5,26.03,812100.0,21263821.0,15:44:45,2026-08-14
sz301535,浙江华远,15.46,-0.4,-2.522,15.46,15.47,15.86,15.88,16.14,15.32,3330253.0,52003863.0,15:45:00,2026-08-14
sz301536,星宸科技,122.31,0.01,0.008,122.31,122.32,122.3,124.29,127.84,120.46,13888761.0,1720585466.0,15:45:15,2026-08-14
sz301538,骏鼎达,39.26,0.0,0.0,39.26,39.27,39.26,39.26,39.72,38.63,1336412.0,52392721.0,15:45:30,2026-08-14
sz301539,宏鑫科技,14.75,0.1,0.683,14.75,14.78,14.65,14.91,14.91,14.59,1086300.0,16006829.0,15:44:45,2026-08-14
sz301548,崇德科技,64.6,0.87,1.365,64.56,64.6,63.73,64.03,64.99,63.2,1146827.0,73702801.0,15:45:00,2026-08-14
sz301550,斯菱智驱,88.92,-2.18,-2.393,88.92,88.93,91.1,90.17,92.17,87.7,10305406.0,919876807.0,15:45:15,2026-08-14
sz301551,无线传媒,21.16,-0.77,-3.511,21.15,21.16,21.93,21.93,22.05,21.0,11552388.0,247298633.0,15:45:30,2026-08-14
sz301552,科力装备,25.09,-0.18,-0.712,25.08,25.09,25.27,25.56,25.56,24.73,1374533.0,34346070.0,15:44:45,2026-08-14
sz301555,惠柏新材,32.19,1.16,3.738,32.18,32.19,31.03,31.39,32.3,30.87,2109888.0,66965616.0,15:45:00,2026-08-14
sz301556,托普云农,59.82,-0.33,-0.549,59.82,59.89,60.15,60.03,62.6,59.08,1313124.0,79059930.0,15:45:15,2026-08-14
sz301557,常友科技,82.12,1.53,1.898,82.11,82.15,80.59,80.38,82.29,79.99,781815.0,63575029.0,15:45:30,2026-08-14
sz301558,三态股份,6.58,-0.02,-0.303,6.58,6.59,6.6,6.61,6.66,6.51,3623823.0,23784590.0,15:44:45,2026-08-14
sz301559,中集环科,13.09,-0.06,-0.456,13.08,13.09,13.15,13.13,13.21,13.03,1347861.0,17675188.0,15:45:00,2026-08-14
sz301560,众捷汽车,23.73,-0.09,-0.378,23.73,23.76,23.82,23.64,23.96,23.5,1302203.0,30871026.0,15:45:15,2026-08-14
sz301563,云汉芯城,127.9,2.52,2.01,127.88,127.9,125.38,126.38,128.2,126.08,1638756.0,208642475.0,15:45:30,2026-08-14
sz301565,中仑新材,19.63,0.13,0.667,19.63,19.64,19.5,19.56,19.72,19.45,2449513.0,47985745.0,15:44:45,2026-08-14
sz301566,达利凯普,27.64,0.38,1.394,27.64,27.65,27.26,27.99,28.05,27.0,27623532.0,759802159.0,15:45:00,2026-08-14
sz301567,贝隆精密,35.6,0.05,0.141,35.52,35.6,35.55,35.59,36.14,35.1,1019868.0,36244845.0,15:45:15,2026-08-14
sz301568,思泰克,70.85,3.54,5.259,70.85,70.87,67.31,67.94,71.06,67.93,4052289.0,283733083.0,15:45:30,2026-08-14
sz301571,国科天成,68.46,1.1,1.633,68.46,68.47,67.36,67.5,70.18,67.5,3967600.0,273192123.0,15:44:45,2026-08-14
sz301575,艾芬达,27.28,-0.12,-0.438,27.28,27.29,27.4,27.94,27.94,26.95,1169823.0,31916179.0,15:45:00,2026-08-14
sz301577,美信科技,56.62,1.21,2.184,56.62,56.66,55.41,55.27,56.9,55.2,1289800.0,72422125.0,15:45:15,2026-08-14
sz301578,辰奕智能,23.28,0.53,2.33,23.28,23.29,22.75,22.58,23.32,22.47,1574751.0,36153929.0,15:45:30,2026-08-14
sz301580,爱迪特,53.38,0.78,1.483,53.38,53.39,52.6,52.82,53.98,52.18,5527512.0,293635867.0,15:44:45,2026-08-14
sz301581,黄山谷捷,36.83,0.4,1.098,36.83,36.84,36.43,36.43,37.1,36.18,524804.0,19173195.0,15:45:00,2026-08-14
sz301583,托伦斯,161.85,6.75,4.352,161.85,161.86,155.1,157.2,169.76,157.2,11098828.0,1813042712.0,15:45:15,2026-08-14
sz301584,建发致新,24.5,0.86,3.638,24.49,24.5,23.64,23.3,24.57,23.0,9956992.0,240516284.0,15:45:30,2026-08-14
sz301585,蓝宇股份,27.52,-0.18,-0.65,27.51,27.52,27.7,27.7,27.8,27.11,1030146.0,28181925.0,15:44:45,2026-08-14
sz301586,佳力奇,31.69,-0.18,-0.565,31.69,31.73,31.87,31.94,32.1,31.52,704200.0,22368497.0,15:45:00,2026-08-14
sz301587,中瑞股份,21.27,0.07,0.33,21.27,21.28,21.2,21.22,21.55,21.01,1733066.0,36815319.0,15:45:15,2026-08-14
sz301588,美新科技,31.47,0.01,0.032,31.46,31.47,31.46,31.2,31.9,30.02,5176413.0,160329442.0,15:45:30,2026-08-14
sz301589,诺瓦星云,142.68,-0.65,-0.453,142.67,142.69,143.33,143.29,143.89,141.63,333017.0,47496151.0,15:44:45,2026-08-14
sz301590,优优绿能,77.0,0.0,0.0,76.97,77.0,77.0,76.69,78.15,76.28,534936.0,41227662.0,15:45:00,2026-08-14
sz301591,肯特股份,33.35,-1.46,-4.194,33.35,33.39,34.81,35.0,35.85,33.04,11550522.0,394389171.0,15:45:15,2026-08-14
sz301592,六九一二,107.26,0.63,0.591,107.26,107.27,106.63,106.77,108.21,105.2,752512.0,80195393.0,15:45:30,2026-08-14
sz301595,太力科技,41.25,1.07,2.663,41.25,41.27,40.18,40.06,42.12,40.02,900166.0,36872885.0,15:44:45,2026-08-14
sz301596,瑞迪智驱,54.6,-0.08,-0.146,54.59,54.6,54.68,54.34,54.97,53.69,2285174.0,124177905.0,15:45:00,2026-08-14
sz301598,博科测试,47.96,0.08,0.167,47.96,48.03,47.88,47.81,48.2,47.16,334100.0,15978005.0,15:45:15,2026-08-14
sz301599,理奇智能,38.0,3.26,9.384,37.99,38.0,34.74,34.52,39.35,34.35,12688683.0,471796253.0,15:45:30,2026-08-14
sz301600,慧翰股份,87.52,0.35,0.402,87.52,87.7,87.17,87.07,88.88,87.07,537847.0,47231759.0,15:44:45,2026-08-14
sz301601,惠通科技,16.24,-0.09,-0.551,16.24,16.26,16.33,16.33,16.4,16.06,1225000.0,19832241.0,15:45:00,2026-08-14
sz301602,超研股份,18.9,-1.5,-7.353,18.9,18.91,20.4,19.34,19.6,18.52,17738975.0,336604370.0,15:45:15,2026-08-14
sz301603,乔锋智能,129.1,3.03,2.403,129.08,129.1,126.07,127.37,131.25,125.76,1518284.0,194813458.0,15:45:30,2026-08-14
sz301606,绿联科技,51.56,-0.23,-0.444,51.56,51.6,51.79,51.82,52.38,50.99,1955714.0,100757898.0,15:44:45,2026-08-14
sz301607,富特科技,44.86,1.72,3.987,44.85,44.86,43.14,43.71,45.0,42.0,10615344.0,461890670.0,15:45:00,2026-08-14
sz301608,博实结,47.82,1.32,2.839,47.81,47.82,46.5,46.41,47.88,46.41,1605022.0,76107728.0,15:45:15,2026-08-14
sz301609,山大电力,35.57,-1.88,-5.02,35.57,35.59,37.45,37.34,38.35,35.4,6124800.0,222281073.0,15:45:30,2026-08-14
sz301611,珂玛科技,105.33,2.36,2.292,105.32,105.33,102.97,104.05,106.86,103.47,7596383.0,798904086.0,15:44:45,2026-08-14
sz301613,新铝时代,39.0,-0.02,-0.051,39.0,39.01,39.02,38.88,39.3,38.55,933201.0,36300535.0,15:45:00,2026-08-14
sz301616,浙江华业,35.01,-0.77,-2.152,35.01,35.1,35.78,35.68,35.68,34.83,633208.0,22225273.0,15:45:15,2026-08-14
sz301617,博苑新材,47.53,-0.49,-1.02,47.53,47.54,48.02,48.0,48.81,46.94,1232470.0,58739410.0,15:45:30,2026-08-14
sz301618,长联科技,33.4,0.46,1.396,33.39,33.4,32.94,33.0,33.49,32.61,1098540.0,36485985.0,15:44:45,2026-08-14
sz301622,英思特,41.57,0.16,0.386,41.57,41.59,41.41,41.38,42.29,41.31,1036524.0,43234661.0,15:45:00,2026-08-14
sz301626,苏州天脉,255.9,12.2,5.006,255.76,255.9,243.7,246.4,269.97,246.4,3082551.0,795576930.0,15:45:15,2026-08-14
sz301628,强达电路,84.88,1.07,1.277,84.88,84.97,83.81,83.8,84.88,83.11,1313660.0,110395256.0,15:45:30,2026-08-14
sz301629,矽电股份,256.49,3.93,1.556,256.49,256.5,252.56,256.0,259.0,251.0,694500.0,177460665.0,15:44:45,2026-08-14
sz301630,同宇新材,176.8,4.6,2.671,176.8,176.9,172.2,174.38,178.95,173.0,1265140.0,223263847.0,15:45:00,2026-08-14
sz301631,壹连科技,66.5,1.75,2.703,66.5,66.54,64.75,64.76,67.38,64.21,4078996.0,268732079.0,15:45:15,2026-08-14
sz301632,广东建科,13.97,-0.15,-1.062,13.96,13.97,14.12,14.02,14.1,13.91,5680286.0,79376740.0,15:45:30,2026-08-14
sz301633,港迪技术,58.1,-0.68,-1.157,58.08,58.1,58.78,60.02,60.02,57.4,516293.0,30132816.0,15:44:45,2026-08-14
sz301636,泽润新能,40.37,-0.19,-0.468,40.28,40.37,40.56,40.39,40.89,39.7,774900.0,31091980.0,15:45:00,2026-08-14
sz301638,南网数字,23.25,-0.58,-2.434,23.24,23.25,23.83,23.84,23.95,22.78,17324520.0,400622902.0,15:45:15,2026-08-14
sz301656,联合动力,16.97,0.19,1.132,16.96,16.97,16.78,16.83,17.14,16.75,4501554.0,76412015.0,15:45:30,2026-08-14
sz301658,首航新能,24.31,-0.31,-1.259,24.31,24.33,24.62,24.5,25.05,24.06,4223000.0,102629087.0,15:44:45,2026-08-14
sz301662,宏工科技,70.21,0.22,0.314,70.2,70.21,69.99,70.01,71.39,68.93,1894638.0,132730354.0,15:45:00,2026-08-14
sz301665,泰禾股份,23.12,-0.7,-2.939,23.11,23.12,23.82,23.58,23.82,23.08,3060039.0,71357137.0,15:45:15,2026-08-14
sz301666,大普微,436.96,6.96,1.619,436.95,436.96,430.0,443.01,455.0,430.38,2738330.0,1209782312.0,15:45:30,2026-08-14
sz301667,纳百川,69.24,0.0,0.0,69.24,69.27,69.24,69.36,69.9,68.39,2208048.0,152623550.0,15:44:45,2026-08-14
sz301668,昊创瑞通,36.15,-0.17,-0.468,36.15,36.16,36.32,36.88,36.88,35.5,1326914.0,47655449.0,15:45:00,2026-08-14
sz301669,高特电子,30.08,0.34,1.143,30.07,30.08,29.74,29.65,30.25,29.35,7421266.0,221584244.0,15:45:15,2026-08-14
sz301677,欣兴工具,59.56,-1.71,-2.791,59.56,59.57,61.27,60.72,61.47,58.9,5078283.0,303802577.0,15:45:30,2026-08-14
sz301678,新恒汇,45.9,0.7,1.549,45.9,45.91,45.2,45.25,46.16,45.25,2357043.0,107957304.0,15:44:45,2026-08-14
sz301680,固德电材,98.88,6.68,7.245,98.87,98.88,92.2,91.99,103.88,90.36,2450157.0,236699706.0,15:45:00,2026-08-14
sz301682,宏明电子,129.2,0.5,0.389,129.19,129.2,128.7,128.83,130.02,127.55,1523039.0,195980862.0,15:45:15,2026-08-14
sz301683,慧谷新材,103.65,0.45,0.436,103.65,103.67,103.2,102.42,105.49,102.11,960495.0,99406754.0,15:45:30,2026-08-14
sz301687,新广益,51.64,1.76,3.528,51.64,51.65,49.88,50.21,51.88,50.0,3609906.0,184583454.0,15:44:45,2026-08-14
sz301696,三瑞智能,103.48,0.06,0.058,103.48,103.49,103.42,102.0,104.79,101.5,2109039.0,216800433.0,15:45:00,2026-08-14
sz301707,展芯股份,88.66,-2.54,-2.785,88.66,88.67,91.2,90.02,93.2,87.05,7529805.0,672535146.0,15:45:15,2026-08-14
sz301717,C超纯,538.0,27.02,5.288,538.0,538.21,510.98,509.0,554.6,509.0,4941597.0,2634798957.0,15:45:30,2026-08-14
sz302132,中航成飞,58.0,0.52,0.905,58.0,58.02,57.48,57.2,59.56,57.2,10097116.0,591597096.0,15:44:45,2026-08-14
