代码,名称,最新价,涨跌额,涨跌幅,买入,卖出,昨收,今开,最高,最低,成交量,成交额,时间戳,date
bj920000,安徽凤凰,14.29,-0.09,-0.626,14.23,14.29,14.38,14.29,14.43,14.14,642807.0,9169421.0,15:30:01,2026-09-23
bj920001,纬达光电,11.92,-0.09,-0.749,11.9,11.92,12.01,11.93,12.47,11.81,3942935.0,47813110.0,15:30:01,2026-09-23
bj920002,万达轴承,50.06,0.13,0.26,50.06,50.09,49.93,49.8,50.81,49.77,740675.0,37214539.0,15:30:01,2026-09-23
bj920003,中诚咨询,17.75,2.18,14.001,17.74,17.75,15.57,15.77,20.03,15.37,5070986.0,91754396.0,15:30:01,2026-09-23
bj920005,鼎佳精密,24.35,-0.15,-0.612,24.35,24.39,24.5,24.37,24.71,24.24,212791.0,5194134.0,15:30:01,2026-09-23
bj920006,晟楠科技,17.43,-1.13,-6.088,17.43,17.44,18.56,18.56,18.7,17.19,2607021.0,46328155.0,15:30:01,2026-09-23
bj920007,酉立智能,33.17,0.16,0.485,33.17,33.24,33.01,32.83,33.6,32.83,87903.0,2927173.0,15:30:01,2026-09-23
bj920008,成电光信,21.49,-0.76,-3.416,21.49,21.5,22.25,22.15,22.33,21.48,1042299.0,22745866.0,15:30:01,2026-09-23
bj920009,XD丹娜生,35.43,0.6,1.723,35.43,35.45,34.83,35.18,36.13,34.74,331500.0,11804731.0,15:30:01,2026-09-23
bj920010,凯添燃气,8.71,-0.26,-2.899,8.71,8.72,8.97,8.84,8.91,8.71,5158789.0,45334931.0,15:30:01,2026-09-23
bj920011,晨光电机,18.04,-0.1,-0.551,18.03,18.04,18.14,18.3,18.3,17.88,496391.0,8963174.0,15:30:01,2026-09-23
bj920012,创达新材,55.35,4.87,9.647,55.35,55.36,50.48,49.92,55.45,49.62,2566676.0,135603360.0,15:30:01,2026-09-23
bj920014,特瑞斯,8.63,-0.07,-0.805,8.63,8.64,8.7,8.65,8.77,8.58,1066381.0,9218023.0,15:30:01,2026-09-23
bj920015,锦华新材,44.54,5.76,14.853,44.53,44.54,38.78,38.45,44.69,38.45,6578255.0,278218124.0,15:30:01,2026-09-23
bj920016,中草香料,14.7,-0.61,-3.984,14.63,14.7,15.31,15.16,15.27,14.61,2342365.0,34849463.0,15:30:01,2026-09-23
bj920017,星昊医药,16.07,-0.01,-0.062,16.07,16.1,16.08,16.01,16.25,15.93,1490754.0,24068691.0,15:30:01,2026-09-23
bj920018,宏远股份,14.84,0.04,0.27,14.79,14.84,14.8,14.8,14.95,14.76,471161.0,6994000.0,15:30:01,2026-09-23
bj920019,铜冠矿建,15.5,-0.25,-1.587,15.5,15.56,15.75,15.99,16.2,15.48,2646262.0,41860362.0,15:30:01,2026-09-23
bj920020,泰凯英,14.72,0.02,0.136,14.72,14.76,14.7,14.77,14.83,14.68,170331.0,2511599.0,15:30:01,2026-09-23
bj920021,流金科技,8.06,-0.68,-7.78,8.06,8.07,8.74,8.5,8.68,8.03,35544918.0,292998318.0,15:30:01,2026-09-23
bj920022,世昌股份,19.48,0.53,2.797,19.45,19.48,18.95,18.96,19.6,18.7,571263.0,11083144.0,15:30:01,2026-09-23
bj920023,*ST田野,1.44,0.0,0.0,1.43,1.44,1.44,1.43,1.44,1.42,2450394.0,3508782.0,15:30:01,2026-09-23
bj920025,N凯达,29.0,24.74,580.751,29.0,29.01,4.26,29.0,37.69,28.28,49350770.0,1549733910.0,15:30:01,2026-09-23
bj920026,卓兆点胶,18.9,0.45,2.439,18.9,18.94,18.45,18.15,18.9,18.08,2419713.0,44675642.0,15:30:01,2026-09-23
bj920027,交大铁发,11.55,-0.06,-0.517,11.55,11.58,11.61,11.61,11.69,11.54,377264.0,4374502.0,15:30:01,2026-09-23
bj920028,新恒泰,15.6,-0.16,-1.015,15.57,15.6,15.76,15.63,15.86,15.44,1426342.0,22326172.0,15:30:01,2026-09-23
bj920029,开发科技,32.5,0.24,0.744,32.5,32.54,32.26,32.48,32.81,32.11,573076.0,18661298.0,15:30:01,2026-09-23
bj920030,德众汽车,4.88,0.06,1.245,4.74,4.88,4.82,4.8,4.95,4.7,3518169.0,16951434.0,15:30:01,2026-09-23
bj920033,XD康普化,13.47,-0.01,-0.074,13.46,13.47,13.48,13.62,13.69,13.43,531501.0,7181668.0,15:30:01,2026-09-23
bj920035,精创电气,24.65,-0.25,-1.004,24.63,24.65,24.9,24.97,24.97,24.51,544387.0,13461160.0,15:30:01,2026-09-23
bj920036,觅睿科技,32.52,0.06,0.185,32.52,32.63,32.46,32.33,32.89,31.77,756758.0,24423745.0,15:30:01,2026-09-23
bj920037,广信科技,39.41,1.09,2.844,39.41,39.42,38.32,38.32,39.67,38.02,1109411.0,43321601.0,15:30:01,2026-09-23
bj920038,森合高科,37.75,-0.75,-1.948,37.75,37.8,38.5,38.23,38.9,37.6,2234119.0,85116376.0,15:30:01,2026-09-23
bj920039,国义招标,7.84,0.08,1.031,7.84,7.85,7.76,7.8,8.31,7.72,3102058.0,24867570.0,15:30:01,2026-09-23
bj920045,蘅东光,559.8,26.42,4.953,559.8,559.9,533.38,539.0,565.0,525.0,1317138.0,723175829.0,15:30:01,2026-09-23
bj920046,亿能电力,19.79,-0.46,-2.272,19.79,19.8,20.25,20.2,20.24,19.59,2292885.0,45511230.0,15:30:01,2026-09-23
bj920047,诺思兰德,15.75,0.18,1.156,15.75,15.76,15.57,15.66,15.96,15.5,4545791.0,71819261.0,15:30:01,2026-09-23
bj920050,爱伦医疗,28.46,-0.12,-0.42,28.33,28.46,28.58,28.58,28.78,28.21,225789.0,6425056.0,15:30:01,2026-09-23
bj920055,XD隆源股,25.64,0.12,0.47,25.64,25.79,25.52,25.65,25.9,25.38,291369.0,7467907.0,15:30:01,2026-09-23
bj920056,能之光,14.4,-0.08,-0.552,14.4,14.42,14.48,14.48,14.6,14.33,530837.0,7677198.0,15:30:01,2026-09-23
bj920057,百甲科技,4.82,-0.01,-0.207,4.82,4.83,4.83,4.81,5.07,4.79,3603959.0,17763340.0,15:30:01,2026-09-23
bj920058,华洋赛车,23.34,-2.41,-9.359,23.34,23.4,25.75,25.59,25.85,23.17,1485414.0,35984282.0,15:30:01,2026-09-23
bj920059,双英集团,12.71,-0.17,-1.32,12.71,12.72,12.88,12.85,13.05,12.71,1913813.0,24605669.0,15:30:01,2026-09-23
bj920060,万源通,31.8,1.29,4.228,31.8,31.83,30.51,30.09,32.18,30.06,8672063.0,271502293.0,15:30:01,2026-09-23
bj920061,西磁科技,17.3,-0.25,-1.425,17.3,17.31,17.55,17.2,17.66,17.2,677437.0,11768546.0,15:30:01,2026-09-23
bj920062,科润智控,7.25,0.03,0.416,7.23,7.25,7.22,7.28,7.34,7.22,1569683.0,11421727.0,15:30:01,2026-09-23
bj920065,千岸科技,37.72,-2.93,-7.208,37.72,37.73,40.65,39.52,39.8,37.14,4472669.0,170011521.0,15:30:01,2026-09-23
bj920066,科拜尔,18.74,0.03,0.16,18.73,18.74,18.71,18.75,18.78,18.42,278447.0,5182389.0,15:30:01,2026-09-23
bj920068,天工股份,15.6,-0.07,-0.447,15.6,15.67,15.67,15.59,15.86,15.52,736299.0,11543077.0,15:30:01,2026-09-23
bj920069,普昂医疗,32.1,-0.5,-1.534,32.1,32.13,32.6,32.5,32.82,32.1,195836.0,6353628.0,15:30:01,2026-09-23
bj920071,金钛股份,28.35,1.55,5.784,28.35,28.36,26.8,26.9,28.64,26.69,8993316.0,250657348.0,15:30:01,2026-09-23
bj920072,科莱瑞迪,23.83,-0.4,-1.651,23.83,23.85,24.23,24.2,24.67,23.8,1278807.0,30996488.0,15:30:01,2026-09-23
bj920075,柏星龙,16.84,-0.47,-2.715,16.84,16.85,17.31,17.31,17.33,16.5,2855809.0,48005351.0,15:30:01,2026-09-23
bj920076,国亮新材,12.59,0.09,0.72,12.58,12.59,12.5,12.55,12.62,12.45,406800.0,5117065.0,15:30:01,2026-09-23
bj920077,吉林碳谷,13.19,0.15,1.15,13.19,13.2,13.04,12.96,13.34,12.95,4199695.0,55306238.0,15:30:01,2026-09-23
bj920078,族兴新材,18.88,-0.05,-0.264,18.85,18.88,18.93,19.2,19.2,18.75,1328194.0,25103914.0,15:30:01,2026-09-23
bj920079,乔路铭,12.93,-0.01,-0.077,12.93,12.94,12.94,12.98,13.01,12.9,1793876.0,23226886.0,15:30:01,2026-09-23
bj920080,奥美森,20.5,0.0,0.0,20.5,20.52,20.5,20.5,20.72,20.31,263756.0,5424509.0,15:30:01,2026-09-23
bj920081,欧伦电气,42.54,0.34,0.806,42.54,42.56,42.2,42.25,42.95,42.04,992058.0,42158779.0,15:30:01,2026-09-23
bj920082,方正阀门,7.89,-0.03,-0.379,7.85,7.89,7.92,7.94,7.97,7.81,571938.0,4515574.0,15:30:01,2026-09-23
bj920083,金戈新材,48.1,2.51,5.506,48.1,48.11,45.59,44.16,52.85,43.94,9343144.0,449854941.0,15:30:01,2026-09-23
bj920086,科马材料,20.24,-0.02,-0.099,20.24,20.25,20.26,20.26,20.52,20.22,426495.0,8684641.0,15:30:01,2026-09-23
bj920087,秋乐种业,15.67,-0.7,-4.276,15.66,15.67,16.37,16.14,16.32,15.4,11976824.0,188881648.0,15:30:01,2026-09-23
bj920088,科力股份,40.77,-2.28,-5.296,40.77,40.79,43.05,42.45,42.72,40.65,4328961.0,178810759.0,15:30:01,2026-09-23
bj920089,禾昌聚合,10.25,0.2,1.99,10.25,10.26,10.05,10.09,10.39,10.07,1443212.0,14804509.0,15:30:01,2026-09-23
bj920090,*ST同辉,3.41,-0.07,-2.011,3.41,3.42,3.48,3.46,3.48,3.39,1424169.0,4891977.0,15:30:01,2026-09-23
bj920091,大鹏工业,27.96,-0.4,-1.41,27.96,28.13,28.36,28.2,28.58,27.92,248304.0,6996522.0,15:30:01,2026-09-23
bj920092,汉鑫科技,25.1,-0.96,-3.684,25.08,25.1,26.06,25.84,26.05,25.06,1521215.0,38694916.0,15:30:01,2026-09-23
bj920093,信胜科技,19.46,-0.36,-1.816,19.46,19.49,19.82,19.57,19.92,19.42,2113642.0,41548588.0,15:30:01,2026-09-23
bj920096,嘉晨智能,31.53,0.21,0.67,31.52,31.53,31.32,31.05,32.03,31.05,546048.0,17253979.0,15:30:01,2026-09-23
bj920098,科隆新材,18.4,-0.18,-0.969,18.4,18.41,18.58,18.62,18.75,18.3,576560.0,10668470.0,15:30:01,2026-09-23
bj920099,瑞华技术,16.81,0.02,0.119,16.73,16.81,16.79,16.86,17.42,16.68,1136696.0,19275907.0,15:30:01,2026-09-23
bj920100,三协电机,30.64,0.74,2.475,30.62,30.64,29.9,29.9,31.28,29.65,1644229.0,49965928.0,15:30:01,2026-09-23
bj920101,志高机械,16.18,-0.05,-0.308,16.18,16.24,16.23,16.18,16.43,16.18,274181.0,4472940.0,15:30:01,2026-09-23
bj920106,林泰新材,35.42,1.33,3.901,35.42,35.43,34.09,34.43,35.66,34.11,1155447.0,40592575.0,15:30:01,2026-09-23
bj920107,恒兴股份,20.01,-0.35,-1.719,20.01,20.02,20.36,20.18,20.3,19.98,1390613.0,27956734.0,15:30:01,2026-09-23
bj920108,宏海科技,8.64,0.0,0.0,8.64,8.67,8.64,8.64,8.72,8.57,241395.0,2088939.0,15:30:01,2026-09-23
bj920110,雷特科技,25.9,0.15,0.583,25.86,25.9,25.75,26.07,26.41,25.76,200060.0,5230368.0,15:30:01,2026-09-23
bj920111,聚星科技,26.72,0.14,0.527,26.72,26.75,26.58,26.59,26.99,26.51,1714758.0,45974788.0,15:30:01,2026-09-23
bj920112,巴兰仕,14.75,0.1,0.683,14.75,14.76,14.65,14.65,14.83,14.56,476797.0,7018168.0,15:30:01,2026-09-23
bj920116,星图测控,44.59,0.2,0.451,44.59,44.61,44.39,44.39,44.95,43.81,1612754.0,71728250.0,15:30:01,2026-09-23
bj920117,龙鑫智能,30.03,0.15,0.502,30.0,30.03,29.88,30.0,30.66,29.54,4352064.0,130782580.0,15:30:01,2026-09-23
bj920118,太湖远大,20.65,-0.18,-0.864,20.63,20.65,20.83,20.72,20.89,20.56,307884.0,6370327.0,15:30:01,2026-09-23
bj920119,美德乐,55.2,0.45,0.822,55.2,55.36,54.75,54.87,55.98,54.0,434947.0,23897944.0,15:30:01,2026-09-23
bj920121,江天科技,27.78,0.03,0.108,27.74,27.78,27.75,27.75,27.95,27.68,62099.0,1729270.0,15:30:01,2026-09-23
bj920122,中纺标,23.95,-0.35,-1.44,23.95,23.96,24.3,24.25,24.72,23.8,1144288.0,27766624.0,15:30:01,2026-09-23
bj920123,芭薇股份,10.96,-0.02,-0.182,10.95,10.96,10.98,10.9,11.1,10.85,918580.0,10083762.0,15:30:01,2026-09-23
bj920124,南特科技,12.31,-0.05,-0.405,12.3,12.31,12.36,12.39,12.46,12.28,344760.0,4260990.0,15:30:01,2026-09-23
bj920125,鸿仕达,151.86,2.38,1.592,151.86,151.88,149.48,148.0,153.0,145.83,1333048.0,201464278.0,15:30:01,2026-09-23
bj920126,永大股份,10.04,-0.08,-0.791,10.04,10.06,10.12,10.12,10.23,10.04,1409138.0,14288108.0,15:30:01,2026-09-23
bj920128,胜业电气,19.91,-0.46,-2.258,19.91,19.92,20.37,20.76,20.77,19.81,1636032.0,33010490.0,15:30:01,2026-09-23
bj920130,立方控股,17.35,-0.97,-5.295,17.35,17.36,18.32,18.07,18.09,17.13,4372516.0,76298883.0,15:30:01,2026-09-23
bj920132,泰鹏智能,9.22,-0.26,-2.743,9.21,9.22,9.48,9.4,9.57,9.22,1525686.0,14297148.0,15:30:01,2026-09-23
bj920136,永励精密,21.79,-0.06,-0.275,21.79,21.8,21.85,21.88,22.32,21.68,1514757.0,33383823.0,15:30:01,2026-09-23
bj920138,杰理科技,37.35,0.92,2.525,37.35,37.36,36.43,36.01,38.22,35.61,6438622.0,236994802.0,15:30:01,2026-09-23
bj920139,华岭股份,15.69,0.2,1.291,15.69,15.7,15.49,15.42,16.12,15.42,7962299.0,125462351.0,15:30:01,2026-09-23
bj920145,恒合股份,10.1,-0.22,-2.132,10.06,10.1,10.32,10.32,10.45,10.0,315172.0,3212571.0,15:30:01,2026-09-23
bj920146,华阳变速,5.38,-0.28,-4.947,5.37,5.38,5.66,5.56,5.94,5.38,9804438.0,55191369.0,15:30:01,2026-09-23
bj920149,旭杰科技,8.79,0.06,0.687,8.76,8.79,8.73,8.74,9.13,8.66,2156351.0,19207222.0,15:30:01,2026-09-23
bj920152,昆工科技,12.07,-0.11,-0.903,12.07,12.1,12.18,12.18,12.33,12.05,586877.0,7139892.0,15:30:01,2026-09-23
bj920156,海昌智能,36.89,-0.08,-0.216,36.83,36.89,36.97,36.84,37.29,36.63,408964.0,15120723.0,15:30:01,2026-09-23
bj920158,长江能科,7.91,-0.06,-0.753,7.91,7.93,7.97,8.03,8.05,7.9,853360.0,6795942.0,15:30:01,2026-09-23
bj920159,农大科技,29.39,-0.65,-2.164,29.36,29.39,30.04,29.89,30.04,29.2,1058785.0,31328935.0,15:30:01,2026-09-23
bj920160,北矿检测,19.06,0.15,0.793,19.06,19.09,18.91,19.04,19.17,18.87,196230.0,3735337.0,15:30:01,2026-09-23
bj920161,龙辰科技,21.46,-0.09,-0.418,21.45,21.46,21.55,21.34,21.73,21.34,2333068.0,50213859.0,15:30:01,2026-09-23
bj920163,方大新材,9.92,-0.07,-0.701,9.92,9.93,9.99,10.06,10.06,9.89,272004.0,2712204.0,15:30:01,2026-09-23
bj920165,珈凯生物,35.28,-0.23,-0.648,35.28,35.39,35.51,35.51,35.85,35.23,506795.0,18015204.0,15:30:01,2026-09-23
bj920166,海圣医疗,19.81,-0.11,-0.552,19.81,19.84,19.92,19.9,20.2,19.72,148467.0,2975081.0,15:30:01,2026-09-23
bj920167,同享科技,13.75,0.0,0.0,13.75,13.76,13.75,13.86,13.98,13.75,841802.0,11660081.0,15:30:01,2026-09-23
bj920168,通宝光电,15.37,0.04,0.261,15.37,15.42,15.33,15.41,15.64,15.24,337495.0,5225360.0,15:30:01,2026-09-23
bj920169,七丰精工,21.06,-0.71,-3.261,21.06,21.08,21.77,21.75,21.84,20.95,1729881.0,36855457.0,15:30:01,2026-09-23
bj920171,志晟信息,16.01,-0.25,-1.538,16.01,16.02,16.26,16.27,16.5,15.98,1034412.0,16666078.0,15:30:01,2026-09-23
bj920174,五新智能,31.72,0.51,1.634,31.72,31.73,31.21,31.21,31.82,31.05,1039025.0,32856584.0,15:30:01,2026-09-23
bj920175,东方碳素,7.69,-0.12,-1.536,7.69,7.71,7.81,7.82,7.88,7.68,1125752.0,8747647.0,15:30:01,2026-09-23
bj920176,维琪科技,63.71,-2.96,-4.44,63.71,63.72,66.67,66.7,66.94,63.4,1713683.0,111076223.0,15:30:01,2026-09-23
bj920177,恒道科技,23.24,-0.07,-0.3,23.19,23.24,23.31,23.31,23.53,23.17,252189.0,5883856.0,15:30:01,2026-09-23
bj920178,锐翔智能,92.43,2.3,2.552,92.43,92.45,90.13,89.8,93.5,89.63,1058338.0,97295743.0,15:30:01,2026-09-23
bj920179,凯德石英,59.75,2.31,4.022,59.74,59.75,57.44,57.0,60.5,56.98,3506469.0,206955830.0,15:30:01,2026-09-23
bj920180,爱得科技,11.8,-0.04,-0.338,11.78,11.8,11.84,11.96,11.96,11.76,302693.0,3582558.0,15:30:01,2026-09-23
bj920181,赛英电子,73.63,2.29,3.21,73.59,73.63,71.34,70.55,74.39,70.52,768563.0,55896533.0,15:30:01,2026-09-23
bj920183,海菲曼,29.72,0.07,0.236,29.72,29.81,29.65,29.53,30.16,29.53,282732.0,8455507.0,15:30:01,2026-09-23
bj920184,国源科技,11.46,-0.25,-2.135,11.45,11.46,11.71,11.78,11.78,11.46,1493945.0,17292988.0,15:30:01,2026-09-23
bj920185,贝特瑞,20.37,0.41,2.054,20.37,20.38,19.96,19.96,20.54,19.83,4842699.0,98127159.0,15:30:01,2026-09-23
bj920186,中科仪,72.8,-0.28,-0.383,72.78,72.8,73.08,73.1,73.57,72.0,3061966.0,223183881.0,15:30:01,2026-09-23
bj920187,通领科技,17.33,0.16,0.932,17.33,17.35,17.17,17.3,17.6,17.13,390948.0,6790387.0,15:30:01,2026-09-23
bj920188,悦龙科技,21.89,-0.16,-0.726,21.89,21.97,22.05,22.16,22.16,21.82,524848.0,11529942.0,15:30:01,2026-09-23
bj920189,康美特,21.82,0.78,3.707,21.82,21.83,21.04,21.0,21.9,20.88,6412402.0,138462257.0,15:30:01,2026-09-23
bj920190,雷神科技,24.33,-0.34,-1.378,24.33,24.35,24.67,24.55,24.8,24.33,3199836.0,78466895.0,15:30:01,2026-09-23
bj920191,瑞尔竞达,8.78,-0.01,-0.114,8.78,8.81,8.79,8.79,8.87,8.76,515886.0,4554789.0,15:30:01,2026-09-23
bj920193,吉和昌,31.38,0.79,2.583,31.36,31.38,30.59,30.5,31.7,30.45,2939425.0,91758730.0,15:30:01,2026-09-23
bj920195,三祥科技,12.78,0.0,0.0,12.78,12.81,12.78,12.86,12.86,12.59,408478.0,5198174.0,15:30:01,2026-09-23
bj920198,微创光电,8.21,0.17,2.114,8.21,8.22,8.04,8.08,8.43,7.93,3249312.0,26621152.0,15:30:01,2026-09-23
bj920199,倍益康,24.32,-0.75,-2.992,24.31,24.32,25.07,25.04,25.25,24.21,917796.0,22512233.0,15:30:01,2026-09-23
bj920200,振宏股份,30.04,0.02,0.067,30.03,30.04,30.02,29.7,30.56,29.62,1316459.0,39729272.0,15:30:01,2026-09-23
bj920204,沪江材料,13.26,-0.01,-0.075,13.16,13.26,13.27,13.31,13.37,12.98,884029.0,11657920.0,15:30:01,2026-09-23
bj920206,彩客科技,39.84,0.1,0.252,39.84,39.85,39.74,39.87,40.96,39.61,1241334.0,49884772.0,15:30:01,2026-09-23
bj920207,众诚科技,22.58,0.73,3.341,22.58,22.59,21.85,22.17,23.25,21.63,3227951.0,72361192.0,15:30:01,2026-09-23
bj920208,青矩技术,10.89,0.07,0.647,10.88,10.89,10.82,10.79,11.3,10.78,4157103.0,45857379.0,15:30:01,2026-09-23
bj920211,新睿电子,94.53,1.54,1.656,94.52,94.53,92.99,92.58,95.34,92.58,266211.0,25015804.0,15:30:01,2026-09-23
bj920212,智新电子,10.59,-0.03,-0.282,10.57,10.59,10.62,10.62,10.85,10.53,1914608.0,20445749.0,15:30:01,2026-09-23
bj920218,新天力,15.1,-0.12,-0.788,15.09,15.1,15.22,15.2,15.43,15.0,665604.0,10102031.0,15:30:01,2026-09-23
bj920220,朗信电气,41.73,0.37,0.895,41.73,41.75,41.36,41.38,42.42,41.05,610433.0,25504617.0,15:30:01,2026-09-23
bj920221,易实精密,12.5,0.0,0.0,12.48,12.5,12.5,12.43,12.67,12.43,398664.0,4998145.0,15:30:01,2026-09-23
bj920222,益坤电气,26.25,-0.35,-1.316,26.24,26.25,26.6,26.55,26.78,26.2,855439.0,22633176.0,15:30:01,2026-09-23
bj920223,荣亿精密,13.89,-0.08,-0.573,13.89,13.9,13.97,14.12,14.42,13.8,6063594.0,85839668.0,15:30:01,2026-09-23
bj920225,利通科技,16.79,0.22,1.328,16.78,16.79,16.57,16.51,17.17,16.46,2891079.0,48845748.0,15:30:01,2026-09-23
bj920227,美登科技,51.8,-3.2,-5.818,51.71,51.8,55.0,53.0,54.0,51.01,1589552.0,83192582.0,15:30:01,2026-09-23
bj920229,世纪数码,92.4,-39.6,-30.0,0.0,92.4,132.0,92.4,92.4,92.4,463879.0,42862420.0,15:30:01,2026-09-23
bj920230,欧康医药,11.0,-0.15,-1.345,10.99,11.0,11.15,11.15,11.15,10.96,1322493.0,14574855.0,15:30:01,2026-09-23
bj920237,力佳科技,11.13,-0.07,-0.625,11.12,11.13,11.2,11.08,11.39,11.08,569125.0,6362533.0,15:30:01,2026-09-23
bj920238,长鹰硬科,66.1,0.27,0.41,66.1,66.12,65.83,66.0,67.23,65.86,1383807.0,92018154.0,15:30:01,2026-09-23
bj920239,长虹能源,20.31,0.17,0.844,20.31,20.32,20.14,20.17,20.67,20.07,973075.0,19765802.0,15:30:01,2026-09-23
bj920242,建邦科技,13.88,-0.07,-0.502,13.88,13.97,13.95,13.93,14.05,13.79,281122.0,3916882.0,15:30:01,2026-09-23
bj920245,威博液压,13.68,0.0,0.0,13.59,13.68,13.68,13.61,13.85,13.47,396775.0,5416375.0,15:30:01,2026-09-23
bj920247,华密新材,14.78,0.03,0.203,14.78,14.8,14.75,14.63,15.02,14.54,2340054.0,34641286.0,15:30:01,2026-09-23
bj920249,利尔达,9.11,-0.08,-0.871,9.1,9.11,9.19,9.13,9.33,9.08,4113930.0,37716039.0,15:30:01,2026-09-23
bj920252,天宏锂电,14.68,-0.13,-0.878,14.68,14.71,14.81,14.99,14.99,14.67,960410.0,14181257.0,15:30:01,2026-09-23
bj920258,聚仁新材,10.19,-0.02,-0.196,10.19,10.2,10.21,10.17,10.33,10.15,2169481.0,22200667.0,15:30:01,2026-09-23
bj920260,中寰股份,8.29,-0.03,-0.361,8.21,8.29,8.32,8.29,8.37,8.18,364702.0,3009348.0,15:30:01,2026-09-23
bj920261,一诺威,13.33,0.0,0.0,13.33,13.41,13.33,13.36,13.46,13.16,922505.0,12313750.0,15:30:01,2026-09-23
bj920262,太湖雪,14.36,-0.13,-0.897,14.36,14.38,14.49,14.49,14.71,14.36,611842.0,8863138.0,15:30:01,2026-09-23
bj920263,中航泰达,6.36,-0.24,-3.636,6.36,6.37,6.6,6.51,6.63,6.29,1855702.0,11887905.0,15:30:01,2026-09-23
bj920266,生物谷,7.21,-0.04,-0.552,7.21,7.22,7.25,7.23,7.32,7.17,1271915.0,9209945.0,15:30:01,2026-09-23
bj920267,鑫汇科,16.19,-0.33,-1.998,16.19,16.2,16.52,16.39,16.79,16.11,1156224.0,18968370.0,15:30:01,2026-09-23
bj920268,百迈科,36.19,3.76,11.594,36.19,36.2,32.43,33.26,38.88,32.68,7861411.0,281787878.0,15:30:01,2026-09-23
bj920269,杰锋动力,34.91,-0.48,-1.356,34.91,34.92,35.39,35.08,36.35,34.9,1577363.0,55949286.0,15:30:01,2026-09-23
bj920270,天铭科技,11.29,-0.01,-0.088,11.29,11.3,11.3,11.31,11.49,11.2,594513.0,6727672.0,15:30:01,2026-09-23
bj920271,邦德股份,9.13,0.01,0.11,9.13,9.15,9.12,9.22,9.25,9.07,388270.0,3561632.0,15:30:01,2026-09-23
bj920273,一致魔芋,17.83,-0.37,-2.033,17.83,17.86,18.2,18.29,18.36,17.81,1292558.0,23341486.0,15:30:01,2026-09-23
bj920274,宏裕包材,15.44,-0.07,-0.451,15.44,15.48,15.51,15.52,15.62,15.15,669424.0,10266887.0,15:30:01,2026-09-23
bj920275,驱动力,6.65,-0.05,-0.746,6.65,6.66,6.7,6.69,6.76,6.63,625218.0,4186961.0,15:30:01,2026-09-23
bj920278,鹿得医疗,6.37,-0.09,-1.393,6.37,6.39,6.46,6.43,6.5,6.36,652490.0,4196692.0,15:30:01,2026-09-23
bj920284,灵鸽科技,16.42,0.02,0.122,16.41,16.42,16.4,16.65,16.65,16.26,1259601.0,20695340.0,15:30:01,2026-09-23
bj920288,华大海天,18.94,-0.39,-2.018,18.94,18.98,19.33,19.0,20.18,18.88,4405986.0,85335253.0,15:30:01,2026-09-23
bj920289,华汇智能,28.21,-0.17,-0.599,28.2,28.21,28.38,28.6,29.2,28.08,3034810.0,86646205.0,15:30:01,2026-09-23
bj920298,腾信精密,89.3,5.3,6.31,89.3,89.33,84.0,84.2,94.8,84.2,6140686.0,545104027.0,15:30:01,2026-09-23
bj920299,灿能电力,13.69,-0.3,-2.144,13.69,13.7,13.99,14.12,14.12,13.66,1139217.0,15718479.0,15:30:01,2026-09-23
bj920300,辰光医疗,9.89,0.01,0.101,9.88,9.89,9.88,9.95,9.98,9.82,878833.0,8694334.0,15:30:01,2026-09-23
bj920304,迪尔化工,9.11,-0.21,-2.253,9.11,9.12,9.32,9.39,9.41,9.1,1477833.0,13649446.0,15:30:01,2026-09-23
bj920339,恒太照明,10.79,-0.04,-0.369,10.75,10.79,10.83,10.76,10.97,10.72,417604.0,4509661.0,15:30:01,2026-09-23
bj920344,三元基因,21.15,-0.23,-1.076,21.15,21.19,21.38,21.13,21.87,21.0,3572027.0,76340255.0,15:30:01,2026-09-23
bj920346,威贸电子,16.3,1.17,7.733,16.29,16.3,15.13,15.59,18.44,15.32,5097011.0,87055442.0,15:30:01,2026-09-23
bj920351,华光源海,12.82,-0.63,-4.684,12.81,12.82,13.45,13.45,13.45,12.73,1968060.0,25513859.0,15:30:01,2026-09-23
bj920357,雅葆轩,16.19,0.59,3.782,16.18,16.19,15.6,15.67,16.22,15.57,3594313.0,57616203.0,15:30:01,2026-09-23
bj920363,莱赛激光,10.02,0.01,0.1,10.02,10.05,10.01,10.01,10.21,9.97,1354352.0,13652901.0,15:30:01,2026-09-23
bj920367,新赣江,27.59,-0.66,-2.336,27.58,27.59,28.25,28.34,28.77,27.25,5004031.0,139941018.0,15:30:01,2026-09-23
bj920368,连城数控,23.76,0.69,2.991,23.76,23.77,23.07,23.2,24.2,23.01,5139105.0,122621379.0,15:30:01,2026-09-23
bj920370,新安洁,2.9,-0.07,-2.357,2.9,2.91,2.97,2.97,3.02,2.9,2168020.0,6430006.0,15:30:01,2026-09-23
bj920371,欧福蛋业,7.45,-0.1,-1.325,7.45,7.46,7.55,7.56,7.58,7.37,3406736.0,25379699.0,15:30:01,2026-09-23
bj920374,云里物里,15.29,-0.15,-0.972,15.29,15.31,15.44,15.35,15.6,15.18,599840.0,9202861.0,15:30:01,2026-09-23
bj920375,派诺科技,6.41,-0.08,-1.233,6.41,6.42,6.49,6.49,6.53,6.41,1255157.0,8119043.0,15:30:01,2026-09-23
bj920378,泰德股份,7.05,-0.02,-0.283,7.04,7.05,7.07,7.0,7.14,7.0,294176.0,2075104.0,15:30:01,2026-09-23
bj920392,佳合科技,13.85,-0.14,-1.001,13.83,13.85,13.99,14.0,14.19,13.65,585882.0,8105926.0,15:30:01,2026-09-23
bj920394,民士达,50.93,0.6,1.192,50.91,50.93,50.33,50.08,52.4,49.9,1888484.0,96625169.0,15:30:01,2026-09-23
bj920395,朗鸿科技,6.72,-0.02,-0.297,6.72,6.76,6.74,6.71,6.85,6.69,682131.0,4619480.0,15:30:01,2026-09-23
bj920396,常辅股份,18.31,-0.25,-1.347,18.31,18.33,18.56,18.67,18.8,18.3,706808.0,13050802.0,15:30:01,2026-09-23
bj920402,硅烷科技,8.42,0.08,0.959,8.42,8.43,8.34,8.38,8.58,8.28,6310169.0,53274249.0,15:30:01,2026-09-23
bj920403,康农种业,20.3,-0.39,-1.885,20.28,20.3,20.69,20.5,20.74,20.05,2683033.0,54495499.0,15:30:01,2026-09-23
bj920405,海希通讯,16.56,-0.12,-0.719,16.56,16.59,16.68,16.68,17.1,16.52,369243.0,6200411.0,15:30:01,2026-09-23
bj920407,驰诚股份,10.83,-0.15,-1.366,10.83,10.92,10.98,11.06,11.06,10.77,561642.0,6123256.0,15:30:01,2026-09-23
bj920414,欧普泰,7.95,-0.06,-0.749,7.95,7.96,8.01,8.01,8.25,7.94,938809.0,7586644.0,15:30:01,2026-09-23
bj920415,恒拓开源,8.94,-0.05,-0.556,8.9,8.94,8.99,8.91,9.08,8.88,1542494.0,13843982.0,15:30:01,2026-09-23
bj920418,苏轴股份,17.67,0.07,0.398,17.67,17.68,17.6,17.6,17.94,17.5,1226221.0,21742756.0,15:30:01,2026-09-23
bj920419,路斯股份,10.9,-0.26,-2.33,10.9,10.92,11.16,11.09,11.24,10.9,660556.0,7271511.0,15:30:01,2026-09-23
bj920422,润普食品,9.41,-0.12,-1.259,9.41,9.43,9.53,9.53,9.64,9.4,1233226.0,11731438.0,15:30:01,2026-09-23
bj920425,乐创技术,14.26,-0.08,-0.558,14.26,14.27,14.34,14.27,14.48,14.22,1098931.0,15778831.0,15:30:01,2026-09-23
bj920427,华维设计,11.82,-0.58,-4.677,11.78,11.82,12.4,11.65,13.64,11.03,15565558.0,187897645.0,15:30:01,2026-09-23
bj920429,康比特,10.59,0.19,1.827,10.59,10.6,10.4,10.45,10.64,10.33,2022725.0,21194982.0,15:30:01,2026-09-23
bj920433,大唐药业,4.74,-0.04,-0.837,4.69,4.74,4.78,4.8,4.82,4.68,1899862.0,9013223.0,15:30:01,2026-09-23
bj920436,大地电气,10.9,-0.11,-0.999,10.9,10.91,11.01,10.94,11.18,10.89,824404.0,9077299.0,15:30:01,2026-09-23
bj920438,戈碧迦,120.96,10.88,9.884,120.96,120.97,110.08,112.6,122.86,112.6,7372815.0,866756716.0,15:30:01,2026-09-23
bj920445,龙竹科技,7.1,-0.11,-1.526,7.1,7.11,7.21,7.17,7.28,7.09,1754959.0,12611790.0,15:30:01,2026-09-23
bj920454,同心传动,11.47,0.08,0.702,11.46,11.47,11.39,11.49,11.59,11.37,667376.0,7661882.0,15:30:01,2026-09-23
bj920455,汇隆活塞,6.57,-0.03,-0.455,6.53,6.57,6.6,6.57,6.65,6.53,437511.0,2877019.0,15:30:01,2026-09-23
bj920469,富恒新材,5.85,-0.1,-1.681,5.85,5.86,5.95,5.94,5.99,5.85,1713654.0,10109996.0,15:30:01,2026-09-23
bj920471,美邦科技,11.68,-0.1,-0.849,11.68,11.69,11.78,11.79,11.91,11.64,848518.0,9978372.0,15:30:01,2026-09-23
bj920475,三友科技,11.52,-0.03,-0.26,11.47,11.52,11.55,11.52,11.65,11.36,350238.0,4031390.0,15:30:01,2026-09-23
bj920476,海能技术,23.63,0.56,2.427,23.6,23.63,23.07,23.4,23.96,23.07,1312920.0,30908942.0,15:30:01,2026-09-23
bj920478,峆一药业,11.54,-1.23,-9.632,11.54,11.55,12.77,12.23,12.46,11.54,15414228.0,184442652.0,15:30:01,2026-09-23
bj920489,佳先股份,12.82,0.16,1.264,12.81,12.82,12.66,12.55,13.0,12.55,2703358.0,34615734.0,15:30:01,2026-09-23
bj920491,奥迪威,22.15,0.17,0.773,22.15,22.2,21.98,21.92,22.46,21.89,1939377.0,43013820.0,15:30:01,2026-09-23
bj920493,并行科技,115.15,-1.18,-1.014,115.15,115.4,116.33,115.3,116.67,113.42,1285417.0,147815332.0,15:30:01,2026-09-23
bj920496,许昌智能,6.46,-0.06,-0.92,6.46,6.47,6.52,6.48,6.57,6.36,2117272.0,13676489.0,15:30:01,2026-09-23
bj920504,博迅生物,18.56,-0.16,-0.855,18.52,18.56,18.72,18.62,18.93,18.45,284928.0,5327642.0,15:30:01,2026-09-23
bj920505,九菱科技,26.69,-0.59,-2.163,26.66,26.69,27.28,27.04,27.66,26.6,860654.0,23171429.0,15:30:01,2026-09-23
bj920508,殷图网联,14.8,-0.27,-1.792,14.8,14.96,15.07,15.6,15.6,14.74,496563.0,7443478.0,15:30:01,2026-09-23
bj920509,同惠电子,23.6,1.93,8.906,23.6,23.65,21.67,22.3,24.85,22.22,8803096.0,206673700.0,15:30:01,2026-09-23
bj920510,丰光精密,20.27,0.39,1.962,20.26,20.27,19.88,19.99,20.61,19.76,4493049.0,91041184.0,15:30:01,2026-09-23
bj920519,万德股份,11.16,0.09,0.813,11.1,11.16,11.07,11.15,11.35,10.86,2877647.0,31831369.0,15:30:01,2026-09-23
bj920522,纳科诺尔,17.61,0.36,2.087,17.6,17.61,17.25,17.3,17.83,17.16,4673333.0,81966240.0,15:30:01,2026-09-23
bj920523,德瑞锂电,14.83,0.12,0.816,14.82,14.83,14.71,14.75,15.0,14.62,647362.0,9627914.0,15:30:01,2026-09-23
bj920526,凯华材料,23.51,-2.63,-10.061,23.5,23.51,26.14,24.56,26.07,23.39,10267813.0,249259058.0,15:30:01,2026-09-23
bj920527,夜光明,15.59,0.04,0.257,15.59,15.62,15.55,15.56,15.95,15.51,709912.0,11126023.0,15:30:01,2026-09-23
bj920533,骏创科技,16.61,-0.04,-0.24,16.47,16.61,16.65,16.48,16.73,16.36,1776098.0,29436992.0,15:30:01,2026-09-23
bj920541,铁大科技,9.58,0.0,0.0,9.57,9.59,9.58,9.58,9.64,9.52,284453.0,2726526.0,15:30:01,2026-09-23
bj920547,无锡晶海,19.05,-0.28,-1.449,19.05,19.15,19.33,19.2,19.5,19.05,300331.0,5780891.0,15:30:01,2026-09-23
bj920553,凯腾精工,6.8,-0.1,-1.449,6.8,6.81,6.9,6.86,6.95,6.78,411560.0,2818508.0,15:30:01,2026-09-23
bj920556,雅达股份,6.68,-0.02,-0.299,6.68,6.7,6.7,6.66,6.77,6.65,687134.0,4600658.0,15:30:01,2026-09-23
bj920564,天润科技,14.01,0.21,1.522,14.01,14.04,13.8,13.93,14.39,13.87,1402232.0,19823467.0,15:30:01,2026-09-23
bj920566,梓橦宫,9.47,0.01,0.106,9.47,9.49,9.46,9.4,9.53,9.39,1023109.0,9649988.0,15:30:01,2026-09-23
bj920570,坤博精工,25.34,0.31,1.239,25.26,25.34,25.03,25.7,25.79,24.96,619242.0,15653926.0,15:30:01,2026-09-23
bj920571,国航远洋,8.84,-0.17,-1.887,8.83,8.84,9.01,8.95,9.02,8.73,16161079.0,143075232.0,15:30:01,2026-09-23
bj920575,*ST康乐,5.39,0.07,1.316,5.38,5.39,5.32,5.32,5.58,5.29,6426651.0,35203841.0,15:30:01,2026-09-23
bj920576,天力复合,38.27,0.27,0.711,38.26,38.27,38.0,37.95,39.18,37.62,1668669.0,64037144.0,15:30:01,2026-09-23
bj920578,巨能股份,17.42,-0.03,-0.172,17.4,17.42,17.45,17.36,17.74,17.23,540612.0,9455447.0,15:30:01,2026-09-23
bj920579,机科股份,14.16,0.01,0.071,14.16,14.18,14.15,14.14,14.36,14.1,471852.0,6717226.0,15:30:01,2026-09-23
bj920580,科创新材,11.19,0.15,1.359,11.17,11.19,11.04,10.99,11.28,10.82,1707345.0,19009570.0,15:30:01,2026-09-23
bj920592,华信永道,27.55,-0.11,-0.398,27.52,27.55,27.66,27.45,28.86,27.0,5797377.0,161741497.0,15:30:01,2026-09-23
bj920593,鼎智科技,23.38,0.12,0.516,23.38,23.39,23.26,23.35,23.75,23.01,1437680.0,33619938.0,15:30:01,2026-09-23
bj920599,同力股份,17.5,0.33,1.922,17.49,17.5,17.17,17.17,17.69,17.08,3205488.0,55891446.0,15:30:01,2026-09-23
bj920608,丰安股份,13.84,-0.06,-0.432,13.84,13.87,13.9,13.91,14.09,13.71,391844.0,5438979.0,15:30:01,2026-09-23
bj920627,力王股份,13.42,-0.21,-1.541,13.42,13.44,13.63,13.76,13.79,13.41,536549.0,7258858.0,15:30:01,2026-09-23
bj920634,新威凌,15.94,-0.22,-1.361,15.94,15.95,16.16,16.18,16.3,15.77,738855.0,11809875.0,15:30:01,2026-09-23
bj920639,晨光电缆,6.03,-0.06,-0.985,6.03,6.04,6.09,6.11,6.11,5.99,1084635.0,6559000.0,15:30:01,2026-09-23
bj920640,富士达,27.46,1.15,4.371,27.45,27.46,26.31,26.6,27.77,26.18,5732306.0,155904274.0,15:30:01,2026-09-23
bj920641,格利尔,13.31,-0.09,-0.672,13.31,13.36,13.4,13.5,13.59,13.26,627170.0,8422528.0,15:30:01,2026-09-23
bj920642,通易航天,9.91,-0.14,-1.393,9.91,9.92,10.05,9.99,10.08,9.9,1337619.0,13348245.0,15:30:01,2026-09-23
bj920651,天罡股份,19.56,-0.49,-2.444,19.5,19.56,20.05,20.25,20.37,19.4,1486938.0,29440508.0,15:30:01,2026-09-23
bj920656,海昇药业,14.99,-0.03,-0.2,14.89,14.99,15.02,14.95,15.13,14.88,241573.0,3617798.0,15:30:01,2026-09-23
bj920662,方盛股份,19.05,0.07,0.369,19.04,19.05,18.98,19.11,19.28,18.99,973491.0,18616212.0,15:30:01,2026-09-23
bj920663,明阳科技,12.44,0.06,0.485,12.42,12.44,12.38,12.43,12.57,12.35,318529.0,3957787.0,15:30:01,2026-09-23
bj920665,科强股份,8.55,0.04,0.47,8.55,8.57,8.51,8.52,8.66,8.49,977088.0,8369480.0,15:30:01,2026-09-23
bj920670,数字人,12.53,-0.37,-2.868,12.53,12.54,12.9,12.93,12.93,12.53,994626.0,12626996.0,15:30:01,2026-09-23
bj920675,秉扬科技,7.43,-0.09,-1.197,7.43,7.44,7.52,7.52,7.56,7.37,680936.0,5076976.0,15:30:01,2026-09-23
bj920679,前进科技,15.54,0.14,0.909,15.43,15.54,15.4,15.33,15.62,15.28,251306.0,3882487.0,15:30:01,2026-09-23
bj920682,球冠电缆,5.83,-0.01,-0.171,5.83,5.84,5.84,5.82,5.87,5.8,1062781.0,6202552.0,15:30:01,2026-09-23
bj920685,新芝生物,12.78,0.87,7.305,12.78,12.79,11.91,12.1,12.8,11.8,3890999.0,48224847.0,15:30:01,2026-09-23
bj920689,克莱特,19.78,-0.1,-0.503,19.78,19.79,19.88,20.0,20.1,19.74,318796.0,6334744.0,15:30:01,2026-09-23
bj920690,捷众科技,15.68,-0.01,-0.064,15.66,15.68,15.69,15.6,15.94,15.57,709489.0,11176529.0,15:30:01,2026-09-23
bj920693,阿为特,24.59,0.44,1.822,24.57,24.59,24.15,24.39,24.78,24.01,1006325.0,24597683.0,15:30:01,2026-09-23
bj920694,中裕科技,16.66,0.01,0.06,16.66,16.71,16.65,16.64,16.76,16.41,467111.0,7787054.0,15:30:01,2026-09-23
bj920699,海达尔,67.55,-0.45,-0.662,67.55,67.64,68.0,67.32,69.58,67.32,691755.0,47052274.0,15:30:01,2026-09-23
bj920701,豪声电子,11.04,-0.15,-1.34,11.04,11.05,11.19,11.35,11.42,11.04,1597779.0,17923253.0,15:30:01,2026-09-23
bj920703,广厦环能,9.59,-0.06,-0.622,9.59,9.63,9.65,9.73,9.74,9.53,459595.0,4428935.0,15:30:01,2026-09-23
bj920706,铁拓机械,15.09,-0.2,-1.308,15.08,15.09,15.29,15.5,15.98,15.09,3074338.0,47875205.0,15:30:01,2026-09-23
bj920717,瑞星股份,6.77,-0.11,-1.599,6.77,6.84,6.88,6.84,6.95,6.75,399287.0,2730898.0,15:30:01,2026-09-23
bj920718,合肥高科,10.51,-0.21,-1.959,10.5,10.51,10.72,10.72,10.88,10.48,487143.0,5206812.0,15:30:01,2026-09-23
bj920719,宁新新材,7.03,-0.01,-0.142,7.03,7.04,7.04,7.04,7.13,6.94,1416317.0,9965019.0,15:30:01,2026-09-23
bj920720,吉冈精密,7.99,0.01,0.125,7.99,8.0,7.98,7.94,8.06,7.94,1497499.0,11985125.0,15:30:01,2026-09-23
bj920725,惠丰钻石,94.28,3.6,3.97,94.28,94.29,90.68,89.88,96.3,89.88,5620020.0,526254394.0,15:30:01,2026-09-23
bj920726,朱老六,15.46,-0.4,-2.522,15.46,15.47,15.86,15.75,15.95,15.45,1744559.0,27257932.0,15:30:01,2026-09-23
bj920729,永顺生物,6.81,-0.2,-2.853,6.81,6.85,7.01,6.97,7.04,6.81,768511.0,5305311.0,15:30:01,2026-09-23
bj920735,德源药业,26.15,0.08,0.307,26.15,26.18,26.07,26.08,26.57,25.81,2332758.0,61240128.0,15:30:01,2026-09-23
bj920748,路桥信息,28.08,-1.3,-4.425,28.05,28.08,29.38,29.0,29.75,28.0,1879597.0,53568172.0,15:30:01,2026-09-23
bj920751,惠同新材,15.01,-0.04,-0.266,15.01,15.06,15.05,14.99,15.19,14.8,435885.0,6542613.0,15:30:01,2026-09-23
bj920753,天纺标,15.09,-0.06,-0.396,15.09,15.13,15.15,15.24,15.32,15.06,354436.0,5378819.0,15:30:01,2026-09-23
bj920765,美之高,11.66,-0.15,-1.27,11.61,11.66,11.81,11.79,11.87,11.58,652479.0,7632979.0,15:30:01,2026-09-23
bj920768,拾比佰,7.25,-0.01,-0.138,7.21,7.25,7.26,7.23,7.26,7.18,883187.0,6388212.0,15:30:01,2026-09-23
bj920770,艾能聚,10.39,-0.22,-2.074,10.39,10.42,10.61,10.64,10.78,10.37,2453417.0,25896525.0,15:30:01,2026-09-23
bj920779,武汉蓝电,22.78,-0.39,-1.683,22.77,22.78,23.17,23.3,23.54,22.72,653258.0,15071138.0,15:30:01,2026-09-23
bj920781,瑞奇智造,5.73,0.01,0.175,5.71,5.73,5.72,5.7,5.76,5.67,634889.0,3629132.0,15:30:01,2026-09-23
bj920786,骑士乳业,7.4,-0.22,-2.887,7.39,7.4,7.62,7.61,7.64,7.39,8530252.0,63883221.0,15:30:01,2026-09-23
bj920790,联迪信息,23.15,-0.67,-2.813,23.14,23.15,23.82,23.66,24.09,23.15,1836485.0,43108760.0,15:30:01,2026-09-23
bj920792,东和新材,9.41,0.03,0.32,9.4,9.41,9.38,9.39,9.44,9.3,267060.0,2509566.0,15:30:01,2026-09-23
bj920799,艾融软件,32.3,-0.42,-1.284,32.28,32.3,32.72,32.64,32.97,32.02,3581235.0,116107788.0,15:30:01,2026-09-23
bj920802,保丽洁,10.86,-0.13,-1.183,10.86,10.9,10.99,10.93,10.99,10.81,239482.0,2607986.0,15:30:01,2026-09-23
bj920806,云星宇,10.13,0.02,0.198,10.13,10.14,10.11,10.06,10.29,10.06,1583123.0,16117192.0,15:30:01,2026-09-23
bj920807,奔朗新材,9.5,-0.14,-1.452,9.5,9.51,9.64,9.63,9.89,9.4,5152428.0,49710029.0,15:30:01,2026-09-23
bj920808,曙光数创,59.27,0.12,0.203,59.27,59.28,59.15,59.0,60.36,58.9,1317786.0,78487339.0,15:30:01,2026-09-23
bj920809,安达科技,6.94,0.05,0.726,6.93,6.94,6.89,6.98,7.08,6.88,7593855.0,52865345.0,15:30:01,2026-09-23
bj920810,春光智能,8.65,-0.22,-2.48,8.65,8.67,8.87,8.83,8.92,8.63,631601.0,5524704.0,15:30:01,2026-09-23
bj920819,颖泰生物,3.05,-0.03,-0.974,3.05,3.06,3.08,3.06,3.11,3.01,4702587.0,14392063.0,15:30:01,2026-09-23
bj920821,则成电子,22.65,0.5,2.257,22.64,22.65,22.15,21.84,23.09,21.7,8048734.0,181858029.0,15:30:01,2026-09-23
bj920826,盖世食品,8.62,-0.15,-1.71,8.62,8.65,8.77,8.95,8.95,8.62,2752526.0,24019353.0,15:30:01,2026-09-23
bj920832,齐鲁华信,6.58,-0.17,-2.519,6.55,6.58,6.75,6.7,6.8,6.46,2133800.0,14046917.0,15:30:01,2026-09-23
bj920833,美心翼申,9.81,0.0,0.0,9.81,9.83,9.81,9.76,9.95,9.76,526030.0,5187247.0,15:30:01,2026-09-23
bj920834,三维装备,9.03,-0.1,-1.095,9.03,9.07,9.13,9.15,9.25,9.01,467820.0,4266060.0,15:30:01,2026-09-23
bj920837,华原股份,10.3,0.27,2.692,10.29,10.3,10.03,9.99,10.76,9.95,2016710.0,20930832.0,15:30:01,2026-09-23
bj920839,万通液压,24.04,0.37,1.563,24.04,24.06,23.67,23.5,24.5,23.43,831385.0,19948126.0,15:30:01,2026-09-23
bj920855,浙江大农,13.14,-0.65,-4.714,13.13,13.14,13.79,13.76,13.8,13.12,1424863.0,19076444.0,15:30:01,2026-09-23
bj920856,浩淼科技,11.8,-0.1,-0.84,11.8,11.89,11.9,11.83,12.18,11.72,1143884.0,13698553.0,15:30:01,2026-09-23
bj920857,泓禧科技,17.95,-0.78,-4.164,17.95,17.97,18.73,18.73,18.94,17.86,607460.0,11171615.0,15:30:01,2026-09-23
bj920866,绿亨科技,6.38,-0.16,-2.446,6.38,6.4,6.54,6.6,6.6,6.34,2944489.0,18938069.0,15:30:01,2026-09-23
bj920870,恒进感应,11.57,-0.03,-0.259,11.51,11.57,11.6,11.55,11.79,11.47,526751.0,6121847.0,15:30:01,2026-09-23
bj920871,派特尔,11.22,0.09,0.809,11.22,11.24,11.13,11.07,11.31,11.01,863525.0,9621052.0,15:30:01,2026-09-23
bj920873,中设咨询,8.16,0.29,3.685,8.16,8.18,7.87,7.47,9.76,7.47,13012898.0,110830778.0,15:30:01,2026-09-23
bj920876,慧为智能,16.65,-0.19,-1.128,16.65,16.72,16.84,16.8,17.1,16.44,1189862.0,20003042.0,15:30:01,2026-09-23
bj920879,基康技术,12.52,0.14,1.131,12.49,12.52,12.38,12.34,12.63,12.3,1151991.0,14409609.0,15:30:01,2026-09-23
bj920885,星辰科技,12.47,0.13,1.053,12.47,12.48,12.34,12.3,12.49,12.2,1478150.0,18242826.0,15:30:01,2026-09-23
bj920892,广咨国际,12.01,0.03,0.25,12.01,12.02,11.98,11.99,12.97,11.74,3996614.0,49528602.0,15:30:01,2026-09-23
bj920895,花溪科技,22.42,-1.8,-7.432,22.42,22.44,24.22,24.0,24.2,22.42,6456052.0,148894130.0,15:30:01,2026-09-23
bj920896,旺成科技,12.54,0.32,2.619,12.54,12.55,12.22,12.15,12.61,12.15,820179.0,10207186.0,15:30:01,2026-09-23
bj920906,舜宇精工,15.29,-0.15,-0.972,15.27,15.29,15.44,15.48,15.56,15.2,291571.0,4472055.0,15:30:01,2026-09-23
bj920914,远航精密,16.85,0.21,1.262,16.85,16.86,16.64,16.56,16.97,16.52,927038.0,15526920.0,15:30:01,2026-09-23
bj920924,广脉科技,15.02,0.0,0.0,15.02,15.03,15.02,14.89,15.17,14.75,1554244.0,23205272.0,15:30:01,2026-09-23
bj920925,锦好医疗,11.28,-0.1,-0.879,11.28,11.3,11.38,11.49,11.49,11.23,583354.0,6607690.0,15:30:01,2026-09-23
bj920926,鸿智科技,10.1,0.0,0.0,10.01,10.1,10.1,10.07,10.21,9.99,311540.0,3142472.0,15:30:01,2026-09-23
bj920931,无锡鼎邦,10.02,0.03,0.3,10.02,10.05,9.99,10.02,10.18,9.95,451775.0,4555763.0,15:30:01,2026-09-23
bj920932,科达自控,10.45,-0.1,-0.948,10.41,10.45,10.55,10.65,10.65,10.37,848078.0,8881805.0,15:30:01,2026-09-23
bj920942,恒立钻具,17.23,-0.24,-1.374,17.22,17.23,17.47,17.36,17.61,17.18,462562.0,8031826.0,15:30:01,2026-09-23
bj920943,优机股份,14.61,-0.18,-1.217,14.61,14.66,14.79,14.86,14.9,14.47,927081.0,13603302.0,15:30:01,2026-09-23
bj920946,森萱医药,10.65,0.13,1.236,10.64,10.65,10.52,10.45,10.75,10.4,6004708.0,63879888.0,15:30:01,2026-09-23
bj920950,迅安科技,13.16,-0.13,-0.978,13.16,13.17,13.29,13.2,13.38,13.05,128819.0,1704832.0,15:30:01,2026-09-23
bj920953,国子软件,23.36,0.16,0.69,23.36,23.37,23.2,23.12,23.7,22.83,1562229.0,36281547.0,15:30:01,2026-09-23
bj920957,汉维科技,9.77,-0.19,-1.908,9.77,9.78,9.96,10.1,10.1,9.73,901768.0,8874415.0,15:30:01,2026-09-23
bj920961,创远信科,25.12,2.36,10.369,25.1,25.12,22.76,23.0,28.03,22.54,18469887.0,471739329.0,15:30:01,2026-09-23
bj920964,润农节水,4.84,-0.09,-1.826,4.84,4.85,4.93,4.91,4.95,4.77,3015194.0,14687276.0,15:30:01,2026-09-23
bj920970,大禹生物,6.33,-0.25,-3.799,6.33,6.34,6.58,6.56,6.6,6.31,3261194.0,20930198.0,15:30:01,2026-09-23
bj920971,天马新材,28.82,1.15,4.156,28.8,28.82,27.67,27.91,29.0,27.9,4924251.0,140982618.0,15:30:01,2026-09-23
bj920974,凯大催化,6.25,0.04,0.644,6.24,6.25,6.21,6.23,6.3,6.19,515177.0,3218317.0,15:30:01,2026-09-23
bj920976,视声智能,22.03,0.0,0.0,22.03,22.07,22.03,22.06,22.4,21.76,976096.0,21516365.0,15:30:01,2026-09-23
bj920978,开特股份,17.43,0.26,1.514,17.43,17.44,17.17,17.27,17.69,17.11,1317437.0,22998337.0,15:30:01,2026-09-23
bj920981,晶赛科技,32.05,1.15,3.722,32.02,32.05,30.9,31.13,32.65,30.99,3470835.0,111302521.0,15:30:01,2026-09-23
bj920982,锦波生物,121.34,6.76,5.9,121.34,121.35,114.58,114.77,123.36,114.31,1908377.0,228939875.0,15:30:01,2026-09-23
bj920985,海泰新能,4.6,0.0,0.0,4.6,4.61,4.6,4.61,4.67,4.58,1897659.0,8778797.0,15:30:01,2026-09-23
bj920992,中科美菱,12.77,0.35,2.818,12.77,12.79,12.42,12.49,14.65,12.3,6359657.0,84316713.0,15:30:01,2026-09-23
sh600000,浦发银行,8.98,-0.06,-0.664,8.97,8.98,9.04,9.02,9.05,8.95,51124386.0,458952162.0,15:34:59,2026-09-23
sh600004,白云机场,7.63,-0.02,-0.261,7.63,7.64,7.65,7.64,7.7,7.62,4654800.0,35674810.0,15:34:59,2026-09-23
sh600006,东风股份,5.34,0.03,0.565,5.33,5.34,5.31,5.3,5.42,5.25,19216965.0,102908145.0,15:34:59,2026-09-23
sh600007,中国国贸,19.86,0.2,1.017,19.85,19.86,19.66,19.71,20.17,19.54,1867192.0,37272860.0,15:00:02,2026-09-23
sh600008,首创环保,2.73,-0.01,-0.365,2.73,2.74,2.74,2.74,2.76,2.73,48381660.0,132605768.0,15:34:59,2026-09-23
sh600009,上海机场,22.75,-0.06,-0.263,22.75,22.76,22.81,22.81,22.98,22.71,5021951.0,114702770.0,15:00:01,2026-09-23
sh600010,包钢股份,2.12,0.0,0.0,2.11,2.12,2.12,2.12,2.16,2.11,333333995.0,709116571.0,15:34:59,2026-09-23
sh600011,华能国际,6.76,-0.04,-0.588,6.76,6.77,6.8,6.78,6.79,6.74,32586300.0,220326618.0,15:34:59,2026-09-23
sh600012,皖通高速,15.43,0.07,0.456,15.43,15.44,15.36,15.38,15.53,15.25,3117541.0,48070289.0,15:34:59,2026-09-23
sh600015,华夏银行,6.23,-0.01,-0.16,6.23,6.24,6.24,6.24,6.25,6.22,33684833.0,209995986.0,15:34:59,2026-09-23
sh600016,民生银行,3.47,-0.03,-0.857,3.46,3.47,3.5,3.49,3.51,3.45,184904956.0,641775023.0,15:34:59,2026-09-23
sh600017,日照港,2.79,-0.02,-0.712,2.79,2.8,2.81,2.81,2.83,2.78,23855801.0,66839638.0,15:00:00,2026-09-23
sh600018,上港集团,5.38,0.02,0.373,5.38,5.39,5.36,5.35,5.41,5.33,32238439.0,173322220.0,15:34:59,2026-09-23
sh600019,宝钢股份,5.75,0.02,0.349,5.75,5.76,5.73,5.73,5.82,5.71,78348695.0,452384248.0,15:34:59,2026-09-23
sh600020,中原高速,3.84,0.02,0.524,3.83,3.84,3.82,3.82,3.85,3.8,10452881.0,40074659.0,15:34:59,2026-09-23
sh600021,上海电力,13.32,-0.13,-0.967,13.32,13.33,13.45,13.44,13.47,13.31,14550141.0,194110292.0,15:34:59,2026-09-23
sh600022,山东钢铁,1.31,0.0,0.0,1.31,1.32,1.31,1.31,1.35,1.3,150038717.0,198552504.0,15:34:59,2026-09-23
sh600023,浙能电力,5.08,0.08,1.6,5.07,5.08,5.0,4.99,5.1,4.97,51188249.0,258997465.0,15:34:59,2026-09-23
sh600025,华能水电,9.6,-0.02,-0.208,9.6,9.61,9.62,9.6,9.62,9.55,21117428.0,202390166.0,15:34:59,2026-09-23
sh600026,中远海能,21.08,-0.83,-3.788,21.08,21.09,21.91,21.55,21.75,21.04,65506432.0,1392135121.0,15:34:59,2026-09-23
sh600027,华电国际,4.8,0.0,0.0,4.8,4.81,4.8,4.79,4.82,4.77,46302119.0,222096594.0,15:34:59,2026-09-23
sh600028,中国石化,5.29,-0.02,-0.377,5.29,5.3,5.31,5.29,5.38,5.27,194998204.0,1037412478.0,15:34:59,2026-09-23
sh600029,南方航空,4.97,0.01,0.202,4.96,4.97,4.96,4.97,5.0,4.96,38491851.0,191672463.0,15:34:59,2026-09-23
sh600030,中信证券,26.79,-0.1,-0.372,26.78,26.79,26.89,26.9,26.95,26.67,48055701.0,1287125305.0,15:34:59,2026-09-23
sh600031,三一重工,17.51,-0.21,-1.185,17.51,17.52,17.72,17.72,17.89,17.5,70150573.0,1238767606.0,15:34:59,2026-09-23
sh600032,浙江新能,6.77,-0.21,-3.009,6.77,6.78,6.98,6.94,6.95,6.76,20773534.0,141692108.0,15:34:59,2026-09-23
sh600033,福建高速,3.63,0.01,0.276,3.63,3.64,3.62,3.61,3.66,3.6,20259096.0,73673398.0,15:00:00,2026-09-23
sh600035,楚天高速,3.64,-0.01,-0.274,3.64,3.65,3.65,3.64,3.66,3.61,9227100.0,33631896.0,15:00:00,2026-09-23
sh600036,招商银行,40.6,-0.22,-0.539,40.6,40.61,40.82,40.83,41.17,40.54,41834474.0,1703224579.0,15:34:59,2026-09-23
sh600037,歌华有线,7.07,-0.11,-1.532,7.07,7.08,7.18,7.16,7.19,7.06,14661600.0,104175032.0,15:00:01,2026-09-23
sh600038,中直股份,27.11,-0.22,-0.805,27.11,27.12,27.33,27.43,27.46,27.11,2317042.0,63181185.0,15:34:59,2026-09-23
sh600039,四川路桥,8.66,-0.11,-1.254,8.66,8.68,8.77,8.75,8.85,8.64,12790756.0,111622328.0,15:00:01,2026-09-23
sh600048,保利发展,5.64,-0.04,-0.704,5.63,5.64,5.68,5.66,5.9,5.59,372714222.0,2140659267.0,15:34:59,2026-09-23
sh600050,中国联通,4.17,-0.04,-0.95,4.17,4.18,4.21,4.21,4.22,4.17,83543749.0,349704933.0,15:34:59,2026-09-23
sh600051,宁波联合,6.23,-0.03,-0.479,6.23,6.25,6.26,6.29,6.31,6.21,3407801.0,21342283.0,15:00:00,2026-09-23
sh600052,东望时代,3.62,-0.09,-2.426,3.62,3.64,3.71,3.72,3.73,3.62,10929600.0,40128839.0,15:00:00,2026-09-23
sh600053,*ST九鼎,7.43,-0.29,-3.756,7.43,7.44,7.72,7.72,7.73,7.41,2868300.0,21643036.0,15:00:00,2026-09-23
sh600054,黄山旅游,10.77,-0.06,-0.554,10.76,10.77,10.83,10.77,10.86,10.75,4171300.0,45029727.0,15:34:59,2026-09-23
sh600055,万东医疗,10.58,0.25,2.42,10.56,10.58,10.33,10.33,10.7,10.31,6997500.0,73656989.0,15:00:01,2026-09-23
sh600056,中国医药,8.96,-0.09,-0.994,8.96,8.97,9.05,9.04,9.07,8.95,7913206.0,71305460.0,15:34:59,2026-09-23
sh600057,厦门象屿,6.06,-0.11,-1.783,6.06,6.07,6.17,6.17,6.19,6.05,12059861.0,73617393.0,15:00:00,2026-09-23
sh600058,五矿发展,9.18,0.18,2.0,9.17,9.18,9.0,9.0,9.35,8.91,13783102.0,126114756.0,15:34:59,2026-09-23
sh600059,古越龙山,11.33,0.54,5.005,11.33,11.34,10.79,10.76,11.87,10.76,126782735.0,1462582849.0,15:34:59,2026-09-23
sh600060,海信视像,27.24,-0.06,-0.22,27.24,27.25,27.3,27.68,27.68,27.02,4220221.0,115096620.0,15:00:00,2026-09-23
sh600061,国投资本,6.3,-0.04,-0.631,6.29,6.3,6.34,6.34,6.36,6.29,18858115.0,119149268.0,15:00:00,2026-09-23
sh600062,华润双鹤,16.03,-0.07,-0.435,16.03,16.04,16.1,16.11,16.18,16.01,4611784.0,74209015.0,15:00:01,2026-09-23
sh600063,皖维高新,5.71,0.09,1.601,5.7,5.71,5.62,5.62,5.8,5.58,50575143.0,288642276.0,15:34:59,2026-09-23
sh600064,南京高科,7.7,-0.03,-0.388,7.7,7.71,7.73,7.73,7.82,7.69,12319490.0,95575955.0,15:00:01,2026-09-23
sh600066,宇通客车,25.25,-0.92,-3.515,25.25,25.26,26.17,26.11,26.21,24.85,30223139.0,763919794.0,15:34:59,2026-09-23
sh600067,冠城新材,2.64,-0.05,-1.859,2.63,2.64,2.69,2.69,2.72,2.63,28179648.0,75289226.0,15:34:59,2026-09-23
sh600071,凤凰光学,16.8,0.02,0.119,16.78,16.8,16.78,16.8,17.01,16.73,1920400.0,32385935.0,15:34:59,2026-09-23
sh600072,中船科技,8.7,-0.23,-2.576,8.7,8.71,8.93,8.91,8.92,8.69,18638452.0,163397689.0,15:34:59,2026-09-23
sh600073,光明肉业,5.47,-0.04,-0.726,5.47,5.48,5.51,5.52,5.56,5.46,8128609.0,44712009.0,15:00:00,2026-09-23
sh600075,新疆天业,4.6,-0.03,-0.648,4.6,4.61,4.63,4.63,4.68,4.6,11071000.0,51202504.0,15:34:59,2026-09-23
sh600076,康欣新材,2.15,-0.1,-4.444,2.15,2.16,2.25,2.25,2.26,2.15,42582513.0,92817295.0,15:34:59,2026-09-23
sh600078,澄星股份,10.04,-0.27,-2.619,10.04,10.05,10.31,10.3,10.33,10.02,9958502.0,100423388.0,15:34:59,2026-09-23
sh600079,ST人福,18.83,0.1,0.534,18.83,18.84,18.73,18.69,18.88,18.67,5575334.0,104806119.0,15:34:59,2026-09-23
sh600080,ST金花,4.74,-0.06,-1.25,4.73,4.74,4.8,4.83,4.83,4.72,2056500.0,9798211.0,15:00:00,2026-09-23
sh600081,东风科技,10.51,0.06,0.574,10.51,10.52,10.45,10.42,10.58,10.31,3295100.0,34571845.0,15:00:00,2026-09-23
sh600082,ST海泰,3.27,0.11,3.481,3.27,3.28,3.16,3.16,3.29,3.13,10113500.0,32579501.0,15:34:59,2026-09-23
sh600084,*ST尼雅,4.44,-0.05,-1.114,4.44,4.45,4.49,4.45,4.54,4.44,3002000.0,13395233.0,15:00:00,2026-09-23
sh600085,同仁堂,23.61,-0.05,-0.211,23.61,23.62,23.66,23.58,23.77,23.53,2807052.0,66427646.0,15:00:01,2026-09-23
sh600088,中视传媒,13.65,-1.52,-10.02,0.0,13.65,15.17,14.55,14.7,13.65,34203458.0,475756963.0,15:34:59,2026-09-23
sh600089,特变电工,18.09,-0.12,-0.659,18.08,18.09,18.21,18.21,18.24,18.03,28799928.0,520963715.0,15:34:59,2026-09-23
sh600094,大名城,4.05,-0.07,-1.699,4.04,4.05,4.12,4.13,4.17,4.02,27355301.0,111788709.0,15:34:59,2026-09-23
sh600095,湘财股份,8.94,-0.11,-1.215,8.94,8.95,9.05,8.97,9.15,8.9,39891315.0,358388060.0,15:34:59,2026-09-23
sh600096,云天化,27.95,-0.29,-1.027,27.95,27.96,28.24,28.17,28.25,27.91,15312500.0,428855662.0,15:34:59,2026-09-23
sh600097,开创国际,9.27,-0.12,-1.278,9.26,9.27,9.39,9.38,9.38,9.23,2700700.0,25060230.0,15:00:00,2026-09-23
sh600098,广州发展,6.18,-0.03,-0.483,6.18,6.2,6.21,6.19,6.25,6.17,10944900.0,67959101.0,15:00:00,2026-09-23
sh600099,林海股份,9.29,0.01,0.108,9.29,9.3,9.28,9.33,9.38,9.11,2781200.0,25842234.0,15:00:01,2026-09-23
sh600100,同方股份,6.83,-0.09,-1.301,6.82,6.83,6.92,6.9,6.93,6.83,12987301.0,89258468.0,15:34:59,2026-09-23
sh600101,明星电力,7.82,-0.15,-1.882,7.82,7.83,7.97,7.96,7.96,7.81,11702956.0,91919718.0,15:34:59,2026-09-23
sh600103,青山纸业,3.65,-0.12,-3.183,3.65,3.66,3.77,3.78,3.82,3.63,139429159.0,513914892.0,15:34:59,2026-09-23
sh600104,上汽集团,10.87,-0.2,-1.807,10.87,10.88,11.07,11.05,11.06,10.87,39176746.0,429037010.0,15:34:59,2026-09-23
sh600105,永鼎股份,44.87,-0.54,-1.189,44.87,44.88,45.41,46.0,46.15,44.15,83807140.0,3762938251.0,15:34:59,2026-09-23
sh600106,重庆路桥,4.49,0.01,0.223,4.48,4.49,4.48,4.47,4.56,4.42,11467489.0,51489233.0,15:34:59,2026-09-23
sh600107,*ST尔雅,5.71,-0.03,-0.523,5.71,5.72,5.74,5.85,5.85,5.7,876502.0,5039009.0,15:00:00,2026-09-23
sh600108,亚盛集团,4.27,-0.14,-3.175,4.27,4.28,4.41,4.39,4.4,4.21,172767144.0,741282504.0,15:34:59,2026-09-23
sh600109,国金证券,8.28,-0.07,-0.838,8.28,8.29,8.35,8.35,8.38,8.28,15232150.0,126504226.0,15:34:59,2026-09-23
sh600110,诺德股份,12.46,0.3,2.467,12.45,12.46,12.16,12.16,12.68,11.98,179256536.0,2214589105.0,15:34:59,2026-09-23
sh600111,北方稀土,37.42,-0.48,-1.266,37.42,37.43,37.9,37.9,37.94,37.37,22492705.0,843302499.0,15:34:59,2026-09-23
sh600113,浙江东日,29.85,-0.12,-0.4,29.85,29.86,29.97,29.97,30.25,29.7,3429300.0,102729084.0,15:34:59,2026-09-23
sh600114,东睦股份,27.75,0.04,0.144,27.74,27.75,27.71,27.71,28.08,27.58,8554496.0,237946869.0,15:34:59,2026-09-23
sh600115,中国东航,3.46,0.01,0.29,3.45,3.46,3.45,3.46,3.5,3.45,139978091.0,485874167.0,15:34:59,2026-09-23
sh600116,三峡水利,6.08,-0.03,-0.491,6.07,6.08,6.11,6.11,6.12,6.06,11059579.0,67278849.0,15:34:59,2026-09-23
sh600117,西宁特钢,2.16,-0.03,-1.37,2.16,2.17,2.19,2.18,2.26,2.16,26759116.0,58806309.0,15:34:59,2026-09-23
sh600118,中国卫星,57.72,-1.1,-1.87,57.72,57.73,58.82,58.89,58.99,57.5,16408517.0,949455571.0,15:34:59,2026-09-23
sh600119,*ST长投,4.96,-0.07,-1.392,4.96,4.97,5.03,5.01,5.03,4.94,1386900.0,6915365.0,15:00:01,2026-09-23
sh600120,浙江东方,4.7,-0.04,-0.844,4.69,4.7,4.74,4.73,4.75,4.68,21059049.0,99082315.0,15:34:59,2026-09-23
sh600121,郑州煤电,4.81,-0.46,-8.729,4.8,4.81,5.27,5.15,5.18,4.78,172788460.0,851292213.0,15:34:59,2026-09-23
sh600123,兰花科创,7.01,-0.17,-2.368,7.01,7.02,7.18,7.12,7.18,7.0,14959263.0,105709085.0,15:34:59,2026-09-23
sh600125,铁龙物流,5.27,-0.04,-0.753,5.27,5.28,5.31,5.3,5.33,5.27,5835836.0,30900671.0,15:00:00,2026-09-23
sh600126,杭钢股份,6.17,-0.14,-2.219,6.16,6.17,6.31,6.3,6.32,6.16,33329761.0,207244919.0,15:34:59,2026-09-23
sh600127,金健米业,16.75,0.28,1.7,16.74,16.75,16.47,16.41,16.88,16.11,207423874.0,3436627074.0,15:34:59,2026-09-23
sh600128,苏豪弘业,8.52,-0.08,-0.93,8.52,8.54,8.6,8.59,8.65,8.46,2485760.0,21206166.0,15:34:59,2026-09-23
sh600129,太极集团,13.74,-0.17,-1.222,13.74,13.75,13.91,13.86,13.97,13.71,7713764.0,106671947.0,15:34:59,2026-09-23
sh600130,波导股份,4.61,-0.06,-1.285,4.61,4.62,4.67,4.71,4.71,4.54,21250085.0,97922811.0,15:34:59,2026-09-23
sh600131,国网信通,14.27,-0.18,-1.246,14.27,14.28,14.45,14.46,14.47,14.27,3783360.0,54252311.0,15:00:00,2026-09-23
sh600132,重庆啤酒,38.32,0.14,0.367,38.3,38.32,38.18,38.24,38.87,38.03,3010319.0,115794994.0,15:34:59,2026-09-23
sh600133,东湖高新,7.97,-0.03,-0.375,7.97,7.98,8.0,7.98,8.09,7.92,8905410.0,71155065.0,15:34:59,2026-09-23
sh600135,乐凯胶片,7.59,-0.19,-2.442,7.58,7.59,7.78,7.76,7.79,7.57,10213800.0,77851626.0,15:34:59,2026-09-23
sh600136,ST明诚,1.5,0.0,0.0,1.5,1.51,1.5,1.5,1.53,1.48,9295420.0,13997296.0,15:34:59,2026-09-23
sh600137,浪莎股份,17.74,-0.15,-0.838,17.74,17.78,17.89,17.9,18.14,17.62,1390160.0,24750091.0,15:00:02,2026-09-23
sh600138,中青旅,7.05,-0.03,-0.424,7.05,7.06,7.08,7.08,7.16,7.03,6088100.0,43152576.0,15:00:01,2026-09-23
sh600141,兴发集团,28.62,-0.55,-1.885,28.62,28.63,29.17,29.09,29.16,28.6,16516118.0,474740089.0,15:34:59,2026-09-23
sh600143,金发科技,13.22,-0.14,-1.048,13.21,13.22,13.36,13.36,13.38,13.18,15249868.0,202030620.0,15:34:59,2026-09-23
sh600148,长春一东,15.8,-0.07,-0.441,15.8,15.81,15.87,15.96,15.98,15.72,1351072.0,21399117.0,15:00:00,2026-09-23
sh600149,廊坊发展,5.05,0.01,0.198,5.05,5.06,5.04,5.07,5.13,4.98,7195400.0,36342295.0,15:34:59,2026-09-23
sh600150,中国船舶,38.59,-1.53,-3.814,38.59,38.6,40.12,40.04,40.14,38.53,84187455.0,3282325668.0,15:34:59,2026-09-23
sh600151,航天机电,9.36,-0.14,-1.474,9.36,9.37,9.5,9.47,9.58,9.35,14022610.0,131980086.0,15:34:59,2026-09-23
sh600152,维科技术,7.75,-0.13,-1.65,7.75,7.76,7.88,7.85,7.89,7.72,10382501.0,80696541.0,15:34:59,2026-09-23
sh600153,建发股份,8.67,0.09,1.049,8.67,8.68,8.58,8.57,8.8,8.55,19672080.0,171298477.0,15:34:59,2026-09-23
sh600155,华创云信,6.09,-0.11,-1.774,6.09,6.1,6.2,6.2,6.22,6.09,21253137.0,130477686.0,15:34:59,2026-09-23
sh600156,华升股份,8.41,-0.47,-5.293,8.41,8.42,8.88,8.98,9.15,8.37,22505328.0,194981752.0,15:34:59,2026-09-23
sh600157,永泰能源,1.51,-0.01,-0.658,1.51,1.52,1.52,1.52,1.53,1.51,284305964.0,431644683.0,15:34:59,2026-09-23
sh600158,中体产业,7.03,-0.12,-1.678,7.02,7.03,7.15,7.14,7.15,7.02,16661701.0,117676322.0,15:34:59,2026-09-23
sh600159,大龙地产,2.77,-0.01,-0.36,2.77,2.78,2.78,2.77,2.86,2.75,20725000.0,57934025.0,15:00:00,2026-09-23
sh600160,巨化股份,35.05,0.44,1.271,35.04,35.05,34.61,34.61,35.1,33.9,36138982.0,1246137349.0,15:34:59,2026-09-23
sh600161,天坛生物,12.31,-0.05,-0.405,12.31,12.33,12.36,12.38,12.48,12.31,7272694.0,90165115.0,15:34:59,2026-09-23
sh600162,香江控股,4.59,-0.3,-6.135,4.59,4.6,4.89,4.91,5.07,4.54,179109258.0,859793980.0,15:34:59,2026-09-23
sh600163,中闽能源,5.37,-0.33,-5.789,5.36,5.37,5.7,5.59,5.6,5.35,71605757.0,389025232.0,15:34:59,2026-09-23
sh600165,宁科生物,3.18,-0.1,-3.049,3.18,3.19,3.28,3.28,3.28,3.18,14502567.0,46672850.0,15:34:59,2026-09-23
sh600166,福田汽车,2.77,-0.02,-0.717,2.76,2.77,2.79,2.78,2.82,2.77,72334310.0,201515639.0,15:34:59,2026-09-23
sh600167,联美控股,5.59,-0.05,-0.887,5.59,5.6,5.64,5.63,5.68,5.58,5200600.0,29217392.0,15:34:59,2026-09-23
sh600168,武汉控股,4.35,0.01,0.23,4.34,4.35,4.34,4.35,4.38,4.31,4694119.0,20431477.0,15:00:00,2026-09-23
sh600169,ST太重,2.19,0.03,1.389,2.18,2.19,2.16,2.16,2.21,2.15,11127001.0,24292200.0,15:34:59,2026-09-23
sh600170,上海建工,2.23,0.0,0.0,2.23,2.24,2.23,2.22,2.29,2.21,187611334.0,422643537.0,15:34:59,2026-09-23
sh600171,上海贝岭,23.16,0.06,0.26,23.15,23.16,23.1,23.1,23.24,22.88,8170758.0,188767991.0,15:34:59,2026-09-23
sh600172,黄河旋风,16.74,0.68,4.234,16.74,16.75,16.06,15.91,17.18,15.82,219400267.0,3632681942.0,15:34:59,2026-09-23
sh600173,卧龙新能,5.86,-0.08,-1.347,5.86,5.87,5.94,5.95,6.01,5.85,4361800.0,25819786.0,15:00:00,2026-09-23
sh600176,中国巨石,45.62,0.15,0.33,45.61,45.62,45.47,45.11,46.18,44.43,147004364.0,6698966744.0,15:34:59,2026-09-23
sh600177,雅戈尔,8.19,0.08,0.986,8.19,8.2,8.11,8.1,8.23,8.1,14496711.0,118635821.0,15:34:59,2026-09-23
sh600178,东安动力,9.55,0.0,0.0,9.55,9.56,9.55,9.54,9.85,9.46,6295790.0,60622655.0,15:34:59,2026-09-23
sh600179,安通控股,4.49,-0.09,-1.965,4.49,4.5,4.58,4.58,4.58,4.49,24931699.0,113194636.0,15:34:59,2026-09-23
sh600180,*ST瑞茂,1.58,-0.05,-3.067,1.58,1.59,1.63,1.6,1.62,1.57,12966600.0,20679489.0,15:34:59,2026-09-23
sh600182,S佳通,12.68,-0.1,-0.782,12.67,12.68,12.78,12.76,12.78,12.65,1112200.0,14116310.0,15:00:01,2026-09-23
sh600183,生益科技,143.56,0.11,0.077,143.56,143.57,143.45,143.0,146.0,142.02,41642723.0,5996688278.0,15:34:59,2026-09-23
sh600184,光电股份,20.26,-0.16,-0.784,20.25,20.26,20.42,20.17,20.4,19.91,23166294.0,467172290.0,15:34:59,2026-09-23
sh600185,珠免集团,4.77,-0.09,-1.852,4.77,4.78,4.86,4.86,4.9,4.75,25421294.0,122496919.0,15:34:59,2026-09-23
sh600186,莲花控股,13.59,0.66,5.104,13.58,13.59,12.93,12.89,14.19,12.8,371767054.0,4995247219.0,15:34:59,2026-09-23
sh600187,*ST国中,1.28,-0.02,-1.538,1.28,1.29,1.3,1.3,1.3,1.28,15990300.0,20636294.0,15:34:59,2026-09-23
sh600188,兖矿能源,19.77,-0.58,-2.85,19.76,19.77,20.35,20.18,20.35,19.6,34252586.0,678679488.0,15:34:59,2026-09-23
sh600189,泉阳泉,8.27,-0.03,-0.361,8.27,8.28,8.3,8.39,8.52,8.23,18145860.0,151745581.0,15:34:59,2026-09-23
sh600191,华资实业,9.22,-0.21,-2.227,9.21,9.22,9.43,9.4,9.52,9.15,7849300.0,73123066.0,15:34:59,2026-09-23
sh600192,长城电工,7.14,-0.55,-7.152,7.14,7.15,7.69,7.69,7.7,7.04,25506361.0,184837547.0,15:34:59,2026-09-23
sh600195,中牧股份,6.68,-0.06,-0.89,6.67,6.68,6.74,6.74,6.76,6.66,4790851.0,32120204.0,15:00:00,2026-09-23
sh600196,复星医药,23.13,0.0,0.0,23.13,23.14,23.13,23.13,23.4,23.01,18292541.0,424841321.0,15:34:59,2026-09-23
sh600197,伊力特,9.48,0.1,1.066,9.47,9.48,9.38,9.38,9.75,9.37,9777606.0,93605342.0,15:34:59,2026-09-23
sh600198,大唐电信,7.48,-0.24,-3.109,7.48,7.49,7.72,7.69,7.7,7.48,17517800.0,131907823.0,15:34:59,2026-09-23
sh600199,金种子酒,7.26,-0.08,-1.09,7.25,7.26,7.34,7.3,7.69,7.24,34437420.0,256049435.0,15:34:59,2026-09-23
sh600201,生物股份,11.75,0.03,0.256,11.75,11.76,11.72,11.68,11.94,11.65,9629900.0,113788486.0,15:34:59,2026-09-23
sh600202,哈空调,5.16,0.01,0.194,5.16,5.17,5.15,5.16,5.18,5.06,5023600.0,25817196.0,15:34:59,2026-09-23
sh600203,福日电子,10.06,-0.18,-1.758,10.06,10.07,10.24,10.26,10.29,10.0,12915200.0,130234678.0,15:34:59,2026-09-23
sh600206,有研新材,51.48,1.53,3.063,51.47,51.48,49.95,49.36,51.8,49.36,73061401.0,3693151773.0,15:34:59,2026-09-23
sh600207,安彩高科,4.94,0.08,1.646,4.94,4.95,4.86,4.82,5.18,4.77,58821912.0,293753647.0,15:34:59,2026-09-23
sh600208,衢州发展,2.91,0.01,0.345,2.91,2.92,2.9,2.89,2.98,2.89,111330965.0,327023204.0,15:34:59,2026-09-23
sh600210,紫江企业,6.22,-0.02,-0.321,6.22,6.23,6.24,6.25,6.27,6.22,8092482.0,50506898.0,15:34:59,2026-09-23
sh600211,西藏药业,36.58,0.16,0.439,36.58,36.59,36.42,36.45,36.69,36.36,1808030.0,66010872.0,15:00:02,2026-09-23
sh600212,绿能慧充,5.8,-0.07,-1.193,5.8,5.81,5.87,5.88,5.89,5.7,8511500.0,49122078.0,15:00:02,2026-09-23
sh600215,派斯林,6.1,-0.14,-2.244,6.1,6.11,6.24,6.24,6.29,6.1,5281000.0,32552394.0,15:00:01,2026-09-23
sh600216,浙江医药,12.61,-0.11,-0.865,12.61,12.62,12.72,12.7,12.76,12.6,7901491.0,100072451.0,15:34:59,2026-09-23
sh600217,中再资环,3.22,-0.03,-0.923,3.21,3.22,3.25,3.25,3.27,3.19,11547508.0,37232256.0,15:00:00,2026-09-23
sh600218,全柴动力,7.98,-0.05,-0.623,7.98,7.99,8.03,8.0,8.1,7.91,16784773.0,134463319.0,15:34:59,2026-09-23
sh600219,南山铝业,4.69,-0.06,-1.263,4.69,4.7,4.75,4.76,4.77,4.69,67528582.0,318222836.0,15:34:59,2026-09-23
sh600221,海航控股,1.24,0.0,0.0,1.24,1.25,1.24,1.24,1.26,1.23,271343214.0,338083138.0,15:34:59,2026-09-23
sh600222,太龙药业,8.03,-0.09,-1.108,8.02,8.03,8.12,8.12,8.2,7.98,15307600.0,123507346.0,15:34:59,2026-09-23
sh600223,福瑞达,5.58,-0.09,-1.587,5.58,5.59,5.67,5.67,5.72,5.56,7450600.0,41849525.0,15:34:59,2026-09-23
sh600226,亨通股份,6.05,0.06,1.002,6.05,6.06,5.99,5.97,6.12,5.93,76782555.0,463786132.0,15:34:59,2026-09-23
sh600227,赤天化,3.88,-0.4,-9.346,3.88,3.89,4.28,4.27,4.27,3.86,240109646.0,949895293.0,15:34:59,2026-09-23
sh600228,返利科技,11.66,-0.23,-1.934,11.65,11.66,11.89,11.91,12.29,11.65,33365600.0,398257149.0,15:34:59,2026-09-23
sh600229,城市传媒,5.89,-0.06,-1.008,5.89,5.9,5.95,5.87,5.95,5.74,11890444.0,69564838.0,15:34:59,2026-09-23
sh600230,沧州大化,14.82,1.35,10.022,14.82,0.0,13.47,13.49,14.82,13.28,23248660.0,336636082.0,15:34:59,2026-09-23
sh600231,凌钢股份,1.76,0.08,4.762,1.75,1.76,1.68,1.68,1.85,1.66,94055568.0,167904839.0,15:34:59,2026-09-23
sh600232,金鹰股份,6.52,-0.11,-1.659,6.52,6.53,6.63,6.58,6.64,6.51,3030500.0,19880314.0,15:00:02,2026-09-23
sh600233,圆通速递,17.84,0.15,0.848,17.84,17.85,17.69,17.63,18.19,17.63,20517383.0,367844949.0,15:34:59,2026-09-23
sh600234,科新发展,22.65,0.1,0.443,22.6,22.65,22.55,22.55,22.86,22.03,2149200.0,48288142.0,15:34:59,2026-09-23
sh600235,民丰特纸,5.82,-0.05,-0.852,5.81,5.82,5.87,5.84,5.88,5.78,3294700.0,19179335.0,15:00:01,2026-09-23
sh600236,桂冠电力,9.29,-0.15,-1.589,9.29,9.3,9.44,9.45,9.45,9.25,6763858.0,63107390.0,15:34:59,2026-09-23
sh600237,铜峰电子,9.85,-0.27,-2.668,9.84,9.85,10.12,9.9,10.0,9.65,60659437.0,595454323.0,15:34:59,2026-09-23
sh600238,ST椰岛,4.08,-0.22,-5.116,4.08,4.09,4.3,4.26,4.26,4.06,8936672.0,37230234.0,15:00:00,2026-09-23
sh600239,ST云城,1.44,0.0,0.0,1.44,1.45,1.44,1.43,1.49,1.43,26450912.0,38797760.0,15:34:59,2026-09-23
sh600241,时代万恒,7.31,-0.09,-1.216,7.3,7.31,7.4,7.4,7.42,7.26,2384300.0,17477103.0,15:00:02,2026-09-23
sh600243,*ST海华,3.66,0.22,6.395,3.66,3.67,3.44,3.44,3.78,3.44,12482800.0,45665251.0,15:34:59,2026-09-23
sh600246,万通发展,14.78,0.14,0.956,14.78,14.79,14.64,14.75,15.28,14.31,151391882.0,2235281927.0,15:34:59,2026-09-23
sh600248,陕建股份,2.83,-0.03,-1.049,2.83,2.84,2.86,2.86,2.91,2.83,17550838.0,50387252.0,15:00:01,2026-09-23
sh600249,两面针,5.38,-0.15,-2.712,5.38,5.39,5.53,5.52,5.52,5.37,7210399.0,39095464.0,15:34:59,2026-09-23
sh600250,南京商旅,9.05,-0.1,-1.093,9.05,9.06,9.15,9.12,9.32,9.01,8336201.0,76147957.0,15:34:59,2026-09-23
sh600251,冠农股份,10.36,0.05,0.485,10.35,10.36,10.31,10.28,10.41,10.11,14334930.0,147213997.0,15:34:59,2026-09-23
sh600252,中恒集团,2.16,-0.05,-2.262,2.16,2.17,2.21,2.21,2.23,2.16,53077367.0,116144149.0,15:00:01,2026-09-23
sh600255,鑫科材料,3.54,-0.1,-2.747,3.53,3.54,3.64,3.63,3.64,3.52,68285899.0,243178823.0,15:34:59,2026-09-23
sh600256,广汇能源,6.86,-0.14,-2.0,6.86,6.87,7.0,6.95,7.02,6.83,72940712.0,502240369.0,15:34:59,2026-09-23
sh600257,大湖股份,5.54,-0.15,-2.636,5.53,5.54,5.69,5.67,5.67,5.51,10621658.0,59004813.0,15:34:59,2026-09-23
sh600258,首旅酒店,11.18,-0.17,-1.498,11.18,11.19,11.35,11.33,11.44,11.15,22610455.0,254744614.0,15:34:59,2026-09-23
sh600259,中稀有色,81.3,-1.95,-2.342,81.29,81.3,83.25,83.0,83.02,80.65,5718542.0,464856701.0,15:34:59,2026-09-23
sh600261,阳光照明,3.35,-0.11,-3.179,3.35,3.36,3.46,3.44,3.45,3.33,25786500.0,87126433.0,15:34:59,2026-09-23
sh600262,北方股份,14.83,-0.47,-3.072,14.83,14.85,15.3,15.02,15.02,14.5,5149220.0,76340254.0,15:34:59,2026-09-23
sh600265,*ST景谷,23.27,0.56,2.466,23.26,23.27,22.71,22.69,23.44,22.64,823400.0,19046641.0,15:00:01,2026-09-23
sh600266,城建发展,4.41,-0.06,-1.342,4.41,4.42,4.47,4.47,4.56,4.4,52588397.0,235455803.0,15:34:59,2026-09-23
sh600267,海正药业,11.8,0.04,0.34,11.79,11.8,11.76,11.77,11.91,11.71,20469917.0,241776330.0,15:34:59,2026-09-23
sh600268,国电南自,10.2,-0.21,-2.017,10.2,10.21,10.41,10.4,10.41,10.08,14941314.0,152127063.0,15:34:59,2026-09-23
sh600269,赣粤高速,3.79,-0.02,-0.525,3.79,3.8,3.81,3.81,3.83,3.78,9360854.0,35583198.0,15:00:01,2026-09-23
sh600271,航天信息,6.69,-0.12,-1.762,6.68,6.69,6.81,6.79,6.8,6.68,9437000.0,63477642.0,15:34:59,2026-09-23
sh600272,开开实业,15.81,-1.54,-8.876,15.81,15.82,17.35,16.78,16.78,15.67,37207380.0,595595235.0,15:34:59,2026-09-23
sh600273,嘉化能源,6.32,-0.04,-0.629,6.31,6.32,6.36,6.36,6.39,6.31,8460600.0,53635788.0,15:34:59,2026-09-23
sh600276,恒瑞医药,45.58,-0.14,-0.306,45.57,45.58,45.72,45.59,46.09,45.41,43438412.0,1983663514.0,15:34:59,2026-09-23
sh600278,东方创业,6.52,-0.08,-1.212,6.52,6.53,6.6,6.61,6.62,6.49,4296730.0,28132263.0,15:00:02,2026-09-23
sh600279,重庆港,4.26,-0.09,-2.069,4.26,4.27,4.35,4.34,4.34,4.25,5857851.0,25160005.0,15:34:59,2026-09-23
sh600280,中央商场,3.05,-0.09,-2.866,3.04,3.05,3.14,3.13,3.15,3.04,27976800.0,86532825.0,15:34:59,2026-09-23
sh600281,华阳新材,4.73,-0.14,-2.875,4.73,4.74,4.87,4.87,4.91,4.66,32220700.0,153327814.0,15:34:59,2026-09-23
sh600282,南钢股份,4.39,0.01,0.228,4.39,4.4,4.38,4.38,4.46,4.35,35401640.0,156080643.0,15:34:59,2026-09-23
sh600283,钱江水利,8.05,-0.01,-0.124,8.05,8.06,8.06,8.06,8.18,8.0,2560270.0,20681521.0,15:34:59,2026-09-23
sh600284,浦东建设,5.11,-0.07,-1.351,5.11,5.12,5.18,5.17,5.24,5.11,10661938.0,55081844.0,15:00:01,2026-09-23
sh600285,羚锐制药,19.08,-0.02,-0.105,19.08,19.1,19.1,19.11,19.22,19.03,3902500.0,74656384.0,15:34:59,2026-09-23
sh600287,苏豪时尚,4.98,-0.03,-0.599,4.98,4.99,5.01,5.03,5.03,4.95,2727300.0,13609233.0,15:00:02,2026-09-23
sh600288,大恒科技,10.95,-0.12,-1.084,10.95,10.96,11.07,11.08,11.08,10.89,8292550.0,90732275.0,15:34:59,2026-09-23
sh600289,ST信通,4.3,-0.12,-2.715,4.3,4.31,4.42,4.44,4.44,4.26,3052800.0,13186758.0,15:00:02,2026-09-23
sh600292,电投水电,11.38,-0.21,-1.812,11.38,11.39,11.59,11.62,11.62,11.38,8579194.0,98085118.0,15:34:59,2026-09-23
sh600293,三峡新材,3.7,0.34,10.119,3.7,0.0,3.36,3.31,3.7,3.25,63984474.0,232240321.0,15:34:59,2026-09-23
sh600295,鄂尔多斯,12.84,-0.18,-1.382,12.84,12.88,13.02,13.02,13.1,12.82,7224269.0,93470666.0,15:34:59,2026-09-23
sh600298,安琪酵母,39.76,0.34,0.863,39.76,39.77,39.42,39.4,40.25,39.23,4560408.0,181232157.0,15:34:59,2026-09-23
sh600299,安迪苏,8.37,-0.05,-0.594,8.37,8.38,8.42,8.4,8.42,8.3,19298725.0,161407912.0,15:34:59,2026-09-23
sh600300,维维股份,3.09,-0.03,-0.962,3.09,3.1,3.12,3.11,3.14,3.08,25012024.0,77667756.0,15:34:59,2026-09-23
sh600301,华锡有色,47.94,-0.93,-1.903,47.93,47.94,48.87,48.52,48.89,47.8,17372558.0,837639483.0,15:34:59,2026-09-23
sh600302,ST标准,7.1,0.21,3.048,7.09,7.1,6.89,6.85,7.1,6.78,3650300.0,25403421.0,15:34:59,2026-09-23
sh600303,曙光股份,3.0,-0.12,-3.846,3.0,3.01,3.12,3.12,3.23,2.99,38709713.0,118521769.0,15:34:59,2026-09-23
sh600305,恒顺醋业,6.78,0.05,0.743,6.78,6.79,6.73,6.72,6.9,6.7,8957575.0,61103567.0,15:34:59,2026-09-23
sh600307,酒钢宏兴,1.47,-0.01,-0.676,1.46,1.47,1.48,1.47,1.55,1.46,88168498.0,131351864.0,15:34:59,2026-09-23
sh600308,华泰股份,3.36,0.02,0.599,3.36,3.37,3.34,3.32,3.4,3.3,19137406.0,63828006.0,15:34:59,2026-09-23
sh600309,万华化学,71.6,0.94,1.33,71.59,71.6,70.66,70.66,72.49,69.62,38983055.0,2769707529.0,15:34:59,2026-09-23
sh600310,广西能源,4.42,-0.22,-4.741,4.41,4.42,4.64,4.63,4.65,4.4,44242310.0,197891814.0,15:34:59,2026-09-23
sh600312,平高电气,18.93,-0.37,-1.917,18.93,18.95,19.3,19.25,19.32,18.88,10350373.0,196666589.0,15:34:59,2026-09-23
sh600313,农发种业,6.99,-0.19,-2.646,6.98,6.99,7.18,7.12,7.18,6.9,41021568.0,287416843.0,15:34:59,2026-09-23
sh600315,上海家化,18.54,0.06,0.325,18.54,18.55,18.48,18.43,18.95,18.38,5944811.0,111042529.0,15:00:01,2026-09-23
sh600316,洪都航空,33.83,-0.28,-0.821,33.83,33.85,34.11,34.11,34.22,33.61,6175348.0,208944500.0,15:00:00,2026-09-23
sh600318,新力金融,6.87,-0.24,-3.376,6.87,6.88,7.11,7.07,7.1,6.85,20743928.0,143522421.0,15:34:59,2026-09-23
sh600319,亚星化学,6.25,-0.03,-0.478,6.25,6.26,6.28,6.25,6.34,6.21,3388800.0,21249464.0,15:00:01,2026-09-23
sh600320,振华重工,4.07,-0.05,-1.214,4.07,4.08,4.12,4.12,4.14,4.06,36809823.0,150669903.0,15:34:59,2026-09-23
sh600322,津投城开,2.76,-0.03,-1.075,2.75,2.76,2.79,2.79,2.85,2.74,35194410.0,98415427.0,15:00:02,2026-09-23
sh600323,瀚蓝环境,28.9,0.09,0.312,28.9,28.91,28.81,28.71,29.25,28.61,2960800.0,85703705.0,15:00:00,2026-09-23
sh600325,华发股份,2.8,-0.02,-0.709,2.8,2.81,2.82,2.81,2.99,2.76,222808132.0,638599660.0,15:34:59,2026-09-23
sh600326,西藏天路,7.22,0.36,5.248,7.22,7.23,6.86,6.87,7.47,6.78,56914872.0,410670709.0,15:34:59,2026-09-23
sh600327,大东方,3.77,-0.15,-3.827,3.77,3.78,3.92,3.91,3.95,3.76,16951501.0,64851417.0,15:34:59,2026-09-23
sh600328,中盐化工,5.72,-0.06,-1.038,5.72,5.73,5.78,5.77,5.8,5.71,10822836.0,62113604.0,15:00:01,2026-09-23
sh600329,达仁堂,35.39,0.29,0.826,35.39,35.4,35.1,35.11,35.68,34.99,1586212.0,56192941.0,15:34:59,2026-09-23
sh600330,天通股份,29.98,0.27,0.909,29.98,29.99,29.71,29.5,30.38,29.33,86084381.0,2580711392.0,15:34:59,2026-09-23
sh600331,宏达股份,12.12,0.2,1.678,12.11,12.12,11.92,11.92,12.18,11.88,28022873.0,337752710.0,15:34:59,2026-09-23
sh600332,白云山,19.67,-0.01,-0.051,19.67,19.68,19.68,19.66,19.76,19.59,4163585.0,81961250.0,15:34:59,2026-09-23
sh600333,长春燃气,6.78,-0.07,-1.022,6.78,6.79,6.85,6.85,6.86,6.76,7316000.0,49717122.0,15:00:02,2026-09-23
sh600335,国机汽车,5.13,-0.04,-0.774,5.13,5.14,5.17,5.19,5.23,5.11,8024581.0,41469748.0,15:00:01,2026-09-23
sh600336,澳柯玛,6.32,-0.13,-2.016,6.32,6.33,6.45,6.45,6.46,6.3,4595230.0,29194387.0,15:34:59,2026-09-23
sh600337,ST美克,3.32,-0.07,-2.065,3.32,3.33,3.39,3.39,3.55,3.28,49162790.0,168242406.0,15:00:01,2026-09-23
sh600338,西藏珠峰,12.42,-0.37,-2.893,12.42,12.43,12.79,12.79,12.8,12.41,21341798.0,266999821.0,15:34:59,2026-09-23
sh600339,中油工程,3.25,-0.09,-2.695,3.25,3.26,3.34,3.33,3.34,3.23,44312700.0,144918637.0,15:34:59,2026-09-23
sh600340,*ST华幸,1.15,0.03,2.679,1.15,1.16,1.12,1.12,1.23,1.12,161330969.0,188806052.0,15:34:59,2026-09-23
sh600343,航天动力,19.87,-0.42,-2.07,19.87,19.88,20.29,20.22,20.36,19.77,24520746.0,488998279.0,15:34:59,2026-09-23
sh600345,长江通信,53.93,-0.48,-0.882,53.93,53.94,54.41,54.45,54.76,53.11,7341827.0,396211430.0,15:34:59,2026-09-23
sh600346,恒力石化,16.88,0.34,2.056,16.88,16.89,16.54,16.48,17.2,16.43,37530179.0,631861168.0,15:34:59,2026-09-23
sh600348,华阳股份,8.98,-0.26,-2.814,8.98,8.99,9.24,9.19,9.26,8.98,18220495.0,165395386.0,15:34:59,2026-09-23
sh600350,山东高速,10.03,0.03,0.3,10.03,10.04,10.0,10.05,10.09,9.98,8580800.0,86048293.0,15:34:59,2026-09-23
sh600351,亚宝药业,6.73,-0.11,-1.608,6.73,6.74,6.84,6.83,6.87,6.72,15103400.0,102379771.0,15:34:59,2026-09-23
sh600352,浙江龙盛,12.5,-0.12,-0.951,12.49,12.5,12.62,12.63,12.77,12.45,31105752.0,390714634.0,15:34:59,2026-09-23
sh600353,旭光电子,33.45,0.13,0.39,33.44,33.45,33.32,33.2,34.55,32.55,51906663.0,1738895799.0,15:34:59,2026-09-23
sh600354,敦煌种业,10.08,-0.04,-0.395,10.08,10.09,10.12,10.12,10.48,9.65,118301009.0,1196565757.0,15:34:59,2026-09-23
sh600356,恒丰纸业,10.7,-0.23,-2.104,10.7,10.71,10.93,11.1,11.19,10.51,24829450.0,268378362.0,15:34:59,2026-09-23
sh600358,国旅联合,5.2,0.06,1.167,5.2,5.21,5.14,5.16,5.32,5.12,6038000.0,31476060.0,15:34:59,2026-09-23
sh600359,新农开发,7.84,-0.2,-2.488,7.84,7.85,8.04,7.96,7.98,7.71,23550759.0,184775744.0,15:34:59,2026-09-23
sh600360,华微电子,11.39,0.01,0.088,11.39,11.4,11.38,11.35,11.58,11.15,63917520.0,726665759.0,15:34:59,2026-09-23
sh600361,创新新材,3.49,-0.04,-1.133,3.49,3.5,3.53,3.53,3.54,3.49,24456826.0,85943637.0,15:34:59,2026-09-23
sh600362,江西铜业,44.55,-0.55,-1.22,44.54,44.55,45.1,45.48,45.54,44.4,35090163.0,1570699302.0,15:34:59,2026-09-23
sh600363,联创光电,15.1,-0.88,-5.507,15.1,15.11,15.98,15.8,15.89,15.02,34089597.0,520946058.0,15:34:59,2026-09-23
sh600365,ST通葡,2.85,-0.01,-0.35,2.84,2.85,2.86,2.86,2.87,2.82,1491400.0,4242445.0,15:00:00,2026-09-23
sh600366,宁波韵升,11.33,-0.1,-0.875,11.32,11.33,11.43,11.4,11.43,11.24,15744517.0,178093199.0,15:34:59,2026-09-23
sh600367,红星发展,39.21,0.92,2.403,39.21,39.22,38.29,37.65,39.38,37.08,43434415.0,1680354427.0,15:34:59,2026-09-23
sh600368,五洲交通,4.12,0.06,1.478,4.11,4.12,4.06,4.06,4.13,4.04,19227731.0,78832857.0,15:34:59,2026-09-23
sh600369,西南证券,3.99,0.0,0.0,3.98,3.99,3.99,3.99,4.01,3.97,19357088.0,77188618.0,15:34:59,2026-09-23
sh600370,*ST三房,1.49,-0.01,-0.667,1.49,1.5,1.5,1.5,1.52,1.49,11121200.0,16697215.0,15:34:59,2026-09-23
sh600371,万向德农,17.28,1.57,9.994,17.28,0.0,15.71,15.39,17.28,14.7,81253578.0,1324585012.0,15:34:59,2026-09-23
sh600372,中航机载,11.43,-0.14,-1.21,11.43,11.44,11.57,11.52,11.64,11.43,18459407.0,212405165.0,15:34:59,2026-09-23
sh600373,中文传媒,7.46,-0.2,-2.611,7.46,7.47,7.66,7.68,7.76,7.46,18120900.0,136821064.0,15:34:59,2026-09-23
sh600375,汉马科技,3.67,-0.04,-1.078,3.66,3.67,3.71,3.71,3.77,3.65,19907400.0,73782785.0,15:34:59,2026-09-23
sh600376,首开股份,3.33,-0.07,-2.059,3.32,3.33,3.4,3.36,3.46,3.31,85203688.0,287556472.0,15:34:59,2026-09-23
sh600377,宁沪高速,12.58,0.04,0.319,12.58,12.6,12.54,12.54,12.66,12.48,7008041.0,88258679.0,15:34:59,2026-09-23
sh600378,昊华科技,46.8,-0.27,-0.574,46.8,46.81,47.07,46.91,47.56,46.6,28080367.0,1319478770.0,15:34:59,2026-09-23
sh600379,XD宝光股份,14.95,0.26,1.77,14.95,14.96,14.69,14.89,15.41,14.53,15222822.0,227842233.0,15:34:59,2026-09-23
sh600380,健康元,9.41,0.03,0.32,9.4,9.41,9.38,9.36,9.47,9.32,13586966.0,127728987.0,15:34:59,2026-09-23
sh600381,*ST春天,4.34,0.08,1.878,4.33,4.34,4.26,4.25,4.45,4.22,8430101.0,36545560.0,15:34:59,2026-09-23
sh600382,广东明珠,5.9,-0.12,-1.993,5.9,5.91,6.02,6.02,6.24,5.88,24577746.0,148672364.0,15:34:59,2026-09-23
sh600383,金地集团,2.51,0.01,0.4,2.51,2.52,2.5,2.48,2.65,2.47,315949869.0,812019795.0,15:34:59,2026-09-23
sh600386,北巴传媒,3.49,-0.1,-2.786,3.49,3.5,3.59,3.58,3.58,3.48,7441800.0,26216947.0,15:00:01,2026-09-23
sh600388,紫金龙净,17.22,0.09,0.525,17.22,17.23,17.13,17.18,17.56,17.0,7611943.0,131992898.0,15:34:59,2026-09-23
sh600389,江山股份,18.62,-0.24,-1.273,18.62,18.63,18.86,18.78,18.95,18.54,6964505.0,130142291.0,15:34:59,2026-09-23
sh600390,五矿资本,4.87,-0.04,-0.815,4.86,4.87,4.91,4.91,4.96,4.86,28131700.0,137878772.0,15:34:59,2026-09-23
sh600391,航发科技,42.98,0.14,0.327,42.98,43.01,42.84,42.4,44.45,42.15,14009904.0,606669561.0,15:34:59,2026-09-23
sh600392,盛和资源,21.78,-0.41,-1.848,21.77,21.78,22.19,22.15,22.15,21.72,24646237.0,537800639.0,15:34:59,2026-09-23
sh600395,盘江股份,5.04,-0.13,-2.515,5.04,5.05,5.17,5.15,5.21,5.03,23028924.0,116966412.0,15:34:59,2026-09-23
sh600396,华电辽能,12.99,-0.87,-6.277,12.99,13.0,13.86,13.7,13.7,12.91,137306416.0,1805147895.0,15:34:59,2026-09-23
sh600397,江钨装备,17.74,0.25,1.429,17.74,17.75,17.49,17.35,17.87,17.11,66217924.0,1165880748.0,15:34:59,2026-09-23
sh600398,海澜之家,5.69,-0.01,-0.175,5.69,5.7,5.7,5.71,5.76,5.68,20781200.0,118834375.0,15:34:59,2026-09-23
sh600399,抚顺特钢,4.37,-0.01,-0.228,4.36,4.37,4.38,4.37,4.42,4.32,23215202.0,101478978.0,15:34:59,2026-09-23
sh600400,红豆股份,3.37,-0.06,-1.749,3.37,3.38,3.43,3.44,3.45,3.32,57381797.0,193193369.0,15:34:59,2026-09-23
sh600403,大有能源,7.24,-0.36,-4.737,7.24,7.25,7.6,7.53,7.7,7.2,134112784.0,991246410.0,15:34:59,2026-09-23
sh600405,动力源,5.05,0.04,0.798,5.04,5.05,5.01,5.02,5.16,4.98,10670314.0,54051168.0,15:34:59,2026-09-23
sh600406,国电南瑞,22.38,0.15,0.675,22.38,22.39,22.23,22.25,22.43,22.12,30679442.0,684806456.0,15:34:59,2026-09-23
sh600408,安泰集团,2.98,-0.15,-4.792,2.98,2.99,3.13,3.13,3.14,2.97,54781135.0,165224228.0,15:34:59,2026-09-23
sh600409,三友化工,6.32,-0.03,-0.472,6.32,6.33,6.35,6.34,6.41,6.29,13149115.0,83287201.0,15:34:59,2026-09-23
sh600410,华胜天成,15.87,-0.61,-3.701,15.86,15.87,16.48,16.15,16.28,15.77,106769633.0,1702926373.0,15:34:59,2026-09-23
sh600415,小商品城,10.81,-1.04,-8.776,10.81,10.82,11.85,11.82,11.87,10.68,146665166.0,1622133012.0,15:34:59,2026-09-23
sh600416,湘电股份,8.44,-0.12,-1.402,8.44,8.45,8.56,8.57,8.57,8.44,8816200.0,74877926.0,15:34:59,2026-09-23
sh600418,江淮汽车,23.45,2.13,9.991,23.45,0.0,21.32,21.97,23.45,21.89,217062214.0,4935453759.0,15:34:59,2026-09-23
sh600419,天润乳业,8.75,-0.05,-0.568,8.74,8.75,8.8,8.75,8.86,8.71,2528000.0,22155187.0,15:00:00,2026-09-23
sh600420,国药现代,8.34,-0.06,-0.714,8.34,8.36,8.4,8.37,8.44,8.34,5109100.0,42787964.0,15:34:59,2026-09-23
sh600422,昆药集团,8.14,-0.11,-1.333,8.14,8.15,8.25,8.25,8.28,8.14,4114380.0,33722494.0,15:00:00,2026-09-23
sh600423,*ST柳化,2.71,-0.02,-0.733,2.71,2.72,2.73,2.73,2.74,2.7,2403200.0,6539747.0,15:00:01,2026-09-23
sh600425,青松建化,3.66,0.03,0.826,3.66,3.67,3.63,3.63,3.85,3.6,28263835.0,104803776.0,15:34:59,2026-09-23
sh600426,华鲁恒升,20.38,-0.02,-0.098,20.37,20.38,20.4,20.25,20.63,20.07,26239438.0,534440846.0,15:34:59,2026-09-23
sh600428,中远海特,11.23,-0.11,-0.97,11.22,11.23,11.34,11.3,11.4,11.18,18894418.0,212547236.0,15:34:59,2026-09-23
sh600429,XD三元股份,4.55,-0.01,-0.219,4.54,4.55,4.56,4.55,4.62,4.51,7794200.0,35534763.0,15:34:59,2026-09-23
sh600433,冠豪高新,3.29,-0.08,-2.374,3.28,3.29,3.37,3.37,3.37,3.28,19180400.0,63626919.0,15:34:59,2026-09-23
sh600435,北方导航,11.32,-0.36,-3.082,11.32,11.33,11.68,11.69,11.72,11.31,15913800.0,181527826.0,15:34:59,2026-09-23
sh600436,片仔癀,120.1,-0.72,-0.596,120.1,120.16,120.82,120.2,121.88,119.75,1770835.0,214020445.0,15:34:59,2026-09-23
sh600438,通威股份,11.58,-0.14,-1.195,11.57,11.58,11.72,11.72,11.82,11.55,25572024.0,298306201.0,15:34:59,2026-09-23
sh600439,ST瑞贝卡,1.87,-0.01,-0.532,1.87,1.88,1.88,1.88,1.89,1.87,5690474.0,10659305.0,15:00:01,2026-09-23
sh600444,国机通用,14.5,0.2,1.399,14.5,14.51,14.3,14.36,14.57,14.19,1856200.0,26757859.0,15:00:01,2026-09-23
sh600446,金证股份,10.62,-0.28,-2.569,10.62,10.64,10.9,10.9,10.92,10.61,11461016.0,122620357.0,15:34:59,2026-09-23
sh600448,华纺股份,3.26,-0.32,-8.939,3.25,3.26,3.58,3.47,3.55,3.23,189311897.0,633612781.0,15:34:59,2026-09-23
sh600449,宁夏建材,13.11,0.01,0.076,13.1,13.11,13.1,13.1,13.18,13.0,6570989.0,86024229.0,15:34:59,2026-09-23
sh600452,涪陵电力,8.93,-0.1,-1.107,8.92,8.93,9.03,9.03,9.04,8.91,28198297.0,252241041.0,15:34:59,2026-09-23
sh600455,博通股份,24.37,0.14,0.578,24.3,24.37,24.23,24.4,24.65,23.75,1522200.0,36992913.0,15:00:00,2026-09-23
sh600456,宝钛股份,25.45,-0.19,-0.741,25.44,25.45,25.64,25.64,25.73,25.43,2140164.0,54608310.0,15:00:01,2026-09-23
sh600458,时代新材,11.23,0.02,0.178,11.23,11.24,11.21,11.23,11.28,11.09,10142835.0,113800547.0,15:34:59,2026-09-23
sh600459,贵研铂业,19.09,-0.14,-0.728,19.09,19.1,19.23,19.29,19.4,19.03,8257606.0,157954215.0,15:34:59,2026-09-23
sh600460,士兰微,33.67,0.27,0.808,33.67,33.68,33.4,33.53,33.89,32.9,68296878.0,2285966195.0,15:34:59,2026-09-23
sh600461,洪城环境,8.84,0.01,0.113,8.84,8.85,8.83,8.82,8.87,8.79,7553850.0,66695741.0,15:00:02,2026-09-23
sh600463,空港股份,8.26,-0.03,-0.362,8.26,8.27,8.29,8.36,8.39,8.16,3603600.0,29854392.0,15:00:00,2026-09-23
sh600467,好当家,2.41,-0.03,-1.23,2.4,2.41,2.44,2.43,2.44,2.39,31478800.0,76042849.0,15:00:00,2026-09-23
sh600468,百利电气,6.06,-0.22,-3.503,6.05,6.06,6.28,6.3,6.3,6.05,26765401.0,163675804.0,15:34:59,2026-09-23
sh600469,风神股份,4.98,-0.06,-1.19,4.98,4.99,5.04,5.04,5.04,4.97,4846900.0,24243823.0,15:34:59,2026-09-23
sh600470,六国化工,5.65,-0.16,-2.754,5.65,5.66,5.81,5.8,5.8,5.56,19883500.0,112331154.0,15:34:59,2026-09-23
sh600475,华光环能,15.1,0.18,1.206,15.1,15.11,14.92,14.92,15.33,14.76,6715617.0,101431170.0,15:34:59,2026-09-23
sh600476,*ST湘邮,10.24,-0.35,-3.305,10.24,10.28,10.59,10.62,10.62,10.17,1639600.0,17000718.0,15:00:01,2026-09-23
sh600477,杭萧钢构,2.42,-0.02,-0.82,2.41,2.42,2.44,2.43,2.47,2.4,27777020.0,67616168.0,15:34:59,2026-09-23
sh600478,科力远,4.48,-0.1,-2.183,4.48,4.49,4.58,4.58,4.61,4.48,22599500.0,102133701.0,15:34:59,2026-09-23
sh600479,千金药业,13.19,-0.38,-2.8,13.18,13.19,13.57,13.09,14.52,12.8,111383142.0,1500597896.0,15:34:59,2026-09-23
sh600480,凌云股份,7.78,0.04,0.517,7.78,7.79,7.74,7.71,7.88,7.7,9104324.0,70930635.0,15:34:59,2026-09-23
sh600481,双良节能,4.05,-0.05,-1.22,4.04,4.05,4.1,4.08,4.28,4.04,61009697.0,251200649.0,15:34:59,2026-09-23
sh600482,中国动力,34.73,-0.61,-1.726,34.72,34.73,35.34,35.64,35.64,34.6,10239061.0,357482920.0,15:34:59,2026-09-23
sh600483,福能股份,10.67,-0.06,-0.559,10.67,10.68,10.73,10.7,10.79,10.62,9606370.0,102781811.0,15:00:01,2026-09-23
sh600486,扬农化工,52.51,-0.45,-0.85,52.51,52.53,52.96,53.1,53.15,52.35,1758955.0,92577058.0,15:34:59,2026-09-23
sh600487,亨通光电,69.94,-3.06,-4.192,69.94,69.95,73.0,73.07,73.5,69.58,157629984.0,11146720418.0,15:34:59,2026-09-23
sh600488,津药药业,5.9,-0.23,-3.752,5.89,5.9,6.13,6.06,6.15,5.88,73595100.0,438551645.0,15:34:59,2026-09-23
sh600489,中金黄金,23.4,-0.07,-0.298,23.4,23.41,23.47,23.6,23.7,23.33,39332943.0,924127837.0,15:34:59,2026-09-23
sh600490,鹏欣资源,7.13,-0.04,-0.558,7.13,7.14,7.17,7.2,7.22,7.1,19011055.0,135702613.0,15:34:59,2026-09-23
sh600491,ST龙元,1.67,0.03,1.829,1.66,1.67,1.64,1.63,1.69,1.6,51779855.0,85091332.0,15:34:59,2026-09-23
sh600493,凤竹纺织,6.35,-0.11,-1.703,6.33,6.35,6.46,6.43,6.45,6.31,4468301.0,28451025.0,15:00:01,2026-09-23
sh600495,晋西车轴,4.07,-0.04,-0.973,4.07,4.08,4.11,4.11,4.12,4.06,7110652.0,29052519.0,15:00:02,2026-09-23
sh600496,精工钢构,3.34,0.03,0.906,3.33,3.34,3.31,3.3,3.4,3.29,29190221.0,97821796.0,15:00:01,2026-09-23
sh600497,驰宏锌锗,9.63,-0.16,-1.634,9.63,9.64,9.79,9.81,9.84,9.6,57818011.0,558633980.0,15:34:59,2026-09-23
sh600498,烽火通信,42.54,-0.97,-2.229,42.53,42.54,43.51,43.45,43.72,42.3,55966957.0,2394684614.0,15:34:59,2026-09-23
sh600499,科达制造,11.66,-0.4,-3.317,11.66,11.67,12.06,11.85,11.99,11.4,77137996.0,895180273.0,15:34:59,2026-09-23
sh600500,中化国际,5.8,0.03,0.52,5.8,5.81,5.77,5.75,5.91,5.72,98071612.0,570300904.0,15:34:59,2026-09-23
sh600501,航天晨光,14.52,-0.33,-2.222,14.52,14.53,14.85,14.85,14.91,14.51,3687700.0,53843950.0,15:00:02,2026-09-23
sh600502,安徽建工,4.13,0.0,0.0,4.13,4.14,4.13,4.13,4.19,4.11,31831242.0,132117408.0,15:34:59,2026-09-23
sh600503,华丽家族,2.94,0.27,10.112,2.94,0.0,2.67,2.67,2.94,2.59,414325115.0,1181594383.0,15:34:59,2026-09-23
sh600505,西昌电力,10.24,-0.35,-3.305,10.24,10.25,10.59,10.56,10.58,10.22,10751000.0,111038694.0,15:34:59,2026-09-23
sh600506,统一股份,17.1,-0.53,-3.006,17.09,17.1,17.63,17.5,17.62,17.0,18227959.0,313992975.0,15:34:59,2026-09-23
sh600507,方大特钢,4.04,-0.03,-0.737,4.04,4.05,4.07,4.07,4.12,4.04,15875141.0,64610068.0,15:34:59,2026-09-23
sh600508,上海能源,10.83,-0.17,-1.545,10.83,10.84,11.0,10.92,11.05,10.79,16938142.0,184633382.0,15:34:59,2026-09-23
sh600509,天富能源,7.26,-0.08,-1.09,7.26,7.27,7.34,7.32,7.36,7.22,12447572.0,90514671.0,15:34:59,2026-09-23
sh600510,黑牡丹,6.78,0.02,0.296,6.78,6.79,6.76,6.76,6.89,6.65,6100601.0,41238767.0,15:00:02,2026-09-23
sh600511,国药股份,26.11,-0.01,-0.038,26.11,26.12,26.12,26.13,26.26,26.03,2276101.0,59535263.0,15:34:59,2026-09-23
sh600512,腾达建设,2.06,-0.01,-0.483,2.05,2.06,2.07,2.08,2.11,2.05,25451600.0,52834842.0,15:00:02,2026-09-23
sh600513,联环药业,14.97,-0.42,-2.729,14.97,14.98,15.39,15.38,15.39,14.85,7422556.0,111834280.0,15:34:59,2026-09-23
sh600515,海南机场,2.73,-0.03,-1.087,2.73,2.74,2.76,2.75,2.79,2.72,81287237.0,223252416.0,15:00:02,2026-09-23
sh600516,方大炭素,5.42,-0.07,-1.275,5.41,5.42,5.49,5.46,5.49,5.37,47028625.0,254683669.0,15:34:59,2026-09-23
sh600517,国网英大,4.93,-0.06,-1.202,4.92,4.93,4.99,4.98,4.99,4.91,15407000.0,76188149.0,15:00:00,2026-09-23
sh600518,康美药业,1.35,-0.01,-0.735,1.35,1.36,1.36,1.36,1.38,1.35,105637899.0,143675976.0,15:34:59,2026-09-23
sh600519,贵州茅台,1251.24,-2.56,-0.204,1251.24,1251.38,1253.8,1255.03,1271.5,1250.89,3098122.0,3894630783.0,15:34:59,2026-09-23
sh600520,三佳科技,26.14,0.35,1.357,26.14,26.15,25.79,25.79,26.4,25.66,6032702.0,157220919.0,15:34:59,2026-09-23
sh600521,华海药业,16.41,-0.16,-0.966,16.4,16.41,16.57,16.5,16.63,16.33,17316859.0,285133785.0,15:34:59,2026-09-23
sh600522,中天科技,35.78,-1.1,-2.983,35.78,35.79,36.88,36.6,36.78,35.54,170381437.0,6118976370.0,15:34:59,2026-09-23
sh600523,贵航股份,11.93,-0.2,-1.649,11.93,11.94,12.13,12.06,12.15,11.92,2590340.0,30989289.0,15:00:02,2026-09-23
sh600525,长园集团,4.91,-0.1,-1.996,4.9,4.91,5.01,4.98,5.0,4.86,11980200.0,58781751.0,15:34:59,2026-09-23
sh600526,菲达环保,4.54,0.01,0.221,4.54,4.55,4.53,4.53,4.6,4.51,5885600.0,26869470.0,15:00:01,2026-09-23
sh600527,江南高纤,2.19,-0.01,-0.455,2.18,2.19,2.2,2.2,2.22,2.18,30410160.0,66840101.0,15:34:59,2026-09-23
sh600528,中铁工业,6.81,-0.02,-0.293,6.81,6.82,6.83,6.84,6.87,6.81,4781951.0,32685364.0,15:34:59,2026-09-23
sh600529,山东药玻,18.5,0.1,0.543,18.5,18.51,18.4,18.46,18.58,18.33,3290099.0,60898681.0,15:34:59,2026-09-23
sh600530,ST交昂,3.98,-0.06,-1.485,3.97,3.98,4.04,4.03,4.13,3.96,5369300.0,21681527.0,15:34:59,2026-09-23
sh600531,豫光金铅,12.04,-0.13,-1.068,12.04,12.05,12.17,12.25,12.26,12.01,20931738.0,252540323.0,15:34:59,2026-09-23
sh600533,栖霞建设,2.23,-0.03,-1.327,2.23,2.24,2.26,2.26,2.31,2.23,18739600.0,42496224.0,15:00:02,2026-09-23
sh600535,天士力,13.89,-0.06,-0.43,13.89,13.9,13.95,13.94,13.98,13.85,7501498.0,104258536.0,15:00:00,2026-09-23
sh600536,中国软件,31.39,-0.71,-2.212,31.38,31.39,32.1,31.96,32.02,31.3,9654999.0,305005364.0,15:34:59,2026-09-23
sh600537,*ST亿晶,2.19,-0.04,-1.794,2.18,2.19,2.23,2.22,2.31,2.18,47440400.0,106363900.0,15:34:59,2026-09-23
sh600538,国发股份,4.82,-0.08,-1.633,4.82,4.83,4.9,4.9,4.94,4.82,6423100.0,31253246.0,15:00:02,2026-09-23
sh600539,狮头股份,14.62,0.82,5.942,14.61,14.62,13.8,13.77,14.84,13.77,25497626.0,369373148.0,15:34:59,2026-09-23
sh600540,新赛股份,5.8,-0.23,-3.814,5.79,5.8,6.03,5.9,5.99,5.66,99522725.0,576120738.0,15:34:59,2026-09-23
sh600543,*ST莫高,4.09,-0.03,-0.728,4.09,4.1,4.12,4.08,4.18,4.07,1605820.0,6582952.0,15:00:02,2026-09-23
sh600545,卓郎智能,4.42,-0.08,-1.778,4.41,4.42,4.5,4.55,4.79,4.39,129874827.0,589776077.0,15:34:59,2026-09-23
sh600546,山煤国际,13.37,-0.27,-1.979,13.37,13.38,13.64,13.51,13.73,13.29,12971269.0,174026488.0,15:34:59,2026-09-23
sh600547,山东黄金,30.93,-0.52,-1.653,30.92,30.93,31.45,31.5,31.63,30.79,48471229.0,1508177076.0,15:34:59,2026-09-23
sh600548,深高速,8.04,-0.06,-0.741,8.04,8.05,8.1,8.1,8.11,8.02,2360800.0,19013693.0,15:34:59,2026-09-23
sh600549,厦门钨业,48.71,-0.63,-1.277,48.71,48.72,49.34,49.33,49.45,48.35,24818519.0,1209208634.0,15:34:59,2026-09-23
sh600550,保变电气,10.4,-0.34,-3.166,10.4,10.41,10.74,10.7,10.73,10.37,23486984.0,245754851.0,15:34:59,2026-09-23
sh600551,时代出版,7.75,-0.15,-1.899,7.75,7.76,7.9,7.82,7.85,7.55,30858452.0,237014321.0,15:34:59,2026-09-23
sh600552,凯盛科技,18.56,0.66,3.687,18.55,18.56,17.9,17.89,18.77,17.89,100498124.0,1861869621.0,15:34:59,2026-09-23
sh600556,天下秀,4.6,-0.21,-4.366,4.6,4.61,4.81,4.81,4.81,4.6,48594843.0,226335809.0,15:34:59,2026-09-23
sh600557,康缘药业,12.38,-0.03,-0.242,12.38,12.4,12.41,12.42,12.51,12.35,3801750.0,47229627.0,15:00:00,2026-09-23
sh600558,大西洋,4.75,-0.09,-1.86,4.75,4.76,4.84,4.82,4.85,4.73,11485570.0,54763387.0,15:34:59,2026-09-23
sh600559,老白干酒,11.17,-0.1,-0.887,11.17,11.18,11.27,11.22,11.53,11.17,15411284.0,174711852.0,15:34:59,2026-09-23
sh600560,金自天正,11.31,-0.07,-0.615,11.29,11.31,11.38,11.38,11.43,11.21,1939800.0,21925386.0,15:00:02,2026-09-23
sh600561,江西长运,5.85,-0.05,-0.847,5.84,5.85,5.9,5.93,5.93,5.77,3567000.0,20829946.0,15:00:02,2026-09-23
sh600562,国睿科技,27.95,-0.83,-2.884,27.95,27.96,28.78,28.55,28.55,27.84,7241577.0,203345355.0,15:34:59,2026-09-23
sh600563,法拉电子,125.2,1.18,0.951,125.18,125.2,124.02,124.0,126.26,123.33,3372525.0,420986746.0,15:34:59,2026-09-23
sh600566,济川药业,24.57,-0.17,-0.687,24.57,24.62,24.74,24.78,25.0,24.57,3205183.0,79340770.0,15:34:59,2026-09-23
sh600567,山鹰国际,1.32,-0.01,-0.752,1.32,1.33,1.33,1.33,1.35,1.32,53753800.0,71603004.0,15:34:59,2026-09-23
sh600568,ST中珠,2.37,-0.02,-0.837,2.36,2.37,2.39,2.36,2.42,2.36,4828800.0,11475861.0,15:34:59,2026-09-23
sh600569,安阳钢铁,1.77,0.0,0.0,1.76,1.77,1.77,1.77,1.88,1.74,54180783.0,97593604.0,15:34:59,2026-09-23
sh600570,恒生电子,20.2,-0.3,-1.463,20.2,20.21,20.5,20.45,20.48,20.19,11769109.0,238799111.0,15:34:59,2026-09-23
sh600571,信雅达,10.3,-0.3,-2.83,10.3,10.31,10.6,10.58,10.6,10.3,6421531.0,66572694.0,15:34:59,2026-09-23
sh600572,康恩贝,4.25,-0.07,-1.62,4.24,4.25,4.32,4.3,4.34,4.24,39037100.0,167159402.0,15:34:59,2026-09-23
sh600573,惠泉啤酒,10.1,0.14,1.406,10.09,10.1,9.96,9.96,10.3,9.87,7287200.0,73795614.0,15:34:59,2026-09-23
sh600575,淮河能源,3.15,-0.04,-1.254,3.15,3.16,3.19,3.19,3.2,3.15,25434600.0,80526512.0,15:34:59,2026-09-23
sh600576,祥源文旅,5.41,-0.04,-0.734,5.41,5.42,5.45,5.45,5.48,5.39,5606800.0,30416860.0,15:34:59,2026-09-23
sh600577,精达股份,8.9,0.0,0.0,8.89,8.9,8.9,8.9,8.98,8.75,65569735.0,581754738.0,15:34:59,2026-09-23
sh600578,京能电力,5.23,-0.11,-2.06,5.23,5.24,5.34,5.34,5.35,5.22,49925759.0,262159900.0,15:34:59,2026-09-23
sh600579,中化装备,7.16,-0.09,-1.241,7.16,7.17,7.25,7.24,7.32,7.15,4868179.0,35115514.0,15:00:02,2026-09-23
sh600580,卧龙电驱,27.15,-0.26,-0.949,27.14,27.15,27.41,27.41,27.44,27.08,13580810.0,369202904.0,15:34:59,2026-09-23
sh600581,*ST八钢,2.48,0.04,1.639,2.48,2.49,2.44,2.44,2.56,2.43,13091722.0,32683783.0,15:00:02,2026-09-23
sh600582,天地科技,4.88,0.02,0.412,4.88,4.89,4.86,4.85,4.91,4.84,15856296.0,77435916.0,15:00:02,2026-09-23
sh600583,海油工程,6.36,-0.09,-1.395,6.35,6.36,6.45,6.43,6.47,6.31,29895933.0,190372740.0,15:34:59,2026-09-23
sh600584,长电科技,71.82,-0.42,-0.581,71.82,71.83,72.24,72.4,72.52,70.98,57705027.0,4141974258.0,15:34:59,2026-09-23
sh600585,海螺水泥,17.3,0.18,1.051,17.29,17.3,17.12,17.09,17.67,17.05,25565887.0,444002083.0,15:34:59,2026-09-23
sh600586,金晶科技,4.0,-0.06,-1.478,4.0,4.01,4.06,4.06,4.12,4.0,18623900.0,75362592.0,15:34:59,2026-09-23
sh600587,新华医疗,13.0,-0.44,-3.274,13.0,13.01,13.44,13.43,13.5,12.98,28247206.0,370750591.0,15:34:59,2026-09-23
sh600588,用友网络,9.5,-0.4,-4.04,9.5,9.51,9.9,9.82,9.86,9.5,52066168.0,499528651.0,15:34:59,2026-09-23
sh600589,大位科技,7.91,-0.34,-4.121,7.91,7.92,8.25,8.19,8.19,7.91,71049857.0,566689556.0,15:34:59,2026-09-23
sh600590,泰豪科技,8.46,-0.16,-1.856,8.46,8.47,8.62,8.62,8.62,8.4,18046109.0,153034213.0,15:34:59,2026-09-23
sh600592,龙溪股份,14.5,-0.01,-0.069,14.5,14.51,14.51,14.5,14.61,14.4,3621700.0,52596538.0,15:34:59,2026-09-23
sh600593,大连圣亚,49.79,2.67,5.666,49.79,49.8,47.12,47.98,51.2,46.28,18789755.0,923235892.0,15:34:59,2026-09-23
sh600594,益佰制药,3.67,-0.11,-2.91,3.67,3.68,3.78,3.75,3.78,3.66,24958161.0,92295934.0,15:34:59,2026-09-23
sh600595,中孚实业,5.96,-0.08,-1.325,5.96,5.97,6.04,6.04,6.06,5.96,46962100.0,281067194.0,15:34:59,2026-09-23
sh600596,新安股份,11.83,0.03,0.254,11.82,11.83,11.8,11.77,11.89,11.61,43218704.0,508343496.0,15:34:59,2026-09-23
sh600597,光明乳业,6.77,0.03,0.445,6.77,6.78,6.74,6.73,6.86,6.7,9718231.0,66009233.0,15:34:59,2026-09-23
sh600598,北大荒,12.76,-0.34,-2.595,12.75,12.76,13.1,13.05,13.08,12.72,20260163.0,259830365.0,15:34:59,2026-09-23
sh600600,青岛啤酒,50.46,0.31,0.618,50.46,50.47,50.15,50.12,51.0,49.97,4215246.0,213028656.0,15:34:59,2026-09-23
sh600601,方正科技,15.06,-0.3,-1.953,15.06,15.07,15.36,15.36,15.54,15.01,135353603.0,2057247944.0,15:34:59,2026-09-23
sh600602,云赛智联,16.92,-0.29,-1.685,16.92,16.93,17.21,17.21,17.22,16.91,13037007.0,221505399.0,15:34:59,2026-09-23
sh600603,广汇物流,4.66,-0.17,-3.52,4.66,4.67,4.83,4.83,4.83,4.66,11199305.0,52781435.0,15:00:01,2026-09-23
sh600604,市北高新,4.97,0.03,0.607,4.96,4.97,4.94,4.89,5.11,4.89,40356655.0,202615300.0,15:34:59,2026-09-23
sh600605,汇通能源,31.61,2.87,9.986,31.61,0.0,28.74,28.93,31.61,28.56,14560875.0,452929962.0,15:00:02,2026-09-23
sh600606,绿地控股,1.51,-0.02,-1.307,1.51,1.52,1.53,1.52,1.68,1.5,599737134.0,944457069.0,15:34:59,2026-09-23
sh600609,金杯汽车,3.56,-0.09,-2.466,3.56,3.57,3.65,3.62,3.73,3.55,67913711.0,246936760.0,15:34:59,2026-09-23
sh600610,中毅达,7.6,-0.51,-6.289,7.6,7.61,8.11,8.06,8.06,7.6,39025249.0,301628483.0,15:34:59,2026-09-23
sh600611,大众交通,4.5,-0.21,-4.459,4.5,4.51,4.71,4.65,4.67,4.49,70276263.0,320155688.0,15:34:59,2026-09-23
sh600612,老凤祥,31.95,0.21,0.662,31.95,31.96,31.74,31.75,31.99,31.6,1088065.0,34675988.0,15:34:59,2026-09-23
sh600613,神奇制药,8.66,-0.77,-8.165,8.66,8.67,9.43,9.1,9.29,8.61,113484544.0,1008890905.0,15:34:59,2026-09-23
sh600615,鑫源智造,9.41,-0.08,-0.843,9.41,9.42,9.49,9.5,9.52,9.34,1454995.0,13711838.0,15:00:00,2026-09-23
sh600616,金枫酒业,5.38,0.17,3.263,5.38,5.39,5.21,5.18,5.73,5.16,119860280.0,660935094.0,15:34:59,2026-09-23
sh600617,国新能源,3.23,-0.11,-3.293,3.23,3.24,3.34,3.35,3.36,3.23,25363920.0,83171871.0,15:34:59,2026-09-23
sh600618,氯碱化工,9.93,0.04,0.404,9.92,9.93,9.89,9.88,9.95,9.82,4763354.0,47152018.0,15:00:02,2026-09-23
sh600619,海立股份,13.37,-0.28,-2.051,13.37,13.38,13.65,13.51,13.8,13.34,22923596.0,309416339.0,15:34:59,2026-09-23
sh600620,天宸股份,4.36,-0.01,-0.229,4.35,4.36,4.37,4.38,4.45,4.33,4951038.0,21725633.0,15:00:00,2026-09-23
sh600621,华鑫股份,14.13,0.12,0.857,14.12,14.13,14.01,14.01,14.31,13.92,32974101.0,465012909.0,15:34:59,2026-09-23
sh600622,光大嘉宝,2.5,0.01,0.402,2.49,2.5,2.49,2.49,2.57,2.46,50960570.0,128407372.0,15:00:01,2026-09-23
sh600623,华谊集团,8.48,0.01,0.118,8.48,8.49,8.47,8.45,8.52,8.4,8753300.0,73987222.0,15:34:59,2026-09-23
sh600624,ST复华,4.65,-0.15,-3.125,4.65,4.67,4.8,4.8,4.8,4.65,4944900.0,23218519.0,15:00:00,2026-09-23
sh600626,申达股份,3.79,-0.04,-1.044,3.78,3.79,3.83,3.83,3.85,3.72,20101849.0,76101497.0,15:00:02,2026-09-23
sh600628,新世界,6.31,-0.07,-1.097,6.31,6.32,6.38,6.36,6.41,6.3,6084241.0,38581654.0,15:00:02,2026-09-23
sh600629,华建集团,16.35,-0.45,-2.679,16.35,16.36,16.8,16.79,16.79,16.23,17711278.0,291103431.0,15:34:59,2026-09-23
sh600630,龙头股份,8.53,-0.95,-10.021,0.0,8.53,9.48,8.94,9.06,8.53,60312694.0,522523905.0,15:34:59,2026-09-23
sh600633,浙数文化,10.33,-0.19,-1.806,10.33,10.34,10.52,10.45,10.51,10.32,11607800.0,120520412.0,15:34:59,2026-09-23
sh600635,大众公用,4.46,-0.11,-2.407,4.46,4.47,4.57,4.56,4.57,4.45,23280902.0,104751657.0,15:34:59,2026-09-23
sh600637,东方明珠,8.96,-0.03,-0.334,8.95,8.96,8.99,8.95,9.0,8.87,38469239.0,343719123.0,15:34:59,2026-09-23
sh600638,新黄浦,5.15,0.03,0.586,5.15,5.16,5.12,5.08,5.26,5.08,18958040.0,98407417.0,15:00:00,2026-09-23
sh600639,浦东金桥,9.73,0.08,0.829,9.72,9.73,9.65,9.63,9.85,9.6,7626225.0,74438982.0,15:00:02,2026-09-23
sh600640,国脉文化,12.56,-0.85,-6.339,12.56,12.57,13.41,13.1,13.26,12.42,35512979.0,450722490.0,15:34:59,2026-09-23
sh600641,先导基电,47.8,4.06,9.282,47.8,47.81,43.74,44.5,48.11,43.74,168434484.0,7955826713.0,15:34:59,2026-09-23
sh600642,申能股份,8.73,0.0,0.0,8.73,8.74,8.73,8.7,8.78,8.67,13681802.0,119476995.0,15:00:00,2026-09-23
sh600643,爱建集团,4.03,-0.08,-1.946,4.03,4.04,4.11,4.11,4.15,4.01,14923826.0,60825609.0,15:00:01,2026-09-23
sh600644,乐山电力,8.96,-0.82,-8.384,8.95,8.96,9.78,9.66,9.67,8.93,56554336.0,518588276.0,15:34:59,2026-09-23
sh600645,中源协和,19.25,-0.04,-0.207,19.25,19.26,19.29,19.2,19.49,19.16,7239400.0,139948256.0,15:34:59,2026-09-23
sh600648,外高桥,9.45,0.05,0.532,9.45,9.46,9.4,9.43,9.52,9.33,2000116.0,18898409.0,15:34:59,2026-09-23
sh600649,城投控股,4.11,0.04,0.983,4.1,4.11,4.07,4.07,4.23,4.06,42108234.0,175094647.0,15:34:59,2026-09-23
sh600650,锦江在线,10.31,-0.15,-1.434,10.3,10.31,10.46,10.43,10.43,10.29,1941698.0,20097623.0,15:00:00,2026-09-23
sh600651,飞乐音响,5.28,0.04,0.763,5.28,5.29,5.24,5.2,5.34,5.2,20158498.0,106263326.0,15:34:59,2026-09-23
sh600653,申华控股,1.87,0.17,10.0,1.87,0.0,1.7,1.7,1.87,1.69,74601886.0,137067544.0,15:34:59,2026-09-23
sh600654,中安科,3.01,-0.08,-2.589,3.01,3.02,3.09,3.08,3.09,3.0,53860900.0,163164220.0,15:34:59,2026-09-23
sh600655,豫园股份,4.57,-0.05,-1.082,4.57,4.58,4.62,4.62,4.67,4.57,8672781.0,40043879.0,15:34:59,2026-09-23
sh600657,信达地产,3.17,-0.07,-2.16,3.17,3.18,3.24,3.22,3.35,3.16,96913036.0,315348513.0,15:34:59,2026-09-23
sh600658,电子城,4.13,-0.02,-0.482,4.13,4.14,4.15,4.16,4.24,4.13,15492974.0,64801150.0,15:00:00,2026-09-23
sh600660,福耀玻璃,53.8,0.03,0.056,53.79,53.8,53.77,53.83,53.99,53.35,5882620.0,316255986.0,15:34:59,2026-09-23
sh600661,昂立教育,9.03,0.09,1.007,9.03,9.04,8.94,8.95,9.12,8.77,7457700.0,66993200.0,15:34:59,2026-09-23
sh600662,外服控股,4.23,-0.06,-1.399,4.23,4.24,4.29,4.27,4.3,4.22,7163673.0,30506402.0,15:00:00,2026-09-23
sh600663,陆家嘴,9.15,0.3,3.39,9.15,9.16,8.85,8.8,9.32,8.8,26743611.0,244945048.0,15:00:00,2026-09-23
sh600664,哈药股份,9.04,-0.04,-0.441,9.04,9.05,9.08,9.42,9.86,9.02,713530732.0,6732475008.0,15:34:59,2026-09-23
sh600665,天地源,3.47,0.02,0.58,3.47,3.48,3.45,3.48,3.56,3.39,21271001.0,74035138.0,15:34:59,2026-09-23
sh600666,奥瑞德,3.35,-0.14,-4.011,3.35,3.36,3.49,3.48,3.49,3.35,111057780.0,375718239.0,15:34:59,2026-09-23
sh600667,太极实业,20.59,0.72,3.624,20.59,20.6,19.87,20.1,20.72,19.45,259140159.0,5231652502.0,15:34:59,2026-09-23
sh600668,尖峰集团,7.39,0.0,0.0,7.38,7.39,7.39,7.38,7.57,7.31,3933239.0,29269200.0,15:34:59,2026-09-23
sh600671,天目药业,23.3,-0.6,-2.51,23.28,23.3,23.9,23.76,23.85,23.2,1866000.0,43695365.0,15:00:00,2026-09-23
sh600673,东阳光,32.12,-0.04,-0.124,32.11,32.12,32.16,32.3,32.48,31.8,17656958.0,567491072.0,15:34:59,2026-09-23
sh600674,川投能源,16.05,0.12,0.753,16.04,16.05,15.93,15.93,16.06,15.84,18816032.0,299891087.0,15:34:59,2026-09-23
sh600675,中华企业,2.51,0.09,3.719,2.51,2.52,2.42,2.41,2.66,2.4,177044061.0,455678080.0,15:34:59,2026-09-23
sh600676,久事动娱,6.66,-0.14,-2.059,6.66,6.67,6.8,6.78,6.84,6.63,7442900.0,49900961.0,15:34:59,2026-09-23
sh600678,ST金顶,5.73,-0.03,-0.521,5.73,5.74,5.76,5.75,5.93,5.72,7287919.0,42418128.0,15:00:00,2026-09-23
sh600679,上海凤凰,10.69,-0.23,-2.106,10.69,10.7,10.92,10.88,11.33,10.59,11695228.0,127261660.0,15:34:59,2026-09-23
sh600681,百川能源,3.39,-0.06,-1.739,3.39,3.4,3.45,3.44,3.45,3.39,16093539.0,54873412.0,15:34:59,2026-09-23
sh600682,南京新百,5.85,-0.06,-1.015,5.85,5.86,5.91,5.89,5.94,5.84,11221758.0,65906955.0,15:34:59,2026-09-23
sh600683,京投发展,9.62,-0.31,-3.122,9.62,9.63,9.93,9.88,10.05,9.61,23000636.0,226087504.0,15:34:59,2026-09-23
sh600684,珠江股份,3.62,0.0,0.0,3.62,3.63,3.62,3.62,3.72,3.59,20910376.0,76548792.0,15:34:59,2026-09-23
sh600685,中船防务,29.06,-0.91,-3.036,29.05,29.06,29.97,29.86,29.97,29.03,11765876.0,344594438.0,15:34:59,2026-09-23
sh600686,金龙汽车,11.11,-0.02,-0.18,11.11,11.12,11.13,11.14,11.4,11.05,15169976.0,170149776.0,15:34:59,2026-09-23
sh600688,上海石化,2.78,-0.01,-0.358,2.78,2.79,2.79,2.79,2.81,2.77,42089606.0,117397995.0,15:34:59,2026-09-23
sh600689,上海三毛,12.11,0.11,0.917,12.1,12.11,12.0,12.0,12.17,11.89,3086300.0,37204611.0,15:00:00,2026-09-23
sh600690,海尔智家,20.2,0.0,0.0,20.2,20.21,20.2,20.17,20.35,20.1,24645070.0,498555150.0,15:34:59,2026-09-23
sh600691,潞化科技,2.76,-0.15,-5.155,2.76,2.77,2.91,2.89,2.9,2.75,62023132.0,173457222.0,15:34:59,2026-09-23
sh600692,亚通股份,6.51,-0.07,-1.064,6.51,6.52,6.58,6.59,6.66,6.5,6259800.0,41051081.0,15:00:00,2026-09-23
sh600693,东百集团,9.5,-0.32,-3.259,9.5,9.51,9.82,9.71,9.8,9.47,45712351.0,437570576.0,15:34:59,2026-09-23
sh600694,大商股份,14.41,-0.09,-0.621,14.41,14.42,14.5,14.49,14.5,14.39,1603390.0,23132957.0,15:00:01,2026-09-23
sh600697,欧亚集团,11.36,-0.26,-2.238,11.36,11.38,11.62,11.62,11.64,11.28,4851441.0,55378681.0,15:34:59,2026-09-23
sh600698,湖南天雁,6.87,-0.2,-2.829,6.86,6.87,7.07,7.07,7.11,6.85,23153891.0,160071332.0,15:34:59,2026-09-23
sh600699,均胜电子,21.53,0.73,3.51,21.52,21.53,20.8,20.88,21.79,20.68,73374691.0,1566621498.0,15:34:59,2026-09-23
sh600702,舍得酒业,33.38,-0.24,-0.714,33.38,33.39,33.62,33.52,34.34,33.24,6710797.0,227005313.0,15:34:59,2026-09-23
sh600703,三安光电,12.83,-0.04,-0.311,12.82,12.83,12.87,12.82,13.07,12.75,68209416.0,879309086.0,15:34:59,2026-09-23
sh600704,物产中大,4.85,-0.02,-0.411,4.84,4.85,4.87,4.88,4.91,4.84,30557186.0,148788700.0,15:34:59,2026-09-23
sh600706,曲江文旅,8.32,-0.16,-1.887,8.32,8.33,8.48,8.5,8.59,8.3,10602700.0,89004481.0,15:34:59,2026-09-23
sh600707,彩虹股份,9.8,0.25,2.618,9.8,9.81,9.55,9.6,10.19,9.59,200783370.0,1992391151.0,15:34:59,2026-09-23
sh600708,光明地产,3.1,-0.02,-0.641,3.1,3.11,3.12,3.14,3.25,3.1,30669104.0,97197930.0,15:00:01,2026-09-23
sh600710,苏美达,11.37,0.06,0.531,11.37,11.39,11.31,11.26,11.49,11.21,7044180.0,80322615.0,15:00:01,2026-09-23
sh600711,盛屯矿业,10.9,-0.11,-0.999,10.9,10.91,11.01,11.13,11.13,10.84,38832137.0,424301184.0,15:34:59,2026-09-23
sh600712,南宁百货,5.6,-0.14,-2.439,5.6,5.61,5.74,5.77,5.81,5.55,29124461.0,163981271.0,15:34:59,2026-09-23
sh600713,南京医药,4.94,-0.08,-1.594,4.94,4.95,5.02,5.02,5.03,4.94,9221400.0,45936104.0,15:34:59,2026-09-23
sh600714,金瑞矿业,19.46,0.39,2.045,19.46,19.47,19.07,19.07,19.67,18.74,28978307.0,562003516.0,15:34:59,2026-09-23
sh600715,文投控股,1.65,-0.04,-2.367,1.64,1.65,1.69,1.68,1.69,1.63,50818000.0,83925718.0,15:34:59,2026-09-23
sh600716,凤凰股份,3.73,-0.03,-0.798,3.73,3.74,3.76,3.75,3.85,3.73,7096300.0,26844346.0,15:00:01,2026-09-23
sh600717,天津港,4.23,0.0,0.0,4.23,4.24,4.23,4.23,4.25,4.21,10868356.0,45982282.0,15:00:01,2026-09-23
sh600718,东软集团,7.99,-0.16,-1.963,7.99,8.0,8.15,8.15,8.15,7.99,7429676.0,59805745.0,15:00:01,2026-09-23
sh600719,大连热电,7.59,-0.48,-5.948,7.59,7.6,8.07,8.03,8.03,7.53,28451824.0,218638188.0,15:34:59,2026-09-23
sh600720,中交设计,5.16,-0.01,-0.193,5.15,5.16,5.17,5.16,5.22,5.14,4505600.0,23334587.0,15:00:00,2026-09-23
sh600721,百花医药,13.29,-1.18,-8.155,13.29,13.3,14.47,13.94,14.64,13.04,177291696.0,2422425630.0,15:34:59,2026-09-23
sh600722,金牛化工,16.29,-1.79,-9.9,16.29,16.3,18.08,17.48,17.5,16.27,135359446.0,2263137709.0,15:34:59,2026-09-23
sh600724,宁波富达,5.05,0.03,0.598,5.05,5.06,5.02,4.99,5.18,4.97,9478200.0,48221867.0,15:34:59,2026-09-23
sh600725,云维股份,3.2,-0.11,-3.323,3.2,3.21,3.31,3.31,3.31,3.19,16677200.0,53792292.0,15:34:59,2026-09-23
sh600726,华电能源,5.07,-0.22,-4.159,5.07,5.08,5.29,5.27,5.27,5.06,83021400.0,424192623.0,15:34:59,2026-09-23
sh600727,鲁北化工,7.52,-0.09,-1.183,7.51,7.52,7.61,7.57,7.59,7.47,7025200.0,52838836.0,15:00:01,2026-09-23
sh600728,佳都科技,4.47,-0.1,-2.188,4.47,4.48,4.57,4.56,4.57,4.46,18928760.0,85136214.0,15:00:00,2026-09-23
sh600729,重百集团,18.38,-0.1,-0.541,18.38,18.39,18.48,18.52,18.66,18.37,2463424.0,45536643.0,15:34:59,2026-09-23
sh600730,*ST高科,9.29,-0.02,-0.215,9.29,9.3,9.31,9.02,9.48,8.9,10334300.0,94984161.0,15:34:59,2026-09-23
sh600731,湖南海利,5.88,0.0,0.0,5.87,5.88,5.88,5.88,5.9,5.84,2325700.0,13653242.0,15:34:59,2026-09-23
sh600732,爱旭股份,10.86,-0.07,-0.64,10.85,10.86,10.93,10.96,11.08,10.84,15139511.0,165658358.0,15:34:59,2026-09-23
sh600733,北汽蓝谷,4.77,-0.01,-0.209,4.76,4.77,4.78,4.76,4.93,4.72,119229589.0,572535749.0,15:34:59,2026-09-23
sh600734,*ST实达,1.93,-0.05,-2.525,1.92,1.93,1.98,1.96,1.98,1.92,36566577.0,70740360.0,15:34:59,2026-09-23
sh600735,ST新华锦,6.66,-0.06,-0.893,6.65,6.66,6.72,6.7,6.74,6.61,3346600.0,22287763.0,15:34:59,2026-09-23
sh600736,苏州高新,6.66,0.0,0.0,6.66,6.67,6.66,6.63,6.79,6.63,20371302.0,136571988.0,15:34:59,2026-09-23
sh600737,中粮糖业,15.03,0.02,0.133,15.02,15.03,15.01,14.98,15.26,14.57,71119216.0,1065797796.0,15:34:59,2026-09-23
sh600738,丽尚国潮,4.19,-0.08,-1.874,4.19,4.2,4.27,4.27,4.29,4.19,14153700.0,59809632.0,15:00:00,2026-09-23
sh600739,辽宁成大,10.43,-0.05,-0.477,10.43,10.44,10.48,10.49,10.54,10.42,6523600.0,68379064.0,15:00:00,2026-09-23
sh600740,山西焦化,3.72,-0.13,-3.377,3.71,3.72,3.85,3.83,3.84,3.7,33420924.0,125320317.0,15:34:59,2026-09-23
sh600741,华域汽车,14.82,-0.1,-0.67,14.82,14.83,14.92,14.91,14.93,14.77,9351373.0,138607712.0,15:00:01,2026-09-23
sh600742,富维股份,7.71,-0.01,-0.13,7.7,7.71,7.72,7.72,7.82,7.68,4409034.0,34121408.0,15:34:59,2026-09-23
sh600743,华远控股,2.82,0.26,10.156,2.82,0.0,2.56,2.8,2.82,2.71,98706648.0,276179433.0,15:34:59,2026-09-23
sh600744,华银电力,6.18,-0.36,-5.505,6.18,6.19,6.54,6.46,6.5,6.16,110815082.0,694490795.0,15:34:59,2026-09-23
sh600745,*ST闻泰,17.1,-0.49,-2.786,17.1,17.11,17.59,17.42,17.43,17.1,23332935.0,402089648.0,15:34:59,2026-09-23
sh600746,江苏索普,6.87,-0.31,-4.318,6.87,6.88,7.18,7.12,7.12,6.87,13637235.0,94567084.0,15:34:59,2026-09-23
sh600748,上实发展,3.99,0.02,0.504,3.99,4.0,3.97,3.97,4.17,3.92,24371300.0,98651339.0,15:00:00,2026-09-23
sh600749,西藏旅游,13.49,-0.2,-1.461,13.48,13.49,13.69,13.66,13.66,13.46,5922500.0,80248904.0,15:34:59,2026-09-23
sh600750,华润江中,22.45,0.13,0.582,22.45,22.46,22.32,22.29,22.52,22.26,2729233.0,61176246.0,15:34:59,2026-09-23
sh600751,海航科技,2.89,-0.03,-1.027,2.89,2.9,2.92,2.92,2.96,2.89,25716466.0,75048324.0,15:00:02,2026-09-23
sh600753,ST海钦,13.4,1.04,8.414,13.35,13.4,12.36,12.36,13.6,12.2,6495389.0,84799577.0,15:34:59,2026-09-23
sh600754,锦江酒店,18.44,-0.12,-0.647,18.44,18.45,18.56,18.56,18.77,18.41,8952314.0,166158723.0,15:34:59,2026-09-23
sh600755,厦门国贸,5.8,-0.01,-0.172,5.79,5.8,5.81,5.81,5.9,5.74,21272400.0,123667701.0,15:34:59,2026-09-23
sh600756,浪潮软件,13.8,-0.28,-1.989,13.8,13.81,14.08,14.06,14.06,13.79,5069214.0,70093714.0,15:34:59,2026-09-23
sh600757,长江传媒,7.39,-0.11,-1.467,7.39,7.4,7.5,7.44,7.49,7.33,9383300.0,69398125.0,15:00:00,2026-09-23
sh600758,辽宁能源,3.51,-0.24,-6.4,3.51,3.52,3.75,3.7,3.71,3.5,59955718.0,214432427.0,15:34:59,2026-09-23
sh600759,ST洲际,2.31,-0.05,-2.119,2.3,2.31,2.36,2.35,2.36,2.3,83667865.0,194342597.0,15:34:59,2026-09-23
sh600760,中航沈飞,44.08,-0.63,-1.409,44.08,44.09,44.71,44.71,44.73,44.01,8314847.0,367693217.0,15:34:59,2026-09-23
sh600761,安徽合力,15.31,-0.06,-0.39,15.31,15.32,15.37,15.37,15.43,15.25,6137225.0,94104369.0,15:34:59,2026-09-23
sh600763,通策医疗,33.86,0.13,0.385,33.86,33.87,33.73,33.63,34.26,33.58,5371432.0,182087244.0,15:34:59,2026-09-23
sh600764,中国海防,18.39,-0.32,-1.71,18.39,18.4,18.71,18.63,18.65,18.31,4942984.0,91128560.0,15:34:59,2026-09-23
sh600765,中航重机,13.35,-0.13,-0.964,13.35,13.36,13.48,13.48,13.5,13.32,9363936.0,125274311.0,15:00:00,2026-09-23
sh600768,富邦新材,15.04,0.19,1.279,15.04,15.06,14.85,14.9,15.09,14.68,2050600.0,30655971.0,15:00:00,2026-09-23
sh600769,祥龙电业,16.4,0.25,1.548,16.39,16.4,16.15,16.1,16.48,16.05,7522900.0,122456038.0,15:34:59,2026-09-23
sh600770,综艺股份,6.51,-0.12,-1.81,6.51,6.52,6.63,6.97,6.97,6.36,169079331.0,1131999948.0,15:34:59,2026-09-23
sh600771,广誉远,13.82,-0.23,-1.637,13.82,13.83,14.05,14.04,14.12,13.82,5581211.0,77966425.0,15:00:02,2026-09-23
sh600773,西藏城投,10.02,-0.34,-3.282,10.01,10.02,10.36,10.34,10.35,10.02,16568400.0,168370879.0,15:34:59,2026-09-23
sh600774,汉商集团,7.77,-0.15,-1.894,7.77,7.78,7.92,7.92,7.93,7.74,3037900.0,23727925.0,15:00:00,2026-09-23
sh600775,南京熊猫,9.61,-0.32,-3.223,9.61,9.62,9.93,9.93,9.93,9.6,10667400.0,103486546.0,15:34:59,2026-09-23
sh600776,东方通信,13.03,-0.63,-4.612,13.03,13.04,13.66,13.58,13.6,13.03,23967768.0,315908221.0,15:34:59,2026-09-23
sh600777,新潮能源,4.0,-0.05,-1.235,4.0,4.01,4.05,4.04,4.06,4.0,18510360.0,74513683.0,15:34:59,2026-09-23
sh600778,友好集团,5.83,-0.04,-0.681,5.83,5.84,5.87,5.84,5.93,5.75,10135464.0,58828229.0,15:34:59,2026-09-23
sh600779,水井坊,26.7,-0.05,-0.187,26.7,26.72,26.75,26.72,27.25,26.7,2897622.0,78233685.0,15:34:59,2026-09-23
sh600780,通宝能源,6.13,-0.04,-0.648,6.13,6.14,6.17,6.18,6.2,6.12,7259500.0,44660890.0,15:00:02,2026-09-23
sh600782,新钢股份,2.66,-0.02,-0.746,2.66,2.67,2.68,2.68,2.74,2.65,44888132.0,120541855.0,15:34:59,2026-09-23
sh600783,鲁信创投,15.48,-0.04,-0.258,15.48,15.5,15.52,15.5,15.66,15.41,8067400.0,125162152.0,15:34:59,2026-09-23
sh600784,鲁银投资,7.07,-0.03,-0.423,7.07,7.08,7.1,7.1,7.13,7.01,5412500.0,38310726.0,15:00:00,2026-09-23
sh600785,新华百货,10.74,-0.49,-4.363,10.74,10.75,11.23,11.19,11.22,10.66,27321338.0,296741175.0,15:34:59,2026-09-23
sh600787,中储股份,4.57,-0.05,-1.082,4.57,4.58,4.62,4.6,4.65,4.57,13076252.0,60169332.0,15:34:59,2026-09-23
sh600789,鲁抗医药,7.76,-0.09,-1.146,7.76,7.77,7.85,7.89,7.93,7.76,19417710.0,152226549.0,15:34:59,2026-09-23
sh600790,轻纺城,3.73,0.18,5.07,3.72,3.73,3.55,3.55,3.91,3.51,93441818.0,354149018.0,15:34:59,2026-09-23
sh600791,京能置业,7.02,-0.14,-1.955,7.02,7.03,7.16,7.23,7.38,6.98,17544600.0,126094455.0,15:34:59,2026-09-23
sh600792,云煤能源,5.18,-0.57,-9.913,5.18,5.19,5.75,5.58,5.69,5.18,133721100.0,714756192.0,15:34:59,2026-09-23
sh600793,宜宾纸业,17.73,0.37,2.131,17.73,17.75,17.36,17.36,17.93,17.2,5644973.0,99619959.0,15:34:59,2026-09-23
sh600794,保税科技,3.16,-0.04,-1.25,3.16,3.17,3.2,3.19,3.21,3.16,10346100.0,32888833.0,15:34:59,2026-09-23
sh600795,国电电力,5.12,-0.07,-1.349,5.12,5.13,5.19,5.18,5.19,5.11,107758256.0,553252585.0,15:34:59,2026-09-23
sh600796,钱江生化,5.08,-0.01,-0.196,5.08,5.09,5.09,5.09,5.12,5.05,3887450.0,19759624.0,15:00:00,2026-09-23
sh600797,浙大网新,6.62,-0.15,-2.216,6.62,6.63,6.77,6.78,6.78,6.61,11159964.0,74292307.0,15:34:59,2026-09-23
sh600798,宁波海运,3.35,-0.07,-2.047,3.34,3.35,3.42,3.42,3.42,3.33,19411147.0,65222756.0,15:34:59,2026-09-23
sh600800,渤海化学,3.17,-0.14,-4.23,3.17,3.18,3.31,3.3,3.3,3.17,23180715.0,74633861.0,15:34:59,2026-09-23
sh600801,华新建材,23.78,0.06,0.253,23.77,23.78,23.72,23.72,24.17,23.59,8412751.0,200506726.0,15:34:59,2026-09-23
sh600802,福建水泥,6.02,0.55,10.055,6.02,0.0,5.47,5.45,6.02,5.36,36712750.0,213775487.0,15:34:59,2026-09-23
sh600803,新奥股份,18.58,-0.05,-0.268,18.57,18.58,18.63,18.53,18.8,18.48,4649958.0,86438292.0,15:34:59,2026-09-23
sh600805,悦达投资,4.55,-0.02,-0.438,4.55,4.56,4.57,4.57,4.7,4.53,7705821.0,35384282.0,15:00:00,2026-09-23
sh600807,济高发展,2.62,-0.05,-1.873,2.62,2.63,2.67,2.67,2.7,2.61,12847120.0,34024254.0,15:00:00,2026-09-23
sh600808,马钢股份,2.49,-0.01,-0.4,2.49,2.5,2.5,2.51,2.56,2.47,77198825.0,194082257.0,15:34:59,2026-09-23
sh600809,山西汾酒,114.03,0.83,0.733,114.03,114.04,113.2,112.97,115.89,112.7,5811325.0,665006977.0,15:34:59,2026-09-23
sh600810,神马股份,6.32,-0.06,-0.94,6.32,6.33,6.38,6.36,6.48,6.31,3676590.0,23412690.0,15:34:59,2026-09-23
sh600812,华北制药,4.95,-0.15,-2.941,4.95,4.96,5.1,5.13,5.16,4.95,44443409.0,222941115.0,15:34:59,2026-09-23
sh600814,杭州解百,6.97,-0.06,-0.853,6.96,6.97,7.03,6.99,7.1,6.93,8036300.0,56208086.0,15:34:59,2026-09-23
sh600815,厦工股份,4.23,0.04,0.955,4.23,4.24,4.19,4.2,4.3,3.78,211922240.0,853976269.0,15:34:59,2026-09-23
sh600816,建元信托,2.37,-0.04,-1.66,2.37,2.38,2.41,2.4,2.4,2.36,59541399.0,141613480.0,15:34:59,2026-09-23
sh600817,宇通重工,9.51,-0.13,-1.349,9.51,9.52,9.64,9.57,9.71,9.49,1493103.0,14296101.0,15:00:00,2026-09-23
sh600818,ST中路,9.34,0.33,3.663,9.33,9.34,9.01,8.77,9.45,8.76,5156703.0,47524077.0,15:34:59,2026-09-23
sh600819,耀皮玻璃,5.67,0.05,0.89,5.66,5.67,5.62,5.62,5.76,5.58,8075535.0,45803326.0,15:34:59,2026-09-23
sh600820,隧道股份,5.27,0.0,0.0,5.27,5.28,5.27,5.28,5.34,5.25,12308095.0,65211213.0,15:34:59,2026-09-23
sh600821,金开新能,5.88,-0.2,-3.289,5.88,5.89,6.08,6.07,6.08,5.87,61989220.0,366699607.0,15:34:59,2026-09-23
sh600822,上海物贸,9.09,-0.35,-3.708,9.08,9.09,9.44,9.4,9.6,9.05,11996901.0,110687621.0,15:34:59,2026-09-23
sh600824,益民集团,3.67,-0.01,-0.272,3.67,3.68,3.68,3.68,3.75,3.63,10930300.0,40355682.0,15:00:00,2026-09-23
sh600825,新华传媒,7.06,0.64,9.969,7.06,0.0,6.42,7.06,7.06,7.06,4579800.0,32333388.0,15:34:59,2026-09-23
sh600826,兰生股份,7.94,0.04,0.506,7.93,7.94,7.9,7.84,8.35,7.82,11978453.0,96549970.0,15:00:00,2026-09-23
sh600827,百联股份,7.79,-0.02,-0.256,7.79,7.8,7.81,7.8,8.0,7.76,11787700.0,92522595.0,15:34:59,2026-09-23
sh600828,茂业商业,4.4,-0.22,-4.762,4.4,4.41,4.62,4.56,4.61,4.4,34660700.0,154850779.0,15:34:59,2026-09-23
sh600829,人民同泰,9.69,-0.41,-4.059,9.68,9.69,10.1,10.04,10.07,9.67,11967700.0,117567774.0,15:34:59,2026-09-23
sh600830,香溢融通,8.46,-0.18,-2.083,8.46,8.47,8.64,8.65,8.66,8.43,11515854.0,97758981.0,15:34:59,2026-09-23
sh600831,广电网络,3.34,-0.09,-2.624,3.34,3.35,3.43,3.42,3.43,3.3,15942000.0,53282175.0,15:34:59,2026-09-23
sh600833,第一医药,10.71,-0.16,-1.472,10.71,10.72,10.87,10.84,10.84,10.61,4160401.0,44538264.0,15:34:59,2026-09-23
sh600834,申通地铁,7.58,-0.07,-0.915,7.58,7.6,7.65,7.68,7.71,7.58,1789600.0,13694170.0,15:00:00,2026-09-23
sh600835,上海机电,18.88,0.55,3.001,18.87,18.88,18.33,18.27,19.09,18.15,10230096.0,190409023.0,15:34:59,2026-09-23
sh600838,上海九百,8.56,-0.04,-0.465,8.55,8.56,8.6,8.57,8.62,8.47,14337700.0,122577980.0,15:34:59,2026-09-23
sh600839,四川长虹,6.62,-0.09,-1.341,6.62,6.63,6.71,6.7,6.71,6.62,32948798.0,218995792.0,15:34:59,2026-09-23
sh600841,动力新科,5.72,-0.12,-2.055,5.72,5.73,5.84,5.84,5.86,5.71,9163800.0,52836339.0,15:34:59,2026-09-23
sh600843,上工申贝,7.61,0.69,9.971,7.61,0.0,6.92,7.25,7.61,7.21,25500624.0,193088616.0,15:34:59,2026-09-23
sh600844,金煤科技,3.3,-0.12,-3.509,3.3,3.31,3.42,3.39,3.4,3.28,36406301.0,120847519.0,15:34:59,2026-09-23
sh600845,宝信软件,18.34,-0.11,-0.596,18.34,18.35,18.45,18.45,18.53,18.27,15320602.0,281740986.0,15:34:59,2026-09-23
sh600846,同济科技,10.96,0.1,0.921,10.96,10.97,10.86,10.92,11.03,10.79,2027063.0,22167079.0,15:34:59,2026-09-23
sh600847,万里股份,12.87,-0.48,-3.596,12.86,12.89,13.35,13.34,13.45,12.87,6450507.0,83921153.0,15:34:59,2026-09-23
sh600848,上海临港,8.72,0.04,0.461,8.72,8.73,8.68,8.68,8.82,8.64,9379600.0,82110498.0,15:00:01,2026-09-23
sh600850,电科数字,14.16,-0.03,-0.211,14.15,14.16,14.19,14.23,14.31,14.08,7236465.0,102701222.0,15:34:59,2026-09-23
sh600851,海欣股份,8.39,-0.13,-1.526,8.39,8.4,8.52,8.47,8.52,8.36,5451600.0,45883308.0,15:34:59,2026-09-23
sh600853,龙建股份,3.26,-0.01,-0.306,3.26,3.27,3.27,3.27,3.31,3.24,7671236.0,25110440.0,15:34:59,2026-09-23
sh600854,春兰股份,4.72,0.01,0.212,4.72,4.73,4.71,4.71,4.77,4.68,4426900.0,20946562.0,15:00:00,2026-09-23
sh600855,航天长峰,12.86,-0.29,-2.205,12.86,12.88,13.15,13.1,13.18,12.86,6187000.0,80142112.0,15:34:59,2026-09-23
sh600857,宁波中百,22.48,-1.76,-7.261,22.48,22.49,24.24,24.12,24.29,22.18,15271427.0,355777065.0,15:34:59,2026-09-23
sh600858,银座股份,4.91,-0.09,-1.8,4.9,4.91,5.0,5.0,5.02,4.89,6695200.0,33080366.0,15:34:59,2026-09-23
sh600859,王府井,9.84,-0.06,-0.606,9.84,9.85,9.9,9.88,10.04,9.83,10963975.0,108667014.0,15:34:59,2026-09-23
sh600860,京城股份,7.56,-0.13,-1.691,7.56,7.57,7.69,7.64,7.75,7.56,6398200.0,48790194.0,15:34:59,2026-09-23
sh600861,北京人力,12.71,-0.07,-0.548,12.71,12.72,12.78,12.81,12.81,12.67,858401.0,10920366.0,15:00:02,2026-09-23
sh600862,中航高科,17.97,-0.19,-1.046,17.97,17.98,18.16,18.15,18.23,17.96,8974700.0,162091610.0,15:00:01,2026-09-23
sh600863,华能蒙电,4.61,-0.13,-2.743,4.61,4.62,4.74,4.73,4.73,4.6,83008530.0,385535012.0,15:34:59,2026-09-23
sh600864,哈投股份,5.82,-0.04,-0.683,5.82,5.83,5.86,5.86,5.87,5.75,37675253.0,218576829.0,15:34:59,2026-09-23
sh600865,百大集团,11.08,-0.47,-4.069,11.07,11.08,11.55,11.48,11.77,11.01,36575699.0,409394579.0,15:34:59,2026-09-23
sh600866,星湖科技,4.17,-0.03,-0.714,4.16,4.17,4.2,4.2,4.21,4.16,10442570.0,43661994.0,15:34:59,2026-09-23
sh600867,通化东宝,7.85,-0.02,-0.254,7.85,7.86,7.87,7.91,7.98,7.83,10593900.0,83573321.0,15:34:59,2026-09-23
sh600868,梅雁吉祥,2.73,-0.06,-2.151,2.73,2.74,2.79,2.78,2.79,2.72,34163446.0,93797215.0,15:34:59,2026-09-23
sh600869,远东股份,21.03,-1.0,-4.539,21.03,21.04,22.03,21.96,22.0,20.8,180703047.0,3833646388.0,15:34:59,2026-09-23
sh600871,石化油服,2.12,-0.07,-3.196,2.12,2.13,2.19,2.17,2.18,2.12,137173702.0,293077560.0,15:34:59,2026-09-23
sh600872,中炬高新,17.39,0.04,0.231,17.38,17.39,17.35,17.31,17.61,17.2,8325840.0,145136948.0,15:34:59,2026-09-23
sh600873,梅花生物,7.44,-0.07,-0.932,7.44,7.45,7.51,7.51,7.57,7.43,13140500.0,98453240.0,15:34:59,2026-09-23
sh600874,创业环保,5.46,-0.07,-1.266,5.45,5.46,5.53,5.52,5.52,5.45,7348900.0,40288918.0,15:34:59,2026-09-23
sh600875,东方电气,23.81,-0.52,-2.137,23.81,23.82,24.33,24.34,24.39,23.72,26267061.0,628701794.0,15:34:59,2026-09-23
sh600876,凯盛新能,7.87,-0.23,-2.84,7.86,7.87,8.1,8.03,8.49,7.85,19471077.0,157648228.0,15:34:59,2026-09-23
sh600877,电科芯片,12.12,-0.02,-0.165,12.11,12.12,12.14,12.11,12.19,11.95,9187401.0,110945752.0,15:34:59,2026-09-23
sh600879,航天电子,14.3,-0.32,-2.189,14.3,14.31,14.62,14.63,14.64,14.28,47180566.0,677828796.0,15:34:59,2026-09-23
sh600880,博瑞传播,4.41,-0.42,-8.696,4.41,4.42,4.83,4.78,4.8,4.37,98117353.0,442587186.0,15:34:59,2026-09-23
sh600881,亚泰集团,1.88,-0.03,-1.571,1.88,1.89,1.91,1.9,1.92,1.86,125584200.0,237422170.0,15:34:59,2026-09-23
sh600882,妙可蓝多,19.21,-0.36,-1.84,19.2,19.21,19.57,19.56,19.56,19.14,2532633.0,48907233.0,15:00:00,2026-09-23
sh600883,博闻科技,8.16,0.04,0.493,8.16,8.18,8.12,8.15,8.21,8.02,3200772.0,26038976.0,15:00:01,2026-09-23
sh600884,杉杉股份,11.92,0.66,5.861,11.92,11.93,11.26,11.45,12.36,11.37,96379537.0,1142752225.0,15:34:59,2026-09-23
sh600885,宏发股份,33.3,-0.5,-1.479,33.3,33.31,33.8,33.83,33.98,33.28,8346316.0,279448894.0,15:34:59,2026-09-23
sh600886,国投电力,14.57,0.27,1.888,14.56,14.57,14.3,14.25,14.61,14.24,24949948.0,360817100.0,15:34:59,2026-09-23
sh600887,伊利股份,26.92,0.15,0.56,26.92,26.93,26.77,26.77,27.14,26.68,41139270.0,1109294055.0,15:34:59,2026-09-23
sh600888,新疆众和,10.06,-0.15,-1.469,10.06,10.07,10.21,10.23,10.36,10.0,30290450.0,306440894.0,15:34:59,2026-09-23
sh600889,*ST京化,13.7,0.29,2.163,13.7,13.71,13.41,13.48,13.79,13.44,1945600.0,26441400.0,15:34:59,2026-09-23
sh600892,大晟文化,4.16,-0.16,-3.704,4.16,4.17,4.32,4.25,4.35,4.11,48169399.0,201512779.0,15:34:59,2026-09-23
sh600893,航发动力,39.56,-0.09,-0.227,39.55,39.56,39.65,39.65,39.99,38.8,21951472.0,865054415.0,15:34:59,2026-09-23
sh600894,广日股份,7.75,0.07,0.911,7.74,7.75,7.68,7.65,7.94,7.56,15507073.0,120717719.0,15:34:59,2026-09-23
sh600895,张江高科,28.76,-0.49,-1.675,28.76,28.77,29.25,29.01,29.35,28.75,16114348.0,467383897.0,15:34:59,2026-09-23
sh600897,厦门空港,15.05,-0.12,-0.791,15.05,15.06,15.17,15.1,15.27,15.02,1241500.0,18761407.0,15:00:02,2026-09-23
sh600900,长江电力,28.08,0.06,0.214,28.08,28.09,28.02,28.01,28.12,27.94,71713506.0,2011921165.0,15:34:59,2026-09-23
sh600901,江苏金租,6.67,-0.09,-1.331,6.67,6.68,6.76,6.75,6.76,6.67,18398986.0,123296089.0,15:00:02,2026-09-23
sh600903,贵州燃气,6.64,-0.25,-3.628,6.64,6.65,6.89,6.99,7.07,6.61,46149866.0,310764351.0,15:34:59,2026-09-23
sh600905,三峡能源,3.64,0.0,0.0,3.64,3.65,3.64,3.64,3.66,3.63,53570001.0,195376107.0,15:34:59,2026-09-23
sh600906,财达证券,6.46,-0.01,-0.155,6.45,6.46,6.47,6.46,6.49,6.42,13369438.0,86311253.0,15:34:59,2026-09-23
sh600908,无锡银行,5.75,-0.02,-0.347,5.75,5.76,5.77,5.74,5.78,5.71,11638972.0,66889925.0,15:00:01,2026-09-23
sh600909,华安证券,8.09,-0.06,-0.736,8.09,8.1,8.15,8.18,8.21,8.06,53190064.0,431026876.0,15:34:59,2026-09-23
sh600916,中国黄金,7.36,-0.07,-0.942,7.36,7.37,7.43,7.45,7.46,7.35,12945044.0,95587357.0,15:34:59,2026-09-23
sh600917,重庆燃气,4.81,-0.09,-1.837,4.81,4.82,4.9,4.89,4.91,4.81,5719400.0,27684849.0,15:00:00,2026-09-23
sh600918,中泰证券,5.51,-0.04,-0.721,5.51,5.52,5.55,5.56,5.58,5.49,21337543.0,117922579.0,15:34:59,2026-09-23
sh600919,江苏银行,12.07,-0.02,-0.165,12.07,12.08,12.09,12.08,12.14,12.01,57151616.0,689784072.0,15:34:59,2026-09-23
sh600925,苏能股份,4.06,-0.08,-1.932,4.06,4.07,4.14,4.12,4.13,4.05,9868700.0,40328660.0,15:00:00,2026-09-23
sh600926,杭州银行,17.14,0.06,0.351,17.14,17.15,17.08,17.08,17.18,16.98,22906345.0,391329082.0,15:34:59,2026-09-23
sh600927,永安期货,12.34,-0.12,-0.963,12.34,12.35,12.46,12.43,12.49,12.34,2736900.0,33934722.0,15:34:59,2026-09-23
sh600928,西安银行,3.5,-0.01,-0.285,3.5,3.51,3.51,3.51,3.52,3.48,14737100.0,51610507.0,15:00:01,2026-09-23
sh600929,雪天盐业,6.11,-0.18,-2.862,6.11,6.12,6.29,6.3,6.35,6.09,41035126.0,254589246.0,15:34:59,2026-09-23
sh600930,华电新能源集团,3.9,-0.06,-1.515,3.9,3.91,3.96,3.94,3.95,3.9,100138191.0,392229581.0,15:34:59,2026-09-23
sh600933,爱柯迪,13.89,-0.07,-0.501,13.89,13.9,13.96,13.96,14.0,13.67,13802595.0,190848687.0,15:34:59,2026-09-23
sh600935,华塑股份,2.31,-0.04,-1.702,2.3,2.31,2.35,2.34,2.34,2.3,22870699.0,53035877.0,15:34:59,2026-09-23
sh600936,北投科技,4.35,-0.14,-3.118,4.35,4.36,4.49,4.5,4.5,4.34,40997299.0,179685323.0,15:34:59,2026-09-23
sh600938,中国海油,32.29,-0.8,-2.418,32.29,32.3,33.09,32.8,33.09,32.2,28977469.0,942026097.0,15:34:59,2026-09-23
sh600939,重庆建工,2.61,-0.02,-0.76,2.61,2.62,2.63,2.64,2.7,2.6,16102800.0,42631164.0,15:00:01,2026-09-23
sh600941,中国移动,96.4,-0.05,-0.052,96.4,96.44,96.45,96.4,96.75,96.05,4367172.0,421524682.0,15:34:59,2026-09-23
sh600955,维远股份,12.58,-0.01,-0.079,12.56,12.58,12.59,12.53,12.62,12.51,1950148.0,24501755.0,15:34:59,2026-09-23
sh600956,新天绿能,7.04,-0.14,-1.95,7.04,7.05,7.18,7.15,7.16,7.02,6899980.0,48909808.0,15:34:59,2026-09-23
sh600958,东方证券,8.93,-0.04,-0.446,8.93,8.94,8.97,8.97,8.99,8.93,19015755.0,170268429.0,15:34:59,2026-09-23
sh600959,江苏有线,3.09,-0.06,-1.905,3.09,3.1,3.15,3.14,3.15,3.09,23950083.0,74547864.0,15:34:59,2026-09-23
sh600960,渤海汽车,3.92,-0.02,-0.508,3.92,3.93,3.94,3.93,3.98,3.89,7919900.0,31139277.0,15:34:59,2026-09-23
sh600961,株冶集团,24.47,-0.45,-1.806,24.47,24.48,24.92,25.0,25.14,24.4,18512755.0,455045517.0,15:34:59,2026-09-23
sh600962,国投中鲁,26.35,-0.95,-3.48,26.35,26.36,27.3,27.3,27.83,26.03,9007725.0,239640427.0,15:34:59,2026-09-23
sh600963,岳阳林纸,3.41,-0.12,-3.399,3.4,3.41,3.53,3.53,3.56,3.4,31329600.0,108961378.0,15:34:59,2026-09-23
sh600965,*ST福成,2.69,-0.06,-2.182,2.69,2.7,2.75,2.75,2.75,2.69,3784331.0,10295185.0,15:00:02,2026-09-23
sh600966,博汇纸业,4.88,-0.09,-1.811,4.88,4.89,4.97,4.97,4.98,4.88,7015800.0,34484975.0,15:34:59,2026-09-23
sh600967,内蒙一机,12.94,-0.52,-3.863,12.94,12.95,13.46,13.41,13.46,12.9,55079087.0,719356902.0,15:34:59,2026-09-23
sh600968,海油发展,3.85,-0.06,-1.535,3.85,3.86,3.91,3.91,3.92,3.84,29919188.0,115754419.0,15:34:59,2026-09-23
sh600969,郴电国际,9.8,-0.38,-3.733,9.79,9.8,10.18,10.13,10.2,9.77,10210139.0,100851331.0,15:34:59,2026-09-23
sh600970,中材国际,7.61,0.01,0.132,7.61,7.62,7.6,7.62,7.68,7.55,11114930.0,84722022.0,15:34:59,2026-09-23
sh600971,恒源煤电,8.38,-0.11,-1.296,8.38,8.4,8.49,8.43,8.58,8.37,9214280.0,77670473.0,15:00:01,2026-09-23
sh600973,宝胜股份,5.91,-0.12,-1.99,5.91,5.92,6.03,6.04,6.04,5.89,16262620.0,96440774.0,15:34:59,2026-09-23
sh600975,新五丰,5.16,-0.13,-2.457,5.15,5.16,5.29,5.26,5.31,5.14,18040202.0,93823095.0,15:34:59,2026-09-23
sh600976,健民集团,27.02,-0.19,-0.698,27.02,27.03,27.21,27.37,27.39,26.97,832200.0,22517531.0,15:00:00,2026-09-23
sh600977,中国电影,13.5,-0.05,-0.369,13.5,13.51,13.55,13.5,13.6,13.23,22587657.0,303452296.0,15:34:59,2026-09-23
sh600979,广安爱众,3.88,-0.08,-2.02,3.88,3.89,3.96,3.94,3.95,3.88,26913423.0,105016030.0,15:34:59,2026-09-23
sh600980,北矿科技,19.54,-0.26,-1.313,19.54,19.55,19.8,19.98,19.98,19.38,2574010.0,50319674.0,15:34:59,2026-09-23
sh600981,苏豪汇鸿,2.39,-0.05,-2.049,2.39,2.4,2.44,2.43,2.47,2.39,16187900.0,39204323.0,15:00:01,2026-09-23
sh600982,宁波能源,4.85,-0.18,-3.579,4.84,4.85,5.03,5.02,5.02,4.83,32845000.0,160412752.0,15:34:59,2026-09-23
sh600983,惠而浦,7.54,0.09,1.208,7.54,7.55,7.45,7.64,7.69,7.51,2746302.0,20833473.0,15:34:59,2026-09-23
sh600984,建设机械,3.46,-0.06,-1.705,3.45,3.46,3.52,3.52,3.53,3.45,17238740.0,60035632.0,15:34:59,2026-09-23
sh600985,淮北矿业,16.61,-0.13,-0.777,16.6,16.61,16.74,16.68,16.8,16.5,7816357.0,129827821.0,15:00:00,2026-09-23
sh600986,浙文互联,7.06,-0.33,-4.465,7.06,7.07,7.39,7.45,7.46,7.06,61600131.0,440323899.0,15:34:59,2026-09-23
sh600987,航民股份,6.33,-0.02,-0.315,6.33,6.34,6.35,6.35,6.37,6.32,2459711.0,15593069.0,15:00:01,2026-09-23
sh600988,赤峰黄金,42.5,0.1,0.236,42.5,42.51,42.4,42.7,43.13,42.08,25876481.0,1104505212.0,15:34:59,2026-09-23
sh600989,宝丰能源,22.58,-0.63,-2.714,22.57,22.58,23.21,23.01,23.06,22.47,55454806.0,1256260927.0,15:34:59,2026-09-23
sh600990,四创电子,17.91,-0.16,-0.885,17.91,17.92,18.07,18.1,18.1,17.83,1586100.0,28400753.0,15:00:01,2026-09-23
sh600992,贵绳股份,10.19,-0.09,-0.875,10.19,10.2,10.28,10.28,10.51,10.13,11051300.0,113265225.0,15:34:59,2026-09-23
sh600993,马应龙,22.46,-0.09,-0.399,22.46,22.48,22.55,22.61,22.7,22.45,1679455.0,37885279.0,15:34:59,2026-09-23
sh600995,南网储能,11.99,-0.06,-0.498,11.99,12.01,12.05,12.11,12.11,11.98,6190200.0,74497508.0,15:34:59,2026-09-23
sh600996,贵广网络,6.85,-0.19,-2.699,6.85,6.86,7.04,7.06,7.09,6.84,14920292.0,102900024.0,15:34:59,2026-09-23
sh600997,开滦股份,5.13,-0.13,-2.471,5.13,5.14,5.26,5.25,5.3,5.12,9329100.0,48324099.0,15:00:01,2026-09-23
sh600998,九州通,4.89,0.02,0.411,4.89,4.9,4.87,4.87,4.92,4.78,37628798.0,183377145.0,15:00:01,2026-09-23
sh600999,招商证券,17.83,-0.18,-0.999,17.83,17.84,18.01,18.0,18.12,17.81,24434274.0,437240285.0,15:34:59,2026-09-23
sh601000,唐山港,4.32,-0.04,-0.917,4.32,4.33,4.36,4.35,4.38,4.32,29617191.0,128581901.0,15:00:01,2026-09-23
sh601001,晋控煤业,18.05,-0.23,-1.258,18.05,18.06,18.28,18.16,18.49,17.88,12347362.0,223995721.0,15:34:59,2026-09-23
sh601002,晋亿实业,5.19,-0.01,-0.192,5.18,5.19,5.2,5.2,5.24,5.17,5921800.0,30838131.0,15:00:02,2026-09-23
sh601003,柳钢股份,3.52,-0.07,-1.95,3.52,3.53,3.59,3.6,3.74,3.51,36686568.0,132483416.0,15:34:59,2026-09-23
sh601005,重庆钢铁,1.23,0.02,1.653,1.23,1.24,1.21,1.21,1.28,1.2,172656895.0,213284894.0,15:34:59,2026-09-23
sh601006,大秦铁路,4.69,-0.02,-0.425,4.68,4.69,4.71,4.71,4.72,4.68,72939920.0,342663718.0,15:34:59,2026-09-23
sh601007,金陵饭店,6.78,-0.03,-0.441,6.78,6.79,6.81,6.81,6.87,6.7,5450430.0,37017855.0,15:34:59,2026-09-23
sh601008,连云港,4.35,-0.08,-1.806,4.34,4.35,4.43,4.43,4.43,4.34,11251400.0,49123303.0,15:34:59,2026-09-23
sh601009,南京银行,11.73,-0.04,-0.34,11.73,11.74,11.77,11.76,11.85,11.69,34048703.0,400041397.0,15:34:59,2026-09-23
sh601010,ST文峰,1.46,-0.01,-0.68,1.45,1.46,1.47,1.47,1.47,1.44,11755800.0,17095573.0,15:34:59,2026-09-23
sh601011,宝泰隆,2.88,-0.13,-4.319,2.88,2.89,3.01,3.01,3.01,2.88,46966425.0,136862150.0,15:34:59,2026-09-23
sh601012,隆基绿能,11.41,0.03,0.264,11.41,11.42,11.38,11.38,11.56,11.32,62738966.0,719901435.0,15:34:59,2026-09-23
sh601015,陕西黑猫,3.5,-0.25,-6.667,3.5,3.51,3.75,3.74,3.74,3.48,94500531.0,337308392.0,15:34:59,2026-09-23
sh601016,节能风电,3.28,-0.06,-1.796,3.27,3.28,3.34,3.34,3.35,3.27,94879055.0,312471841.0,15:34:59,2026-09-23
sh601018,宁波港,3.4,-0.02,-0.585,3.39,3.4,3.42,3.41,3.42,3.39,37773434.0,128458765.0,15:34:59,2026-09-23
sh601019,山东出版,6.99,0.0,0.0,6.98,6.99,6.99,6.99,7.06,6.86,10963800.0,76312892.0,15:00:01,2026-09-23
sh601020,华钰矿业,22.14,1.06,5.028,22.13,22.14,21.08,21.18,22.64,20.67,41499491.0,898611569.0,15:34:59,2026-09-23
sh601021,春秋航空,41.94,0.06,0.143,41.94,41.95,41.88,42.0,42.29,41.84,5072128.0,213370180.0,15:34:59,2026-09-23
sh601022,宁波远洋,8.46,-0.09,-1.053,8.46,8.47,8.55,8.56,8.56,8.42,7307000.0,61906551.0,15:34:59,2026-09-23
sh601026,道生天合材料科技,15.35,-0.08,-0.518,15.35,15.36,15.43,15.4,15.49,15.3,4503981.0,69238931.0,15:34:59,2026-09-23
sh601033,永兴股份,14.25,-0.01,-0.07,14.25,14.26,14.26,14.26,14.35,14.2,1818600.0,25962082.0,15:34:59,2026-09-23
sh601038,一拖股份,13.89,0.12,0.871,13.88,13.89,13.77,13.73,14.05,13.62,10867500.0,150656186.0,15:00:01,2026-09-23
sh601058,赛轮轮胎,13.92,0.17,1.236,13.92,13.93,13.75,13.85,14.02,13.75,30093159.0,418283708.0,15:34:59,2026-09-23
sh601059,信达证券,15.56,0.0,0.0,0.0,0.0,15.56,0.0,0.0,0.0,0.0,0.0,15:35:46,2026-09-23
sh601061,中信金属,11.35,-0.25,-2.155,11.35,11.36,11.6,11.7,11.8,11.32,11432800.0,130756232.0,15:34:59,2026-09-23
sh601065,江西省盐业集团,6.73,-0.03,-0.444,6.73,6.74,6.76,6.75,6.77,6.71,2292099.0,15437152.0,15:00:01,2026-09-23
sh601066,中信建投,23.67,-0.1,-0.421,23.67,23.68,23.77,23.77,23.83,23.61,6919399.0,163943828.0,15:34:59,2026-09-23
sh601068,中铝国际,4.5,0.1,2.273,4.5,4.51,4.4,4.42,4.78,4.37,37196877.0,167749730.0,15:34:59,2026-09-23
sh601069,西部黄金,26.79,-0.12,-0.446,26.78,26.79,26.91,26.98,27.08,26.68,8658525.0,232552822.0,15:34:59,2026-09-23
sh601077,渝农商行,6.54,-0.04,-0.608,6.54,6.55,6.58,6.56,6.58,6.5,43766630.0,285799034.0,15:34:59,2026-09-23
sh601083,锦江航运,12.78,0.03,0.235,12.78,12.82,12.75,12.7,13.04,12.63,6413800.0,82366622.0,15:00:01,2026-09-23
sh601086,国芳集团,17.02,-1.14,-6.278,17.02,17.03,18.16,18.16,18.5,16.52,85668898.0,1477716440.0,15:34:59,2026-09-23
sh601088,中国神华,47.21,-0.3,-0.631,47.2,47.23,47.51,47.51,47.84,47.12,13238520.0,627168313.0,15:34:59,2026-09-23
sh601089,福元医药,16.29,-0.16,-0.973,16.29,16.33,16.45,16.48,16.6,16.28,3235400.0,53170229.0,15:00:01,2026-09-23
sh601091,C沈鼓集团,30.0,-7.98,-21.011,30.0,30.01,37.98,36.0,36.5,29.96,117992462.0,3891473193.0,15:34:59,2026-09-23
sh601096,宏盛华源铁塔集团,4.08,-0.06,-1.449,4.08,4.09,4.14,4.12,4.13,4.08,13380600.0,54859671.0,15:34:59,2026-09-23
sh601098,中南传媒,10.36,-0.21,-1.987,10.35,10.36,10.57,10.55,10.57,10.34,7597000.0,79107498.0,15:34:59,2026-09-23
sh601099,太平洋,3.54,-0.03,-0.84,3.54,3.55,3.57,3.58,3.61,3.53,107795325.0,382995899.0,15:34:59,2026-09-23
sh601100,恒立液压,91.6,-0.79,-0.855,91.59,91.6,92.39,92.39,93.25,91.05,6347926.0,583296290.0,15:34:59,2026-09-23
sh601101,昊华能源,13.25,-0.33,-2.43,13.25,13.26,13.58,13.4,13.66,13.2,13125155.0,175493581.0,15:34:59,2026-09-23
sh601106,中国一重,2.94,-0.05,-1.672,2.93,2.94,2.99,3.01,3.01,2.92,71351584.0,210972898.0,15:34:59,2026-09-23
sh601107,四川成渝,6.01,0.03,0.502,6.01,6.02,5.98,5.95,6.04,5.92,6085576.0,36490007.0,15:00:02,2026-09-23
sh601108,财通证券,8.56,-0.04,-0.465,8.56,8.57,8.6,8.64,8.68,8.54,30413151.0,261297526.0,15:34:59,2026-09-23
sh601111,中国国航,5.96,0.03,0.506,5.96,5.97,5.93,5.93,6.01,5.93,63786811.0,381044934.0,15:34:59,2026-09-23
sh601112,振石股份,16.42,-0.36,-2.145,16.41,16.42,16.78,16.7,16.79,16.41,6411672.0,106135417.0,15:34:59,2026-09-23
sh601113,华鼎股份,3.52,0.03,0.86,3.51,3.52,3.49,3.5,3.58,3.47,11429075.0,40420040.0,15:00:01,2026-09-23
sh601116,三江购物,10.21,-0.22,-2.109,10.2,10.21,10.43,10.46,10.49,10.2,10517690.0,108231843.0,15:34:59,2026-09-23
sh601117,中国化学,7.16,-0.07,-0.968,7.16,7.17,7.23,7.21,7.23,7.16,27891875.0,200378915.0,15:34:59,2026-09-23
sh601118,海南橡胶,6.66,0.12,1.835,6.65,6.66,6.54,6.54,6.7,6.4,107538793.0,706906758.0,15:34:59,2026-09-23
sh601121,宝地矿业,7.26,0.04,0.554,7.26,7.27,7.22,7.28,7.28,7.18,6637215.0,48045087.0,15:34:59,2026-09-23
sh601123,马矿股份,18.09,-0.51,-2.742,18.08,18.09,18.6,18.1,19.02,17.48,32636188.0,587117177.0,15:34:59,2026-09-23
sh601126,四方股份,39.5,-0.69,-1.717,39.49,39.5,40.19,40.15,40.25,39.31,13742080.0,544601980.0,15:34:59,2026-09-23
sh601127,赛力斯,47.2,-0.58,-1.214,47.19,47.2,47.78,47.8,48.44,47.2,17453118.0,832063249.0,15:34:59,2026-09-23
sh601128,常熟银行,6.19,-0.06,-0.96,6.19,6.2,6.25,6.23,6.25,6.18,39482387.0,244805496.0,15:34:59,2026-09-23
sh601133,柏诚系统股份公司,26.02,1.09,4.372,26.01,26.02,24.93,25.25,26.8,25.06,30290564.0,777666093.0,15:34:59,2026-09-23
sh601136,首创证券,14.52,-0.01,-0.069,14.52,14.53,14.53,14.62,14.78,14.45,10625461.0,155042741.0,15:34:59,2026-09-23
sh601137,博威合金,20.49,0.14,0.688,20.48,20.49,20.35,20.42,20.6,20.32,7164038.0,146868584.0,15:34:59,2026-09-23
sh601138,工业富联,62.98,-0.32,-0.506,62.97,62.98,63.3,63.49,63.78,62.85,42412179.0,2676609035.0,15:34:59,2026-09-23
sh601139,深圳燃气,6.23,-0.05,-0.796,6.23,6.24,6.28,6.28,6.29,6.21,10692925.0,66703489.0,15:34:59,2026-09-23
sh601155,新城控股,12.95,0.03,0.232,12.95,12.96,12.92,12.8,13.32,12.71,29459730.0,385536075.0,15:34:59,2026-09-23
sh601156,东航物流,18.4,0.27,1.489,18.4,18.41,18.13,18.13,18.51,18.07,4841407.0,88750520.0,15:00:00,2026-09-23
sh601158,重庆水务,3.99,-0.01,-0.25,3.99,4.0,4.0,4.01,4.03,3.99,4739510.0,18989027.0,15:34:59,2026-09-23
sh601162,天风证券,3.67,-0.05,-1.344,3.67,3.68,3.72,3.72,3.75,3.66,107442068.0,397395563.0,15:34:59,2026-09-23
sh601163,三角轮胎,12.43,-0.06,-0.48,12.43,12.44,12.49,12.48,12.5,12.42,1375899.0,17140832.0,15:34:59,2026-09-23
sh601166,兴业银行,17.87,-0.02,-0.112,17.87,17.88,17.89,17.85,17.94,17.82,39844639.0,712722077.0,15:34:59,2026-09-23
sh601168,西部矿业,36.81,0.04,0.109,36.8,36.81,36.77,37.26,37.35,36.54,28007332.0,1033577980.0,15:34:59,2026-09-23
sh601169,北京银行,5.47,-0.05,-0.906,5.47,5.48,5.52,5.5,5.53,5.45,115042308.0,630803878.0,15:34:59,2026-09-23
sh601177,杭齿前进,13.73,0.04,0.292,13.73,13.75,13.69,13.69,13.88,13.51,4446024.0,60929959.0,15:34:59,2026-09-23
sh601179,中国西电,12.0,-0.17,-1.397,12.0,12.01,12.17,12.17,12.19,11.97,44178953.0,531655917.0,15:34:59,2026-09-23
sh601186,中国铁建,6.03,-0.01,-0.166,6.03,6.04,6.04,6.03,6.08,6.01,27031366.0,163413362.0,15:34:59,2026-09-23
sh601187,厦门银行,6.93,-0.1,-1.422,6.92,6.93,7.03,6.97,7.02,6.9,17794115.0,123436482.0,15:34:59,2026-09-23
sh601188,龙江交通,2.84,-0.03,-1.045,2.83,2.84,2.87,2.87,2.88,2.83,11423330.0,32578499.0,15:34:59,2026-09-23
sh601198,东兴证券,13.06,0.0,0.0,0.0,0.0,13.06,0.0,0.0,0.0,0.0,0.0,15:35:41,2026-09-23
sh601199,江南水务,6.61,-0.07,-1.048,6.61,6.62,6.68,6.64,6.73,6.54,15264883.0,100962308.0,15:34:59,2026-09-23
sh601200,上海环境,6.82,-0.03,-0.438,6.82,6.83,6.85,6.84,6.89,6.81,4298951.0,29416354.0,15:00:00,2026-09-23
sh601208,东材科技,55.0,2.81,5.384,55.0,55.01,52.19,52.78,55.98,52.19,98237754.0,5365200236.0,15:34:59,2026-09-23
sh601211,国泰海通,17.67,-0.04,-0.226,17.66,17.67,17.71,17.68,17.78,17.54,41678075.0,735708607.0,15:34:59,2026-09-23
sh601212,白银有色,6.04,-0.05,-0.821,6.04,6.05,6.09,6.19,6.29,6.02,174974366.0,1068335118.0,15:34:59,2026-09-23
sh601216,君正集团,4.51,-0.04,-0.879,4.51,4.52,4.55,4.53,4.55,4.47,46719313.0,210494876.0,15:34:59,2026-09-23
sh601218,吉鑫科技,5.0,-0.26,-4.943,5.0,5.01,5.26,5.22,5.22,4.97,105213497.0,529534897.0,15:34:59,2026-09-23
sh601222,林洋能源,5.97,0.01,0.168,5.97,5.98,5.96,5.95,6.0,5.93,13276100.0,79309505.0,15:34:59,2026-09-23
sh601225,陕西煤业,25.68,-0.35,-1.345,25.68,25.69,26.03,25.89,26.22,25.5,22438084.0,577137983.0,15:34:59,2026-09-23
sh601226,华电科工,6.68,-0.07,-1.037,6.67,6.68,6.75,6.72,6.75,6.64,9563600.0,63983971.0,15:34:59,2026-09-23
sh601228,广州港,3.03,-0.03,-0.98,3.02,3.03,3.06,3.05,3.07,3.02,19449561.0,59140208.0,15:34:59,2026-09-23
sh601229,上海银行,9.47,-0.06,-0.63,9.46,9.47,9.53,9.52,9.57,9.43,34373083.0,325525126.0,15:34:59,2026-09-23
sh601231,环旭电子,26.94,0.05,0.186,26.93,26.94,26.89,27.06,27.18,26.53,24249069.0,652040907.0,15:34:59,2026-09-23
sh601233,桐昆股份,24.08,0.16,0.669,24.07,24.08,23.92,23.8,24.28,23.68,15183936.0,365314595.0,15:34:59,2026-09-23
sh601236,红塔证券,7.01,-0.05,-0.708,7.01,7.02,7.06,7.08,7.11,6.99,24688354.0,173766065.0,15:34:59,2026-09-23
sh601238,广汽集团,5.09,0.0,0.0,0.0,0.0,5.09,0.0,0.0,0.0,0.0,0.0,15:35:47,2026-09-23
sh601279,英利汽车,3.5,0.01,0.287,3.5,3.51,3.49,3.48,3.55,3.45,10842467.0,37880693.0,15:00:02,2026-09-23
sh601288,农业银行,6.83,-0.05,-0.727,6.83,6.84,6.88,6.87,6.9,6.76,312223740.0,2125706149.0,15:34:59,2026-09-23
sh601298,青岛港,9.69,-0.08,-0.819,9.69,9.7,9.77,9.76,9.8,9.69,5300920.0,51625994.0,15:34:59,2026-09-23
sh601311,骆驼股份,7.43,-0.01,-0.134,7.43,7.44,7.44,7.44,7.47,7.4,6380241.0,47359345.0,15:34:59,2026-09-23
sh601318,中国平安,53.87,-0.59,-1.083,53.87,53.89,54.46,54.35,54.47,53.85,39679222.0,2146103410.0,15:34:59,2026-09-23
sh601319,中国人保,8.07,-0.1,-1.224,8.06,8.07,8.17,8.13,8.19,8.03,48776813.0,394441378.0,15:34:59,2026-09-23
sh601326,秦港股份,3.5,0.02,0.575,3.5,3.51,3.48,3.49,3.51,3.47,14939397.0,52178531.0,15:00:02,2026-09-23
sh601328,交通银行,7.52,-0.03,-0.397,7.52,7.53,7.55,7.55,7.62,7.48,102612058.0,771798823.0,15:34:59,2026-09-23
sh601330,绿色动力,8.0,-0.19,-2.32,7.99,8.0,8.19,8.15,8.17,7.95,11584700.0,92786134.0,15:34:59,2026-09-23
sh601333,广深铁路,3.05,0.03,0.993,3.04,3.05,3.02,3.03,3.06,3.0,66433509.0,201485014.0,15:34:59,2026-09-23
sh601336,新华保险,57.88,-0.8,-1.363,57.88,57.89,58.68,58.5,58.66,57.85,8383247.0,487036123.0,15:34:59,2026-09-23
sh601339,百隆东方,7.2,0.04,0.559,7.2,7.21,7.16,7.18,7.28,7.14,5980132.0,43224732.0,15:34:59,2026-09-23
sh601360,XD三六零,9.03,-0.15,-1.634,9.03,9.04,9.18,9.13,9.14,8.95,80305729.0,723683467.0,15:34:59,2026-09-23
sh601366,利群股份,3.57,-0.07,-1.923,3.57,3.58,3.64,3.63,3.66,3.57,10593836.0,38192188.0,15:00:01,2026-09-23
sh601368,绿城水务,4.51,0.01,0.222,4.51,4.52,4.5,4.51,4.52,4.47,2084400.0,9370984.0,15:00:02,2026-09-23
sh601369,陕鼓动力,8.95,-0.04,-0.445,8.95,8.97,8.99,8.91,9.14,8.91,11301752.0,102012100.0,15:34:59,2026-09-23
sh601375,中原证券,4.0,-0.04,-0.99,3.99,4.0,4.04,4.05,4.06,3.99,25183000.0,101270753.0,15:00:02,2026-09-23
sh601377,兴业证券,5.92,-0.05,-0.838,5.91,5.92,5.97,5.97,5.98,5.91,41543480.0,246519781.0,15:34:59,2026-09-23
sh601388,怡球资源,3.19,-0.06,-1.846,3.18,3.19,3.25,3.24,3.25,3.18,25673683.0,82232527.0,15:34:59,2026-09-23
sh601390,中国中铁,4.29,-0.02,-0.464,4.28,4.29,4.31,4.31,4.35,4.29,76029405.0,327883916.0,15:34:59,2026-09-23
sh601398,工商银行,8.09,-0.03,-0.369,8.08,8.09,8.12,8.09,8.16,8.03,188066056.0,1517985288.0,15:34:59,2026-09-23
sh601399,国机重装,3.09,-0.07,-2.215,3.09,3.1,3.16,3.15,3.16,3.08,76259439.0,236932744.0,15:34:59,2026-09-23
sh601456,国联民生,8.65,-0.04,-0.46,8.65,8.66,8.69,8.68,8.7,8.64,8622625.0,74733607.0,15:34:59,2026-09-23
sh601500,通用股份,3.91,0.02,0.514,3.9,3.91,3.89,3.89,3.93,3.85,10045872.0,39159370.0,15:00:02,2026-09-23
sh601512,中新集团,8.49,0.0,0.0,8.48,8.49,8.49,8.45,8.66,8.45,2822649.0,24174498.0,15:00:02,2026-09-23
sh601515,衢州东峰,3.24,-0.05,-1.52,3.23,3.24,3.29,3.29,3.29,3.22,11702007.0,37990439.0,15:34:59,2026-09-23
sh601518,吉林高速,2.76,-0.01,-0.361,2.76,2.77,2.77,2.77,2.79,2.75,8690404.0,24058192.0,15:34:59,2026-09-23
sh601519,大智慧,8.9,-0.17,-1.874,8.89,8.9,9.07,9.0,9.07,8.83,32805932.0,292780953.0,15:34:59,2026-09-23
sh601528,瑞丰银行,5.0,0.04,0.806,5.0,5.01,4.96,4.96,5.02,4.94,11450960.0,57098277.0,15:00:02,2026-09-23
sh601555,东吴证券,8.26,-0.08,-0.959,8.26,8.27,8.34,8.36,8.37,8.25,17715784.0,146939718.0,15:34:59,2026-09-23
sh601566,九牧王,9.05,-0.25,-2.688,9.05,9.06,9.3,9.37,9.4,9.01,14060500.0,127802720.0,15:34:59,2026-09-23
sh601567,三星电气,14.77,0.17,1.164,14.76,14.77,14.6,14.6,14.92,14.47,20764026.0,306419882.0,15:34:59,2026-09-23
sh601568,北元化工,3.6,-0.06,-1.639,3.6,3.61,3.66,3.66,3.67,3.6,14614519.0,53131591.0,15:34:59,2026-09-23
sh601577,长沙银行,9.69,-0.01,-0.103,9.69,9.7,9.7,9.71,9.75,9.68,13600959.0,131975007.0,15:00:00,2026-09-23
sh601579,会稽山,36.75,-0.71,-1.895,36.74,36.75,37.46,37.83,41.21,35.56,69300523.0,2679425095.0,15:34:59,2026-09-23
sh601588,北辰实业,1.79,0.0,0.0,1.79,1.8,1.79,1.78,1.85,1.77,60577749.0,109777790.0,15:34:59,2026-09-23
sh601595,上海电影,23.53,-1.11,-4.505,23.53,23.55,24.64,24.23,24.23,23.28,11033531.0,260055482.0,15:34:59,2026-09-23
sh601598,中国外运,6.48,0.04,0.621,6.48,6.49,6.44,6.42,6.53,6.42,8057280.0,52166719.0,15:34:59,2026-09-23
sh601599,浙文影业,3.21,-0.07,-2.134,3.2,3.21,3.28,3.27,3.27,3.19,18291300.0,58907673.0,15:00:02,2026-09-23
sh601600,中国铝业,9.12,-0.15,-1.618,9.12,9.13,9.27,9.27,9.38,9.1,144965078.0,1329182904.0,15:34:59,2026-09-23
sh601601,中国太保,31.61,-0.54,-1.68,31.61,31.62,32.15,32.08,32.19,31.58,29701602.0,944006607.0,15:34:59,2026-09-23
sh601606,长城军工,32.07,-1.03,-3.112,32.07,32.08,33.1,33.11,33.2,31.9,22524053.0,727263859.0,15:34:59,2026-09-23
sh601607,上海医药,16.06,0.02,0.125,16.06,16.07,16.04,16.05,16.15,15.98,6910120.0,111113405.0,15:00:01,2026-09-23
sh601608,中信重工,4.6,-0.07,-1.499,4.6,4.61,4.67,4.68,4.68,4.59,24781696.0,114511741.0,15:34:59,2026-09-23
sh601609,金田股份,12.79,-0.46,-3.472,12.79,12.8,13.25,12.9,13.08,12.5,51960302.0,665575570.0,15:34:59,2026-09-23
sh601611,中国核建,10.26,-0.16,-1.536,10.26,10.27,10.42,10.4,10.41,10.26,13447533.0,138435747.0,15:34:59,2026-09-23
sh601615,明阳智能,9.72,0.03,0.31,9.72,9.73,9.69,9.7,9.78,9.62,27097201.0,263586860.0,15:34:59,2026-09-23
sh601616,广电电气,3.76,-0.1,-2.591,3.75,3.76,3.86,3.87,3.87,3.74,11356156.0,42962477.0,15:34:59,2026-09-23
sh601618,中国中冶,2.55,-0.01,-0.391,2.55,2.56,2.56,2.56,2.6,2.55,73838689.0,189947143.0,15:34:59,2026-09-23
sh601619,嘉泽新能,4.01,-0.03,-0.743,4.01,4.02,4.04,4.04,4.06,4.0,23154677.0,93000294.0,15:34:59,2026-09-23
sh601628,中国人寿,38.6,-0.09,-0.233,38.59,38.6,38.69,38.64,38.85,38.39,14794014.0,570992470.0,15:34:59,2026-09-23
sh601633,长城汽车,14.11,-0.02,-0.142,14.1,14.11,14.13,14.08,14.28,14.04,13696672.0,193846083.0,15:34:59,2026-09-23
sh601636,旗滨集团,5.71,0.03,0.528,5.71,5.72,5.68,5.66,5.89,5.66,84683970.0,490460193.0,15:34:59,2026-09-23
sh601658,邮储银行,5.32,-0.01,-0.188,5.32,5.33,5.33,5.32,5.38,5.28,115429100.0,613832254.0,15:34:59,2026-09-23
sh601665,齐鲁银行,6.88,0.06,0.88,6.87,6.88,6.82,6.83,6.89,6.8,37769630.0,258991586.0,15:34:59,2026-09-23
sh601666,平煤股份,8.83,-0.25,-2.753,8.83,8.84,9.08,9.03,9.18,8.8,22643300.0,202051074.0,15:00:02,2026-09-23
sh601668,中国建筑,4.28,-0.02,-0.465,4.28,4.29,4.3,4.3,4.35,4.27,215141220.0,927867438.0,15:34:59,2026-09-23
sh601669,中国电建,4.59,-0.02,-0.434,4.58,4.59,4.61,4.61,4.63,4.59,45883400.0,211319776.0,15:34:59,2026-09-23
sh601677,明泰铝业,16.75,-0.31,-1.817,16.75,16.76,17.06,17.05,17.14,16.71,20571643.0,347372095.0,15:34:59,2026-09-23
sh601678,滨化股份,5.96,-0.09,-1.488,5.95,5.96,6.05,6.02,6.04,5.9,44548492.0,265515209.0,15:34:59,2026-09-23
sh601686,友发集团,5.02,-0.03,-0.594,5.02,5.03,5.05,5.05,5.09,5.0,4344438.0,21922672.0,15:00:02,2026-09-23
sh601688,华泰证券,18.35,-0.12,-0.65,18.35,18.36,18.47,18.48,18.55,18.31,35353209.0,650052966.0,15:34:59,2026-09-23
sh601689,拓普集团,45.89,0.18,0.394,45.89,45.9,45.71,45.71,46.46,45.25,16267743.0,745158698.0,15:34:59,2026-09-23
sh601696,中银证券,11.28,-0.11,-0.966,11.28,11.29,11.39,11.4,11.45,11.27,18949413.0,214715218.0,15:34:59,2026-09-23
sh601698,中国卫通,23.57,-0.43,-1.792,23.57,23.58,24.0,24.0,24.06,23.53,15617306.0,369450909.0,15:34:59,2026-09-23
sh601699,潞安环能,15.38,-0.37,-2.349,15.38,15.39,15.75,15.62,15.79,15.35,15029222.0,233198141.0,15:34:59,2026-09-23
sh601700,风范股份,6.31,-0.44,-6.519,6.3,6.31,6.75,6.64,6.65,6.27,77817796.0,500174450.0,15:34:59,2026-09-23
sh601702,华峰铝业,15.28,-0.33,-2.114,15.28,15.29,15.61,15.62,15.78,15.28,3895188.0,60114962.0,15:34:59,2026-09-23
sh601717,中创智领,13.57,-0.08,-0.586,13.56,13.57,13.65,13.66,13.68,13.55,9283379.0,126154658.0,15:34:59,2026-09-23
sh601718,ST际华,1.95,-0.03,-1.515,1.94,1.95,1.98,1.97,1.99,1.95,10269400.0,20161114.0,15:34:59,2026-09-23
sh601727,上海电气,6.65,-0.03,-0.449,6.64,6.65,6.68,6.69,6.7,6.62,51415701.0,341826306.0,15:34:59,2026-09-23
sh601728,中国电信,6.1,-0.02,-0.327,6.1,6.11,6.12,6.12,6.16,6.1,54053292.0,330897774.0,15:34:59,2026-09-23
sh601766,中国中车,5.92,-0.06,-1.003,5.92,5.93,5.98,5.98,6.01,5.91,99364637.0,592307957.0,15:34:59,2026-09-23
sh601777,千里科技,7.71,-0.07,-0.9,7.71,7.72,7.78,7.77,7.84,7.71,13456853.0,104555910.0,15:34:59,2026-09-23
sh601778,晶科科技,3.43,-0.1,-2.833,3.43,3.44,3.53,3.51,3.53,3.42,82994295.0,287571377.0,15:34:59,2026-09-23
sh601788,光大证券,13.96,-0.1,-0.711,13.96,13.97,14.06,14.08,14.1,13.94,8672634.0,121382637.0,15:34:59,2026-09-23
sh601789,宁波建工,4.36,0.1,2.347,4.35,4.36,4.26,4.23,4.43,4.19,59014627.0,255245396.0,15:34:59,2026-09-23
sh601798,蓝科高新,7.55,-0.04,-0.527,7.55,7.56,7.59,7.55,7.61,7.53,2553300.0,19307622.0,15:34:59,2026-09-23
sh601799,星宇股份,70.81,-0.55,-0.771,70.81,70.84,71.36,71.12,71.96,70.71,2800685.0,199201870.0,15:34:59,2026-09-23
sh601800,中国交建,5.86,0.0,0.0,5.86,5.87,5.86,5.86,5.91,5.84,17830261.0,104742249.0,15:34:59,2026-09-23
sh601801,皖新传媒,5.46,-0.37,-6.346,5.46,5.47,5.83,5.75,5.79,5.42,52384401.0,289015268.0,15:34:59,2026-09-23
sh601808,中海油服,12.12,-0.11,-0.899,12.12,12.13,12.23,12.17,12.22,12.04,8808150.0,106767867.0,15:34:59,2026-09-23
sh601811,新华文轩,18.5,1.68,9.988,18.5,0.0,16.82,18.46,18.5,18.01,16632489.0,306609578.0,15:34:59,2026-09-23
sh601816,京沪高铁,4.71,-0.03,-0.633,4.71,4.72,4.74,4.74,4.75,4.71,87148427.0,411772827.0,15:34:59,2026-09-23
sh601818,光大银行,3.0,-0.01,-0.332,3.0,3.01,3.01,3.01,3.02,3.0,108911415.0,327179050.0,15:34:59,2026-09-23
sh601825,沪农商行,8.88,0.0,0.0,8.88,8.89,8.88,8.85,8.99,8.7,20011700.0,176849134.0,15:34:59,2026-09-23
sh601827,三峰环境,7.86,0.02,0.255,7.85,7.86,7.84,7.85,7.91,7.82,3402500.0,26777570.0,15:00:02,2026-09-23
sh601828,美凯龙,2.19,-0.02,-0.905,2.19,2.2,2.21,2.2,2.28,2.18,61608530.0,137127666.0,15:34:59,2026-09-23
sh601838,成都银行,18.85,-0.14,-0.737,18.85,18.87,18.99,18.95,19.07,18.75,12077761.0,227441709.0,15:34:59,2026-09-23
sh601857,中国石油,10.71,-0.08,-0.741,10.7,10.71,10.79,10.8,10.82,10.66,85547461.0,917859421.0,15:34:59,2026-09-23
sh601858,中国科传,21.36,-0.3,-1.385,21.35,21.36,21.66,21.61,21.65,21.26,8893200.0,190509908.0,15:34:59,2026-09-23
sh601860,紫金银行,2.55,-0.01,-0.391,2.55,2.56,2.56,2.55,2.57,2.54,42291900.0,108049710.0,15:34:59,2026-09-23
sh601865,福莱特,9.38,0.02,0.214,9.38,9.39,9.36,9.38,9.51,9.33,9370276.0,88442049.0,15:34:59,2026-09-23
sh601866,中远海发,2.42,-0.03,-1.224,2.42,2.43,2.45,2.45,2.46,2.42,48137501.0,117185829.0,15:34:59,2026-09-23
sh601868,中国能建,2.41,-0.02,-0.823,2.41,2.42,2.43,2.43,2.45,2.41,175655363.0,426433553.0,15:34:59,2026-09-23
sh601869,长飞光纤,457.89,1.29,0.283,457.89,457.9,456.6,450.8,465.88,445.83,10492015.0,4796508102.0,15:34:59,2026-09-23
sh601872,招商轮船,20.78,-0.7,-3.259,20.78,20.79,21.48,20.8,21.08,20.52,121522623.0,2525525890.0,15:34:59,2026-09-23
sh601877,正泰电器,25.18,-0.21,-0.827,25.17,25.18,25.39,25.39,25.59,25.15,8147293.0,206048789.0,15:34:59,2026-09-23
sh601878,浙商证券,9.14,0.0,0.0,9.13,9.14,9.14,9.15,9.18,9.11,13316788.0,121810212.0,15:34:59,2026-09-23
sh601880,辽港股份,1.46,0.0,0.0,1.45,1.46,1.46,1.46,1.47,1.45,51994139.0,75899681.0,15:34:59,2026-09-23
sh601881,中国银河,12.09,-0.09,-0.739,12.09,12.1,12.18,12.18,12.19,12.09,13286348.0,161158334.0,15:34:59,2026-09-23
sh601882,海天精工,23.93,0.53,2.265,23.92,23.93,23.4,23.34,24.08,23.24,5810946.0,138579733.0,15:34:59,2026-09-23
sh601886,江河集团,13.64,0.25,1.867,13.64,13.65,13.39,13.43,13.74,13.25,11246357.0,151843943.0,15:34:59,2026-09-23
sh601888,中国中免,52.19,-0.08,-0.153,52.19,52.2,52.27,52.12,52.8,51.95,13348311.0,699027336.0,15:34:59,2026-09-23
sh601890,亚星锚链,9.34,-0.39,-4.008,9.33,9.34,9.73,9.73,9.78,9.31,45551361.0,429682687.0,15:34:59,2026-09-23
sh601898,中煤能源,13.92,-0.31,-2.178,13.91,13.92,14.23,14.15,14.22,13.87,17910517.0,250259889.0,15:34:59,2026-09-23
sh601899,紫金矿业,31.41,0.0,0.0,31.41,31.42,31.41,31.65,31.77,31.32,102959649.0,3240525743.0,15:34:59,2026-09-23
sh601900,南方传媒,12.57,-0.11,-0.868,12.56,12.57,12.68,12.58,12.67,12.17,19456600.0,241911116.0,15:34:59,2026-09-23
sh601901,方正证券,6.87,-0.03,-0.435,6.86,6.87,6.9,6.89,6.93,6.86,22607392.0,155716254.0,15:34:59,2026-09-23
sh601908,京运通,2.94,-0.03,-1.01,2.94,2.95,2.97,2.97,2.99,2.93,26517626.0,78247764.0,15:34:59,2026-09-23
sh601916,浙商银行,2.86,-0.02,-0.694,2.86,2.87,2.88,2.88,2.89,2.86,93170400.0,267512146.0,15:34:59,2026-09-23
sh601918,新集能源,10.87,-0.08,-0.731,10.87,10.88,10.95,10.88,10.99,10.7,22435004.0,243774524.0,15:34:59,2026-09-23
sh601919,中远海控,16.36,-0.2,-1.208,16.35,16.36,16.56,16.5,16.55,16.29,47349279.0,775272798.0,15:34:59,2026-09-23
sh601921,浙版传媒,7.64,-0.05,-0.65,7.64,7.65,7.69,7.67,7.77,7.6,9723706.0,74629114.0,15:34:59,2026-09-23
sh601928,凤凰传媒,8.28,-0.19,-2.243,8.28,8.29,8.47,8.41,8.44,8.24,13802551.0,114728606.0,15:34:59,2026-09-23
sh601929,吉视传媒,2.4,-0.14,-5.512,2.4,2.41,2.54,2.52,2.54,2.39,148416414.0,362080765.0,15:34:59,2026-09-23
sh601933,永辉超市,3.01,-0.05,-1.634,3.01,3.02,3.06,3.05,3.06,3.01,78266022.0,237056373.0,15:34:59,2026-09-23
sh601939,建设银行,10.83,-0.09,-0.824,10.82,10.83,10.92,10.89,10.97,10.76,84684225.0,915953308.0,15:34:59,2026-09-23
sh601949,中国出版,6.12,-0.5,-7.553,6.12,6.13,6.62,6.51,6.55,6.03,126534439.0,780349408.0,15:34:59,2026-09-23
sh601952,苏垦农发,9.36,-0.19,-1.99,9.36,9.37,9.55,9.52,9.58,9.23,19804600.0,185773397.0,15:34:59,2026-09-23
sh601956,东贝集团,4.95,0.03,0.61,4.94,4.95,4.92,4.95,5.01,4.87,4447580.0,21970488.0,15:34:59,2026-09-23
sh601958,金钼股份,20.7,-0.29,-1.382,20.69,20.7,20.99,21.08,21.16,20.6,14544638.0,301650858.0,15:34:59,2026-09-23
sh601963,重庆银行,10.81,-0.12,-1.098,10.81,10.82,10.93,10.89,10.93,10.8,6486062.0,70245664.0,15:34:59,2026-09-23
sh601965,中国汽研,13.26,0.27,2.079,13.26,13.27,12.99,12.96,13.38,12.77,7567203.0,99596761.0,15:34:59,2026-09-23
sh601966,玲珑轮胎,10.55,0.06,0.572,10.55,10.56,10.49,10.52,10.66,10.47,6725026.0,71100282.0,15:34:59,2026-09-23
sh601968,宝钢包装,4.47,0.01,0.224,4.46,4.47,4.46,4.5,4.54,4.46,4921100.0,22118841.0,15:00:02,2026-09-23
sh601969,海南矿业,9.11,-0.24,-2.567,9.11,9.12,9.35,9.34,9.36,9.1,10054149.0,92341245.0,15:34:59,2026-09-23
sh601975,招商南油,4.42,-0.16,-3.493,4.42,4.43,4.58,4.54,4.55,4.36,183162654.0,810836114.0,15:34:59,2026-09-23
sh601985,中国核电,8.85,-0.01,-0.113,8.85,8.86,8.86,8.85,8.88,8.83,60483602.0,535582665.0,15:34:59,2026-09-23
sh601988,中国银行,6.58,-0.07,-1.053,6.58,6.59,6.65,6.62,6.67,6.5,236708492.0,1553552290.0,15:34:59,2026-09-23
sh601990,南京证券,6.7,-0.04,-0.593,6.7,6.71,6.74,6.72,6.77,6.7,11006883.0,73977778.0,15:34:59,2026-09-23
sh601991,大唐发电,5.41,-0.16,-2.873,5.41,5.42,5.57,5.56,5.56,5.4,206234567.0,1122875841.0,15:34:59,2026-09-23
sh601992,金隅集团,1.42,0.01,0.709,1.42,1.43,1.41,1.41,1.48,1.4,97892300.0,140907583.0,15:34:59,2026-09-23
sh601995,中金公司,32.65,0.85,2.673,32.65,32.66,31.8,32.18,33.28,31.8,47213719.0,1546556175.0,15:34:59,2026-09-23
sh601996,丰林集团,2.99,-0.01,-0.333,2.98,2.99,3.0,3.0,3.01,2.94,23297600.0,69188452.0,15:34:59,2026-09-23
sh601997,贵阳银行,5.52,-0.02,-0.361,5.51,5.52,5.54,5.54,5.56,5.51,26017179.0,143744298.0,15:00:00,2026-09-23
sh601998,中信银行,9.05,0.01,0.111,9.05,9.06,9.04,9.04,9.11,8.93,35163459.0,317355832.0,15:34:59,2026-09-23
sh601999,出版传媒,6.9,-0.29,-4.033,6.89,6.9,7.19,7.19,7.46,6.78,38058451.0,266899767.0,15:34:59,2026-09-23
sh603000,人民网,17.09,-0.3,-1.725,17.08,17.09,17.39,17.3,17.47,17.04,20115900.0,345504414.0,15:34:59,2026-09-23
sh603001,奥康国际,12.12,0.5,4.303,12.12,12.13,11.62,11.62,12.2,11.58,25072550.0,298841670.0,15:34:59,2026-09-23
sh603002,宏昌电子,20.11,0.31,1.566,20.11,20.12,19.8,19.86,20.63,19.5,85013200.0,1710558277.0,15:34:59,2026-09-23
sh603004,鼎龙科技,19.18,0.13,0.682,19.18,19.19,19.05,19.0,19.2,18.92,1323700.0,25285963.0,15:00:02,2026-09-23
sh603005,晶方科技,30.25,-0.07,-0.231,30.25,30.26,30.32,30.33,30.65,29.9,21964851.0,664042644.0,15:34:59,2026-09-23
sh603006,联明股份,10.8,-0.08,-0.735,10.8,10.81,10.88,10.86,10.9,10.73,1711000.0,18475922.0,15:00:00,2026-09-23
sh603007,顺景科技,4.59,-0.12,-2.548,4.59,4.6,4.71,4.71,4.72,4.58,13092799.0,60475669.0,15:34:59,2026-09-23
sh603008,ST喜临门,10.1,-0.09,-0.883,10.1,10.11,10.19,10.1,10.2,10.02,6703301.0,67695782.0,15:34:59,2026-09-23
sh603009,北特科技,48.15,-0.38,-0.783,48.15,48.16,48.53,48.67,49.15,47.94,5729001.0,277260983.0,15:34:59,2026-09-23
sh603010,万盛股份,12.45,-0.05,-0.4,12.44,12.45,12.5,12.5,12.57,12.24,5564159.0,69182726.0,15:34:59,2026-09-23
sh603011,合锻智能,27.1,0.04,0.148,27.1,27.11,27.06,27.0,27.47,26.69,32245002.0,874485310.0,15:34:59,2026-09-23
sh603012,创力集团,9.11,-0.08,-0.871,9.1,9.11,9.19,9.18,9.24,9.07,9249100.0,84354270.0,15:34:59,2026-09-23
sh603013,亚普股份,14.38,0.0,0.0,14.37,14.38,14.38,14.38,14.47,14.3,1556064.0,22381182.0,15:34:59,2026-09-23
sh603014,威高血净,31.58,0.1,0.318,31.58,31.59,31.48,31.48,31.88,31.4,1191678.0,37686949.0,15:34:59,2026-09-23
sh603015,弘讯科技,10.4,-0.22,-2.072,10.39,10.4,10.62,10.62,10.64,10.37,3550300.0,37115366.0,15:34:59,2026-09-23
sh603016,新宏泰,32.7,0.81,2.54,32.68,32.7,31.89,32.0,32.98,31.99,4706300.0,153467388.0,15:34:59,2026-09-23
sh603017,中衡设计,9.97,-0.07,-0.697,9.97,9.99,10.04,10.09,10.18,9.94,3486600.0,34901802.0,15:00:01,2026-09-23
sh603018,华设集团,5.19,-0.05,-0.954,5.19,5.21,5.24,5.24,5.32,5.19,7120657.0,37366641.0,15:00:01,2026-09-23
sh603019,中科曙光,83.5,-1.17,-1.382,83.5,83.51,84.67,84.36,84.67,83.43,17228854.0,1445660914.0,15:34:59,2026-09-23
sh603020,爱普股份,13.34,-0.49,-3.543,13.34,13.35,13.83,13.83,14.14,13.21,37279000.0,509730083.0,15:34:59,2026-09-23
sh603021,*ST华鹏,5.24,-0.21,-3.853,5.23,5.24,5.45,5.38,5.44,5.15,8348964.0,44146943.0,15:00:00,2026-09-23
sh603022,新通联,8.92,-0.01,-0.112,8.91,8.92,8.93,8.99,8.99,8.82,2933300.0,26184314.0,15:00:00,2026-09-23
sh603023,威帝股份,4.07,-0.07,-1.691,4.06,4.07,4.14,4.13,4.14,4.04,8394700.0,34248401.0,15:34:59,2026-09-23
sh603025,大豪科技,13.46,0.0,0.0,13.45,13.46,13.46,13.46,13.53,13.37,4474088.0,60146768.0,15:34:59,2026-09-23
sh603026,石大胜华,58.99,-0.79,-1.322,58.99,59.0,59.78,59.7,59.78,58.9,3497696.0,206721963.0,15:34:59,2026-09-23
sh603027,千禾味业,7.43,0.08,1.088,7.42,7.43,7.35,7.33,7.52,7.32,15595275.0,116159985.0,15:34:59,2026-09-23
sh603028,赛福天,7.13,0.0,0.0,7.13,7.15,7.13,7.1,7.22,7.05,3454270.0,24670033.0,15:34:59,2026-09-23
sh603029,天鹅股份,16.71,-0.19,-1.124,16.71,16.72,16.9,16.9,16.94,16.58,1689400.0,28211270.0,15:34:59,2026-09-23
sh603030,全筑股份,2.06,-0.03,-1.435,2.05,2.06,2.09,2.1,2.13,2.05,30723800.0,63951088.0,15:34:59,2026-09-23
sh603031,安孚科技,40.37,-1.22,-2.933,40.37,40.38,41.59,41.3,41.99,40.25,8227755.0,335409478.0,15:34:59,2026-09-23
sh603032,德新科技,18.36,-0.1,-0.542,18.36,18.37,18.46,18.6,18.6,18.35,2586800.0,47680120.0,15:34:59,2026-09-23
sh603033,三维股份,7.84,-0.09,-1.135,7.83,7.84,7.93,7.83,8.07,7.8,6919888.0,54613622.0,15:00:01,2026-09-23
sh603035,常熟汽饰,10.35,0.0,0.0,10.35,10.36,10.35,10.39,10.41,10.26,1395110.0,14446098.0,15:34:59,2026-09-23
sh603036,如通股份,13.66,-0.18,-1.301,13.65,13.66,13.84,13.83,13.93,13.64,3276532.0,45003009.0,15:00:01,2026-09-23
sh603037,凯众股份,10.03,-0.01,-0.1,10.03,10.05,10.04,10.08,10.15,9.95,2620361.0,26296817.0,15:34:59,2026-09-23
sh603038,华立股份,17.39,-0.18,-1.024,17.39,17.4,17.57,17.54,17.75,17.32,6904300.0,120828661.0,15:34:59,2026-09-23
sh603039,泛微网络,37.86,-1.84,-4.635,37.86,37.87,39.7,39.7,39.99,37.77,25744073.0,991812052.0,15:34:59,2026-09-23
sh603040,新坐标,48.68,1.72,3.663,48.66,48.68,46.96,46.96,50.66,46.43,4758154.0,229913832.0,15:34:59,2026-09-23
sh603041,美思德,11.53,0.11,0.963,11.53,11.56,11.42,11.35,11.7,11.26,3045960.0,35208412.0,15:00:00,2026-09-23
sh603042,华脉科技,17.03,-0.67,-3.785,17.03,17.04,17.7,17.44,17.6,16.8,39040837.0,667632070.0,15:34:59,2026-09-23
sh603043,广州酒家,13.09,0.01,0.076,13.08,13.09,13.08,13.08,13.28,13.03,2924956.0,38467113.0,15:34:59,2026-09-23
sh603045,福达合金,49.67,-0.66,-1.311,49.67,49.68,50.33,50.38,50.85,49.59,4278370.0,213995953.0,15:34:59,2026-09-23
sh603048,浙江黎明,25.5,-0.2,-0.778,25.5,25.52,25.7,25.81,26.33,24.86,3349100.0,86071955.0,15:34:59,2026-09-23
sh603049,中策橡胶,45.06,-0.05,-0.111,45.06,45.07,45.11,45.1,45.21,44.81,1324324.0,59621150.0,15:00:00,2026-09-23
sh603050,科林电气,17.28,0.0,0.0,17.28,17.29,17.28,17.28,17.35,17.04,1831603.0,31533279.0,15:34:59,2026-09-23
sh603051,鹿山新材,25.57,0.32,1.267,25.55,25.57,25.25,25.13,26.0,25.0,5948460.0,152159590.0,15:34:59,2026-09-23
sh603052,可川科技,58.74,-0.49,-0.827,58.74,58.75,59.23,59.0,60.64,58.23,3510827.0,206628558.0,15:34:59,2026-09-23
sh603053,成都燃气,8.68,-0.06,-0.686,8.68,8.69,8.74,8.74,8.77,8.68,1212300.0,10565502.0,15:34:59,2026-09-23
sh603055,台华新材,9.26,-0.03,-0.323,9.26,9.27,9.29,9.29,9.34,9.22,3764849.0,34954459.0,15:34:59,2026-09-23
sh603057,上海紫燕食品,18.34,-0.31,-1.662,18.34,18.35,18.65,18.67,18.84,18.33,2984582.0,55551354.0,15:34:59,2026-09-23
sh603058,永吉股份,9.09,0.06,0.664,9.09,9.1,9.03,9.01,9.53,9.01,12285800.0,113600766.0,15:34:59,2026-09-23
sh603059,倍加洁,25.49,-0.14,-0.546,25.49,25.51,25.63,25.77,25.93,25.25,1312800.0,33636673.0,15:00:00,2026-09-23
sh603060,国检集团,5.46,0.0,0.0,5.45,5.46,5.46,5.5,5.52,5.44,3050650.0,16700273.0,15:34:59,2026-09-23
sh603061,金海通股份,342.1,-2.2,-0.639,342.1,342.19,344.3,346.34,347.2,339.2,1975035.0,676854228.0,15:34:59,2026-09-23
sh603062,麦加芯彩,38.85,0.05,0.129,38.85,38.88,38.8,38.73,39.15,38.28,417400.0,16182400.0,15:00:00,2026-09-23
sh603063,禾望电气,30.03,-0.16,-0.53,30.03,30.04,30.19,30.2,30.35,29.91,7366102.0,221718374.0,15:34:59,2026-09-23
sh603065,宿迁联盛,14.79,-0.15,-1.004,14.79,14.8,14.94,14.8,14.88,14.21,24080400.0,349674776.0,15:34:59,2026-09-23
sh603066,音飞储存,9.26,-0.1,-1.068,9.26,9.28,9.36,9.45,9.45,9.23,3248000.0,30146989.0,15:34:59,2026-09-23
sh603067,振华股份,39.86,3.62,9.989,39.86,0.0,36.24,36.3,39.86,35.88,45544139.0,1761104658.0,15:34:59,2026-09-23
sh603068,博通集成,45.87,-2.3,-4.775,45.87,45.88,48.17,47.48,48.1,45.18,31146579.0,1442796801.0,15:34:59,2026-09-23
sh603069,海汽集团,13.37,-0.57,-4.089,13.36,13.37,13.94,14.09,14.09,13.36,4392700.0,59516744.0,15:34:59,2026-09-23
sh603070,万控智造,11.45,-0.11,-0.952,11.44,11.45,11.56,11.57,11.6,11.43,1399500.0,16080050.0,15:00:00,2026-09-23
sh603071,物产环能,12.3,-0.15,-1.205,12.3,12.33,12.45,12.51,12.51,12.3,1397600.0,17273623.0,15:00:00,2026-09-23
sh603072,天和磁材科技,30.85,-0.21,-0.676,30.85,30.86,31.06,31.0,31.1,30.7,1290349.0,39863272.0,15:34:59,2026-09-23
sh603073,彩蝶实业,18.1,0.74,4.263,18.1,18.11,17.36,17.4,18.6,17.3,3968632.0,71723578.0,15:00:02,2026-09-23
sh603075,热威科技股份,20.49,0.55,2.758,20.49,20.5,19.94,19.83,20.55,19.8,4743106.0,96371597.0,15:34:59,2026-09-23
sh603076,乐惠国际,20.38,-0.01,-0.049,20.36,20.38,20.39,20.25,20.66,20.07,1775841.0,36140980.0,15:00:00,2026-09-23
sh603077,和邦生物,2.25,-0.03,-1.316,2.25,2.26,2.28,2.27,2.28,2.24,96099793.0,216624893.0,15:34:59,2026-09-23
sh603078,江化微,32.71,0.2,0.615,32.7,32.71,32.51,32.51,33.19,32.23,11134954.0,363746403.0,15:34:59,2026-09-23
sh603079,圣达生物,13.28,-0.17,-1.264,13.27,13.28,13.45,13.43,13.45,13.2,3150996.0,41981259.0,15:00:00,2026-09-23
sh603080,新疆火炬,19.9,-0.09,-0.45,19.9,19.91,19.99,19.99,20.06,19.68,1314600.0,26122355.0,15:00:00,2026-09-23
sh603081,大丰实业,9.46,-0.02,-0.211,9.45,9.46,9.48,9.57,9.6,9.45,2082000.0,19822767.0,15:00:01,2026-09-23
sh603082,北自科技股份,48.99,-2.61,-5.058,48.96,48.99,51.6,51.84,51.9,48.7,9424543.0,469446693.0,15:34:59,2026-09-23
sh603083,剑桥科技,218.17,-0.83,-0.379,218.16,218.17,219.0,221.0,222.0,214.56,15277112.0,3332242572.0,15:34:59,2026-09-23
sh603085,天成自控,9.82,0.01,0.102,9.82,9.84,9.81,9.83,9.88,9.68,3733280.0,36590789.0,15:00:00,2026-09-23
sh603086,先达股份,5.82,-0.09,-1.523,5.81,5.82,5.91,5.9,5.91,5.79,6259500.0,36499276.0,15:00:00,2026-09-23
sh603087,甘李药业,74.56,3.87,5.475,74.55,74.56,70.69,70.97,74.68,70.31,16535899.0,1211726642.0,15:34:59,2026-09-23
sh603088,宁波精达,10.36,-0.08,-0.766,10.36,10.37,10.44,10.46,10.53,10.33,4327327.0,44998637.0,15:00:00,2026-09-23
sh603089,正裕工业,9.77,0.12,1.244,9.76,9.77,9.65,9.69,9.77,9.54,3761802.0,36428198.0,15:34:59,2026-09-23
sh603090,宏盛股份,39.08,-0.6,-1.512,39.07,39.08,39.68,39.97,40.1,38.95,3183852.0,124979171.0,15:34:59,2026-09-23
sh603091,众鑫股份,47.75,-0.39,-0.81,47.74,47.75,48.14,48.14,49.13,47.6,624540.0,29971415.0,15:34:59,2026-09-23
sh603092,德力佳传动,43.75,0.07,0.16,43.75,43.76,43.68,43.68,43.99,43.28,1247100.0,54450513.0,15:34:59,2026-09-23
sh603093,南华期货,13.6,-0.16,-1.163,13.59,13.6,13.76,13.88,13.92,13.5,13101445.0,178515979.0,15:34:59,2026-09-23
sh603095,越剑智能,14.76,0.14,0.958,14.76,14.77,14.62,14.6,15.28,14.48,7460380.0,110453680.0,15:34:59,2026-09-23
sh603096,新经典,15.92,-0.2,-1.241,15.91,15.92,16.12,16.08,16.13,15.71,1674200.0,26697147.0,15:00:00,2026-09-23
sh603097,江苏华辰,18.55,0.11,0.597,18.52,18.55,18.44,18.43,18.61,18.24,1353078.0,24922772.0,15:00:00,2026-09-23
sh603098,森特股份,10.74,-0.04,-0.371,10.73,10.74,10.78,10.78,10.82,10.64,2579366.0,27651512.0,15:00:00,2026-09-23
sh603099,长白山,40.49,0.52,1.301,40.48,40.49,39.97,39.98,41.6,39.28,14355748.0,584804415.0,15:34:59,2026-09-23
sh603100,川仪股份,18.71,0.36,1.962,18.71,18.75,18.35,18.38,18.9,18.31,4459325.0,83205859.0,15:34:59,2026-09-23
sh603101,汇嘉时代,7.36,-0.15,-1.997,7.36,7.37,7.51,7.5,7.52,7.33,4431200.0,32812421.0,15:00:01,2026-09-23
sh603102,百合股份,37.65,0.39,1.047,37.65,37.69,37.26,37.26,37.88,36.88,1396392.0,52399203.0,15:34:59,2026-09-23
sh603103,横店影视,16.27,-0.23,-1.394,16.27,16.28,16.5,16.45,16.45,16.1,4198127.0,68256764.0,15:34:59,2026-09-23
sh603105,芯能科技,8.19,-0.34,-3.986,8.19,8.2,8.53,8.45,8.45,8.16,23572303.0,194386066.0,15:34:59,2026-09-23
sh603106,恒银科技,7.36,-0.34,-4.416,7.36,7.37,7.7,7.63,7.65,7.34,14961400.0,111071179.0,15:34:59,2026-09-23
sh603107,上海汽配,12.19,0.0,0.0,12.17,12.19,12.19,12.2,12.27,12.1,1505561.0,18358290.0,15:34:59,2026-09-23
sh603108,润达医疗,10.0,-0.17,-1.672,10.0,10.01,10.17,10.16,10.23,9.99,11520144.0,115908040.0,15:34:59,2026-09-23
sh603109,神驰机电,17.45,0.14,0.809,17.45,17.46,17.31,17.22,17.59,17.22,1500900.0,26183219.0,15:34:59,2026-09-23
sh603110,东方材料,25.1,-0.3,-1.181,25.09,25.1,25.4,25.44,25.44,24.86,6945300.0,174169100.0,15:34:59,2026-09-23
sh603111,康尼机电,6.08,-0.04,-0.654,6.07,6.08,6.12,6.14,6.17,6.06,3387350.0,20654811.0,15:00:00,2026-09-23
sh603112,华翔股份,17.61,-0.03,-0.17,17.61,17.62,17.64,17.68,17.8,17.47,8167521.0,143870761.0,15:34:59,2026-09-23
sh603113,金能科技,4.9,-0.08,-1.606,4.9,4.91,4.98,4.98,4.99,4.88,11038100.0,54282962.0,15:34:59,2026-09-23
sh603115,海星股份,77.1,-7.07,-8.4,77.1,77.11,84.17,84.17,84.17,76.1,14302050.0,1129095347.0,15:34:59,2026-09-23
sh603116,红蜻蜓,6.75,0.05,0.746,6.75,6.76,6.7,6.7,6.82,6.65,6400135.0,43136171.0,15:00:00,2026-09-23
sh603117,万林物流,3.87,-0.1,-2.519,3.87,3.89,3.97,3.97,3.98,3.87,8447000.0,33130755.0,15:00:01,2026-09-23
sh603118,共进股份,18.34,0.14,0.769,18.33,18.34,18.2,18.2,18.78,17.88,88351743.0,1609683907.0,15:34:59,2026-09-23
sh603119,浙江荣泰股份,56.61,0.33,0.586,56.61,56.66,56.28,56.28,57.8,55.5,10257909.0,581723758.0,15:34:59,2026-09-23
sh603120,肯特催化材料,60.09,-1.51,-2.451,60.08,60.09,61.6,61.29,61.44,59.79,4045015.0,244969628.0,15:34:59,2026-09-23
sh603121,华培动力,12.64,0.0,0.0,12.63,12.64,12.64,12.39,12.7,12.33,4607856.0,57832776.0,15:34:59,2026-09-23
sh603122,合富中国,13.57,-0.33,-2.374,13.56,13.57,13.9,13.9,14.02,13.49,35768949.0,489834341.0,15:34:59,2026-09-23
sh603123,翠微股份,9.56,-0.62,-6.09,9.56,9.57,10.18,10.03,10.05,9.54,37707435.0,365196174.0,15:34:59,2026-09-23
sh603124,江南新材,145.0,13.18,9.998,145.0,0.0,131.82,131.91,145.0,131.58,7402845.0,1025805762.0,15:34:59,2026-09-23
sh603125,江苏常青树科技,24.52,0.74,3.112,24.52,24.53,23.78,24.5,24.7,23.94,12760909.0,310098220.0,15:34:59,2026-09-23
sh603126,中材节能,6.35,-0.04,-0.626,6.35,6.36,6.39,6.36,6.45,6.31,5419037.0,34542284.0,15:00:02,2026-09-23
sh603127,昭衍新药,47.77,1.65,3.578,47.76,47.77,46.12,46.15,49.5,46.0,49956315.0,2397503909.0,15:34:59,2026-09-23
sh603128,华贸物流,5.25,-0.08,-1.501,5.24,5.25,5.33,5.31,5.34,5.23,12731521.0,67205420.0,15:00:00,2026-09-23
sh603129,春风动力,296.97,-9.39,-3.065,296.96,297.08,306.36,307.94,309.0,295.45,1189300.0,355108042.0,15:00:00,2026-09-23
sh603130,云中马股份,38.71,0.36,0.939,38.71,38.75,38.35,38.56,39.18,37.83,781485.0,30184807.0,15:00:00,2026-09-23
sh603131,上海沪工,13.95,-0.01,-0.072,13.94,13.95,13.96,13.99,14.08,13.86,3872580.0,54078473.0,15:00:00,2026-09-23
sh603132,金徽股份,18.78,0.01,0.053,18.78,18.79,18.77,18.81,18.87,18.53,3623988.0,68018135.0,15:34:59,2026-09-23
sh603135,中重科技,8.88,0.05,0.566,8.87,8.88,8.83,8.83,8.92,8.7,5260360.0,46442715.0,15:34:59,2026-09-23
sh603136,天目湖,9.19,-0.13,-1.395,9.19,9.2,9.32,9.33,9.4,9.16,8172425.0,75574858.0,15:34:59,2026-09-23
sh603137,恒尚节能,20.06,-0.64,-3.092,20.06,20.07,20.7,20.78,21.46,19.71,16804302.0,340925892.0,15:34:59,2026-09-23
sh603138,海量数据,15.04,-0.37,-2.401,15.04,15.05,15.41,15.4,15.4,14.99,15864795.0,239560878.0,15:34:59,2026-09-23
sh603139,康惠股份,36.57,0.03,0.082,36.57,36.58,36.54,36.83,37.95,36.5,2508800.0,92719524.0,15:00:00,2026-09-23
sh603150,万朗磁塑,75.98,2.52,3.43,75.94,75.98,73.46,73.9,78.0,71.68,4254696.0,321350671.0,15:34:59,2026-09-23
sh603151,邦基科技股份,18.31,0.21,1.16,18.3,18.31,18.1,18.16,18.57,17.62,4431992.0,80933117.0,15:34:59,2026-09-23
sh603153,上海建科集团,13.41,0.05,0.374,13.41,13.42,13.36,13.39,13.8,13.31,2173383.0,29406631.0,15:00:00,2026-09-23
sh603155,新亚强,15.58,0.29,1.897,15.57,15.58,15.29,15.23,15.74,15.16,15583784.0,241386727.0,15:34:59,2026-09-23
sh603156,养元饮品,45.2,0.33,0.735,45.19,45.2,44.87,45.05,46.54,44.61,11582372.0,527413767.0,15:34:59,2026-09-23
sh603158,腾龙股份,10.62,-0.23,-2.12,10.62,10.63,10.85,10.82,10.89,10.61,8824192.0,94400991.0,15:34:59,2026-09-23
sh603159,上海亚虹,23.44,0.86,3.809,23.43,23.44,22.58,22.82,23.7,22.6,6547760.0,152439202.0,15:34:59,2026-09-23
sh603160,汇顶科技,55.15,-0.85,-1.518,55.15,55.16,56.0,55.42,55.81,54.91,4091240.0,226105976.0,15:34:59,2026-09-23
sh603161,科华控股,14.95,-0.35,-2.288,14.94,14.95,15.3,15.22,15.28,14.76,4285790.0,64047369.0,15:00:00,2026-09-23
sh603162,海通发展,13.48,-0.67,-4.735,13.47,13.48,14.15,14.01,14.1,13.44,32799095.0,447962147.0,15:34:59,2026-09-23
sh603163,圣晖系统集成集团,83.5,0.27,0.324,83.49,83.51,83.23,83.6,84.4,82.22,1898146.0,158115943.0,15:34:59,2026-09-23
sh603165,荣晟环保,13.5,-0.11,-0.808,13.5,13.51,13.61,13.69,13.69,13.45,3169500.0,42976139.0,15:34:59,2026-09-23
sh603166,福达股份,11.04,-0.02,-0.181,11.04,11.05,11.06,11.04,11.15,10.97,4462100.0,49337273.0,15:34:59,2026-09-23
sh603167,渤海轮渡,8.08,-0.02,-0.247,8.08,8.09,8.1,8.08,8.11,8.06,1358799.0,10984715.0,15:34:59,2026-09-23
sh603168,莎普爱思,5.86,-0.08,-1.347,5.86,5.87,5.94,5.97,6.0,5.84,7107900.0,42007694.0,15:00:00,2026-09-23
sh603169,兰石重装,6.05,-0.08,-1.305,6.04,6.05,6.13,6.13,6.14,6.03,8477900.0,51532824.0,15:34:59,2026-09-23
sh603170,宝立食品科技,11.96,-0.12,-0.993,11.93,11.96,12.08,12.11,12.11,11.92,2039800.0,24474449.0,15:00:00,2026-09-23
sh603171,税友股份,40.5,-1.3,-3.11,40.5,40.51,41.8,41.16,41.85,40.5,6407015.0,261654649.0,15:34:59,2026-09-23
sh603172,浙江万丰股份,19.82,-0.04,-0.201,19.82,19.85,19.86,19.83,20.18,19.51,2374300.0,47089061.0,15:34:59,2026-09-23
sh603173,福斯达深冷,29.99,0.28,0.942,29.99,30.0,29.71,29.84,30.15,29.55,594699.0,17757124.0,15:00:02,2026-09-23
sh603175,超颖电子,114.58,1.5,1.326,114.58,114.59,113.08,111.88,117.0,111.49,2704496.0,310901439.0,15:34:59,2026-09-23
sh603176,汇通集团,5.3,0.01,0.189,5.3,5.31,5.29,5.28,5.36,5.23,2267000.0,12021197.0,15:00:01,2026-09-23
sh603177,德创环保,11.05,-0.34,-2.985,11.05,11.07,11.39,11.34,11.34,10.98,3087400.0,34317410.0,15:00:00,2026-09-23
sh603178,圣龙股份,16.02,-0.2,-1.233,16.01,16.02,16.22,16.21,16.22,15.87,5650900.0,90354687.0,15:34:59,2026-09-23
sh603179,新泉股份,40.91,0.56,1.388,40.91,40.92,40.35,40.5,41.7,40.08,14940692.0,614052507.0,15:34:59,2026-09-23
sh603180,金牌家居,15.76,-0.04,-0.253,15.76,15.8,15.8,15.74,16.0,15.53,749895.0,11857517.0,15:00:00,2026-09-23
sh603181,皇马科技,12.84,0.13,1.023,12.83,12.84,12.71,12.71,12.85,12.7,2557600.0,32708814.0,15:34:59,2026-09-23
sh603182,嘉华生物科技股份,13.61,-0.02,-0.147,13.57,13.61,13.63,13.55,13.75,13.45,1964500.0,26739920.0,15:34:59,2026-09-23
sh603183,建研院,4.99,-0.06,-1.188,4.98,4.99,5.05,5.04,5.05,4.87,14802700.0,73243171.0,15:00:02,2026-09-23
sh603185,弘元绿能,14.3,-0.06,-0.418,14.3,14.31,14.36,14.38,14.57,14.3,5734592.0,82577069.0,15:34:59,2026-09-23
sh603186,华正新材,227.7,1.2,0.53,227.7,227.78,226.5,229.78,232.9,224.5,13571900.0,3103628015.0,15:34:59,2026-09-23
sh603187,海容冷链,10.74,-0.08,-0.739,10.73,10.74,10.82,10.82,10.86,10.72,2210260.0,23841554.0,15:00:00,2026-09-23
sh603188,亚邦股份,4.54,-0.07,-1.518,4.54,4.55,4.61,4.61,4.61,4.53,8858200.0,40383268.0,15:00:00,2026-09-23
sh603189,*ST网达,9.62,-0.3,-3.024,9.62,9.64,9.92,10.02,10.03,9.6,1901600.0,18517301.0,15:00:00,2026-09-23
sh603190,烟台亚通精工机械,16.38,-0.06,-0.365,16.37,16.38,16.44,16.47,16.54,16.28,955460.0,15659331.0,15:00:01,2026-09-23
sh603191,望变电气,13.42,-0.18,-1.324,13.42,13.44,13.6,13.6,13.68,13.36,5532827.0,74494525.0,15:34:59,2026-09-23
sh603192,汇得科技,21.9,0.87,4.137,21.9,21.91,21.03,21.02,22.4,20.61,6406016.0,138051459.0,15:34:59,2026-09-23
sh603193,润本生物技术股份,20.39,-0.26,-1.259,20.39,20.4,20.65,20.65,20.71,20.38,1409400.0,28918237.0,15:00:01,2026-09-23
sh603194,中力股份,33.76,-0.19,-0.56,33.75,33.76,33.95,33.99,34.26,33.75,552700.0,18797601.0,15:34:59,2026-09-23
sh603195,公牛集团,38.03,0.04,0.105,38.03,38.04,37.99,38.0,38.34,37.88,2147323.0,81829979.0,15:00:00,2026-09-23
sh603196,璞源材料,18.85,-0.24,-1.257,18.85,18.86,19.09,19.1,19.29,18.84,1605400.0,30487135.0,15:00:00,2026-09-23
sh603197,保隆科技,29.3,0.21,0.722,29.29,29.31,29.09,29.11,29.48,29.0,1751573.0,51351108.0,15:34:59,2026-09-23
sh603198,迎驾贡酒,39.14,0.24,0.617,39.1,39.14,38.9,38.79,39.86,38.51,4190740.0,164057325.0,15:34:59,2026-09-23
sh603199,九华旅游,32.8,-0.2,-0.606,32.79,32.8,33.0,33.0,33.18,32.69,792700.0,26084322.0,15:34:59,2026-09-23
sh603200,上海洗霸,39.58,0.16,0.406,39.57,39.58,39.42,39.18,39.9,38.8,4105200.0,161377618.0,15:34:59,2026-09-23
sh603201,常润股份,15.94,0.25,1.593,15.93,15.94,15.69,15.68,15.97,15.6,2734759.0,43347171.0,15:34:59,2026-09-23
sh603202,天有为,52.87,0.6,1.148,52.86,52.87,52.27,52.2,53.08,52.12,1074432.0,56676274.0,15:34:59,2026-09-23
sh603203,快克智能,47.85,0.86,1.83,47.85,47.86,46.99,46.82,49.18,46.82,10195967.0,488236605.0,15:34:59,2026-09-23
sh603205,健尔康,21.62,-0.21,-0.962,21.62,21.63,21.83,21.81,21.87,21.62,914188.0,19844833.0,15:00:00,2026-09-23
sh603206,嘉环科技,13.91,-0.17,-1.207,13.91,13.92,14.08,13.99,14.24,13.83,3263900.0,45478896.0,15:00:00,2026-09-23
sh603207,上海小方制药,24.84,-0.51,-2.012,24.84,24.85,25.35,25.1,25.33,24.81,3415320.0,85334567.0,15:34:59,2026-09-23
sh603208,江山欧派,11.28,-0.05,-0.441,11.25,11.28,11.33,11.3,11.52,11.11,2146440.0,24335110.0,15:00:02,2026-09-23
sh603209,兴通股份,14.61,-0.05,-0.341,14.61,14.62,14.66,14.6,14.78,14.51,2545518.0,37279398.0,15:34:59,2026-09-23
sh603210,泰鸿万立,13.64,0.09,0.664,13.64,13.65,13.55,13.48,13.74,13.42,2802656.0,38227760.0,15:00:02,2026-09-23
sh603211,晋拓科技股份,20.08,0.05,0.25,20.08,20.09,20.03,20.19,20.19,19.76,3251600.0,65281068.0,15:34:59,2026-09-23
sh603212,赛伍技术,11.85,-0.09,-0.754,11.85,11.86,11.94,11.89,12.09,11.82,7601317.0,90494983.0,15:34:59,2026-09-23
sh603213,镇洋发展,13.76,0.05,0.365,13.75,13.76,13.71,13.71,13.82,13.66,1915200.0,26317116.0,15:34:59,2026-09-23
sh603214,爱婴室,13.43,-0.14,-1.032,13.43,13.44,13.57,13.57,13.68,13.35,2368800.0,31906279.0,15:00:00,2026-09-23
sh603215,比依股份,14.82,-0.42,-2.756,14.82,14.85,15.24,15.25,15.26,14.72,4544900.0,67634753.0,15:34:59,2026-09-23
sh603216,梦天家居,23.53,0.78,3.429,23.53,23.55,22.75,23.5,24.5,23.26,18653284.0,443373202.0,15:34:59,2026-09-23
sh603217,元利科技,28.8,0.36,1.266,28.8,28.82,28.44,28.3,29.0,28.29,2040900.0,58750596.0,15:00:00,2026-09-23
sh603218,日月股份,9.24,-0.09,-0.965,9.24,9.25,9.33,9.33,9.33,9.23,5202600.0,48227538.0,15:34:59,2026-09-23
sh603219,富佳股份,12.76,-0.12,-0.932,12.76,12.77,12.88,12.88,12.95,12.74,1807300.0,23180865.0,15:34:59,2026-09-23
sh603220,中贝通信,18.47,-0.29,-1.546,18.47,18.48,18.76,18.66,18.79,18.44,9589606.0,177944046.0,15:34:59,2026-09-23
sh603221,爱丽家居,32.69,-0.86,-2.563,32.68,32.69,33.55,33.57,33.87,31.23,21528327.0,697717899.0,15:34:59,2026-09-23
sh603222,济民健康,8.94,0.81,9.963,8.94,0.0,8.13,8.08,8.94,8.04,32990382.0,287170470.0,15:34:59,2026-09-23
sh603223,恒通股份,10.01,-0.05,-0.497,10.0,10.01,10.06,10.06,10.06,9.97,3256620.0,32592110.0,15:00:01,2026-09-23
sh603225,新凤鸣,17.64,-0.11,-0.62,17.64,17.65,17.75,17.7,17.86,17.49,5922042.0,104638060.0,15:34:59,2026-09-23
sh603226,菲林格尔,32.59,-0.32,-0.972,32.59,32.6,32.91,30.6,33.58,29.62,11976244.0,374656027.0,15:34:59,2026-09-23
sh603227,雪峰科技,7.52,-0.03,-0.397,7.52,7.54,7.55,7.55,7.65,7.51,4236200.0,32021872.0,15:34:59,2026-09-23
sh603228,景旺电子,107.45,1.33,1.253,107.45,107.46,106.12,106.12,110.78,105.3,29172796.0,3175747744.0,15:34:59,2026-09-23
sh603229,奥翔药业,8.4,0.29,3.576,8.39,8.4,8.11,8.07,8.89,8.05,27888379.0,238190463.0,15:34:59,2026-09-23
sh603230,内蒙新华,16.79,0.48,2.943,16.78,16.79,16.31,15.51,17.42,14.83,73551671.0,1192507582.0,15:34:59,2026-09-23
sh603231,索宝蛋白,17.17,-0.06,-0.348,17.15,17.17,17.23,17.1,17.3,17.0,1603438.0,27495992.0,15:00:01,2026-09-23
sh603232,格尔软件,16.99,0.77,4.747,16.98,16.99,16.22,16.42,17.1,16.09,31822021.0,530699418.0,15:34:59,2026-09-23
sh603233,大参林,17.97,0.22,1.239,17.97,17.98,17.75,17.74,18.24,17.69,8475656.0,152508714.0,15:34:59,2026-09-23
sh603235,天新药业,25.19,0.0,0.0,25.19,25.2,25.19,25.25,25.25,24.95,291610.0,7327819.0,15:00:00,2026-09-23
sh603236,移远通信,74.58,-1.57,-2.062,74.58,74.59,76.15,76.0,76.14,74.43,9937726.0,745141910.0,15:34:59,2026-09-23
sh603237,五芳斋实业,15.17,-0.09,-0.59,15.17,15.19,15.26,15.3,15.37,15.05,1618140.0,24568933.0,15:34:59,2026-09-23
sh603238,诺邦股份,12.54,0.12,0.966,12.54,12.56,12.42,12.42,12.69,12.31,2583445.0,32381794.0,15:00:00,2026-09-23
sh603239,浙江仙通,14.18,0.22,1.576,14.17,14.18,13.96,14.03,14.36,13.91,2700200.0,38239763.0,15:34:59,2026-09-23
sh603248,锡华科技,21.49,-2.39,-10.008,0.0,21.49,23.88,22.62,22.63,21.49,23113677.0,501187872.0,15:34:59,2026-09-23
sh603255,鼎际得股份,32.51,-1.18,-3.503,32.51,32.6,33.69,33.37,34.22,32.51,3092788.0,103786665.0,15:00:01,2026-09-23
sh603256,宏和科技,156.8,-2.42,-1.52,156.8,156.81,159.22,160.02,160.88,154.98,30643490.0,4829603546.0,15:34:59,2026-09-23
sh603257,中国瑞林,70.37,1.37,1.986,70.37,70.38,69.0,68.86,70.58,68.6,1820432.0,126786688.0,15:34:59,2026-09-23
sh603258,电魂网络,14.05,-0.72,-4.875,14.04,14.05,14.77,14.6,14.6,14.0,9632200.0,137205040.0,15:34:59,2026-09-23
sh603259,药明康德,167.95,0.1,0.06,167.94,167.95,167.85,167.18,170.33,166.7,26922445.0,4528482397.0,15:34:59,2026-09-23
sh603260,合盛硅业,32.9,0.12,0.366,32.89,32.9,32.78,32.78,33.03,32.52,5393232.0,177124186.0,15:34:59,2026-09-23
sh603261,立航科技,52.0,-2.35,-4.324,52.0,52.01,54.35,54.35,54.9,51.72,2101700.0,110733657.0,15:34:59,2026-09-23
sh603262,技源集团,18.61,0.47,2.591,18.6,18.61,18.14,18.2,18.76,18.13,3553455.0,65587189.0,15:34:59,2026-09-23
sh603266,天龙股份,18.16,-0.06,-0.329,18.16,18.17,18.22,18.31,18.31,17.89,6570599.0,119020766.0,15:34:59,2026-09-23
sh603267,鸿远电子,51.63,0.18,0.35,51.63,51.64,51.45,51.22,52.09,51.01,5638107.0,290964629.0,15:34:59,2026-09-23
sh603268,松发股份,215.32,-3.68,-1.68,215.32,215.33,219.0,219.6,223.97,215.0,5406000.0,1176287313.0,15:34:59,2026-09-23
sh603269,海鸥股份,26.88,-0.04,-0.149,26.86,26.88,26.92,27.35,27.35,26.38,15997944.0,427980012.0,15:34:59,2026-09-23
sh603270,金帝精密科技股份,37.37,0.49,1.329,37.36,37.37,36.88,37.05,37.83,36.63,6122582.0,228404744.0,15:34:59,2026-09-23
sh603271,永杰新材料,39.59,-0.79,-1.956,39.59,39.6,40.38,40.3,40.3,39.4,1154058.0,45798428.0,15:34:59,2026-09-23
sh603272,*ST联翔,16.1,-0.6,-3.593,16.1,16.12,16.7,16.46,17.1,16.1,3237800.0,53703947.0,15:34:59,2026-09-23
sh603273,天元智能,14.73,0.0,0.0,14.71,14.73,14.73,14.8,14.84,14.67,1314600.0,19399309.0,15:34:59,2026-09-23
sh603275,上海众辰科技,37.05,0.27,0.734,37.02,37.05,36.78,36.99,37.15,36.66,507900.0,18779107.0,15:34:59,2026-09-23
sh603276,恒兴新材料科技,18.34,0.18,0.991,18.34,18.35,18.16,18.16,18.45,17.8,3501640.0,63768273.0,15:00:02,2026-09-23
sh603277,银都股份,11.56,0.15,1.315,11.56,11.57,11.41,11.41,11.57,11.36,2165710.0,24921327.0,15:34:59,2026-09-23
sh603278,大业股份,8.91,-0.15,-1.656,8.9,8.91,9.06,9.07,9.07,8.81,5431400.0,48400491.0,15:34:59,2026-09-23
sh603279,景津装备,11.22,0.04,0.358,11.22,11.23,11.18,11.18,11.27,11.14,3753070.0,42051679.0,15:34:59,2026-09-23
sh603280,南方路面机械,26.75,0.81,3.123,26.72,26.75,25.94,25.83,26.81,25.69,2095300.0,55228818.0,15:34:59,2026-09-23
sh603281,江瀚新材,19.72,0.82,4.339,19.71,19.72,18.9,18.91,19.96,18.76,8124419.0,158352122.0,15:34:59,2026-09-23
sh603282,亚光科技股份,17.35,0.35,2.059,17.35,17.36,17.0,17.0,17.44,16.74,1554600.0,26820096.0,15:00:01,2026-09-23
sh603283,赛腾股份,46.9,1.05,2.29,46.89,46.9,45.85,45.96,47.34,45.9,12861808.0,599631308.0,15:34:59,2026-09-23
sh603284,林平发展,42.0,0.65,1.572,42.0,42.01,41.35,41.2,42.35,41.06,1581413.0,65909346.0,15:34:59,2026-09-23
sh603285,键邦股份,38.19,-0.11,-0.287,38.19,38.2,38.3,38.25,38.4,37.63,2790749.0,106196831.0,15:00:00,2026-09-23
sh603286,日盈电子,45.97,2.36,5.412,45.96,45.97,43.61,44.05,46.38,43.22,5622500.0,256319357.0,15:34:59,2026-09-23
sh603288,海天味业,34.27,-0.02,-0.058,34.27,34.28,34.29,34.22,34.67,34.1,9402489.0,323115521.0,15:34:59,2026-09-23
sh603289,泰瑞机器,11.16,0.11,0.995,11.16,11.17,11.05,10.99,11.28,10.8,16242370.0,179697575.0,15:34:59,2026-09-23
sh603290,斯达半导,88.03,0.89,1.021,88.03,88.04,87.14,87.01,88.82,86.85,3784591.0,332537503.0,15:34:59,2026-09-23
sh603291,联合水务,8.9,-0.05,-0.559,8.9,8.91,8.95,8.92,8.97,8.72,4076923.0,35998655.0,15:34:59,2026-09-23
sh603293,埃泰克汽车电子,36.79,-0.53,-1.42,36.79,36.8,37.32,37.46,37.49,36.75,1167540.0,43247735.0,15:00:01,2026-09-23
sh603296,华勤技术,79.89,-0.04,-0.05,79.89,79.9,79.93,79.67,80.88,79.67,8821667.0,707146401.0,15:34:59,2026-09-23
sh603297,永新光学,115.58,0.2,0.173,115.58,115.71,115.38,115.25,117.36,115.25,858446.0,99808007.0,15:34:59,2026-09-23
sh603298,杭叉集团,23.29,-0.16,-0.682,23.29,23.3,23.45,23.55,23.85,23.25,4870881.0,114670706.0,15:00:02,2026-09-23
sh603299,苏盐井神,8.76,0.01,0.114,8.76,8.77,8.75,8.75,8.84,8.74,2857800.0,25104938.0,15:00:01,2026-09-23
sh603300,海南华铁,4.59,-0.09,-1.923,4.59,4.6,4.68,4.67,4.67,4.59,25402900.0,117363259.0,15:34:59,2026-09-23
sh603301,振德医疗,80.95,0.96,1.2,80.93,80.95,79.99,80.05,81.11,78.15,2197214.0,174937983.0,15:34:59,2026-09-23
sh603303,得邦照明,29.35,-0.15,-0.508,29.33,29.35,29.5,29.44,29.8,28.89,3136288.0,92041879.0,15:34:59,2026-09-23
sh603305,旭升集团,11.22,-0.05,-0.444,11.22,11.23,11.27,11.3,11.33,11.12,11450202.0,128373247.0,15:34:59,2026-09-23
sh603306,华懋科技,83.29,-0.16,-0.192,83.29,83.3,83.45,83.5,84.11,81.6,7702928.0,639761691.0,15:34:59,2026-09-23
sh603307,扬州金泉,26.43,0.82,3.202,26.43,26.44,25.61,25.48,26.45,25.48,1448677.0,37798694.0,15:34:59,2026-09-23
sh603308,应流股份,40.15,-0.88,-2.145,40.14,40.15,41.03,41.03,41.11,39.8,21529032.0,864153038.0,15:34:59,2026-09-23
sh603309,维力医疗,11.05,-0.01,-0.09,11.05,11.07,11.06,11.09,11.09,11.01,1624984.0,17966670.0,15:00:01,2026-09-23
sh603310,巍华新材,14.88,0.04,0.27,14.87,14.88,14.84,14.79,14.9,14.65,1254700.0,18590498.0,15:00:01,2026-09-23
sh603311,金海高科,25.46,-0.38,-1.471,25.46,25.48,25.84,25.75,25.87,25.35,2922000.0,74712701.0,15:34:59,2026-09-23
sh603312,西典新能,31.8,-0.15,-0.469,31.79,31.8,31.95,32.0,32.17,31.51,340675.0,10789719.0,15:34:59,2026-09-23
sh603313,梦百合,6.57,-0.38,-5.468,6.56,6.57,6.95,7.01,7.01,6.49,24662616.0,165215665.0,15:34:59,2026-09-23
sh603315,福鞍股份,11.04,0.06,0.546,11.04,11.05,10.98,11.0,11.35,10.9,6495600.0,72186765.0,15:34:59,2026-09-23
sh603316,诚邦股份,17.27,-0.95,-5.214,17.26,17.27,18.22,17.27,18.0,17.17,40166865.0,701966642.0,15:34:59,2026-09-23
sh603317,天味食品,12.8,-0.05,-0.389,12.8,12.83,12.85,12.86,13.05,12.77,5922545.0,76378605.0,15:00:02,2026-09-23
sh603318,水发燃气,8.98,-0.39,-4.162,8.98,8.99,9.37,9.36,9.42,8.97,37678797.0,343127286.0,15:34:59,2026-09-23
sh603319,美湖股份,31.2,-0.56,-1.763,31.2,31.21,31.76,31.76,31.8,31.15,11493576.0,360694604.0,15:34:59,2026-09-23
sh603320,迪贝电气,18.36,-0.28,-1.502,18.36,18.38,18.64,18.66,18.83,18.36,1622100.0,30092506.0,15:00:01,2026-09-23
sh603321,梅轮电梯,7.06,-0.28,-3.815,7.06,7.07,7.34,7.27,7.37,6.96,13314400.0,94973731.0,15:34:59,2026-09-23
sh603322,超讯科技,32.36,-0.39,-1.191,32.36,32.39,32.75,32.98,33.14,32.25,4512731.0,147245853.0,15:34:59,2026-09-23
sh603323,苏农银行,4.38,-0.02,-0.455,4.38,4.39,4.4,4.39,4.41,4.36,22488295.0,98667718.0,15:00:00,2026-09-23
sh603324,盛剑科技,26.98,0.29,1.087,26.98,27.01,26.69,26.72,27.15,26.56,1966340.0,52889732.0,15:34:59,2026-09-23
sh603325,博隆技术,53.52,0.79,1.498,53.52,53.55,52.73,52.74,53.65,52.51,296099.0,15762623.0,15:00:02,2026-09-23
sh603326,我乐家居,7.56,-0.09,-1.176,7.55,7.56,7.65,7.53,7.68,7.41,3883240.0,29374433.0,15:00:01,2026-09-23
sh603327,福蓉科技,8.38,-0.12,-1.412,8.38,8.39,8.5,8.47,8.54,8.34,11341809.0,95558900.0,15:34:59,2026-09-23
sh603328,依顿电子,15.2,1.38,9.986,15.2,0.0,13.82,13.82,15.2,13.75,66100243.0,971213427.0,15:34:59,2026-09-23
sh603329,上海雅仕,10.09,-0.08,-0.787,10.09,10.12,10.17,10.18,10.2,10.07,1648440.0,16690256.0,15:00:01,2026-09-23
sh603330,天洋新材,9.86,-0.21,-2.085,9.85,9.86,10.07,10.05,10.07,9.8,29037088.0,287521941.0,15:34:59,2026-09-23
sh603331,百达精工,12.62,-0.29,-2.246,12.61,12.62,12.91,12.98,12.98,12.57,2701400.0,34241874.0,15:00:00,2026-09-23
sh603332,苏州龙杰,12.1,0.19,1.595,12.1,12.12,11.91,11.84,12.21,11.71,3614100.0,43390529.0,15:34:59,2026-09-23
sh603333,福华尚纬,9.43,-0.01,-0.106,9.43,9.44,9.44,9.41,9.47,9.35,6138500.0,57798672.0,15:00:02,2026-09-23
sh603334,丰倍生物,32.17,-0.16,-0.495,32.16,32.19,32.33,32.16,32.58,32.06,827114.0,26669544.0,15:00:01,2026-09-23
sh603335,迪生力,6.22,-0.07,-1.113,6.22,6.24,6.29,6.29,6.34,6.22,5492523.0,34370261.0,15:34:59,2026-09-23
sh603336,宏辉果蔬,10.61,-0.27,-2.482,10.61,10.62,10.88,10.88,10.96,10.57,18467583.0,197386995.0,15:34:59,2026-09-23
sh603337,杰克科技,37.65,0.18,0.48,37.65,37.66,37.47,37.41,38.15,37.27,2372738.0,89494230.0,15:34:59,2026-09-23
sh603338,浙江鼎力,54.28,0.73,1.363,54.28,54.3,53.55,53.55,54.43,53.33,2973734.0,160873479.0,15:00:01,2026-09-23
sh603339,四方科技,12.75,-0.17,-1.316,12.74,12.75,12.92,12.91,13.0,12.73,6140426.0,78633150.0,15:34:59,2026-09-23
sh603341,龙旗科技,38.43,-0.87,-2.214,38.43,38.44,39.3,39.29,39.3,38.23,13252620.0,511083329.0,15:34:59,2026-09-23
sh603344,星德胜科技,22.52,-1.33,-5.577,22.52,22.56,23.85,23.81,23.91,22.45,4400027.0,100483593.0,15:34:59,2026-09-23
sh603345,安井食品,79.48,-0.18,-0.226,79.47,79.48,79.66,79.89,81.66,79.03,3619834.0,290225310.0,15:34:59,2026-09-23
sh603348,文灿股份,14.41,0.02,0.139,14.4,14.41,14.39,14.81,14.88,14.36,2329700.0,33795140.0,15:00:01,2026-09-23
sh603350,安乃达,28.4,0.19,0.674,28.39,28.4,28.21,28.38,28.58,28.05,355200.0,10069297.0,15:00:01,2026-09-23
sh603351,威尔药业,27.55,-0.45,-1.607,27.54,27.55,28.0,27.86,28.18,27.44,1991300.0,55202708.0,15:34:59,2026-09-23
sh603352,至信股份,25.79,0.06,0.233,25.78,25.79,25.73,25.75,25.85,25.6,708865.0,18251595.0,15:34:59,2026-09-23
sh603353,和顺石油,46.23,-3.26,-6.587,46.23,46.35,49.49,49.0,50.6,46.0,10146950.0,480356643.0,15:34:59,2026-09-23
sh603355,莱克电气,32.38,-0.06,-0.185,32.33,32.38,32.44,32.0,33.05,32.0,5151558.0,167167438.0,15:00:00,2026-09-23
sh603356,华菱精工,17.38,0.29,1.697,17.38,17.39,17.09,17.05,18.29,16.93,4746293.0,83501352.0,15:00:02,2026-09-23
sh603357,设计总院,5.96,0.01,0.168,5.95,5.96,5.95,5.96,6.03,5.93,2368694.0,14150338.0,15:00:01,2026-09-23
sh603358,华达科技,46.43,0.13,0.281,46.43,46.45,46.3,46.26,47.02,45.47,6334648.0,293816627.0,15:34:59,2026-09-23
sh603359,*ST东珠,2.18,-0.07,-3.111,2.18,2.19,2.25,2.24,2.25,2.18,7183800.0,15866764.0,15:34:59,2026-09-23
sh603360,百傲化学,12.84,-0.15,-1.155,12.84,12.85,12.99,13.01,13.04,12.82,6548500.0,84544607.0,15:34:59,2026-09-23
sh603363,傲农生物,2.86,-0.07,-2.389,2.85,2.86,2.93,2.93,2.93,2.85,27027800.0,77783764.0,15:34:59,2026-09-23
sh603365,水星家纺,16.06,-0.13,-0.803,16.04,16.06,16.19,16.21,16.27,16.0,1495708.0,24062663.0,15:00:00,2026-09-23
sh603366,日出东方,7.33,-0.07,-0.946,7.32,7.33,7.4,7.34,7.45,7.25,15919500.0,117018894.0,15:34:59,2026-09-23
sh603367,辰欣药业,14.48,-0.12,-0.822,14.48,14.49,14.6,14.52,14.69,14.47,5679000.0,82758486.0,15:34:59,2026-09-23
sh603368,柳药集团,15.24,-0.21,-1.359,15.24,15.25,15.45,15.41,15.47,15.22,3183442.0,48774027.0,15:00:01,2026-09-23
sh603369,今世缘,27.26,-1.09,-3.845,27.26,27.27,28.35,28.29,28.94,27.1,17326914.0,482625608.0,15:34:59,2026-09-23
sh603370,华新精科,27.44,-0.18,-0.652,27.43,27.44,27.62,27.51,27.89,27.32,1398167.0,38537439.0,15:34:59,2026-09-23
sh603373,安邦护卫集团股份,47.96,4.36,10.0,47.96,0.0,43.6,43.77,47.96,43.6,3586217.0,165873876.0,15:00:01,2026-09-23
sh603375,盛景微电子,44.77,-3.65,-7.538,44.77,44.78,48.42,47.94,47.95,44.76,8651119.0,396655758.0,15:34:59,2026-09-23
sh603376,大明电子,27.23,-0.18,-0.657,27.23,27.24,27.41,27.41,27.75,27.18,1260600.0,34507098.0,15:34:59,2026-09-23
sh603377,ST东时,3.17,-0.07,-2.16,3.17,3.18,3.24,3.23,3.23,3.14,4245500.0,13455157.0,15:00:00,2026-09-23
sh603378,*ST亚士,4.9,-0.41,-7.721,4.9,4.91,5.31,5.0,5.17,4.8,24364781.0,121128990.0,15:34:59,2026-09-23
sh603379,三美股份,51.31,-0.45,-0.869,51.3,51.31,51.76,51.99,51.99,50.08,6344360.0,323552468.0,15:34:59,2026-09-23
sh603380,易德龙,35.66,0.31,0.877,35.6,35.66,35.35,35.5,35.97,35.13,2473283.0,88270359.0,15:34:59,2026-09-23
sh603381,永臻股份,15.08,0.09,0.6,15.08,15.09,14.99,15.01,15.23,14.91,2785701.0,42084067.0,15:00:01,2026-09-23
sh603382,海阳科技,18.97,0.03,0.158,18.97,18.98,18.94,18.94,19.1,18.76,1655962.0,31402906.0,15:34:59,2026-09-23
sh603383,顶点软件,27.18,-0.5,-1.806,27.18,27.2,27.68,27.68,27.68,27.18,1423292.0,38833543.0,15:34:59,2026-09-23
sh603385,惠达卫浴,5.65,-0.01,-0.177,5.65,5.66,5.66,5.68,5.7,5.57,2688530.0,15195402.0,15:00:00,2026-09-23
sh603386,骏亚科技,19.37,0.42,2.216,19.36,19.37,18.95,18.93,19.56,18.81,19896291.0,383127120.0,15:34:59,2026-09-23
sh603387,基蛋生物,9.95,-0.14,-1.388,9.94,9.95,10.09,10.0,10.12,9.9,11017375.0,109981212.0,15:00:00,2026-09-23
sh603389,亚振家居,44.3,-0.71,-1.577,44.3,44.31,45.01,44.98,45.27,43.93,1815800.0,80781588.0,15:00:01,2026-09-23
sh603390,通达电气,11.07,0.17,1.56,11.07,11.08,10.9,10.9,11.1,10.71,14624600.0,160883689.0,15:34:59,2026-09-23
sh603391,力聚热能,68.21,0.74,1.097,68.21,68.26,67.47,66.98,68.47,66.52,951109.0,64094928.0,15:34:59,2026-09-23
sh603392,万泰生物,26.93,0.71,2.708,26.92,26.93,26.22,26.19,27.3,26.06,8545502.0,229623533.0,15:34:59,2026-09-23
sh603393,新天然气,25.19,-0.39,-1.525,25.19,25.22,25.58,25.4,25.58,24.88,5518402.0,138656298.0,15:34:59,2026-09-23
sh603395,中盐红四方,26.78,-0.8,-2.901,26.78,26.8,27.58,27.58,27.6,26.63,8688117.0,234145553.0,15:34:59,2026-09-23
sh603396,金辰股份,32.4,2.95,10.017,32.4,0.0,29.45,29.45,32.4,29.43,5648257.0,178691597.0,15:34:59,2026-09-23
sh603398,*ST沐邦,8.63,-0.03,-0.346,8.62,8.63,8.66,8.66,8.78,8.46,3766600.0,32625859.0,15:34:59,2026-09-23
sh603399,永杉锂业,13.54,-0.45,-3.217,13.54,13.55,13.99,14.02,14.08,13.49,26542430.0,361379515.0,15:34:59,2026-09-23
sh603400,华之杰,54.67,0.0,0.0,0.0,0.0,54.67,0.0,0.0,0.0,0.0,0.0,15:35:34,2026-09-23
sh603402,陕西旅游,62.01,-0.59,-0.942,62.01,62.06,62.6,62.66,63.39,61.97,1961479.0,122563319.0,15:34:59,2026-09-23
sh603406,天富龙,28.4,-0.08,-0.281,28.4,28.41,28.48,28.48,28.72,28.22,1741747.0,49510835.0,15:34:59,2026-09-23
sh603407,长裕集团,62.73,1.97,3.242,62.72,62.73,60.76,60.76,63.0,60.09,6277744.0,387154091.0,15:34:59,2026-09-23
sh603408,建霖家居,11.69,-0.08,-0.68,11.69,11.7,11.77,11.77,11.93,11.68,1275700.0,14995870.0,15:00:00,2026-09-23
sh603409,汇通控股,17.89,-0.02,-0.112,17.89,17.91,17.91,18.0,18.1,17.77,1627946.0,29192073.0,15:00:00,2026-09-23
sh603416,信捷电气,46.71,-0.17,-0.363,46.71,46.76,46.88,46.81,47.05,46.44,973850.0,45586780.0,15:34:59,2026-09-23
sh603418,友升股份,44.72,-0.07,-0.156,44.72,44.88,44.79,44.88,47.47,44.5,4372734.0,201771955.0,15:34:59,2026-09-23
sh603421,鼎信通讯,6.5,-0.31,-4.552,6.5,6.51,6.81,6.81,6.82,6.45,31716421.0,207938283.0,15:34:59,2026-09-23
sh603429,*ST集友,8.6,-0.1,-1.149,8.6,8.61,8.7,8.7,8.82,8.58,1005000.0,8667197.0,15:00:01,2026-09-23
sh603435,嘉德利,49.25,0.0,0.0,49.24,49.25,49.25,49.03,49.5,48.9,1515127.0,74631430.0,15:34:59,2026-09-23
sh603439,三力制药,13.88,-0.58,-4.011,13.88,13.89,14.46,14.38,14.38,13.86,15080324.0,210963986.0,15:34:59,2026-09-23
sh603444,吉比特,344.58,-5.82,-1.661,344.57,344.59,350.4,352.0,352.0,343.86,1031460.0,357605329.0,15:34:59,2026-09-23
sh603448,天博智能科技,61.3,-0.3,-0.487,61.3,61.31,61.6,61.46,63.19,61.2,3459110.0,214363465.0,15:34:59,2026-09-23
sh603456,九洲药业,16.66,0.46,2.84,16.65,16.66,16.2,16.18,16.96,16.11,29666372.0,493523758.0,15:34:59,2026-09-23
sh603458,勘设股份,10.89,-0.13,-1.18,10.88,10.89,11.02,10.96,11.09,10.82,6601815.0,72292588.0,15:34:59,2026-09-23
sh603459,红板科技,88.78,-1.02,-1.136,88.78,88.79,89.8,89.0,89.92,88.18,6880622.0,610996840.0,15:34:59,2026-09-23
sh603466,风语筑,12.69,-0.45,-3.425,12.69,12.7,13.14,13.08,13.14,12.41,62710505.0,793077489.0,15:34:59,2026-09-23
sh603468,津富士达,22.38,-0.14,-0.622,22.38,22.39,22.52,22.6,22.95,22.36,2265784.0,51111988.0,15:34:59,2026-09-23
sh603477,巨星农牧,14.24,-0.37,-2.533,14.24,14.25,14.61,14.56,14.66,14.23,9318615.0,134026181.0,15:34:59,2026-09-23
sh603486,科沃斯,50.75,-0.19,-0.373,50.74,50.75,50.94,51.05,51.28,50.52,3003341.0,153055063.0,15:34:59,2026-09-23
sh603488,展鹏科技,7.98,-0.12,-1.481,7.97,7.98,8.1,8.1,8.14,7.93,4537401.0,36386750.0,15:00:00,2026-09-23
sh603489,八方股份,29.46,0.04,0.136,29.45,29.46,29.42,29.54,29.77,29.18,1574884.0,46487479.0,15:34:59,2026-09-23
sh603496,恒为科技,23.0,-0.23,-0.99,23.0,23.01,23.23,23.24,23.39,22.93,4517616.0,104055994.0,15:34:59,2026-09-23
sh603499,翔港科技,13.35,-0.09,-0.67,13.35,13.37,13.44,13.48,13.51,13.26,2576200.0,34525301.0,15:34:59,2026-09-23
sh603500,祥和实业,9.47,0.02,0.212,9.46,9.47,9.45,9.41,9.56,9.25,8531093.0,80080302.0,15:34:59,2026-09-23
sh603501,豪威集团,82.77,-0.11,-0.133,82.77,82.78,82.88,82.89,83.22,82.05,7891466.0,651984015.0,15:34:59,2026-09-23
sh603505,金石资源,15.22,-0.2,-1.297,15.21,15.22,15.42,15.4,15.47,15.17,5805650.0,88569659.0,15:34:59,2026-09-23
sh603506,南都物业,12.21,0.01,0.082,12.21,12.22,12.2,12.14,12.4,12.05,4700576.0,57517857.0,15:00:00,2026-09-23
sh603507,振江股份,27.74,0.95,3.546,27.73,27.74,26.79,27.09,28.1,26.69,17737301.0,491275414.0,15:34:59,2026-09-23
sh603508,思维列控,20.94,-0.06,-0.286,20.94,20.95,21.0,21.0,21.05,20.94,1326300.0,27827600.0,15:00:00,2026-09-23
sh603511,爱慕股份,12.42,0.11,0.894,12.4,12.42,12.31,12.55,12.58,12.12,1402300.0,17380508.0,15:00:02,2026-09-23
sh603515,欧普照明,14.66,-0.15,-1.013,14.66,14.68,14.81,14.95,14.95,14.63,1115600.0,16455501.0,15:00:01,2026-09-23
sh603516,淳中科技,84.99,-0.57,-0.666,84.99,85.0,85.56,85.85,86.0,84.24,2786800.0,237061093.0,15:34:59,2026-09-23
sh603517,ST绝味,11.38,-0.25,-2.15,11.38,11.39,11.63,11.59,11.61,11.37,3402100.0,39014607.0,15:34:59,2026-09-23
sh603518,锦泓集团,7.74,-0.05,-0.642,7.74,7.75,7.79,7.77,7.82,7.7,3786400.0,29367977.0,15:34:59,2026-09-23
sh603519,立霸股份,17.22,0.93,5.709,17.21,17.22,16.29,16.3,17.37,16.09,11615720.0,196320113.0,15:34:59,2026-09-23
sh603520,司太立,8.64,-0.02,-0.231,8.64,8.65,8.66,8.64,8.74,8.57,5260500.0,45584515.0,15:34:59,2026-09-23
sh603527,众源新材,9.93,-0.07,-0.7,9.92,9.93,10.0,10.06,10.1,9.89,4654600.0,46316451.0,15:34:59,2026-09-23
sh603528,多伦科技,6.58,-0.01,-0.152,6.57,6.58,6.59,6.6,6.7,6.52,10120800.0,66875527.0,15:34:59,2026-09-23
sh603529,爱玛科技,21.66,0.2,0.932,21.66,21.67,21.46,21.42,21.77,21.25,3973500.0,85625997.0,15:34:59,2026-09-23
sh603530,神马电力,46.01,-0.71,-1.52,46.01,46.02,46.72,46.71,47.39,45.66,2404233.0,111294136.0,15:34:59,2026-09-23
sh603533,掌阅科技,22.55,-1.15,-4.852,22.55,22.56,23.7,23.67,23.67,22.48,26234702.0,597581061.0,15:34:59,2026-09-23
sh603535,嘉诚国际,6.22,-0.07,-1.113,6.22,6.23,6.29,6.31,6.31,6.19,2816449.0,17557068.0,15:34:59,2026-09-23
sh603536,惠发食品,9.87,-0.14,-1.399,9.87,9.88,10.01,9.99,10.02,9.78,3998100.0,39571683.0,15:00:00,2026-09-23
sh603538,美诺华,27.78,-1.04,-3.609,27.78,27.79,28.82,28.3,29.0,27.5,45607453.0,1279217661.0,15:34:59,2026-09-23
sh603551,奥普科技,9.29,-0.05,-0.535,9.28,9.29,9.34,9.33,9.4,9.25,1720400.0,16037286.0,15:00:00,2026-09-23
sh603556,海兴电力,23.16,-0.21,-0.899,23.16,23.17,23.37,23.37,23.5,23.12,2850883.0,66250705.0,15:34:59,2026-09-23
sh603557,*ST起步,3.25,-0.1,-2.985,3.22,3.25,3.35,3.36,3.36,3.21,5794700.0,18972650.0,15:34:59,2026-09-23
sh603558,健盛集团,13.05,0.26,2.033,13.05,13.06,12.79,12.78,13.27,12.75,4879900.0,63843181.0,15:00:02,2026-09-23
sh603559,中通国脉,9.22,-0.53,-5.436,9.22,9.23,9.75,9.72,9.77,9.21,12759800.0,119430238.0,15:34:59,2026-09-23
sh603565,中谷物流,11.82,0.04,0.34,11.81,11.82,11.78,11.76,11.89,11.68,10020423.0,118338064.0,15:00:02,2026-09-23
sh603566,普莱柯,10.22,-0.1,-0.969,10.22,10.23,10.32,10.31,10.31,10.19,1674400.0,17154778.0,15:34:59,2026-09-23
sh603567,珍宝岛,5.31,-0.2,-3.63,5.31,5.32,5.51,5.5,5.51,5.3,18104985.0,97563275.0,15:34:59,2026-09-23
sh603568,伟明环保,13.77,0.16,1.176,13.76,13.77,13.61,13.65,13.83,13.61,5955863.0,81852883.0,15:34:59,2026-09-23
sh603569,长久物流,5.78,-0.03,-0.516,5.76,5.78,5.81,5.82,5.83,5.72,2653200.0,15320610.0,15:00:02,2026-09-23
sh603577,汇金通,9.66,0.02,0.207,9.64,9.66,9.64,9.66,9.75,9.5,2900230.0,27816709.0,15:00:01,2026-09-23
sh603578,三星新材,13.9,-0.16,-1.138,13.9,13.91,14.06,14.0,14.09,13.8,3431780.0,47735084.0,15:34:59,2026-09-23
sh603579,荣泰健康,17.85,-0.35,-1.923,17.85,17.86,18.2,18.2,18.28,17.73,2709300.0,48424168.0,15:00:02,2026-09-23
sh603580,艾艾精工,77.56,-1.12,-1.423,77.56,77.57,78.68,81.0,86.48,77.01,16042350.0,1298757326.0,15:34:59,2026-09-23
sh603583,捷昌驱动,28.64,0.52,1.849,28.64,28.65,28.12,27.98,28.88,27.91,6195585.0,176990340.0,15:34:59,2026-09-23
sh603585,苏利股份,10.47,-0.02,-0.191,10.47,10.48,10.49,10.46,10.54,10.4,2544364.0,26612384.0,15:34:59,2026-09-23
sh603586,金麒麟,13.71,-0.03,-0.218,13.71,13.73,13.74,13.85,13.85,13.56,1229300.0,16840395.0,15:00:00,2026-09-23
sh603587,地素时尚,12.16,-0.04,-0.328,12.16,12.18,12.2,12.13,12.31,12.03,2026300.0,24636785.0,15:34:59,2026-09-23
sh603588,高能环境,17.46,0.6,3.559,17.46,17.47,16.86,16.82,17.58,16.52,74023080.0,1268694368.0,15:34:59,2026-09-23
sh603589,口子窖,18.0,0.03,0.167,18.0,18.04,17.97,17.9,18.63,17.85,9651080.0,176050094.0,15:34:59,2026-09-23
sh603590,康辰药业,29.92,-0.04,-0.134,29.92,29.94,29.96,29.96,30.2,29.75,1265300.0,37931205.0,15:34:59,2026-09-23
sh603595,ST东尼,33.3,-0.09,-0.27,33.2,33.3,33.39,33.41,33.85,32.92,1750500.0,58397659.0,15:00:02,2026-09-23
sh603596,伯特利,28.72,-0.43,-1.475,28.71,28.72,29.15,29.01,29.13,28.65,9593218.0,276534907.0,15:34:59,2026-09-23
sh603598,引力传媒,19.12,0.16,0.844,19.12,19.13,18.96,19.8,20.86,19.12,60374629.0,1199241308.0,15:34:59,2026-09-23
sh603599,广信股份,10.6,-0.08,-0.749,10.6,10.61,10.68,10.69,10.73,10.56,6224437.0,66230686.0,15:34:59,2026-09-23
sh603600,永艺股份,10.3,0.03,0.292,10.3,10.31,10.27,10.25,10.4,10.22,2914800.0,30024850.0,15:00:02,2026-09-23
sh603601,再升科技,10.12,-0.33,-3.158,10.12,10.13,10.45,10.39,10.53,10.11,83082760.0,850788011.0,15:34:59,2026-09-23
sh603602,纵横通信,11.49,-0.17,-1.458,11.49,11.53,11.66,11.63,11.66,11.42,2496290.0,28739430.0,15:00:02,2026-09-23
sh603605,珀莱雅,56.79,0.31,0.549,56.78,56.79,56.48,56.5,57.77,56.1,5775341.0,328897858.0,15:34:59,2026-09-23
sh603606,东方电缆,35.56,-0.37,-1.03,35.55,35.56,35.93,35.81,35.97,35.5,7023439.0,250563369.0,15:34:59,2026-09-23
sh603607,京华激光,23.53,-0.5,-2.081,23.53,23.54,24.03,24.04,24.05,23.26,5336400.0,125807690.0,15:34:59,2026-09-23
sh603608,天创时尚,21.13,-0.42,-1.949,21.12,21.13,21.55,21.57,21.59,21.0,10635000.0,225494168.0,15:34:59,2026-09-23
sh603609,禾丰股份,6.34,-0.07,-1.092,6.33,6.34,6.41,6.39,6.41,6.33,3443900.0,21920333.0,15:00:00,2026-09-23
sh603610,麒盛科技,13.73,-0.18,-1.294,13.72,13.73,13.91,13.91,13.94,13.68,3655400.0,50400136.0,15:00:02,2026-09-23
sh603611,诺力股份,15.71,-0.12,-0.758,15.71,15.73,15.83,15.84,15.84,15.6,1074742.0,16877562.0,15:34:59,2026-09-23
sh603612,索通发展,16.87,0.22,1.321,16.87,16.88,16.65,16.68,17.09,16.55,10142200.0,170688127.0,15:34:59,2026-09-23
sh603613,国联股份,20.47,-0.54,-2.57,20.46,20.47,21.01,21.0,21.0,20.41,9227225.0,190471162.0,15:34:59,2026-09-23
sh603615,茶花股份,19.11,0.01,0.052,19.11,19.12,19.1,19.11,19.36,18.7,3922337.0,74816884.0,15:34:59,2026-09-23
sh603616,韩建河山,5.59,-0.02,-0.357,5.59,5.6,5.61,5.61,5.79,5.54,10902500.0,61630389.0,15:34:59,2026-09-23
sh603617,君禾股份,6.78,-0.04,-0.587,6.77,6.78,6.82,6.86,6.86,6.73,3440000.0,23320963.0,15:00:01,2026-09-23
sh603618,杭电股份,37.74,-1.05,-2.707,37.73,37.74,38.79,38.55,38.9,37.55,54926409.0,2087048801.0,15:34:59,2026-09-23
sh603619,中曼石油,21.6,-0.62,-2.79,21.6,21.61,22.22,22.02,22.3,21.55,15875315.0,345571374.0,15:34:59,2026-09-23
sh603626,科森科技,22.88,-0.05,-0.218,22.87,22.88,22.93,23.15,23.3,22.54,27734538.0,632463706.0,15:34:59,2026-09-23
sh603628,清源股份,10.31,-0.02,-0.194,10.3,10.31,10.33,10.39,10.55,10.3,4285258.0,44527721.0,15:34:59,2026-09-23
sh603629,利通电子,111.57,-4.39,-3.786,111.57,111.58,115.96,114.0,114.54,111.5,22641448.0,2546939921.0,15:34:59,2026-09-23
sh603630,拉芳家化,14.38,0.42,3.009,14.38,14.39,13.96,14.19,14.44,13.78,6887800.0,97650641.0,15:34:59,2026-09-23
sh603633,徕木股份,6.37,-0.11,-1.698,6.37,6.38,6.48,6.45,6.49,6.3,6890100.0,44010445.0,15:34:59,2026-09-23
sh603636,南威软件,8.81,0.8,9.988,8.81,0.0,8.01,8.81,8.81,8.31,73231060.0,642502981.0,15:34:59,2026-09-23
sh603637,镇海股份,14.45,-0.1,-0.687,14.43,14.45,14.55,14.55,14.76,14.39,4870100.0,70680256.0,15:34:59,2026-09-23
sh603638,艾迪精密,18.83,0.44,2.393,18.82,18.83,18.39,18.43,19.28,18.18,14730785.0,278711086.0,15:34:59,2026-09-23
sh603639,海利尔,10.43,-0.03,-0.287,10.43,10.44,10.46,10.45,10.47,10.39,674900.0,7037101.0,15:00:02,2026-09-23
sh603648,畅联股份,9.65,0.07,0.731,9.64,9.65,9.58,9.61,9.65,9.48,2267673.0,21665167.0,15:00:02,2026-09-23
sh603650,彤程新材,69.23,0.22,0.319,69.23,69.24,69.01,69.61,69.68,68.34,12671647.0,874202082.0,15:34:59,2026-09-23
sh603655,XD朗博科技,32.8,-1.8,-5.202,32.8,32.88,34.6,34.66,34.74,32.12,3186700.0,104594243.0,15:00:00,2026-09-23
sh603656,泰禾智能,17.57,0.19,1.093,17.57,17.58,17.38,17.36,17.58,17.26,1662600.0,29075094.0,15:34:59,2026-09-23
sh603657,春光科技,36.64,-0.66,-1.769,36.62,36.64,37.3,38.0,38.49,35.6,5719440.0,210224652.0,15:34:59,2026-09-23
sh603658,安图生物,34.44,-0.53,-1.516,34.44,34.48,34.97,34.84,35.35,34.44,9172406.0,320107773.0,15:34:59,2026-09-23
sh603659,璞泰来,22.04,-0.17,-0.765,22.04,22.05,22.21,22.2,22.25,21.92,10329250.0,227535236.0,15:34:59,2026-09-23
sh603660,苏州科达,9.75,-0.13,-1.316,9.74,9.75,9.88,9.87,9.96,9.62,13055900.0,127475774.0,15:34:59,2026-09-23
sh603661,恒林股份,35.63,1.56,4.579,35.62,35.63,34.07,33.89,35.88,33.89,5555448.0,196690995.0,15:34:59,2026-09-23
sh603662,柯力传感,49.71,-0.11,-0.221,49.71,49.76,49.82,49.82,50.12,49.35,2247067.0,111678198.0,15:34:59,2026-09-23
sh603663,三祥新材,47.0,-1.16,-2.409,47.0,47.01,48.16,48.0,48.13,46.69,19927632.0,939932687.0,15:34:59,2026-09-23
sh603665,康隆达,22.1,0.43,1.984,22.09,22.1,21.67,21.7,22.32,21.61,3488600.0,76620438.0,15:34:59,2026-09-23
sh603666,亿嘉和,27.74,0.34,1.241,27.74,27.75,27.4,27.5,28.43,27.19,5374297.0,149523492.0,15:34:59,2026-09-23
sh603667,五洲新春,49.69,-0.34,-0.68,49.69,49.7,50.03,50.1,50.49,49.45,6163808.0,306417947.0,15:34:59,2026-09-23
sh603668,天马科技,12.28,-0.35,-2.771,12.28,12.31,12.63,12.54,12.67,12.28,6260120.0,77550696.0,15:34:59,2026-09-23
sh603669,灵康药业,6.02,0.01,0.166,6.02,6.03,6.01,5.93,6.15,5.87,39957118.0,239422211.0,15:34:59,2026-09-23
sh603676,卫信康,8.94,-0.1,-1.106,8.93,8.94,9.04,9.08,9.08,8.93,940000.0,8461422.0,15:00:02,2026-09-23
sh603677,奇精机械,14.41,-0.03,-0.208,14.41,14.42,14.44,14.4,14.79,14.34,1788900.0,25998374.0,15:00:02,2026-09-23
sh603678,火炬电子,49.98,0.47,0.949,49.97,49.98,49.51,49.68,51.25,49.31,16144937.0,806480727.0,15:34:59,2026-09-23
sh603679,华体科技,23.5,-2.61,-9.996,0.0,23.5,26.11,26.08,26.11,23.5,22559400.0,547065374.0,15:34:59,2026-09-23
sh603680,今创集团,10.21,-0.3,-2.854,10.21,10.22,10.51,10.49,10.55,10.21,4338767.0,44750262.0,15:00:01,2026-09-23
sh603681,永冠新材,19.86,0.58,3.008,19.85,19.86,19.28,19.22,19.9,19.03,11566998.0,228210614.0,15:34:59,2026-09-23
sh603682,锦和商管,9.76,-0.24,-2.4,9.76,9.77,10.0,10.1,10.1,9.73,10050300.0,99377044.0,15:34:59,2026-09-23
sh603683,晶华新材,16.58,0.18,1.098,16.58,16.59,16.4,16.32,16.65,16.32,12103600.0,199473867.0,15:34:59,2026-09-23
sh603685,晨丰科技,25.98,-0.78,-2.915,25.98,26.0,26.76,26.68,26.85,25.96,2335698.0,61337579.0,15:00:02,2026-09-23
sh603686,福龙马,14.13,-0.65,-4.398,14.12,14.13,14.78,14.6,14.77,14.11,38532125.0,551699207.0,15:34:59,2026-09-23
sh603687,大胜达,15.31,-0.15,-0.97,15.31,15.32,15.46,15.39,15.68,15.25,11507474.0,177002117.0,15:34:59,2026-09-23
sh603688,石英股份,50.1,0.79,1.602,50.09,50.1,49.31,49.31,50.63,49.3,12827887.0,642815520.0,15:34:59,2026-09-23
sh603689,皖天然气,7.59,-0.1,-1.3,7.59,7.6,7.69,7.67,7.69,7.58,2432500.0,18523236.0,15:00:01,2026-09-23
sh603690,至纯科技,24.24,0.21,0.874,24.24,24.25,24.03,24.07,24.48,23.85,13786556.0,333170206.0,15:34:59,2026-09-23
sh603693,江苏新能,11.61,-0.5,-4.129,11.61,11.62,12.11,12.0,12.0,11.59,10674466.0,124981762.0,15:34:59,2026-09-23
sh603696,安记食品,13.82,-0.74,-5.082,13.82,13.85,14.56,14.42,14.47,13.77,16919620.0,237050178.0,15:34:59,2026-09-23
sh603697,有友食品,9.06,-0.08,-0.875,9.06,9.07,9.14,9.11,9.14,8.97,4699500.0,42453704.0,15:00:02,2026-09-23
sh603698,航天工程,21.2,-0.45,-2.079,21.19,21.2,21.65,21.65,21.66,21.1,7407300.0,157361995.0,15:34:59,2026-09-23
sh603699,纽威股份,44.66,0.06,0.135,44.66,44.7,44.6,44.63,45.49,44.16,3178410.0,142395355.0,15:00:00,2026-09-23
sh603700,宁水集团,11.57,-0.16,-1.364,11.57,11.58,11.73,11.74,11.82,11.54,3048794.0,35499132.0,15:00:01,2026-09-23
sh603701,德宏股份,19.29,-0.37,-1.882,19.25,19.29,19.66,19.66,19.8,19.15,2756086.0,53494846.0,15:00:01,2026-09-23
sh603703,盛洋科技,10.43,-0.16,-1.511,10.43,10.44,10.59,10.59,10.88,10.41,13054640.0,137419403.0,15:34:59,2026-09-23
sh603706,东方环宇,17.11,-0.1,-0.581,17.11,17.13,17.21,17.21,17.42,17.02,957100.0,16450006.0,15:00:00,2026-09-23
sh603707,健友股份,7.91,-0.03,-0.378,7.91,7.93,7.94,7.95,8.06,7.9,10549500.0,84135980.0,15:00:02,2026-09-23
sh603708,家家悦,8.91,-0.12,-1.329,8.91,8.92,9.03,8.99,9.03,8.91,3248463.0,29076600.0,15:34:59,2026-09-23
sh603709,中源家居,12.7,0.1,0.794,12.7,12.72,12.6,12.62,12.85,12.47,3042166.0,38609168.0,15:00:02,2026-09-23
sh603711,香飘飘,11.8,-0.26,-2.156,11.8,11.81,12.06,12.06,12.09,11.78,3001599.0,35773081.0,15:34:59,2026-09-23
sh603712,七一二,11.54,-0.28,-2.369,11.54,11.55,11.82,11.8,11.8,11.49,11080385.0,128580712.0,15:00:01,2026-09-23
sh603713,密尔克卫,67.63,0.02,0.03,67.62,67.64,67.61,67.8,68.55,67.56,931810.0,63375331.0,15:00:01,2026-09-23
sh603716,塞力医疗,16.81,-0.76,-4.326,16.81,16.82,17.57,17.52,17.52,16.75,15453313.0,262040653.0,15:34:59,2026-09-23
sh603717,天域生物,5.87,-0.07,-1.178,5.87,5.88,5.94,5.92,5.99,5.82,5220120.0,30621642.0,15:00:00,2026-09-23
sh603718,*ST海利,3.07,-0.02,-0.647,3.07,3.08,3.09,3.09,3.12,3.05,3987000.0,12263615.0,15:00:02,2026-09-23
sh603719,良品铺子,9.15,-0.06,-0.651,9.14,9.15,9.21,9.23,9.34,9.09,3243800.0,29803398.0,15:00:00,2026-09-23
sh603721,中广天择,18.23,-0.73,-3.85,18.22,18.23,18.96,18.96,18.97,18.13,6661000.0,122169843.0,15:34:59,2026-09-23
sh603722,阿科力,29.88,0.1,0.336,29.88,29.9,29.78,29.81,30.06,29.5,784725.0,23451877.0,15:00:00,2026-09-23
sh603725,天安新材,11.97,0.14,1.183,11.97,11.98,11.83,11.8,12.3,11.68,13698210.0,165372240.0,15:34:59,2026-09-23
sh603726,朗迪集团,24.74,0.61,2.528,24.73,24.74,24.13,24.11,24.92,24.1,3655900.0,89804724.0,15:34:59,2026-09-23
sh603727,博迈科,18.23,-0.39,-2.095,18.23,18.26,18.62,18.73,18.73,17.95,3099416.0,56411449.0,15:00:00,2026-09-23
sh603728,鸣志电器,50.23,-0.32,-0.633,50.22,50.25,50.55,50.54,50.76,50.22,2743600.0,138346243.0,15:34:59,2026-09-23
sh603729,ST龙韵,12.62,-0.09,-0.708,12.61,12.62,12.71,12.72,12.72,12.56,667300.0,8447065.0,15:00:02,2026-09-23
sh603730,岱美股份,9.72,0.06,0.621,9.72,9.73,9.66,9.67,9.79,9.59,6831628.0,66342490.0,15:00:00,2026-09-23
sh603733,仙鹤股份,18.88,-0.15,-0.788,18.88,18.89,19.03,19.19,19.19,18.83,3441138.0,65278310.0,15:34:59,2026-09-23
sh603737,三棵树,21.83,0.0,0.0,21.83,21.88,21.83,22.09,22.55,21.46,9863927.0,218180677.0,15:34:59,2026-09-23
sh603738,泰晶科技,38.23,0.37,0.977,38.23,38.24,37.86,37.97,38.72,37.61,19272774.0,738044770.0,15:34:59,2026-09-23
sh603739,蔚蓝生物,13.03,-0.17,-1.288,13.03,13.04,13.2,13.1,13.3,12.97,4528200.0,59150779.0,15:34:59,2026-09-23
sh603755,日辰股份,24.16,-0.22,-0.902,24.16,24.27,24.38,24.44,24.58,24.02,1002700.0,24344119.0,15:00:00,2026-09-23
sh603757,大元泵业,69.9,1.2,1.747,69.89,69.9,68.7,70.11,71.56,69.08,6693377.0,470210061.0,15:34:59,2026-09-23
sh603758,秦安股份,11.03,0.0,0.0,11.02,11.03,11.03,10.96,11.17,10.93,6150400.0,67934314.0,15:34:59,2026-09-23
sh603759,海天股份,7.93,0.11,1.407,7.92,7.93,7.82,7.77,8.03,7.74,5551006.0,43878435.0,15:34:59,2026-09-23
sh603766,隆鑫通用,14.56,0.17,1.181,14.55,14.56,14.39,14.35,14.8,14.29,14907600.0,217269243.0,15:00:00,2026-09-23
sh603767,中马传动,13.4,-0.11,-0.814,13.39,13.4,13.51,13.51,13.51,13.25,1657900.0,22153093.0,15:00:00,2026-09-23
sh603768,常青股份,11.57,-0.05,-0.43,11.57,11.6,11.62,11.63,11.7,11.43,1628800.0,18897533.0,15:00:01,2026-09-23
sh603773,沃格光电,102.5,9.32,10.002,102.5,0.0,93.18,96.0,102.5,96.0,49301584.0,4992896853.0,15:34:59,2026-09-23
sh603776,永安行,20.83,0.19,0.921,20.8,20.83,20.64,20.56,21.01,20.1,3742100.0,76672874.0,15:00:00,2026-09-23
sh603777,来伊份,14.5,0.31,2.185,14.5,14.51,14.19,14.12,15.17,14.12,11684360.0,171648368.0,15:00:00,2026-09-23
sh603778,国晟科技,8.6,-0.8,-8.511,8.6,8.61,9.4,9.37,9.4,8.52,101156575.0,897296410.0,15:34:59,2026-09-23
sh603779,威龙股份,8.3,-0.03,-0.36,8.29,8.3,8.33,8.27,8.54,8.21,13700900.0,114745886.0,15:34:59,2026-09-23
sh603786,科博达,37.92,0.15,0.397,37.89,37.92,37.77,37.8,38.34,37.61,1485300.0,56385832.0,15:34:59,2026-09-23
sh603787,新日股份,10.4,0.07,0.678,10.4,10.41,10.33,10.39,10.44,10.22,1802200.0,18667026.0,15:00:00,2026-09-23
sh603788,宁波高发,13.77,-0.03,-0.217,13.74,13.77,13.8,13.8,13.9,13.71,607000.0,8356763.0,15:00:01,2026-09-23
sh603789,ST星农,5.95,-0.11,-1.815,5.95,5.96,6.06,6.02,6.03,5.95,1969900.0,11769436.0,15:00:01,2026-09-23
sh603790,雅运股份,25.98,1.05,4.212,25.97,25.98,24.93,24.93,26.29,24.91,4141140.0,106981025.0,15:00:01,2026-09-23
sh603797,联泰环保,4.94,-0.01,-0.202,4.93,4.94,4.95,4.97,4.98,4.85,7446100.0,36587204.0,15:34:59,2026-09-23
sh603798,康普顿,13.56,0.08,0.593,13.55,13.56,13.48,13.7,13.82,13.2,2820630.0,38143233.0,15:00:02,2026-09-23
sh603799,华友钴业,36.17,-0.49,-1.337,36.16,36.17,36.66,37.0,37.09,36.02,29762111.0,1079656412.0,15:34:59,2026-09-23
sh603800,洪田股份,58.81,0.24,0.41,58.8,58.81,58.57,58.03,59.91,58.03,3529768.0,207848848.0,15:34:59,2026-09-23
sh603801,志邦家居,6.19,-0.02,-0.322,6.18,6.19,6.21,6.21,6.4,6.11,10687592.0,66932593.0,15:34:59,2026-09-23
sh603803,瑞斯康达,12.87,1.17,10.0,12.87,0.0,11.7,11.67,12.87,11.34,21255158.0,260172843.0,15:34:59,2026-09-23
sh603806,福斯特,14.3,-0.08,-0.556,14.3,14.31,14.38,14.38,14.49,14.28,14369212.0,206328408.0,15:34:59,2026-09-23
sh603808,歌力思,8.76,0.03,0.344,8.76,8.77,8.73,8.73,8.87,8.6,3049600.0,26692727.0,15:00:01,2026-09-23
sh603809,豪能股份,8.68,0.05,0.579,8.68,8.69,8.63,8.67,8.72,8.56,5033970.0,43463053.0,15:00:00,2026-09-23
sh603810,丰山集团,11.95,-0.05,-0.417,11.95,11.98,12.0,12.01,12.08,11.86,1439300.0,17249945.0,15:00:02,2026-09-23
sh603811,诚意药业,6.96,-0.05,-0.713,6.96,6.97,7.01,7.01,7.04,6.95,2809260.0,19618570.0,15:00:00,2026-09-23
sh603813,原尚股份,25.5,-1.62,-5.973,25.44,25.5,27.12,26.96,27.29,25.5,1041200.0,27215572.0,15:34:59,2026-09-23
sh603815,交建股份,5.11,-0.13,-2.481,5.1,5.11,5.24,5.23,5.25,5.1,7210200.0,37206250.0,15:34:59,2026-09-23
sh603816,顾家家居,22.44,0.03,0.134,22.44,22.45,22.41,22.42,23.02,22.33,6543397.0,147995809.0,15:34:59,2026-09-23
sh603817,海峡环保,5.79,-0.09,-1.531,5.78,5.79,5.88,5.87,5.91,5.78,9413700.0,54756108.0,15:00:01,2026-09-23
sh603818,曲美家居,3.82,-0.16,-4.02,3.82,3.83,3.98,3.96,3.98,3.81,31714200.0,122562938.0,15:34:59,2026-09-23
sh603819,神力股份,16.07,-0.51,-3.076,16.07,16.08,16.58,16.6,16.6,15.9,7822700.0,126203390.0,15:34:59,2026-09-23
sh603822,ST嘉澳,62.65,-1.6,-2.49,62.65,62.67,64.25,64.01,64.84,62.62,447900.0,28459579.0,15:34:59,2026-09-23
sh603823,百合花,50.47,-5.61,-10.004,0.0,50.47,56.08,55.05,55.2,50.47,25601319.0,1333330598.0,15:34:59,2026-09-23
sh603825,ST华扬,7.8,-0.07,-0.889,7.79,7.8,7.87,7.85,7.85,7.77,776000.0,6059837.0,15:34:59,2026-09-23
sh603826,坤彩科技,17.08,0.72,4.401,17.08,17.09,16.36,16.66,17.57,16.55,30237904.0,519373885.0,15:34:59,2026-09-23
sh603828,*ST利达,6.16,0.05,0.818,6.16,6.17,6.11,6.11,6.18,6.04,2386949.0,14610497.0,15:00:01,2026-09-23
sh603829,洛凯股份,15.59,-0.32,-2.011,15.59,15.61,15.91,15.91,15.92,15.5,2086800.0,32672665.0,15:34:59,2026-09-23
sh603833,欧派家居,30.0,0.44,1.488,29.99,30.0,29.56,29.45,31.21,29.32,5252646.0,159710501.0,15:34:59,2026-09-23
sh603836,海程邦达,9.55,-0.11,-1.139,9.55,9.56,9.66,9.6,9.65,9.49,1865940.0,17841434.0,15:00:00,2026-09-23
sh603838,*ST四通,13.78,-0.08,-0.577,13.78,13.83,13.86,13.93,13.99,13.54,1138700.0,15713354.0,15:00:00,2026-09-23
sh603839,安正时尚,6.9,-0.13,-1.849,6.89,6.9,7.03,7.03,7.03,6.87,4411000.0,30561785.0,15:34:59,2026-09-23
sh603843,*ST正平,6.6,0.18,2.804,6.59,6.6,6.42,6.33,6.75,6.18,19682268.0,127519965.0,15:34:59,2026-09-23
sh603848,好太太,13.55,0.03,0.222,13.55,13.59,13.52,13.45,13.89,13.42,2276800.0,31101981.0,15:00:00,2026-09-23
sh603855,华荣股份,16.76,-0.04,-0.238,16.76,16.77,16.8,16.83,16.89,16.68,599600.0,10041050.0,15:00:01,2026-09-23
sh603856,东宏股份,11.71,0.05,0.429,11.69,11.71,11.66,11.62,11.81,11.6,1553400.0,18211416.0,15:34:59,2026-09-23
sh603858,步长制药,14.68,-0.09,-0.609,14.67,14.68,14.77,14.73,14.85,14.68,2950900.0,43539771.0,15:34:59,2026-09-23
sh603859,能科科技,41.09,0.69,1.708,41.09,41.1,40.4,40.4,41.66,39.86,7843388.0,322109198.0,15:34:59,2026-09-23
sh603860,中公高科,26.3,0.39,1.505,26.29,26.3,25.91,26.04,26.53,25.7,1050600.0,27530620.0,15:00:00,2026-09-23
sh603861,白云电器,10.99,-0.19,-1.699,10.98,10.99,11.18,11.18,11.18,10.97,4425370.0,48769486.0,15:34:59,2026-09-23
sh603863,松炀资源,12.61,-0.15,-1.176,12.61,12.62,12.76,12.75,13.05,12.56,5201100.0,66498075.0,15:00:00,2026-09-23
sh603866,桃李面包,4.14,-0.06,-1.429,4.14,4.15,4.2,4.2,4.25,4.13,15207051.0,63502042.0,15:34:59,2026-09-23
sh603867,新化股份,36.07,2.56,7.64,36.07,36.08,33.51,33.4,36.5,33.3,12539216.0,440495160.0,15:34:59,2026-09-23
sh603868,飞科电器,31.26,-0.36,-1.139,31.26,31.32,31.62,31.31,31.6,31.09,1024500.0,32094447.0,15:34:59,2026-09-23
sh603869,ST智知,8.54,-0.04,-0.466,8.54,8.55,8.58,8.61,8.61,8.51,310500.0,2655463.0,15:00:01,2026-09-23
sh603871,嘉友国际,12.17,0.01,0.082,12.17,12.18,12.16,12.15,12.27,12.01,6488100.0,78998613.0,15:34:59,2026-09-23
sh603876,鼎胜新材,18.36,-0.1,-0.542,18.35,18.36,18.46,18.5,18.56,18.25,10371737.0,190462305.0,15:34:59,2026-09-23
sh603877,太平鸟,11.84,-0.08,-0.671,11.84,11.85,11.92,11.92,12.04,11.8,1212501.0,14416788.0,15:34:59,2026-09-23
sh603878,武进不锈,4.86,-0.07,-1.42,4.86,4.88,4.93,4.93,4.98,4.86,8151980.0,39962022.0,15:00:00,2026-09-23
sh603879,永悦科技,4.87,-0.07,-1.417,4.87,4.88,4.94,4.95,4.97,4.85,5550400.0,27178596.0,15:00:00,2026-09-23
sh603880,南卫股份,9.3,0.02,0.216,9.3,9.31,9.28,9.25,9.36,8.99,9091920.0,83211680.0,15:34:59,2026-09-23
sh603881,数据港,24.51,-0.63,-2.506,24.51,24.52,25.14,24.75,24.93,24.5,23842643.0,587995005.0,15:34:59,2026-09-23
sh603882,金域医学,29.07,0.01,0.034,29.06,29.07,29.06,29.06,29.35,28.87,7261366.0,211303020.0,15:34:59,2026-09-23
sh603883,老百姓,12.9,-0.04,-0.309,12.89,12.9,12.94,12.91,13.02,12.77,8543175.0,110340810.0,15:00:00,2026-09-23
sh603885,吉祥航空,10.2,0.1,0.99,10.2,10.21,10.1,10.14,10.3,10.07,13828382.0,141212871.0,15:34:59,2026-09-23
sh603886,元祖股份,12.63,-0.07,-0.551,12.63,12.64,12.7,12.6,12.75,12.32,5779800.0,72597498.0,15:34:59,2026-09-23
sh603887,城地香江,8.8,-0.24,-2.655,8.8,8.81,9.04,9.05,9.08,8.78,12854649.0,113810063.0,15:34:59,2026-09-23
sh603888,新华网,17.79,-0.66,-3.577,17.79,17.8,18.45,18.18,18.63,17.74,29689599.0,533659364.0,15:34:59,2026-09-23
sh603889,新澳股份,6.05,-0.01,-0.165,6.05,6.06,6.06,6.06,6.11,5.95,5883250.0,35585855.0,15:00:01,2026-09-23
sh603890,春秋电子,16.73,-0.66,-3.795,16.73,16.74,17.39,17.2,17.32,16.68,24779679.0,418367380.0,15:34:59,2026-09-23
sh603893,瑞芯微,223.01,5.21,2.392,223.0,223.01,217.8,218.79,227.3,215.81,31278120.0,6974832079.0,15:34:59,2026-09-23
sh603895,天永智能,26.28,0.05,0.191,26.28,26.29,26.23,26.23,26.39,25.61,781700.0,20449859.0,15:00:00,2026-09-23
sh603896,寿仙谷,14.7,-0.16,-1.077,14.7,14.71,14.86,14.95,14.95,14.69,1359400.0,20073981.0,15:00:00,2026-09-23
sh603897,长城科技,30.36,-0.42,-1.365,30.36,30.37,30.78,30.68,30.89,30.03,4725589.0,143370412.0,15:34:59,2026-09-23
sh603898,好莱客,11.58,0.3,2.66,11.57,11.58,11.28,11.38,11.77,11.16,3347500.0,38598591.0,15:34:59,2026-09-23
sh603899,晨光股份,22.33,0.23,1.041,22.32,22.33,22.1,22.12,22.57,22.02,2672200.0,59746271.0,15:34:59,2026-09-23
sh603900,莱绅通灵,6.53,-0.24,-3.545,6.53,6.54,6.77,6.77,6.83,6.49,16378000.0,107830085.0,15:34:59,2026-09-23
sh603901,永创智能,9.49,0.17,1.824,9.49,9.5,9.32,9.31,9.55,9.28,8334802.0,78736548.0,15:34:59,2026-09-23
sh603903,中持股份,15.12,-0.15,-0.982,15.12,15.13,15.27,15.71,16.06,14.62,23649872.0,356602925.0,15:34:59,2026-09-23
sh603906,龙蟠科技,18.02,-0.16,-0.88,18.01,18.02,18.18,18.17,18.18,17.85,7216466.0,129564652.0,15:34:59,2026-09-23
sh603908,牧高笛,19.5,-0.04,-0.205,19.45,19.5,19.54,19.46,19.8,19.22,1425680.0,27822601.0,15:00:00,2026-09-23
sh603909,建发合诚,9.89,0.06,0.61,9.88,9.89,9.83,9.79,9.93,9.65,1952382.0,19183856.0,15:34:59,2026-09-23
sh603912,佳力图,9.13,0.32,3.632,9.12,9.13,8.81,8.87,9.16,8.73,18862181.0,169083134.0,15:34:59,2026-09-23
sh603915,国茂股份,13.18,-0.08,-0.603,13.18,13.2,13.26,13.29,13.35,13.17,4336100.0,57460328.0,15:00:00,2026-09-23
sh603916,苏博特,10.68,-0.11,-1.019,10.67,10.68,10.79,10.72,10.85,10.66,4207200.0,45246393.0,15:34:59,2026-09-23
sh603917,合力科技,14.35,-0.01,-0.07,14.33,14.35,14.36,14.38,14.5,14.12,3397466.0,48737170.0,15:00:02,2026-09-23
sh603918,金桥信息,10.56,-0.43,-3.913,10.56,10.57,10.99,10.9,10.96,10.54,11355394.0,121069045.0,15:34:59,2026-09-23
sh603919,金徽酒,16.33,-0.38,-2.274,16.33,16.34,16.71,16.7,17.05,16.32,7014500.0,116866216.0,15:34:59,2026-09-23
sh603920,世运电路,45.96,-0.19,-0.412,45.96,45.97,46.15,45.99,46.73,45.3,28891161.0,1328717724.0,15:34:59,2026-09-23
sh603922,ST金鸿顺,12.7,0.04,0.316,12.65,12.7,12.66,12.63,12.85,12.51,664800.0,8412698.0,15:00:00,2026-09-23
sh603926,铁流股份,17.58,0.09,0.515,17.57,17.58,17.49,17.58,17.66,17.3,2473600.0,43269513.0,15:00:00,2026-09-23
sh603927,中科软,13.79,-0.19,-1.359,13.79,13.81,13.98,13.96,14.01,13.79,4924313.0,68302404.0,15:00:00,2026-09-23
sh603928,XD兴业股份,12.32,0.27,2.241,12.32,12.33,12.05,11.97,12.46,11.97,10883290.0,133058676.0,15:34:59,2026-09-23
sh603929,亚翔集成,158.73,-1.14,-0.713,158.7,158.73,159.87,161.04,161.49,158.1,2259691.0,359869496.0,15:34:59,2026-09-23
sh603931,格林达,36.69,0.78,2.172,36.59,36.69,35.91,35.91,36.85,35.82,4149500.0,151192157.0,15:34:59,2026-09-23
sh603933,睿能科技,19.4,-0.1,-0.513,19.4,19.43,19.5,19.4,19.65,19.25,3137000.0,60954435.0,15:34:59,2026-09-23
sh603936,博敏电子,22.23,-0.39,-1.724,22.22,22.23,22.62,22.62,22.77,21.94,65586476.0,1458820969.0,15:34:59,2026-09-23
sh603937,丽岛新材,12.97,1.18,10.008,12.97,0.0,11.79,11.83,12.97,11.65,10682010.0,133715694.0,15:34:59,2026-09-23
sh603938,三孚股份,51.5,2.25,4.569,51.49,51.5,49.25,49.88,51.55,49.5,31998989.0,1630236180.0,15:34:59,2026-09-23
sh603939,益丰药房,22.09,-0.11,-0.495,22.09,22.13,22.2,22.21,22.34,22.05,3901820.0,86569418.0,15:34:59,2026-09-23
sh603948,建业股份,19.6,-0.05,-0.254,19.59,19.63,19.65,19.68,19.87,19.55,976900.0,19209963.0,15:34:59,2026-09-23
sh603949,雪龙集团,15.36,1.4,10.029,15.36,0.0,13.96,13.91,15.36,13.8,3888094.0,58430518.0,15:00:02,2026-09-23
sh603950,长源东谷,58.59,-0.53,-0.896,58.59,58.6,59.12,59.7,59.88,58.58,3623722.0,214565853.0,15:34:59,2026-09-23
sh603955,大千生态,24.8,-0.05,-0.201,24.79,24.8,24.85,25.35,25.51,24.53,3177300.0,79594769.0,15:00:00,2026-09-23
sh603956,威派格,7.11,-0.15,-2.066,7.1,7.11,7.26,7.24,7.39,7.07,18067565.0,129252973.0,15:34:59,2026-09-23
sh603958,哈森股份,18.93,0.4,2.159,18.93,18.94,18.53,18.57,19.37,18.18,17208678.0,324822111.0,15:34:59,2026-09-23
sh603959,ST百利,4.39,-0.08,-1.79,4.39,4.4,4.47,4.45,4.48,4.39,3518400.0,15553111.0,15:00:00,2026-09-23
sh603960,克来机电,18.23,-1.25,-6.417,18.23,18.24,19.48,19.29,19.88,18.07,15871591.0,294470803.0,15:34:59,2026-09-23
sh603966,法兰泰克,7.67,0.12,1.589,7.67,7.68,7.55,7.55,7.8,7.43,10283411.0,78515061.0,15:34:59,2026-09-23
sh603967,中创物流,11.54,-0.13,-1.114,11.54,11.55,11.67,11.67,11.72,11.52,1262100.0,14642888.0,15:00:02,2026-09-23
sh603968,醋化股份,10.63,-0.38,-3.451,10.63,10.64,11.01,10.91,10.96,10.61,6531250.0,70074589.0,15:00:01,2026-09-23
sh603969,银龙股份,7.53,0.04,0.534,7.53,7.54,7.49,7.53,7.63,7.45,7077810.0,53479328.0,15:34:59,2026-09-23
sh603970,中农立华,11.06,-0.09,-0.807,11.06,11.07,11.15,11.1,11.19,10.97,1812100.0,20062064.0,15:00:00,2026-09-23
sh603976,正川股份,32.9,0.84,2.62,32.88,32.9,32.06,31.94,33.3,31.1,6012452.0,194075297.0,15:34:59,2026-09-23
sh603977,国泰集团,11.26,-0.17,-1.487,11.26,11.27,11.43,11.4,11.42,11.25,3129500.0,35426557.0,15:34:59,2026-09-23
sh603978,深圳新星,25.72,-0.48,-1.832,25.72,25.73,26.2,26.21,26.45,25.26,21838844.0,563940474.0,15:34:59,2026-09-23
sh603979,金诚信,76.04,1.16,1.549,76.04,76.09,74.88,75.65,76.9,74.99,3590194.0,273066508.0,15:34:59,2026-09-23
sh603980,吉华集团,8.68,-0.27,-3.017,8.68,8.69,8.95,8.95,9.08,8.61,58517680.0,515183666.0,15:34:59,2026-09-23
sh603982,泉峰汽车,6.33,0.04,0.636,6.32,6.33,6.29,6.26,6.47,6.25,4478138.0,28415608.0,15:00:01,2026-09-23
sh603983,丸美生物,31.08,-0.96,-2.996,31.08,31.09,32.04,32.03,32.2,30.64,4792294.0,150422347.0,15:00:00,2026-09-23
sh603985,恒润股份,17.07,-0.08,-0.466,17.07,17.08,17.15,17.18,17.26,16.86,6997100.0,119450037.0,15:34:59,2026-09-23
sh603986,兆易创新,398.72,-3.38,-0.841,398.71,398.72,402.1,406.3,408.06,397.44,26195721.0,10521759467.0,15:34:59,2026-09-23
sh603987,康德莱,7.57,-0.05,-0.656,7.57,7.58,7.62,7.64,7.64,7.55,2320700.0,17620869.0,15:00:00,2026-09-23
sh603988,中电电机,17.94,-0.24,-1.32,17.93,17.94,18.18,18.28,18.28,17.91,2641570.0,47547775.0,15:00:00,2026-09-23
sh603989,艾华集团,33.27,-0.88,-2.577,33.27,33.28,34.15,33.7,34.07,33.03,19670002.0,656433550.0,15:34:59,2026-09-23
sh603990,麦迪科技,19.34,-0.57,-2.863,19.34,19.35,19.91,20.0,20.08,19.29,18382708.0,359099181.0,15:34:59,2026-09-23
sh603991,领先股份,185.57,16.87,10.0,185.57,0.0,168.7,169.51,185.57,165.71,5369833.0,959033607.0,15:34:59,2026-09-23
sh603992,松霖科技,20.3,-0.11,-0.539,20.3,20.31,20.41,20.38,20.5,20.13,2241700.0,45608408.0,15:00:00,2026-09-23
sh603993,洛阳钼业,17.66,-0.15,-0.842,17.66,17.67,17.81,18.0,18.02,17.51,120591537.0,2135568609.0,15:34:59,2026-09-23
sh603995,甬金股份,25.7,-0.25,-0.963,25.69,25.7,25.95,25.95,26.32,25.63,3159044.0,81985188.0,15:00:00,2026-09-23
sh603997,继峰股份,14.33,0.22,1.559,14.32,14.33,14.11,14.29,14.42,13.83,29426726.0,418205173.0,15:34:59,2026-09-23
sh603998,方盛制药,10.45,-0.07,-0.665,10.44,10.45,10.52,10.46,10.56,10.43,6443600.0,67542809.0,15:34:59,2026-09-23
sh603999,读者传媒,6.46,-0.36,-5.279,6.45,6.46,6.82,6.7,6.77,6.41,22825840.0,149179755.0,15:34:59,2026-09-23
sh605001,威奥股份,5.79,-0.02,-0.344,5.79,5.82,5.81,5.88,5.88,5.75,3840370.0,22265518.0,15:00:02,2026-09-23
sh605003,众望布艺,24.9,0.18,0.728,24.89,24.9,24.72,24.8,25.2,24.44,1558000.0,38637505.0,15:00:01,2026-09-23
sh605005,合兴股份,16.23,-0.12,-0.734,16.23,16.24,16.35,16.26,16.35,16.16,711500.0,11570756.0,15:00:00,2026-09-23
sh605006,山东玻纤,16.79,-0.67,-3.837,16.79,16.8,17.46,17.15,17.41,16.61,44182092.0,749027228.0,15:34:59,2026-09-23
sh605007,五洲特纸,15.16,-0.05,-0.329,15.16,15.2,15.21,15.22,15.35,15.14,2063096.0,31438351.0,15:00:00,2026-09-23
sh605008,长鸿高科,14.25,-0.01,-0.07,14.24,14.25,14.26,14.28,14.35,14.11,1395800.0,19873456.0,15:00:00,2026-09-23
sh605009,豪悦护理,24.82,0.01,0.04,24.79,24.82,24.81,24.82,25.15,24.68,806039.0,20098703.0,15:00:01,2026-09-23
sh605011,杭州热电,17.58,-0.74,-4.039,17.58,17.59,18.32,18.2,18.46,17.55,7330757.0,130351486.0,15:34:59,2026-09-23
sh605016,百龙创园,21.55,1.02,4.968,21.54,21.55,20.53,20.53,21.77,20.47,5175529.0,110344737.0,15:00:02,2026-09-23
sh605018,长华集团,11.58,-0.37,-3.096,11.57,11.58,11.95,11.86,11.9,11.53,3368000.0,39289848.0,15:34:59,2026-09-23
sh605020,永和股份,31.77,0.51,1.631,31.77,31.78,31.26,31.39,32.01,31.03,5640080.0,177914014.0,15:34:59,2026-09-23
sh605028,世茂能源,24.7,1.25,5.33,24.7,24.71,23.45,23.4,25.18,23.25,3302531.0,80636970.0,15:34:59,2026-09-23
sh605033,美邦股份,19.53,-0.43,-2.154,19.53,19.54,19.96,19.94,19.94,19.51,2042899.0,40022875.0,15:34:59,2026-09-23
sh605050,福然德,10.1,-0.1,-0.98,10.1,10.14,10.2,10.18,10.2,10.08,959100.0,9717910.0,15:00:00,2026-09-23
sh605055,迎丰股份,8.77,-0.24,-2.664,8.76,8.77,9.01,9.07,9.07,8.71,4388000.0,38663277.0,15:00:01,2026-09-23
sh605056,咸亨国际,14.0,-0.29,-2.029,14.0,14.01,14.29,14.35,14.4,13.91,11642300.0,164111876.0,15:34:59,2026-09-23
sh605058,澳弘电子,58.6,5.33,10.006,58.6,0.0,53.27,52.63,58.6,52.47,21897816.0,1243558857.0,15:34:59,2026-09-23
sh605060,联德股份,40.44,0.57,1.43,40.44,40.45,39.87,39.87,41.08,39.74,3551100.0,143798978.0,15:34:59,2026-09-23
sh605066,天正电气,6.75,-0.08,-1.171,6.74,6.75,6.83,6.83,6.84,6.73,3892775.0,26308678.0,15:00:00,2026-09-23
sh605068,明新旭腾,20.88,0.18,0.87,20.88,20.9,20.7,20.52,21.71,20.44,7495700.0,158232926.0,15:34:59,2026-09-23
sh605069,正和生态,11.64,-0.51,-4.198,11.63,11.64,12.15,11.81,12.04,11.47,12946030.0,151283256.0,15:34:59,2026-09-23
sh605077,华康股份,11.88,0.11,0.935,11.87,11.88,11.77,11.73,12.04,11.54,13158892.0,155590653.0,15:34:59,2026-09-23
sh605080,浙江自然,23.02,0.2,0.876,23.02,23.03,22.82,22.8,23.29,22.6,1138800.0,26246657.0,15:00:01,2026-09-23
sh605086,龙高股份,23.76,0.11,0.465,23.76,23.78,23.65,23.64,24.05,23.54,916300.0,21778126.0,15:00:02,2026-09-23
sh605088,冠盛股份,25.91,1.3,5.282,25.91,25.92,24.61,24.85,27.07,24.4,26354982.0,675847887.0,15:34:59,2026-09-23
sh605089,味知香,20.83,-0.29,-1.373,20.69,20.83,21.12,21.01,21.41,20.66,1096538.0,22932059.0,15:00:01,2026-09-23
sh605090,九丰能源,31.79,-0.7,-2.155,31.79,31.8,32.49,32.49,32.54,31.75,6095122.0,194902035.0,15:34:59,2026-09-23
sh605098,行动教育,53.4,0.16,0.301,53.27,53.4,53.24,53.22,54.19,52.76,710700.0,38037951.0,15:00:00,2026-09-23
sh605099,共创草坪,29.08,-0.19,-0.649,29.08,29.11,29.27,29.32,29.32,28.92,762999.0,22172622.0,15:34:59,2026-09-23
sh605100,华丰股份,34.86,0.57,1.662,34.86,34.87,34.29,34.05,35.18,34.04,4451802.0,154429902.0,15:34:59,2026-09-23
sh605108,同庆楼,12.3,0.05,0.408,12.29,12.3,12.25,12.25,12.59,12.14,2922472.0,36090715.0,15:00:01,2026-09-23
sh605111,新洁能,62.38,1.93,3.193,62.38,62.39,60.45,60.62,63.75,60.16,19507337.0,1213056289.0,15:34:59,2026-09-23
sh605116,奥锐特,19.96,-0.12,-0.598,19.95,19.96,20.08,20.03,20.23,19.95,1452400.0,29153395.0,15:34:59,2026-09-23
sh605117,德业股份,78.01,-4.37,-5.305,78.01,78.04,82.38,82.35,82.39,76.25,24191040.0,1905211638.0,15:34:59,2026-09-23
sh605118,力鼎光电,34.54,0.4,1.172,34.54,34.55,34.14,34.15,34.8,33.44,6993899.0,239221318.0,15:34:59,2026-09-23
sh605122,四方新材,12.2,0.26,2.178,12.2,12.22,11.94,11.88,12.39,11.78,3763900.0,45906538.0,15:34:59,2026-09-23
sh605123,派克新材,81.6,0.85,1.053,81.56,81.6,80.75,80.95,82.12,80.11,1100910.0,89351657.0,15:00:00,2026-09-23
sh605128,上海沿浦,23.86,0.97,4.238,23.85,23.86,22.89,23.0,24.38,22.74,7665955.0,183094693.0,15:34:59,2026-09-23
sh605133,嵘泰股份,24.75,0.17,0.692,24.75,24.78,24.58,24.69,25.13,24.11,4730160.0,116340125.0,15:34:59,2026-09-23
sh605136,丽人丽妆,8.43,-0.19,-2.204,8.42,8.43,8.62,8.58,8.59,8.4,5580400.0,47256700.0,15:00:02,2026-09-23
sh605138,盛泰集团,6.21,0.06,0.976,6.2,6.21,6.15,6.14,6.21,6.06,2650200.0,16217825.0,15:34:59,2026-09-23
sh605151,西上海,18.68,0.25,1.356,18.65,18.68,18.43,18.44,18.78,18.32,1230900.0,22883913.0,15:34:59,2026-09-23
sh605155,西大门,14.46,-0.18,-1.23,14.46,14.47,14.64,14.6,14.73,14.45,1114827.0,16210118.0,15:00:01,2026-09-23
sh605158,华达新材,7.77,0.01,0.129,7.76,7.77,7.76,7.72,7.82,7.64,3958010.0,30719086.0,15:00:00,2026-09-23
sh605162,新中港,12.41,0.59,4.992,12.41,12.42,11.82,11.8,12.61,11.56,50091248.0,612385367.0,15:34:59,2026-09-23
sh605166,聚合顺,8.8,0.09,1.033,8.8,8.81,8.71,8.72,8.87,8.61,3251100.0,28404778.0,15:34:59,2026-09-23
sh605167,利柏特,16.16,-0.28,-1.703,16.16,16.18,16.44,16.46,16.57,16.1,4294682.0,69713433.0,15:34:59,2026-09-23
sh605168,三人行,53.73,-2.45,-4.361,53.73,53.74,56.18,56.43,57.2,53.65,6180824.0,340286170.0,15:34:59,2026-09-23
sh605169,洪通燃气,12.95,-0.05,-0.385,12.94,12.95,13.0,12.95,12.98,12.73,2389702.0,30822149.0,15:00:00,2026-09-23
sh605177,东亚药业,24.89,0.19,0.769,24.89,24.91,24.7,24.68,25.87,24.25,8087300.0,203292762.0,15:34:59,2026-09-23
sh605178,时空科技,73.9,-0.89,-1.19,73.85,73.9,74.79,76.8,77.54,71.05,8117240.0,590727449.0,15:34:59,2026-09-23
sh605179,一鸣食品,27.09,-2.95,-9.82,27.09,27.1,30.04,29.3,31.48,27.04,42787527.0,1244307672.0,15:34:59,2026-09-23
sh605180,华生科技,13.69,-0.24,-1.723,13.69,13.72,13.93,13.87,14.05,13.56,2735000.0,37662550.0,15:00:01,2026-09-23
sh605183,确成股份,16.46,0.2,1.23,16.45,16.46,16.26,16.26,16.6,16.12,1797700.0,29608903.0,15:34:59,2026-09-23
sh605186,健麾信息,26.72,-0.39,-1.439,26.72,26.76,27.11,27.11,27.71,26.7,2555500.0,69031625.0,15:34:59,2026-09-23
sh605188,国光连锁,12.97,-0.3,-2.261,12.97,12.98,13.27,13.23,13.23,12.92,10135999.0,132118530.0,15:34:59,2026-09-23
sh605189,富春染织,14.15,0.1,0.712,14.15,14.16,14.05,13.96,14.34,13.9,5597255.0,79198809.0,15:34:59,2026-09-23
sh605196,华通线缆,36.73,1.22,3.436,36.68,36.73,35.51,35.5,36.87,35.0,16625700.0,598317444.0,15:34:59,2026-09-23
sh605198,安德利,70.51,-0.18,-0.255,70.51,70.57,70.69,71.8,72.71,69.98,5476660.0,389076785.0,15:34:59,2026-09-23
sh605199,ST葫芦娃,5.85,0.03,0.515,5.83,5.85,5.82,5.8,5.87,5.8,715300.0,4180152.0,15:00:00,2026-09-23
sh605208,永茂泰,14.99,0.1,0.672,14.99,15.0,14.89,14.89,15.14,14.62,8690330.0,130120531.0,15:34:59,2026-09-23
sh605218,伟时电子,14.9,-1.04,-6.524,14.89,14.9,15.94,15.46,15.46,14.74,23118754.0,346570143.0,15:34:59,2026-09-23
sh605222,起帆电缆,22.63,-0.05,-0.22,22.63,22.64,22.68,22.68,22.82,22.16,5389757.0,121073168.0,15:34:59,2026-09-23
sh605228,神通科技,11.39,0.27,2.428,11.38,11.39,11.12,11.18,11.41,11.04,5591900.0,63290270.0,15:00:02,2026-09-23
sh605255,天普股份,60.07,-1.49,-2.42,60.07,60.14,61.56,61.55,62.6,60.07,737169.0,45053823.0,15:00:00,2026-09-23
sh605258,协和电子,43.65,1.49,3.534,43.65,43.66,42.16,43.02,45.77,42.39,14435364.0,630360609.0,15:34:59,2026-09-23
sh605259,绿田机械,17.61,0.08,0.456,17.56,17.61,17.53,17.62,17.66,17.37,438100.0,7696518.0,15:00:01,2026-09-23
sh605266,健之佳,15.76,0.0,0.0,15.76,15.77,15.76,15.82,15.82,15.66,1024380.0,16107079.0,15:00:00,2026-09-23
sh605268,王力安防,10.33,0.46,4.661,10.33,10.34,9.87,9.87,10.86,9.81,19368213.0,204224339.0,15:34:59,2026-09-23
sh605277,新亚电子,17.43,-0.21,-1.19,17.43,17.44,17.64,17.64,17.79,17.28,8580128.0,149834488.0,15:34:59,2026-09-23
sh605286,同力天启,25.3,-0.32,-1.249,25.3,25.31,25.62,25.8,25.85,25.06,2130300.0,53922956.0,15:34:59,2026-09-23
sh605287,德才股份,36.25,-0.22,-0.603,36.25,36.26,36.47,36.53,36.61,35.96,1319300.0,47776671.0,15:00:02,2026-09-23
sh605288,凯迪股份,67.92,-0.33,-0.484,67.92,67.97,68.25,68.1,71.11,67.7,1752912.0,120824734.0,15:34:59,2026-09-23
sh605289,罗曼股份,102.14,-0.44,-0.429,102.14,102.15,102.58,102.58,103.35,101.36,1446260.0,147543719.0,15:34:59,2026-09-23
sh605296,神农集团,33.6,-0.53,-1.553,33.59,33.63,34.13,33.9,34.14,33.33,1982770.0,66907466.0,15:00:01,2026-09-23
sh605298,必得科技,45.61,1.73,3.943,45.6,45.61,43.88,43.68,45.97,43.39,1269611.0,56933003.0,15:00:00,2026-09-23
sh605299,舒华体育,12.41,-0.21,-1.664,12.41,12.42,12.62,12.55,12.6,12.34,7150193.0,88775492.0,15:34:59,2026-09-23
sh605300,佳禾食品,10.46,-0.12,-1.134,10.46,10.47,10.58,10.56,10.69,10.44,5054289.0,53237669.0,15:34:59,2026-09-23
sh605303,园林股份,23.68,0.0,0.0,0.0,0.0,23.68,0.0,0.0,0.0,0.0,0.0,15:35:34,2026-09-23
sh605305,中际联合,30.73,-0.2,-0.647,30.72,30.73,30.93,31.16,31.16,30.71,2178993.0,67052723.0,15:34:59,2026-09-23
sh605318,法狮龙,79.68,1.43,1.827,79.68,79.7,78.25,77.76,81.49,77.76,1107600.0,88441497.0,15:34:59,2026-09-23
sh605319,无锡振华,23.16,-0.44,-1.864,23.16,23.17,23.6,23.5,23.76,23.02,3205798.0,74678523.0,15:00:02,2026-09-23
sh605333,沪光股份,16.93,0.33,1.988,16.93,16.94,16.6,16.66,16.98,16.53,2202899.0,37022662.0,15:34:59,2026-09-23
sh605336,*ST帅电,11.63,-0.12,-1.021,11.63,11.72,11.75,11.62,11.9,11.6,763100.0,8955099.0,15:00:00,2026-09-23
sh605337,李子园,9.03,-0.1,-1.095,9.03,9.04,9.13,9.13,9.19,9.03,2075770.0,18873212.0,15:00:01,2026-09-23
sh605338,巴比食品,17.78,-0.15,-0.837,17.77,17.78,17.93,17.9,18.06,17.73,1249400.0,22300578.0,15:00:01,2026-09-23
sh605339,南侨食品,13.04,-0.15,-1.137,13.04,13.05,13.19,13.18,13.24,13.0,830700.0,10888835.0,15:00:01,2026-09-23
sh605358,立昂微,48.03,1.13,2.409,48.02,48.03,46.9,47.28,48.65,46.28,43133053.0,2053911412.0,15:34:59,2026-09-23
sh605365,立达信,14.46,-0.18,-1.23,14.45,14.46,14.64,14.58,14.68,14.36,4531900.0,65771119.0,15:34:59,2026-09-23
sh605366,宏柏新材,8.75,0.13,1.508,8.74,8.75,8.62,8.59,9.18,8.53,46155785.0,409249793.0,15:34:59,2026-09-23
sh605368,蓝天燃气,6.71,0.02,0.299,6.69,6.71,6.69,6.69,6.77,6.65,2568000.0,17236954.0,15:00:01,2026-09-23
sh605369,拱东医疗,17.96,0.3,1.699,17.96,17.97,17.66,17.57,18.06,17.51,1959044.0,34971219.0,15:34:59,2026-09-23
sh605376,博迁新材,139.15,-2.18,-1.542,139.15,139.16,141.33,140.76,143.76,137.8,14670860.0,2053179899.0,15:34:59,2026-09-23
sh605377,华旺科技,8.14,-0.05,-0.611,8.14,8.15,8.19,8.17,8.24,8.1,3940755.0,32196875.0,15:34:59,2026-09-23
sh605378,野马电池,15.07,-0.13,-0.855,15.06,15.07,15.2,15.21,15.21,14.88,3349280.0,50290451.0,15:34:59,2026-09-23
sh605388,均瑶健康,6.14,-0.13,-2.073,6.14,6.15,6.27,6.21,6.31,6.13,12678920.0,78691555.0,15:34:59,2026-09-23
sh605389,长龄液压,65.98,-0.78,-1.168,65.96,65.98,66.76,66.76,67.34,65.89,456450.0,30312862.0,15:00:00,2026-09-23
sh605398,新炬网络,22.66,-0.97,-4.105,22.66,22.68,23.63,23.6,23.6,22.51,9739379.0,222644442.0,15:34:59,2026-09-23
sh605399,晨光新材,11.56,0.13,1.137,11.56,11.58,11.43,11.45,11.67,11.31,2816800.0,32628766.0,15:00:01,2026-09-23
sh605488,福莱新材,31.01,1.01,3.367,31.01,31.02,30.0,29.93,31.19,29.61,7734672.0,236228961.0,15:34:59,2026-09-23
sh605499,东鹏饮料,114.45,-1.0,-0.866,114.44,114.45,115.45,115.45,116.45,113.66,3520623.0,404045095.0,15:34:59,2026-09-23
sh605500,森林包装,7.42,-0.03,-0.403,7.42,7.43,7.45,7.49,7.49,7.38,2818500.0,20951359.0,15:00:01,2026-09-23
sh605507,国邦医药,18.83,0.57,3.122,18.83,18.84,18.26,18.29,18.88,18.21,16231634.0,301817193.0,15:34:59,2026-09-23
sh605555,德昌股份,12.63,-0.22,-1.712,12.61,12.63,12.85,12.77,12.85,12.53,2889917.0,36616047.0,15:00:02,2026-09-23
sh605566,福莱蒽特,33.32,1.66,5.243,33.32,33.33,31.66,31.52,33.76,31.08,9845039.0,316899257.0,15:34:59,2026-09-23
sh605567,春雪食品,9.42,-0.01,-0.106,9.41,9.42,9.43,9.43,9.48,9.31,2627700.0,24692241.0,15:34:59,2026-09-23
sh605577,龙版传媒,15.92,-1.77,-10.006,0.0,15.92,17.69,17.01,17.29,15.92,26757779.0,440713229.0,15:34:59,2026-09-23
sh605580,恒盛能源,22.86,0.21,0.927,22.86,22.87,22.65,22.5,23.4,22.31,13158728.0,301073397.0,15:34:59,2026-09-23
sh605588,冠石科技,48.37,1.16,2.457,48.37,48.38,47.21,47.03,49.19,47.03,1702340.0,81984255.0,15:34:59,2026-09-23
sh605589,圣泉集团,41.23,0.65,1.602,41.22,41.23,40.58,40.34,41.65,40.34,30186154.0,1243207746.0,15:34:59,2026-09-23
sh605598,上海港湾,24.7,-0.34,-1.358,24.7,24.75,25.04,25.3,25.3,24.7,1710900.0,42505614.0,15:00:01,2026-09-23
sh605599,菜百股份,13.8,-0.2,-1.429,13.8,13.81,14.0,14.0,14.1,13.66,4629046.0,63987931.0,15:00:02,2026-09-23
sh688001,苏州华兴源创科技,70.74,-2.62,-3.571,70.74,70.78,73.36,73.14,76.26,70.36,15332364.0,1115270476.0,15:34:59,2026-09-23
sh688002,睿创微纳,184.06,-2.74,-1.467,184.06,184.12,186.8,186.88,187.99,182.2,5225733.0,965081794.0,15:34:59,2026-09-23
sh688003,天准科技,82.8,0.95,1.161,82.8,82.88,81.85,82.3,84.37,81.36,3875830.0,321574836.0,15:34:59,2026-09-23
sh688004,北京博汇科技,33.5,-1.24,-3.569,33.5,33.51,34.74,34.7,34.95,33.01,12271875.0,414119056.0,15:34:59,2026-09-23
sh688005,容百科技,23.85,-0.04,-0.167,23.85,23.86,23.89,23.89,23.99,23.7,5267936.0,125594894.0,15:34:59,2026-09-23
sh688006,浙江杭可科技,21.2,0.18,0.856,21.19,21.2,21.02,21.1,21.28,20.9,6209810.0,130982628.0,15:34:59,2026-09-23
sh688007,光峰科技,11.19,-0.03,-0.267,11.18,11.19,11.22,11.2,11.35,11.06,8945170.0,100069308.0,15:34:59,2026-09-23
sh688008,澜起科技,223.37,1.54,0.694,223.37,223.38,221.83,225.5,230.0,223.0,35364117.0,7987384308.0,15:34:59,2026-09-23
sh688009,中国通号,4.66,-0.02,-0.427,4.66,4.67,4.68,4.69,4.69,4.65,13727333.0,64054034.0,15:34:59,2026-09-23
sh688010,福光股份,28.71,0.64,2.28,28.71,28.72,28.07,28.08,29.25,27.91,4861414.0,139744907.0,15:34:59,2026-09-23
sh688011,新光光电科技股份,73.57,-2.44,-3.21,73.57,73.58,76.01,75.29,77.1,73.45,3337085.0,249091310.0,15:00:01,2026-09-23
sh688012,中微半导体设备,349.35,-0.71,-0.203,349.32,349.35,350.06,350.23,354.55,347.03,8627344.0,3018035750.0,15:34:59,2026-09-23
sh688013,天臣国际医疗科技,25.37,0.67,2.713,25.36,25.37,24.7,24.6,25.73,24.18,1856732.0,46427289.0,15:00:01,2026-09-23
sh688015,交控科技,16.83,0.08,0.478,16.83,16.85,16.75,16.59,16.92,16.59,1307336.0,21942607.0,15:00:01,2026-09-23
sh688016,心脉医疗,86.24,0.66,0.771,86.24,86.25,85.58,85.98,86.55,85.5,882463.0,76103847.0,15:00:01,2026-09-23
sh688017,绿的谐波,286.9,-2.01,-0.696,286.9,287.0,288.91,290.0,291.45,285.51,3075441.0,883235314.0,15:34:59,2026-09-23
sh688018,乐鑫科技,122.23,-1.37,-1.108,122.22,122.23,123.6,123.95,124.88,120.96,6655644.0,818846900.0,15:34:59,2026-09-23
sh688019,安集科技,232.4,-0.48,-0.206,232.4,232.44,232.88,233.33,234.82,231.11,3338971.0,776095119.0,15:34:59,2026-09-23
sh688020,方邦股份,157.62,1.32,0.845,157.62,157.66,156.3,157.52,163.5,156.57,4327072.0,691148731.0,15:00:01,2026-09-23
sh688021,奥福科技,20.36,0.34,1.698,20.33,20.36,20.02,20.08,20.49,19.76,1032975.0,20826498.0,15:00:01,2026-09-23
sh688022,ST瀚川智能,8.9,0.0,0.0,8.9,8.91,8.9,8.85,9.12,8.85,1821390.0,16350757.0,15:00:01,2026-09-23
sh688023,安恒信息,47.44,-1.45,-2.966,47.42,47.44,48.89,48.02,49.37,47.16,3405363.0,162544897.0,15:00:01,2026-09-23
sh688025,杰普特光电,449.79,9.68,2.199,449.79,449.8,440.11,440.0,457.83,433.23,2286598.0,1020244663.0,15:34:59,2026-09-23
sh688026,洁特生物股份,27.78,0.75,2.775,27.76,27.78,27.03,27.3,28.33,26.63,15210690.0,417794365.0,15:34:59,2026-09-23
sh688027,科大国盾量子,387.84,31.96,8.981,387.84,387.87,355.88,363.6,391.6,357.5,4393077.0,1657285350.0,15:34:59,2026-09-23
sh688028,沃尔德金刚石,130.14,5.92,4.766,130.14,130.16,124.22,124.13,135.55,124.13,12112196.0,1578459234.0,15:34:59,2026-09-23
sh688029,南微医学科技,84.9,-0.33,-0.387,84.9,84.97,85.23,84.89,86.76,84.26,1568926.0,133935913.0,15:00:01,2026-09-23
sh688030,山石网科,19.0,-0.44,-2.263,18.99,19.0,19.44,19.32,19.5,18.9,4404730.0,84089640.0,15:34:59,2026-09-23
sh688031,星环科技,109.0,-2.31,-2.075,108.99,109.0,111.31,110.53,112.5,108.0,5157874.0,564859337.0,15:34:59,2026-09-23
sh688032,禾迈股份,70.33,0.41,0.586,70.33,70.4,69.92,69.92,71.12,69.45,603659.0,42619244.0,15:00:01,2026-09-23
sh688033,*ST天宜新材,7.35,0.06,0.823,7.34,7.35,7.29,7.33,7.37,7.23,2001457.0,14645245.0,15:34:59,2026-09-23
sh688035,德邦科技股份,84.54,1.92,2.324,84.54,84.6,82.62,83.0,88.0,82.0,8782591.0,745912399.0,15:00:00,2026-09-23
sh688036,传音控股,55.65,-1.15,-2.025,55.64,55.65,56.8,56.6,56.7,54.9,8254886.0,458935276.0,15:34:59,2026-09-23
sh688037,芯源微电子,351.57,-9.93,-2.747,351.53,351.57,361.5,366.03,366.03,350.0,2863871.0,1016462335.0,15:00:02,2026-09-23
sh688038,武汉中科通达,19.57,-0.16,-0.811,19.54,19.57,19.73,19.65,19.84,19.38,1174716.0,22939700.0,15:00:01,2026-09-23
sh688039,当虹科技,33.39,-0.73,-2.14,33.39,33.4,34.12,34.12,34.48,33.33,1822836.0,61138732.0,15:34:59,2026-09-23
sh688041,海光信息,251.66,-4.34,-1.695,251.66,251.68,256.0,258.5,259.8,251.38,19508103.0,4965873506.0,15:34:59,2026-09-23
sh688045,必易微电子,62.2,1.97,3.271,62.19,62.2,60.23,60.44,62.7,60.2,1727574.0,106339768.0,15:34:59,2026-09-23
sh688046,药康生物,38.61,0.88,2.332,38.61,38.62,37.73,37.72,40.3,37.08,12226088.0,473451289.0,15:34:59,2026-09-23
sh688047,龙芯中科,105.85,-1.25,-1.167,105.85,105.86,107.1,107.61,108.3,105.22,4867731.0,516708658.0,15:34:59,2026-09-23
sh688048,长光华芯,348.9,-2.99,-0.85,348.74,348.9,351.89,357.0,358.9,346.01,6941189.0,2438430413.0,15:34:59,2026-09-23
sh688049,炬芯科技,46.11,1.13,2.512,46.11,46.12,44.98,45.25,46.85,44.76,12922635.0,595446904.0,15:34:59,2026-09-23
sh688050,爱博诺德医疗,39.41,0.46,1.181,39.4,39.41,38.95,38.86,39.85,38.68,2135172.0,84174842.0,15:34:59,2026-09-23
sh688051,罗克佳华科技,25.55,-0.69,-2.63,25.54,25.55,26.24,26.44,27.57,25.55,2233594.0,58212702.0,15:00:01,2026-09-23
sh688052,纳芯微电子,254.29,-1.21,-0.474,254.0,254.29,255.5,258.44,258.44,252.3,1493046.0,380860437.0,15:00:01,2026-09-23
sh688053,ST思科瑞微电子,39.8,-0.25,-0.624,39.8,39.82,40.05,40.05,40.21,39.5,434708.0,17301139.0,15:00:01,2026-09-23
sh688055,昆山龙腾光电,3.8,0.02,0.529,3.79,3.8,3.78,3.78,3.86,3.77,8581354.0,32723718.0,15:00:02,2026-09-23
sh688056,莱伯泰科仪器,52.92,8.82,20.0,52.92,0.0,44.1,44.09,52.92,44.09,2606154.0,127254776.0,15:00:00,2026-09-23
sh688057,金达莱环保,19.56,1.31,7.178,19.55,19.56,18.25,18.16,19.61,17.6,7940789.0,149267144.0,15:34:59,2026-09-23
sh688058,宝兰德软件,25.72,-0.25,-0.963,25.65,25.72,25.97,25.84,26.0,25.51,1207541.0,31022382.0,15:34:59,2026-09-23
sh688059,株洲华锐精密,91.02,0.87,0.965,91.02,91.03,90.15,91.61,92.0,88.61,2415277.0,219364019.0,15:34:59,2026-09-23
sh688060,江苏云涌电子科技,38.08,-0.12,-0.314,38.08,38.15,38.2,38.27,38.44,37.56,414533.0,15779546.0,15:00:01,2026-09-23
sh688061,灿瑞科技,47.5,2.05,4.51,47.49,47.5,45.45,46.2,48.81,45.36,3413714.0,161000795.0,15:00:01,2026-09-23
sh688062,迈威生物,27.8,-0.4,-1.418,27.8,27.85,28.2,28.26,28.3,27.57,5905774.0,164994111.0,15:00:01,2026-09-23
sh688063,派能科技,41.33,-0.34,-0.816,41.32,41.33,41.67,41.59,41.97,41.3,3165513.0,131453887.0,15:00:02,2026-09-23
sh688065,凯赛生物,39.32,0.72,1.865,39.32,39.33,38.6,38.7,39.69,38.51,4190371.0,164547633.0,15:34:59,2026-09-23
sh688066,*ST航天宏图,8.18,-0.32,-3.765,8.13,8.18,8.5,8.0,8.2,7.97,15376107.0,124568268.0,15:34:59,2026-09-23
sh688067,爱威科技,24.02,0.32,1.35,24.02,24.04,23.7,23.57,24.2,23.57,826611.0,19789397.0,15:00:00,2026-09-23
sh688068,热景生物,95.46,-1.19,-1.231,95.4,95.46,96.65,97.23,97.23,93.81,2708524.0,258141156.0,15:34:59,2026-09-23
sh688069,德林海环保,37.84,-1.06,-2.725,37.84,37.9,38.9,38.88,39.55,37.74,2753401.0,105358700.0,15:00:01,2026-09-23
sh688070,成都纵横,36.62,0.76,2.119,36.62,36.64,35.86,35.9,37.4,35.43,2957427.0,108565710.0,15:00:01,2026-09-23
sh688071,华依科技集团,35.75,-0.29,-0.805,35.75,35.83,36.04,36.05,36.27,35.69,1998028.0,71902761.0,15:00:01,2026-09-23
sh688072,拓荆科技,730.3,7.84,1.085,730.3,730.32,722.46,726.66,745.0,715.8,3838738.0,2795285581.0,15:34:59,2026-09-23
sh688073,毕得医药科技股份,80.76,4.66,6.124,80.76,80.77,76.1,74.85,80.8,73.99,6806319.0,529626152.0,15:00:00,2026-09-23
sh688075,安旭生物,30.41,0.29,0.963,30.41,30.43,30.12,30.3,30.49,29.98,788089.0,23849741.0,15:00:00,2026-09-23
sh688076,ST诺泰生物,29.06,0.52,1.822,29.06,29.07,28.54,28.5,29.4,28.41,2825902.0,81927314.0,15:00:00,2026-09-23
sh688077,大地熊新材料,28.24,-2.16,-7.105,28.23,28.24,30.4,29.67,29.73,28.13,5097663.0,145328648.0,15:00:01,2026-09-23
sh688078,龙软科技,31.33,0.13,0.417,31.25,31.33,31.2,31.69,31.98,31.05,2162264.0,68269918.0,15:00:01,2026-09-23
sh688079,美迪凯股份,18.06,0.98,5.738,18.05,18.06,17.08,17.3,18.8,17.3,35861378.0,650134657.0,15:34:59,2026-09-23
sh688080,映翰通网络,38.52,-0.26,-0.67,38.49,38.52,38.78,39.0,39.05,38.19,712342.0,27379326.0,15:00:01,2026-09-23
sh688081,兴图新科,26.67,0.02,0.075,26.67,26.69,26.65,26.65,27.02,26.33,1080628.0,28850622.0,15:00:02,2026-09-23
sh688082,盛美上海半导体,291.33,2.72,0.942,291.32,291.33,288.61,289.0,293.78,285.55,2890836.0,839837362.0,15:34:59,2026-09-23
sh688083,中望软件,52.57,0.03,0.057,52.57,52.59,52.54,52.31,52.66,52.0,1077432.0,56500525.0,15:00:00,2026-09-23
sh688084,晶品特装,44.47,-0.33,-0.737,44.41,44.47,44.8,44.98,44.98,43.73,1139706.0,50483059.0,15:34:59,2026-09-23
sh688085,三友医疗,13.21,0.07,0.533,13.21,13.24,13.14,13.13,13.31,12.98,2288197.0,30173351.0,15:00:02,2026-09-23
sh688087,英科再生,34.38,0.1,0.292,34.36,34.38,34.28,34.31,34.65,33.75,1610667.0,55179510.0,15:00:01,2026-09-23
sh688088,虹软科技,30.07,-0.32,-1.053,30.05,30.07,30.39,30.3,30.43,30.01,2986354.0,89906032.0,15:00:01,2026-09-23
sh688089,ST嘉必优生物,8.51,-0.14,-1.618,8.5,8.51,8.65,8.65,8.68,8.51,998641.0,8569112.0,15:00:01,2026-09-23
sh688090,瑞松科技,84.8,-1.46,-1.693,84.78,84.8,86.26,86.26,87.3,84.5,6045185.0,516865482.0,15:00:02,2026-09-23
sh688091,上海谊众药业,40.85,-0.56,-1.352,40.85,40.89,41.41,41.36,41.82,40.81,2219116.0,91519176.0,15:00:00,2026-09-23
sh688092,爱科科技股份,22.83,0.96,4.39,22.83,22.85,21.87,21.88,22.83,21.72,950428.0,21185721.0,15:34:59,2026-09-23
sh688093,世华科技,23.94,0.73,3.145,23.94,23.95,23.21,23.19,24.17,22.93,2675724.0,63227355.0,15:34:59,2026-09-23
sh688095,福昕软件开发,58.72,-0.93,-1.559,58.72,58.76,59.65,59.62,59.65,58.13,2380132.0,140043990.0,15:34:59,2026-09-23
sh688096,江苏京源环保,7.5,-0.08,-1.055,7.49,7.5,7.58,7.61,7.63,7.46,5443407.0,40941842.0,15:00:01,2026-09-23
sh688097,博众精工科技,46.9,1.15,2.514,46.9,46.91,45.75,45.66,47.8,45.56,5347566.0,250560771.0,15:34:59,2026-09-23
sh688098,申联生物医药,8.68,-0.14,-1.587,8.67,8.68,8.82,8.7,8.91,8.67,3985697.0,34769599.0,15:00:01,2026-09-23
sh688099,晶晨半导体,92.89,-1.76,-1.859,92.89,92.95,94.65,94.65,94.94,92.5,8996484.0,840050722.0,15:34:59,2026-09-23
sh688100,威胜信息,25.09,-0.04,-0.159,25.09,25.1,25.13,25.13,25.25,24.88,1635839.0,41015166.0,15:00:00,2026-09-23
sh688101,三达膜环境技术,14.69,0.06,0.41,14.67,14.69,14.63,14.7,14.79,14.61,1514127.0,22275894.0,15:34:59,2026-09-23
sh688102,陕西斯瑞新材股份,31.58,-0.56,-1.742,31.57,31.58,32.14,32.27,32.27,31.14,9744337.0,308556117.0,15:34:59,2026-09-23
sh688103,国力电子,84.72,2.06,2.492,84.71,84.72,82.66,81.83,85.25,81.83,1588335.0,133977009.0,15:00:02,2026-09-23
sh688105,诺唯赞生物,27.59,1.14,4.31,27.58,27.59,26.45,26.93,28.3,26.67,30739374.0,841670458.0,15:34:59,2026-09-23
sh688106,金宏气体,27.02,-0.12,-0.442,27.02,27.03,27.14,27.14,27.5,26.84,10423437.0,282530472.0,15:34:59,2026-09-23
sh688107,安路科技,31.0,0.39,1.274,31.0,31.06,30.61,30.69,31.27,30.48,4412684.0,136506114.0,15:00:01,2026-09-23
sh688108,赛诺医疗科学,15.76,-0.32,-1.99,15.76,15.77,16.08,16.09,16.13,15.73,6950434.0,110186597.0,15:00:02,2026-09-23
sh688109,品茗科技,72.6,-0.8,-1.09,72.6,72.75,73.4,73.51,74.28,72.57,429741.0,31414163.0,15:00:00,2026-09-23
sh688110,东芯股份,122.65,-0.8,-0.648,122.65,122.66,123.45,124.12,125.7,122.4,10921102.0,1352100299.0,15:34:59,2026-09-23
sh688111,金山办公,226.6,-4.72,-2.04,226.6,226.62,231.32,229.01,229.99,226.5,3868662.0,879938506.0,15:34:59,2026-09-23
sh688112,鼎阳科技,114.98,9.97,9.494,114.97,114.98,105.01,105.0,118.44,101.92,13998236.0,1554657624.0,15:34:59,2026-09-23
sh688113,联测科技,38.07,1.67,4.588,38.06,38.07,36.4,36.5,38.38,36.22,1271301.0,47714992.0,15:34:59,2026-09-23
sh688114,华大智造,75.34,1.34,1.811,75.34,75.35,74.0,73.9,76.74,73.51,6936513.0,522032792.0,15:34:59,2026-09-23
sh688115,思林杰科技,66.9,3.94,6.258,66.89,66.9,62.96,62.99,67.53,62.33,3797383.0,249546783.0,15:34:59,2026-09-23
sh688116,天奈科技,34.3,0.42,1.24,34.3,34.31,33.88,33.85,34.44,33.75,4607016.0,157543457.0,15:34:59,2026-09-23
sh688117,圣诺生物,19.75,-0.24,-1.201,19.75,19.76,19.99,19.06,20.19,18.87,26235242.0,507887314.0,15:34:59,2026-09-23
sh688118,普元信息,20.4,-0.01,-0.049,20.4,20.41,20.41,20.46,20.46,20.1,1871041.0,37949010.0,15:34:59,2026-09-23
sh688119,中钢洛耐,3.87,0.0,0.0,3.87,3.88,3.87,3.88,3.92,3.85,8477107.0,32898872.0,15:34:59,2026-09-23
sh688120,华海清科,254.01,-0.94,-0.369,254.01,254.1,254.95,256.08,257.83,253.01,4948105.0,1260792303.0,15:34:59,2026-09-23
sh688121,*ST卓然技术,1.16,-0.16,-12.121,1.15,1.16,1.32,1.23,1.27,1.16,20434060.0,24779181.0,15:34:59,2026-09-23
sh688122,西部超导,52.79,1.85,3.632,52.79,52.8,50.94,50.6,52.88,50.1,13856526.0,714528475.0,15:34:59,2026-09-23
sh688123,聚辰半导体,168.11,-3.09,-1.805,168.11,168.15,171.2,171.41,174.3,166.66,10840404.0,1843877854.0,15:34:59,2026-09-23
sh688125,安达智能,128.68,0.97,0.76,128.17,128.68,127.71,129.13,131.6,127.5,713481.0,92227504.0,15:00:02,2026-09-23
sh688126,上海硅产业集团,24.88,0.14,0.566,24.87,24.88,24.74,24.8,25.05,24.47,42534267.0,1054868680.0,15:34:59,2026-09-23
sh688127,蓝特光学,69.05,0.93,1.365,69.05,69.06,68.12,68.92,71.12,68.22,8839209.0,616481400.0,15:34:59,2026-09-23
sh688128,中国电器研究院,22.28,0.16,0.723,22.28,22.29,22.12,22.14,22.5,22.0,1628964.0,36275603.0,15:00:00,2026-09-23
sh688129,东来涂料技术股份,24.43,-0.16,-0.651,24.42,24.43,24.59,24.43,25.49,24.0,2296331.0,56193553.0,15:00:02,2026-09-23
sh688130,晶华微电子,28.51,1.11,4.051,28.5,28.51,27.4,27.14,28.56,26.98,3266333.0,90854801.0,15:34:59,2026-09-23
sh688131,皓元医药,110.37,9.89,9.843,110.3,110.37,100.48,102.3,111.0,101.1,10577932.0,1144537559.0,15:34:59,2026-09-23
sh688132,邦彦技术股份,16.72,0.36,2.2,16.69,16.72,16.36,16.31,16.83,16.1,1462743.0,24060620.0,15:00:02,2026-09-23
sh688133,泰坦股份,23.17,1.15,5.223,23.16,23.17,22.02,22.0,23.48,21.91,8685734.0,198553717.0,15:34:59,2026-09-23
sh688135,利扬芯片,40.3,1.8,4.675,40.29,40.3,38.5,38.78,40.5,38.27,18748338.0,739979914.0,15:34:59,2026-09-23
sh688136,科兴生物制药,24.59,-0.61,-2.421,24.58,24.59,25.2,25.0,25.08,24.48,10276093.0,253714374.0,15:34:59,2026-09-23
sh688137,近岸蛋白,122.84,-1.66,-1.333,122.84,122.85,124.5,119.01,130.07,119.01,8950843.0,1111970255.0,15:34:59,2026-09-23
sh688138,清溢光电,41.8,2.3,5.823,41.79,41.8,39.5,39.5,42.68,38.79,15127601.0,619680041.0,15:34:59,2026-09-23
sh688139,海尔生物,35.07,0.28,0.805,35.07,35.08,34.79,35.0,35.66,34.11,5945702.0,209314943.0,15:00:01,2026-09-23
sh688141,杰华特微电子,119.29,2.83,2.43,119.26,119.29,116.46,116.46,120.6,115.7,12313257.0,1465516681.0,15:34:59,2026-09-23
sh688143,长盈通光电,193.59,-3.43,-1.741,193.59,193.6,197.02,195.05,197.85,189.03,8785949.0,1695307699.0,15:34:59,2026-09-23
sh688146,中船派瑞特气,217.4,2.79,1.3,217.39,217.4,214.61,216.24,219.57,213.0,12127876.0,2628746420.0,15:34:59,2026-09-23
sh688147,微导纳米科技,115.4,-0.1,-0.087,115.38,115.4,115.5,117.01,118.36,115.17,4574711.0,532477733.0,15:00:00,2026-09-23
sh688148,芳源股份,5.96,-0.08,-1.325,5.96,5.97,6.04,6.14,6.14,5.88,13892698.0,82823200.0,15:34:59,2026-09-23
sh688150,莱特光电股份,44.69,0.1,0.224,44.69,44.71,44.59,44.79,45.47,44.04,8392990.0,376140893.0,15:34:59,2026-09-23
sh688151,华强科技,17.0,-0.22,-1.278,16.99,17.0,17.22,17.26,17.27,16.96,2632335.0,44888923.0,15:00:02,2026-09-23
sh688152,麒麟信安,36.55,-0.77,-2.063,36.5,36.55,37.32,37.02,37.15,36.37,2334624.0,85474754.0,15:34:59,2026-09-23
sh688153,唯捷创芯,26.92,0.3,1.127,26.92,26.93,26.62,26.62,27.33,26.46,3244244.0,87398218.0,15:00:02,2026-09-23
sh688155,先惠技术,53.63,0.33,0.619,53.63,53.65,53.3,53.51,54.21,52.89,1783149.0,95839666.0,15:34:59,2026-09-23
sh688156,路德科技,23.3,-0.37,-1.563,23.3,23.33,23.67,23.68,23.76,23.2,2345085.0,55000492.0,15:00:02,2026-09-23
sh688157,松井新材料,19.87,0.13,0.659,19.86,19.87,19.74,19.74,19.95,19.5,2391825.0,47376102.0,15:00:00,2026-09-23
sh688158,优刻得科技,30.21,-0.62,-2.011,30.2,30.21,30.83,30.83,30.92,30.11,12310054.0,373928311.0,15:34:59,2026-09-23
sh688159,有方科技,37.9,0.3,0.798,37.88,37.9,37.6,37.61,38.13,37.03,4548603.0,171352463.0,15:00:00,2026-09-23
sh688160,步科自动化,97.5,0.3,0.309,97.5,97.52,97.2,97.48,98.49,96.68,750487.0,73186463.0,15:00:02,2026-09-23
sh688161,威高骨科,21.93,-0.05,-0.227,21.92,21.93,21.98,22.09,22.09,21.73,720468.0,15765006.0,15:00:01,2026-09-23
sh688162,巨一科技,25.04,0.01,0.04,25.04,25.05,25.03,25.03,25.12,24.85,763628.0,19088938.0,15:34:59,2026-09-23
sh688163,赛伦生物,38.27,-0.43,-1.111,38.27,38.35,38.7,38.99,39.27,38.09,1170595.0,45147800.0,15:00:02,2026-09-23
sh688165,埃夫特智能,15.03,-0.08,-0.529,15.02,15.03,15.11,15.13,15.15,14.84,3993408.0,59837239.0,15:34:59,2026-09-23
sh688166,博瑞生物医药,36.3,-0.51,-1.385,36.3,36.34,36.81,37.16,38.3,36.2,9758152.0,358325555.0,15:34:59,2026-09-23
sh688167,西安炬光科技,308.9,13.16,4.45,308.9,308.91,295.74,296.05,312.93,295.01,7435707.0,2273468006.0,15:34:59,2026-09-23
sh688168,北京安博通,45.3,-0.25,-0.549,45.3,45.33,45.55,45.71,46.71,44.6,6121026.0,277984078.0,15:34:59,2026-09-23
sh688169,石头科技,116.38,-1.12,-0.953,116.36,116.38,117.5,117.34,117.87,115.81,3532569.0,412309319.0,15:34:59,2026-09-23
sh688170,德龙激光,72.0,4.34,6.414,71.96,72.0,67.66,68.6,73.49,67.67,8132114.0,583100068.0,15:34:59,2026-09-23
sh688171,纬德信息,24.03,1.38,6.093,24.03,24.04,22.65,22.63,25.39,22.41,4120649.0,98454257.0,15:00:02,2026-09-23
sh688172,燕东微电子股份,46.96,-0.02,-0.043,46.96,46.98,46.98,47.3,48.15,46.56,6922885.0,326863024.0,15:34:59,2026-09-23
sh688173,希荻微电子,13.81,0.46,3.446,13.81,13.83,13.35,13.43,13.93,13.31,10487606.0,143142469.0,15:34:59,2026-09-23
sh688175,珠海高凌信息,26.79,3.55,15.275,26.77,26.79,23.24,23.24,27.77,23.12,14802115.0,379713986.0,15:34:59,2026-09-23
sh688176,亚虹医药科技,14.69,-0.23,-1.542,14.69,14.71,14.92,14.92,15.18,14.67,16050398.0,238554409.0,15:00:01,2026-09-23
sh688177,百奥泰生物,21.27,0.17,0.806,21.26,21.27,21.1,21.0,21.93,20.81,10792189.0,231519004.0,15:34:59,2026-09-23
sh688178,万德斯环保,30.35,0.67,2.257,30.31,30.35,29.68,29.79,30.98,29.3,1316562.0,39906265.0,15:00:02,2026-09-23
sh688179,阿拉丁科技,24.13,1.03,4.459,24.13,24.14,23.1,23.0,24.45,22.62,30257170.0,718675589.0,15:34:59,2026-09-23
sh688180,君实生物,35.78,0.35,0.988,35.77,35.78,35.43,35.58,36.27,35.2,12565288.0,450241598.0,15:34:59,2026-09-23
sh688181,八亿时空液晶股份,46.78,2.51,5.67,46.76,46.78,44.27,44.88,47.09,43.81,9330500.0,426245681.0,15:34:59,2026-09-23
sh688182,灿勤科技,29.62,0.43,1.473,29.62,29.65,29.19,29.19,29.87,29.02,3597942.0,106144064.0,15:34:59,2026-09-23
sh688183,生益电子,119.0,0.81,0.685,119.0,119.02,118.19,118.18,121.82,117.51,15549126.0,1857290962.0,15:34:59,2026-09-23
sh688184,ST帕瓦股份,10.8,0.0,0.0,10.76,10.8,10.8,10.65,10.92,10.65,402409.0,4338888.0,15:00:01,2026-09-23
sh688185,康希诺生物,85.25,5.51,6.91,85.25,85.26,79.74,79.99,86.86,78.01,14132419.0,1175438350.0,15:34:59,2026-09-23
sh688186,张家港广大特材,14.72,0.46,3.226,14.72,14.73,14.26,14.28,14.93,14.05,6218082.0,90259674.0,15:34:59,2026-09-23
sh688187,时代电气,45.77,-0.27,-0.586,45.77,45.79,46.04,46.0,46.26,45.75,2243504.0,103183107.0,15:34:59,2026-09-23
sh688188,上海柏楚电子科技,97.31,0.18,0.185,97.31,97.32,97.13,96.97,98.04,96.5,1571533.0,152946122.0,15:00:02,2026-09-23
sh688189,ST南新制药,6.53,-0.09,-1.36,6.53,6.57,6.62,6.58,6.7,6.52,3690036.0,24349203.0,15:00:02,2026-09-23
sh688190,云路先进材料股份,73.51,-0.05,-0.068,73.51,73.55,73.56,73.87,74.02,72.82,659356.0,48381970.0,15:00:02,2026-09-23
sh688191,智洋创新科技,23.6,0.45,1.944,23.6,23.61,23.15,23.35,24.15,22.9,8846135.0,209138931.0,15:34:59,2026-09-23
sh688192,迪哲医药,60.25,-1.11,-1.809,60.25,60.28,61.36,61.28,61.5,60.07,4432814.0,269215420.0,15:34:59,2026-09-23
sh688193,仁度生物,48.9,0.52,1.075,48.9,48.93,48.38,48.62,49.11,48.0,345938.0,16851562.0,15:00:00,2026-09-23
sh688195,腾景科技,194.4,-0.36,-0.185,194.38,194.4,194.76,195.49,201.49,193.22,7724897.0,1514126246.0,15:34:59,2026-09-23
sh688196,卓越新能,34.66,-1.04,-2.913,34.62,34.66,35.7,35.5,35.8,34.4,1656918.0,57828161.0,15:00:02,2026-09-23
sh688197,首药控股,39.46,0.38,0.972,39.46,39.47,39.08,38.89,40.2,38.4,2401316.0,95058005.0,15:34:59,2026-09-23
sh688198,佰仁医疗科技,73.41,0.54,0.741,73.37,73.41,72.87,72.43,74.85,72.43,307097.0,22690531.0,15:00:02,2026-09-23
sh688199,久日新材料,25.5,0.27,1.07,25.5,25.51,25.23,25.29,25.59,25.13,3260778.0,82936843.0,15:00:00,2026-09-23
sh688200,华峰测控,397.32,7.73,1.984,397.32,397.36,389.59,392.99,405.8,385.08,3565043.0,1420305087.0,15:34:59,2026-09-23
sh688201,ST信安世纪,7.9,0.0,0.0,7.88,7.9,7.9,7.9,7.95,7.8,2397947.0,18907759.0,15:00:01,2026-09-23
sh688202,美迪西生物医药,117.08,7.22,6.572,117.08,117.17,109.86,109.86,120.0,108.51,7844896.0,914378600.0,15:34:59,2026-09-23
sh688203,海正生物材料,24.3,3.42,16.379,24.29,24.3,20.88,21.24,24.8,20.82,22723283.0,528322035.0,15:34:59,2026-09-23
sh688205,德科立光电子,229.66,5.45,2.431,229.66,229.67,224.21,224.0,233.31,217.13,13380527.0,3001553722.0,15:34:59,2026-09-23
sh688206,概伦电子,37.84,-0.21,-0.552,37.79,37.84,38.05,38.22,38.48,37.72,3904801.0,148514655.0,15:34:59,2026-09-23
sh688207,格灵深瞳,20.85,0.48,2.356,20.85,20.86,20.37,20.4,21.17,20.16,12796186.0,265666953.0,15:00:02,2026-09-23
sh688208,道通科技,25.98,-0.15,-0.574,25.98,25.99,26.13,25.93,26.19,25.8,4518772.0,117219894.0,15:00:00,2026-09-23
sh688209,英集芯科技,36.63,0.56,1.553,36.62,36.63,36.07,36.15,37.7,35.13,19958250.0,722295696.0,15:34:59,2026-09-23
sh688210,泛海统联精密制造,29.71,-0.7,-2.302,29.7,29.71,30.41,30.2,30.76,29.55,3359044.0,100546311.0,15:34:59,2026-09-23
sh688211,中科微至,33.19,0.65,1.998,33.18,33.19,32.54,32.54,33.32,32.5,1194228.0,39403071.0,15:00:00,2026-09-23
sh688212,澳华内镜,28.88,-0.01,-0.035,28.87,28.88,28.89,29.49,29.49,28.6,1590234.0,45963043.0,15:00:02,2026-09-23
sh688213,思特威电子科技,95.63,-1.31,-1.351,95.63,95.65,96.94,98.11,98.11,95.22,4433611.0,425345565.0,15:34:59,2026-09-23
sh688215,瑞晟智能科技,47.79,-0.08,-0.167,47.78,47.79,47.87,47.87,48.75,47.48,739279.0,35529024.0,15:34:59,2026-09-23
sh688216,气派科技,41.5,0.62,1.517,41.5,41.51,40.88,40.6,42.2,40.58,7435278.0,307453773.0,15:34:59,2026-09-23
sh688217,上海睿昂基因,25.79,0.41,1.615,25.68,25.79,25.38,25.51,25.99,25.14,930961.0,23927525.0,15:00:00,2026-09-23
sh688218,江苏北人,40.34,-0.69,-1.682,40.34,40.39,41.03,40.8,41.52,40.3,2287475.0,93502711.0,15:00:00,2026-09-23
sh688219,会通股份,10.43,0.09,0.87,10.42,10.43,10.34,10.35,10.49,10.35,3509754.0,36577772.0,15:00:01,2026-09-23
sh688220,翱捷科技,99.68,-1.75,-1.725,99.67,99.68,101.43,102.72,103.07,99.28,7116465.0,713269956.0,15:34:59,2026-09-23
sh688221,前沿生物,17.48,0.01,0.057,17.47,17.48,17.47,17.47,17.58,17.23,11428326.0,199104466.0,15:34:59,2026-09-23
sh688222,成都先导,46.02,1.62,3.649,46.02,46.03,44.4,44.48,47.58,43.51,34039474.0,1567182121.0,15:34:59,2026-09-23
sh688223,晶科能源,3.85,-0.03,-0.773,3.84,3.85,3.88,3.88,3.92,3.83,63582884.0,245925460.0,15:34:59,2026-09-23
sh688225,亚信安全,14.68,-0.09,-0.609,14.68,14.69,14.77,14.63,14.88,14.46,6253346.0,91611689.0,15:00:02,2026-09-23
sh688226,威腾电气集团股份,32.07,2.49,8.418,32.07,32.08,29.58,29.68,32.12,29.6,10380855.0,321821193.0,15:34:59,2026-09-23
sh688227,品高股份,78.96,1.04,1.335,78.96,78.97,77.92,77.82,80.03,76.08,3507345.0,273308602.0,15:34:59,2026-09-23
sh688228,开普云信息科技,88.67,3.4,3.987,88.67,88.68,85.27,85.27,90.0,84.51,2374199.0,209716644.0,15:34:59,2026-09-23
sh688229,博睿宏远数据,62.17,-1.17,-1.847,62.08,62.17,63.34,62.78,63.59,61.73,427644.0,26685454.0,15:34:59,2026-09-23
sh688230,芯导科技,62.85,0.86,1.387,62.85,62.86,61.99,61.8,63.26,61.8,1129768.0,70964489.0,15:00:00,2026-09-23
sh688231,隆达超合金股份,35.61,0.84,2.416,35.61,35.62,34.77,34.48,35.88,33.9,5624523.0,198001167.0,15:34:59,2026-09-23
sh688232,国泰新点软件,17.72,-0.13,-0.728,17.71,17.72,17.85,17.88,17.9,17.67,1826127.0,32456707.0,15:00:02,2026-09-23
sh688233,神工半导体,103.08,1.08,1.059,103.08,103.09,102.0,102.2,103.88,101.51,4708876.0,484238081.0,15:34:59,2026-09-23
sh688234,天岳先进,114.07,4.67,4.269,114.03,114.07,109.4,109.41,115.88,109.41,11997254.0,1358862412.0,15:34:59,2026-09-23
sh688235,百济神州,266.49,-2.17,-0.808,266.47,266.49,268.66,267.9,270.98,265.65,2305864.0,618165597.0,15:34:59,2026-09-23
sh688236,春立正达医疗,14.58,0.43,3.039,14.58,14.6,14.15,14.21,14.75,14.09,2696225.0,38888802.0,15:00:01,2026-09-23
sh688237,超卓航科,59.33,-0.23,-0.386,59.33,59.37,59.56,59.7,59.75,58.38,1165355.0,68753629.0,15:00:00,2026-09-23
sh688238,和元生物,8.68,0.84,10.714,8.68,8.69,7.84,7.83,8.87,7.79,71636067.0,596618926.0,15:34:59,2026-09-23
sh688239,贵州航宇科技,56.88,-0.6,-1.044,56.88,57.0,57.48,57.54,57.84,56.36,4233533.0,241389816.0,15:34:59,2026-09-23
sh688244,永信至诚,16.74,-0.67,-3.848,16.73,16.74,17.41,17.28,18.8,16.7,8513088.0,146073748.0,15:34:59,2026-09-23
sh688246,嘉和美康科技,17.74,-0.39,-2.151,17.69,17.74,18.13,18.3,18.3,17.64,2643274.0,47203721.0,15:34:59,2026-09-23
sh688247,宣泰医药,10.25,0.24,2.398,10.24,10.25,10.01,10.02,10.49,9.9,8915571.0,91222530.0,15:00:00,2026-09-23
sh688248,南方电网电力科技,49.55,-1.0,-1.978,49.55,49.59,50.55,50.71,50.71,49.33,2926169.0,145782447.0,15:00:01,2026-09-23
sh688249,晶合集成,36.36,-0.25,-0.683,36.35,36.36,36.61,36.62,37.1,36.25,12855742.0,470937087.0,15:34:59,2026-09-23
sh688251,井松智能科技,19.15,0.04,0.209,19.15,19.2,19.11,19.1,19.37,18.85,2196979.0,42043005.0,15:00:00,2026-09-23
sh688252,天德钰科技,21.9,0.24,1.108,21.89,21.9,21.66,21.66,22.02,21.5,3454411.0,75319683.0,15:00:00,2026-09-23
sh688253,英诺特生物股份,57.79,0.12,0.208,57.79,57.85,57.67,58.85,58.85,56.81,882975.0,50713425.0,15:00:02,2026-09-23
sh688255,凯尔达机器人,26.79,0.13,0.488,26.79,26.84,26.66,26.64,26.97,26.56,2229223.0,59719711.0,15:00:00,2026-09-23
sh688256,寒武纪科技,1103.08,-17.92,-1.599,1103.08,1103.09,1121.0,1121.0,1126.0,1100.56,5364219.0,5941319933.0,15:34:59,2026-09-23
sh688257,新锐股份,60.91,2.49,4.262,60.91,60.92,58.42,59.03,62.5,58.21,15972744.0,966574019.0,15:34:59,2026-09-23
sh688258,江苏卓易信息科技,91.37,-2.96,-3.138,91.37,91.38,94.33,93.43,94.14,91.0,3259870.0,300151985.0,15:00:01,2026-09-23
sh688259,创耀通信科技,33.08,0.7,2.162,33.05,33.08,32.38,32.4,33.26,32.32,1243545.0,40879843.0,15:34:59,2026-09-23
sh688260,昀冢科技,116.37,-0.63,-0.538,116.37,116.38,117.0,114.01,118.66,114.01,6140545.0,712998719.0,15:34:59,2026-09-23
sh688261,东微半导体,79.82,1.08,1.372,79.82,79.83,78.74,78.73,80.88,77.77,6154633.0,488491534.0,15:34:59,2026-09-23
sh688262,苏州国芯科技,30.65,2.05,7.168,30.64,30.65,28.6,28.6,31.09,28.6,19398327.0,581279922.0,15:34:59,2026-09-23
sh688265,南方模式生物,53.42,1.42,2.731,53.42,53.43,52.0,51.12,54.96,51.12,3653372.0,194455816.0,15:34:59,2026-09-23
sh688266,泽璟制药,116.05,-2.53,-2.134,116.05,116.08,118.58,118.58,118.98,114.88,3346438.0,391704767.0,15:34:59,2026-09-23
sh688267,XD中触媒股份,22.3,-0.3,-1.327,22.3,22.33,22.6,23.13,23.13,22.22,2845155.0,64016966.0,15:00:00,2026-09-23
sh688268,广东华特气体,134.87,0.19,0.141,134.86,134.87,134.68,135.01,136.03,133.28,2637159.0,355626361.0,15:34:59,2026-09-23
sh688269,西安凯立新材,27.37,-0.37,-1.334,27.33,27.37,27.74,27.99,27.99,27.23,1077183.0,29559347.0,15:00:01,2026-09-23
sh688270,ST臻镭科技,57.13,-0.35,-0.609,57.12,57.13,57.48,57.49,57.55,56.88,2576473.0,147297859.0,15:34:59,2026-09-23
sh688271,联影医疗,102.2,-0.16,-0.156,102.2,102.21,102.36,102.01,102.98,101.7,2219308.0,226993720.0,15:00:00,2026-09-23
sh688272,富吉瑞光电,30.0,0.54,1.833,29.98,30.0,29.46,29.55,30.49,29.13,1275099.0,38058519.0,15:00:02,2026-09-23
sh688273,麦澜德医疗,30.07,-0.34,-1.118,30.07,30.08,30.41,31.01,31.01,29.7,951656.0,28589760.0,15:00:00,2026-09-23
sh688275,万润新能源,68.97,-0.83,-1.189,68.97,68.99,69.8,69.97,70.07,68.4,1888097.0,130338308.0,15:34:59,2026-09-23
sh688276,长春百克生物科技,18.24,0.0,0.0,18.23,18.24,18.24,18.3,18.8,18.0,6952695.0,126960684.0,15:00:00,2026-09-23
sh688277,天智航医疗,15.83,0.03,0.19,15.83,15.85,15.8,15.72,16.07,15.63,4467786.0,70905964.0,15:00:01,2026-09-23
sh688278,特宝生物,53.1,0.96,1.841,53.1,53.11,52.14,52.01,53.44,51.86,2700322.0,142663036.0,15:34:59,2026-09-23
sh688279,峰岹科技,215.42,-0.53,-0.245,215.42,215.8,215.95,217.0,219.85,212.61,1197033.0,259369626.0,15:00:00,2026-09-23
sh688280,精进电动,5.1,0.1,2.0,5.1,5.11,5.0,5.03,5.2,4.96,13401941.0,68173237.0,15:00:00,2026-09-23
sh688281,华秦科技实业,51.48,-0.32,-0.618,51.48,51.49,51.8,51.8,52.3,51.21,2025044.0,104627056.0,15:34:59,2026-09-23
sh688282,理工导航,53.42,-0.2,-0.373,53.25,53.42,53.62,53.85,53.85,52.81,540067.0,28740156.0,15:00:00,2026-09-23
sh688283,坤恒顺维,33.1,2.71,8.917,33.1,33.11,30.39,30.39,33.68,29.78,4883279.0,156744707.0,15:34:59,2026-09-23
sh688285,高铁电气,7.68,0.0,0.0,7.67,7.68,7.68,7.63,7.69,7.6,1757328.0,13457190.0,15:00:00,2026-09-23
sh688286,敏芯股份,51.15,1.42,2.855,51.12,51.15,49.73,49.72,52.49,49.37,4437845.0,226384945.0,15:34:59,2026-09-23
sh688288,鸿泉技术,19.95,0.3,1.527,19.95,19.96,19.65,19.66,20.18,19.3,2652134.0,52560876.0,15:00:01,2026-09-23
sh688289,圣湘生物,16.57,-0.06,-0.361,16.56,16.57,16.63,16.64,16.8,16.5,4748162.0,79064351.0,15:34:59,2026-09-23
sh688290,景业智能,63.04,-0.29,-0.458,62.89,63.04,63.33,63.66,65.26,62.7,709314.0,44944531.0,15:00:00,2026-09-23
sh688291,金橙子科技,42.45,1.2,2.909,42.45,42.47,41.25,41.88,42.52,40.4,2372926.0,98628701.0,15:34:59,2026-09-23
sh688292,浩瀚深度信息技术,23.0,0.63,2.816,23.0,23.01,22.37,22.39,23.36,21.84,8902343.0,200836964.0,15:34:59,2026-09-23
sh688293,奥浦迈生物,85.0,9.57,12.687,85.0,85.02,75.43,75.55,88.54,75.23,8817369.0,729784887.0,15:34:59,2026-09-23
sh688295,中复神鹰碳纤维,37.36,-0.5,-1.321,37.35,37.36,37.86,37.97,38.21,37.3,3352769.0,126261214.0,15:34:59,2026-09-23
sh688296,和达科技,28.65,0.79,2.836,28.63,28.65,27.86,28.3,28.92,27.31,6580713.0,186855527.0,15:34:59,2026-09-23
sh688297,中航无人机,43.03,-0.67,-1.533,43.01,43.03,43.7,43.43,43.58,42.46,7135856.0,305424054.0,15:34:59,2026-09-23
sh688298,东方基因生物,19.38,0.39,2.054,19.38,19.39,18.99,19.1,19.59,18.88,2117456.0,40924413.0,15:00:01,2026-09-23
sh688299,长阳科技,13.75,-0.06,-0.434,13.71,13.75,13.81,13.8,13.86,13.54,5233272.0,71663543.0,15:34:59,2026-09-23
sh688300,联瑞新材,183.1,5.89,3.324,183.1,183.11,177.21,177.0,186.0,175.0,11038091.0,2008086375.0,15:34:59,2026-09-23
sh688301,奕瑞科技股份,95.95,-0.32,-0.332,95.95,95.99,96.27,95.74,98.88,93.07,9270168.0,886227501.0,15:34:59,2026-09-23
sh688302,海创药业,33.65,0.05,0.149,33.65,33.73,33.6,33.45,34.11,33.41,1263666.0,42648213.0,15:00:00,2026-09-23
sh688303,大全能源,16.25,-0.21,-1.276,16.25,16.26,16.46,16.43,16.72,16.22,10111854.0,166255075.0,15:00:00,2026-09-23
sh688305,科德数控,57.69,0.03,0.052,57.68,57.69,57.66,57.64,57.94,57.31,1314935.0,75811660.0,15:34:59,2026-09-23
sh688306,均普智能制造,9.91,0.05,0.507,9.91,9.92,9.86,9.75,10.03,9.75,13201801.0,130891284.0,15:34:59,2026-09-23
sh688307,中润光学,48.7,0.33,0.682,48.7,48.72,48.37,48.33,49.17,48.0,2291053.0,111605380.0,15:00:01,2026-09-23
sh688308,欧科亿数控刀具,88.77,1.23,1.405,88.77,88.78,87.54,87.25,89.73,86.37,6939841.0,612183888.0,15:34:59,2026-09-23
sh688309,恒誉科技,77.21,-0.8,-1.026,77.21,77.23,78.01,77.4,78.58,74.74,1599994.0,122439505.0,15:00:02,2026-09-23
sh688310,迈得医疗,16.02,0.14,0.882,16.02,16.03,15.88,15.88,16.2,15.61,1765513.0,28151876.0,15:00:00,2026-09-23
sh688311,盟升电子,25.02,0.47,1.914,25.02,25.03,24.55,24.62,25.17,24.19,4756737.0,118017247.0,15:34:59,2026-09-23
sh688312,燕麦科技,60.6,4.57,8.156,60.6,60.61,56.03,57.09,63.08,56.14,16131854.0,969922397.0,15:00:00,2026-09-23
sh688313,仕佳光子,163.68,-1.12,-0.68,163.67,163.68,164.8,165.89,166.49,162.76,11825213.0,1943713687.0,15:34:59,2026-09-23
sh688314,康拓医疗,31.8,0.15,0.474,31.8,31.85,31.65,31.18,32.0,31.18,1816080.0,57558348.0,15:34:59,2026-09-23
sh688315,诺禾致源科技,19.39,0.37,1.945,19.39,19.4,19.02,18.98,19.67,18.41,27589940.0,525873640.0,15:34:59,2026-09-23
sh688316,青云科技,46.39,-0.91,-1.924,46.39,46.41,47.3,47.27,47.3,45.76,2063246.0,95499596.0,15:34:59,2026-09-23
sh688317,上海之江生物,19.39,1.08,5.898,19.38,19.39,18.31,18.3,19.87,18.03,9876890.0,189148283.0,15:34:59,2026-09-23
sh688318,财富趋势,81.68,-0.47,-0.572,81.65,81.68,82.15,82.0,82.48,81.0,3285550.0,268215575.0,15:34:59,2026-09-23
sh688319,欧林生物,33.92,3.9,12.991,33.91,33.92,30.02,30.0,34.18,29.72,16339833.0,528643682.0,15:34:59,2026-09-23
sh688320,禾川科技,37.19,0.59,1.612,37.16,37.19,36.6,36.67,37.8,36.16,4790676.0,176983341.0,15:00:00,2026-09-23
sh688321,微芯生物,26.18,-0.13,-0.494,26.18,26.2,26.31,26.54,26.62,26.15,7537794.0,198731771.0,15:00:01,2026-09-23
sh688322,奥比中光,91.21,0.72,0.796,91.2,91.21,90.49,90.6,91.7,90.09,4507730.0,409664146.0,15:34:59,2026-09-23
sh688323,瑞华泰薄膜科技,27.3,0.94,3.566,27.3,27.32,26.36,26.46,27.97,26.12,13735778.0,373462404.0,15:34:59,2026-09-23
sh688325,赛微微电子,107.85,0.95,0.889,107.85,107.89,106.9,106.62,108.94,106.11,540780.0,58192865.0,15:00:00,2026-09-23
sh688326,经纬恒润,58.74,-0.71,-1.194,58.74,58.77,59.45,59.65,59.65,58.57,574509.0,33833905.0,15:00:00,2026-09-23
sh688327,云从科技,10.07,-0.16,-1.564,10.06,10.07,10.23,10.21,10.31,10.05,13100525.0,132576553.0,15:34:59,2026-09-23
sh688328,深科达智能装备,84.67,1.11,1.328,84.66,84.67,83.56,83.9,85.15,83.06,3801970.0,320139272.0,15:34:59,2026-09-23
sh688329,苏州艾隆科技,23.25,-0.03,-0.129,23.24,23.25,23.28,23.18,23.74,22.86,2152033.0,50110856.0,15:00:00,2026-09-23
sh688330,宏力达信息,38.1,0.02,0.053,38.1,38.13,38.08,38.18,38.5,37.7,2230852.0,85189245.0,15:00:01,2026-09-23
sh688331,荣昌生物,124.75,-0.36,-0.288,124.74,124.75,125.11,125.67,127.33,123.5,5620632.0,703740792.0,15:34:59,2026-09-23
sh688332,中科蓝讯,97.7,0.33,0.339,97.68,97.7,97.37,97.39,98.78,96.96,3745154.0,366514255.0,15:34:59,2026-09-23
sh688333,西安铂力特,113.61,8.41,7.994,113.61,113.63,105.2,105.77,114.68,103.01,17097237.0,1887143147.0,15:34:59,2026-09-23
sh688334,西高院,18.11,0.06,0.332,18.11,18.12,18.05,18.12,18.16,17.99,693050.0,12528780.0,15:00:00,2026-09-23
sh688335,复洁科技,17.91,-0.37,-2.024,17.9,17.91,18.28,18.18,18.18,17.85,1413754.0,25446617.0,15:00:00,2026-09-23
sh688336,三生国健,41.36,-0.29,-0.696,41.36,41.37,41.65,41.41,42.19,41.24,6600965.0,274586683.0,15:34:59,2026-09-23
sh688337,普源精电,57.18,9.53,20.0,57.18,0.0,47.65,47.67,57.18,46.9,14203398.0,753270316.0,15:00:00,2026-09-23
sh688338,赛科希德,32.51,0.31,0.963,32.51,32.52,32.2,32.36,32.76,32.0,1507869.0,48993959.0,15:00:01,2026-09-23
sh688339,亿华通科技,18.22,-0.69,-3.649,18.22,18.26,18.91,18.85,18.87,18.21,8139990.0,149771459.0,15:34:59,2026-09-23
sh688343,云天励飞股份,65.48,-1.02,-1.534,65.48,65.51,66.5,66.92,67.57,65.38,7678654.0,506343736.0,15:34:59,2026-09-23
sh688345,博力威,49.2,0.62,1.276,49.2,49.21,48.58,49.55,49.8,48.46,793298.0,38912846.0,15:00:00,2026-09-23
sh688347,华虹宏力半导体,229.52,-1.53,-0.662,229.52,229.54,231.05,232.0,234.5,229.15,8579949.0,1983938462.0,15:34:59,2026-09-23
sh688348,昱能科技,30.9,0.36,1.179,30.9,30.92,30.54,30.46,31.2,30.46,913773.0,28216769.0,15:00:00,2026-09-23
sh688349,三一重能,13.2,0.09,0.686,13.19,13.2,13.11,13.19,13.33,13.05,6189324.0,81877629.0,15:34:59,2026-09-23
sh688350,富淼科技,29.45,0.6,2.08,29.44,29.45,28.85,29.36,29.88,28.6,2894066.0,84996241.0,15:34:59,2026-09-23
sh688351,微创电生理股份,17.93,0.2,1.128,17.93,17.94,17.73,17.75,17.97,17.68,2411363.0,43084770.0,15:00:01,2026-09-23
sh688352,颀中科技,19.81,-0.07,-0.352,19.81,19.82,19.88,19.89,20.17,19.7,18080265.0,360054161.0,15:00:02,2026-09-23
sh688353,华盛锂电,82.1,-0.77,-0.929,82.1,82.12,82.87,82.01,82.96,81.44,2100927.0,172517017.0,15:34:59,2026-09-23
sh688355,明志科技,17.12,0.06,0.352,17.12,17.13,17.06,16.97,17.18,16.91,725978.0,12391477.0,15:00:00,2026-09-23
sh688356,键凯科技,102.34,2.94,2.958,102.3,102.34,99.4,99.39,105.49,96.0,7092229.0,720327221.0,15:34:59,2026-09-23
sh688357,建龙微纳,26.94,0.45,1.699,26.88,26.94,26.49,26.5,27.16,26.5,723399.0,19448834.0,15:00:00,2026-09-23
sh688358,祥生医疗科技,29.35,0.38,1.312,29.34,29.35,28.97,29.29,29.5,28.83,875447.0,25578585.0,15:00:00,2026-09-23
sh688359,三孚新材料科技,115.29,5.65,5.153,115.25,115.29,109.64,111.92,115.96,108.73,4229873.0,482527335.0,15:34:59,2026-09-23
sh688360,德马科技,16.36,0.51,3.218,16.36,16.37,15.85,16.0,16.47,15.8,5404733.0,87551975.0,15:34:59,2026-09-23
sh688361,中科飞测,381.32,2.48,0.655,381.31,381.32,378.84,382.0,386.99,376.0,5507665.0,2101527740.0,15:34:59,2026-09-23
sh688362,甬矽电子,62.87,-0.51,-0.805,62.87,62.88,63.38,63.36,64.0,62.61,13797711.0,871837180.0,15:34:59,2026-09-23
sh688363,华熙生物,35.05,0.04,0.114,35.04,35.05,35.01,35.0,35.61,34.89,2738308.0,96428661.0,15:34:59,2026-09-23
sh688365,光云科技,16.5,-0.2,-1.198,16.5,16.51,16.7,16.87,17.0,16.2,38285321.0,634151085.0,15:34:59,2026-09-23
sh688366,昊海生物科技,30.4,0.3,0.997,30.4,30.41,30.1,30.4,30.5,29.88,432777.0,13118677.0,15:34:59,2026-09-23
sh688367,工大高科,30.83,0.63,2.086,30.83,30.87,30.2,30.1,31.17,29.71,1413109.0,43297351.0,15:00:00,2026-09-23
sh688368,晶丰明源半导体,146.97,1.04,0.713,146.97,146.98,145.93,146.98,150.0,144.28,4173568.0,617419517.0,15:34:59,2026-09-23
sh688369,致远互联,19.96,-0.37,-1.82,19.96,19.97,20.33,20.33,20.33,19.86,3106293.0,62201300.0,15:00:01,2026-09-23
sh688370,丛麟环保科技,28.4,1.63,6.089,28.38,28.4,26.77,26.72,28.71,26.61,2058741.0,57309948.0,15:34:59,2026-09-23
sh688371,菲沃泰纳米科技,25.47,0.65,2.619,25.47,25.49,24.82,25.25,26.59,24.83,8932707.0,230223977.0,15:34:59,2026-09-23
sh688372,伟测科技,116.8,1.22,1.056,116.8,116.81,115.58,115.8,118.62,115.0,4934733.0,577899395.0,15:34:59,2026-09-23
sh688373,盟科药业,6.02,-0.13,-2.114,6.02,6.03,6.15,6.03,6.15,5.89,33991175.0,204143528.0,15:34:59,2026-09-23
sh688375,国博电子,70.08,-0.79,-1.115,70.08,70.13,70.87,70.4,71.47,69.89,1724617.0,121335982.0,15:00:00,2026-09-23
sh688376,美埃科技,65.14,1.12,1.749,65.1,65.14,64.02,64.45,65.48,63.82,885322.0,57490329.0,15:00:00,2026-09-23
sh688377,迪威尔高端制造,17.27,-0.31,-1.763,17.27,17.3,17.58,17.66,17.66,17.1,1867468.0,32341321.0,15:00:00,2026-09-23
sh688378,奥来德光电,52.49,0.29,0.556,52.49,52.5,52.2,52.4,54.9,52.06,11523994.0,614083477.0,15:34:59,2026-09-23
sh688379,华光新材,64.17,7.87,13.979,64.17,64.18,56.3,56.68,64.5,56.35,8658117.0,528723108.0,15:34:59,2026-09-23
sh688380,中微半导,43.51,0.83,1.945,43.5,43.51,42.68,42.92,43.73,42.5,8831895.0,381860428.0,15:34:59,2026-09-23
sh688381,帝奥微电子,47.28,3.4,7.748,47.27,47.28,43.88,44.24,47.93,43.77,16735715.0,774737483.0,15:34:59,2026-09-23
sh688382,益方生物科技,19.91,-0.32,-1.582,19.91,19.92,20.23,20.03,20.6,19.88,9037266.0,182758213.0,15:00:00,2026-09-23
sh688383,新益昌科技,141.61,1.97,1.411,141.61,141.64,139.64,141.01,144.68,136.53,2281907.0,321488670.0,15:34:59,2026-09-23
sh688385,复旦微电,60.87,0.74,1.231,60.86,60.87,60.13,60.13,61.57,59.32,12143547.0,734003403.0,15:34:59,2026-09-23
sh688386,泛亚微透,51.73,4.03,8.449,51.73,51.77,47.7,47.51,52.8,47.08,5535609.0,278552913.0,15:34:59,2026-09-23
sh688387,中信科移动,12.43,-0.14,-1.114,12.43,12.44,12.57,12.65,12.7,12.4,19753743.0,247199171.0,15:34:59,2026-09-23
sh688388,嘉元科技,31.26,1.36,4.548,31.25,31.26,29.9,29.87,31.78,29.71,58665208.0,1816884935.0,15:34:59,2026-09-23
sh688389,深圳普门科技,11.19,0.06,0.539,11.19,11.22,11.13,11.16,11.33,11.13,2239537.0,25139009.0,15:00:01,2026-09-23
sh688390,固德威电源,58.87,-0.92,-1.539,58.86,58.87,59.79,60.23,60.45,58.61,4835292.0,286435510.0,15:00:00,2026-09-23
sh688391,钜泉科技,27.34,0.57,2.129,27.32,27.34,26.77,26.89,27.43,26.76,1559405.0,42297661.0,15:00:00,2026-09-23
sh688392,XD骄成超声波,177.35,-4.75,-2.608,177.35,177.38,182.1,182.89,185.21,176.5,3941165.0,707701686.0,15:34:59,2026-09-23
sh688393,安必平医药,22.53,0.15,0.67,22.53,22.55,22.38,22.38,22.82,21.93,3865236.0,86735305.0,15:34:59,2026-09-23
sh688395,深圳正弦电气股份,26.76,1.21,4.736,26.76,26.78,25.55,25.55,26.81,25.29,2183182.0,57593474.0,15:34:59,2026-09-23
sh688396,华润微电子,61.21,-0.25,-0.407,61.21,61.22,61.46,61.46,61.97,60.47,14502852.0,887716594.0,15:34:59,2026-09-23
sh688398,赛特新材,23.46,0.28,1.208,23.46,23.48,23.18,23.2,23.78,22.32,2708000.0,62287388.0,15:00:02,2026-09-23
sh688399,硕世生物,27.89,0.59,2.161,27.89,27.95,27.3,27.88,28.09,27.13,2532909.0,70223742.0,15:00:01,2026-09-23
sh688400,凌云光技术,47.44,0.5,1.065,47.43,47.44,46.94,46.9,47.88,46.7,7611121.0,360730939.0,15:00:00,2026-09-23
sh688401,路维光电,73.17,2.66,3.773,73.17,73.18,70.51,70.09,74.06,70.08,6998188.0,510532624.0,15:34:59,2026-09-23
sh688403,汇成股份,25.79,-0.14,-0.54,25.79,25.8,25.93,26.0,26.25,25.51,24652686.0,638469755.0,15:34:59,2026-09-23
sh688408,中信博新能源,23.17,0.35,1.534,23.17,23.18,22.82,22.98,23.65,22.76,3648151.0,84883367.0,15:00:00,2026-09-23
sh688409,富创精密,192.6,0.71,0.37,192.59,192.6,191.89,192.74,195.77,190.76,4344987.0,840996479.0,15:34:59,2026-09-23
sh688410,山外山血液净化,9.94,-0.08,-0.798,9.94,9.95,10.02,10.01,10.01,9.86,5954563.0,59215772.0,15:00:01,2026-09-23
sh688411,海博思创,165.48,-0.55,-0.331,165.46,165.48,166.03,165.11,167.11,164.41,1168723.0,193287457.0,15:00:02,2026-09-23
sh688416,恒烁股份,83.32,1.65,2.02,83.32,83.33,81.67,82.51,84.88,82.43,5563143.0,464493024.0,15:34:59,2026-09-23
sh688418,震有科技,32.26,0.28,0.876,32.26,32.27,31.98,32.09,32.6,31.7,2132935.0,68689425.0,15:00:00,2026-09-23
sh688419,耐科装备,53.55,0.85,1.613,53.54,53.55,52.7,52.98,54.0,52.41,2469081.0,132066764.0,15:34:59,2026-09-23
sh688420,天津美腾科技,23.31,0.16,0.691,23.2,23.31,23.15,23.09,23.41,22.85,716126.0,16583444.0,15:00:00,2026-09-23
sh688425,铁建重工,3.96,-0.02,-0.503,3.96,3.97,3.98,3.98,4.02,3.96,9602435.0,38297316.0,15:34:59,2026-09-23
sh688426,康为世纪生物科技,23.79,1.76,7.989,23.79,23.8,22.03,22.03,25.66,21.69,5895341.0,141220155.0,15:34:59,2026-09-23
sh688428,诺诚健华,33.4,1.4,4.375,33.4,33.42,32.0,31.94,34.12,31.6,21003924.0,692903463.0,15:34:59,2026-09-23
sh688429,时创能源,9.99,0.09,0.909,9.96,9.99,9.9,9.5,10.12,9.5,1412163.0,14085837.0,15:00:02,2026-09-23
sh688432,有研硅,55.0,2.44,4.642,54.99,55.0,52.56,52.71,55.84,52.12,64962376.0,3525575972.0,15:34:59,2026-09-23
sh688433,华曙高科,90.47,0.67,0.746,90.45,90.47,89.8,89.99,92.29,89.61,3962029.0,360149987.0,15:34:59,2026-09-23
sh688435,英方软件,30.8,-0.24,-0.773,30.79,30.8,31.04,31.04,31.04,30.09,2420525.0,73963750.0,15:00:00,2026-09-23
sh688439,振华风光,38.49,0.32,0.838,38.48,38.49,38.17,38.18,38.61,37.89,1700012.0,65061257.0,15:34:59,2026-09-23
sh688443,智翔金泰,25.49,0.3,1.191,25.49,25.5,25.19,25.1,25.93,25.0,4340379.0,110901786.0,15:00:00,2026-09-23
sh688448,南京磁谷科技,68.4,-0.9,-1.299,68.35,68.4,69.3,69.78,69.78,66.0,1891696.0,127732144.0,15:00:01,2026-09-23
sh688449,联芸科技,64.36,0.17,0.265,64.36,64.39,64.19,64.8,65.58,64.0,4224712.0,273713495.0,15:00:02,2026-09-23
sh688450,光格科技,33.88,0.59,1.772,33.77,33.88,33.29,33.33,34.15,32.94,1052229.0,35187439.0,15:34:59,2026-09-23
sh688455,科捷智能,18.0,0.17,0.953,18.0,18.01,17.83,17.85,18.16,17.67,2286010.0,40945563.0,15:00:01,2026-09-23
sh688456,有研粉材,78.4,2.12,2.779,78.4,78.42,76.28,76.28,79.26,75.76,7353363.0,573009113.0,15:34:59,2026-09-23
sh688458,美芯晟科技,39.83,1.47,3.832,39.83,39.86,38.36,38.55,40.37,38.33,2607243.0,102864181.0,15:00:00,2026-09-23
sh688459,哈铁科技,8.2,-0.01,-0.122,8.2,8.22,8.21,8.24,8.24,8.18,525432.0,4314149.0,15:00:00,2026-09-23
sh688466,金科环境,14.12,0.09,0.641,14.12,14.13,14.03,14.03,14.23,13.89,1058502.0,14906555.0,15:00:00,2026-09-23
sh688468,科美诊断,6.59,0.01,0.152,6.58,6.59,6.58,6.58,6.61,6.52,3337332.0,21952100.0,15:00:01,2026-09-23
sh688469,芯联集成,8.83,0.04,0.455,8.83,8.84,8.79,8.79,8.88,8.7,58206495.0,512082418.0,15:34:59,2026-09-23
sh688472,阿特斯阳光电力,8.53,-0.07,-0.814,8.52,8.53,8.6,8.6,8.67,8.52,19594198.0,168303133.0,15:34:59,2026-09-23
sh688475,萤石网络,28.18,0.35,1.258,28.18,28.19,27.83,27.82,28.28,27.66,3172057.0,88679793.0,15:00:01,2026-09-23
sh688478,晶升股份,53.18,4.81,9.944,53.17,53.18,48.37,48.4,55.7,48.08,11926544.0,623823740.0,15:34:59,2026-09-23
sh688479,用友汽车信息科技,37.74,1.24,3.397,37.74,37.75,36.5,36.33,38.06,36.0,3832126.0,143468688.0,15:00:00,2026-09-23
sh688480,赛恩斯环保,70.6,-0.6,-0.843,70.6,70.75,71.2,71.5,71.77,70.2,602940.0,42627439.0,15:00:00,2026-09-23
sh688484,南芯科技,34.7,-0.07,-0.201,34.7,34.71,34.77,34.85,35.3,34.63,3957843.0,138100004.0,15:34:59,2026-09-23
sh688485,九州一轨环科,128.02,7.52,6.241,128.02,128.08,120.5,120.0,129.8,117.99,8487070.0,1064962542.0,15:34:59,2026-09-23
sh688486,龙迅股份,50.0,-0.15,-0.299,50.0,50.01,50.15,50.0,50.88,48.89,6159902.0,307176174.0,15:34:59,2026-09-23
sh688488,艾迪药业,16.7,0.11,0.663,16.68,16.7,16.59,16.5,16.94,16.41,6557517.0,109388739.0,15:34:59,2026-09-23
sh688489,三未信安,28.92,2.89,11.103,28.9,28.92,26.03,26.15,30.07,25.67,6734361.0,188911218.0,15:00:01,2026-09-23
sh688496,*ST清越科技,0.58,0.0,0.0,0.0,0.0,0.58,0.0,0.0,0.0,0.0,0.0,15:35:34,2026-09-23
sh688498,源杰科技,1734.98,-18.12,-1.034,1734.75,1734.98,1753.1,1764.82,1810.0,1720.0,3467391.0,6095040847.0,15:34:59,2026-09-23
sh688499,广东利元亨,38.43,2.38,6.602,38.42,38.43,36.05,36.49,38.88,36.09,8920431.0,338476346.0,15:34:59,2026-09-23
sh688500,慧辰资讯股份公司,31.18,-1.32,-4.062,31.16,31.18,32.5,33.38,33.43,31.12,3332805.0,106326053.0,15:00:00,2026-09-23
sh688501,青岛达能环保,15.93,-0.06,-0.375,15.93,15.95,15.99,15.97,16.25,15.52,4567868.0,72353081.0,15:00:01,2026-09-23
sh688502,茂莱光学,440.23,4.18,0.959,440.22,440.23,436.05,442.0,445.81,435.19,1014280.0,447454797.0,15:00:02,2026-09-23
sh688503,聚和材料股份公司,80.6,-0.6,-0.739,80.6,80.61,81.2,81.64,85.64,79.16,19686253.0,1605264677.0,15:34:59,2026-09-23
sh688505,复旦张江股份,8.56,0.08,0.943,8.56,8.57,8.48,8.43,8.71,8.39,15004083.0,128842504.0,15:00:01,2026-09-23
sh688506,百利天恒药业,248.28,-2.54,-1.013,248.25,248.28,250.82,251.0,251.0,245.32,1746459.0,432794997.0,15:34:59,2026-09-23
sh688507,索辰科技,144.08,-0.72,-0.497,144.08,144.12,144.8,145.63,146.0,142.02,1890678.0,273353950.0,15:34:59,2026-09-23
sh688508,芯朋微电子,89.67,0.09,0.1,89.67,89.69,89.58,89.6,90.8,88.65,3983155.0,356755410.0,15:34:59,2026-09-23
sh688509,正元地信,4.17,-0.04,-0.95,4.17,4.18,4.21,4.21,4.26,4.15,4835957.0,20299415.0,15:00:00,2026-09-23
sh688510,航亚科技,24.97,-0.38,-1.499,24.97,24.99,25.35,25.35,25.38,24.52,6118231.0,152609664.0,15:00:01,2026-09-23
sh688511,天微电子,22.9,0.18,0.792,22.87,22.9,22.72,22.76,23.08,22.45,970907.0,22093237.0,15:00:02,2026-09-23
sh688512,慧智微电子,17.32,2.89,20.028,17.32,0.0,14.43,14.46,17.32,14.46,57972767.0,951464312.0,15:34:59,2026-09-23
sh688513,苑东生物,52.0,0.75,1.463,51.96,52.0,51.25,51.07,52.25,50.08,2211575.0,113761007.0,15:34:59,2026-09-23
sh688515,裕太微电子,158.0,6.1,4.016,158.0,158.06,151.9,153.2,161.28,150.95,3462512.0,540698181.0,15:34:59,2026-09-23
sh688516,奥特维科技,45.9,1.55,3.495,45.9,45.91,44.35,44.27,46.8,44.0,7314022.0,336601923.0,15:34:59,2026-09-23
sh688517,金冠电气,16.29,-0.11,-0.671,16.26,16.29,16.4,16.4,16.5,16.18,1423603.0,23218162.0,15:00:00,2026-09-23
sh688518,联赢激光股份,21.59,0.72,3.45,21.58,21.59,20.87,21.0,21.97,20.78,14048414.0,301832446.0,15:34:59,2026-09-23
sh688519,南亚新材料,309.5,-3.4,-1.087,309.45,309.5,312.9,312.14,317.63,306.8,5226938.0,1631009190.0,15:34:59,2026-09-23
sh688520,神州细胞集团公司,37.22,0.41,1.114,37.21,37.22,36.81,36.81,37.73,36.54,4175593.0,155824871.0,15:34:59,2026-09-23
sh688521,芯原微电子,210.2,2.17,1.043,210.2,210.24,208.03,208.6,214.87,207.55,13434102.0,2831506267.0,15:34:59,2026-09-23
sh688522,纳睿雷达科技,18.6,0.26,1.418,18.59,18.6,18.34,18.26,18.75,18.24,3137659.0,58091776.0,15:00:02,2026-09-23
sh688523,航天环宇科技,39.74,-0.45,-1.12,39.72,39.74,40.19,40.12,40.2,39.48,2102000.0,83593865.0,15:34:59,2026-09-23
sh688525,佰维存储,222.69,5.47,2.518,222.69,222.7,217.22,221.98,228.56,221.96,27334742.0,6124251553.0,15:34:59,2026-09-23
sh688526,武汉科前生物,12.36,-0.09,-0.723,12.36,12.38,12.45,12.5,12.5,12.29,862736.0,10654994.0,15:00:01,2026-09-23
sh688528,秦川物联网,10.24,0.03,0.294,10.2,10.24,10.21,10.21,10.3,10.04,1683523.0,17148936.0,15:00:00,2026-09-23
sh688529,豪森智能股份,15.39,0.53,3.567,15.39,15.42,14.86,14.87,15.45,14.62,1623541.0,24527191.0,15:00:01,2026-09-23
sh688530,欧莱新材,63.98,2.19,3.544,63.97,63.98,61.79,61.8,64.9,61.38,9647907.0,612445747.0,15:34:59,2026-09-23
sh688531,日联科技股份,148.16,3.16,2.179,148.1,148.16,145.0,145.22,151.0,145.0,3051729.0,453017298.0,15:34:59,2026-09-23
sh688533,上声电子股份,20.65,0.36,1.774,20.65,20.66,20.29,20.3,20.83,20.06,1775755.0,36292381.0,15:34:59,2026-09-23
sh688535,华海诚科新材料,116.0,6.96,6.383,115.97,116.0,109.04,111.0,116.88,108.47,9617134.0,1082585151.0,15:34:59,2026-09-23
sh688536,思瑞浦股份,357.97,2.26,0.635,357.5,357.97,355.71,353.08,360.85,350.48,1670636.0,595159826.0,15:00:00,2026-09-23
sh688538,和辉光电,2.07,-0.02,-0.957,2.07,2.08,2.09,2.09,2.1,2.07,32736054.0,68281571.0,15:34:59,2026-09-23
sh688539,高华科技,25.15,0.22,0.882,25.15,25.19,24.93,24.8,25.35,24.71,1667136.0,41860251.0,15:00:00,2026-09-23
sh688543,国科军工,43.22,-0.63,-1.437,43.22,43.24,43.85,43.67,43.85,42.95,4044715.0,175034585.0,15:34:59,2026-09-23
sh688545,兴福电子,79.19,1.86,2.405,79.18,79.19,77.33,76.9,81.19,76.9,9050105.0,718772957.0,15:34:59,2026-09-23
sh688548,广钢气体股份,33.54,0.2,0.6,33.53,33.54,33.34,33.25,34.37,32.85,19513310.0,654287527.0,15:34:59,2026-09-23
sh688549,中巨芯科技,23.78,0.25,1.062,23.77,23.78,23.53,23.56,24.14,23.45,40113225.0,954370309.0,15:34:59,2026-09-23
sh688550,瑞联新材料,38.92,0.7,1.832,38.92,38.93,38.22,38.2,39.67,38.19,3310947.0,129222372.0,15:00:01,2026-09-23
sh688551,科威尔股份,43.25,2.85,7.054,43.25,43.26,40.4,40.38,44.32,40.38,5476318.0,233786651.0,15:34:59,2026-09-23
sh688552,航天南湖,30.7,-0.46,-1.476,30.67,30.7,31.16,30.99,31.15,30.46,1864836.0,57242977.0,15:00:01,2026-09-23
sh688553,汇宇制药,12.73,-0.04,-0.313,12.73,12.74,12.77,12.71,12.95,12.59,13671050.0,174073483.0,15:34:59,2026-09-23
sh688556,高测科技股份,7.94,0.11,1.405,7.93,7.94,7.83,7.81,8.03,7.79,15414578.0,122633370.0,15:34:59,2026-09-23
sh688557,兰剑智能,21.42,0.24,1.133,21.42,21.45,21.18,21.03,21.65,20.98,1339806.0,28571581.0,15:00:02,2026-09-23
sh688558,国盛智科股份,34.19,0.6,1.786,34.15,34.19,33.59,33.76,34.3,33.52,1243894.0,42326380.0,15:00:00,2026-09-23
sh688559,海目星激光,59.19,1.53,2.653,59.19,59.2,57.66,58.09,60.94,58.07,13273192.0,797198441.0,15:34:59,2026-09-23
sh688560,明冠新材料,12.88,0.19,1.497,12.88,12.91,12.69,12.72,13.1,12.65,2579147.0,33323430.0,15:00:01,2026-09-23
sh688561,奇安信集团,29.36,-0.63,-2.101,29.35,29.36,29.99,29.98,29.98,29.29,7951366.0,234725558.0,15:34:59,2026-09-23
sh688562,航天软件股份,14.46,-0.08,-0.55,14.46,14.47,14.54,14.5,14.55,14.37,1824725.0,26403050.0,15:00:01,2026-09-23
sh688563,航空材料股份,54.21,-0.31,-0.569,54.21,54.25,54.52,54.5,54.73,53.71,2053748.0,111175755.0,15:00:01,2026-09-23
sh688565,力源科技,11.54,0.17,1.495,11.53,11.54,11.37,11.4,11.59,11.22,1881096.0,21492550.0,15:00:01,2026-09-23
sh688566,吉贝尔药业,27.97,1.07,3.978,27.96,27.97,26.9,26.88,28.45,26.82,3888678.0,107696782.0,15:34:59,2026-09-23
sh688567,孚能科技,9.02,-0.05,-0.551,9.02,9.03,9.07,9.06,9.12,9.01,4821001.0,43611118.0,15:00:00,2026-09-23
sh688568,中科星图公司,30.8,-0.51,-1.629,30.8,30.84,31.31,31.17,31.26,30.8,5173471.0,160154823.0,15:34:59,2026-09-23
sh688569,铁科轨道,18.54,-0.01,-0.054,18.54,18.59,18.55,18.7,18.7,18.42,649141.0,12085659.0,15:00:01,2026-09-23
sh688570,天玛智控,14.74,0.02,0.136,14.74,14.77,14.72,14.74,14.83,14.63,535934.0,7903089.0,15:00:00,2026-09-23
sh688571,杭华油墨股份,8.85,0.19,2.194,8.85,8.86,8.66,8.68,8.94,8.59,7015363.0,61632933.0,15:34:59,2026-09-23
sh688573,信宇人,17.15,1.58,10.148,17.15,17.17,15.57,15.68,17.77,15.41,7684211.0,128446937.0,15:00:01,2026-09-23
sh688575,亚辉龙生物,10.49,0.05,0.479,10.48,10.49,10.44,10.47,10.59,10.3,10859553.0,113895279.0,15:34:59,2026-09-23
sh688576,西山科技,41.15,0.82,2.033,41.15,41.23,40.33,40.5,41.48,39.99,530711.0,21728185.0,15:00:02,2026-09-23
sh688577,海德曼装备,41.93,-0.27,-0.64,41.92,41.93,42.2,42.25,42.49,41.62,670259.0,28167006.0,15:00:00,2026-09-23
sh688578,艾力斯医药科技,112.42,9.61,9.347,112.42,112.43,102.81,102.5,113.83,102.4,13356643.0,1468116222.0,15:34:59,2026-09-23
sh688579,地纬智能,7.94,-0.06,-0.75,7.94,7.97,8.0,8.04,8.04,7.89,2039565.0,16217154.0,15:34:59,2026-09-23
sh688580,伟思医疗,44.11,-0.09,-0.204,44.1,44.11,44.2,44.0,44.42,43.61,1073476.0,47202622.0,15:34:59,2026-09-23
sh688581,安杰思医学,56.31,0.11,0.196,56.31,56.32,56.2,56.2,56.69,55.77,665981.0,37361119.0,15:00:01,2026-09-23
sh688582,芯动联科,39.55,0.0,0.0,39.54,39.55,39.55,39.42,39.85,38.83,2793542.0,109685122.0,15:34:59,2026-09-23
sh688583,杭州思看科技,89.22,6.39,7.715,89.2,89.22,82.83,82.83,91.66,82.15,4491531.0,390344584.0,15:34:59,2026-09-23
sh688584,上海合晶硅材料,29.2,0.94,3.326,29.19,29.2,28.26,28.18,29.54,28.13,11612075.0,336001170.0,15:34:59,2026-09-23
sh688585,上纬新材,138.66,-2.71,-1.917,138.66,138.68,141.37,140.01,142.08,138.08,2528767.0,352916472.0,15:34:59,2026-09-23
sh688586,江航飞机装备,11.26,-0.02,-0.177,11.26,11.27,11.28,11.26,11.33,11.13,3703684.0,41638975.0,15:34:59,2026-09-23
sh688588,凌志软件,9.14,-0.13,-1.402,9.13,9.14,9.27,9.26,9.27,9.09,2353989.0,21546189.0,15:00:01,2026-09-23
sh688589,力合微电子,21.35,0.35,1.667,21.33,21.35,21.0,20.93,21.45,20.82,2905621.0,61657986.0,15:00:00,2026-09-23
sh688590,新致软件,12.48,-0.23,-1.81,12.48,12.49,12.71,12.7,12.7,12.4,5631380.0,70302301.0,15:00:01,2026-09-23
sh688591,泰凌微,33.16,1.88,6.01,33.14,33.16,31.28,31.34,33.65,31.3,11428814.0,374217035.0,15:34:59,2026-09-23
sh688592,司南导航,23.41,-0.26,-1.098,23.41,23.48,23.67,23.6,23.82,23.3,793660.0,18639347.0,15:00:01,2026-09-23
sh688593,新相微,32.87,1.69,5.42,32.86,32.87,31.18,31.2,33.17,31.18,18581860.0,603825258.0,15:34:59,2026-09-23
sh688595,芯海科技,32.18,0.23,0.72,32.16,32.18,31.95,31.95,32.38,31.65,2684388.0,86047984.0,15:00:00,2026-09-23
sh688596,正帆科技,66.8,1.62,2.485,66.8,66.85,65.18,65.13,67.72,65.0,10551512.0,701291667.0,15:34:59,2026-09-23
sh688597,煜邦电力,6.29,-0.13,-2.025,6.29,6.3,6.42,6.42,6.45,6.24,5617368.0,35596165.0,15:00:01,2026-09-23
sh688598,金博碳素股份,36.4,1.17,3.321,36.4,36.41,35.23,35.23,36.88,35.01,11812202.0,426834414.0,15:34:59,2026-09-23
sh688599,天合光能,11.2,0.06,0.539,11.19,11.2,11.14,11.13,11.32,11.08,22693457.0,254515297.0,15:34:59,2026-09-23
sh688600,皖仪科技,38.59,1.59,4.297,38.59,38.61,37.0,37.0,39.29,36.55,6487905.0,247667516.0,15:34:59,2026-09-23
sh688601,力芯微股份,62.86,1.78,2.914,62.84,62.86,61.08,61.08,63.88,60.93,3770321.0,237308891.0,15:00:01,2026-09-23
sh688602,康鹏科技,6.9,-0.05,-0.719,6.9,6.91,6.95,6.96,7.02,6.9,3698606.0,25666790.0,15:00:02,2026-09-23
sh688603,天承科技,128.64,8.14,6.755,128.64,128.66,120.5,121.0,130.0,120.68,8393595.0,1062872161.0,15:34:59,2026-09-23
sh688605,先锋精科,86.51,0.96,1.122,86.51,86.52,85.55,85.85,87.68,85.45,2601803.0,224891955.0,15:34:59,2026-09-23
sh688606,奥泰生物,47.59,0.61,1.298,47.59,47.76,46.98,46.75,47.84,46.67,271260.0,12878314.0,15:00:01,2026-09-23
sh688607,康众数字医疗科技,38.99,-0.14,-0.358,38.99,39.0,39.13,39.63,39.63,38.57,893702.0,34916066.0,15:00:01,2026-09-23
sh688608,恒玄科技,113.5,0.53,0.469,113.5,113.51,112.97,113.5,116.8,111.6,7728401.0,880138652.0,15:34:59,2026-09-23
sh688609,广东九联科技,9.56,-0.14,-1.443,9.55,9.56,9.7,9.65,9.69,9.48,10850363.0,103659788.0,15:00:01,2026-09-23
sh688610,埃科光电,172.46,0.39,0.227,172.46,172.48,172.07,175.51,176.0,169.3,1213674.0,208664923.0,15:00:01,2026-09-23
sh688611,杭州柯林股份,68.7,-0.58,-0.837,68.7,68.8,69.28,69.0,70.55,68.07,1150191.0,79892172.0,15:00:02,2026-09-23
sh688612,威迈斯,36.5,-0.04,-0.109,36.5,36.51,36.54,36.54,37.01,36.3,3573800.0,130646216.0,15:00:00,2026-09-23
sh688613,奥精医疗,21.29,0.89,4.363,21.27,21.29,20.4,20.24,21.3,20.24,11064909.0,230800992.0,15:34:59,2026-09-23
sh688615,合合信息,90.74,-2.75,-2.941,90.74,90.77,93.49,93.95,94.35,90.58,4920724.0,450215586.0,15:34:59,2026-09-23
sh688616,西力科技,10.95,-0.02,-0.182,10.91,10.95,10.97,11.0,11.0,10.82,1313247.0,14298393.0,15:00:01,2026-09-23
sh688617,惠泰医疗,245.56,2.14,0.879,245.56,246.0,243.42,243.95,249.5,241.23,1105051.0,271497553.0,15:00:01,2026-09-23
sh688618,三旺通信,30.0,-0.41,-1.348,29.94,30.0,30.41,30.41,30.58,29.86,1317259.0,39622923.0,15:00:01,2026-09-23
sh688619,罗普特科技,14.84,-0.06,-0.403,14.83,14.84,14.9,14.9,14.95,14.14,2293909.0,33890500.0,15:00:01,2026-09-23
sh688620,安凯微电子,18.36,0.21,1.157,18.36,18.37,18.15,18.08,18.54,17.85,18286273.0,332856921.0,15:34:59,2026-09-23
sh688621,阳光诺和,75.26,0.71,0.952,75.26,75.27,74.55,74.18,76.46,73.67,2119587.0,159371062.0,15:34:59,2026-09-23
sh688622,*ST禾信仪器,136.82,-1.24,-0.898,136.82,137.0,138.06,138.18,140.8,135.03,696113.0,96058702.0,15:34:59,2026-09-23
sh688623,双元科技,63.4,4.0,6.734,63.38,63.4,59.4,59.39,63.95,58.91,1647858.0,102908547.0,15:34:59,2026-09-23
sh688625,呈和科技,72.11,2.49,3.577,72.11,72.12,69.62,69.55,73.33,69.29,7266751.0,519830412.0,15:34:59,2026-09-23
sh688626,翔宇医疗,44.22,0.22,0.5,44.18,44.22,44.0,44.3,44.78,43.57,3356521.0,148187487.0,15:00:01,2026-09-23
sh688627,精智达技术,475.0,-2.88,-0.603,475.0,475.07,477.88,483.79,483.79,472.06,1726274.0,823061082.0,15:34:59,2026-09-23
sh688628,优利德科技,114.44,19.07,19.996,114.44,0.0,95.37,98.49,114.44,95.45,13252679.0,1408430447.0,15:00:01,2026-09-23
sh688629,四川华丰科技,123.15,-2.13,-1.7,123.14,123.15,125.28,125.52,126.4,122.7,7868014.0,974980553.0,15:34:59,2026-09-23
sh688630,芯碁微装,440.68,12.99,3.037,440.67,440.68,427.69,430.0,448.88,426.5,3496148.0,1538312614.0,15:34:59,2026-09-23
sh688631,莱斯信息,38.07,0.29,0.768,38.07,38.1,37.78,37.94,38.65,37.5,1304097.0,49744923.0,15:00:02,2026-09-23
sh688633,星球石墨,22.62,0.11,0.489,22.62,22.63,22.51,22.51,22.67,22.41,1483871.0,33484903.0,15:00:01,2026-09-23
sh688635,长进光子,288.8,4.28,1.504,288.79,288.8,284.52,284.63,291.94,281.1,1361176.0,391354560.0,15:34:59,2026-09-23
sh688636,智明达电子,21.01,-0.16,-0.756,21.01,21.05,21.17,21.14,21.55,20.83,4866919.0,102600299.0,15:00:01,2026-09-23
sh688638,誉辰智能,34.22,0.5,1.483,34.22,34.26,33.72,33.77,34.38,33.3,474233.0,16123860.0,15:00:01,2026-09-23
sh688639,华恒生物,18.29,-0.29,-1.561,18.29,18.31,18.58,18.5,18.68,18.25,5256662.0,96706797.0,15:00:01,2026-09-23
sh688646,逸飞激光,77.59,-2.14,-2.684,77.57,77.59,79.73,79.57,80.08,76.75,1873134.0,145981551.0,15:00:00,2026-09-23
sh688648,中邮科技,29.39,-0.13,-0.44,29.34,29.39,29.52,29.69,29.69,29.23,859106.0,25247010.0,15:00:00,2026-09-23
sh688651,远江盛邦安全,25.51,0.37,1.472,25.5,25.51,25.14,25.13,25.95,24.58,2973353.0,75675027.0,15:00:02,2026-09-23
sh688652,京仪装备,147.42,-0.58,-0.392,147.42,147.5,148.0,148.99,149.4,146.62,2708889.0,400170862.0,15:34:59,2026-09-23
sh688653,康希通信,15.68,0.42,2.752,15.67,15.68,15.26,15.3,15.82,15.13,12814044.0,198732798.0,15:00:01,2026-09-23
sh688655,迅捷兴科技,78.15,0.94,1.217,78.15,78.17,77.21,77.58,80.78,76.1,12715986.0,991928996.0,15:34:59,2026-09-23
sh688656,浩欧博生物,141.04,23.51,20.003,141.04,0.0,117.53,116.72,141.04,116.34,1799434.0,245564931.0,15:00:01,2026-09-23
sh688657,浩辰软件,34.39,0.47,1.386,34.39,34.4,33.92,33.92,34.55,33.53,965777.0,32960439.0,15:00:01,2026-09-23
sh688658,悦康药业,13.8,-0.04,-0.289,13.8,13.81,13.84,13.94,13.97,13.6,11704815.0,161585876.0,15:34:59,2026-09-23
sh688659,元琛科技,9.31,0.03,0.323,9.31,9.32,9.28,9.28,9.39,9.17,2277827.0,21163422.0,15:00:00,2026-09-23
sh688660,电气风电,8.92,-0.18,-1.978,8.92,8.93,9.1,9.07,9.17,8.92,20959670.0,188990474.0,15:34:59,2026-09-23
sh688661,和林微纳科技,108.29,2.14,2.016,108.27,108.29,106.15,107.68,109.48,105.96,2731493.0,294722653.0,15:34:59,2026-09-23
sh688662,广东富信科技,130.61,18.22,16.211,130.61,130.65,112.39,118.87,134.86,115.3,20729278.0,2599490321.0,15:34:59,2026-09-23
sh688663,新风光科技,57.05,-0.6,-1.041,57.05,57.06,57.65,57.57,58.8,56.95,1865826.0,107800737.0,15:00:01,2026-09-23
sh688665,四方光电股份,46.98,4.02,9.358,46.97,46.98,42.96,43.06,47.13,42.97,1839229.0,84054794.0,15:34:59,2026-09-23
sh688667,菱电电控,103.61,5.41,5.509,103.61,103.64,98.2,97.84,104.77,97.84,955686.0,97153256.0,15:00:01,2026-09-23
sh688668,鼎通科技,244.89,-9.11,-3.587,244.88,244.89,254.0,255.02,256.89,242.77,4784398.0,1194446833.0,15:34:59,2026-09-23
sh688669,聚石化学股份,69.07,-0.93,-1.329,69.06,69.07,70.0,70.5,72.38,68.75,2987929.0,210983415.0,15:34:59,2026-09-23
sh688670,金迪克生物,18.89,-0.11,-0.579,18.89,18.93,19.0,19.0,19.51,18.7,2289954.0,43704911.0,15:00:02,2026-09-23
sh688671,碧兴物联,26.81,0.11,0.412,26.8,26.81,26.7,26.89,27.0,26.31,1248461.0,33293763.0,15:34:59,2026-09-23
sh688676,海南金盘智能科技,64.2,-0.47,-0.727,64.19,64.2,64.67,64.73,65.0,63.71,5007974.0,321206846.0,15:34:59,2026-09-23
sh688677,青岛海泰新光,87.48,8.2,10.343,87.48,87.49,79.28,79.55,89.4,78.76,9521193.0,807054102.0,15:34:59,2026-09-23
sh688678,福立旺精密,31.43,3.63,13.058,31.41,31.43,27.8,27.9,32.32,27.9,49341804.0,1489629573.0,15:34:59,2026-09-23
sh688679,通源环境,41.8,1.37,3.389,41.8,41.83,40.43,40.99,42.69,40.17,4376274.0,182919582.0,15:00:02,2026-09-23
sh688680,海优新材,38.57,0.14,0.364,38.55,38.57,38.43,38.0,39.34,37.8,3031534.0,117010250.0,15:34:59,2026-09-23
sh688681,科汇电力自动化,15.51,-0.01,-0.064,15.51,15.57,15.52,15.49,15.61,15.29,1388857.0,21477971.0,15:00:00,2026-09-23
sh688682,霍莱沃技术,31.62,0.11,0.349,31.55,31.62,31.51,31.64,31.7,31.02,819242.0,25717777.0,15:00:00,2026-09-23
sh688683,莱尔科技,31.95,-0.16,-0.498,31.89,31.95,32.11,32.14,32.44,31.79,1134301.0,36320997.0,15:00:01,2026-09-23
sh688685,迈信林航空股份,34.87,-0.78,-2.188,34.84,34.87,35.65,35.27,35.36,33.4,4856985.0,166300042.0,15:00:01,2026-09-23
sh688686,奥普特科技,141.79,0.64,0.453,141.7,141.79,141.15,140.68,143.39,140.24,917109.0,130301389.0,15:00:01,2026-09-23
sh688687,北京凯因科技,18.7,0.1,0.538,18.69,18.7,18.6,18.52,18.79,18.52,3424617.0,63951051.0,15:00:01,2026-09-23
sh688689,常州银河微电,42.69,0.77,1.837,42.68,42.69,41.92,42.05,42.94,41.33,8450663.0,356355992.0,15:34:59,2026-09-23
sh688690,纳微科技,49.21,1.34,2.799,49.2,49.21,47.87,47.6,50.26,47.6,12817017.0,633002724.0,15:34:59,2026-09-23
sh688691,灿芯半导体股份,65.49,-0.06,-0.092,65.47,65.49,65.55,65.95,66.37,64.86,2442431.0,160174544.0,15:34:59,2026-09-23
sh688692,达梦数据,206.62,-3.25,-1.549,206.62,206.71,209.87,208.01,209.44,206.3,635769.0,131802838.0,15:34:59,2026-09-23
sh688693,锴威特,79.05,2.14,2.782,79.05,79.06,76.91,78.0,79.66,76.21,1361934.0,106981148.0,15:00:01,2026-09-23
sh688695,中创股份,19.93,0.16,0.809,19.9,19.93,19.77,19.8,20.0,19.58,921709.0,18272756.0,15:00:01,2026-09-23
sh688696,极米科技,86.71,-2.04,-2.299,86.68,86.71,88.75,90.2,90.2,85.88,1048291.0,91390484.0,15:00:01,2026-09-23
sh688697,纽威数控装备,15.27,0.34,2.277,15.27,15.28,14.93,15.08,15.27,14.93,5915727.0,89681866.0,15:34:59,2026-09-23
sh688698,伟创电气,44.45,0.08,0.18,44.45,44.47,44.37,44.14,44.95,43.8,2534317.0,112677843.0,15:34:59,2026-09-23
sh688699,明微电子,70.54,0.77,1.104,70.52,70.54,69.77,69.35,71.5,69.35,3960516.0,279861133.0,15:34:59,2026-09-23
sh688700,XD东威科技,67.88,3.18,4.915,67.87,67.88,64.7,64.7,69.0,64.12,15630217.0,1054642990.0,15:34:59,2026-09-23
sh688701,浙江卓锦股份,8.7,0.01,0.115,8.66,8.7,8.69,8.73,8.83,8.57,1443294.0,12540877.0,15:00:00,2026-09-23
sh688702,盛科通信,335.0,7.0,2.134,334.99,335.0,328.0,328.0,349.0,323.89,9165512.0,3095329734.0,15:34:59,2026-09-23
sh688707,振华新材料,10.28,0.04,0.391,10.28,10.29,10.24,10.29,10.33,10.15,2641838.0,27123733.0,15:00:01,2026-09-23
sh688708,佳驰科技,40.76,0.14,0.345,40.76,40.78,40.62,40.62,41.07,40.32,853088.0,34692365.0,15:00:01,2026-09-23
sh688709,成都华微,25.98,0.28,1.089,25.95,25.98,25.7,25.58,26.16,25.43,3351663.0,86407854.0,15:34:59,2026-09-23
sh688710,益诺思生物,104.77,13.2,14.415,104.68,104.77,91.57,92.05,105.5,92.05,6916653.0,699425869.0,15:34:59,2026-09-23
sh688711,江苏宏微科技,29.8,1.68,5.974,29.79,29.8,28.12,28.29,30.45,28.13,15468983.0,454525874.0,15:34:59,2026-09-23
sh688712,北芯生命,32.28,0.4,1.255,32.28,32.3,31.88,31.7,32.58,31.61,2187228.0,70660527.0,15:34:59,2026-09-23
sh688716,中研股份,26.86,-0.64,-2.327,26.85,26.86,27.5,26.9,27.41,26.72,2049861.0,55375676.0,15:00:00,2026-09-23
sh688717,艾罗能源,43.29,-0.97,-2.192,43.29,43.3,44.26,44.38,44.45,42.97,6055616.0,263710548.0,15:34:59,2026-09-23
sh688718,唯赛勃科技,15.43,0.12,0.784,15.43,15.45,15.31,15.28,15.59,15.0,2632191.0,40474565.0,15:00:01,2026-09-23
sh688719,爱科赛博,62.05,5.6,9.92,62.05,62.07,56.45,56.0,63.28,56.0,7982098.0,480718316.0,15:34:59,2026-09-23
sh688720,艾森股份,70.03,2.44,3.61,70.03,70.04,67.59,67.93,70.72,67.9,3702814.0,257819858.0,15:34:59,2026-09-23
sh688721,龙图光罩,42.4,1.48,3.617,42.4,42.42,40.92,40.8,42.98,40.77,3640120.0,152589153.0,15:34:59,2026-09-23
sh688722,同益中新材料,14.57,0.13,0.9,14.56,14.57,14.44,14.5,14.67,14.37,2721431.0,39494556.0,15:00:00,2026-09-23
sh688726,拉普拉斯,47.85,2.75,6.098,47.83,47.85,45.1,45.0,48.88,45.0,12400139.0,591108314.0,15:34:59,2026-09-23
sh688727,恒坤新材,49.14,0.63,1.299,49.14,49.15,48.51,48.66,49.49,48.0,2428747.0,118563185.0,15:34:59,2026-09-23
sh688728,格科微有限公司,14.74,-0.1,-0.674,14.73,14.74,14.84,14.85,14.89,14.66,18722552.0,276297326.0,15:34:59,2026-09-23
sh688729,屹唐半导体股份,24.65,-0.11,-0.444,24.64,24.65,24.76,24.81,25.05,24.56,22437114.0,555200932.0,15:34:59,2026-09-23
sh688733,壹石通,29.85,0.68,2.331,29.83,29.85,29.17,29.11,30.24,28.88,4532112.0,134752963.0,15:34:59,2026-09-23
sh688737,中自科技,17.58,0.42,2.448,17.57,17.58,17.16,17.16,17.75,16.98,1545995.0,26865459.0,15:34:59,2026-09-23
sh688739,成大生物,20.92,-0.06,-0.286,20.92,20.94,20.98,21.04,21.14,20.9,1888910.0,39698914.0,15:00:02,2026-09-23
sh688750,湘投金天钛业,14.16,-0.06,-0.422,14.15,14.16,14.22,14.34,14.34,14.13,1312646.0,18610354.0,15:00:00,2026-09-23
sh688755,汉邦科技,31.45,1.55,5.184,31.37,31.45,29.9,30.34,31.8,29.7,6525164.0,201136336.0,15:00:00,2026-09-23
sh688757,胜科纳米,33.09,1.93,6.194,33.08,33.09,31.16,31.28,33.38,31.1,14227139.0,462093291.0,15:34:59,2026-09-23
sh688758,赛分科技,33.63,-0.33,-0.972,33.62,33.63,33.96,33.52,34.79,32.67,14316669.0,480156561.0,15:34:59,2026-09-23
sh688759,必贝特,23.4,-0.22,-0.931,23.39,23.4,23.62,23.8,23.96,23.0,4328232.0,101355681.0,15:00:01,2026-09-23
sh688765,武汉禾元生物,42.55,3.02,7.64,42.55,42.58,39.53,39.5,45.47,39.09,11628997.0,495958142.0,15:34:59,2026-09-23
sh688766,普冉半导体,431.0,2.6,0.607,431.0,431.05,428.4,437.0,443.0,428.52,7874940.0,3426601944.0,15:34:59,2026-09-23
sh688767,杭州博拓生物科技,43.4,0.28,0.649,43.4,43.54,43.12,42.87,44.38,42.72,3464338.0,151888075.0,15:34:59,2026-09-23
sh688768,容知日新,47.64,-1.19,-2.437,47.64,47.68,48.83,48.59,49.5,47.47,895978.0,43236123.0,15:00:00,2026-09-23
sh688772,珠海冠宇电池,13.62,-0.19,-1.376,13.62,13.63,13.81,13.79,13.83,13.59,12521955.0,170937411.0,15:34:59,2026-09-23
sh688775,影石创新,95.0,0.32,0.338,95.0,95.01,94.68,95.49,97.19,94.6,4757007.0,455995795.0,15:34:59,2026-09-23
sh688776,国光电气,52.0,4.85,10.286,51.99,52.0,47.15,47.09,53.43,46.6,4508435.0,225746371.0,15:34:59,2026-09-23
sh688777,中控技术,81.29,-0.43,-0.526,81.29,81.3,81.72,81.85,82.01,79.96,10432384.0,844533377.0,15:34:59,2026-09-23
sh688778,厦钨新能源,43.33,0.15,0.347,43.33,43.35,43.18,43.28,43.57,42.85,3156391.0,136407311.0,15:34:59,2026-09-23
sh688779,五矿新能,7.63,0.06,0.793,7.63,7.64,7.57,7.56,7.67,7.53,15368413.0,117149828.0,15:34:59,2026-09-23
sh688781,视涯科技,51.56,-0.39,-0.751,51.56,51.62,51.95,51.94,53.02,50.0,9920460.0,513115932.0,15:34:59,2026-09-23
sh688783,西安奕材,30.0,0.22,0.739,30.0,30.01,29.78,29.99,30.5,29.06,22533320.0,672621564.0,15:34:59,2026-09-23
sh688785,恒运昌股份,381.0,5.38,1.432,381.0,381.02,375.62,369.95,401.0,365.0,818016.0,316144626.0,15:34:59,2026-09-23
sh688786,悦安新材,28.96,0.17,0.59,28.95,28.96,28.79,29.19,29.35,28.36,3098555.0,89651499.0,15:34:59,2026-09-23
sh688787,海天瑞声,92.56,-0.42,-0.452,92.56,92.58,92.98,93.38,93.8,91.28,1410540.0,130370542.0,15:00:02,2026-09-23
sh688788,科思科技,29.62,-0.09,-0.303,29.61,29.62,29.71,29.91,30.05,29.09,1681804.0,49801409.0,15:00:01,2026-09-23
sh688789,杭州宏华数码科技,51.01,4.96,10.771,51.01,51.08,46.05,46.3,52.43,46.01,5602343.0,279524566.0,15:34:59,2026-09-23
sh688790,昂瑞微,110.13,0.55,0.502,110.13,110.14,109.58,109.15,112.77,108.05,2788402.0,306685374.0,15:34:59,2026-09-23
sh688793,倍轻松科技,18.49,-0.07,-0.377,18.49,18.5,18.56,18.4,18.71,18.16,1637003.0,30213257.0,15:00:02,2026-09-23
sh688795,摩尔线程,435.0,-8.0,-1.806,434.99,435.0,443.0,443.0,449.0,432.03,4453623.0,1952016681.0,15:34:59,2026-09-23
sh688796,百奥赛图,135.5,1.37,1.021,135.5,135.55,134.13,133.47,140.98,132.2,3058614.0,418277164.0,15:34:59,2026-09-23
sh688797,臻宝科技,281.88,-2.12,-0.746,281.88,281.9,284.0,285.0,286.0,280.48,2104247.0,595942237.0,15:34:59,2026-09-23
sh688798,艾为电子,58.06,-0.7,-1.191,58.05,58.06,58.76,58.98,58.98,57.39,3222421.0,186853282.0,15:34:59,2026-09-23
sh688799,华纳大药厂,58.08,-0.82,-1.392,58.06,58.08,58.9,58.3,60.4,57.95,2903617.0,170967875.0,15:00:01,2026-09-23
sh688800,瑞可达连接系统,66.88,-1.78,-2.592,66.88,66.89,68.66,68.67,69.3,66.51,7926507.0,536049981.0,15:00:02,2026-09-23
sh688801,燧原科技,493.5,-16.33,-3.203,493.48,493.5,509.83,510.0,515.97,487.51,1910299.0,950352830.0,15:34:59,2026-09-23
sh688802,沐曦股份,566.42,-14.58,-2.509,566.42,566.81,581.0,582.86,585.65,561.5,3141399.0,1799658883.0,15:34:59,2026-09-23
sh688805,健信超导,41.18,0.61,1.504,41.18,41.19,40.57,40.57,41.8,40.21,1245023.0,51118354.0,15:34:59,2026-09-23
sh688806,泰诺麦博,26.46,0.92,3.602,26.46,26.5,25.54,25.3,27.0,25.2,9788622.0,258235871.0,15:34:59,2026-09-23
sh688807,优迅芯片股份,361.32,14.32,4.127,361.3,361.32,347.0,349.0,372.0,343.13,2008449.0,718917172.0,15:34:59,2026-09-23
sh688808,联讯仪器,2280.02,-35.98,-1.554,2280.0,2280.02,2316.0,2320.0,2333.0,2270.0,703307.0,1611689865.0,15:34:59,2026-09-23
sh688809,强一股份,505.01,-2.09,-0.412,505.01,506.0,507.1,509.07,511.99,504.03,593722.0,301436091.0,15:00:01,2026-09-23
sh688811,有研金属复材,20.82,0.07,0.337,20.82,20.83,20.75,20.6,20.93,20.39,3824626.0,79156768.0,15:34:59,2026-09-23
sh688813,泰金新能,161.24,17.24,11.972,161.22,161.24,144.0,146.0,169.66,142.01,8905557.0,1372117043.0,15:34:59,2026-09-23
sh688816,易思维,48.44,0.59,1.233,48.44,48.45,47.85,48.08,48.98,47.7,347206.0,16814251.0,15:00:02,2026-09-23
sh688818,中电科蓝天科技,42.76,-0.53,-1.224,42.74,42.76,43.29,43.03,43.3,42.42,3854423.0,164834871.0,15:34:59,2026-09-23
sh688819,天能电池集团股份,20.95,0.11,0.528,20.95,20.98,20.84,20.79,21.05,20.73,1557209.0,32598056.0,15:00:01,2026-09-23
sh688820,盛合晶微,133.57,-1.29,-0.957,133.57,133.58,134.86,135.16,136.28,133.07,7129931.0,957929656.0,15:34:59,2026-09-23
sh688825,长鑫科技,58.62,0.76,1.314,58.62,58.63,57.86,58.5,59.83,58.2,206428074.0,12149442188.0,15:34:59,2026-09-23
sh688826,频准激光,858.78,64.58,8.131,858.58,858.78,794.2,813.0,862.35,813.0,1351630.0,1144876363.0,15:00:01,2026-09-23
sh688828,国仪公司,95.86,3.86,4.196,95.86,95.87,92.0,96.22,98.72,93.8,4316204.0,415743685.0,15:34:59,2026-09-23
sh688835,高凯技术,354.88,-5.2,-1.444,354.85,354.88,360.08,359.3,364.92,347.36,1672927.0,593986983.0,15:34:59,2026-09-23
sh688836,宇树科技,490.97,1.77,0.362,490.97,490.98,489.2,488.46,495.0,483.11,1686742.0,828074690.0,15:34:59,2026-09-23
sh688837,C信诺维,53.6,0.72,1.362,53.6,53.61,52.88,52.0,56.9,52.0,20373897.0,1110246149.0,15:34:59,2026-09-23
sh688981,中芯国际,121.39,-1.02,-0.833,121.38,121.39,122.41,122.4,122.41,120.8,18342178.0,2229438568.0,15:34:59,2026-09-23
sz000001,平安银行,11.6,-0.11,-0.939,11.59,11.6,11.71,11.68,11.71,11.55,90672565.0,1052015092.0,15:36:00,2026-09-23
sz000002,万 科Ａ,3.92,0.11,2.887,3.92,3.93,3.81,3.81,4.19,3.75,1066284665.0,4292102817.0,15:35:15,2026-09-23
sz000006,深振业Ａ,7.24,-0.05,-0.686,7.24,7.25,7.29,7.22,7.53,7.18,31283274.0,230403327.0,15:35:30,2026-09-23
sz000007,全新好,11.61,-0.14,-1.191,11.61,11.62,11.75,11.7,11.76,11.5,5834000.0,67579488.0,15:35:45,2026-09-23
sz000008,神州高铁,2.38,-0.04,-1.653,2.37,2.38,2.42,2.42,2.44,2.37,28440200.0,68324689.0,15:36:00,2026-09-23
sz000009,中国宝安,7.0,-0.04,-0.568,7.0,7.01,7.04,7.01,7.08,6.99,10562095.0,74316011.0,15:35:15,2026-09-23
sz000010,*ST美丽,1.52,-0.05,-3.185,1.51,1.52,1.57,1.56,1.56,1.49,17512207.0,26594967.0,15:35:30,2026-09-23
sz000011,深物业A,9.59,-0.03,-0.312,9.59,9.6,9.62,9.59,9.92,9.52,19456843.0,188716952.0,15:35:45,2026-09-23
sz000012,南 玻Ａ,3.77,0.01,0.266,3.76,3.77,3.76,3.75,3.83,3.74,25602580.0,97169484.0,15:36:00,2026-09-23
sz000014,沙河股份,10.82,-0.05,-0.46,10.82,10.83,10.87,10.95,11.18,10.77,7269500.0,79625309.0,15:35:15,2026-09-23
sz000016,*ST康佳A,0.0,0.0,0.0,0.0,0.0,2.46,0.0,0.0,0.0,0.0,0.0,15:35:30,2026-09-23
sz000017,深中华A,7.69,-0.41,-5.062,7.69,7.7,8.1,8.0,8.09,7.62,67510485.0,527136070.0,15:35:45,2026-09-23
sz000019,深粮控股,6.96,-0.02,-0.287,6.95,6.96,6.98,7.09,7.1,6.92,14563980.0,101880143.0,15:36:00,2026-09-23
sz000020,深华发Ａ,13.59,-0.45,-3.205,13.59,13.6,14.04,14.27,14.3,13.51,9256401.0,127689344.0,15:35:15,2026-09-23
sz000021,深科技,36.91,-0.1,-0.27,36.91,36.92,37.01,37.2,37.3,36.5,50475372.0,1862319124.0,15:35:30,2026-09-23
sz000025,特 力Ａ,15.04,-0.01,-0.066,15.03,15.04,15.05,15.07,15.3,15.0,4488125.0,67901929.0,15:35:45,2026-09-23
sz000026,飞亚达,19.9,-0.05,-0.251,19.89,19.9,19.95,20.0,20.1,19.76,4040100.0,80373023.0,15:36:00,2026-09-23
sz000027,深圳能源,6.23,-0.05,-0.796,6.22,6.23,6.28,6.29,6.29,6.22,12811904.0,79984842.0,15:35:15,2026-09-23
sz000028,国药一致,19.72,-0.18,-0.905,19.72,19.74,19.9,19.9,19.95,19.71,1930585.0,38220499.0,15:35:30,2026-09-23
sz000029,深深房Ａ,21.88,-0.38,-1.707,21.88,21.89,22.26,22.04,22.23,21.68,7104927.0,155976707.0,15:35:45,2026-09-23
sz000030,富奥股份,3.93,-0.02,-0.506,3.93,3.94,3.95,3.95,3.97,3.92,7229245.0,28513359.0,15:36:00,2026-09-23
sz000031,大悦城,2.35,-0.05,-2.083,2.35,2.36,2.4,2.37,2.47,2.35,83197717.0,200523724.0,15:35:15,2026-09-23
sz000032,深桑达Ａ,14.53,0.03,0.207,14.53,14.54,14.5,14.45,14.73,14.32,24940554.0,361649786.0,15:35:30,2026-09-23
sz000034,神州数码,23.28,-0.36,-1.523,23.28,23.29,23.64,23.51,23.62,23.24,11699690.0,273706962.0,15:35:45,2026-09-23
sz000035,中国天楹,4.91,-0.04,-0.808,4.91,4.92,4.95,4.96,4.96,4.89,18955700.0,93219459.0,15:36:00,2026-09-23
sz000036,华联控股,4.06,0.01,0.247,4.05,4.06,4.05,4.03,4.33,4.02,68437290.0,285293451.0,15:35:15,2026-09-23
sz000037,深南电A,9.01,-0.39,-4.149,9.01,9.02,9.4,9.41,9.41,8.96,22563300.0,205070217.0,15:35:30,2026-09-23
sz000039,中集集团,8.79,-0.23,-2.55,8.78,8.79,9.02,9.05,9.05,8.78,22482792.0,199241708.0,15:35:45,2026-09-23
sz000042,中洲控股,8.41,0.0,0.0,8.4,8.41,8.41,8.4,8.87,8.37,8928310.0,76465027.0,15:36:00,2026-09-23
sz000045,深纺织Ａ,11.25,0.07,0.626,11.24,11.25,11.18,11.12,11.47,11.12,3552100.0,40106033.0,15:35:15,2026-09-23
sz000048,京基智农,19.1,-0.37,-1.9,19.08,19.1,19.47,19.47,19.73,18.6,19967213.0,379898352.0,15:35:30,2026-09-23
sz000049,德赛电池,22.46,-0.02,-0.089,22.45,22.46,22.48,22.43,22.63,22.25,3947584.0,88470727.0,15:35:45,2026-09-23
sz000050,深天马Ａ,6.59,-0.06,-0.902,6.58,6.59,6.65,6.65,6.77,6.58,18776400.0,125224787.0,15:36:00,2026-09-23
sz000055,方大集团,3.81,0.05,1.33,3.8,3.81,3.76,3.76,3.93,3.72,27567049.0,105839409.0,15:35:15,2026-09-23
sz000056,*ST皇庭,2.69,-0.06,-2.182,2.68,2.69,2.75,2.72,2.82,2.66,32115800.0,88012132.0,15:35:30,2026-09-23
sz000058,深 赛 格,7.14,-0.2,-2.725,7.14,7.15,7.34,7.31,7.38,7.11,9947108.0,71860303.0,15:35:45,2026-09-23
sz000059,华锦股份,5.65,-0.05,-0.877,5.65,5.66,5.7,5.64,5.71,5.58,37663043.0,212403203.0,15:36:00,2026-09-23
sz000060,中金岭南,6.13,-0.07,-1.129,6.13,6.14,6.2,6.23,6.23,6.13,44315285.0,272729624.0,15:35:15,2026-09-23
sz000061,农 产 品,6.03,-0.02,-0.331,6.03,6.04,6.05,6.05,6.14,6.0,15170642.0,91831084.0,15:35:30,2026-09-23
sz000062,深圳华强,23.29,-0.18,-0.767,23.29,23.3,23.47,23.6,23.71,23.2,14822195.0,346855815.0,15:35:45,2026-09-23
sz000063,中兴通讯,32.28,-0.63,-1.914,32.27,32.28,32.91,32.81,33.02,32.21,74746039.0,2428308316.0,15:36:00,2026-09-23
sz000065,北方国际,10.12,0.04,0.397,10.12,10.14,10.08,10.2,10.3,10.03,21630309.0,220381566.0,15:35:15,2026-09-23
sz000066,中国长城,15.14,-0.73,-4.6,15.14,15.15,15.87,15.61,15.72,15.09,299629214.0,4602639370.0,15:35:30,2026-09-23
sz000068,华控赛格,3.25,-0.07,-2.108,3.24,3.25,3.32,3.32,3.35,3.23,11032800.0,36258769.0,15:35:45,2026-09-23
sz000069,华侨城Ａ,1.9,-0.01,-0.524,1.9,1.91,1.91,1.9,1.99,1.89,125603717.0,243850398.0,15:36:00,2026-09-23
sz000070,特发信息,17.99,-0.64,-3.435,17.99,18.0,18.63,18.57,18.7,17.79,80875810.0,1460545087.0,15:35:15,2026-09-23
sz000078,ST海王,1.57,0.04,2.614,1.56,1.57,1.53,1.54,1.6,1.54,64319928.0,100827107.0,15:35:30,2026-09-23
sz000088,盐 田 港,4.51,-0.04,-0.879,4.51,4.52,4.55,4.53,4.55,4.49,16879893.0,76237419.0,15:35:45,2026-09-23
sz000089,深圳机场,6.56,-0.02,-0.304,6.55,6.56,6.58,6.58,6.64,6.56,9173144.0,60541251.0,15:36:00,2026-09-23
sz000090,天健集团,3.56,-0.04,-1.111,3.55,3.56,3.6,3.57,3.69,3.56,27243500.0,98603559.0,15:35:15,2026-09-23
sz000096,广聚能源,7.9,-0.11,-1.373,7.9,7.91,8.01,7.97,7.99,7.88,2797598.0,22163534.0,15:35:30,2026-09-23
sz000099,中信海直,13.06,-0.02,-0.153,13.06,13.07,13.08,13.08,13.18,12.96,4674000.0,61273278.0,15:35:45,2026-09-23
sz000100,TCL科技,4.93,-0.1,-1.988,4.93,4.94,5.03,5.04,5.12,4.92,397566597.0,1986954291.0,15:36:00,2026-09-23
sz000151,中成股份,9.98,-0.19,-1.868,9.98,9.99,10.17,10.17,10.19,9.91,7278401.0,72846998.0,15:35:15,2026-09-23
sz000153,丰原药业,6.17,-0.05,-0.804,6.16,6.17,6.22,6.2,6.36,6.14,11274620.0,70320241.0,15:35:30,2026-09-23
sz000155,川能动力,11.26,-0.32,-2.763,11.25,11.26,11.58,11.59,11.61,11.25,15411500.0,175406695.0,15:35:45,2026-09-23
sz000156,华数传媒,7.08,-0.22,-3.014,7.07,7.08,7.3,7.26,7.28,7.06,15370500.0,109521312.0,15:36:00,2026-09-23
sz000157,中联重科,6.1,-0.07,-1.135,6.1,6.11,6.17,6.16,6.17,6.1,43304785.0,265499243.0,15:35:15,2026-09-23
sz000158,常山北明,12.72,-0.47,-3.563,12.72,12.73,13.19,13.1,13.14,12.72,27210018.0,349437710.0,15:35:30,2026-09-23
sz000159,国际实业,5.42,-0.09,-1.633,5.42,5.43,5.51,5.5,5.53,5.42,7198891.0,39258354.0,15:35:45,2026-09-23
sz000166,申万宏源,4.47,-0.02,-0.445,4.47,4.48,4.49,4.49,4.5,4.46,36483806.0,163487554.0,15:36:00,2026-09-23
sz000301,东方盛虹,13.73,0.03,0.219,13.72,13.73,13.7,13.65,13.86,13.53,14725478.0,201820451.0,15:35:15,2026-09-23
sz000333,美的集团,82.47,-0.07,-0.085,82.47,82.48,82.54,82.51,82.84,82.05,17023657.0,1402962203.0,15:35:30,2026-09-23
sz000338,潍柴动力,25.89,-1.14,-4.218,25.89,25.9,27.03,26.98,27.15,25.61,108819011.0,2830381302.0,15:35:45,2026-09-23
sz000400,许继电气,20.3,-0.12,-0.588,20.3,20.31,20.42,20.38,20.45,20.21,6196731.0,125839467.0,15:36:00,2026-09-23
sz000401,金隅冀东,3.62,0.07,1.972,3.62,3.63,3.55,3.55,3.72,3.54,20550863.0,74833253.0,15:35:15,2026-09-23
sz000402,金 融 街,2.7,-0.08,-2.878,2.7,2.71,2.78,2.76,2.87,2.7,119068784.0,332133434.0,15:35:30,2026-09-23
sz000403,派林生物,10.11,0.07,0.697,10.11,10.12,10.04,10.0,10.21,9.98,6558569.0,66291986.0,15:35:45,2026-09-23
sz000404,长虹华意,6.83,-0.1,-1.443,6.83,6.84,6.93,6.94,6.94,6.82,4484450.0,30810537.0,15:36:00,2026-09-23
sz000407,胜利股份,4.1,-0.09,-2.148,4.1,4.11,4.19,4.19,4.19,4.09,11709000.0,48342589.0,15:35:15,2026-09-23
sz000408,藏格矿业,73.85,0.35,0.476,73.84,73.85,73.5,74.44,74.77,73.49,6732155.0,497937040.0,15:35:30,2026-09-23
sz000409,云鼎科技,8.96,-0.09,-0.994,8.95,8.96,9.05,9.08,9.1,8.93,4242000.0,38040786.0,15:35:45,2026-09-23
sz000410,沈阳机床,5.27,-0.07,-1.311,5.27,5.28,5.34,5.33,5.34,5.26,18668356.0,98595088.0,15:36:00,2026-09-23
sz000411,英特集团,9.88,-0.1,-1.002,9.88,9.89,9.98,10.01,10.06,9.85,2966838.0,29508223.0,15:35:15,2026-09-23
sz000415,渤海租赁,4.17,0.0,0.0,4.16,4.17,4.17,4.18,4.21,4.15,39879502.0,166610456.0,15:35:30,2026-09-23
sz000417,合百集团,5.69,-0.08,-1.386,5.69,5.7,5.77,5.76,5.76,5.64,21326852.0,121105459.0,15:35:45,2026-09-23
sz000419,通程控股,5.0,-0.07,-1.381,4.99,5.01,5.07,5.05,5.07,5.0,4803500.0,24131994.0,15:36:00,2026-09-23
sz000420,吉林化纤,3.56,-0.01,-0.28,3.55,3.56,3.57,3.56,3.57,3.53,23893100.0,84732934.0,15:35:15,2026-09-23
sz000421,南京公用,5.69,-0.12,-2.065,5.69,5.7,5.81,5.76,5.8,5.68,6794557.0,38861130.0,15:35:30,2026-09-23
sz000422,湖北宜化,11.97,-0.22,-1.805,11.96,11.97,12.19,12.1,12.18,11.93,11955790.0,143483908.0,15:35:45,2026-09-23
sz000423,东阿阿胶,46.05,0.3,0.656,46.05,46.08,45.75,45.7,46.44,45.54,5408339.0,249086494.0,15:36:00,2026-09-23
sz000425,徐工机械,7.23,-0.07,-0.959,7.22,7.23,7.3,7.27,7.34,7.21,105022304.0,762117972.0,15:35:15,2026-09-23
sz000426,兴业银锡,34.37,-0.09,-0.261,34.37,34.38,34.46,34.9,34.96,34.28,25010496.0,861379572.0,15:35:30,2026-09-23
sz000428,华天酒店,4.18,-0.12,-2.791,4.18,4.19,4.3,4.43,4.5,4.14,50458100.0,213947528.0,15:35:45,2026-09-23
sz000429,粤高速Ａ,12.58,0.05,0.399,12.57,12.58,12.53,12.53,12.6,12.47,4495917.0,56398667.0,15:36:00,2026-09-23
sz000430,张家界,7.0,0.11,1.597,7.0,7.01,6.89,6.89,7.18,6.83,15961800.0,111894324.0,15:35:15,2026-09-23
sz000488,ST晨鸣,2.12,0.01,0.474,2.12,2.13,2.11,2.09,2.17,2.09,12709382.0,27112978.0,15:35:30,2026-09-23
sz000498,山东路桥,5.14,0.04,0.784,5.14,5.15,5.1,5.1,5.16,5.07,9870672.0,50656949.0,15:35:45,2026-09-23
sz000501,武商集团,7.16,-0.07,-0.968,7.16,7.17,7.23,7.2,7.24,7.14,4957060.0,35552548.0,15:36:00,2026-09-23
sz000503,国新健康,6.87,-0.16,-2.276,6.86,6.87,7.03,7.09,7.09,6.86,9327500.0,64677637.0,15:35:15,2026-09-23
sz000504,南华生物,12.76,0.65,5.367,12.75,12.76,12.11,12.11,13.32,12.0,104631017.0,1347971788.0,15:35:30,2026-09-23
sz000505,京粮控股,6.6,-0.18,-2.655,6.59,6.6,6.78,6.74,6.76,6.58,24483401.0,162199068.0,15:35:45,2026-09-23
sz000506,招金黄金,18.1,-0.48,-2.583,18.09,18.1,18.58,18.61,18.7,17.94,35419596.0,647198984.0,15:36:00,2026-09-23
sz000507,珠海港,4.95,-0.06,-1.198,4.95,4.96,5.01,5.0,5.04,4.95,8713493.0,43425526.0,15:35:15,2026-09-23
sz000509,华塑控股,3.76,-0.22,-5.528,3.75,3.76,3.98,3.88,3.92,3.74,69501200.0,264151414.0,15:35:30,2026-09-23
sz000510,新金路,19.23,0.15,0.786,19.23,19.24,19.08,19.04,19.76,18.68,48055394.0,924040746.0,15:35:45,2026-09-23
sz000513,丽珠集团,27.73,0.98,3.664,27.72,27.73,26.75,26.75,27.9,26.6,10309352.0,282038439.0,15:36:00,2026-09-23
sz000514,渝 开 发,4.4,-0.02,-0.452,4.4,4.41,4.42,4.42,4.54,4.38,14555700.0,64944301.0,15:35:15,2026-09-23
sz000516,国际医学,4.27,-0.05,-1.157,4.26,4.27,4.32,4.32,4.33,4.26,14691800.0,62838550.0,15:35:30,2026-09-23
sz000517,荣安地产,2.01,-0.03,-1.471,2.01,2.02,2.04,2.04,2.1,2.0,45171500.0,92751280.0,15:35:45,2026-09-23
sz000518,四环生物,3.68,-0.1,-2.646,3.68,3.69,3.78,3.78,3.79,3.67,25361801.0,93996396.0,15:36:00,2026-09-23
sz000519,中兵红箭,15.01,-0.31,-2.023,15.01,15.02,15.32,15.25,15.4,14.98,41699087.0,630439321.0,15:35:15,2026-09-23
sz000520,凤凰航运,4.02,-0.12,-2.899,4.02,4.03,4.14,4.12,4.14,4.01,22999342.0,93280575.0,15:35:30,2026-09-23
sz000521,长虹美菱,4.4,-0.02,-0.452,4.4,4.41,4.42,4.43,4.43,4.4,4012812.0,17702079.0,15:35:45,2026-09-23
sz000523,红棉股份,3.42,-0.07,-2.006,3.41,3.42,3.49,3.45,3.48,3.37,121792804.0,416538537.0,15:36:00,2026-09-23
sz000524,岭南控股,8.99,-0.05,-0.553,8.99,9.01,9.04,9.01,9.16,8.95,6790000.0,61400940.0,15:35:15,2026-09-23
sz000525,红太阳,4.54,-0.13,-2.784,4.54,4.55,4.67,4.66,4.67,4.52,17749557.0,81140078.0,15:35:30,2026-09-23
sz000526,学大教育,36.16,-0.09,-0.248,36.15,36.16,36.25,36.12,36.6,35.88,1636200.0,59163521.0,15:35:45,2026-09-23
sz000528,柳 工,7.61,-0.05,-0.653,7.61,7.62,7.66,7.66,7.7,7.61,17753913.0,135626601.0,15:36:00,2026-09-23
sz000529,广弘控股,4.96,-0.07,-1.392,4.96,4.97,5.03,5.03,5.06,4.96,2307100.0,11557072.0,15:35:15,2026-09-23
sz000530,冰山冷热,5.18,-0.04,-0.766,5.17,5.18,5.22,5.23,5.42,5.16,16630591.0,87289045.0,15:35:30,2026-09-23
sz000531,穗恒运Ａ,5.6,-0.05,-0.885,5.59,5.6,5.65,5.65,5.65,5.59,5072700.0,28436325.0,15:35:45,2026-09-23
sz000532,华金资本,13.5,-0.11,-0.808,13.5,13.51,13.61,13.34,14.2,12.89,56191014.0,759805428.0,15:36:00,2026-09-23
sz000533,顺钠股份,10.44,-0.49,-4.483,10.44,10.45,10.93,10.9,10.95,10.34,39131888.0,411749174.0,15:35:15,2026-09-23
sz000534,万泽股份,22.92,-0.27,-1.164,22.91,22.92,23.19,23.08,23.23,22.25,14958118.0,339501955.0,15:35:30,2026-09-23
sz000536,华映科技,3.51,-0.12,-3.306,3.51,3.52,3.63,3.6,3.69,3.51,65343823.0,233689524.0,15:35:45,2026-09-23
sz000537,绿发电力,7.34,-0.17,-2.264,7.34,7.35,7.51,7.48,7.5,7.34,16681752.0,123291245.0,15:36:00,2026-09-23
sz000538,云南白药,51.36,0.04,0.078,51.35,51.36,51.32,51.25,51.75,51.03,7675991.0,395005307.0,15:35:15,2026-09-23
sz000539,粤电力Ａ,5.02,-0.16,-3.089,5.02,5.03,5.18,5.17,5.17,5.01,56538138.0,285876881.0,15:35:30,2026-09-23
sz000541,佛山照明,4.91,-0.03,-0.607,4.9,4.91,4.94,4.93,4.95,4.9,5055357.0,24857951.0,15:35:45,2026-09-23
sz000543,皖能电力,7.15,-0.07,-0.97,7.15,7.16,7.22,7.23,7.23,7.15,14721258.0,105665783.0,15:36:00,2026-09-23
sz000544,中原环保,7.2,-0.06,-0.826,7.2,7.21,7.26,7.26,7.27,7.15,2197651.0,15867849.0,15:35:15,2026-09-23
sz000545,金浦钛业,2.17,-0.06,-2.691,2.17,2.18,2.23,2.22,2.23,2.17,26802634.0,58720479.0,15:35:30,2026-09-23
sz000546,金圆股份,4.37,-0.08,-1.798,4.36,4.37,4.45,4.44,4.45,4.35,10263700.0,45097407.0,15:35:45,2026-09-23
sz000547,航天发展,14.31,-0.44,-2.983,14.31,14.32,14.75,14.66,14.7,14.3,35575373.0,512274640.0,15:36:00,2026-09-23
sz000548,湖南投资,4.58,-0.06,-1.293,4.58,4.59,4.64,4.64,4.66,4.57,3476700.0,16016504.0,15:35:15,2026-09-23
sz000550,江铃汽车,16.26,-0.24,-1.455,16.26,16.27,16.5,16.44,16.47,16.25,3422305.0,55926851.0,15:35:30,2026-09-23
sz000551,创元科技,12.33,0.0,0.0,12.32,12.33,12.33,12.32,12.34,12.24,6232032.0,76589104.0,15:35:45,2026-09-23
sz000552,甘肃能化,2.46,-0.06,-2.381,2.45,2.46,2.52,2.5,2.52,2.45,56121292.0,139186285.0,15:36:00,2026-09-23
sz000553,安道麦A,5.46,-0.15,-2.674,5.45,5.46,5.61,5.61,5.61,5.44,6443500.0,35372850.0,15:35:15,2026-09-23
sz000554,泰山石油,6.23,-0.17,-2.656,6.23,6.24,6.4,6.35,6.37,6.2,13929992.0,87069750.0,15:35:30,2026-09-23
sz000555,神州信息,11.01,0.47,4.459,11.01,11.02,10.54,10.72,11.19,10.53,57156243.0,620177941.0,15:35:45,2026-09-23
sz000557,西部创业,3.64,-0.04,-1.087,3.64,3.65,3.68,3.68,3.7,3.64,5144600.0,18864049.0,15:36:00,2026-09-23
sz000558,天府文旅,3.61,-0.01,-0.276,3.61,3.62,3.62,3.62,3.69,3.57,24594273.0,89287456.0,15:35:15,2026-09-23
sz000559,万向钱潮,11.16,-0.27,-2.362,11.16,11.17,11.43,11.33,11.41,11.05,60466384.0,676943486.0,15:35:30,2026-09-23
sz000560,我爱我家,3.86,0.35,9.972,3.86,0.0,3.51,3.74,3.86,3.74,315166460.0,1210342786.0,15:35:45,2026-09-23
sz000561,烽火电子,7.74,-0.1,-1.276,7.73,7.74,7.84,7.8,7.83,7.69,8793495.0,67974661.0,15:36:00,2026-09-23
sz000563,陕国投Ａ,2.91,-0.03,-1.02,2.91,2.92,2.94,2.94,2.95,2.91,38805600.0,113545870.0,15:35:15,2026-09-23
sz000564,供销大集,1.48,-0.04,-2.632,1.48,1.49,1.52,1.52,1.53,1.48,199198011.0,297785140.0,15:35:30,2026-09-23
sz000565,渝三峡Ａ,6.61,-0.18,-2.651,6.6,6.61,6.79,6.77,6.78,6.56,14081057.0,93391470.0,15:35:45,2026-09-23
sz000566,海南海药,4.8,-0.18,-3.614,4.8,4.81,4.98,4.95,4.97,4.78,80581511.0,391545606.0,15:36:00,2026-09-23
sz000567,海德股份,6.0,-0.12,-1.961,5.99,6.0,6.12,6.11,6.13,5.98,15412516.0,92902353.0,15:35:15,2026-09-23
sz000568,泸州老窖,72.11,0.63,0.881,72.11,72.12,71.48,71.61,73.18,71.55,10485981.0,757852789.0,15:35:30,2026-09-23
sz000570,苏常柴Ａ,5.26,-0.05,-0.942,5.26,5.27,5.31,5.31,5.31,5.23,6356450.0,33466571.0,15:35:45,2026-09-23
sz000571,新大洲A,6.73,0.1,1.508,6.73,6.74,6.63,6.6,6.77,6.5,26185086.0,173392495.0,15:36:00,2026-09-23
sz000572,海马汽车,4.02,-0.17,-4.057,4.02,4.03,4.19,4.19,4.31,4.0,167972353.0,692968518.0,15:35:15,2026-09-23
sz000573,粤宏远Ａ,3.78,-0.04,-1.047,3.78,3.79,3.82,3.84,3.89,3.77,12777901.0,48933298.0,15:35:30,2026-09-23
sz000576,甘化科工,8.34,-0.08,-0.95,8.32,8.34,8.42,8.42,8.42,8.26,6281100.0,52245147.0,15:35:45,2026-09-23
sz000581,威孚高科,18.16,0.2,1.114,18.16,18.17,17.96,17.93,18.22,17.93,5906288.0,107138187.0,15:36:00,2026-09-23
sz000582,北部湾港,9.39,-0.39,-3.988,9.39,9.4,9.78,9.71,9.76,9.37,54807996.0,520446843.0,15:35:15,2026-09-23
sz000586,汇源通信,13.62,-0.26,-1.873,13.62,13.63,13.88,13.93,13.96,13.5,5415100.0,73807304.0,15:35:30,2026-09-23
sz000589,贵州轮胎,4.22,-0.02,-0.472,4.22,4.23,4.24,4.25,4.26,4.22,12216656.0,51758127.0,15:35:45,2026-09-23
sz000590,古汉医药,9.05,-0.1,-1.093,9.05,9.06,9.15,9.16,9.2,9.03,1859300.0,16916022.0,15:36:00,2026-09-23
sz000591,太阳能,4.2,-0.07,-1.639,4.19,4.2,4.27,4.25,4.26,4.19,43907960.0,185128915.0,15:35:15,2026-09-23
sz000592,平潭发展,7.98,-0.62,-7.209,7.97,7.98,8.6,8.49,8.59,7.9,270335893.0,2231608168.0,15:35:30,2026-09-23
sz000593,德龙汇能,24.19,1.3,5.679,24.19,24.2,22.89,23.48,24.85,22.8,31834144.0,753778343.0,15:35:45,2026-09-23
sz000595,新能股份,5.61,-0.24,-4.103,5.61,5.62,5.85,5.84,5.85,5.59,52533500.0,298421421.0,15:36:00,2026-09-23
sz000596,古井贡酒,96.8,0.94,0.981,96.8,96.81,95.86,95.21,100.5,95.2,4004441.0,391177496.0,15:35:15,2026-09-23
sz000597,东北制药,4.78,-0.05,-1.035,4.78,4.79,4.83,4.85,4.85,4.76,8836200.0,42342426.0,15:35:30,2026-09-23
sz000598,兴蓉环境,7.06,0.0,0.0,7.06,7.07,7.06,7.05,7.09,7.04,8341992.0,58931629.0,15:35:45,2026-09-23
sz000599,青岛双星,4.48,-0.05,-1.104,4.47,4.48,4.53,4.53,4.54,4.46,8093400.0,36363141.0,15:36:00,2026-09-23
sz000600,建投能源,7.21,-0.11,-1.503,7.21,7.22,7.32,7.3,7.32,7.21,9690300.0,70165591.0,15:35:15,2026-09-23
sz000601,韶能股份,6.01,-0.18,-2.908,6.0,6.01,6.19,6.15,6.17,6.0,36924398.0,223499499.0,15:35:30,2026-09-23
sz000603,盛达资源,33.78,0.38,1.138,33.78,33.79,33.4,33.8,34.26,33.48,21366627.0,722650304.0,15:35:45,2026-09-23
sz000605,渤海股份,5.88,-0.03,-0.508,5.88,5.9,5.91,5.91,5.96,5.84,2916021.0,17197166.0,15:36:00,2026-09-23
sz000607,华媒控股,4.48,-0.5,-10.04,0.0,4.48,4.98,4.98,4.98,4.48,134915815.0,619572569.0,15:35:15,2026-09-23
sz000608,阳光股份,7.0,-0.2,-2.778,7.0,7.01,7.2,7.1,7.19,7.0,14528000.0,102674694.0,15:35:30,2026-09-23
sz000609,*ST中迪,10.01,0.19,1.935,10.01,10.02,9.82,9.75,10.29,9.75,5900800.0,59486728.0,15:35:45,2026-09-23
sz000610,*ST西旅,7.57,-0.01,-0.132,7.56,7.57,7.58,7.31,8.17,7.31,18052600.0,140619841.0,15:36:00,2026-09-23
sz000612,焦作万方,10.94,-0.24,-2.147,10.94,10.95,11.18,11.18,11.25,10.9,32672548.0,359568100.0,15:35:15,2026-09-23
sz000615,*ST美谷,3.22,-0.03,-0.923,3.22,3.23,3.25,3.25,3.25,3.2,4326120.0,13962481.0,15:35:30,2026-09-23
sz000617,中油资本,6.75,-0.15,-2.174,6.75,6.76,6.9,6.89,6.89,6.75,51349349.0,348929547.0,15:35:45,2026-09-23
sz000619,海螺新材,5.25,-0.05,-0.943,5.25,5.26,5.3,5.27,5.35,5.22,7387936.0,39010413.0,15:36:00,2026-09-23
sz000620,盈新发展,3.28,-0.09,-2.671,3.28,3.29,3.37,3.37,3.5,3.26,425288022.0,1429201131.0,15:35:15,2026-09-23
sz000623,吉林敖东,17.73,-0.04,-0.225,17.73,17.74,17.77,17.71,17.86,17.71,4045732.0,71894176.0,15:35:30,2026-09-23
sz000625,长安汽车,7.12,-0.06,-0.836,7.11,7.12,7.18,7.16,7.21,7.11,44209167.0,315953557.0,15:35:45,2026-09-23
sz000626,远大控股,9.37,0.14,1.517,9.36,9.37,9.23,9.19,9.49,9.08,17779200.0,165573424.0,15:36:00,2026-09-23
sz000628,高新发展,59.47,-0.62,-1.032,59.47,59.5,60.09,59.6,60.33,59.36,5509259.0,328870388.0,15:35:15,2026-09-23
sz000629,钒钛股份,2.89,-0.01,-0.345,2.89,2.9,2.9,2.89,2.93,2.89,62752532.0,182376629.0,15:35:30,2026-09-23
sz000630,铜陵有色,6.12,-0.04,-0.649,6.11,6.12,6.16,6.2,6.22,6.11,131759666.0,809544889.0,15:35:45,2026-09-23
sz000631,顺发恒能,3.05,-0.04,-1.294,3.05,3.06,3.09,3.09,3.16,3.04,18506832.0,57272035.0,15:36:00,2026-09-23
sz000632,ST三木,3.71,-0.04,-1.067,3.7,3.71,3.75,3.7,3.81,3.65,14712978.0,54944685.0,15:35:15,2026-09-23
sz000633,合金投资,5.24,-0.07,-1.318,5.24,5.25,5.31,5.27,5.31,5.22,6685200.0,35193278.0,15:35:30,2026-09-23
sz000635,英 力 特,7.44,-0.02,-0.268,7.42,7.44,7.46,7.43,7.46,7.32,8183201.0,60481693.0,15:35:45,2026-09-23
sz000636,风华高科,58.74,0.99,1.714,58.74,58.75,57.75,58.43,58.98,57.13,92764416.0,5394790974.0,15:36:00,2026-09-23
sz000637,茂化实华,4.16,-0.04,-0.952,4.15,4.16,4.2,4.22,4.25,4.13,6885000.0,28760829.0,15:35:15,2026-09-23
sz000639,ST西王,1.53,-0.06,-3.774,1.52,1.53,1.59,1.58,1.59,1.51,42483800.0,65480598.0,15:35:30,2026-09-23
sz000650,仁和药业,5.19,-0.08,-1.518,5.19,5.2,5.27,5.25,5.29,5.18,15156900.0,79226688.0,15:35:45,2026-09-23
sz000651,格力电器,38.36,0.18,0.471,38.35,38.36,38.18,38.2,38.43,38.15,17229342.0,660324221.0,15:36:00,2026-09-23
sz000652,泰达股份,3.33,-0.06,-1.77,3.33,3.34,3.39,3.4,3.4,3.33,11900100.0,39941649.0,15:35:15,2026-09-23
sz000655,金岭矿业,7.15,-0.07,-0.97,7.14,7.15,7.22,7.23,7.24,7.13,5061900.0,36386546.0,15:35:30,2026-09-23
sz000656,金科股份,1.26,0.01,0.8,1.25,1.26,1.25,1.25,1.32,1.24,362595063.0,463961111.0,15:35:45,2026-09-23
sz000657,中钨高新,59.16,-1.1,-1.825,59.15,59.16,60.26,60.26,60.26,58.71,44790555.0,2655353219.0,15:36:00,2026-09-23
sz000659,珠海中富,2.71,-0.1,-3.559,2.71,2.72,2.81,2.81,2.82,2.7,24220200.0,66496184.0,15:35:15,2026-09-23
sz000661,长春高新,73.25,-0.35,-0.476,73.23,73.25,73.6,73.5,74.1,73.03,3870388.0,284759262.0,15:35:30,2026-09-23
sz000663,永安林业,5.92,-0.15,-2.471,5.92,5.94,6.07,6.07,6.08,5.92,4419800.0,26388430.0,15:35:45,2026-09-23
sz000665,湖北广电,4.04,-0.13,-3.118,4.04,4.05,4.17,4.18,4.18,4.04,18433643.0,75046248.0,15:36:00,2026-09-23
sz000668,荣丰控股,17.44,0.02,0.115,17.44,17.45,17.42,17.1,18.35,16.9,8133690.0,142482032.0,15:35:15,2026-09-23
sz000669,ST金鸿,4.2,0.05,1.205,4.19,4.2,4.15,4.15,4.24,4.13,3427380.0,14314303.0,15:35:30,2026-09-23
sz000670,盈方微,7.56,-0.13,-1.691,7.56,7.57,7.69,7.67,7.72,7.47,42008135.0,318080289.0,15:35:45,2026-09-23
sz000672,上峰材料,15.46,0.02,0.13,15.45,15.46,15.44,15.44,15.61,15.26,12504109.0,193071978.0,15:36:00,2026-09-23
sz000676,智度股份,7.25,-0.2,-2.685,7.25,7.26,7.45,7.75,7.99,7.23,242300473.0,1856723034.0,15:35:15,2026-09-23
sz000677,ST海龙,1.77,-0.06,-3.279,1.77,1.78,1.83,1.82,1.84,1.77,18582600.0,33480597.0,15:35:30,2026-09-23
sz000678,襄阳轴承,8.8,-0.09,-1.012,8.8,8.81,8.89,8.89,8.93,8.77,4831200.0,42691471.0,15:35:45,2026-09-23
sz000679,大连友谊,6.49,-0.11,-1.667,6.48,6.49,6.6,6.63,6.63,6.43,6134500.0,39925641.0,15:36:00,2026-09-23
sz000680,山推股份,9.28,0.04,0.433,9.28,9.29,9.24,9.2,9.5,9.18,26208168.0,245373790.0,15:35:15,2026-09-23
sz000681,视觉中国,16.24,-0.58,-3.448,16.23,16.24,16.82,16.59,16.7,16.24,20626850.0,338091022.0,15:35:30,2026-09-23
sz000682,东方电子,10.64,-0.12,-1.115,10.64,10.65,10.76,10.8,10.8,10.64,6157691.0,65912030.0,15:35:45,2026-09-23
sz000683,博源化工,5.62,-0.09,-1.576,5.62,5.63,5.71,5.69,5.72,5.61,36569606.0,206478552.0,15:36:00,2026-09-23
sz000685,中山公用,10.85,-0.09,-0.823,10.85,10.87,10.94,10.95,10.97,10.85,6264776.0,68281855.0,15:35:15,2026-09-23
sz000686,东北证券,7.74,-0.06,-0.769,7.74,7.75,7.8,7.79,7.83,7.74,8841887.0,68699077.0,15:35:30,2026-09-23
sz000688,国城矿业,25.54,-1.04,-3.913,25.54,25.55,26.58,26.68,26.74,25.5,17408308.0,448375281.0,15:35:45,2026-09-23
sz000690,宝新能源,5.02,-0.11,-2.144,5.01,5.02,5.13,5.11,5.14,5.0,48102751.0,243083229.0,15:36:00,2026-09-23
sz000691,亚太实业,9.28,0.04,0.433,9.27,9.28,9.24,9.24,9.78,9.08,13506500.0,126864908.0,15:35:15,2026-09-23
sz000692,惠天热电,4.12,-0.06,-1.435,4.12,4.13,4.18,4.19,4.19,4.1,7738800.0,31981235.0,15:35:30,2026-09-23
sz000695,滨海能源,12.91,-0.25,-1.9,12.9,12.91,13.16,13.1,13.16,12.88,3951300.0,51210571.0,15:35:45,2026-09-23
sz000697,炼石航空,9.07,-0.05,-0.548,9.07,9.08,9.12,9.13,9.18,9.02,5104000.0,46373617.0,15:36:00,2026-09-23
sz000698,ST沈化,3.63,-0.03,-0.82,3.63,3.64,3.66,3.66,3.67,3.63,2174200.0,7921879.0,15:35:15,2026-09-23
sz000700,模塑科技,12.06,-0.11,-0.904,12.06,12.07,12.17,12.32,12.32,11.94,24764360.0,298531230.0,15:35:30,2026-09-23
sz000701,厦门信达,5.13,-0.12,-2.286,5.13,5.14,5.25,5.25,5.28,5.12,8320601.0,43006618.0,15:35:45,2026-09-23
sz000702,正虹科技,5.67,-0.12,-2.073,5.67,5.68,5.79,5.83,5.83,5.64,6990588.0,39845410.0,15:36:00,2026-09-23
sz000703,恒逸石化,17.39,0.58,3.45,17.38,17.39,16.81,16.9,17.46,16.72,81542212.0,1399576493.0,15:35:15,2026-09-23
sz000705,浙江震元,7.01,-0.15,-2.095,7.01,7.03,7.16,7.13,7.17,7.0,5349250.0,37770749.0,15:35:30,2026-09-23
sz000707,双环科技,4.5,-0.01,-0.222,4.5,4.51,4.51,4.51,4.54,4.46,4632600.0,20843907.0,15:35:45,2026-09-23
sz000708,中信特钢,12.96,0.1,0.778,12.96,12.97,12.86,12.87,12.99,12.75,9138692.0,118022642.0,15:36:00,2026-09-23
sz000709,河钢股份,2.03,-0.02,-0.976,2.03,2.04,2.05,2.04,2.09,2.03,108252648.0,222609226.0,15:35:15,2026-09-23
sz000710,贝瑞基因,10.01,0.49,5.147,10.01,10.02,9.52,9.52,10.46,9.38,52661925.0,516266125.0,15:35:30,2026-09-23
sz000711,京蓝科技,4.82,-0.18,-3.6,4.82,4.83,5.0,4.95,4.95,4.8,79727300.0,386777613.0,15:35:45,2026-09-23
sz000712,锦龙股份,10.28,-0.05,-0.484,10.27,10.28,10.33,10.3,10.36,10.17,34791652.0,356306730.0,15:36:00,2026-09-23
sz000713,国投丰乐,6.59,-0.2,-2.946,6.59,6.6,6.79,6.73,6.83,6.55,25630420.0,170173266.0,15:35:15,2026-09-23
sz000715,中兴商业,5.3,-0.12,-2.214,5.29,5.3,5.42,5.42,5.42,5.28,5590300.0,29771728.0,15:35:30,2026-09-23
sz000716,黑芝麻,5.01,-0.17,-3.282,5.01,5.02,5.18,5.16,5.17,5.0,20973063.0,106356018.0,15:35:45,2026-09-23
sz000717,中南股份,2.15,-0.01,-0.463,2.15,2.16,2.16,2.17,2.24,2.14,33234937.0,72276741.0,15:36:00,2026-09-23
sz000718,苏宁环球,2.07,0.0,0.0,2.07,2.08,2.07,2.07,2.13,2.06,41649470.0,87275871.0,15:35:15,2026-09-23
sz000719,中原传媒,12.21,-0.14,-1.134,12.21,12.24,12.35,12.25,12.32,12.02,4806835.0,58334519.0,15:35:30,2026-09-23
sz000720,新能泰山,3.65,-0.27,-6.888,3.65,3.66,3.92,3.91,3.91,3.64,60088255.0,223504388.0,15:35:45,2026-09-23
sz000721,西安饮食,6.27,-0.04,-0.634,6.27,6.28,6.31,6.28,6.46,6.22,19255500.0,122017324.0,15:36:00,2026-09-23
sz000722,湖南发展,13.46,-0.74,-5.211,13.46,13.47,14.2,14.12,14.15,13.46,21553717.0,294886896.0,15:35:15,2026-09-23
sz000723,美锦能源,3.52,-0.15,-4.087,3.52,3.53,3.67,3.65,3.66,3.52,61598028.0,220269483.0,15:35:30,2026-09-23
sz000725,京东方Ａ,6.02,0.02,0.333,6.01,6.02,6.0,6.09,6.31,5.99,1579428056.0,9648283014.0,15:35:45,2026-09-23
sz000726,鲁 泰Ａ,6.02,-0.08,-1.311,6.01,6.02,6.1,6.09,6.11,6.01,6072901.0,36752250.0,15:36:00,2026-09-23
sz000727,冠捷科技,2.2,-0.05,-2.222,2.2,2.21,2.25,2.25,2.28,2.2,65250700.0,145464286.0,15:35:15,2026-09-23
sz000728,国元证券,7.41,-0.08,-1.068,7.41,7.42,7.49,7.48,7.5,7.41,15258347.0,113635089.0,15:35:30,2026-09-23
sz000729,燕京啤酒,11.0,-0.04,-0.362,11.0,11.02,11.04,11.02,11.27,10.98,28800881.0,319654850.0,15:35:45,2026-09-23
sz000731,四川美丰,8.18,-0.1,-1.208,8.18,8.19,8.28,8.21,8.28,8.15,11281330.0,92566528.0,15:36:00,2026-09-23
sz000733,振华科技,41.4,0.07,0.169,41.39,41.4,41.33,41.24,41.65,41.18,7474985.0,309344064.0,15:35:15,2026-09-23
sz000735,罗 牛 山,5.8,-0.2,-3.333,5.79,5.8,6.0,5.97,5.99,5.79,53300115.0,311689472.0,15:35:30,2026-09-23
sz000736,中交发展,4.74,0.01,0.211,4.74,4.75,4.73,4.73,4.91,4.68,31211613.0,149656225.0,15:35:45,2026-09-23
sz000737,北方铜业,14.82,-0.29,-1.919,14.81,14.82,15.11,15.4,15.48,14.76,75833458.0,1136155148.0,15:36:00,2026-09-23
sz000738,航发控制,19.19,-0.01,-0.052,19.19,19.2,19.2,19.16,19.45,18.87,8699195.0,166319036.0,15:35:15,2026-09-23
sz000739,普洛药业,25.32,1.32,5.5,25.31,25.32,24.0,24.14,25.5,24.06,19674914.0,492558304.0,15:35:30,2026-09-23
sz000750,国海证券,3.66,-0.03,-0.813,3.66,3.67,3.69,3.69,3.7,3.66,23928244.0,87999072.0,15:35:45,2026-09-23
sz000751,锌业股份,4.58,-0.09,-1.927,4.57,4.58,4.67,4.66,4.68,4.57,18983230.0,87243030.0,15:36:00,2026-09-23
sz000752,*ST西发,8.73,0.06,0.692,8.73,8.74,8.67,8.64,8.92,8.64,1601591.0,14055706.0,15:35:15,2026-09-23
sz000753,漳州发展,4.86,-0.32,-6.178,4.86,4.87,5.18,5.13,5.15,4.85,51645800.0,257070533.0,15:35:30,2026-09-23
sz000755,山西高速,4.64,-0.03,-0.642,4.63,4.64,4.67,4.67,4.67,4.62,3142170.0,14573451.0,15:35:45,2026-09-23
sz000756,新华制药,14.53,-1.61,-9.975,0.0,14.53,16.14,15.74,16.44,14.53,87032355.0,1333044248.0,15:36:00,2026-09-23
sz000757,浩物股份,4.34,-0.08,-1.81,4.34,4.37,4.42,4.38,4.43,4.34,10005100.0,43773150.0,15:35:15,2026-09-23
sz000758,中色股份,5.99,-0.07,-1.155,5.98,5.99,6.06,6.09,6.1,5.98,17609578.0,106039346.0,15:35:30,2026-09-23
sz000759,中百集团,6.52,-0.23,-3.407,6.52,6.53,6.75,6.73,6.75,6.5,71003379.0,466342552.0,15:35:45,2026-09-23
sz000761,本钢板材,2.22,-0.05,-2.203,2.22,2.23,2.27,2.26,2.33,2.21,30809737.0,69726090.0,15:36:00,2026-09-23
sz000762,西藏矿业,21.54,-0.54,-2.446,21.54,21.55,22.08,22.01,22.06,21.46,7621307.0,164778202.0,15:35:15,2026-09-23
sz000766,通化金马,15.43,-0.47,-2.956,15.42,15.43,15.9,15.9,15.97,15.4,9608973.0,150039947.0,15:35:30,2026-09-23
sz000767,晋控电力,3.3,-0.1,-2.941,3.3,3.31,3.4,3.39,3.39,3.3,86823463.0,288848742.0,15:35:45,2026-09-23
sz000768,中航西飞,22.71,-0.13,-0.569,22.7,22.71,22.84,22.9,22.96,22.47,15413600.0,349334309.0,15:36:00,2026-09-23
sz000776,广发证券,20.83,-0.13,-0.62,20.83,20.84,20.96,20.96,20.98,20.7,26929310.0,560424444.0,15:35:15,2026-09-23
sz000777,中核科技,16.47,-0.18,-1.081,16.46,16.47,16.65,16.65,16.65,16.46,2915074.0,48144198.0,15:35:30,2026-09-23
sz000778,新兴铸管,3.59,-0.02,-0.554,3.59,3.6,3.61,3.61,3.64,3.59,36212300.0,130847213.0,15:35:45,2026-09-23
sz000779,甘咨询,8.69,-0.43,-4.715,8.68,8.69,9.12,9.05,9.15,8.67,37583800.0,332370310.0,15:36:00,2026-09-23
sz000782,恒申新材,8.33,0.06,0.726,8.33,8.34,8.27,8.3,8.36,8.2,12331800.0,102496434.0,15:35:15,2026-09-23
sz000783,长江证券,8.46,-0.05,-0.588,8.46,8.47,8.51,8.49,8.54,8.43,34576256.0,292659494.0,15:35:30,2026-09-23
sz000785,居然智家,2.26,-0.02,-0.877,2.26,2.27,2.28,2.29,2.37,2.25,74371063.0,171429224.0,15:35:45,2026-09-23
sz000786,北新建材,16.05,0.0,0.0,16.05,16.06,16.05,16.01,16.47,15.98,17774882.0,288415610.0,15:36:00,2026-09-23
sz000788,北大医药,5.41,-0.14,-2.523,5.41,5.42,5.55,5.56,5.58,5.4,12136100.0,66169474.0,15:35:15,2026-09-23
sz000789,万年青,4.18,0.05,1.211,4.18,4.19,4.13,4.13,4.32,4.11,10866687.0,45861555.0,15:35:30,2026-09-23
sz000790,华神科技,4.25,-0.15,-3.409,4.25,4.26,4.4,4.37,4.42,4.23,34653815.0,149645850.0,15:35:45,2026-09-23
sz000791,甘肃能源,7.13,-0.08,-1.11,7.13,7.14,7.21,7.21,7.21,7.12,12570969.0,89852320.0,15:36:00,2026-09-23
sz000792,盐湖股份,24.48,-0.39,-1.568,24.47,24.48,24.87,24.88,24.88,24.31,43303061.0,1059711317.0,15:35:15,2026-09-23
sz000793,ST华闻,2.05,-0.03,-1.442,2.05,2.06,2.08,2.07,2.08,2.04,8499500.0,17471022.0,15:35:30,2026-09-23
sz000795,英洛华,8.32,-0.17,-2.002,8.32,8.33,8.49,8.35,8.43,8.3,10735200.0,89660818.0,15:35:45,2026-09-23
sz000796,凯撒旅业,3.7,-0.05,-1.333,3.69,3.7,3.75,3.75,3.85,3.68,50695400.0,189098481.0,15:36:00,2026-09-23
sz000797,中国武夷,2.68,-0.01,-0.372,2.68,2.69,2.69,2.69,2.76,2.66,51343913.0,139351148.0,15:35:15,2026-09-23
sz000798,中水渔业,10.09,-0.31,-2.981,10.09,10.1,10.4,10.38,10.39,10.05,16787301.0,170177108.0,15:35:30,2026-09-23
sz000799,酒鬼酒,37.68,-0.04,-0.106,37.68,37.69,37.72,37.71,38.5,37.59,6120060.0,232638496.0,15:35:45,2026-09-23
sz000800,一汽解放,5.93,0.0,0.0,5.92,5.93,5.93,5.92,6.0,5.91,9183100.0,54696917.0,15:36:00,2026-09-23
sz000801,四川九洲,11.87,-0.24,-1.982,11.87,11.88,12.11,12.09,12.15,11.86,8069583.0,96666940.0,15:35:15,2026-09-23
sz000802,北京文化,3.89,-0.19,-4.657,3.89,3.9,4.08,4.06,4.06,3.87,66593016.0,261414890.0,15:35:30,2026-09-23
sz000803,山高环能,7.09,-0.04,-0.561,7.08,7.09,7.13,7.1,7.23,7.05,5651200.0,40308507.0,15:35:45,2026-09-23
sz000807,云铝股份,26.58,-0.37,-1.373,26.57,26.58,26.95,27.09,27.12,26.47,35008440.0,932254268.0,15:36:00,2026-09-23
sz000809,和展能源,3.35,-0.1,-2.899,3.35,3.36,3.45,3.43,3.46,3.33,19299316.0,65039678.0,15:35:15,2026-09-23
sz000810,创维数字,9.51,-0.19,-1.959,9.51,9.52,9.7,9.69,9.72,9.5,12359225.0,118255579.0,15:35:30,2026-09-23
sz000811,冰轮环境,39.83,-0.12,-0.3,39.82,39.83,39.95,39.98,40.6,39.29,27967461.0,1111680819.0,15:35:45,2026-09-23
sz000812,陕西金叶,3.67,-0.23,-5.897,3.67,3.68,3.9,3.89,3.89,3.67,37875027.0,141585362.0,15:36:00,2026-09-23
sz000813,德展健康,3.23,-0.08,-2.417,3.23,3.24,3.31,3.3,3.32,3.23,29808666.0,97219569.0,15:35:15,2026-09-23
sz000815,美利云,15.82,-0.32,-1.983,15.82,15.83,16.14,16.0,16.48,15.62,47456705.0,755707976.0,15:35:30,2026-09-23
sz000816,智慧农业,2.88,-0.15,-4.95,2.87,2.88,3.03,2.98,2.99,2.86,72687193.0,210545649.0,15:35:45,2026-09-23
sz000818,航锦科技,12.01,-0.24,-1.959,12.01,12.02,12.25,12.17,12.24,11.91,10239199.0,122978580.0,15:36:00,2026-09-23
sz000819,岳阳兴长,12.28,-0.07,-0.567,12.28,12.33,12.35,12.34,12.4,12.22,2624600.0,32271395.0,15:35:15,2026-09-23
sz000820,神雾节能,3.58,0.06,1.705,3.57,3.58,3.52,3.52,3.6,3.47,20272500.0,71782215.0,15:35:30,2026-09-23
sz000821,ST京机,7.57,0.07,0.933,7.57,7.58,7.5,7.47,7.77,7.47,6206903.0,47321862.0,15:35:45,2026-09-23
sz000822,山东海化,4.21,-0.07,-1.636,4.2,4.21,4.28,4.26,4.28,4.2,8987803.0,37979543.0,15:36:00,2026-09-23
sz000823,超声电子,27.2,1.98,7.851,27.19,27.2,25.22,25.15,27.74,24.66,223684895.0,5853080479.0,15:35:15,2026-09-23
sz000825,太钢不锈,3.38,-0.03,-0.88,3.38,3.39,3.41,3.4,3.46,3.37,39189081.0,133637778.0,15:35:30,2026-09-23
sz000826,*ST启环,1.84,-0.02,-1.075,1.83,1.84,1.86,1.85,1.87,1.72,36014832.0,64959021.0,15:35:45,2026-09-23
sz000828,东莞控股,10.11,0.07,0.697,10.11,10.13,10.04,10.09,10.16,10.05,4383736.0,44344243.0,15:36:00,2026-09-23
sz000829,天音控股,9.06,-0.32,-3.412,9.05,9.06,9.38,9.38,9.39,9.04,28582501.0,261266621.0,15:35:15,2026-09-23
sz000830,鲁西化工,11.85,-0.05,-0.42,11.85,11.86,11.9,11.86,11.92,11.76,14233000.0,168441826.0,15:35:30,2026-09-23
sz000831,中国稀土,53.63,-0.99,-1.813,53.62,53.63,54.62,54.4,54.4,53.4,12305794.0,660408551.0,15:35:45,2026-09-23
sz000833,粤桂股份,19.3,-0.51,-2.574,19.3,19.31,19.81,19.71,19.8,19.29,21104395.0,409995687.0,15:36:00,2026-09-23
sz000837,秦川机床,9.66,-0.1,-1.025,9.66,9.67,9.76,9.75,9.76,9.65,6776118.0,65701069.0,15:35:15,2026-09-23
sz000838,*ST发展,2.39,0.12,5.286,2.38,2.39,2.27,2.28,2.44,2.25,44785950.0,104804622.0,15:35:30,2026-09-23
sz000839,国安股份,2.82,-0.12,-4.082,2.82,2.83,2.94,2.92,2.92,2.81,79404080.0,225618310.0,15:35:45,2026-09-23
sz000848,承德露露,8.26,0.16,1.975,8.26,8.27,8.1,8.09,8.27,8.06,14492410.0,118778290.0,15:36:00,2026-09-23
sz000850,华茂股份,4.65,0.42,9.929,4.65,0.0,4.23,4.21,4.65,4.2,26118249.0,119337289.0,15:35:15,2026-09-23
sz000852,石化机械,5.38,-0.16,-2.888,5.37,5.38,5.54,5.51,5.54,5.37,11188800.0,60620227.0,15:35:30,2026-09-23
sz000856,冀东装备,8.8,0.03,0.342,8.79,8.8,8.77,8.79,8.84,8.65,3528700.0,30929795.0,15:35:45,2026-09-23
sz000858,五 粮 液,70.34,-0.2,-0.284,70.34,70.35,70.54,70.31,71.07,70.25,17357425.0,1225210230.0,15:36:00,2026-09-23
sz000859,国风新材,9.35,-0.19,-1.992,9.34,9.35,9.54,9.53,9.67,9.28,45267764.0,425926818.0,15:35:15,2026-09-23
sz000860,顺鑫农业,10.44,-0.14,-1.323,10.43,10.44,10.58,10.6,10.84,10.43,11434425.0,121164116.0,15:35:30,2026-09-23
sz000862,银星能源,5.26,-0.22,-4.015,5.26,5.27,5.48,5.47,5.47,5.25,18408806.0,97779137.0,15:35:45,2026-09-23
sz000863,三湘印象,4.45,-0.23,-4.915,4.44,4.45,4.68,4.68,4.71,4.43,22211023.0,100845392.0,15:36:00,2026-09-23
sz000868,安凯客车,4.13,0.19,4.822,4.12,4.13,3.94,3.93,4.33,3.89,101624299.0,425253102.0,15:35:15,2026-09-23
sz000869,张 裕Ａ,17.39,0.56,3.327,17.38,17.39,16.83,16.95,17.89,16.89,5544379.0,96647387.0,15:35:30,2026-09-23
sz000875,电投绿能,4.72,-0.08,-1.667,4.72,4.73,4.8,4.81,4.81,4.72,30617170.0,145413011.0,15:35:45,2026-09-23
sz000876,新 希 望,7.03,-0.19,-2.632,7.02,7.03,7.22,7.2,7.2,7.02,42990420.0,304946784.0,15:36:00,2026-09-23
sz000877,天山股份,3.94,0.25,6.775,3.94,3.95,3.69,3.68,4.06,3.67,81232440.0,322369382.0,15:35:15,2026-09-23
sz000878,云南铜业,17.28,-0.08,-0.461,17.28,17.29,17.36,17.56,17.58,17.04,41479995.0,716220344.0,15:35:30,2026-09-23
sz000880,潍柴重机,25.29,-0.49,-1.901,25.29,25.3,25.78,25.88,25.98,25.22,9279790.0,235702756.0,15:35:45,2026-09-23
sz000881,中广核技,6.55,-0.12,-1.799,6.55,6.56,6.67,6.67,6.67,6.54,4763064.0,31278919.0,15:36:00,2026-09-23
sz000882,华联股份,1.54,-0.04,-2.532,1.54,1.55,1.58,1.56,1.62,1.53,82574301.0,129936626.0,15:35:15,2026-09-23
sz000883,湖北能源,4.36,-0.05,-1.134,4.36,4.37,4.41,4.4,4.41,4.35,22254320.0,97379892.0,15:35:30,2026-09-23
sz000885,城发环境,11.79,0.05,0.426,11.79,11.8,11.74,11.73,11.87,11.71,2111950.0,24860371.0,15:35:45,2026-09-23
sz000886,海南高速,4.66,-0.05,-1.062,4.65,4.66,4.71,4.69,4.72,4.63,10365117.0,48438000.0,15:36:00,2026-09-23
sz000887,中鼎股份,19.8,-0.07,-0.352,19.79,19.8,19.87,19.83,19.95,19.7,13838251.0,274218470.0,15:35:15,2026-09-23
sz000888,峨眉山Ａ,9.34,-0.06,-0.638,9.34,9.35,9.4,9.4,9.45,9.32,5995799.0,56162923.0,15:35:30,2026-09-23
sz000889,中嘉博创,3.74,-0.2,-5.076,3.74,3.75,3.94,3.94,3.94,3.71,55478960.0,208934060.0,15:35:45,2026-09-23
sz000890,法尔胜,7.42,-0.41,-5.236,7.42,7.43,7.83,7.8,7.85,7.41,22413900.0,168712290.0,15:36:00,2026-09-23
sz000892,欢瑞世纪,4.55,-0.28,-5.797,4.55,4.56,4.83,4.74,4.74,4.47,113026991.0,515080346.0,15:35:15,2026-09-23
sz000893,亚钾国际,38.98,-0.77,-1.937,38.97,38.98,39.75,39.74,39.92,38.86,9255093.0,362049825.0,15:35:30,2026-09-23
sz000895,双汇发展,23.33,-0.05,-0.214,23.33,23.34,23.38,23.38,23.54,23.28,7496060.0,175417447.0,15:35:45,2026-09-23
sz000897,津滨发展,1.9,-0.02,-1.042,1.9,1.91,1.92,1.91,1.98,1.9,48144175.0,93304792.0,15:36:00,2026-09-23
sz000898,鞍钢股份,2.01,-0.01,-0.495,2.01,2.02,2.02,2.03,2.09,2.0,55541816.0,113202022.0,15:35:15,2026-09-23
sz000899,赣能股份,9.1,-0.22,-2.361,9.1,9.11,9.32,9.32,9.32,9.1,10578883.0,97010638.0,15:35:30,2026-09-23
sz000900,现代投资,3.56,-0.01,-0.28,3.55,3.56,3.57,3.57,3.59,3.54,10104145.0,36026928.0,15:35:45,2026-09-23
sz000901,航天科技,14.05,-0.34,-2.363,14.04,14.05,14.39,14.36,14.41,14.03,9054482.0,127992866.0,15:36:00,2026-09-23
sz000902,新洋丰,13.81,0.02,0.145,13.8,13.81,13.79,13.79,13.9,13.66,4485800.0,61855476.0,15:35:15,2026-09-23
sz000903,ST云动,1.97,-0.06,-2.956,1.97,1.98,2.03,2.03,2.05,1.97,21060440.0,42120768.0,15:35:30,2026-09-23
sz000905,厦门港务,8.92,-0.42,-4.497,8.92,8.93,9.34,9.27,9.3,8.83,25447500.0,229493938.0,15:35:45,2026-09-23
sz000906,浙商中拓,6.14,-0.05,-0.808,6.14,6.15,6.19,6.21,6.26,6.13,6646700.0,41075883.0,15:36:00,2026-09-23
sz000908,石药景峰,6.02,-0.08,-1.311,6.02,6.03,6.1,6.08,6.08,6.0,11047500.0,66689137.0,15:35:15,2026-09-23
sz000909,*ST数源,5.46,-0.24,-4.211,5.45,5.46,5.7,5.69,5.69,5.42,7231700.0,40005376.0,15:35:30,2026-09-23
sz000910,大亚圣象,7.58,0.69,10.015,7.58,0.0,6.89,7.3,7.58,7.1,30162534.0,224213587.0,15:35:45,2026-09-23
sz000911,*ST广糖,5.16,-0.14,-2.642,5.16,5.17,5.3,5.27,5.32,5.13,8765070.0,45743734.0,15:36:00,2026-09-23
sz000912,泸天化,4.0,-0.22,-5.213,3.99,4.0,4.22,4.18,4.18,3.98,52015560.0,210047744.0,15:35:15,2026-09-23
sz000913,钱江摩托,10.66,-0.13,-1.205,10.66,10.7,10.79,10.8,10.8,10.63,2912958.0,31145197.0,15:35:30,2026-09-23
sz000915,华特达因,24.22,0.02,0.083,24.22,24.23,24.2,24.25,24.41,24.11,1417600.0,34346417.0,15:35:45,2026-09-23
sz000917,电广传媒,6.93,-0.18,-2.532,6.93,6.94,7.11,7.09,7.13,6.93,19944284.0,139354339.0,15:36:00,2026-09-23
sz000919,金陵药业,6.49,-0.15,-2.259,6.49,6.5,6.64,6.64,6.64,6.49,10000700.0,65482139.0,15:35:15,2026-09-23
sz000920,沃顿科技,12.41,-0.36,-2.819,12.4,12.41,12.77,12.65,12.75,12.35,18479510.0,230163463.0,15:35:30,2026-09-23
sz000921,海信家电,26.47,-0.23,-0.861,26.47,26.48,26.7,26.61,26.93,26.41,4541127.0,120951670.0,15:35:45,2026-09-23
sz000922,佳电股份,12.32,0.11,0.901,12.31,12.32,12.21,12.22,12.33,12.12,5691552.0,69704026.0,15:36:00,2026-09-23
sz000923,河钢资源,16.36,-0.24,-1.446,16.36,16.37,16.6,16.82,16.87,16.25,12148272.0,200075337.0,15:35:15,2026-09-23
sz000925,众合科技,8.02,-0.14,-1.716,8.01,8.02,8.16,8.14,8.17,8.01,13848400.0,111494982.0,15:35:30,2026-09-23
sz000926,福星股份,2.19,0.04,1.86,2.18,2.19,2.15,2.14,2.26,2.13,57711037.0,126414711.0,15:35:45,2026-09-23
sz000927,中国铁物,2.44,-0.04,-1.613,2.44,2.45,2.48,2.48,2.49,2.44,39560268.0,97387934.0,15:36:00,2026-09-23
sz000928,中钢国际,5.36,-0.05,-0.924,5.35,5.36,5.41,5.41,5.46,5.34,12598200.0,67927785.0,15:35:15,2026-09-23
sz000929,兰州黄河,9.2,-0.08,-0.862,9.18,9.2,9.28,9.35,9.47,9.13,3170600.0,29342511.0,15:35:30,2026-09-23
sz000930,中粮科技,5.42,0.01,0.185,5.42,5.43,5.41,5.36,5.53,5.3,59301727.0,321066717.0,15:35:45,2026-09-23
sz000931,中 关 村,4.57,-0.12,-2.559,4.57,4.58,4.69,4.65,4.69,4.57,19054002.0,87734939.0,15:36:00,2026-09-23
sz000932,华菱钢铁,3.54,-0.03,-0.84,3.53,3.54,3.57,3.56,3.61,3.53,72026111.0,256449649.0,15:35:15,2026-09-23
sz000933,神火股份,26.12,-0.26,-0.986,26.12,26.13,26.38,26.39,26.48,25.99,24270202.0,633625496.0,15:35:30,2026-09-23
sz000935,四川双马,20.6,0.15,0.733,20.6,20.61,20.45,20.4,20.75,20.25,4665718.0,95984656.0,15:35:45,2026-09-23
sz000936,华西股份,5.54,-0.02,-0.36,5.54,5.55,5.56,5.55,5.69,5.52,20847200.0,116838630.0,15:36:00,2026-09-23
sz000937,冀中能源,4.39,-0.09,-2.009,4.38,4.39,4.48,4.47,4.48,4.38,31641490.0,139446204.0,15:35:15,2026-09-23
sz000938,紫光股份,33.66,-0.11,-0.326,33.66,33.67,33.77,33.58,34.1,33.1,96179071.0,3230513622.0,15:35:30,2026-09-23
sz000948,南天信息,13.38,-0.44,-3.184,13.38,13.39,13.82,13.73,13.78,13.38,7830636.0,105919558.0,15:35:45,2026-09-23
sz000949,新乡化纤,6.94,0.01,0.144,6.94,6.95,6.93,6.9,7.06,6.86,21526365.0,149023291.0,15:36:00,2026-09-23
sz000950,重药控股,5.22,-0.07,-1.323,5.22,5.23,5.29,5.27,5.3,5.22,12925377.0,67891623.0,15:35:15,2026-09-23
sz000951,中国重汽,20.26,0.02,0.099,20.26,20.28,20.24,20.25,20.46,20.12,7730941.0,156923984.0,15:35:30,2026-09-23
sz000952,广济药业,6.56,-0.13,-1.943,6.55,6.56,6.69,6.77,6.77,6.46,7036420.0,46209653.0,15:35:45,2026-09-23
sz000953,中哲精化,6.08,-0.09,-1.459,6.08,6.09,6.17,6.2,6.23,6.08,6149700.0,37678375.0,15:36:00,2026-09-23
sz000955,欣龙控股,3.96,-0.16,-3.883,3.96,3.97,4.12,4.1,4.14,3.96,14336902.0,57519547.0,15:35:15,2026-09-23
sz000957,中通客车,9.85,-0.15,-1.5,9.85,9.86,10.0,10.0,10.14,9.84,11286300.0,112435823.0,15:35:30,2026-09-23
sz000958,电投产融,5.03,-0.05,-0.984,5.03,5.04,5.08,5.08,5.09,5.03,9011845.0,45547664.0,15:35:45,2026-09-23
sz000959,首钢股份,3.47,-0.05,-1.42,3.47,3.48,3.52,3.51,3.57,3.47,21873520.0,76838921.0,15:36:00,2026-09-23
sz000960,锡业股份,33.28,-0.41,-1.217,33.28,33.29,33.69,33.85,33.91,33.18,17805819.0,594877966.0,15:35:15,2026-09-23
sz000962,东方钽业,61.04,0.51,0.843,61.03,61.04,60.53,60.94,61.16,59.0,14024677.0,847850476.0,15:35:30,2026-09-23
sz000963,华东医药,26.5,-0.12,-0.451,26.5,26.51,26.62,26.52,26.68,26.44,7707867.0,204567869.0,15:35:45,2026-09-23
sz000965,天保基建,3.37,-0.02,-0.59,3.37,3.38,3.39,3.37,3.48,3.36,31151330.0,106514756.0,15:36:00,2026-09-23
sz000966,长源电力,3.9,-0.13,-3.226,3.9,3.91,4.03,4.01,4.02,3.89,49142071.0,193774395.0,15:35:15,2026-09-23
sz000967,盈峰环境,8.1,-0.07,-0.857,8.09,8.1,8.17,8.12,8.15,8.0,45816357.0,369818002.0,15:35:30,2026-09-23
sz000968,蓝焰控股,6.85,-0.24,-3.385,6.84,6.85,7.09,7.05,7.08,6.83,16653685.0,115102328.0,15:35:45,2026-09-23
sz000969,安泰科技,17.42,0.16,0.927,17.41,17.42,17.26,17.3,17.44,17.09,13017436.0,224992611.0,15:36:00,2026-09-23
sz000970,中科三环,11.57,-0.19,-1.616,11.56,11.57,11.76,11.71,11.71,11.56,14070161.0,163232390.0,15:35:15,2026-09-23
sz000972,中基健康,4.07,-0.03,-0.732,4.07,4.08,4.1,4.13,4.18,4.07,14784700.0,60845611.0,15:35:30,2026-09-23
sz000973,佛塑科技,11.76,-0.21,-1.754,11.76,11.77,11.97,11.91,11.92,11.76,20294613.0,239508581.0,15:35:45,2026-09-23
sz000975,山金国际,24.28,0.08,0.331,24.27,24.28,24.2,24.32,24.49,24.09,21391720.0,519208835.0,15:36:00,2026-09-23
sz000977,浪潮信息,71.27,-0.88,-1.22,71.26,71.27,72.15,71.86,72.19,70.9,38142759.0,2725577362.0,15:35:15,2026-09-23
sz000978,桂林旅游,8.79,0.39,4.643,8.79,8.8,8.4,8.42,9.07,8.21,142697492.0,1235059404.0,15:35:30,2026-09-23
sz000980,众泰汽车,2.2,0.02,0.917,2.2,2.21,2.18,2.17,2.32,2.13,519606760.0,1159469695.0,15:35:45,2026-09-23
sz000981,山子高科,2.81,-0.07,-2.431,2.8,2.81,2.88,2.86,2.94,2.78,632473375.0,1804709766.0,15:36:00,2026-09-23
sz000983,山西焦煤,6.49,-0.13,-1.964,6.49,6.5,6.62,6.58,6.62,6.47,41239358.0,268839649.0,15:35:15,2026-09-23
sz000985,大庆华科,17.33,-0.36,-2.035,17.33,17.37,17.69,17.65,17.68,17.22,1798600.0,31273583.0,15:35:30,2026-09-23
sz000987,越秀资本,7.41,-0.05,-0.67,7.4,7.41,7.46,7.48,7.52,7.39,15136777.0,112633189.0,15:35:45,2026-09-23
sz000988,华工科技,106.06,-1.03,-0.962,106.06,106.07,107.09,107.14,107.65,105.6,26730645.0,2845267232.0,15:36:00,2026-09-23
sz000989,九芝堂,8.67,-0.16,-1.812,8.66,8.67,8.83,8.85,8.85,8.64,12206765.0,106375308.0,15:35:15,2026-09-23
sz000990,诚志股份,6.44,-0.16,-2.424,6.43,6.44,6.6,6.59,6.59,6.42,25461660.0,165272332.0,15:35:30,2026-09-23
sz000993,闽东电力,18.82,-2.09,-9.995,0.0,18.82,20.91,18.82,18.92,18.82,40599900.0,764107467.0,15:35:45,2026-09-23
sz000995,皇台酒业,11.81,0.07,0.596,11.81,11.82,11.74,11.7,12.86,11.61,32928187.0,398553942.0,15:36:00,2026-09-23
sz000997,新 大 陆,19.7,-0.06,-0.304,19.69,19.7,19.76,19.78,19.78,19.45,8443287.0,165873145.0,15:35:15,2026-09-23
sz000998,隆平高科,8.89,-0.12,-1.332,8.89,8.9,9.01,8.95,9.01,8.79,26308513.0,233963707.0,15:35:30,2026-09-23
sz000999,华润三九,23.76,-0.08,-0.336,23.75,23.76,23.84,23.7,23.9,23.52,6328609.0,150206792.0,15:35:45,2026-09-23
sz001201,东瑞股份,16.02,-0.28,-1.718,16.01,16.02,16.3,16.36,16.68,15.92,11609612.0,189267202.0,15:36:00,2026-09-23
sz001202,炬申股份,15.04,-0.1,-0.661,15.03,15.04,15.14,15.1,15.1,14.79,1821147.0,27186028.0,15:35:15,2026-09-23
sz001203,大中矿业,23.58,-0.96,-3.912,23.58,23.59,24.54,24.55,24.59,23.38,14763368.0,349744914.0,15:35:30,2026-09-23
sz001205,盛航股份,14.52,-0.08,-0.548,14.52,14.55,14.6,14.6,14.63,14.42,1635878.0,23756650.0,15:35:45,2026-09-23
sz001206,依依股份,17.04,-0.23,-1.332,17.03,17.04,17.27,17.32,17.32,16.96,1952956.0,33318268.0,15:36:00,2026-09-23
sz001207,联科科技,18.21,-0.43,-2.307,18.21,18.22,18.64,18.51,18.55,18.15,3787557.0,69260754.0,15:35:15,2026-09-23
sz001208,华菱线缆,13.48,-0.48,-3.438,13.48,13.49,13.96,14.02,14.05,13.45,13447092.0,182659455.0,15:35:30,2026-09-23
sz001209,洪兴股份,19.08,0.16,0.846,19.08,19.09,18.92,19.0,19.4,18.77,3822401.0,73089907.0,15:35:45,2026-09-23
sz001210,金房能源,29.1,-0.62,-2.086,29.1,29.11,29.72,29.72,29.92,29.01,3129000.0,91858215.0,15:36:00,2026-09-23
sz001211,双枪科技,26.06,0.47,1.837,26.05,26.06,25.59,25.63,26.62,25.42,5205954.0,135997919.0,15:35:15,2026-09-23
sz001212,中旗新材,38.83,0.18,0.466,38.83,38.84,38.65,38.55,39.08,37.83,7023174.0,271394768.0,15:35:30,2026-09-23
sz001213,中铁特货,3.49,-0.02,-0.57,3.49,3.5,3.51,3.51,3.53,3.48,3465900.0,12146823.0,15:35:45,2026-09-23
sz001215,千味央厨,33.71,0.23,0.687,33.71,33.72,33.48,33.67,34.0,33.09,2773260.0,93168759.0,15:36:00,2026-09-23
sz001216,华瓷股份,28.31,1.84,6.951,28.31,28.32,26.47,27.66,29.12,27.66,57037092.0,1626331871.0,15:35:15,2026-09-23
sz001217,华尔泰,11.0,0.03,0.273,10.99,11.0,10.97,10.97,11.17,10.83,4814700.0,53045177.0,15:35:30,2026-09-23
sz001218,丽臣实业,24.18,-0.05,-0.206,24.18,24.19,24.23,24.16,24.41,23.95,1334160.0,32296322.0,15:35:45,2026-09-23
sz001219,青岛食品,12.75,-0.01,-0.078,12.75,12.76,12.76,12.76,12.8,12.63,1369483.0,17434811.0,15:36:00,2026-09-23
sz001220,世盟股份,31.95,-0.08,-0.25,31.95,31.96,32.03,31.97,32.38,31.81,878495.0,28174563.0,15:35:15,2026-09-23
sz001221,悍高集团,35.8,0.09,0.252,35.8,35.81,35.71,35.66,36.08,35.31,1963974.0,70085101.0,15:35:30,2026-09-23
sz001222,源飞宠物,15.75,-0.28,-1.747,15.75,15.76,16.03,16.03,16.04,15.72,3124000.0,49419533.0,15:35:45,2026-09-23
sz001223,欧克科技,44.56,0.02,0.045,44.56,44.57,44.54,44.93,45.7,44.5,1948400.0,87542046.0,15:36:00,2026-09-23
sz001225,和泰机电,37.03,0.66,1.815,37.02,37.03,36.37,36.37,37.8,36.37,2300460.0,85352028.0,15:35:15,2026-09-23
sz001226,拓山重工,46.5,0.35,0.758,46.36,46.5,46.15,46.15,47.44,45.46,992792.0,46013512.0,15:35:30,2026-09-23
sz001227,兰州银行,2.1,-0.01,-0.474,2.1,2.11,2.11,2.11,2.12,2.1,35684452.0,75163998.0,15:35:45,2026-09-23
sz001228,永泰运,37.35,2.41,6.898,37.34,37.35,34.94,34.97,37.78,34.58,4899526.0,180865176.0,15:36:00,2026-09-23
sz001229,魅视科技,39.15,-0.74,-1.855,39.15,39.16,39.89,39.64,39.69,38.6,3403320.0,132983668.0,15:35:15,2026-09-23
sz001230,劲旅环境,19.35,-0.06,-0.309,19.35,19.36,19.41,19.6,19.6,19.13,2329424.0,44918102.0,15:35:30,2026-09-23
sz001231,农心科技,22.77,0.13,0.574,22.77,22.84,22.64,22.55,22.96,22.44,1119800.0,25488029.0,15:35:45,2026-09-23
sz001232,嘉立创,205.85,8.42,4.265,205.84,205.85,197.43,196.63,208.88,196.63,5239299.0,1071566231.0,15:36:00,2026-09-23
sz001233,海安集团,46.01,-0.48,-1.032,46.01,46.05,46.49,46.87,47.0,45.91,2101984.0,97333814.0,15:35:15,2026-09-23
sz001234,泰慕士,32.18,2.93,10.017,32.18,0.0,29.25,32.18,32.18,32.18,2784430.0,89602957.0,15:35:30,2026-09-23
sz001236,弘业期货,7.79,-0.27,-3.35,7.79,7.8,8.06,8.05,8.08,7.78,9966490.0,78291306.0,15:35:45,2026-09-23
sz001237,惠康科技,51.02,-0.12,-0.235,51.01,51.02,51.14,51.18,51.4,50.91,731700.0,37385280.0,15:36:00,2026-09-23
sz001238,浙江正特,26.42,0.29,1.11,26.41,26.42,26.13,26.28,27.42,25.92,1742300.0,46232531.0,15:35:15,2026-09-23
sz001239,永达股份,12.08,-0.01,-0.083,12.07,12.08,12.09,12.15,12.17,11.97,1661304.0,20093871.0,15:35:30,2026-09-23
sz001248,华润新能,11.81,-0.14,-1.172,11.81,11.82,11.95,11.94,11.95,11.81,29286101.0,347305958.0,15:35:45,2026-09-23
sz001255,博菲电气,27.0,-0.12,-0.442,26.98,27.0,27.12,27.24,27.25,26.7,620500.0,16708388.0,15:36:00,2026-09-23
sz001256,炜冈科技,22.21,0.38,1.741,22.2,22.21,21.83,21.94,22.23,21.78,1633100.0,36062328.0,15:35:15,2026-09-23
sz001257,盛龙股份,22.84,-0.47,-2.016,22.84,22.85,23.31,23.21,23.33,22.81,6236990.0,143026312.0,15:35:30,2026-09-23
sz001258,立新能源,10.62,-1.09,-9.308,10.61,10.62,11.71,11.4,11.5,10.6,108808746.0,1180075109.0,15:35:45,2026-09-23
sz001259,利仁科技,46.0,-2.88,-5.892,46.0,46.07,48.88,48.05,48.88,45.89,1818800.0,85566295.0,15:36:00,2026-09-23
sz001260,坤泰股份,19.28,-1.0,-4.931,19.28,19.3,20.28,20.28,20.58,19.13,10435053.0,204960636.0,15:35:15,2026-09-23
sz001266,宏英智能,37.62,-0.13,-0.344,37.61,37.63,37.75,37.35,39.17,36.86,10040270.0,381255339.0,15:35:30,2026-09-23
sz001267,汇绿生态,37.81,-0.38,-0.995,37.8,37.81,38.19,38.64,38.85,37.46,20557301.0,783748470.0,15:35:45,2026-09-23
sz001268,联合精密,27.17,0.6,2.258,27.17,27.18,26.57,27.0,27.21,25.72,13758250.0,366584836.0,15:36:00,2026-09-23
sz001269,欧晶科技,19.49,0.18,0.932,19.48,19.49,19.31,19.21,19.74,19.21,1922504.0,37462555.0,15:35:15,2026-09-23
sz001270,铖昌科技,99.19,-0.8,-0.8,99.19,99.2,99.99,100.0,100.18,97.72,3360149.0,332523553.0,15:35:30,2026-09-23
sz001277,速达股份,30.63,-0.13,-0.423,30.62,30.63,30.76,30.99,30.99,30.3,858930.0,26240379.0,15:35:45,2026-09-23
sz001278,一彬科技,16.71,0.09,0.542,16.71,16.72,16.62,16.63,16.76,16.46,2379400.0,39610993.0,15:36:00,2026-09-23
sz001279,强邦新材,26.43,-0.2,-0.751,26.42,26.43,26.63,26.89,26.89,26.38,564700.0,14956770.0,15:35:15,2026-09-23
sz001280,中国铀业,62.92,-0.19,-0.301,62.92,62.93,63.11,63.2,63.34,62.81,1670776.0,105187359.0,15:35:30,2026-09-23
sz001282,三联锻造,16.52,0.06,0.365,16.51,16.52,16.46,16.44,16.81,16.26,5586972.0,92152287.0,15:35:45,2026-09-23
sz001283,豪鹏科技,47.57,-1.28,-2.62,47.57,47.59,48.85,48.5,48.78,47.52,3078739.0,147930583.0,15:36:00,2026-09-23
sz001285,瑞立科密,42.78,0.02,0.047,42.76,42.78,42.76,42.7,43.28,42.52,563098.0,24146357.0,15:35:15,2026-09-23
sz001286,陕西能源,9.43,-0.15,-1.566,9.43,9.44,9.58,9.58,9.59,9.42,15613958.0,148083281.0,15:35:30,2026-09-23
sz001287,中电港,25.2,0.23,0.921,25.19,25.2,24.97,24.97,25.35,24.87,13799505.0,346633007.0,15:35:45,2026-09-23
sz001288,运机集团,33.69,1.9,5.977,33.68,33.69,31.79,31.79,33.98,31.35,8816361.0,289394169.0,15:36:00,2026-09-23
sz001289,龙源电力,14.99,-0.15,-0.991,14.99,15.0,15.14,15.14,15.14,14.99,2569438.0,38618108.0,15:35:15,2026-09-23
sz001296,长江材料,20.62,0.53,2.638,20.62,20.63,20.09,20.3,20.63,19.86,4467840.0,90891278.0,15:35:30,2026-09-23
sz001298,好上好,17.13,0.04,0.234,17.13,17.14,17.09,17.1,17.26,16.98,6324030.0,108261064.0,15:35:45,2026-09-23
sz001299,美能能源,10.32,-0.13,-1.244,10.32,10.34,10.45,10.45,10.45,10.26,5567374.0,57585138.0,15:36:00,2026-09-23
sz001300,三柏硕,12.42,-0.27,-2.128,12.42,12.43,12.69,12.75,12.85,12.28,5383400.0,67136436.0,15:35:15,2026-09-23
sz001301,尚太科技,48.63,-1.45,-2.895,48.62,48.64,50.08,49.83,50.08,48.12,5426154.0,264597534.0,15:35:30,2026-09-23
sz001306,夏厦精密,56.82,-0.25,-0.438,56.82,56.83,57.07,57.0,57.0,56.0,887634.0,50131188.0,15:35:45,2026-09-23
sz001308,康冠科技,18.25,0.09,0.496,18.25,18.26,18.16,18.06,18.35,18.06,1868112.0,34120286.0,15:36:00,2026-09-23
sz001309,德明利,410.32,-1.25,-0.304,410.32,410.41,411.57,419.01,419.8,409.38,7966492.0,3291952914.0,15:35:15,2026-09-23
sz001311,多利科技,17.14,-0.08,-0.465,17.13,17.14,17.22,17.22,17.41,17.03,2492187.0,42824053.0,15:35:30,2026-09-23
sz001312,福恩股份,18.02,-0.1,-0.552,18.01,18.02,18.12,18.05,18.19,18.0,1740400.0,31461276.0,15:35:45,2026-09-23
sz001313,粤海饲料,7.46,0.02,0.269,7.45,7.46,7.44,7.44,7.55,7.36,10151400.0,75710420.0,15:36:00,2026-09-23
sz001314,亿道信息,56.02,1.07,1.947,56.02,56.05,54.95,54.74,56.6,54.74,3708800.0,206895732.0,15:35:15,2026-09-23
sz001316,润贝航科,28.44,-0.46,-1.592,28.44,28.45,28.9,28.69,28.84,28.08,3341933.0,94917666.0,15:35:30,2026-09-23
sz001317,三羊马,59.36,-6.6,-10.006,0.0,59.36,65.96,63.98,64.12,59.36,11840379.0,718069029.0,15:35:45,2026-09-23
sz001318,阳光乳业,11.7,-0.13,-1.099,11.7,11.73,11.83,11.77,11.83,11.6,2429200.0,28421990.0,15:36:00,2026-09-23
sz001319,铭科精技,22.03,-0.3,-1.343,22.02,22.03,22.33,22.44,22.54,22.03,1623700.0,36150143.0,15:35:15,2026-09-23
sz001322,箭牌家居,6.71,-0.24,-3.453,6.71,6.72,6.95,7.1,7.55,6.69,27810746.0,194509561.0,15:35:30,2026-09-23
sz001323,慕思股份,17.98,0.22,1.239,17.97,17.99,17.76,17.82,18.37,17.62,2137212.0,38694737.0,15:35:45,2026-09-23
sz001324,长青科技,21.18,-0.46,-2.126,21.18,21.19,21.64,21.6,21.86,21.13,3640296.0,77932544.0,15:36:00,2026-09-23
sz001325,元创股份,36.9,-0.34,-0.913,36.9,36.91,37.24,37.13,37.32,36.58,830575.0,30657514.0,15:35:15,2026-09-23
sz001326,联域股份,107.0,8.45,8.574,107.0,107.01,98.55,100.32,108.41,99.0,4443102.0,469831578.0,15:35:30,2026-09-23
sz001328,登康口腔,29.76,-0.56,-1.847,29.75,29.76,30.32,30.33,30.45,29.68,557944.0,16710073.0,15:35:45,2026-09-23
sz001330,博纳影业,5.75,0.23,4.167,5.75,5.76,5.52,5.48,5.85,5.17,191242290.0,1052904921.0,15:36:00,2026-09-23
sz001331,胜通能源,42.78,-2.77,-6.081,42.78,42.79,45.55,45.55,46.47,42.61,11687317.0,517046888.0,15:35:15,2026-09-23
sz001332,锡装股份,27.49,-0.55,-1.961,27.49,27.5,28.04,27.9,28.1,27.49,2355820.0,65114342.0,15:35:30,2026-09-23
sz001333,光华股份,20.6,0.47,2.335,20.6,20.61,20.13,20.05,20.99,19.89,2844800.0,58074517.0,15:35:45,2026-09-23
sz001335,信凯科技,33.67,0.02,0.059,33.66,33.67,33.65,33.79,33.94,33.31,509867.0,17126812.0,15:36:00,2026-09-23
sz001336,楚环科技,19.44,-0.3,-1.52,19.43,19.44,19.74,19.74,19.8,19.1,2189219.0,42463434.0,15:35:15,2026-09-23
sz001337,四川黄金,48.73,-0.68,-1.376,48.73,48.74,49.41,49.58,49.7,48.6,5827699.0,286018777.0,15:35:30,2026-09-23
sz001338,永顺泰,9.18,0.07,0.768,9.18,9.19,9.11,9.1,9.45,9.0,10680922.0,98669757.0,15:35:45,2026-09-23
sz001339,智微智能,79.7,-1.6,-1.968,79.69,79.7,81.3,81.36,81.36,79.51,3717111.0,297587033.0,15:36:00,2026-09-23
sz001356,富岭股份,9.46,-0.09,-0.942,9.46,9.47,9.55,9.6,9.65,9.44,3329100.0,31590084.0,15:35:15,2026-09-23
sz001358,兴欣新材,24.73,-0.27,-1.08,24.72,24.73,25.0,24.89,25.24,24.44,1605100.0,39572318.0,15:35:30,2026-09-23
sz001359,平安电工,92.15,2.05,2.275,92.15,92.17,90.1,90.1,92.99,89.2,2321113.0,213514700.0,15:35:45,2026-09-23
sz001360,南矿集团,20.25,-0.81,-3.846,20.25,20.26,21.06,21.04,21.22,20.22,3997900.0,82166087.0,15:36:00,2026-09-23
sz001365,天海电子,36.5,-0.08,-0.219,36.5,36.51,36.58,36.59,36.69,36.11,4958345.0,180525066.0,15:35:15,2026-09-23
sz001366,播恩集团,13.09,-0.3,-2.24,13.09,13.1,13.39,13.31,13.48,13.05,4150000.0,54609747.0,15:35:30,2026-09-23
sz001367,海森药业,22.05,0.57,2.654,22.05,22.06,21.48,21.74,22.88,21.52,3421318.0,75836638.0,15:35:45,2026-09-23
sz001368,通达创智,37.53,3.09,8.972,37.52,37.53,34.44,34.48,37.88,33.98,8879112.0,325440772.0,15:36:00,2026-09-23
sz001369,双欣材料,12.45,-0.07,-0.559,12.44,12.45,12.52,12.52,12.61,12.43,3913169.0,48904055.0,15:35:15,2026-09-23
sz001373,翔腾新材,31.39,0.27,0.868,31.37,31.39,31.12,31.12,32.23,30.62,5201410.0,163373816.0,15:35:30,2026-09-23
sz001376,百通能源,12.42,-0.5,-3.87,12.42,12.43,12.92,12.8,13.0,12.08,33213325.0,412274520.0,15:35:45,2026-09-23
sz001378,德冠新材,23.48,0.08,0.342,23.48,23.49,23.4,23.6,23.66,23.0,6410012.0,149656069.0,15:36:00,2026-09-23
sz001379,腾达科技,15.83,-0.04,-0.252,15.83,15.86,15.87,15.95,15.95,15.76,1070213.0,16959909.0,15:35:15,2026-09-23
sz001380,华纬科技,18.82,0.21,1.128,18.81,18.82,18.61,18.62,18.84,18.56,1332176.0,24968165.0,15:35:30,2026-09-23
sz001382,新亚电缆,16.42,-0.16,-0.965,16.41,16.42,16.58,16.58,16.63,16.4,1427204.0,23510055.0,15:35:45,2026-09-23
sz001386,马可波罗,16.38,-0.02,-0.122,16.38,16.39,16.4,16.27,16.64,16.2,3565970.0,58455215.0,15:36:00,2026-09-23
sz001387,雪祺电气,12.25,0.3,2.51,12.25,12.26,11.95,12.0,12.25,11.91,3525290.0,42705256.0,15:35:15,2026-09-23
sz001388,信通电子,20.38,-0.54,-2.581,20.37,20.38,20.92,20.98,21.1,20.27,2971828.0,60824466.0,15:35:30,2026-09-23
sz001389,广合科技,192.25,-6.4,-3.222,192.25,192.35,198.65,196.2,203.31,191.0,20355267.0,4010925727.0,15:35:45,2026-09-23
sz001390,古麒绒材,17.76,0.21,1.197,17.76,17.79,17.55,17.49,17.98,17.49,2741005.0,48856527.0,15:36:00,2026-09-23
sz001391,国货航,3.85,-0.08,-2.036,3.84,3.85,3.93,3.92,3.93,3.84,34411545.0,133216085.0,15:35:15,2026-09-23
sz001393,维通利,43.41,1.11,2.624,43.4,43.41,42.3,42.3,44.41,42.3,4523304.0,195918172.0,15:35:30,2026-09-23
sz001395,亚联机械,30.95,0.83,2.756,30.93,30.95,30.12,30.12,31.12,29.97,2158725.0,66080265.0,15:35:45,2026-09-23
sz001396,誉帆科技,32.76,0.09,0.275,32.75,32.76,32.67,32.56,33.02,32.39,484569.0,15858133.0,15:36:00,2026-09-23
sz001399,惠科股份,23.77,0.25,1.063,23.76,23.77,23.52,23.63,23.97,23.38,32204753.0,765075366.0,15:35:15,2026-09-23
sz001400,江顺科技,78.38,1.42,1.845,78.37,78.38,76.96,76.95,79.84,75.16,2332573.0,180434318.0,15:35:30,2026-09-23
sz001696,宗申动力,16.42,0.51,3.206,16.41,16.42,15.91,15.85,16.6,15.7,61876355.0,1004879407.0,15:35:45,2026-09-23
sz001872,招商港口,22.81,-0.1,-0.436,22.8,22.81,22.91,22.78,23.0,22.73,1260804.0,28861061.0,15:36:00,2026-09-23
sz001896,豫能控股,11.34,-0.8,-6.59,11.33,11.34,12.14,12.13,12.13,11.33,101475236.0,1171324984.0,15:35:15,2026-09-23
sz001914,招商积余,9.13,-0.01,-0.109,9.13,9.14,9.14,9.1,9.43,9.08,13715600.0,127095182.0,15:35:30,2026-09-23
sz001965,招商公路,9.86,0.06,0.612,9.86,9.87,9.8,9.78,9.89,9.74,8000590.0,78640273.0,15:35:45,2026-09-23
sz001979,招商蛇口,7.25,-0.02,-0.275,7.25,7.26,7.27,7.22,7.54,7.21,158287698.0,1166390670.0,15:36:00,2026-09-23
sz002001,新 和 成,26.34,-0.32,-1.2,26.34,26.35,26.66,26.56,26.72,26.24,13597509.0,358992148.0,15:35:15,2026-09-23
sz002003,伟星股份,11.25,-0.04,-0.354,11.25,11.27,11.29,11.26,11.38,11.21,7105730.0,80210034.0,15:35:30,2026-09-23
sz002004,华邦健康,4.37,-0.04,-0.907,4.37,4.38,4.41,4.41,4.44,4.36,20351500.0,89622774.0,15:35:45,2026-09-23
sz002005,德豪润达,2.66,-0.02,-0.746,2.66,2.67,2.68,2.69,2.73,2.63,32115701.0,85786194.0,15:36:00,2026-09-23
sz002006,精工科技,13.49,0.01,0.074,13.49,13.5,13.48,13.49,13.6,13.38,3711001.0,50106660.0,15:35:15,2026-09-23
sz002007,华兰生物,13.3,0.03,0.226,13.29,13.3,13.27,13.3,13.45,13.25,10732329.0,143353353.0,15:35:30,2026-09-23
sz002008,大族激光,92.98,-1.28,-1.358,92.98,92.99,94.26,94.73,95.83,92.66,30957864.0,2902665553.0,15:35:45,2026-09-23
sz002009,天奇股份,15.66,0.04,0.256,15.66,15.67,15.62,15.63,15.75,15.46,6003666.0,93556923.0,15:36:00,2026-09-23
sz002010,传化智联,4.55,-0.03,-0.655,4.55,4.56,4.58,4.58,4.6,4.55,9768335.0,44639393.0,15:35:15,2026-09-23
sz002011,盾安环境,14.33,-0.43,-2.913,14.33,14.34,14.76,14.64,14.75,14.21,40651117.0,585616708.0,15:35:30,2026-09-23
sz002012,凯恩股份,7.1,-0.11,-1.526,7.1,7.11,7.21,7.16,7.26,7.07,8163300.0,58296788.0,15:35:45,2026-09-23
sz002014,永新股份,10.9,-0.04,-0.366,10.9,10.94,10.94,10.91,10.98,10.89,930111.0,10166484.0,15:36:00,2026-09-23
sz002015,协鑫能科,15.27,-0.79,-4.919,15.27,15.28,16.06,15.98,15.98,15.27,68867984.0,1069533669.0,15:35:15,2026-09-23
sz002016,世荣兆业,4.77,0.0,0.0,4.77,4.78,4.77,4.77,4.9,4.74,13589668.0,65500947.0,15:35:30,2026-09-23
sz002017,东信和平,14.46,-0.48,-3.213,14.46,14.49,14.94,14.88,14.89,14.4,16637090.0,241466425.0,15:35:45,2026-09-23
sz002019,亿帆医药,9.55,-0.04,-0.417,9.55,9.56,9.59,9.56,9.65,9.54,5307201.0,50847097.0,15:36:00,2026-09-23
sz002020,京新药业,11.68,0.05,0.43,11.68,11.69,11.63,11.63,11.73,11.58,7690934.0,89792502.0,15:35:15,2026-09-23
sz002021,中捷资源,2.57,-0.05,-1.908,2.57,2.58,2.62,2.61,2.63,2.57,20968092.0,54417006.0,15:35:30,2026-09-23
sz002022,科华生物,6.05,-0.14,-2.262,6.05,6.06,6.19,6.17,6.21,5.98,26136517.0,159043226.0,15:35:45,2026-09-23
sz002023,海特高新,9.83,-0.23,-2.286,9.83,9.84,10.06,10.03,10.08,9.78,16240532.0,160735144.0,15:36:00,2026-09-23
sz002024,ST易购,1.16,-0.01,-0.855,1.16,1.17,1.17,1.17,1.17,1.16,13075379.0,15193278.0,15:35:15,2026-09-23
sz002025,航天电器,72.29,-0.91,-1.243,72.29,72.37,73.2,73.37,74.25,72.2,7407095.0,540489816.0,15:35:30,2026-09-23
sz002026,山东威达,11.37,0.37,3.364,11.37,11.38,11.0,11.2,11.76,10.82,22867985.0,259563466.0,15:35:45,2026-09-23
sz002027,分众传媒,4.75,0.0,0.0,4.74,4.75,4.75,4.73,4.79,4.71,87350441.0,415151006.0,15:36:00,2026-09-23
sz002028,思源电气,128.56,0.16,0.125,128.56,128.57,128.4,129.68,129.68,125.7,15962003.0,2038961196.0,15:35:15,2026-09-23
sz002029,七 匹 狼,8.42,-0.69,-7.574,8.42,8.43,9.11,9.09,9.09,8.41,37028284.0,317881151.0,15:35:30,2026-09-23
sz002030,达安基因,5.6,0.02,0.358,5.6,5.61,5.58,5.6,5.68,5.58,20599644.0,116015636.0,15:35:45,2026-09-23
sz002031,巨轮智能,5.27,-0.01,-0.189,5.27,5.28,5.28,5.25,5.36,5.12,84050755.0,440202654.0,15:36:00,2026-09-23
sz002032,苏 泊 尔,39.1,-0.2,-0.509,39.09,39.1,39.3,39.3,39.74,39.06,1300400.0,51227367.0,15:35:15,2026-09-23
sz002033,丽江股份,8.38,-0.03,-0.357,8.37,8.38,8.41,8.41,8.46,8.37,10953688.0,92019825.0,15:35:30,2026-09-23
sz002034,旺能环境,14.4,-0.1,-0.69,14.39,14.4,14.5,14.47,14.52,14.38,3105500.0,44842411.0,15:35:45,2026-09-23
sz002035,华帝股份,4.68,0.07,1.518,4.67,4.68,4.61,4.61,4.88,4.58,28731717.0,136287408.0,15:36:00,2026-09-23
sz002036,联创电子,6.26,-0.11,-1.727,6.26,6.27,6.37,6.36,6.43,6.25,18928234.0,119453411.0,15:35:15,2026-09-23
sz002037,保利联合,6.9,-0.13,-1.849,6.9,6.91,7.03,7.02,7.03,6.89,4113008.0,28604004.0,15:35:30,2026-09-23
sz002038,双鹭药业,5.78,-0.13,-2.2,5.78,5.79,5.91,5.86,5.91,5.76,19559136.0,113735942.0,15:35:45,2026-09-23
sz002039,黔源电力,19.03,-0.15,-0.782,19.03,19.04,19.18,19.18,19.24,18.96,4291884.0,81869937.0,15:36:00,2026-09-23
sz002040,南 京 港,9.04,-0.25,-2.691,9.04,9.05,9.29,9.23,9.25,9.0,16970890.0,153676587.0,15:35:15,2026-09-23
sz002041,登海种业,10.24,-0.23,-2.197,10.23,10.24,10.47,10.41,10.48,10.13,24567701.0,252561716.0,15:35:30,2026-09-23
sz002042,华孚时尚,3.9,-0.14,-3.465,3.89,3.9,4.04,4.0,4.02,3.87,57691843.0,225564222.0,15:35:45,2026-09-23
sz002043,兔 宝 宝,11.66,0.32,2.822,11.66,11.67,11.34,11.27,12.0,11.27,18652785.0,219044784.0,15:36:00,2026-09-23
sz002044,美年健康,4.48,-0.11,-2.397,4.48,4.49,4.59,4.57,4.58,4.48,56197041.0,253769506.0,15:35:15,2026-09-23
sz002045,国光电器,9.09,-0.31,-3.298,9.09,9.1,9.4,9.37,9.39,9.01,22168706.0,202451279.0,15:35:30,2026-09-23
sz002046,国机精工,66.1,1.81,2.815,66.1,66.11,64.29,64.34,68.8,64.0,18811648.0,1245737498.0,15:35:45,2026-09-23
sz002047,宝鹰股份,3.24,-0.13,-3.858,3.23,3.24,3.37,3.39,3.39,3.23,24832700.0,81251609.0,15:36:00,2026-09-23
sz002048,宁波华翔,18.45,-0.1,-0.539,18.44,18.45,18.55,18.55,18.58,18.2,8387312.0,154294905.0,15:35:15,2026-09-23
sz002049,紫光国微,61.37,-0.49,-0.792,61.36,61.37,61.86,61.86,61.86,61.0,8853274.0,543917635.0,15:35:30,2026-09-23
sz002050,三花智控,35.99,-0.21,-0.58,35.98,35.99,36.2,36.3,36.39,35.85,26333785.0,948088978.0,15:35:45,2026-09-23
sz002051,中工国际,9.13,0.14,1.557,9.13,9.14,8.99,9.42,9.57,9.1,45603042.0,419465451.0,15:36:00,2026-09-23
sz002052,同洲电子,8.44,-0.03,-0.354,8.44,8.45,8.47,8.47,8.52,8.35,5612500.0,47339433.0,15:35:15,2026-09-23
sz002053,云南能投,9.35,-0.2,-2.094,9.34,9.35,9.55,9.53,9.53,9.33,6319900.0,59339076.0,15:35:30,2026-09-23
sz002054,德美化工,7.21,0.07,0.98,7.21,7.22,7.14,7.17,7.27,7.09,7752000.0,55853436.0,15:35:45,2026-09-23
sz002055,ST得润,6.9,-0.09,-1.288,6.89,6.9,6.99,7.0,7.05,6.85,18477400.0,128066665.0,15:36:00,2026-09-23
sz002056,横店东磁,20.41,0.08,0.394,20.41,20.42,20.33,20.39,20.55,20.08,13490888.0,274009277.0,15:35:15,2026-09-23
sz002057,中钢天源,9.13,0.0,0.0,9.13,9.14,9.13,9.1,9.17,9.06,7146475.0,65159072.0,15:35:30,2026-09-23
sz002058,紫竹高科,17.34,-0.43,-2.42,17.34,17.35,17.77,17.79,17.91,17.24,2276800.0,39665460.0,15:35:45,2026-09-23
sz002059,云南旅游,4.55,-0.04,-0.871,4.54,4.55,4.59,4.62,4.68,4.51,72387400.0,331741281.0,15:36:00,2026-09-23
sz002060,广东建工,3.04,-0.01,-0.328,3.03,3.04,3.05,3.04,3.07,3.03,14282992.0,43520277.0,15:35:15,2026-09-23
sz002061,浙江交科,3.33,-0.02,-0.597,3.32,3.33,3.35,3.34,3.38,3.32,15540700.0,52035494.0,15:35:30,2026-09-23
sz002062,宏润建设,9.58,-0.01,-0.104,9.58,9.59,9.59,9.61,9.68,9.42,14579125.0,138933909.0,15:35:45,2026-09-23
sz002063,远光软件,5.29,-0.09,-1.673,5.29,5.3,5.38,5.4,5.41,5.29,17102958.0,91196864.0,15:36:00,2026-09-23
sz002064,华峰化学,9.83,-0.11,-1.107,9.83,9.84,9.94,9.95,10.02,9.81,22998572.0,227411745.0,15:35:15,2026-09-23
sz002065,东华软件,6.66,-0.14,-2.059,6.66,6.67,6.8,6.76,6.76,6.66,23393641.0,156684005.0,15:35:30,2026-09-23
sz002066,瑞泰科技,20.25,-0.05,-0.246,20.2,20.25,20.3,20.33,20.48,19.96,1990300.0,40164542.0,15:35:45,2026-09-23
sz002067,景兴纸业,4.02,-0.08,-1.951,4.01,4.02,4.1,4.13,4.13,4.01,19107469.0,77406567.0,15:36:00,2026-09-23
sz002068,黑猫股份,9.86,-0.49,-4.734,9.85,9.86,10.35,9.98,10.18,9.78,60437180.0,600958154.0,15:35:15,2026-09-23
sz002069,獐子岛,3.68,-0.06,-1.604,3.67,3.68,3.74,3.72,3.74,3.65,11938800.0,44020639.0,15:35:30,2026-09-23
sz002072,凯瑞德,7.33,0.02,0.274,7.32,7.33,7.31,7.33,7.4,7.13,8752900.0,63375149.0,15:35:45,2026-09-23
sz002073,软控股份,5.67,-0.07,-1.22,5.67,5.68,5.74,5.77,5.78,5.67,7750800.0,44298723.0,15:36:00,2026-09-23
sz002074,国轩高科,27.28,-0.45,-1.623,27.28,27.29,27.73,27.62,27.81,27.0,32002861.0,874271602.0,15:35:15,2026-09-23
sz002075,沙钢股份,3.53,-0.04,-1.12,3.52,3.53,3.57,3.56,3.63,3.52,28643960.0,102096968.0,15:35:30,2026-09-23
sz002076,星光股份,2.11,-0.05,-2.315,2.1,2.11,2.16,2.16,2.16,2.09,22584000.0,47806725.0,15:35:45,2026-09-23
sz002077,大港股份,14.19,0.1,0.71,14.18,14.19,14.09,14.0,14.28,13.69,45089855.0,630045921.0,15:36:00,2026-09-23
sz002078,太阳纸业,13.74,0.06,0.439,13.73,13.74,13.68,13.72,13.84,13.61,12629446.0,173836674.0,15:35:15,2026-09-23
sz002079,苏州固锝,9.08,0.02,0.221,9.08,9.09,9.06,9.06,9.14,9.0,17762443.0,161233974.0,15:35:30,2026-09-23
sz002080,中材科技,60.7,-1.8,-2.88,60.7,60.71,62.5,61.41,63.1,60.26,61730305.0,3790896130.0,15:35:45,2026-09-23
sz002081,金 螳 螂,5.32,0.09,1.721,5.32,5.33,5.23,5.25,5.66,5.15,400020167.0,2167347584.0,15:36:00,2026-09-23
sz002082,ST万邦,11.37,0.25,2.248,11.36,11.37,11.12,11.28,11.9,11.21,24744803.0,285164305.0,15:35:15,2026-09-23
sz002083,孚日股份,9.58,-0.25,-2.543,9.58,9.59,9.83,9.81,9.81,9.51,22435500.0,215529393.0,15:35:30,2026-09-23
sz002084,海鸥住工,6.47,0.07,1.094,6.46,6.47,6.4,6.3,6.6,6.18,125093533.0,801172026.0,15:35:45,2026-09-23
sz002085,万丰奥威,9.52,-0.11,-1.142,9.51,9.52,9.63,9.61,9.67,9.51,21319539.0,204370140.0,15:36:00,2026-09-23
sz002086,东方海洋,2.05,-0.02,-0.966,2.05,2.06,2.07,2.08,2.08,2.0,55136135.0,112219129.0,15:35:15,2026-09-23
sz002088,鲁阳节能,8.18,0.05,0.615,8.17,8.18,8.13,8.15,8.24,8.09,2091300.0,17110952.0,15:35:30,2026-09-23
sz002090,金智科技,9.05,-0.12,-1.309,9.05,9.06,9.17,9.15,9.2,9.04,4422900.0,40267283.0,15:35:45,2026-09-23
sz002091,江苏国泰,7.53,-0.02,-0.265,7.53,7.55,7.55,7.57,7.6,7.53,6462200.0,48838289.0,15:36:00,2026-09-23
sz002092,中泰化学,4.41,-0.11,-2.434,4.41,4.42,4.52,4.5,4.51,4.4,30645200.0,136204902.0,15:35:15,2026-09-23
sz002093,国脉科技,7.58,-0.17,-2.194,7.57,7.58,7.75,7.68,7.71,7.4,33075056.0,249233137.0,15:35:30,2026-09-23
sz002094,青岛金王,5.13,-0.25,-4.647,5.13,5.14,5.38,5.38,5.42,5.1,31640234.0,164253132.0,15:35:45,2026-09-23
sz002095,生 意 宝,15.7,-0.52,-3.206,15.7,15.71,16.22,16.06,16.11,15.56,10224985.0,160793192.0,15:36:00,2026-09-23
sz002096,易普力,9.34,-0.04,-0.426,9.33,9.34,9.38,9.38,9.47,9.3,2515100.0,23600746.0,15:35:15,2026-09-23
sz002097,山河智能,6.99,-0.14,-1.964,6.99,7.0,7.13,7.13,7.16,6.98,16255802.0,114864920.0,15:35:30,2026-09-23
sz002098,浔兴股份,8.18,-0.06,-0.728,8.18,8.19,8.24,8.2,8.31,8.14,3947800.0,32387902.0,15:35:45,2026-09-23
sz002099,海翔药业,5.94,0.31,5.506,5.93,5.94,5.63,5.6,5.95,5.53,44485034.0,257454997.0,15:36:00,2026-09-23
sz002100,天康生物,7.74,-0.11,-1.401,7.74,7.75,7.85,7.85,7.91,7.73,12097600.0,94097273.0,15:35:15,2026-09-23
sz002101,广东鸿图,8.63,-0.1,-1.145,8.63,8.64,8.73,8.73,8.77,8.63,2620519.0,22743466.0,15:35:30,2026-09-23
sz002102,ST能特,2.71,-0.05,-1.812,2.71,2.72,2.76,2.76,2.8,2.71,9561000.0,26268326.0,15:35:45,2026-09-23
sz002103,广博股份,6.74,-0.16,-2.319,6.73,6.74,6.9,6.84,6.88,6.63,12457300.0,83704990.0,15:36:00,2026-09-23
sz002104,恒宝股份,10.93,-0.75,-6.421,10.93,10.94,11.68,11.63,11.68,10.9,59868198.0,663661115.0,15:35:15,2026-09-23
sz002105,信隆健康,6.11,0.02,0.328,6.1,6.11,6.09,6.05,6.17,5.96,7428800.0,45142465.0,15:35:30,2026-09-23
sz002106,莱宝高科,13.9,0.67,5.064,13.89,13.9,13.23,13.0,13.9,12.9,67532591.0,914291547.0,15:35:45,2026-09-23
sz002107,沃华医药,7.21,-0.12,-1.637,7.21,7.22,7.33,7.29,7.38,7.2,16600180.0,120630072.0,15:36:00,2026-09-23
sz002108,沧州明珠,4.36,-0.03,-0.683,4.36,4.37,4.39,4.38,4.4,4.35,11393478.0,49713196.0,15:35:15,2026-09-23
sz002109,ST兴化,2.77,-0.04,-1.423,2.77,2.78,2.81,2.8,2.81,2.76,3860900.0,10739298.0,15:35:30,2026-09-23
sz002110,三钢闽光,2.88,-0.02,-0.69,2.87,2.88,2.9,2.9,2.96,2.86,33870908.0,98272784.0,15:35:45,2026-09-23
sz002111,威海广泰,9.39,-0.06,-0.635,9.39,9.4,9.45,9.45,9.5,9.37,4773720.0,44906685.0,15:36:00,2026-09-23
sz002112,三变科技,14.13,-0.47,-3.219,14.12,14.13,14.6,14.66,14.66,14.08,9241303.0,131329070.0,15:35:15,2026-09-23
sz002114,罗平锌电,7.24,-0.13,-1.764,7.23,7.24,7.37,7.33,7.4,7.2,4721500.0,34269745.0,15:35:30,2026-09-23
sz002115,三维通信,10.0,-0.22,-2.153,10.0,10.01,10.22,10.19,10.19,9.99,27658333.0,277500343.0,15:35:45,2026-09-23
sz002116,中国海诚,7.15,-0.05,-0.694,7.14,7.15,7.2,7.22,7.25,7.13,2199840.0,15774731.0,15:36:00,2026-09-23
sz002117,东港股份,7.99,-0.01,-0.125,7.99,8.01,8.0,8.0,8.08,7.9,5804538.0,46356011.0,15:35:15,2026-09-23
sz002119,康强电子,26.92,2.45,10.012,26.92,0.0,24.47,24.87,26.92,24.12,57324356.0,1478905678.0,15:35:30,2026-09-23
sz002120,韵达股份,6.88,0.01,0.146,6.88,6.89,6.87,6.86,6.94,6.84,23112800.0,159288200.0,15:35:45,2026-09-23
sz002121,科陆电子,4.41,0.02,0.456,4.4,4.41,4.39,4.49,4.6,4.37,48750929.0,217034888.0,15:36:00,2026-09-23
sz002122,ST汇洲,2.74,-0.04,-1.439,2.74,2.75,2.78,2.79,2.79,2.74,5513200.0,15187953.0,15:35:15,2026-09-23
sz002123,梦网科技,7.97,-0.34,-4.091,7.97,7.98,8.31,8.26,8.3,7.95,26949900.0,216664292.0,15:35:30,2026-09-23
sz002124,天邦食品,2.04,-0.13,-5.991,2.04,2.05,2.17,2.14,2.15,2.03,178402369.0,370486352.0,15:35:45,2026-09-23
sz002125,湘潭电化,12.14,-0.09,-0.736,12.14,12.15,12.23,12.23,12.28,12.1,6230684.0,75771523.0,15:36:00,2026-09-23
sz002126,银轮股份,38.33,-0.21,-0.545,38.33,38.34,38.54,38.3,38.75,38.22,7702992.0,295859475.0,15:35:15,2026-09-23
sz002127,南极电商,2.92,-0.13,-4.262,2.92,2.93,3.05,3.03,3.06,2.89,55925187.0,165127443.0,15:35:30,2026-09-23
sz002128,电投能源,28.08,-0.16,-0.567,28.08,28.09,28.24,28.14,28.37,27.73,9767700.0,273525524.0,15:35:45,2026-09-23
sz002129,TCL中环,9.61,0.0,0.0,9.6,9.61,9.61,9.6,9.69,9.49,92531440.0,888187657.0,15:36:00,2026-09-23
sz002130,沃尔核材,16.57,-0.27,-1.603,16.57,16.58,16.84,16.76,17.04,16.55,25920304.0,432545785.0,15:35:15,2026-09-23
sz002131,利欧股份,4.41,-0.25,-5.365,4.41,4.42,4.66,4.62,4.62,4.4,345218340.0,1543475343.0,15:35:30,2026-09-23
sz002132,恒星科技,4.15,-0.06,-1.425,4.14,4.15,4.21,4.2,4.23,4.14,29637144.0,123491603.0,15:35:45,2026-09-23
sz002133,广宇集团,2.87,-0.02,-0.692,2.86,2.87,2.89,2.9,2.96,2.85,17718020.0,51427738.0,15:36:00,2026-09-23
sz002134,天津普林,27.47,0.52,1.929,27.46,27.47,26.95,26.78,28.7,26.78,28634828.0,797263734.0,15:35:15,2026-09-23
sz002135,东南网架,6.17,-0.01,-0.162,6.16,6.17,6.18,6.15,6.26,6.1,10541639.0,65254708.0,15:35:30,2026-09-23
sz002136,安 纳 达,11.78,-0.09,-0.758,11.77,11.78,11.87,11.87,11.92,11.69,3779700.0,44490783.0,15:35:45,2026-09-23
sz002137,实益达,8.27,-0.23,-2.706,8.26,8.27,8.5,8.43,8.48,8.24,35447800.0,294724357.0,15:36:00,2026-09-23
sz002138,顺络电子,54.66,0.31,0.57,54.66,54.67,54.35,54.26,55.2,53.21,25439519.0,1381660073.0,15:35:15,2026-09-23
sz002139,拓邦股份,9.63,-0.01,-0.104,9.63,9.64,9.64,9.6,9.75,9.58,8571256.0,82833357.0,15:35:30,2026-09-23
sz002140,东华科技,9.4,-0.08,-0.844,9.39,9.4,9.48,9.41,9.46,9.35,4571897.0,42928572.0,15:35:45,2026-09-23
sz002141,贤丰控股,7.1,-0.33,-4.441,7.1,7.11,7.43,7.39,7.47,7.05,254030303.0,1830041777.0,15:36:00,2026-09-23
sz002142,宁波银行,34.72,0.0,0.0,34.72,34.73,34.72,34.69,34.87,34.31,17732962.0,613013493.0,15:35:15,2026-09-23
sz002144,宏达高科,10.84,-0.06,-0.55,10.83,10.84,10.9,10.95,10.97,10.75,2786800.0,30229587.0,15:35:30,2026-09-23
sz002145,钛能化学,4.86,0.16,3.404,4.85,4.86,4.7,4.77,4.9,4.75,100624915.0,487586626.0,15:35:45,2026-09-23
sz002146,荣盛发展,1.27,0.03,2.419,1.26,1.27,1.24,1.25,1.36,1.24,485827759.0,635563207.0,15:36:00,2026-09-23
sz002148,北纬科技,6.37,-0.25,-3.776,6.36,6.37,6.62,6.7,6.7,6.34,20712713.0,133239726.0,15:35:15,2026-09-23
sz002149,西部材料,32.91,-0.68,-2.024,32.91,32.92,33.59,33.59,33.65,32.82,9906680.0,327594416.0,15:35:30,2026-09-23
sz002150,正泰电源,21.88,0.18,0.829,21.88,21.89,21.7,21.71,22.19,21.18,8163400.0,177271936.0,15:35:45,2026-09-23
sz002151,北斗星通,29.84,0.09,0.303,29.84,29.85,29.75,30.3,30.75,29.75,26698618.0,805054852.0,15:36:00,2026-09-23
sz002152,广电运通,9.18,-0.15,-1.608,9.17,9.18,9.33,9.31,9.34,9.17,17761925.0,163927266.0,15:35:15,2026-09-23
sz002153,石基信息,7.66,-0.25,-3.161,7.66,7.67,7.91,7.83,7.9,7.66,19775391.0,152512975.0,15:35:30,2026-09-23
sz002154,报 喜 鸟,3.82,-0.03,-0.779,3.82,3.83,3.85,3.84,3.86,3.81,16686102.0,63976855.0,15:35:45,2026-09-23
sz002155,湖南黄金,24.82,-0.18,-0.72,24.82,24.83,25.0,25.12,25.18,24.77,29147735.0,726983645.0,15:36:00,2026-09-23
sz002156,通富微电,62.8,-0.72,-1.134,62.8,62.81,63.52,63.56,65.0,62.7,74530121.0,4738870756.0,15:35:15,2026-09-23
sz002157,正邦科技,2.96,-0.05,-1.661,2.95,2.96,3.01,3.01,3.02,2.95,125964403.0,374473013.0,15:35:30,2026-09-23
sz002158,汉钟精机,28.28,0.22,0.784,28.27,28.28,28.06,28.0,28.46,27.93,5228799.0,147634676.0,15:35:45,2026-09-23
sz002159,三特索道,13.46,-0.06,-0.444,13.45,13.46,13.52,13.45,13.65,13.38,2193000.0,29582569.0,15:36:00,2026-09-23
sz002160,常铝股份,3.88,-0.04,-1.02,3.87,3.88,3.92,3.93,3.94,3.87,8312100.0,32415681.0,15:35:15,2026-09-23
sz002161,远 望 谷,6.74,-0.19,-2.742,6.74,6.75,6.93,6.88,6.93,6.71,41404387.0,280776830.0,15:35:30,2026-09-23
sz002162,悦心健康,4.15,-0.06,-1.425,4.15,4.16,4.21,4.22,4.26,4.15,17224558.0,72059135.0,15:35:45,2026-09-23
sz002163,海南发展,7.6,-0.32,-4.04,7.6,7.61,7.92,7.88,7.91,7.6,28569571.0,219837669.0,15:36:00,2026-09-23
sz002164,宁波东力,11.87,0.13,1.107,11.87,11.88,11.74,11.63,11.98,11.2,43345763.0,497952168.0,15:35:15,2026-09-23
sz002165,红 宝 丽,7.01,-0.37,-5.014,7.01,7.02,7.38,7.27,7.3,7.0,68817151.0,488851571.0,15:35:30,2026-09-23
sz002166,莱茵生物,6.75,-0.03,-0.442,6.74,6.75,6.78,6.77,6.8,6.71,5370405.0,36279426.0,15:35:45,2026-09-23
sz002167,东方锆业,16.36,-0.23,-1.386,16.35,16.36,16.59,16.67,16.68,16.16,29823359.0,486075559.0,15:36:00,2026-09-23
sz002168,ST惠程,3.58,-0.11,-2.981,3.58,3.6,3.69,3.69,3.7,3.58,5896500.0,21355672.0,15:35:15,2026-09-23
sz002169,智光电气,13.88,-0.61,-4.21,13.88,13.89,14.49,14.52,14.6,13.85,37482280.0,526944088.0,15:35:30,2026-09-23
sz002170,芭田股份,10.81,-0.01,-0.092,10.81,10.82,10.82,10.8,10.83,10.71,8985300.0,96842796.0,15:35:45,2026-09-23
sz002171,楚江新材,10.65,0.03,0.282,10.64,10.65,10.62,10.63,10.92,10.45,45238926.0,482348391.0,15:36:00,2026-09-23
sz002172,澳洋健康,5.35,-0.25,-4.464,5.35,5.36,5.6,5.58,5.63,5.33,152564991.0,827656442.0,15:35:15,2026-09-23
sz002173,创新医疗,18.06,-0.62,-3.319,18.05,18.06,18.68,18.45,18.54,18.05,22113560.0,402853608.0,15:35:30,2026-09-23
sz002174,游族网络,14.33,-0.07,-0.486,14.33,14.34,14.4,14.31,14.5,14.1,34340848.0,491094762.0,15:35:45,2026-09-23
sz002175,*ST东智,2.51,-0.04,-1.569,2.51,2.52,2.55,2.55,2.56,2.51,7722320.0,19513913.0,15:36:00,2026-09-23
sz002176,江特电机,8.4,-0.2,-2.326,8.4,8.41,8.6,8.55,8.58,8.37,33258917.0,280760200.0,15:35:15,2026-09-23
sz002177,御银股份,5.5,-0.25,-4.348,5.5,5.51,5.75,5.72,5.74,5.48,24906388.0,138273646.0,15:35:30,2026-09-23
sz002178,延华智能,5.1,-0.49,-8.766,5.1,5.11,5.59,5.21,5.4,5.04,114847676.0,597498834.0,15:35:45,2026-09-23
sz002179,中航光电,34.77,-0.41,-1.165,34.77,34.78,35.18,35.18,35.22,34.75,13362452.0,466221941.0,15:36:00,2026-09-23
sz002180,奔图科技,17.13,-0.59,-3.33,17.12,17.13,17.72,17.6,17.67,17.08,12491439.0,215955740.0,15:35:15,2026-09-23
sz002181,粤 传 媒,9.12,-0.6,-6.173,9.11,9.12,9.72,9.67,9.69,9.08,69397937.0,642053276.0,15:35:30,2026-09-23
sz002182,宝武镁业,11.66,0.03,0.258,11.65,11.66,11.63,11.61,11.73,11.52,7362103.0,85637754.0,15:35:45,2026-09-23
sz002183,怡 亚 通,4.3,-0.12,-2.715,4.3,4.31,4.42,4.39,4.42,4.3,44906226.0,195175907.0,15:36:00,2026-09-23
sz002184,海得控制,9.93,-0.05,-0.501,9.93,9.94,9.98,10.01,10.01,9.87,2034485.0,20174595.0,15:35:15,2026-09-23
sz002185,华天科技,18.37,0.09,0.492,18.37,18.38,18.28,18.28,18.62,17.82,331465357.0,6037596525.0,15:35:30,2026-09-23
sz002186,全 聚 德,9.51,-0.06,-0.627,9.5,9.51,9.57,9.58,9.65,9.46,3244800.0,30911886.0,15:35:45,2026-09-23
sz002187,广百股份,5.49,-0.12,-2.139,5.49,5.5,5.61,5.58,5.62,5.48,8962540.0,49650059.0,15:36:00,2026-09-23
sz002188,中天服务,5.71,0.1,1.783,5.71,5.72,5.61,5.57,5.96,5.54,13726482.0,78471562.0,15:35:15,2026-09-23
sz002189,中光学,19.21,-0.12,-0.621,19.19,19.21,19.33,19.48,19.48,19.0,1809201.0,34617839.0,15:35:30,2026-09-23
sz002190,成飞集成,23.75,-0.54,-2.223,23.75,23.76,24.29,24.29,24.29,23.74,3967248.0,94734639.0,15:35:45,2026-09-23
sz002191,劲嘉股份,3.62,-0.05,-1.362,3.62,3.63,3.67,3.65,3.68,3.61,9336300.0,33976270.0,15:36:00,2026-09-23
sz002192,融捷股份,60.83,-1.86,-2.967,60.83,60.84,62.69,62.7,62.75,60.69,9140829.0,559476266.0,15:35:15,2026-09-23
sz002193,ST如意,4.66,0.0,0.0,4.66,4.68,4.66,4.65,4.76,4.6,3017400.0,14125008.0,15:35:30,2026-09-23
sz002194,武汉凡谷,10.67,-0.3,-2.735,10.67,10.68,10.97,10.95,10.96,10.56,27048343.0,289021889.0,15:35:45,2026-09-23
sz002195,岩山科技,6.09,-0.12,-1.932,6.09,6.1,6.21,6.2,6.21,6.09,56883170.0,348285180.0,15:36:00,2026-09-23
sz002196,方正电机,10.09,-0.12,-1.175,10.09,10.1,10.21,10.26,10.26,10.04,9690770.0,97970222.0,15:35:15,2026-09-23
sz002197,证通电子,6.52,-0.21,-3.12,6.52,6.53,6.73,6.73,6.73,6.46,16252700.0,106395060.0,15:35:30,2026-09-23
sz002198,ST嘉应,3.63,-0.07,-1.892,3.63,3.65,3.7,3.67,3.68,3.62,2211000.0,8060107.0,15:35:45,2026-09-23
sz002199,东晶电子,12.45,-0.34,-2.658,12.44,12.45,12.79,12.75,12.89,12.37,6889447.0,86308912.0,15:36:00,2026-09-23
sz002200,交投生态,6.5,-0.07,-1.065,6.5,6.52,6.57,6.61,6.63,6.47,2513400.0,16403216.0,15:35:15,2026-09-23
sz002201,九鼎新材,10.04,-0.48,-4.563,10.03,10.04,10.52,10.37,10.46,10.01,48931321.0,496694427.0,15:35:30,2026-09-23
sz002202,金风科技,17.83,-0.14,-0.779,17.83,17.84,17.97,17.91,18.05,17.75,46873809.0,837164400.0,15:35:45,2026-09-23
sz002203,海亮股份,18.53,0.38,2.094,18.53,18.54,18.15,18.2,18.96,17.95,23541473.0,435601753.0,15:36:00,2026-09-23
sz002204,大连重工,5.38,-0.07,-1.284,5.37,5.38,5.45,5.45,5.48,5.36,28014542.0,151534686.0,15:35:15,2026-09-23
sz002205,国统股份,11.62,0.75,6.9,11.61,11.62,10.87,10.83,11.96,10.67,10726551.0,125544344.0,15:35:30,2026-09-23
sz002206,海 利 得,4.98,0.01,0.201,4.97,4.98,4.97,4.97,5.0,4.95,5325303.0,26510538.0,15:35:45,2026-09-23
sz002207,*ST准油,5.45,-0.1,-1.802,5.44,5.45,5.55,5.53,5.54,5.4,3979606.0,21741579.0,15:36:00,2026-09-23
sz002208,合肥城建,10.34,-0.08,-0.768,10.33,10.34,10.42,10.38,10.69,10.32,32788460.0,343442862.0,15:35:15,2026-09-23
sz002209,达 意 隆,13.62,0.16,1.189,13.61,13.62,13.46,13.46,13.62,13.31,3366700.0,45338210.0,15:35:30,2026-09-23
sz002210,飞马国际,2.09,-0.07,-3.241,2.09,2.1,2.16,2.16,2.16,2.09,62826749.0,132996330.0,15:35:45,2026-09-23
sz002211,ST宏达,3.81,-0.01,-0.262,3.81,3.82,3.82,3.81,3.85,3.8,3217001.0,12290128.0,15:36:00,2026-09-23
sz002212,天融信,7.06,-0.26,-3.552,7.06,7.07,7.32,7.25,7.3,7.05,90499039.0,645273826.0,15:35:15,2026-09-23
sz002213,大为股份,29.34,0.25,0.859,29.33,29.34,29.09,29.17,29.42,28.85,9334171.0,272368755.0,15:35:30,2026-09-23
sz002214,大立科技,18.54,-0.09,-0.483,18.53,18.54,18.63,18.63,18.82,18.5,4753080.0,88579992.0,15:35:45,2026-09-23
sz002215,诺 普 信,9.76,-0.04,-0.408,9.75,9.76,9.8,9.8,9.86,9.73,9679587.0,94740152.0,15:36:00,2026-09-23
sz002216,三全食品,11.57,-0.13,-1.111,11.57,11.59,11.7,11.72,11.8,11.56,3628980.0,42322006.0,15:35:15,2026-09-23
sz002217,ST合力泰,1.55,-0.06,-3.727,1.55,1.56,1.61,1.61,1.62,1.55,140922800.0,221411837.0,15:35:30,2026-09-23
sz002218,拓日新能,3.89,-0.28,-6.715,3.88,3.89,4.17,4.13,4.14,3.81,114863173.0,450295624.0,15:35:45,2026-09-23
sz002219,新里程,2.08,-0.08,-3.704,2.07,2.08,2.16,2.15,2.16,2.07,115900300.0,244216744.0,15:36:00,2026-09-23
sz002221,东华能源,5.7,-0.05,-0.87,5.69,5.7,5.75,5.73,5.79,5.66,10316499.0,58879552.0,15:35:15,2026-09-23
sz002222,福晶科技,69.93,-1.22,-1.715,69.93,69.94,71.15,71.43,71.85,68.81,22604879.0,1578335564.0,15:35:30,2026-09-23
sz002223,鱼跃医疗,26.78,0.21,0.79,26.77,26.78,26.57,26.55,26.97,26.45,7676716.0,205460855.0,15:35:45,2026-09-23
sz002224,三 力 士,3.71,-0.07,-1.852,3.71,3.72,3.78,3.76,3.77,3.7,8307000.0,30972242.0,15:36:00,2026-09-23
sz002225,濮耐股份,3.49,-0.08,-2.241,3.48,3.49,3.57,3.54,3.58,3.48,22318400.0,78532295.0,15:35:15,2026-09-23
sz002226,江南化工,5.15,-0.3,-5.505,5.15,5.16,5.45,5.44,5.49,5.12,45552656.0,239846047.0,15:35:30,2026-09-23
sz002227,*ST特迅,6.46,0.0,0.0,6.46,6.47,6.46,6.48,6.52,6.44,630000.0,4074843.0,15:35:45,2026-09-23
sz002228,合兴包装,3.17,-0.06,-1.858,3.17,3.18,3.23,3.21,3.24,3.17,16299180.0,52102760.0,15:36:00,2026-09-23
sz002229,鸿博股份,10.62,-0.52,-4.668,10.61,10.62,11.14,11.15,11.15,10.61,30457977.0,327215943.0,15:35:15,2026-09-23
sz002230,科大讯飞,38.72,-0.4,-1.022,38.71,38.72,39.12,39.13,39.15,38.71,13706550.0,531733324.0,15:35:30,2026-09-23
sz002232,启明信息,15.16,-0.46,-2.945,15.15,15.16,15.62,15.6,15.87,15.13,11210795.0,171557660.0,15:35:45,2026-09-23
sz002233,塔牌集团,7.12,-0.02,-0.28,7.12,7.13,7.14,7.14,7.26,7.08,23352647.0,166933683.0,15:36:00,2026-09-23
sz002234,民和股份,7.83,-0.11,-1.385,7.82,7.83,7.94,7.92,7.94,7.82,3028174.0,23795759.0,15:35:15,2026-09-23
sz002235,安妮股份,7.84,-0.24,-2.97,7.83,7.84,8.08,8.03,8.08,7.83,18519900.0,146452866.0,15:35:30,2026-09-23
sz002236,大华股份,15.85,-0.04,-0.252,15.84,15.85,15.89,15.86,15.91,15.8,15156079.0,240200882.0,15:35:45,2026-09-23
sz002237,恒邦股份,13.33,-0.26,-1.913,13.33,13.34,13.59,13.56,13.6,13.28,17849363.0,238854402.0,15:36:00,2026-09-23
sz002238,天威视讯,7.66,0.7,10.057,7.66,0.0,6.96,7.66,7.66,7.66,11440613.0,87635096.0,15:35:15,2026-09-23
sz002239,奥特佳,2.48,-0.03,-1.195,2.48,2.49,2.51,2.5,2.54,2.48,45371161.0,113690370.0,15:35:30,2026-09-23
sz002240,盛新锂能,26.62,-0.83,-3.024,26.61,26.62,27.45,27.45,27.46,26.53,19406914.0,519302440.0,15:35:45,2026-09-23
sz002241,歌尔股份,24.45,-0.19,-0.771,24.45,24.46,24.64,24.84,25.08,24.4,105604911.0,2602324383.0,15:36:00,2026-09-23
sz002242,九阳股份,9.76,0.22,2.306,9.76,9.77,9.54,9.53,10.03,9.49,24492173.0,238756025.0,15:35:15,2026-09-23
sz002243,力合科创,7.05,-0.1,-1.399,7.04,7.05,7.15,7.15,7.18,7.04,7680810.0,54588988.0,15:35:30,2026-09-23
sz002244,滨江集团,8.6,-0.15,-1.714,8.6,8.61,8.75,8.68,8.96,8.57,51884821.0,454084304.0,15:35:45,2026-09-23
sz002245,蔚蓝锂芯,16.86,-0.01,-0.059,16.86,16.87,16.87,16.88,16.93,16.6,41013995.0,688666787.0,15:36:00,2026-09-23
sz002246,北化股份,25.59,-1.74,-6.367,25.59,25.6,27.33,27.33,28.3,25.41,66353025.0,1756763920.0,15:35:15,2026-09-23
sz002247,聚力文化,2.44,-0.02,-0.813,2.44,2.45,2.46,2.45,2.47,2.42,17220000.0,42094498.0,15:35:30,2026-09-23
sz002248,华东数控,9.54,-0.06,-0.625,9.54,9.55,9.6,9.59,9.61,9.38,14035445.0,133234984.0,15:35:45,2026-09-23
sz002249,大洋电机,6.44,-0.06,-0.923,6.44,6.45,6.5,6.5,6.51,6.42,21394518.0,137931702.0,15:36:00,2026-09-23
sz002250,联化科技,14.74,0.29,2.007,14.74,14.75,14.45,14.45,14.82,14.34,11348029.0,166573205.0,15:35:15,2026-09-23
sz002251,步步高,3.48,-0.08,-2.247,3.47,3.48,3.56,3.55,3.56,3.46,67503518.0,236605455.0,15:35:30,2026-09-23
sz002252,上海莱士,4.97,-0.01,-0.201,4.97,4.98,4.98,4.97,5.03,4.96,30474338.0,152099753.0,15:35:45,2026-09-23
sz002253,川大智胜,9.24,-1.03,-10.029,0.0,9.24,10.27,9.24,9.24,9.24,1816300.0,16782612.0,15:36:00,2026-09-23
sz002254,泰和新材,12.75,0.18,1.432,12.75,12.76,12.57,12.52,12.79,12.51,14689391.0,186538026.0,15:35:15,2026-09-23
sz002255,海陆重工,7.59,-0.06,-0.784,7.59,7.6,7.65,7.65,7.69,7.59,5163302.0,39311653.0,15:35:30,2026-09-23
sz002256,兆新股份,3.17,-0.08,-2.462,3.17,3.18,3.25,3.23,3.24,3.17,28708000.0,91554609.0,15:35:45,2026-09-23
sz002258,利尔化学,14.74,-0.12,-0.808,14.73,14.74,14.86,14.86,14.95,14.51,20389844.0,299329574.0,15:36:00,2026-09-23
sz002259,升达林业,4.78,-0.19,-3.823,4.78,4.79,4.97,4.91,5.14,4.72,67340334.0,329318550.0,15:35:15,2026-09-23
sz002261,拓维信息,25.24,-0.64,-2.473,25.24,25.25,25.88,25.73,25.82,25.24,30564155.0,776401842.0,15:35:30,2026-09-23
sz002262,恩华药业,22.0,0.16,0.733,22.0,22.01,21.84,21.72,22.12,21.72,3685609.0,81081847.0,15:35:45,2026-09-23
sz002263,大东南,3.17,-0.03,-0.938,3.17,3.18,3.2,3.19,3.28,3.16,44230608.0,141318485.0,15:36:00,2026-09-23
sz002264,新 华 都,7.44,-0.53,-6.65,7.44,7.45,7.97,7.6,7.76,7.38,82164405.0,620268669.0,15:35:15,2026-09-23
sz002265,建设工业,19.62,-0.17,-0.859,19.61,19.62,19.79,19.6,19.77,19.36,11492617.0,224676993.0,15:35:30,2026-09-23
sz002266,浙富控股,4.79,-0.2,-4.008,4.79,4.8,4.99,4.99,5.01,4.79,71699951.0,347667732.0,15:35:45,2026-09-23
sz002267,陕天然气,7.12,-0.06,-0.836,7.12,7.14,7.18,7.17,7.19,7.12,3274300.0,23385853.0,15:36:00,2026-09-23
sz002268,电科网安,14.92,-0.19,-1.257,14.92,14.93,15.11,15.05,15.08,14.86,11451961.0,170978348.0,15:35:15,2026-09-23
sz002269,美邦服饰,1.39,-0.03,-2.113,1.39,1.4,1.42,1.41,1.44,1.39,57323900.0,80708745.0,15:35:30,2026-09-23
sz002270,华明装备,17.93,-0.3,-1.646,17.93,17.94,18.23,18.24,18.45,17.87,8677760.0,155796002.0,15:35:45,2026-09-23
sz002271,东方雨虹,10.7,-0.02,-0.187,10.7,10.71,10.72,10.72,10.95,10.68,41128572.0,444597812.0,15:36:00,2026-09-23
sz002272,川润股份,16.02,-0.4,-2.436,16.01,16.02,16.42,16.41,16.7,16.0,20473113.0,332876641.0,15:35:15,2026-09-23
sz002273,水晶光电,26.19,0.34,1.315,26.18,26.19,25.85,25.86,26.4,25.7,34591569.0,905493898.0,15:35:30,2026-09-23
sz002274,华昌化工,6.14,-0.04,-0.647,6.13,6.14,6.18,6.14,6.16,6.01,22414590.0,136481774.0,15:35:45,2026-09-23
sz002275,桂林三金,12.23,-0.05,-0.407,12.22,12.23,12.28,12.28,12.32,12.2,936812.0,11474320.0,15:36:00,2026-09-23
sz002276,万马股份,9.91,-0.11,-1.098,9.91,9.92,10.02,10.03,10.04,9.9,10454700.0,103998702.0,15:35:15,2026-09-23
sz002277,友阿股份,5.36,-0.09,-1.651,5.36,5.37,5.45,5.43,5.46,5.35,15928000.0,85768821.0,15:35:30,2026-09-23
sz002278,神开股份,7.91,-0.13,-1.617,7.91,7.92,8.04,8.09,8.3,7.89,9983647.0,80023797.0,15:35:45,2026-09-23
sz002279,久其软件,6.66,-0.35,-4.993,6.66,6.67,7.01,6.94,7.01,6.66,43710153.0,295428730.0,15:36:00,2026-09-23
sz002281,光迅科技,190.0,-0.37,-0.194,189.99,190.0,190.37,192.75,192.75,187.08,19675627.0,3736563219.0,15:35:15,2026-09-23
sz002282,博深股份,6.07,-0.03,-0.492,6.07,6.09,6.1,6.09,6.13,6.07,2569101.0,15639808.0,15:35:30,2026-09-23
sz002283,天润工业,7.99,-0.12,-1.48,7.98,7.99,8.11,8.14,8.16,7.93,13211510.0,105732593.0,15:35:45,2026-09-23
sz002284,亚太股份,9.59,-0.22,-2.243,9.59,9.6,9.81,9.86,9.86,9.57,16994846.0,164175655.0,15:36:00,2026-09-23
sz002285,世联行,3.17,-0.03,-0.938,3.16,3.17,3.2,3.21,3.52,3.12,411094484.0,1373545066.0,15:35:15,2026-09-23
sz002286,保龄宝,8.75,0.8,10.063,8.75,0.0,7.95,7.91,8.75,7.86,39475286.0,335566644.0,15:35:30,2026-09-23
sz002287,奇正藏药,19.55,-0.16,-0.812,19.55,19.6,19.71,19.78,19.84,19.55,1057108.0,20815282.0,15:35:45,2026-09-23
sz002289,宇顺电子,35.94,-0.87,-2.363,35.94,35.95,36.81,36.55,36.78,35.72,3464000.0,125212894.0,15:36:00,2026-09-23
sz002290,禾盛新材,74.65,-3.2,-4.11,74.65,74.68,77.85,74.8,78.07,74.51,17219814.0,1302813052.0,15:35:15,2026-09-23
sz002291,遥望科技,5.49,-0.22,-3.853,5.49,5.5,5.71,5.7,5.7,5.47,33654739.0,186341147.0,15:35:30,2026-09-23
sz002292,奥飞娱乐,8.71,-0.42,-4.6,8.71,8.72,9.13,9.06,9.1,8.68,46732367.0,412366607.0,15:35:45,2026-09-23
sz002293,罗莱生活,10.78,0.03,0.279,10.76,10.78,10.75,10.77,10.83,10.68,1756788.0,18908964.0,15:36:00,2026-09-23
sz002294,信立泰,30.98,-0.2,-0.641,30.97,30.98,31.18,31.21,31.28,30.93,7222982.0,224386581.0,15:35:15,2026-09-23
sz002295,精艺股份,10.18,-0.31,-2.955,10.18,10.19,10.49,10.65,10.8,10.11,12189680.0,125600952.0,15:35:30,2026-09-23
sz002296,辉煌科技,9.55,0.07,0.738,9.55,9.56,9.48,9.52,9.59,9.43,9085634.0,86421712.0,15:35:45,2026-09-23
sz002297,博云新材,21.3,-0.56,-2.562,21.3,21.31,21.86,22.2,22.33,21.06,57194132.0,1228641791.0,15:36:00,2026-09-23
sz002298,中电鑫龙,8.62,-0.35,-3.902,8.61,8.62,8.97,8.96,8.97,8.62,41872423.0,365367063.0,15:35:15,2026-09-23
sz002299,圣农发展,15.91,-0.21,-1.303,15.91,15.92,16.12,16.14,16.15,15.91,5133033.0,82156762.0,15:35:30,2026-09-23
sz002300,太阳电缆,7.98,-0.33,-3.971,7.97,7.98,8.31,8.14,8.22,7.88,60071229.0,479929690.0,15:35:45,2026-09-23
sz002301,齐心集团,8.76,-0.51,-5.502,8.75,8.76,9.27,9.45,9.45,8.61,60556553.0,539274246.0,15:36:00,2026-09-23
sz002302,西部建设,4.79,0.08,1.699,4.78,4.79,4.71,4.72,4.96,4.68,14004558.0,67480134.0,15:35:15,2026-09-23
sz002303,美盈森,6.7,-0.2,-2.899,6.69,6.7,6.9,6.56,7.01,6.55,220666509.0,1503633462.0,15:35:30,2026-09-23
sz002304,洋河股份,38.03,-0.32,-0.834,38.02,38.03,38.35,38.35,38.76,37.97,5566784.0,213428058.0,15:35:45,2026-09-23
sz002305,*ST南置,2.02,-0.02,-0.98,2.02,2.03,2.04,2.03,2.09,2.02,26675713.0,54854404.0,15:36:00,2026-09-23
sz002306,ST云网,2.19,-0.03,-1.351,2.18,2.19,2.22,2.22,2.22,2.16,8249200.0,18062748.0,15:35:15,2026-09-23
sz002307,北新路桥,2.99,-0.03,-0.993,2.98,2.99,3.02,3.02,3.07,2.97,25143848.0,75831282.0,15:35:30,2026-09-23
sz002309,中利集团,2.82,-0.14,-4.73,2.81,2.82,2.96,2.94,2.95,2.81,124334700.0,355517730.0,15:35:45,2026-09-23
sz002310,东方新能,2.23,-0.05,-2.193,2.22,2.23,2.28,2.27,2.28,2.22,89713770.0,201028029.0,15:36:00,2026-09-23
sz002311,海大集团,41.44,-0.66,-1.568,41.43,41.44,42.1,42.09,42.09,41.2,8462670.0,351175816.0,15:35:15,2026-09-23
sz002312,川发龙蟒,8.41,-0.24,-2.775,8.41,8.42,8.65,8.66,8.67,8.41,25825000.0,219197454.0,15:35:30,2026-09-23
sz002313,日海智能,9.31,0.01,0.108,9.31,9.32,9.3,9.67,9.98,9.17,59557314.0,566787080.0,15:35:45,2026-09-23
sz002314,南山控股,2.34,0.02,0.862,2.34,2.35,2.32,2.31,2.49,2.31,62792719.0,149990686.0,15:36:00,2026-09-23
sz002315,焦点科技,25.6,-0.27,-1.044,25.59,25.6,25.87,25.73,26.16,25.33,11597938.0,298340062.0,15:35:15,2026-09-23
sz002316,亚联发展,4.25,-0.13,-2.968,4.25,4.26,4.38,4.4,4.42,4.23,14507800.0,62277144.0,15:35:30,2026-09-23
sz002317,众生药业,24.92,-0.59,-2.313,24.92,24.93,25.51,25.76,25.77,24.85,17804200.0,448540921.0,15:35:45,2026-09-23
sz002318,久立特材,18.31,0.07,0.384,18.31,18.32,18.24,18.23,18.36,18.1,3817600.0,69579577.0,15:36:00,2026-09-23
sz002319,乐通股份,10.06,-0.11,-1.082,10.04,10.06,10.17,10.07,10.38,10.01,5194800.0,52755224.0,15:35:15,2026-09-23
sz002320,海峡股份,6.41,-0.26,-3.898,6.41,6.42,6.67,6.66,6.66,6.4,36909379.0,239452210.0,15:35:30,2026-09-23
sz002321,华英农业,2.06,-0.16,-7.207,2.06,2.07,2.22,2.17,2.2,2.05,135304610.0,284886384.0,15:35:45,2026-09-23
sz002322,理工能科,12.0,-0.14,-1.153,12.0,12.01,12.14,12.12,12.14,11.95,3808000.0,45742844.0,15:36:00,2026-09-23
sz002323,*ST雅博,1.25,-0.02,-1.575,1.25,1.26,1.27,1.26,1.27,1.25,31706310.0,39875712.0,15:35:15,2026-09-23
sz002324,普利特,9.13,-0.06,-0.653,9.13,9.14,9.19,9.18,9.23,9.09,10063295.0,92042054.0,15:35:30,2026-09-23
sz002326,永太科技,16.96,-0.22,-1.281,16.96,16.97,17.18,17.17,17.18,16.88,12523406.0,212691512.0,15:35:45,2026-09-23
sz002327,富安娜,6.12,0.0,0.0,6.12,6.13,6.12,6.11,6.13,6.08,2004300.0,12244518.0,15:36:00,2026-09-23
sz002328,新朋股份,8.92,0.15,1.71,8.91,8.92,8.77,8.8,9.19,8.8,78595408.0,703360472.0,15:35:15,2026-09-23
sz002329,皇氏集团,3.63,-0.07,-1.892,3.62,3.63,3.7,3.69,3.71,3.58,25166851.0,91449818.0,15:35:30,2026-09-23
sz002330,得利斯,4.08,-0.05,-1.211,4.07,4.08,4.13,4.09,4.13,4.04,8461300.0,34585750.0,15:35:45,2026-09-23
sz002331,皖通科技,6.84,-0.06,-0.87,6.83,6.84,6.9,6.9,6.91,6.72,6301000.0,42861551.0,15:36:00,2026-09-23
sz002332,仙琚制药,8.73,-0.01,-0.114,8.72,8.73,8.74,8.75,8.8,8.71,9178650.0,80369103.0,15:35:15,2026-09-23
sz002333,罗普斯金,5.79,0.17,3.025,5.78,5.79,5.62,5.63,5.89,5.55,16765500.0,96723873.0,15:35:30,2026-09-23
sz002334,英威腾,6.54,-0.05,-0.759,6.54,6.55,6.59,6.59,6.75,6.51,14173510.0,93519039.0,15:35:45,2026-09-23
sz002335,科华数据,32.63,2.37,7.832,32.62,32.63,30.26,30.27,33.29,29.86,75007476.0,2400854768.0,15:36:00,2026-09-23
sz002337,赛象科技,4.87,0.1,2.096,4.86,4.87,4.77,4.76,4.96,4.68,23041180.0,111386080.0,15:35:15,2026-09-23
sz002338,奥普光电,46.7,1.55,3.433,46.7,46.71,45.15,44.71,47.2,44.65,10494585.0,486966702.0,15:35:30,2026-09-23
sz002339,积成电子,7.49,-0.31,-3.974,7.49,7.5,7.8,7.77,7.8,7.41,37279879.0,281127299.0,15:35:45,2026-09-23
sz002340,格林美,6.22,-0.04,-0.639,6.21,6.22,6.26,6.27,6.28,6.21,33798308.0,210776271.0,15:36:00,2026-09-23
sz002342,巨力索具,7.54,-0.32,-4.071,7.53,7.54,7.86,7.81,7.84,7.53,41104002.0,313538677.0,15:35:15,2026-09-23
sz002343,慈文传媒,5.8,-0.06,-1.024,5.79,5.8,5.86,5.78,5.84,5.61,19691501.0,112657790.0,15:35:30,2026-09-23
sz002344,海宁皮城,3.98,-0.03,-0.748,3.98,3.99,4.01,4.01,4.07,3.98,6953619.0,27983807.0,15:35:45,2026-09-23
sz002345,潮宏基,8.61,-0.09,-1.034,8.61,8.62,8.7,8.78,8.78,8.6,9904916.0,85727410.0,15:36:00,2026-09-23
sz002346,柘中股份,18.52,-0.56,-2.935,18.52,18.53,19.08,18.98,19.04,18.41,7528782.0,139930869.0,15:35:15,2026-09-23
sz002347,泰尔股份,5.76,-0.14,-2.373,5.76,5.77,5.9,5.9,5.93,5.75,9192100.0,53263397.0,15:35:30,2026-09-23
sz002348,高乐股份,10.86,-0.09,-0.822,10.85,10.86,10.95,11.0,11.0,10.72,8858100.0,95885517.0,15:35:45,2026-09-23
sz002349,精华制药,8.57,-0.17,-1.945,8.57,8.58,8.74,8.78,8.8,8.54,58147427.0,501684253.0,15:36:00,2026-09-23
sz002350,北京科锐,13.94,-0.17,-1.205,13.93,13.94,14.11,14.21,14.24,13.81,7402449.0,103379441.0,15:35:15,2026-09-23
sz002351,漫步者,10.03,-0.15,-1.473,10.03,10.04,10.18,10.15,10.21,10.03,5224595.0,52867455.0,15:35:30,2026-09-23
sz002352,顺丰控股,30.89,-0.05,-0.162,30.89,30.9,30.94,30.94,31.06,30.8,8667834.0,268335096.0,15:35:45,2026-09-23
sz002353,杰瑞股份,116.84,-2.08,-1.749,116.84,116.85,118.92,118.95,118.95,110.51,27089112.0,3072368583.0,15:36:00,2026-09-23
sz002354,天娱数科,7.53,-0.58,-7.152,7.53,7.54,8.11,8.01,8.01,7.53,246737754.0,1902783706.0,15:35:15,2026-09-23
sz002355,兴民智通,4.61,-0.14,-2.947,4.61,4.62,4.75,4.74,4.74,4.6,9154354.0,42613392.0,15:35:30,2026-09-23
sz002356,鹏飞绿能,2.69,-0.05,-1.825,2.69,2.7,2.74,2.72,2.74,2.68,14918770.0,40352854.0,15:35:45,2026-09-23
sz002357,富临运业,11.95,-0.2,-1.646,11.94,11.95,12.15,12.15,12.18,11.92,6669100.0,80162510.0,15:36:00,2026-09-23
sz002358,森源电气,5.17,-0.16,-3.002,5.17,5.18,5.33,5.33,5.33,5.14,22604500.0,117630384.0,15:35:15,2026-09-23
sz002360,ST同德,5.34,-0.05,-0.928,5.33,5.34,5.39,5.3,5.47,5.3,4286500.0,23020159.0,15:35:30,2026-09-23
sz002361,神剑股份,10.1,-0.32,-3.071,10.09,10.1,10.42,10.34,10.38,10.08,43691994.0,444242161.0,15:35:45,2026-09-23
sz002362,汉王科技,15.93,-0.6,-3.63,15.92,15.93,16.53,16.46,16.51,15.82,8076885.0,129248410.0,15:36:00,2026-09-23
sz002363,隆基机械,6.87,0.02,0.292,6.86,6.87,6.85,6.86,6.93,6.81,3202900.0,21997681.0,15:35:15,2026-09-23
sz002364,中恒电气,36.34,-0.26,-0.71,36.34,36.35,36.6,36.59,37.03,36.18,13781423.0,502224260.0,15:35:30,2026-09-23
sz002365,永安药业,13.84,-0.59,-4.089,13.84,13.85,14.43,14.31,14.35,13.8,16539600.0,230870469.0,15:35:45,2026-09-23
sz002366,融发核电,5.58,-0.2,-3.46,5.58,5.59,5.78,5.77,5.77,5.58,29538132.0,166626583.0,15:36:00,2026-09-23
sz002367,康力电梯,6.19,0.14,2.314,6.19,6.2,6.05,6.06,6.55,5.98,59838936.0,374222138.0,15:35:15,2026-09-23
sz002368,太极股份,13.12,-0.29,-2.163,13.12,13.13,13.41,13.41,13.41,13.11,7186946.0,94664045.0,15:35:30,2026-09-23
sz002369,卓翼科技,5.64,-0.14,-2.422,5.63,5.64,5.78,5.77,5.78,5.59,8802600.0,49784288.0,15:35:45,2026-09-23
sz002370,亚太药业,5.24,-0.15,-2.783,5.24,5.25,5.39,5.39,5.39,5.23,15603690.0,82480795.0,15:36:00,2026-09-23
sz002371,北方华创,668.15,-4.77,-0.709,668.15,668.16,672.92,675.01,677.0,666.12,3663621.0,2455113730.0,15:35:15,2026-09-23
sz002372,伟星新材,8.26,0.08,0.978,8.26,8.27,8.18,8.18,8.38,8.15,8970501.0,74282353.0,15:35:30,2026-09-23
sz002373,千方科技,7.38,-0.11,-1.469,7.38,7.39,7.49,7.47,7.49,7.37,9821345.0,72748889.0,15:35:45,2026-09-23
sz002374,中锐股份,3.24,0.06,1.887,3.24,3.25,3.18,3.19,3.31,3.15,34289411.0,111430748.0,15:36:00,2026-09-23
sz002375,亚厦股份,3.95,0.14,3.675,3.95,3.96,3.81,3.81,4.16,3.78,43303936.0,173293774.0,15:35:15,2026-09-23
sz002376,新北洋,6.73,-0.09,-1.32,6.73,6.74,6.82,6.79,6.81,6.69,8275930.0,55757849.0,15:35:30,2026-09-23
sz002377,国创高新,2.99,-0.06,-1.967,2.98,2.99,3.05,3.07,3.1,2.97,54071099.0,163092126.0,15:35:45,2026-09-23
sz002378,章源钨业,23.19,-0.41,-1.737,23.18,23.19,23.6,23.62,23.62,23.09,14830456.0,344904349.0,15:36:00,2026-09-23
sz002379,宏桥控股,16.51,-0.59,-3.45,16.51,16.52,17.1,17.06,17.1,16.45,34408710.0,571519111.0,15:35:15,2026-09-23
sz002380,科远智慧,27.46,-0.05,-0.182,27.45,27.46,27.51,27.51,27.55,27.08,2430500.0,66376266.0,15:35:30,2026-09-23
sz002381,双箭股份,5.57,-0.02,-0.358,5.57,5.59,5.59,5.62,5.62,5.54,2500100.0,13948959.0,15:35:45,2026-09-23
sz002382,蓝帆医疗,5.86,-0.1,-1.678,5.86,5.87,5.96,5.96,5.96,5.85,7553700.0,44448170.0,15:36:00,2026-09-23
sz002383,合众思壮,8.52,0.31,3.776,8.52,8.53,8.21,8.2,8.68,7.97,57578794.0,481232240.0,15:35:15,2026-09-23
sz002384,东山精密,193.0,-5.12,-2.584,192.99,193.0,198.12,197.01,198.56,192.1,48486143.0,9439565548.0,15:35:30,2026-09-23
sz002385,大北农,3.14,-0.06,-1.875,3.14,3.15,3.2,3.2,3.2,3.14,59965978.0,189388842.0,15:35:45,2026-09-23
sz002386,天原股份,6.03,-0.06,-0.985,6.02,6.03,6.09,6.06,6.12,6.01,13054445.0,78843810.0,15:36:00,2026-09-23
sz002387,维信诺,6.94,-0.06,-0.857,6.93,6.94,7.0,7.01,7.09,6.92,8537519.0,59706114.0,15:35:15,2026-09-23
sz002388,新亚制程,7.96,0.01,0.126,7.95,7.96,7.95,7.93,8.21,7.75,57753456.0,459936891.0,15:35:30,2026-09-23
sz002389,航天彩虹,18.66,-0.28,-1.478,18.66,18.67,18.94,18.87,18.9,18.58,11860405.0,221549453.0,15:35:45,2026-09-23
sz002390,信邦制药,2.96,-0.06,-1.987,2.96,2.97,3.02,3.02,3.03,2.96,23326900.0,69826443.0,15:36:00,2026-09-23
sz002391,长青股份,5.14,-0.12,-2.281,5.13,5.14,5.26,5.22,5.24,5.13,8137100.0,42069573.0,15:35:15,2026-09-23
sz002392,北京利尔,7.64,-0.08,-1.036,7.64,7.65,7.72,7.72,7.78,7.64,7867600.0,60583614.0,15:35:30,2026-09-23
sz002393,力生制药,13.93,-0.08,-0.571,13.92,13.93,14.01,14.02,14.07,13.91,1443528.0,20143411.0,15:35:45,2026-09-23
sz002394,联发股份,10.33,-0.08,-0.768,10.33,10.34,10.41,10.35,10.45,10.28,2561600.0,26468683.0,15:36:00,2026-09-23
sz002395,双象股份,12.77,0.13,1.028,12.76,12.77,12.64,12.64,12.98,12.43,5778650.0,73395551.0,15:35:15,2026-09-23
sz002396,星网锐捷,36.52,-1.2,-3.181,36.52,36.53,37.72,37.98,37.99,36.44,70428196.0,2604531403.0,15:35:30,2026-09-23
sz002397,梦洁股份,3.61,-0.04,-1.096,3.6,3.61,3.65,3.63,3.66,3.59,11151770.0,40340352.0,15:35:45,2026-09-23
sz002398,垒知集团,4.2,-0.03,-0.709,4.2,4.21,4.23,4.21,4.27,4.18,8923600.0,37630333.0,15:36:00,2026-09-23
sz002399,海普瑞,9.73,-0.02,-0.205,9.72,9.73,9.75,9.73,9.88,9.71,3278200.0,32093254.0,15:35:15,2026-09-23
sz002400,省广集团,6.53,-0.23,-3.402,6.53,6.54,6.76,6.75,6.8,6.52,61896821.0,408449596.0,15:35:30,2026-09-23
sz002401,中远海科,12.11,-0.17,-1.384,12.11,12.12,12.28,12.2,12.27,12.1,1957900.0,23824777.0,15:35:45,2026-09-23
sz002402,和而泰,18.72,-0.24,-1.266,18.72,18.73,18.96,18.95,18.95,18.69,11449801.0,214856492.0,15:36:00,2026-09-23
sz002403,爱仕达,10.1,-0.28,-2.697,10.1,10.11,10.38,10.38,10.42,10.1,14857174.0,151452195.0,15:35:15,2026-09-23
sz002404,嘉欣丝绸,5.81,-0.1,-1.692,5.81,5.82,5.91,5.88,5.91,5.8,6974300.0,40688502.0,15:35:30,2026-09-23
sz002405,四维图新,6.04,-0.1,-1.629,6.04,6.05,6.14,6.12,6.14,6.04,23362600.0,141863152.0,15:35:45,2026-09-23
sz002406,远东传动,6.4,-0.04,-0.621,6.39,6.4,6.44,6.45,6.47,6.38,7736300.0,49624090.0,15:36:00,2026-09-23
sz002407,多氟多,32.09,-0.56,-1.715,32.09,32.1,32.65,32.7,32.77,31.96,46815607.0,1508754495.0,15:35:15,2026-09-23
sz002408,齐翔腾达,5.37,0.0,0.0,5.37,5.38,5.37,5.37,5.42,5.33,13159184.0,70638021.0,15:35:30,2026-09-23
sz002409,雅克科技,137.28,1.78,1.314,137.27,137.28,135.5,137.0,138.3,135.71,11635542.0,1593800041.0,15:35:45,2026-09-23
sz002410,广联达,8.46,-0.16,-1.856,8.46,8.47,8.62,8.6,8.61,8.45,18896860.0,160638539.0,15:36:00,2026-09-23
sz002412,汉森制药,9.41,-0.29,-2.99,9.41,9.42,9.7,9.55,9.71,9.33,50111841.0,473973785.0,15:35:15,2026-09-23
sz002413,雷科防务,8.15,-0.15,-1.807,8.15,8.16,8.3,8.26,8.5,8.05,60464664.0,496167846.0,15:35:30,2026-09-23
sz002414,高德红外,12.02,-0.21,-1.717,12.02,12.03,12.23,12.21,12.25,12.02,35330505.0,426675214.0,15:35:45,2026-09-23
sz002415,海康威视,33.11,-0.07,-0.211,33.1,33.11,33.18,33.19,33.2,32.93,27796362.0,918326933.0,15:36:00,2026-09-23
sz002416,爱施德,9.01,-0.22,-2.384,9.01,9.02,9.23,9.2,9.22,8.97,13607225.0,123096924.0,15:35:15,2026-09-23
sz002418,康盛股份,4.54,-0.15,-3.198,4.53,4.54,4.69,4.69,4.73,4.52,70779200.0,324420440.0,15:35:30,2026-09-23
sz002419,天虹股份,4.57,-0.09,-1.931,4.57,4.58,4.66,4.65,4.68,4.57,10722392.0,49507785.0,15:35:45,2026-09-23
sz002420,毅昌科技,6.11,-0.03,-0.489,6.11,6.12,6.14,6.17,6.17,6.06,4313300.0,26329802.0,15:36:00,2026-09-23
sz002421,达实智能,3.16,-0.12,-3.659,3.16,3.17,3.28,3.25,3.29,3.16,93888998.0,300652746.0,15:35:15,2026-09-23
sz002422,科伦药业,41.7,-0.3,-0.714,41.7,41.71,42.0,41.88,42.3,41.33,15645689.0,651657190.0,15:35:30,2026-09-23
sz002423,中粮资本,9.23,-0.12,-1.283,9.22,9.23,9.35,9.3,9.34,9.22,8089704.0,74982554.0,15:35:45,2026-09-23
sz002424,ST百灵,4.44,-0.08,-1.77,4.44,4.45,4.52,4.52,4.52,4.44,7989303.0,35714308.0,15:36:00,2026-09-23
sz002425,凯撒文化,3.05,-0.14,-4.389,3.05,3.06,3.19,3.17,3.19,3.04,40484813.0,124882590.0,15:35:15,2026-09-23
sz002426,胜利精密,2.96,0.27,10.037,2.96,0.0,2.69,2.65,2.96,2.65,235724799.0,687815195.0,15:35:30,2026-09-23
sz002427,尤夫股份,4.56,-0.1,-2.146,4.56,4.57,4.66,4.64,4.67,4.56,7552787.0,34735070.0,15:35:45,2026-09-23
sz002428,云南锗业,94.39,-0.35,-0.369,94.39,94.4,94.74,93.5,95.48,92.64,40294197.0,3781616431.0,15:36:00,2026-09-23
sz002429,兆驰股份,8.24,-0.01,-0.121,8.23,8.24,8.25,8.22,8.31,8.17,31156031.0,256460256.0,15:35:15,2026-09-23
sz002430,杭氧股份,25.35,-0.25,-0.977,25.35,25.36,25.6,25.6,25.74,25.27,7532652.0,191590190.0,15:35:30,2026-09-23
sz002431,ST棕榈,1.33,-0.01,-0.746,1.33,1.34,1.34,1.34,1.36,1.33,10649300.0,14279556.0,15:35:45,2026-09-23
sz002432,九安医疗,63.33,-1.02,-1.585,63.33,63.34,64.35,64.36,64.66,63.2,11021903.0,701026578.0,15:36:00,2026-09-23
sz002434,万里扬,6.19,-0.04,-0.642,6.18,6.19,6.23,6.23,6.28,6.08,19613200.0,121199743.0,15:35:15,2026-09-23
sz002436,兴森科技,45.9,1.67,3.776,45.9,45.91,44.23,44.47,47.66,44.47,153110743.0,7072081203.0,15:35:30,2026-09-23
sz002437,誉衡药业,3.64,-0.14,-3.704,3.64,3.65,3.78,3.73,3.76,3.64,251293444.0,926098331.0,15:35:45,2026-09-23
sz002438,江苏神通,13.8,0.11,0.804,13.79,13.8,13.69,13.61,13.9,13.58,3621400.0,49888846.0,15:36:00,2026-09-23
sz002439,启明星辰,14.47,-0.22,-1.498,14.47,14.48,14.69,14.64,14.67,14.43,29220251.0,424547387.0,15:35:15,2026-09-23
sz002440,闰土股份,13.06,0.12,0.927,13.06,13.07,12.94,13.07,13.36,12.71,37990335.0,494181687.0,15:35:30,2026-09-23
sz002441,众业达,8.18,-0.02,-0.244,8.18,8.2,8.2,8.19,8.25,8.14,2820243.0,23113119.0,15:35:45,2026-09-23
sz002442,龙星科技,5.56,-0.29,-4.957,5.55,5.56,5.85,5.7,5.73,5.5,42040510.0,234592870.0,15:36:00,2026-09-23
sz002443,金洲管道,13.37,-0.47,-3.396,13.37,13.38,13.84,14.03,14.12,13.17,48066673.0,650666080.0,15:35:15,2026-09-23
sz002444,巨星科技,28.0,-0.1,-0.356,27.99,28.0,28.1,28.1,28.15,27.81,5658625.0,158171851.0,15:35:30,2026-09-23
sz002445,中南文化,3.11,-0.06,-1.893,3.11,3.12,3.17,3.16,3.19,3.11,44688446.0,140106161.0,15:35:45,2026-09-23
sz002446,盛路通信,8.07,-0.23,-2.771,8.07,8.08,8.3,8.26,8.3,8.0,24397700.0,197080360.0,15:36:00,2026-09-23
sz002448,中原内配,11.11,-0.15,-1.332,11.1,11.11,11.26,11.24,11.29,11.08,7369000.0,82180746.0,15:35:15,2026-09-23
sz002449,国星光电,6.69,0.02,0.3,6.69,6.7,6.67,6.64,6.72,6.62,8584467.0,57204399.0,15:35:30,2026-09-23
sz002451,摩恩电气,7.49,-0.23,-2.979,7.49,7.5,7.72,7.7,7.7,7.41,12916489.0,96912354.0,15:35:45,2026-09-23
sz002452,长高电气,11.82,-0.33,-2.716,11.82,11.83,12.15,12.14,12.23,11.77,7405000.0,87963464.0,15:36:00,2026-09-23
sz002453,华软科技,5.1,-0.21,-3.955,5.1,5.11,5.31,5.32,5.53,5.01,107073116.0,561823945.0,15:35:15,2026-09-23
sz002454,松芝股份,5.13,0.05,0.984,5.13,5.14,5.08,5.08,5.17,5.07,6393295.0,32796664.0,15:35:30,2026-09-23
sz002455,百川股份,6.9,-0.13,-1.849,6.9,6.91,7.03,7.02,7.02,6.86,18934910.0,130769843.0,15:35:45,2026-09-23
sz002456,欧菲光,6.85,-0.11,-1.58,6.85,6.86,6.96,6.96,7.01,6.85,50593071.0,349350793.0,15:36:00,2026-09-23
sz002457,青龙管业,11.3,-0.21,-1.825,11.3,11.31,11.51,11.42,11.61,11.26,16598300.0,189064492.0,15:35:15,2026-09-23
sz002458,益生股份,8.21,-0.14,-1.677,8.21,8.22,8.35,8.33,8.33,8.19,24491209.0,201648167.0,15:35:30,2026-09-23
sz002459,晶澳科技,6.88,-0.04,-0.578,6.88,6.89,6.92,6.89,6.98,6.86,20535445.0,141926819.0,15:35:45,2026-09-23
sz002460,赣锋锂业,45.53,-0.86,-1.854,45.52,45.53,46.39,46.4,46.5,45.29,22480399.0,1025495549.0,15:36:00,2026-09-23
sz002461,珠江啤酒,8.38,-0.04,-0.475,8.38,8.4,8.42,8.42,8.55,8.38,2796800.0,23642888.0,15:35:15,2026-09-23
sz002462,嘉事堂,12.31,-0.09,-0.726,12.31,12.32,12.4,12.41,12.44,12.3,2091502.0,25823778.0,15:35:30,2026-09-23
sz002463,沪电股份,128.1,2.96,2.365,128.1,128.11,125.14,124.66,129.67,124.11,61943825.0,7915170322.0,15:35:45,2026-09-23
sz002465,海格通信,10.21,-0.1,-0.97,10.21,10.22,10.31,10.34,10.35,10.13,32331528.0,330201516.0,15:36:00,2026-09-23
sz002466,天齐锂业,42.42,-0.7,-1.623,42.41,42.42,43.12,43.14,43.15,42.33,20225302.0,860767374.0,15:35:15,2026-09-23
sz002467,二六三,4.86,-0.23,-4.519,4.86,4.87,5.09,5.01,5.08,4.85,137802169.0,677804672.0,15:35:30,2026-09-23
sz002468,申通快递,14.77,-0.08,-0.539,14.77,14.78,14.85,14.81,15.05,14.76,10386208.0,154588956.0,15:35:45,2026-09-23
sz002469,三维化学,6.12,-0.07,-1.131,6.11,6.12,6.19,6.26,6.33,6.1,8776200.0,54164446.0,15:36:00,2026-09-23
sz002470,金正大,2.04,-0.09,-4.225,2.04,2.05,2.13,2.13,2.13,2.04,133075100.0,274584180.0,15:35:15,2026-09-23
sz002471,中超控股,5.41,-0.34,-5.913,5.41,5.42,5.75,5.75,5.75,5.36,103814970.0,566963591.0,15:35:30,2026-09-23
sz002472,双环传动,37.58,-0.17,-0.45,37.58,37.59,37.75,37.74,37.75,37.07,10359808.0,388185003.0,15:35:45,2026-09-23
sz002474,榕基软件,6.38,-0.17,-2.595,6.37,6.38,6.55,6.64,6.65,6.36,17884484.0,114994196.0,15:36:00,2026-09-23
sz002475,立讯精密,54.37,-0.47,-0.857,54.36,54.37,54.84,54.9,55.13,54.14,40857099.0,2226946517.0,15:35:15,2026-09-23
sz002476,新叶股份,4.99,0.01,0.201,4.98,4.99,4.98,5.0,5.0,4.91,8100000.0,40160502.0,15:35:30,2026-09-23
sz002478,常宝股份,6.47,-0.01,-0.154,6.46,6.47,6.48,6.46,6.5,6.4,10531700.0,67865132.0,15:35:45,2026-09-23
sz002479,富春环保,5.89,-0.06,-1.008,5.89,5.9,5.95,5.95,5.95,5.86,8183900.0,48285766.0,15:36:00,2026-09-23
sz002480,新筑股份,5.38,0.1,1.894,5.37,5.38,5.28,5.27,5.38,5.22,7781900.0,41204051.0,15:35:15,2026-09-23
sz002481,双塔食品,4.24,-0.03,-0.703,4.23,4.24,4.27,4.27,4.32,4.22,8163523.0,34769667.0,15:35:30,2026-09-23
sz002482,广田集团,1.37,-0.01,-0.725,1.36,1.37,1.38,1.37,1.43,1.35,102386200.0,142225159.0,15:35:45,2026-09-23
sz002483,润邦股份,6.15,-0.19,-2.997,6.15,6.16,6.34,6.34,6.34,6.14,13351377.0,82905024.0,15:36:00,2026-09-23
sz002484,江海股份,59.85,-1.13,-1.853,59.85,59.86,60.98,60.85,61.69,59.7,26505075.0,1596837558.0,15:35:15,2026-09-23
sz002485,ST雪发,5.96,-0.02,-0.334,5.92,5.96,5.98,5.98,6.02,5.88,1884812.0,11220322.0,15:35:30,2026-09-23
sz002486,嘉麟杰,2.72,-0.06,-2.158,2.71,2.72,2.78,2.77,2.78,2.7,20522800.0,56215343.0,15:35:45,2026-09-23
sz002487,大金重工,37.89,-0.19,-0.499,37.89,37.9,38.08,37.9,38.45,36.67,58034116.0,2171750900.0,15:36:00,2026-09-23
sz002488,金固股份,7.51,-0.11,-1.444,7.51,7.52,7.62,7.62,7.62,7.44,9654722.0,72561048.0,15:35:15,2026-09-23
sz002489,浙江永强,3.04,-0.04,-1.299,3.04,3.05,3.08,3.09,3.12,3.04,27398931.0,84242665.0,15:35:30,2026-09-23
sz002490,山东墨龙,7.13,-0.22,-2.993,7.12,7.13,7.35,7.28,7.3,7.11,20387821.0,146389605.0,15:35:45,2026-09-23
sz002491,通鼎互联,24.28,0.25,1.04,24.28,24.29,24.03,24.45,24.52,23.1,167305033.0,3993222008.0,15:36:00,2026-09-23
sz002492,恒基达鑫,6.3,-0.09,-1.408,6.29,6.3,6.39,6.39,6.39,6.13,10191950.0,63501633.0,15:35:15,2026-09-23
sz002493,荣盛石化,13.55,0.42,3.199,13.54,13.55,13.13,13.2,13.66,13.1,51836386.0,694514239.0,15:35:30,2026-09-23
sz002494,华斯股份,4.81,-0.09,-1.837,4.81,4.82,4.9,4.9,4.96,4.79,12391500.0,60286919.0,15:35:45,2026-09-23
sz002495,佳隆股份,2.42,-0.02,-0.82,2.41,2.42,2.44,2.43,2.44,2.39,15701400.0,37939378.0,15:36:00,2026-09-23
sz002496,辉丰股份,2.1,-0.04,-1.869,2.1,2.11,2.14,2.14,2.15,2.1,17382140.0,36781366.0,15:35:15,2026-09-23
sz002497,雅化集团,16.38,-0.37,-2.209,16.38,16.39,16.75,16.7,16.76,16.37,18243487.0,300388623.0,15:35:30,2026-09-23
sz002498,汉缆股份,6.27,-0.23,-3.538,6.26,6.27,6.5,6.48,6.49,6.27,63623100.0,402337528.0,15:35:45,2026-09-23
sz002500,山西证券,5.25,-0.03,-0.568,5.25,5.26,5.28,5.28,5.3,5.24,13302821.0,70056805.0,15:36:00,2026-09-23
sz002501,*ST利源,1.31,0.0,0.0,1.3,1.31,1.31,1.32,1.32,1.3,18483968.0,24157971.0,15:35:15,2026-09-23
sz002506,协鑫集成,2.42,-0.07,-2.811,2.42,2.43,2.49,2.48,2.51,2.42,151098400.0,370994819.0,15:35:30,2026-09-23
sz002507,涪陵榨菜,11.18,0.04,0.359,11.18,11.19,11.14,11.13,11.3,11.12,8297283.0,93034191.0,15:35:45,2026-09-23
sz002508,老板电器,16.48,-0.19,-1.14,16.48,16.49,16.67,16.56,17.02,16.43,8073387.0,134769513.0,15:36:00,2026-09-23
sz002510,天汽模,5.67,-0.13,-2.241,5.66,5.67,5.8,5.77,5.82,5.65,17706339.0,101188692.0,15:35:15,2026-09-23
sz002511,中顺洁柔,7.0,-0.07,-0.99,7.0,7.01,7.07,7.05,7.12,7.0,7605142.0,53621440.0,15:35:30,2026-09-23
sz002512,ST达华,3.86,-0.15,-3.741,3.86,3.87,4.01,3.99,4.01,3.86,19731100.0,77253975.0,15:35:45,2026-09-23
sz002513,蓝丰生化,5.27,-0.1,-1.862,5.27,5.29,5.37,5.37,5.38,5.21,5505850.0,29139803.0,15:36:00,2026-09-23
sz002514,*ST宝馨,2.49,-0.11,-4.231,2.49,2.5,2.6,2.61,2.62,2.48,28635400.0,72075822.0,15:35:15,2026-09-23
sz002515,金字火腿,7.7,-0.05,-0.645,7.7,7.71,7.75,7.7,7.94,7.63,51676860.0,400457797.0,15:35:30,2026-09-23
sz002516,旷达科技,5.91,0.22,3.866,5.91,5.92,5.69,5.69,5.97,5.66,32349684.0,188824463.0,15:35:45,2026-09-23
sz002517,恺英网络,16.38,-0.51,-3.02,16.38,16.39,16.89,16.79,16.84,16.33,35804179.0,592228449.0,15:36:00,2026-09-23
sz002518,科士达,38.97,-0.19,-0.485,38.97,38.98,39.16,39.11,39.82,38.85,11904066.0,467330254.0,15:35:15,2026-09-23
sz002519,银河电子,5.77,-0.22,-3.673,5.77,5.78,5.99,5.94,5.95,5.77,43710348.0,254610246.0,15:35:30,2026-09-23
sz002520,日发精机,6.25,-0.13,-2.038,6.24,6.25,6.38,6.39,6.39,6.2,17557402.0,110112994.0,15:35:45,2026-09-23
sz002521,齐峰新材,6.27,-0.09,-1.415,6.26,6.27,6.36,6.37,6.37,6.25,4890800.0,30723100.0,15:36:00,2026-09-23
sz002522,浙江众成,5.76,-0.19,-3.193,5.75,5.76,5.95,5.94,5.95,5.74,59306534.0,343651881.0,15:35:15,2026-09-23
sz002523,天桥起重,3.38,0.0,0.0,3.37,3.38,3.38,3.37,3.4,3.36,10442300.0,35290064.0,15:35:30,2026-09-23
sz002524,光正眼科,4.02,-0.07,-1.711,4.02,4.03,4.09,4.11,4.12,3.98,11875500.0,47909361.0,15:35:45,2026-09-23
sz002526,山东矿机,2.6,-0.03,-1.141,2.6,2.61,2.63,2.63,2.68,2.6,23290427.0,61312236.0,15:36:00,2026-09-23
sz002527,新时达,10.7,0.03,0.281,10.7,10.71,10.67,10.73,10.75,10.6,3016200.0,32204084.0,15:35:15,2026-09-23
sz002528,*ST英飞,5.8,-0.22,-3.654,5.79,5.8,6.02,6.05,6.09,5.76,21442600.0,126065131.0,15:35:30,2026-09-23
sz002529,海源复材,6.55,-0.16,-2.385,6.55,6.56,6.71,6.73,6.74,6.51,4316300.0,28467173.0,15:35:45,2026-09-23
sz002530,金财互联,7.17,-0.12,-1.646,7.17,7.18,7.29,7.32,7.32,7.13,8133300.0,58475863.0,15:36:00,2026-09-23
sz002531,天顺风能,7.16,-0.18,-2.452,7.16,7.17,7.34,7.26,7.27,7.02,99086750.0,705882976.0,15:35:15,2026-09-23
sz002532,天山铝业,12.41,-0.23,-1.82,12.41,12.42,12.64,12.66,12.69,12.33,46068390.0,572657088.0,15:35:30,2026-09-23
sz002533,金杯电工,10.89,-0.01,-0.092,10.88,10.89,10.9,10.9,10.9,10.79,3917311.0,42478963.0,15:35:45,2026-09-23
sz002534,西子洁能,17.6,-0.05,-0.283,17.6,17.61,17.65,17.59,18.08,17.51,10509700.0,186833079.0,15:36:00,2026-09-23
sz002535,林州重机,2.38,-0.07,-2.857,2.37,2.38,2.45,2.44,2.45,2.35,14276200.0,34219871.0,15:35:15,2026-09-23
sz002536,飞龙股份,52.27,0.12,0.23,52.27,52.28,52.15,52.55,53.32,51.87,25195766.0,1319207398.0,15:35:30,2026-09-23
sz002537,海联金汇,5.7,-0.25,-4.202,5.7,5.71,5.95,5.92,5.95,5.7,29301631.0,168933575.0,15:35:45,2026-09-23
sz002538,ST司特,6.73,0.05,0.749,6.71,6.73,6.68,6.72,6.73,6.64,3704501.0,24755865.0,15:36:00,2026-09-23
sz002539,云图控股,12.23,-0.05,-0.407,12.23,12.24,12.28,12.28,12.3,12.06,8482872.0,103235615.0,15:35:15,2026-09-23
sz002540,亚太科技,5.03,0.02,0.399,5.03,5.04,5.01,5.03,5.25,4.98,15926000.0,81085571.0,15:35:30,2026-09-23
sz002541,鸿路钢构,19.69,1.79,10.0,19.69,0.0,17.9,17.92,19.69,17.77,27357511.0,518832944.0,15:35:45,2026-09-23
sz002542,*ST中岩,1.66,0.0,0.0,1.65,1.66,1.66,1.66,1.67,1.63,10322850.0,17031616.0,15:36:00,2026-09-23
sz002543,万和电气,7.36,0.13,1.798,7.36,7.37,7.23,7.21,7.56,7.12,16160206.0,119105766.0,15:35:15,2026-09-23
sz002544,普天科技,15.86,-0.34,-2.099,15.85,15.86,16.2,16.1,16.16,15.8,9729600.0,154808714.0,15:35:30,2026-09-23
sz002545,东方铁塔,15.63,-0.15,-0.951,15.62,15.63,15.78,15.78,15.81,15.26,15024417.0,233061772.0,15:35:45,2026-09-23
sz002546,新联电子,7.46,-0.13,-1.713,7.46,7.47,7.59,7.58,7.61,7.46,9131500.0,68450127.0,15:36:00,2026-09-23
sz002547,*ST春兴,2.36,-0.02,-0.84,2.36,2.37,2.38,2.36,2.44,2.29,30983082.0,73206644.0,15:35:15,2026-09-23
sz002548,金新农,3.93,-0.1,-2.481,3.93,3.94,4.03,4.03,4.03,3.92,21945940.0,86937134.0,15:35:30,2026-09-23
sz002549,凯美特气,13.3,-0.13,-0.968,13.29,13.3,13.43,13.44,13.47,13.27,9151100.0,122113199.0,15:35:45,2026-09-23
sz002550,千红制药,6.53,-0.02,-0.305,6.52,6.53,6.55,6.55,6.61,6.51,8014500.0,52586652.0,15:36:00,2026-09-23
sz002551,尚荣医疗,3.33,-0.07,-2.059,3.33,3.34,3.4,3.38,3.42,3.32,11987024.0,40341411.0,15:35:15,2026-09-23
sz002552,宝鼎科技,53.45,0.12,0.225,53.45,53.46,53.33,53.02,54.5,52.88,17029598.0,912146487.0,15:35:30,2026-09-23
sz002553,南方精工,15.47,-0.31,-1.965,15.46,15.47,15.78,15.83,15.83,15.37,6832100.0,105933293.0,15:35:45,2026-09-23
sz002554,惠博普,2.77,-0.05,-1.773,2.77,2.78,2.82,2.8,2.83,2.76,16337200.0,45577324.0,15:36:00,2026-09-23
sz002555,三七互娱,17.39,-0.44,-2.468,17.39,17.4,17.83,17.76,17.78,17.37,23065982.0,403537175.0,15:35:15,2026-09-23
sz002556,辉隆股份,5.13,-0.02,-0.388,5.13,5.14,5.15,5.18,5.19,5.11,7729650.0,39655981.0,15:35:30,2026-09-23
sz002557,洽洽食品,18.12,-0.06,-0.33,18.11,18.12,18.18,18.18,18.43,18.11,5343734.0,97496105.0,15:35:45,2026-09-23
sz002558,巨人网络,23.6,-0.73,-3.0,23.6,23.61,24.33,24.18,24.38,23.6,47046733.0,1122548931.0,15:36:00,2026-09-23
sz002559,亚威股份,9.17,0.06,0.659,9.17,9.18,9.11,9.13,9.19,9.08,14061458.0,128578744.0,15:35:15,2026-09-23
sz002560,通达股份,6.98,-0.36,-4.905,6.98,6.99,7.34,7.35,7.37,6.93,65569977.0,461401990.0,15:35:30,2026-09-23
sz002561,徐家汇,7.37,-0.12,-1.602,7.37,7.38,7.49,7.5,7.56,7.37,6871000.0,51164336.0,15:35:45,2026-09-23
sz002562,兄弟科技,4.98,0.05,1.014,4.97,4.98,4.93,4.92,5.03,4.86,24492885.0,120826878.0,15:36:00,2026-09-23
sz002563,森马服饰,5.5,0.02,0.365,5.5,5.51,5.48,5.48,5.57,5.45,9939000.0,54852885.0,15:35:15,2026-09-23
sz002564,天沃科技,5.49,0.04,0.734,5.49,5.5,5.45,5.54,6.0,5.47,115531404.0,668614955.0,15:35:30,2026-09-23
sz002565,顺灏股份,8.66,-0.42,-4.626,8.66,8.67,9.08,9.01,9.04,8.65,65323405.0,573098143.0,15:35:45,2026-09-23
sz002566,益盛药业,7.01,-0.13,-1.821,7.01,7.02,7.14,7.12,7.15,6.98,4487200.0,31651516.0,15:36:00,2026-09-23
sz002567,唐人神,3.67,-0.11,-2.91,3.67,3.68,3.78,3.76,3.76,3.66,26399387.0,97708118.0,15:35:15,2026-09-23
sz002568,百润股份,18.63,0.34,1.859,18.63,18.64,18.29,19.19,19.54,18.56,24581854.0,467105602.0,15:35:30,2026-09-23
sz002569,*ST步森,11.6,0.14,1.222,11.6,11.63,11.46,11.5,11.73,11.3,1480600.0,17128043.0,15:35:45,2026-09-23
sz002570,贝因美,4.4,-0.07,-1.566,4.4,4.41,4.47,4.46,4.46,4.39,11516119.0,50903044.0,15:36:00,2026-09-23
sz002571,德力股份,11.02,-0.19,-1.695,11.02,11.03,11.21,11.15,11.28,11.0,3140200.0,34872761.0,15:35:15,2026-09-23
sz002572,索菲亚,7.59,0.08,1.065,7.59,7.6,7.51,7.51,7.75,7.46,13626493.0,104233903.0,15:35:30,2026-09-23
sz002573,清新环境,3.12,-0.03,-0.952,3.12,3.13,3.15,3.14,3.18,3.11,11279400.0,35414041.0,15:35:45,2026-09-23
sz002574,明牌珠宝,5.02,-0.09,-1.761,5.02,5.03,5.11,5.1,5.12,5.01,5678500.0,28701535.0,15:36:00,2026-09-23
sz002575,群兴玩具,5.12,-0.27,-5.009,5.12,5.13,5.39,5.3,5.35,5.11,36185500.0,187212186.0,15:35:15,2026-09-23
sz002576,通达动力,14.41,-0.06,-0.415,14.41,14.42,14.47,14.44,14.5,14.21,1910500.0,27467254.0,15:35:30,2026-09-23
sz002577,雷柏科技,22.3,-0.28,-1.24,22.3,22.31,22.58,22.5,22.69,22.12,7227173.0,161463253.0,15:35:45,2026-09-23
sz002578,闽发铝业,4.14,-0.06,-1.429,4.14,4.15,4.2,4.18,4.26,4.13,18340900.0,76721595.0,15:36:00,2026-09-23
sz002579,中京电子,18.6,-0.28,-1.483,18.6,18.61,18.88,18.87,19.27,18.3,84602877.0,1575608055.0,15:35:15,2026-09-23
sz002580,圣阳股份,18.65,-0.55,-2.865,18.65,18.66,19.2,19.24,19.39,18.63,32328342.0,608155032.0,15:35:30,2026-09-23
sz002581,*ST未名,5.18,-0.21,-3.896,5.18,5.19,5.39,5.33,5.49,5.17,7253100.0,38461039.0,15:35:45,2026-09-23
sz002582,好想你,9.62,-0.24,-2.434,9.62,9.63,9.86,9.85,9.86,9.62,11092800.0,107548768.0,15:36:00,2026-09-23
sz002583,海能达,8.02,-0.16,-1.956,8.01,8.02,8.18,8.13,8.19,8.01,12767300.0,102865283.0,15:35:15,2026-09-23
sz002584,西陇科学,9.02,-0.34,-3.632,9.01,9.02,9.36,9.23,9.28,8.92,98220505.0,888246735.0,15:35:30,2026-09-23
sz002585,双星新材,11.72,-0.18,-1.513,11.72,11.73,11.9,11.9,12.19,11.52,131430014.0,1547677295.0,15:35:45,2026-09-23
sz002586,围海股份,3.77,0.04,1.072,3.76,3.77,3.73,3.75,3.83,3.71,7340700.0,27718330.0,15:36:00,2026-09-23
sz002587,奥拓电子,5.24,-0.09,-1.689,5.24,5.25,5.33,5.34,5.36,5.22,7285110.0,38430730.0,15:35:15,2026-09-23
sz002588,史丹利,7.64,-0.1,-1.292,7.64,7.65,7.74,7.74,7.74,7.63,9372722.0,71897953.0,15:35:30,2026-09-23
sz002589,瑞康医药,3.38,-0.21,-5.85,3.38,3.39,3.59,3.51,3.57,3.37,246153492.0,849296695.0,15:35:45,2026-09-23
sz002590,万安科技,9.62,-0.03,-0.311,9.62,9.65,9.65,9.68,9.72,9.56,3346129.0,32283934.0,15:36:00,2026-09-23
sz002591,恒大高新,6.34,-0.04,-0.627,6.34,6.35,6.38,6.37,6.39,6.31,8149800.0,51754864.0,15:35:15,2026-09-23
sz002592,ST八菱,6.42,-0.03,-0.465,6.41,6.42,6.45,6.45,6.48,6.39,1585160.0,10187637.0,15:35:30,2026-09-23
sz002593,日上集团,4.53,-0.05,-1.092,4.53,4.54,4.58,4.58,4.62,4.53,8556800.0,39061925.0,15:35:45,2026-09-23
sz002594,比亚迪,85.85,-0.73,-0.843,85.85,85.86,86.58,86.0,86.55,85.66,17315474.0,1488954610.0,15:36:00,2026-09-23
sz002595,豪迈科技,39.77,0.06,0.151,39.77,39.78,39.71,39.97,40.06,39.62,3020831.0,120306386.0,15:35:15,2026-09-23
sz002596,海南瑞泽,3.19,-0.11,-3.333,3.19,3.2,3.3,3.27,3.36,3.17,34677701.0,112515794.0,15:35:30,2026-09-23
sz002597,金禾实业,21.99,-0.18,-0.812,21.98,21.99,22.17,22.18,22.25,21.9,3255657.0,71899074.0,15:35:45,2026-09-23
sz002598,ST章鼓,6.95,-0.1,-1.418,6.95,6.96,7.05,7.1,7.1,6.95,2047909.0,14362775.0,15:36:00,2026-09-23
sz002599,盛通股份,5.64,0.05,0.894,5.63,5.64,5.59,5.6,5.66,5.44,12120700.0,67181349.0,15:35:15,2026-09-23
sz002600,领益智造,12.37,-0.28,-2.213,12.36,12.37,12.65,12.55,12.59,12.35,69573100.0,864055796.0,15:35:30,2026-09-23
sz002601,龙佰集团,15.24,-0.01,-0.066,15.23,15.24,15.25,15.25,15.31,15.15,6175651.0,94024167.0,15:35:45,2026-09-23
sz002602,世纪华通,14.34,-0.28,-1.915,14.34,14.35,14.62,14.58,14.6,14.25,90277007.0,1298703982.0,15:36:00,2026-09-23
sz002603,以岭药业,15.46,-0.12,-0.77,15.46,15.47,15.58,15.52,15.66,15.46,9229940.0,143471471.0,15:35:15,2026-09-23
sz002605,姚记科技,16.62,-0.26,-1.54,16.62,16.63,16.88,16.82,16.89,16.62,2873670.0,48054343.0,15:35:30,2026-09-23
sz002606,大连电瓷,12.3,-0.34,-2.69,12.29,12.3,12.64,12.64,12.67,12.24,13027307.0,161342626.0,15:35:45,2026-09-23
sz002607,中公教育,1.9,-0.05,-2.564,1.89,1.9,1.95,1.95,1.97,1.89,158506800.0,304522843.0,15:36:00,2026-09-23
sz002608,江苏国信,7.27,-0.03,-0.411,7.26,7.27,7.3,7.32,7.35,7.25,11175400.0,81403242.0,15:35:15,2026-09-23
sz002609,捷顺科技,7.77,-0.07,-0.893,7.77,7.78,7.84,7.82,7.85,7.73,3246674.0,25237503.0,15:35:30,2026-09-23
sz002611,东方精工,14.38,0.47,3.379,14.37,14.38,13.91,13.88,14.56,13.8,32754661.0,466267793.0,15:35:45,2026-09-23
sz002612,朗姿股份,17.23,-0.03,-0.174,17.22,17.23,17.26,17.22,17.38,16.85,5638100.0,96621534.0,15:36:00,2026-09-23
sz002613,北玻股份,3.58,0.03,0.845,3.58,3.59,3.55,3.53,3.78,3.53,68968510.0,249638842.0,15:35:15,2026-09-23
sz002614,奥佳华,7.57,0.69,10.029,7.57,0.0,6.88,7.57,7.57,7.18,131497699.0,991041805.0,15:35:30,2026-09-23
sz002615,哈尔斯,6.36,-0.05,-0.78,6.36,6.37,6.41,6.42,6.49,6.35,6636199.0,42486508.0,15:35:45,2026-09-23
sz002616,长青集团,4.79,-0.09,-1.844,4.79,4.8,4.88,4.9,4.9,4.78,5625400.0,27119820.0,15:36:00,2026-09-23
sz002617,露笑科技,6.95,0.01,0.144,6.95,6.96,6.94,6.88,7.1,6.72,143653546.0,992243339.0,15:35:15,2026-09-23
sz002620,*ST瑞和,5.82,0.11,1.926,5.82,5.83,5.71,5.69,5.84,5.65,5925360.0,34225949.0,15:35:30,2026-09-23
sz002622,皓宸医疗,2.47,-0.15,-5.725,2.47,2.48,2.62,2.69,2.8,2.46,66478166.0,170625986.0,15:35:45,2026-09-23
sz002623,亚玛顿,18.72,-0.62,-3.206,18.72,18.73,19.34,19.68,20.17,18.72,13789044.0,265172113.0,15:36:00,2026-09-23
sz002624,完美世界,9.89,-0.12,-1.199,9.89,9.9,10.01,9.97,10.07,9.88,33177280.0,329955765.0,15:35:15,2026-09-23
sz002625,光启技术,26.57,-0.88,-3.206,26.56,26.57,27.45,27.6,27.6,26.57,21911345.0,589130917.0,15:35:30,2026-09-23
sz002626,金达威,16.78,0.02,0.119,16.78,16.79,16.76,16.77,17.08,16.73,3814828.0,64516816.0,15:35:45,2026-09-23
sz002627,三峡旅游,6.7,-0.04,-0.593,6.7,6.71,6.74,6.76,6.8,6.69,6753500.0,45487545.0,15:36:00,2026-09-23
sz002628,成都路桥,5.07,-0.12,-2.312,5.07,5.08,5.19,5.18,5.22,5.06,12940200.0,65962070.0,15:35:15,2026-09-23
sz002629,仁智股份,4.24,-0.12,-2.752,4.24,4.25,4.36,4.36,4.36,4.21,11953600.0,51062473.0,15:35:30,2026-09-23
sz002630,*ST华西,1.6,-0.04,-2.439,1.6,1.61,1.64,1.64,1.64,1.6,12239400.0,19841327.0,15:35:45,2026-09-23
sz002631,德尔未来,13.6,-0.53,-3.751,13.6,13.61,14.13,14.2,14.3,13.58,54597353.0,757411288.0,15:36:00,2026-09-23
sz002632,道明光学,9.73,-0.08,-0.815,9.72,9.73,9.81,9.81,9.85,9.63,18866700.0,183754913.0,15:35:15,2026-09-23
sz002633,申科股份,15.87,1.44,9.979,15.87,0.0,14.43,15.11,15.87,14.67,7232966.0,111540203.0,15:35:30,2026-09-23
sz002634,*ST棒杰,4.01,-0.12,-2.906,4.01,4.02,4.13,4.09,4.15,4.0,5968140.0,24222802.0,15:35:45,2026-09-23
sz002635,安洁科技,16.79,1.53,10.026,16.79,0.0,15.26,15.29,16.79,15.27,32316182.0,530917090.0,15:36:00,2026-09-23
sz002636,金安国纪,87.15,1.57,1.835,87.14,87.15,85.58,83.8,92.0,83.0,78114087.0,6777252392.0,15:35:15,2026-09-23
sz002637,赞宇科技,10.95,-0.25,-2.232,10.94,10.95,11.2,11.1,11.16,10.85,13078200.0,143365481.0,15:35:30,2026-09-23
sz002638,勤上股份,4.74,0.43,9.977,4.74,0.0,4.31,4.31,4.74,4.23,52689144.0,236393211.0,15:35:45,2026-09-23
sz002639,雪人集团,13.75,-0.3,-2.135,13.74,13.75,14.05,14.02,14.07,13.74,51680517.0,716026739.0,15:36:00,2026-09-23
sz002640,跨境通,3.51,-0.24,-6.4,3.51,3.52,3.75,3.71,3.73,3.48,173766300.0,618936614.0,15:35:15,2026-09-23
sz002641,公元股份,3.81,-0.03,-0.781,3.81,3.82,3.84,3.85,3.89,3.81,5434568.0,20876769.0,15:35:30,2026-09-23
sz002642,荣联科技,6.89,-0.27,-3.771,6.89,6.9,7.16,7.14,7.16,6.88,14351429.0,99709308.0,15:35:45,2026-09-23
sz002643,万润股份,13.32,0.1,0.756,13.31,13.32,13.22,13.21,13.36,13.2,8874552.0,117996678.0,15:36:00,2026-09-23
sz002644,佛慈制药,8.17,-0.21,-2.506,8.17,8.18,8.38,8.45,8.45,8.14,5706200.0,46860131.0,15:35:15,2026-09-23
sz002645,华宏科技,18.58,0.17,0.923,18.58,18.59,18.41,18.42,18.7,18.17,18514040.0,342013253.0,15:35:30,2026-09-23
sz002646,天佑德酒,7.34,0.28,3.966,7.34,7.35,7.06,7.03,7.77,7.03,37847250.0,284718671.0,15:35:45,2026-09-23
sz002647,仁东控股,11.58,-0.21,-1.781,11.57,11.58,11.79,11.78,12.15,11.45,42616500.0,504178929.0,15:36:00,2026-09-23
sz002648,卫星化学,26.82,-0.14,-0.519,26.81,26.82,26.96,26.78,27.01,26.63,18018294.0,483511945.0,15:35:15,2026-09-23
sz002649,博彦科技,9.31,-0.21,-2.206,9.31,9.32,9.52,9.46,9.47,9.3,8183000.0,76504812.0,15:35:30,2026-09-23
sz002650,ST加加,7.27,0.43,6.287,7.26,7.27,6.84,6.82,7.45,6.77,13845452.0,99567260.0,15:35:45,2026-09-23
sz002651,利君股份,8.12,-0.17,-2.051,8.12,8.13,8.29,8.29,8.29,8.1,9170843.0,74689346.0,15:36:00,2026-09-23
sz002652,扬子新材,4.69,-0.14,-2.899,4.69,4.7,4.83,4.82,4.83,4.67,12806400.0,60692571.0,15:35:15,2026-09-23
sz002653,海思科,65.46,-0.85,-1.282,65.45,65.46,66.31,66.02,66.62,65.21,3654419.0,240069958.0,15:35:30,2026-09-23
sz002654,万润科技,13.76,-0.17,-1.22,13.76,13.77,13.93,14.01,14.08,13.71,23597782.0,326646356.0,15:35:45,2026-09-23
sz002655,共达电声,39.61,0.26,0.661,39.61,39.62,39.35,39.36,40.17,38.88,17632015.0,696341772.0,15:36:00,2026-09-23
sz002656,摩登大道,2.77,-0.03,-1.071,2.77,2.78,2.8,2.8,2.82,2.76,10214200.0,28417435.0,15:35:15,2026-09-23
sz002657,中科金财,15.27,-0.53,-3.354,15.27,15.28,15.8,15.69,15.79,15.25,7722055.0,118773934.0,15:35:30,2026-09-23
sz002658,雪迪龙,7.35,-0.05,-0.676,7.34,7.35,7.4,7.37,7.4,7.3,2780620.0,20413087.0,15:35:45,2026-09-23
sz002659,凯文教育,4.6,-0.1,-2.128,4.59,4.6,4.7,4.68,4.75,4.58,10631700.0,49192120.0,15:36:00,2026-09-23
sz002660,茂硕电源,7.9,-0.11,-1.373,7.89,7.9,8.01,8.05,8.1,7.88,4615100.0,36613576.0,15:35:15,2026-09-23
sz002661,克明食品,7.59,-0.12,-1.556,7.58,7.59,7.71,7.7,7.74,7.56,6212010.0,47201707.0,15:35:30,2026-09-23
sz002662,峰璟股份,3.1,-0.08,-2.516,3.1,3.11,3.18,3.17,3.19,3.09,14734000.0,46183317.0,15:35:45,2026-09-23
sz002663,普邦股份,1.69,-0.05,-2.874,1.69,1.7,1.74,1.73,1.75,1.69,26918494.0,46180759.0,15:36:00,2026-09-23
sz002664,信质集团,14.88,-0.06,-0.402,14.87,14.88,14.94,15.03,15.04,14.84,2021890.0,30190031.0,15:35:15,2026-09-23
sz002666,德联集团,4.25,0.02,0.473,4.24,4.25,4.23,4.22,4.35,4.2,18604900.0,79229671.0,15:35:30,2026-09-23
sz002667,*ST威领,22.09,1.25,5.998,22.08,22.09,20.84,20.86,22.46,20.06,17124522.0,362431509.0,15:35:45,2026-09-23
sz002668,TCL智家,8.91,-0.1,-1.11,8.91,8.92,9.01,9.01,9.03,8.84,14910382.0,132853660.0,15:36:00,2026-09-23
sz002669,康达新材,14.52,0.53,3.788,14.52,14.53,13.99,14.02,14.79,13.95,42993400.0,622663527.0,15:35:15,2026-09-23
sz002670,国盛证券,11.7,-0.15,-1.266,11.7,11.71,11.85,11.81,11.85,11.65,11564876.0,135481649.0,15:35:30,2026-09-23
sz002671,龙泉股份,4.02,-0.02,-0.495,4.02,4.03,4.04,4.04,4.1,4.01,6332700.0,25602100.0,15:35:45,2026-09-23
sz002672,东江环保,3.89,-0.14,-3.474,3.88,3.89,4.03,4.19,4.33,3.83,61712652.0,245164274.0,15:36:00,2026-09-23
sz002673,西部证券,6.74,-0.06,-0.882,6.74,6.75,6.8,6.79,6.81,6.74,15440624.0,104469387.0,15:35:15,2026-09-23
sz002674,兴业科技,20.25,-0.4,-1.937,20.25,20.26,20.65,20.6,20.65,19.93,9461701.0,190896119.0,15:35:30,2026-09-23
sz002675,东诚药业,12.77,0.0,0.0,12.77,12.78,12.77,12.76,12.93,12.72,4038791.0,51814305.0,15:35:45,2026-09-23
sz002676,顺威股份,5.3,-0.04,-0.749,5.3,5.31,5.34,5.35,5.38,5.29,7980099.0,42463606.0,15:36:00,2026-09-23
sz002677,浙江美大,6.3,0.1,1.613,6.29,6.3,6.2,6.17,6.45,6.08,13463628.0,84984034.0,15:35:15,2026-09-23
sz002678,珠江钢琴,4.43,-0.06,-1.336,4.43,4.44,4.49,4.49,4.52,4.41,7585450.0,33822224.0,15:35:30,2026-09-23
sz002679,福建金森,10.53,-0.43,-3.923,10.52,10.53,10.96,10.98,11.0,10.48,8922945.0,94612295.0,15:35:45,2026-09-23
sz002681,奋达科技,4.53,-0.16,-3.412,4.52,4.53,4.69,4.7,4.71,4.52,34431797.0,158363224.0,15:36:00,2026-09-23
sz002682,龙洲股份,4.84,-0.22,-4.348,4.84,4.85,5.06,5.03,5.03,4.82,23562850.0,115292083.0,15:35:15,2026-09-23
sz002683,广东宏大,28.6,0.12,0.421,28.6,28.61,28.48,28.5,28.75,28.21,3903903.0,111133443.0,15:35:30,2026-09-23
sz002685,华东重机,5.52,-0.13,-2.301,5.52,5.53,5.65,5.61,5.64,5.51,29661809.0,164599522.0,15:35:45,2026-09-23
sz002686,亿利达,6.17,-0.12,-1.908,6.17,6.18,6.29,6.28,6.36,6.16,6866300.0,42819009.0,15:36:00,2026-09-23
sz002687,乔治白,5.57,-0.5,-8.237,5.57,5.58,6.07,6.11,6.11,5.5,44257117.0,249954183.0,15:35:15,2026-09-23
sz002688,金河生物,5.17,-0.09,-1.711,5.17,5.18,5.26,5.27,5.27,5.16,7038700.0,36579096.0,15:35:30,2026-09-23
sz002689,ST远智,2.93,-0.03,-1.014,2.93,2.94,2.96,2.96,2.97,2.92,3850160.0,11304953.0,15:35:45,2026-09-23
sz002690,美亚光电,16.03,0.44,2.822,16.03,16.04,15.59,15.6,16.18,15.57,7619632.0,121945900.0,15:36:00,2026-09-23
sz002691,*ST冀凯,4.13,-0.06,-1.432,4.13,4.14,4.19,4.18,4.2,4.11,1679001.0,6947007.0,15:35:15,2026-09-23
sz002692,远程股份,4.27,-0.13,-2.955,4.27,4.28,4.4,4.38,4.41,4.23,11293160.0,48423769.0,15:35:30,2026-09-23
sz002693,双成药业,9.2,-0.21,-2.232,9.2,9.21,9.41,9.35,9.41,9.17,13293900.0,123100676.0,15:35:45,2026-09-23
sz002694,*ST顾地,2.51,0.04,1.619,2.51,2.52,2.47,2.45,2.55,2.43,2865720.0,7140487.0,15:36:00,2026-09-23
sz002695,煌上煌,10.53,0.0,0.0,10.53,10.54,10.53,10.58,10.62,10.49,5839735.0,61542586.0,15:35:15,2026-09-23
sz002696,百洋股份,6.59,-0.43,-6.125,6.59,6.6,7.02,6.94,6.98,6.51,24032400.0,159863564.0,15:35:30,2026-09-23
sz002697,红旗连锁,4.66,-0.06,-1.271,4.66,4.67,4.72,4.71,4.73,4.65,13591600.0,63680229.0,15:35:45,2026-09-23
sz002698,博实股份,11.4,-0.09,-0.783,11.4,11.41,11.49,11.48,11.54,11.38,4913400.0,56347190.0,15:36:00,2026-09-23
sz002700,万憬能源,6.38,-0.06,-0.932,6.37,6.38,6.44,6.43,6.47,6.36,4038700.0,25854026.0,15:35:15,2026-09-23
sz002701,奥瑞金,4.38,-0.02,-0.455,4.38,4.39,4.4,4.4,4.44,4.38,14597823.0,64344028.0,15:35:30,2026-09-23
sz002702,海欣食品,5.45,-0.23,-4.049,5.44,5.45,5.68,5.65,5.66,5.43,38808999.0,213806995.0,15:35:45,2026-09-23
sz002703,浙江世宝,15.2,-1.23,-7.486,15.19,15.2,16.43,16.1,16.22,15.06,55332197.0,864130168.0,15:36:00,2026-09-23
sz002705,新宝股份,11.68,-0.11,-0.933,11.67,11.68,11.79,11.8,11.89,11.61,6154901.0,72233680.0,15:35:15,2026-09-23
sz002706,良信股份,8.7,-0.09,-1.024,8.7,8.71,8.79,8.78,8.83,8.66,12488963.0,108843333.0,15:35:30,2026-09-23
sz002707,众信旅游,5.16,-0.02,-0.386,5.15,5.16,5.18,5.21,5.25,5.13,14628300.0,75681240.0,15:35:45,2026-09-23
sz002708,光洋股份,17.21,0.3,1.774,17.2,17.21,16.91,16.82,17.36,16.8,21979801.0,377837164.0,15:36:00,2026-09-23
sz002709,天赐材料,32.84,-0.47,-1.411,32.84,32.85,33.31,33.13,33.26,32.67,29298887.0,962205502.0,15:35:15,2026-09-23
sz002712,思美传媒,4.98,-0.2,-3.861,4.97,4.98,5.18,5.19,5.2,4.95,14169600.0,71139753.0,15:35:30,2026-09-23
sz002713,东易日盛,10.73,-0.15,-1.379,10.73,10.74,10.88,11.0,11.05,10.69,14994407.0,161985691.0,15:35:45,2026-09-23
sz002714,牧原股份,41.4,-0.46,-1.099,41.4,41.41,41.86,41.81,42.0,41.33,19879913.0,825293873.0,15:36:00,2026-09-23
sz002715,登云股份,13.09,-0.21,-1.579,13.09,13.1,13.3,13.34,13.34,12.98,1946900.0,25564739.0,15:35:15,2026-09-23
sz002716,湖南白银,9.56,-0.06,-0.624,9.55,9.56,9.62,9.7,9.78,9.53,86455077.0,833797534.0,15:35:30,2026-09-23
sz002717,*ST岭南,0.89,-0.03,-3.261,0.88,0.89,0.92,0.91,0.92,0.87,69835869.0,62354797.0,15:35:45,2026-09-23
sz002718,友邦吊顶,83.22,-0.66,-0.787,83.17,83.22,83.88,83.88,84.21,81.71,765800.0,63373166.0,15:36:00,2026-09-23
sz002719,ST麦趣,6.26,-0.01,-0.159,6.25,6.26,6.27,6.28,6.38,6.18,2794600.0,17492928.0,15:35:15,2026-09-23
sz002721,金一文化,2.66,-0.09,-3.273,2.66,2.67,2.75,2.73,2.74,2.65,52721100.0,141398131.0,15:35:30,2026-09-23
sz002722,物产金轮,13.22,0.05,0.38,13.22,13.23,13.17,13.2,13.36,13.15,1797019.0,23853536.0,15:35:45,2026-09-23
sz002723,小崧股份,7.28,-0.17,-2.282,7.28,7.3,7.45,7.45,7.47,7.27,8929600.0,65589380.0,15:36:00,2026-09-23
sz002724,海洋王,7.17,-0.39,-5.159,7.16,7.17,7.56,7.59,7.65,7.16,30367800.0,221819339.0,15:35:15,2026-09-23
sz002725,跃岭股份,10.99,-0.24,-2.137,10.98,10.99,11.23,11.24,11.27,10.94,2918300.0,32213368.0,15:35:30,2026-09-23
sz002726,ST龙大,2.48,-0.06,-2.362,2.47,2.48,2.54,2.53,2.62,2.47,50431981.0,128051329.0,15:35:45,2026-09-23
sz002727,一心堂,10.86,-0.1,-0.912,10.86,10.87,10.96,10.91,11.05,10.83,3703015.0,40347816.0,15:36:00,2026-09-23
sz002728,特一药业,9.84,-0.08,-0.806,9.84,9.85,9.92,9.9,9.97,9.82,13869732.0,136926776.0,15:35:15,2026-09-23
sz002729,好利科技,13.95,-0.03,-0.215,13.95,13.96,13.98,14.02,14.03,13.82,2470600.0,34419331.0,15:35:30,2026-09-23
sz002730,电光科技,22.82,-0.06,-0.262,22.82,22.83,22.88,22.92,23.0,22.57,7025400.0,159914840.0,15:35:45,2026-09-23
sz002731,*ST萃华,0.0,0.0,0.0,0.0,0.0,0.77,0.0,0.0,0.0,0.0,0.0,15:36:00,2026-09-23
sz002732,燕塘乳业,14.11,-0.13,-0.913,14.11,14.17,14.24,14.24,14.28,14.03,1171000.0,16556544.0,15:35:15,2026-09-23
sz002733,雄韬股份,18.08,-0.11,-0.605,18.08,18.09,18.19,18.21,18.29,17.97,7623507.0,137939804.0,15:35:30,2026-09-23
sz002734,利民股份,20.32,0.97,5.013,20.31,20.32,19.35,19.2,20.75,19.06,35076254.0,707493240.0,15:35:45,2026-09-23
sz002735,王子新材,11.9,-0.63,-5.028,11.9,11.91,12.53,12.48,12.48,11.89,34415260.0,415274640.0,15:36:00,2026-09-23
sz002736,国信证券,9.98,0.01,0.1,9.98,9.99,9.97,9.97,10.02,9.94,12375257.0,123506660.0,15:35:15,2026-09-23
sz002737,葵花药业,11.38,-0.1,-0.871,11.38,11.39,11.48,11.45,11.55,11.37,3374705.0,38690390.0,15:35:30,2026-09-23
sz002738,中矿资源,44.35,-1.49,-3.25,44.35,44.36,45.84,45.89,46.0,44.02,16842153.0,749165426.0,15:35:45,2026-09-23
sz002739,儒意电影,8.49,-0.14,-1.622,8.49,8.5,8.63,8.58,8.61,8.47,34931918.0,297279564.0,15:36:00,2026-09-23
sz002741,光华科技,27.47,0.69,2.577,27.46,27.47,26.78,26.7,27.7,26.55,42967083.0,1167930695.0,15:35:15,2026-09-23
sz002742,冀衡医药,4.21,-0.15,-3.44,4.2,4.21,4.36,4.37,4.39,4.2,27202100.0,115699330.0,15:35:30,2026-09-23
sz002743,ST富煌,4.57,-0.25,-5.187,4.57,4.58,4.82,4.7,4.75,4.51,18756000.0,86608886.0,15:35:45,2026-09-23
sz002745,木林森,12.42,-0.08,-0.64,12.41,12.42,12.5,12.59,12.59,12.2,37789025.0,466938097.0,15:36:00,2026-09-23
sz002746,仙坛股份,6.28,-0.01,-0.159,6.28,6.29,6.29,6.29,6.32,6.2,10854850.0,67929988.0,15:35:15,2026-09-23
sz002747,埃斯顿,29.47,-0.21,-0.708,29.47,29.48,29.68,29.68,29.77,29.45,17604225.0,520558745.0,15:35:30,2026-09-23
sz002748,世龙实业,12.34,0.05,0.407,12.33,12.34,12.29,12.29,12.4,12.18,2707500.0,33272513.0,15:35:45,2026-09-23
sz002749,国光股份,8.45,-0.03,-0.354,8.44,8.45,8.48,8.5,8.5,8.39,1452401.0,12238069.0,15:36:00,2026-09-23
sz002752,昇兴股份,6.12,-0.05,-0.81,6.11,6.12,6.17,6.14,6.19,6.08,8415600.0,51439405.0,15:35:15,2026-09-23
sz002753,永东股份,6.71,-0.08,-1.178,6.7,6.71,6.79,6.78,6.78,6.7,4716823.0,31764634.0,15:35:30,2026-09-23
sz002755,奥赛康,12.97,-0.42,-3.137,12.97,12.98,13.39,13.37,13.37,12.88,21860933.0,286108445.0,15:35:45,2026-09-23
sz002756,永兴材料,40.13,-0.6,-1.473,40.12,40.13,40.73,40.73,40.8,39.93,6792749.0,272682702.0,15:36:00,2026-09-23
sz002757,南兴股份,20.28,0.42,2.115,20.27,20.28,19.86,19.9,21.85,19.86,72172956.0,1485602433.0,15:35:15,2026-09-23
sz002758,浙农股份,8.54,-0.06,-0.698,8.54,8.55,8.6,8.6,8.63,8.52,4313600.0,36986707.0,15:35:30,2026-09-23
sz002759,ST天际,14.32,-0.52,-3.504,14.31,14.32,14.84,14.8,14.83,14.31,13639544.0,197278912.0,15:35:45,2026-09-23
sz002760,凤形股份,17.72,0.1,0.568,17.72,17.73,17.62,17.69,17.78,17.55,1746700.0,30856053.0,15:36:00,2026-09-23
sz002761,浙江建投,7.37,0.06,0.821,7.36,7.37,7.31,7.31,7.67,7.29,22665068.0,169991230.0,15:35:15,2026-09-23
sz002762,金发拉比,10.19,-0.25,-2.395,10.18,10.19,10.44,10.33,10.47,10.12,6773300.0,69408225.0,15:35:30,2026-09-23
sz002763,汇洁股份,7.32,-0.01,-0.136,7.31,7.32,7.33,7.33,7.39,7.27,3575700.0,26188642.0,15:35:45,2026-09-23
sz002765,蓝黛科技,6.91,-0.07,-1.003,6.91,6.92,6.98,6.95,6.99,6.86,5766000.0,39860442.0,15:36:00,2026-09-23
sz002766,索菱股份,4.0,-0.11,-2.676,4.0,4.01,4.11,4.09,4.09,3.99,14640522.0,58973505.0,15:35:15,2026-09-23
sz002767,先锋电子,18.82,-0.01,-0.053,18.81,18.82,18.83,18.8,19.0,18.65,3524700.0,66300977.0,15:35:30,2026-09-23
sz002768,国恩股份,79.02,4.16,5.557,79.02,79.09,74.86,76.0,79.73,74.29,16088970.0,1252307317.0,15:35:45,2026-09-23
sz002769,普路通,6.74,-0.14,-2.035,6.74,6.75,6.88,6.91,6.99,6.72,11213222.0,76475065.0,15:36:00,2026-09-23
sz002771,真视通,13.66,-0.18,-1.301,13.66,13.67,13.84,13.71,13.83,13.45,5830100.0,79540578.0,15:35:15,2026-09-23
sz002772,众兴菌业,10.95,-0.2,-1.794,10.94,10.95,11.15,11.09,11.14,10.91,6918157.0,75894948.0,15:35:30,2026-09-23
sz002773,康弘药业,20.17,-0.14,-0.689,20.17,20.18,20.31,20.32,20.55,20.15,4076984.0,82835581.0,15:35:45,2026-09-23
sz002774,快意电梯,17.41,-0.05,-0.286,17.41,17.42,17.46,17.46,17.87,17.14,11965250.0,209542013.0,15:36:00,2026-09-23
sz002775,文科股份,3.3,-0.02,-0.602,3.3,3.32,3.32,3.35,3.35,3.26,8432870.0,27905093.0,15:35:15,2026-09-23
sz002777,久远银海,12.66,-0.18,-1.402,12.65,12.66,12.84,12.8,12.88,12.62,3367900.0,42712714.0,15:35:30,2026-09-23
sz002778,中晟高科,15.8,-0.22,-1.373,15.8,15.84,16.02,16.02,16.28,15.71,1329400.0,21051253.0,15:35:45,2026-09-23
sz002779,中坚科技,86.0,3.6,4.369,85.98,86.0,82.4,82.4,89.25,82.0,3943167.0,340272045.0,15:36:00,2026-09-23
sz002780,三夫户外,14.92,0.12,0.811,14.91,14.92,14.8,14.79,15.07,14.51,7227550.0,107491504.0,15:35:15,2026-09-23
sz002782,可立克,15.52,0.19,1.239,15.51,15.52,15.33,15.3,15.64,15.24,7558500.0,116922879.0,15:35:30,2026-09-23
sz002783,凯龙股份,8.1,-0.02,-0.246,8.08,8.1,8.12,8.09,8.2,8.02,7699200.0,62301514.0,15:35:45,2026-09-23
sz002785,万里石,39.48,-2.06,-4.959,39.47,39.48,41.54,41.54,41.54,39.0,10520840.0,419628893.0,15:36:00,2026-09-23
sz002786,银宝山新,7.67,-0.18,-2.293,7.67,7.68,7.85,7.89,7.9,7.66,6646500.0,51330249.0,15:35:15,2026-09-23
sz002787,华源控股,27.08,0.35,1.309,27.08,27.09,26.73,26.66,27.5,26.43,13642500.0,368794749.0,15:35:30,2026-09-23
sz002788,鹭燕医药,10.82,-0.42,-3.737,10.81,10.82,11.24,11.25,11.29,10.81,11254019.0,123357415.0,15:35:45,2026-09-23
sz002789,*ST建艺,13.17,-0.03,-0.227,13.17,13.18,13.2,12.93,13.24,12.65,2067700.0,26741650.0,15:36:00,2026-09-23
sz002790,瑞尔特,6.6,-0.1,-1.493,6.59,6.6,6.7,6.69,6.81,6.56,30355550.0,202138863.0,15:35:15,2026-09-23
sz002791,坚朗五金,15.43,0.06,0.39,15.43,15.44,15.37,15.35,15.99,15.28,6263000.0,97842291.0,15:35:30,2026-09-23
sz002792,通宇通讯,33.35,-1.62,-4.633,33.35,33.36,34.97,35.38,35.38,33.3,32835724.0,1113060440.0,15:35:45,2026-09-23
sz002793,罗欣药业,4.77,-0.12,-2.454,4.76,4.77,4.89,4.89,4.89,4.75,20725860.0,99580933.0,15:36:00,2026-09-23
sz002795,永和智控,7.91,-0.1,-1.248,7.9,7.91,8.01,8.06,8.1,7.89,17821471.0,141688642.0,15:35:15,2026-09-23
sz002796,世嘉科技,30.6,-0.7,-2.236,30.59,30.6,31.3,31.34,31.45,30.44,7079207.0,217281829.0,15:35:30,2026-09-23
sz002797,第一创业,6.29,-0.07,-1.101,6.29,6.3,6.36,6.35,6.38,6.28,30535655.0,192965498.0,15:35:45,2026-09-23
sz002798,帝欧水华,6.67,-0.02,-0.299,6.67,6.68,6.69,6.68,6.75,6.6,7962200.0,53117343.0,15:36:00,2026-09-23
sz002799,环球印务,6.83,-0.16,-2.289,6.83,6.84,6.99,6.99,6.99,6.81,4063901.0,27969930.0,15:35:15,2026-09-23
sz002800,天顺股份,14.68,-0.34,-2.264,14.66,14.68,15.02,15.07,15.07,14.65,1833620.0,27146783.0,15:35:30,2026-09-23
sz002801,微光股份,26.94,0.14,0.522,26.93,26.94,26.8,26.8,26.95,26.62,592950.0,15931455.0,15:35:45,2026-09-23
sz002802,洪汇新材,12.38,0.02,0.162,12.37,12.38,12.36,12.36,12.45,12.09,1700500.0,21008693.0,15:36:00,2026-09-23
sz002803,吉宏股份,19.88,-1.2,-5.693,19.88,19.89,21.08,21.08,21.08,19.75,17796871.0,357839749.0,15:35:15,2026-09-23
sz002805,丰元股份,16.46,-0.27,-1.614,16.46,16.47,16.73,16.72,16.74,16.37,5955865.0,98157432.0,15:35:30,2026-09-23
sz002806,华锋股份,15.28,-0.1,-0.65,15.28,15.29,15.38,15.37,15.48,15.16,5921200.0,90462717.0,15:35:45,2026-09-23
sz002807,江阴银行,4.12,-0.02,-0.483,4.12,4.13,4.14,4.14,4.16,4.11,22925388.0,94665614.0,15:36:00,2026-09-23
sz002809,红墙股份,8.39,-0.09,-1.061,8.37,8.39,8.48,8.48,8.48,8.33,3124472.0,26213686.0,15:35:15,2026-09-23
sz002810,山东赫达,21.47,-0.05,-0.232,21.47,21.49,21.52,21.55,21.88,21.41,2990974.0,64741912.0,15:35:30,2026-09-23
sz002811,郑中设计,17.35,0.24,1.403,17.34,17.35,17.11,17.44,18.0,16.6,22500899.0,390693315.0,15:35:45,2026-09-23
sz002812,恩捷股份,47.5,-0.16,-0.336,47.5,47.52,47.66,47.5,47.7,46.87,10227154.0,482978920.0,15:36:00,2026-09-23
sz002813,路畅科技,22.8,0.3,1.333,22.79,22.8,22.5,22.49,22.86,22.12,1557702.0,35106847.0,15:35:15,2026-09-23
sz002815,崇达技术,24.86,-0.53,-2.087,24.85,24.86,25.39,25.15,25.7,24.5,68479232.0,1707533740.0,15:35:30,2026-09-23
sz002816,*ST和科,21.56,-0.86,-3.836,21.56,21.57,22.42,22.1,22.1,20.84,2943100.0,63336889.0,15:35:45,2026-09-23
sz002817,黄山胶囊,6.74,-0.03,-0.443,6.74,6.77,6.77,6.8,6.8,6.66,3830100.0,25841471.0,15:36:00,2026-09-23
sz002818,富森美,11.14,-0.08,-0.713,11.13,11.14,11.22,11.24,11.25,11.12,2874590.0,32151213.0,15:35:15,2026-09-23
sz002819,东方中科,24.24,2.2,9.982,24.24,0.0,22.04,22.04,24.24,21.59,9426330.0,219802180.0,15:35:30,2026-09-23
sz002820,桂发祥,9.79,-0.22,-2.198,9.79,9.8,10.01,10.03,10.03,9.75,5094600.0,50213636.0,15:35:45,2026-09-23
sz002821,凯莱英,188.01,0.35,0.187,188.0,188.01,187.66,188.0,191.69,186.3,6273414.0,1186436628.0,15:36:00,2026-09-23
sz002822,ST中装,2.93,-0.01,-0.34,2.92,2.93,2.94,2.95,2.98,2.92,4860200.0,14310920.0,15:35:15,2026-09-23
sz002823,凯中精密,13.0,0.07,0.541,12.99,13.0,12.93,12.93,13.04,12.83,2828185.0,36663859.0,15:35:30,2026-09-23
sz002824,和胜股份,28.53,-0.15,-0.523,28.53,28.54,28.68,28.5,28.96,28.3,11459200.0,327448639.0,15:35:45,2026-09-23
sz002825,纳尔股份,9.54,0.02,0.21,9.54,9.55,9.52,9.66,9.66,9.39,3152440.0,29951771.0,15:36:00,2026-09-23
sz002826,易明医药,17.15,-0.24,-1.38,17.15,17.16,17.39,17.3,17.44,17.11,1728100.0,29760859.0,15:35:15,2026-09-23
sz002827,高争民爆,79.41,5.13,6.906,79.41,79.42,74.28,76.0,79.94,73.18,17712850.0,1365672808.0,15:35:30,2026-09-23
sz002828,贝肯能源,10.73,-0.32,-2.896,10.72,10.73,11.05,11.0,11.05,10.61,7872300.0,84621129.0,15:35:45,2026-09-23
sz002829,星网宇达,20.24,-0.22,-1.075,20.23,20.24,20.46,20.33,20.45,20.03,3558080.0,71880327.0,15:36:00,2026-09-23
sz002830,名雕股份,14.99,-0.11,-0.728,14.99,15.0,15.1,15.09,15.3,14.88,2668660.0,40177245.0,15:35:15,2026-09-23
sz002831,裕同科技,28.75,-0.05,-0.174,28.75,28.79,28.8,28.61,29.35,28.61,7316361.0,212450835.0,15:35:30,2026-09-23
sz002832,比音勒芬,25.45,-0.2,-0.78,25.45,25.46,25.65,25.61,25.84,25.25,3861693.0,98442046.0,15:35:45,2026-09-23
sz002833,弘亚数控,18.68,0.25,1.356,18.68,18.69,18.43,18.44,18.75,18.36,2686986.0,50093858.0,15:36:00,2026-09-23
sz002835,同为股份,13.1,-0.12,-0.908,13.08,13.1,13.22,13.2,13.23,13.01,1765900.0,23130665.0,15:35:15,2026-09-23
sz002836,新宏泽,11.15,0.01,0.09,11.15,11.16,11.14,11.17,11.6,10.4,25680125.0,280700351.0,15:35:30,2026-09-23
sz002837,英维克,61.25,-0.27,-0.439,61.24,61.25,61.52,61.51,62.33,61.11,19862744.0,1223310175.0,15:35:45,2026-09-23
sz002838,道恩股份,25.84,0.52,2.054,25.83,25.84,25.32,25.36,26.0,25.25,5064462.0,130163710.0,15:36:00,2026-09-23
sz002839,张家港行,4.25,-0.03,-0.701,4.25,4.26,4.28,4.28,4.29,4.24,19916132.0,84858273.0,15:35:15,2026-09-23
sz002840,华统股份,8.36,-0.06,-0.713,8.36,8.37,8.42,8.42,8.46,8.19,13242583.0,110142572.0,15:35:30,2026-09-23
sz002841,视源股份,46.6,-1.44,-2.998,46.6,46.62,48.04,48.1,48.19,46.4,5808648.0,273172074.0,15:35:45,2026-09-23
sz002842,翔鹭钨业,33.78,-0.71,-2.059,33.78,33.79,34.49,34.26,34.48,33.7,16629677.0,564044918.0,15:36:00,2026-09-23
sz002843,泰嘉股份,16.18,-0.08,-0.492,16.17,16.18,16.26,16.28,16.41,16.11,4750900.0,77045625.0,15:35:15,2026-09-23
sz002845,同兴达,14.51,-0.12,-0.82,14.5,14.51,14.63,14.63,14.75,14.41,6285405.0,91225111.0,15:35:30,2026-09-23
sz002846,英联股份,11.4,-0.19,-1.639,11.39,11.4,11.59,11.58,11.75,11.35,18513386.0,212692076.0,15:35:45,2026-09-23
sz002847,盐津铺子,43.2,-0.37,-0.849,43.2,43.22,43.57,43.5,43.82,43.09,1443018.0,62665292.0,15:36:00,2026-09-23
sz002848,高斯贝尔,15.66,0.21,1.359,15.66,15.67,15.45,15.5,15.8,15.15,16070801.0,249141667.0,15:35:15,2026-09-23
sz002849,威星智能,23.0,2.09,9.995,23.0,0.0,20.91,21.46,23.0,20.89,21785876.0,480146095.0,15:35:30,2026-09-23
sz002850,科达利,170.98,-0.42,-0.245,170.98,171.0,171.4,172.0,172.78,170.7,1786039.0,306261060.0,15:35:45,2026-09-23
sz002851,麦格米特,122.85,-0.15,-0.122,122.84,122.85,123.0,124.38,126.2,122.55,17624554.0,2185207001.0,15:36:00,2026-09-23
sz002852,道道全,8.08,-0.2,-2.415,8.08,8.09,8.28,8.29,8.3,8.05,7922300.0,64288093.0,15:35:15,2026-09-23
sz002853,皮阿诺,21.73,-0.55,-2.469,21.72,21.73,22.28,22.28,22.6,21.68,924000.0,20280494.0,15:35:30,2026-09-23
sz002855,捷荣技术,13.06,-0.47,-3.474,13.06,13.07,13.53,13.53,13.53,12.9,17003500.0,222718412.0,15:35:45,2026-09-23
sz002856,*ST美芝,19.77,-2.2,-10.014,0.0,19.77,21.97,19.77,19.77,19.77,1361200.0,26910924.0,15:36:00,2026-09-23
sz002857,三晖电气,17.77,-0.13,-0.726,17.76,17.77,17.9,17.93,18.11,17.6,1240800.0,22135640.0,15:35:15,2026-09-23
sz002858,力盛体育,11.47,-0.16,-1.376,11.47,11.49,11.63,11.65,11.65,11.37,3284900.0,37650378.0,15:35:30,2026-09-23
sz002859,洁美科技,68.65,1.59,2.371,68.64,68.65,67.06,67.15,69.5,66.61,13359761.0,907960838.0,15:35:45,2026-09-23
sz002860,星帅尔,0.0,0.0,0.0,0.0,0.0,18.39,0.0,0.0,0.0,0.0,0.0,15:36:00,2026-09-23
sz002861,瀛通通讯,14.66,-0.34,-2.267,14.66,14.67,15.0,15.0,15.05,14.64,3194000.0,47107159.0,15:35:15,2026-09-23
sz002862,实丰文化,15.7,-0.39,-2.424,15.7,15.71,16.09,16.0,16.0,15.53,3099560.0,48694817.0,15:35:30,2026-09-23
sz002863,今飞凯达,4.73,-0.03,-0.63,4.73,4.74,4.76,4.77,4.77,4.68,7326469.0,34683083.0,15:35:45,2026-09-23
sz002864,盘龙药业,21.22,-0.14,-0.655,21.21,21.22,21.36,21.53,21.53,21.07,1433011.0,30372026.0,15:36:00,2026-09-23
sz002865,钧达股份,38.28,-0.31,-0.803,38.28,38.29,38.59,38.33,38.85,38.26,4477380.0,172221987.0,15:35:15,2026-09-23
sz002866,传艺科技,14.48,-0.08,-0.549,14.48,14.49,14.56,14.56,14.58,14.38,3583400.0,51825986.0,15:35:30,2026-09-23
sz002867,周大生,10.17,-0.09,-0.877,10.16,10.17,10.26,10.26,10.26,10.15,7395450.0,75440708.0,15:35:45,2026-09-23
sz002868,绿康生化,22.88,-0.65,-2.762,22.88,22.9,23.53,23.54,23.57,22.71,2291645.0,52700330.0,15:36:00,2026-09-23
sz002869,金溢科技,16.77,-0.63,-3.621,16.74,16.77,17.4,17.32,17.71,16.66,9240928.0,156186208.0,15:35:15,2026-09-23
sz002870,香山股份,49.36,-0.47,-0.943,49.36,49.37,49.83,49.85,50.35,49.2,2005800.0,99498561.0,15:35:30,2026-09-23
sz002871,伟隆股份,18.84,0.23,1.236,18.83,18.87,18.61,18.67,19.03,18.45,4322239.0,81512960.0,15:35:45,2026-09-23
sz002872,ST天圣,5.96,-0.07,-1.161,5.96,5.97,6.03,6.02,6.03,5.96,1890200.0,11305736.0,15:36:00,2026-09-23
sz002873,新天药业,8.45,-0.1,-1.17,8.44,8.45,8.55,8.56,8.56,8.41,4448900.0,37694390.0,15:35:15,2026-09-23
sz002875,安奈儿,13.1,-0.07,-0.532,13.1,13.11,13.17,13.23,13.26,13.01,2483646.0,32574747.0,15:35:30,2026-09-23
sz002876,三利谱,33.2,0.65,1.997,33.2,33.21,32.55,32.66,33.33,32.3,3902546.0,128777486.0,15:35:45,2026-09-23
sz002877,智能自控,7.45,-0.14,-1.845,7.45,7.46,7.59,7.59,7.6,7.41,4461200.0,33366040.0,15:36:00,2026-09-23
sz002878,元隆雅图,12.61,-0.26,-2.02,12.61,12.62,12.87,12.8,12.9,12.5,4454800.0,56490658.0,15:35:15,2026-09-23
sz002879,长缆科技,16.85,0.01,0.059,16.85,16.86,16.84,16.84,17.17,16.1,11247700.0,186513166.0,15:35:30,2026-09-23
sz002880,卫光生物,21.87,0.09,0.413,21.87,21.88,21.78,21.7,22.17,21.6,2018700.0,44318586.0,15:35:45,2026-09-23
sz002881,美格智能,46.25,-1.65,-3.445,46.23,46.25,47.9,47.51,48.17,46.15,8750002.0,409825921.0,15:36:00,2026-09-23
sz002882,金龙羽,22.06,-0.44,-1.956,22.05,22.06,22.5,22.5,22.54,21.86,7676200.0,169298206.0,15:35:15,2026-09-23
sz002883,*ST中设,9.22,0.01,0.109,9.22,9.25,9.21,9.21,9.28,9.18,395100.0,3645904.0,15:35:30,2026-09-23
sz002884,凌霄泵业,15.45,-0.08,-0.515,15.45,15.47,15.53,15.54,15.55,15.45,1252400.0,19381872.0,15:35:45,2026-09-23
sz002885,京泉华,28.76,0.3,1.054,28.75,28.76,28.46,28.4,29.2,28.31,14709274.0,423585929.0,15:36:00,2026-09-23
sz002886,沃特股份,27.14,0.92,3.509,27.14,27.15,26.22,26.69,27.76,26.31,44018825.0,1194443048.0,15:35:15,2026-09-23
sz002887,绿茵生态,9.05,-0.01,-0.11,9.05,9.07,9.06,9.02,9.33,8.94,4326400.0,39130995.0,15:35:30,2026-09-23
sz002888,惠威科技,18.69,-0.26,-1.372,18.68,18.69,18.95,18.91,19.16,18.6,1837163.0,34449143.0,15:35:45,2026-09-23
sz002889,东方嘉盛,11.96,-0.1,-0.829,11.96,11.97,12.06,12.1,12.12,11.93,1354254.0,16257152.0,15:36:00,2026-09-23
sz002890,弘宇股份,15.35,-0.27,-1.729,15.35,15.36,15.62,15.53,15.62,15.16,1667300.0,25539512.0,15:35:15,2026-09-23
sz002891,中宠股份,28.43,-1.19,-4.018,28.43,28.44,29.62,29.62,29.62,28.37,6393702.0,184654495.0,15:35:30,2026-09-23
sz002892,科力尔,8.63,-0.05,-0.576,8.62,8.63,8.68,8.69,8.7,8.54,4265032.0,36680402.0,15:35:45,2026-09-23
sz002893,京能热力,10.25,-0.01,-0.097,10.24,10.25,10.26,10.25,10.36,10.12,7578400.0,77295392.0,15:36:00,2026-09-23
sz002895,川恒股份,30.89,0.08,0.26,30.89,30.9,30.81,30.75,31.0,30.7,2606716.0,80423073.0,15:35:15,2026-09-23
sz002896,中大力德,60.74,-0.51,-0.833,60.74,60.75,61.25,61.25,61.3,60.45,3336410.0,202810815.0,15:35:30,2026-09-23
sz002897,意华股份,67.85,-1.47,-2.121,67.84,67.85,69.32,69.32,70.88,67.7,10333186.0,708780425.0,15:35:45,2026-09-23
sz002899,英派斯,21.34,0.1,0.471,21.34,21.35,21.24,21.24,21.65,20.97,3502300.0,74575648.0,15:36:00,2026-09-23
sz002900,哈三联,12.84,-0.22,-1.685,12.83,12.84,13.06,12.97,13.34,12.8,23805200.0,309313681.0,15:35:15,2026-09-23
sz002901,大博医疗,41.72,1.15,2.835,41.71,41.72,40.57,40.4,41.87,40.04,1890460.0,77463292.0,15:35:30,2026-09-23
sz002902,铭普光磁,28.83,-0.35,-1.199,28.82,28.83,29.18,29.01,29.47,28.56,20785706.0,599884318.0,15:35:45,2026-09-23
sz002903,宇环数控,30.67,-0.43,-1.383,30.67,30.68,31.1,31.26,31.26,30.56,6127550.0,189036706.0,15:36:00,2026-09-23
sz002905,金逸影视,8.94,-0.06,-0.667,8.93,8.94,9.0,8.92,9.09,8.84,5785700.0,51625407.0,15:35:15,2026-09-23
sz002906,华阳集团,27.78,-0.19,-0.679,27.77,27.78,27.97,27.96,28.08,27.55,5474400.0,152203057.0,15:35:30,2026-09-23
sz002907,华森制药,14.71,-0.39,-2.583,14.71,14.72,15.1,14.98,15.09,14.69,13055114.0,193902903.0,15:35:45,2026-09-23
sz002908,德生科技,7.02,-0.11,-1.543,7.02,7.03,7.13,7.12,7.15,7.02,3360458.0,23710415.0,15:36:00,2026-09-23
sz002909,集泰股份,7.54,0.69,10.073,7.54,0.0,6.85,6.85,7.54,6.69,74133721.0,534931873.0,15:35:15,2026-09-23
sz002910,庄园牧场,10.03,-0.15,-1.473,10.03,10.04,10.18,10.18,10.3,9.96,4569301.0,45929642.0,15:35:30,2026-09-23
sz002911,佛燃能源,11.06,-0.21,-1.863,11.06,11.09,11.27,11.25,11.26,11.03,4202445.0,46668602.0,15:35:45,2026-09-23
sz002912,中新赛克,25.41,-0.97,-3.677,25.41,25.42,26.38,26.25,26.45,25.08,24017295.0,613572234.0,15:36:00,2026-09-23
sz002913,奥士康,90.86,2.74,3.109,90.86,90.88,88.12,88.32,91.82,85.77,15992055.0,1417638343.0,15:35:15,2026-09-23
sz002915,中欣氟材,17.05,-0.23,-1.331,17.05,17.06,17.28,17.28,17.29,17.0,4458431.0,76066037.0,15:35:30,2026-09-23
sz002916,深南电路,414.77,14.77,3.692,414.77,414.8,400.0,399.02,424.04,398.03,10866549.0,4521225433.0,15:35:45,2026-09-23
sz002917,金奥博,10.23,-0.16,-1.54,10.21,10.23,10.39,10.38,10.38,10.17,2420900.0,24827952.0,15:36:00,2026-09-23
sz002918,蒙娜丽莎,10.86,-0.47,-4.148,10.86,10.87,11.33,11.35,11.54,10.83,23805514.0,265482086.0,15:35:15,2026-09-23
sz002919,名臣健康,16.49,-0.48,-2.829,16.49,16.51,16.97,17.07,17.07,16.47,3249400.0,54140607.0,15:35:30,2026-09-23
sz002920,德赛西威,83.51,-1.2,-1.417,83.51,83.54,84.71,84.5,84.5,83.07,3463098.0,289245795.0,15:35:45,2026-09-23
sz002921,联诚精密,21.25,0.43,2.065,21.25,21.26,20.82,20.77,21.4,20.71,3953210.0,83336488.0,15:36:00,2026-09-23
sz002922,伊戈尔,23.44,-0.3,-1.264,23.43,23.44,23.74,23.75,23.97,23.38,9610735.0,226308878.0,15:35:15,2026-09-23
sz002923,润都股份,11.06,-0.18,-1.601,11.05,11.06,11.24,11.28,11.28,11.03,4881500.0,54247701.0,15:35:30,2026-09-23
sz002925,盈趣科技,24.58,-0.4,-1.601,24.57,24.58,24.98,24.83,25.13,24.51,9566051.0,236662890.0,15:35:45,2026-09-23
sz002926,华西证券,8.35,-0.08,-0.949,8.35,8.36,8.43,8.43,8.46,8.35,11474800.0,96318492.0,15:36:00,2026-09-23
sz002927,泰永长征,19.33,-0.62,-3.108,19.33,19.34,19.95,19.97,20.19,19.15,15133392.0,294536620.0,15:35:15,2026-09-23
sz002928,华夏航空,6.5,0.07,1.089,6.49,6.5,6.43,6.53,6.58,6.46,26885725.0,175143458.0,15:35:30,2026-09-23
sz002929,润建股份,51.96,-1.41,-2.642,51.96,51.97,53.37,52.93,53.28,51.86,6618500.0,345823865.0,15:35:45,2026-09-23
sz002930,宏川智慧,9.1,-0.1,-1.087,9.1,9.11,9.2,9.18,9.19,9.08,3610999.0,32926140.0,15:36:00,2026-09-23
sz002931,锋龙股份,40.85,-0.55,-1.329,40.85,40.86,41.4,41.4,41.45,40.73,3060716.0,125363672.0,15:35:15,2026-09-23
sz002932,*ST明德,15.35,-0.1,-0.647,15.35,15.37,15.45,15.35,15.45,15.3,568055.0,8718100.0,15:35:30,2026-09-23
sz002933,新兴装备,27.81,0.01,0.036,27.81,27.83,27.8,27.68,27.98,27.47,1285100.0,35650842.0,15:35:45,2026-09-23
sz002935,天奥电子,17.52,1.59,9.981,17.52,0.0,15.93,16.0,17.52,15.81,14710281.0,248098720.0,15:36:00,2026-09-23
sz002936,郑州银行,1.74,0.0,0.0,1.74,1.75,1.74,1.74,1.76,1.73,90128182.0,157270255.0,15:35:15,2026-09-23
sz002937,兴瑞科技,30.13,2.74,10.004,30.13,0.0,27.39,27.28,30.13,26.73,28747716.0,817647792.0,15:35:30,2026-09-23
sz002938,鹏鼎控股,88.19,-1.06,-1.188,88.19,88.2,89.25,88.56,91.48,87.85,19199889.0,1715885307.0,15:35:45,2026-09-23
sz002939,长城证券,7.87,-0.04,-0.506,7.87,7.88,7.91,7.91,7.91,7.86,9381807.0,73904092.0,15:36:00,2026-09-23
sz002940,昂利康,23.28,-0.32,-1.356,23.28,23.29,23.6,23.6,23.69,23.28,4453300.0,104366906.0,15:35:15,2026-09-23
sz002941,新疆交建,10.44,-0.14,-1.323,10.43,10.44,10.58,10.57,10.74,10.43,7839400.0,82647644.0,15:35:30,2026-09-23
sz002942,新农股份,16.93,-0.1,-0.587,16.92,16.93,17.03,17.0,17.01,16.75,3251270.0,54877751.0,15:35:45,2026-09-23
sz002943,宇晶股份,31.58,0.38,1.218,31.58,31.59,31.2,31.22,31.98,30.94,8823774.0,278850590.0,15:36:00,2026-09-23
sz002945,华林证券,14.77,-0.32,-2.121,14.76,14.77,15.09,14.99,15.11,14.71,15700965.0,233382391.0,15:35:15,2026-09-23
sz002946,新乳业,14.45,-0.03,-0.207,14.45,14.47,14.48,14.51,14.62,14.37,2865629.0,41497395.0,15:35:30,2026-09-23
sz002947,恒铭达,65.77,-0.71,-1.068,65.76,65.77,66.48,66.48,67.0,65.02,5421874.0,357022137.0,15:35:45,2026-09-23
sz002948,青岛银行,6.02,-0.03,-0.496,6.02,6.03,6.05,6.03,6.06,5.99,20708880.0,124665675.0,15:36:00,2026-09-23
sz002949,华阳国际,13.03,-0.11,-0.837,13.03,13.07,13.14,13.12,13.41,12.87,5988900.0,78442762.0,15:35:15,2026-09-23
sz002950,奥美医疗,8.64,0.01,0.116,8.63,8.64,8.63,8.62,8.72,8.55,4115700.0,35558996.0,15:35:30,2026-09-23
sz002951,金时科技,16.83,0.58,3.569,16.83,16.84,16.25,16.24,17.48,16.2,13218181.0,221773556.0,15:35:45,2026-09-23
sz002952,亚世光电,19.63,-0.22,-1.108,19.63,19.64,19.85,19.76,20.2,19.62,3949600.0,78231166.0,15:36:00,2026-09-23
sz002953,日丰股份,10.35,-0.31,-2.908,10.35,10.36,10.66,10.73,10.73,10.34,6872325.0,71527291.0,15:35:15,2026-09-23
sz002955,鸿合科技,37.41,-1.07,-2.781,37.41,37.42,38.48,38.38,38.48,36.68,7029020.0,262563925.0,15:35:30,2026-09-23
sz002956,西麦食品,17.67,-0.09,-0.507,17.67,17.68,17.76,18.02,18.02,17.5,5180325.0,91578663.0,15:35:45,2026-09-23
sz002957,科瑞技术,43.88,-1.55,-3.412,43.88,43.89,45.43,44.3,45.38,42.7,37276259.0,1634859358.0,15:36:00,2026-09-23
sz002958,青农商行,2.9,-0.03,-1.024,2.9,2.91,2.93,2.93,2.94,2.9,57173400.0,166611425.0,15:35:15,2026-09-23
sz002959,小熊电器,31.7,-0.34,-1.061,31.68,31.74,32.04,32.18,32.18,31.66,540900.0,17215577.0,15:35:30,2026-09-23
sz002960,青鸟智控,8.94,0.08,0.903,8.93,8.94,8.86,8.82,8.97,8.8,9067924.0,80899583.0,15:35:45,2026-09-23
sz002961,瑞达期货,13.73,-0.36,-2.555,13.73,13.75,14.09,14.0,14.07,13.71,13724140.0,189810893.0,15:36:00,2026-09-23
sz002962,五方光电,13.71,0.07,0.513,13.7,13.71,13.64,13.59,13.91,13.59,7532100.0,103615936.0,15:35:15,2026-09-23
sz002963,豪尔赛,23.9,0.36,1.529,23.9,23.91,23.54,23.71,24.25,22.7,9847802.0,230577047.0,15:35:30,2026-09-23
sz002965,祥鑫科技,32.37,-0.45,-1.371,32.37,32.46,32.82,32.89,33.12,32.32,12611176.0,410839515.0,15:35:45,2026-09-23
sz002966,苏州银行,9.09,-0.02,-0.22,9.09,9.11,9.11,9.08,9.15,9.05,19883225.0,180832133.0,15:36:00,2026-09-23
sz002967,广电计量,17.56,0.49,2.871,17.55,17.56,17.07,17.07,17.65,17.02,5225470.0,90997405.0,15:35:15,2026-09-23
sz002968,新大正,9.99,0.29,2.99,9.99,10.0,9.7,9.7,10.38,9.68,8959185.0,89600374.0,15:35:30,2026-09-23
sz002969,嘉美包装,11.18,-0.11,-0.974,11.18,11.19,11.29,11.28,11.33,11.15,15780769.0,176907137.0,15:35:45,2026-09-23
sz002970,锐明技术,43.93,-1.15,-2.551,43.93,43.94,45.08,44.98,44.99,43.63,3549600.0,156255088.0,15:36:00,2026-09-23
sz002971,和远气体,41.78,1.44,3.57,41.78,41.79,40.34,42.56,44.36,41.51,31444821.0,1346896299.0,15:35:15,2026-09-23
sz002972,科安达,13.43,-0.07,-0.519,13.43,13.44,13.5,13.49,13.76,13.15,8073420.0,108068687.0,15:35:30,2026-09-23
sz002973,侨银股份,12.86,0.26,2.063,12.85,12.86,12.6,12.5,13.0,12.44,8661900.0,110735149.0,15:35:45,2026-09-23
sz002975,博杰股份,110.57,3.07,2.856,110.57,110.58,107.5,108.38,113.02,106.6,12391170.0,1361025184.0,15:36:00,2026-09-23
sz002976,瑞玛精密,25.64,-0.99,-3.718,25.64,25.69,26.63,26.53,26.6,24.09,21393408.0,540327828.0,15:35:15,2026-09-23
sz002977,*ST天箭,19.57,-0.72,-3.549,19.56,19.57,20.29,18.88,20.09,18.88,2015195.0,39120723.0,15:35:30,2026-09-23
sz002978,安宁股份,25.23,0.03,0.119,25.23,25.24,25.2,25.27,25.4,25.12,1091931.0,27564917.0,15:35:45,2026-09-23
sz002979,雷赛智能,54.14,0.08,0.148,54.14,54.15,54.06,54.55,54.55,53.6,3381899.0,183024850.0,15:36:00,2026-09-23
sz002980,华盛昌,116.05,2.95,2.608,116.05,116.06,113.1,115.36,118.6,112.08,12328400.0,1422203476.0,15:35:15,2026-09-23
sz002981,朝阳科技,24.63,-0.74,-2.917,24.61,24.63,25.37,25.0,25.35,23.2,9256177.0,224413987.0,15:35:30,2026-09-23
sz002982,湘佳股份,12.55,-0.03,-0.238,12.55,12.57,12.58,13.0,13.12,12.52,4587700.0,58164717.0,15:35:45,2026-09-23
sz002983,芯瑞达,22.66,0.02,0.088,22.66,22.67,22.64,23.01,23.01,22.52,1604922.0,36440311.0,15:36:00,2026-09-23
sz002984,森麒麟,13.06,-0.06,-0.457,13.06,13.07,13.12,13.16,13.17,13.02,4616355.0,60355427.0,15:35:15,2026-09-23
sz002985,北摩高科,27.87,-0.13,-0.464,27.87,27.88,28.0,28.02,28.13,27.76,2896597.0,80989939.0,15:35:30,2026-09-23
sz002986,宇新股份,13.21,0.03,0.228,13.21,13.22,13.18,13.2,13.33,13.06,3653500.0,48305269.0,15:35:45,2026-09-23
sz002987,京北方,10.77,-0.37,-3.321,10.77,10.78,11.14,11.16,11.19,10.76,10508877.0,114222227.0,15:36:00,2026-09-23
sz002988,豪美新材,31.61,-0.05,-0.158,31.61,31.62,31.66,31.63,31.88,31.11,3437900.0,108451255.0,15:35:15,2026-09-23
sz002989,中天精装,27.96,2.54,9.992,27.96,0.0,25.42,25.51,27.96,25.33,20081860.0,540513063.0,15:35:30,2026-09-23
sz002990,盛视科技,54.56,1.44,2.711,54.55,54.56,53.12,52.99,55.36,52.0,14599300.0,791964738.0,15:35:45,2026-09-23
sz002991,甘源食品,37.5,-0.15,-0.398,37.5,37.54,37.65,37.6,37.78,37.21,586605.0,21958289.0,15:36:00,2026-09-23
sz002992,宝明科技,35.14,1.03,3.02,35.13,35.14,34.11,34.22,35.59,34.0,3164950.0,110273548.0,15:35:15,2026-09-23
sz002993,奥海科技,35.47,-0.58,-1.609,35.47,35.48,36.05,36.0,36.21,35.4,3786960.0,135330228.0,15:35:30,2026-09-23
sz002995,天地在线,17.34,-0.54,-3.02,17.34,17.35,17.88,17.93,17.96,17.34,7720840.0,135158483.0,15:35:45,2026-09-23
sz002996,顺博合金,5.94,-0.04,-0.669,5.94,5.95,5.98,5.98,6.0,5.93,4242780.0,25291545.0,15:36:00,2026-09-23
sz002997,瑞鹄模具,26.32,-0.4,-1.497,26.32,26.33,26.72,26.72,26.75,26.3,2014224.0,53144331.0,15:35:15,2026-09-23
sz002998,优彩资源,8.13,0.06,0.743,8.12,8.13,8.07,8.08,8.15,7.95,9213400.0,74378830.0,15:35:30,2026-09-23
sz002999,天禾股份,6.39,-0.15,-2.294,6.38,6.39,6.54,6.54,6.55,6.37,11339700.0,73047119.0,15:35:45,2026-09-23
sz003000,劲仔食品,9.44,-0.05,-0.527,9.44,9.45,9.49,9.52,9.58,9.43,2787958.0,26492777.0,15:36:00,2026-09-23
sz003001,中岩大地,21.5,0.42,1.992,21.49,21.5,21.08,21.37,21.76,20.81,17856167.0,379286167.0,15:35:15,2026-09-23
sz003002,壶化股份,15.83,-0.78,-4.696,15.82,15.83,16.61,16.59,16.59,15.8,8082600.0,129653354.0,15:35:30,2026-09-23
sz003003,天元股份,10.93,-0.03,-0.274,10.93,10.95,10.96,11.01,11.07,10.85,2621900.0,28726080.0,15:35:45,2026-09-23
sz003004,声迅股份,60.62,1.52,2.572,60.62,60.63,59.1,59.39,61.51,57.87,2201976.0,131547861.0,15:36:00,2026-09-23
sz003005,竞业达,14.87,-0.78,-4.984,14.86,14.87,15.65,15.5,15.5,14.7,18399484.0,274932769.0,15:35:15,2026-09-23
sz003006,百亚股份,21.59,-0.41,-1.864,21.59,21.6,22.0,22.13,22.37,20.91,43132730.0,928586401.0,15:35:30,2026-09-23
sz003007,直真科技,40.78,-0.65,-1.569,40.78,40.83,41.43,41.31,41.31,40.56,1267460.0,51795272.0,15:35:45,2026-09-23
sz003008,开普检测,19.94,0.26,1.321,19.94,20.0,19.68,19.68,20.05,19.5,951710.0,18876563.0,15:35:00,2026-09-23
sz003009,中天火箭,46.7,-1.03,-2.158,46.7,46.71,47.73,47.52,47.76,46.59,2242334.0,105092303.0,15:35:15,2026-09-23
sz003010,若羽臣,27.89,-0.57,-2.003,27.89,27.9,28.46,28.3,28.43,27.73,5521879.0,154697708.0,15:35:30,2026-09-23
sz003011,海象新材,20.78,0.96,4.844,20.77,20.78,19.82,19.82,20.99,19.6,4554600.0,93600866.0,15:35:45,2026-09-23
sz003012,东鹏控股,4.68,0.02,0.429,4.68,4.69,4.66,4.66,4.8,4.64,12141700.0,57381324.0,15:35:00,2026-09-23
sz003013,地铁设计,16.2,-0.64,-3.8,16.19,16.2,16.84,16.48,16.55,16.18,6843495.0,111491102.0,15:35:15,2026-09-23
sz003015,日久光电,12.58,0.01,0.08,12.57,12.58,12.57,12.57,12.65,12.43,2726700.0,34181835.0,15:35:30,2026-09-23
sz003016,欣贺股份,7.5,0.01,0.134,7.5,7.51,7.49,7.5,7.59,7.44,3273600.0,24526077.0,15:35:45,2026-09-23
sz003017,大洋生物,23.0,-0.02,-0.087,22.99,23.0,23.02,23.06,23.06,22.8,1264596.0,29038104.0,15:35:00,2026-09-23
sz003018,金富科技,49.27,-0.61,-1.223,49.27,49.28,49.88,48.0,50.73,48.0,9934185.0,493483027.0,15:35:15,2026-09-23
sz003019,宸展光电,27.9,-0.34,-1.204,27.9,27.92,28.24,28.1,28.42,27.83,2231333.0,62616759.0,15:35:30,2026-09-23
sz003020,立方制药,17.75,0.18,1.024,17.72,17.75,17.57,17.49,17.8,17.32,4948331.0,87184842.0,15:35:45,2026-09-23
sz003021,兆威机电,70.75,-1.35,-1.872,70.75,70.77,72.1,71.51,71.9,70.51,2408410.0,171163798.0,15:35:00,2026-09-23
sz003022,联泓新科,19.47,0.06,0.309,19.46,19.47,19.41,19.41,19.59,19.22,5689300.0,110390373.0,15:35:15,2026-09-23
sz003023,彩虹集团,26.09,0.12,0.462,26.09,26.11,25.97,25.8,26.89,25.63,2046100.0,53879990.0,15:35:30,2026-09-23
sz003025,思进智能,12.41,0.18,1.472,12.41,12.42,12.23,12.28,12.46,12.17,3391900.0,41906291.0,15:35:45,2026-09-23
sz003026,中晶科技,36.0,0.34,0.953,35.99,36.0,35.66,35.82,36.48,34.24,33921994.0,1199464610.0,15:35:00,2026-09-23
sz003027,同兴科技,16.53,-0.05,-0.302,16.51,16.53,16.58,16.5,16.57,16.34,969200.0,15960993.0,15:35:15,2026-09-23
sz003028,振邦智能,23.86,0.01,0.042,23.85,23.86,23.85,23.86,24.05,23.58,828000.0,19731919.0,15:35:30,2026-09-23
sz003029,吉大正元,17.48,-0.57,-3.158,17.48,17.49,18.05,18.11,18.31,17.33,9046500.0,159414346.0,15:35:45,2026-09-23
sz003030,祖名股份,27.27,-0.29,-1.052,27.27,27.28,27.56,27.33,27.74,27.08,3447383.0,94478097.0,15:35:00,2026-09-23
sz003031,中瓷电子,134.6,0.94,0.703,134.58,134.6,133.66,133.59,136.7,131.37,8396502.0,1125594024.0,15:35:15,2026-09-23
sz003032,传智教育,9.26,-0.7,-7.028,9.26,9.27,9.96,10.45,10.8,9.12,80784100.0,777909299.0,15:35:30,2026-09-23
sz003033,征和工业,95.38,6.08,6.809,95.38,95.4,89.3,89.32,97.88,89.32,3862050.0,367447402.0,15:35:45,2026-09-23
sz003035,南网能源,5.34,-0.14,-2.555,5.34,5.35,5.48,5.48,5.48,5.33,27636214.0,148553390.0,15:35:00,2026-09-23
sz003036,泰坦股份,58.8,4.08,7.456,58.77,58.8,54.72,55.24,60.19,54.62,17149578.0,999314965.0,15:35:15,2026-09-23
sz003037,三和管桩,5.84,0.03,0.516,5.84,5.85,5.81,5.78,5.93,5.76,4954366.0,29032431.0,15:35:30,2026-09-23
sz003038,鑫铂股份,10.71,-0.17,-1.563,10.71,10.72,10.88,10.9,10.95,10.67,2732948.0,29450832.0,15:35:45,2026-09-23
sz003039,顺控发展,12.66,-0.15,-1.171,12.66,12.67,12.81,12.81,12.88,12.63,4915800.0,62586811.0,15:35:00,2026-09-23
sz003040,楚天龙,15.91,-1.77,-10.011,0.0,15.91,17.68,17.1,17.11,15.91,67807959.0,1102452673.0,15:35:15,2026-09-23
sz003041,真爱美家,42.79,-1.17,-2.662,42.79,42.8,43.96,43.6,44.3,42.27,3068400.0,132094229.0,15:35:30,2026-09-23
sz003042,中农联合,14.3,-0.22,-1.515,14.28,14.3,14.52,14.44,14.49,14.16,1812100.0,25912482.0,15:35:45,2026-09-23
sz003043,华亚智能,64.82,0.97,1.519,64.82,64.83,63.85,64.4,65.16,63.39,3704505.0,238961502.0,15:35:00,2026-09-23
sz003816,中国广核,4.18,-0.02,-0.476,4.17,4.18,4.2,4.19,4.21,4.16,62532600.0,261641588.0,15:35:15,2026-09-23
sz300001,特锐德,35.51,1.12,3.257,35.51,35.52,34.39,34.58,35.97,34.22,27483229.0,973732995.0,15:35:15,2026-09-23
sz300002,神州泰岳,8.05,-0.21,-2.542,8.05,8.06,8.26,8.23,8.29,8.02,30499958.0,248869265.0,15:35:30,2026-09-23
sz300003,乐普医疗,11.58,-0.03,-0.258,11.58,11.59,11.61,11.63,11.66,11.55,8803800.0,102218430.0,15:35:45,2026-09-23
sz300004,南风股份,7.97,-0.16,-1.968,7.97,7.98,8.13,8.1,8.11,7.94,10341500.0,82651146.0,15:35:00,2026-09-23
sz300005,探路者,10.88,-0.21,-1.894,10.88,10.89,11.09,11.1,11.12,10.8,28124184.0,307484702.0,15:35:15,2026-09-23
sz300006,莱美药业,5.62,0.06,1.079,5.62,5.63,5.56,5.52,5.69,5.47,28321324.0,158010496.0,15:35:30,2026-09-23
sz300007,汉威科技,31.78,-0.86,-2.635,31.78,31.79,32.64,32.59,32.59,31.33,11272629.0,357815512.0,15:35:45,2026-09-23
sz300008,天海防务,6.29,-0.18,-2.782,6.29,6.3,6.47,6.47,6.48,6.28,50049027.0,316709072.0,15:35:00,2026-09-23
sz300009,安科生物,8.46,-0.06,-0.704,8.46,8.47,8.52,8.54,8.63,8.45,34314611.0,293088785.0,15:35:15,2026-09-23
sz300010,ST豆神,5.27,-0.05,-0.94,5.26,5.27,5.32,5.28,5.48,5.11,100597333.0,531702438.0,15:35:30,2026-09-23
sz300011,鼎汉技术,5.88,-0.01,-0.17,5.88,5.89,5.89,5.91,5.98,5.8,5455235.0,32127200.0,15:35:45,2026-09-23
sz300012,华测检测,14.85,0.12,0.815,14.85,14.86,14.73,14.71,14.95,14.65,20306045.0,301383079.0,15:35:00,2026-09-23
sz300013,新宁物流,4.33,-0.05,-1.142,4.32,4.33,4.38,4.38,4.42,4.31,13056850.0,56813848.0,15:35:15,2026-09-23
sz300014,亿纬锂能,50.03,-0.52,-1.029,50.03,50.04,50.55,50.32,50.58,49.8,18891959.0,945657096.0,15:35:30,2026-09-23
sz300015,爱尔眼科,8.01,-0.06,-0.743,8.01,8.02,8.07,8.07,8.12,8.01,36521481.0,294304527.0,15:35:45,2026-09-23
sz300016,北陆药业,10.29,0.83,8.774,10.29,10.3,9.46,9.46,10.43,9.3,88416312.0,876196435.0,15:35:00,2026-09-23
sz300017,网宿科技,15.32,-0.6,-3.769,15.31,15.32,15.92,15.91,15.93,15.28,105669798.0,1632046072.0,15:35:15,2026-09-23
sz300018,中元股份,12.02,0.03,0.25,12.02,12.03,11.99,12.01,12.08,11.9,5950102.0,71405607.0,15:35:30,2026-09-23
sz300019,硅宝科技,14.39,0.1,0.7,14.39,14.4,14.29,14.22,14.45,14.2,2879500.0,41333101.0,15:35:45,2026-09-23
sz300020,ST银江,3.8,-0.05,-1.299,3.8,3.81,3.85,3.84,3.9,3.8,8959908.0,34396455.0,15:35:00,2026-09-23
sz300021,大禹节水,3.87,-0.06,-1.527,3.86,3.87,3.93,3.91,3.93,3.85,13116491.0,50814502.0,15:35:15,2026-09-23
sz300022,吉峰科技,7.92,-0.02,-0.252,7.92,7.93,7.94,7.94,7.95,7.82,5538692.0,43665418.0,15:35:30,2026-09-23
sz300024,机器人,13.22,-0.03,-0.226,13.22,13.23,13.25,13.25,13.29,13.1,14877775.0,196509510.0,15:35:45,2026-09-23
sz300025,华星创业,5.88,-0.08,-1.342,5.87,5.88,5.96,5.97,5.97,5.77,12618700.0,73958050.0,15:35:00,2026-09-23
sz300026,红日药业,3.25,-0.09,-2.695,3.25,3.26,3.34,3.33,3.34,3.25,42118000.0,138543446.0,15:35:15,2026-09-23
sz300027,ST华谊,1.68,-0.04,-2.326,1.68,1.69,1.72,1.71,1.72,1.68,51147020.0,86849772.0,15:35:30,2026-09-23
sz300030,阳普医疗,6.81,-0.11,-1.59,6.81,6.83,6.92,6.94,6.95,6.77,5117000.0,34987849.0,15:35:45,2026-09-23
sz300031,宝通科技,21.63,0.26,1.217,21.63,21.64,21.37,21.31,21.85,21.22,9832174.0,212442359.0,15:35:00,2026-09-23
sz300032,金龙机电,3.84,-0.08,-2.041,3.83,3.84,3.92,3.91,3.94,3.83,8995600.0,34823587.0,15:35:15,2026-09-23
sz300033,同花顺,208.64,-1.53,-0.728,208.64,208.65,210.17,211.0,211.63,207.8,5201204.0,1086653771.0,15:35:30,2026-09-23
sz300034,钢研高纳,15.92,-0.13,-0.81,15.91,15.92,16.05,16.02,16.07,15.78,6591742.0,104893315.0,15:35:45,2026-09-23
sz300035,中科电气,12.55,0.0,0.0,12.55,12.56,12.55,12.55,12.75,12.52,7356500.0,92616835.0,15:35:00,2026-09-23
sz300036,超图软件,10.22,-0.18,-1.731,10.22,10.23,10.4,10.35,10.39,10.2,5474100.0,56139433.0,15:35:15,2026-09-23
sz300037,新宙邦,72.37,1.62,2.29,72.36,72.37,70.75,70.73,72.7,70.5,8521731.0,612425306.0,15:35:30,2026-09-23
sz300039,上海凯宝,5.2,-0.1,-1.887,5.2,5.21,5.3,5.29,5.32,5.18,21123101.0,110554832.0,15:35:45,2026-09-23
sz300040,九洲集团,5.66,-0.18,-3.082,5.65,5.66,5.84,5.83,5.83,5.65,25309800.0,144077193.0,15:35:00,2026-09-23
sz300041,回天新材,11.42,0.29,2.606,11.42,11.43,11.13,11.13,11.44,11.11,22568284.0,255408271.0,15:35:15,2026-09-23
sz300042,朗科科技,40.64,0.55,1.372,40.63,40.64,40.09,40.44,40.86,40.06,9082598.0,367975705.0,15:35:30,2026-09-23
sz300043,星辉娱乐,4.37,-0.14,-3.104,4.36,4.37,4.51,4.5,4.54,4.36,25480800.0,112480730.0,15:35:45,2026-09-23
sz300044,*ST赛为,6.13,-0.11,-1.763,6.13,6.14,6.24,6.2,6.21,6.12,12175689.0,74944240.0,15:35:00,2026-09-23
sz300045,华力创通,11.8,-0.26,-2.156,11.79,11.8,12.06,12.0,12.1,11.73,12383581.0,146435442.0,15:35:15,2026-09-23
sz300046,台基股份,25.14,0.19,0.762,25.13,25.14,24.95,25.0,25.27,24.71,4582800.0,114736833.0,15:35:30,2026-09-23
sz300047,天源迪科,9.27,-0.05,-0.536,9.27,9.28,9.32,9.39,9.42,9.22,16213358.0,150808670.0,15:35:45,2026-09-23
sz300048,合康新能,4.77,-0.1,-2.053,4.77,4.78,4.87,4.87,4.87,4.77,7877150.0,37755333.0,15:35:00,2026-09-23
sz300049,福瑞医科,49.6,0.88,1.806,49.6,49.61,48.72,48.22,50.52,48.22,5821919.0,289109490.0,15:35:15,2026-09-23
sz300050,世纪鼎利,7.58,0.06,0.798,7.57,7.58,7.52,7.5,7.8,7.4,36822816.0,279804672.0,15:35:30,2026-09-23
sz300051,琏升科技,8.26,-0.12,-1.432,8.25,8.26,8.38,8.37,8.42,8.13,15125200.0,124079840.0,15:35:45,2026-09-23
sz300052,中青宝,10.25,-0.35,-3.302,10.24,10.25,10.6,10.57,10.59,10.22,8901303.0,91892022.0,15:35:00,2026-09-23
sz300053,航宇微,12.24,-0.12,-0.971,12.23,12.24,12.36,12.32,12.42,12.17,10415112.0,127766304.0,15:35:15,2026-09-23
sz300054,鼎龙股份,71.13,0.06,0.084,71.12,71.13,71.07,71.8,72.18,70.82,12426695.0,886216377.0,15:35:30,2026-09-23
sz300055,万邦达,5.82,-0.11,-1.855,5.82,5.83,5.93,5.93,5.94,5.81,9881100.0,57894708.0,15:35:45,2026-09-23
sz300056,中创环保,7.81,0.08,1.035,7.8,7.81,7.73,7.68,8.05,7.64,24860500.0,196197904.0,15:35:00,2026-09-23
sz300057,万顺新材,6.62,0.01,0.151,6.62,6.63,6.61,6.6,6.68,6.56,19195097.0,127345757.0,15:35:15,2026-09-23
sz300058,蓝色光标,13.52,-0.53,-3.772,13.52,13.53,14.05,13.81,13.99,13.51,253027231.0,3454396893.0,15:35:30,2026-09-23
sz300059,东方财富,18.65,-0.12,-0.639,18.65,18.66,18.77,18.69,18.76,18.6,105666310.0,1972095177.0,15:35:45,2026-09-23
sz300061,旗天科技,7.0,-0.1,-1.408,6.99,7.0,7.1,7.02,7.17,6.77,47476188.0,328499981.0,15:35:00,2026-09-23
sz300062,中能电气,6.09,-0.26,-4.094,6.09,6.1,6.35,6.38,6.38,6.09,18995076.0,117748063.0,15:35:15,2026-09-23
sz300063,天龙集团,8.6,-0.45,-4.972,8.6,8.61,9.05,8.93,8.96,8.6,37707795.0,328512478.0,15:35:30,2026-09-23
sz300065,海兰信,15.32,-0.51,-3.222,15.32,15.33,15.83,15.84,15.88,15.31,23235340.0,358387091.0,15:35:45,2026-09-23
sz300066,三川智慧,4.74,-0.02,-0.42,4.73,4.74,4.76,4.76,4.78,4.66,9970300.0,47026818.0,15:35:00,2026-09-23
sz300067,安诺其,5.33,-0.19,-3.442,5.33,5.34,5.52,5.48,5.51,5.32,27524552.0,148233589.0,15:35:15,2026-09-23
sz300068,ST南都,4.15,-0.13,-3.037,4.15,4.16,4.28,4.27,4.3,4.14,37011300.0,155478737.0,15:35:30,2026-09-23
sz300069,金利华电,24.82,-0.76,-2.971,24.82,24.83,25.58,25.54,25.54,24.51,4862800.0,120803082.0,15:35:45,2026-09-23
sz300070,碧水源,3.42,0.01,0.293,3.42,3.43,3.41,3.4,3.47,3.39,33203007.0,113945085.0,15:35:00,2026-09-23
sz300071,福石控股,4.09,-0.24,-5.543,4.09,4.1,4.33,4.27,4.27,4.09,59901000.0,248575850.0,15:35:15,2026-09-23
sz300072,海新能科,3.48,-0.13,-3.601,3.48,3.49,3.61,3.58,3.6,3.48,19639282.0,68991502.0,15:35:30,2026-09-23
sz300073,当升科技,38.21,-0.22,-0.572,38.21,38.22,38.43,38.27,38.5,38.13,5433312.0,207990424.0,15:35:45,2026-09-23
sz300074,华平股份,3.82,-0.14,-3.535,3.82,3.83,3.96,3.93,3.96,3.79,21483103.0,82750243.0,15:35:00,2026-09-23
sz300075,数字政通,10.33,-0.21,-1.992,10.33,10.35,10.54,10.56,10.56,10.32,6245466.0,64797607.0,15:35:15,2026-09-23
sz300076,*ST宁视,4.27,-0.06,-1.386,4.27,4.28,4.33,4.31,4.32,4.23,2943200.0,12568465.0,15:35:30,2026-09-23
sz300077,国民技术,22.78,0.08,0.352,22.77,22.78,22.7,22.59,22.87,22.33,34285044.0,776680831.0,15:35:45,2026-09-23
sz300078,思创智联,2.69,-0.12,-4.27,2.69,2.7,2.81,2.81,2.82,2.68,31372012.0,85382904.0,15:35:00,2026-09-23
sz300079,数码视讯,4.82,-0.09,-1.833,4.81,4.82,4.91,4.89,4.9,4.76,21722040.0,104403068.0,15:35:15,2026-09-23
sz300080,易成新能,3.65,-0.07,-1.882,3.65,3.66,3.72,3.7,3.77,3.64,16730249.0,61748179.0,15:35:30,2026-09-23
sz300081,ST恒信,3.35,-0.11,-3.179,3.35,3.36,3.46,3.46,3.51,3.35,7003800.0,23996755.0,15:35:45,2026-09-23
sz300082,奥克股份,0.0,0.0,0.0,0.0,0.0,8.58,0.0,0.0,0.0,0.0,0.0,15:35:00,2026-09-23
sz300083,创世纪,12.5,0.08,0.644,12.5,12.51,12.42,12.47,12.65,12.31,40564177.0,507723090.0,15:35:15,2026-09-23
sz300084,海默科技,10.2,-0.3,-2.857,10.2,10.21,10.5,10.5,10.5,10.2,4847900.0,49955243.0,15:35:30,2026-09-23
sz300085,银之杰,31.28,-0.43,-1.356,31.28,31.29,31.71,31.73,31.82,31.14,21992598.0,691089737.0,15:35:45,2026-09-23
sz300086,康芝药业,5.49,-0.29,-5.017,5.48,5.49,5.78,5.75,5.76,5.48,43640817.0,242075297.0,15:35:00,2026-09-23
sz300087,ST荃银,5.62,-0.1,-1.748,5.62,5.63,5.72,5.7,5.74,5.61,7985140.0,45123138.0,15:35:15,2026-09-23
sz300088,长信科技,7.36,0.1,1.377,7.35,7.36,7.26,7.28,7.51,7.27,134412500.0,991134851.0,15:35:30,2026-09-23
sz300091,*ST金灵,2.41,-0.04,-1.633,2.41,2.42,2.45,2.44,2.45,2.41,4066064.0,9869296.0,15:35:45,2026-09-23
sz300092,科新机电,11.24,-0.08,-0.707,11.24,11.25,11.32,11.31,11.35,11.21,1728200.0,19460333.0,15:35:00,2026-09-23
sz300093,金刚光伏,21.72,0.01,0.046,21.72,21.73,21.71,21.65,22.1,21.51,3516700.0,76433091.0,15:35:15,2026-09-23
sz300094,国联水产,2.95,-0.08,-2.64,2.95,2.96,3.03,3.02,3.03,2.93,42562330.0,126331854.0,15:35:30,2026-09-23
sz300095,华伍股份,8.97,-0.04,-0.444,8.96,8.97,9.01,9.09,9.09,8.87,8317000.0,74489144.0,15:35:45,2026-09-23
sz300096,ST易联众,9.02,-0.19,-2.063,9.02,9.04,9.21,9.26,9.26,8.91,4050400.0,36541827.0,15:35:00,2026-09-23
sz300097,智云股份,10.75,-0.28,-2.539,10.74,10.75,11.03,11.11,11.21,10.69,17460433.0,190648203.0,15:35:15,2026-09-23
sz300098,高新兴,4.28,-0.12,-2.727,4.28,4.29,4.4,4.4,4.41,4.28,28993276.0,125135999.0,15:35:30,2026-09-23
sz300099,尤洛卡,6.46,0.13,2.054,6.45,6.46,6.33,6.29,6.5,6.2,19533914.0,124122051.0,15:35:45,2026-09-23
sz300100,双林股份,20.72,0.14,0.68,20.72,20.73,20.58,20.71,21.05,20.48,5556897.0,115736227.0,15:35:00,2026-09-23
sz300101,振芯科技,14.33,0.14,0.987,14.33,14.34,14.19,14.19,14.5,14.02,9065409.0,129283293.0,15:35:15,2026-09-23
sz300102,乾照光电,16.71,-0.25,-1.474,16.7,16.71,16.96,16.96,17.04,16.65,13437514.0,225431644.0,15:35:30,2026-09-23
sz300103,达刚控股,8.08,0.09,1.126,8.08,8.09,7.99,7.92,8.14,7.92,5290254.0,42539839.0,15:35:45,2026-09-23
sz300105,龙源技术,7.28,-0.07,-0.952,7.28,7.29,7.35,7.35,7.42,7.27,8875516.0,65228518.0,15:35:00,2026-09-23
sz300106,西部牧业,10.71,-0.25,-2.281,10.71,10.72,10.96,10.9,11.08,10.67,5696464.0,61262780.0,15:35:15,2026-09-23
sz300107,建新股份,6.7,-0.01,-0.149,6.69,6.7,6.71,6.68,6.73,6.63,4663461.0,31121362.0,15:35:30,2026-09-23
sz300109,新开源,13.28,-0.12,-0.896,13.28,13.29,13.4,13.38,13.38,13.15,8994375.0,119123457.0,15:35:45,2026-09-23
sz300110,华仁药业,3.65,-0.3,-7.595,3.64,3.65,3.95,3.89,3.98,3.54,309989049.0,1143568866.0,15:35:00,2026-09-23
sz300111,向日葵,2.99,-0.13,-4.167,2.99,3.0,3.12,3.11,3.12,2.98,37103900.0,112642057.0,15:35:15,2026-09-23
sz300112,万讯自控,11.85,0.22,1.892,11.85,11.86,11.63,11.42,12.15,11.09,49025339.0,569107725.0,15:35:30,2026-09-23
sz300113,顺网科技,16.76,-0.59,-3.401,16.76,16.77,17.35,17.09,17.2,16.74,21506174.0,362466972.0,15:35:45,2026-09-23
sz300115,长盈精密,23.96,-0.3,-1.237,23.95,23.96,24.26,24.28,24.32,23.94,14453125.0,347517177.0,15:35:00,2026-09-23
sz300118,东方日升,9.22,-0.01,-0.108,9.22,9.23,9.23,9.25,9.38,9.16,17190596.0,159243102.0,15:35:15,2026-09-23
sz300119,瑞普生物,17.14,-0.08,-0.465,17.14,17.22,17.22,17.19,17.29,17.05,3061000.0,52623153.0,15:35:30,2026-09-23
sz300120,经纬辉开,7.38,-0.15,-1.992,7.38,7.39,7.53,7.6,7.6,7.33,27107800.0,201218248.0,15:35:45,2026-09-23
sz300121,阳谷华泰,9.91,0.12,1.226,9.91,9.92,9.79,9.73,10.04,9.67,12699700.0,125426485.0,15:35:00,2026-09-23
sz300122,智飞生物,13.44,0.09,0.674,13.44,13.45,13.35,13.34,13.73,13.29,42279263.0,572270261.0,15:35:15,2026-09-23
sz300123,ST亚光,4.37,-0.18,-3.956,4.37,4.38,4.55,4.5,4.51,4.36,26194800.0,115679017.0,15:35:30,2026-09-23
sz300124,汇川技术,52.72,-1.33,-2.461,52.72,52.73,54.05,53.8,53.98,52.68,23127568.0,1229105568.0,15:35:45,2026-09-23
sz300125,聆达股份,8.89,-0.13,-1.441,8.89,8.9,9.02,8.96,9.0,8.8,4102400.0,36484551.0,15:35:00,2026-09-23
sz300126,锐奇股份,6.6,-0.04,-0.602,6.6,6.62,6.64,6.63,6.67,6.53,3239300.0,21396688.0,15:35:15,2026-09-23
sz300127,银河磁体,24.15,-0.41,-1.669,24.15,24.16,24.56,24.58,24.58,24.03,2673961.0,64702187.0,15:35:30,2026-09-23
sz300128,锦富技术,4.98,-0.09,-1.775,4.98,4.99,5.07,5.03,5.13,4.96,18685155.0,93861451.0,15:35:45,2026-09-23
sz300129,泰胜风能,7.36,-0.2,-2.646,7.35,7.36,7.56,7.53,7.53,7.33,18253715.0,134777390.0,15:35:00,2026-09-23
sz300130,新国都,18.22,-0.22,-1.193,18.22,18.24,18.44,18.31,18.37,18.13,6106200.0,111221907.0,15:35:15,2026-09-23
sz300131,英唐智控,15.23,-0.35,-2.246,15.23,15.24,15.58,15.5,15.68,15.23,32078796.0,492941903.0,15:35:30,2026-09-23
sz300132,诺斯贝尔,6.24,-0.08,-1.266,6.24,6.25,6.32,6.28,6.33,6.21,7345115.0,45888966.0,15:35:45,2026-09-23
sz300133,华策影视,7.47,-0.08,-1.06,7.47,7.48,7.55,7.48,7.51,7.35,50006041.0,371540722.0,15:35:00,2026-09-23
sz300134,大富科技,8.47,-0.12,-1.397,8.46,8.47,8.59,8.54,8.59,8.41,6383600.0,54159426.0,15:35:15,2026-09-23
sz300135,宝利国际,3.42,-0.1,-2.841,3.42,3.43,3.52,3.51,3.52,3.41,17624900.0,60902137.0,15:35:30,2026-09-23
sz300136,信维通信,58.01,-1.17,-1.977,58.01,58.02,59.18,59.0,59.37,57.57,26600439.0,1548339893.0,15:35:45,2026-09-23
sz300137,先河环保,10.26,-1.23,-10.705,10.26,10.27,11.49,11.33,11.36,10.18,49584060.0,523507328.0,15:35:00,2026-09-23
sz300138,晨光生物,11.45,-0.12,-1.037,11.45,11.46,11.57,11.49,11.58,11.36,2410900.0,27590899.0,15:35:15,2026-09-23
sz300139,晓程科技,46.88,-0.32,-0.678,46.88,46.89,47.2,47.8,47.95,46.57,14856300.0,698372444.0,15:35:30,2026-09-23
sz300140,节能环境,5.35,-0.05,-0.926,5.35,5.36,5.4,5.38,5.44,5.35,8810000.0,47477093.0,15:35:45,2026-09-23
sz300141,和顺电气,9.82,-0.21,-2.094,9.81,9.82,10.03,10.12,10.12,9.68,5740200.0,56285802.0,15:35:00,2026-09-23
sz300142,沃森生物,14.08,0.06,0.428,14.07,14.08,14.02,14.0,14.33,13.94,114241987.0,1615729476.0,15:35:15,2026-09-23
sz300143,盈康生命,7.85,0.06,0.77,7.84,7.85,7.79,7.78,7.88,7.71,10379292.0,80743015.0,15:35:30,2026-09-23
sz300144,宋城演艺,5.77,-0.05,-0.859,5.77,5.78,5.82,5.81,5.86,5.76,21957346.0,127528436.0,15:35:45,2026-09-23
sz300145,南方泵业,5.16,0.01,0.194,5.15,5.16,5.15,5.22,5.39,5.14,76872475.0,402709622.0,15:35:00,2026-09-23
sz300146,汤臣倍健,9.42,-0.01,-0.106,9.42,9.43,9.43,9.41,9.51,9.38,8322400.0,78602173.0,15:35:15,2026-09-23
sz300147,*ST香雪,6.33,-0.23,-3.506,6.32,6.33,6.56,6.55,6.55,6.25,12318451.0,78340177.0,15:35:30,2026-09-23
sz300148,天舟文化,3.54,-0.13,-3.542,3.54,3.55,3.67,3.65,3.65,3.52,34897398.0,124513731.0,15:35:45,2026-09-23
sz300149,睿智医药,10.01,0.03,0.301,10.01,10.02,9.98,9.97,10.17,9.84,29845432.0,299387175.0,15:35:00,2026-09-23
sz300150,世纪瑞尔,4.16,-0.09,-2.118,4.16,4.17,4.25,4.25,4.25,4.15,6920900.0,28999715.0,15:35:15,2026-09-23
sz300151,昌红科技,21.16,-0.04,-0.189,21.15,21.16,21.2,20.97,21.37,20.52,17365500.0,364539000.0,15:35:30,2026-09-23
sz300152,*ST动力,1.66,-0.03,-1.775,1.66,1.67,1.69,1.69,1.69,1.64,12719500.0,21166561.0,15:35:45,2026-09-23
sz300153,科泰电源,27.55,-0.06,-0.217,27.54,27.55,27.61,27.59,27.99,27.25,8861231.0,243581673.0,15:35:00,2026-09-23
sz300154,瑞凌股份,13.97,0.32,2.344,13.96,13.97,13.65,13.72,14.25,13.41,15099387.0,208932480.0,15:35:15,2026-09-23
sz300155,安居宝,5.06,0.54,11.947,5.06,5.07,4.52,4.48,5.42,4.43,77356961.0,400058587.0,15:35:30,2026-09-23
sz300157,新锦动力,3.69,-0.14,-3.655,3.69,3.7,3.83,3.81,3.82,3.68,27327978.0,101714937.0,15:35:45,2026-09-23
sz300158,振东制药,5.28,-0.11,-2.041,5.28,5.29,5.39,5.39,5.4,5.21,22546205.0,119107377.0,15:35:00,2026-09-23
sz300159,新研股份,2.84,-0.09,-3.072,2.84,2.85,2.93,2.92,2.93,2.84,30133581.0,86275908.0,15:35:15,2026-09-23
sz300160,秀强股份,4.47,0.04,0.903,4.47,4.48,4.43,4.43,4.52,4.42,8094900.0,36170965.0,15:35:30,2026-09-23
sz300161,华中数控,27.01,-0.49,-1.782,27.01,27.02,27.5,27.6,27.6,27.0,2206200.0,59880927.0,15:35:45,2026-09-23
sz300162,雷曼光电,8.11,0.24,3.05,8.1,8.11,7.87,7.89,8.4,7.86,53808576.0,440819783.0,15:35:00,2026-09-23
sz300163,先锋新材,8.09,-0.04,-0.492,8.09,8.1,8.13,8.09,8.36,7.97,31480400.0,257342757.0,15:35:15,2026-09-23
sz300164,通源石油,8.92,-0.55,-5.808,8.92,8.93,9.47,9.38,9.38,8.88,80009537.0,721732530.0,15:35:30,2026-09-23
sz300165,天瑞仪器,5.19,0.11,2.165,5.19,5.2,5.08,5.05,5.31,4.95,26948710.0,138625474.0,15:35:45,2026-09-23
sz300166,东方国信,12.78,0.2,1.59,12.77,12.78,12.58,12.56,13.13,12.43,74593373.0,951320009.0,15:35:00,2026-09-23
sz300167,ST迪威迅,4.0,-0.16,-3.846,3.99,4.0,4.16,4.08,4.12,3.99,7948400.0,32049643.0,15:35:15,2026-09-23
sz300168,万达信息,4.75,-0.12,-2.464,4.75,4.76,4.87,4.87,4.87,4.73,16761011.0,80015682.0,15:35:30,2026-09-23
sz300169,天晟新材,5.55,0.0,0.0,5.55,5.56,5.55,5.58,5.59,5.5,5507195.0,30541131.0,15:35:45,2026-09-23
sz300170,汉得信息,15.7,-0.5,-3.086,15.7,15.71,16.2,16.03,16.1,15.6,43224171.0,680926930.0,15:35:00,2026-09-23
sz300171,东富龙,16.32,0.51,3.226,16.32,16.33,15.81,15.78,16.66,15.73,26016488.0,425155350.0,15:35:15,2026-09-23
sz300172,中电环保,4.48,-0.04,-0.885,4.48,4.49,4.52,4.53,4.54,4.45,6564890.0,29458346.0,15:35:30,2026-09-23
sz300173,ST福能,3.36,0.01,0.299,3.36,3.37,3.35,3.36,3.42,3.33,6030700.0,20322586.0,15:35:45,2026-09-23
sz300174,元力股份,19.29,0.6,3.21,19.28,19.29,18.69,18.7,19.3,18.7,17186879.0,328193773.0,15:35:00,2026-09-23
sz300175,朗源股份,5.39,-0.15,-2.708,5.38,5.39,5.54,5.51,5.54,5.37,5392200.0,29207303.0,15:35:15,2026-09-23
sz300176,鸿特科技,4.38,-0.05,-1.129,4.38,4.39,4.43,4.44,4.44,4.36,9179600.0,40361117.0,15:35:30,2026-09-23
sz300177,中海达,6.08,-0.13,-2.093,6.08,6.09,6.21,6.23,6.23,6.06,7612484.0,46424538.0,15:35:45,2026-09-23
sz300179,四方达,43.82,1.66,3.937,43.82,43.83,42.16,42.98,45.19,41.88,50379220.0,2193362409.0,15:35:00,2026-09-23
sz300180,华峰超纤,4.41,-0.16,-3.501,4.4,4.41,4.57,4.55,4.55,4.4,28292900.0,125728126.0,15:35:15,2026-09-23
sz300181,佐力药业,13.15,0.07,0.535,13.15,13.16,13.08,13.1,13.17,13.08,5882300.0,77188231.0,15:35:30,2026-09-23
sz300182,捷成股份,4.99,-0.15,-2.918,4.99,5.0,5.14,5.11,5.12,4.97,85700351.0,429725804.0,15:35:45,2026-09-23
sz300183,东软载波,10.9,-0.18,-1.625,10.89,10.9,11.08,11.01,11.14,10.87,5044300.0,55244197.0,15:35:00,2026-09-23
sz300184,力源信息,12.22,0.08,0.659,12.22,12.23,12.14,12.14,12.3,12.03,34672147.0,422166547.0,15:35:15,2026-09-23
sz300185,通裕重工,2.73,-0.02,-0.727,2.73,2.74,2.75,2.75,2.77,2.72,47364145.0,130136152.0,15:35:30,2026-09-23
sz300187,永清环保,4.54,-0.08,-1.732,4.53,4.54,4.62,4.62,4.62,4.53,5721800.0,26117584.0,15:35:45,2026-09-23
sz300188,国投智能,10.53,-0.22,-2.047,10.52,10.53,10.75,10.79,10.82,10.45,10116581.0,106845462.0,15:35:00,2026-09-23
sz300189,神农种业,6.45,-0.25,-3.731,6.45,6.46,6.7,6.6,6.69,6.35,145866094.0,946089984.0,15:35:15,2026-09-23
sz300190,维尔利,3.84,-0.01,-0.26,3.84,3.85,3.85,3.86,3.9,3.82,11282817.0,43612576.0,15:35:30,2026-09-23
sz300191,潜能恒信,31.4,-0.53,-1.66,31.4,31.41,31.93,31.68,32.05,30.93,7768722.0,244535792.0,15:35:45,2026-09-23
sz300192,科德教育,22.95,3.33,16.972,22.94,22.95,19.62,20.1,23.3,19.58,54034142.0,1196977625.0,15:35:00,2026-09-23
sz300193,佳士科技,7.95,0.0,0.0,7.95,7.96,7.95,7.95,7.99,7.91,1760758.0,14007156.0,15:35:15,2026-09-23
sz300194,福安药业,3.9,-0.09,-2.256,3.9,3.91,3.99,3.96,4.0,3.88,18088300.0,71088393.0,15:35:30,2026-09-23
sz300195,长荣股份,6.3,0.05,0.8,6.29,6.3,6.25,6.25,6.33,6.19,6061400.0,38038818.0,15:35:45,2026-09-23
sz300196,长海股份,19.33,-0.31,-1.578,19.33,19.34,19.64,19.43,19.87,19.22,19183592.0,372361934.0,15:35:00,2026-09-23
sz300197,节能铁汉,1.92,-0.05,-2.538,1.92,1.93,1.97,1.96,1.98,1.91,57842627.0,112170270.0,15:35:15,2026-09-23
sz300198,*ST纳川,2.26,-0.05,-2.165,2.25,2.26,2.31,2.31,2.32,2.25,9334700.0,21381685.0,15:35:30,2026-09-23
sz300199,翰宇药业,24.29,0.44,1.845,24.29,24.3,23.85,24.1,24.44,23.7,49657568.0,1195578637.0,15:35:45,2026-09-23
sz300200,高盟新材,8.48,-0.05,-0.586,8.48,8.49,8.53,8.51,8.55,8.45,5189500.0,44030866.0,15:35:00,2026-09-23
sz300201,海伦哲,13.71,0.06,0.44,13.7,13.71,13.65,13.83,13.83,13.42,20876140.0,283708555.0,15:35:15,2026-09-23
sz300203,聚光科技,14.05,0.45,3.309,14.05,14.06,13.6,13.7,14.23,13.51,16677961.0,233133007.0,15:35:30,2026-09-23
sz300204,舒泰神,20.88,0.23,1.114,20.87,20.88,20.65,20.48,21.68,20.43,24056596.0,508767873.0,15:35:45,2026-09-23
sz300205,*ST天喻,5.28,0.24,4.762,5.27,5.28,5.04,5.03,5.37,5.03,5746603.0,30157922.0,15:35:00,2026-09-23
sz300206,理邦仪器,11.7,0.0,0.0,11.7,11.71,11.7,11.66,11.77,11.62,3267700.0,38203666.0,15:35:15,2026-09-23
sz300207,欣旺达,19.53,0.25,1.297,19.52,19.53,19.28,19.3,20.0,18.99,95461799.0,1856672674.0,15:35:30,2026-09-23
sz300209,行云科技,37.41,-0.74,-1.94,37.41,37.42,38.15,38.02,38.57,37.28,50589250.0,1911463210.0,15:35:45,2026-09-23
sz300210,森远股份,7.19,-0.2,-2.706,7.19,7.2,7.39,7.37,7.4,7.18,7365700.0,53524138.0,15:35:00,2026-09-23
sz300211,*ST亿通,7.02,-0.09,-1.266,7.02,7.04,7.11,7.11,7.11,7.0,1185000.0,8332523.0,15:35:15,2026-09-23
sz300212,*ST易录,7.91,-0.19,-2.346,7.91,7.92,8.1,8.05,8.14,7.9,8086300.0,64413104.0,15:35:30,2026-09-23
sz300213,佳讯飞鸿,6.51,-0.14,-2.105,6.51,6.52,6.65,6.66,6.66,6.45,7770600.0,50632125.0,15:35:45,2026-09-23
sz300214,日科化学,9.99,-0.29,-2.821,9.99,10.0,10.28,10.2,10.26,9.92,15793600.0,158384268.0,15:35:00,2026-09-23
sz300215,电科院,6.87,0.38,5.855,6.87,6.88,6.49,6.58,7.09,6.5,46059973.0,314578590.0,15:35:15,2026-09-23
sz300217,东方电热,4.07,-0.02,-0.489,4.06,4.07,4.09,4.08,4.1,4.05,9107403.0,37066480.0,15:35:30,2026-09-23
sz300218,安利股份,12.55,-0.05,-0.397,12.55,12.56,12.6,12.57,12.62,12.48,1284300.0,16118302.0,15:35:45,2026-09-23
sz300219,鸿利智汇,6.96,0.03,0.433,6.95,6.96,6.93,6.92,7.05,6.9,15113417.0,105694771.0,15:35:00,2026-09-23
sz300220,金运激光,11.13,-0.11,-0.979,11.11,11.13,11.24,11.24,11.28,11.0,1654700.0,18427851.0,15:35:15,2026-09-23
sz300221,银禧科技,14.55,0.38,2.682,14.54,14.55,14.17,14.28,14.63,14.01,25913702.0,373365202.0,15:35:30,2026-09-23
sz300222,科大智能,10.11,-0.11,-1.076,10.11,10.12,10.22,10.29,10.29,10.01,11363737.0,114661347.0,15:35:45,2026-09-23
sz300223,君正股份,146.97,0.87,0.595,146.96,146.97,146.1,148.79,149.96,146.25,16512904.0,2439737634.0,15:35:00,2026-09-23
sz300224,正海磁材,12.17,-0.01,-0.082,12.16,12.17,12.18,12.21,12.21,12.02,12194125.0,147974774.0,15:35:15,2026-09-23
sz300225,金力泰,8.32,-0.05,-0.597,8.32,8.33,8.37,8.34,8.5,8.12,16521310.0,137266457.0,15:35:30,2026-09-23
sz300226,上海钢联,17.94,0.23,1.299,17.94,17.95,17.71,17.61,18.17,17.56,14741968.0,263026910.0,15:35:45,2026-09-23
sz300227,光韵达,10.85,0.01,0.092,10.84,10.85,10.84,10.88,10.94,10.67,17375200.0,187717718.0,15:35:00,2026-09-23
sz300228,富瑞特装,6.67,-0.15,-2.199,6.67,6.68,6.82,6.8,6.8,6.67,8075800.0,54191984.0,15:35:15,2026-09-23
sz300229,拓尔思,13.18,-0.55,-4.006,13.17,13.18,13.73,13.71,13.71,13.14,23678595.0,314348199.0,15:35:30,2026-09-23
sz300230,永利股份,4.32,-0.04,-0.917,4.32,4.33,4.36,4.34,4.36,4.29,5376060.0,23258206.0,15:35:45,2026-09-23
sz300231,银信科技,8.28,-0.09,-1.075,8.28,8.29,8.37,8.29,8.35,8.19,6798890.0,56009935.0,15:35:00,2026-09-23
sz300232,洲明科技,5.36,-0.12,-2.19,5.36,5.37,5.48,5.47,5.53,5.35,11117105.0,60203797.0,15:35:15,2026-09-23
sz300233,金城医药,13.51,-0.27,-1.959,13.51,13.52,13.78,13.75,13.77,13.49,6330000.0,86048501.0,15:35:30,2026-09-23
sz300234,开尔新材,11.77,-0.27,-2.243,11.76,11.77,12.04,12.08,12.17,11.75,18774859.0,223524445.0,15:35:45,2026-09-23
sz300235,方直科技,12.32,-0.21,-1.676,12.31,12.32,12.53,12.53,12.58,12.3,6222503.0,77293222.0,15:35:00,2026-09-23
sz300236,上海新阳,89.75,0.45,0.504,89.74,89.75,89.3,90.35,90.35,88.86,3695060.0,331421167.0,15:35:15,2026-09-23
sz300237,ST美晨,2.25,-0.06,-2.597,2.25,2.26,2.31,2.29,2.33,2.25,15453400.0,35391775.0,15:35:30,2026-09-23
sz300238,冠昊生物,12.1,0.06,0.498,12.09,12.1,12.04,12.11,12.2,12.01,5668000.0,68691729.0,15:35:45,2026-09-23
sz300239,东宝生物,5.29,0.0,0.0,5.29,5.3,5.29,5.28,5.32,5.18,9490225.0,49817934.0,15:35:00,2026-09-23
sz300240,飞力达,6.09,-0.11,-1.774,6.08,6.09,6.2,6.19,6.19,6.04,6706400.0,40854462.0,15:35:15,2026-09-23
sz300241,瑞丰光电,5.92,-0.02,-0.337,5.91,5.92,5.94,5.92,6.02,5.9,11828487.0,70359422.0,15:35:30,2026-09-23
sz300242,佳云科技,3.89,-0.14,-3.474,3.89,3.9,4.03,3.98,4.01,3.88,14946203.0,58508984.0,15:35:45,2026-09-23
sz300243,瑞丰高材,24.57,2.3,10.328,24.56,24.57,22.27,22.59,24.96,22.33,47000791.0,1138158971.0,15:35:00,2026-09-23
sz300244,迪安诊断,21.07,-0.11,-0.519,21.07,21.08,21.18,21.0,21.39,20.92,30337420.0,641726286.0,15:35:15,2026-09-23
sz300245,ST天玑,6.14,-0.1,-1.603,6.13,6.14,6.24,6.29,6.38,6.12,8999700.0,56369191.0,15:35:30,2026-09-23
sz300246,宝莱特,15.86,-0.24,-1.491,15.85,15.86,16.1,16.1,16.24,15.83,4347100.0,69604023.0,15:35:45,2026-09-23
sz300247,融捷健康,3.75,-0.03,-0.794,3.75,3.76,3.78,3.77,3.8,3.74,9271700.0,34879100.0,15:35:00,2026-09-23
sz300248,新开普,8.27,-0.14,-1.665,8.27,8.28,8.41,8.35,8.39,8.23,5280395.0,43750238.0,15:35:15,2026-09-23
sz300249,依米康,13.54,0.03,0.222,13.54,13.55,13.51,13.5,13.76,13.42,10460597.0,142120619.0,15:35:30,2026-09-23
sz300250,初灵信息,15.19,-0.51,-3.248,15.19,15.2,15.7,15.64,15.87,15.15,8888200.0,136109398.0,15:35:45,2026-09-23
sz300251,光线传媒,11.05,-0.18,-1.603,11.04,11.05,11.23,11.18,11.2,11.01,24397399.0,269803340.0,15:35:00,2026-09-23
sz300252,金信诺,12.56,-0.16,-1.258,12.56,12.57,12.72,12.68,12.72,12.35,23382684.0,292385048.0,15:35:15,2026-09-23
sz300253,卫宁健康,7.01,-0.14,-1.958,7.01,7.02,7.15,7.12,7.17,7.0,36404093.0,256760490.0,15:35:30,2026-09-23
sz300254,仟源医药,8.99,-0.12,-1.317,8.98,8.99,9.11,9.06,9.13,8.95,5592300.0,50402976.0,15:35:45,2026-09-23
sz300255,常山药业,23.63,-0.36,-1.501,23.62,23.63,23.99,23.91,24.38,23.58,18832754.0,449726235.0,15:35:00,2026-09-23
sz300256,星星科技,2.67,-0.08,-2.909,2.67,2.68,2.75,2.74,2.76,2.66,19077056.0,51496587.0,15:35:15,2026-09-23
sz300257,开山股份,19.45,0.16,0.829,19.44,19.45,19.29,19.31,19.74,19.11,9418000.0,182784174.0,15:35:30,2026-09-23
sz300258,精锻科技,8.89,-0.01,-0.112,8.88,8.89,8.9,8.9,8.94,8.78,4534900.0,40132558.0,15:35:45,2026-09-23
sz300259,新天科技,4.5,0.36,8.696,4.5,4.51,4.14,4.14,4.56,4.1,116485853.0,511956920.0,15:35:00,2026-09-23
sz300260,新莱应材,64.05,0.71,1.121,64.02,64.05,63.34,63.72,65.25,62.88,11648939.0,746440905.0,15:35:15,2026-09-23
sz300261,雅本化学,4.88,-0.05,-1.014,4.88,4.89,4.93,4.94,4.97,4.86,7530500.0,36793647.0,15:35:30,2026-09-23
sz300263,隆华科技,10.89,0.28,2.639,10.88,10.89,10.61,10.58,11.05,10.52,54339287.0,590174450.0,15:35:45,2026-09-23
sz300264,佳创视讯,6.1,-0.08,-1.294,6.09,6.1,6.18,6.18,6.23,6.0,11401943.0,68971004.0,15:35:00,2026-09-23
sz300265,通光线缆,13.32,-0.53,-3.827,13.32,13.33,13.85,13.82,13.83,13.29,19766263.0,265790889.0,15:35:15,2026-09-23
sz300266,兴源环境,1.85,-0.05,-2.632,1.85,1.86,1.9,1.89,1.92,1.84,23835550.0,44648562.0,15:35:30,2026-09-23
sz300267,尔康制药,3.32,-0.06,-1.775,3.32,3.33,3.38,3.38,3.4,3.32,31293275.0,104954705.0,15:35:45,2026-09-23
sz300268,佳沃食品,12.0,0.0,0.0,12.0,12.01,12.0,12.04,12.2,11.86,1760202.0,21154340.0,15:35:00,2026-09-23
sz300269,联建光电,4.57,-0.13,-2.766,4.57,4.58,4.7,4.68,4.81,4.55,13584100.0,62939350.0,15:35:15,2026-09-23
sz300270,中威电子,10.4,-0.17,-1.608,10.4,10.41,10.57,10.57,10.61,10.29,6262600.0,65068371.0,15:35:30,2026-09-23
sz300271,华宇软件,5.81,-0.16,-2.68,5.81,5.82,5.97,5.94,5.96,5.8,17096298.0,99835599.0,15:35:45,2026-09-23
sz300272,开能健康,5.8,-0.07,-1.193,5.79,5.8,5.87,5.84,5.88,5.79,4265600.0,24834485.0,15:35:00,2026-09-23
sz300274,阳光电源,86.83,-1.37,-1.553,86.83,86.84,88.2,88.0,88.58,86.6,34543600.0,3010451417.0,15:35:15,2026-09-23
sz300275,梅安森,9.0,-0.19,-2.067,9.0,9.02,9.19,9.18,9.2,8.96,3376360.0,30515793.0,15:35:30,2026-09-23
sz300276,三丰智能,5.95,-0.07,-1.163,5.95,5.96,6.02,6.03,6.04,5.93,13189089.0,78637973.0,15:35:45,2026-09-23
sz300277,汽轮科技,13.14,-0.05,-0.379,13.13,13.14,13.19,13.19,13.22,12.96,12950680.0,169159117.0,15:35:00,2026-09-23
sz300278,华昌达,3.59,-0.04,-1.102,3.58,3.59,3.63,3.63,3.67,3.58,10649000.0,38500282.0,15:35:15,2026-09-23
sz300279,和晶科技,5.95,-0.04,-0.668,5.94,5.95,5.99,5.98,5.99,5.91,9424100.0,55983248.0,15:35:30,2026-09-23
sz300281,金明精机,7.2,0.13,1.839,7.19,7.2,7.07,7.11,7.35,7.1,11813703.0,85442423.0,15:35:45,2026-09-23
sz300283,温州宏丰,14.55,0.28,1.962,14.54,14.55,14.27,14.25,14.64,14.21,36701700.0,531019698.0,15:35:00,2026-09-23
sz300284,苏交科,5.14,-0.02,-0.388,5.14,5.15,5.16,5.16,5.2,5.11,8712500.0,44944541.0,15:35:15,2026-09-23
sz300285,国瓷材料,69.0,2.8,4.23,68.99,69.0,66.2,66.8,69.62,65.69,76037586.0,5126183148.0,15:35:30,2026-09-23
sz300286,安科瑞,19.56,0.11,0.566,19.56,19.57,19.45,19.48,19.65,19.25,2614621.0,50880406.0,15:35:45,2026-09-23
sz300287,飞利信,3.72,0.02,0.541,3.72,3.73,3.7,3.68,3.84,3.65,64183696.0,239857459.0,15:35:00,2026-09-23
sz300288,朗玛信息,9.77,-0.23,-2.3,9.76,9.77,10.0,9.98,10.0,9.72,4118600.0,40387920.0,15:35:15,2026-09-23
sz300289,利德曼,5.96,-0.06,-0.997,5.95,5.96,6.02,5.98,6.05,5.93,5829587.0,34865998.0,15:35:30,2026-09-23
sz300290,ST荣科,7.52,-0.21,-2.717,7.52,7.53,7.73,7.68,8.2,7.45,52534600.0,408837702.0,15:35:45,2026-09-23
sz300291,百纳千成,5.97,0.04,0.675,5.96,5.97,5.93,5.9,6.06,5.61,113648838.0,664823123.0,15:35:00,2026-09-23
sz300292,吴通控股,4.51,-0.13,-2.802,4.5,4.51,4.64,4.6,4.61,4.49,57711484.0,260925208.0,15:35:15,2026-09-23
sz300293,蓝英装备,14.68,-0.09,-0.609,14.68,14.7,14.77,14.75,14.81,14.64,2047000.0,30145694.0,15:35:30,2026-09-23
sz300294,博雅生物,14.72,-0.14,-0.942,14.72,14.74,14.86,14.86,15.0,14.72,3683808.0,54733771.0,15:35:45,2026-09-23
sz300295,*ST三六,11.97,-0.28,-2.286,11.96,11.97,12.25,12.28,12.37,11.9,2588000.0,31309980.0,15:35:00,2026-09-23
sz300296,利亚德,4.91,-0.05,-1.008,4.9,4.91,4.96,4.94,5.0,4.9,31074700.0,153443144.0,15:35:15,2026-09-23
sz300298,三诺生物,16.34,0.0,0.0,16.34,16.37,16.34,16.33,16.46,16.23,3207600.0,52456896.0,15:35:30,2026-09-23
sz300299,富春股份,5.36,-0.21,-3.77,5.36,5.37,5.57,5.57,5.6,5.34,18836005.0,101623074.0,15:35:45,2026-09-23
sz300300,海峡创新,9.01,-0.44,-4.656,9.0,9.01,9.45,9.29,9.53,8.92,88026026.0,807689189.0,15:35:00,2026-09-23
sz300301,ST长方,3.43,-0.02,-0.58,3.41,3.43,3.45,3.45,3.46,3.39,3024800.0,10326361.0,15:35:15,2026-09-23
sz300302,同有科技,29.23,0.38,1.317,29.23,29.24,28.85,29.2,29.5,28.83,20434486.0,597605943.0,15:35:30,2026-09-23
sz300303,聚飞光电,6.96,-0.02,-0.287,6.96,6.97,6.98,6.95,7.06,6.91,27515959.0,192281398.0,15:35:45,2026-09-23
sz300304,云意电气,12.12,0.25,2.106,12.11,12.12,11.87,11.88,12.2,11.72,20015901.0,241337689.0,15:35:00,2026-09-23
sz300305,裕兴股份,6.76,0.31,4.806,6.76,6.77,6.45,6.46,6.95,6.42,26218500.0,176923161.0,15:35:15,2026-09-23
sz300306,远方信息,10.43,0.0,0.0,10.43,10.44,10.43,10.49,10.52,10.33,1710200.0,17821804.0,15:35:30,2026-09-23
sz300307,慈星股份,7.3,-0.05,-0.68,7.29,7.3,7.35,7.36,7.38,7.27,8495902.0,62131708.0,15:35:45,2026-09-23
sz300308,中际旭创,922.5,-5.22,-0.563,922.5,922.51,927.72,936.01,939.0,918.33,14763319.0,13680098682.0,15:35:00,2026-09-23
sz300310,宜通世纪,4.32,-0.12,-2.703,4.31,4.32,4.44,4.41,4.41,4.27,23071800.0,99694936.0,15:35:15,2026-09-23
sz300311,任子行,5.91,-0.21,-3.431,5.91,5.92,6.12,6.05,6.05,5.88,40140302.0,237933285.0,15:35:30,2026-09-23
sz300313,天山生物,13.01,-0.71,-5.175,13.01,13.02,13.72,13.9,14.12,12.96,21491800.0,285870441.0,15:35:45,2026-09-23
sz300314,戴维医疗,12.62,-0.39,-2.998,12.61,12.62,13.01,12.89,12.95,12.54,10996800.0,139357257.0,15:35:00,2026-09-23
sz300315,掌趣科技,3.99,-0.11,-2.683,3.99,4.0,4.1,4.08,4.09,3.98,55695741.0,223587871.0,15:35:15,2026-09-23
sz300316,晶盛机电,42.3,0.91,2.199,42.3,42.31,41.39,41.5,43.0,41.31,12874926.0,545411085.0,15:35:30,2026-09-23
sz300317,珈伟新能,3.97,-0.2,-4.796,3.96,3.97,4.17,4.16,4.16,3.96,56398184.0,226979167.0,15:35:45,2026-09-23
sz300318,博晖创新,5.23,0.03,0.577,5.23,5.24,5.2,5.19,5.31,5.16,11141700.0,58473269.0,15:35:00,2026-09-23
sz300319,麦捷科技,21.54,0.27,1.269,21.53,21.54,21.27,21.28,21.85,20.82,94136224.0,2013464731.0,15:35:15,2026-09-23
sz300320,海达股份,8.35,-0.09,-1.066,8.35,8.36,8.44,8.45,8.49,8.35,2486900.0,20846333.0,15:35:30,2026-09-23
sz300321,同大股份,36.21,1.61,4.653,36.21,36.22,34.6,34.5,36.82,34.5,5109695.0,183593287.0,15:35:45,2026-09-23
sz300322,硕贝德,18.57,-0.25,-1.328,18.57,18.58,18.82,18.83,18.99,18.46,16750740.0,312081477.0,15:35:00,2026-09-23
sz300323,华灿光电,11.99,0.15,1.267,11.98,11.99,11.84,11.98,12.35,11.79,54518054.0,658219572.0,15:35:15,2026-09-23
sz300324,旋极信息,3.95,-0.19,-4.589,3.95,3.96,4.14,4.01,4.13,3.91,235304378.0,934675600.0,15:35:30,2026-09-23
sz300326,ST凯利,6.31,0.03,0.478,6.31,6.32,6.28,6.28,6.35,6.26,5534879.0,34904802.0,15:35:45,2026-09-23
sz300327,中颖电子,26.73,0.59,2.257,26.73,26.74,26.14,26.05,26.77,25.97,11800402.0,311483864.0,15:35:00,2026-09-23
sz300328,宜安科技,13.51,0.28,2.116,13.51,13.52,13.23,13.27,13.58,12.82,37129321.0,493932746.0,15:35:15,2026-09-23
sz300329,海伦钢琴,11.9,-0.39,-3.173,11.9,11.92,12.29,12.35,12.35,11.88,2119800.0,25443715.0,15:35:30,2026-09-23
sz300331,苏大维格,49.19,-0.57,-1.145,49.19,49.2,49.76,49.77,50.17,48.99,6195806.0,306125210.0,15:35:45,2026-09-23
sz300332,天壕能源,4.84,-0.13,-2.616,4.83,4.84,4.97,4.96,4.97,4.82,19056718.0,92893049.0,15:35:00,2026-09-23
sz300333,兆日科技,11.73,0.12,1.034,11.72,11.73,11.61,11.63,11.79,11.36,23936859.0,276418518.0,15:35:15,2026-09-23
sz300334,津膜科技,8.53,0.02,0.235,8.53,8.57,8.51,8.48,8.75,8.43,7112500.0,61030993.0,15:35:30,2026-09-23
sz300335,迪森股份,5.44,-0.12,-2.158,5.44,5.45,5.56,5.52,5.57,5.4,9572800.0,52220479.0,15:35:45,2026-09-23
sz300337,银邦股份,9.19,-0.13,-1.395,9.18,9.19,9.32,9.32,9.37,9.17,8889811.0,81938210.0,15:35:00,2026-09-23
sz300338,*ST开元,2.88,-0.17,-5.574,2.87,2.88,3.05,3.02,3.06,2.84,12910328.0,37575605.0,15:35:15,2026-09-23
sz300339,润和软件,34.36,-0.78,-2.22,34.35,34.36,35.14,35.0,35.1,34.34,11986007.0,414182917.0,15:35:30,2026-09-23
sz300340,科恒股份,8.65,-0.19,-2.149,8.65,8.66,8.84,8.82,8.83,8.56,3841794.0,33253629.0,15:35:45,2026-09-23
sz300341,麦克奥迪,13.05,-0.07,-0.534,13.05,13.06,13.12,13.12,13.21,12.98,3222900.0,42111386.0,15:35:00,2026-09-23
sz300342,天银机电,31.45,-0.54,-1.688,31.45,31.46,31.99,31.99,32.01,31.31,7429647.0,234374624.0,15:35:15,2026-09-23
sz300343,联创股份,5.36,-0.11,-2.011,5.35,5.36,5.47,5.46,5.46,5.35,11305057.0,60817866.0,15:35:30,2026-09-23
sz300345,华民股份,7.69,-0.12,-1.536,7.69,7.7,7.81,7.76,7.89,7.63,27791100.0,214713947.0,15:35:45,2026-09-23
sz300346,南大光电,55.68,0.47,0.851,55.67,55.68,55.21,55.21,56.07,54.8,23637541.0,1312266255.0,15:35:00,2026-09-23
sz300347,泰格医药,58.5,0.66,1.141,58.5,58.55,57.84,57.76,59.5,57.59,9940776.0,584159391.0,15:35:15,2026-09-23
sz300348,长亮科技,9.47,-0.25,-2.572,9.46,9.47,9.72,9.72,9.74,9.45,11176222.0,106427412.0,15:35:30,2026-09-23
sz300349,金卡智能,10.64,0.37,3.603,10.64,10.65,10.27,10.27,10.82,10.23,15293584.0,162405749.0,15:35:45,2026-09-23
sz300350,华鹏飞,4.64,-0.06,-1.277,4.63,4.64,4.7,4.78,4.83,4.62,43249238.0,203888590.0,15:35:00,2026-09-23
sz300351,永贵电器,14.1,-0.07,-0.494,14.1,14.11,14.17,14.2,14.31,14.05,5182100.0,73393373.0,15:35:15,2026-09-23
sz300352,ST信源,3.0,0.04,1.351,3.0,3.01,2.96,2.96,3.12,2.95,43840100.0,133938362.0,15:35:30,2026-09-23
sz300353,东土科技,16.89,0.46,2.8,16.88,16.89,16.43,16.43,17.15,16.35,11313608.0,190377126.0,15:35:45,2026-09-23
sz300354,东华测试,27.92,0.36,1.306,27.9,27.92,27.56,27.55,27.93,27.13,1623800.0,44826239.0,15:35:00,2026-09-23
sz300355,蒙草生态,2.77,-0.05,-1.773,2.77,2.78,2.82,2.81,2.82,2.76,16572700.0,46175269.0,15:35:15,2026-09-23
sz300357,我武生物,20.39,0.2,0.991,20.38,20.39,20.19,20.1,20.48,20.08,7297142.0,148627054.0,15:35:30,2026-09-23
sz300358,楚天科技,9.7,0.44,4.752,9.7,9.71,9.26,9.29,9.91,9.19,68454829.0,658769716.0,15:35:45,2026-09-23
sz300359,全通教育,4.06,-0.16,-3.791,4.05,4.06,4.22,4.22,4.25,4.04,15408200.0,63084774.0,15:35:00,2026-09-23
sz300360,炬华科技,11.21,-0.03,-0.267,11.2,11.21,11.24,11.27,11.3,11.18,3165988.0,35558305.0,15:35:15,2026-09-23
sz300363,博腾股份,25.25,1.21,5.033,25.25,25.26,24.04,24.03,25.98,23.96,29446068.0,747636624.0,15:35:30,2026-09-23
sz300364,中文在线,24.46,-1.33,-5.157,24.45,24.46,25.79,25.4,25.41,24.32,62973564.0,1553575648.0,15:35:45,2026-09-23
sz300365,恒华科技,4.52,-0.11,-2.376,4.52,4.53,4.63,4.61,4.61,4.49,9997800.0,45383721.0,15:35:00,2026-09-23
sz300366,ST创意,5.53,0.04,0.729,5.52,5.53,5.49,5.53,5.57,5.45,4700800.0,25866214.0,15:35:15,2026-09-23
sz300368,汇金股份,9.56,-0.02,-0.209,9.56,9.57,9.58,9.56,9.72,9.46,33178200.0,317410261.0,15:35:30,2026-09-23
sz300369,绿盟科技,9.27,-0.63,-6.364,9.27,9.28,9.9,9.83,9.85,9.22,77485484.0,735693316.0,15:35:45,2026-09-23
sz300370,安控科技,2.16,-0.06,-2.703,2.15,2.16,2.22,2.22,2.23,2.13,29762739.0,64497289.0,15:35:00,2026-09-23
sz300371,汇中股份,10.21,0.08,0.79,10.21,10.24,10.13,10.12,10.35,10.02,2339900.0,23808996.0,15:35:15,2026-09-23
sz300373,扬杰科技,91.39,-0.37,-0.403,91.38,91.39,91.76,92.3,92.48,90.4,8949138.0,819946441.0,15:35:30,2026-09-23
sz300374,中铁装配,9.96,-0.12,-1.19,9.96,10.01,10.08,10.1,10.23,9.95,4779640.0,48056360.0,15:35:45,2026-09-23
sz300375,鹏翎股份,4.1,-0.02,-0.485,4.09,4.1,4.12,4.1,4.14,4.08,5632058.0,23133914.0,15:35:00,2026-09-23
sz300376,易事特,4.18,-0.08,-1.878,4.17,4.18,4.26,4.25,4.27,4.17,14048969.0,59276410.0,15:35:15,2026-09-23
sz300377,赢时胜,14.09,-0.27,-1.88,14.08,14.09,14.36,14.32,14.32,14.04,16504429.0,233224529.0,15:35:30,2026-09-23
sz300378,鼎捷数智,38.89,-0.28,-0.715,38.88,38.89,39.17,39.72,39.79,38.52,15815071.0,616053470.0,15:35:45,2026-09-23
sz300380,安硕信息,28.52,-0.43,-1.485,28.51,28.52,28.95,28.77,28.89,28.37,1317400.0,37548148.0,15:35:00,2026-09-23
sz300381,溢多利,5.8,0.02,0.346,5.79,5.8,5.78,5.77,5.85,5.67,8489500.0,48790976.0,15:35:15,2026-09-23
sz300382,斯莱克,15.87,-0.2,-1.245,15.87,15.88,16.07,16.12,16.23,15.8,14217996.0,226938109.0,15:35:30,2026-09-23
sz300383,光环新网,11.2,-0.26,-2.269,11.2,11.21,11.46,11.41,11.44,11.2,29189989.0,329526977.0,15:35:45,2026-09-23
sz300384,三联虹普,11.9,-0.01,-0.084,11.89,11.9,11.91,11.88,11.99,11.82,1646882.0,19624380.0,15:35:00,2026-09-23
sz300385,ST雪浪,13.57,0.31,2.338,13.57,13.59,13.26,13.39,13.79,13.2,6324100.0,85995622.0,15:35:15,2026-09-23
sz300386,飞天诚信,10.93,-0.37,-3.274,10.93,10.94,11.3,11.29,11.3,10.91,5138980.0,56551172.0,15:35:30,2026-09-23
sz300387,富邦科技,7.4,-0.08,-1.07,7.4,7.41,7.48,7.44,7.46,7.33,4568100.0,33777806.0,15:35:45,2026-09-23
sz300388,节能国祯,6.73,-0.02,-0.296,6.72,6.73,6.75,6.75,6.77,6.7,2470864.0,16644994.0,15:35:00,2026-09-23
sz300389,艾比森,13.3,0.06,0.453,13.3,13.33,13.24,13.24,13.47,13.21,5034140.0,67006822.0,15:35:15,2026-09-23
sz300390,天华新能,52.76,-1.47,-2.711,52.75,52.76,54.23,54.68,54.68,52.48,17530483.0,928585818.0,15:35:30,2026-09-23
sz300393,中来股份,6.11,-0.12,-1.926,6.11,6.12,6.23,6.25,6.33,6.1,12826700.0,79388408.0,15:35:45,2026-09-23
sz300394,天孚通信,275.4,-0.44,-0.16,275.4,275.41,275.84,277.0,281.0,271.3,23625628.0,6525434227.0,15:35:00,2026-09-23
sz300395,菲利华,98.46,1.38,1.422,98.46,98.48,97.08,96.08,99.88,95.94,22759508.0,2248170939.0,15:35:15,2026-09-23
sz300396,ST迪瑞,7.13,-0.07,-0.972,7.13,7.15,7.2,7.2,7.21,7.11,1245100.0,8902023.0,15:35:30,2026-09-23
sz300397,天和防务,12.44,0.96,8.362,12.44,12.45,11.48,11.43,12.47,11.32,66266657.0,801085818.0,15:35:45,2026-09-23
sz300398,飞凯材料,39.14,1.22,3.217,39.14,39.15,37.92,37.89,39.3,37.72,37787759.0,1462087601.0,15:35:00,2026-09-23
sz300399,天利科技,19.54,-0.43,-2.153,19.54,19.55,19.97,19.83,19.88,19.41,3486235.0,68215634.0,15:35:15,2026-09-23
sz300400,劲拓股份,35.83,0.29,0.816,35.81,35.83,35.54,35.65,37.38,35.48,15245100.0,555066328.0,15:35:30,2026-09-23
sz300401,花园生物,16.64,0.25,1.525,16.64,16.65,16.39,16.32,16.96,16.17,21914821.0,364270357.0,15:35:45,2026-09-23
sz300402,宝色股份,14.75,-0.16,-1.073,14.75,14.78,14.91,14.99,15.08,14.72,1896800.0,28099448.0,15:35:00,2026-09-23
sz300403,汉宇集团,8.76,0.02,0.229,8.76,8.78,8.74,8.73,8.79,8.66,4249000.0,37099474.0,15:35:15,2026-09-23
sz300404,博济医药,15.17,0.31,2.086,15.16,15.17,14.86,14.6,15.5,14.23,63808168.0,965037727.0,15:35:30,2026-09-23
sz300405,科隆股份,5.76,-0.06,-1.031,5.76,5.77,5.82,5.77,5.82,5.71,6118200.0,35275820.0,15:35:45,2026-09-23
sz300406,九强生物,11.85,0.06,0.509,11.85,11.86,11.79,11.79,11.98,11.76,4789459.0,56882254.0,15:35:00,2026-09-23
sz300407,凯发电气,10.58,-0.22,-2.037,10.58,10.59,10.8,10.8,10.84,10.58,4864300.0,51850289.0,15:35:15,2026-09-23
sz300408,三环集团,130.4,0.92,0.711,130.39,130.4,129.48,131.62,132.92,128.88,30348251.0,3975428669.0,15:35:30,2026-09-23
sz300409,道氏技术,17.72,0.5,2.904,17.71,17.72,17.22,17.17,17.89,17.15,23441194.0,412091974.0,15:35:45,2026-09-23
sz300410,正业科技,8.99,0.22,2.509,8.99,9.0,8.77,8.75,9.13,8.72,29016982.0,259809013.0,15:35:00,2026-09-23
sz300411,金盾股份,8.21,-0.05,-0.605,8.21,8.22,8.26,8.23,8.3,8.13,6226800.0,51036390.0,15:35:15,2026-09-23
sz300412,迦南科技,4.52,-0.05,-1.094,4.52,4.53,4.57,4.63,4.63,4.48,7422950.0,33529826.0,15:35:30,2026-09-23
sz300413,芒果超媒,19.33,0.01,0.052,19.33,19.34,19.32,19.04,19.45,18.69,71104792.0,1356477390.0,15:35:45,2026-09-23
sz300414,中光防雷,11.16,-0.37,-3.209,11.16,11.17,11.53,11.56,11.6,11.12,7875497.0,88342653.0,15:35:00,2026-09-23
sz300415,伊之密,19.15,0.26,1.376,19.15,19.17,18.89,18.95,19.35,18.84,5131564.0,98086877.0,15:35:15,2026-09-23
sz300416,苏试试验,14.41,0.18,1.265,14.4,14.41,14.23,14.24,14.53,14.15,10406553.0,149308155.0,15:35:30,2026-09-23
sz300417,南华仪器,12.05,0.14,1.175,12.05,12.07,11.91,11.86,12.13,11.64,3221042.0,38501885.0,15:35:45,2026-09-23
sz300418,昆仑万维,42.88,-1.85,-4.136,42.88,42.89,44.73,44.0,44.3,42.8,58843951.0,2542773414.0,15:35:00,2026-09-23
sz300419,ST浩丰,7.58,0.04,0.531,7.58,7.6,7.54,7.57,7.7,7.55,5677800.0,43165884.0,15:35:15,2026-09-23
sz300420,五洋自控,8.1,0.14,1.759,8.1,8.11,7.96,7.95,8.15,7.74,60720040.0,483096000.0,15:35:30,2026-09-23
sz300421,力星股份,17.49,0.01,0.057,17.48,17.49,17.48,17.41,17.55,17.23,3946100.0,68681655.0,15:35:45,2026-09-23
sz300422,博世科,4.02,-0.11,-2.663,4.02,4.03,4.13,4.1,4.12,3.99,8508252.0,34406749.0,15:35:00,2026-09-23
sz300423,昇辉科技,5.44,-0.15,-2.683,5.44,5.45,5.59,5.52,5.57,5.38,7038800.0,38392753.0,15:35:15,2026-09-23
sz300424,航新科技,13.74,-0.31,-2.206,13.74,13.75,14.05,14.05,14.05,13.68,15390351.0,212299085.0,15:35:30,2026-09-23
sz300425,中建环能,4.0,-0.04,-0.99,3.99,4.0,4.04,4.04,4.05,3.98,4689700.0,18817197.0,15:35:45,2026-09-23
sz300426,华智数媒,8.09,-0.36,-4.26,8.09,8.1,8.45,8.4,8.44,8.05,31083400.0,253736547.0,15:35:00,2026-09-23
sz300427,红相股份,6.31,-0.57,-8.285,6.31,6.32,6.88,6.88,6.91,6.29,56541253.0,363752794.0,15:35:15,2026-09-23
sz300428,立中集团,19.51,-0.11,-0.561,19.5,19.51,19.62,19.62,19.69,19.45,3348367.0,65456078.0,15:35:30,2026-09-23
sz300429,强力新材,11.68,0.06,0.516,11.67,11.68,11.62,11.54,11.78,11.54,14416918.0,168115783.0,15:35:45,2026-09-23
sz300430,*ST益通,4.63,-0.16,-3.34,4.63,4.64,4.79,4.78,4.82,4.62,14037800.0,65919155.0,15:35:00,2026-09-23
sz300432,富临精工,13.25,-0.19,-1.414,13.25,13.26,13.44,13.43,13.43,13.15,24997857.0,331445041.0,15:35:15,2026-09-23
sz300433,蓝思科技,34.04,-0.4,-1.161,34.04,34.05,34.44,34.45,35.12,33.92,66955561.0,2301608809.0,15:35:30,2026-09-23
sz300434,金石亚药,12.58,-0.08,-0.632,12.58,12.59,12.66,12.65,12.85,12.52,34732040.0,439389754.0,15:35:45,2026-09-23
sz300435,中泰股份,16.47,-0.28,-1.672,16.46,16.47,16.75,16.72,16.76,16.45,4202100.0,69468193.0,15:35:00,2026-09-23
sz300436,广生堂,87.08,-0.68,-0.775,87.08,87.09,87.76,87.1,88.86,87.03,2193807.0,192506747.0,15:35:15,2026-09-23
sz300437,清水源,10.83,-0.29,-2.608,10.82,10.83,11.12,11.11,11.14,10.75,4793600.0,52052459.0,15:35:30,2026-09-23
sz300438,鹏辉能源,50.43,-1.24,-2.4,50.42,50.43,51.67,51.73,51.88,50.25,10838487.0,548855958.0,15:35:45,2026-09-23
sz300439,美康生物,10.06,-0.02,-0.198,10.06,10.07,10.08,10.08,10.13,9.97,3460983.0,34842851.0,15:35:00,2026-09-23
sz300440,运达科技,17.53,-0.31,-1.738,17.52,17.53,17.84,17.83,18.05,17.42,8065200.0,141827186.0,15:35:15,2026-09-23
sz300441,鲍斯股份,7.09,0.03,0.425,7.09,7.1,7.06,7.06,7.15,7.03,4037400.0,28699282.0,15:35:30,2026-09-23
sz300442,润泽科技,66.74,0.01,0.015,66.74,66.75,66.73,66.01,68.0,64.66,31722186.0,2101935413.0,15:35:45,2026-09-23
sz300443,金雷股份,19.56,0.0,0.0,19.55,19.56,19.56,19.65,19.65,19.38,5001999.0,97537845.0,15:35:00,2026-09-23
sz300444,双杰电气,8.77,-0.27,-2.987,8.76,8.77,9.04,9.02,9.05,8.73,21084079.0,185747108.0,15:35:15,2026-09-23
sz300445,康斯特,19.21,0.4,2.127,19.2,19.21,18.81,18.9,19.44,18.65,3159960.0,60204830.0,15:35:30,2026-09-23
sz300446,航天智造,12.87,-0.13,-1.0,12.87,12.88,13.0,12.97,13.0,12.86,3749995.0,48377315.0,15:35:45,2026-09-23
sz300447,全信股份,14.08,-0.23,-1.607,14.07,14.08,14.31,14.25,14.3,13.98,2609500.0,36740024.0,15:35:00,2026-09-23
sz300448,浩云科技,5.64,-0.03,-0.529,5.64,5.65,5.67,5.67,5.69,5.49,13252026.0,73885494.0,15:35:15,2026-09-23
sz300449,汉邦高科,6.67,-0.06,-0.892,6.66,6.67,6.73,6.7,6.74,6.59,7739400.0,51404590.0,15:35:30,2026-09-23
sz300450,先导智能,32.41,0.11,0.341,32.4,32.41,32.3,32.27,32.63,32.12,20427710.0,661731942.0,15:35:45,2026-09-23
sz300451,创业慧康,3.48,-0.08,-2.247,3.48,3.49,3.56,3.6,3.61,3.47,24425800.0,85764978.0,15:35:00,2026-09-23
sz300452,山河药辅,13.28,0.08,0.606,13.28,13.29,13.2,13.21,13.39,13.15,3565035.0,47364027.0,15:35:15,2026-09-23
sz300453,三鑫医疗,9.08,0.07,0.777,9.08,9.09,9.01,9.06,9.1,9.03,3089500.0,28003405.0,15:35:30,2026-09-23
sz300454,深信服,146.43,-4.7,-3.11,146.42,146.43,151.13,152.18,152.65,146.0,11496866.0,1707116172.0,15:35:45,2026-09-23
sz300455,航天智装,17.0,-0.2,-1.163,17.0,17.01,17.2,17.22,17.26,16.98,3378490.0,57695175.0,15:35:00,2026-09-23
sz300456,赛微电子,39.0,0.58,1.51,39.0,39.01,38.42,38.78,40.02,38.05,47265567.0,1840594082.0,15:35:15,2026-09-23
sz300457,赢合科技,21.25,0.1,0.473,21.25,21.26,21.15,21.11,21.4,21.0,14317085.0,304165360.0,15:35:30,2026-09-23
sz300458,全志科技,33.77,0.14,0.416,33.77,33.78,33.63,33.65,34.14,33.35,47296451.0,1594552708.0,15:35:45,2026-09-23
sz300459,汤姆猫,3.55,-0.12,-3.27,3.55,3.56,3.67,3.65,3.67,3.55,82421629.0,295720660.0,15:35:00,2026-09-23
sz300460,ST惠伦,9.13,0.17,1.897,9.13,9.14,8.96,8.96,9.33,8.92,5776503.0,52879503.0,15:35:15,2026-09-23
sz300461,田中精机,36.22,0.84,2.374,36.2,36.22,35.38,35.0,37.06,35.0,9176620.0,332677852.0,15:35:30,2026-09-23
sz300462,ST华铭,11.62,0.36,3.197,11.61,11.62,11.26,11.32,11.8,11.08,1870000.0,21563270.0,15:35:45,2026-09-23
sz300463,迈克生物,9.4,-0.05,-0.529,9.38,9.4,9.45,9.41,9.53,9.37,4624400.0,43575878.0,15:35:00,2026-09-23
sz300464,星徽股份,12.0,-0.22,-1.8,12.0,12.01,12.22,12.36,12.49,11.52,36940800.0,437761176.0,15:35:15,2026-09-23
sz300465,高伟达,11.31,-0.31,-2.668,11.3,11.31,11.62,11.62,11.62,11.29,6371300.0,72524116.0,15:35:30,2026-09-23
sz300466,赛摩智能,7.13,-0.06,-0.834,7.12,7.13,7.19,7.16,7.2,7.06,4280080.0,30464119.0,15:35:45,2026-09-23
sz300467,迅游科技,33.45,0.08,0.24,33.45,33.5,33.37,33.35,33.7,33.03,2084546.0,69680247.0,15:35:00,2026-09-23
sz300468,四方精创,21.93,-0.83,-3.647,21.93,21.94,22.76,22.54,22.68,21.9,28598446.0,631736676.0,15:35:15,2026-09-23
sz300469,信息发展,50.63,-0.77,-1.498,50.63,50.64,51.4,51.3,51.72,50.0,3521302.0,178718503.0,15:35:30,2026-09-23
sz300470,中密控股,27.95,0.09,0.323,27.94,27.95,27.86,27.74,28.08,27.7,1022400.0,28552840.0,15:35:45,2026-09-23
sz300471,厚普股份,9.97,-0.12,-1.189,9.96,9.97,10.09,10.02,10.08,9.89,3942300.0,39261168.0,15:35:00,2026-09-23
sz300472,ST新元,6.92,0.16,2.367,6.92,6.93,6.76,6.76,7.03,6.73,3662900.0,25409069.0,15:35:15,2026-09-23
sz300473,德尔股份,36.43,1.46,4.175,36.43,36.44,34.97,35.1,37.25,34.57,12505064.0,456230736.0,15:35:30,2026-09-23
sz300474,景嘉微,53.28,0.55,1.043,53.28,53.29,52.73,52.64,53.78,52.47,10139865.0,538386160.0,15:35:45,2026-09-23
sz300475,香农芯创,179.03,-2.17,-1.198,179.02,179.03,181.2,183.8,185.28,178.75,17417528.0,3150898705.0,15:35:00,2026-09-23
sz300476,胜宏科技,244.3,2.2,0.909,244.3,244.31,242.1,244.77,249.9,241.01,31469733.0,7744768856.0,15:35:15,2026-09-23
sz300477,ST合纵,2.68,0.06,2.29,2.67,2.68,2.62,2.62,2.73,2.61,24198801.0,64804643.0,15:35:30,2026-09-23
sz300478,杭州高新,36.26,-0.06,-0.165,36.26,36.3,36.32,36.3,37.0,35.56,3663900.0,133384398.0,15:35:45,2026-09-23
sz300479,神思电子,14.87,-0.19,-1.262,14.87,14.89,15.06,15.06,15.06,14.76,2077200.0,30884049.0,15:35:00,2026-09-23
sz300480,光力科技,32.94,0.56,1.729,32.93,32.94,32.38,32.38,33.28,32.36,8695800.0,285513794.0,15:35:15,2026-09-23
sz300481,濮阳惠成,14.31,0.14,0.988,14.3,14.31,14.17,14.17,14.34,14.13,6970782.0,99449433.0,15:35:30,2026-09-23
sz300482,万孚生物,16.59,0.03,0.181,16.59,16.6,16.56,16.48,16.77,16.48,4149905.0,69059545.0,15:35:45,2026-09-23
sz300483,首华燃气,23.5,-0.32,-1.343,23.49,23.5,23.82,23.65,23.68,22.79,8954560.0,208481815.0,15:35:00,2026-09-23
sz300484,蓝海华腾,12.86,-0.24,-1.832,12.86,12.87,13.1,13.02,13.07,12.83,1958788.0,25311925.0,15:35:15,2026-09-23
sz300485,赛升药业,8.7,-0.08,-0.911,8.69,8.7,8.78,8.78,8.85,8.68,3387900.0,29635276.0,15:35:30,2026-09-23
sz300486,东杰智能,17.8,-0.31,-1.712,17.8,17.81,18.11,18.1,18.1,17.76,4683303.0,83523071.0,15:35:45,2026-09-23
sz300487,蓝晓科技,70.4,1.14,1.646,70.39,70.4,69.26,69.26,71.28,69.19,3430591.0,241235636.0,15:35:00,2026-09-23
sz300488,恒锋工具,38.25,-0.11,-0.287,38.24,38.25,38.36,38.19,39.39,38.0,5817699.0,223914112.0,15:35:15,2026-09-23
sz300489,光智科技,264.02,15.01,6.028,264.02,264.06,249.01,253.42,264.46,244.23,15416775.0,3911406921.0,15:35:30,2026-09-23
sz300490,华自科技,10.78,-0.16,-1.463,10.78,10.79,10.94,10.98,10.98,10.71,8073100.0,87107014.0,15:35:45,2026-09-23
sz300491,通合科技,37.12,0.53,1.448,37.11,37.12,36.59,36.59,39.11,36.59,16993711.0,646994099.0,15:35:00,2026-09-23
sz300492,华图山鼎,21.86,-0.99,-4.333,21.86,21.88,22.85,22.85,22.93,21.85,2744155.0,60819975.0,15:35:15,2026-09-23
sz300493,润欣科技,13.28,-0.07,-0.524,13.28,13.29,13.35,13.31,13.42,13.1,11106957.0,146983184.0,15:35:30,2026-09-23
sz300494,盛天网络,8.05,-0.15,-1.829,8.05,8.06,8.2,8.18,8.18,8.03,5290400.0,42684843.0,15:35:45,2026-09-23
sz300496,中科创达,56.11,-0.49,-0.866,56.11,56.15,56.6,56.38,56.66,55.95,5830672.0,327997240.0,15:35:00,2026-09-23
sz300497,富祥股份,19.99,-0.53,-2.583,19.98,19.99,20.52,20.52,20.62,19.95,38409934.0,773758094.0,15:35:15,2026-09-23
sz300498,温氏股份,14.79,-0.11,-0.738,14.79,14.8,14.9,14.85,14.97,14.76,21459857.0,318706349.0,15:35:30,2026-09-23
sz300499,高澜股份,36.02,-0.28,-0.771,36.01,36.02,36.3,36.42,37.24,35.85,20409818.0,743137040.0,15:35:45,2026-09-23
sz300500,启迪设计,9.48,-0.01,-0.105,9.48,9.52,9.49,9.48,9.61,9.33,2527750.0,23982519.0,15:35:00,2026-09-23
sz300501,海顺新材,9.44,-0.13,-1.358,9.44,9.45,9.57,9.32,9.76,9.32,3097760.0,29369582.0,15:35:15,2026-09-23
sz300502,新易盛,451.2,-3.8,-0.835,451.2,451.25,455.0,460.13,462.0,449.02,22723512.0,10295197542.0,15:35:30,2026-09-23
sz300503,昊志机电,67.16,1.84,2.817,67.15,67.16,65.32,65.35,67.66,65.32,11692415.0,780254088.0,15:35:45,2026-09-23
sz300504,天邑股份,18.94,-0.56,-2.872,18.94,18.97,19.5,19.41,19.46,18.63,15766800.0,297736832.0,15:35:00,2026-09-23
sz300505,川金诺,18.96,-0.64,-3.265,18.96,18.97,19.6,19.49,19.59,18.88,13994888.0,266835576.0,15:35:15,2026-09-23
sz300506,名家汇,4.99,0.28,5.945,4.98,4.99,4.71,4.72,5.1,4.63,34393202.0,167450816.0,15:35:30,2026-09-23
sz300507,苏奥传感,6.48,-0.01,-0.154,6.48,6.49,6.49,6.47,6.51,6.43,4657732.0,30135038.0,15:35:45,2026-09-23
sz300508,维宏股份,39.54,0.56,1.437,39.54,39.55,38.98,39.2,39.84,38.52,1613140.0,63319206.0,15:35:00,2026-09-23
sz300509,新美星,8.86,-0.04,-0.449,8.84,8.86,8.9,8.91,8.93,8.8,3498200.0,30959912.0,15:35:15,2026-09-23
sz300510,金冠股份,3.36,-0.11,-3.17,3.36,3.37,3.47,3.46,3.46,3.33,19322600.0,65447935.0,15:35:30,2026-09-23
sz300511,雪榕生物,4.93,-0.17,-3.333,4.93,4.94,5.1,5.08,5.08,4.92,23040025.0,114631087.0,15:35:45,2026-09-23
sz300512,中亚股份,7.46,-0.02,-0.267,7.46,7.49,7.48,7.45,7.52,7.4,2946200.0,21950040.0,15:35:00,2026-09-23
sz300513,恒实科技,7.36,-0.21,-2.774,7.35,7.36,7.57,7.53,7.56,7.31,7497800.0,55561764.0,15:35:15,2026-09-23
sz300514,友讯达,10.4,0.02,0.193,10.4,10.41,10.38,10.38,10.51,10.3,2599599.0,27073353.0,15:35:30,2026-09-23
sz300515,三德科技,17.51,1.1,6.703,17.5,17.51,16.41,16.42,17.73,16.3,10626200.0,182614338.0,15:35:45,2026-09-23
sz300516,久之洋,35.99,-0.63,-1.72,35.99,36.0,36.62,36.66,36.66,35.82,4687540.0,169339363.0,15:35:00,2026-09-23
sz300517,海波重科,12.26,-0.01,-0.081,12.26,12.27,12.27,12.27,12.38,12.03,3693300.0,45225202.0,15:35:15,2026-09-23
sz300518,新迅达,26.45,-0.63,-2.326,26.45,26.46,27.08,26.9,26.99,25.9,6937829.0,183272571.0,15:35:30,2026-09-23
sz300519,新光药业,14.59,-0.21,-1.419,14.59,14.6,14.8,14.71,14.89,14.48,2143818.0,31307169.0,15:35:45,2026-09-23
sz300520,科大国创,25.66,2.73,11.906,25.66,25.67,22.93,23.61,26.5,23.07,38140386.0,939997728.0,15:35:00,2026-09-23
sz300521,爱司凯,25.4,-0.09,-0.353,25.4,25.47,25.49,25.49,25.63,25.08,2154500.0,54639365.0,15:35:15,2026-09-23
sz300522,世名科技,15.67,0.51,3.364,15.67,15.68,15.16,15.25,15.74,15.12,23486034.0,363529373.0,15:35:30,2026-09-23
sz300523,辰安科技,22.88,1.29,5.975,22.88,22.89,21.59,22.4,23.57,21.59,11394349.0,258906249.0,15:35:45,2026-09-23
sz300525,博思软件,7.81,-0.23,-2.861,7.81,7.82,8.04,8.08,8.08,7.8,11894491.0,93588357.0,15:35:00,2026-09-23
sz300527,ST应急,8.26,0.09,1.102,8.26,8.27,8.17,8.18,8.3,8.12,5439195.0,44700857.0,15:35:15,2026-09-23
sz300528,幸福蓝海,13.75,-0.32,-2.274,13.75,13.76,14.07,13.91,13.95,13.61,9805820.0,134731723.0,15:35:30,2026-09-23
sz300529,健帆生物,15.17,-0.1,-0.655,15.17,15.19,15.27,15.23,15.3,15.15,3478100.0,52956252.0,15:35:45,2026-09-23
sz300530,领湃科技,19.1,-0.58,-2.947,19.1,19.11,19.68,19.58,19.78,18.91,4253000.0,81403812.0,15:35:00,2026-09-23
sz300531,优博讯,15.4,-0.15,-0.965,15.4,15.41,15.55,15.51,15.53,15.3,5826200.0,89694503.0,15:35:15,2026-09-23
sz300532,今天国际,7.36,-0.08,-1.075,7.36,7.37,7.44,7.4,7.54,7.33,6247778.0,46187272.0,15:35:30,2026-09-23
sz300533,冰川网络,14.1,-0.47,-3.226,14.09,14.1,14.57,14.5,14.55,14.08,5734000.0,81453397.0,15:35:45,2026-09-23
sz300534,陇神戎发,13.74,-0.69,-4.782,13.73,13.74,14.43,14.15,14.53,13.56,62411070.0,867512676.0,15:35:00,2026-09-23
sz300535,达威股份,15.84,0.14,0.892,15.83,15.85,15.7,15.86,15.98,15.55,2032301.0,32106429.0,15:35:15,2026-09-23
sz300536,农尚环境,8.46,-0.03,-0.353,8.46,8.47,8.49,8.51,8.66,8.44,4254300.0,36294035.0,15:35:30,2026-09-23
sz300537,广信材料,21.58,0.18,0.841,21.58,21.59,21.4,21.38,21.66,21.21,7916100.0,170213321.0,15:35:45,2026-09-23
sz300538,同益股份,15.62,0.38,2.493,15.62,15.63,15.24,15.38,15.72,15.14,4274900.0,66178274.0,15:35:00,2026-09-23
sz300539,横河精密,18.34,0.74,4.205,18.33,18.34,17.6,17.64,18.5,17.47,12587400.0,228387347.0,15:35:15,2026-09-23
sz300540,蜀道装备,26.57,-0.39,-1.447,26.57,26.58,26.96,26.99,27.21,26.38,5823491.0,155143721.0,15:35:30,2026-09-23
sz300541,先进数通,9.55,-0.15,-1.546,9.54,9.55,9.7,9.68,9.68,9.52,3623191.0,34622963.0,15:35:45,2026-09-23
sz300542,新晨科技,12.44,-0.26,-2.047,12.44,12.45,12.7,12.8,12.8,12.37,4565200.0,56857200.0,15:35:00,2026-09-23
sz300543,朗科智能,7.85,0.01,0.128,7.85,7.86,7.84,7.81,7.91,7.75,3617456.0,28354723.0,15:35:15,2026-09-23
sz300545,联得装备,29.6,1.8,6.475,29.6,29.61,27.8,28.01,30.71,27.78,24770053.0,738471630.0,15:35:30,2026-09-23
sz300546,雄帝科技,16.83,-0.48,-2.773,16.83,16.84,17.31,17.2,17.32,16.69,4566430.0,77015922.0,15:35:45,2026-09-23
sz300547,川环科技,24.98,-0.62,-2.422,24.98,24.99,25.6,25.75,25.97,24.9,6297560.0,159325620.0,15:35:00,2026-09-23
sz300548,长芯博创,239.0,2.8,1.185,239.0,239.01,236.2,239.53,243.39,233.85,9568713.0,2287264005.0,15:35:15,2026-09-23
sz300549,优德精密,14.79,0.09,0.612,14.78,14.81,14.7,14.67,14.92,14.58,1571750.0,23212334.0,15:35:30,2026-09-23
sz300550,和仁科技,14.4,0.4,2.857,14.4,14.41,14.0,13.93,14.65,13.78,6323274.0,90267363.0,15:35:45,2026-09-23
sz300551,古鳌科技,11.89,0.12,1.02,11.88,11.89,11.77,11.79,11.95,11.49,7972000.0,93620627.0,15:35:00,2026-09-23
sz300552,万集科技,20.21,-0.63,-3.023,20.21,20.22,20.84,20.7,20.83,20.17,3674122.0,74569413.0,15:35:15,2026-09-23
sz300553,集智股份,67.25,0.95,1.433,67.25,67.27,66.3,66.0,67.7,65.67,3833379.0,255967112.0,15:35:30,2026-09-23
sz300554,三超新材,23.9,0.99,4.321,23.9,23.91,22.91,22.91,25.5,22.78,13024558.0,313583910.0,15:35:45,2026-09-23
sz300555,ST路通,12.35,-0.2,-1.594,12.35,12.4,12.55,12.58,12.58,12.35,609615.0,7577817.0,15:35:00,2026-09-23
sz300556,丝路视觉,16.07,-0.19,-1.169,16.06,16.07,16.26,16.25,16.25,15.9,3219650.0,51612827.0,15:35:15,2026-09-23
sz300557,理工光科,25.84,-0.31,-1.185,25.84,25.86,26.15,26.1,26.2,25.52,1913900.0,49421700.0,15:35:30,2026-09-23
sz300558,贝达药业,50.36,-0.36,-0.71,50.36,50.37,50.72,50.57,51.35,50.19,9623926.0,487441821.0,15:35:45,2026-09-23
sz300559,佳发教育,13.0,-0.1,-0.763,13.0,13.01,13.1,13.11,13.29,12.9,3999050.0,52176856.0,15:35:00,2026-09-23
sz300560,中富通,18.08,-0.58,-3.108,18.07,18.08,18.66,18.95,19.15,18.01,13506000.0,247102259.0,15:35:15,2026-09-23
sz300561,汇金科技,15.5,-0.31,-1.961,15.5,15.51,15.81,15.75,15.75,15.31,10928180.0,168864974.0,15:35:30,2026-09-23
sz300562,乐心股份,17.2,-0.37,-2.106,17.19,17.2,17.57,17.66,17.83,16.97,14923600.0,257894562.0,15:35:45,2026-09-23
sz300563,神宇股份,26.65,-0.61,-2.238,26.64,26.65,27.26,27.26,27.5,26.6,6154664.0,164524865.0,15:35:00,2026-09-23
sz300564,筑博设计,12.61,0.33,2.687,12.61,12.62,12.28,12.26,12.68,12.16,3149140.0,39408422.0,15:35:15,2026-09-23
sz300565,科信技术,9.87,-0.16,-1.595,9.87,9.88,10.03,10.05,10.05,9.78,6370800.0,62867295.0,15:35:30,2026-09-23
sz300566,激智科技,27.57,1.25,4.749,27.57,27.58,26.32,26.34,27.88,26.1,34466607.0,936800680.0,15:35:45,2026-09-23
sz300567,精测电子,210.68,-1.59,-0.749,210.67,210.68,212.27,214.51,214.51,209.39,2950157.0,623251737.0,15:35:00,2026-09-23
sz300568,星源材质,17.0,1.04,6.516,17.0,17.01,15.96,15.93,17.07,15.86,88263284.0,1462261117.0,15:35:15,2026-09-23
sz300569,天能重工,4.94,-0.01,-0.202,4.94,4.95,4.95,4.92,4.97,4.88,14572010.0,71814583.0,15:35:30,2026-09-23
sz300570,太辰光,226.18,-1.28,-0.563,226.18,226.19,227.46,227.05,230.32,224.25,13244571.0,3009753760.0,15:35:45,2026-09-23
sz300571,平治信息,29.41,-0.31,-1.043,29.41,29.42,29.72,29.67,29.68,28.97,4813600.0,140825744.0,15:35:00,2026-09-23
sz300572,安车检测,24.85,0.64,2.644,24.85,24.86,24.21,24.5,25.28,24.03,5457901.0,135190842.0,15:35:15,2026-09-23
sz300573,兴齐眼药,36.68,-0.18,-0.488,36.68,36.69,36.86,37.17,37.28,36.66,3403546.0,125478959.0,15:35:30,2026-09-23
sz300575,中旗股份,6.32,-0.06,-0.94,6.32,6.33,6.38,6.38,6.41,6.26,16689629.0,105447332.0,15:35:45,2026-09-23
sz300576,容大感光,29.88,0.26,0.878,29.87,29.88,29.62,29.56,29.98,29.47,9248718.0,275287730.0,15:35:00,2026-09-23
sz300577,开润股份,19.4,-0.59,-2.951,19.39,19.4,19.99,19.99,19.99,19.31,2604100.0,50886136.0,15:35:15,2026-09-23
sz300578,会畅科技,15.9,0.15,0.952,15.89,15.9,15.75,15.77,16.14,15.12,5873799.0,91716635.0,15:35:30,2026-09-23
sz300579,数字认证,23.87,-0.32,-1.323,23.87,23.88,24.19,24.02,24.17,23.62,4716783.0,112473952.0,15:35:45,2026-09-23
sz300580,贝斯特,18.83,0.31,1.674,18.82,18.83,18.52,18.53,18.98,18.33,6685499.0,124920626.0,15:35:00,2026-09-23
sz300581,晨曦航空,10.15,-0.17,-1.647,10.15,10.16,10.32,10.37,10.38,10.09,6829400.0,69438090.0,15:35:15,2026-09-23
sz300582,英飞特,10.7,-0.14,-1.292,10.69,10.7,10.84,10.83,10.93,10.64,3665800.0,39386212.0,15:35:30,2026-09-23
sz300583,赛托生物,13.83,-0.08,-0.575,13.82,13.83,13.91,13.95,13.95,13.72,3440800.0,47557889.0,15:35:45,2026-09-23
sz300584,海辰药业,31.29,-0.05,-0.16,31.29,31.3,31.34,31.21,32.03,31.05,2092400.0,66132641.0,15:35:00,2026-09-23
sz300585,奥联电子,0.0,0.0,0.0,0.0,0.0,16.04,0.0,0.0,0.0,0.0,0.0,15:35:15,2026-09-23
sz300586,美联新材,9.75,0.36,3.834,9.74,9.75,9.39,9.36,9.82,9.33,24909370.0,240269555.0,15:35:30,2026-09-23
sz300587,天铁科技,5.14,0.17,3.421,5.13,5.14,4.97,4.98,5.2,4.86,62040901.0,315616063.0,15:35:45,2026-09-23
sz300588,熙菱信息,22.43,0.45,2.047,22.42,22.43,21.98,21.98,22.6,21.9,3346902.0,74552628.0,15:35:00,2026-09-23
sz300589,江龙船艇,13.59,-0.47,-3.343,13.59,13.6,14.06,13.97,14.02,13.57,14067902.0,192701511.0,15:35:15,2026-09-23
sz300590,移为通信,11.77,0.19,1.641,11.76,11.77,11.58,11.55,11.83,11.45,15361750.0,178903980.0,15:35:30,2026-09-23
sz300591,万里马,6.55,-0.14,-2.093,6.54,6.55,6.69,6.66,6.7,6.51,9492500.0,62503647.0,15:35:45,2026-09-23
sz300592,华凯易佰,20.7,0.41,2.021,20.7,20.71,20.29,20.22,20.87,19.47,19639613.0,396241691.0,15:35:00,2026-09-23
sz300593,新雷能,33.65,0.23,0.688,33.65,33.66,33.42,34.2,34.49,33.46,15702305.0,534051827.0,15:35:15,2026-09-23
sz300594,ST朗进,15.18,0.28,1.879,15.17,15.18,14.9,14.92,15.35,14.92,1973000.0,29991321.0,15:35:30,2026-09-23
sz300595,欧普康视,10.27,0.05,0.489,10.27,10.28,10.22,10.2,10.58,10.2,8240943.0,85466743.0,15:35:45,2026-09-23
sz300596,利安隆,40.81,-0.33,-0.802,40.81,40.82,41.14,40.98,41.15,40.55,1942608.0,79219315.0,15:35:00,2026-09-23
sz300597,吉大通信,7.96,-0.03,-0.375,7.96,7.98,7.99,7.99,8.02,7.85,3445100.0,27304698.0,15:35:15,2026-09-23
sz300598,诚迈科技,30.85,-0.4,-1.28,30.85,30.86,31.25,31.2,31.23,30.58,3672878.0,113042438.0,15:35:30,2026-09-23
sz300599,雄塑科技,12.35,-0.34,-2.679,12.35,12.36,12.69,12.69,12.8,12.17,10694600.0,132772422.0,15:35:45,2026-09-23
sz300600,国瑞科技,10.28,-0.34,-3.202,10.28,10.29,10.62,10.62,10.68,10.27,6388674.0,66150700.0,15:35:00,2026-09-23
sz300601,康泰生物,13.18,0.1,0.765,13.17,13.18,13.08,13.05,13.4,13.0,22902623.0,302490272.0,15:35:15,2026-09-23
sz300602,飞荣达,39.0,0.12,0.309,39.0,39.01,38.88,38.88,39.66,38.6,15680255.0,613929246.0,15:35:30,2026-09-23
sz300603,立昂技术,8.13,-0.14,-1.693,8.13,8.14,8.27,8.22,8.32,8.06,10289551.0,83820322.0,15:35:45,2026-09-23
sz300604,长川科技,271.18,-1.67,-0.612,271.18,271.2,272.85,277.0,277.05,270.88,9350660.0,2550935443.0,15:35:00,2026-09-23
sz300605,恒锋信息,10.16,-0.18,-1.741,10.15,10.16,10.34,10.29,10.34,10.03,3422600.0,34719296.0,15:35:15,2026-09-23
sz300606,金太阳,36.78,-0.51,-1.368,36.78,36.79,37.29,37.25,37.7,36.66,6609750.0,244938566.0,15:35:30,2026-09-23
sz300607,拓斯达,32.4,-0.49,-1.49,32.4,32.41,32.89,32.83,32.96,32.28,13078725.0,425457051.0,15:35:45,2026-09-23
sz300608,思特奇,9.9,-0.23,-2.27,9.9,9.91,10.13,10.1,10.11,9.86,6647000.0,66061901.0,15:35:00,2026-09-23
sz300609,汇纳科技,25.84,1.16,4.7,25.83,25.84,24.68,24.68,25.98,24.17,5093328.0,128609915.0,15:35:15,2026-09-23
sz300610,晨化股份,10.4,-0.06,-0.574,10.4,10.43,10.46,10.4,10.46,10.33,2242370.0,23299342.0,15:35:30,2026-09-23
sz300611,美力科技,28.37,0.23,0.817,28.36,28.37,28.14,28.04,28.5,27.88,3415219.0,96273489.0,15:35:45,2026-09-23
sz300612,宣亚国际,12.32,-0.38,-2.992,12.32,12.33,12.7,12.7,12.7,12.21,5727300.0,70777056.0,15:35:00,2026-09-23
sz300613,富瀚微,86.59,2.85,3.403,86.58,86.59,83.74,83.49,87.02,82.8,13571137.0,1150582612.0,15:35:15,2026-09-23
sz300614,百川畅银,10.4,-0.02,-0.192,10.37,10.4,10.42,10.42,10.49,10.22,2248400.0,23279195.0,15:35:30,2026-09-23
sz300615,欣天科技,14.36,-0.63,-4.203,14.36,14.37,14.99,14.86,14.96,14.1,15685700.0,225322265.0,15:35:45,2026-09-23
sz300616,尚品宅配,11.06,-0.05,-0.45,11.06,11.07,11.11,11.17,11.35,10.9,6908200.0,77019384.0,15:35:00,2026-09-23
sz300617,安靠智电,35.9,-0.37,-1.02,35.9,35.91,36.27,36.33,36.41,35.6,2232700.0,80118478.0,15:35:15,2026-09-23
sz300618,寒锐钴业,32.11,-0.21,-0.65,32.11,32.12,32.32,32.5,32.6,32.03,2518187.0,80976945.0,15:35:30,2026-09-23
sz300619,金银河,27.23,0.95,3.615,27.23,27.24,26.28,26.29,27.55,26.15,10186641.0,275926028.0,15:35:45,2026-09-23
sz300620,光库科技,289.18,-2.82,-0.966,289.18,289.19,292.0,291.01,295.26,288.5,7469922.0,2176879484.0,15:35:00,2026-09-23
sz300621,维业股份,7.06,-0.03,-0.423,7.06,7.09,7.09,7.15,7.15,6.98,3605100.0,25479699.0,15:35:15,2026-09-23
sz300622,博士眼镜,15.41,-0.24,-1.534,15.4,15.41,15.65,15.65,15.69,15.21,11127820.0,171411158.0,15:35:30,2026-09-23
sz300623,捷捷微电,34.99,0.47,1.362,34.99,35.0,34.52,34.53,35.45,34.4,22137699.0,774621500.0,15:35:45,2026-09-23
sz300624,万兴科技,50.06,-2.69,-5.1,50.06,50.08,52.75,52.5,52.71,50.0,11665789.0,590437510.0,15:35:00,2026-09-23
sz300625,三雄极光,9.99,-0.13,-1.285,9.99,10.01,10.12,10.04,10.17,9.96,1670200.0,16757678.0,15:35:15,2026-09-23
sz300626,华瑞股份,29.14,-0.37,-1.254,29.11,29.14,29.51,29.6,29.6,28.84,2460900.0,71628956.0,15:35:30,2026-09-23
sz300627,华测导航,26.67,-0.16,-0.596,26.67,26.68,26.83,26.9,27.04,26.65,3698109.0,99110799.0,15:35:45,2026-09-23
sz300628,亿联网络,41.52,-0.22,-0.527,41.5,41.53,41.74,41.55,41.93,41.12,4490389.0,185980332.0,15:35:00,2026-09-23
sz300629,新劲刚,18.2,0.08,0.442,18.19,18.2,18.12,18.06,18.32,17.82,4789123.0,86683784.0,15:35:15,2026-09-23
sz300631,久吾高科,21.59,0.19,0.888,21.55,21.59,21.4,21.47,21.66,21.18,1178080.0,25249398.0,15:35:30,2026-09-23
sz300632,光莆股份,19.35,0.1,0.519,19.35,19.37,19.25,19.24,19.59,19.18,10682900.0,207197644.0,15:35:45,2026-09-23
sz300633,开立医疗,19.75,-0.1,-0.504,19.75,19.79,19.85,19.94,20.07,19.67,2642366.0,52413198.0,15:35:00,2026-09-23
sz300634,彩讯股份,21.85,-0.43,-1.93,21.85,21.86,22.28,22.09,22.2,21.6,21177239.0,462163168.0,15:35:15,2026-09-23
sz300635,中达安,11.81,-0.12,-1.006,11.81,11.83,11.93,11.91,11.99,11.78,2592900.0,30755697.0,15:35:30,2026-09-23
sz300636,同和药业,7.01,-0.02,-0.284,7.01,7.02,7.03,7.06,7.07,6.98,5045644.0,35445889.0,15:35:45,2026-09-23
sz300637,扬帆新材,9.44,-0.03,-0.317,9.44,9.45,9.47,9.42,9.51,9.4,2077090.0,19661821.0,15:35:00,2026-09-23
sz300638,广和通,20.69,-0.06,-0.289,20.68,20.69,20.75,20.54,20.83,20.4,16572404.0,341692641.0,15:35:15,2026-09-23
sz300639,凯普生物,6.18,0.01,0.162,6.17,6.18,6.17,6.14,6.21,6.12,10758565.0,66325052.0,15:35:30,2026-09-23
sz300640,德艺文创,6.41,-0.26,-3.898,6.41,6.42,6.67,6.67,6.78,6.35,11414200.0,74577465.0,15:35:45,2026-09-23
sz300641,正丹股份,13.68,-0.02,-0.146,13.68,13.69,13.7,13.67,13.78,13.66,2474344.0,33921015.0,15:35:00,2026-09-23
sz300642,透景生命,21.44,0.42,1.998,21.44,21.45,21.02,20.5,22.47,20.32,41433341.0,887965789.0,15:35:15,2026-09-23
sz300643,万通智控,18.11,-0.15,-0.821,18.11,18.12,18.26,18.28,18.38,18.04,2936700.0,53332835.0,15:35:30,2026-09-23
sz300644,南京聚隆,21.4,0.42,2.002,21.4,21.41,20.98,20.98,21.6,20.63,3656180.0,77407018.0,15:35:45,2026-09-23
sz300645,正元智慧,14.07,-0.3,-2.088,14.06,14.07,14.37,14.29,14.36,13.89,5455931.0,76783780.0,15:35:00,2026-09-23
sz300647,超频三,8.55,0.06,0.707,8.55,8.56,8.49,8.47,8.78,8.43,34438800.0,295691649.0,15:35:15,2026-09-23
sz300648,星云股份,40.51,-0.5,-1.219,40.5,40.51,41.01,41.2,41.48,40.51,1247300.0,50952495.0,15:35:30,2026-09-23
sz300649,杭州园林,28.81,-0.18,-0.621,28.8,28.81,28.99,28.99,29.69,28.53,3812800.0,110874613.0,15:35:45,2026-09-23
sz300650,太龙股份,13.05,0.49,3.901,13.05,13.06,12.56,12.51,13.29,12.43,11523300.0,149125069.0,15:35:00,2026-09-23
sz300651,金陵体育,16.19,-0.31,-1.879,16.18,16.19,16.5,16.53,16.59,16.19,2590504.0,42242189.0,15:35:15,2026-09-23
sz300652,雷迪克,29.3,1.46,5.244,29.3,29.31,27.84,27.84,29.59,27.39,7800690.0,224623056.0,15:35:30,2026-09-23
sz300653,正海生物,15.59,0.09,0.581,15.57,15.59,15.5,15.59,15.63,15.38,1299104.0,20198200.0,15:35:45,2026-09-23
sz300654,世纪天鸿,9.6,-0.27,-2.736,9.6,9.61,9.87,9.81,9.85,9.6,7740300.0,74732400.0,15:35:00,2026-09-23
sz300655,晶瑞电材,13.65,0.42,3.175,13.64,13.65,13.23,13.31,13.76,13.18,44907201.0,607158016.0,15:35:15,2026-09-23
sz300656,民德电子,30.06,0.3,1.008,30.06,30.07,29.76,29.9,30.4,29.4,7881600.0,236295111.0,15:35:30,2026-09-23
sz300657,弘信电子,37.2,-0.76,-2.002,37.2,37.21,37.96,37.81,38.14,37.1,19845213.0,743929664.0,15:35:45,2026-09-23
sz300658,延江股份,10.7,-0.19,-1.745,10.7,10.71,10.89,10.81,10.91,10.62,5431500.0,58346715.0,15:35:00,2026-09-23
sz300659,中孚信息,10.87,-0.31,-2.773,10.87,10.88,11.18,11.17,11.18,10.81,10428813.0,113867210.0,15:35:15,2026-09-23
sz300660,江苏雷利,23.93,0.23,0.97,23.93,23.94,23.7,23.79,24.06,23.55,4164780.0,99232997.0,15:35:30,2026-09-23
sz300661,圣邦股份,122.45,0.77,0.633,122.45,122.46,121.68,121.67,124.29,119.0,8832251.0,1080242614.0,15:35:45,2026-09-23
sz300662,科锐国际,20.98,-0.23,-1.084,20.98,20.99,21.21,21.17,21.24,20.75,2409500.0,50524890.0,15:35:00,2026-09-23
sz300663,科蓝软件,7.54,-0.44,-5.514,7.54,7.55,7.98,7.99,7.99,7.52,24127067.0,183989744.0,15:35:15,2026-09-23
sz300664,鹏鹞环保,4.62,-0.03,-0.645,4.61,4.62,4.65,4.66,4.67,4.59,5078450.0,23461656.0,15:35:30,2026-09-23
sz300665,飞鹿股份,8.85,-0.12,-1.338,8.85,8.86,8.97,8.92,9.03,8.74,5601200.0,49679764.0,15:35:45,2026-09-23
sz300666,江丰电子,251.99,2.38,0.953,251.99,252.0,249.61,252.69,255.3,250.1,5155910.0,1300414671.0,15:35:00,2026-09-23
sz300667,必创科技,15.31,0.21,1.391,15.3,15.31,15.1,15.05,15.42,14.89,7430328.0,112983290.0,15:35:15,2026-09-23
sz300668,杰恩股份,32.35,-0.44,-1.342,32.35,32.37,32.79,32.8,33.66,32.14,2328400.0,75915356.0,15:35:30,2026-09-23
sz300669,沪宁股份,24.68,0.2,0.817,24.68,24.71,24.48,24.51,25.3,24.5,2839275.0,70575475.0,15:35:45,2026-09-23
sz300670,大烨智能,7.61,0.14,1.874,7.61,7.62,7.47,7.63,7.73,7.24,21027800.0,157638709.0,15:35:00,2026-09-23
sz300671,富满微,62.26,2.1,3.491,62.25,62.26,60.16,59.96,62.88,59.9,19508939.0,1201728453.0,15:35:15,2026-09-23
sz300672,国科微,201.07,-2.11,-1.038,201.05,201.07,203.18,207.2,207.2,199.85,6888661.0,1391243323.0,15:35:30,2026-09-23
sz300673,佩蒂股份,15.03,-0.2,-1.313,15.03,15.06,15.23,15.2,15.26,15.0,2197120.0,33161677.0,15:35:45,2026-09-23
sz300674,宇信科技,16.46,-0.38,-2.257,16.46,16.47,16.84,16.79,16.8,16.43,13049500.0,215403175.0,15:35:00,2026-09-23
sz300675,建科院,13.03,-0.01,-0.077,13.03,13.04,13.04,13.05,13.23,12.8,1655600.0,21639709.0,15:35:15,2026-09-23
sz300676,华大基因,44.02,0.21,0.479,44.02,44.03,43.81,43.71,44.62,43.45,13982971.0,617560626.0,15:35:30,2026-09-23
sz300677,英科医疗,49.8,-1.1,-2.161,49.79,49.8,50.9,50.7,51.17,49.7,5611864.0,281871558.0,15:35:45,2026-09-23
sz300678,中科信息,21.57,-0.37,-1.686,21.57,21.58,21.94,21.92,22.0,21.55,2621150.0,56746476.0,15:35:00,2026-09-23
sz300679,电连技术,46.22,0.89,1.963,46.21,46.22,45.33,45.33,46.97,45.32,18123630.0,835471246.0,15:35:15,2026-09-23
sz300680,隆盛科技,20.98,0.28,1.353,20.98,20.99,20.7,20.71,21.18,20.51,5420188.0,113104972.0,15:35:30,2026-09-23
sz300681,英搏尔,23.09,0.53,2.349,23.09,23.1,22.56,22.6,23.32,21.94,21181648.0,480123077.0,15:35:45,2026-09-23
sz300682,朗新科技,8.93,-0.18,-1.976,8.93,8.94,9.11,9.11,9.12,8.92,9502343.0,85426860.0,15:35:00,2026-09-23
sz300683,海特生物,26.03,-0.27,-1.027,26.03,26.04,26.3,26.26,26.74,26.01,4720100.0,123980953.0,15:35:15,2026-09-23
sz300684,中石科技,119.5,7.74,6.926,119.49,119.5,111.76,114.91,126.99,114.5,33711131.0,4075894730.0,15:35:30,2026-09-23
sz300685,艾德生物,21.01,1.08,5.419,21.0,21.01,19.93,19.93,21.29,19.82,26362990.0,547728755.0,15:35:45,2026-09-23
sz300686,智动力,14.98,0.18,1.216,14.98,14.99,14.8,14.86,15.09,14.62,4348300.0,64618339.0,15:35:00,2026-09-23
sz300687,赛意信息,30.16,-0.54,-1.759,30.15,30.16,30.7,30.63,30.87,29.94,16405112.0,496885604.0,15:35:15,2026-09-23
sz300688,创业黑马,36.28,-0.5,-1.359,36.28,36.29,36.78,37.47,37.6,35.95,7826210.0,285379772.0,15:35:30,2026-09-23
sz300689,澄天伟业,67.24,1.22,1.848,67.22,67.24,66.02,66.03,69.6,66.03,5116210.0,346525986.0,15:35:45,2026-09-23
sz300690,双一科技,23.96,0.09,0.377,23.96,23.97,23.87,23.88,24.01,23.62,5323001.0,126947912.0,15:35:00,2026-09-23
sz300691,联合光电,20.96,1.66,8.601,20.95,20.96,19.3,19.49,21.1,19.22,38353140.0,780295931.0,15:35:15,2026-09-23
sz300692,中赋科技,9.46,-0.04,-0.421,9.45,9.46,9.5,9.5,9.62,9.35,13089001.0,124138227.0,15:35:30,2026-09-23
sz300693,盛弘股份,38.32,0.06,0.157,38.31,38.32,38.26,38.11,38.7,37.99,6942996.0,266258409.0,15:35:45,2026-09-23
sz300694,蠡湖股份,10.58,-0.07,-0.657,10.58,10.61,10.65,10.61,10.72,10.49,2946700.0,31245542.0,15:35:00,2026-09-23
sz300695,兆丰股份,53.08,0.17,0.321,53.01,53.08,52.91,52.72,53.75,52.12,617000.0,32811590.0,15:35:15,2026-09-23
sz300696,爱乐达,21.09,-0.3,-1.403,21.08,21.09,21.39,21.34,21.44,20.92,4288496.0,90733871.0,15:35:30,2026-09-23
sz300697,电工合金,15.27,-0.27,-1.737,15.26,15.27,15.54,15.61,15.78,15.21,8687500.0,133242234.0,15:35:45,2026-09-23
sz300698,万马科技,28.27,-0.46,-1.601,28.26,28.27,28.73,28.7,28.7,28.11,2448456.0,69274792.0,15:35:00,2026-09-23
sz300699,光威复材,23.56,-0.12,-0.507,23.56,23.57,23.68,23.65,23.73,23.44,5945913.0,140175427.0,15:35:15,2026-09-23
sz300700,岱勒新材,17.49,0.36,2.102,17.48,17.49,17.13,17.06,17.56,17.06,6772408.0,117502758.0,15:35:30,2026-09-23
sz300701,森霸传感,10.05,0.05,0.5,10.04,10.05,10.0,9.95,10.09,9.94,2477600.0,24820939.0,15:35:45,2026-09-23
sz300702,天宇股份,21.51,-0.23,-1.058,21.5,21.53,21.74,21.74,21.9,21.5,2347000.0,50861651.0,15:35:00,2026-09-23
sz300703,创源股份,13.8,-0.4,-2.817,13.8,13.81,14.2,14.28,14.28,13.7,5005800.0,69775954.0,15:35:15,2026-09-23
sz300705,九典制药,11.07,-0.04,-0.36,11.06,11.07,11.11,11.06,11.14,11.0,4230180.0,46766643.0,15:35:30,2026-09-23
sz300706,阿石创,51.85,1.44,2.857,51.84,51.85,50.41,50.42,52.2,50.2,8241710.0,423646031.0,15:35:45,2026-09-23
sz300707,威唐工业,12.13,0.0,0.0,12.12,12.13,12.13,12.12,12.28,12.05,2178120.0,26460934.0,15:35:00,2026-09-23
sz300708,聚灿光电,9.88,0.46,4.883,9.87,9.88,9.42,9.46,10.19,9.4,87449293.0,869594211.0,15:35:15,2026-09-23
sz300709,精研科技,38.97,-0.16,-0.409,38.97,38.98,39.13,39.24,39.45,38.37,5991721.0,233511882.0,15:35:30,2026-09-23
sz300710,万隆光电,30.98,-0.3,-0.959,30.97,30.98,31.28,31.5,31.5,30.65,1921500.0,59393486.0,15:35:45,2026-09-23
sz300711,广哈通信,18.12,-0.71,-3.771,18.12,18.13,18.83,18.68,18.75,18.0,6851100.0,124790617.0,15:35:00,2026-09-23
sz300712,永福股份,20.46,-0.4,-1.918,20.41,20.47,20.86,20.81,20.84,20.41,1247678.0,25665370.0,15:35:15,2026-09-23
sz300713,英可瑞,13.65,-0.26,-1.869,13.65,13.66,13.91,14.01,14.1,13.57,3643245.0,50037112.0,15:35:30,2026-09-23
sz300715,凯伦股份,14.45,-0.12,-0.824,14.44,14.45,14.57,14.63,14.65,14.26,6620700.0,95353361.0,15:35:45,2026-09-23
sz300716,*ST泉为,17.89,-0.27,-1.487,17.89,17.9,18.16,18.17,18.25,17.67,2051595.0,36789212.0,15:35:00,2026-09-23
sz300717,华信新材,19.08,0.03,0.157,19.08,19.13,19.05,18.95,19.19,18.8,1740900.0,33152952.0,15:35:15,2026-09-23
sz300718,长盛轴承,53.06,-0.1,-0.188,53.06,53.07,53.16,53.34,53.65,52.9,2596902.0,138267809.0,15:35:30,2026-09-23
sz300719,安达维尔,11.96,-0.2,-1.645,11.94,11.96,12.16,12.16,12.16,11.9,2164300.0,25923146.0,15:35:45,2026-09-23
sz300720,海川智能,62.95,-0.75,-1.177,62.95,62.96,63.7,63.99,64.2,61.51,7734217.0,484428297.0,15:35:00,2026-09-23
sz300721,怡达股份,22.47,-0.09,-0.399,22.47,22.48,22.56,22.55,22.79,22.18,5932790.0,133436773.0,15:35:15,2026-09-23
sz300722,新余国科,21.49,-0.46,-2.096,21.48,21.49,21.95,21.82,21.87,21.41,2296242.0,49447551.0,15:35:30,2026-09-23
sz300723,一品红,34.37,-0.21,-0.607,34.37,34.38,34.58,34.47,34.98,34.31,4661402.0,161208406.0,15:35:45,2026-09-23
sz300724,捷佳伟创,55.23,0.78,1.433,55.22,55.23,54.45,54.4,55.79,54.2,7046627.0,390175466.0,15:35:00,2026-09-23
sz300725,药石科技,54.35,0.85,1.589,54.35,54.36,53.5,53.5,55.0,52.69,28699653.0,1555754075.0,15:35:15,2026-09-23
sz300726,宏达电子,59.48,0.76,1.294,59.48,59.49,58.72,58.72,59.82,57.8,9761098.0,575970446.0,15:35:30,2026-09-23
sz300727,润禾材料,36.45,1.65,4.741,36.43,36.45,34.8,34.81,36.96,34.5,6329026.0,228528055.0,15:35:45,2026-09-23
sz300729,乐歌股份,11.27,-0.33,-2.845,11.27,11.28,11.6,11.49,11.54,11.25,5516173.0,62611680.0,15:35:00,2026-09-23
sz300730,科创信息,11.56,-0.3,-2.53,11.56,11.57,11.86,11.68,11.96,11.37,10564288.0,122387706.0,15:35:15,2026-09-23
sz300731,科创新源,52.91,2.09,4.113,52.9,52.91,50.82,51.58,52.98,50.58,9692191.0,505624011.0,15:35:30,2026-09-23
sz300732,设研院,5.76,-0.09,-1.538,5.76,5.77,5.85,5.83,5.85,5.74,3983948.0,23081541.0,15:35:45,2026-09-23
sz300733,西菱动力,13.77,-0.37,-2.617,13.77,13.78,14.14,14.25,14.28,13.59,6507546.0,90063860.0,15:35:00,2026-09-23
sz300735,光弘科技,18.63,-0.31,-1.637,18.62,18.63,18.94,18.9,19.06,18.51,7934995.0,148350057.0,15:35:15,2026-09-23
sz300736,百邦科技,34.55,0.3,0.876,34.55,34.56,34.25,34.25,35.1,33.68,3623550.0,125212339.0,15:35:30,2026-09-23
sz300737,科顺股份,4.85,-0.06,-1.222,4.84,4.85,4.91,4.86,4.99,4.83,26420193.0,129421941.0,15:35:45,2026-09-23
sz300738,奥飞数据,19.71,-0.34,-1.696,19.71,19.72,20.05,19.89,19.92,19.56,24502066.0,482833852.0,15:35:00,2026-09-23
sz300739,明阳电路,31.89,0.86,2.772,31.89,31.9,31.03,31.04,32.65,31.01,21726785.0,695203713.0,15:35:15,2026-09-23
sz300740,水羊股份,20.6,-2.67,-11.474,20.6,20.61,23.27,23.24,23.26,20.56,53658967.0,1149274952.0,15:35:30,2026-09-23
sz300741,华宝股份,29.59,0.1,0.339,29.58,29.59,29.49,28.4,30.05,28.11,27763030.0,815898304.0,15:35:45,2026-09-23
sz300743,天地数码,14.57,0.04,0.275,14.57,14.58,14.53,14.53,14.62,14.41,2200804.0,31927477.0,15:35:00,2026-09-23
sz300745,欣锐科技,27.99,0.09,0.323,27.98,27.99,27.9,28.19,28.39,27.68,3738300.0,104680683.0,15:35:15,2026-09-23
sz300746,汉嘉数智,14.95,0.09,0.606,14.94,14.95,14.86,14.82,15.05,14.64,2958600.0,44098095.0,15:35:30,2026-09-23
sz300747,锐科激光,40.75,0.25,0.617,40.74,40.75,40.5,40.5,41.38,40.32,13338679.0,545522881.0,15:35:45,2026-09-23
sz300748,金力永磁,25.55,-0.29,-1.122,25.54,25.55,25.84,25.75,25.84,25.41,9728057.0,248355781.0,15:35:00,2026-09-23
sz300749,顶固集创,24.88,-0.29,-1.152,24.88,24.89,25.17,25.13,25.44,24.63,3692200.0,91933778.0,15:35:15,2026-09-23
sz300750,宁德时代,301.0,-3.63,-1.192,300.99,301.0,304.63,304.5,305.76,299.1,24744055.0,7443572348.0,15:35:30,2026-09-23
sz300751,迈为股份,201.31,-2.2,-1.081,201.3,201.31,203.51,203.52,206.44,199.8,3981165.0,806381247.0,15:35:45,2026-09-23
sz300752,隆利科技,13.42,-0.04,-0.297,13.41,13.42,13.46,13.46,13.7,13.2,7046113.0,94543719.0,15:35:00,2026-09-23
sz300753,爱朋医疗,21.35,-0.38,-1.749,21.35,21.37,21.73,21.51,21.78,21.25,3614597.0,77508615.0,15:35:15,2026-09-23
sz300755,华致酒行,11.69,0.09,0.776,11.69,11.7,11.6,11.6,12.27,11.43,11371660.0,135177875.0,15:35:30,2026-09-23
sz300756,金马游乐,33.74,-1.06,-3.046,33.74,33.75,34.8,34.88,35.2,33.51,5828590.0,198867044.0,15:35:45,2026-09-23
sz300757,罗博特科,597.98,-7.9,-1.304,597.94,597.98,605.88,611.0,611.68,589.0,4887107.0,2918355148.0,15:35:00,2026-09-23
sz300758,七彩化学,11.43,-0.07,-0.609,11.43,11.44,11.5,11.54,11.57,11.37,3958405.0,45192277.0,15:35:15,2026-09-23
sz300759,康龙化成,45.02,0.56,1.26,45.02,45.03,44.46,44.46,46.34,44.12,54582607.0,2467393398.0,15:35:30,2026-09-23
sz300760,迈瑞医疗,155.46,-1.22,-0.779,155.46,155.47,156.68,156.5,158.0,155.3,4629507.0,724148466.0,15:35:45,2026-09-23
sz300761,立华股份,20.74,-0.13,-0.623,20.73,20.74,20.87,20.82,21.27,20.69,3574697.0,74435790.0,15:35:00,2026-09-23
sz300762,上海瀚讯,26.81,-0.45,-1.651,26.8,26.81,27.26,27.17,27.22,26.64,10797458.0,289927150.0,15:35:15,2026-09-23
sz300763,锦浪科技,54.97,-1.0,-1.787,54.97,54.98,55.97,56.18,56.35,54.89,7378645.0,409208170.0,15:35:30,2026-09-23
sz300765,石药创新,47.15,-0.71,-1.483,47.14,47.15,47.86,47.55,48.0,46.63,13300236.0,629546171.0,15:35:45,2026-09-23
sz300766,每日互动,21.98,-0.76,-3.342,21.98,21.99,22.74,22.54,22.68,21.98,13351368.0,295829038.0,15:35:00,2026-09-23
sz300767,震安科技,21.21,-0.14,-0.656,21.21,21.22,21.35,21.6,21.71,21.15,4626900.0,98696422.0,15:35:15,2026-09-23
sz300768,迪普科技,15.29,0.04,0.262,15.28,15.29,15.25,15.25,15.49,15.12,6289972.0,96209311.0,15:35:30,2026-09-23
sz300769,德方纳米,41.06,-0.47,-1.132,41.06,41.07,41.53,41.52,41.52,40.81,5877238.0,241260842.0,15:35:45,2026-09-23
sz300770,新媒股份,34.86,-0.26,-0.74,34.85,34.86,35.12,35.15,35.2,34.71,2251873.0,78505712.0,15:35:00,2026-09-23
sz300771,智莱科技,11.45,-0.03,-0.261,11.44,11.45,11.48,11.48,11.52,11.3,2743650.0,31246534.0,15:35:15,2026-09-23
sz300772,运达股份,9.44,0.05,0.532,9.43,9.44,9.39,9.38,9.46,9.3,12302350.0,115431359.0,15:35:30,2026-09-23
sz300773,拉卡拉,14.95,-0.4,-2.606,14.95,14.96,15.35,15.27,15.27,14.92,28134163.0,422317720.0,15:35:45,2026-09-23
sz300774,倍杰特,10.03,-0.14,-1.377,10.03,10.04,10.17,10.25,10.27,9.91,8385831.0,84172819.0,15:35:00,2026-09-23
sz300775,三角防务,20.96,-0.32,-1.504,20.95,20.96,21.28,21.28,21.28,20.92,6813063.0,143488634.0,15:35:15,2026-09-23
sz300776,帝尔激光,129.39,5.37,4.33,129.39,129.4,124.02,129.11,137.45,128.33,16368369.0,2162933041.0,15:35:30,2026-09-23
sz300777,中简科技,21.29,-0.06,-0.281,21.29,21.3,21.35,21.35,21.45,21.23,2956480.0,62986062.0,15:35:45,2026-09-23
sz300778,新城市,10.98,0.11,1.012,10.97,10.98,10.87,10.85,11.25,10.75,4636300.0,51195808.0,15:35:00,2026-09-23
sz300779,惠城环保,53.76,-0.34,-0.628,53.76,53.77,54.1,53.88,54.76,53.39,4073473.0,220229583.0,15:35:15,2026-09-23
sz300780,德恩精工,20.11,-0.17,-0.838,20.11,20.13,20.28,20.17,20.5,19.92,3883700.0,78143819.0,15:35:30,2026-09-23
sz300781,因赛集团,27.41,-0.97,-3.418,27.41,27.42,28.38,28.3,28.37,27.34,5369060.0,148496799.0,15:35:45,2026-09-23
sz300782,卓胜微,76.76,2.01,2.689,76.75,76.76,74.75,74.75,77.35,74.28,10680572.0,811683872.0,15:35:00,2026-09-23
sz300783,三只松鼠,16.8,-0.18,-1.06,16.8,16.81,16.98,16.97,17.08,16.8,3465400.0,58587595.0,15:35:15,2026-09-23
sz300784,利安科技,42.9,0.23,0.539,42.82,42.9,42.67,42.46,42.95,42.43,405600.0,17332811.0,15:35:30,2026-09-23
sz300785,值得买,36.23,-1.44,-3.823,36.22,36.23,37.67,38.88,39.2,35.91,17697167.0,650214768.0,15:35:45,2026-09-23
sz300786,国林科技,15.0,-0.11,-0.728,14.99,15.0,15.11,15.15,15.2,14.91,6144807.0,92238169.0,15:35:00,2026-09-23
sz300787,海能实业,11.8,-0.1,-0.84,11.78,11.8,11.9,11.95,12.05,11.61,7841824.0,92791807.0,15:35:15,2026-09-23
sz300788,中信出版,30.49,-4.3,-12.36,30.49,30.5,34.79,33.6,33.99,30.39,19914316.0,629841495.0,15:35:30,2026-09-23
sz300789,唐源电气,16.42,-0.08,-0.485,16.42,16.43,16.5,16.42,16.86,16.32,3300140.0,54669141.0,15:35:45,2026-09-23
sz300790,宇瞳光学,20.34,0.45,2.262,20.34,20.35,19.89,19.95,20.5,19.82,28561305.0,576012507.0,15:35:00,2026-09-23
sz300791,仙乐健康,17.76,-0.09,-0.504,17.75,17.76,17.85,17.78,18.08,17.72,1096317.0,19614065.0,15:35:15,2026-09-23
sz300792,壹网壹创,24.93,-0.93,-3.596,24.93,24.94,25.86,25.6,25.85,24.82,10106300.0,253678155.0,15:35:30,2026-09-23
sz300793,佳禾智能,12.0,-0.19,-1.559,12.0,12.01,12.19,12.15,12.2,11.98,6688600.0,80576291.0,15:35:45,2026-09-23
sz300795,米奥会展,13.5,-0.65,-4.594,13.5,13.51,14.15,14.04,14.19,13.44,27044888.0,369384035.0,15:35:00,2026-09-23
sz300796,贝斯美,6.88,-0.01,-0.145,6.88,6.89,6.89,6.91,6.93,6.8,2162400.0,14880537.0,15:35:15,2026-09-23
sz300797,钢研纳克,13.56,0.26,1.955,13.56,13.57,13.3,13.37,13.65,13.16,4157007.0,55919340.0,15:35:30,2026-09-23
sz300798,锦鸡股份,8.73,-0.3,-3.322,8.73,8.74,9.03,8.98,9.12,8.7,27043374.0,238052113.0,15:35:45,2026-09-23
sz300800,力合科技,10.53,0.02,0.19,10.53,10.54,10.51,10.51,10.57,10.38,2073600.0,21721709.0,15:35:00,2026-09-23
sz300801,泰和科技,22.15,0.11,0.499,22.15,22.16,22.04,22.0,22.17,21.81,2816600.0,62151051.0,15:35:15,2026-09-23
sz300802,矩子科技,27.14,-0.56,-2.022,27.14,27.15,27.7,27.41,27.58,27.04,9908160.0,269944908.0,15:35:30,2026-09-23
sz300803,指南针,58.25,0.39,0.674,58.25,58.26,57.86,58.18,59.11,57.22,19428176.0,1130351351.0,15:35:45,2026-09-23
sz300804,广康生化,46.76,1.95,4.352,46.76,46.77,44.81,44.81,47.46,44.32,1460700.0,67666581.0,15:35:00,2026-09-23
sz300805,电声股份,8.52,-0.15,-1.73,8.52,8.53,8.67,8.67,8.67,8.42,7619752.0,64812361.0,15:35:15,2026-09-23
sz300806,斯迪克,55.78,0.23,0.414,55.78,55.8,55.55,55.58,57.0,55.55,17939856.0,1008760276.0,15:35:30,2026-09-23
sz300807,天迈科技,36.5,-0.6,-1.617,36.5,36.57,37.1,37.1,37.1,36.36,724000.0,26509766.0,15:35:45,2026-09-23
sz300808,久量股份,21.28,-0.19,-0.885,21.28,21.29,21.47,21.4,21.97,21.18,3181000.0,68266735.0,15:35:00,2026-09-23
sz300809,华辰装备,24.75,0.05,0.202,24.74,24.75,24.7,24.74,24.94,24.6,2477100.0,61301768.0,15:35:15,2026-09-23
sz300810,中科海讯,25.18,-0.67,-2.592,25.18,25.19,25.85,25.75,25.75,25.0,1895900.0,47856449.0,15:35:30,2026-09-23
sz300811,铂科新材,86.82,0.37,0.428,86.81,86.82,86.45,87.5,88.05,85.33,8962541.0,777764693.0,15:35:45,2026-09-23
sz300812,易天股份,20.65,0.31,1.524,20.64,20.65,20.34,20.2,20.83,20.05,10853780.0,223085455.0,15:35:00,2026-09-23
sz300813,泰林生物,23.21,0.06,0.259,23.21,23.22,23.15,23.26,23.5,22.8,2404246.0,55778977.0,15:35:15,2026-09-23
sz300814,中富电路,145.22,1.97,1.375,145.21,145.22,143.25,153.92,154.51,144.5,12917862.0,1930132102.0,15:35:30,2026-09-23
sz300815,玉禾田,15.74,-0.16,-1.006,15.73,15.74,15.9,15.9,15.9,15.6,4558500.0,71641175.0,15:35:45,2026-09-23
sz300816,艾可蓝,65.51,-0.59,-0.893,65.5,65.51,66.1,66.1,66.82,65.19,2814600.0,185801860.0,15:35:00,2026-09-23
sz300817,双飞集团,16.38,-0.11,-0.667,16.38,16.47,16.49,16.63,16.63,16.33,1358905.0,22322643.0,15:35:15,2026-09-23
sz300818,耐普矿机,16.78,0.1,0.6,16.77,16.78,16.68,16.68,16.95,16.45,3266040.0,54735252.0,15:35:30,2026-09-23
sz300819,聚杰微纤,50.48,1.32,2.685,50.48,50.49,49.16,49.35,51.66,49.0,5725500.0,289603037.0,15:35:45,2026-09-23
sz300820,英杰电气,73.65,0.97,1.335,73.61,73.65,72.68,73.09,74.99,72.22,5179404.0,382868324.0,15:35:00,2026-09-23
sz300821,东岳硅材,15.77,0.2,1.285,15.76,15.77,15.57,15.5,15.85,15.35,37210298.0,582778723.0,15:35:15,2026-09-23
sz300822,贝仕达克,11.57,-0.14,-1.196,11.56,11.57,11.71,11.79,11.79,11.46,2368500.0,27375088.0,15:35:30,2026-09-23
sz300823,建科智能,14.7,0.14,0.962,14.7,14.74,14.56,14.57,14.76,14.45,1621740.0,23744537.0,15:35:45,2026-09-23
sz300824,北鼎股份,7.88,-0.01,-0.127,7.87,7.88,7.89,7.86,7.97,7.8,3116050.0,24542908.0,15:35:00,2026-09-23
sz300825,阿尔特,12.25,-0.57,-4.446,12.25,12.26,12.82,12.7,12.85,12.0,27905913.0,342608386.0,15:35:15,2026-09-23
sz300826,测绘股份,16.01,0.23,1.458,16.0,16.01,15.78,15.8,16.1,15.64,5501771.0,87857737.0,15:35:30,2026-09-23
sz300827,上能电气,25.84,0.2,0.78,25.84,25.85,25.64,25.64,25.99,25.47,7605299.0,196046354.0,15:35:45,2026-09-23
sz300828,锐新科技,17.0,-0.23,-1.335,17.0,17.01,17.23,17.31,17.33,16.97,3275300.0,56063528.0,15:35:00,2026-09-23
sz300829,金丹科技,28.72,1.12,4.058,28.72,28.73,27.6,27.88,29.38,27.01,32831646.0,938938772.0,15:35:15,2026-09-23
sz300830,金现代,8.08,-0.24,-2.885,8.08,8.09,8.32,8.25,8.27,8.06,11626439.0,94292802.0,15:35:30,2026-09-23
sz300831,ST派瑞,14.06,-0.2,-1.403,14.06,14.08,14.26,14.15,14.25,14.04,3928100.0,55378919.0,15:35:45,2026-09-23
sz300832,新产业,48.92,-0.55,-1.112,48.92,48.95,49.47,49.18,49.69,48.85,2896217.0,142280787.0,15:35:00,2026-09-23
sz300833,浩洋股份,42.55,1.46,3.553,42.54,42.55,41.09,41.05,42.97,40.53,1515900.0,63958163.0,15:35:15,2026-09-23
sz300834,星辉环材,40.14,0.09,0.225,40.11,40.14,40.05,40.25,40.66,39.84,829000.0,33426990.0,15:35:30,2026-09-23
sz300835,龙磁科技,193.2,-0.02,-0.01,193.2,193.22,193.22,193.23,197.0,191.0,2468980.0,477241815.0,15:35:45,2026-09-23
sz300836,佰奥智能,61.36,0.51,0.838,61.36,61.37,60.85,60.91,61.5,60.26,2738643.0,166969683.0,15:35:00,2026-09-23
sz300837,浙矿股份,23.0,0.12,0.524,23.0,23.06,22.88,22.96,23.1,22.6,1157300.0,26540472.0,15:35:15,2026-09-23
sz300838,浙江力诺,14.41,0.1,0.699,14.41,14.43,14.31,14.31,14.51,14.2,1778100.0,25554672.0,15:35:30,2026-09-23
sz300839,博汇股份,13.21,-0.19,-1.418,13.21,13.22,13.4,13.31,13.33,13.1,5569300.0,73394770.0,15:35:45,2026-09-23
sz300840,酷特智能,19.79,-0.17,-0.852,19.78,19.79,19.96,19.81,19.97,19.6,7578000.0,149858508.0,15:35:00,2026-09-23
sz300841,康华生物,56.03,1.57,2.883,56.03,56.05,54.46,54.39,56.55,54.35,4287223.0,239141856.0,15:35:15,2026-09-23
sz300842,帝科股份,66.75,3.01,4.722,66.75,66.76,63.74,64.2,67.25,63.22,6390706.0,422706618.0,15:35:30,2026-09-23
sz300843,胜蓝股份,134.94,-1.56,-1.143,134.93,134.94,136.5,137.08,137.79,132.32,5350261.0,721064180.0,15:35:45,2026-09-23
sz300844,山水比德,24.88,0.31,1.262,24.85,24.88,24.57,24.65,24.97,24.02,1483000.0,36675418.0,15:35:00,2026-09-23
sz300845,捷安高科,14.1,-0.51,-3.491,14.06,14.1,14.61,14.26,14.48,14.01,5909428.0,83919207.0,15:35:15,2026-09-23
sz300846,首都在线,20.01,-0.45,-2.199,20.01,20.02,20.46,20.46,20.46,19.85,16908391.0,339617744.0,15:35:30,2026-09-23
sz300847,中船汉光,14.0,-0.28,-1.961,14.0,14.02,14.28,14.23,14.23,13.95,2968500.0,41655819.0,15:35:45,2026-09-23
sz300848,美瑞新材,11.64,0.41,3.651,11.63,11.64,11.23,11.23,12.1,11.21,8200851.0,96474253.0,15:35:00,2026-09-23
sz300849,锦盛新材,21.77,-0.58,-2.595,21.76,21.77,22.35,22.89,22.89,21.59,1549050.0,33904330.0,15:35:15,2026-09-23
sz300850,新强联,28.37,-0.24,-0.839,28.36,28.37,28.61,28.4,28.68,28.14,9358100.0,265500487.0,15:35:30,2026-09-23
sz300851,交大思诺,24.66,0.36,1.481,24.65,24.66,24.3,24.35,24.84,24.15,972758.0,23902875.0,15:35:45,2026-09-23
sz300852,四会富仕,79.51,5.83,7.913,79.5,79.51,73.68,73.52,82.83,73.52,15598990.0,1235957133.0,15:35:00,2026-09-23
sz300853,申昊科技,30.67,-0.98,-3.096,30.67,30.69,31.65,31.7,31.72,30.46,4649580.0,143431455.0,15:35:15,2026-09-23
sz300854,中兰环保,15.49,-0.32,-2.024,15.48,15.49,15.81,15.66,15.81,15.47,2141100.0,33361190.0,15:35:30,2026-09-23
sz300855,图南股份,35.01,0.03,0.086,35.01,35.02,34.98,34.86,35.15,34.16,3423002.0,118926695.0,15:35:45,2026-09-23
sz300856,科思股份,10.44,-0.08,-0.76,10.44,10.45,10.52,10.49,10.54,10.43,1542340.0,16160275.0,15:35:00,2026-09-23
sz300857,协创数据,268.01,-5.34,-1.954,268.01,268.03,273.35,275.0,276.0,267.68,9008516.0,2423902491.0,15:35:15,2026-09-23
sz300858,科拓生物,15.12,-0.56,-3.571,15.11,15.12,15.68,15.62,15.66,15.06,5838774.0,88686523.0,15:35:30,2026-09-23
sz300859,西域旅游,24.05,-0.39,-1.596,24.05,24.06,24.44,24.46,24.64,24.0,4100800.0,99419363.0,15:35:45,2026-09-23
sz300860,锋尚文化,30.48,-0.08,-0.262,30.48,30.49,30.56,30.5,31.95,30.02,4532762.0,140085547.0,15:35:00,2026-09-23
sz300861,美畅股份,16.33,0.24,1.492,16.33,16.34,16.09,16.1,16.35,16.0,8801005.0,143163640.0,15:35:15,2026-09-23
sz300862,蓝盾光电,60.0,2.09,3.609,59.99,60.0,57.91,58.01,61.61,56.6,33296857.0,1974427185.0,15:35:30,2026-09-23
sz300863,卡倍亿,42.4,-0.47,-1.096,42.39,42.4,42.87,42.89,43.59,42.35,4143250.0,177478785.0,15:35:45,2026-09-23
sz300864,南大环境,26.3,-0.12,-0.454,26.3,26.34,26.42,26.31,27.17,25.92,5307192.0,140562809.0,15:35:00,2026-09-23
sz300865,大宏立,33.36,-0.75,-2.199,33.36,33.37,34.11,34.11,34.11,32.9,3836800.0,128054442.0,15:35:15,2026-09-23
sz300866,安克创新,124.55,0.65,0.525,124.52,124.55,123.9,123.9,125.98,120.01,4361927.0,538966176.0,15:35:30,2026-09-23
sz300867,圣元环保,17.46,-0.39,-2.185,17.46,17.47,17.85,17.9,17.9,17.39,3639587.0,63784998.0,15:35:45,2026-09-23
sz300868,杰美特,87.33,-1.75,-1.965,87.33,87.34,89.08,88.99,93.5,87.0,4651417.0,417814699.0,15:35:00,2026-09-23
sz300869,康泰医学,11.54,0.08,0.698,11.54,11.55,11.46,11.44,11.72,11.44,5322808.0,61527961.0,15:35:15,2026-09-23
sz300870,欧陆通,212.8,0.8,0.377,212.8,212.81,212.0,214.51,221.54,212.2,5908864.0,1277487701.0,15:35:30,2026-09-23
sz300871,回盛生物,21.55,-0.15,-0.691,21.55,21.56,21.7,21.71,21.93,21.5,3066973.0,66477844.0,15:35:45,2026-09-23
sz300872,天阳科技,15.62,-0.24,-1.513,15.62,15.63,15.86,15.83,15.95,15.57,6843885.0,107285240.0,15:35:00,2026-09-23
sz300873,海晨股份,16.01,-0.64,-3.844,16.0,16.01,16.65,16.3,16.38,15.9,16214420.0,260820454.0,15:35:15,2026-09-23
sz300875,捷强装备,32.0,-0.91,-2.765,32.0,32.01,32.91,32.95,32.95,31.8,2614114.0,83989008.0,15:35:30,2026-09-23
sz300876,蒙泰高新,15.11,0.15,1.003,15.11,15.15,14.96,15.11,15.2,14.86,1785940.0,26859581.0,15:35:45,2026-09-23
sz300877,金春股份,27.62,-0.13,-0.468,27.58,27.62,27.75,27.89,28.08,27.31,1703200.0,47043380.0,15:35:00,2026-09-23
sz300878,维康药业,31.15,0.07,0.225,31.14,31.15,31.08,31.0,32.2,30.67,2251300.0,70762495.0,15:35:15,2026-09-23
sz300879,大叶股份,18.11,-0.08,-0.44,18.11,18.12,18.19,18.18,18.26,17.81,6252300.0,112935471.0,15:35:30,2026-09-23
sz300880,迦南智能,19.65,-0.46,-2.287,19.65,19.66,20.11,19.89,20.02,19.03,5446058.0,105714279.0,15:35:45,2026-09-23
sz300881,盛德鑫泰,31.37,0.9,2.954,31.37,31.39,30.47,30.56,32.7,30.13,2410430.0,76103917.0,15:35:00,2026-09-23
sz300882,万胜智能,13.45,-0.07,-0.518,13.44,13.45,13.52,13.57,13.57,13.33,1361100.0,18267050.0,15:35:15,2026-09-23
sz300883,龙利得,6.43,-0.04,-0.618,6.42,6.43,6.47,6.47,6.48,6.37,4206200.0,27011017.0,15:35:30,2026-09-23
sz300884,狄耐克,12.22,-0.01,-0.082,12.21,12.22,12.23,12.26,12.39,12.09,3278088.0,39996656.0,15:35:45,2026-09-23
sz300885,海昌新材,19.09,0.16,0.845,19.09,19.1,18.93,19.02,19.29,18.9,2693765.0,51481567.0,15:35:00,2026-09-23
sz300886,华业香料,24.33,-0.21,-0.856,24.32,24.33,24.54,24.41,24.54,24.0,1759900.0,42722036.0,15:35:15,2026-09-23
sz300887,谱尼测试,7.09,0.05,0.71,7.08,7.09,7.04,7.04,7.17,6.92,11402492.0,80393727.0,15:35:30,2026-09-23
sz300888,稳健医疗,29.63,0.11,0.373,29.62,29.63,29.52,29.52,29.8,29.41,1832130.0,54337459.0,15:35:45,2026-09-23
sz300889,爱克股份,22.84,-0.03,-0.131,22.83,22.84,22.87,22.8,22.99,22.41,4715361.0,107061303.0,15:35:00,2026-09-23
sz300890,翔丰华,26.7,0.17,0.641,26.69,26.7,26.53,26.65,26.88,26.49,3530584.0,94268618.0,15:35:15,2026-09-23
sz300891,惠云钛业,7.67,-0.08,-1.032,7.66,7.67,7.75,7.7,7.76,7.61,4755669.0,36481826.0,15:35:30,2026-09-23
sz300892,品渥食品,22.68,-0.4,-1.733,22.68,22.71,23.08,22.94,23.07,22.61,1578000.0,35975150.0,15:35:45,2026-09-23
sz300893,松原安全,14.15,0.07,0.497,14.15,14.18,14.08,14.11,14.5,13.95,2910600.0,41376094.0,15:35:00,2026-09-23
sz300894,火星人,10.38,0.04,0.387,10.37,10.38,10.34,10.3,10.62,10.19,4905000.0,50995807.0,15:35:15,2026-09-23
sz300895,铜牛信息,62.08,3.07,5.203,62.08,62.09,59.01,59.0,65.0,58.4,13159197.0,810301399.0,15:35:30,2026-09-23
sz300896,爱美客,93.47,0.12,0.129,93.47,93.48,93.35,93.1,95.1,92.83,2288089.0,214825433.0,15:35:45,2026-09-23
sz300897,山科智能,16.46,0.05,0.305,16.45,16.46,16.41,16.42,16.65,16.22,1874680.0,30833632.0,15:35:00,2026-09-23
sz300898,熊猫乳品,19.98,-0.27,-1.333,19.95,19.98,20.25,20.14,20.37,19.88,1620000.0,32510863.0,15:35:15,2026-09-23
sz300899,上海凯鑫,30.39,0.33,1.098,30.39,30.4,30.06,30.18,30.41,29.76,513800.0,15502947.0,15:35:30,2026-09-23
sz300900,广联航空,22.84,-0.4,-1.721,22.84,22.85,23.24,23.12,23.21,22.7,7638028.0,174940656.0,15:35:45,2026-09-23
sz300901,中胤时尚,18.0,-0.54,-2.913,18.0,18.01,18.54,18.45,18.57,17.71,5434907.0,97893812.0,15:35:00,2026-09-23
sz300902,国安达,18.76,0.74,4.107,18.75,18.76,18.02,18.02,19.03,17.88,6601540.0,122543929.0,15:35:15,2026-09-23
sz300903,科翔股份,108.55,-0.77,-0.704,108.55,108.6,109.32,109.33,110.44,107.0,13680374.0,1488888303.0,15:35:30,2026-09-23
sz300904,威力传动,42.74,-0.52,-1.202,42.74,42.76,43.26,43.26,43.5,42.45,1081500.0,46226124.0,15:35:45,2026-09-23
sz300905,宝丽迪,38.53,-0.56,-1.433,38.52,38.53,39.09,39.0,39.26,38.32,8252423.0,318984175.0,15:35:00,2026-09-23
sz300906,日月明,28.81,-0.16,-0.552,28.71,28.81,28.97,29.0,29.0,28.44,855800.0,24565857.0,15:35:15,2026-09-23
sz300907,康平科技,56.98,-1.89,-3.21,56.98,57.0,58.87,58.88,58.88,56.54,3786968.0,218591836.0,15:35:30,2026-09-23
sz300908,仲景食品,17.19,0.1,0.585,17.18,17.19,17.09,17.11,17.27,17.01,1293253.0,22193810.0,15:35:45,2026-09-23
sz300909,汇创达,63.47,-1.81,-2.773,63.47,63.48,65.28,65.6,66.66,63.35,4233150.0,273491241.0,15:35:00,2026-09-23
sz300910,瑞丰新材,28.32,0.1,0.354,28.32,28.33,28.22,28.2,28.49,28.12,3218833.0,91167145.0,15:35:15,2026-09-23
sz300911,亿田智能,36.24,3.92,12.129,36.24,36.25,32.32,32.49,36.97,32.43,18439259.0,646096276.0,15:35:30,2026-09-23
sz300912,凯龙高科,19.97,-0.37,-1.819,19.97,19.98,20.34,20.33,20.47,19.95,2539300.0,51056420.0,15:35:45,2026-09-23
sz300913,兆龙互连,41.25,-0.64,-1.528,41.25,41.26,41.89,41.51,41.8,40.88,12845460.0,529715782.0,15:35:00,2026-09-23
sz300915,海融科技,22.66,0.3,1.342,22.66,22.67,22.36,22.29,22.77,22.13,1374131.0,30908673.0,15:35:15,2026-09-23
sz300916,朗特智能,28.11,0.25,0.897,28.11,28.12,27.86,27.78,28.65,27.42,3818215.0,106962601.0,15:35:30,2026-09-23
sz300917,特发服务,32.6,1.17,3.723,32.6,32.61,31.43,31.43,35.2,31.32,24898030.0,821776741.0,15:35:45,2026-09-23
sz300918,南山智尚,10.75,-0.21,-1.916,10.74,10.75,10.96,10.99,10.99,10.74,3448684.0,37236050.0,15:35:00,2026-09-23
sz300919,中伟新材,38.31,0.03,0.078,38.31,38.32,38.28,38.6,38.88,38.06,6525464.0,249963521.0,15:35:15,2026-09-23
sz300920,润阳科技,34.73,0.33,0.959,34.68,34.76,34.4,34.58,35.8,34.0,1899010.0,66242276.0,15:35:30,2026-09-23
sz300921,南凌科技,16.44,-0.2,-1.202,16.43,16.44,16.64,16.6,16.7,16.23,6992159.0,114770354.0,15:35:45,2026-09-23
sz300922,天秦装备,17.67,-0.3,-1.669,17.66,17.67,17.97,17.92,17.92,17.4,5157007.0,90886497.0,15:35:00,2026-09-23
sz300923,研奥股份,23.96,-0.03,-0.125,23.96,24.12,23.99,24.09,24.16,23.84,766800.0,18423390.0,15:35:15,2026-09-23
sz300925,法本信息,14.03,-0.29,-2.025,14.03,14.04,14.32,14.32,14.32,14.02,4464785.0,62907626.0,15:35:30,2026-09-23
sz300926,博俊科技,16.78,0.18,1.084,16.77,16.78,16.6,16.64,16.87,16.53,2366790.0,39633266.0,15:35:45,2026-09-23
sz300927,江天化学,27.35,-1.15,-4.035,27.35,27.37,28.5,28.1,28.14,27.16,9623931.0,264485216.0,15:35:00,2026-09-23
sz300928,华安鑫创,25.34,0.32,1.279,25.24,25.34,25.02,25.14,25.5,24.42,2562000.0,64379432.0,15:35:15,2026-09-23
sz300929,华骐环保,16.22,0.0,0.0,16.22,16.23,16.22,16.3,16.3,15.96,1678200.0,27100109.0,15:35:30,2026-09-23
sz300930,屹通新材,26.18,0.08,0.307,26.18,26.2,26.1,26.12,26.5,25.72,1278758.0,33239177.0,15:35:45,2026-09-23
sz300931,通用电梯,19.21,3.2,19.988,19.21,0.0,16.01,16.03,19.21,16.02,46914547.0,873672621.0,15:35:00,2026-09-23
sz300932,三友联众,11.29,0.09,0.804,11.28,11.29,11.2,11.24,11.37,11.12,6944580.0,78101869.0,15:35:15,2026-09-23
sz300933,中辰股份,6.67,-0.06,-0.892,6.66,6.67,6.73,6.73,6.73,6.6,6757900.0,44926104.0,15:35:30,2026-09-23
sz300935,盈建科,27.92,-1.19,-4.088,27.92,27.96,29.11,29.15,29.15,27.8,2381800.0,67241667.0,15:35:45,2026-09-23
sz300936,中英科技,83.63,2.19,2.689,83.63,83.64,81.44,81.27,85.4,81.27,4082425.0,342847610.0,15:35:00,2026-09-23
sz300937,药易购,24.52,-0.42,-1.684,24.52,24.54,24.94,24.87,25.0,24.47,2463900.0,60722665.0,15:35:15,2026-09-23
sz300938,信测标准,32.91,0.68,2.11,32.91,32.92,32.23,32.5,33.25,32.1,12408376.0,408119017.0,15:35:30,2026-09-23
sz300939,秋田微,102.37,2.73,2.74,102.37,102.4,99.64,99.0,106.23,98.01,7607191.0,776764285.0,15:35:45,2026-09-23
sz300940,南极光,13.89,-0.15,-1.068,13.89,13.9,14.04,14.08,14.17,13.88,2340400.0,32705542.0,15:35:00,2026-09-23
sz300941,创识科技,15.17,-0.3,-1.939,15.17,15.18,15.47,15.47,15.48,15.13,2447013.0,37244929.0,15:35:15,2026-09-23
sz300942,易瑞生物,6.61,-0.06,-0.9,6.6,6.61,6.67,6.69,6.69,6.55,4021500.0,26557868.0,15:35:30,2026-09-23
sz300943,春晖智控,35.04,1.03,3.029,35.04,35.06,34.01,34.82,36.3,34.4,14555440.0,515285087.0,15:35:45,2026-09-23
sz300945,曼卡龙,11.68,-0.24,-2.013,11.68,11.7,11.92,11.98,11.98,11.64,4848200.0,56955653.0,15:35:00,2026-09-23
sz300946,恒而达,36.9,0.26,0.71,36.85,36.9,36.64,37.11,37.11,36.36,768815.0,28345493.0,15:35:15,2026-09-23
sz300947,德必集团,16.03,0.49,3.153,16.03,16.04,15.54,15.44,16.57,15.41,9710119.0,155690633.0,15:35:30,2026-09-23
sz300948,冠中生态,19.66,-0.24,-1.206,19.6,19.66,19.9,19.74,20.33,19.33,6125217.0,121074485.0,15:35:45,2026-09-23
sz300949,奥雅股份,23.88,0.25,1.058,23.88,23.91,23.63,23.63,24.1,23.31,935380.0,22153151.0,15:35:00,2026-09-23
sz300950,德固特,21.0,-0.4,-1.869,21.0,21.01,21.4,21.31,21.63,20.78,3059050.0,64662056.0,15:35:15,2026-09-23
sz300951,博硕科技,93.66,0.4,0.429,93.66,93.67,93.26,93.85,96.5,93.0,3554993.0,334838476.0,15:35:30,2026-09-23
sz300952,恒辉安防,16.91,-0.19,-1.111,16.91,16.94,17.1,17.1,17.12,16.72,4013391.0,67883406.0,15:35:45,2026-09-23
sz300953,震裕科技,101.55,6.37,6.693,101.55,101.56,95.18,95.0,103.29,93.88,11573003.0,1157135760.0,15:35:00,2026-09-23
sz300955,嘉亨家化,29.61,-0.65,-2.148,29.61,29.62,30.26,31.47,31.47,29.61,1950518.0,59665628.0,15:35:15,2026-09-23
sz300956,英力股份,11.39,-0.08,-0.697,11.37,11.39,11.47,11.42,11.5,11.3,2606184.0,29642476.0,15:35:30,2026-09-23
sz300957,贝泰妮,33.14,0.57,1.75,33.12,33.14,32.57,32.53,33.32,32.35,6288918.0,207447264.0,15:35:45,2026-09-23
sz300958,建工修复,12.36,0.07,0.57,12.35,12.36,12.29,12.27,12.43,12.18,1520800.0,18753484.0,15:35:00,2026-09-23
sz300959,线上线下,95.83,-3.92,-3.93,95.83,95.85,99.75,99.96,99.96,95.6,2192482.0,211702093.0,15:35:15,2026-09-23
sz300960,通业科技,18.08,0.14,0.78,18.08,18.09,17.94,17.85,18.4,17.53,3804993.0,68589026.0,15:35:30,2026-09-23
sz300961,深水海纳,12.01,-0.24,-1.959,12.0,12.01,12.25,12.17,12.27,11.91,3907500.0,46959939.0,15:35:45,2026-09-23
sz300962,中金辐照,13.1,-0.07,-0.532,13.1,13.12,13.17,13.14,13.28,13.1,1720400.0,22646763.0,15:35:00,2026-09-23
sz300963,中洲特材,11.06,-0.17,-1.514,11.06,11.07,11.23,11.25,11.28,10.96,4105184.0,45375349.0,15:35:15,2026-09-23
sz300964,本川智能,80.69,3.44,4.453,80.69,80.7,77.25,79.1,82.88,78.1,10579476.0,850151816.0,15:35:30,2026-09-23
sz300965,恒宇信通,43.29,0.36,0.839,43.28,43.29,42.93,43.18,44.33,42.91,594886.0,25856697.0,15:35:45,2026-09-23
sz300966,共同药业,26.6,0.68,2.623,26.57,26.6,25.92,25.92,26.75,25.51,2926542.0,76589780.0,15:35:00,2026-09-23
sz300967,晓鸣股份,16.34,-0.35,-2.097,16.34,16.35,16.69,16.77,16.77,16.33,2954100.0,48564401.0,15:35:15,2026-09-23
sz300968,格林精密,9.95,-0.15,-1.485,9.95,9.96,10.1,10.08,10.08,9.9,3744972.0,37330604.0,15:35:30,2026-09-23
sz300969,恒帅股份,79.87,-0.15,-0.187,79.87,79.95,80.02,80.02,81.97,79.8,1208051.0,97192020.0,15:35:45,2026-09-23
sz300970,华绿生物,18.09,-0.62,-3.314,18.09,18.1,18.71,18.61,18.68,18.01,8382296.0,152351095.0,15:35:00,2026-09-23
sz300971,博亚精工,17.85,0.09,0.507,17.82,17.85,17.76,17.79,17.93,17.6,1596600.0,28394308.0,15:35:15,2026-09-23
sz300972,万辰集团,157.0,-6.8,-4.151,156.99,157.0,163.8,163.9,163.9,156.5,2444801.0,389907747.0,15:35:30,2026-09-23
sz300973,立高食品,25.62,-0.18,-0.698,25.62,25.69,25.8,25.64,25.95,25.48,1467900.0,37702530.0,15:35:45,2026-09-23
sz300975,商络电子,27.1,0.49,1.841,27.1,27.11,26.61,26.63,27.36,26.55,33614918.0,906579261.0,15:35:00,2026-09-23
sz300976,达瑞电子,65.18,1.02,1.59,65.17,65.18,64.16,63.88,66.15,63.88,4012282.0,261743582.0,15:35:15,2026-09-23
sz300977,深圳瑞捷,20.83,2.07,11.034,20.82,20.83,18.76,18.61,21.6,18.61,7161847.0,145186923.0,15:35:30,2026-09-23
sz300978,东箭科技,8.84,0.06,0.683,8.83,8.84,8.78,8.77,8.85,8.67,3415600.0,29957765.0,15:35:45,2026-09-23
sz300979,华利集团,32.82,-0.83,-2.467,32.82,32.93,33.65,33.58,33.59,32.8,1985400.0,65679220.0,15:35:00,2026-09-23
sz300980,祥源新材,24.14,0.16,0.667,24.13,24.14,23.98,24.05,24.29,23.78,2170149.0,52294297.0,15:35:15,2026-09-23
sz300981,中红医疗,18.37,-0.43,-2.287,18.37,18.38,18.8,18.57,18.66,18.1,14784097.0,271731038.0,15:35:30,2026-09-23
sz300982,苏文电能,14.37,-0.02,-0.139,14.37,14.38,14.39,14.33,14.51,14.29,1514700.0,21793885.0,15:35:45,2026-09-23
sz300983,尤安设计,38.52,0.06,0.156,38.45,38.52,38.46,38.62,39.2,37.6,1213825.0,46621443.0,15:35:00,2026-09-23
sz300984,金沃股份,32.45,0.73,2.301,32.45,32.46,31.72,31.72,33.44,31.5,4977763.0,163209317.0,15:35:15,2026-09-23
sz300985,致远新能,37.97,-2.67,-6.57,37.97,37.98,40.64,40.39,40.99,37.51,5304780.0,203782931.0,15:35:30,2026-09-23
sz300986,志特新材,12.02,0.23,1.951,12.01,12.02,11.79,11.74,12.1,11.67,29575286.0,353016696.0,15:35:45,2026-09-23
sz300987,川网传媒,14.54,-0.66,-4.342,14.54,14.56,15.2,15.14,15.25,14.35,10673690.0,156172574.0,15:35:00,2026-09-23
sz300988,津荣天宇,16.42,0.07,0.428,16.42,16.43,16.35,16.36,16.64,16.3,3783542.0,62332283.0,15:35:15,2026-09-23
sz300989,蕾奥规划,15.63,0.0,0.0,15.61,15.63,15.63,15.49,15.99,15.42,4054906.0,63700322.0,15:35:30,2026-09-23
sz300990,同飞股份,107.95,1.68,1.581,107.91,107.95,106.27,111.0,111.0,106.3,6009605.0,652067330.0,15:35:45,2026-09-23
sz300991,创益通,30.92,0.05,0.162,30.92,30.94,30.87,30.88,31.79,30.78,3772279.0,117404322.0,15:35:00,2026-09-23
sz300992,泰福泵业,29.07,0.49,1.714,29.07,29.08,28.58,28.44,29.85,28.44,4772294.0,139263425.0,15:35:15,2026-09-23
sz300993,玉马科技,9.76,-0.14,-1.414,9.76,9.77,9.9,9.99,10.02,9.74,2768600.0,27321275.0,15:35:30,2026-09-23
sz300994,久祺股份,11.25,-0.03,-0.266,11.25,11.28,11.28,11.55,11.55,11.15,1774800.0,19979709.0,15:35:45,2026-09-23
sz300995,奇德新材,26.23,-0.05,-0.19,26.2,26.24,26.28,26.28,26.39,25.9,1021582.0,26695452.0,15:35:00,2026-09-23
sz300996,普联软件,12.75,-0.56,-4.207,12.75,12.76,13.31,13.25,13.25,12.7,25393010.0,326440614.0,15:35:15,2026-09-23
sz300997,欢乐家,15.61,-0.59,-3.642,15.6,15.61,16.2,16.05,16.08,15.54,8783166.0,138522617.0,15:35:30,2026-09-23
sz300998,宁波方正,31.37,-1.31,-4.009,31.37,31.38,32.68,32.8,32.83,31.18,5194691.0,165468941.0,15:35:45,2026-09-23
sz300999,金龙鱼,24.86,-0.26,-1.035,24.85,24.86,25.12,25.01,25.12,24.82,6991477.0,174274418.0,15:35:00,2026-09-23
sz301000,肇民科技,24.61,-0.03,-0.122,24.61,24.62,24.64,24.66,24.75,24.41,2196372.0,53992956.0,15:35:15,2026-09-23
sz301001,凯淳股份,25.59,-0.32,-1.235,25.55,25.59,25.91,26.0,26.0,25.25,1125591.0,28761736.0,15:35:30,2026-09-23
sz301002,崧盛股份,28.17,0.22,0.787,28.17,28.18,27.95,27.99,28.62,27.5,3886661.0,109097205.0,15:35:45,2026-09-23
sz301003,江苏博云,60.7,1.59,2.69,60.7,60.75,59.11,58.69,60.84,58.34,1836721.0,109911683.0,15:35:00,2026-09-23
sz301004,嘉益股份,32.93,-0.89,-2.632,32.91,32.93,33.82,33.39,33.68,32.86,474000.0,15703419.0,15:35:15,2026-09-23
sz301005,超捷股份,60.77,-1.26,-2.031,60.77,60.78,62.03,62.3,62.3,60.42,3758022.0,229038454.0,15:35:30,2026-09-23
sz301006,迈拓股份,13.99,0.18,1.303,13.99,14.0,13.81,13.94,14.07,13.67,1743200.0,24281167.0,15:35:45,2026-09-23
sz301007,德迈仕,32.32,-0.38,-1.162,32.31,32.32,32.7,32.87,32.87,31.79,1670149.0,53857887.0,15:35:00,2026-09-23
sz301008,宏昌科技,60.23,6.56,12.223,60.23,60.25,53.67,53.67,61.48,52.6,18832932.0,1086927379.0,15:35:15,2026-09-23
sz301009,可靠股份,9.19,-0.08,-0.863,9.19,9.21,9.27,9.23,9.33,9.15,2455700.0,22652871.0,15:35:30,2026-09-23
sz301010,晶雪节能,19.15,0.24,1.269,19.15,19.18,18.91,18.91,19.67,18.65,3743384.0,71900621.0,15:35:45,2026-09-23
sz301011,华立科技,15.86,-0.47,-2.878,15.86,15.87,16.33,16.2,16.42,15.86,4256566.0,68401112.0,15:35:00,2026-09-23
sz301012,扬电科技,23.41,-0.21,-0.889,23.41,23.42,23.62,23.68,23.77,23.17,6036184.0,141375803.0,15:35:15,2026-09-23
sz301013,利和兴,39.16,0.48,1.241,39.16,39.17,38.68,38.57,39.79,38.21,14072992.0,548603346.0,15:35:30,2026-09-23
sz301015,百洋医药,26.12,-0.31,-1.173,26.12,26.13,26.43,26.3,26.53,26.0,4655284.0,121779925.0,15:35:45,2026-09-23
sz301016,雷尔伟,15.69,0.01,0.064,15.68,15.69,15.68,15.54,15.87,15.43,2521779.0,39338314.0,15:35:00,2026-09-23
sz301017,漱玉平民,12.72,-0.23,-1.776,12.72,12.73,12.95,13.05,13.05,12.57,4926000.0,62807161.0,15:35:15,2026-09-23
sz301018,申菱环境,101.8,-0.42,-0.411,101.79,101.8,102.22,103.5,104.36,101.31,7672148.0,785412619.0,15:35:30,2026-09-23
sz301019,宁波色母,15.64,-0.03,-0.191,15.64,15.66,15.67,15.74,15.77,15.53,1212075.0,18936978.0,15:35:45,2026-09-23
sz301020,密封科技,23.35,1.1,4.944,23.34,23.35,22.25,22.25,23.47,22.07,4826921.0,110536359.0,15:35:00,2026-09-23
sz301021,英诺激光,91.01,2.58,2.918,91.01,91.07,88.43,89.09,94.6,88.0,12099911.0,1119724621.0,15:35:15,2026-09-23
sz301022,海泰科,22.47,-0.21,-0.926,22.47,22.48,22.68,22.7,22.71,22.18,777700.0,17511773.0,15:35:30,2026-09-23
sz301023,奕帆传动,29.14,0.4,1.392,29.14,29.16,28.74,28.76,29.38,28.5,971668.0,28202011.0,15:35:45,2026-09-23
sz301024,霍普股份,35.19,1.61,4.795,35.19,35.27,33.58,34.26,35.59,33.26,1214028.0,42058729.0,15:35:00,2026-09-23
sz301025,读客文化,10.03,-0.49,-4.658,10.03,10.04,10.52,10.43,10.43,9.98,13621722.0,137545333.0,15:35:15,2026-09-23
sz301026,浩通科技,19.49,-0.21,-1.066,19.49,19.5,19.7,19.67,19.83,19.41,2388260.0,46555071.0,15:35:30,2026-09-23
sz301027,华蓝集团,19.44,-0.26,-1.32,19.44,19.46,19.7,19.58,19.88,19.29,4774800.0,93350353.0,15:35:45,2026-09-23
sz301028,鼎熔岩,13.62,0.09,0.665,13.61,13.62,13.53,13.47,13.65,13.36,3051253.0,41310491.0,15:35:00,2026-09-23
sz301029,怡合达,24.95,-0.2,-0.795,24.94,24.95,25.15,25.0,25.36,24.86,4593453.0,115035160.0,15:35:15,2026-09-23
sz301030,*ST仕净,5.44,-0.3,-5.226,5.43,5.44,5.74,5.69,5.69,5.43,16458863.0,91202449.0,15:35:30,2026-09-23
sz301031,中熔电气,102.78,6.27,6.497,102.76,102.78,96.51,96.51,103.35,96.28,3646301.0,367165709.0,15:35:45,2026-09-23
sz301032,新柴股份,10.16,-0.06,-0.587,10.15,10.16,10.22,10.23,10.23,10.09,2656400.0,26978554.0,15:35:00,2026-09-23
sz301033,迈普医学,55.96,-0.29,-0.516,55.96,56.08,56.25,55.86,56.28,55.48,706600.0,39518839.0,15:35:15,2026-09-23
sz301035,润丰股份,49.5,-0.51,-1.02,49.49,49.5,50.01,49.84,50.26,48.61,3298210.0,163111759.0,15:35:30,2026-09-23
sz301036,双乐股份,22.54,0.12,0.535,22.54,22.58,22.42,22.33,22.71,22.17,803800.0,18102381.0,15:35:45,2026-09-23
sz301037,保立佳,13.1,0.22,1.708,13.07,13.1,12.88,12.8,13.12,12.72,1493300.0,19352721.0,15:35:00,2026-09-23
sz301038,深水规院,16.76,-0.21,-1.237,16.75,16.76,16.97,16.94,17.03,16.75,1723600.0,29018902.0,15:35:15,2026-09-23
sz301039,中集车辆,7.26,-0.08,-1.09,7.26,7.27,7.34,7.36,7.43,7.24,9262678.0,67766038.0,15:35:30,2026-09-23
sz301040,中环海陆,26.12,-0.31,-1.173,26.12,26.18,26.43,26.54,26.54,25.95,1011200.0,26421853.0,15:35:45,2026-09-23
sz301041,金百泽,38.13,0.68,1.816,38.13,38.14,37.45,36.92,38.8,36.83,11243419.0,424389865.0,15:35:00,2026-09-23
sz301042,安联锐视,31.24,-0.13,-0.414,31.24,31.25,31.37,31.42,31.61,30.85,2237508.0,69700585.0,15:35:15,2026-09-23
sz301043,绿岛风,50.89,1.32,2.663,50.83,50.89,49.57,50.36,51.38,49.2,1499800.0,76071041.0,15:35:30,2026-09-23
sz301045,天禄科技,74.01,3.68,5.232,74.01,74.03,70.33,70.09,74.5,70.02,3760701.0,274184413.0,15:35:45,2026-09-23
sz301046,能辉科技,34.78,0.16,0.462,34.78,34.83,34.62,34.63,35.8,33.93,4845385.0,169820262.0,15:35:00,2026-09-23
sz301047,义翘神州,150.0,13.78,10.116,149.99,150.0,136.22,142.49,154.0,137.3,14776446.0,2182184728.0,15:35:15,2026-09-23
sz301048,金鹰重工,8.97,-0.06,-0.664,8.96,8.97,9.03,9.01,9.07,8.96,1987100.0,17889073.0,15:35:30,2026-09-23
sz301049,超越科技,20.57,-0.03,-0.146,20.53,20.57,20.6,20.8,20.95,20.27,722400.0,14805394.0,15:35:45,2026-09-23
sz301050,雷电微力,28.18,-0.07,-0.248,28.17,28.18,28.25,28.09,28.31,27.86,1966770.0,55252719.0,15:35:00,2026-09-23
sz301051,信濠光电,19.02,-0.11,-0.575,19.02,19.03,19.13,19.17,19.24,18.81,4305366.0,81796903.0,15:35:15,2026-09-23
sz301052,果麦文化,24.31,-0.59,-2.369,24.31,24.32,24.9,24.92,24.98,24.12,3938000.0,95975479.0,15:35:30,2026-09-23
sz301053,远信工业,36.3,0.89,2.513,36.29,36.3,35.41,35.39,36.62,35.21,2009541.0,72607476.0,15:35:45,2026-09-23
sz301055,张小泉,31.94,-1.0,-3.036,31.93,31.94,32.94,33.11,33.23,31.9,3547213.0,114663294.0,15:35:00,2026-09-23
sz301056,森赫股份,13.69,-0.17,-1.227,13.69,13.75,13.86,14.05,14.11,13.66,3472800.0,48198521.0,15:35:15,2026-09-23
sz301057,汇隆新材,26.34,1.33,5.318,26.32,26.34,25.01,25.49,26.5,24.86,6582872.0,169557720.0,15:35:30,2026-09-23
sz301058,中粮科工,8.85,0.09,1.027,8.85,8.86,8.76,9.15,9.29,8.84,22557900.0,204527955.0,15:35:45,2026-09-23
sz301059,金三江,12.81,-0.14,-1.081,12.81,12.82,12.95,12.97,13.05,12.74,2218790.0,28577711.0,15:35:00,2026-09-23
sz301060,兰卫医学,12.15,0.21,1.759,12.15,12.16,11.94,11.88,12.39,11.86,20167125.0,244016979.0,15:35:15,2026-09-23
sz301061,匠心家居,44.14,0.28,0.638,44.14,44.17,43.86,44.0,44.8,43.12,3019519.0,133111118.0,15:35:30,2026-09-23
sz301062,上海艾录,7.03,-0.01,-0.142,7.01,7.03,7.04,7.02,7.07,6.92,4659004.0,32550900.0,15:35:45,2026-09-23
sz301063,海锅股份,18.14,0.25,1.397,18.14,18.15,17.89,17.87,18.15,17.7,1752900.0,31583383.0,15:35:00,2026-09-23
sz301065,本立科技,20.13,0.19,0.953,20.13,20.17,19.94,19.91,20.32,19.65,1590800.0,31836147.0,15:35:15,2026-09-23
sz301066,万事利,12.48,-0.24,-1.887,12.48,12.49,12.72,12.64,12.71,12.38,4043493.0,50645168.0,15:35:30,2026-09-23
sz301067,显盈科技,33.85,0.15,0.445,33.83,33.85,33.7,33.5,34.14,33.03,2276896.0,76663313.0,15:35:45,2026-09-23
sz301068,大地海洋,26.13,-0.76,-2.826,26.12,26.13,26.89,26.72,26.79,25.77,1135500.0,29696014.0,15:35:00,2026-09-23
sz301069,凯盛新材,16.07,-0.01,-0.062,16.06,16.07,16.08,16.1,16.14,15.89,3147949.0,50387732.0,15:35:15,2026-09-23
sz301070,开勒股份,68.4,0.44,0.647,68.38,68.4,67.96,68.37,69.63,67.5,1887496.0,129640177.0,15:35:30,2026-09-23
sz301071,力量钻石,71.04,2.54,3.708,71.04,71.05,68.5,69.02,71.77,68.35,23926368.0,1686565136.0,15:35:45,2026-09-23
sz301072,中捷精工,49.75,-0.73,-1.446,49.75,49.8,50.48,50.48,50.49,49.18,3008300.0,149646612.0,15:35:00,2026-09-23
sz301073,君亭酒店,18.1,-0.08,-0.44,18.1,18.11,18.18,18.05,18.36,17.95,5353998.0,96890169.0,15:35:15,2026-09-23
sz301075,多瑞医药,66.18,-1.08,-1.606,66.16,66.18,67.26,67.5,67.87,65.61,937800.0,62151303.0,15:35:30,2026-09-23
sz301076,新瀚新材,21.43,-0.14,-0.649,21.43,21.44,21.57,21.59,21.69,21.36,2824308.0,60712027.0,15:35:45,2026-09-23
sz301077,星华新材,22.07,0.09,0.409,22.07,22.08,21.98,22.04,22.25,21.75,1606096.0,35340857.0,15:35:00,2026-09-23
sz301078,孩子王,6.98,-0.09,-1.273,6.98,6.99,7.07,7.08,7.09,6.98,12433607.0,87277131.0,15:35:15,2026-09-23
sz301079,邵阳液压,26.88,-0.34,-1.249,26.86,26.88,27.22,27.22,27.32,26.63,1997700.0,53652429.0,15:35:30,2026-09-23
sz301080,百普赛斯,129.8,11.0,9.259,129.8,129.81,118.8,122.9,135.0,118.63,21001362.0,2651551337.0,15:35:45,2026-09-23
sz301081,严牌股份,16.91,-0.06,-0.354,16.9,16.91,16.97,16.9,17.14,16.63,4962888.0,83909856.0,15:35:00,2026-09-23
sz301082,久盛电气,9.73,-0.22,-2.211,9.73,9.74,9.95,9.92,9.96,9.66,4687358.0,45682165.0,15:35:15,2026-09-23
sz301083,百胜智能,14.38,-0.04,-0.277,14.38,14.39,14.42,14.41,14.53,14.2,1473000.0,21182502.0,15:35:30,2026-09-23
sz301085,亚康股份,87.67,2.05,2.394,87.67,87.69,85.62,85.63,90.5,84.98,7387749.0,650492693.0,15:35:45,2026-09-23
sz301086,鸿富瀚,174.95,0.95,0.546,174.94,174.95,174.0,174.68,177.53,169.0,3113427.0,542074103.0,15:35:00,2026-09-23
sz301087,可孚医疗,54.94,-0.44,-0.795,54.84,54.94,55.38,56.1,56.38,54.24,2198209.0,120759104.0,15:35:15,2026-09-23
sz301088,戎美股份,13.63,0.05,0.368,13.62,13.63,13.58,13.59,13.65,13.47,1125500.0,15287965.0,15:35:30,2026-09-23
sz301089,拓新药业,24.17,0.01,0.041,24.17,24.18,24.16,24.15,24.58,24.0,2487704.0,60355179.0,15:35:45,2026-09-23
sz301090,华润材料,7.11,-0.04,-0.559,7.11,7.12,7.15,7.18,7.18,7.09,4765022.0,33980855.0,15:35:00,2026-09-23
sz301091,深城交,19.78,-0.22,-1.1,19.78,19.79,20.0,20.15,20.38,19.75,5686755.0,114023787.0,15:35:15,2026-09-23
sz301092,争光股份,46.69,1.36,3.0,46.69,46.7,45.33,45.42,46.85,44.68,2655890.0,122182363.0,15:35:30,2026-09-23
sz301093,华兰股份,74.22,1.07,1.463,74.21,74.22,73.15,72.7,76.22,72.01,7580969.0,567510625.0,15:35:45,2026-09-23
sz301095,广立微,77.96,0.69,0.893,77.95,77.96,77.27,77.51,78.68,77.03,3482680.0,271215345.0,15:35:00,2026-09-23
sz301096,百诚医药,50.84,0.64,1.275,50.84,50.85,50.2,49.6,50.95,48.71,4098545.0,205917643.0,15:35:15,2026-09-23
sz301097,天益医疗,34.89,0.06,0.172,34.87,34.89,34.83,34.88,35.14,34.53,400840.0,13951760.0,15:35:30,2026-09-23
sz301098,金埔园林,9.0,0.13,1.466,8.99,9.0,8.87,8.88,9.08,8.78,4550323.0,40709261.0,15:35:45,2026-09-23
sz301099,雅创电子,57.54,4.96,9.433,57.53,57.54,52.58,53.11,57.98,53.11,21126236.0,1180013971.0,15:35:00,2026-09-23
sz301100,风光股份,15.56,0.01,0.064,15.56,15.57,15.55,15.47,15.61,15.39,768000.0,11912369.0,15:35:15,2026-09-23
sz301101,明月镜片,30.43,-0.43,-1.393,30.43,30.45,30.86,30.75,30.83,30.42,1673650.0,51210379.0,15:35:30,2026-09-23
sz301102,兆讯传媒,9.71,0.09,0.936,9.7,9.71,9.62,9.63,9.77,9.3,3807355.0,36313287.0,15:35:45,2026-09-23
sz301103,何氏眼科,16.55,0.0,0.0,16.55,16.57,16.55,16.69,16.69,16.43,1590834.0,26337378.0,15:35:00,2026-09-23
sz301105,鸿铭股份,50.68,0.39,0.776,50.6,50.68,50.29,51.54,51.54,49.99,462996.0,23454086.0,15:35:15,2026-09-23
sz301106,骏成科技,19.55,-0.17,-0.862,19.55,19.57,19.72,19.91,19.98,19.38,2319854.0,45298618.0,15:35:30,2026-09-23
sz301107,瑜欣电子,25.55,0.53,2.118,25.52,25.55,25.02,25.11,25.59,24.88,3569922.0,90405104.0,15:35:45,2026-09-23
sz301108,洁雅股份,51.5,2.8,5.749,51.5,51.51,48.7,48.7,52.77,48.57,3026651.0,154027733.0,15:35:00,2026-09-23
sz301109,军信股份,12.79,-0.09,-0.699,12.79,12.8,12.88,12.88,12.94,12.75,3022832.0,38729347.0,15:35:15,2026-09-23
sz301110,青木科技,37.2,-0.74,-1.95,37.2,37.21,37.94,38.0,38.25,37.14,3552393.0,132909494.0,15:35:30,2026-09-23
sz301111,粤万年青,23.1,-0.15,-0.645,23.1,23.11,23.25,23.34,23.7,22.86,3721684.0,86459082.0,15:35:45,2026-09-23
sz301112,信邦智能,31.04,0.21,0.681,31.04,31.1,30.83,30.79,31.94,30.41,1018100.0,31662012.0,15:35:00,2026-09-23
sz301113,雅艺科技,17.68,-0.05,-0.282,17.64,17.68,17.73,18.06,18.13,17.53,1002680.0,17761851.0,15:35:15,2026-09-23
sz301115,联检科技,38.7,3.09,8.677,38.67,38.7,35.61,36.0,38.99,35.18,12124534.0,455071440.0,15:35:30,2026-09-23
sz301116,益客食品,9.14,-0.06,-0.652,9.14,9.17,9.2,9.21,9.33,9.07,3442410.0,31594468.0,15:35:45,2026-09-23
sz301117,ST佳缘,13.25,-0.3,-2.214,13.25,13.27,13.55,13.4,13.45,13.23,2993160.0,39912013.0,15:35:00,2026-09-23
sz301118,恒光股份,23.95,0.01,0.042,23.95,23.96,23.94,24.05,24.32,23.62,1993800.0,47863785.0,15:35:15,2026-09-23
sz301119,正强股份,26.27,-0.18,-0.681,26.27,26.3,26.45,26.01,26.59,25.75,2097610.0,54858816.0,15:35:30,2026-09-23
sz301120,新特电气,14.95,-0.1,-0.664,14.95,14.96,15.05,15.1,15.12,14.83,3706400.0,55302562.0,15:35:45,2026-09-23
sz301121,紫建电子,36.38,0.53,1.478,36.35,36.38,35.85,35.98,36.63,35.77,1227843.0,44587018.0,15:35:00,2026-09-23
sz301122,采纳股份,61.3,1.99,3.355,61.26,61.3,59.31,63.29,66.66,57.83,12537139.0,770640226.0,15:35:15,2026-09-23
sz301123,奕东电子,80.48,1.18,1.488,80.48,80.49,79.3,79.0,82.83,79.0,7151817.0,580776621.0,15:35:30,2026-09-23
sz301125,腾亚精工,14.3,0.28,1.997,14.28,14.3,14.02,13.97,14.56,13.9,4428840.0,63272824.0,15:35:45,2026-09-23
sz301126,达嘉维康,10.3,-0.16,-1.53,10.3,10.32,10.46,10.47,10.55,10.24,2707200.0,27992843.0,15:35:00,2026-09-23
sz301127,武汉天源,17.35,-0.58,-3.235,17.35,17.36,17.93,17.89,17.99,17.16,17530017.0,305336194.0,15:35:15,2026-09-23
sz301128,强瑞技术,120.8,-0.76,-0.625,120.8,120.81,121.56,122.03,123.97,120.22,4074046.0,495215298.0,15:35:30,2026-09-23
sz301129,瑞纳智能,24.28,-0.01,-0.041,24.27,24.28,24.29,24.49,24.49,24.0,1577078.0,38236181.0,15:35:45,2026-09-23
sz301130,西点药业,29.12,-0.55,-1.854,29.12,29.13,29.67,29.08,29.9,28.9,6530613.0,191078115.0,15:35:00,2026-09-23
sz301131,聚赛龙,33.58,0.35,1.053,33.57,33.58,33.23,33.23,33.81,32.91,574444.0,19252841.0,15:35:15,2026-09-23
sz301132,满坤科技,74.56,6.23,9.118,74.56,74.57,68.33,69.68,78.9,68.15,21785544.0,1609383657.0,15:35:30,2026-09-23
sz301133,金钟股份,27.27,-0.36,-1.303,27.26,27.29,27.63,27.44,27.71,27.15,1824983.0,49914036.0,15:35:45,2026-09-23
sz301135,瑞德智能,17.94,-0.15,-0.829,17.93,17.94,18.09,18.1,18.15,17.84,1602724.0,28787792.0,15:35:00,2026-09-23
sz301136,招标股份,11.84,-0.2,-1.661,11.84,11.85,12.04,12.0,12.15,11.82,4866500.0,58028711.0,15:35:15,2026-09-23
sz301137,哈焊华通,31.06,-0.61,-1.926,31.06,31.07,31.67,31.6,31.87,30.98,2295762.0,71558966.0,15:35:30,2026-09-23
sz301138,华研精机,29.98,-0.12,-0.399,29.98,29.99,30.1,30.1,30.19,29.74,935800.0,28054026.0,15:35:45,2026-09-23
sz301139,*ST元道,0.0,0.0,0.0,0.0,0.0,3.31,0.0,0.0,0.0,0.0,0.0,15:35:00,2026-09-23
sz301141,中科磁业,37.98,-0.9,-2.315,37.98,37.99,38.88,38.61,38.88,37.61,1386523.0,52692701.0,15:35:15,2026-09-23
sz301148,嘉戎技术,61.07,2.94,5.058,61.07,61.09,58.13,58.54,61.58,57.77,2468300.0,149062255.0,15:35:30,2026-09-23
sz301149,隆华新材,9.25,0.24,2.664,9.24,9.25,9.01,9.03,9.27,9.0,11740701.0,107436527.0,15:35:45,2026-09-23
sz301150,中一科技,49.2,8.2,20.0,49.2,0.0,41.0,41.3,49.2,41.07,44222850.0,2023311932.0,15:35:00,2026-09-23
sz301151,冠龙节能,22.69,-0.02,-0.088,22.69,22.7,22.71,22.71,22.88,22.51,3001323.0,68057746.0,15:35:15,2026-09-23
sz301152,天力锂能,21.2,-0.37,-1.715,21.2,21.21,21.57,21.62,21.62,20.93,3803287.0,80356643.0,15:35:30,2026-09-23
sz301153,中科江南,17.4,-0.19,-1.08,17.4,17.42,17.59,17.58,17.58,17.2,2709747.0,47013835.0,15:35:45,2026-09-23
sz301155,海力风电,43.02,-0.22,-0.509,43.01,43.02,43.24,43.14,43.58,42.52,4357198.0,187285645.0,15:35:00,2026-09-23
sz301156,美农生物,11.88,0.01,0.084,11.88,11.89,11.87,11.85,11.99,11.68,3109200.0,36847174.0,15:35:15,2026-09-23
sz301157,华塑科技,67.72,1.41,2.126,67.64,67.72,66.31,66.63,68.1,65.79,822600.0,55227816.0,15:35:30,2026-09-23
sz301158,德石股份,14.34,-0.29,-1.982,14.33,14.34,14.63,14.69,14.69,14.29,2960050.0,42537670.0,15:35:45,2026-09-23
sz301159,三维天地,33.11,-0.37,-1.105,33.07,33.11,33.48,33.25,33.39,32.72,1957387.0,64636963.0,15:35:00,2026-09-23
sz301160,翔楼新材,44.6,3.73,9.126,44.59,44.6,40.87,40.9,45.45,40.58,6890597.0,297705061.0,15:35:15,2026-09-23
sz301161,唯万密封,31.34,0.36,1.162,31.34,31.35,30.98,31.1,31.55,30.45,2692016.0,83824656.0,15:35:30,2026-09-23
sz301162,国能日新,37.64,-0.58,-1.518,37.64,37.66,38.22,38.5,38.5,37.6,1190124.0,45118958.0,15:35:45,2026-09-23
sz301163,宏德股份,23.47,0.43,1.866,23.4,23.47,23.04,23.27,23.6,22.7,1305000.0,30222503.0,15:35:00,2026-09-23
sz301165,锐捷网络,114.16,0.63,0.555,114.16,114.17,113.53,113.54,115.68,112.42,9556559.0,1091698504.0,15:35:15,2026-09-23
sz301166,优宁维,33.03,0.86,2.673,33.03,33.04,32.17,32.4,33.43,31.79,2966800.0,97098696.0,15:35:30,2026-09-23
sz301167,建研设计,13.45,0.08,0.598,13.45,13.48,13.37,13.39,13.53,13.23,1766240.0,23681223.0,15:35:45,2026-09-23
sz301168,通灵股份,39.75,-0.22,-0.55,39.74,39.75,39.97,40.0,40.2,39.71,374900.0,14947934.0,15:35:00,2026-09-23
sz301169,零点有数,54.9,-0.39,-0.705,54.9,54.92,55.29,55.3,55.36,54.01,1511100.0,82718799.0,15:35:15,2026-09-23
sz301170,锡南科技,23.14,0.24,1.048,23.14,23.15,22.9,22.99,23.2,22.81,700000.0,16147466.0,15:35:30,2026-09-23
sz301171,易点天下,34.71,-1.97,-5.371,34.7,34.71,36.68,35.9,36.48,34.7,61308145.0,2173020643.0,15:35:45,2026-09-23
sz301172,君逸数码,18.79,-0.03,-0.159,18.78,18.79,18.82,18.82,18.86,18.58,3812585.0,71309549.0,15:35:00,2026-09-23
sz301173,毓恬冠佳,33.15,0.15,0.455,33.15,33.16,33.0,32.9,33.15,32.72,302937.0,9973670.0,15:35:15,2026-09-23
sz301175,中科环保,5.59,-0.03,-0.534,5.59,5.6,5.62,5.61,5.63,5.56,10634730.0,59458767.0,15:35:30,2026-09-23
sz301176,逸豪新材,65.52,2.41,3.819,65.51,65.52,63.11,61.2,67.8,60.33,24141977.0,1535336823.0,15:35:45,2026-09-23
sz301177,迪阿股份,23.39,0.02,0.086,23.36,23.39,23.37,23.35,23.5,23.16,1035856.0,24212919.0,15:35:00,2026-09-23
sz301178,天亿马,35.9,-2.62,-6.802,35.9,35.93,38.52,37.6,37.6,35.55,5392534.0,195506740.0,15:35:15,2026-09-23
sz301179,泽宇智能,20.59,-0.02,-0.097,20.58,20.59,20.61,20.61,20.67,20.42,2447295.0,50225272.0,15:35:30,2026-09-23
sz301180,万祥科技,11.81,-0.12,-1.006,11.81,11.83,11.93,11.95,11.99,11.71,2830300.0,33491645.0,15:35:45,2026-09-23
sz301181,标榜股份,25.8,-0.52,-1.976,25.8,25.82,26.32,26.32,26.8,25.7,3394170.0,88545644.0,15:35:00,2026-09-23
sz301182,凯旺科技,71.98,-1.49,-2.028,71.98,72.0,73.47,73.01,74.17,71.44,2689800.0,194986211.0,15:35:15,2026-09-23
sz301183,东田微,313.77,7.54,2.462,313.77,313.78,306.23,311.47,319.99,306.46,3661922.0,1150850452.0,15:35:30,2026-09-23
sz301185,鸥玛软件,17.33,-0.01,-0.058,17.3,17.33,17.34,17.31,17.34,17.02,1271000.0,21869216.0,15:35:45,2026-09-23
sz301186,超达装备,37.96,-0.15,-0.394,37.88,37.96,38.11,38.14,38.83,37.68,1969620.0,74871808.0,15:35:00,2026-09-23
sz301187,欧圣电气,15.66,-0.07,-0.445,15.64,15.66,15.73,15.58,15.76,15.41,3675177.0,57357937.0,15:35:15,2026-09-23
sz301188,力诺药包,36.86,1.57,4.449,36.86,36.87,35.29,36.93,38.86,36.27,25332282.0,952553954.0,15:35:30,2026-09-23
sz301189,奥尼电子,72.6,-1.65,-2.222,72.6,72.61,74.25,74.0,74.55,68.7,8595666.0,613707192.0,15:35:45,2026-09-23
sz301190,善水科技,21.4,0.94,4.594,21.38,21.4,20.46,20.46,21.58,20.16,7914452.0,166875496.0,15:35:00,2026-09-23
sz301191,菲菱科思,88.11,1.59,1.838,88.11,88.12,86.52,86.61,90.79,85.15,4955613.0,435323761.0,15:35:15,2026-09-23
sz301192,泰祥股份,19.81,0.28,1.434,19.78,19.81,19.53,19.73,19.88,19.28,1008300.0,19789851.0,15:35:30,2026-09-23
sz301193,家联科技,23.94,1.02,4.45,23.93,23.94,22.92,22.92,24.27,22.76,10242401.0,244103165.0,15:35:45,2026-09-23
sz301195,北路智控,27.45,0.19,0.697,27.45,27.48,27.26,27.41,27.54,27.1,1054400.0,28816077.0,15:35:00,2026-09-23
sz301196,唯科科技,90.34,-0.2,-0.221,90.34,90.35,90.54,90.84,92.0,90.0,2658618.0,241400618.0,15:35:15,2026-09-23
sz301197,工大科雅,28.77,0.36,1.267,28.77,28.78,28.41,29.11,29.3,27.98,4825700.0,137972138.0,15:35:30,2026-09-23
sz301198,喜悦智行,14.6,-0.2,-1.351,14.59,14.62,14.8,14.85,15.25,14.44,9443460.0,139467794.0,15:35:45,2026-09-23
sz301199,迈赫股份,18.17,-0.02,-0.11,18.16,18.17,18.19,18.19,18.23,18.03,826800.0,15009490.0,15:35:00,2026-09-23
sz301200,大族数控,256.98,-1.95,-0.753,256.93,256.98,258.93,259.2,262.97,256.7,1901471.0,492108994.0,15:35:15,2026-09-23
sz301201,诚达药业,32.81,-4.28,-11.539,32.81,32.82,37.09,37.71,38.2,32.45,15499493.0,537055598.0,15:35:30,2026-09-23
sz301202,朗威股份,39.54,-0.22,-0.553,39.54,39.55,39.76,39.78,40.23,39.48,864797.0,34393521.0,15:35:45,2026-09-23
sz301203,国泰环保,34.44,-0.04,-0.116,34.44,34.45,34.48,34.48,34.67,34.18,351000.0,12103867.0,15:35:00,2026-09-23
sz301205,联特科技,324.88,-2.62,-0.8,324.88,324.9,327.5,328.98,330.88,321.6,3172805.0,1034104229.0,15:35:15,2026-09-23
sz301206,三元生物,24.3,0.42,1.759,24.29,24.3,23.88,23.8,24.47,23.6,5222100.0,126186899.0,15:35:30,2026-09-23
sz301207,华兰疫苗,19.83,0.52,2.693,19.82,19.83,19.31,19.24,20.49,19.23,16279359.0,324748499.0,15:35:45,2026-09-23
sz301208,中亦科技,30.55,-0.4,-1.292,30.55,30.6,30.95,31.13,31.13,30.5,845900.0,25921227.0,15:35:00,2026-09-23
sz301209,联合化学,66.03,2.71,4.28,66.02,66.03,63.32,63.39,66.8,62.0,3381419.0,218467712.0,15:35:15,2026-09-23
sz301210,金杨精密,31.45,0.64,2.077,31.44,31.45,30.81,30.95,31.99,30.51,4793751.0,150699892.0,15:35:30,2026-09-23
sz301211,亨迪药业,12.59,-0.09,-0.71,12.59,12.6,12.68,12.55,12.75,12.5,8967021.0,112894553.0,15:35:45,2026-09-23
sz301212,联盛化学,26.68,-0.32,-1.185,26.65,26.69,27.0,26.83,27.02,26.5,987160.0,26342637.0,15:35:00,2026-09-23
sz301213,观想科技,45.69,-2.11,-4.414,45.69,45.7,47.8,47.8,48.88,45.61,4720750.0,219012690.0,15:35:15,2026-09-23
sz301215,中汽股份,5.31,-0.04,-0.748,5.31,5.32,5.35,5.33,5.36,5.31,5758246.0,30703171.0,15:35:30,2026-09-23
sz301216,万凯新材,17.6,0.03,0.171,17.6,17.61,17.57,17.61,17.78,17.35,13091848.0,230735237.0,15:35:45,2026-09-23
sz301217,铜冠铜箔,119.23,4.69,4.095,119.23,119.24,114.54,112.88,119.5,111.39,42721963.0,4984586462.0,15:35:00,2026-09-23
sz301218,华是科技,48.55,0.76,1.59,48.55,48.56,47.79,47.51,49.0,46.93,9988282.0,480698403.0,15:35:15,2026-09-23
sz301219,腾远钴业,41.28,-0.33,-0.793,41.28,41.29,41.61,41.63,41.88,41.19,3355187.0,138742829.0,15:35:30,2026-09-23
sz301220,亚香股份,32.41,-1.04,-3.109,32.4,32.41,33.45,33.3,33.65,32.0,2972239.0,97235379.0,15:35:45,2026-09-23
sz301221,光庭信息,27.84,0.13,0.469,27.84,27.86,27.71,27.66,28.05,27.31,1736330.0,48032551.0,15:35:00,2026-09-23
sz301222,浙江恒威,26.58,-0.57,-2.099,26.58,26.59,27.15,26.94,27.15,26.27,2784661.0,73916342.0,15:35:15,2026-09-23
sz301223,中荣股份,18.44,0.25,1.374,18.44,18.45,18.19,18.11,18.46,18.01,1160974.0,21265642.0,15:35:30,2026-09-23
sz301225,恒勃股份,61.19,-0.26,-0.423,61.19,61.2,61.45,61.57,62.42,60.31,2029320.0,124542690.0,15:35:45,2026-09-23
sz301226,祥明智能,33.71,-0.15,-0.443,33.71,33.74,33.86,34.14,34.3,33.0,2458950.0,83056016.0,15:35:00,2026-09-23
sz301227,森鹰窗业,33.44,-1.36,-3.908,33.36,33.44,34.8,34.09,35.55,33.28,2880374.0,97988331.0,15:35:15,2026-09-23
sz301228,实朴检测,58.09,0.8,1.396,58.09,58.13,57.29,57.57,58.77,56.39,2533800.0,146445102.0,15:35:30,2026-09-23
sz301229,纽泰格,11.92,0.03,0.252,11.9,11.92,11.89,11.9,11.99,11.75,2108399.0,25044120.0,15:35:45,2026-09-23
sz301230,泓博医药,40.07,0.47,1.187,40.07,40.08,39.6,40.31,41.14,39.04,26667989.0,1068437524.0,15:35:00,2026-09-23
sz301231,荣信文化,30.39,-0.19,-0.621,30.37,30.39,30.58,30.63,31.02,29.7,6392600.0,194128976.0,15:35:15,2026-09-23
sz301232,飞沃科技,90.67,-1.2,-1.306,90.6,90.67,91.87,91.91,92.34,89.9,1795020.0,162655741.0,15:35:30,2026-09-23
sz301233,盛帮股份,37.57,3.53,10.37,37.57,37.58,34.04,34.67,37.67,34.13,3553361.0,129170414.0,15:35:45,2026-09-23
sz301234,五洲医疗,122.0,-17.74,-12.695,121.98,122.0,139.74,133.0,135.99,122.0,4595888.0,583626527.0,15:35:00,2026-09-23
sz301235,华康洁净,47.62,-0.52,-1.08,47.62,47.65,48.14,48.0,48.44,47.39,5266516.0,251924696.0,15:35:15,2026-09-23
sz301236,软通动力,36.99,-0.83,-2.195,36.99,37.0,37.82,37.98,38.07,36.98,13086402.0,487377963.0,15:35:30,2026-09-23
sz301237,和顺科技,42.03,2.53,6.405,42.03,42.07,39.5,39.71,42.91,39.2,3417241.0,143240154.0,15:35:45,2026-09-23
sz301238,瑞泰新材,16.14,0.02,0.124,16.13,16.14,16.12,16.17,16.17,16.0,4953200.0,79734957.0,15:35:00,2026-09-23
sz301239,普瑞眼科,31.65,-0.36,-1.125,31.64,31.65,32.01,31.98,32.06,31.6,1596178.0,50703402.0,15:35:15,2026-09-23
sz301246,宏源药业,18.06,0.03,0.166,18.06,18.07,18.03,18.04,18.24,17.91,5580897.0,100859781.0,15:35:30,2026-09-23
sz301248,杰创智能,59.7,0.7,1.186,59.7,59.8,59.0,59.0,60.2,58.0,3652894.0,216824890.0,15:35:45,2026-09-23
sz301251,威尔高,90.8,4.8,5.581,90.8,90.81,86.0,87.3,92.8,85.57,12271917.0,1101617785.0,15:35:00,2026-09-23
sz301252,同星科技,41.37,0.98,2.426,41.36,41.37,40.39,40.4,41.6,40.4,2835612.0,116760037.0,15:35:15,2026-09-23
sz301255,通力科技,19.24,-0.04,-0.207,19.23,19.24,19.28,19.31,19.37,19.01,1055322.0,20266259.0,15:35:30,2026-09-23
sz301256,华融化学,10.12,-0.01,-0.099,10.12,10.13,10.13,10.18,10.23,9.98,3437503.0,34709335.0,15:35:45,2026-09-23
sz301257,普蕊斯,42.1,0.38,0.911,42.09,42.1,41.72,41.74,42.7,41.25,3532773.0,148817636.0,15:35:00,2026-09-23
sz301258,富士莱,26.96,-0.15,-0.553,26.96,27.0,27.11,27.66,27.66,26.79,1314100.0,35644306.0,15:35:15,2026-09-23
sz301259,艾布鲁,21.19,0.83,4.077,21.18,21.19,20.36,20.29,21.88,20.17,7257989.0,153733072.0,15:35:30,2026-09-23
sz301260,格力博,11.85,-0.05,-0.42,11.85,11.87,11.9,11.94,12.0,11.83,1164791.0,13846841.0,15:35:45,2026-09-23
sz301261,恒工精密,56.09,0.16,0.286,56.04,56.09,55.93,55.93,56.56,55.33,1284700.0,71947309.0,15:35:00,2026-09-23
sz301262,海看股份,19.91,-0.86,-4.141,19.91,19.92,20.77,20.52,20.68,19.88,10094273.0,202574521.0,15:35:15,2026-09-23
sz301263,泰恩康,21.79,0.54,2.541,21.79,21.8,21.25,21.25,22.08,20.95,6439693.0,139895941.0,15:35:30,2026-09-23
sz301265,华新科技,22.43,0.57,2.608,22.42,22.43,21.86,21.91,22.79,21.55,7927563.0,176273433.0,15:35:45,2026-09-23
sz301266,宇邦新材,26.37,0.73,2.847,26.37,26.38,25.64,25.7,26.53,25.64,4501270.0,117847670.0,15:35:00,2026-09-23
sz301267,华厦眼科,15.11,-0.02,-0.132,15.11,15.12,15.13,15.09,15.25,15.01,2868305.0,43515865.0,15:35:15,2026-09-23
sz301268,铭利达,12.13,-0.12,-0.98,12.13,12.14,12.25,12.25,12.48,12.12,4351175.0,53311027.0,15:35:30,2026-09-23
sz301269,华大九天,89.3,-0.33,-0.368,89.3,89.31,89.63,88.99,90.5,88.58,3172198.0,283510804.0,15:35:45,2026-09-23
sz301270,汉仪股份,32.93,-0.11,-0.333,32.93,32.95,33.04,33.04,33.2,32.61,1300300.0,42718924.0,15:35:00,2026-09-23
sz301272,英华特,35.68,0.32,0.905,35.68,35.77,35.36,35.65,36.18,35.22,752981.0,26941544.0,15:35:15,2026-09-23
sz301273,瑞晨环保,37.46,0.52,1.408,37.38,37.47,36.94,36.7,37.77,36.63,1234219.0,45990704.0,15:35:30,2026-09-23
sz301275,汉朔科技,41.2,0.6,1.478,41.2,41.21,40.6,40.63,41.28,40.3,4531738.0,184921565.0,15:35:45,2026-09-23
sz301276,嘉曼服饰,17.47,-0.16,-0.908,17.47,17.48,17.63,17.65,17.65,17.35,1525820.0,26675277.0,15:35:00,2026-09-23
sz301277,新天地,10.45,0.03,0.288,10.44,10.45,10.42,10.38,10.55,10.34,3420604.0,35770997.0,15:35:15,2026-09-23
sz301278,快可电子,29.91,0.44,1.493,29.91,29.92,29.47,29.49,30.1,29.3,1729400.0,51534236.0,15:35:30,2026-09-23
sz301279,金道科技,23.99,-0.11,-0.456,23.98,23.99,24.1,24.19,24.19,23.62,1259781.0,30066358.0,15:35:45,2026-09-23
sz301280,珠城科技,45.11,3.03,7.201,45.11,45.13,42.08,42.28,45.77,42.2,4663567.0,208615587.0,15:35:00,2026-09-23
sz301281,科源制药,50.0,-0.73,-1.439,50.0,50.01,50.73,50.8,51.19,49.81,1854675.0,93296932.0,15:35:15,2026-09-23
sz301282,金禄电子,47.72,1.39,3.0,47.72,47.73,46.33,46.05,48.15,45.64,15761178.0,743370644.0,15:35:30,2026-09-23
sz301283,聚胶股份,26.2,0.07,0.268,26.19,26.2,26.13,26.2,26.42,25.9,836830.0,21869425.0,15:35:45,2026-09-23
sz301285,鸿日达,101.53,-1.54,-1.494,101.52,101.61,103.07,105.01,105.83,101.49,2453159.0,252143027.0,15:35:00,2026-09-23
sz301286,侨源股份,48.08,0.24,0.502,48.03,48.08,47.84,48.06,48.48,47.39,900798.0,43181047.0,15:35:15,2026-09-23
sz301287,康力源,40.5,-0.44,-1.075,40.5,40.57,40.94,40.94,41.36,39.74,1087700.0,43943457.0,15:35:30,2026-09-23
sz301288,清研环境,17.4,0.32,1.874,17.33,17.4,17.08,17.0,17.55,16.81,1548061.0,26760884.0,15:35:45,2026-09-23
sz301289,国缆检测,44.48,0.11,0.248,44.46,44.48,44.37,44.42,44.6,43.63,417600.0,18498779.0,15:35:00,2026-09-23
sz301290,东星医疗,29.87,0.67,2.295,29.87,29.88,29.2,29.33,30.28,29.13,3826015.0,114107697.0,15:35:15,2026-09-23
sz301291,明阳电气,35.64,1.04,3.006,35.63,35.64,34.6,34.59,35.78,34.11,7105613.0,249035711.0,15:35:30,2026-09-23
sz301292,海科新源,58.54,-1.75,-2.903,58.54,58.55,60.29,60.0,60.28,57.88,5378522.0,315528436.0,15:35:45,2026-09-23
sz301293,三博脑科,50.72,-0.49,-0.957,50.72,50.76,51.21,50.93,51.26,50.56,3495275.0,177465373.0,15:35:00,2026-09-23
sz301295,美硕科技,37.61,-0.16,-0.424,37.61,37.7,37.77,37.53,38.27,37.41,839089.0,31644937.0,15:35:15,2026-09-23
sz301296,新巨丰,6.44,0.0,0.0,6.44,6.45,6.44,6.43,6.48,6.38,2574200.0,16581794.0,15:35:30,2026-09-23
sz301297,富乐德,49.69,3.25,6.998,49.69,49.7,46.44,46.46,50.27,46.46,33584675.0,1631201339.0,15:35:45,2026-09-23
sz301298,东利机械,12.76,0.09,0.71,12.74,12.76,12.67,12.69,12.84,12.43,1431600.0,18183713.0,15:35:00,2026-09-23
sz301299,卓创资讯,47.16,-0.75,-1.565,47.16,47.17,47.91,47.91,48.14,46.87,1601308.0,75677928.0,15:35:15,2026-09-23
sz301300,远翔新材,34.0,-1.22,-3.464,34.0,34.02,35.22,34.57,34.59,33.66,2851379.0,96896119.0,15:35:30,2026-09-23
sz301301,川宁生物,8.12,-0.1,-1.217,8.12,8.13,8.22,8.22,8.25,8.11,8818800.0,71903215.0,15:35:45,2026-09-23
sz301302,华如科技,21.77,-0.45,-2.025,21.77,21.79,22.22,21.97,22.25,21.68,4734807.0,103543074.0,15:35:00,2026-09-23
sz301303,真兰仪表,13.96,0.04,0.287,13.96,13.97,13.92,13.91,14.04,13.82,2485784.0,34724961.0,15:35:15,2026-09-23
sz301305,朗坤科技,27.28,-0.26,-0.944,27.28,27.29,27.54,27.4,27.88,26.9,7647151.0,208442395.0,15:35:30,2026-09-23
sz301306,西测测试,99.11,2.73,2.833,99.06,99.11,96.38,96.37,99.8,95.1,2497868.0,243710069.0,15:35:45,2026-09-23
sz301307,美利信,59.72,0.64,1.083,59.72,59.75,59.08,59.74,61.25,58.67,6160202.0,370333543.0,15:35:00,2026-09-23
sz301308,江波龙,346.0,-2.27,-0.652,346.0,346.01,348.27,353.0,354.44,345.26,8338708.0,2913156120.0,15:35:15,2026-09-23
sz301309,万得凯,30.83,0.25,0.818,30.83,30.88,30.58,30.67,31.15,30.32,916000.0,28173203.0,15:35:30,2026-09-23
sz301310,鑫宏业,58.11,2.51,4.514,58.1,58.11,55.6,55.25,58.86,55.21,6997779.0,399557884.0,15:35:45,2026-09-23
sz301311,昆船智能,14.98,-0.42,-2.727,14.97,14.98,15.4,15.35,15.9,14.64,15577334.0,236143082.0,15:35:00,2026-09-23
sz301312,智立方,92.6,5.69,6.547,92.59,92.6,86.91,86.54,96.33,86.08,10262592.0,954967139.0,15:35:15,2026-09-23
sz301313,凡拓数创,31.31,-0.08,-0.255,31.31,31.32,31.39,31.36,32.23,31.0,4280523.0,134734204.0,15:35:30,2026-09-23
sz301314,科瑞思,49.12,1.57,3.302,49.12,49.14,47.55,48.33,49.5,46.49,1184420.0,57259301.0,15:35:45,2026-09-23
sz301315,威士顿,44.68,0.54,1.223,44.68,44.7,44.14,43.71,45.0,43.71,3750400.0,167118796.0,15:35:00,2026-09-23
sz301316,慧博云通,39.8,-0.4,-0.995,39.8,39.81,40.2,40.4,40.4,39.43,9605589.0,382764259.0,15:35:15,2026-09-23
sz301317,鑫磊股份,50.68,0.05,0.099,50.67,50.68,50.63,50.56,51.18,50.22,1501167.0,76165341.0,15:35:30,2026-09-23
sz301318,维海德,21.63,0.13,0.605,21.63,21.64,21.5,21.5,21.68,21.1,941915.0,20240793.0,15:35:45,2026-09-23
sz301319,唯特偶,99.29,1.33,1.358,99.29,99.3,97.96,98.51,100.56,97.0,7171405.0,710767727.0,15:35:00,2026-09-23
sz301320,豪江智能,14.18,-0.06,-0.421,14.17,14.19,14.24,14.14,14.28,13.94,1596300.0,22597357.0,15:35:15,2026-09-23
sz301321,翰博高新,53.32,1.89,3.675,53.32,53.33,51.43,52.01,54.4,51.47,5624828.0,297856948.0,15:35:30,2026-09-23
sz301322,绿通科技,45.02,1.03,2.341,45.02,45.04,43.99,44.1,45.56,43.28,3266684.0,145144392.0,15:35:45,2026-09-23
sz301323,新莱福,79.78,2.69,3.489,79.77,79.78,77.09,78.0,80.97,77.13,1731443.0,136886206.0,15:35:00,2026-09-23
sz301325,曼恩斯特,32.0,0.39,1.234,32.0,32.01,31.61,31.71,32.32,31.51,2238429.0,71708248.0,15:35:15,2026-09-23
sz301326,捷邦科技,108.19,-0.27,-0.249,108.18,108.33,108.46,109.99,110.93,107.55,981997.0,107086786.0,15:35:30,2026-09-23
sz301327,华宝新能,42.03,-0.26,-0.615,42.03,42.09,42.29,42.29,42.58,41.91,779187.0,32869542.0,15:35:45,2026-09-23
sz301328,维峰电子,52.03,0.36,0.697,52.03,52.06,51.67,51.8,52.65,51.5,1824665.0,94983465.0,15:35:00,2026-09-23
sz301329,信音电子,20.94,0.04,0.191,20.93,20.95,20.9,20.89,21.42,20.68,4537911.0,95246894.0,15:35:15,2026-09-23
sz301330,熵基科技,26.0,0.1,0.386,26.0,26.01,25.9,25.9,26.13,25.62,2299054.0,59534237.0,15:35:30,2026-09-23
sz301331,恩威医药,21.85,-0.08,-0.365,21.82,21.85,21.93,22.23,22.23,21.5,1155700.0,25096192.0,15:35:45,2026-09-23
sz301332,德尔玛,7.66,-0.02,-0.26,7.66,7.68,7.68,7.67,7.72,7.62,2715442.0,20837712.0,15:35:00,2026-09-23
sz301333,诺思格,66.67,0.68,1.03,66.67,66.75,65.99,65.8,68.0,65.27,2088395.0,139915980.0,15:35:15,2026-09-23
sz301335,天元宠物,25.51,-0.25,-0.97,25.51,25.52,25.76,25.69,26.2,25.2,3266800.0,84053651.0,15:35:30,2026-09-23
sz301336,趣睡科技,43.94,0.03,0.068,43.94,43.99,43.91,43.91,44.87,43.45,804990.0,35589218.0,15:35:45,2026-09-23
sz301337,亚华电子,29.4,-0.35,-1.176,29.38,29.4,29.75,29.51,30.1,29.34,2967100.0,87789378.0,15:35:00,2026-09-23
sz301338,凯格精机,104.62,2.17,2.118,104.62,104.66,102.45,103.7,106.79,103.11,7537793.0,789535215.0,15:35:15,2026-09-23
sz301339,通行宝,12.1,0.22,1.852,12.1,12.11,11.88,11.87,12.18,11.71,8091230.0,96639431.0,15:35:30,2026-09-23
sz301345,涛涛车业,241.61,0.62,0.257,241.61,242.0,240.99,240.01,243.97,238.52,375900.0,90841821.0,15:35:45,2026-09-23
sz301348,蓝箭电子,22.71,0.31,1.384,22.71,22.72,22.4,22.35,22.85,22.24,7342583.0,165955773.0,15:35:00,2026-09-23
sz301349,信德新材,47.27,-0.51,-1.067,47.26,47.27,47.78,47.71,48.04,46.75,3490964.0,164914830.0,15:35:15,2026-09-23
sz301353,普莱得,20.32,0.37,1.855,20.32,20.38,19.95,20.07,20.48,19.71,1521417.0,30805235.0,15:35:30,2026-09-23
sz301355,南王科技,12.08,-0.03,-0.248,12.06,12.08,12.11,12.06,12.2,11.86,3398400.0,40815859.0,15:35:45,2026-09-23
sz301356,天振股份,20.73,0.02,0.097,20.73,20.74,20.71,20.66,21.18,20.36,2795440.0,58022133.0,15:35:00,2026-09-23
sz301357,北方长龙,96.04,-3.07,-3.098,96.04,96.05,99.11,98.89,98.9,95.5,3046524.0,294006094.0,15:35:15,2026-09-23
sz301358,湖南裕能,51.95,-1.1,-2.074,51.94,51.95,53.05,53.18,53.18,51.8,10363679.0,540208440.0,15:35:30,2026-09-23
sz301359,东南电子,19.53,0.14,0.722,19.51,19.53,19.39,19.31,19.67,19.07,1220602.0,23738667.0,15:35:45,2026-09-23
sz301360,荣旗科技,67.98,-2.52,-3.574,67.98,68.0,70.5,69.5,70.8,66.9,3797332.0,258276840.0,15:35:00,2026-09-23
sz301361,众智科技,27.08,-0.05,-0.184,27.07,27.08,27.13,27.3,27.33,26.85,696200.0,18823104.0,15:35:15,2026-09-23
sz301362,民爆光电,121.68,4.24,3.61,121.68,121.7,117.44,117.68,125.2,116.31,3603470.0,437807819.0,15:35:30,2026-09-23
sz301363,美好医疗,17.03,-0.32,-1.844,17.03,17.04,17.35,17.25,18.02,17.01,24574752.0,429562169.0,15:35:45,2026-09-23
sz301365,矩阵股份,36.59,0.03,0.082,36.52,36.59,36.56,36.47,37.07,35.75,2875444.0,104940658.0,15:35:00,2026-09-23
sz301366,一博科技,75.15,2.99,4.144,75.15,75.16,72.16,72.16,76.54,72.0,19850705.0,1483979991.0,15:35:15,2026-09-23
sz301367,瑞迈特,46.76,0.57,1.234,46.76,46.78,46.19,46.19,47.12,46.07,1657496.0,77533017.0,15:35:30,2026-09-23
sz301368,丰立智能,39.15,0.44,1.137,39.15,39.2,38.71,38.71,39.88,38.49,1817653.0,71420589.0,15:35:45,2026-09-23
sz301369,联动科技,155.59,18.36,13.379,155.59,155.6,137.23,137.23,157.99,137.0,5259708.0,778972281.0,15:35:00,2026-09-23
sz301370,国科恒泰,8.64,-0.02,-0.231,8.63,8.64,8.66,8.65,8.67,8.56,1943200.0,16766712.0,15:35:15,2026-09-23
sz301371,敷尔佳,21.14,-0.11,-0.518,21.13,21.14,21.25,21.25,21.37,21.08,1948292.0,41327639.0,15:35:30,2026-09-23
sz301372,科净源,34.85,0.75,2.199,34.84,34.85,34.1,33.96,34.85,33.16,1788199.0,61294492.0,15:35:45,2026-09-23
sz301373,凌玮科技,135.35,15.79,13.207,135.35,135.36,119.56,122.55,137.0,121.0,11966266.0,1562983863.0,15:35:00,2026-09-23
sz301376,致欧科技,22.68,0.02,0.088,22.67,22.68,22.66,22.67,22.95,22.33,2634800.0,59848521.0,15:35:15,2026-09-23
sz301377,鼎泰高科,392.36,-5.64,-1.417,392.32,392.39,398.0,400.89,401.78,391.06,2916283.0,1151653939.0,15:35:30,2026-09-23
sz301378,通达海,25.58,-0.44,-1.691,25.58,25.61,26.02,26.02,26.3,25.48,1894180.0,48593196.0,15:35:45,2026-09-23
sz301379,天山电子,21.81,-0.01,-0.046,21.81,21.82,21.82,21.91,21.94,21.49,6632943.0,144426883.0,15:35:00,2026-09-23
sz301380,挖金客,34.16,-0.13,-0.379,34.14,34.16,34.29,34.29,34.33,33.92,1707596.0,58275689.0,15:35:15,2026-09-23
sz301381,赛维时代,24.73,-0.25,-1.001,24.72,24.73,24.98,24.98,24.99,24.45,5226043.0,128864176.0,15:35:30,2026-09-23
sz301382,蜂助手,38.61,0.61,1.605,38.6,38.61,38.0,38.0,38.68,37.6,12320971.0,471795263.0,15:35:45,2026-09-23
sz301383,天键股份,24.65,-0.37,-1.479,24.64,24.65,25.02,24.97,25.08,24.58,1629202.0,40365890.0,15:35:00,2026-09-23
sz301386,未来电器,21.81,0.72,3.414,21.8,21.81,21.09,20.96,22.22,20.77,3128549.0,67163355.0,15:35:15,2026-09-23
sz301387,光大同创,56.82,-0.07,-0.123,56.8,56.82,56.89,56.64,57.98,56.23,1232863.0,70411742.0,15:35:30,2026-09-23
sz301388,欣灵电气,25.18,0.02,0.079,25.18,25.28,25.16,25.1,25.38,24.91,883600.0,22234662.0,15:35:45,2026-09-23
sz301389,隆扬电子,61.8,2.18,3.656,61.8,61.82,59.62,59.8,62.29,58.88,12889198.0,787455669.0,15:35:00,2026-09-23
sz301390,经纬股份,43.29,-3.73,-7.933,43.28,43.29,47.02,46.82,46.89,43.0,8037064.0,356970348.0,15:35:15,2026-09-23
sz301391,卡莱特,46.5,0.5,1.087,46.5,46.59,46.0,46.02,46.8,45.61,1088400.0,50200782.0,15:35:30,2026-09-23
sz301392,汇成真空,176.07,6.74,3.98,176.07,176.08,169.33,170.6,179.31,170.44,4781828.0,841194126.0,15:35:45,2026-09-23
sz301393,昊帆生物,71.5,5.82,8.861,71.5,71.51,65.68,65.0,72.76,64.92,8213390.0,576556530.0,15:35:00,2026-09-23
sz301395,仁信新材,12.54,0.06,0.481,12.54,12.55,12.48,12.47,12.65,12.39,2636780.0,33093184.0,15:35:15,2026-09-23
sz301396,宏景科技,183.63,-11.36,-5.826,183.63,183.64,194.99,194.1,194.66,183.49,18040332.0,3357333410.0,15:35:30,2026-09-23
sz301397,溯联股份,23.28,-0.05,-0.214,23.27,23.28,23.33,23.29,23.38,23.06,1086490.0,25224343.0,15:35:45,2026-09-23
sz301398,星源卓镁,39.56,-0.49,-1.223,39.46,39.56,40.05,40.3,40.39,38.98,1179551.0,46549689.0,15:35:00,2026-09-23
sz301399,英特科技,21.98,-0.36,-1.611,21.98,21.99,22.34,22.28,22.85,21.85,3566471.0,78945453.0,15:35:15,2026-09-23
sz301408,华人健康,15.11,-0.45,-2.892,15.11,15.12,15.56,15.66,15.72,15.06,14133593.0,214977646.0,15:35:30,2026-09-23
sz301413,安培龙,56.32,-0.41,-0.723,56.32,56.35,56.73,57.01,57.01,55.88,2016497.0,113657771.0,15:35:45,2026-09-23
sz301418,协昌科技,35.2,0.04,0.114,35.2,35.28,35.16,35.17,35.5,34.84,870800.0,30605284.0,15:35:00,2026-09-23
sz301419,阿莱德,48.59,0.11,0.227,48.58,48.59,48.48,48.02,49.49,47.52,7833951.0,380606591.0,15:35:15,2026-09-23
sz301421,波长光电,80.88,0.56,0.697,80.88,80.89,80.32,80.89,81.5,80.0,2164686.0,174921005.0,15:35:30,2026-09-23
sz301428,世纪恒通,27.92,-0.36,-1.273,27.92,27.95,28.28,28.29,28.43,27.55,3355030.0,93376656.0,15:35:45,2026-09-23
sz301429,森泰股份,17.54,0.16,0.921,17.54,17.57,17.38,17.41,17.64,17.25,1438800.0,25159306.0,15:35:00,2026-09-23
sz301439,泓淋电力,14.18,-0.22,-1.528,14.18,14.19,14.4,14.39,14.41,14.1,4097100.0,58076147.0,15:35:15,2026-09-23
sz301446,福事特,39.53,-2.15,-5.158,39.52,39.53,41.68,40.85,42.14,39.21,1438604.0,57599680.0,15:35:30,2026-09-23
sz301448,开创电气,54.3,3.29,6.45,54.28,54.3,51.01,51.98,54.9,50.75,4150650.0,222115676.0,15:35:45,2026-09-23
sz301449,天溯计量,40.76,-0.06,-0.147,40.75,40.76,40.82,40.6,41.19,40.48,754088.0,30806822.0,15:35:00,2026-09-23
sz301456,盘古智能,24.36,-0.21,-0.855,24.36,24.37,24.57,24.4,24.61,24.2,1931800.0,47053993.0,15:35:15,2026-09-23
sz301458,钧崴电子,40.2,1.18,3.024,40.2,40.21,39.02,39.02,40.47,39.02,8538413.0,340669324.0,15:35:30,2026-09-23
sz301459,丰茂股份,32.18,-0.08,-0.248,32.11,32.18,32.26,32.18,32.38,31.99,590900.0,18990600.0,15:35:45,2026-09-23
sz301468,博盈特焊,33.15,0.31,0.944,33.15,33.16,32.84,32.79,33.43,32.2,3176180.0,104368766.0,15:35:00,2026-09-23
sz301469,恒达新材,28.93,-0.16,-0.55,28.92,28.94,29.09,28.83,29.21,28.71,716100.0,20676252.0,15:35:15,2026-09-23
sz301479,弘景光电,53.65,-0.28,-0.519,53.65,53.66,53.93,53.97,54.34,53.2,2193478.0,117934672.0,15:35:30,2026-09-23
sz301486,致尚科技,218.3,-0.57,-0.26,218.3,218.31,218.87,221.8,224.18,217.17,5013861.0,1102175006.0,15:35:45,2026-09-23
sz301487,盟固利,15.85,-0.11,-0.689,15.85,15.86,15.96,15.97,16.0,15.77,6243700.0,99063291.0,15:35:00,2026-09-23
sz301488,豪恩汽电,94.12,1.16,1.248,94.1,94.12,92.96,92.99,94.8,92.17,984750.0,92295467.0,15:35:15,2026-09-23
sz301489,思泉新材,129.09,0.29,0.225,129.09,129.1,128.8,131.37,131.99,127.0,4078748.0,527275481.0,15:35:30,2026-09-23
sz301491,汉桑科技,37.4,-0.42,-1.111,37.4,37.44,37.82,37.99,38.0,37.36,500492.0,18769494.0,15:35:45,2026-09-23
sz301498,乖宝宠物,40.12,-1.28,-3.092,40.11,40.13,41.4,41.19,41.77,40.02,4533032.0,183683933.0,15:35:00,2026-09-23
sz301499,维科精密,26.9,0.82,3.144,26.87,26.9,26.08,26.08,27.25,25.85,3515700.0,93505992.0,15:35:15,2026-09-23
sz301500,飞南资源,26.91,-2.19,-7.526,26.91,26.92,29.1,29.0,29.09,26.77,19750569.0,541992258.0,15:35:30,2026-09-23
sz301501,恒鑫生活,28.65,0.65,2.321,28.64,28.65,28.0,27.91,29.2,27.77,2080839.0,59537876.0,15:35:45,2026-09-23
sz301502,华阳智能,52.94,-0.01,-0.019,52.9,52.96,52.95,52.94,53.51,52.5,580400.0,30710215.0,15:35:00,2026-09-23
sz301503,智迪科技,22.29,0.22,0.997,22.29,22.3,22.07,22.24,22.54,21.97,786810.0,17538022.0,15:35:15,2026-09-23
sz301505,苏州规划,18.21,-0.35,-1.886,18.21,18.22,18.56,18.5,18.66,18.1,1970500.0,36007824.0,15:35:30,2026-09-23
sz301507,民生健康,13.32,-0.01,-0.075,13.31,13.32,13.33,13.33,13.5,13.1,7042221.0,93727183.0,15:35:45,2026-09-23
sz301508,中机认检,24.19,0.05,0.207,24.19,24.2,24.14,24.1,24.35,24.06,605600.0,14669298.0,15:35:00,2026-09-23
sz301509,金凯生科,32.34,1.09,3.488,32.33,32.34,31.25,31.0,33.13,31.0,5390635.0,174660293.0,15:35:15,2026-09-23
sz301510,固高科技,28.11,-0.24,-0.847,28.11,28.13,28.35,28.46,28.85,27.92,4928300.0,138750712.0,15:35:30,2026-09-23
sz301511,德福科技,112.68,1.58,1.422,112.67,112.69,111.1,113.31,115.63,109.5,24325316.0,2747771312.0,15:35:45,2026-09-23
sz301512,智信精密,32.06,0.23,0.723,32.06,32.08,31.83,32.01,32.2,31.75,818780.0,26232758.0,15:35:00,2026-09-23
sz301513,尚水智能,45.28,-0.15,-0.33,45.24,45.28,45.43,45.4,45.57,44.76,856641.0,38746762.0,15:35:15,2026-09-23
sz301515,港通医疗,20.76,0.35,1.715,20.76,20.8,20.41,20.28,21.12,19.8,2317536.0,47733923.0,15:35:30,2026-09-23
sz301516,中远通,19.78,0.05,0.253,19.77,19.78,19.73,19.66,19.91,19.46,6974410.0,137541458.0,15:35:45,2026-09-23
sz301517,陕西华达,38.6,-0.01,-0.026,38.6,38.61,38.61,38.4,38.96,37.62,5894403.0,225463948.0,15:35:00,2026-09-23
sz301518,长华化学,25.23,-0.47,-1.829,25.23,25.3,25.7,25.47,25.88,24.99,2693567.0,68006840.0,15:35:15,2026-09-23
sz301519,舜禹股份,11.98,-0.02,-0.167,11.98,12.03,12.0,11.98,12.08,11.81,1456501.0,17432403.0,15:35:30,2026-09-23
sz301520,万邦医药,78.77,-3.61,-4.382,78.77,78.78,82.38,82.0,82.95,78.44,13989257.0,1121285445.0,15:35:45,2026-09-23
sz301522,上大股份,23.35,-0.2,-0.849,23.35,23.36,23.55,23.55,23.63,23.25,2436269.0,56928216.0,15:35:00,2026-09-23
sz301525,儒竞科技,40.0,0.4,1.01,39.99,40.0,39.6,39.6,40.59,39.37,1185690.0,47592955.0,15:35:15,2026-09-23
sz301526,国际复材,30.31,-0.69,-2.226,30.31,30.32,31.0,30.68,31.24,30.16,96316204.0,2937190393.0,15:35:30,2026-09-23
sz301528,多浦乐,76.27,1.11,1.477,76.11,76.27,75.16,75.1,76.85,72.6,2032481.0,152426257.0,15:35:45,2026-09-23
sz301529,福赛科技,133.7,-1.64,-1.212,133.7,133.75,135.34,138.11,138.17,132.66,2620244.0,352351635.0,15:35:00,2026-09-23
sz301531,春光集团,53.25,0.41,0.776,53.25,53.26,52.84,53.18,53.29,52.13,2528828.0,133598580.0,15:35:15,2026-09-23
sz301533,威马农机,28.74,-0.44,-1.508,28.74,28.75,29.18,29.2,29.2,28.66,907292.0,26111001.0,15:35:30,2026-09-23
sz301535,浙江华远,13.84,-0.02,-0.144,13.84,13.85,13.86,13.91,13.95,13.67,1411700.0,19486738.0,15:35:45,2026-09-23
sz301536,星宸科技,133.81,0.73,0.549,133.81,133.84,133.08,133.08,134.88,131.5,12743557.0,1701140011.0,15:35:00,2026-09-23
sz301538,骏鼎达,42.02,0.79,1.916,42.02,42.09,41.23,41.21,42.48,41.04,1900923.0,79488095.0,15:35:15,2026-09-23
sz301539,宏鑫科技,15.39,0.07,0.457,15.37,15.39,15.32,15.31,15.43,15.14,1050700.0,16088065.0,15:35:30,2026-09-23
sz301548,崇德科技,57.11,-0.4,-0.696,57.11,57.2,57.51,58.29,58.68,56.91,1657539.0,95371977.0,15:35:45,2026-09-23
sz301550,斯菱智驱,94.63,-0.7,-0.734,94.63,94.64,95.33,96.01,96.88,94.32,5501848.0,524409099.0,15:35:00,2026-09-23
sz301551,无线传媒,22.55,-0.73,-3.136,22.55,22.56,23.28,23.09,23.19,22.5,10630923.0,241635924.0,15:35:15,2026-09-23
sz301552,科力装备,24.49,-0.09,-0.366,24.47,24.49,24.58,24.53,24.68,24.3,510082.0,12484481.0,15:35:30,2026-09-23
sz301555,惠柏新材,38.26,1.47,3.996,38.25,38.26,36.79,36.7,38.86,36.39,3241387.0,122656726.0,15:35:45,2026-09-23
sz301556,托普云农,62.31,-0.88,-1.393,62.05,62.31,63.19,63.19,63.39,61.18,1750036.0,107975265.0,15:35:00,2026-09-23
sz301557,常友科技,85.2,0.05,0.059,85.2,85.56,85.15,85.5,87.0,84.7,541740.0,46558535.0,15:35:15,2026-09-23
sz301558,三态股份,6.72,-0.09,-1.322,6.71,6.72,6.81,6.8,6.8,6.69,6349600.0,42686293.0,15:35:30,2026-09-23
sz301559,中集环科,12.75,-0.06,-0.468,12.74,12.75,12.81,12.87,12.87,12.71,1356730.0,17338242.0,15:35:45,2026-09-23
sz301560,众捷股份,26.33,1.73,7.033,26.32,26.34,24.6,24.96,26.93,24.95,6571766.0,171517718.0,15:35:00,2026-09-23
sz301563,云汉芯城,115.88,1.43,1.249,115.87,115.88,114.45,114.4,117.31,113.97,1365011.0,157777568.0,15:35:15,2026-09-23
sz301565,中仑新材,20.33,0.43,2.161,20.33,20.34,19.9,19.8,20.44,19.79,4724435.0,95173493.0,15:35:30,2026-09-23
sz301566,达利凯普,27.4,0.44,1.632,27.39,27.4,26.96,26.93,27.57,26.89,20646953.0,562014609.0,15:35:45,2026-09-23
sz301567,贝隆精密,38.58,0.34,0.889,38.58,38.6,38.24,38.05,39.3,38.05,1184300.0,45690052.0,15:35:00,2026-09-23
sz301568,思泰克,79.56,5.38,7.253,79.56,79.57,74.18,73.9,80.99,73.9,4684819.0,365380517.0,15:35:15,2026-09-23
sz301571,国科天成,74.15,-0.85,-1.133,74.14,74.15,75.0,73.0,74.74,72.55,5990612.0,441895981.0,15:35:30,2026-09-23
sz301575,艾芬达,25.2,-0.98,-3.743,25.19,25.2,26.18,26.29,26.3,24.9,4189382.0,106158235.0,15:35:45,2026-09-23
sz301577,美信科技,59.82,-0.39,-0.648,59.8,59.86,60.21,59.78,60.65,59.71,656600.0,39465642.0,15:35:00,2026-09-23
sz301578,辰奕智能,23.56,-0.05,-0.212,23.56,23.57,23.61,23.47,23.76,23.3,847186.0,19878201.0,15:35:15,2026-09-23
sz301580,爱迪特,57.5,1.13,2.005,57.47,57.5,56.37,56.37,57.72,55.83,4578370.0,260648475.0,15:35:30,2026-09-23
sz301581,黄山谷捷,37.19,-0.24,-0.641,37.19,37.2,37.43,37.29,37.68,36.73,949194.0,35218883.0,15:35:45,2026-09-23
sz301583,托伦斯,134.68,-1.51,-1.109,134.68,134.7,136.19,136.0,137.89,132.81,5629984.0,759059642.0,15:35:00,2026-09-23
sz301584,建发致新,19.85,-0.28,-1.391,19.85,19.86,20.13,20.13,20.14,19.78,1420747.0,28280133.0,15:35:15,2026-09-23
sz301585,蓝宇股份,28.49,-0.2,-0.697,28.49,28.51,28.69,28.69,28.74,28.41,523660.0,14948297.0,15:35:30,2026-09-23
sz301586,佳力奇,29.8,-0.05,-0.168,29.73,29.8,29.85,29.85,30.1,29.5,499300.0,14874441.0,15:35:45,2026-09-23
sz301587,中瑞股份,21.81,0.36,1.678,21.79,21.81,21.45,21.46,21.87,21.33,2294250.0,49730561.0,15:35:00,2026-09-23
sz301588,美新科技,26.97,-0.82,-2.951,26.97,26.98,27.79,27.88,27.98,26.88,2970215.0,81011553.0,15:35:15,2026-09-23
sz301589,诺瓦星云,162.51,3.72,2.343,162.51,162.56,158.79,158.89,163.2,157.41,739407.0,118939931.0,15:35:30,2026-09-23
sz301590,优优绿能,68.89,-0.36,-0.52,68.86,68.99,69.25,69.25,69.84,68.71,391982.0,27135648.0,15:35:45,2026-09-23
sz301591,肯特股份,45.61,0.71,1.581,45.61,45.62,44.9,44.56,47.18,44.56,9824474.0,450378433.0,15:35:00,2026-09-23
sz301592,六九一二,118.47,1.16,0.989,118.43,118.48,117.31,117.2,119.3,116.03,1072370.0,126655111.0,15:35:15,2026-09-23
sz301595,太力科技,50.54,5.73,12.787,50.52,50.54,44.81,45.18,51.42,44.83,4573345.0,222418155.0,15:35:30,2026-09-23
sz301596,瑞迪智驱,47.54,0.54,1.149,47.53,47.54,47.0,46.99,47.88,46.7,1525515.0,72376264.0,15:35:45,2026-09-23
sz301598,博科测试,51.61,0.41,0.801,51.6,51.61,51.2,51.25,51.65,50.75,428232.0,21960523.0,15:35:00,2026-09-23
sz301599,理奇智能,33.24,0.08,0.241,33.23,33.24,33.16,33.14,33.57,32.92,2470900.0,82061426.0,15:35:15,2026-09-23
sz301600,慧翰股份,80.7,3.9,5.078,80.65,80.7,76.8,76.28,81.48,76.26,1385163.0,110636212.0,15:35:30,2026-09-23
sz301601,惠通科技,16.84,0.62,3.822,16.83,16.84,16.22,16.09,17.47,15.73,8436184.0,139867413.0,15:35:45,2026-09-23
sz301602,超研股份,16.44,0.11,0.674,16.44,16.46,16.33,16.33,16.56,16.19,3919798.0,64372060.0,15:35:00,2026-09-23
sz301603,乔锋智能,126.35,1.3,1.04,126.3,126.35,125.05,126.24,127.34,124.33,1079126.0,136113420.0,15:35:15,2026-09-23
sz301606,绿联科技,54.63,-2.52,-4.409,54.63,54.67,57.15,56.97,57.31,54.38,4702700.0,259094795.0,15:35:30,2026-09-23
sz301607,富特科技,44.85,1.22,2.796,44.83,44.85,43.63,43.95,46.24,43.15,13861359.0,618229073.0,15:35:45,2026-09-23
sz301608,博实结,52.02,2.36,4.752,52.01,52.02,49.66,50.51,52.5,48.34,4480307.0,227983713.0,15:35:00,2026-09-23
sz301609,山大电力,30.94,-1.01,-3.161,30.94,30.95,31.95,32.02,32.02,30.84,2094800.0,65363156.0,15:35:15,2026-09-23
sz301611,珂玛科技,97.65,0.96,0.993,97.65,97.66,96.69,96.69,99.18,96.01,6621220.0,648432754.0,15:35:30,2026-09-23
sz301613,新铝时代,35.71,0.01,0.028,35.71,35.74,35.7,36.02,36.1,35.33,842449.0,30088359.0,15:35:45,2026-09-23
sz301616,浙江华业,35.49,0.17,0.481,35.48,35.49,35.32,35.15,35.63,35.15,583700.0,20671102.0,15:35:00,2026-09-23
sz301617,博苑新材,53.39,0.66,1.252,53.39,53.4,52.73,52.64,54.16,52.37,1724916.0,91632190.0,15:35:15,2026-09-23
sz301618,长联科技,31.28,0.01,0.032,31.28,31.29,31.27,31.27,31.5,31.02,545560.0,17038589.0,15:35:30,2026-09-23
sz301622,英思特,37.99,0.13,0.343,37.99,38.02,37.86,37.85,38.23,37.51,755481.0,28649120.0,15:35:45,2026-09-23
sz301626,苏州天脉,334.6,2.61,0.786,334.6,335.0,331.99,336.0,346.0,330.0,3043687.0,1028687710.0,15:35:00,2026-09-23
sz301628,强达电路,120.47,0.61,0.509,120.45,120.47,119.86,119.79,124.49,117.66,4466368.0,539680948.0,15:35:15,2026-09-23
sz301629,矽电股份,281.18,-1.12,-0.397,281.18,281.34,282.3,282.0,286.99,280.56,760022.0,215141480.0,15:35:30,2026-09-23
sz301630,同宇新材,219.54,17.47,8.646,219.54,219.58,202.07,202.88,225.0,202.07,2899016.0,623002597.0,15:35:45,2026-09-23
sz301631,壹连科技,64.06,0.96,1.521,64.06,64.09,63.1,63.1,64.33,62.74,1655248.0,105711404.0,15:35:00,2026-09-23
sz301632,广东建科,13.43,0.08,0.599,13.43,13.44,13.35,13.35,13.82,13.26,7190883.0,97555909.0,15:35:15,2026-09-23
sz301633,港迪技术,60.51,0.34,0.565,60.51,60.55,60.17,59.63,61.61,58.25,1543774.0,92511859.0,15:35:30,2026-09-23
sz301636,泽润新能,41.71,-0.36,-0.856,41.7,41.74,42.07,42.0,42.56,41.16,2100102.0,87691788.0,15:35:45,2026-09-23
sz301638,南网数字,21.45,-0.36,-1.651,21.44,21.45,21.81,21.76,21.77,21.44,5557776.0,119697535.0,15:35:00,2026-09-23
sz301655,绿控传动,24.16,1.21,5.272,24.16,24.17,22.95,23.19,24.84,23.18,13778004.0,331881866.0,15:35:15,2026-09-23
sz301656,联合动力,14.42,-0.08,-0.552,14.41,14.42,14.5,14.8,15.2,14.42,7284173.0,107449604.0,15:35:30,2026-09-23
sz301658,首航新能,22.55,-0.03,-0.133,22.54,22.58,22.58,22.58,22.8,22.4,2120169.0,47812898.0,15:35:45,2026-09-23
sz301662,宏工科技,67.67,0.69,1.03,67.65,67.67,66.98,66.85,68.21,66.5,2162726.0,145993843.0,15:35:00,2026-09-23
sz301665,泰禾股份,22.34,-0.11,-0.49,22.33,22.34,22.45,22.45,22.5,22.3,677956.0,15151577.0,15:35:15,2026-09-23
sz301666,大普微,407.92,6.92,1.726,407.92,407.93,401.0,412.95,422.93,404.52,3284458.0,1358384495.0,15:35:30,2026-09-23
sz301667,纳百川,57.85,-0.28,-0.482,57.84,57.85,58.13,57.73,58.48,57.17,977261.0,56438737.0,15:35:45,2026-09-23
sz301668,昊创瑞通,32.2,-0.2,-0.617,32.2,32.24,32.4,32.28,32.43,31.89,834430.0,26817286.0,15:35:00,2026-09-23
sz301669,高特电子,26.31,0.09,0.343,26.31,26.32,26.22,26.13,26.44,26.0,3115756.0,81782666.0,15:35:15,2026-09-23
sz301677,欣兴工具,51.25,0.03,0.059,51.25,51.27,51.22,51.13,51.92,50.81,1668059.0,85632728.0,15:35:30,2026-09-23
sz301678,新恒汇,59.22,7.42,14.324,59.22,59.23,51.8,51.8,60.49,50.7,17033554.0,941490706.0,15:35:45,2026-09-23
sz301680,固德电材,103.87,-1.47,-1.395,103.87,103.88,105.34,105.0,105.85,103.6,843107.0,88030095.0,15:35:00,2026-09-23
sz301682,宏明电子,115.83,0.05,0.043,115.83,115.84,115.78,115.78,117.21,115.0,1720637.0,199636911.0,15:35:15,2026-09-23
sz301683,慧谷新材,103.35,3.72,3.734,103.33,103.35,99.63,99.5,103.89,99.1,1064000.0,109146107.0,15:35:30,2026-09-23
sz301686,C中塑,283.5,-149.5,-34.527,283.45,283.5,433.0,340.0,368.0,281.07,6631140.0,2138186731.0,15:35:45,2026-09-23
sz301687,新广益,54.94,0.82,1.515,54.93,54.94,54.12,54.7,56.34,53.38,4024157.0,219879747.0,15:35:00,2026-09-23
sz301688,格林生物,40.72,1.55,3.957,40.72,40.73,39.17,39.2,41.33,39.0,7842333.0,316525748.0,15:35:15,2026-09-23
sz301689,电科思仪,69.9,8.39,13.64,69.89,69.9,61.51,60.0,71.8,57.7,29975063.0,1910788880.0,15:35:30,2026-09-23
sz301696,三瑞智能,94.44,-0.16,-0.169,94.44,94.45,94.6,94.6,95.28,93.41,933043.0,88034257.0,15:35:45,2026-09-23
sz301697,贝特利,28.27,0.77,2.8,28.27,28.28,27.5,27.9,28.49,27.28,10101271.0,282726341.0,15:35:00,2026-09-23
sz301699,洛轴股份,29.62,-1.19,-3.862,29.62,29.63,30.81,29.98,30.65,29.01,18903183.0,559149806.0,15:35:15,2026-09-23
sz301707,展芯股份,75.23,2.19,2.998,75.23,75.24,73.04,73.01,75.65,72.77,5124198.0,382154515.0,15:35:30,2026-09-23
sz301717,超纯应材,376.0,14.69,4.066,375.99,376.0,361.31,363.02,377.82,361.47,2450792.0,908319402.0,15:35:45,2026-09-23
sz302132,中航成飞,59.44,-0.51,-0.851,59.44,59.49,59.95,59.88,60.34,58.95,5753229.0,342587605.0,15:35:00,2026-09-23
