代码,名称,最新价,涨跌额,涨跌幅,买入,卖出,昨收,今开,最高,最低,成交量,成交额,时间戳,date
bj920000,安徽凤凰,15.2,2.4,18.75,15.12,15.2,12.8,12.89,15.6,12.7,5829424.0,82311836.0,15:30:01,2026-07-30
bj920001,纬达光电,11.15,-0.39,-3.38,11.13,11.15,11.54,11.35,11.65,11.12,1837645.0,20861369.0,15:30:01,2026-07-30
bj920002,万达轴承,50.99,0.89,1.776,50.99,51.07,50.1,49.92,52.55,49.8,1414417.0,72523799.0,15:30:01,2026-07-30
bj920003,中诚咨询,16.63,-0.09,-0.538,16.63,16.64,16.72,16.68,16.8,16.36,413488.0,6871080.0,15:30:01,2026-07-30
bj920005,鼎佳精密,24.23,-0.6,-2.416,24.04,24.24,24.83,24.89,25.27,24.1,640037.0,15749844.0,15:30:01,2026-07-30
bj920006,晟楠科技,16.56,0.5,3.113,16.56,16.59,16.06,15.87,17.59,15.75,3720518.0,61925350.0,15:30:01,2026-07-30
bj920007,酉立智能,36.24,0.22,0.611,36.24,36.29,36.02,36.1,37.1,35.71,300425.0,10916920.0,15:30:01,2026-07-30
bj920008,成电光信,19.98,0.6,3.096,19.98,20.03,19.38,19.77,20.47,19.4,1915003.0,38398757.0,15:30:01,2026-07-30
bj920009,丹娜生物,34.77,-0.31,-0.884,34.77,34.79,35.08,35.08,35.58,34.6,356756.0,12468697.0,15:30:01,2026-07-30
bj920010,凯添燃气,8.27,-0.04,-0.481,8.27,8.28,8.31,8.43,8.61,8.26,5950996.0,50197597.0,15:30:01,2026-07-30
bj920011,晨光电机,18.36,-0.68,-3.571,18.36,18.53,19.04,18.81,18.97,18.26,821547.0,15280226.0,15:30:01,2026-07-30
bj920012,创达新材,42.49,-2.68,-5.933,42.49,42.55,45.17,44.9,45.48,42.0,848532.0,36991146.0,15:30:01,2026-07-30
bj920014,特瑞斯,8.86,-0.11,-1.226,8.84,8.86,8.97,9.07,9.17,8.8,3051559.0,27413364.0,15:30:01,2026-07-30
bj920015,锦华新材,39.1,-3.08,-7.302,39.09,39.1,42.18,41.99,41.99,38.58,3105393.0,123757598.0,15:30:01,2026-07-30
bj920016,中草香料,12.51,0.17,1.378,12.51,12.55,12.34,12.44,13.15,12.2,1583386.0,20107620.0,15:30:01,2026-07-30
bj920017,星昊医药,16.41,0.03,0.183,16.31,16.41,16.38,16.34,16.74,16.22,1641247.0,26958763.0,15:30:01,2026-07-30
bj920018,宏远股份,15.6,-0.8,-4.878,15.6,15.63,16.4,16.02,16.48,15.51,3753764.0,59716505.0,15:30:01,2026-07-30
bj920019,铜冠矿建,14.21,0.18,1.283,14.17,14.21,14.03,14.09,14.33,13.92,1845832.0,26137030.0,15:30:01,2026-07-30
bj920020,泰凯英,15.49,0.0,0.0,15.49,15.52,15.49,15.62,15.66,15.37,500833.0,7769111.0,15:30:01,2026-07-30
bj920021,流金科技,6.27,-0.04,-0.634,6.26,6.27,6.31,6.25,6.61,6.23,15314098.0,98438036.0,15:30:01,2026-07-30
bj920022,世昌股份,19.03,0.14,0.741,18.88,19.03,18.89,18.85,19.19,18.73,249408.0,4733082.0,15:30:01,2026-07-30
bj920023,*ST田野,1.75,-0.08,-4.372,1.74,1.75,1.83,1.79,1.8,1.73,8993438.0,15856229.0,15:30:01,2026-07-30
bj920026,卓兆点胶,16.78,-0.5,-2.894,16.78,16.81,17.28,17.11,17.45,16.74,868056.0,14777839.0,15:30:01,2026-07-30
bj920027,交大铁发,11.36,0.07,0.62,11.36,11.37,11.29,11.32,11.48,11.16,1295222.0,14691292.0,15:30:01,2026-07-30
bj920028,新恒泰,13.33,-0.48,-3.476,13.33,13.35,13.81,13.68,13.79,13.3,951403.0,12903357.0,15:30:01,2026-07-30
bj920029,开发科技,34.4,1.98,6.107,34.4,34.41,32.42,32.73,34.88,32.4,2147030.0,72869977.0,15:30:01,2026-07-30
bj920030,德众汽车,4.45,0.08,1.831,4.44,4.45,4.37,4.36,4.48,4.3,2106516.0,9297549.0,15:30:01,2026-07-30
bj920033,康普化学,13.9,-0.06,-0.43,13.9,13.94,13.96,13.99,14.23,13.64,874638.0,12200698.0,15:30:01,2026-07-30
bj920035,精创电气,22.54,-0.62,-2.677,22.53,22.54,23.16,23.16,23.42,22.52,523794.0,11980953.0,15:30:01,2026-07-30
bj920036,觅睿科技,27.38,-1.59,-5.488,27.38,27.54,28.97,28.71,29.28,27.26,556971.0,15823369.0,15:30:01,2026-07-30
bj920037,广信科技,39.88,-0.24,-0.598,39.88,39.9,40.12,39.89,40.87,39.57,1490912.0,59843302.0,15:30:01,2026-07-30
bj920039,国义招标,7.63,0.11,1.463,7.6,7.63,7.52,7.51,7.71,7.46,1098229.0,8363319.0,15:30:01,2026-07-30
bj920045,蘅东光,216.66,-30.84,-12.461,216.6,216.66,247.5,242.0,245.44,209.43,1656591.0,370230626.0,15:30:01,2026-07-30
bj920046,亿能电力,19.8,-1.79,-8.291,19.8,19.81,21.59,22.5,22.5,19.75,7002065.0,148435528.0,15:30:01,2026-07-30
bj920047,诺思兰德,16.18,-0.82,-4.824,16.17,16.18,17.0,17.09,17.11,16.07,4588120.0,76219501.0,15:30:01,2026-07-30
bj920050,爱伦医疗,26.5,-0.12,-0.451,26.35,26.5,26.62,26.77,26.79,26.29,216769.0,5761307.0,15:30:01,2026-07-30
bj920055,隆源股份,27.36,-0.69,-2.46,27.36,27.66,28.05,28.05,28.21,27.16,664911.0,18384005.0,15:30:01,2026-07-30
bj920056,能之光,16.03,-0.01,-0.062,16.03,16.09,16.04,16.0,16.27,15.63,656707.0,10528973.0,15:30:01,2026-07-30
bj920057,百甲科技,4.88,0.05,1.035,4.88,4.91,4.83,4.89,4.98,4.8,1749052.0,8572702.0,15:30:01,2026-07-30
bj920058,华洋赛车,28.4,1.23,4.527,28.4,28.45,27.17,27.17,29.5,26.64,2375891.0,67612924.0,15:30:01,2026-07-30
bj920060,万源通,20.61,-0.64,-3.012,20.61,20.65,21.25,21.23,21.27,20.6,1344085.0,28109676.0,15:30:01,2026-07-30
bj920061,西磁科技,16.03,-0.49,-2.966,15.88,16.03,16.52,16.42,16.6,15.7,1232152.0,19903933.0,15:30:01,2026-07-30
bj920062,科润智控,7.3,-0.16,-2.145,7.29,7.3,7.46,7.45,7.59,7.3,2443175.0,18225821.0,15:30:01,2026-07-30
bj920065,千岸科技,40.63,-17.4,-29.984,40.63,40.64,58.03,48.0,50.96,40.63,9883792.0,441225155.0,15:30:01,2026-07-30
bj920066,科拜尔,16.39,-0.13,-0.787,16.27,16.39,16.52,16.36,16.82,16.26,512842.0,8501735.0,15:30:01,2026-07-30
bj920068,天工股份,14.07,-0.23,-1.608,14.07,14.11,14.3,14.27,14.62,14.04,931469.0,13365810.0,15:30:01,2026-07-30
bj920069,普昂医疗,33.27,-0.51,-1.51,33.27,33.29,33.78,33.38,33.99,33.11,503398.0,16862085.0,15:30:01,2026-07-30
bj920072,科莱瑞迪,24.74,-2.43,-8.944,24.73,24.74,27.17,26.85,26.86,24.74,2667682.0,68649342.0,15:30:01,2026-07-30
bj920075,柏星龙,14.97,0.11,0.74,14.97,14.99,14.86,14.83,15.27,14.68,1033799.0,15560278.0,15:30:01,2026-07-30
bj920076,国亮新材,12.57,-0.07,-0.554,12.57,12.58,12.64,12.91,12.91,12.51,650893.0,8226373.0,15:30:01,2026-07-30
bj920077,吉林碳谷,13.71,-0.02,-0.146,13.69,13.71,13.73,13.7,13.87,13.57,3632845.0,49913849.0,15:30:01,2026-07-30
bj920078,族兴新材,17.51,-1.16,-6.213,17.5,17.51,18.67,18.61,18.8,17.51,1855511.0,33434867.0,15:30:01,2026-07-30
bj920079,乔路铭,14.76,-1.29,-8.037,14.76,14.78,16.05,15.65,16.07,14.75,13117155.0,198993131.0,15:30:01,2026-07-30
bj920080,奥美森,20.6,0.0,0.0,20.6,20.61,20.6,20.5,20.79,20.39,276083.0,5689400.0,15:30:01,2026-07-30
bj920081,欧伦电气,38.8,-1.49,-3.698,38.8,38.83,40.29,40.0,41.3,38.7,3036760.0,120657014.0,15:30:01,2026-07-30
bj920082,方正阀门,8.46,0.4,4.963,8.46,8.47,8.06,8.08,9.2,8.06,4739759.0,40973500.0,15:30:01,2026-07-30
bj920083,金戈新材,29.8,-4.33,-12.687,29.8,29.83,34.13,33.3,33.86,29.8,3609863.0,113013443.0,15:30:01,2026-07-30
bj920086,科马材料,20.87,0.09,0.433,20.87,20.89,20.78,20.57,21.45,20.57,1078124.0,22637397.0,15:30:01,2026-07-30
bj920087,秋乐种业,9.28,-0.01,-0.108,9.28,9.3,9.29,9.31,9.56,9.17,4724041.0,44296681.0,15:30:01,2026-07-30
bj920088,科力股份,51.3,5.14,11.135,51.3,51.31,46.16,48.5,51.5,47.81,8901481.0,440625651.0,15:30:01,2026-07-30
bj920089,禾昌聚合,10.35,0.05,0.485,10.35,10.36,10.3,10.22,10.51,10.22,1368243.0,14185983.0,15:30:01,2026-07-30
bj920090,*ST同辉,3.31,-0.14,-4.058,3.31,3.33,3.45,3.46,3.46,3.31,2707061.0,9144093.0,15:30:01,2026-07-30
bj920091,大鹏工业,28.32,-1.9,-6.287,28.28,28.32,30.22,30.88,30.88,28.11,794835.0,23060617.0,15:30:01,2026-07-30
bj920092,汉鑫科技,23.84,1.58,7.098,23.8,23.84,22.26,22.5,26.5,22.04,3518770.0,87414996.0,15:30:01,2026-07-30
bj920096,嘉晨智能,30.39,-3.62,-10.644,30.39,30.48,34.01,33.97,34.17,30.22,1525160.0,48905800.0,15:30:01,2026-07-30
bj920098,科隆新材,16.58,-0.23,-1.368,16.58,16.62,16.81,16.85,17.02,16.55,430554.0,7228673.0,15:30:01,2026-07-30
bj920099,瑞华技术,19.63,-0.58,-2.87,19.59,19.63,20.21,19.25,20.2,18.88,1835395.0,36078759.0,15:30:01,2026-07-30
bj920100,三协电机,30.67,-1.33,-4.156,30.67,30.81,32.0,31.63,32.2,30.55,1497718.0,46868506.0,15:30:01,2026-07-30
bj920101,志高机械,17.07,0.3,1.789,17.07,17.09,16.77,16.81,17.38,16.81,806174.0,13748936.0,15:30:01,2026-07-30
bj920106,林泰新材,36.68,0.88,2.458,36.68,36.69,35.8,35.87,37.3,35.53,887437.0,32542515.0,15:30:01,2026-07-30
bj920108,宏海科技,9.0,0.02,0.223,8.95,9.0,8.98,9.09,9.23,8.88,881475.0,7967447.0,15:30:01,2026-07-30
bj920110,雷特科技,26.0,-0.37,-1.403,25.9,26.0,26.37,26.22,27.43,25.81,460594.0,12136468.0,15:30:01,2026-07-30
bj920111,聚星科技,25.35,-0.45,-1.744,25.35,25.45,25.8,25.58,25.95,25.16,1774876.0,45411688.0,15:30:01,2026-07-30
bj920112,巴兰仕,16.59,-0.02,-0.12,16.59,16.68,16.61,16.6,16.87,16.34,501157.0,8308958.0,15:30:01,2026-07-30
bj920116,星图测控,43.26,-1.54,-3.437,43.26,43.27,44.8,44.41,45.08,43.13,1778189.0,78544357.0,15:30:01,2026-07-30
bj920117,龙鑫智能,24.8,-2.81,-10.177,24.79,24.8,27.61,26.9,26.98,24.76,6682089.0,170689567.0,15:30:01,2026-07-30
bj920118,太湖远大,19.11,-0.44,-2.251,19.11,19.15,19.55,19.39,19.8,18.8,1400098.0,27135731.0,15:30:01,2026-07-30
bj920119,美德乐,46.59,1.24,2.734,46.59,46.6,45.35,45.16,46.85,44.83,510680.0,23457516.0,15:30:01,2026-07-30
bj920121,江天科技,27.5,0.0,0.0,27.5,27.57,27.5,27.51,27.89,27.26,203616.0,5621078.0,15:30:01,2026-07-30
bj920122,中纺标,21.63,-0.44,-1.994,21.63,21.66,22.07,22.16,22.28,21.33,928991.0,20274895.0,15:30:01,2026-07-30
bj920123,芭薇股份,11.28,0.48,4.444,11.28,11.29,10.8,10.67,11.48,10.47,4589913.0,50500150.0,15:30:01,2026-07-30
bj920124,南特科技,12.55,0.15,1.21,12.55,12.56,12.4,12.29,12.7,12.29,1534027.0,19195761.0,15:30:01,2026-07-30
bj920125,鸿仕达,105.09,-12.11,-10.333,105.0,105.09,117.2,117.2,117.86,103.38,1434769.0,156230140.0,15:30:01,2026-07-30
bj920126,永大股份,9.94,-0.42,-4.054,9.93,9.94,10.36,10.32,10.35,9.92,2937086.0,29738419.0,15:30:01,2026-07-30
bj920128,胜业电气,17.0,-0.33,-1.904,16.99,17.0,17.33,17.29,17.42,16.83,1095788.0,18801810.0,15:30:01,2026-07-30
bj920130,立方控股,15.71,1.09,7.456,15.71,15.72,14.62,14.88,15.93,14.62,4747396.0,73261043.0,15:30:01,2026-07-30
bj920132,泰鹏智能,8.55,0.06,0.707,8.51,8.55,8.49,8.49,8.62,8.25,1142451.0,9668034.0,15:30:01,2026-07-30
bj920136,永励精密,19.82,-1.09,-5.213,19.81,19.82,20.91,20.72,20.88,19.82,2791911.0,56486978.0,15:30:01,2026-07-30
bj920139,华岭股份,15.1,0.61,4.21,15.09,15.1,14.49,14.35,15.44,14.2,7953091.0,117909014.0,15:30:01,2026-07-30
bj920145,恒合股份,9.55,0.1,1.058,9.55,9.61,9.45,9.48,9.66,9.38,781781.0,7444380.0,15:30:01,2026-07-30
bj920146,华阳变速,4.9,0.06,1.24,4.89,4.9,4.84,4.88,4.96,4.8,1821598.0,8921145.0,15:30:01,2026-07-30
bj920149,旭杰科技,7.9,0.11,1.412,7.87,7.9,7.79,7.82,8.0,7.71,772274.0,6074917.0,15:30:01,2026-07-30
bj920152,昆工科技,12.87,-0.44,-3.306,12.86,12.87,13.31,13.2,13.55,12.87,884667.0,11737394.0,15:30:01,2026-07-30
bj920156,海昌智能,36.97,-2.4,-6.096,36.97,36.99,39.37,38.91,39.29,36.97,1269349.0,48032412.0,15:30:01,2026-07-30
bj920158,长江能科,8.35,0.24,2.959,8.34,8.35,8.11,8.11,8.49,8.1,2954645.0,24508684.0,15:30:01,2026-07-30
bj920159,农大科技,27.73,-0.2,-0.716,27.73,27.78,27.93,28.29,28.42,27.65,687201.0,19229359.0,15:30:01,2026-07-30
bj920160,北矿检测,19.33,-0.1,-0.515,19.33,19.39,19.43,19.43,19.58,19.15,255573.0,4952113.0,15:30:01,2026-07-30
bj920161,龙辰科技,21.48,-2.12,-8.983,21.47,21.48,23.6,23.65,23.9,21.47,3106532.0,69676522.0,15:30:01,2026-07-30
bj920163,方大新材,11.55,0.1,0.873,11.54,11.55,11.45,11.28,11.93,11.13,2573690.0,29744699.0,15:30:01,2026-07-30
bj920166,海圣医疗,19.0,-0.08,-0.419,18.89,19.0,19.08,18.91,19.4,18.87,338039.0,6453504.0,15:30:01,2026-07-30
bj920167,同享科技,15.21,-0.03,-0.197,15.07,15.21,15.24,15.07,15.34,14.88,1106061.0,16708966.0,15:30:01,2026-07-30
bj920168,通宝光电,15.83,0.1,0.636,15.8,15.83,15.73,15.6,16.09,15.55,357677.0,5661830.0,15:30:01,2026-07-30
bj920169,七丰精工,16.8,-0.46,-2.665,16.8,16.84,17.26,17.35,17.92,16.59,2153024.0,37461712.0,15:30:01,2026-07-30
bj920171,志晟信息,16.22,-0.26,-1.578,16.22,16.23,16.48,16.31,16.95,16.22,2065549.0,34246116.0,15:30:01,2026-07-30
bj920174,五新智能,26.79,-0.56,-2.048,26.78,26.79,27.35,27.41,27.88,26.79,1181558.0,32275745.0,15:30:01,2026-07-30
bj920175,东方碳素,7.84,0.01,0.128,7.82,7.84,7.83,7.88,8.02,7.77,1802463.0,14239534.0,15:30:01,2026-07-30
bj920176,维琪科技,65.26,-15.74,-19.432,65.26,65.35,81.0,78.0,78.97,65.23,5246629.0,379325528.0,15:30:01,2026-07-30
bj920177,恒道科技,23.65,-0.73,-2.994,23.63,23.65,24.38,24.36,24.46,23.62,439282.0,10533532.0,15:30:01,2026-07-30
bj920178,锐翔智能,78.2,-10.93,-12.263,78.19,78.2,89.13,89.0,89.0,77.8,1598836.0,131812039.0,15:30:01,2026-07-30
bj920179,凯德石英,43.8,-4.39,-9.11,43.76,43.8,48.19,47.95,48.62,43.73,2919172.0,133440964.0,15:30:01,2026-07-30
bj920180,爱得科技,11.42,-0.11,-0.954,11.42,11.52,11.53,11.57,11.65,11.31,540672.0,6227654.0,15:30:01,2026-07-30
bj920181,赛英电子,62.95,-5.94,-8.622,62.46,62.95,68.89,67.83,68.41,62.01,817664.0,53471113.0,15:30:01,2026-07-30
bj920183,海菲曼,28.23,-0.94,-3.222,28.23,28.36,29.17,29.25,29.25,28.22,268259.0,7699091.0,15:30:01,2026-07-30
bj920184,国源科技,11.08,0.11,1.003,11.08,11.1,10.97,10.9,11.4,10.85,2154197.0,24150867.0,15:30:01,2026-07-30
bj920185,贝特瑞,21.05,0.0,0.0,21.05,21.06,21.05,20.84,21.54,20.84,6242008.0,132533019.0,15:30:01,2026-07-30
bj920186,中科仪,66.74,-6.79,-9.234,66.74,66.75,73.53,72.21,73.31,66.5,7552761.0,523278064.0,15:30:01,2026-07-30
bj920187,通领科技,20.2,0.04,0.198,20.19,20.2,20.16,20.0,20.5,19.61,1079211.0,21710272.0,15:30:01,2026-07-30
bj920188,悦龙科技,21.21,-0.54,-2.483,21.15,21.21,21.75,21.75,21.9,21.11,711569.0,15269108.0,15:30:01,2026-07-30
bj920189,康美特,20.85,-2.35,-10.129,20.84,20.85,23.2,22.97,23.68,20.85,7788428.0,172971797.0,15:30:01,2026-07-30
bj920190,雷神科技,22.57,-1.7,-7.005,22.57,22.58,24.27,23.9,24.3,22.38,6424537.0,148136018.0,15:30:01,2026-07-30
bj920191,瑞尔竞达,8.74,-0.09,-1.019,8.72,8.74,8.83,8.74,8.87,8.68,1261899.0,11065624.0,15:30:01,2026-07-30
bj920193,吉和昌,28.54,-4.87,-14.576,28.53,28.54,33.41,32.6,33.85,28.3,6225542.0,191263158.0,15:30:01,2026-07-30
bj920195,三祥科技,12.13,0.07,0.58,12.13,12.17,12.06,12.15,12.37,12.02,584356.0,7142708.0,15:30:01,2026-07-30
bj920198,微创光电,7.32,-0.09,-1.215,7.32,7.33,7.41,7.4,7.56,7.26,3071105.0,22728142.0,15:30:01,2026-07-30
bj920199,倍益康,25.88,-0.87,-3.252,25.88,25.9,26.75,26.51,27.39,25.68,3732372.0,98423190.0,15:30:01,2026-07-30
bj920200,振宏股份,26.17,-2.37,-8.304,26.16,26.17,28.54,28.08,28.39,26.17,2708245.0,73869751.0,15:30:01,2026-07-30
bj920204,沪江材料,12.52,0.3,2.455,12.52,12.53,12.22,12.25,12.54,12.11,1213675.0,15016333.0,15:30:01,2026-07-30
bj920206,彩客科技,31.31,-2.85,-8.343,31.31,31.34,34.16,33.76,33.82,31.31,1610429.0,52064247.0,15:30:01,2026-07-30
bj920207,众诚科技,20.93,-0.32,-1.506,20.91,20.93,21.25,21.28,21.96,20.8,2413721.0,51598509.0,15:30:01,2026-07-30
bj920208,青矩技术,12.34,-0.01,-0.081,12.34,12.4,12.35,12.41,12.56,12.25,1382614.0,17150327.0,15:30:01,2026-07-30
bj920211,新睿电子,90.2,-15.8,-14.906,90.2,90.25,106.0,104.3,105.98,90.0,1073522.0,103370333.0,15:30:01,2026-07-30
bj920212,智新电子,9.13,-0.24,-2.561,9.13,9.22,9.37,9.38,9.55,9.12,654082.0,6052609.0,15:30:01,2026-07-30
bj920218,新天力,15.94,-1.17,-6.838,15.94,15.96,17.11,16.88,17.12,15.92,2321525.0,38285586.0,15:30:01,2026-07-30
bj920220,朗信电气,38.43,-2.26,-5.554,38.43,38.47,40.69,40.51,40.59,38.19,939013.0,36718248.0,15:30:01,2026-07-30
bj920221,易实精密,12.59,0.04,0.319,12.55,12.59,12.55,12.43,12.77,12.37,1342359.0,16877929.0,15:30:01,2026-07-30
bj920222,益坤电气,23.3,-5.0,-17.668,23.3,23.36,28.3,27.99,28.0,23.3,4445493.0,113130376.0,15:30:01,2026-07-30
bj920223,荣亿精密,10.88,0.0,0.0,10.82,10.88,10.88,10.88,11.2,10.81,1850146.0,20336255.0,15:30:01,2026-07-30
bj920225,利通科技,13.78,-0.9,-6.131,13.78,13.81,14.68,14.6,14.77,13.76,3016467.0,42789421.0,15:30:01,2026-07-30
bj920227,美登科技,45.04,-0.66,-1.444,45.03,45.04,45.7,45.54,47.78,45.0,570989.0,26564073.0,15:30:01,2026-07-30
bj920230,欧康医药,10.3,0.5,5.102,10.3,10.31,9.8,9.73,10.32,9.7,3400280.0,34246293.0,15:30:01,2026-07-30
bj920237,力佳科技,12.82,-0.14,-1.08,12.82,12.91,12.96,12.82,13.27,12.62,1345122.0,17436954.0,15:30:01,2026-07-30
bj920238,长鹰硬科,61.01,-11.49,-15.848,61.01,61.02,72.5,70.21,71.88,61.01,7172950.0,472180025.0,15:30:01,2026-07-30
bj920239,长虹能源,22.47,0.16,0.717,22.46,22.47,22.31,22.28,22.87,21.88,2094815.0,47005864.0,15:30:01,2026-07-30
bj920242,建邦科技,13.44,0.0,0.0,13.42,13.44,13.44,13.46,13.74,13.33,453418.0,6147960.0,15:30:01,2026-07-30
bj920245,威博液压,12.61,0.03,0.238,12.61,12.7,12.58,12.64,12.88,12.33,632072.0,7976778.0,15:30:01,2026-07-30
bj920247,华密新材,13.56,-0.3,-2.165,13.56,13.6,13.86,13.95,13.95,13.55,1624671.0,22392984.0,15:30:01,2026-07-30
bj920249,利尔达,8.48,-0.31,-3.527,8.47,8.48,8.79,8.74,8.89,8.48,4730431.0,41045629.0,15:30:01,2026-07-30
bj920252,天宏锂电,16.22,0.06,0.371,16.22,16.23,16.16,16.28,16.72,15.7,3945752.0,64033129.0,15:30:01,2026-07-30
bj920260,中寰股份,7.68,0.02,0.261,7.68,7.72,7.66,7.87,7.87,7.55,1061760.0,8166376.0,15:30:01,2026-07-30
bj920261,一诺威,13.35,0.24,1.831,13.3,13.35,13.11,13.3,13.59,13.04,1644632.0,21933761.0,15:30:01,2026-07-30
bj920262,太湖雪,13.99,0.49,3.63,13.98,13.99,13.5,13.39,14.2,13.23,2544526.0,35304880.0,15:30:01,2026-07-30
bj920263,中航泰达,6.94,-0.06,-0.857,6.94,6.95,7.0,6.95,7.1,6.93,753213.0,5298980.0,15:30:01,2026-07-30
bj920266,生物谷,6.7,-0.36,-5.099,6.7,6.71,7.06,7.03,7.12,6.7,4253008.0,29546505.0,15:30:01,2026-07-30
bj920267,鑫汇科,18.78,0.6,3.3,18.77,18.78,18.18,17.65,19.46,17.44,5199005.0,95179564.0,15:30:01,2026-07-30
bj920270,天铭科技,12.19,0.41,3.48,12.16,12.19,11.78,11.66,12.42,11.66,1421597.0,17243540.0,15:30:01,2026-07-30
bj920271,邦德股份,9.12,-0.04,-0.437,9.12,9.18,9.16,9.2,9.34,9.05,610213.0,5608055.0,15:30:01,2026-07-30
bj920273,一致魔芋,16.52,-0.52,-3.052,16.52,16.53,17.04,17.34,17.55,16.52,3840773.0,65587001.0,15:30:01,2026-07-30
bj920274,宏裕包材,15.06,0.1,0.668,15.06,15.07,14.96,14.96,15.35,14.61,1854058.0,27721724.0,15:30:01,2026-07-30
bj920275,驱动力,6.32,0.07,1.12,6.32,6.36,6.25,6.2,6.5,6.2,914761.0,5824172.0,15:30:01,2026-07-30
bj920278,鹿得医疗,6.21,0.07,1.14,6.17,6.21,6.14,6.08,6.3,6.07,2466310.0,15296177.0,15:30:01,2026-07-30
bj920284,灵鸽科技,17.44,-0.97,-5.269,17.44,17.45,18.41,18.18,19.22,17.2,6104621.0,110254241.0,15:30:01,2026-07-30
bj920299,灿能电力,15.8,-0.75,-4.532,15.78,15.8,16.55,17.4,17.4,15.76,3304534.0,54599875.0,15:30:01,2026-07-30
bj920300,辰光医疗,9.26,-0.08,-0.857,9.26,9.3,9.34,9.38,9.47,9.16,1219268.0,11368452.0,15:30:01,2026-07-30
bj920304,迪尔化工,8.5,-0.16,-1.848,8.47,8.5,8.66,8.63,8.71,8.46,1058375.0,9107365.0,15:30:01,2026-07-30
bj920339,恒太照明,12.25,0.36,3.028,12.25,12.26,11.89,11.98,12.28,11.71,1623214.0,19459173.0,15:30:01,2026-07-30
bj920344,三元基因,18.09,-0.25,-1.363,18.08,18.09,18.34,18.35,18.61,17.87,690937.0,12568065.0,15:30:01,2026-07-30
bj920346,威贸电子,14.56,-0.07,-0.478,14.56,14.72,14.63,14.73,14.88,14.52,459113.0,6738606.0,15:30:01,2026-07-30
bj920351,华光源海,11.1,0.18,1.648,11.09,11.1,10.92,10.99,11.3,10.91,1443594.0,16074190.0,15:30:01,2026-07-30
bj920357,雅葆轩,14.72,-0.45,-2.966,14.71,14.72,15.17,15.05,15.21,14.6,1748947.0,26059646.0,15:30:01,2026-07-30
bj920363,莱赛激光,9.89,-0.22,-2.176,9.88,9.89,10.11,10.01,10.18,9.81,1470045.0,14684101.0,15:30:01,2026-07-30
bj920367,新赣江,19.31,-1.19,-5.805,19.31,19.32,20.5,20.5,21.67,19.01,6865536.0,141243867.0,15:30:01,2026-07-30
bj920368,连城数控,23.8,0.4,1.709,23.8,23.81,23.4,23.18,24.7,23.07,5619890.0,134687046.0,15:30:01,2026-07-30
bj920370,新安洁,2.69,0.05,1.894,2.68,2.69,2.64,2.64,2.72,2.62,2963299.0,7941954.0,15:30:01,2026-07-30
bj920371,欧福蛋业,7.11,0.06,0.851,7.11,7.12,7.05,7.13,7.24,6.96,3234567.0,23072355.0,15:30:01,2026-07-30
bj920374,云里物里,14.3,-0.02,-0.14,14.28,14.3,14.32,14.32,14.55,14.18,633483.0,9097285.0,15:30:01,2026-07-30
bj920375,派诺科技,7.36,-0.05,-0.675,7.36,7.37,7.41,7.35,7.5,7.28,2629381.0,19435401.0,15:30:01,2026-07-30
bj920378,泰德股份,6.97,-0.08,-1.135,6.97,7.05,7.05,7.03,7.18,6.96,656968.0,4630772.0,15:30:01,2026-07-30
bj920392,佳合科技,13.27,-0.16,-1.191,13.27,13.28,13.43,13.4,13.57,13.15,568740.0,7611477.0,15:30:01,2026-07-30
bj920394,民士达,42.22,-2.94,-6.51,42.22,42.31,45.16,44.76,45.56,41.67,2064476.0,89316790.0,15:30:01,2026-07-30
bj920395,朗鸿科技,7.12,0.22,3.188,7.12,7.13,6.9,6.9,7.23,6.87,1345505.0,9536916.0,15:30:01,2026-07-30
bj920396,常辅股份,18.02,-0.57,-3.066,18.02,18.05,18.59,18.4,18.89,18.0,1757681.0,32510612.0,15:30:01,2026-07-30
bj920402,硅烷科技,8.2,-0.55,-6.286,8.2,8.21,8.75,8.68,8.73,8.2,7991392.0,67640413.0,15:30:01,2026-07-30
bj920403,康农种业,18.66,-0.01,-0.054,18.65,18.66,18.67,18.46,19.66,18.27,2542217.0,48325793.0,15:30:01,2026-07-30
bj920405,海希通讯,16.31,-0.69,-4.059,16.3,16.31,17.0,16.86,17.25,16.22,745472.0,12501497.0,15:30:01,2026-07-30
bj920407,驰诚股份,10.3,-0.01,-0.097,10.25,10.3,10.31,10.28,10.64,10.11,1037878.0,10684483.0,15:30:01,2026-07-30
bj920414,欧普泰,7.89,0.07,0.895,7.89,7.9,7.82,7.89,8.05,7.79,1649974.0,13077739.0,15:30:01,2026-07-30
bj920415,恒拓开源,8.6,-0.04,-0.463,8.58,8.6,8.64,8.67,8.87,8.54,2250599.0,19585647.0,15:30:01,2026-07-30
bj920418,苏轴股份,18.04,-0.01,-0.055,18.04,18.05,18.05,17.89,18.3,17.83,1495545.0,26979032.0,15:30:01,2026-07-30
bj920419,路斯股份,10.57,0.36,3.526,10.56,10.57,10.21,10.11,11.1,10.07,3668475.0,39341860.0,15:30:01,2026-07-30
bj920422,润普食品,9.4,0.16,1.732,9.4,9.41,9.24,9.14,9.49,9.1,1808624.0,16848224.0,15:30:01,2026-07-30
bj920425,乐创技术,13.87,-0.22,-1.561,13.8,13.87,14.09,14.0,14.16,13.73,1341647.0,18718449.0,15:30:01,2026-07-30
bj920427,华维设计,8.47,0.12,1.437,8.47,8.48,8.35,8.28,8.49,8.19,1535080.0,12846017.0,15:30:01,2026-07-30
bj920429,康比特,9.04,0.16,1.802,9.04,9.06,8.88,8.88,9.16,8.79,2132443.0,19248359.0,15:30:01,2026-07-30
bj920433,大唐药业,4.65,-0.04,-0.853,4.62,4.65,4.69,4.67,4.81,4.6,3041340.0,14355655.0,15:30:01,2026-07-30
bj920436,大地电气,10.2,-0.01,-0.098,10.2,10.21,10.21,10.26,10.61,10.16,1314417.0,13732764.0,15:30:01,2026-07-30
bj920438,戈碧迦,103.2,-12.38,-10.711,103.2,103.21,115.58,115.0,118.5,100.0,6774493.0,750197201.0,15:30:01,2026-07-30
bj920445,龙竹科技,6.12,0.1,1.661,6.12,6.13,6.02,6.03,6.24,5.98,2044779.0,12513091.0,15:30:01,2026-07-30
bj920454,同心传动,10.62,0.0,0.0,10.52,10.62,10.62,10.64,10.83,10.35,721270.0,7652733.0,15:30:01,2026-07-30
bj920455,汇隆活塞,5.71,0.04,0.705,5.7,5.71,5.67,5.62,5.8,5.61,820753.0,4709096.0,15:30:01,2026-07-30
bj920469,富恒新材,5.29,-0.19,-3.467,5.29,5.3,5.48,5.35,5.45,5.16,2878925.0,15193222.0,15:30:01,2026-07-30
bj920471,美邦科技,10.91,0.07,0.646,10.9,10.91,10.84,10.77,11.11,10.77,1103656.0,12119831.0,15:30:01,2026-07-30
bj920475,三友科技,11.07,-0.03,-0.27,11.07,11.15,11.1,11.11,11.32,10.93,906278.0,10129635.0,15:30:01,2026-07-30
bj920476,海能技术,20.69,-0.24,-1.147,20.69,20.75,20.93,20.73,21.21,20.31,684121.0,14148504.0,15:30:01,2026-07-30
bj920478,峆一药业,9.57,-0.27,-2.744,9.54,9.57,9.84,9.79,10.18,9.57,2846153.0,28008056.0,15:30:01,2026-07-30
bj920489,佳先股份,12.03,-1.0,-7.675,12.03,12.05,13.03,12.73,12.95,12.03,5926370.0,74034741.0,15:30:01,2026-07-30
bj920491,奥迪威,21.35,-0.85,-3.829,21.34,21.35,22.2,22.12,22.17,21.18,3031582.0,65382036.0,15:30:01,2026-07-30
bj920493,并行科技,111.39,-0.46,-0.411,111.39,111.4,111.85,111.29,114.98,110.3,1722882.0,194724191.0,15:30:01,2026-07-30
bj920496,许昌智能,6.23,-0.15,-2.351,6.23,6.24,6.38,6.31,6.44,6.21,3729804.0,23546983.0,15:30:01,2026-07-30
bj920504,博迅生物,17.01,0.01,0.059,16.92,17.01,17.0,16.91,17.45,16.72,371900.0,6359874.0,15:30:01,2026-07-30
bj920505,九菱科技,23.26,-0.42,-1.774,23.26,23.48,23.68,23.7,24.39,23.25,541369.0,12844221.0,15:30:01,2026-07-30
bj920508,殷图网联,15.09,-0.11,-0.724,15.0,15.09,15.2,15.33,15.38,14.53,1228078.0,18366079.0,15:30:01,2026-07-30
bj920509,同惠电子,18.36,-0.78,-4.075,18.36,18.4,19.14,18.87,19.14,18.24,3180720.0,59450990.0,15:30:01,2026-07-30
bj920510,丰光精密,17.8,-2.4,-11.881,17.77,17.8,20.2,20.28,20.4,17.55,10051025.0,186899912.0,15:30:01,2026-07-30
bj920519,万德股份,10.04,0.07,0.702,10.03,10.04,9.97,9.87,10.13,9.78,1163851.0,11638381.0,15:30:01,2026-07-30
bj920522,纳科诺尔,21.65,0.08,0.371,21.65,21.67,21.57,21.0,22.16,20.73,10418553.0,221941434.0,15:30:01,2026-07-30
bj920523,德瑞锂电,15.39,0.15,0.984,15.39,15.4,15.24,15.25,15.61,14.99,1390575.0,21366849.0,15:30:01,2026-07-30
bj920526,凯华材料,17.62,-0.94,-5.065,17.62,17.8,18.56,18.33,18.68,17.6,1421304.0,25688172.0,15:30:01,2026-07-30
bj920527,夜光明,13.65,0.32,2.401,13.65,13.66,13.33,13.2,13.72,13.15,1097530.0,14752703.0,15:30:01,2026-07-30
bj920533,骏创科技,16.8,-0.28,-1.639,16.8,16.81,17.08,17.25,17.36,16.71,1063548.0,18105515.0,15:30:01,2026-07-30
bj920541,铁大科技,9.46,0.13,1.393,9.45,9.46,9.33,9.31,9.5,9.29,934681.0,8805739.0,15:30:01,2026-07-30
bj920547,无锡晶海,17.93,0.14,0.787,17.9,17.93,17.79,17.52,18.44,17.52,907612.0,16436575.0,15:30:01,2026-07-30
bj920553,凯腾精工,6.42,-0.02,-0.311,6.42,6.46,6.44,6.46,6.6,6.38,763057.0,4928905.0,15:30:01,2026-07-30
bj920556,雅达股份,6.53,-0.05,-0.76,6.53,6.57,6.58,6.53,6.7,6.41,1844718.0,12190432.0,15:30:01,2026-07-30
bj920564,天润科技,13.69,-0.1,-0.725,13.59,13.69,13.79,13.78,14.22,13.49,1076522.0,14948213.0,15:30:01,2026-07-30
bj920566,梓橦宫,9.61,-0.06,-0.62,9.59,9.61,9.67,9.67,9.85,9.56,1736296.0,16873894.0,15:30:01,2026-07-30
bj920570,坤博精工,24.09,-0.21,-0.864,24.09,24.12,24.3,24.08,24.56,23.62,457880.0,11051888.0,15:30:01,2026-07-30
bj920571,国航远洋,8.1,0.06,0.746,8.1,8.11,8.04,8.04,8.23,8.0,11444708.0,92869513.0,15:30:01,2026-07-30
bj920575,*ST康乐,3.8,0.01,0.264,3.8,3.81,3.79,3.83,3.95,3.78,5128738.0,19788339.0,15:30:01,2026-07-30
bj920576,天力复合,37.93,-2.57,-6.346,37.9,37.93,40.5,40.02,40.86,37.93,1474485.0,57950375.0,15:30:01,2026-07-30
bj920578,巨能股份,15.2,-0.69,-4.342,15.2,15.29,15.89,15.74,15.95,15.09,1072737.0,16613881.0,15:30:01,2026-07-30
bj920579,机科股份,14.03,-0.25,-1.751,14.02,14.03,14.28,14.32,14.45,14.0,738499.0,10528348.0,15:30:01,2026-07-30
bj920580,科创新材,10.65,0.0,0.0,10.64,10.65,10.65,10.55,10.7,10.35,2296571.0,24297807.0,15:30:01,2026-07-30
bj920592,华信永道,20.5,-0.58,-2.751,20.5,20.51,21.08,20.78,21.78,20.5,2611612.0,54992994.0,15:30:01,2026-07-30
bj920593,鼎智科技,23.23,-1.03,-4.246,23.23,23.26,24.26,24.28,24.37,23.15,1987350.0,47296203.0,15:30:01,2026-07-30
bj920599,同力股份,17.38,0.59,3.514,17.38,17.39,16.79,16.64,17.56,16.64,4864724.0,83663103.0,15:30:01,2026-07-30
bj920608,丰安股份,13.44,0.24,1.818,13.31,13.44,13.2,13.03,13.56,13.03,536321.0,7153567.0,15:30:01,2026-07-30
bj920627,力王股份,13.91,-0.26,-1.835,13.91,13.92,14.17,13.9,14.3,13.75,1497423.0,20993520.0,15:30:01,2026-07-30
bj920634,新威凌,16.43,0.39,2.431,16.38,16.43,16.04,16.11,16.56,15.92,1876392.0,30643443.0,15:30:01,2026-07-30
bj920639,晨光电缆,6.08,-0.04,-0.654,6.08,6.12,6.12,6.06,6.28,6.03,2400650.0,14736344.0,15:30:01,2026-07-30
bj920640,富士达,25.7,0.16,0.626,25.7,25.74,25.54,25.51,25.92,25.33,2553367.0,65483750.0,15:30:01,2026-07-30
bj920641,格利尔,12.2,0.06,0.494,12.15,12.2,12.14,12.14,12.38,12.04,1375219.0,16777297.0,15:30:01,2026-07-30
bj920642,通易航天,10.0,-0.05,-0.498,10.0,10.01,10.05,9.99,10.26,9.83,2672859.0,26922588.0,15:30:01,2026-07-30
bj920651,天罡股份,24.02,1.51,6.708,24.02,24.1,22.51,22.31,24.81,22.2,1571411.0,37345239.0,15:30:01,2026-07-30
bj920656,海昇药业,13.75,0.15,1.103,13.68,13.75,13.6,13.49,13.87,13.47,348354.0,4769206.0,15:30:01,2026-07-30
bj920662,方盛股份,19.15,0.27,1.43,19.11,19.15,18.88,18.84,19.19,18.3,1914057.0,35969708.0,15:30:01,2026-07-30
bj920663,明阳科技,12.07,0.02,0.166,12.0,12.07,12.05,12.12,12.2,11.9,488636.0,5897836.0,15:30:01,2026-07-30
bj920665,科强股份,8.3,-0.03,-0.36,8.28,8.3,8.33,8.27,8.45,8.25,939838.0,7844523.0,15:30:01,2026-07-30
bj920670,数字人,12.2,-0.16,-1.294,12.2,12.22,12.36,12.21,12.62,12.11,1659011.0,20541878.0,15:30:01,2026-07-30
bj920675,秉扬科技,7.05,0.02,0.284,7.05,7.07,7.03,7.01,7.22,7.0,1179109.0,8407720.0,15:30:01,2026-07-30
bj920679,前进科技,15.12,0.14,0.935,14.96,15.12,14.98,14.75,15.15,14.75,214087.0,3218114.0,15:30:01,2026-07-30
bj920682,球冠电缆,5.75,0.04,0.701,5.75,5.76,5.71,5.65,5.8,5.65,2245457.0,12866790.0,15:30:01,2026-07-30
bj920685,新芝生物,13.65,3.15,30.0,13.65,0.0,10.5,12.7,13.65,11.8,11032308.0,146455379.0,15:30:01,2026-07-30
bj920689,克莱特,19.24,-0.19,-0.978,19.23,19.24,19.43,19.24,19.59,19.12,543173.0,10525888.0,15:30:01,2026-07-30
bj920690,捷众科技,17.5,-0.77,-4.215,17.5,17.52,18.27,17.05,19.69,16.39,6638417.0,118775594.0,15:30:01,2026-07-30
bj920693,阿为特,22.24,-0.96,-4.138,22.24,22.25,23.2,23.0,23.49,22.21,1549331.0,35167687.0,15:30:01,2026-07-30
bj920694,中裕科技,13.97,0.39,2.872,13.97,13.99,13.58,13.7,14.15,13.63,1255948.0,17545797.0,15:30:01,2026-07-30
bj920699,海达尔,58.5,-4.78,-7.554,57.4,58.5,63.28,63.8,63.85,56.72,1022140.0,60471801.0,15:30:01,2026-07-30
bj920701,豪声电子,12.78,-0.17,-1.313,12.77,12.78,12.95,12.8,13.45,12.01,4930484.0,62995265.0,15:30:01,2026-07-30
bj920703,广厦环能,9.62,0.26,2.778,9.62,9.65,9.36,9.44,9.77,9.35,856539.0,8197016.0,15:30:01,2026-07-30
bj920706,铁拓机械,13.79,-0.33,-2.337,13.79,13.85,14.12,14.16,14.17,13.68,979524.0,13667619.0,15:30:01,2026-07-30
bj920717,瑞星股份,8.4,0.27,3.321,8.39,8.4,8.13,7.98,8.66,7.91,3883196.0,31918067.0,15:30:01,2026-07-30
bj920718,合肥高科,9.72,-0.13,-1.32,9.72,9.73,9.85,9.68,9.99,9.61,1979524.0,19442532.0,15:30:01,2026-07-30
bj920719,宁新新材,7.69,0.05,0.654,7.67,7.69,7.64,7.64,7.82,7.56,947562.0,7289789.0,15:30:01,2026-07-30
bj920720,吉冈精密,9.13,0.03,0.33,9.13,9.15,9.1,9.02,9.28,9.0,1465050.0,13441748.0,15:30:01,2026-07-30
bj920725,惠丰钻石,61.04,-8.29,-11.957,61.04,61.05,69.33,67.9,69.1,60.51,5171583.0,331376917.0,15:30:01,2026-07-30
bj920726,朱老六,15.44,-0.41,-2.587,15.4,15.44,15.85,15.6,16.28,15.34,5050012.0,79879458.0,15:30:01,2026-07-30
bj920729,永顺生物,6.57,0.18,2.817,6.55,6.57,6.39,6.36,6.58,6.36,783541.0,5108240.0,15:30:01,2026-07-30
bj920735,德源药业,23.12,0.11,0.478,23.12,23.15,23.01,22.81,23.52,22.81,2240214.0,51920790.0,15:30:01,2026-07-30
bj920748,路桥信息,21.33,-0.11,-0.513,21.32,21.33,21.44,21.25,22.28,21.21,1107318.0,24055540.0,15:30:01,2026-07-30
bj920751,惠同新材,17.08,0.56,3.39,17.05,17.08,16.52,16.37,17.35,16.37,968578.0,16541109.0,15:30:01,2026-07-30
bj920753,天纺标,14.79,-0.11,-0.738,14.79,14.81,14.9,15.06,15.11,14.63,545353.0,8114599.0,15:30:01,2026-07-30
bj920765,美之高,12.72,0.45,3.667,12.71,12.72,12.27,12.35,12.99,11.97,2640072.0,32946653.0,15:30:01,2026-07-30
bj920768,拾比佰,6.75,0.29,4.489,6.74,6.75,6.46,6.55,6.78,6.47,4490168.0,29841169.0,15:30:01,2026-07-30
bj920770,艾能聚,10.11,-0.09,-0.882,10.11,10.12,10.2,10.15,10.55,10.06,2653885.0,27294634.0,15:30:01,2026-07-30
bj920779,武汉蓝电,24.0,0.23,0.968,24.0,24.07,23.77,23.38,25.75,22.59,3337628.0,80602841.0,15:30:01,2026-07-30
bj920781,瑞奇智造,5.37,-0.04,-0.739,5.37,5.41,5.41,5.39,5.5,5.32,1597765.0,8659516.0,15:30:01,2026-07-30
bj920786,骑士乳业,6.89,-0.25,-3.501,6.88,6.89,7.14,6.9,7.48,6.68,26073989.0,184984461.0,15:30:01,2026-07-30
bj920790,联迪信息,22.27,-0.13,-0.58,22.27,22.28,22.4,22.39,24.2,21.98,5370346.0,123454762.0,15:30:01,2026-07-30
bj920792,东和新材,9.6,-0.1,-1.031,9.6,9.65,9.7,9.69,9.74,9.5,372523.0,3595485.0,15:30:01,2026-07-30
bj920799,艾融软件,28.62,-0.21,-0.728,28.62,28.63,28.83,28.48,29.48,28.43,3833864.0,111386419.0,15:30:01,2026-07-30
bj920802,保丽洁,10.31,0.02,0.194,10.3,10.31,10.29,10.25,10.52,10.2,603000.0,6272300.0,15:30:01,2026-07-30
bj920806,云星宇,9.97,0.2,2.047,9.97,9.98,9.77,9.78,10.23,9.71,3873321.0,38977591.0,15:30:01,2026-07-30
bj920807,奔朗新材,8.4,-0.3,-3.448,8.39,8.4,8.7,8.66,8.76,8.35,2210467.0,18865984.0,15:30:01,2026-07-30
bj920808,曙光数创,54.68,-6.47,-10.581,54.66,54.68,61.15,60.45,61.25,54.68,2949398.0,169929533.0,15:30:01,2026-07-30
bj920809,安达科技,7.68,-0.07,-0.903,7.68,7.69,7.75,7.66,7.79,7.62,9485617.0,73203767.0,15:30:01,2026-07-30
bj920810,春光智能,8.79,0.88,11.125,8.79,8.8,7.91,7.94,9.58,7.88,6010133.0,52716454.0,15:30:01,2026-07-30
bj920819,颖泰生物,2.76,0.06,2.222,2.75,2.76,2.7,2.68,2.79,2.66,8349329.0,22900224.0,15:30:01,2026-07-30
bj920821,则成电子,16.54,-1.19,-6.712,16.52,16.54,17.73,17.49,17.64,16.49,3259216.0,55102178.0,15:30:01,2026-07-30
bj920826,盖世食品,8.02,0.08,1.008,8.02,8.03,7.94,7.85,8.38,7.75,6030208.0,48645799.0,15:30:01,2026-07-30
bj920832,齐鲁华信,6.0,0.04,0.671,5.97,6.0,5.96,5.91,6.08,5.91,616579.0,3711672.0,15:30:01,2026-07-30
bj920833,美心翼申,8.55,0.22,2.641,8.48,8.55,8.33,8.27,8.63,8.27,1128638.0,9570670.0,15:30:01,2026-07-30
bj920834,三维装备,8.19,0.04,0.491,8.1,8.19,8.15,8.21,8.27,8.08,503050.0,4117594.0,15:30:01,2026-07-30
bj920837,华原股份,9.58,0.09,0.948,9.58,9.59,9.49,9.54,9.86,9.49,1345391.0,12975496.0,15:30:01,2026-07-30
bj920839,万通液压,24.6,0.53,2.202,24.6,24.73,24.07,24.31,24.94,23.96,758059.0,18547479.0,15:30:01,2026-07-30
bj920855,浙江大农,12.13,0.2,1.676,12.13,12.15,11.93,11.91,12.22,11.85,412724.0,4982281.0,15:30:01,2026-07-30
bj920856,浩淼科技,10.83,0.03,0.278,10.8,10.83,10.8,10.61,11.13,10.58,3367580.0,36617972.0,15:30:01,2026-07-30
bj920857,泓禧科技,17.3,0.1,0.581,17.3,17.32,17.2,17.15,17.5,16.36,1753693.0,29890082.0,15:30:01,2026-07-30
bj920866,绿亨科技,5.84,0.16,2.817,5.83,5.84,5.68,5.66,5.9,5.64,2087856.0,12071335.0,15:30:01,2026-07-30
bj920870,恒进感应,10.73,-0.08,-0.74,10.64,10.73,10.81,10.84,10.99,10.6,832517.0,9011090.0,15:30:01,2026-07-30
bj920871,派特尔,10.38,0.09,0.875,10.3,10.38,10.29,10.22,10.55,10.16,577318.0,6000775.0,15:30:01,2026-07-30
bj920873,中设咨询,7.18,0.26,3.757,7.18,7.19,6.92,6.92,7.32,6.88,2480013.0,17697279.0,15:30:01,2026-07-30
bj920876,慧为智能,15.09,-0.5,-3.207,15.09,15.17,15.59,15.5,15.66,14.93,1383914.0,21214305.0,15:30:01,2026-07-30
bj920879,基康技术,12.98,0.53,4.257,12.94,12.98,12.45,12.48,12.98,12.37,1580757.0,20177511.0,15:30:01,2026-07-30
bj920885,星辰科技,11.02,-0.25,-2.218,11.02,11.11,11.27,11.22,11.39,10.91,2426950.0,27172126.0,15:30:01,2026-07-30
bj920892,广咨国际,10.48,0.09,0.866,10.42,10.48,10.39,10.41,10.6,10.3,529832.0,5538792.0,15:30:01,2026-07-30
bj920895,花溪科技,12.16,0.65,5.647,12.07,12.16,11.51,11.57,12.29,11.53,1214880.0,14602791.0,15:30:01,2026-07-30
bj920896,旺成科技,11.81,0.17,1.46,11.81,11.82,11.64,11.65,12.0,11.56,724191.0,8558828.0,15:30:01,2026-07-30
bj920906,舜宇精工,16.29,0.04,0.246,16.22,16.29,16.25,16.19,16.59,16.0,569250.0,9268220.0,15:30:01,2026-07-30
bj920914,远航精密,18.91,0.7,3.844,18.9,18.91,18.21,18.0,19.3,17.95,2732569.0,51003680.0,15:30:01,2026-07-30
bj920924,广脉科技,13.28,-0.06,-0.45,13.23,13.28,13.34,13.23,13.53,13.13,875175.0,11664261.0,15:30:01,2026-07-30
bj920925,锦好医疗,12.51,0.28,2.289,12.5,12.51,12.23,12.17,12.58,11.87,2600650.0,31888084.0,15:30:01,2026-07-30
bj920926,鸿智科技,10.57,-0.13,-1.215,10.56,10.57,10.7,10.7,10.98,10.27,1232335.0,13072461.0,15:30:01,2026-07-30
bj920931,无锡鼎邦,9.65,0.04,0.416,9.65,9.66,9.61,9.71,9.82,9.53,460990.0,4455986.0,15:30:01,2026-07-30
bj920932,科达自控,11.06,-0.12,-1.073,11.06,11.1,11.18,11.01,11.39,10.95,1675151.0,18667394.0,15:30:01,2026-07-30
bj920942,恒立钻具,17.22,0.62,3.735,17.22,17.24,16.6,16.5,17.7,16.45,1948011.0,33710569.0,15:30:01,2026-07-30
bj920943,优机股份,12.68,-0.88,-6.49,12.65,12.68,13.56,13.56,13.67,12.61,2051622.0,27081488.0,15:30:01,2026-07-30
bj920946,森萱医药,9.14,-0.03,-0.327,9.13,9.14,9.17,9.1,9.28,9.1,1902126.0,17473701.0,15:30:01,2026-07-30
bj920950,迅安科技,12.69,0.17,1.358,12.68,12.69,12.52,12.56,12.95,12.41,397956.0,5048427.0,15:30:01,2026-07-30
bj920953,国子软件,22.5,1.18,5.535,22.49,22.5,21.32,21.03,23.47,21.03,4433878.0,100762489.0,15:30:01,2026-07-30
bj920957,汉维科技,9.24,-0.06,-0.645,9.23,9.24,9.3,9.3,9.45,9.11,1507417.0,14016799.0,15:30:01,2026-07-30
bj920961,创远信科,17.32,-1.17,-6.328,17.32,17.34,18.49,18.32,18.57,17.28,2023906.0,36275502.0,15:30:01,2026-07-30
bj920964,润农节水,4.37,0.04,0.924,4.37,4.38,4.33,4.29,4.41,4.29,2049075.0,8957445.0,15:30:01,2026-07-30
bj920970,大禹生物,6.02,0.12,2.034,6.01,6.02,5.9,5.9,6.07,5.84,2962434.0,17703742.0,15:30:01,2026-07-30
bj920971,天马新材,23.5,-1.65,-6.561,23.44,23.5,25.15,25.01,25.5,23.5,4325776.0,105883819.0,15:30:01,2026-07-30
bj920974,凯大催化,5.92,0.02,0.339,5.9,5.92,5.9,5.89,6.0,5.85,1394311.0,8276087.0,15:30:01,2026-07-30
bj920976,视声智能,16.25,0.0,0.0,16.2,16.25,16.25,16.08,16.33,15.73,687084.0,11048604.0,15:30:01,2026-07-30
bj920978,开特股份,19.04,0.0,0.0,19.04,19.08,19.04,19.07,19.35,18.92,1246000.0,23854720.0,15:30:01,2026-07-30
bj920981,晶赛科技,25.8,-2.41,-8.543,25.8,25.81,28.21,27.78,28.15,25.7,2367094.0,63378780.0,15:30:01,2026-07-30
bj920982,锦波生物,131.74,4.74,3.732,131.71,131.74,127.0,127.25,136.61,126.5,1626954.0,216553955.0,15:30:01,2026-07-30
bj920985,海泰新能,4.63,0.0,0.0,4.63,4.64,4.63,4.6,4.73,4.56,3302784.0,15359717.0,15:30:01,2026-07-30
bj920992,中科美菱,11.45,-0.06,-0.521,11.43,11.45,11.51,11.42,11.72,11.3,800493.0,9232127.0,15:30:01,2026-07-30
sh600000,浦发银行,9.71,0.43,4.634,9.7,9.71,9.28,9.26,9.72,9.25,161746160.0,1544913226.0,15:34:59,2026-07-30
sh600004,白云机场,7.93,0.09,1.148,7.92,7.93,7.84,7.83,7.96,7.8,11621350.0,91780857.0,15:34:59,2026-07-30
sh600006,东风股份,5.75,0.1,1.77,5.75,5.76,5.65,5.64,5.76,5.61,21186661.0,121154617.0,15:34:59,2026-07-30
sh600007,中国国贸,18.8,-0.16,-0.844,18.8,18.82,18.96,18.9,19.13,18.67,2936500.0,55390380.0,15:34:59,2026-07-30
sh600008,首创环保,2.94,0.01,0.341,2.94,2.95,2.93,2.93,2.96,2.9,78048560.0,228958326.0,15:34:59,2026-07-30
sh600009,上海机场,24.94,0.57,2.339,24.93,24.94,24.37,24.34,24.95,24.34,18474569.0,457572224.0,15:34:59,2026-07-30
sh600010,包钢股份,2.2,0.0,0.0,2.2,2.21,2.2,2.19,2.24,2.19,370947289.0,822756688.0,15:34:59,2026-07-30
sh600011,华能国际,7.17,-0.03,-0.417,7.17,7.18,7.2,7.19,7.27,7.12,109871431.0,789609598.0,15:34:59,2026-07-30
sh600012,皖通高速,18.16,-0.18,-0.981,18.16,18.17,18.34,18.38,18.4,17.68,8880300.0,160241850.0,15:34:59,2026-07-30
sh600015,XD华夏银,7.03,0.26,3.84,7.02,7.03,6.77,6.82,7.04,6.81,146830902.0,1018045220.0,15:34:59,2026-07-30
sh600016,民生银行,3.63,0.07,1.966,3.62,3.63,3.56,3.56,3.63,3.55,332018321.0,1199004683.0,15:34:59,2026-07-30
sh600017,日照港,2.78,0.04,1.46,2.77,2.78,2.74,2.74,2.78,2.73,36161964.0,99790547.0,15:34:59,2026-07-30
sh600018,上港集团,5.27,0.1,1.934,5.26,5.27,5.17,5.17,5.28,5.16,74907670.0,391762584.0,15:34:59,2026-07-30
sh600019,宝钢股份,6.26,0.15,2.455,6.25,6.26,6.11,6.11,6.28,6.09,132994460.0,825922980.0,15:34:59,2026-07-30
sh600020,中原高速,3.85,0.03,0.785,3.84,3.85,3.82,3.82,3.87,3.81,9760699.0,37531652.0,15:00:01,2026-07-30
sh600021,上海电力,14.28,-0.28,-1.923,14.28,14.29,14.56,14.58,14.82,14.21,42422520.0,611821954.0,15:34:59,2026-07-30
sh600022,山东钢铁,1.4,0.02,1.449,1.39,1.4,1.38,1.38,1.42,1.37,144372166.0,201821051.0,15:34:59,2026-07-30
sh600023,XD浙能电,5.07,-0.07,-1.362,5.06,5.07,5.14,5.14,5.16,5.05,79231601.0,404199836.0,15:34:59,2026-07-30
sh600025,华能水电,10.14,0.14,1.4,10.14,10.15,10.0,10.04,10.18,10.01,33129370.0,335020187.0,15:34:59,2026-07-30
sh600026,中远海能,16.85,0.73,4.529,16.84,16.85,16.12,16.13,17.4,16.13,84786553.0,1437087866.0,15:34:59,2026-07-30
sh600027,华电国际,4.8,0.05,1.053,4.79,4.8,4.75,4.75,4.81,4.74,84681040.0,404282205.0,15:34:59,2026-07-30
sh600028,中国石化,5.27,0.1,1.934,5.26,5.27,5.17,5.19,5.27,5.18,294092497.0,1540030946.0,15:34:59,2026-07-30
sh600029,南方航空,5.18,0.0,0.0,5.18,5.19,5.18,5.14,5.23,5.13,85137593.0,441896497.0,15:34:59,2026-07-30
sh600030,中信证券,28.49,-0.01,-0.035,28.48,28.49,28.5,28.28,28.6,28.11,133149340.0,3777281722.0,15:34:59,2026-07-30
sh600031,三一重工,20.83,0.43,2.108,20.81,20.83,20.4,20.3,20.84,20.2,102573268.0,2114095355.0,15:34:59,2026-07-30
sh600032,浙江新能,7.24,-0.13,-1.764,7.23,7.24,7.37,7.39,7.45,7.14,30508135.0,222217567.0,15:34:59,2026-07-30
sh600033,福建高速,3.65,0.03,0.829,3.65,3.66,3.62,3.62,3.66,3.6,24040698.0,87485242.0,15:34:59,2026-07-30
sh600035,楚天高速,3.51,0.01,0.286,3.5,3.51,3.5,3.5,3.53,3.47,17704400.0,62033266.0,15:00:03,2026-07-30
sh600036,招商银行,40.55,0.89,2.244,40.51,40.55,39.66,39.66,40.55,39.55,137457952.0,5517774480.0,15:34:59,2026-07-30
sh600037,歌华有线,6.95,0.12,1.757,6.95,6.96,6.83,6.77,6.98,6.76,18816480.0,130227892.0,15:34:59,2026-07-30
sh600038,中直股份,27.04,0.31,1.16,27.03,27.04,26.73,26.6,27.08,26.6,6920241.0,186381974.0,15:34:59,2026-07-30
sh600039,四川路桥,8.95,0.12,1.359,8.94,8.95,8.83,8.84,9.09,8.83,18997521.0,169966876.0,15:34:59,2026-07-30
sh600048,保利发展,5.3,0.06,1.145,5.29,5.3,5.24,5.2,5.4,5.2,195652524.0,1040729556.0,15:34:59,2026-07-30
sh600050,中国联通,4.48,0.06,1.357,4.47,4.48,4.42,4.42,4.48,4.41,202121224.0,899646718.0,15:34:59,2026-07-30
sh600051,宁波联合,5.78,-0.04,-0.687,5.78,5.79,5.82,5.81,5.91,5.75,4556800.0,26605686.0,15:00:03,2026-07-30
sh600052,东望时代,3.53,-0.11,-3.022,3.53,3.54,3.64,3.64,3.72,3.53,12609300.0,45562423.0,15:34:59,2026-07-30
sh600053,*ST九鼎,7.06,-0.07,-0.982,7.05,7.07,7.13,7.14,7.21,7.03,1319300.0,9394022.0,15:00:03,2026-07-30
sh600054,黄山旅游,11.14,0.07,0.632,11.14,11.15,11.07,11.06,11.28,11.06,8668800.0,97058139.0,15:34:59,2026-07-30
sh600055,万东医疗,11.12,0.27,2.488,11.11,11.12,10.85,10.79,11.21,10.76,8077673.0,89464027.0,15:34:59,2026-07-30
sh600056,中国医药,9.53,0.05,0.527,9.52,9.53,9.48,9.47,9.58,9.37,14726957.0,139735721.0,15:34:59,2026-07-30
sh600057,厦门象屿,6.71,0.14,2.131,6.71,6.72,6.57,6.56,6.72,6.53,26648830.0,177187560.0,15:34:59,2026-07-30
sh600058,五矿发展,9.62,-0.23,-2.335,9.62,9.63,9.85,9.6,10.04,9.6,14192287.0,139694682.0,15:34:59,2026-07-30
sh600059,古越龙山,8.15,0.18,2.258,8.14,8.15,7.97,7.96,8.2,7.95,15723582.0,127770561.0,15:34:59,2026-07-30
sh600060,海信视像,27.83,0.14,0.506,27.83,27.84,27.69,27.45,28.1,26.95,16608510.0,458397215.0,15:34:59,2026-07-30
sh600061,国投资本,6.51,0.04,0.618,6.51,6.52,6.47,6.43,6.53,6.43,42238244.0,274297933.0,15:34:59,2026-07-30
sh600062,华润双鹤,16.23,-0.66,-3.908,16.23,16.24,16.89,16.5,16.66,16.0,25473165.0,416206742.0,15:34:59,2026-07-30
sh600063,皖维高新,5.84,-0.1,-1.684,5.84,5.85,5.94,5.92,6.05,5.77,66121039.0,389434532.0,15:34:59,2026-07-30
sh600064,南京高科,7.89,0.12,1.544,7.88,7.89,7.77,7.75,7.9,7.75,20325092.0,159601656.0,15:34:59,2026-07-30
sh600066,宇通客车,33.8,1.45,4.482,33.8,33.81,32.35,32.28,34.17,32.05,25132410.0,837330988.0,15:34:59,2026-07-30
sh600067,冠城新材,2.64,-0.04,-1.493,2.64,2.65,2.68,2.66,2.73,2.62,18489800.0,49215724.0,15:34:59,2026-07-30
sh600071,凤凰光学,14.67,-0.26,-1.741,14.67,14.68,14.93,14.87,15.07,14.65,2455400.0,36516053.0,15:00:01,2026-07-30
sh600072,中船科技,9.13,0.1,1.107,9.13,9.14,9.03,9.01,9.31,8.94,33288025.0,304747235.0,15:34:59,2026-07-30
sh600073,光明肉业,5.24,0.08,1.55,5.24,5.25,5.16,5.17,5.28,5.15,10537781.0,55234304.0,15:34:59,2026-07-30
sh600075,新疆天业,4.6,0.02,0.437,4.6,4.61,4.58,4.59,4.68,4.55,18467400.0,85207485.0,15:34:59,2026-07-30
sh600076,康欣新材,2.92,0.04,1.389,2.91,2.92,2.88,2.9,3.09,2.89,34141909.0,101514053.0,15:34:59,2026-07-30
sh600078,澄星股份,9.35,-0.24,-2.503,9.34,9.35,9.59,9.63,9.68,9.32,17370598.0,164864924.0,15:34:59,2026-07-30
sh600079,ST人福,17.94,0.03,0.168,17.93,17.94,17.91,17.92,18.08,17.81,10597208.0,190221176.0,15:34:59,2026-07-30
sh600080,ST金花,4.76,-0.06,-1.245,4.75,4.76,4.82,4.78,4.86,4.72,1851100.0,8819896.0,15:00:01,2026-07-30
sh600081,东风科技,9.91,0.12,1.226,9.9,9.91,9.79,9.74,9.98,9.74,2954821.0,29248208.0,15:34:59,2026-07-30
sh600082,ST海泰,2.59,-0.08,-2.996,2.58,2.59,2.67,2.66,2.68,2.55,8869200.0,23178286.0,15:00:01,2026-07-30
sh600084,*ST尼雅,4.21,-0.05,-1.174,4.2,4.21,4.26,4.21,4.41,4.16,5242661.0,22518518.0,15:00:03,2026-07-30
sh600085,同仁堂,26.28,0.4,1.546,26.27,26.28,25.88,25.89,26.62,25.8,12644322.0,332113293.0,15:34:59,2026-07-30
sh600088,中视传媒,11.18,-0.09,-0.799,11.18,11.19,11.27,11.25,11.47,11.16,4657095.0,52720430.0,15:00:01,2026-07-30
sh600089,特变电工,20.75,0.1,0.484,20.74,20.75,20.65,20.45,20.81,20.36,88720873.0,1829043161.0,15:34:59,2026-07-30
sh600094,大名城,3.97,0.14,3.655,3.97,3.98,3.83,3.81,4.09,3.8,31825327.0,126972635.0,15:34:59,2026-07-30
sh600095,湘财股份,8.71,-0.06,-0.684,8.71,8.72,8.77,8.68,8.85,8.6,47045277.0,410759072.0,15:34:59,2026-07-30
sh600096,云天化,30.37,0.48,1.606,30.37,30.38,29.89,29.61,30.51,29.61,29766668.0,900266523.0,15:34:59,2026-07-30
sh600097,开创国际,7.94,-0.04,-0.501,7.94,7.95,7.98,7.97,8.14,7.84,3733600.0,29829364.0,15:00:03,2026-07-30
sh600098,广州发展,6.47,0.08,1.252,6.47,6.48,6.39,6.38,6.49,6.36,24372745.0,156783265.0,15:34:59,2026-07-30
sh600099,林海股份,8.25,0.11,1.351,8.24,8.25,8.14,8.14,8.28,8.08,3913300.0,32119110.0,15:00:03,2026-07-30
sh600100,同方股份,6.94,-0.04,-0.573,6.93,6.94,6.98,6.95,7.03,6.88,26970412.0,187839803.0,15:00:01,2026-07-30
sh600101,XD明星电,8.01,-0.12,-1.476,8.01,8.02,8.13,8.11,8.18,7.96,15413617.0,124396260.0,15:34:59,2026-07-30
sh600103,青山纸业,2.69,-0.05,-1.825,2.69,2.7,2.74,2.72,2.78,2.66,71755850.0,195055907.0,15:34:59,2026-07-30
sh600104,上汽集团,11.15,0.38,3.528,11.15,11.16,10.77,10.78,11.16,10.73,84867447.0,936096754.0,15:34:59,2026-07-30
sh600105,永鼎股份,32.96,2.25,7.327,32.95,32.96,30.71,33.23,33.78,31.11,288798103.0,9430959643.0,15:34:59,2026-07-30
sh600106,重庆路桥,4.32,-0.04,-0.917,4.31,4.32,4.36,4.35,4.42,4.28,14421539.0,62741523.0,15:00:01,2026-07-30
sh600107,*ST尔雅,5.14,-0.14,-2.652,5.14,5.15,5.28,5.28,5.28,5.05,2173527.0,11137256.0,15:00:03,2026-07-30
sh600108,亚盛集团,2.96,-0.06,-1.987,2.96,2.97,3.02,3.01,3.07,2.96,72435115.0,217984650.0,15:34:59,2026-07-30
sh600109,国金证券,8.73,0.07,0.808,8.72,8.73,8.66,8.59,8.81,8.59,34383891.0,299277379.0,15:34:59,2026-07-30
sh600110,诺德股份,8.02,-0.64,-7.39,8.01,8.02,8.66,8.56,8.62,7.89,121575606.0,999512751.0,15:34:59,2026-07-30
sh600111,北方稀土,39.15,-0.2,-0.508,39.08,39.15,39.35,39.13,39.49,38.6,37192230.0,1451088549.0,15:34:59,2026-07-30
sh600113,浙江东日,28.97,-0.39,-1.328,28.97,28.98,29.36,29.9,29.97,28.85,7051637.0,206880779.0,15:34:59,2026-07-30
sh600114,东睦股份,24.97,-0.8,-3.104,24.97,24.98,25.77,25.73,25.97,24.59,17913751.0,451659141.0,15:34:59,2026-07-30
sh600115,中国东航,3.69,0.02,0.545,3.68,3.69,3.67,3.64,3.72,3.63,171822495.0,632753507.0,15:34:59,2026-07-30
sh600116,XD三峡水,6.65,0.15,2.308,6.64,6.65,6.5,6.51,6.65,6.49,24420617.0,161133689.0,15:34:59,2026-07-30
sh600117,西宁特钢,2.28,0.05,2.242,2.27,2.28,2.23,2.23,2.33,2.22,18805057.0,42979190.0,15:34:59,2026-07-30
sh600118,中国卫星,54.79,-2.9,-5.027,54.78,54.79,57.69,57.55,57.78,54.75,29767809.0,1665702357.0,15:34:59,2026-07-30
sh600119,*ST长投,4.36,0.01,0.23,4.36,4.38,4.35,4.45,4.61,4.3,2264300.0,9972870.0,15:00:01,2026-07-30
sh600120,浙江东方,5.12,-0.02,-0.389,5.12,5.13,5.14,5.1,5.19,5.09,53471357.0,275554286.0,15:34:59,2026-07-30
sh600121,郑州煤电,3.71,-0.07,-1.852,3.7,3.71,3.78,3.78,3.93,3.68,69689020.0,264811303.0,15:34:59,2026-07-30
sh600123,兰花科创,6.91,0.05,0.729,6.91,6.92,6.86,6.84,6.94,6.74,28039845.0,192602365.0,15:34:59,2026-07-30
sh600125,铁龙物流,5.56,0.05,0.907,5.55,5.56,5.51,5.53,5.57,5.49,11323927.0,62721196.0,15:34:59,2026-07-30
sh600126,杭钢股份,6.14,-0.14,-2.229,6.14,6.15,6.28,6.2,6.4,6.12,75903786.0,474303996.0,15:34:59,2026-07-30
sh600127,金健米业,5.51,-0.05,-0.899,5.5,5.51,5.56,5.53,5.64,5.49,14733741.0,81907771.0,15:34:59,2026-07-30
sh600128,苏豪弘业,7.75,0.08,1.043,7.74,7.75,7.67,7.67,7.85,7.62,4126200.0,32104137.0,15:00:03,2026-07-30
sh600129,太极集团,15.32,-0.34,-2.171,15.32,15.33,15.66,15.55,16.11,15.2,27691506.0,433842957.0,15:34:59,2026-07-30
sh600130,波导股份,3.67,-0.16,-4.178,3.67,3.68,3.83,3.78,3.86,3.65,25015800.0,93822680.0,15:34:59,2026-07-30
sh600131,国网信通,15.7,0.15,0.965,15.69,15.7,15.55,15.48,15.82,15.48,8993600.0,141221495.0,15:34:59,2026-07-30
sh600132,重庆啤酒,47.35,1.25,2.711,47.35,47.36,46.1,46.1,47.75,45.9,6581877.0,310720570.0,15:34:59,2026-07-30
sh600133,东湖高新,8.16,-0.02,-0.244,8.15,8.16,8.18,8.12,8.78,8.12,32337315.0,270547362.0,15:34:59,2026-07-30
sh600135,乐凯胶片,6.87,-0.13,-1.857,6.87,6.88,7.0,7.0,7.12,6.83,6950646.0,48427250.0,15:00:03,2026-07-30
sh600136,ST明诚,1.39,-0.03,-2.113,1.39,1.4,1.42,1.42,1.43,1.39,8790820.0,12369346.0,15:00:01,2026-07-30
sh600137,浪莎股份,16.73,0.31,1.888,16.72,16.73,16.42,16.42,16.75,16.42,2653000.0,44061467.0,15:00:03,2026-07-30
sh600138,中青旅,7.11,0.05,0.708,7.11,7.12,7.06,7.06,7.22,7.05,11422681.0,81673746.0,15:00:03,2026-07-30
sh600141,兴发集团,28.89,-0.25,-0.858,28.89,28.9,29.14,28.8,29.7,28.44,30233878.0,881376144.0,15:34:59,2026-07-30
sh600143,金发科技,14.5,-0.05,-0.344,14.49,14.5,14.55,14.44,14.79,14.35,29427059.0,428266521.0,15:34:59,2026-07-30
sh600148,长春一东,14.49,0.14,0.976,14.42,14.49,14.35,14.35,14.77,14.3,1868878.0,27153215.0,15:34:59,2026-07-30
sh600149,廊坊发展,4.51,-0.07,-1.528,4.5,4.51,4.58,4.57,4.67,4.46,10793100.0,49222642.0,15:34:59,2026-07-30
sh600150,中国船舶,34.63,-0.1,-0.288,34.61,34.63,34.73,34.63,34.73,34.32,78007559.0,2691536763.0,15:34:59,2026-07-30
sh600151,航天机电,9.88,-0.01,-0.101,9.87,9.88,9.89,9.81,10.13,9.78,33502200.0,333650704.0,15:34:59,2026-07-30
sh600152,维科技术,7.47,-0.23,-2.987,7.47,7.48,7.7,7.67,7.75,7.43,21994500.0,166755994.0,15:34:59,2026-07-30
sh600153,建发股份,9.08,0.1,1.114,9.08,9.09,8.98,8.98,9.18,8.97,20251897.0,183900509.0,15:34:59,2026-07-30
sh600155,华创云信,6.0,0.09,1.523,6.0,6.01,5.91,5.88,6.03,5.82,43397485.0,258416659.0,15:34:59,2026-07-30
sh600156,华升股份,7.06,-0.33,-4.465,7.06,7.07,7.39,7.41,7.55,7.01,12624600.0,91321726.0,15:34:59,2026-07-30
sh600157,永泰能源,1.58,-0.02,-1.25,1.58,1.59,1.6,1.59,1.62,1.57,460827152.0,732593938.0,15:34:59,2026-07-30
sh600158,中体产业,6.97,-0.09,-1.275,6.97,6.98,7.06,7.0,7.21,6.97,56529136.0,400241113.0,15:34:59,2026-07-30
sh600159,大龙地产,2.31,-0.02,-0.858,2.3,2.31,2.33,2.33,2.38,2.28,18742600.0,43710863.0,15:00:03,2026-07-30
sh600160,巨化股份,39.61,0.5,1.278,39.61,39.62,39.11,38.95,40.5,38.88,47893223.0,1908390421.0,15:34:59,2026-07-30
sh600161,天坛生物,12.83,0.27,2.15,12.82,12.83,12.56,12.47,12.87,12.47,15980600.0,203799383.0,15:34:59,2026-07-30
sh600162,香江控股,2.89,0.26,9.886,2.89,0.0,2.63,2.65,2.89,2.63,116894467.0,332022321.0,15:34:59,2026-07-30
sh600163,中闽能源,5.33,-0.01,-0.187,5.33,5.34,5.34,5.3,5.42,5.27,20528105.0,109745905.0,15:34:59,2026-07-30
sh600165,ST宁科,2.3,-0.09,-3.766,2.29,2.3,2.39,2.41,2.42,2.29,6313715.0,14929358.0,15:00:03,2026-07-30
sh600166,福田汽车,3.15,-0.02,-0.631,3.15,3.16,3.17,3.15,3.21,3.13,144309805.0,457061456.0,15:34:59,2026-07-30
sh600167,联美控股,5.88,0.08,1.379,5.86,5.88,5.8,5.77,5.9,5.76,9569177.0,55910982.0,15:34:59,2026-07-30
sh600168,武汉控股,4.27,0.01,0.235,4.27,4.28,4.26,4.26,4.31,4.23,6040933.0,25833219.0,15:00:03,2026-07-30
sh600169,ST太重,2.03,-0.02,-0.976,2.03,2.04,2.05,2.03,2.06,2.03,9290600.0,18964236.0,15:00:01,2026-07-30
sh600170,上海建工,2.35,0.0,0.0,2.34,2.35,2.35,2.35,2.38,2.33,126283316.0,297450736.0,15:34:59,2026-07-30
sh600171,上海贝岭,22.63,-0.09,-0.396,22.63,22.64,22.72,22.5,22.86,22.17,13626133.0,307588429.0,15:34:59,2026-07-30
sh600172,黄河旋风,9.52,-0.85,-8.197,9.52,9.53,10.37,10.15,10.45,9.38,130946814.0,1283152646.0,15:34:59,2026-07-30
sh600173,卧龙新能,6.17,0.04,0.653,6.16,6.17,6.13,6.1,6.52,6.1,11806300.0,73634446.0,15:34:59,2026-07-30
sh600176,中国巨石,36.63,-1.76,-4.585,36.63,36.64,38.39,37.6,39.0,35.55,291862125.0,10944888680.0,15:34:59,2026-07-30
sh600177,雅戈尔,7.88,0.0,0.0,7.87,7.88,7.88,7.86,7.91,7.76,32950049.0,258529832.0,15:34:59,2026-07-30
sh600178,东安动力,9.6,-0.31,-3.128,9.59,9.6,9.91,9.79,10.19,9.59,18229965.0,178976671.0,15:34:59,2026-07-30
sh600179,安通控股,4.36,0.02,0.461,4.35,4.36,4.34,4.32,4.47,4.31,38717490.0,170546106.0,15:34:59,2026-07-30
sh600180,*ST瑞茂,1.47,-0.05,-3.289,1.47,1.48,1.52,1.5,1.55,1.44,24361280.0,36435505.0,15:34:59,2026-07-30
sh600182,S佳通,12.87,-0.04,-0.31,12.86,12.87,12.91,12.91,13.03,12.78,1358000.0,17498839.0,15:00:03,2026-07-30
sh600183,生益科技,100.08,-8.1,-7.488,100.08,100.1,108.18,105.0,108.83,97.51,81098342.0,8252309373.0,15:34:59,2026-07-30
sh600184,光电股份,15.48,-0.92,-5.61,15.48,15.49,16.4,16.12,16.48,15.29,15579647.0,246204560.0,15:34:59,2026-07-30
sh600185,珠免集团,4.79,0.0,0.0,4.79,4.8,4.79,4.75,4.91,4.75,25817700.0,124653635.0,15:00:03,2026-07-30
sh600186,莲花控股,7.78,-0.61,-7.271,7.78,7.79,8.39,8.4,8.58,7.68,164210224.0,1325389575.0,15:34:59,2026-07-30
sh600187,*ST国中,1.39,-0.05,-3.472,1.39,1.4,1.44,1.43,1.45,1.38,32348473.0,45601361.0,15:34:59,2026-07-30
sh600188,兖矿能源,20.27,0.27,1.35,20.26,20.27,20.0,20.07,21.16,19.99,60091173.0,1229165234.0,15:34:59,2026-07-30
sh600189,泉阳泉,7.16,-0.03,-0.417,7.16,7.18,7.19,7.13,7.35,7.13,13807770.0,100083808.0,15:34:59,2026-07-30
sh600191,华资实业,9.86,0.36,3.789,9.86,9.87,9.5,9.45,9.93,9.45,19062168.0,185079488.0,15:34:59,2026-07-30
sh600192,长城电工,6.68,0.18,2.769,6.67,6.68,6.5,6.46,6.91,6.44,18643630.0,124566017.0,15:34:59,2026-07-30
sh600195,中牧股份,6.46,0.04,0.623,6.46,6.47,6.42,6.42,6.55,6.38,6534794.0,42275815.0,15:34:59,2026-07-30
sh600196,复星医药,23.17,0.17,0.739,23.17,23.18,23.0,23.02,23.29,22.81,20371793.0,470383643.0,15:34:59,2026-07-30
sh600197,伊力特,10.51,0.3,2.938,10.51,10.52,10.21,10.16,10.75,10.16,19555661.0,205920198.0,15:34:59,2026-07-30
sh600198,大唐电信,6.89,-0.13,-1.852,6.88,6.89,7.02,6.93,7.04,6.81,18107110.0,125362220.0,15:34:59,2026-07-30
sh600199,金种子酒,8.08,0.56,7.447,8.08,8.09,7.52,7.5,8.27,7.5,84981069.0,671834391.0,15:34:59,2026-07-30
sh600201,生物股份,11.72,0.17,1.472,11.72,11.73,11.55,11.6,11.84,11.55,13652400.0,159663749.0,15:34:59,2026-07-30
sh600202,哈空调,4.55,-0.02,-0.438,4.55,4.56,4.57,4.56,4.67,4.47,8084101.0,36923555.0,15:00:03,2026-07-30
sh600203,福日电子,9.24,-0.19,-2.015,9.23,9.24,9.43,9.38,9.56,9.22,19123978.0,179200814.0,15:34:59,2026-07-30
sh600206,有研新材,35.87,-3.99,-10.01,0.0,35.87,39.86,39.0,39.53,35.87,94663438.0,3494803749.0,15:34:59,2026-07-30
sh600207,安彩高科,4.05,-0.1,-2.41,4.04,4.05,4.15,4.15,4.2,4.03,19598514.0,80582939.0,15:34:59,2026-07-30
sh600208,衢州发展,2.82,-0.04,-1.399,2.82,2.83,2.86,2.84,2.89,2.78,105661057.0,299696922.0,15:34:59,2026-07-30
sh600210,紫江企业,6.31,0.06,0.96,6.31,6.32,6.25,6.23,6.33,6.21,18173043.0,114238281.0,15:34:59,2026-07-30
sh600211,西藏药业,38.79,0.62,1.624,38.78,38.79,38.17,38.05,39.25,37.91,4091113.0,158180931.0,15:00:01,2026-07-30
sh600212,绿能慧充,5.07,-0.03,-0.588,5.06,5.07,5.1,5.1,5.17,5.01,9723300.0,49467457.0,15:00:03,2026-07-30
sh600215,派斯林,5.83,0.05,0.865,5.83,5.84,5.78,5.88,6.05,5.78,11765108.0,69618790.0,15:34:59,2026-07-30
sh600216,浙江医药,12.1,0.05,0.415,12.09,12.1,12.05,12.01,12.22,11.9,15710248.0,189604465.0,15:34:59,2026-07-30
sh600217,中再资环,3.07,-0.01,-0.325,3.07,3.08,3.08,3.09,3.12,3.06,14907800.0,46067920.0,15:00:03,2026-07-30
sh600218,全柴动力,7.42,0.01,0.135,7.42,7.43,7.41,7.4,7.56,7.37,7532793.0,56306444.0,15:34:59,2026-07-30
sh600219,南山铝业,4.62,0.03,0.654,4.61,4.62,4.59,4.58,4.71,4.53,232156049.0,1074140800.0,15:34:59,2026-07-30
sh600221,海航控股,1.35,0.0,0.0,1.35,1.36,1.35,1.35,1.37,1.34,300872437.0,408703743.0,15:34:59,2026-07-30
sh600222,太龙药业,6.68,-0.21,-3.048,6.68,6.69,6.89,6.86,6.95,6.67,11162134.0,75647466.0,15:34:59,2026-07-30
sh600223,福瑞达,5.58,0.06,1.087,5.58,5.59,5.52,5.54,5.65,5.52,8428300.0,47073731.0,15:00:03,2026-07-30
sh600226,亨通股份,4.88,-0.29,-5.609,4.87,4.88,5.17,5.15,5.23,4.85,133670085.0,668672754.0,15:34:59,2026-07-30
sh600227,赤天化,3.27,-0.11,-3.254,3.27,3.28,3.38,3.38,3.56,3.23,294968568.0,1006553784.0,15:34:59,2026-07-30
sh600228,返利科技,7.33,0.67,10.06,7.33,0.0,6.66,6.67,7.33,6.66,24161946.0,171806560.0,15:34:59,2026-07-30
sh600229,城市传媒,4.94,0.03,0.611,4.94,4.95,4.91,4.9,5.03,4.89,5766500.0,28669849.0,15:00:03,2026-07-30
sh600230,沧州大化,13.5,-0.08,-0.589,13.5,13.51,13.58,13.53,13.74,13.36,17176162.0,232593225.0,15:34:59,2026-07-30
sh600231,凌钢股份,1.72,0.03,1.775,1.71,1.72,1.69,1.69,1.82,1.68,32319040.0,56359874.0,15:34:59,2026-07-30
sh600232,金鹰股份,5.67,-0.08,-1.391,5.66,5.67,5.75,5.73,5.88,5.62,6384700.0,36642768.0,15:00:03,2026-07-30
sh600233,圆通速递,18.51,0.24,1.314,18.51,18.52,18.27,18.32,18.85,18.27,22694890.0,421031460.0,15:34:59,2026-07-30
sh600234,科新发展,16.57,-1.54,-8.504,16.55,16.57,18.11,17.98,18.36,16.52,3786240.0,65021913.0,15:34:59,2026-07-30
sh600235,民丰特纸,5.24,0.04,0.769,5.22,5.24,5.2,5.21,5.28,5.12,4206600.0,21947537.0,15:00:01,2026-07-30
sh600236,桂冠电力,10.7,-0.22,-2.015,10.7,10.71,10.92,11.05,11.37,10.51,54586103.0,595104779.0,15:34:59,2026-07-30
sh600237,铜峰电子,8.0,-0.1,-1.235,7.99,8.0,8.1,8.0,8.19,7.82,35862256.0,286855687.0,15:34:59,2026-07-30
sh600238,*ST椰岛,4.14,0.0,0.0,4.13,4.14,4.14,4.17,4.27,4.1,3324200.0,13878733.0,15:00:03,2026-07-30
sh600239,ST云城,1.35,-0.03,-2.174,1.35,1.36,1.38,1.37,1.4,1.35,15287837.0,20955160.0,15:00:03,2026-07-30
sh600241,时代万恒,6.81,-0.3,-4.219,6.81,6.82,7.11,6.92,7.03,6.78,15141800.0,104712623.0,15:34:59,2026-07-30
sh600243,*ST海华,3.17,-0.09,-2.761,3.16,3.17,3.26,3.29,3.31,3.14,4753100.0,15250937.0,15:00:03,2026-07-30
sh600246,万通发展,10.5,-1.17,-10.026,0.0,10.5,11.67,11.54,11.63,10.5,135159232.0,1468089825.0,15:34:59,2026-07-30
sh600248,陕建股份,2.95,0.04,1.375,2.95,2.96,2.91,2.91,2.97,2.9,17698744.0,52098632.0,15:34:59,2026-07-30
sh600249,两面针,4.94,-0.01,-0.202,4.93,4.94,4.95,4.94,5.03,4.91,9102350.0,45284374.0,15:34:59,2026-07-30
sh600250,南京商旅,8.32,0.18,2.211,8.31,8.32,8.14,8.16,8.53,8.11,13898500.0,116546570.0,15:34:59,2026-07-30
sh600251,冠农股份,9.16,-0.14,-1.505,9.16,9.17,9.3,9.26,9.44,9.13,12807102.0,118744408.0,15:34:59,2026-07-30
sh600252,中恒集团,2.19,-0.01,-0.455,2.19,2.2,2.2,2.2,2.24,2.17,40370126.0,88999474.0,15:34:59,2026-07-30
sh600255,鑫科材料,3.07,-0.04,-1.286,3.07,3.08,3.11,3.08,3.15,3.05,64950543.0,201067438.0,15:34:59,2026-07-30
sh600256,广汇能源,5.49,0.03,0.549,5.48,5.49,5.46,5.53,5.54,5.38,99263265.0,543032259.0,15:34:59,2026-07-30
sh600257,大湖股份,5.09,0.08,1.597,5.08,5.09,5.01,5.02,5.39,5.0,33733959.0,174492368.0,15:34:59,2026-07-30
sh600258,首旅酒店,12.43,0.12,0.975,12.42,12.43,12.31,12.27,12.65,12.27,19404269.0,242706801.0,15:34:59,2026-07-30
sh600259,中稀有色,69.05,-2.08,-2.924,69.05,69.06,71.13,70.99,72.03,68.3,7844801.0,547855944.0,15:34:59,2026-07-30
sh600261,阳光照明,3.01,-0.01,-0.331,3.0,3.01,3.02,3.02,3.04,2.99,7486000.0,22585743.0,15:34:59,2026-07-30
sh600262,北方股份,13.96,0.08,0.576,13.96,13.97,13.88,13.81,14.09,13.8,4551619.0,63589405.0,15:34:59,2026-07-30
sh600265,*ST景谷,21.05,-0.16,-0.754,21.05,21.08,21.21,21.01,21.4,20.73,534500.0,11291353.0,15:00:03,2026-07-30
sh600266,城建发展,4.12,-0.01,-0.242,4.11,4.12,4.13,4.11,4.21,4.09,39650976.0,164403003.0,15:34:59,2026-07-30
sh600267,海正药业,11.52,-0.32,-2.703,11.51,11.52,11.84,11.8,11.86,11.41,33591140.0,390132427.0,15:34:59,2026-07-30
sh600268,国电南自,11.1,-0.03,-0.27,11.09,11.1,11.13,11.0,11.2,10.96,20642691.0,228963804.0,15:34:59,2026-07-30
sh600269,赣粤高速,4.17,0.07,1.707,4.17,4.18,4.1,4.12,4.19,4.11,24672818.0,102474228.0,15:34:59,2026-07-30
sh600271,航天信息,6.83,0.02,0.294,6.83,6.84,6.81,6.78,6.91,6.75,17499618.0,119954569.0,15:34:59,2026-07-30
sh600272,开开实业,10.3,-0.11,-1.057,10.3,10.32,10.41,10.41,10.59,10.27,2593400.0,27058908.0,15:00:03,2026-07-30
sh600273,嘉化能源,7.07,0.07,1.0,7.07,7.08,7.0,6.97,7.11,6.96,15752760.0,111225186.0,15:34:59,2026-07-30
sh600276,恒瑞医药,54.65,0.76,1.41,54.62,54.65,53.89,54.05,54.69,53.3,73587887.0,3975428219.0,15:34:59,2026-07-30
sh600278,东方创业,6.28,0.04,0.641,6.27,6.28,6.24,6.23,6.32,6.18,4598677.0,28839993.0,15:00:01,2026-07-30
sh600279,重庆港,4.25,0.0,0.0,4.24,4.25,4.25,4.25,4.31,4.22,8998217.0,38358204.0,15:00:03,2026-07-30
sh600280,中央商场,2.72,-0.04,-1.449,2.72,2.73,2.76,2.73,2.9,2.71,57659245.0,160771462.0,15:34:59,2026-07-30
sh600281,华阳新材,4.04,-0.02,-0.493,4.03,4.04,4.06,4.05,4.15,4.01,10912705.0,44549150.0,15:34:59,2026-07-30
sh600282,南钢股份,5.14,0.08,1.581,5.14,5.15,5.06,5.03,5.16,5.03,34697300.0,177126197.0,15:34:59,2026-07-30
sh600283,钱江水利,7.8,0.0,0.0,7.8,7.81,7.8,7.81,7.84,7.74,2316523.0,18069992.0,15:34:59,2026-07-30
sh600284,浦东建设,5.09,0.02,0.394,5.09,5.1,5.07,5.06,5.15,5.04,13873022.0,70788444.0,15:34:59,2026-07-30
sh600285,羚锐制药,23.48,0.35,1.513,23.47,23.48,23.13,23.0,23.59,22.96,12499398.0,291489054.0,15:34:59,2026-07-30
sh600287,苏豪时尚,4.38,-0.01,-0.228,4.38,4.39,4.39,4.39,4.48,4.32,3177100.0,14004734.0,15:00:03,2026-07-30
sh600288,大恒科技,9.5,-0.52,-5.19,9.5,9.51,10.02,9.9,9.97,9.5,41975744.0,408289637.0,15:34:59,2026-07-30
sh600289,ST信通,4.56,-0.04,-0.87,4.56,4.57,4.6,4.6,4.83,4.36,8122801.0,37259130.0,15:34:59,2026-07-30
sh600292,电投水电,12.54,0.08,0.642,12.54,12.55,12.46,12.52,12.8,12.44,11149606.0,140615074.0,15:34:59,2026-07-30
sh600293,三峡新材,2.65,-0.04,-1.487,2.65,2.66,2.69,2.67,2.74,2.64,33411251.0,89694649.0,15:34:59,2026-07-30
sh600295,鄂尔多斯,12.7,0.15,1.195,12.7,12.71,12.55,12.74,12.87,12.55,11431535.0,145361507.0,15:00:03,2026-07-30
sh600298,安琪酵母,41.19,1.14,2.846,41.18,41.2,40.05,40.2,42.26,39.84,29251243.0,1213094628.0,15:34:59,2026-07-30
sh600299,安迪苏,8.38,0.07,0.842,8.38,8.39,8.31,8.3,8.5,8.25,31556928.0,263931338.0,15:34:59,2026-07-30
sh600300,维维股份,3.21,0.04,1.262,3.2,3.21,3.17,3.16,3.23,3.15,32832300.0,105163306.0,15:34:59,2026-07-30
sh600301,华锡有色,39.76,-1.3,-3.166,39.75,39.76,41.06,41.5,41.91,38.75,9806193.0,394610159.0,15:34:59,2026-07-30
sh600302,ST标准,5.86,-0.36,-5.788,5.85,5.86,6.22,6.16,6.25,5.71,7101000.0,42546689.0,15:00:03,2026-07-30
sh600303,曙光股份,2.66,0.02,0.758,2.66,2.67,2.64,2.63,2.75,2.63,50243101.0,134987093.0,15:34:59,2026-07-30
sh600305,恒顺醋业,7.07,0.15,2.168,7.06,7.07,6.92,6.9,7.07,6.89,14044989.0,98705355.0,15:34:59,2026-07-30
sh600307,酒钢宏兴,1.48,0.02,1.37,1.47,1.48,1.46,1.46,1.54,1.45,66514900.0,99572625.0,15:34:59,2026-07-30
sh600308,华泰股份,3.23,0.03,0.937,3.22,3.23,3.2,3.2,3.24,3.18,9873160.0,31745112.0,15:00:01,2026-07-30
sh600309,万华化学,76.56,2.07,2.779,76.55,76.56,74.49,74.15,76.57,74.1,43719598.0,3314329353.0,15:34:59,2026-07-30
sh600310,广西能源,4.26,-0.16,-3.62,4.25,4.26,4.42,4.39,4.43,4.22,67910521.0,292721277.0,15:34:59,2026-07-30
sh600312,平高电气,19.56,-0.2,-1.012,19.56,19.57,19.76,19.58,20.28,19.55,38851528.0,774698156.0,15:34:59,2026-07-30
sh600313,农发种业,5.57,0.03,0.542,5.56,5.57,5.54,5.53,5.65,5.51,21384102.0,119296068.0,15:34:59,2026-07-30
sh600315,上海家化,18.64,0.42,2.305,18.64,18.65,18.22,18.29,18.88,18.21,8450529.0,157733224.0,15:34:59,2026-07-30
sh600316,洪都航空,24.69,0.11,0.448,24.69,24.7,24.58,24.54,25.3,24.32,8466544.0,210218673.0,15:34:59,2026-07-30
sh600318,新力金融,6.43,0.0,0.0,6.43,6.44,6.43,6.4,6.55,6.38,12040384.0,77971022.0,15:00:03,2026-07-30
sh600319,亚星化学,5.52,0.07,1.284,5.52,5.53,5.45,5.41,5.67,5.4,6466100.0,35945561.0,15:00:01,2026-07-30
sh600320,振华重工,4.31,0.04,0.937,4.31,4.32,4.27,4.26,4.37,4.26,44626181.0,192735072.0,15:34:59,2026-07-30
sh600322,津投城开,2.54,0.0,0.0,2.53,2.54,2.54,2.52,2.69,2.5,30984500.0,79629524.0,15:00:03,2026-07-30
sh600323,瀚蓝环境,31.58,0.38,1.218,31.52,31.58,31.2,31.21,31.85,30.9,6937111.0,217389868.0,15:00:03,2026-07-30
sh600325,华发股份,2.53,0.02,0.797,2.53,2.54,2.51,2.5,2.6,2.49,73019299.0,186598986.0,15:34:59,2026-07-30
sh600326,西藏天路,7.18,0.37,5.433,7.18,7.19,6.81,6.78,7.25,6.71,111762014.0,789755190.0,15:34:59,2026-07-30
sh600327,大东方,3.55,-0.05,-1.389,3.55,3.56,3.6,3.58,3.66,3.54,12337500.0,44434557.0,15:34:59,2026-07-30
sh600328,中盐化工,6.46,0.06,0.937,6.46,6.47,6.4,6.36,6.52,6.36,16290563.0,105069577.0,15:00:03,2026-07-30
sh600329,达仁堂,38.3,0.2,0.525,38.3,38.33,38.1,38.0,38.92,37.7,4169400.0,159723128.0,15:34:59,2026-07-30
sh600330,天通股份,16.39,-1.82,-9.995,0.0,16.39,18.21,18.03,18.38,16.39,95663476.0,1619838914.0,15:34:59,2026-07-30
sh600331,宏达股份,12.35,-0.22,-1.75,12.35,12.36,12.57,12.58,13.0,12.31,57281711.0,724374522.0,15:34:59,2026-07-30
sh600332,白云山,22.2,0.22,1.001,22.2,22.21,21.98,21.99,22.26,21.86,12557400.0,277444088.0,15:34:59,2026-07-30
sh600333,长春燃气,5.72,-0.04,-0.694,5.71,5.72,5.76,5.77,5.84,5.71,9962176.0,57479228.0,15:00:03,2026-07-30
sh600335,国机汽车,5.27,0.13,2.529,5.26,5.27,5.14,5.12,5.33,5.12,14592953.0,76689239.0,15:34:59,2026-07-30
sh600336,澳柯玛,6.06,0.09,1.508,6.06,6.08,5.97,5.95,6.18,5.91,8566000.0,52189943.0,15:00:03,2026-07-30
sh600337,ST美克,2.43,-0.2,-7.605,2.42,2.43,2.63,2.64,2.72,2.37,41463896.0,103406347.0,15:34:59,2026-07-30
sh600338,西藏珠峰,12.63,-0.19,-1.482,12.63,12.64,12.82,12.8,13.04,12.52,38417187.0,491631381.0,15:34:59,2026-07-30
sh600339,中油工程,3.38,0.03,0.896,3.38,3.39,3.35,3.39,3.44,3.33,67222533.0,227296436.0,15:34:59,2026-07-30
sh600340,*ST华幸,1.04,-0.01,-0.952,1.04,1.05,1.05,1.04,1.06,1.04,41457077.0,43451662.0,15:34:59,2026-07-30
sh600343,航天动力,16.83,-0.87,-4.915,16.82,16.83,17.7,17.53,17.71,16.71,24333080.0,416329063.0,15:34:59,2026-07-30
sh600345,长江通信,39.36,-1.8,-4.373,39.35,39.36,41.16,40.89,42.16,38.73,8754841.0,351904228.0,15:34:59,2026-07-30
sh600346,恒力石化,16.92,0.26,1.561,16.91,16.92,16.66,16.66,16.98,16.52,33306682.0,559852469.0,15:34:59,2026-07-30
sh600348,华阳股份,8.65,0.01,0.116,8.65,8.66,8.64,8.69,8.74,8.52,23202050.0,200480485.0,15:34:59,2026-07-30
sh600350,山东高速,10.89,-0.47,-4.137,10.89,10.9,11.36,11.38,11.46,10.88,20240686.0,224756868.0,15:34:59,2026-07-30
sh600351,亚宝药业,6.41,-0.11,-1.687,6.41,6.42,6.52,6.51,6.58,6.33,16237907.0,104728444.0,15:00:03,2026-07-30
sh600352,浙江龙盛,13.21,-0.34,-2.509,13.2,13.21,13.55,13.29,13.67,13.04,87149051.0,1160431506.0,15:34:59,2026-07-30
sh600353,旭光电子,21.56,-2.4,-10.017,0.0,21.56,23.96,24.2,24.28,21.56,39186973.0,875508630.0,15:34:59,2026-07-30
sh600354,敦煌种业,5.85,0.04,0.688,5.85,5.86,5.81,5.78,6.04,5.77,33216680.0,195507211.0,15:34:59,2026-07-30
sh600356,恒丰纸业,8.23,0.33,4.177,8.23,8.24,7.9,7.95,8.41,7.92,13421945.0,110219376.0,15:34:59,2026-07-30
sh600358,国旅联合,4.78,-0.06,-1.24,4.78,4.79,4.84,4.84,4.92,4.77,6951600.0,33590641.0,15:34:59,2026-07-30
sh600359,新农开发,5.8,-0.01,-0.172,5.8,5.81,5.81,5.81,5.95,5.77,6500860.0,38136834.0,15:00:03,2026-07-30
sh600360,华微电子,9.04,-0.78,-7.943,9.03,9.04,9.82,9.7,9.78,9.0,75019419.0,697598754.0,15:34:59,2026-07-30
sh600361,创新新材,3.75,0.01,0.267,3.75,3.76,3.74,3.74,3.8,3.73,50479600.0,190341890.0,15:34:59,2026-07-30
sh600362,江西铜业,42.14,-0.71,-1.657,42.13,42.14,42.85,43.06,43.63,41.7,40870733.0,1745398363.0,15:34:59,2026-07-30
sh600363,联创光电,25.72,-0.31,-1.191,25.71,25.72,26.03,25.84,26.49,25.53,13466899.0,349519844.0,15:34:59,2026-07-30
sh600365,ST通葡,2.67,0.0,0.0,2.67,2.68,2.67,2.64,2.73,2.63,1949500.0,5203351.0,15:00:03,2026-07-30
sh600366,宁波韵升,10.67,-0.25,-2.289,10.66,10.67,10.92,10.87,11.13,10.55,56053234.0,605024164.0,15:34:59,2026-07-30
sh600367,红星发展,26.95,-1.67,-5.835,26.95,26.96,28.62,28.62,29.38,25.93,27034916.0,735601503.0,15:34:59,2026-07-30
sh600368,五洲交通,3.87,0.02,0.519,3.86,3.87,3.85,3.85,3.9,3.85,13284477.0,51499663.0,15:34:59,2026-07-30
sh600369,西南证券,4.17,0.01,0.24,4.17,4.18,4.16,4.14,4.19,4.11,46595930.0,193785186.0,15:34:59,2026-07-30
sh600370,*ST三房,1.58,-0.06,-3.659,1.58,1.59,1.64,1.59,1.62,1.58,22978600.0,36638027.0,15:34:59,2026-07-30
sh600371,万向德农,6.63,0.09,1.376,6.63,6.64,6.54,6.58,6.69,6.49,4973988.0,32919628.0,15:34:59,2026-07-30
sh600372,中航机载,11.29,0.05,0.445,11.29,11.3,11.24,11.19,11.32,11.16,29642901.0,333652247.0,15:34:59,2026-07-30
sh600373,中文传媒,7.53,0.21,2.869,7.52,7.53,7.32,7.32,7.57,7.31,15046898.0,112749094.0,15:34:59,2026-07-30
sh600375,汉马科技,4.04,0.06,1.508,4.03,4.04,3.98,3.97,4.08,3.97,33045947.0,133799173.0,15:34:59,2026-07-30
sh600376,首开股份,3.69,0.0,0.0,3.69,3.7,3.69,3.64,3.77,3.64,92928662.0,343668511.0,15:34:59,2026-07-30
sh600377,宁沪高速,12.39,0.05,0.405,12.39,12.4,12.34,12.33,12.5,12.15,15760275.0,194865990.0,15:34:59,2026-07-30
sh600378,昊华科技,40.26,-2.9,-6.719,40.25,40.26,43.16,43.01,43.1,39.09,51650188.0,2110149349.0,15:34:59,2026-07-30
sh600379,宝光股份,10.56,-1.17,-9.974,0.0,10.56,11.73,11.56,11.73,10.56,20518100.0,224774565.0,15:34:59,2026-07-30
sh600380,健康元,10.24,0.04,0.392,10.24,10.25,10.2,10.2,10.35,10.07,15231786.0,155696708.0,15:34:59,2026-07-30
sh600381,*ST春天,3.41,0.03,0.888,3.41,3.42,3.38,3.4,3.51,3.34,8295802.0,28415099.0,15:00:01,2026-07-30
sh600382,广东明珠,6.32,0.04,0.637,6.32,6.33,6.28,6.3,6.82,6.3,28700154.0,187315678.0,15:00:03,2026-07-30
sh600383,金地集团,2.29,0.02,0.881,2.28,2.29,2.27,2.26,2.33,2.25,94432736.0,216673951.0,15:34:59,2026-07-30
sh600386,北巴传媒,3.2,0.01,0.313,3.2,3.21,3.19,3.17,3.27,3.17,9852772.0,31807483.0,15:00:03,2026-07-30
sh600388,龙净环保,18.02,0.23,1.293,18.01,18.02,17.79,17.78,18.23,17.59,13414040.0,241399138.0,15:34:59,2026-07-30
sh600389,江山股份,21.44,1.12,5.512,21.43,21.44,20.32,20.58,21.96,20.41,20468662.0,438541536.0,15:34:59,2026-07-30
sh600390,五矿资本,5.0,0.03,0.604,5.0,5.01,4.97,4.94,5.05,4.94,40250062.0,201305332.0,15:34:59,2026-07-30
sh600391,航发科技,27.48,-0.7,-2.484,27.48,27.49,28.18,27.98,28.45,27.39,7927300.0,220942115.0,15:34:59,2026-07-30
sh600392,盛和资源,20.08,-0.47,-2.287,20.08,20.09,20.55,20.22,20.69,19.71,58894087.0,1189139974.0,15:34:59,2026-07-30
sh600395,盘江股份,4.92,0.05,1.027,4.91,4.92,4.87,4.88,4.96,4.81,29611600.0,145016480.0,15:34:59,2026-07-30
sh600396,华电辽能,14.54,-1.62,-10.025,14.54,14.55,16.16,15.85,16.36,14.54,269390001.0,4110500901.0,15:34:59,2026-07-30
sh600397,江钨装备,12.34,-1.03,-7.704,12.34,12.35,13.37,13.4,13.72,12.12,75617484.0,965018933.0,15:34:59,2026-07-30
sh600398,海澜之家,6.29,0.13,2.11,6.28,6.29,6.16,6.15,6.3,6.14,43951660.0,274505488.0,15:34:59,2026-07-30
sh600399,抚顺特钢,4.17,0.04,0.969,4.17,4.18,4.13,4.12,4.24,4.11,37088600.0,155692283.0,15:34:59,2026-07-30
sh600400,红豆股份,2.68,-0.05,-1.832,2.68,2.69,2.73,2.69,2.78,2.6,59387380.0,159793659.0,15:34:59,2026-07-30
sh600403,大有能源,5.75,0.11,1.95,5.74,5.75,5.64,5.6,6.2,5.6,135949810.0,793427462.0,15:34:59,2026-07-30
sh600405,动力源,4.03,0.0,0.0,4.03,4.04,4.03,4.03,4.12,3.99,11330204.0,45987936.0,15:34:59,2026-07-30
sh600406,国电南瑞,24.32,0.39,1.63,24.3,24.32,23.93,23.88,24.36,23.8,75921057.0,1828389776.0,15:34:59,2026-07-30
sh600408,安泰集团,2.63,-0.05,-1.866,2.63,2.64,2.68,2.66,2.74,2.6,40004300.0,106703984.0,15:34:59,2026-07-30
sh600409,三友化工,6.59,-0.07,-1.051,6.59,6.6,6.66,6.78,6.78,6.56,30948465.0,205836405.0,15:34:59,2026-07-30
sh600410,华胜天成,12.89,-0.44,-3.301,12.89,12.9,13.33,13.28,13.85,12.87,61521901.0,816909902.0,15:34:59,2026-07-30
sh600415,小商品城,12.86,0.21,1.66,12.86,12.87,12.65,12.46,13.0,12.23,158466648.0,2019610020.0,15:34:59,2026-07-30
sh600416,湘电股份,9.14,0.06,0.661,9.13,9.14,9.08,9.05,9.31,9.02,16589537.0,152594815.0,15:34:59,2026-07-30
sh600418,江淮汽车,24.39,2.22,10.014,24.39,0.0,22.17,22.19,24.39,22.0,76768219.0,1807543036.0,15:34:59,2026-07-30
sh600419,天润乳业,8.65,-0.18,-2.039,8.65,8.66,8.83,8.88,9.18,8.5,30218707.0,268619457.0,15:34:59,2026-07-30
sh600420,国药现代,8.84,0.14,1.609,8.84,8.85,8.7,8.69,8.87,8.67,9364000.0,82242133.0,15:00:03,2026-07-30
sh600422,XD昆药集,9.09,0.03,0.331,9.08,9.09,9.06,9.08,9.24,8.96,11432477.0,104182324.0,15:34:59,2026-07-30
sh600423,*ST柳化,2.7,0.01,0.372,2.69,2.7,2.69,2.68,2.72,2.63,5662600.0,15165567.0,15:34:59,2026-07-30
sh600425,青松建化,3.44,0.01,0.292,3.44,3.45,3.43,3.43,3.49,3.41,14857272.0,51329377.0,15:00:03,2026-07-30
sh600426,华鲁恒升,21.94,0.35,1.621,21.93,21.94,21.59,21.6,22.37,21.6,43393383.0,956636495.0,15:00:01,2026-07-30
sh600428,XD中远海,10.98,0.06,0.549,10.97,10.98,10.92,11.01,11.5,10.84,67477762.0,749817568.0,15:34:59,2026-07-30
sh600429,三元股份,4.54,-0.15,-3.198,4.54,4.55,4.69,4.69,4.7,4.45,47587775.0,218188851.0,15:34:59,2026-07-30
sh600433,冠豪高新,3.27,-0.04,-1.208,3.27,3.28,3.31,3.29,3.36,3.24,34211912.0,112819772.0,15:34:59,2026-07-30
sh600435,北方导航,10.57,-0.02,-0.189,10.56,10.57,10.59,10.56,10.71,10.47,17102198.0,181270129.0,15:34:59,2026-07-30
sh600436,片仔癀,137.8,1.41,1.034,137.8,137.81,136.39,135.61,141.17,135.05,8843717.0,1229162144.0,15:34:59,2026-07-30
sh600438,通威股份,11.69,0.15,1.3,11.69,11.7,11.54,11.42,12.19,11.41,74891774.0,885226908.0,15:34:59,2026-07-30
sh600439,瑞贝卡,2.16,0.0,0.0,2.15,2.16,2.16,2.15,2.2,2.14,15113961.0,32773748.0,15:34:59,2026-07-30
sh600444,国机通用,12.72,0.07,0.553,12.7,12.72,12.65,12.68,12.94,12.55,2615750.0,33449583.0,15:00:01,2026-07-30
sh600446,金证股份,10.97,0.38,3.588,10.96,10.97,10.59,10.56,11.1,10.53,30627868.0,335532772.0,15:34:59,2026-07-30
sh600448,华纺股份,2.6,0.03,1.167,2.58,2.6,2.57,2.58,2.65,2.55,14998242.0,39024696.0,15:00:01,2026-07-30
sh600449,宁夏建材,11.89,-0.05,-0.419,11.89,11.91,11.94,12.14,12.54,11.79,6960711.0,84323098.0,15:00:03,2026-07-30
sh600452,涪陵电力,9.83,-0.05,-0.506,9.82,9.83,9.88,9.81,9.98,9.78,26007104.0,256359240.0,15:34:59,2026-07-30
sh600455,博通股份,21.57,0.18,0.842,21.54,21.57,21.39,21.39,21.86,21.15,2045700.0,44161894.0,15:00:03,2026-07-30
sh600456,宝钛股份,28.21,0.32,1.147,28.2,28.21,27.89,27.9,28.53,27.73,7613603.0,214805373.0,15:34:59,2026-07-30
sh600458,时代新材,11.13,-0.05,-0.447,11.13,11.14,11.18,11.14,11.28,10.91,19991466.0,222598448.0,15:34:59,2026-07-30
sh600459,贵研铂业,18.04,-0.08,-0.442,18.04,18.05,18.12,18.04,18.37,17.68,17819120.0,322081203.0,15:34:59,2026-07-30
sh600460,士兰微,27.77,-2.13,-7.124,27.76,27.77,29.9,29.51,29.8,27.42,96457436.0,2739513492.0,15:34:59,2026-07-30
sh600461,洪城环境,9.28,-0.03,-0.322,9.28,9.29,9.31,9.3,9.39,9.14,10920210.0,101192946.0,15:00:03,2026-07-30
sh600463,空港股份,7.52,-0.05,-0.661,7.52,7.53,7.57,7.5,7.83,7.48,3533500.0,26963212.0,15:00:03,2026-07-30
sh600467,好当家,2.17,0.0,0.0,2.17,2.18,2.17,2.17,2.21,2.16,26962702.0,59018905.0,15:34:59,2026-07-30
sh600468,百利电气,5.62,-0.13,-2.261,5.62,5.63,5.75,5.65,5.75,5.61,28380610.0,161190383.0,15:34:59,2026-07-30
sh600469,风神股份,5.23,0.0,0.0,5.23,5.24,5.23,5.18,5.32,5.18,6972200.0,36661271.0,15:00:03,2026-07-30
sh600470,六国化工,5.4,-0.11,-1.996,5.4,5.41,5.51,5.45,5.64,5.4,27344651.0,150968860.0,15:34:59,2026-07-30
sh600475,华光环能,14.88,1.35,9.978,14.88,0.0,13.53,13.55,14.88,13.53,23468618.0,338659827.0,15:34:59,2026-07-30
sh600476,*ST湘邮,8.4,-0.07,-0.826,8.38,8.4,8.47,8.45,8.58,8.23,1142000.0,9598017.0,15:00:03,2026-07-30
sh600477,杭萧钢构,2.37,-0.01,-0.42,2.37,2.38,2.38,2.37,2.43,2.36,35703933.0,85549116.0,15:00:01,2026-07-30
sh600478,科力远,5.08,0.05,0.994,5.07,5.08,5.03,5.01,5.14,4.99,30373217.0,154268557.0,15:34:59,2026-07-30
sh600479,千金药业,9.68,0.05,0.519,9.68,9.69,9.63,9.6,9.75,9.56,5275150.0,51030740.0,15:00:03,2026-07-30
sh600480,凌云股份,8.78,0.13,1.503,8.77,8.78,8.65,8.59,8.88,8.56,17781690.0,155783333.0,15:34:59,2026-07-30
sh600481,双良节能,4.0,0.0,0.0,4.0,4.01,4.0,3.98,4.1,3.95,47779888.0,192799482.0,15:34:59,2026-07-30
sh600482,中国动力,27.18,-1.35,-4.732,27.17,27.18,28.53,28.46,28.46,26.74,24758198.0,676789842.0,15:34:59,2026-07-30
sh600483,福能股份,10.96,-0.12,-1.083,10.95,10.96,11.08,11.05,11.15,10.82,11915853.0,130780629.0,15:34:59,2026-07-30
sh600486,扬农化工,58.26,2.14,3.813,58.26,58.27,56.12,56.5,59.59,56.17,6934435.0,404763545.0,15:34:59,2026-07-30
sh600487,亨通光电,47.2,-2.55,-5.126,47.19,47.2,49.75,49.7,50.5,45.6,176301508.0,8468141359.0,15:34:59,2026-07-30
sh600488,津药药业,5.0,-0.24,-4.58,5.0,5.01,5.24,5.24,5.39,4.98,104497400.0,539642834.0,15:34:59,2026-07-30
sh600489,中金黄金,21.9,0.16,0.736,21.9,21.91,21.74,22.1,22.8,21.75,94572804.0,2105066321.0,15:34:59,2026-07-30
sh600490,鹏欣资源,6.46,-0.05,-0.768,6.46,6.48,6.51,6.59,6.74,6.46,49735900.0,328491472.0,15:34:59,2026-07-30
sh600491,ST龙元,1.24,0.0,0.0,1.23,1.24,1.24,1.24,1.28,1.23,63380520.0,79100411.0,15:34:59,2026-07-30
sh600493,凤竹纺织,5.38,-0.09,-1.645,5.38,5.39,5.47,5.43,5.55,5.31,6217050.0,33794598.0,15:00:03,2026-07-30
sh600495,晋西车轴,3.85,-0.03,-0.773,3.84,3.85,3.88,3.87,3.92,3.83,7765380.0,30052495.0,15:34:59,2026-07-30
sh600496,精工钢构,3.3,-0.01,-0.302,3.3,3.31,3.31,3.3,3.37,3.29,27347858.0,91021878.0,15:34:59,2026-07-30
sh600497,驰宏锌锗,8.92,-0.16,-1.762,8.91,8.92,9.08,9.02,9.17,8.81,99980082.0,897575486.0,15:34:59,2026-07-30
sh600498,烽火通信,32.05,-2.51,-7.263,32.05,32.06,34.56,34.01,34.84,31.36,70236226.0,2300395983.0,15:34:59,2026-07-30
sh600499,科达制造,16.79,0.14,0.841,16.79,16.8,16.65,16.65,17.1,16.48,43350107.0,727454741.0,15:34:59,2026-07-30
sh600500,中化国际,4.49,-0.2,-4.264,4.49,4.5,4.69,4.62,4.72,4.48,85323050.0,390875630.0,15:34:59,2026-07-30
sh600501,航天晨光,13.6,-0.23,-1.663,13.59,13.6,13.83,13.81,14.0,13.55,6651100.0,91655491.0,15:00:03,2026-07-30
sh600502,安徽建工,4.76,0.01,0.211,4.76,4.77,4.75,4.74,4.81,4.71,26645358.0,126982205.0,15:34:59,2026-07-30
sh600503,华丽家族,2.02,-0.02,-0.98,2.02,2.03,2.04,2.04,2.09,2.0,28730378.0,58650106.0,15:00:01,2026-07-30
sh600505,西昌电力,10.9,-0.2,-1.802,10.9,10.91,11.1,11.06,11.18,10.85,8706253.0,95812752.0,15:34:59,2026-07-30
sh600506,统一股份,13.74,-0.2,-1.435,13.73,13.74,13.94,14.02,14.25,13.65,5156310.0,71987487.0,15:34:59,2026-07-30
sh600507,方大特钢,4.54,-0.02,-0.439,4.53,4.54,4.56,4.54,4.65,4.47,37717380.0,171491653.0,15:34:59,2026-07-30
sh600508,上海能源,8.67,0.09,1.049,8.66,8.67,8.58,8.58,8.74,8.51,8088235.0,69887608.0,15:00:01,2026-07-30
sh600509,天富能源,7.54,-0.12,-1.567,7.53,7.54,7.66,7.55,7.66,7.43,27237171.0,205424759.0,15:34:59,2026-07-30
sh600510,黑牡丹,6.25,-0.03,-0.478,6.24,6.25,6.28,6.25,6.42,6.15,7609600.0,47814220.0,15:00:01,2026-07-30
sh600511,国药股份,28.12,0.37,1.333,28.11,28.12,27.75,27.76,28.22,27.65,6228397.0,174368959.0,15:34:59,2026-07-30
sh600512,腾达建设,2.0,0.0,0.0,1.99,2.0,2.0,1.98,2.02,1.98,25907790.0,51800821.0,15:34:59,2026-07-30
sh600513,联环药业,16.76,1.52,9.974,16.76,0.0,15.24,15.18,16.76,15.03,32039176.0,525693641.0,15:34:59,2026-07-30
sh600515,海南机场,2.92,0.04,1.389,2.91,2.92,2.88,2.87,2.96,2.86,123073164.0,360522814.0,15:34:59,2026-07-30
sh600516,方大炭素,5.16,0.01,0.194,5.15,5.16,5.15,5.14,5.2,5.1,37415208.0,192691215.0,15:34:59,2026-07-30
sh600517,国网英大,5.12,0.07,1.386,5.11,5.12,5.05,5.03,5.14,5.03,27438338.0,140055288.0,15:34:59,2026-07-30
sh600518,康美药业,1.35,0.0,0.0,1.35,1.36,1.35,1.34,1.37,1.34,142266573.0,192734492.0,15:34:59,2026-07-30
sh600519,贵州茅台,1361.76,40.76,3.086,1360.13,1361.76,1321.0,1323.0,1362.0,1322.0,7187261.0,9712135434.0,15:34:59,2026-07-30
sh600520,三佳科技,20.52,-1.68,-7.568,20.52,20.53,22.2,21.99,22.22,20.35,15715398.0,329967801.0,15:34:59,2026-07-30
sh600521,华海药业,16.32,0.05,0.307,16.31,16.32,16.27,16.3,16.81,16.15,36954944.0,608378676.0,15:34:59,2026-07-30
sh600522,中天科技,27.7,-1.64,-5.59,27.69,27.7,29.34,29.18,29.63,27.02,219671160.0,6194856280.0,15:34:59,2026-07-30
sh600523,贵航股份,11.06,-0.1,-0.896,11.06,11.07,11.16,11.18,11.32,10.97,3855180.0,42932539.0,15:00:00,2026-07-30
sh600525,ST长园,4.73,-0.04,-0.839,4.73,4.74,4.77,4.75,4.84,4.73,6300800.0,30110072.0,15:00:03,2026-07-30
sh600526,菲达环保,4.35,0.02,0.462,4.35,4.36,4.33,4.32,4.4,4.31,7112500.0,30988718.0,15:00:03,2026-07-30
sh600527,江南高纤,2.12,-0.02,-0.935,2.11,2.12,2.14,2.12,2.17,2.1,46003600.0,98193895.0,15:34:59,2026-07-30
sh600528,中铁工业,7.31,0.07,0.967,7.31,7.32,7.24,7.22,7.34,7.21,14427201.0,104944981.0,15:34:59,2026-07-30
sh600529,山东药玻,20.02,0.35,1.779,20.01,20.02,19.67,19.6,20.04,19.6,15485532.0,307794792.0,15:34:59,2026-07-30
sh600530,交大昂立,4.99,0.07,1.423,4.99,5.0,4.92,4.89,5.12,4.88,12020153.0,60416785.0,15:00:03,2026-07-30
sh600531,豫光金铅,11.44,-0.17,-1.464,11.44,11.45,11.61,11.66,11.79,11.33,37190289.0,430399651.0,15:34:59,2026-07-30
sh600533,栖霞建设,1.98,-0.01,-0.503,1.98,1.99,1.99,1.98,2.04,1.96,12222200.0,24514851.0,15:34:59,2026-07-30
sh600535,天士力,15.88,-0.07,-0.439,15.88,15.89,15.95,15.91,16.09,15.7,17778996.0,282308539.0,15:00:00,2026-07-30
sh600536,中国软件,31.26,-0.61,-1.914,31.26,31.27,31.87,31.74,32.79,31.2,23105191.0,738928511.0,15:34:59,2026-07-30
sh600537,*ST亿晶,2.15,-0.09,-4.018,2.15,2.16,2.24,2.24,2.27,2.15,15492100.0,34216823.0,15:34:59,2026-07-30
sh600538,国发股份,4.49,-0.19,-4.06,4.47,4.49,4.68,4.68,4.74,4.49,11109000.0,51480033.0,15:34:59,2026-07-30
sh600539,狮头股份,14.76,0.36,2.5,14.76,14.77,14.4,13.68,15.36,12.96,37036903.0,510098589.0,15:34:59,2026-07-30
sh600540,新赛股份,3.42,-0.04,-1.156,3.42,3.43,3.46,3.47,3.52,3.39,19114500.0,66006340.0,15:34:59,2026-07-30
sh600543,*ST莫高,3.65,-0.03,-0.815,3.64,3.65,3.68,3.69,3.76,3.63,2474400.0,9166433.0,15:00:01,2026-07-30
sh600545,卓郎智能,3.62,-0.22,-5.729,3.62,3.63,3.84,3.81,3.88,3.58,78239363.0,290455621.0,15:34:59,2026-07-30
sh600546,山煤国际,12.47,-0.02,-0.16,12.46,12.47,12.49,12.55,12.75,12.34,19701235.0,246270009.0,15:00:03,2026-07-30
sh600547,山东黄金,27.69,0.36,1.317,27.68,27.69,27.33,27.85,28.6,27.56,80047105.0,2245625126.0,15:34:59,2026-07-30
sh600548,深高速,8.72,0.13,1.513,8.7,8.72,8.59,8.59,8.72,8.53,3995263.0,34521485.0,15:34:59,2026-07-30
sh600549,厦门钨业,45.0,-2.37,-5.003,45.0,45.02,47.37,47.35,48.12,44.25,51258710.0,2352144620.0,15:34:59,2026-07-30
sh600550,保变电气,11.61,-0.24,-2.025,11.61,11.62,11.85,11.6,11.96,11.55,52542346.0,614246518.0,15:34:59,2026-07-30
sh600551,时代出版,6.9,0.1,1.471,6.9,6.91,6.8,6.79,7.01,6.77,7309320.0,50482047.0,15:34:59,2026-07-30
sh600552,凯盛科技,14.81,-0.86,-5.488,14.81,14.82,15.67,15.68,15.87,14.61,71557326.0,1079177712.0,15:34:59,2026-07-30
sh600556,天下秀,4.45,-0.01,-0.224,4.45,4.46,4.46,4.43,4.62,4.42,45516445.0,205524249.0,15:34:59,2026-07-30
sh600557,康缘药业,12.7,-0.06,-0.47,12.69,12.7,12.76,12.74,12.89,12.46,7711229.0,97894314.0,15:34:59,2026-07-30
sh600558,大西洋,4.68,-0.01,-0.213,4.68,4.69,4.69,4.66,4.76,4.64,13657540.0,64241657.0,15:00:03,2026-07-30
sh600559,老白干酒,12.51,0.51,4.25,12.5,12.51,12.0,11.96,12.7,11.92,33752184.0,421480071.0,15:34:59,2026-07-30
sh600560,金自天正,10.52,-0.04,-0.379,10.5,10.52,10.56,10.5,10.76,10.41,2567600.0,27189032.0,15:00:03,2026-07-30
sh600561,江西长运,5.13,0.03,0.588,5.12,5.13,5.1,5.11,5.23,5.02,5348600.0,27468759.0,15:00:03,2026-07-30
sh600562,国睿科技,24.33,-0.51,-2.053,24.33,24.37,24.84,24.85,25.13,24.28,9697848.0,238164379.0,15:34:59,2026-07-30
sh600563,法拉电子,133.6,-2.1,-1.548,133.59,133.6,135.7,135.7,136.56,129.89,4954404.0,659608580.0,15:34:59,2026-07-30
sh600566,济川药业,26.93,0.01,0.037,26.93,26.95,26.92,26.87,27.19,26.61,5892410.0,158389259.0,15:34:59,2026-07-30
sh600567,山鹰国际,1.33,0.0,0.0,1.33,1.34,1.33,1.33,1.35,1.33,68010862.0,91024899.0,15:34:59,2026-07-30
sh600568,ST中珠,2.3,0.02,0.877,2.29,2.3,2.28,2.3,2.39,2.27,7996992.0,18589742.0,15:00:03,2026-07-30
sh600569,安阳钢铁,1.84,0.08,4.545,1.83,1.84,1.76,1.77,1.94,1.76,58582874.0,109493090.0,15:34:59,2026-07-30
sh600570,恒生电子,22.25,0.38,1.738,22.24,22.25,21.87,21.58,22.59,21.55,50882648.0,1131678177.0,15:34:59,2026-07-30
sh600571,信雅达,10.15,0.07,0.694,10.15,10.16,10.08,10.05,10.47,10.01,14483458.0,149381706.0,15:34:59,2026-07-30
sh600572,康恩贝,4.32,-0.02,-0.461,4.32,4.33,4.34,4.32,4.37,4.28,43423765.0,187755819.0,15:34:59,2026-07-30
sh600573,惠泉啤酒,9.7,0.03,0.31,9.69,9.7,9.67,9.63,9.95,9.6,12277771.0,120088626.0,15:34:59,2026-07-30
sh600575,淮河能源,3.56,0.13,3.79,3.56,3.57,3.43,3.43,3.59,3.42,88990890.0,310887081.0,15:34:59,2026-07-30
sh600576,祥源文旅,5.45,-0.09,-1.625,5.45,5.46,5.54,5.51,5.64,5.4,10294260.0,56846084.0,15:00:03,2026-07-30
sh600577,精达股份,7.61,0.07,0.928,7.6,7.61,7.54,7.47,7.75,7.43,79178296.0,603140615.0,15:34:59,2026-07-30
sh600578,京能电力,5.77,-0.18,-3.025,5.77,5.78,5.95,6.01,6.18,5.71,226003882.0,1343586861.0,15:34:59,2026-07-30
sh600579,中化装备,7.04,-0.16,-2.222,7.04,7.05,7.2,7.2,7.22,7.03,6312600.0,44862159.0,15:34:59,2026-07-30
sh600580,卧龙电驱,28.81,-0.82,-2.767,28.8,28.81,29.63,29.24,29.54,28.61,30632113.0,889170188.0,15:34:59,2026-07-30
sh600581,*ST八钢,2.32,0.03,1.31,2.31,2.32,2.29,2.29,2.33,2.28,7918500.0,18299966.0,15:00:03,2026-07-30
sh600582,天地科技,4.95,0.03,0.61,4.94,4.95,4.92,4.89,4.97,4.88,19129300.0,94368254.0,15:34:59,2026-07-30
sh600583,海油工程,5.66,0.11,1.982,5.66,5.67,5.55,5.63,5.69,5.5,40634000.0,228933462.0,15:34:59,2026-07-30
sh600584,长电科技,64.51,-7.17,-10.003,0.0,64.51,71.68,70.0,71.33,64.51,159793915.0,10647381356.0,15:34:59,2026-07-30
sh600585,海螺水泥,18.64,0.3,1.636,18.63,18.64,18.34,18.35,18.67,18.3,32595310.0,604101403.0,15:34:59,2026-07-30
sh600586,金晶科技,4.21,0.1,2.433,4.2,4.21,4.11,4.13,4.23,4.1,23523460.0,98543507.0,15:34:59,2026-07-30
sh600587,新华医疗,13.0,0.11,0.853,12.99,13.0,12.89,12.87,13.08,12.78,6820998.0,88365345.0,15:34:59,2026-07-30
sh600588,用友网络,10.07,0.34,3.494,10.07,10.08,9.73,9.76,10.36,9.72,90983883.0,923638992.0,15:34:59,2026-07-30
sh600589,大位科技,6.86,-0.26,-3.652,6.86,6.87,7.12,7.11,7.17,6.86,54116500.0,377846054.0,15:34:59,2026-07-30
sh600590,泰豪科技,7.83,-0.21,-2.612,7.82,7.83,8.04,7.95,8.06,7.77,24999004.0,197084086.0,15:34:59,2026-07-30
sh600592,龙溪股份,13.21,-0.23,-1.711,13.21,13.22,13.44,13.31,13.66,13.18,7140210.0,95613104.0,15:00:01,2026-07-30
sh600593,大连圣亚,36.86,-0.63,-1.68,36.85,36.86,37.49,37.49,38.26,36.81,5143546.0,193532763.0,15:34:59,2026-07-30
sh600594,益佰制药,3.51,-0.1,-2.77,3.51,3.52,3.61,3.59,3.68,3.5,40269163.0,144239563.0,15:34:59,2026-07-30
sh600595,中孚实业,6.63,0.11,1.687,6.63,6.64,6.52,6.6,6.88,6.58,108401698.0,727495035.0,15:34:59,2026-07-30
sh600596,新安股份,10.3,0.05,0.488,10.29,10.3,10.25,10.1,10.58,10.08,48434853.0,500444036.0,15:34:59,2026-07-30
sh600597,光明乳业,7.1,0.1,1.429,7.09,7.1,7.0,6.97,7.13,6.91,17299815.0,122267753.0,15:34:59,2026-07-30
sh600598,北大荒,12.41,0.21,1.721,12.41,12.42,12.2,12.19,12.68,12.16,23371991.0,291411163.0,15:34:59,2026-07-30
sh600600,青岛啤酒,57.45,1.89,3.402,57.44,57.45,55.56,55.72,57.75,55.47,14620165.0,835140227.0,15:34:59,2026-07-30
sh600601,方正科技,8.68,-0.91,-9.489,8.68,8.69,9.59,9.41,9.53,8.68,214013668.0,1923506853.0,15:34:59,2026-07-30
sh600602,云赛智联,16.02,-0.92,-5.431,16.02,16.03,16.94,16.82,17.19,16.01,42118036.0,698553398.0,15:34:59,2026-07-30
sh600603,广汇物流,4.44,-0.02,-0.448,4.44,4.45,4.46,4.46,4.54,4.35,11215288.0,49875045.0,15:34:59,2026-07-30
sh600604,市北高新,4.25,-0.02,-0.468,4.25,4.26,4.27,4.23,4.33,4.23,11473201.0,49167123.0,15:00:03,2026-07-30
sh600605,汇通能源,21.81,-2.23,-9.276,21.8,21.81,24.04,24.07,24.53,21.64,6600800.0,150583259.0,15:34:59,2026-07-30
sh600606,绿地控股,1.28,-0.01,-0.775,1.28,1.29,1.29,1.28,1.32,1.27,128772615.0,166930997.0,15:34:59,2026-07-30
sh600609,金杯汽车,3.28,0.01,0.306,3.28,3.29,3.27,3.25,3.33,3.25,16098800.0,53077552.0,15:34:59,2026-07-30
sh600610,中毅达,6.82,0.06,0.888,6.82,6.83,6.76,6.73,6.94,6.68,20424299.0,140048759.0,15:34:59,2026-07-30
sh600611,大众交通,4.05,0.02,0.496,4.04,4.05,4.03,4.04,4.14,4.01,57743782.0,235096520.0,15:34:59,2026-07-30
sh600612,老凤祥,36.71,1.17,3.292,36.7,36.71,35.54,35.55,36.89,35.55,3297218.0,120523624.0,15:34:59,2026-07-30
sh600613,神奇制药,4.86,-0.02,-0.41,4.86,4.87,4.88,4.86,4.97,4.8,7721700.0,37698227.0,15:34:59,2026-07-30
sh600615,鑫源智造,8.52,-0.08,-0.93,8.52,8.53,8.6,8.66,8.85,8.45,2206700.0,19087694.0,15:00:03,2026-07-30
sh600616,金枫酒业,4.11,0.07,1.733,4.1,4.11,4.04,4.03,4.18,4.02,10571150.0,43552325.0,15:34:59,2026-07-30
sh600617,国新能源,3.23,-0.19,-5.556,3.23,3.24,3.42,3.32,3.51,3.21,175222600.0,587311792.0,15:34:59,2026-07-30
sh600618,氯碱化工,10.55,0.19,1.834,10.54,10.55,10.36,10.4,10.61,10.27,11748394.0,123440602.0,15:34:59,2026-07-30
sh600619,海立股份,14.24,0.82,6.11,14.23,14.24,13.42,12.8,14.75,12.8,57959194.0,808512498.0,15:34:59,2026-07-30
sh600620,天宸股份,4.01,-0.04,-0.988,4.01,4.02,4.05,4.08,4.16,3.98,6220202.0,25355151.0,15:34:59,2026-07-30
sh600621,华鑫股份,13.32,0.12,0.909,13.31,13.32,13.2,13.15,13.42,13.12,11249000.0,150015038.0,15:00:00,2026-07-30
sh600622,光大嘉宝,2.08,0.0,0.0,2.07,2.08,2.08,2.07,2.13,2.06,29426779.0,61674173.0,15:34:59,2026-07-30
sh600623,华谊集团,8.19,0.08,0.986,8.19,8.2,8.11,8.12,8.26,8.1,14599601.0,119539120.0,15:00:03,2026-07-30
sh600624,ST复华,3.51,-0.08,-2.228,3.5,3.51,3.59,3.59,3.62,3.48,3653191.0,12956395.0,15:34:59,2026-07-30
sh600626,申达股份,3.44,0.03,0.88,3.44,3.45,3.41,3.42,3.49,3.39,12538000.0,43233516.0,15:00:01,2026-07-30
sh600628,新世界,6.05,0.04,0.666,6.05,6.06,6.01,6.0,6.14,5.98,8001073.0,48648418.0,15:00:03,2026-07-30
sh600629,华建集团,13.94,1.27,10.024,13.94,0.0,12.67,12.48,13.94,12.48,38960038.0,525348734.0,15:34:59,2026-07-30
sh600630,龙头股份,6.34,-0.04,-0.627,6.34,6.35,6.38,6.32,6.44,6.27,12959836.0,82486758.0,15:34:59,2026-07-30
sh600633,浙数文化,10.48,-0.06,-0.569,10.47,10.48,10.54,10.46,10.75,10.41,24763510.0,262096203.0,15:34:59,2026-07-30
sh600635,大众公用,4.58,0.02,0.439,4.57,4.58,4.56,4.56,4.66,4.52,40279173.0,184765699.0,15:34:59,2026-07-30
sh600637,东方明珠,8.01,0.02,0.25,8.01,8.02,7.99,7.9,8.17,7.9,50889310.0,410500244.0,15:34:59,2026-07-30
sh600638,新黄浦,4.9,0.02,0.41,4.9,4.91,4.88,4.82,5.14,4.82,21504300.0,106031942.0,15:00:01,2026-07-30
sh600639,浦东金桥,9.65,0.23,2.442,9.65,9.66,9.42,9.43,9.7,9.37,8130310.0,77989502.0,15:34:59,2026-07-30
sh600640,国脉文化,10.61,0.11,1.048,10.6,10.61,10.5,10.5,10.82,10.42,7786644.0,82995381.0,15:34:59,2026-07-30
sh600641,先导基电,24.8,-2.75,-9.982,0.0,24.8,27.55,27.5,27.65,24.8,59215879.0,1519221502.0,15:34:59,2026-07-30
sh600642,申能股份,8.55,-0.09,-1.042,8.55,8.56,8.64,8.59,8.7,8.42,28629706.0,244561247.0,15:34:59,2026-07-30
sh600643,爱建集团,4.03,0.07,1.768,4.02,4.03,3.96,3.93,4.05,3.93,18571491.0,74566399.0,15:34:59,2026-07-30
sh600644,乐山电力,9.1,-0.62,-6.379,9.1,9.11,9.72,9.66,9.77,9.04,53903967.0,504979314.0,15:34:59,2026-07-30
sh600645,中源协和,18.58,-0.1,-0.535,18.58,18.59,18.68,18.6,19.13,18.39,7992773.0,149483136.0,15:34:59,2026-07-30
sh600648,外高桥,9.0,0.39,4.53,9.0,9.01,8.61,8.6,9.13,8.59,7441458.0,66272693.0,15:34:59,2026-07-30
sh600649,城投控股,3.73,0.04,1.084,3.73,3.74,3.69,3.67,3.77,3.67,24433721.0,91010497.0,15:34:59,2026-07-30
sh600650,锦江在线,10.35,0.2,1.97,10.34,10.35,10.15,10.13,10.42,10.07,4750923.0,49089890.0,15:34:59,2026-07-30
sh600651,飞乐音响,5.37,-0.01,-0.186,5.37,5.38,5.38,5.32,5.48,5.32,19020385.0,102835398.0,15:34:59,2026-07-30
sh600653,申华控股,1.65,-0.02,-1.198,1.65,1.66,1.67,1.66,1.69,1.65,20536497.0,34271540.0,15:00:03,2026-07-30
sh600654,中安科,2.81,-0.09,-3.103,2.8,2.81,2.9,2.87,2.98,2.8,93964737.0,270584883.0,15:34:59,2026-07-30
sh600655,豫园股份,4.64,0.09,1.978,4.64,4.65,4.55,4.53,4.66,4.53,17696081.0,81730389.0,15:34:59,2026-07-30
sh600657,信达地产,2.57,0.03,1.181,2.56,2.57,2.54,2.53,2.6,2.51,17674900.0,45448812.0,15:00:00,2026-07-30
sh600658,电子城,3.84,-0.04,-1.031,3.84,3.85,3.88,3.82,3.98,3.81,12461800.0,48393082.0,15:00:03,2026-07-30
sh600660,福耀玻璃,59.8,0.7,1.184,59.79,59.8,59.1,59.0,60.0,58.7,18461326.0,1098631715.0,15:34:59,2026-07-30
sh600661,昂立教育,8.44,0.29,3.558,8.44,8.45,8.15,8.09,8.75,8.01,18597612.0,157026952.0,15:34:59,2026-07-30
sh600662,外服控股,4.5,0.08,1.81,4.5,4.51,4.42,4.42,4.53,4.4,17504327.0,78635080.0,15:34:59,2026-07-30
sh600663,陆家嘴,8.28,0.75,9.96,8.28,0.0,7.53,7.52,8.28,7.5,53222896.0,427785195.0,15:34:59,2026-07-30
sh600664,哈药股份,5.56,0.2,3.731,5.55,5.56,5.36,5.36,5.69,5.2,401525162.0,2213505593.0,15:34:59,2026-07-30
sh600665,天地源,2.82,-0.02,-0.704,2.81,2.82,2.84,2.85,2.94,2.8,12532860.0,35884975.0,15:00:03,2026-07-30
sh600666,奥瑞德,3.16,-0.12,-3.659,3.16,3.17,3.28,3.26,3.33,3.16,103910480.0,335062068.0,15:34:59,2026-07-30
sh600667,太极实业,15.66,-1.74,-10.0,0.0,15.66,17.4,16.85,17.37,15.66,323765542.0,5245313862.0,15:34:59,2026-07-30
sh600668,尖峰集团,7.23,0.0,0.0,7.22,7.23,7.23,7.19,7.34,7.19,4603710.0,33467570.0,15:34:59,2026-07-30
sh600671,天目药业,19.78,-0.88,-4.259,19.76,19.78,20.66,20.56,20.85,19.51,3658409.0,73724900.0,15:00:03,2026-07-30
sh600673,东阳光,25.78,-2.24,-7.994,25.78,25.79,28.02,28.0,28.08,25.61,43333311.0,1151321423.0,15:34:59,2026-07-30
sh600674,川投能源,16.29,0.08,0.494,16.28,16.29,16.21,16.23,16.42,16.2,28288161.0,461041858.0,15:34:59,2026-07-30
sh600675,中华企业,2.26,0.04,1.802,2.26,2.27,2.22,2.22,2.27,2.21,31819113.0,71474663.0,15:34:59,2026-07-30
sh600676,久事动娱,6.65,-0.09,-1.335,6.65,6.66,6.74,6.7,6.86,6.65,12275090.0,82717782.0,15:34:59,2026-07-30
sh600678,ST金顶,5.18,-0.24,-4.428,5.18,5.19,5.42,5.35,5.41,5.17,10639600.0,56247054.0,15:34:59,2026-07-30
sh600679,上海凤凰,9.37,0.03,0.321,9.36,9.37,9.34,9.58,9.58,9.33,3706300.0,35097342.0,15:00:01,2026-07-30
sh600681,百川能源,3.42,-0.02,-0.581,3.42,3.43,3.44,3.43,3.49,3.4,19414580.0,66848697.0,15:00:01,2026-07-30
sh600682,南京新百,5.55,0.01,0.181,5.54,5.55,5.54,5.51,5.64,5.47,12402000.0,68869685.0,15:00:03,2026-07-30
sh600683,京投发展,7.47,-0.38,-4.841,7.47,7.48,7.85,7.85,7.93,7.34,17441800.0,132647514.0,15:34:59,2026-07-30
sh600684,珠江股份,3.39,-0.05,-1.453,3.39,3.4,3.44,3.42,3.49,3.38,16142040.0,55510990.0,15:00:03,2026-07-30
sh600685,中船防务,26.28,-0.16,-0.605,26.28,26.29,26.44,26.26,26.7,26.05,12131694.0,320163755.0,15:34:59,2026-07-30
sh600686,金龙汽车,12.3,0.64,5.489,12.29,12.3,11.66,11.65,12.53,11.46,44975682.0,549773129.0,15:34:59,2026-07-30
sh600688,上海石化,2.83,0.01,0.355,2.82,2.83,2.82,2.81,2.88,2.79,74202802.0,210233709.0,15:34:59,2026-07-30
sh600689,上海三毛,9.73,0.03,0.309,9.73,9.74,9.7,9.7,9.9,9.51,3167424.0,30839632.0,15:00:01,2026-07-30
sh600690,海尔智家,23.27,0.29,1.262,23.26,23.27,22.98,23.0,23.49,22.9,54642138.0,1265926267.0,15:34:59,2026-07-30
sh600691,潞化科技,2.4,-0.02,-0.826,2.4,2.41,2.42,2.41,2.48,2.39,34326700.0,83537215.0,15:34:59,2026-07-30
sh600692,亚通股份,5.7,0.08,1.423,5.69,5.7,5.62,5.6,5.78,5.59,7328003.0,41784771.0,15:00:03,2026-07-30
sh600693,东百集团,9.19,-0.28,-2.957,9.19,9.2,9.47,9.28,10.38,9.18,183167882.0,1779082435.0,15:34:59,2026-07-30
sh600694,大商股份,14.67,0.14,0.964,14.64,14.67,14.53,14.46,14.77,14.46,4697423.0,68840804.0,15:34:59,2026-07-30
sh600697,欧亚集团,10.01,0.08,0.806,10.01,10.02,9.93,9.96,10.22,9.9,3921750.0,39595580.0,15:00:03,2026-07-30
sh600698,湖南天雁,6.51,-0.03,-0.459,6.51,6.52,6.54,6.52,6.94,6.44,51801463.0,344018480.0,15:34:59,2026-07-30
sh600699,均胜电子,20.02,-0.29,-1.428,20.02,20.03,20.31,20.14,20.67,19.91,26746828.0,542285981.0,15:34:59,2026-07-30
sh600702,舍得酒业,37.49,3.41,10.006,37.49,0.0,34.08,33.9,37.49,33.9,14192917.0,522266237.0,15:34:59,2026-07-30
sh600703,三安光电,11.81,-0.44,-3.592,11.81,11.82,12.25,12.07,12.22,11.71,132469130.0,1582956077.0,15:34:59,2026-07-30
sh600704,物产中大,5.02,0.05,1.006,5.02,5.03,4.97,4.95,5.04,4.95,50042512.0,250243393.0,15:34:59,2026-07-30
sh600706,曲江文旅,7.4,0.15,2.069,7.4,7.41,7.25,7.25,7.73,7.2,15062600.0,113749833.0,15:34:59,2026-07-30
sh600707,彩虹股份,7.73,-0.56,-6.755,7.72,7.73,8.29,8.25,8.35,7.65,105553427.0,835798623.0,15:34:59,2026-07-30
sh600708,光明地产,2.97,-0.09,-2.941,2.97,2.98,3.06,3.07,3.11,2.92,20448544.0,61513268.0,15:00:03,2026-07-30
sh600710,苏美达,11.19,0.11,0.993,11.18,11.19,11.08,11.0,11.32,10.95,11312657.0,125738105.0,15:34:59,2026-07-30
sh600711,盛屯矿业,10.13,-0.61,-5.68,10.12,10.13,10.74,10.7,10.85,10.01,121786070.0,1264279290.0,15:34:59,2026-07-30
sh600712,南宁百货,5.25,0.48,10.063,5.25,0.0,4.77,4.73,5.25,4.72,20040800.0,103381080.0,15:34:59,2026-07-30
sh600713,南京医药,5.04,-0.01,-0.198,5.03,5.04,5.05,5.03,5.09,4.99,10479000.0,52806085.0,15:34:59,2026-07-30
sh600714,金瑞矿业,12.75,-0.54,-4.063,12.75,12.76,13.29,13.28,13.55,12.65,10190800.0,132573802.0,15:34:59,2026-07-30
sh600715,文投控股,1.58,0.03,1.935,1.58,1.59,1.55,1.54,1.69,1.54,55707198.0,89456956.0,15:34:59,2026-07-30
sh600716,凤凰股份,3.29,-0.08,-2.374,3.29,3.3,3.37,3.36,3.43,3.29,6491023.0,21729318.0,15:00:03,2026-07-30
sh600717,天津港,4.47,0.1,2.288,4.46,4.47,4.37,4.36,4.48,4.36,28860820.0,127826409.0,15:34:59,2026-07-30
sh600718,东软集团,8.29,0.04,0.485,8.28,8.29,8.25,8.21,8.37,8.2,11843791.0,98223799.0,15:34:59,2026-07-30
sh600719,大连热电,6.91,-0.2,-2.813,6.9,6.91,7.11,7.06,7.23,6.85,12918410.0,90726491.0,15:34:59,2026-07-30
sh600720,中交设计,5.32,0.08,1.527,5.31,5.32,5.24,5.23,5.33,5.22,9857500.0,52192528.0,15:34:59,2026-07-30
sh600721,百花医药,6.85,-0.21,-2.975,6.85,6.86,7.06,7.04,7.14,6.81,16330800.0,113641486.0,15:34:59,2026-07-30
sh600722,金牛化工,10.88,0.69,6.771,10.88,10.89,10.19,10.29,11.2,10.28,120328507.0,1290160334.0,15:34:59,2026-07-30
sh600724,宁波富达,4.89,-0.05,-1.012,4.89,4.9,4.94,4.88,5.06,4.86,8931678.0,44263650.0,15:00:00,2026-07-30
sh600725,云维股份,3.06,-0.2,-6.135,3.06,3.07,3.26,3.12,3.2,2.93,53003280.0,160873579.0,15:34:59,2026-07-30
sh600726,华电能源,5.38,-0.52,-8.814,5.37,5.38,5.9,5.85,5.95,5.32,208001680.0,1158103672.0,15:34:59,2026-07-30
sh600727,鲁北化工,7.28,-0.05,-0.682,7.28,7.29,7.33,7.28,7.41,7.23,13137700.0,96167819.0,15:00:03,2026-07-30
sh600728,佳都科技,4.69,0.05,1.078,4.69,4.7,4.64,4.6,4.73,4.59,35650015.0,167240696.0,15:34:59,2026-07-30
sh600729,重百集团,21.2,0.55,2.663,21.2,21.21,20.65,20.56,21.28,20.5,7066100.0,149062547.0,15:34:59,2026-07-30
sh600730,*ST高科,9.54,0.3,3.247,9.54,9.55,9.24,9.2,9.88,9.14,13040064.0,123599061.0,15:34:59,2026-07-30
sh600731,湖南海利,5.84,0.23,4.1,5.83,5.84,5.61,5.63,5.87,5.63,15345004.0,89159188.0,15:34:59,2026-07-30
sh600732,爱旭股份,12.36,0.31,2.573,12.36,12.37,12.05,11.99,12.65,11.9,44032202.0,548023141.0,15:34:59,2026-07-30
sh600733,北汽蓝谷,5.96,0.22,3.833,5.96,5.97,5.74,5.8,6.31,5.7,330705073.0,1998595392.0,15:34:59,2026-07-30
sh600734,*ST实达,1.64,-0.05,-2.959,1.64,1.65,1.69,1.67,1.7,1.64,36311310.0,60577484.0,15:34:59,2026-07-30
sh600735,ST新华锦,6.04,-0.14,-2.265,6.04,6.05,6.18,6.17,6.22,6.04,3293007.0,20105241.0,15:34:59,2026-07-30
sh600736,苏州高新,6.37,-0.01,-0.157,6.36,6.37,6.38,6.36,6.48,6.3,24549330.0,157078344.0,15:34:59,2026-07-30
sh600737,中粮糖业,12.21,-0.17,-1.373,12.21,12.22,12.38,12.3,12.65,12.16,31671172.0,392192362.0,15:34:59,2026-07-30
sh600738,丽尚国潮,3.88,0.03,0.779,3.88,3.89,3.85,3.84,3.97,3.83,12653085.0,49509671.0,15:00:01,2026-07-30
sh600739,辽宁成大,10.93,0.15,1.391,10.92,10.93,10.78,10.75,11.02,10.74,15734899.0,171352067.0,15:34:59,2026-07-30
sh600740,山西焦化,3.62,0.01,0.277,3.62,3.63,3.61,3.61,3.67,3.56,25071371.0,90867656.0,15:34:59,2026-07-30
sh600741,华域汽车,16.92,0.35,2.112,16.91,16.92,16.57,16.57,16.96,16.46,16161571.0,271536161.0,15:34:59,2026-07-30
sh600742,富维股份,7.55,0.13,1.752,7.55,7.56,7.42,7.4,7.59,7.37,9575854.0,72018533.0,15:00:01,2026-07-30
sh600743,华远控股,2.14,-0.03,-1.382,2.14,2.15,2.17,2.16,2.19,2.12,26024500.0,55986969.0,15:34:59,2026-07-30
sh600744,华银电力,6.59,-0.52,-7.314,6.59,6.6,7.11,7.11,7.17,6.55,234200625.0,1596393651.0,15:34:59,2026-07-30
sh600745,*ST闻泰,16.01,-0.69,-4.132,16.01,16.02,16.7,16.58,16.85,16.0,41021201.0,671768459.0,15:34:59,2026-07-30
sh600746,江苏索普,6.6,0.09,1.382,6.6,6.61,6.51,6.52,6.7,6.43,31229308.0,205712922.0,15:34:59,2026-07-30
sh600748,上实发展,3.71,0.08,2.204,3.71,3.72,3.63,3.63,3.71,3.59,18599835.0,67976329.0,15:34:59,2026-07-30
sh600749,西藏旅游,13.6,0.06,0.443,13.6,13.61,13.54,13.4,13.92,13.4,9396950.0,128946463.0,15:34:59,2026-07-30
sh600750,华润江中,26.26,0.03,0.114,26.26,26.28,26.23,26.23,26.6,25.77,5270520.0,138128369.0,15:34:59,2026-07-30
sh600751,海航科技,3.05,0.04,1.329,3.04,3.05,3.01,3.0,3.11,3.0,36859323.0,112856909.0,15:34:59,2026-07-30
sh600753,ST海钦,9.25,-0.74,-7.407,9.25,9.28,9.99,10.02,10.02,9.02,4334807.0,40709369.0,15:00:03,2026-07-30
sh600754,锦江酒店,19.4,0.17,0.884,19.39,19.4,19.23,19.23,19.79,19.22,15724585.0,307018429.0,15:34:59,2026-07-30
sh600755,厦门国贸,5.86,0.03,0.515,5.86,5.87,5.83,5.82,5.9,5.82,15644600.0,91772372.0,15:00:03,2026-07-30
sh600756,浪潮软件,15.67,-0.21,-1.322,15.66,15.67,15.88,15.32,16.5,15.13,51333146.0,815048867.0,15:34:59,2026-07-30
sh600757,长江传媒,8.14,0.1,1.244,8.12,8.14,8.04,8.04,8.15,8.01,9740446.0,78844941.0,15:34:59,2026-07-30
sh600758,辽宁能源,3.2,-0.07,-2.141,3.2,3.21,3.27,3.24,3.33,3.18,48843829.0,158491827.0,15:34:59,2026-07-30
sh600759,ST洲际,2.39,0.03,1.271,2.38,2.39,2.36,2.39,2.44,2.36,164100387.0,392209334.0,15:34:59,2026-07-30
sh600760,中航沈飞,44.11,0.26,0.593,44.06,44.11,43.85,43.5,44.44,43.45,13807329.0,607977770.0,15:34:59,2026-07-30
sh600761,安徽合力,18.35,0.15,0.824,18.34,18.35,18.2,18.24,18.46,18.14,13031547.0,238535622.0,15:34:59,2026-07-30
sh600763,通策医疗,36.6,0.72,2.007,36.6,36.61,35.88,35.76,37.14,35.58,11872915.0,434097751.0,15:34:59,2026-07-30
sh600764,中国海防,18.5,-0.02,-0.108,18.5,18.51,18.52,18.48,18.74,18.28,6701051.0,124071697.0,15:34:59,2026-07-30
sh600765,中航重机,13.64,0.12,0.888,13.64,13.65,13.52,13.45,13.69,13.43,16805501.0,228562044.0,15:34:59,2026-07-30
sh600768,宁波富邦,13.23,-0.23,-1.709,13.23,13.25,13.46,13.5,13.69,13.12,2931500.0,39320095.0,15:00:03,2026-07-30
sh600769,祥龙电业,12.5,-1.1,-8.088,12.49,12.5,13.6,13.6,13.71,12.47,14344281.0,185954091.0,15:34:59,2026-07-30
sh600770,综艺股份,4.86,-0.13,-2.605,4.86,4.87,4.99,4.95,5.0,4.82,23641248.0,115894752.0,15:34:59,2026-07-30
sh600771,广誉远,14.77,0.13,0.888,14.76,14.77,14.64,14.55,15.04,14.51,9008502.0,133181334.0,15:34:59,2026-07-30
sh600773,西藏城投,10.3,-0.49,-4.541,10.29,10.3,10.79,10.71,10.87,10.3,25588900.0,269907192.0,15:34:59,2026-07-30
sh600774,汉商集团,6.4,0.02,0.313,6.4,6.41,6.38,6.38,6.65,6.35,5772620.0,37396683.0,15:00:03,2026-07-30
sh600775,南京熊猫,9.55,-0.08,-0.831,9.55,9.56,9.63,9.43,9.85,9.43,46533339.0,449548326.0,15:34:59,2026-07-30
sh600776,XD东方通,12.1,-0.18,-1.466,12.1,12.11,12.28,12.3,12.38,12.04,14358898.0,175666229.0,15:34:59,2026-07-30
sh600777,新潮能源,4.16,0.06,1.463,4.15,4.16,4.1,4.12,4.19,4.07,34130666.0,141355658.0,15:34:59,2026-07-30
sh600778,友好集团,5.04,-0.04,-0.787,5.04,5.06,5.08,5.07,5.17,5.01,9236200.0,47089614.0,15:00:03,2026-07-30
sh600779,水井坊,28.92,0.86,3.065,28.91,28.92,28.06,28.0,29.6,27.92,9584191.0,279300255.0,15:34:59,2026-07-30
sh600780,通宝能源,5.98,-0.04,-0.664,5.98,5.99,6.02,5.96,6.1,5.93,11426300.0,68569832.0,15:34:59,2026-07-30
sh600782,新钢股份,2.96,0.06,2.069,2.95,2.96,2.9,2.89,2.97,2.88,54346200.0,160388281.0,15:34:59,2026-07-30
sh600783,鲁信创投,15.55,0.45,2.98,15.54,15.55,15.1,15.1,15.86,15.01,25909264.0,399913413.0,15:34:59,2026-07-30
sh600784,鲁银投资,7.24,0.18,2.55,7.24,7.25,7.06,7.03,7.32,7.02,14306297.0,103042981.0,15:34:59,2026-07-30
sh600785,新华百货,8.24,-0.16,-1.905,8.24,8.26,8.4,8.3,8.69,8.18,20193027.0,169905252.0,15:34:59,2026-07-30
sh600787,中储股份,4.74,0.08,1.717,4.73,4.74,4.66,4.65,4.74,4.65,19703800.0,92645641.0,15:34:59,2026-07-30
sh600789,鲁抗医药,7.35,-0.03,-0.407,7.35,7.36,7.38,7.38,7.47,7.27,19516931.0,143905466.0,15:34:59,2026-07-30
sh600790,轻纺城,3.23,0.0,0.0,3.23,3.24,3.23,3.21,3.27,3.2,14882872.0,48235641.0,15:00:03,2026-07-30
sh600791,京能置业,5.94,-0.31,-4.96,5.94,5.95,6.25,6.22,6.39,5.92,11658400.0,71503454.0,15:34:59,2026-07-30
sh600792,云煤能源,3.43,-0.07,-2.0,3.42,3.43,3.5,3.49,3.57,3.41,19660000.0,68388210.0,15:00:01,2026-07-30
sh600793,宜宾纸业,12.6,-0.39,-3.002,12.6,12.61,12.99,12.89,13.32,12.55,11011500.0,142008994.0,15:34:59,2026-07-30
sh600794,保税科技,3.09,0.01,0.325,3.08,3.09,3.08,3.07,3.13,3.06,10678200.0,33093101.0,15:00:03,2026-07-30
sh600795,国电电力,5.02,0.05,1.006,5.02,5.03,4.97,4.98,5.04,4.97,154260087.0,774270919.0,15:34:59,2026-07-30
sh600796,钱江生化,4.85,0.0,0.0,4.85,4.86,4.85,4.84,4.94,4.82,6804971.0,33216040.0,15:00:01,2026-07-30
sh600797,浙大网新,6.73,-0.15,-2.18,6.73,6.74,6.88,6.81,6.98,6.72,29053256.0,198609157.0,15:34:59,2026-07-30
sh600798,宁波海运,3.19,-0.01,-0.313,3.19,3.2,3.2,3.19,3.25,3.18,12819400.0,41238617.0,15:00:00,2026-07-30
sh600800,渤海化学,2.96,-0.11,-3.583,2.96,2.97,3.07,3.05,3.13,2.96,24322191.0,73878247.0,15:34:59,2026-07-30
sh600801,华新建材,22.47,-0.13,-0.575,22.47,22.48,22.6,22.61,22.9,22.2,13983857.0,314817831.0,15:34:59,2026-07-30
sh600802,福建水泥,4.15,-0.03,-0.718,4.15,4.16,4.18,4.18,4.26,4.1,6437520.0,26957790.0,15:00:01,2026-07-30
sh600803,新奥股份,17.95,0.09,0.504,17.95,17.98,17.86,18.1,18.3,17.75,8385161.0,151260910.0,15:00:00,2026-07-30
sh600805,悦达投资,4.24,-0.01,-0.235,4.22,4.24,4.25,4.23,4.31,4.21,6935400.0,29530707.0,15:00:03,2026-07-30
sh600807,济高发展,2.4,-0.04,-1.639,2.4,2.41,2.44,2.41,2.49,2.39,14520200.0,35372440.0,15:34:59,2026-07-30
sh600808,马钢股份,2.64,0.06,2.326,2.63,2.64,2.58,2.59,2.68,2.58,89863712.0,236364232.0,15:34:59,2026-07-30
sh600809,山西汾酒,135.96,7.75,6.045,135.96,135.97,128.21,128.2,136.0,127.4,19068535.0,2553979360.0,15:34:59,2026-07-30
sh600810,神马股份,6.37,0.0,0.0,6.37,6.38,6.37,6.34,6.43,6.33,10749167.0,68589603.0,15:00:03,2026-07-30
sh600812,华北制药,4.83,0.03,0.625,4.83,4.84,4.8,4.8,4.88,4.77,16376019.0,79021006.0,15:34:59,2026-07-30
sh600814,杭州解百,6.59,0.06,0.919,6.59,6.6,6.53,6.47,6.77,6.47,9722298.0,64514146.0,15:00:01,2026-07-30
sh600815,厦工股份,3.0,-0.05,-1.639,3.0,3.01,3.05,3.03,3.15,2.96,75543501.0,230777050.0,15:34:59,2026-07-30
sh600816,建元信托,2.55,0.02,0.791,2.54,2.55,2.53,2.52,2.58,2.5,69935025.0,177872655.0,15:00:03,2026-07-30
sh600817,宇通重工,9.23,0.03,0.326,9.23,9.25,9.2,9.18,9.32,9.16,2580910.0,23896185.0,15:00:03,2026-07-30
sh600818,ST中路,5.87,-0.05,-0.845,5.87,5.89,5.92,5.9,6.02,5.8,3012300.0,17790696.0,15:34:59,2026-07-30
sh600819,耀皮玻璃,5.29,0.03,0.57,5.29,5.3,5.26,5.28,5.52,5.27,14977176.0,80679818.0,15:00:03,2026-07-30
sh600820,隧道股份,5.69,0.07,1.246,5.69,5.7,5.62,5.63,5.71,5.6,26103372.0,147742654.0,15:34:59,2026-07-30
sh600821,金开新能,6.11,-0.3,-4.68,6.11,6.12,6.41,6.37,6.45,6.09,79570171.0,495511302.0,15:34:59,2026-07-30
sh600822,上海物贸,8.2,0.08,0.985,8.18,8.2,8.12,8.06,8.28,8.06,3033910.0,24905821.0,15:34:59,2026-07-30
sh600824,益民集团,3.54,0.03,0.855,3.53,3.54,3.51,3.51,3.61,3.5,9654662.0,34389497.0,15:00:01,2026-07-30
sh600825,新华传媒,4.82,-0.02,-0.413,4.81,4.82,4.84,4.82,4.92,4.77,10578201.0,51300519.0,15:34:59,2026-07-30
sh600826,兰生股份,7.77,0.03,0.388,7.77,7.78,7.74,7.77,8.02,7.73,7279584.0,57432233.0,15:34:59,2026-07-30
sh600827,百联股份,8.05,0.24,3.073,8.04,8.05,7.81,7.79,8.08,7.78,24168852.0,192951208.0,15:34:59,2026-07-30
sh600828,茂业商业,3.79,0.02,0.531,3.78,3.79,3.77,3.7,3.95,3.7,38191068.0,146222317.0,15:34:59,2026-07-30
sh600829,人民同泰,9.31,0.26,2.873,9.3,9.31,9.05,9.05,9.35,8.97,30497257.0,280638300.0,15:34:59,2026-07-30
sh600830,香溢融通,7.93,-0.06,-0.751,7.93,7.94,7.99,7.95,8.09,7.86,3957200.0,31598550.0,15:00:00,2026-07-30
sh600831,广电网络,3.01,0.0,0.0,3.01,3.02,3.01,3.02,3.12,2.99,13485960.0,41265168.0,15:00:03,2026-07-30
sh600833,第一医药,9.52,-0.06,-0.626,9.52,9.54,9.58,9.55,9.79,9.41,4345900.0,41798849.0,15:34:59,2026-07-30
sh600834,申通地铁,7.23,0.12,1.688,7.22,7.23,7.11,7.38,7.57,7.21,6121925.0,44922601.0,15:34:59,2026-07-30
sh600835,上海机电,18.83,0.34,1.839,18.83,18.84,18.49,18.29,19.08,18.29,8187323.0,154129699.0,15:34:59,2026-07-30
sh600838,上海九百,7.09,-0.02,-0.281,7.09,7.11,7.11,7.07,7.42,7.03,11171900.0,80859522.0,15:34:59,2026-07-30
sh600839,四川长虹,6.7,-0.09,-1.325,6.7,6.71,6.79,6.73,6.83,6.67,64108030.0,432446355.0,15:34:59,2026-07-30
sh600841,动力新科,5.75,0.14,2.496,5.75,5.76,5.61,5.58,6.09,5.52,36951800.0,213453430.0,15:34:59,2026-07-30
sh600843,上工申贝,6.7,-0.12,-1.76,6.69,6.7,6.82,6.81,6.94,6.67,9748091.0,66362862.0,15:34:59,2026-07-30
sh600844,金煤科技,3.32,-0.13,-3.768,3.32,3.33,3.45,3.45,3.46,3.28,130335996.0,437980352.0,15:34:59,2026-07-30
sh600845,宝信软件,17.54,-0.14,-0.792,17.53,17.54,17.68,17.67,18.09,17.47,19233458.0,341535451.0,15:34:59,2026-07-30
sh600846,同济科技,11.49,-0.29,-2.462,11.49,11.5,11.78,11.72,12.08,11.48,7095988.0,83514807.0,15:00:03,2026-07-30
sh600847,万里股份,10.99,-0.41,-3.596,10.99,11.0,11.4,11.43,11.44,10.88,4142100.0,46225814.0,15:34:59,2026-07-30
sh600848,上海临港,8.72,0.28,3.318,8.72,8.73,8.44,8.44,8.75,8.36,14294647.0,122492521.0,15:34:59,2026-07-30
sh600850,电科数字,15.51,0.06,0.388,15.5,15.51,15.45,15.3,15.8,15.22,23489241.0,365128876.0,15:34:59,2026-07-30
sh600851,海欣股份,7.65,-0.12,-1.544,7.65,7.66,7.77,7.65,7.97,7.62,10447800.0,81440002.0,15:34:59,2026-07-30
sh600853,龙建股份,3.17,0.0,0.0,3.17,3.18,3.17,3.16,3.21,3.14,10354622.0,32897892.0,15:34:59,2026-07-30
sh600854,春兰股份,4.24,-0.03,-0.703,4.24,4.25,4.27,4.24,4.32,4.21,5630500.0,24032063.0,15:00:03,2026-07-30
sh600855,航天长峰,11.97,-0.25,-2.046,11.96,11.97,12.22,12.14,12.31,11.92,7765982.0,94158964.0,15:34:59,2026-07-30
sh600857,宁波中百,14.69,-0.8,-5.165,14.69,14.7,15.49,15.48,15.58,14.22,8102776.0,120134192.0,15:34:59,2026-07-30
sh600858,银座股份,4.7,0.0,0.0,4.7,4.71,4.7,4.67,4.82,4.66,8251600.0,39132305.0,15:34:59,2026-07-30
sh600859,王府井,10.42,0.25,2.458,10.41,10.42,10.17,10.15,10.49,10.12,26547504.0,275902473.0,15:34:59,2026-07-30
sh600860,京城股份,7.93,-0.02,-0.252,7.93,7.94,7.95,7.88,8.12,7.87,6582610.0,52790134.0,15:34:59,2026-07-30
sh600861,北京人力,13.99,0.43,3.171,13.99,14.0,13.56,13.61,14.07,13.57,6011054.0,83681682.0,15:34:59,2026-07-30
sh600862,中航高科,18.9,0.3,1.613,18.9,18.91,18.6,18.51,19.08,18.49,18581770.0,350176504.0,15:34:59,2026-07-30
sh600863,华能蒙电,5.03,0.19,3.926,5.02,5.03,4.84,4.78,5.03,4.7,221126018.0,1071612280.0,15:34:59,2026-07-30
sh600864,哈投股份,5.48,0.05,0.921,5.47,5.48,5.43,5.41,5.5,5.4,31414278.0,171539164.0,15:34:59,2026-07-30
sh600865,百大集团,8.53,-0.01,-0.117,8.53,8.54,8.54,8.45,9.07,8.45,22329400.0,195034102.0,15:34:59,2026-07-30
sh600866,星湖科技,4.58,-0.04,-0.866,4.58,4.59,4.62,4.61,4.66,4.53,19720001.0,90653076.0,15:34:59,2026-07-30
sh600867,通化东宝,8.34,-0.09,-1.068,8.34,8.35,8.43,8.4,8.47,8.28,26338696.0,220766308.0,15:34:59,2026-07-30
sh600868,梅雁吉祥,2.73,0.05,1.866,2.73,2.74,2.68,2.67,2.84,2.66,100724030.0,275524567.0,15:34:59,2026-07-30
sh600869,远东股份,12.82,-1.1,-7.902,12.82,12.83,13.92,13.95,14.07,12.62,100594868.0,1326591064.0,15:34:59,2026-07-30
sh600871,石化油服,2.22,0.02,0.909,2.21,2.22,2.2,2.22,2.3,2.19,174729648.0,390412045.0,15:34:59,2026-07-30
sh600872,中炬高新,19.88,0.18,0.914,19.86,19.88,19.7,19.64,20.35,19.53,25553745.0,511164087.0,15:34:59,2026-07-30
sh600873,梅花生物,8.09,-0.13,-1.582,8.08,8.09,8.22,8.16,8.3,8.0,35448500.0,288712369.0,15:34:59,2026-07-30
sh600874,创业环保,5.59,0.03,0.54,5.58,5.59,5.56,5.56,5.6,5.52,7531102.0,41965757.0,15:00:03,2026-07-30
sh600875,东方电气,24.91,-0.58,-2.275,24.91,24.92,25.49,25.18,25.48,24.55,42366608.0,1056144629.0,15:34:59,2026-07-30
sh600876,凯盛新能,6.75,0.02,0.297,6.74,6.75,6.73,6.69,6.87,6.68,5128200.0,34828465.0,15:34:59,2026-07-30
sh600877,电科芯片,11.95,-0.3,-2.449,11.95,11.96,12.25,12.1,12.37,11.85,16826075.0,203270372.0,15:34:59,2026-07-30
sh600879,航天电子,14.03,-0.68,-4.623,14.03,14.04,14.71,14.55,14.7,14.02,76751551.0,1096848104.0,15:34:59,2026-07-30
sh600880,博瑞传播,3.76,-0.04,-1.053,3.76,3.77,3.8,3.78,3.89,3.75,23562501.0,90089992.0,15:34:59,2026-07-30
sh600881,亚泰集团,1.72,-0.17,-8.995,1.72,1.73,1.89,1.88,1.89,1.71,204746805.0,364373031.0,15:34:59,2026-07-30
sh600882,妙可蓝多,22.65,-0.13,-0.571,22.65,22.66,22.78,22.51,23.76,22.31,25882486.0,598985042.0,15:34:59,2026-07-30
sh600883,博闻科技,6.83,0.03,0.441,6.79,6.83,6.8,6.79,6.95,6.66,3924100.0,26783301.0,15:00:00,2026-07-30
sh600884,杉杉股份,12.78,-0.29,-2.219,12.77,12.78,13.07,12.9,13.07,12.72,63311084.0,815640128.0,15:34:59,2026-07-30
sh600885,宏发股份,34.49,0.51,1.501,34.48,34.49,33.98,33.71,34.65,32.0,26945078.0,909833772.0,15:34:59,2026-07-30
sh600886,国投电力,15.43,0.22,1.446,15.43,15.44,15.21,15.22,15.48,15.12,39162462.0,601138008.0,15:34:59,2026-07-30
sh600887,伊利股份,27.69,0.38,1.391,27.68,27.69,27.31,27.19,27.7,27.11,97885622.0,2700168052.0,15:34:59,2026-07-30
sh600888,新疆众和,8.9,-0.23,-2.519,8.9,8.91,9.13,9.03,9.26,8.83,65320714.0,589397871.0,15:34:59,2026-07-30
sh600889,*ST京化,12.89,-0.42,-3.156,12.88,12.89,13.31,13.12,13.28,12.71,2318400.0,30146515.0,15:00:03,2026-07-30
sh600892,大晟文化,3.2,-0.09,-2.736,3.2,3.21,3.29,3.29,3.54,3.2,12798900.0,43018330.0,15:34:59,2026-07-30
sh600893,航发动力,35.13,-0.63,-1.762,35.13,35.14,35.76,35.47,35.81,34.87,26960173.0,951729973.0,15:34:59,2026-07-30
sh600894,广日股份,7.87,0.07,0.897,7.86,7.87,7.8,7.8,7.94,7.73,5443701.0,42907577.0,15:00:00,2026-07-30
sh600895,张江高科,32.48,1.13,3.604,32.48,32.49,31.35,30.09,33.58,29.51,85325517.0,2697925316.0,15:34:59,2026-07-30
sh600897,厦门空港,14.82,0.08,0.543,14.8,14.82,14.74,14.73,14.87,14.64,1517700.0,22432561.0,15:00:03,2026-07-30
sh600900,长江电力,29.49,0.56,1.936,29.48,29.49,28.93,28.85,29.53,28.81,193063376.0,5667026325.0,15:34:59,2026-07-30
sh600901,江苏金租,6.55,0.04,0.614,6.54,6.55,6.51,6.52,6.57,6.4,39766581.0,258325706.0,15:34:59,2026-07-30
sh600903,贵州燃气,6.06,-0.02,-0.329,6.06,6.07,6.08,6.08,6.19,6.0,28731113.0,174683226.0,15:34:59,2026-07-30
sh600905,三峡能源,3.9,0.04,1.036,3.9,3.91,3.86,3.85,3.91,3.85,112281583.0,436665223.0,15:34:59,2026-07-30
sh600906,财达证券,6.47,0.04,0.622,6.47,6.48,6.43,6.38,6.53,6.36,40903759.0,264205400.0,15:34:59,2026-07-30
sh600908,无锡银行,5.66,0.13,2.351,5.66,5.67,5.53,5.54,5.68,5.52,32824937.0,185092853.0,15:34:59,2026-07-30
sh600909,华安证券,7.58,-0.14,-1.813,7.58,7.59,7.72,7.63,7.8,7.47,175233941.0,1336203150.0,15:34:59,2026-07-30
sh600916,中国黄金,7.61,0.04,0.528,7.6,7.61,7.57,7.59,7.76,7.55,31462011.0,240711085.0,15:34:59,2026-07-30
sh600917,重庆燃气,4.85,0.02,0.414,4.84,4.85,4.83,4.81,4.87,4.81,4592457.0,22246910.0,15:00:01,2026-07-30
sh600918,中泰证券,5.65,0.06,1.073,5.64,5.65,5.59,5.57,5.66,5.57,39327607.0,221228254.0,15:34:59,2026-07-30
sh600919,江苏银行,11.82,0.2,1.721,11.81,11.82,11.62,11.6,11.83,11.59,100015370.0,1172993409.0,15:34:59,2026-07-30
sh600925,苏能股份,4.34,-0.01,-0.23,4.34,4.36,4.35,4.37,4.39,4.31,7644700.0,33232617.0,15:00:03,2026-07-30
sh600926,杭州银行,16.5,0.3,1.852,16.49,16.5,16.2,16.13,16.54,16.13,45774960.0,750479998.0,15:34:59,2026-07-30
sh600927,永安期货,13.17,0.17,1.308,13.17,13.18,13.0,12.91,13.22,12.91,7046500.0,92552590.0,15:34:59,2026-07-30
sh600928,西安银行,3.68,0.07,1.939,3.68,3.69,3.61,3.62,3.69,3.61,27606110.0,101062397.0,15:34:59,2026-07-30
sh600929,雪天盐业,5.44,0.06,1.115,5.44,5.45,5.38,5.39,5.51,5.34,22090900.0,119882830.0,15:34:59,2026-07-30
sh600930,华电新能,4.22,-0.01,-0.236,4.21,4.22,4.23,4.22,4.27,4.19,144659994.0,611418350.0,15:34:59,2026-07-30
sh600933,爱柯迪,13.41,0.04,0.299,13.4,13.41,13.37,13.36,13.68,13.26,11357067.0,152930224.0,15:34:59,2026-07-30
sh600935,华塑股份,2.27,0.0,0.0,2.27,2.28,2.27,2.26,2.3,2.26,12383400.0,28207353.0,15:34:59,2026-07-30
sh600936,北投科技,5.36,0.2,3.876,5.36,5.37,5.16,5.13,5.44,5.07,94096351.0,491453730.0,15:34:59,2026-07-30
sh600938,中国海油,32.55,1.07,3.399,32.54,32.55,31.48,32.08,32.72,31.89,61887731.0,2001550896.0,15:34:59,2026-07-30
sh600939,重庆建工,2.58,-0.01,-0.386,2.57,2.58,2.59,2.59,2.63,2.57,10858600.0,28203767.0,15:34:59,2026-07-30
sh600941,中国移动,98.7,1.4,1.439,98.7,98.71,97.3,97.1,99.19,96.83,20810115.0,2050420411.0,15:34:59,2026-07-30
sh600955,维远股份,12.4,-0.07,-0.561,12.39,12.4,12.47,12.48,12.69,12.35,3786040.0,47376472.0,15:34:59,2026-07-30
sh600956,新天绿能,7.43,0.07,0.951,7.43,7.44,7.36,7.37,7.49,7.32,7999500.0,59435754.0,15:34:59,2026-07-30
sh600958,东方证券,9.2,-0.03,-0.325,9.2,9.21,9.23,9.15,9.28,9.12,86321276.0,795057784.0,15:34:59,2026-07-30
sh600959,江苏有线,3.07,0.01,0.327,3.07,3.08,3.06,3.05,3.1,3.04,30943330.0,95153900.0,15:34:59,2026-07-30
sh600960,渤海汽车,3.85,-0.05,-1.282,3.85,3.86,3.9,3.86,3.98,3.83,10402800.0,40590204.0,15:00:03,2026-07-30
sh600961,株冶集团,21.82,-0.84,-3.707,21.81,21.82,22.66,22.79,23.05,21.33,42713337.0,944526508.0,15:34:59,2026-07-30
sh600962,国投中鲁,22.97,-1.01,-4.212,22.97,22.98,23.98,23.97,24.33,22.96,7529600.0,176231131.0,15:34:59,2026-07-30
sh600963,岳阳林纸,3.36,0.08,2.439,3.35,3.36,3.28,3.28,3.37,3.27,39992289.0,133392893.0,15:34:59,2026-07-30
sh600965,*ST福成,2.58,0.0,0.0,2.58,2.6,2.58,2.59,2.65,2.54,4597074.0,11950315.0,15:34:59,2026-07-30
sh600966,博汇纸业,4.86,0.15,3.185,4.85,4.86,4.71,4.69,4.99,4.67,22294826.0,108771423.0,15:34:59,2026-07-30
sh600967,内蒙一机,11.6,0.12,1.045,11.6,11.61,11.48,11.4,12.06,11.36,42141833.0,492732571.0,15:34:59,2026-07-30
sh600968,海油发展,3.88,0.01,0.258,3.88,3.89,3.87,3.92,3.99,3.82,63747068.0,248116701.0,15:34:59,2026-07-30
sh600969,郴电国际,8.07,-0.16,-1.944,8.07,8.08,8.23,8.19,8.33,8.04,8112440.0,66127561.0,15:34:59,2026-07-30
sh600970,中材国际,8.03,0.11,1.389,8.03,8.04,7.92,7.91,8.06,7.9,19100179.0,152651003.0,15:34:59,2026-07-30
sh600971,恒源煤电,7.9,0.07,0.894,7.9,7.91,7.83,7.84,7.96,7.75,15797172.0,124413140.0,15:34:59,2026-07-30
sh600973,宝胜股份,5.77,-0.08,-1.368,5.77,5.78,5.85,5.83,5.9,5.74,16530975.0,96201586.0,15:34:59,2026-07-30
sh600975,新五丰,4.86,0.01,0.206,4.85,4.86,4.85,4.82,4.96,4.81,10974333.0,53582210.0,15:00:03,2026-07-30
sh600976,健民集团,28.23,0.41,1.474,28.23,28.24,27.82,27.82,28.3,27.55,3021065.0,84461912.0,15:34:59,2026-07-30
sh600977,中国电影,12.48,0.04,0.322,12.47,12.48,12.44,12.3,12.91,12.3,52131119.0,657155089.0,15:34:59,2026-07-30
sh600979,广安爱众,3.89,-0.05,-1.269,3.89,3.9,3.94,3.92,4.0,3.87,26596108.0,104414936.0,15:34:59,2026-07-30
sh600980,北矿科技,17.67,-0.13,-0.73,17.67,17.7,17.8,17.73,18.31,17.61,3550100.0,63723537.0,15:34:59,2026-07-30
sh600981,苏豪汇鸿,2.29,0.0,0.0,2.28,2.29,2.29,2.29,2.35,2.27,21057280.0,48625578.0,15:00:03,2026-07-30
sh600982,宁波能源,4.99,-0.05,-0.992,4.99,5.0,5.04,4.99,5.08,4.92,32153600.0,160607040.0,15:34:59,2026-07-30
sh600983,惠而浦,8.04,0.22,2.813,8.03,8.04,7.82,7.81,8.04,7.76,4835804.0,38480774.0,15:34:59,2026-07-30
sh600984,建设机械,4.01,0.04,1.008,4.0,4.01,3.97,3.96,4.07,3.91,34160250.0,136764106.0,15:34:59,2026-07-30
sh600985,淮北矿业,15.4,0.06,0.391,15.4,15.42,15.34,15.33,15.49,15.08,20323977.0,311182267.0,15:34:59,2026-07-30
sh600986,浙文互联,7.11,0.03,0.424,7.11,7.12,7.08,7.0,7.52,7.0,110155376.0,798239536.0,15:34:59,2026-07-30
sh600987,航民股份,6.7,0.03,0.45,6.69,6.7,6.67,6.64,6.71,6.63,5629800.0,37639873.0,15:34:59,2026-07-30
sh600988,赤峰黄金,37.17,-0.69,-1.823,37.16,37.17,37.86,38.96,39.99,37.0,77759042.0,2996015622.0,15:34:59,2026-07-30
sh600989,宝丰能源,23.88,0.62,2.666,23.87,23.88,23.26,23.62,24.1,23.4,80562535.0,1914212432.0,15:34:59,2026-07-30
sh600990,四创电子,17.04,-0.18,-1.045,17.03,17.04,17.22,17.1,17.45,17.0,3689883.0,63512217.0,15:34:59,2026-07-30
sh600992,贵绳股份,8.94,-0.4,-4.283,8.94,8.95,9.34,9.27,9.42,8.92,12441600.0,113605114.0,15:34:59,2026-07-30
sh600993,马应龙,24.97,0.59,2.42,24.96,24.97,24.38,24.39,25.05,24.35,7390863.0,183296563.0,15:34:59,2026-07-30
sh600995,南网储能,12.87,0.04,0.312,12.86,12.87,12.83,12.83,12.98,12.72,14318252.0,183916029.0,15:34:59,2026-07-30
sh600996,贵广网络,6.63,-0.05,-0.749,6.63,6.64,6.68,6.66,6.84,6.6,17684196.0,118723686.0,15:34:59,2026-07-30
sh600997,开滦股份,5.39,0.02,0.372,5.39,5.4,5.37,5.39,5.48,5.31,9933500.0,53629243.0,15:00:01,2026-07-30
sh600998,九州通,5.15,0.03,0.586,5.14,5.15,5.12,5.1,5.15,5.03,37447008.0,191283938.0,15:34:59,2026-07-30
sh600999,招商证券,17.56,-0.12,-0.679,17.56,17.57,17.68,17.48,17.73,17.2,78407978.0,1372513454.0,15:34:59,2026-07-30
sh601000,唐山港,4.91,0.14,2.935,4.91,4.92,4.77,4.81,4.95,4.77,63958571.0,310530238.0,15:34:59,2026-07-30
sh601001,晋控煤业,16.06,-0.31,-1.894,16.06,16.07,16.37,16.37,16.74,15.94,19293269.0,314261381.0,15:34:59,2026-07-30
sh601002,晋亿实业,4.76,-0.13,-2.658,4.76,4.77,4.89,4.84,4.92,4.76,17464228.0,84403343.0,15:34:59,2026-07-30
sh601003,柳钢股份,4.19,0.38,9.974,4.19,0.0,3.81,3.98,4.19,3.88,37880138.0,155440679.0,15:34:59,2026-07-30
sh601005,重庆钢铁,1.22,0.01,0.826,1.21,1.22,1.21,1.2,1.24,1.2,100999174.0,123327317.0,15:34:59,2026-07-30
sh601006,大秦铁路,5.04,0.11,2.231,5.03,5.04,4.93,4.94,5.06,4.93,152921810.0,765247885.0,15:34:59,2026-07-30
sh601007,金陵饭店,6.62,0.03,0.455,6.62,6.63,6.59,6.66,6.79,6.59,12876640.0,86238940.0,15:34:59,2026-07-30
sh601008,连云港,4.38,0.0,0.0,4.37,4.38,4.38,4.38,4.44,4.35,7782400.0,34233514.0,15:00:01,2026-07-30
sh601009,南京银行,11.78,0.32,2.792,11.77,11.78,11.46,11.5,11.81,11.45,65877195.0,769562881.0,15:34:59,2026-07-30
sh601010,ST文峰,1.47,-0.02,-1.342,1.47,1.48,1.49,1.49,1.52,1.45,26616800.0,39542756.0,15:34:59,2026-07-30
sh601011,宝泰隆,2.53,-0.04,-1.556,2.52,2.53,2.57,2.56,2.62,2.51,27967123.0,71654542.0,15:34:59,2026-07-30
sh601012,隆基绿能,13.02,0.21,1.639,13.01,13.02,12.81,12.7,13.28,12.69,153403152.0,1998593358.0,15:34:59,2026-07-30
sh601015,陕西黑猫,3.22,-0.01,-0.31,3.22,3.23,3.23,3.24,3.31,3.19,41667748.0,135653460.0,15:34:59,2026-07-30
sh601016,节能风电,3.5,-0.08,-2.235,3.5,3.51,3.58,3.55,3.59,3.47,135769154.0,478182949.0,15:34:59,2026-07-30
sh601018,宁波港,3.48,0.04,1.163,3.48,3.49,3.44,3.43,3.49,3.43,62872606.0,217711712.0,15:34:59,2026-07-30
sh601019,山东出版,7.6,0.16,2.151,7.59,7.6,7.44,7.4,7.61,7.4,11828766.0,89114529.0,15:34:59,2026-07-30
sh601020,华钰矿业,18.88,0.17,0.909,18.88,18.89,18.71,19.1,19.68,18.75,26756405.0,513811336.0,15:34:59,2026-07-30
sh601021,春秋航空,47.3,1.21,2.625,47.3,47.31,46.09,45.98,47.43,45.88,9314804.0,437570776.0,15:34:59,2026-07-30
sh601022,宁波远洋,8.28,0.1,1.222,8.27,8.28,8.18,8.15,8.31,8.13,6979500.0,57630485.0,15:34:59,2026-07-30
sh601026,道生天合,15.16,0.03,0.198,15.15,15.16,15.13,15.0,15.28,14.93,4903100.0,74219802.0,15:34:59,2026-07-30
sh601033,永兴股份,14.7,0.18,1.24,14.7,14.72,14.52,14.51,14.74,14.45,4985700.0,72839169.0,15:00:03,2026-07-30
sh601038,一拖股份,14.15,-0.15,-1.049,14.15,14.16,14.3,14.21,14.47,13.99,11227788.0,159498406.0,15:34:59,2026-07-30
sh601058,赛轮轮胎,14.33,0.48,3.466,14.32,14.33,13.85,13.85,14.4,13.8,57351949.0,816724501.0,15:34:59,2026-07-30
sh601059,信达证券,16.53,0.09,0.547,16.52,16.53,16.44,16.4,16.54,16.21,9456615.0,155241529.0,15:34:59,2026-07-30
sh601061,中信金属,11.53,-0.16,-1.369,11.52,11.53,11.69,11.66,12.16,11.51,22770244.0,268475527.0,15:34:59,2026-07-30
sh601065,江盐集团,6.93,0.1,1.464,6.92,6.93,6.83,6.84,6.93,6.82,6552500.0,45160290.0,15:34:59,2026-07-30
sh601066,中信建投,25.84,-0.03,-0.116,25.84,25.85,25.87,25.74,26.2,25.36,21867212.0,565061266.0,15:34:59,2026-07-30
sh601068,中铝国际,4.53,0.04,0.891,4.53,4.54,4.49,4.49,4.61,4.48,14090900.0,64059519.0,15:34:59,2026-07-30
sh601069,西部黄金,24.41,0.35,1.455,24.41,24.42,24.06,24.6,25.92,24.2,41361515.0,1033025122.0,15:34:59,2026-07-30
sh601077,渝农商行,6.83,0.25,3.799,6.83,6.84,6.58,6.59,6.86,6.56,90257827.0,608349475.0,15:34:59,2026-07-30
sh601083,锦江航运,11.39,0.08,0.707,11.38,11.39,11.31,11.23,11.55,11.2,10935068.0,124946385.0,15:34:59,2026-07-30
sh601086,国芳集团,8.01,0.28,3.622,8.0,8.01,7.73,7.57,8.4,7.57,50313313.0,401500399.0,15:34:59,2026-07-30
sh601088,中国神华,45.7,0.67,1.488,45.63,45.7,45.03,45.0,45.79,44.87,36659445.0,1666255214.0,15:34:59,2026-07-30
sh601089,福元医药,17.06,-0.02,-0.117,17.06,17.07,17.08,17.09,17.36,16.82,2762682.0,47165670.0,15:00:01,2026-07-30
sh601096,宏盛华源,4.32,-0.02,-0.461,4.31,4.32,4.34,4.34,4.43,4.3,28426998.0,123858046.0,15:34:59,2026-07-30
sh601098,中南传媒,10.63,0.21,2.015,10.63,10.64,10.42,10.49,10.67,10.42,12493117.0,132405292.0,15:34:59,2026-07-30
sh601099,太平洋,3.45,0.01,0.291,3.45,3.46,3.44,3.44,3.48,3.41,108652418.0,375279673.0,15:34:59,2026-07-30
sh601100,恒立液压,103.0,0.07,0.068,103.0,103.3,102.93,101.0,104.26,99.4,7685972.0,784473197.0,15:34:59,2026-07-30
sh601101,昊华能源,11.23,-0.1,-0.883,11.23,11.25,11.33,11.32,11.55,11.04,21724140.0,245564181.0,15:34:59,2026-07-30
sh601106,中国一重,3.06,0.02,0.658,3.05,3.06,3.04,3.04,3.11,3.0,73185400.0,223723411.0,15:34:59,2026-07-30
sh601107,四川成渝,6.02,0.27,4.696,6.02,6.03,5.75,5.74,6.06,5.71,23484739.0,138917373.0,15:34:59,2026-07-30
sh601108,财通证券,8.21,0.01,0.122,8.2,8.21,8.2,8.15,8.3,8.08,42984370.0,352175702.0,15:34:59,2026-07-30
sh601111,中国国航,6.17,0.05,0.817,6.16,6.17,6.12,6.08,6.22,6.07,90457749.0,557909116.0,15:34:59,2026-07-30
sh601112,振石股份,15.03,0.13,0.872,15.03,15.04,14.9,14.7,15.15,14.67,6650414.0,99641508.0,15:34:59,2026-07-30
sh601113,华鼎股份,3.38,0.0,0.0,3.38,3.39,3.38,3.37,3.43,3.35,7570400.0,25706190.0,15:00:01,2026-07-30
sh601116,三江购物,10.05,-0.03,-0.298,10.05,10.06,10.08,9.98,10.53,9.94,20373873.0,208344682.0,15:34:59,2026-07-30
sh601117,中国化学,7.8,0.05,0.645,7.8,7.81,7.75,7.7,7.82,7.7,73415900.0,570526233.0,15:34:59,2026-07-30
sh601118,海南橡胶,4.88,0.03,0.619,4.88,4.89,4.85,4.85,5.02,4.82,51224492.0,251545630.0,15:34:59,2026-07-30
sh601121,宝地矿业,6.71,-0.07,-1.032,6.7,6.71,6.78,6.78,6.86,6.7,14480069.0,98148107.0,15:34:59,2026-07-30
sh601126,四方股份,36.78,-3.72,-9.185,36.78,36.79,40.5,40.0,40.8,36.5,31684136.0,1200069315.0,15:34:59,2026-07-30
sh601127,赛力斯,61.45,3.45,5.948,61.45,61.46,58.0,57.95,62.49,57.55,62098630.0,3788821641.0,15:34:59,2026-07-30
sh601128,常熟银行,6.45,0.12,1.896,6.44,6.45,6.33,6.32,6.45,6.32,65628666.0,420455060.0,15:34:59,2026-07-30
sh601133,柏诚股份,23.54,-2.62,-10.015,0.0,23.54,26.16,25.85,26.17,23.54,14052117.0,342783324.0,15:34:59,2026-07-30
sh601136,首创证券,14.62,0.24,1.669,14.61,14.62,14.38,14.3,14.67,14.27,15764160.0,229374119.0,15:34:59,2026-07-30
sh601137,博威合金,16.93,0.12,0.714,16.93,16.94,16.81,16.78,17.27,16.6,16330990.0,276427653.0,15:34:59,2026-07-30
sh601138,工业富联,53.8,-3.95,-6.84,53.8,53.81,57.75,57.0,57.38,53.22,152598379.0,8348593165.0,15:34:59,2026-07-30
sh601139,深圳燃气,6.54,0.06,0.926,6.53,6.54,6.48,6.5,6.55,6.43,24575732.0,159793220.0,15:34:59,2026-07-30
sh601155,新城控股,11.33,-0.17,-1.478,11.32,11.33,11.5,11.39,11.8,11.28,17776710.0,204650971.0,15:34:59,2026-07-30
sh601156,东航物流,16.99,-0.03,-0.176,16.99,17.0,17.02,17.01,17.37,16.89,10595400.0,180873098.0,15:00:01,2026-07-30
sh601158,重庆水务,4.25,0.04,0.95,4.24,4.25,4.21,4.2,4.25,4.2,7761746.0,32865837.0,15:34:59,2026-07-30
sh601162,天风证券,3.69,-0.01,-0.27,3.69,3.7,3.7,3.68,3.77,3.67,166047269.0,616420412.0,15:34:59,2026-07-30
sh601163,三角轮胎,13.32,0.29,2.226,13.31,13.32,13.03,13.0,13.36,12.96,5022706.0,66566747.0,15:00:03,2026-07-30
sh601166,兴业银行,19.1,0.51,2.743,19.09,19.1,18.59,18.58,19.1,18.54,157630580.0,2983174091.0,15:34:59,2026-07-30
sh601168,西部矿业,36.65,-0.26,-0.704,36.65,36.66,36.91,37.55,38.16,36.49,70982929.0,2652986979.0,15:34:59,2026-07-30
sh601169,北京银行,5.21,0.09,1.758,5.2,5.21,5.12,5.12,5.22,5.1,231417398.0,1197992359.0,15:34:59,2026-07-30
sh601177,杭齿前进,12.46,-0.19,-1.502,12.46,12.47,12.65,12.52,12.75,12.37,5062061.0,63576424.0,15:34:59,2026-07-30
sh601179,中国西电,13.12,-0.55,-4.023,13.12,13.13,13.67,13.41,13.65,13.11,168888790.0,2245298110.0,15:34:59,2026-07-30
sh601186,中国铁建,6.38,0.05,0.79,6.38,6.39,6.33,6.32,6.39,6.31,52194600.0,332067912.0,15:34:59,2026-07-30
sh601187,厦门银行,7.69,0.11,1.451,7.69,7.7,7.58,7.54,7.72,7.52,18355700.0,140333148.0,15:34:59,2026-07-30
sh601188,龙江交通,2.85,-0.01,-0.35,2.84,2.85,2.86,2.85,2.89,2.82,14511100.0,41517200.0,15:00:03,2026-07-30
sh601198,东兴证券,13.66,-0.07,-0.51,13.66,13.67,13.73,13.7,13.87,13.42,30920136.0,421166287.0,15:34:59,2026-07-30
sh601199,江南水务,5.52,-0.01,-0.181,5.52,5.53,5.53,5.5,5.59,5.48,10395600.0,57519371.0,15:00:01,2026-07-30
sh601200,XD上海环,7.1,0.12,1.719,7.09,7.1,6.98,7.0,7.13,6.99,11060798.0,78170481.0,15:34:59,2026-07-30
sh601208,东材科技,33.26,-3.34,-9.126,33.25,33.26,36.6,36.5,36.83,32.94,77225848.0,2631980630.0,15:34:59,2026-07-30
sh601211,国泰海通,19.03,0.1,0.528,19.02,19.03,18.93,18.83,19.05,18.71,88501409.0,1672011750.0,15:34:59,2026-07-30
sh601212,白银有色,4.81,-0.09,-1.837,4.81,4.82,4.9,4.94,5.01,4.76,129169296.0,631253090.0,15:34:59,2026-07-30
sh601216,君正集团,4.75,0.01,0.211,4.75,4.76,4.74,4.6,4.78,4.59,86577465.0,406838345.0,15:34:59,2026-07-30
sh601218,吉鑫科技,4.64,0.07,1.532,4.64,4.65,4.57,4.5,4.75,4.49,76293066.0,353468017.0,15:34:59,2026-07-30
sh601222,林洋能源,5.73,0.04,0.703,5.73,5.74,5.69,5.69,5.76,5.66,19701560.0,112735168.0,15:34:59,2026-07-30
sh601225,陕西煤业,24.74,0.1,0.406,24.74,24.75,24.64,24.7,25.0,24.59,26258160.0,650362100.0,15:34:59,2026-07-30
sh601226,华电科工,5.95,-0.04,-0.668,5.95,5.96,5.99,5.97,6.16,5.91,13607042.0,81857340.0,15:34:59,2026-07-30
sh601228,广州港,3.1,0.02,0.649,3.1,3.11,3.08,3.07,3.12,3.06,27558800.0,85345156.0,15:00:03,2026-07-30
sh601229,上海银行,9.59,0.21,2.239,9.58,9.59,9.38,9.43,9.6,9.37,82904079.0,789229416.0,15:34:59,2026-07-30
sh601231,环旭电子,21.49,-2.08,-8.825,21.49,21.5,23.57,23.26,23.44,21.4,38873191.0,859374835.0,15:34:59,2026-07-30
sh601233,桐昆股份,22.05,-0.24,-1.077,22.05,22.06,22.29,22.24,22.55,21.72,33169225.0,734508820.0,15:34:59,2026-07-30
sh601236,红塔证券,7.1,0.08,1.14,7.1,7.11,7.02,7.0,7.12,7.0,20921598.0,148018962.0,15:34:59,2026-07-30
sh601238,广汽集团,5.51,0.14,2.607,5.51,5.52,5.37,5.36,5.55,5.32,39703329.0,217296979.0,15:34:59,2026-07-30
sh601279,英利汽车,3.12,0.02,0.645,3.12,3.13,3.1,3.1,3.17,3.09,11495951.0,36042278.0,15:00:03,2026-07-30
sh601288,农业银行,7.11,0.18,2.597,7.1,7.11,6.93,6.91,7.11,6.9,551824458.0,3878708744.0,15:34:59,2026-07-30
sh601298,青岛港,9.04,0.07,0.78,9.03,9.04,8.97,8.95,9.04,8.9,12045458.0,108207020.0,15:34:59,2026-07-30
sh601311,骆驼股份,8.1,0.12,1.504,8.09,8.1,7.98,7.95,8.11,7.92,17045780.0,137501887.0,15:34:59,2026-07-30
sh601318,中国平安,55.8,1.5,2.762,55.77,55.8,54.3,54.06,55.8,54.06,105845797.0,5834022322.0,15:34:59,2026-07-30
sh601319,中国人保,7.56,0.14,1.887,7.56,7.57,7.42,7.4,7.57,7.37,96176897.0,720258449.0,15:34:59,2026-07-30
sh601326,秦港股份,3.52,0.02,0.571,3.52,3.53,3.5,3.49,3.54,3.47,22179075.0,77888530.0,15:00:01,2026-07-30
sh601328,交通银行,7.32,0.23,3.244,7.3,7.32,7.09,7.08,7.32,7.07,341889735.0,2470513658.0,15:34:59,2026-07-30
sh601330,绿色动力,7.24,0.05,0.695,7.23,7.24,7.19,7.17,7.27,7.14,10737100.0,77457351.0,15:34:59,2026-07-30
sh601333,广深铁路,3.11,0.06,1.967,3.1,3.11,3.05,3.06,3.12,3.05,88834887.0,274710130.0,15:34:59,2026-07-30
sh601336,新华保险,62.71,-0.27,-0.429,62.71,62.72,62.98,62.5,63.22,61.82,22293183.0,1397271950.0,15:34:59,2026-07-30
sh601339,百隆东方,8.15,0.11,1.368,8.14,8.15,8.04,7.96,8.18,7.86,12040223.0,96437502.0,15:34:59,2026-07-30
sh601360,三六零,8.81,0.02,0.228,8.8,8.81,8.79,8.7,8.99,8.68,100813640.0,892911446.0,15:34:59,2026-07-30
sh601366,利群股份,3.47,-0.04,-1.14,3.47,3.48,3.51,3.49,3.57,3.46,8274806.0,29135829.0,15:00:03,2026-07-30
sh601368,绿城水务,4.44,0.02,0.452,4.43,4.44,4.42,4.43,4.47,4.38,4302900.0,19061562.0,15:00:03,2026-07-30
sh601369,陕鼓动力,9.44,-0.01,-0.106,9.43,9.44,9.45,9.35,9.55,9.33,16824800.0,159071943.0,15:34:59,2026-07-30
sh601375,中原证券,4.16,0.01,0.241,4.16,4.17,4.15,4.13,4.2,4.13,52824687.0,220125996.0,15:00:01,2026-07-30
sh601377,兴业证券,6.11,0.02,0.328,6.1,6.11,6.09,6.05,6.11,6.03,90334158.0,550031960.0,15:34:59,2026-07-30
sh601388,怡球资源,3.07,-0.02,-0.647,3.06,3.07,3.09,3.1,3.16,3.06,43562308.0,135176221.0,15:34:59,2026-07-30
sh601390,中国中铁,4.69,0.09,1.957,4.68,4.69,4.6,4.58,4.7,4.57,139507034.0,648469460.0,15:34:59,2026-07-30
sh601398,工商银行,8.15,0.2,2.516,8.14,8.15,7.95,7.94,8.16,7.91,572360496.0,4625457210.0,15:34:59,2026-07-30
sh601399,国机重装,3.31,0.0,0.0,3.3,3.31,3.31,3.29,3.34,3.25,81393900.0,268459775.0,15:34:59,2026-07-30
sh601456,国联民生,8.97,0.02,0.223,8.97,8.98,8.95,8.94,9.02,8.9,19175637.0,171932862.0,15:34:59,2026-07-30
sh601500,通用股份,4.01,0.06,1.519,4.0,4.01,3.95,3.95,4.03,3.94,15626040.0,62408454.0,15:34:59,2026-07-30
sh601512,中新集团,8.0,0.27,3.493,8.0,8.01,7.73,7.68,8.08,7.66,5506200.0,43683705.0,15:00:03,2026-07-30
sh601515,衢州东峰,3.24,-0.05,-1.52,3.24,3.25,3.29,3.28,3.36,3.22,17531843.0,57736272.0,15:00:03,2026-07-30
sh601518,吉林高速,2.8,0.02,0.719,2.79,2.8,2.78,2.77,2.81,2.76,17082529.0,47599206.0,15:34:59,2026-07-30
sh601519,大智慧,8.16,0.08,0.99,8.16,8.17,8.08,7.99,8.28,7.98,34052291.0,278260327.0,15:34:59,2026-07-30
sh601528,瑞丰银行,5.05,0.15,3.061,5.05,5.06,4.9,4.9,5.07,4.89,41139997.0,206521618.0,15:34:59,2026-07-30
sh601555,东吴证券,8.15,0.08,0.991,8.15,8.16,8.07,8.05,8.19,8.0,48341592.0,391932794.0,15:34:59,2026-07-30
sh601566,九牧王,8.3,-0.08,-0.955,8.3,8.31,8.38,8.38,8.57,8.3,8992960.0,75771732.0,15:34:59,2026-07-30
sh601567,三星电气,17.0,0.88,5.459,17.0,17.01,16.12,15.95,17.15,15.94,39469367.0,661347805.0,15:34:59,2026-07-30
sh601568,北元化工,3.7,0.04,1.093,3.69,3.7,3.66,3.67,3.71,3.64,20663471.0,76114013.0,15:34:59,2026-07-30
sh601577,长沙银行,9.67,0.23,2.436,9.66,9.67,9.44,9.44,9.69,9.42,27924468.0,266443208.0,15:34:59,2026-07-30
sh601579,会稽山,15.27,0.23,1.529,15.27,15.28,15.04,14.86,16.0,14.86,14298021.0,222160815.0,15:34:59,2026-07-30
sh601588,北辰实业,1.67,-0.02,-1.183,1.67,1.68,1.69,1.68,1.72,1.66,33942400.0,57378902.0,15:00:03,2026-07-30
sh601595,上海电影,16.98,0.08,0.473,16.98,16.99,16.9,16.81,17.45,16.78,7529420.0,128830696.0,15:34:59,2026-07-30
sh601598,中国外运,6.61,0.21,3.281,6.6,6.61,6.4,6.41,6.62,6.38,26992202.0,176790917.0,15:34:59,2026-07-30
sh601599,浙文影业,2.97,-0.01,-0.336,2.97,2.98,2.98,2.97,3.04,2.95,20196100.0,60551865.0,15:00:03,2026-07-30
sh601600,中国铝业,9.55,0.03,0.315,9.54,9.55,9.52,9.55,9.87,9.51,252251912.0,2434851444.0,15:34:59,2026-07-30
sh601601,中国太保,32.8,0.87,2.725,32.79,32.8,31.93,31.82,32.93,31.82,67526602.0,2198999413.0,15:34:59,2026-07-30
sh601606,长城军工,35.65,2.32,6.961,35.64,35.65,33.33,32.62,36.21,31.98,82730301.0,2856282319.0,15:34:59,2026-07-30
sh601607,上海医药,16.76,0.16,0.964,16.76,16.77,16.6,16.56,16.79,16.53,11628860.0,193935013.0,15:34:59,2026-07-30
sh601608,中信重工,4.59,-0.02,-0.434,4.59,4.6,4.61,4.56,4.67,4.54,45424741.0,209440772.0,15:34:59,2026-07-30
sh601609,金田股份,9.75,-0.32,-3.178,9.75,9.76,10.07,9.95,10.14,9.62,30304813.0,298488541.0,15:34:59,2026-07-30
sh601611,中国核建,10.49,-0.03,-0.285,10.49,10.5,10.52,10.46,10.66,10.29,32009086.0,335333030.0,15:34:59,2026-07-30
sh601615,明阳智能,11.16,-0.11,-0.976,11.16,11.17,11.27,11.18,11.46,11.12,40332790.0,454904730.0,15:34:59,2026-07-30
sh601616,广电电气,3.8,0.35,10.145,3.8,0.0,3.45,3.61,3.8,3.61,54199500.0,203887724.0,15:34:59,2026-07-30
sh601618,中国中冶,2.71,0.01,0.37,2.71,2.72,2.7,2.69,2.73,2.69,83576058.0,226663818.0,15:34:59,2026-07-30
sh601619,嘉泽新能,4.6,-0.06,-1.288,4.6,4.61,4.66,4.66,4.82,4.51,52824949.0,245428476.0,15:34:59,2026-07-30
sh601628,中国人寿,39.74,0.36,0.914,39.72,39.74,39.38,39.05,39.86,38.84,38998594.0,1536588661.0,15:34:59,2026-07-30
sh601633,长城汽车,17.02,0.4,2.407,17.02,17.03,16.62,16.6,17.1,16.5,22501422.0,380128815.0,15:34:59,2026-07-30
sh601636,旗滨集团,5.42,-0.16,-2.867,5.41,5.42,5.58,5.52,5.67,5.33,81227588.0,445408340.0,15:34:59,2026-07-30
sh601658,邮储银行,5.22,0.1,1.953,5.21,5.22,5.12,5.12,5.22,5.11,201818429.0,1047169752.0,15:34:59,2026-07-30
sh601665,齐鲁银行,6.36,0.09,1.435,6.35,6.36,6.27,6.27,6.4,6.25,70699142.0,447023554.0,15:34:59,2026-07-30
sh601666,平煤股份,7.96,-0.18,-2.211,7.96,7.97,8.14,8.12,8.27,7.84,41665157.0,335391882.0,15:34:59,2026-07-30
sh601668,中国建筑,4.72,0.08,1.724,4.71,4.72,4.64,4.64,4.72,4.63,337884868.0,1582691952.0,15:34:59,2026-07-30
sh601669,中国电建,4.84,0.02,0.415,4.84,4.85,4.82,4.8,4.86,4.8,124557110.0,602047270.0,15:34:59,2026-07-30
sh601677,明泰铝业,16.56,0.1,0.608,16.56,16.57,16.46,16.6,16.98,16.42,28118924.0,468883034.0,15:34:59,2026-07-30
sh601678,滨化股份,6.29,-0.28,-4.262,6.29,6.3,6.57,6.61,6.84,6.24,221308845.0,1430007501.0,15:34:59,2026-07-30
sh601686,友发集团,5.2,0.06,1.167,5.19,5.2,5.14,5.14,5.21,5.13,8377100.0,43411419.0,15:34:59,2026-07-30
sh601688,华泰证券,19.7,-0.46,-2.282,19.69,19.7,20.16,19.97,20.24,19.51,125956709.0,2489385491.0,15:34:59,2026-07-30
sh601689,拓普集团,44.1,-1.48,-3.247,44.09,44.1,45.58,45.08,45.68,44.0,25133353.0,1121558057.0,15:34:59,2026-07-30
sh601696,中银证券,11.67,-0.03,-0.256,11.66,11.67,11.7,11.57,11.88,11.54,40876038.0,478226291.0,15:34:59,2026-07-30
sh601698,中国卫通,24.54,-0.63,-2.503,24.54,24.55,25.17,25.01,25.18,24.5,18619333.0,462153711.0,15:34:59,2026-07-30
sh601699,潞安环能,15.16,-0.29,-1.877,15.15,15.16,15.45,15.39,15.67,14.88,31743507.0,484564664.0,15:34:59,2026-07-30
sh601700,风范股份,4.8,-0.06,-1.235,4.79,4.8,4.86,4.81,4.94,4.75,23508700.0,113746432.0,15:34:59,2026-07-30
sh601702,华峰铝业,15.95,0.65,4.248,15.94,15.95,15.3,15.35,16.22,15.3,22284500.0,356539498.0,15:34:59,2026-07-30
sh601717,中创智领,16.32,0.41,2.577,16.32,16.33,15.91,15.88,16.38,15.84,25532611.0,413115879.0,15:34:59,2026-07-30
sh601718,ST际华,1.77,0.01,0.568,1.76,1.77,1.76,1.8,1.82,1.76,39662000.0,70982099.0,15:34:59,2026-07-30
sh601727,上海电气,6.89,-0.08,-1.148,6.88,6.89,6.97,6.88,7.01,6.84,116681078.0,805686730.0,15:34:59,2026-07-30
sh601728,中国电信,6.49,0.25,4.006,6.48,6.49,6.24,6.21,6.5,6.2,231407056.0,1482283232.0,15:34:59,2026-07-30
sh601766,中国中车,6.33,0.16,2.593,6.32,6.33,6.17,6.17,6.35,6.16,290796811.0,1822581121.0,15:34:59,2026-07-30
sh601777,千里科技,8.55,0.51,6.343,8.54,8.55,8.04,8.01,8.79,7.97,71319815.0,604075396.0,15:34:59,2026-07-30
sh601778,晶科科技,3.54,-0.07,-1.939,3.53,3.54,3.61,3.59,3.65,3.49,134227584.0,478395067.0,15:34:59,2026-07-30
sh601788,光大证券,14.73,0.05,0.341,14.72,14.73,14.68,14.62,14.81,14.6,21394691.0,315136634.0,15:34:59,2026-07-30
sh601789,宁波建工,4.28,-0.09,-2.059,4.28,4.29,4.37,4.35,4.4,4.27,46166337.0,200228634.0,15:34:59,2026-07-30
sh601798,蓝科高新,7.38,-0.09,-1.205,7.38,7.39,7.47,7.41,7.67,7.33,7394699.0,55266385.0,15:00:00,2026-07-30
sh601799,星宇股份,95.05,0.77,0.817,95.05,95.06,94.28,94.33,97.88,93.5,3371259.0,323267887.0,15:34:59,2026-07-30
sh601800,中国交建,6.34,0.11,1.766,6.34,6.35,6.23,6.23,6.36,6.22,50001641.0,314981983.0,15:34:59,2026-07-30
sh601801,皖新传媒,5.69,0.16,2.893,5.69,5.7,5.53,5.54,5.7,5.51,18763326.0,106089343.0,15:34:59,2026-07-30
sh601808,中海油服,12.69,0.37,3.003,12.68,12.69,12.32,12.51,12.75,12.46,32723821.0,413715978.0,15:34:59,2026-07-30
sh601811,新华文轩,12.57,0.24,1.946,12.56,12.57,12.33,12.31,12.57,12.25,2517376.0,31422782.0,15:00:03,2026-07-30
sh601816,京沪高铁,5.21,0.09,1.758,5.2,5.21,5.12,5.11,5.21,5.1,213437303.0,1102908605.0,15:34:59,2026-07-30
sh601818,XD光大银,3.19,0.08,2.572,3.18,3.19,3.11,3.13,3.2,3.12,356039649.0,1127865543.0,15:34:59,2026-07-30
sh601825,沪农商行,8.72,0.38,4.556,8.72,8.73,8.34,8.36,8.73,8.31,43438435.0,372368286.0,15:34:59,2026-07-30
sh601827,三峰环境,8.28,0.19,2.349,8.28,8.29,8.09,8.1,8.28,8.1,10538140.0,86265765.0,15:34:59,2026-07-30
sh601828,美凯龙,2.19,-0.02,-0.905,2.19,2.2,2.21,2.21,2.24,2.17,39884930.0,88119301.0,15:00:03,2026-07-30
sh601838,成都银行,18.71,0.23,1.245,18.7,18.71,18.48,18.47,18.77,18.41,20627390.0,385001497.0,15:34:59,2026-07-30
sh601857,中国石油,11.27,0.38,3.489,11.27,11.28,10.89,10.94,11.27,10.94,205253122.0,2283679177.0,15:34:59,2026-07-30
sh601858,中国科传,18.95,-0.25,-1.302,18.94,18.95,19.2,19.2,19.55,18.65,26233121.0,501574833.0,15:34:59,2026-07-30
sh601860,紫金银行,2.67,0.06,2.299,2.66,2.67,2.61,2.61,2.67,2.61,69048723.0,183186541.0,15:34:59,2026-07-30
sh601865,福莱特,9.99,0.14,1.421,9.99,10.0,9.85,9.81,10.23,9.81,23017866.0,231012963.0,15:34:59,2026-07-30
sh601866,中远海发,2.47,0.03,1.23,2.46,2.47,2.44,2.44,2.48,2.43,74039800.0,182131223.0,15:34:59,2026-07-30
sh601868,中国能建,2.57,0.01,0.391,2.56,2.57,2.56,2.55,2.59,2.55,311832274.0,801688640.0,15:34:59,2026-07-30
sh601869,长飞光纤,262.66,-19.04,-6.759,262.65,262.66,281.7,281.7,292.0,255.55,14414196.0,3906493873.0,15:34:59,2026-07-30
sh601872,招商轮船,16.47,0.18,1.105,16.47,16.48,16.29,16.23,16.98,16.16,105454555.0,1754096952.0,15:34:59,2026-07-30
sh601877,正泰电器,25.13,0.29,1.167,25.13,25.14,24.84,24.7,25.3,24.68,21006290.0,526937820.0,15:34:59,2026-07-30
sh601878,XD浙商证,9.51,0.07,0.742,9.5,9.51,9.44,9.43,9.54,9.41,26066397.0,247475759.0,15:34:59,2026-07-30
sh601880,辽港股份,1.51,0.02,1.342,1.5,1.51,1.49,1.49,1.51,1.48,118903065.0,177946328.0,15:34:59,2026-07-30
sh601881,中国银河,12.57,-0.01,-0.079,12.57,12.58,12.58,12.5,12.63,12.44,30452999.0,382440237.0,15:34:59,2026-07-30
sh601882,海天精工,19.05,-0.18,-0.936,19.04,19.05,19.23,19.13,19.65,19.01,4982300.0,95958051.0,15:34:59,2026-07-30
sh601886,江河集团,8.63,-0.02,-0.231,8.63,8.64,8.65,8.57,8.82,8.56,4445200.0,38551181.0,15:00:03,2026-07-30
sh601888,中国中免,58.08,0.7,1.22,58.07,58.08,57.38,56.99,59.5,56.99,59956529.0,3496907293.0,15:34:59,2026-07-30
sh601890,亚星锚链,8.52,-0.02,-0.234,8.52,8.53,8.54,8.52,8.64,8.46,17016920.0,145730884.0,15:34:59,2026-07-30
sh601898,中煤能源,14.03,0.18,1.3,14.02,14.03,13.85,13.93,14.25,13.81,48948503.0,685396283.0,15:34:59,2026-07-30
sh601899,紫金矿业,32.7,0.55,1.711,32.65,32.7,32.15,32.63,33.18,32.01,284297969.0,9237898413.0,15:34:59,2026-07-30
sh601900,南方传媒,11.94,0.24,2.051,11.93,11.94,11.7,11.64,12.03,11.64,8441128.0,100486287.0,15:34:59,2026-07-30
sh601901,方正证券,7.11,0.03,0.424,7.1,7.11,7.08,7.04,7.12,7.03,57264139.0,405621490.0,15:34:59,2026-07-30
sh601908,京运通,3.06,-0.03,-0.971,3.06,3.07,3.09,3.07,3.14,3.04,34333949.0,106175944.0,15:34:59,2026-07-30
sh601916,浙商银行,3.02,0.07,2.373,3.01,3.02,2.95,2.96,3.03,2.95,222145783.0,666039394.0,15:34:59,2026-07-30
sh601918,新集能源,9.79,-0.04,-0.407,9.79,9.8,9.83,9.83,10.19,9.68,34274308.0,340275062.0,15:34:59,2026-07-30
sh601919,中远海控,15.7,0.15,0.965,15.69,15.7,15.55,15.5,15.7,15.46,80981350.0,1264675058.0,15:34:59,2026-07-30
sh601921,浙版传媒,7.28,0.11,1.534,7.27,7.28,7.17,7.15,7.29,7.13,6885362.0,49857294.0,15:34:59,2026-07-30
sh601928,凤凰传媒,9.82,0.07,0.718,9.82,9.83,9.75,9.73,9.88,9.7,10959061.0,107408771.0,15:34:59,2026-07-30
sh601929,吉视传媒,2.26,-0.04,-1.739,2.26,2.27,2.3,2.28,2.36,2.26,97764700.0,225014745.0,15:34:59,2026-07-30
sh601933,永辉超市,3.23,0.06,1.893,3.23,3.24,3.17,3.13,3.45,3.13,359753424.0,1185361352.0,15:34:59,2026-07-30
sh601939,建设银行,10.97,0.34,3.198,10.96,10.97,10.63,10.61,10.98,10.55,186980940.0,2022561819.0,15:34:59,2026-07-30
sh601949,中国出版,5.36,0.09,1.708,5.35,5.36,5.27,5.24,5.4,5.23,18476601.0,98659017.0,15:00:01,2026-07-30
sh601952,苏垦农发,8.18,0.08,0.988,8.18,8.19,8.1,8.09,8.24,8.08,11198484.0,91559635.0,15:00:01,2026-07-30
sh601956,东贝集团,4.68,0.01,0.214,4.68,4.69,4.67,4.65,4.74,4.65,7453560.0,35061562.0,15:34:59,2026-07-30
sh601958,金钼股份,20.5,-0.62,-2.936,20.5,20.51,21.12,21.04,21.39,20.2,38995702.0,809584685.0,15:34:59,2026-07-30
sh601963,重庆银行,11.56,0.26,2.301,11.55,11.56,11.3,11.2,11.6,11.2,16010025.0,183608589.0,15:34:59,2026-07-30
sh601965,中国汽研,14.8,0.13,0.886,14.8,14.81,14.67,14.67,15.09,14.63,10699400.0,158594848.0,15:34:59,2026-07-30
sh601966,玲珑轮胎,11.54,0.27,2.396,11.54,11.55,11.27,11.24,11.57,11.23,14804482.0,169733719.0,15:34:59,2026-07-30
sh601968,宝钢包装,4.49,0.04,0.899,4.49,4.5,4.45,4.43,4.54,4.43,10755519.0,48314010.0,15:34:59,2026-07-30
sh601969,海南矿业,9.03,0.17,1.919,9.02,9.03,8.86,8.95,9.25,8.92,26460458.0,240223299.0,15:34:59,2026-07-30
sh601975,招商南油,3.62,0.02,0.556,3.62,3.63,3.6,3.6,3.75,3.58,205318857.0,751578324.0,15:34:59,2026-07-30
sh601985,中国核电,9.07,0.11,1.228,9.06,9.07,8.96,8.96,9.08,8.94,117843348.0,1064942186.0,15:34:59,2026-07-30
sh601988,中国银行,6.14,0.13,2.163,6.13,6.14,6.01,5.99,6.14,5.98,347921111.0,2114628097.0,15:34:59,2026-07-30
sh601990,南京证券,6.9,0.06,0.877,6.9,6.91,6.84,6.8,6.92,6.8,23478309.0,161283771.0,15:34:59,2026-07-30
sh601991,大唐发电,5.82,-0.35,-5.673,5.81,5.82,6.17,6.1,6.21,5.8,451712476.0,2689174517.0,15:34:59,2026-07-30
sh601992,金隅集团,1.42,0.01,0.709,1.41,1.42,1.41,1.41,1.43,1.41,53054578.0,75282177.0,15:34:59,2026-07-30
sh601995,中金公司,35.2,0.08,0.228,35.19,35.2,35.12,34.96,35.44,34.68,17503748.0,613700672.0,15:34:59,2026-07-30
sh601996,丰林集团,2.2,-0.03,-1.345,2.2,2.21,2.23,2.23,2.27,2.17,25688941.0,56899225.0,15:00:03,2026-07-30
sh601997,贵阳银行,5.77,0.11,1.943,5.76,5.77,5.66,5.66,5.78,5.64,66331734.0,380549635.0,15:34:59,2026-07-30
sh601998,中信银行,7.93,0.18,2.323,7.92,7.93,7.75,7.74,7.95,7.72,66534486.0,521741396.0,15:34:59,2026-07-30
sh601999,出版传媒,5.84,0.02,0.344,5.83,5.84,5.82,5.78,5.94,5.78,5565800.0,32655449.0,15:00:03,2026-07-30
sh603000,人民网,15.95,0.06,0.378,15.95,15.96,15.89,15.77,16.36,15.77,17921074.0,288217672.0,15:34:59,2026-07-30
sh603001,奥康国际,6.31,-0.14,-2.171,6.31,6.32,6.45,6.39,6.59,6.25,16447400.0,105876080.0,15:34:59,2026-07-30
sh603002,宏昌电子,11.54,-0.99,-7.901,11.54,11.55,12.53,12.5,12.59,11.36,59644146.0,708343450.0,15:34:59,2026-07-30
sh603004,鼎龙科技,17.26,-0.58,-3.251,17.26,17.27,17.84,17.68,17.9,17.22,3866900.0,67696971.0,15:34:59,2026-07-30
sh603005,晶方科技,27.81,-1.82,-6.142,27.8,27.81,29.63,28.99,29.56,27.55,44863393.0,1272900911.0,15:34:59,2026-07-30
sh603006,联明股份,10.04,-0.32,-3.089,10.03,10.04,10.36,10.32,10.49,10.03,3318700.0,33993460.0,15:00:01,2026-07-30
sh603007,顺景科技,4.3,-0.23,-5.077,4.29,4.3,4.53,4.49,4.55,4.3,26292571.0,115639744.0,15:34:59,2026-07-30
sh603008,ST喜临门,7.7,-0.14,-1.786,7.69,7.7,7.84,7.83,7.84,7.62,5302500.0,40890915.0,15:34:59,2026-07-30
sh603009,北特科技,35.54,-1.75,-4.693,35.53,35.54,37.29,36.85,37.3,35.0,7160044.0,256868015.0,15:34:59,2026-07-30
sh603010,万盛股份,9.63,-0.34,-3.41,9.63,9.64,9.97,9.84,9.98,9.52,10584470.0,102875934.0,15:34:59,2026-07-30
sh603011,合锻智能,16.5,-1.21,-6.832,16.5,16.51,17.71,17.55,18.24,16.44,40642838.0,695963432.0,15:34:59,2026-07-30
sh603012,创力集团,7.88,-0.1,-1.253,7.88,7.89,7.98,7.9,8.05,7.88,12301100.0,97760810.0,15:34:59,2026-07-30
sh603013,亚普股份,17.15,0.25,1.479,17.14,17.15,16.9,16.9,17.29,16.71,3744300.0,64041531.0,15:34:59,2026-07-30
sh603014,威高血净,31.85,-0.53,-1.637,31.85,31.9,32.38,32.12,32.61,31.63,1408042.0,45254405.0,15:00:03,2026-07-30
sh603015,弘讯科技,9.66,-0.14,-1.429,9.65,9.66,9.8,9.78,10.04,9.6,4814387.0,47128856.0,15:34:59,2026-07-30
sh603016,新宏泰,26.8,-0.53,-1.939,26.8,26.83,27.33,27.24,27.59,26.7,2330500.0,63107312.0,15:00:01,2026-07-30
sh603017,中衡设计,8.73,-0.14,-1.578,8.72,8.73,8.87,8.78,9.02,8.69,5486500.0,48486970.0,15:00:03,2026-07-30
sh603018,华设集团,5.27,0.04,0.765,5.26,5.27,5.23,5.22,5.35,5.19,7274527.0,38507007.0,15:00:05,2026-07-30
sh603019,中科曙光,81.0,-5.64,-6.51,80.99,81.0,86.64,85.49,86.65,80.55,67066681.0,5557710529.0,15:34:59,2026-07-30
sh603020,爱普股份,9.05,-0.3,-3.209,9.05,9.06,9.35,9.36,9.45,8.95,7639500.0,69899764.0,15:00:03,2026-07-30
sh603021,*ST华鹏,6.64,-0.21,-3.066,6.64,6.65,6.85,6.81,6.92,6.6,3659900.0,24694471.0,15:00:03,2026-07-30
sh603022,新通联,7.89,0.04,0.51,7.87,7.89,7.85,7.84,8.04,7.71,4081700.0,32264201.0,15:00:01,2026-07-30
sh603023,威帝股份,3.5,-0.11,-3.047,3.49,3.5,3.61,3.64,3.67,3.47,13655317.0,48709713.0,15:00:03,2026-07-30
sh603025,大豪科技,13.33,0.05,0.377,13.33,13.34,13.28,13.36,13.57,13.18,8940772.0,119738581.0,15:34:59,2026-07-30
sh603026,石大胜华,64.77,-1.66,-2.499,64.76,64.77,66.43,65.59,66.32,64.28,10985888.0,715455499.0,15:34:59,2026-07-30
sh603027,千禾味业,7.95,0.16,2.054,7.94,7.95,7.79,7.78,8.13,7.77,34731049.0,277544492.0,15:34:59,2026-07-30
sh603028,赛福天,6.17,-0.08,-1.28,6.17,6.18,6.25,6.25,6.36,6.1,3633630.0,22637156.0,15:00:03,2026-07-30
sh603029,天鹅股份,14.09,0.1,0.715,14.09,14.1,13.99,13.99,14.37,13.8,2407400.0,33992453.0,15:34:59,2026-07-30
sh603030,全筑股份,1.86,-0.04,-2.105,1.85,1.86,1.9,1.91,1.97,1.84,43408262.0,82543559.0,15:00:03,2026-07-30
sh603031,安孚科技,34.06,-2.05,-5.677,34.05,34.06,36.11,35.88,36.28,33.37,19954184.0,692274799.0,15:34:59,2026-07-30
sh603032,德新科技,16.48,-0.66,-3.851,16.48,16.49,17.14,16.98,17.22,16.47,7230407.0,121495316.0,15:34:59,2026-07-30
sh603033,三维股份,7.36,-0.35,-4.54,7.36,7.37,7.71,7.75,7.78,7.29,11630902.0,87057089.0,15:00:03,2026-07-30
sh603035,常熟汽饰,11.09,0.16,1.464,11.08,11.09,10.93,10.85,11.15,10.84,4329200.0,47915274.0,15:00:01,2026-07-30
sh603036,如通股份,11.43,-0.5,-4.191,11.43,11.45,11.93,11.84,11.98,11.4,4297500.0,50133463.0,15:34:59,2026-07-30
sh603037,凯众股份,9.71,-0.1,-1.019,9.7,9.71,9.81,9.68,9.88,9.65,5431701.0,53122105.0,15:00:03,2026-07-30
sh603038,华立股份,11.47,-0.6,-4.971,11.47,11.48,12.07,11.93,12.17,11.43,5620000.0,65940582.0,15:00:03,2026-07-30
sh603039,泛微网络,34.02,3.09,9.99,34.02,0.0,30.93,30.7,34.02,30.65,23136321.0,758642596.0,15:34:59,2026-07-30
sh603040,新坐标,50.55,-1.65,-3.161,50.36,50.55,52.2,52.2,52.2,48.9,2205260.0,110471008.0,15:00:03,2026-07-30
sh603041,美思德,9.89,-0.05,-0.503,9.88,9.89,9.94,9.96,10.15,9.72,2205200.0,21961373.0,15:00:03,2026-07-30
sh603042,华脉科技,10.93,-0.53,-4.625,10.93,10.94,11.46,11.3,11.49,10.91,9626530.0,107333757.0,15:34:59,2026-07-30
sh603043,广州酒家,14.19,0.26,1.866,14.18,14.19,13.93,13.93,14.38,13.93,6945240.0,98393708.0,15:34:59,2026-07-30
sh603045,福达合金,45.57,-3.04,-6.254,45.56,45.59,48.61,48.63,49.58,44.77,6660418.0,310859855.0,15:34:59,2026-07-30
sh603048,浙江黎明,17.18,-0.69,-3.861,17.18,17.28,17.87,17.9,18.15,17.11,1974200.0,34740005.0,15:00:06,2026-07-30
sh603049,中策橡胶,50.18,0.69,1.394,50.17,50.19,49.49,49.3,50.56,49.11,3384182.0,169741380.0,15:34:59,2026-07-30
sh603050,科林电气,18.15,-0.07,-0.384,18.14,18.15,18.22,18.26,18.38,17.9,2657796.0,48269780.0,15:34:59,2026-07-30
sh603051,鹿山新材,17.63,-0.37,-2.056,17.63,17.65,18.0,17.83,18.66,17.53,6863712.0,123989673.0,15:00:03,2026-07-30
sh603052,可川科技,44.3,-3.62,-7.554,44.3,44.38,47.92,47.92,48.1,43.9,3971108.0,180335757.0,15:34:59,2026-07-30
sh603053,成都燃气,8.89,0.11,1.253,8.88,8.89,8.78,8.8,8.91,8.71,2770000.0,24553809.0,15:00:03,2026-07-30
sh603055,台华新材,8.71,0.17,1.991,8.7,8.71,8.54,8.53,8.75,8.52,5635100.0,48820743.0,15:34:59,2026-07-30
sh603057,紫燕食品,22.41,-0.04,-0.178,22.39,22.41,22.45,23.3,23.3,22.0,5551100.0,124674383.0,15:34:59,2026-07-30
sh603058,永吉股份,8.61,-0.94,-9.843,8.6,8.61,9.55,9.43,9.7,8.6,15639000.0,139847280.0,15:00:03,2026-07-30
sh603059,倍加洁,23.76,-0.52,-2.142,23.73,23.76,24.28,24.75,24.75,23.64,2338699.0,56297988.0,15:00:03,2026-07-30
sh603060,国检集团,5.37,0.03,0.562,5.37,5.38,5.34,5.3,5.43,5.3,6046115.0,32514088.0,15:34:59,2026-07-30
sh603061,金海通,243.98,-26.11,-9.667,243.9,243.98,270.09,265.84,272.95,243.08,4383642.0,1110499347.0,15:34:59,2026-07-30
sh603062,麦加芯彩,36.02,0.32,0.896,36.02,36.04,35.7,35.48,36.61,35.41,437100.0,15799374.0,15:00:00,2026-07-30
sh603063,禾望电气,27.08,-1.88,-6.492,27.08,27.11,28.96,28.93,29.2,27.0,25077868.0,696670636.0,15:34:59,2026-07-30
sh603065,宿迁联盛,13.01,-1.44,-9.965,0.0,13.01,14.45,13.01,14.2,13.01,46394531.0,616173002.0,15:34:59,2026-07-30
sh603066,音飞储存,8.7,-0.09,-1.024,8.7,8.72,8.79,8.8,8.89,8.63,3946900.0,34605379.0,15:00:03,2026-07-30
sh603067,振华股份,28.31,-3.15,-10.013,0.0,28.31,31.46,30.01,31.07,28.31,34264402.0,990517949.0,15:34:59,2026-07-30
sh603068,博通集成,35.75,-3.97,-9.995,0.0,35.75,39.72,38.95,39.33,35.75,18294800.0,675236309.0,15:34:59,2026-07-30
sh603069,海汽集团,12.75,0.01,0.078,12.75,12.76,12.74,12.65,13.09,12.65,3577810.0,46102542.0,15:00:03,2026-07-30
sh603070,万控智造,11.0,-0.07,-0.632,11.0,11.01,11.07,11.13,11.25,10.91,2244400.0,24880247.0,15:34:59,2026-07-30
sh603071,物产环能,12.02,0.07,0.586,12.02,12.04,11.95,12.02,12.09,11.86,2188100.0,26222820.0,15:34:59,2026-07-30
sh603072,天和磁材,31.71,0.02,0.063,31.71,31.72,31.69,31.53,32.1,31.3,1810567.0,57527719.0,15:34:59,2026-07-30
sh603073,彩蝶实业,14.76,0.07,0.477,14.76,14.78,14.69,14.74,15.12,14.4,1438490.0,21293912.0,15:00:03,2026-07-30
sh603075,热威股份,18.03,-0.31,-1.69,18.02,18.03,18.34,18.57,18.62,18.01,2472884.0,45299612.0,15:34:59,2026-07-30
sh603076,乐惠国际,19.8,0.25,1.279,19.8,19.82,19.55,19.41,20.78,19.37,3498305.0,70671177.0,15:34:59,2026-07-30
sh603077,和邦生物,2.35,-0.01,-0.424,2.34,2.35,2.36,2.34,2.39,2.32,146818551.0,345121010.0,15:34:59,2026-07-30
sh603078,江化微,27.69,-2.89,-9.451,27.69,27.7,30.58,30.11,30.47,27.59,22771807.0,650719578.0,15:34:59,2026-07-30
sh603079,圣达生物,10.85,0.11,1.024,10.85,10.86,10.74,10.79,11.05,10.64,3226900.0,35058492.0,15:00:03,2026-07-30
sh603080,新疆火炬,17.78,-0.37,-2.039,17.78,17.81,18.15,18.1,18.28,17.72,1534800.0,27606254.0,15:00:03,2026-07-30
sh603081,大丰实业,8.43,-0.09,-1.056,8.42,8.43,8.52,8.51,8.61,8.36,4499200.0,38207598.0,15:00:01,2026-07-30
sh603082,北自科技,37.27,0.48,1.305,37.27,37.28,36.79,36.5,38.5,36.11,6676201.0,251450263.0,15:34:59,2026-07-30
sh603083,剑桥科技,130.13,-14.46,-10.001,0.0,130.13,144.59,140.7,144.4,130.13,24634901.0,3307403665.0,15:34:59,2026-07-30
sh603085,天成自控,9.13,-0.15,-1.616,9.13,9.14,9.28,9.22,9.42,9.08,6769000.0,62541366.0,15:00:03,2026-07-30
sh603086,先达股份,5.42,0.11,2.072,5.41,5.42,5.31,5.26,5.48,5.26,11740640.0,63706358.0,15:34:59,2026-07-30
sh603087,甘李药业,67.9,-0.21,-0.308,67.9,67.91,68.11,68.0,68.6,66.73,9344366.0,632346053.0,15:34:59,2026-07-30
sh603088,宁波精达,8.96,-0.16,-1.754,8.96,8.97,9.12,9.09,9.1,8.93,6567006.0,59200359.0,15:00:03,2026-07-30
sh603089,正裕工业,8.29,0.02,0.242,8.27,8.29,8.27,8.27,8.39,8.14,1878100.0,15555772.0,15:00:01,2026-07-30
sh603090,宏盛股份,34.8,-2.5,-6.702,34.8,34.85,37.3,37.2,37.34,34.45,3009200.0,106893155.0,15:34:59,2026-07-30
sh603091,众鑫股份,47.1,0.38,0.813,47.1,47.25,46.72,46.75,48.2,46.69,589640.0,28008944.0,15:00:03,2026-07-30
sh603092,德力佳,49.6,0.73,1.494,49.59,49.6,48.87,48.76,50.45,48.59,1747105.0,86818812.0,15:34:59,2026-07-30
sh603093,南华期货,17.52,0.25,1.448,17.52,17.53,17.27,17.21,17.69,17.14,9425800.0,164989315.0,15:34:59,2026-07-30
sh603095,越剑智能,11.82,-0.4,-3.273,11.8,11.82,12.22,12.1,12.28,11.69,3050200.0,36510229.0,15:00:03,2026-07-30
sh603096,新经典,14.19,0.11,0.781,14.19,14.2,14.08,14.08,14.41,13.9,1229800.0,17472159.0,15:34:59,2026-07-30
sh603097,江苏华辰,17.75,0.02,0.113,17.75,17.76,17.73,17.5,17.92,17.47,4996180.0,88376330.0,15:34:59,2026-07-30
sh603098,森特股份,9.66,0.0,0.0,9.66,9.67,9.66,9.64,10.19,9.64,6381520.0,62989298.0,15:00:03,2026-07-30
sh603099,长白山,37.96,0.2,0.53,37.95,37.96,37.76,37.6,39.05,37.6,9093405.0,350032032.0,15:34:59,2026-07-30
sh603100,川仪股份,18.32,0.12,0.659,18.32,18.33,18.2,18.27,18.54,18.15,4671545.0,85788695.0,15:34:59,2026-07-30
sh603101,汇嘉时代,7.16,-0.18,-2.452,7.16,7.17,7.34,7.28,7.48,7.12,13261801.0,96603079.0,15:34:59,2026-07-30
sh603102,百合股份,32.7,0.01,0.031,32.7,32.9,32.69,32.69,33.54,32.41,761899.0,25175613.0,15:00:03,2026-07-30
sh603103,横店影视,13.9,-0.04,-0.287,13.89,13.9,13.94,13.93,14.43,13.77,6237079.0,87697402.0,15:00:03,2026-07-30
sh603105,芯能科技,7.1,-0.02,-0.281,7.1,7.11,7.12,7.14,7.27,7.08,8596488.0,61489711.0,15:00:03,2026-07-30
sh603106,恒银科技,6.79,0.06,0.892,6.79,6.8,6.73,6.73,6.99,6.7,9253584.0,63536045.0,15:34:59,2026-07-30
sh603107,上海汽配,11.6,0.08,0.694,11.59,11.6,11.52,11.5,11.69,11.47,1944209.0,22543431.0,15:34:59,2026-07-30
sh603108,润达医疗,9.45,-0.05,-0.526,9.45,9.46,9.5,9.46,9.76,9.36,15765998.0,150502455.0,15:34:59,2026-07-30
sh603109,神驰机电,16.49,-0.06,-0.363,16.49,16.5,16.55,16.26,16.75,16.26,1375800.0,22749154.0,15:00:03,2026-07-30
sh603110,东方材料,21.79,0.53,2.493,21.79,21.8,21.26,21.49,22.36,21.08,17947784.0,393202469.0,15:34:59,2026-07-30
sh603111,康尼机电,5.71,-0.04,-0.696,5.71,5.72,5.75,5.72,5.82,5.66,4718706.0,27082093.0,15:00:03,2026-07-30
sh603112,华翔股份,13.92,-0.12,-0.855,13.92,13.93,14.04,14.0,14.19,13.7,4197185.0,58643947.0,15:34:59,2026-07-30
sh603113,金能科技,4.39,0.01,0.228,4.38,4.39,4.38,4.36,4.48,4.34,8777006.0,38663950.0,15:00:03,2026-07-30
sh603115,海星股份,62.95,-6.96,-9.956,62.95,63.0,69.91,68.85,70.88,62.92,11541000.0,759609349.0,15:34:59,2026-07-30
sh603116,红蜻蜓,5.22,-0.12,-2.247,5.22,5.23,5.34,5.33,5.44,5.21,5726660.0,30480798.0,15:00:03,2026-07-30
sh603117,万林物流,3.52,0.01,0.285,3.52,3.53,3.51,3.51,3.61,3.49,8757300.0,31121896.0,15:00:03,2026-07-30
sh603118,共进股份,14.98,-1.66,-9.976,0.0,14.98,16.64,15.81,16.08,14.98,84843970.0,1291276454.0,15:34:59,2026-07-30
sh603119,浙江荣泰,42.6,-1.76,-3.968,42.59,42.6,44.36,44.12,44.34,41.87,11822644.0,506751751.0,15:34:59,2026-07-30
sh603120,肯特催化,40.66,-1.34,-3.19,40.66,40.67,42.0,41.8,41.97,40.55,2979901.0,122600695.0,15:34:59,2026-07-30
sh603121,华培动力,10.87,-0.37,-3.292,10.87,10.88,11.24,11.22,11.45,10.82,5604776.0,62282133.0,15:00:03,2026-07-30
sh603122,合富中国,9.99,-0.28,-2.726,9.98,9.99,10.27,10.19,10.55,9.94,13664100.0,139658841.0,15:34:59,2026-07-30
sh603123,翠微股份,9.15,0.03,0.329,9.14,9.15,9.12,8.95,9.48,8.95,48518399.0,446442615.0,15:34:59,2026-07-30
sh603124,江南新材,99.42,-11.01,-9.97,99.42,99.5,110.43,110.57,111.74,99.39,6359543.0,659385441.0,15:34:59,2026-07-30
sh603125,常青科技,19.45,-0.76,-3.761,19.45,19.51,20.21,19.8,20.43,19.42,4406104.0,87000080.0,15:00:03,2026-07-30
sh603126,中材节能,5.83,-0.03,-0.512,5.82,5.83,5.86,5.92,6.07,5.8,9897158.0,58574075.0,15:34:59,2026-07-30
sh603127,昭衍新药,40.05,-3.89,-8.853,40.05,40.06,43.94,43.93,44.0,40.0,55289351.0,2295846687.0,15:34:59,2026-07-30
sh603128,华贸物流,5.38,0.13,2.476,5.38,5.39,5.25,5.23,5.39,5.23,14595091.0,77864412.0,15:00:03,2026-07-30
sh603129,春风动力,307.28,4.28,1.413,307.28,307.29,303.0,300.0,313.0,295.01,2107423.0,641729779.0,15:34:59,2026-07-30
sh603130,云中马,36.72,-0.98,-2.599,36.72,36.73,37.7,37.97,37.97,36.43,1176140.0,43487003.0,15:00:03,2026-07-30
sh603131,上海沪工,13.99,-0.26,-1.825,13.99,14.0,14.25,14.17,14.39,13.93,5173787.0,73216465.0,15:34:59,2026-07-30
sh603132,金徽股份,15.62,0.17,1.1,15.61,15.62,15.45,15.68,15.86,15.44,4749900.0,74409421.0,15:34:59,2026-07-30
sh603135,中重科技,8.47,-0.31,-3.531,8.47,8.48,8.78,8.78,8.81,8.43,12437300.0,106613353.0,15:34:59,2026-07-30
sh603136,天目湖,8.76,0.0,0.0,8.76,8.77,8.76,8.76,8.98,8.75,4059728.0,35990297.0,15:00:01,2026-07-30
sh603137,恒尚节能,26.21,2.38,9.987,26.21,0.0,23.83,23.48,26.21,22.58,31652264.0,814847799.0,15:34:59,2026-07-30
sh603138,海量数据,11.65,-0.33,-2.755,11.64,11.65,11.98,12.12,12.28,11.59,7801600.0,92896576.0,15:00:03,2026-07-30
sh603139,康惠股份,30.07,-1.39,-4.418,30.07,30.08,31.46,31.31,31.71,30.0,2250400.0,69305262.0,15:00:03,2026-07-30
sh603150,万朗磁塑,45.11,-2.63,-5.509,45.11,45.2,47.74,47.98,47.98,44.14,1553600.0,70687994.0,15:00:01,2026-07-30
sh603151,邦基科技,12.01,0.08,0.671,12.01,12.02,11.93,11.93,12.25,11.86,3108200.0,37481549.0,15:00:01,2026-07-30
sh603153,上海建科,13.5,0.34,2.584,13.5,13.51,13.16,13.22,13.68,13.16,2963200.0,39824853.0,15:34:59,2026-07-30
sh603155,新亚强,11.79,-0.84,-6.651,11.79,11.8,12.63,12.49,12.62,11.73,13647372.0,164255586.0,15:34:59,2026-07-30
sh603156,养元饮品,37.35,0.0,0.0,37.34,37.35,37.35,37.3,37.94,36.15,13506157.0,502861065.0,15:34:59,2026-07-30
sh603158,腾龙股份,8.54,-0.32,-3.612,8.54,8.55,8.86,8.83,8.95,8.51,14297068.0,124273915.0,15:34:59,2026-07-30
sh603159,上海亚虹,17.33,-1.02,-5.559,17.32,17.33,18.35,18.14,18.75,17.28,2659900.0,46996862.0,15:34:59,2026-07-30
sh603160,汇顶科技,52.23,-0.36,-0.685,52.23,52.24,52.59,52.06,52.84,51.64,6061073.0,317058533.0,15:34:59,2026-07-30
sh603161,科华控股,13.89,-0.95,-6.402,13.89,13.9,14.84,15.0,15.06,13.76,6910021.0,98529093.0,15:34:59,2026-07-30
sh603162,海通发展,10.62,-0.42,-3.804,10.62,10.63,11.04,10.93,11.1,10.57,35117500.0,379191379.0,15:34:59,2026-07-30
sh603163,圣晖集成,69.95,-7.77,-9.997,0.0,69.95,77.72,81.22,81.22,69.95,3607600.0,265104812.0,15:34:59,2026-07-30
sh603165,荣晟环保,13.15,0.17,1.31,13.14,13.15,12.98,12.92,13.24,12.91,4146000.0,54368788.0,15:34:59,2026-07-30
sh603166,福达股份,10.3,-0.17,-1.624,10.29,10.3,10.47,10.41,10.52,10.14,7418267.0,76676382.0,15:34:59,2026-07-30
sh603167,渤海轮渡,8.75,0.04,0.459,8.75,8.76,8.71,8.69,8.8,8.67,4431500.0,38757494.0,15:34:59,2026-07-30
sh603168,莎普爱思,5.07,-0.07,-1.362,5.07,5.08,5.14,5.11,5.22,5.03,7221440.0,37031084.0,15:00:03,2026-07-30
sh603169,兰石重装,6.91,0.21,3.134,6.91,6.92,6.7,6.71,6.98,6.68,24951020.0,171739278.0,15:34:59,2026-07-30
sh603170,宝立食品,13.33,0.74,5.878,13.33,13.34,12.59,12.54,13.85,12.52,13170282.0,176561665.0,15:34:59,2026-07-30
sh603171,税友股份,41.47,3.77,10.0,41.47,0.0,37.7,37.2,41.47,37.2,8941174.0,361568662.0,15:34:59,2026-07-30
sh603172,万丰股份,15.51,-0.14,-0.895,15.51,15.52,15.65,15.5,16.14,15.4,2306759.0,36248787.0,15:00:03,2026-07-30
sh603173,福斯达,31.35,-0.5,-1.57,31.33,31.35,31.85,31.74,32.19,31.25,738100.0,23405093.0,15:00:01,2026-07-30
sh603175,超颖电子,70.68,-6.89,-8.882,70.68,70.7,77.57,77.0,77.6,70.23,3802577.0,276030974.0,15:34:59,2026-07-30
sh603176,汇通集团,4.14,-0.05,-1.193,4.14,4.15,4.19,4.19,4.28,4.1,3481300.0,14590655.0,15:00:03,2026-07-30
sh603177,德创环保,8.44,-0.14,-1.632,8.44,8.45,8.58,8.66,8.78,8.32,3633900.0,31043003.0,15:00:03,2026-07-30
sh603178,圣龙股份,16.87,0.24,1.443,16.87,16.88,16.63,16.62,16.98,16.38,25991672.0,435318357.0,15:34:59,2026-07-30
sh603179,新泉股份,35.91,-1.92,-5.075,35.9,35.91,37.83,37.74,38.0,35.66,17595047.0,643302688.0,15:34:59,2026-07-30
sh603180,金牌家居,14.52,0.1,0.693,14.48,14.52,14.42,14.33,14.87,14.33,1396400.0,20423716.0,15:00:01,2026-07-30
sh603181,皇马科技,12.75,-0.12,-0.932,12.75,12.76,12.87,12.89,13.22,12.74,6977556.0,90515193.0,15:34:59,2026-07-30
sh603182,嘉华股份,11.54,0.01,0.087,11.49,11.54,11.53,11.53,11.78,11.4,1706800.0,19780506.0,15:00:01,2026-07-30
sh603183,建研院,4.0,-0.16,-3.846,4.0,4.01,4.16,4.12,4.18,3.96,21382063.0,86639552.0,15:00:03,2026-07-30
sh603185,弘元绿能,15.37,1.4,10.021,15.37,0.0,13.97,13.87,15.37,13.87,18246176.0,272395198.0,15:34:59,2026-07-30
sh603186,华正新材,101.81,-10.61,-9.438,101.8,101.81,112.42,112.65,113.81,101.44,14387587.0,1524376125.0,15:34:59,2026-07-30
sh603187,海容冷链,12.58,0.3,2.443,12.56,12.58,12.28,12.22,12.74,12.19,10550395.0,132444744.0,15:34:59,2026-07-30
sh603188,亚邦股份,3.84,-0.09,-2.29,3.84,3.85,3.93,3.9,3.98,3.8,12976300.0,50370003.0,15:00:01,2026-07-30
sh603189,*ST网达,8.38,-0.3,-3.456,8.38,8.4,8.68,8.64,8.75,8.31,3191000.0,27278324.0,15:00:03,2026-07-30
sh603190,亚通精工,15.56,0.02,0.129,15.56,15.57,15.54,15.42,15.77,15.26,1782090.0,27712940.0,15:34:59,2026-07-30
sh603191,望变电气,13.58,-0.25,-1.808,13.58,13.59,13.83,13.6,13.96,13.51,8847613.0,121229754.0,15:34:59,2026-07-30
sh603192,汇得科技,19.27,-1.06,-5.214,19.26,19.27,20.33,20.2,20.33,18.9,3694900.0,71807112.0,15:00:01,2026-07-30
sh603193,润本股份,22.36,0.29,1.314,22.35,22.36,22.07,21.92,22.8,21.65,6364320.0,142398082.0,15:34:59,2026-07-30
sh603194,中力股份,35.37,0.56,1.609,35.37,35.38,34.81,34.77,35.73,34.65,1843919.0,65228145.0,15:00:03,2026-07-30
sh603195,公牛集团,42.27,0.99,2.398,42.27,42.28,41.28,41.12,42.73,41.0,8843615.0,373257061.0,15:34:59,2026-07-30
sh603196,璞源材料,18.71,-1.03,-5.218,18.71,18.72,19.74,19.66,19.92,18.71,2346000.0,45088425.0,15:00:03,2026-07-30
sh603197,保隆科技,28.16,-0.26,-0.915,28.16,28.2,28.42,28.45,28.95,27.85,3363597.0,95505703.0,15:34:59,2026-07-30
sh603198,迎驾贡酒,38.12,1.47,4.011,38.11,38.12,36.65,36.36,39.26,36.36,13671393.0,524256060.0,15:34:59,2026-07-30
sh603199,九华旅游,32.65,0.52,1.618,32.64,32.65,32.13,32.24,32.79,32.15,2212000.0,72117958.0,15:00:03,2026-07-30
sh603200,上海洗霸,36.05,-0.25,-0.689,36.05,36.06,36.3,36.11,37.62,35.71,12079054.0,443451492.0,15:34:59,2026-07-30
sh603201,常润股份,15.13,-0.07,-0.461,15.1,15.13,15.2,15.2,16.26,14.96,7436267.0,115818432.0,15:34:59,2026-07-30
sh603202,天有为,54.68,1.74,3.287,54.67,54.68,52.94,52.93,55.37,52.72,2473226.0,134735397.0,15:34:59,2026-07-30
sh603203,快克智能,34.98,-3.05,-8.02,34.97,34.98,38.03,37.99,38.28,34.8,11276991.0,406007800.0,15:34:59,2026-07-30
sh603205,健尔康,20.42,-0.22,-1.066,20.42,20.43,20.64,20.6,20.84,20.34,857710.0,17638626.0,15:00:03,2026-07-30
sh603206,嘉环科技,13.02,-0.25,-1.884,13.02,13.03,13.27,13.2,13.38,12.96,3218800.0,42365027.0,15:00:00,2026-07-30
sh603207,小方制药,22.04,0.09,0.41,22.04,22.05,21.95,21.95,22.33,21.75,1472007.0,32456733.0,15:00:03,2026-07-30
sh603208,江山欧派,10.44,-0.06,-0.571,10.44,10.46,10.5,10.5,10.72,10.3,2233169.0,23519257.0,15:00:03,2026-07-30
sh603209,兴通股份,13.33,0.2,1.523,13.33,13.34,13.13,13.2,13.56,13.16,5289400.0,70757833.0,15:00:03,2026-07-30
sh603210,泰鸿万立,13.51,0.11,0.821,13.5,13.51,13.4,13.3,13.79,13.3,3175869.0,42994097.0,15:00:03,2026-07-30
sh603211,晋拓股份,20.21,-2.25,-10.018,0.0,20.21,22.46,22.41,22.43,20.21,11210600.0,233448213.0,15:34:59,2026-07-30
sh603212,赛伍技术,10.7,0.08,0.753,10.69,10.7,10.62,10.89,10.93,10.57,14757529.0,158888811.0,15:00:03,2026-07-30
sh603213,镇洋发展,13.6,-0.07,-0.512,13.6,13.61,13.67,13.61,13.74,13.54,2409800.0,32884693.0,15:00:03,2026-07-30
sh603214,爱婴室,12.8,0.03,0.235,12.75,12.8,12.77,12.7,13.03,12.62,2905502.0,37262578.0,15:00:01,2026-07-30
sh603215,比依股份,13.43,-0.13,-0.959,13.43,13.47,13.56,13.65,13.85,13.35,1135000.0,15387459.0,15:00:03,2026-07-30
sh603216,梦天家居,19.21,-0.83,-4.142,19.21,19.23,20.04,19.77,20.1,18.58,4626700.0,89247579.0,15:00:01,2026-07-30
sh603217,元利科技,19.32,0.15,0.782,19.31,19.32,19.17,19.1,19.72,19.05,2292500.0,44423655.0,15:00:03,2026-07-30
sh603218,日月股份,10.12,0.22,2.222,10.12,10.13,9.9,9.88,10.2,9.84,11374315.0,114759011.0,15:34:59,2026-07-30
sh603219,富佳股份,12.31,-0.36,-2.841,12.31,12.32,12.67,12.49,12.67,12.07,3439799.0,42490971.0,15:00:03,2026-07-30
sh603220,中贝通信,17.31,-0.88,-4.838,17.31,17.32,18.19,17.98,18.19,17.3,13443467.0,237370806.0,15:34:59,2026-07-30
sh603221,爱丽家居,20.49,1.86,9.984,20.49,0.0,18.63,20.49,20.49,20.49,3311951.0,67861876.0,15:34:59,2026-07-30
sh603222,济民健康,7.0,-0.43,-5.787,7.0,7.01,7.43,7.35,7.62,6.95,23234100.0,169022616.0,15:34:59,2026-07-30
sh603223,恒通股份,9.74,-0.49,-4.79,9.74,9.75,10.23,10.23,10.32,9.7,15826749.0,157318154.0,15:34:59,2026-07-30
sh603225,新凤鸣,19.35,-0.27,-1.376,19.35,19.37,19.62,19.66,19.85,19.06,12474423.0,242816026.0,15:34:59,2026-07-30
sh603226,菲林格尔,42.99,0.04,0.093,42.98,42.99,42.95,42.5,43.64,40.82,3475600.0,147240231.0,15:34:59,2026-07-30
sh603227,雪峰科技,7.72,0.17,2.252,7.71,7.72,7.55,7.55,7.79,7.53,9603300.0,73919425.0,15:34:59,2026-07-30
sh603228,景旺电子,67.79,-7.53,-9.997,0.0,67.79,75.32,73.81,75.0,67.79,51598381.0,3616561200.0,15:34:59,2026-07-30
sh603229,奥翔药业,7.31,-0.1,-1.35,7.31,7.32,7.41,7.4,7.57,7.27,9012621.0,66570700.0,15:34:59,2026-07-30
sh603230,内蒙新华,8.87,0.0,0.0,8.87,8.88,8.87,8.87,9.02,8.81,2366700.0,21124426.0,15:00:03,2026-07-30
sh603231,索宝蛋白,14.72,0.1,0.684,14.72,14.74,14.62,14.74,15.02,14.53,2393206.0,35443093.0,15:00:01,2026-07-30
sh603232,格尔软件,14.91,0.05,0.336,14.91,14.92,14.86,14.72,15.23,14.68,13748840.0,206636569.0,15:34:59,2026-07-30
sh603233,大参林,19.13,0.15,0.79,19.12,19.13,18.98,19.0,19.65,18.94,9903812.0,190624576.0,15:34:59,2026-07-30
sh603235,天新药业,23.96,-0.06,-0.25,23.96,24.0,24.02,23.8,24.24,23.8,276854.0,6664264.0,15:00:03,2026-07-30
sh603236,移远通信,45.41,-5.05,-10.008,0.0,45.41,50.46,49.5,49.99,45.41,19770606.0,929679587.0,15:34:59,2026-07-30
sh603237,五芳斋,14.17,-0.07,-0.492,14.11,14.17,14.24,14.25,14.34,14.0,1328760.0,18869941.0,15:00:03,2026-07-30
sh603238,诺邦股份,11.54,0.01,0.087,11.54,11.55,11.53,11.58,11.76,11.41,2878190.0,33405356.0,15:34:59,2026-07-30
sh603239,浙江仙通,13.74,0.09,0.659,13.74,13.75,13.65,13.66,13.97,13.56,3900200.0,53737001.0,15:34:59,2026-07-30
sh603248,锡华科技,18.5,0.1,0.543,18.5,18.51,18.4,18.22,18.9,18.22,4713733.0,87408491.0,15:34:59,2026-07-30
sh603255,鼎际得,26.15,1.24,4.978,26.15,26.16,24.91,24.9,26.82,24.7,2657700.0,69171139.0,15:34:59,2026-07-30
sh603256,宏和科技,125.16,-13.91,-10.002,0.0,125.16,139.07,134.11,138.99,125.16,22360210.0,2883036880.0,15:34:59,2026-07-30
sh603257,中国瑞林,60.65,-1.88,-3.007,60.46,60.65,62.53,62.28,63.0,59.88,1022353.0,62528594.0,15:00:03,2026-07-30
sh603258,电魂网络,12.5,-0.12,-0.951,12.5,12.51,12.62,12.88,13.14,12.46,11895400.0,151851656.0,15:34:59,2026-07-30
sh603259,药明康德,125.48,-1.02,-0.806,125.45,125.48,126.5,126.6,126.63,121.41,56017288.0,6936511648.0,15:34:59,2026-07-30
sh603260,合盛硅业,33.29,0.27,0.818,33.28,33.29,33.02,32.92,33.58,32.75,10402847.0,346081551.0,15:34:59,2026-07-30
sh603261,立航科技,41.26,-3.31,-7.427,41.23,41.26,44.57,44.46,44.75,40.88,2041200.0,86087988.0,15:34:59,2026-07-30
sh603262,技源集团,18.7,-0.73,-3.757,18.7,18.71,19.43,19.4,19.54,18.67,1964151.0,37382879.0,15:34:59,2026-07-30
sh603266,天龙股份,14.79,-0.3,-1.988,14.77,14.79,15.09,14.99,15.22,14.74,1982350.0,29631473.0,15:00:03,2026-07-30
sh603267,鸿远电子,50.47,3.16,6.679,50.47,50.48,47.31,47.29,51.98,45.95,18399911.0,892092416.0,15:34:59,2026-07-30
sh603268,松发股份,147.0,-1.99,-1.336,147.0,147.01,148.99,148.0,153.58,145.77,6141356.0,914649982.0,15:34:59,2026-07-30
sh603269,海鸥股份,10.81,-0.81,-6.971,10.81,10.82,11.62,11.45,11.7,10.5,24673560.0,270057425.0,15:34:59,2026-07-30
sh603270,金帝股份,22.85,-1.2,-4.99,22.85,22.86,24.05,24.07,24.07,22.74,3222800.0,74946833.0,15:00:03,2026-07-30
sh603271,永杰新材,41.07,-2.27,-5.238,41.07,41.08,43.34,43.2,43.6,40.7,3220500.0,135104186.0,15:34:59,2026-07-30
sh603272,*ST联翔,13.66,-1.39,-9.236,13.66,13.67,15.05,14.85,14.94,13.62,4685483.0,66300891.0,15:00:03,2026-07-30
sh603273,天元智能,13.26,0.04,0.303,13.26,13.27,13.22,13.12,13.54,13.12,2638300.0,35162391.0,15:34:59,2026-07-30
sh603275,众辰科技,34.06,-0.56,-1.618,34.06,34.07,34.62,34.62,34.79,33.77,695587.0,23819614.0,15:00:01,2026-07-30
sh603276,恒兴新材,14.6,-0.13,-0.883,14.57,14.61,14.73,14.98,15.09,14.56,2175830.0,32245526.0,15:00:03,2026-07-30
sh603277,银都股份,10.81,0.22,2.077,10.81,10.82,10.59,10.53,10.84,10.53,1595580.0,17179844.0,15:34:59,2026-07-30
sh603278,大业股份,8.26,-0.29,-3.392,8.26,8.27,8.55,8.48,8.68,8.21,12054032.0,101184131.0,15:34:59,2026-07-30
sh603279,景津装备,13.53,0.01,0.074,13.52,13.53,13.52,13.45,13.77,13.34,8348100.0,113155353.0,15:34:59,2026-07-30
sh603280,南方路机,24.31,0.03,0.124,24.3,24.33,24.28,24.28,24.69,24.0,1027500.0,25033216.0,15:00:03,2026-07-30
sh603281,江瀚新材,19.98,0.24,1.216,19.98,19.99,19.74,19.43,20.19,19.43,3985168.0,79139839.0,15:00:03,2026-07-30
sh603282,亚光股份,13.62,-0.06,-0.439,13.61,13.62,13.68,13.68,13.9,13.36,1177100.0,16110345.0,15:00:01,2026-07-30
sh603283,赛腾股份,37.29,-3.21,-7.926,37.28,37.29,40.5,40.0,40.9,36.6,27540119.0,1059806886.0,15:34:59,2026-07-30
sh603284,林平发展,39.01,-1.04,-2.597,39.01,39.08,40.05,39.9,40.45,38.94,1689010.0,66918848.0,15:34:59,2026-07-30
sh603285,键邦股份,27.4,-2.89,-9.541,27.39,27.4,30.29,30.28,30.36,27.26,5677242.0,159131457.0,15:34:59,2026-07-30
sh603286,日盈电子,34.32,-2.52,-6.84,34.3,34.32,36.84,36.59,36.8,34.17,3665150.0,128566367.0,15:34:59,2026-07-30
sh603288,海天味业,38.66,1.02,2.71,38.65,38.66,37.64,37.64,38.97,37.51,29261457.0,1127698145.0,15:34:59,2026-07-30
sh603289,泰瑞机器,7.9,-0.08,-1.003,7.89,7.9,7.98,7.99,8.1,7.82,2894200.0,23020875.0,15:00:03,2026-07-30
sh603290,斯达半导,79.08,-3.37,-4.087,79.08,79.09,82.45,81.49,82.96,78.37,6928024.0,558267541.0,15:34:59,2026-07-30
sh603291,联合水务,8.07,-0.05,-0.616,8.07,8.08,8.12,8.03,8.26,8.0,2882636.0,23425718.0,15:00:03,2026-07-30
sh603293,埃泰克,35.8,0.44,1.244,35.8,35.81,35.36,35.09,36.36,35.09,2424508.0,86899559.0,15:34:59,2026-07-30
sh603296,华勤技术,78.8,-4.85,-5.798,78.79,78.8,83.65,82.4,83.99,76.66,33058807.0,2634475473.0,15:34:59,2026-07-30
sh603297,永新光学,86.4,-6.66,-7.157,86.4,86.41,93.06,88.5,91.5,86.4,2438400.0,215240109.0,15:34:59,2026-07-30
sh603298,杭叉集团,28.0,0.02,0.071,28.0,28.01,27.98,28.0,28.24,27.58,7521479.0,210285091.0,15:34:59,2026-07-30
sh603299,苏盐井神,9.35,0.04,0.43,9.34,9.35,9.31,9.26,9.4,9.17,5895700.0,54837246.0,15:00:03,2026-07-30
sh603300,海南华铁,5.0,0.05,1.01,5.0,5.01,4.95,4.9,5.15,4.9,68516960.0,346529673.0,15:34:59,2026-07-30
sh603301,振德医疗,89.26,1.17,1.328,89.23,89.26,88.09,88.08,89.77,87.09,1824400.0,161855282.0,15:34:59,2026-07-30
sh603303,得邦照明,18.23,-1.04,-5.397,18.23,18.26,19.27,18.92,19.66,17.82,3870321.0,71671991.0,15:34:59,2026-07-30
sh603305,旭升集团,11.14,0.05,0.451,11.13,11.14,11.09,11.02,11.3,10.9,20525300.0,228832058.0,15:34:59,2026-07-30
sh603306,华懋科技,54.99,-6.11,-10.0,0.0,54.99,61.1,61.18,61.2,54.99,16244753.0,916759534.0,15:34:59,2026-07-30
sh603307,扬州金泉,22.35,0.09,0.404,22.35,22.42,22.26,22.41,22.93,22.11,841765.0,19000125.0,15:00:03,2026-07-30
sh603308,应流股份,41.49,-2.41,-5.49,41.49,41.5,43.9,43.37,44.09,40.82,18555113.0,778449364.0,15:34:59,2026-07-30
sh603309,维力医疗,11.88,0.04,0.338,11.86,11.88,11.84,11.8,11.98,11.75,4338400.0,51415613.0,15:00:03,2026-07-30
sh603310,巍华新材,14.5,0.02,0.138,14.5,14.52,14.48,14.45,14.58,14.4,1440340.0,20886462.0,15:34:59,2026-07-30
sh603311,金海高科,24.31,-0.77,-3.07,24.31,24.33,25.08,25.03,25.85,23.52,5580371.0,137386678.0,15:00:01,2026-07-30
sh603312,西典新能,30.66,0.01,0.033,30.65,30.66,30.65,30.37,31.57,30.36,684200.0,21217825.0,15:00:03,2026-07-30
sh603313,梦百合,5.54,-0.09,-1.599,5.53,5.54,5.63,5.6,5.73,5.47,23943800.0,133323080.0,15:34:59,2026-07-30
sh603315,福鞍股份,11.43,-0.76,-6.235,11.42,11.43,12.19,12.23,12.33,11.39,11090950.0,131046731.0,15:00:03,2026-07-30
sh603316,诚邦股份,11.48,-0.71,-5.824,11.47,11.48,12.19,12.09,12.23,11.29,12816000.0,149817541.0,15:34:59,2026-07-30
sh603317,天味食品,15.01,0.35,2.387,15.0,15.01,14.66,14.56,15.14,14.53,22537616.0,335767087.0,15:00:01,2026-07-30
sh603318,水发燃气,8.28,-0.5,-5.695,8.28,8.29,8.78,8.78,8.98,8.21,55189508.0,469671397.0,15:34:59,2026-07-30
sh603319,美湖股份,21.13,-2.05,-8.844,21.13,21.14,23.18,22.93,23.1,20.88,17884987.0,389417606.0,15:34:59,2026-07-30
sh603320,迪贝电气,15.21,-0.73,-4.58,15.2,15.21,15.94,16.05,16.19,15.15,2332200.0,36365587.0,15:00:03,2026-07-30
sh603321,梅轮电梯,5.8,-0.04,-0.685,5.79,5.8,5.84,5.83,5.93,5.71,3864200.0,22472471.0,15:00:03,2026-07-30
sh603322,超讯科技,24.31,-1.35,-5.261,24.31,24.32,25.66,25.6,25.9,24.19,4878196.0,121389133.0,15:34:59,2026-07-30
sh603323,苏农银行,4.41,0.09,2.083,4.4,4.41,4.32,4.32,4.42,4.31,42613090.0,186845797.0,15:34:59,2026-07-30
sh603324,盛剑科技,23.18,-2.14,-8.452,23.17,23.18,25.32,25.18,25.63,22.9,7734680.0,183950452.0,15:00:03,2026-07-30
sh603325,博隆技术,52.38,-0.62,-1.17,52.3,52.38,53.0,53.09,53.54,52.21,321300.0,16959755.0,15:00:03,2026-07-30
sh603326,我乐家居,6.13,-0.02,-0.325,6.13,6.14,6.15,6.1,6.26,6.01,6968300.0,42890703.0,15:34:59,2026-07-30
sh603327,福蓉科技,9.11,0.49,5.684,9.1,9.11,8.62,8.44,9.48,8.44,80055923.0,738337757.0,15:34:59,2026-07-30
sh603328,依顿电子,9.17,0.07,0.769,9.16,9.17,9.1,9.01,9.41,9.0,25805836.0,236789918.0,15:34:59,2026-07-30
sh603329,上海雅仕,9.58,0.1,1.055,9.58,9.59,9.48,9.48,9.72,9.41,4070033.0,39042862.0,15:34:59,2026-07-30
sh603330,天洋新材,6.62,-0.06,-0.898,6.61,6.62,6.68,6.59,6.8,6.56,20086380.0,133832158.0,15:34:59,2026-07-30
sh603331,百达精工,11.13,-0.45,-3.886,11.13,11.15,11.58,11.58,11.59,11.13,5731300.0,65029440.0,15:34:59,2026-07-30
sh603332,苏州龙杰,10.45,0.0,0.0,10.44,10.45,10.45,10.45,10.67,10.32,2568800.0,26988765.0,15:00:03,2026-07-30
sh603333,福华尚纬,8.17,-0.42,-4.889,8.17,8.18,8.59,8.46,8.65,8.15,19278001.0,161160997.0,15:34:59,2026-07-30
sh603334,丰倍生物,32.2,0.41,1.29,32.13,32.2,31.79,31.78,33.8,31.7,2761073.0,90047917.0,15:34:59,2026-07-30
sh603335,迪生力,5.69,-0.08,-1.386,5.69,5.7,5.77,5.75,5.82,5.62,15193300.0,87123784.0,15:34:59,2026-07-30
sh603336,宏辉果蔬,8.88,0.69,8.425,8.88,8.89,8.19,8.15,8.99,8.09,34502130.0,291533194.0,15:34:59,2026-07-30
sh603337,杰克科技,39.19,-0.53,-1.334,39.18,39.19,39.72,39.48,40.62,39.0,2995094.0,119629455.0,15:34:59,2026-07-30
sh603338,浙江鼎力,60.38,-0.1,-0.165,60.36,60.38,60.48,59.86,61.44,59.44,6148586.0,371221792.0,15:34:59,2026-07-30
sh603339,四方科技,12.35,0.15,1.23,12.35,12.36,12.2,12.15,12.44,12.12,7897292.0,96911320.0,15:34:59,2026-07-30
sh603341,龙旗科技,34.91,-2.65,-7.055,34.91,34.92,37.56,37.36,37.73,34.87,14647451.0,523732145.0,15:34:59,2026-07-30
sh603344,星德胜,21.4,-0.26,-1.2,21.31,21.4,21.66,21.54,21.89,21.06,1523200.0,32671061.0,15:00:03,2026-07-30
sh603345,安井食品,90.85,1.59,1.781,90.83,90.85,89.26,89.44,93.3,88.11,8752215.0,797518510.0,15:34:59,2026-07-30
sh603348,文灿股份,14.76,1.34,9.985,14.76,0.0,13.42,13.42,14.76,13.32,5827012.0,83619617.0,15:00:03,2026-07-30
sh603350,安乃达,26.6,0.07,0.264,26.6,26.61,26.53,26.58,26.83,26.34,461564.0,12264902.0,15:00:03,2026-07-30
sh603351,威尔药业,22.92,-0.3,-1.292,22.92,22.96,23.22,23.28,23.37,22.76,864400.0,19935530.0,15:00:01,2026-07-30
sh603352,至信股份,27.06,2.46,10.0,27.06,0.0,24.6,24.6,27.06,24.42,4397788.0,115861495.0,15:34:59,2026-07-30
sh603353,和顺石油,27.12,-0.98,-3.488,27.12,27.13,28.1,28.36,28.95,26.7,4902500.0,135679878.0,15:34:59,2026-07-30
sh603355,莱克电气,26.7,-0.6,-2.198,26.7,26.71,27.3,27.3,28.2,26.51,3679786.0,100562505.0,15:34:59,2026-07-30
sh603356,华菱精工,13.63,-0.54,-3.811,13.63,13.64,14.17,14.11,14.37,13.6,3460250.0,48373075.0,15:34:59,2026-07-30
sh603357,设计总院,5.92,0.03,0.509,5.92,5.93,5.89,5.9,6.0,5.86,3778008.0,22411652.0,15:00:03,2026-07-30
sh603358,华达科技,35.41,-2.02,-5.397,35.4,35.41,37.43,40.19,40.99,34.98,17033312.0,646939795.0,15:34:59,2026-07-30
sh603359,*ST东珠,2.12,-0.08,-3.636,2.12,2.13,2.2,2.18,2.23,2.11,8543860.0,18561318.0,15:00:03,2026-07-30
sh603360,百傲化学,12.14,-0.35,-2.802,12.14,12.15,12.49,12.49,12.72,12.11,10349244.0,127976297.0,15:00:03,2026-07-30
sh603363,傲农生物,2.77,-0.01,-0.36,2.76,2.77,2.78,2.78,2.84,2.75,24644200.0,68888668.0,15:34:59,2026-07-30
sh603365,水星家纺,18.64,0.14,0.757,18.64,18.65,18.5,18.45,19.05,18.4,2728200.0,51204619.0,15:00:03,2026-07-30
sh603366,日出东方,6.93,0.24,3.587,6.93,6.94,6.69,6.77,7.1,6.68,28634383.0,197626429.0,15:34:59,2026-07-30
sh603367,辰欣药业,13.85,-0.28,-1.982,13.85,13.86,14.13,14.08,14.25,13.78,12314800.0,172239147.0,15:34:59,2026-07-30
sh603368,柳药集团,15.64,0.13,0.838,15.64,15.65,15.51,15.49,15.67,15.42,3548301.0,55212750.0,15:00:03,2026-07-30
sh603369,今世缘,28.28,0.66,2.39,28.27,28.28,27.62,27.6,29.26,27.48,26464417.0,755826015.0,15:34:59,2026-07-30
sh603370,华新精科,31.68,-0.63,-1.95,31.68,31.69,32.31,32.39,32.39,31.5,718814.0,22918404.0,15:34:59,2026-07-30
sh603373,安邦护卫,32.01,-1.59,-4.732,32.01,32.06,33.6,33.51,33.64,32.01,1591799.0,51815088.0,15:00:03,2026-07-30
sh603375,盛景微,30.42,-2.1,-6.458,30.41,30.42,32.52,32.23,32.47,30.3,2260319.0,70618170.0,15:00:01,2026-07-30
sh603376,大明电子,26.46,2.41,10.021,26.46,0.0,24.05,24.05,26.46,23.91,2986555.0,77095135.0,15:34:59,2026-07-30
sh603377,ST东时,2.81,-0.04,-1.404,2.81,2.82,2.85,2.81,2.86,2.81,1818600.0,5144201.0,15:00:03,2026-07-30
sh603378,*ST亚士,4.99,-0.13,-2.539,4.99,5.0,5.12,5.2,5.22,4.92,5573243.0,28227836.0,15:00:01,2026-07-30
sh603379,三美股份,58.99,-0.17,-0.287,58.99,59.0,59.16,59.08,60.43,58.13,9454213.0,560943235.0,15:34:59,2026-07-30
sh603380,易德龙,29.31,-2.19,-6.952,29.31,29.36,31.5,31.23,31.72,29.02,3949600.0,118734867.0,15:34:59,2026-07-30
sh603381,永臻股份,14.39,-0.01,-0.069,14.38,14.39,14.4,14.34,14.68,14.26,3903900.0,56649217.0,15:00:03,2026-07-30
sh603382,海阳科技,18.6,1.69,9.994,18.6,0.0,16.91,16.78,18.6,16.78,3951786.0,70898214.0,15:00:03,2026-07-30
sh603383,顶点软件,29.86,0.31,1.049,29.86,29.87,29.55,29.75,30.99,29.58,9077943.0,276421833.0,15:34:59,2026-07-30
sh603385,惠达卫浴,4.93,-0.05,-1.004,4.92,4.93,4.98,4.96,5.07,4.83,4328930.0,21574662.0,15:00:03,2026-07-30
sh603386,骏亚科技,10.87,-0.51,-4.482,10.87,10.88,11.38,11.36,11.44,10.72,8566340.0,94572054.0,15:34:59,2026-07-30
sh603387,基蛋生物,8.71,-0.03,-0.343,8.7,8.71,8.74,8.7,8.95,8.62,11510519.0,101032061.0,15:34:59,2026-07-30
sh603389,亚振家居,40.02,-4.38,-9.865,40.02,40.05,44.4,43.39,45.39,39.96,4414300.0,185514553.0,15:34:59,2026-07-30
sh603390,通达电气,9.5,-0.07,-0.731,9.49,9.5,9.57,9.43,9.83,9.43,6195700.0,59712582.0,15:34:59,2026-07-30
sh603391,力聚热能,50.24,-0.66,-1.297,49.8,50.24,50.9,50.6,52.0,49.58,887100.0,44830988.0,15:00:03,2026-07-30
sh603392,万泰生物,30.64,1.19,4.041,30.64,30.65,29.45,29.35,30.85,29.3,7097620.0,215707911.0,15:34:59,2026-07-30
sh603393,新天然气,26.35,0.38,1.463,26.33,26.35,25.97,26.15,26.8,26.0,9015687.0,237742954.0,15:34:59,2026-07-30
sh603395,红四方,23.22,0.02,0.086,23.22,23.23,23.2,23.18,23.69,23.11,3719129.0,87045471.0,15:34:59,2026-07-30
sh603396,金辰股份,23.3,0.0,0.0,23.3,23.32,23.3,23.23,23.88,23.16,2934104.0,69043941.0,15:00:03,2026-07-30
sh603398,*ST沐邦,8.2,-0.48,-5.53,8.2,8.21,8.68,8.56,8.74,8.2,9547436.0,80618602.0,15:00:03,2026-07-30
sh603399,永杉锂业,15.97,0.16,1.012,15.96,15.97,15.81,15.8,16.16,15.12,92400162.0,1443320743.0,15:34:59,2026-07-30
sh603400,华之杰,45.3,-1.84,-3.903,45.3,45.32,47.14,45.18,50.73,43.55,10757698.0,506935051.0,15:34:59,2026-07-30
sh603402,陕西旅游,65.8,0.5,0.766,65.8,65.81,65.3,65.2,67.76,64.88,2403330.0,159923434.0,15:34:59,2026-07-30
sh603406,天富龙,27.31,0.4,1.486,27.31,27.34,26.91,26.8,27.47,26.8,1291564.0,35238488.0,15:34:59,2026-07-30
sh603407,长裕集团,58.17,-4.64,-7.387,58.17,58.18,62.81,63.2,64.67,56.89,9970376.0,596914206.0,15:34:59,2026-07-30
sh603408,建霖家居,10.81,0.31,2.952,10.81,10.82,10.5,10.48,11.02,10.32,5093600.0,54752287.0,15:34:59,2026-07-30
sh603409,汇通控股,16.71,-0.13,-0.772,16.71,16.72,16.84,16.75,17.05,16.65,2128138.0,35848767.0,15:34:59,2026-07-30
sh603416,信捷电气,47.93,-0.09,-0.187,47.93,47.97,48.02,47.5,48.65,46.96,2203705.0,105441685.0,15:00:01,2026-07-30
sh603418,友升股份,44.17,0.36,0.822,44.16,44.17,43.81,43.85,44.78,43.7,1039527.0,45902611.0,15:00:00,2026-07-30
sh603421,鼎信通讯,5.35,-0.16,-2.904,5.34,5.35,5.51,5.49,5.56,5.26,9928000.0,53681006.0,15:00:01,2026-07-30
sh603429,*ST集友,7.22,-0.56,-7.198,7.22,7.25,7.78,7.45,7.76,7.18,4620939.0,34086802.0,15:00:03,2026-07-30
sh603435,嘉德利,44.77,-1.61,-3.471,44.77,44.8,46.38,45.84,46.87,43.7,3049527.0,137864243.0,15:34:59,2026-07-30
sh603439,三力制药,9.92,-0.26,-2.554,9.92,9.93,10.18,10.13,10.29,9.76,8560285.0,85642662.0,15:00:01,2026-07-30
sh603444,吉比特,383.34,6.91,1.836,383.33,383.34,376.43,374.5,392.18,372.0,3337886.0,1281103400.0,15:34:59,2026-07-30
sh603456,九洲药业,14.38,-0.39,-2.64,14.38,14.39,14.77,14.71,14.91,14.25,19419039.0,281479174.0,15:34:59,2026-07-30
sh603458,勘设股份,8.25,-0.87,-9.539,8.25,8.3,9.12,9.04,9.21,8.21,22690710.0,194975556.0,15:34:59,2026-07-30
sh603459,红板科技,85.1,-9.46,-10.004,0.0,85.1,94.56,91.55,92.99,85.1,17875980.0,1557944615.0,15:34:59,2026-07-30
sh603466,风语筑,9.28,-0.28,-2.929,9.28,9.29,9.56,9.4,9.6,9.25,34440829.0,323030372.0,15:34:59,2026-07-30
sh603477,巨星农牧,14.9,0.04,0.269,14.9,14.91,14.86,14.79,15.28,14.75,13603108.0,204103006.0,15:34:59,2026-07-30
sh603486,科沃斯,61.58,0.91,1.5,61.58,61.59,60.67,60.66,62.98,60.0,8434304.0,521347900.0,15:34:59,2026-07-30
sh603488,展鹏科技,7.41,-0.16,-2.114,7.41,7.42,7.57,7.58,7.81,7.38,8658400.0,65269628.0,15:00:03,2026-07-30
sh603489,八方股份,25.11,-0.07,-0.278,25.11,25.12,25.18,25.0,25.49,24.9,2042709.0,51543342.0,15:34:59,2026-07-30
sh603496,恒为科技,23.17,-2.31,-9.066,23.16,23.17,25.48,24.88,24.96,22.93,20430673.0,490643407.0,15:34:59,2026-07-30
sh603499,翔港科技,10.9,-0.68,-5.872,10.9,10.91,11.58,11.34,11.5,10.73,11010829.0,120990660.0,15:34:59,2026-07-30
sh603500,祥和实业,8.26,-0.18,-2.133,8.25,8.26,8.44,8.39,8.5,8.19,6185680.0,51590722.0,15:34:59,2026-07-30
sh603501,豪威集团,88.5,-3.19,-3.479,88.1,88.5,91.69,91.67,91.68,86.86,26206251.0,2320292917.0,15:34:59,2026-07-30
sh603505,金石资源,15.94,-0.15,-0.932,15.94,15.95,16.09,15.98,16.36,15.82,10756628.0,173076979.0,15:34:59,2026-07-30
sh603506,南都物业,9.62,0.11,1.157,9.62,9.63,9.51,9.51,9.78,9.32,3056500.0,29353918.0,15:00:03,2026-07-30
sh603507,振江股份,23.16,-0.75,-3.137,23.15,23.16,23.91,24.02,24.44,23.08,9324996.0,222793400.0,15:34:59,2026-07-30
sh603508,思维列控,23.0,0.27,1.188,22.99,23.0,22.73,22.66,23.09,22.66,3999172.0,91848685.0,15:34:59,2026-07-30
sh603511,爱慕股份,11.77,0.01,0.085,11.76,11.77,11.76,11.63,11.83,11.55,2157200.0,25276915.0,15:34:59,2026-07-30
sh603515,欧普照明,17.19,0.2,1.177,17.17,17.19,16.99,17.03,17.25,16.93,1045500.0,17874306.0,15:00:01,2026-07-30
sh603516,淳中科技,88.59,-4.34,-4.67,88.58,88.59,92.93,92.0,93.85,86.72,6038585.0,543081033.0,15:34:59,2026-07-30
sh603517,ST绝味,10.42,0.08,0.774,10.41,10.42,10.34,10.32,10.67,10.28,7007834.0,73276547.0,15:34:59,2026-07-30
sh603518,锦泓集团,8.02,0.16,2.036,8.01,8.02,7.86,7.83,8.07,7.83,5169140.0,41303202.0,15:34:59,2026-07-30
sh603519,立霸股份,14.56,-0.12,-0.817,14.55,14.56,14.68,14.8,15.55,14.49,12356532.0,186097466.0,15:34:59,2026-07-30
sh603520,司太立,8.44,-0.19,-2.202,8.44,8.45,8.63,8.61,8.65,8.43,7484380.0,63777677.0,15:00:03,2026-07-30
sh603527,众源新材,8.96,-0.24,-2.609,8.96,8.97,9.2,9.23,9.32,8.94,7521356.0,68404026.0,15:34:59,2026-07-30
sh603528,多伦科技,5.98,-0.03,-0.499,5.97,5.98,6.01,6.01,6.17,5.96,11563800.0,70208565.0,15:00:00,2026-07-30
sh603529,爱玛科技,22.05,0.4,1.848,22.04,22.05,21.65,21.58,22.23,21.55,7264283.0,159951764.0,15:34:59,2026-07-30
sh603530,神马电力,43.83,-1.14,-2.535,43.82,43.85,44.97,44.97,45.36,43.06,3231100.0,141957770.0,15:34:59,2026-07-30
sh603533,掌阅科技,20.24,-0.35,-1.7,20.24,20.25,20.59,20.41,21.19,20.15,24531475.0,505881157.0,15:34:59,2026-07-30
sh603535,嘉诚国际,6.36,0.16,2.581,6.35,6.36,6.2,6.19,6.59,6.16,9654294.0,61844931.0,15:00:03,2026-07-30
sh603536,惠发食品,8.64,0.1,1.171,8.64,8.65,8.54,8.61,9.22,8.58,14983600.0,133077737.0,15:34:59,2026-07-30
sh603538,美诺华,23.99,-1.07,-4.27,23.99,24.0,25.06,25.3,26.37,23.77,52673073.0,1315956254.0,15:34:59,2026-07-30
sh603551,奥普科技,9.61,0.4,4.343,9.6,9.61,9.21,9.2,9.65,9.2,5042700.0,47806613.0,15:34:59,2026-07-30
sh603556,海兴电力,26.99,2.45,9.984,26.99,0.0,24.54,24.9,26.99,24.54,25223992.0,653582491.0,15:34:59,2026-07-30
sh603557,*ST起步,3.69,-0.07,-1.862,3.68,3.69,3.76,3.68,3.73,3.42,8945700.0,32000620.0,15:34:59,2026-07-30
sh603558,健盛集团,12.94,0.2,1.57,12.92,12.94,12.74,12.8,12.94,12.61,4646800.0,59439741.0,15:34:59,2026-07-30
sh603559,中通国脉,8.72,0.04,0.461,8.72,8.75,8.68,8.85,9.16,8.51,28163000.0,251040166.0,15:34:59,2026-07-30
sh603565,中谷物流,10.72,0.27,2.584,10.71,10.72,10.45,10.43,10.74,10.41,19412985.0,205271791.0,15:34:59,2026-07-30
sh603566,普莱柯,10.28,0.06,0.587,10.27,10.28,10.22,10.23,10.45,10.18,2795800.0,28824863.0,15:34:59,2026-07-30
sh603567,珍宝岛,6.07,-0.31,-4.859,6.07,6.08,6.38,6.45,6.72,6.01,95812232.0,608573053.0,15:34:59,2026-07-30
sh603568,伟明环保,15.4,-0.05,-0.324,15.39,15.4,15.45,15.4,15.59,15.2,7150516.0,109993361.0,15:34:59,2026-07-30
sh603569,长久物流,5.76,0.0,0.0,5.76,5.77,5.76,5.76,5.85,5.68,4566982.0,26374531.0,15:00:03,2026-07-30
sh603577,汇金通,8.77,-0.38,-4.153,8.77,8.78,9.15,9.12,9.22,8.72,4958100.0,44402094.0,15:34:59,2026-07-30
sh603578,三星新材,11.1,-0.39,-3.394,11.09,11.1,11.49,11.51,12.0,11.04,4488760.0,51900360.0,15:00:03,2026-07-30
sh603579,荣泰健康,17.46,-0.03,-0.172,17.46,17.49,17.49,17.45,17.82,17.33,2277693.0,40044601.0,15:34:59,2026-07-30
sh603580,艾艾精工,56.2,-1.77,-3.053,56.2,56.21,57.97,55.2,62.76,53.05,17282635.0,1007990386.0,15:34:59,2026-07-30
sh603583,捷昌驱动,24.24,0.19,0.79,24.23,24.24,24.05,23.95,24.6,23.82,3789538.0,91970847.0,15:34:59,2026-07-30
sh603585,苏利股份,9.92,0.26,2.692,9.91,9.92,9.66,9.76,10.2,9.69,6027806.0,59993864.0,15:34:59,2026-07-30
sh603586,金麒麟,12.7,0.12,0.954,12.69,12.7,12.58,12.61,12.79,12.5,1767200.0,22413215.0,15:00:03,2026-07-30
sh603587,XD地素时,11.67,0.09,0.777,11.66,11.67,11.58,11.55,11.78,11.45,3216640.0,37518588.0,15:00:03,2026-07-30
sh603588,高能环境,12.42,-0.3,-2.358,12.41,12.42,12.72,12.65,12.84,12.15,51024574.0,636794746.0,15:34:59,2026-07-30
sh603589,口子窖,20.78,1.1,5.589,20.78,20.79,19.68,19.65,21.48,19.5,20652934.0,428875797.0,15:34:59,2026-07-30
sh603590,康辰药业,29.5,-1.73,-5.54,29.48,29.5,31.23,31.11,31.29,29.44,3142900.0,94680522.0,15:34:59,2026-07-30
sh603595,ST东尼,19.89,-1.57,-7.316,19.89,19.9,21.46,21.46,21.46,19.87,2600300.0,53022158.0,15:00:03,2026-07-30
sh603596,伯特利,25.88,0.48,1.89,25.87,25.88,25.4,25.34,26.5,25.25,23107452.0,601150691.0,15:34:59,2026-07-30
sh603598,引力传媒,15.52,-0.23,-1.46,15.52,15.53,15.75,15.63,16.65,15.47,13895071.0,222575304.0,15:34:59,2026-07-30
sh603599,广信股份,10.76,0.36,3.462,10.76,10.77,10.4,10.35,10.95,10.34,17625100.0,189798196.0,15:34:59,2026-07-30
sh603600,永艺股份,9.61,0.1,1.052,9.6,9.61,9.51,9.52,9.73,9.49,3637300.0,34978021.0,15:00:03,2026-07-30
sh603601,再升科技,7.66,-0.34,-4.25,7.66,7.67,8.0,7.95,8.15,7.59,63000173.0,493534721.0,15:34:59,2026-07-30
sh603602,纵横通信,10.12,-0.1,-0.978,10.12,10.14,10.22,10.5,10.5,10.07,3278450.0,33691782.0,15:00:01,2026-07-30
sh603605,珀莱雅,61.8,0.67,1.096,61.8,61.83,61.13,62.01,63.86,61.11,7329128.0,459191800.0,15:34:59,2026-07-30
sh603606,东方电缆,40.69,-0.28,-0.683,40.68,40.69,40.97,40.69,41.78,40.5,15429727.0,633491591.0,15:34:59,2026-07-30
sh603607,京华激光,19.87,-1.11,-5.291,19.87,19.88,20.98,20.58,20.89,19.87,4917500.0,99904440.0,15:00:00,2026-07-30
sh603608,天创时尚,15.43,-1.31,-7.826,15.42,15.43,16.74,16.42,16.86,15.36,18642540.0,299240712.0,15:34:59,2026-07-30
sh603609,禾丰股份,6.21,0.02,0.323,6.21,6.22,6.19,6.17,6.3,6.15,2575200.0,16056284.0,15:00:03,2026-07-30
sh603610,麒盛科技,12.7,-0.38,-2.905,12.69,12.7,13.08,13.02,13.09,12.55,7708900.0,98694542.0,15:00:01,2026-07-30
sh603611,诺力股份,16.78,0.2,1.206,16.78,16.79,16.58,16.59,16.86,16.57,2194402.0,36715855.0,15:00:03,2026-07-30
sh603612,索通发展,17.01,0.11,0.651,17.0,17.01,16.9,16.78,17.24,16.72,12706381.0,216497584.0,15:34:59,2026-07-30
sh603613,国联股份,19.1,0.21,1.112,19.1,19.11,18.89,18.88,19.45,18.81,11280640.0,216380176.0,15:00:03,2026-07-30
sh603615,茶花股份,14.87,-0.22,-1.458,14.87,14.88,15.09,14.93,15.39,14.71,3296700.0,49577482.0,15:00:03,2026-07-30
sh603616,韩建河山,4.79,-0.13,-2.642,4.78,4.79,4.92,4.97,5.01,4.75,12928400.0,62944698.0,15:34:59,2026-07-30
sh603617,君禾股份,6.08,-0.18,-2.875,6.07,6.08,6.26,6.24,6.28,6.04,5184100.0,31817774.0,15:00:01,2026-07-30
sh603618,杭电股份,21.56,-1.54,-6.667,21.56,21.57,23.1,23.07,23.84,21.12,55657624.0,1244848504.0,15:34:59,2026-07-30
sh603619,中曼石油,22.5,1.18,5.535,22.5,22.51,21.32,21.9,22.5,21.22,61227982.0,1343399066.0,15:34:59,2026-07-30
sh603626,科森科技,12.09,-1.05,-7.991,12.08,12.09,13.14,13.03,13.05,11.9,27170269.0,336385814.0,15:34:59,2026-07-30
sh603628,清源股份,9.25,0.0,0.0,9.25,9.26,9.25,9.29,9.4,9.19,3623500.0,33711324.0,15:00:03,2026-07-30
sh603629,利通电子,87.28,-9.67,-9.974,87.28,87.29,96.95,96.82,99.68,87.26,36738465.0,3372455590.0,15:34:59,2026-07-30
sh603630,拉芳家化,15.02,-0.17,-1.119,15.02,15.05,15.19,15.71,16.65,14.96,24429761.0,381553140.0,15:34:59,2026-07-30
sh603633,徕木股份,5.62,-0.17,-2.936,5.61,5.62,5.79,5.75,5.84,5.59,8729118.0,49857556.0,15:00:03,2026-07-30
sh603636,南威软件,6.34,-0.07,-1.092,6.34,6.35,6.41,6.35,6.65,6.32,17926800.0,116270412.0,15:00:01,2026-07-30
sh603637,镇海股份,10.61,-0.5,-4.5,10.61,10.62,11.11,11.12,11.22,10.45,6387700.0,68856408.0,15:34:59,2026-07-30
sh603638,艾迪精密,19.35,-0.53,-2.666,19.35,19.36,19.88,19.71,19.98,19.21,9957351.0,194925246.0,15:34:59,2026-07-30
sh603639,海利尔,10.83,0.42,4.035,10.82,10.83,10.41,10.43,10.91,10.37,4527666.0,48599596.0,15:34:59,2026-07-30
sh603648,畅联股份,8.8,-0.04,-0.452,8.8,8.81,8.84,8.75,8.98,8.75,2693700.0,23901278.0,15:00:03,2026-07-30
sh603650,彤程新材,53.73,-5.35,-9.056,53.72,53.73,59.08,57.86,58.86,53.44,25895756.0,1440777628.0,15:34:59,2026-07-30
sh603655,朗博科技,23.86,-1.45,-5.729,23.86,23.91,25.31,25.37,25.65,23.7,1161300.0,28488845.0,15:00:03,2026-07-30
sh603656,泰禾智能,16.94,-0.21,-1.224,16.94,16.95,17.15,17.03,17.57,16.92,2202400.0,37861510.0,15:34:59,2026-07-30
sh603657,春光科技,19.87,-1.23,-5.829,19.86,19.87,21.1,20.96,21.29,19.75,3525100.0,72056743.0,15:34:59,2026-07-30
sh603658,安图生物,33.45,0.72,2.2,33.42,33.45,32.73,32.73,33.52,32.63,3566325.0,118392758.0,15:00:00,2026-07-30
sh603659,璞泰来,24.17,-0.27,-1.105,24.16,24.17,24.44,24.15,24.6,23.9,25324400.0,614181734.0,15:34:59,2026-07-30
sh603660,苏州科达,8.83,0.8,9.963,8.83,0.0,8.03,7.97,8.83,7.97,34100589.0,294624014.0,15:00:03,2026-07-30
sh603661,恒林股份,27.2,-1.4,-4.895,27.19,27.2,28.6,28.42,28.9,27.11,2437200.0,67665214.0,15:00:03,2026-07-30
sh603662,柯力传感,46.73,-1.93,-3.966,46.73,46.74,48.66,48.31,48.64,46.23,5194129.0,245720699.0,15:34:59,2026-07-30
sh603663,三祥新材,33.67,-3.33,-9.0,33.66,33.67,37.0,37.03,37.42,33.52,19598362.0,681099758.0,15:34:59,2026-07-30
sh603665,康隆达,20.16,-0.93,-4.41,20.15,20.16,21.09,20.88,21.26,19.95,2378700.0,48627524.0,15:00:03,2026-07-30
sh603666,亿嘉和,20.49,0.02,0.098,20.49,20.5,20.47,20.33,20.96,19.9,5109154.0,103761276.0,15:34:59,2026-07-30
sh603667,五洲新春,48.24,-2.04,-4.057,48.22,48.24,50.28,49.81,50.28,47.67,12843930.0,627366016.0,15:34:59,2026-07-30
sh603668,天马科技,10.84,0.01,0.092,10.8,10.84,10.83,10.73,10.95,10.65,7144280.0,76998844.0,15:34:59,2026-07-30
sh603669,灵康药业,5.04,-0.16,-3.077,5.04,5.05,5.2,5.2,5.3,4.99,28676800.0,147276229.0,15:34:59,2026-07-30
sh603676,卫信康,8.78,0.07,0.804,8.78,8.79,8.71,8.73,8.9,8.65,2328400.0,20453243.0,15:00:03,2026-07-30
sh603677,奇精机械,12.42,-0.27,-2.128,12.41,12.42,12.69,12.67,12.81,12.35,1904000.0,23902997.0,15:00:01,2026-07-30
sh603678,火炬电子,40.12,-2.08,-4.929,40.12,40.13,42.2,42.98,44.2,39.13,45784553.0,1900120905.0,15:34:59,2026-07-30
sh603679,华体科技,17.56,-0.68,-3.728,17.55,17.56,18.24,18.0,18.55,17.4,8986000.0,160020573.0,15:34:59,2026-07-30
sh603680,今创集团,9.85,0.22,2.285,9.84,9.85,9.63,9.53,9.95,9.53,8519499.0,83396711.0,15:34:59,2026-07-30
sh603681,永冠新材,16.23,-1.17,-6.724,16.23,16.24,17.4,17.18,17.37,16.23,8230800.0,136768931.0,15:34:59,2026-07-30
sh603682,锦和商管,8.73,0.19,2.225,8.71,8.73,8.54,8.54,8.88,8.52,12989550.0,112926979.0,15:34:59,2026-07-30
sh603683,晶华新材,13.34,-0.85,-5.99,13.34,13.35,14.19,14.01,14.18,13.31,34275888.0,469629567.0,15:34:59,2026-07-30
sh603685,晨丰科技,23.99,-1.26,-4.99,23.6,23.99,25.25,24.71,25.14,23.36,2311900.0,55777865.0,15:34:59,2026-07-30
sh603686,福龙马,12.48,-0.12,-0.952,12.48,12.49,12.6,12.54,12.81,12.43,11093086.0,139812337.0,15:34:59,2026-07-30
sh603687,大胜达,12.03,-0.47,-3.76,12.02,12.03,12.5,12.44,12.81,11.91,24320791.0,300862056.0,15:34:59,2026-07-30
sh603688,石英股份,40.82,-2.75,-6.312,40.82,40.83,43.57,43.07,43.99,40.22,17602867.0,733349930.0,15:34:59,2026-07-30
sh603689,皖天然气,7.55,0.06,0.801,7.55,7.57,7.49,7.49,7.58,7.46,3323750.0,25047425.0,15:00:03,2026-07-30
sh603690,至纯科技,22.29,-2.48,-10.012,0.0,22.29,24.77,23.66,23.97,22.29,49226939.0,1121691412.0,15:34:59,2026-07-30
sh603693,江苏新能,12.04,-0.2,-1.634,12.04,12.05,12.24,12.12,12.35,11.9,6875315.0,83243481.0,15:00:03,2026-07-30
sh603696,安记食品,12.22,0.19,1.579,12.22,12.23,12.03,12.9,13.23,11.75,23797212.0,301325182.0,15:34:59,2026-07-30
sh603697,有友食品,9.77,-0.15,-1.512,9.77,9.78,9.92,9.95,10.17,9.7,8793960.0,87547887.0,15:34:59,2026-07-30
sh603698,航天工程,20.62,-0.52,-2.46,20.62,20.63,21.14,20.99,21.38,20.41,19941642.0,415980641.0,15:34:59,2026-07-30
sh603699,纽威股份,44.52,1.3,3.008,44.52,44.53,43.22,42.44,45.55,42.35,10847952.0,481068001.0,15:34:59,2026-07-30
sh603700,宁水集团,11.21,0.07,0.628,11.21,11.22,11.14,11.12,11.28,11.0,3084399.0,34438967.0,15:00:06,2026-07-30
sh603701,德宏股份,17.27,-0.38,-2.153,17.27,17.28,17.65,17.64,18.25,17.22,4253300.0,75179656.0,15:00:03,2026-07-30
sh603703,盛洋科技,8.44,-0.16,-1.86,8.44,8.45,8.6,8.5,8.67,8.37,7069220.0,60130719.0,15:34:59,2026-07-30
sh603706,东方环宇,18.48,-0.07,-0.377,18.45,18.48,18.55,18.45,18.7,18.33,922645.0,17079212.0,15:00:01,2026-07-30
sh603707,健友股份,8.14,0.04,0.494,8.14,8.15,8.1,8.03,8.25,7.97,11610219.0,94507664.0,15:34:59,2026-07-30
sh603708,家家悦,9.48,0.12,1.282,9.48,9.49,9.36,9.4,9.59,9.36,4240900.0,40220461.0,15:00:01,2026-07-30
sh603709,中源家居,10.13,-0.22,-2.126,10.13,10.14,10.35,10.33,10.58,10.03,4326230.0,44573362.0,15:00:01,2026-07-30
sh603711,香飘飘,11.1,0.17,1.555,11.1,11.11,10.93,10.93,11.41,10.8,8534000.0,95119294.0,15:34:59,2026-07-30
sh603712,七一二,11.5,0.0,0.0,11.5,11.51,11.5,11.42,11.77,11.41,10632900.0,123227841.0,15:34:59,2026-07-30
sh603713,密尔克卫,59.65,-1.1,-1.811,59.64,59.65,60.75,60.72,61.97,57.72,3705235.0,222136214.0,15:00:03,2026-07-30
sh603716,塞力医疗,15.37,-0.44,-2.783,15.37,15.38,15.81,15.66,16.37,15.31,30789542.0,487280449.0,15:34:59,2026-07-30
sh603717,天域生物,5.38,0.01,0.186,5.38,5.39,5.37,5.43,5.66,5.29,13497630.0,73629518.0,15:34:59,2026-07-30
sh603718,*ST海利,2.75,-0.07,-2.482,2.74,2.75,2.82,2.82,2.86,2.74,5314500.0,14828620.0,15:00:01,2026-07-30
sh603719,良品铺子,9.16,-0.29,-3.069,9.16,9.22,9.45,9.65,9.69,9.07,20996262.0,198456892.0,15:34:59,2026-07-30
sh603721,中广天择,15.7,-0.37,-2.302,15.7,15.76,16.07,15.88,16.44,15.68,3783100.0,60638862.0,15:34:59,2026-07-30
sh603722,阿科力,27.4,-1.57,-5.419,27.39,27.4,28.97,28.63,29.39,27.07,2694600.0,75614589.0,15:00:03,2026-07-30
sh603725,天安新材,8.88,-0.94,-9.572,8.88,8.89,9.82,9.7,9.74,8.84,28839480.0,263236269.0,15:34:59,2026-07-30
sh603726,朗迪集团,21.11,-1.37,-6.094,21.11,21.12,22.48,22.13,22.4,21.11,9183579.0,199151286.0,15:34:59,2026-07-30
sh603727,博迈科,17.67,-0.29,-1.615,17.67,17.68,17.96,17.68,18.59,17.59,6713280.0,120749715.0,15:00:01,2026-07-30
sh603728,鸣志电器,45.27,-2.14,-4.514,45.26,45.27,47.41,46.8,47.28,44.78,6023155.0,276016645.0,15:34:59,2026-07-30
sh603729,ST龙韵,10.17,-0.21,-2.023,10.16,10.17,10.38,10.32,10.64,10.1,1165300.0,11962229.0,15:00:03,2026-07-30
sh603730,岱美股份,9.02,-0.38,-4.043,9.01,9.02,9.4,9.28,9.39,8.92,15524621.0,140781546.0,15:34:59,2026-07-30
sh603733,仙鹤股份,19.59,-1.11,-5.362,19.58,19.59,20.7,20.78,21.07,19.25,16896480.0,337514108.0,15:34:59,2026-07-30
sh603737,三棵树,24.5,-0.09,-0.366,24.49,24.5,24.59,24.43,25.23,23.93,10704098.0,262843244.0,15:34:59,2026-07-30
sh603738,泰晶科技,27.2,-2.29,-7.765,27.19,27.2,29.49,29.33,29.81,26.63,32979567.0,922803143.0,15:34:59,2026-07-30
sh603739,蔚蓝生物,11.12,-0.07,-0.626,11.12,11.13,11.19,11.21,11.39,11.03,2705240.0,30355179.0,15:00:03,2026-07-30
sh603755,日辰股份,21.26,0.08,0.378,21.25,21.26,21.18,21.18,21.9,21.01,1490200.0,31948565.0,15:34:59,2026-07-30
sh603757,大元泵业,50.56,-5.62,-10.004,0.0,50.56,56.18,56.1,56.65,50.56,8413700.0,438233248.0,15:34:59,2026-07-30
sh603758,秦安股份,9.11,-0.02,-0.219,9.11,9.12,9.13,9.13,9.3,9.03,2881900.0,26439501.0,15:00:01,2026-07-30
sh603759,海天股份,7.15,0.09,1.275,7.15,7.16,7.06,7.06,7.24,7.06,5214980.0,37318158.0,15:34:59,2026-07-30
sh603766,隆鑫通用,14.92,0.41,2.826,14.92,14.93,14.51,14.53,14.99,14.4,21998733.0,324829006.0,15:34:59,2026-07-30
sh603767,中马传动,14.07,0.16,1.15,14.06,14.07,13.91,13.78,14.23,13.7,4251100.0,59644981.0,15:34:59,2026-07-30
sh603768,常青股份,10.76,0.01,0.093,10.76,10.77,10.75,10.76,11.0,10.7,2658600.0,28908719.0,15:00:01,2026-07-30
sh603773,沃格光电,66.92,-7.44,-10.005,0.0,66.92,74.36,73.89,75.08,66.92,15880443.0,1098045922.0,15:34:59,2026-07-30
sh603776,永安行,18.37,-0.77,-4.023,18.37,18.38,19.14,19.03,19.27,18.35,1711168.0,32235872.0,15:00:03,2026-07-30
sh603777,来伊份,12.83,-0.6,-4.468,12.82,12.83,13.43,13.36,13.7,12.74,8604870.0,114119786.0,15:34:59,2026-07-30
sh603778,国晟科技,8.5,-0.39,-4.387,8.49,8.5,8.89,8.78,9.29,8.49,53050173.0,466707001.0,15:34:59,2026-07-30
sh603779,威龙股份,6.66,-0.22,-3.198,6.66,6.67,6.88,6.9,7.09,6.66,24588500.0,169453532.0,15:34:59,2026-07-30
sh603786,科博达,42.05,0.79,1.915,42.05,42.06,41.26,41.0,42.6,41.0,2838410.0,119076621.0,15:34:59,2026-07-30
sh603787,新日股份,9.66,0.02,0.207,9.66,9.67,9.64,9.6,9.83,9.58,2981200.0,28973868.0,15:00:03,2026-07-30
sh603788,宁波高发,14.29,0.09,0.634,14.26,14.29,14.2,14.2,14.49,14.05,2194400.0,31520859.0,15:00:03,2026-07-30
sh603789,ST星农,5.68,-0.33,-5.491,5.67,5.68,6.01,6.01,6.07,5.66,5064300.0,29488573.0,15:34:59,2026-07-30
sh603790,雅运股份,20.52,-1.83,-8.188,20.52,20.56,22.35,22.35,22.35,20.25,6708100.0,142049904.0,15:34:59,2026-07-30
sh603797,联泰环保,3.91,0.0,0.0,3.9,3.91,3.91,3.89,3.97,3.85,5279536.0,20684797.0,15:00:01,2026-07-30
sh603798,康普顿,11.35,-0.44,-3.732,11.31,11.35,11.79,11.83,12.0,11.2,5685830.0,65114886.0,15:34:59,2026-07-30
sh603799,华友钴业,39.93,-0.37,-0.918,39.93,39.94,40.3,40.0,40.66,39.55,51513474.0,2068769580.0,15:34:59,2026-07-30
sh603800,洪田股份,51.7,-5.74,-9.993,0.0,51.7,57.44,57.43,58.16,51.7,7696916.0,411203306.0,15:00:01,2026-07-30
sh603801,志邦家居,5.77,-0.16,-2.698,5.77,5.78,5.93,5.95,5.96,5.72,14732378.0,85848000.0,15:34:59,2026-07-30
sh603803,瑞斯康达,8.78,-0.98,-10.041,8.78,8.79,9.76,9.72,9.74,8.78,39268872.0,357679670.0,15:34:59,2026-07-30
sh603806,福斯特,14.54,0.28,1.964,14.54,14.55,14.26,14.01,14.69,14.01,41805457.0,604521758.0,15:34:59,2026-07-30
sh603808,歌力思,7.8,0.15,1.961,7.79,7.8,7.65,7.64,8.06,7.6,7728927.0,60624497.0,15:00:03,2026-07-30
sh603809,豪能股份,9.09,0.18,2.02,9.08,9.09,8.91,9.26,9.26,8.99,17050351.0,155280696.0,15:34:59,2026-07-30
sh603810,丰山集团,10.94,0.0,0.0,10.94,10.95,10.94,10.94,11.21,10.75,1938500.0,21316402.0,15:00:03,2026-07-30
sh603811,诚意药业,7.05,-0.08,-1.122,7.05,7.06,7.13,7.09,7.18,7.01,3331060.0,23610031.0,15:00:03,2026-07-30
sh603813,原尚股份,31.15,2.83,9.993,31.15,0.0,28.32,28.53,31.15,28.04,1087200.0,32596973.0,15:00:01,2026-07-30
sh603815,交建股份,5.24,0.05,0.963,5.23,5.24,5.19,5.19,5.3,5.16,13092812.0,68562553.0,15:34:59,2026-07-30
sh603816,顾家家居,25.81,0.39,1.534,25.81,25.85,25.42,25.61,26.16,25.45,9084562.0,234181115.0,15:34:59,2026-07-30
sh603817,海峡环保,5.6,-0.01,-0.178,5.59,5.6,5.61,5.57,5.68,5.54,8259906.0,46456153.0,15:34:59,2026-07-30
sh603818,曲美家居,3.19,-0.03,-0.932,3.19,3.2,3.22,3.22,3.26,3.14,22917300.0,73377392.0,15:34:59,2026-07-30
sh603819,神力股份,11.92,-0.33,-2.694,11.92,11.93,12.25,12.06,12.48,11.85,6429430.0,78224420.0,15:00:01,2026-07-30
sh603822,ST嘉澳,56.04,0.04,0.071,56.04,56.17,56.0,55.2,56.98,53.52,670548.0,37054189.0,15:00:03,2026-07-30
sh603823,百合花,49.81,-5.53,-9.993,0.0,49.81,55.34,49.81,49.81,49.81,669200.0,33332852.0,15:34:59,2026-07-30
sh603825,ST华扬,6.9,-0.17,-2.405,6.9,6.93,7.07,7.08,7.15,6.85,1269672.0,8899730.0,15:00:03,2026-07-30
sh603826,坤彩科技,14.95,-0.38,-2.479,14.93,14.95,15.33,15.33,15.48,14.77,5716650.0,86192946.0,15:34:59,2026-07-30
sh603828,*ST利达,4.05,-0.02,-0.491,4.04,4.05,4.07,4.05,4.1,4.02,1407450.0,5698632.0,15:00:03,2026-07-30
sh603829,洛凯股份,13.71,-0.44,-3.11,13.71,13.72,14.15,14.05,14.32,13.62,3566417.0,49651063.0,15:00:01,2026-07-30
sh603833,欧派家居,35.41,0.08,0.226,35.4,35.41,35.33,35.33,35.94,34.51,8226020.0,291330109.0,15:34:59,2026-07-30
sh603836,海程邦达,8.63,0.04,0.466,8.63,8.64,8.59,8.58,8.82,8.54,3926740.0,34099339.0,15:00:03,2026-07-30
sh603838,*ST四通,7.13,-0.03,-0.419,7.11,7.13,7.16,7.11,7.36,7.02,998300.0,7159552.0,15:00:03,2026-07-30
sh603839,安正时尚,6.35,-0.05,-0.781,6.34,6.35,6.4,6.38,6.61,6.31,5540600.0,35798640.0,15:00:03,2026-07-30
sh603843,*ST正平,6.99,0.19,2.794,6.98,6.99,6.8,6.81,7.15,6.7,16570520.0,115480237.0,15:34:59,2026-07-30
sh603848,好太太,12.82,-0.38,-2.879,12.81,12.82,13.2,13.2,13.29,12.74,2317100.0,30045480.0,15:00:01,2026-07-30
sh603855,华荣股份,16.36,0.11,0.677,16.36,16.37,16.25,16.35,16.51,16.2,1504700.0,24688301.0,15:00:03,2026-07-30
sh603856,东宏股份,11.12,-0.01,-0.09,11.12,11.13,11.13,11.12,11.22,11.05,2617200.0,29153646.0,15:34:59,2026-07-30
sh603858,步长制药,15.62,-0.01,-0.064,15.62,15.63,15.63,15.51,15.87,15.39,7679149.0,119949448.0,15:34:59,2026-07-30
sh603859,能科科技,37.51,1.52,4.223,37.51,37.52,35.99,36.0,37.95,35.5,11998404.0,441351549.0,15:34:59,2026-07-30
sh603860,中公高科,23.85,-0.15,-0.625,23.85,23.92,24.0,23.98,24.43,23.65,1308000.0,31433635.0,15:00:03,2026-07-30
sh603861,白云电器,11.47,-0.33,-2.797,11.47,11.48,11.8,11.8,11.95,11.41,11467375.0,133919450.0,15:34:59,2026-07-30
sh603863,松炀资源,12.7,-0.27,-2.082,12.7,12.72,12.97,13.0,13.14,12.4,4134193.0,52664895.0,15:00:03,2026-07-30
sh603866,桃李面包,4.35,0.11,2.594,4.34,4.35,4.24,4.24,4.38,4.21,19455470.0,84206326.0,15:34:59,2026-07-30
sh603867,新化股份,26.23,-0.77,-2.852,26.23,26.24,27.0,26.8,27.31,26.02,5039474.0,133952542.0,15:00:03,2026-07-30
sh603868,飞科电器,31.1,0.64,2.101,31.1,31.12,30.46,30.6,31.61,30.44,1464017.0,45689939.0,15:34:59,2026-07-30
sh603869,ST智知,7.95,-0.05,-0.625,7.91,7.95,8.0,7.89,8.04,7.85,798000.0,6345432.0,15:00:03,2026-07-30
sh603871,嘉友国际,13.28,0.17,1.297,13.27,13.28,13.11,13.0,13.43,13.0,11268838.0,149673555.0,15:34:59,2026-07-30
sh603876,鼎胜新材,22.19,0.02,0.09,22.19,22.2,22.17,22.08,22.4,21.66,22606573.0,498182649.0,15:34:59,2026-07-30
sh603877,太平鸟,13.79,0.2,1.472,13.79,13.8,13.59,13.53,13.9,13.5,2139246.0,29468982.0,15:34:59,2026-07-30
sh603878,武进不锈,4.7,-0.07,-1.468,4.7,4.71,4.77,4.77,4.96,4.68,15333100.0,73740206.0,15:34:59,2026-07-30
sh603879,永悦科技,4.82,0.13,2.772,4.82,4.83,4.69,4.76,4.9,4.64,16315282.0,77917785.0,15:34:59,2026-07-30
sh603880,南卫股份,6.18,-0.19,-2.983,6.18,6.22,6.37,6.47,6.51,6.12,5440590.0,34214776.0,15:00:03,2026-07-30
sh603881,数据港,23.01,-1.1,-4.562,23.0,23.01,24.11,23.71,24.12,22.94,27013494.0,632446918.0,15:34:59,2026-07-30
sh603882,金域医学,27.14,-0.28,-1.021,27.14,27.15,27.42,27.2,27.66,27.03,5430150.0,148285355.0,15:34:59,2026-07-30
sh603883,老百姓,12.73,0.18,1.434,12.72,12.73,12.55,12.59,12.89,12.49,12222179.0,155583866.0,15:34:59,2026-07-30
sh603885,吉祥航空,10.91,-0.04,-0.365,10.91,10.92,10.95,10.9,11.13,10.84,17772103.0,194976067.0,15:34:59,2026-07-30
sh603886,元祖股份,10.2,-0.1,-0.971,10.2,10.22,10.3,10.33,10.52,10.11,2803900.0,28932896.0,15:00:03,2026-07-30
sh603887,城地香江,8.65,-0.18,-2.039,8.64,8.65,8.83,8.79,9.0,8.6,17693239.0,155517340.0,15:34:59,2026-07-30
sh603888,新华网,16.09,-0.05,-0.31,16.09,16.1,16.14,16.12,16.4,16.0,8833255.0,143266306.0,15:34:59,2026-07-30
sh603889,新澳股份,5.79,-0.06,-1.026,5.79,5.8,5.85,5.86,5.95,5.73,11337800.0,66105248.0,15:00:03,2026-07-30
sh603890,春秋电子,16.86,-1.54,-8.37,16.85,16.86,18.4,18.2,18.33,16.76,20917844.0,362382897.0,15:34:59,2026-07-30
sh603893,瑞芯微,182.75,-20.3,-9.998,0.0,182.75,203.05,200.62,202.31,182.75,18411394.0,3443380115.0,15:34:59,2026-07-30
sh603895,天永智能,21.89,0.0,0.0,21.88,21.89,21.89,21.92,22.55,20.66,2613020.0,56180430.0,15:34:59,2026-07-30
sh603896,寿仙谷,14.59,-0.04,-0.273,14.59,14.61,14.63,14.66,14.91,14.49,2508220.0,36830744.0,15:00:03,2026-07-30
sh603897,长城科技,23.61,-1.08,-4.374,23.61,23.62,24.69,24.43,24.97,23.51,7486429.0,180476627.0,15:34:59,2026-07-30
sh603898,好莱客,10.43,-0.11,-1.044,10.43,10.46,10.54,10.52,10.65,10.08,4340100.0,44711851.0,15:34:59,2026-07-30
sh603899,晨光股份,23.65,0.24,1.025,23.65,23.66,23.41,23.35,23.81,23.23,5839957.0,137494598.0,15:34:59,2026-07-30
sh603900,莱绅通灵,5.59,0.03,0.54,5.59,5.6,5.56,5.57,5.71,5.52,6897400.0,38812637.0,15:00:03,2026-07-30
sh603901,永创智能,8.97,-0.1,-1.103,8.96,8.97,9.07,8.98,9.24,8.93,8158710.0,73973343.0,15:00:03,2026-07-30
sh603903,中持股份,10.3,-0.66,-6.022,10.3,10.31,10.96,10.79,11.2,10.28,13905100.0,148077731.0,15:34:59,2026-07-30
sh603906,龙蟠科技,18.35,-0.48,-2.549,18.35,18.36,18.83,18.4,18.78,18.28,24068238.0,445001291.0,15:34:59,2026-07-30
sh603908,牧高笛,17.26,0.17,0.995,17.26,17.27,17.09,17.18,17.66,16.91,1449900.0,25105930.0,15:00:01,2026-07-30
sh603909,建发合诚,8.64,0.06,0.699,8.64,8.66,8.58,8.61,8.83,8.51,2755000.0,23974980.0,15:00:03,2026-07-30
sh603912,佳力图,6.81,-0.26,-3.678,6.8,6.81,7.07,7.03,7.12,6.8,13862738.0,96306925.0,15:34:59,2026-07-30
sh603915,国茂股份,12.65,-0.14,-1.095,12.65,12.66,12.79,12.7,12.99,12.57,5630700.0,71827350.0,15:34:59,2026-07-30
sh603916,苏博特,9.52,-0.3,-3.055,9.52,9.53,9.82,9.76,10.17,9.49,11382128.0,111161368.0,15:34:59,2026-07-30
sh603917,合力科技,11.09,-0.32,-2.805,11.08,11.09,11.41,11.33,11.59,10.99,4154600.0,46859579.0,15:34:59,2026-07-30
sh603918,金桥信息,11.13,0.68,6.507,11.12,11.13,10.45,10.35,11.5,10.3,46565904.0,509251717.0,15:34:59,2026-07-30
sh603919,金徽酒,16.89,1.54,10.033,16.89,0.0,15.35,15.36,16.89,15.07,23118919.0,377800005.0,15:34:59,2026-07-30
sh603920,世运电路,31.64,-1.06,-3.242,31.63,31.64,32.7,32.42,32.89,31.04,30015039.0,955544322.0,15:34:59,2026-07-30
sh603922,ST金鸿顺,9.98,-0.13,-1.286,9.98,9.99,10.11,10.09,10.7,9.93,1686400.0,17238692.0,15:00:03,2026-07-30
sh603926,铁流股份,14.29,-0.92,-6.049,14.29,14.32,15.21,15.26,15.33,14.21,6186600.0,90576853.0,15:00:03,2026-07-30
sh603927,中科软,13.79,0.28,2.073,13.78,13.79,13.51,13.45,13.95,13.4,15947353.0,220177971.0,15:34:59,2026-07-30
sh603928,兴业股份,10.54,-0.97,-8.427,10.54,10.55,11.51,11.25,11.4,10.52,33154760.0,363123950.0,15:34:59,2026-07-30
sh603929,亚翔集成,145.12,-16.12,-9.998,0.0,145.12,161.24,158.26,159.63,145.12,7645071.0,1146298338.0,15:34:59,2026-07-30
sh603931,格林达,29.65,-2.14,-6.732,29.64,29.65,31.79,31.2,31.87,29.15,11502936.0,348184032.0,15:34:59,2026-07-30
sh603933,睿能科技,17.38,-0.3,-1.697,17.38,17.39,17.68,17.41,18.36,17.28,5532951.0,98419473.0,15:34:59,2026-07-30
sh603936,博敏电子,11.94,-0.96,-7.442,11.93,11.94,12.9,12.95,12.95,11.74,47278595.0,575399541.0,15:34:59,2026-07-30
sh603937,丽岛新材,9.79,-0.36,-3.547,9.78,9.79,10.15,10.11,10.27,9.74,5346500.0,53346017.0,15:34:59,2026-07-30
sh603938,三孚股份,35.3,-2.7,-7.105,35.29,35.3,38.0,37.75,38.23,34.47,13671833.0,493411604.0,15:34:59,2026-07-30
sh603939,益丰药房,22.7,0.0,0.0,22.69,22.7,22.7,22.7,23.26,22.5,12588572.0,287165508.0,15:00:03,2026-07-30
sh603948,建业股份,19.08,-0.44,-2.254,19.08,19.09,19.52,19.39,19.66,19.02,1696000.0,32777576.0,15:34:59,2026-07-30
sh603949,雪龙集团,13.0,-0.3,-2.256,13.0,13.01,13.3,13.26,13.53,12.93,3679600.0,48590373.0,15:34:59,2026-07-30
sh603950,长源东谷,48.12,-4.66,-8.829,48.12,48.18,52.78,53.53,53.88,47.6,9492107.0,474798806.0,15:34:59,2026-07-30
sh603955,大千生态,19.0,-0.17,-0.887,19.0,19.04,19.17,19.17,20.22,18.98,3664340.0,72041394.0,15:34:59,2026-07-30
sh603956,威派格,5.99,-0.21,-3.387,5.99,6.0,6.2,6.2,6.26,5.94,20578965.0,124700238.0,15:34:59,2026-07-30
sh603958,哈森股份,12.8,-0.54,-4.048,12.8,12.81,13.34,13.24,13.49,12.68,4772600.0,61966121.0,15:34:59,2026-07-30
sh603959,ST百利,4.05,-0.17,-4.028,4.05,4.06,4.22,4.21,4.26,4.05,6191500.0,25482330.0,15:34:59,2026-07-30
sh603960,克来机电,15.08,-0.31,-2.014,15.07,15.08,15.39,15.2,15.42,14.96,5564700.0,84599273.0,15:34:59,2026-07-30
sh603966,法兰泰克,7.79,-0.03,-0.384,7.79,7.8,7.82,7.78,7.87,7.62,5523991.0,42898108.0,15:34:59,2026-07-30
sh603967,中创物流,11.58,0.14,1.224,11.57,11.58,11.44,11.44,11.6,11.38,2546900.0,29345277.0,15:00:01,2026-07-30
sh603968,醋化股份,9.48,-0.07,-0.733,9.48,9.49,9.55,9.52,9.77,9.42,3166400.0,30404504.0,15:00:01,2026-07-30
sh603969,银龙股份,7.12,-0.29,-3.914,7.12,7.13,7.41,7.26,7.33,7.04,19401066.0,138819573.0,15:34:59,2026-07-30
sh603970,中农立华,10.24,0.2,1.992,10.24,10.27,10.04,10.05,10.39,10.03,3073300.0,31522233.0,15:00:03,2026-07-30
sh603976,正川股份,23.59,-1.31,-5.261,23.57,23.59,24.9,24.56,24.78,23.4,5234582.0,125481743.0,15:34:59,2026-07-30
sh603977,国泰集团,11.16,-0.17,-1.5,11.15,11.16,11.33,11.21,11.36,10.97,9017012.0,100758857.0,15:00:00,2026-07-30
sh603978,深圳新星,17.39,-0.76,-4.187,17.39,17.4,18.15,18.09,18.34,17.34,8327396.0,147868860.0,15:34:59,2026-07-30
sh603979,金诚信,74.08,0.61,0.83,74.08,74.09,73.47,73.88,74.96,71.36,10913284.0,802818451.0,15:34:59,2026-07-30
sh603980,吉华集团,6.33,-0.47,-6.912,6.33,6.34,6.8,6.5,6.72,6.33,82678242.0,538564135.0,15:34:59,2026-07-30
sh603982,泉峰汽车,5.54,-0.03,-0.539,5.53,5.54,5.57,5.57,5.69,5.51,5649120.0,31579311.0,15:00:03,2026-07-30
sh603983,丸美生物,28.07,-1.19,-4.067,28.07,28.08,29.26,27.97,30.52,27.72,11916724.0,344646581.0,15:34:59,2026-07-30
sh603985,恒润股份,14.11,-0.83,-5.556,14.11,14.12,14.94,14.8,15.1,14.08,13534029.0,195466406.0,15:34:59,2026-07-30
sh603986,兆易创新,371.1,7.07,1.942,371.09,371.1,364.03,356.75,392.07,342.0,97123885.0,35483794588.0,15:34:59,2026-07-30
sh603987,康德莱,7.27,0.01,0.138,7.26,7.27,7.26,7.25,7.32,7.2,4072595.0,29586653.0,15:00:03,2026-07-30
sh603988,中电电机,19.91,1.29,6.928,19.9,19.91,18.62,18.54,20.3,18.0,25844290.0,499636135.0,15:34:59,2026-07-30
sh603989,艾华集团,24.14,-1.87,-7.19,24.14,24.15,26.01,25.7,26.51,23.47,23121492.0,571968162.0,15:34:59,2026-07-30
sh603990,麦迪科技,18.0,-1.4,-7.216,17.98,18.0,19.4,19.4,19.8,17.53,21131211.0,390762467.0,15:34:59,2026-07-30
sh603991,领先股份,105.77,-8.22,-7.211,105.76,105.77,113.99,112.0,115.5,105.65,3719502.0,406796956.0,15:00:03,2026-07-30
sh603992,松霖科技,22.8,-0.34,-1.469,22.8,22.83,23.14,23.16,23.49,22.61,2302735.0,53055522.0,15:34:59,2026-07-30
sh603993,洛阳钼业,18.96,-0.12,-0.629,18.94,18.96,19.08,19.1,19.38,18.53,185706156.0,3515043018.0,15:34:59,2026-07-30
sh603995,甬金股份,20.12,0.14,0.701,20.12,20.16,19.98,19.98,20.66,19.8,4938300.0,99476540.0,15:00:03,2026-07-30
sh603997,继峰股份,12.75,0.63,5.198,12.74,12.75,12.12,12.19,12.87,12.19,25589207.0,322279934.0,15:34:59,2026-07-30
sh603998,方盛制药,9.46,0.13,1.393,9.45,9.46,9.33,9.3,9.56,9.27,10055900.0,95106117.0,15:34:59,2026-07-30
sh603999,读者传媒,5.42,-0.02,-0.368,5.42,5.43,5.44,5.4,5.55,5.38,7810140.0,42803759.0,15:00:01,2026-07-30
sh605001,威奥股份,5.08,-0.07,-1.359,5.08,5.09,5.15,5.12,5.24,5.03,5043670.0,25902613.0,15:00:03,2026-07-30
sh605003,众望布艺,19.08,-0.57,-2.901,19.07,19.08,19.65,19.55,19.91,18.75,951700.0,18324610.0,15:34:59,2026-07-30
sh605005,合兴股份,14.82,-0.05,-0.336,14.82,14.83,14.87,14.74,15.13,14.73,856100.0,12773054.0,15:34:59,2026-07-30
sh605006,山东玻纤,12.4,-0.59,-4.542,12.4,12.41,12.99,12.91,13.13,12.04,38369033.0,481752531.0,15:34:59,2026-07-30
sh605007,五洲特纸,15.4,-0.07,-0.452,15.39,15.4,15.47,15.4,15.59,15.03,4064300.0,62255340.0,15:34:59,2026-07-30
sh605008,长鸿高科,11.65,-0.43,-3.56,11.64,11.65,12.08,12.01,12.19,11.46,3597486.0,42429514.0,15:00:01,2026-07-30
sh605009,豪悦护理,23.9,0.25,1.057,23.9,23.93,23.65,23.65,24.3,23.46,1630003.0,39155228.0,15:00:03,2026-07-30
sh605011,杭州热电,17.32,-0.5,-2.806,17.31,17.32,17.82,17.65,17.91,17.22,7855700.0,137878816.0,15:34:59,2026-07-30
sh605016,百龙创园,21.59,-0.89,-3.959,21.59,21.6,22.48,23.39,23.86,21.44,10176458.0,227134872.0,15:34:59,2026-07-30
sh605018,长华集团,11.15,-0.57,-4.863,11.15,11.16,11.72,11.58,11.84,11.08,8300200.0,94693975.0,15:34:59,2026-07-30
sh605020,永和股份,31.14,-1.42,-4.361,31.13,31.14,32.56,32.45,32.55,30.93,13649635.0,432238286.0,15:34:59,2026-07-30
sh605028,世茂能源,27.07,0.12,0.445,27.05,27.07,26.95,27.49,27.62,26.5,2997500.0,81024589.0,15:34:59,2026-07-30
sh605033,美邦股份,18.7,1.7,10.0,18.7,0.0,17.0,17.38,18.7,17.11,4204800.0,76486201.0,15:00:03,2026-07-30
sh605050,福然德,10.13,-0.03,-0.295,10.12,10.13,10.16,10.16,10.26,10.06,2387900.0,24243605.0,15:34:59,2026-07-30
sh605055,迎丰股份,8.02,-0.45,-5.313,8.01,8.02,8.47,8.47,8.48,7.97,4676500.0,38251592.0,15:00:03,2026-07-30
sh605056,咸亨国际,13.15,-0.55,-4.015,13.15,13.16,13.7,13.7,13.75,13.15,6195853.0,83164695.0,15:00:01,2026-07-30
sh605058,澳弘电子,22.78,-0.88,-3.719,22.78,22.89,23.66,23.37,23.77,22.56,2335460.0,54029504.0,15:00:01,2026-07-30
sh605060,联德股份,34.0,-3.02,-8.158,34.0,34.09,37.02,36.92,36.95,33.66,5816552.0,202115628.0,15:34:59,2026-07-30
sh605066,天正电气,6.35,-0.13,-2.006,6.34,6.35,6.48,6.45,6.52,6.32,4860275.0,31183201.0,15:00:03,2026-07-30
sh605068,明新旭腾,20.59,1.87,9.989,20.59,0.0,18.72,20.59,20.59,20.3,5951400.0,122509990.0,15:00:03,2026-07-30
sh605069,正和生态,9.05,-0.59,-6.12,9.04,9.05,9.64,9.57,9.85,9.0,8179490.0,76381312.0,15:00:03,2026-07-30
sh605077,华康股份,10.9,-0.07,-0.638,10.9,10.91,10.97,10.92,11.06,10.73,6603219.0,72053514.0,15:34:59,2026-07-30
sh605080,浙江自然,19.42,-0.09,-0.461,19.41,19.42,19.51,19.53,19.98,19.37,2193700.0,43094718.0,15:00:01,2026-07-30
sh605086,龙高股份,22.06,-0.4,-1.781,22.06,22.07,22.46,22.39,22.71,21.77,1512200.0,33609027.0,15:00:03,2026-07-30
sh605088,冠盛股份,19.42,-0.39,-1.969,19.42,19.43,19.81,19.74,19.94,19.32,4146600.0,81231057.0,15:00:03,2026-07-30
sh605089,味知香,19.38,0.13,0.675,19.38,19.4,19.25,19.2,19.9,19.2,2203428.0,43152301.0,15:34:59,2026-07-30
sh605090,九丰能源,30.36,-1.82,-5.656,30.35,30.36,32.18,32.0,32.5,30.15,22780716.0,708136709.0,15:34:59,2026-07-30
sh605098,行动教育,56.31,-0.19,-0.336,56.25,56.31,56.5,56.63,57.71,55.88,1153840.0,65471769.0,15:34:59,2026-07-30
sh605099,共创草坪,32.6,0.11,0.339,32.6,32.61,32.49,32.08,32.94,31.96,2146277.0,69872261.0,15:00:03,2026-07-30
sh605100,华丰股份,28.39,-1.47,-4.923,28.39,28.41,29.86,30.0,30.27,27.51,4921180.0,142632269.0,15:34:59,2026-07-30
sh605108,同庆楼,12.76,0.29,2.326,12.76,12.77,12.47,12.44,13.08,12.44,10254600.0,131492878.0,15:34:59,2026-07-30
sh605111,新洁能,47.86,-5.32,-10.004,0.0,47.86,53.18,52.87,53.15,47.86,25656026.0,1272116697.0,15:34:59,2026-07-30
sh605116,奥锐特,19.26,-0.2,-1.028,19.25,19.26,19.46,19.35,19.8,19.1,2320208.0,44998663.0,15:00:03,2026-07-30
sh605117,德业股份,83.23,-1.9,-2.232,83.23,83.24,85.13,84.49,86.27,82.4,10035260.0,844386370.0,15:34:59,2026-07-30
sh605118,力鼎光电,27.39,-1.29,-4.498,27.36,27.39,28.68,28.64,28.67,27.06,2622528.0,73000147.0,15:00:03,2026-07-30
sh605122,四方新材,10.04,-0.18,-1.761,10.04,10.07,10.22,10.2,10.37,9.96,2797500.0,28458899.0,15:00:03,2026-07-30
sh605123,派克新材,75.21,0.02,0.027,75.21,75.22,75.19,74.67,76.45,74.5,1640739.0,123821174.0,15:00:01,2026-07-30
sh605128,上海沿浦,21.37,0.19,0.897,21.36,21.37,21.18,20.94,21.78,20.94,4394012.0,94010251.0,15:34:59,2026-07-30
sh605133,嵘泰股份,22.86,-1.33,-5.498,22.8,22.86,24.19,24.0,24.2,22.23,7019216.0,161341326.0,15:34:59,2026-07-30
sh605136,丽人丽妆,7.94,-0.42,-5.024,7.94,7.95,8.36,8.02,8.19,7.87,27692923.0,222439443.0,15:34:59,2026-07-30
sh605138,盛泰集团,5.48,0.03,0.55,5.46,5.48,5.45,5.49,5.57,5.4,4878100.0,26838011.0,15:00:03,2026-07-30
sh605151,西上海,16.31,-0.22,-1.331,16.3,16.31,16.53,16.73,16.75,16.1,2015800.0,33123866.0,15:00:03,2026-07-30
sh605155,西大门,12.83,-0.05,-0.388,12.82,12.83,12.88,12.88,13.14,12.66,3181400.0,40993233.0,15:34:59,2026-07-30
sh605158,华达新材,6.6,-0.05,-0.752,6.6,6.61,6.65,6.63,6.74,6.54,2249300.0,14956749.0,15:00:03,2026-07-30
sh605162,新中港,8.19,-0.55,-6.293,8.18,8.19,8.74,8.58,8.7,8.1,37829597.0,316506679.0,15:34:59,2026-07-30
sh605166,聚合顺,8.33,-0.04,-0.478,8.31,8.33,8.37,8.34,8.47,8.21,3516494.0,29390110.0,15:00:03,2026-07-30
sh605167,利柏特,12.8,-0.14,-1.082,12.79,12.8,12.94,12.9,13.26,12.69,4948800.0,63945960.0,15:34:59,2026-07-30
sh605168,三人行,31.44,-2.24,-6.651,31.44,31.48,33.68,33.5,34.24,31.21,5505058.0,178386220.0,15:00:03,2026-07-30
sh605169,洪通燃气,9.78,-0.08,-0.811,9.74,9.78,9.86,9.76,10.05,9.7,2828200.0,27888751.0,15:34:59,2026-07-30
sh605177,东亚药业,15.1,-0.22,-1.436,15.07,15.1,15.32,15.34,15.68,14.9,2398000.0,36750715.0,15:00:01,2026-07-30
sh605178,时空科技,53.91,-5.99,-10.0,53.91,53.92,59.9,59.8,61.19,53.91,4772600.0,265278822.0,15:00:03,2026-07-30
sh605179,一鸣食品,17.61,1.6,9.994,17.61,0.0,16.01,17.61,17.61,17.61,2784500.0,49035045.0,15:34:59,2026-07-30
sh605180,华生科技,11.0,-0.02,-0.181,11.0,11.01,11.02,11.02,11.32,10.84,1767900.0,19636316.0,15:34:59,2026-07-30
sh605183,确成股份,14.46,0.2,1.403,14.46,14.47,14.26,14.26,14.55,14.25,1451700.0,20923749.0,15:34:59,2026-07-30
sh605186,健麾信息,22.1,-1.08,-4.659,22.1,22.12,23.18,22.83,23.28,21.95,3452557.0,77114505.0,15:34:59,2026-07-30
sh605188,国光连锁,12.41,-0.14,-1.116,12.41,12.42,12.55,12.74,13.29,12.35,30449900.0,390169606.0,15:34:59,2026-07-30
sh605189,富春染织,16.3,1.0,6.536,16.3,16.31,15.3,15.16,16.34,14.85,31174607.0,492402717.0,15:34:59,2026-07-30
sh605196,华通线缆,31.66,-1.16,-3.534,31.66,31.67,32.82,32.0,33.77,31.53,29280999.0,951112914.0,15:34:59,2026-07-30
sh605198,安德利,51.78,-4.37,-7.783,51.78,51.8,56.15,55.46,56.99,51.78,4494100.0,245086617.0,15:34:59,2026-07-30
sh605199,ST葫芦娃,5.72,0.08,1.418,5.72,5.73,5.64,5.66,5.98,5.66,1794512.0,10401695.0,15:00:03,2026-07-30
sh605208,永茂泰,10.87,-0.73,-6.293,10.86,10.87,11.6,11.6,11.95,10.79,16018072.0,180879099.0,15:34:59,2026-07-30
sh605218,伟时电子,12.2,-0.57,-4.464,12.2,12.21,12.77,12.7,12.9,12.19,3037000.0,37801073.0,15:00:01,2026-07-30
sh605222,起帆电缆,17.85,-0.79,-4.238,17.84,17.85,18.64,19.01,19.04,17.81,8422400.0,152934174.0,15:34:59,2026-07-30
sh605228,神通科技,9.98,-0.4,-3.854,9.98,9.99,10.38,10.29,10.43,9.9,8790873.0,89095887.0,15:34:59,2026-07-30
sh605255,天普股份,68.22,-7.58,-10.0,0.0,68.22,75.8,68.25,71.2,68.22,1457056.0,100291290.0,15:00:03,2026-07-30
sh605258,协和电子,23.24,-0.99,-4.086,23.24,23.29,24.23,24.0,24.38,23.1,1848888.0,43740164.0,15:00:01,2026-07-30
sh605259,绿田机械,17.85,0.15,0.847,17.84,17.85,17.7,17.7,18.08,17.67,738140.0,13202950.0,15:00:01,2026-07-30
sh605266,健之佳,16.57,0.24,1.47,16.56,16.57,16.33,16.35,16.65,16.31,1509921.0,24922340.0,15:34:59,2026-07-30
sh605268,王力安防,8.95,-0.04,-0.445,8.93,8.95,8.99,9.03,9.17,8.88,2619820.0,23653004.0,15:34:59,2026-07-30
sh605277,新亚电子,14.49,-0.16,-1.092,14.49,14.5,14.65,14.51,14.74,14.4,4497644.0,65493812.0,15:34:59,2026-07-30
sh605286,同力天启,21.74,-0.7,-3.119,21.74,21.75,22.44,22.17,22.67,21.61,1846000.0,40810554.0,15:00:03,2026-07-30
sh605287,德才股份,31.56,-1.8,-5.396,31.55,31.56,33.36,33.54,34.63,30.5,5684260.0,185212809.0,15:34:59,2026-07-30
sh605288,凯迪股份,53.04,-5.88,-9.98,53.04,53.06,58.92,58.5,59.34,53.03,1243860.0,68542962.0,15:34:59,2026-07-30
sh605289,罗曼股份,77.95,-8.65,-9.988,77.95,77.96,86.6,86.6,87.0,77.94,6704880.0,542573540.0,15:34:59,2026-07-30
sh605296,神农集团,29.88,0.31,1.048,29.88,29.89,29.57,29.58,30.81,29.49,3934490.0,118302679.0,15:34:59,2026-07-30
sh605298,必得科技,43.3,-2.16,-4.751,43.3,43.33,45.46,44.91,45.85,42.43,1159839.0,50795829.0,15:00:01,2026-07-30
sh605299,舒华体育,11.0,-0.57,-4.927,11.0,11.01,11.57,11.43,11.68,10.9,19634015.0,221114887.0,15:34:59,2026-07-30
sh605300,佳禾食品,9.45,0.04,0.425,9.45,9.46,9.41,9.41,9.74,9.4,7651201.0,73299883.0,15:00:03,2026-07-30
sh605303,园林股份,17.3,-1.28,-6.889,17.29,17.3,18.58,18.41,18.75,17.29,3278200.0,58425511.0,15:00:03,2026-07-30
sh605305,中际联合,39.53,-0.37,-0.927,39.52,39.53,39.9,39.56,40.94,39.3,4300985.0,171906181.0,15:34:59,2026-07-30
sh605318,法狮龙,66.66,-6.08,-8.359,66.66,66.71,72.74,72.44,73.0,66.66,1762700.0,120938388.0,15:34:59,2026-07-30
sh605319,无锡振华,22.57,0.0,0.0,22.49,22.57,22.57,22.65,22.8,22.12,2245820.0,50381601.0,15:00:03,2026-07-30
sh605333,沪光股份,17.21,0.43,2.563,17.2,17.21,16.78,16.75,17.32,16.65,3437338.0,58807599.0,15:34:59,2026-07-30
sh605336,*ST帅电,9.77,-0.26,-2.592,9.77,9.81,10.03,10.15,10.15,9.75,728411.0,7215528.0,15:00:03,2026-07-30
sh605337,李子园,9.6,-0.15,-1.538,9.6,9.61,9.75,9.82,10.2,9.48,23749924.0,235084572.0,15:34:59,2026-07-30
sh605338,巴比食品,19.28,0.16,0.837,19.26,19.28,19.12,19.07,20.09,18.91,3979889.0,77865635.0,15:34:59,2026-07-30
sh605339,南侨食品,12.5,-0.52,-3.994,12.5,12.51,13.02,13.06,13.31,12.42,6443333.0,82750138.0,15:00:03,2026-07-30
sh605358,立昂微,35.68,-3.73,-9.465,35.67,35.68,39.41,39.56,39.78,35.6,49293966.0,1822100389.0,15:34:59,2026-07-30
sh605365,立达信,12.85,-0.32,-2.43,12.85,12.86,13.17,13.11,13.35,12.8,3733830.0,48784466.0,15:00:01,2026-07-30
sh605366,宏柏新材,6.84,-0.32,-4.469,6.83,6.84,7.16,7.18,7.23,6.7,24866949.0,171498159.0,15:34:59,2026-07-30
sh605368,蓝天燃气,6.73,0.0,0.0,6.72,6.73,6.73,6.73,6.83,6.68,5448600.0,36777589.0,15:00:01,2026-07-30
sh605369,拱东医疗,15.9,-0.04,-0.251,15.9,15.95,15.94,15.9,16.14,15.8,1176760.0,18806261.0,15:00:03,2026-07-30
sh605376,博迁新材,133.12,-11.46,-7.926,133.12,133.19,144.58,144.65,150.6,130.26,21233953.0,2925309122.0,15:34:59,2026-07-30
sh605377,华旺科技,8.63,-0.3,-3.359,8.63,8.64,8.93,8.88,9.09,8.58,7699656.0,67788739.0,15:34:59,2026-07-30
sh605378,野马电池,13.73,0.38,2.846,13.72,13.73,13.35,13.3,14.48,13.2,5774636.0,79688486.0,15:34:59,2026-07-30
sh605388,均瑶健康,6.12,0.56,10.072,6.12,0.0,5.56,5.86,6.12,5.84,14819904.0,89647630.0,15:34:59,2026-07-30
sh605389,长龄液压,65.25,-4.36,-6.263,65.25,65.27,69.61,70.0,70.05,64.64,1158370.0,77187362.0,15:34:59,2026-07-30
sh605398,新炬网络,19.22,-0.2,-1.03,19.2,19.22,19.42,19.23,19.88,19.1,1365240.0,26623612.0,15:00:03,2026-07-30
sh605399,晨光新材,9.81,-0.14,-1.407,9.81,9.82,9.95,9.86,10.07,9.74,3998520.0,39602683.0,15:00:00,2026-07-30
sh605488,福莱新材,22.55,-0.84,-3.591,22.54,22.55,23.39,23.13,23.36,22.25,5359340.0,121692772.0,15:34:59,2026-07-30
sh605499,东鹏饮料,138.2,-4.36,-3.058,138.19,138.2,142.56,140.53,145.9,136.35,15500736.0,2187114967.0,15:34:59,2026-07-30
sh605500,森林包装,6.46,-0.01,-0.155,6.46,6.47,6.47,6.41,6.58,6.39,4876746.0,31692565.0,15:00:03,2026-07-30
sh605507,国邦医药,16.3,0.01,0.061,16.28,16.3,16.29,16.18,16.48,16.03,4720820.0,76890102.0,15:00:01,2026-07-30
sh605555,德昌股份,11.19,-0.08,-0.71,11.18,11.19,11.27,11.18,11.53,11.12,4173415.0,47334451.0,15:34:59,2026-07-30
sh605566,福莱蒽特,21.63,-1.59,-6.848,21.63,21.64,23.22,22.95,23.28,21.47,4533349.0,100481666.0,15:34:59,2026-07-30
sh605567,春雪食品,8.32,0.05,0.605,8.3,8.32,8.27,8.28,8.55,8.22,5057146.0,42420477.0,15:00:03,2026-07-30
sh605577,龙版传媒,9.57,0.15,1.592,9.55,9.57,9.42,9.42,9.69,9.42,3256000.0,31195487.0,15:34:59,2026-07-30
sh605580,恒盛能源,16.02,-0.56,-3.378,16.01,16.02,16.58,16.5,16.8,15.88,5954200.0,96949098.0,15:34:59,2026-07-30
sh605588,冠石科技,37.96,-2.26,-5.619,37.95,37.96,40.22,39.63,40.06,37.91,1925200.0,74748238.0,15:34:59,2026-07-30
sh605589,圣泉集团,33.16,-2.07,-5.876,33.15,33.16,35.23,34.83,35.48,32.71,36145147.0,1219031761.0,15:34:59,2026-07-30
sh605598,上海港湾,23.67,-1.04,-4.209,23.67,23.69,24.71,24.63,24.88,23.52,4619500.0,110936488.0,15:34:59,2026-07-30
sh605599,菜百股份,16.7,0.77,4.834,16.69,16.7,15.93,15.8,16.77,15.8,11286478.0,186098063.0,15:34:59,2026-07-30
sh688001,华兴源创,42.0,-4.16,-9.012,41.88,42.0,46.16,46.52,46.66,41.24,10701163.0,459892905.0,15:00:00,2026-07-30
sh688002,睿创微纳,135.6,-10.39,-7.117,135.38,135.6,145.99,144.24,145.0,129.02,18080628.0,2461532395.0,15:34:59,2026-07-30
sh688003,天准科技,64.45,-5.51,-7.876,64.42,64.45,69.96,70.86,71.36,63.83,7857491.0,520805523.0,15:34:59,2026-07-30
sh688004,博汇科技,21.28,0.22,1.045,21.26,21.28,21.06,21.34,22.46,21.03,3265763.0,71099707.0,15:00:03,2026-07-30
sh688005,容百科技,27.76,0.0,0.0,27.76,27.77,27.76,27.51,28.18,27.37,13409399.0,372950691.0,15:34:59,2026-07-30
sh688006,杭可科技,20.46,-0.44,-2.105,20.46,20.47,20.9,20.87,21.08,20.06,11070737.0,227837111.0,15:34:59,2026-07-30
sh688007,光峰科技,10.01,-0.28,-2.721,10.01,10.02,10.29,10.23,10.35,9.98,6163699.0,62684925.0,15:34:59,2026-07-30
sh688008,澜起科技,196.78,-10.72,-5.166,196.78,196.8,207.5,205.0,210.77,194.53,58750078.0,11830317561.0,15:34:59,2026-07-30
sh688009,中国通号,5.35,0.05,0.943,5.34,5.35,5.3,5.28,5.38,5.25,47233660.0,251770309.0,15:34:59,2026-07-30
sh688010,福光股份,23.12,-1.72,-6.924,23.12,23.13,24.84,24.56,25.08,23.12,5757081.0,137598634.0,15:34:59,2026-07-30
sh688011,新光光电,60.69,-1.93,-3.082,60.61,60.69,62.62,62.3,63.98,60.28,1018146.0,63249382.0,15:00:06,2026-07-30
sh688012,中微公司,346.5,-13.5,-3.75,346.5,346.8,360.0,350.01,363.8,335.0,33968727.0,11903850013.0,15:34:59,2026-07-30
sh688013,天臣医疗,23.35,0.46,2.01,23.0,23.35,22.89,22.89,23.38,22.4,1517289.0,34914546.0,15:00:03,2026-07-30
sh688015,交控科技,15.03,-0.02,-0.133,15.03,15.12,15.05,14.91,15.29,14.91,1399085.0,21169918.0,15:00:03,2026-07-30
sh688016,心脉医疗,92.89,-0.93,-0.991,92.89,92.9,93.82,93.48,94.76,91.9,1543043.0,143964307.0,15:00:03,2026-07-30
sh688017,绿的谐波,261.0,-22.66,-7.988,260.98,261.0,283.66,283.0,288.0,256.2,12126968.0,3262824774.0,15:34:59,2026-07-30
sh688018,乐鑫科技,91.88,-5.4,-5.551,91.82,91.88,97.28,96.04,96.58,89.02,8780299.0,810125959.0,15:34:59,2026-07-30
sh688019,安集科技,229.45,-25.36,-9.953,229.45,229.5,254.81,247.06,249.98,228.12,10039923.0,2382903629.0,15:34:59,2026-07-30
sh688020,方邦股份,93.4,-11.98,-11.368,93.39,93.4,105.38,106.22,106.8,93.0,5172958.0,507327535.0,15:00:03,2026-07-30
sh688021,奥福科技,17.84,-0.29,-1.6,17.84,17.97,18.13,18.3,18.66,17.5,1524628.0,27597258.0,15:00:03,2026-07-30
sh688022,ST瀚川,7.58,0.02,0.265,7.57,7.58,7.56,7.58,7.78,7.45,2225039.0,16973769.0,15:00:01,2026-07-30
sh688023,安恒信息,34.95,-0.84,-2.347,34.95,34.98,35.79,35.81,36.99,34.95,2827312.0,101706854.0,15:00:01,2026-07-30
sh688025,杰普特,254.42,-44.18,-14.796,254.41,254.42,298.6,289.99,295.44,247.0,5891566.0,1563964089.0,15:34:59,2026-07-30
sh688026,洁特生物,12.27,0.07,0.574,12.27,12.28,12.2,12.17,12.49,12.11,2079611.0,25549074.0,15:00:01,2026-07-30
sh688027,国盾量子,379.5,-5.48,-1.423,379.5,379.7,384.98,380.5,388.0,373.3,2164763.0,824991280.0,15:00:03,2026-07-30
sh688028,沃尔德,61.29,-8.89,-12.667,61.29,61.3,70.18,70.8,70.8,60.2,9789393.0,628061064.0,15:34:59,2026-07-30
sh688029,南微医学,73.24,0.33,0.453,73.01,73.24,72.91,72.91,75.1,71.98,1920777.0,140997701.0,15:00:01,2026-07-30
sh688030,山石网科,14.19,-0.34,-2.34,14.19,14.2,14.53,14.51,15.15,14.15,3902288.0,57142463.0,15:00:03,2026-07-30
sh688031,星环科技,80.33,-1.92,-2.334,80.33,80.34,82.25,82.28,88.18,80.27,5325236.0,445235869.0,15:34:59,2026-07-30
sh688032,禾迈股份,78.35,1.7,2.218,78.35,78.4,76.65,76.01,80.5,76.01,1320373.0,103973950.0,15:00:03,2026-07-30
sh688033,*ST天宜,6.15,-0.1,-1.6,6.15,6.16,6.25,6.23,6.26,6.1,2653193.0,16420903.0,15:00:01,2026-07-30
sh688035,德邦科技,52.7,-3.59,-6.378,52.68,52.7,56.29,56.07,56.34,52.0,5572051.0,299862096.0,15:00:03,2026-07-30
sh688036,传音控股,65.75,0.06,0.091,65.72,65.75,65.69,65.48,66.78,64.18,18948629.0,1239027771.0,15:34:59,2026-07-30
sh688037,芯源微,285.8,-49.21,-14.689,285.79,285.8,335.01,329.89,334.16,285.8,8863156.0,2685070977.0,15:34:59,2026-07-30
sh688038,中科通达,15.22,-2.02,-11.717,15.22,15.23,17.24,17.06,17.36,15.11,4518416.0,73151705.0,15:34:59,2026-07-30
sh688039,当虹科技,31.02,-0.52,-1.649,31.02,31.05,31.54,31.1,32.6,30.8,2049582.0,65174642.0,15:00:03,2026-07-30
sh688041,海光信息,273.42,-10.58,-3.725,273.0,273.42,284.0,284.58,288.0,265.05,29242315.0,8000007271.0,15:34:59,2026-07-30
sh688045,必易微,44.56,-3.01,-6.328,44.53,44.56,47.57,47.46,47.48,44.0,1949708.0,88491775.0,15:00:03,2026-07-30
sh688046,药康生物,23.26,-2.12,-8.353,23.26,23.27,25.38,25.1,25.36,23.1,10213523.0,243667701.0,15:34:59,2026-07-30
sh688047,龙芯中科,101.85,-2.83,-2.703,101.82,101.85,104.68,103.0,105.5,101.01,5154250.0,533669933.0,15:34:59,2026-07-30
sh688048,长光华芯,213.0,-38.1,-15.173,213.0,213.01,251.1,247.5,250.0,206.0,18352863.0,4082109099.0,15:34:59,2026-07-30
sh688049,炬芯科技,37.66,-5.01,-11.741,37.65,37.66,42.67,41.86,42.58,37.66,14425252.0,568862088.0,15:34:59,2026-07-30
sh688050,爱博医疗,42.22,1.22,2.976,42.22,42.25,41.0,41.0,42.85,40.79,3465403.0,145771214.0,15:00:03,2026-07-30
sh688051,佳华科技,21.37,-0.05,-0.233,21.37,21.39,21.42,21.17,22.1,21.17,1620875.0,35160177.0,15:34:59,2026-07-30
sh688052,纳芯微,181.92,-15.63,-7.912,181.92,182.0,197.55,194.0,195.74,177.5,3601150.0,666222687.0,15:00:03,2026-07-30
sh688053,ST思科瑞,30.0,-0.27,-0.892,30.0,30.1,30.27,30.3,30.62,29.6,474663.0,14292456.0,15:00:03,2026-07-30
sh688055,龙腾光电,3.69,-0.13,-3.403,3.69,3.7,3.82,3.78,3.83,3.69,12393781.0,46410386.0,15:34:59,2026-07-30
sh688056,莱伯泰科,34.1,-1.56,-4.375,34.09,34.1,35.66,35.8,36.57,32.8,2058071.0,70965946.0,15:00:06,2026-07-30
sh688057,金达莱,14.99,-1.41,-8.598,14.99,15.0,16.4,16.25,16.5,14.98,8462813.0,132133314.0,15:34:59,2026-07-30
sh688058,宝兰德,20.17,0.35,1.766,20.14,20.17,19.82,20.16,20.8,19.96,1352551.0,27664831.0,15:34:59,2026-07-30
sh688059,华锐精密,68.41,-6.53,-8.714,68.38,68.41,74.94,74.94,74.94,67.9,5853705.0,413387274.0,15:00:03,2026-07-30
sh688060,云涌科技,30.53,-0.83,-2.647,30.53,30.56,31.36,31.17,31.9,30.51,394360.0,12308574.0,15:00:03,2026-07-30
sh688061,灿瑞科技,31.43,-2.66,-7.803,31.43,31.46,34.09,34.09,34.09,30.92,2411747.0,77442343.0,15:00:03,2026-07-30
sh688062,迈威生物,28.55,-1.49,-4.96,28.55,28.57,30.04,29.93,30.37,28.38,9109454.0,265859626.0,15:00:03,2026-07-30
sh688063,派能科技,43.63,-0.29,-0.66,43.62,43.63,43.92,43.46,44.48,43.33,5320994.0,232956247.0,15:00:03,2026-07-30
sh688065,凯赛生物,46.03,0.28,0.612,46.03,46.05,45.75,45.82,46.28,44.88,5350924.0,244454166.0,15:34:59,2026-07-30
sh688066,*ST航图,7.55,-0.23,-2.956,7.55,7.58,7.78,7.85,7.97,7.44,5307465.0,40566440.0,15:00:03,2026-07-30
sh688067,爱威科技,19.48,0.12,0.62,19.48,19.51,19.36,19.4,19.91,19.06,838391.0,16449868.0,15:00:03,2026-07-30
sh688068,热景生物,103.11,-7.4,-6.696,103.11,103.15,110.51,109.8,112.85,103.11,3550327.0,381012646.0,15:34:59,2026-07-30
sh688069,德林海,31.5,-2.38,-7.025,31.5,31.52,33.88,33.67,34.28,31.5,2669787.0,86280591.0,15:00:03,2026-07-30
sh688070,纵横股份,31.2,-1.15,-3.555,31.2,31.25,32.35,32.21,32.71,31.15,906588.0,28871335.0,15:00:03,2026-07-30
sh688071,华依科技,38.62,2.42,6.685,38.62,38.63,36.2,35.76,38.76,35.21,5640338.0,210261756.0,15:34:59,2026-07-30
sh688072,拓荆科技,642.0,-58.87,-8.4,641.95,642.0,700.87,682.0,709.0,642.0,8224294.0,5561420408.0,15:34:59,2026-07-30
sh688073,毕得医药,45.18,-2.68,-5.6,45.18,45.2,47.86,47.4,47.51,44.46,2419809.0,110804575.0,15:00:03,2026-07-30
sh688075,安旭生物,27.4,-0.37,-1.332,27.4,27.46,27.77,27.69,28.18,27.3,601383.0,16653773.0,15:00:03,2026-07-30
sh688076,ST诺泰,26.39,-0.63,-2.332,26.38,26.39,27.02,26.78,27.07,26.15,1457549.0,38854485.0,15:34:59,2026-07-30
sh688077,大地熊,22.55,-0.54,-2.339,22.54,22.55,23.09,22.85,23.38,22.5,1723134.0,39378442.0,15:00:03,2026-07-30
sh688078,龙软科技,21.07,0.07,0.333,20.98,21.07,21.0,20.99,21.49,20.81,940822.0,19956815.0,15:00:01,2026-07-30
sh688079,美迪凯,12.3,-1.1,-8.209,12.29,12.3,13.4,13.4,13.51,12.13,16018283.0,202764429.0,15:34:59,2026-07-30
sh688080,映翰通,32.64,-0.47,-1.42,32.63,32.64,33.11,32.91,33.4,32.23,940026.0,30890581.0,15:00:03,2026-07-30
sh688081,兴图新科,25.45,-1.74,-6.399,25.4,25.45,27.19,27.19,28.32,25.04,2018919.0,52510155.0,15:00:03,2026-07-30
sh688082,盛美上海,262.13,-15.57,-5.607,262.13,262.5,277.7,278.0,278.92,260.88,6457265.0,1740923630.0,15:34:59,2026-07-30
sh688083,中望软件,45.04,-0.56,-1.228,45.04,45.07,45.6,45.6,46.95,44.6,4151990.0,190312353.0,15:00:03,2026-07-30
sh688084,晶品特装,37.79,-1.54,-3.916,37.79,37.9,39.33,39.14,39.7,37.42,1618405.0,62402674.0,15:00:03,2026-07-30
sh688085,三友医疗,12.55,-0.15,-1.181,12.55,12.57,12.7,12.69,12.95,12.55,3264828.0,41462388.0,15:00:03,2026-07-30
sh688087,英科再生,39.7,0.76,1.952,39.65,39.7,38.94,38.62,39.97,38.41,4742168.0,186624047.0,15:34:59,2026-07-30
sh688088,虹软科技,31.3,0.07,0.224,31.29,31.3,31.23,31.5,32.63,31.15,7262481.0,231203020.0,15:34:59,2026-07-30
sh688089,ST嘉必优,6.98,-0.16,-2.241,6.98,6.99,7.14,7.05,7.21,6.91,9580049.0,67771970.0,15:34:59,2026-07-30
sh688090,瑞松科技,45.49,-7.71,-14.492,45.49,45.52,53.2,52.99,53.53,44.06,13493683.0,639018674.0,15:00:03,2026-07-30
sh688091,上海谊众,35.74,-1.06,-2.88,35.7,35.74,36.8,36.9,37.5,35.28,3160163.0,114804817.0,15:00:03,2026-07-30
sh688092,爱科科技,20.3,-0.23,-1.12,20.3,20.35,20.53,20.67,20.77,20.02,554767.0,11350503.0,15:00:03,2026-07-30
sh688093,世华科技,25.81,-0.35,-1.338,25.8,25.81,26.16,25.76,26.83,25.73,2301192.0,60432316.0,15:00:01,2026-07-30
sh688095,福昕软件,55.86,4.54,8.846,55.85,55.86,51.32,52.5,60.99,51.21,6556890.0,368942497.0,15:34:59,2026-07-30
sh688096,京源环保,7.54,-0.21,-2.71,7.53,7.54,7.75,7.65,8.35,7.51,13906496.0,110568171.0,15:00:03,2026-07-30
sh688097,博众精工,38.61,-1.9,-4.69,38.6,38.61,40.51,40.53,40.78,38.1,7398563.0,289157858.0,15:34:59,2026-07-30
sh688098,申联生物,8.05,-0.19,-2.306,8.04,8.05,8.24,8.15,8.3,7.99,2034079.0,16527803.0,15:00:03,2026-07-30
sh688099,晶晨股份,90.99,-5.71,-5.905,90.93,90.99,96.7,95.94,97.0,90.13,19734582.0,1826896405.0,15:34:59,2026-07-30
sh688100,威胜信息,29.58,0.5,1.719,29.57,29.58,29.08,28.99,29.99,28.87,4609526.0,136312623.0,15:34:59,2026-07-30
sh688101,三达膜,14.85,-0.21,-1.394,14.84,14.85,15.06,14.98,15.16,14.77,4823132.0,72034097.0,15:00:03,2026-07-30
sh688102,斯瑞新材,26.75,-1.05,-3.777,26.75,26.76,27.8,27.98,28.1,26.5,11763487.0,320546794.0,15:34:59,2026-07-30
sh688103,国力电子,58.2,-3.12,-5.088,58.2,58.26,61.32,60.7,65.51,58.2,6729986.0,413611317.0,15:00:03,2026-07-30
sh688105,诺唯赞,17.07,-1.08,-5.95,17.07,17.08,18.15,18.35,18.35,17.01,7587752.0,132767097.0,15:34:59,2026-07-30
sh688106,金宏气体,25.58,-2.57,-9.13,25.57,25.58,28.15,28.15,28.15,25.58,30901115.0,816902276.0,15:34:59,2026-07-30
sh688107,安路科技,27.3,-1.25,-4.378,27.25,27.3,28.55,28.82,29.92,26.82,9491322.0,266095882.0,15:00:03,2026-07-30
sh688108,赛诺医疗,15.36,-0.44,-2.785,15.36,15.37,15.8,15.79,16.03,15.26,8899171.0,138885453.0,15:34:59,2026-07-30
sh688109,品茗科技,64.17,-3.83,-5.632,64.14,64.17,68.0,68.0,68.74,64.17,1111171.0,74122876.0,15:00:03,2026-07-30
sh688110,东芯股份,101.52,-5.99,-5.572,101.52,101.53,107.51,105.0,107.3,99.01,20702162.0,2139748226.0,15:34:59,2026-07-30
sh688111,金山办公,252.19,6.61,2.692,252.19,252.24,245.58,244.55,257.76,244.0,12675928.0,3219855604.0,15:34:59,2026-07-30
sh688112,鼎阳科技,43.58,-3.21,-6.86,43.53,43.58,46.79,46.57,46.57,43.17,2764512.0,122582572.0,15:00:03,2026-07-30
sh688113,联测科技,32.16,-0.64,-1.951,32.16,32.19,32.8,32.78,33.19,31.7,579782.0,18842202.0,15:00:03,2026-07-30
sh688114,华大智造,47.39,-1.31,-2.69,47.39,47.45,48.7,48.34,49.13,46.91,3481382.0,166840949.0,15:00:03,2026-07-30
sh688115,思林杰,42.07,-3.93,-8.543,42.07,42.1,46.0,45.35,46.13,41.02,2414845.0,103742766.0,15:00:03,2026-07-30
sh688116,天奈科技,33.66,0.56,1.692,33.63,33.66,33.1,32.82,34.23,32.8,8111266.0,273192762.0,15:34:59,2026-07-30
sh688117,圣诺生物,22.09,-1.06,-4.579,22.09,22.1,23.15,23.03,23.35,22.09,6266549.0,141382527.0,15:34:59,2026-07-30
sh688118,普元信息,18.48,-0.1,-0.538,18.45,18.48,18.58,18.76,19.17,18.34,2260146.0,42435606.0,15:00:03,2026-07-30
sh688119,中钢洛耐,3.8,-0.08,-2.062,3.8,3.81,3.88,3.82,3.93,3.78,10666039.0,41068052.0,15:00:03,2026-07-30
sh688120,华海清科,268.28,-0.42,-0.156,268.26,268.28,268.7,262.0,283.99,247.06,20370225.0,5354909109.0,15:34:59,2026-07-30
sh688121,*ST卓然,2.47,-0.01,-0.403,2.47,2.48,2.48,2.5,2.63,2.45,14703883.0,37218387.0,15:34:59,2026-07-30
sh688122,西部超导,53.04,0.97,1.863,53.04,53.05,52.07,51.8,53.5,51.6,12090435.0,638967219.0,15:34:59,2026-07-30
sh688123,聚辰股份,110.67,-4.53,-3.932,110.55,110.67,115.2,113.99,117.99,108.2,12137494.0,1367378838.0,15:34:59,2026-07-30
sh688125,安达智能,91.68,-9.42,-9.318,91.67,91.68,101.1,98.58,101.69,91.0,1575560.0,149269228.0,15:00:03,2026-07-30
sh688126,沪硅产业,22.65,-1.69,-6.943,22.64,22.65,24.34,24.25,24.39,22.65,98699974.0,2311925114.0,15:34:59,2026-07-30
sh688127,蓝特光学,56.59,-3.1,-5.193,56.59,56.6,59.69,59.24,59.96,55.35,7948246.0,457770211.0,15:00:01,2026-07-30
sh688128,中国电研,22.02,0.09,0.41,22.02,22.05,21.93,21.82,22.29,21.82,2292622.0,50674028.0,15:00:03,2026-07-30
sh688129,东来技术,20.02,0.11,0.552,19.97,20.02,19.91,19.82,20.97,19.41,1821925.0,37054330.0,15:00:01,2026-07-30
sh688130,晶华微,18.02,-0.54,-2.909,18.0,18.02,18.56,18.23,18.48,17.62,1636044.0,29553720.0,15:00:06,2026-07-30
sh688131,皓元医药,76.35,-1.65,-2.115,76.35,76.4,78.0,78.0,78.0,73.55,5665105.0,428312998.0,15:34:59,2026-07-30
sh688132,邦彦技术,12.34,-0.08,-0.644,12.34,12.4,12.42,12.49,12.78,12.31,1075114.0,13526183.0,15:00:01,2026-07-30
sh688133,泰坦科技,19.37,-0.98,-4.816,19.37,19.38,20.35,20.25,20.35,18.89,5262510.0,102812926.0,15:34:59,2026-07-30
sh688135,利扬芯片,19.87,-1.57,-7.323,19.86,19.87,21.44,21.53,21.53,19.75,14238414.0,290809457.0,15:34:59,2026-07-30
sh688136,科兴制药,17.06,-0.67,-3.779,17.06,17.08,17.73,17.65,17.95,17.0,4811100.0,83666433.0,15:34:59,2026-07-30
sh688137,近岸蛋白,34.55,-0.21,-0.604,34.5,34.55,34.76,34.76,35.63,34.16,682522.0,23693459.0,15:00:03,2026-07-30
sh688138,清溢光电,26.69,-2.13,-7.391,26.68,26.69,28.82,28.39,28.8,26.68,9960732.0,273923939.0,15:34:59,2026-07-30
sh688139,海尔生物,28.18,0.29,1.04,28.18,28.19,27.89,27.8,28.49,27.8,3195391.0,89920915.0,15:34:59,2026-07-30
sh688141,杰华特,98.47,-15.16,-13.342,98.47,98.5,113.63,113.01,116.0,97.04,22871228.0,2359940696.0,15:34:59,2026-07-30
sh688143,长盈通,79.84,-8.62,-9.745,79.8,79.84,88.46,88.92,88.92,78.9,8117154.0,670374403.0,15:34:59,2026-07-30
sh688146,中船特气,284.64,-16.53,-5.489,284.64,284.65,301.17,295.15,310.72,268.0,25926538.0,7393992015.0,15:34:59,2026-07-30
sh688147,微导纳米,81.1,-14.52,-15.185,81.1,81.17,95.62,95.6,96.03,80.16,18833979.0,1605953070.0,15:34:59,2026-07-30
sh688148,芳源股份,6.59,-0.02,-0.303,6.59,6.6,6.61,6.6,6.7,6.52,14525044.0,95958013.0,15:00:03,2026-07-30
sh688150,莱特光电,32.29,-3.06,-8.656,32.29,32.3,35.35,35.2,35.88,31.83,11725763.0,390417785.0,15:00:03,2026-07-30
sh688151,华强科技,15.61,-0.45,-2.802,15.61,15.69,16.06,15.98,16.54,15.55,7055433.0,113136662.0,15:34:59,2026-07-30
sh688152,麒麟信安,25.67,-0.44,-1.685,25.66,25.67,26.11,26.09,26.75,25.65,1213785.0,31848032.0,15:00:01,2026-07-30
sh688153,唯捷创芯,23.33,-1.61,-6.455,23.33,23.34,24.94,24.85,24.86,23.21,7314522.0,174691356.0,15:00:03,2026-07-30
sh688155,先惠技术,58.0,-0.89,-1.511,57.99,58.0,58.89,58.51,59.59,57.24,2776621.0,161768395.0,15:34:59,2026-07-30
sh688156,路德科技,17.66,-0.91,-4.9,17.66,17.69,18.57,18.74,18.92,17.56,3277247.0,59325804.0,15:00:03,2026-07-30
sh688157,松井股份,18.14,-0.35,-1.893,18.14,18.19,18.49,18.21,19.39,18.0,3077910.0,57212141.0,15:00:03,2026-07-30
sh688158,优刻得,26.58,-1.35,-4.834,26.57,26.58,27.93,27.66,28.25,26.4,16660715.0,453413061.0,15:34:59,2026-07-30
sh688159,有方科技,28.44,-1.67,-5.546,28.43,28.44,30.11,29.73,30.27,28.28,3147104.0,91349301.0,15:00:03,2026-07-30
sh688160,步科股份,100.13,-3.64,-3.508,100.01,100.13,103.77,102.55,104.69,96.5,2052168.0,206940034.0,15:34:59,2026-07-30
sh688161,威高骨科,20.98,0.0,0.0,20.98,21.02,20.98,20.81,21.29,20.81,1004248.0,21175802.0,15:00:03,2026-07-30
sh688162,巨一科技,20.58,-0.57,-2.695,20.58,20.7,21.15,20.98,21.33,20.55,1273126.0,26679747.0,15:00:03,2026-07-30
sh688163,赛伦生物,25.86,-2.56,-9.008,25.86,25.88,28.42,28.33,28.61,25.8,1613351.0,43144347.0,15:00:01,2026-07-30
sh688165,埃夫特,15.16,-0.75,-4.714,15.16,15.17,15.91,15.76,15.93,15.13,7305015.0,113054311.0,15:34:59,2026-07-30
sh688166,博瑞医药,31.83,-1.71,-5.098,31.82,31.83,33.54,33.01,33.67,31.66,14587175.0,473618858.0,15:34:59,2026-07-30
sh688167,炬光科技,157.82,-24.08,-13.238,157.8,157.82,181.9,181.26,182.0,155.5,11951568.0,1984438139.0,15:34:59,2026-07-30
sh688168,安博通,31.4,-2.9,-8.455,31.36,31.4,34.3,34.2,34.75,31.27,4483099.0,145972869.0,15:34:59,2026-07-30
sh688169,石头科技,113.8,2.65,2.384,113.8,113.82,111.15,110.05,114.75,110.04,8961464.0,1015365754.0,15:34:59,2026-07-30
sh688170,德龙激光,41.26,-3.12,-7.03,41.25,41.26,44.38,44.38,44.61,40.88,4606255.0,194929839.0,15:00:03,2026-07-30
sh688171,纬德信息,24.23,-1.13,-4.456,24.2,24.23,25.36,25.13,25.25,23.9,2527534.0,62071376.0,15:34:59,2026-07-30
sh688172,燕东微,47.94,-4.71,-8.946,47.91,47.94,52.65,52.31,52.62,45.77,18534935.0,900736152.0,15:00:03,2026-07-30
sh688173,希荻微,11.83,-0.52,-4.211,11.82,11.83,12.35,12.29,12.47,11.68,11227895.0,134202670.0,15:00:03,2026-07-30
sh688175,高凌信息,16.4,0.35,2.181,16.38,16.4,16.05,17.0,17.99,16.25,7533464.0,127725399.0,15:00:03,2026-07-30
sh688176,亚虹医药,11.17,-0.82,-6.839,11.16,11.17,11.99,11.94,12.17,11.13,18256802.0,210632386.0,15:34:59,2026-07-30
sh688177,百奥泰,17.08,-0.01,-0.059,17.07,17.08,17.09,17.08,17.5,16.72,2828848.0,48283438.0,15:34:59,2026-07-30
sh688178,万德斯,22.99,-1.71,-6.923,22.99,23.0,24.7,24.65,25.19,22.92,1825537.0,43411670.0,15:00:03,2026-07-30
sh688179,阿拉丁,15.87,-1.12,-6.592,15.87,15.88,16.99,16.99,16.99,15.75,9915609.0,161238690.0,15:34:59,2026-07-30
sh688180,君实生物,35.74,-0.3,-0.832,35.73,35.74,36.04,35.8,36.09,34.45,14752373.0,522793053.0,15:34:59,2026-07-30
sh688181,八亿时空,33.3,-1.93,-5.478,33.3,33.33,35.23,35.0,35.43,33.11,5688313.0,194176023.0,15:00:01,2026-07-30
sh688182,灿勤科技,22.03,-1.9,-7.94,22.03,22.04,23.93,23.03,23.95,21.99,6679927.0,151740436.0,15:34:59,2026-07-30
sh688183,生益电子,82.4,-10.51,-11.312,82.39,82.4,92.91,89.77,91.48,81.5,17972628.0,1533145397.0,15:34:59,2026-07-30
sh688184,ST帕瓦,10.41,-0.08,-0.763,10.33,10.41,10.49,10.4,10.55,10.28,452479.0,4708781.0,15:00:03,2026-07-30
sh688185,康希诺,49.48,-0.03,-0.061,49.48,49.5,49.51,49.0,50.12,48.65,1658963.0,82063061.0,15:00:03,2026-07-30
sh688186,广大特材,13.81,-0.04,-0.289,13.8,13.81,13.85,13.8,14.14,13.66,3790239.0,52663409.0,15:00:01,2026-07-30
sh688187,时代电气,47.21,0.22,0.468,47.2,47.21,46.99,46.52,47.78,46.0,7533908.0,353438352.0,15:34:59,2026-07-30
sh688188,柏楚电子,105.33,3.21,3.143,105.33,105.35,102.12,101.25,106.26,101.11,4288783.0,445971726.0,15:34:59,2026-07-30
sh688189,ST南新,6.25,-0.28,-4.288,6.25,6.26,6.53,6.52,6.55,6.16,5294138.0,33623795.0,15:00:01,2026-07-30
sh688190,云路股份,66.59,-1.41,-2.074,66.58,66.59,68.0,67.41,68.74,66.02,1040268.0,69921576.0,15:34:59,2026-07-30
sh688191,智洋创新,16.57,-1.61,-8.856,16.56,16.57,18.18,18.54,18.57,16.38,9991195.0,171549033.0,15:34:59,2026-07-30
sh688192,迪哲医药,51.16,-2.17,-4.069,51.15,51.16,53.33,52.7,53.46,50.63,8216683.0,426406297.0,15:34:59,2026-07-30
sh688193,仁度生物,43.27,0.08,0.185,43.27,43.62,43.19,43.19,44.88,43.02,363909.0,16030950.0,15:00:03,2026-07-30
sh688195,腾景科技,100.73,-12.16,-10.772,100.73,100.74,112.89,111.77,113.65,99.1,8370781.0,871701139.0,15:34:59,2026-07-30
sh688196,卓越新能,33.25,0.21,0.636,33.25,33.29,33.04,33.0,34.6,32.8,1880490.0,63442977.0,15:00:01,2026-07-30
sh688197,首药控股,31.86,-2.04,-6.018,31.79,31.86,33.9,34.44,34.44,31.31,2625389.0,85098371.0,15:00:03,2026-07-30
sh688198,佰仁医疗,81.15,0.24,0.297,81.15,81.19,80.91,81.46,83.49,80.31,586013.0,47916212.0,15:00:06,2026-07-30
sh688199,久日新材,19.82,-1.3,-6.155,19.81,19.82,21.12,20.57,20.81,19.57,6191441.0,124786606.0,15:00:03,2026-07-30
sh688200,华峰测控,336.0,-24.82,-6.879,336.0,336.3,360.82,357.06,370.0,332.0,7385026.0,2564798506.0,15:34:59,2026-07-30
sh688201,ST信安,6.8,-0.01,-0.147,6.8,6.83,6.81,6.84,6.9,6.76,2041101.0,13933358.0,15:00:03,2026-07-30
sh688202,美迪西,71.53,-7.45,-9.433,71.53,71.56,78.98,78.94,78.99,71.1,6966223.0,514350172.0,15:34:59,2026-07-30
sh688203,海正生材,9.19,-0.05,-0.541,9.19,9.25,9.24,9.2,9.39,9.08,2711753.0,25069285.0,15:34:59,2026-07-30
sh688205,德科立,107.94,-13.88,-11.394,107.92,107.94,121.82,121.72,121.74,105.01,8636545.0,961413552.0,15:34:59,2026-07-30
sh688206,概伦电子,30.63,-1.83,-5.638,30.63,30.66,32.46,32.12,32.68,29.9,6333202.0,196723697.0,15:34:59,2026-07-30
sh688207,格灵深瞳,14.71,-0.96,-6.126,14.71,14.77,15.67,15.33,15.72,14.5,11412557.0,172125528.0,15:34:59,2026-07-30
sh688208,道通科技,28.4,0.86,3.123,28.39,28.4,27.54,27.05,29.13,27.05,20414210.0,580468117.0,15:34:59,2026-07-30
sh688209,英集芯,19.78,-1.36,-6.433,19.78,19.8,21.14,20.85,20.95,19.7,12549314.0,253425529.0,15:34:59,2026-07-30
sh688210,统联精密,23.78,-1.95,-7.579,23.77,23.78,25.73,25.5,26.4,23.77,4016565.0,99535008.0,15:00:03,2026-07-30
sh688211,中科微至,28.1,-0.35,-1.23,28.01,28.1,28.45,28.46,28.55,27.73,449202.0,12637928.0,15:00:01,2026-07-30
sh688212,澳华内镜,27.0,0.55,2.079,27.0,27.04,26.45,26.03,27.93,26.03,3495769.0,95570564.0,15:00:03,2026-07-30
sh688213,思特威,92.06,-3.76,-3.924,92.05,92.06,95.82,95.0,96.3,91.24,8897131.0,828929506.0,15:34:59,2026-07-30
sh688215,瑞晟智能,29.92,-1.49,-4.744,29.92,30.01,31.41,30.71,31.59,29.33,1366259.0,41470000.0,15:00:03,2026-07-30
sh688216,气派科技,23.9,-2.34,-8.918,23.9,23.92,26.24,26.24,26.29,23.88,6762904.0,167751501.0,15:34:59,2026-07-30
sh688217,睿昂基因,20.2,0.03,0.149,20.2,20.27,20.17,20.24,20.53,19.75,956607.0,19339564.0,15:34:59,2026-07-30
sh688218,江苏北人,30.67,-2.02,-6.179,30.62,30.67,32.69,32.65,33.34,29.72,6576758.0,204369000.0,15:00:03,2026-07-30
sh688219,会通股份,10.48,-0.02,-0.19,10.47,10.48,10.5,10.42,10.59,10.35,5399561.0,56557351.0,15:34:59,2026-07-30
sh688220,翱捷科技,92.59,-14.36,-13.427,92.52,92.59,106.95,104.48,105.32,91.19,12734647.0,1221603449.0,15:34:59,2026-07-30
sh688221,前沿生物,17.2,-1.78,-9.378,17.19,17.2,18.98,18.93,18.95,17.02,18253282.0,325952468.0,15:34:59,2026-07-30
sh688222,成都先导,26.3,-2.44,-8.49,26.3,26.32,28.74,28.34,28.34,26.27,15580603.0,425262419.0,15:34:59,2026-07-30
sh688223,晶科能源,4.35,0.08,1.874,4.35,4.36,4.27,4.24,4.44,4.22,125754640.0,547160072.0,15:34:59,2026-07-30
sh688225,亚信安全,11.11,-0.72,-6.086,11.11,11.12,11.83,11.86,12.1,11.0,7808290.0,90334813.0,15:00:01,2026-07-30
sh688226,威腾电气,25.1,-1.91,-7.071,25.09,25.1,27.01,26.87,27.3,25.02,5833495.0,150759071.0,15:00:03,2026-07-30
sh688227,品高股份,61.99,-4.77,-7.145,61.98,61.99,66.76,66.67,67.15,61.03,4383124.0,276888916.0,15:34:59,2026-07-30
sh688228,开普云,59.68,-1.7,-2.77,59.68,59.69,61.38,61.0,63.71,59.48,1753568.0,107975212.0,15:00:03,2026-07-30
sh688229,博睿数据,58.8,-1.35,-2.244,58.8,58.81,60.15,61.1,63.85,58.58,787270.0,48500598.0,15:00:03,2026-07-30
sh688230,芯导科技,46.77,-3.43,-6.833,46.77,46.78,50.2,49.52,49.9,46.12,1577206.0,75565844.0,15:00:03,2026-07-30
sh688231,隆达股份,22.15,-1.81,-7.554,22.15,22.16,23.96,24.18,24.43,22.01,6583660.0,150900122.0,15:00:01,2026-07-30
sh688232,新点软件,17.71,0.22,1.258,17.71,17.72,17.49,17.48,18.1,17.43,2854035.0,50928188.0,15:00:03,2026-07-30
sh688233,神工股份,89.81,-10.47,-10.441,89.8,89.81,100.28,99.98,102.99,89.66,11101147.0,1047144358.0,15:34:59,2026-07-30
sh688234,天岳先进,81.35,-9.04,-10.001,81.35,81.36,90.39,89.6,90.38,81.21,16352079.0,1390330919.0,15:34:59,2026-07-30
sh688235,百济神州,259.51,-9.09,-3.384,259.51,259.6,268.6,268.0,268.5,256.66,4372109.0,1142700012.0,15:34:59,2026-07-30
sh688236,春立医疗,14.09,-0.11,-0.775,14.08,14.09,14.2,14.3,14.63,14.05,2126730.0,30500542.0,15:34:59,2026-07-30
sh688237,超卓航科,54.95,-12.95,-19.072,54.93,54.95,67.9,67.94,67.94,54.67,6533860.0,383710458.0,15:34:59,2026-07-30
sh688238,和元生物,5.37,-0.17,-3.069,5.37,5.38,5.54,5.49,5.56,5.35,12412007.0,67417640.0,15:34:59,2026-07-30
sh688239,航宇科技,39.83,-1.76,-4.232,39.83,39.84,41.59,41.17,41.68,39.48,4025798.0,162977339.0,15:34:59,2026-07-30
sh688244,永信至诚,13.82,-0.13,-0.932,13.78,13.82,13.95,13.67,14.34,13.65,2322014.0,32686716.0,15:00:01,2026-07-30
sh688246,嘉和美康,16.13,-0.47,-2.831,16.13,16.16,16.6,16.61,16.94,16.0,2472753.0,40561401.0,15:00:03,2026-07-30
sh688247,宣泰医药,8.09,-0.17,-2.058,8.07,8.09,8.26,8.22,8.4,8.02,4125680.0,33844184.0,15:00:03,2026-07-30
sh688248,南网科技,41.55,-1.7,-3.931,41.55,41.56,43.25,42.41,43.28,41.4,3453201.0,145337919.0,15:34:59,2026-07-30
sh688249,晶合集成,35.92,-3.77,-9.499,35.92,35.93,39.69,39.48,39.65,35.88,44501368.0,1651676378.0,15:34:59,2026-07-30
sh688251,井松智能,18.5,-0.56,-2.938,18.5,18.51,19.06,19.19,19.46,18.38,2030742.0,38367775.0,15:00:03,2026-07-30
sh688252,天德钰,16.92,-0.58,-3.314,16.9,16.92,17.5,17.23,17.38,16.62,5720726.0,97467167.0,15:34:59,2026-07-30
sh688253,英诺特,54.0,-3.27,-5.71,53.99,54.0,57.27,56.99,57.66,51.13,2240936.0,121183774.0,15:00:03,2026-07-30
sh688255,凯尔达,21.87,-1.29,-5.57,21.87,21.88,23.16,22.78,22.99,21.87,3763426.0,84162548.0,15:34:59,2026-07-30
sh688256,寒武纪,1042.43,-104.47,-9.109,1042.43,1043.0,1146.9,1115.0,1136.0,1010.83,18860403.0,19917927252.0,15:34:59,2026-07-30
sh688257,新锐股份,47.79,-5.76,-10.756,47.78,47.79,53.55,53.85,54.5,47.0,20575048.0,1019021120.0,15:34:59,2026-07-30
sh688258,卓易信息,87.19,-4.25,-4.648,87.16,87.19,91.44,91.4,95.5,87.03,3483481.0,317437502.0,15:34:59,2026-07-30
sh688259,创耀科技,27.73,-0.64,-2.256,27.73,27.83,28.37,27.95,28.45,27.36,1473304.0,40965859.0,15:00:03,2026-07-30
sh688260,昀冢科技,102.81,14.3,16.156,102.78,102.81,88.51,91.0,106.21,89.0,13809530.0,1317946517.0,15:34:59,2026-07-30
sh688261,东微半导,62.6,-5.75,-8.413,62.59,62.6,68.35,66.35,68.25,61.0,5917682.0,381594190.0,15:34:59,2026-07-30
sh688262,国芯科技,22.76,-1.25,-5.206,22.75,22.76,24.01,23.77,23.98,22.51,11876807.0,274284884.0,15:34:59,2026-07-30
sh688265,南模生物,31.66,-0.65,-2.012,31.66,31.77,32.31,31.8,32.89,31.51,760119.0,24355618.0,15:00:03,2026-07-30
sh688266,泽璟制药,117.4,-13.87,-10.566,117.4,117.41,131.27,131.6,131.61,117.25,9577115.0,1171772509.0,15:34:59,2026-07-30
sh688267,中触媒,17.7,-0.07,-0.394,17.7,17.73,17.77,17.42,18.49,17.4,3341031.0,59992285.0,15:00:01,2026-07-30
sh688268,华特气体,126.99,-12.46,-8.935,126.95,126.99,139.45,139.0,139.16,126.43,8033361.0,1053283786.0,15:34:59,2026-07-30
sh688269,凯立新材,29.03,0.06,0.207,29.03,29.13,28.97,28.87,29.81,28.46,1437256.0,42092623.0,15:00:03,2026-07-30
sh688270,ST臻镭,56.77,-4.11,-6.751,56.76,56.77,60.88,59.87,60.69,56.05,7363520.0,426055412.0,15:34:59,2026-07-30
sh688271,联影医疗,116.5,2.52,2.211,116.5,116.53,113.98,113.9,117.3,113.4,7854459.0,912186168.0,15:34:59,2026-07-30
sh688272,富吉瑞,23.79,-1.11,-4.458,23.79,23.89,24.9,24.94,25.39,23.45,1814412.0,44360287.0,15:00:03,2026-07-30
sh688273,麦澜德,27.87,-0.85,-2.96,27.84,27.87,28.72,28.57,29.36,27.61,1309827.0,37258028.0,15:00:03,2026-07-30
sh688275,万润新能,74.47,-4.27,-5.423,74.45,74.47,78.74,78.32,79.0,74.2,4323358.0,329557624.0,15:00:01,2026-07-30
sh688276,百克生物,14.65,0.11,0.757,14.65,14.68,14.54,14.57,14.98,14.4,2479581.0,36571206.0,15:00:06,2026-07-30
sh688277,天智航,17.4,-1.69,-8.853,17.4,17.42,19.09,22.5,22.5,17.2,30255350.0,603447516.0,15:34:59,2026-07-30
sh688278,特宝生物,57.89,0.2,0.347,57.88,57.89,57.69,57.36,59.04,56.8,3082068.0,178258530.0,15:00:03,2026-07-30
sh688279,峰岹科技,150.41,-7.1,-4.508,150.13,150.41,157.51,152.87,158.65,148.51,1585388.0,243404500.0,15:00:03,2026-07-30
sh688280,精进电动,5.3,0.06,1.145,5.3,5.31,5.24,5.24,5.66,5.17,34032816.0,184498727.0,15:34:59,2026-07-30
sh688281,华秦科技,49.32,1.87,3.941,49.32,49.33,47.45,47.1,49.88,46.78,5219316.0,252350700.0,15:34:59,2026-07-30
sh688282,理工导航,50.32,-0.32,-0.632,50.3,50.32,50.64,51.42,52.24,49.0,766769.0,38724389.0,15:00:03,2026-07-30
sh688283,坤恒顺维,24.17,-0.94,-3.744,24.16,24.17,25.11,25.1,25.3,23.7,1598044.0,39110374.0,15:00:01,2026-07-30
sh688285,高铁电气,7.08,0.02,0.283,7.07,7.08,7.06,7.05,7.14,6.96,2542476.0,17938939.0,15:00:03,2026-07-30
sh688286,敏芯股份,36.61,-2.67,-6.797,36.61,36.62,39.28,39.28,39.78,36.5,4397594.0,165689908.0,15:00:03,2026-07-30
sh688288,鸿泉技术,16.06,-0.35,-2.133,16.06,16.07,16.41,16.45,16.84,15.9,1446697.0,23655373.0,15:00:03,2026-07-30
sh688289,圣湘生物,15.35,0.16,1.053,15.34,15.35,15.19,15.2,15.44,15.07,4034097.0,61634247.0,15:34:59,2026-07-30
sh688290,景业智能,53.83,-1.81,-3.253,53.83,53.84,55.64,54.0,55.5,53.54,887964.0,48348398.0,15:34:59,2026-07-30
sh688291,金橙子,34.7,-2.26,-6.115,34.7,34.75,36.96,36.96,37.25,34.51,2117274.0,75369449.0,15:34:59,2026-07-30
sh688292,浩瀚深度,15.25,-0.37,-2.369,15.25,15.26,15.62,15.58,15.99,15.13,2260151.0,35010384.0,15:00:03,2026-07-30
sh688293,奥浦迈,50.78,-2.3,-4.333,50.76,50.78,53.08,52.02,53.49,49.67,3019683.0,155881205.0,15:00:03,2026-07-30
sh688295,中复神鹰,37.47,-1.23,-3.178,37.46,37.47,38.7,38.57,39.25,36.82,6044754.0,229645795.0,15:34:59,2026-07-30
sh688296,和达科技,14.59,-0.02,-0.137,14.59,14.63,14.61,14.77,14.81,14.45,2705850.0,39549458.0,15:00:01,2026-07-30
sh688297,中无人机,39.9,0.02,0.05,39.9,39.92,39.88,39.8,41.09,39.68,8640165.0,347375755.0,15:34:59,2026-07-30
sh688298,东方生物,18.44,0.02,0.109,18.39,18.44,18.42,18.4,18.83,18.32,1257860.0,23360079.0,15:00:01,2026-07-30
sh688299,长阳科技,11.6,-0.56,-4.605,11.6,11.61,12.16,11.96,12.16,11.57,6890369.0,81449258.0,15:00:03,2026-07-30
sh688300,联瑞新材,104.76,-11.12,-9.596,104.76,104.78,115.88,115.62,116.67,103.33,10187241.0,1100692511.0,15:34:59,2026-07-30
sh688301,奕瑞科技,80.2,-6.03,-6.993,80.2,80.21,86.23,85.01,86.08,79.17,7529293.0,615734556.0,15:34:59,2026-07-30
sh688302,海创药业,31.98,-1.64,-4.878,31.97,31.98,33.62,33.61,34.17,31.93,1560297.0,50997984.0,15:00:03,2026-07-30
sh688303,大全能源,18.32,0.68,3.855,18.32,18.33,17.64,17.5,18.55,17.46,18686311.0,341155400.0,15:34:59,2026-07-30
sh688305,科德数控,52.5,-1.48,-2.742,52.5,52.54,53.98,53.72,54.42,52.26,2400373.0,128168140.0,15:00:03,2026-07-30
sh688306,均普智能,8.88,0.01,0.113,8.87,8.88,8.87,8.79,8.95,8.67,9676842.0,85484462.0,15:00:01,2026-07-30
sh688307,中润光学,35.8,-3.3,-8.44,35.8,35.82,39.1,38.03,39.27,35.31,6313209.0,232821438.0,15:34:59,2026-07-30
sh688308,欧科亿,78.0,-8.2,-9.513,78.0,78.01,86.2,84.67,85.71,75.82,10582943.0,849234515.0,15:34:59,2026-07-30
sh688309,恒誉环保,62.8,-3.46,-5.222,62.7,62.8,66.26,66.25,68.98,62.1,2070006.0,133378750.0,15:00:03,2026-07-30
sh688310,迈得医疗,12.88,-0.64,-4.734,12.86,12.88,13.52,13.51,13.67,12.75,2482615.0,32666843.0,15:00:03,2026-07-30
sh688311,盟升电子,20.37,-1.11,-5.168,20.37,20.4,21.48,21.4,21.45,20.27,3760909.0,78140602.0,15:00:03,2026-07-30
sh688312,燕麦科技,37.91,-3.65,-8.782,37.9,37.91,41.56,40.86,41.32,36.96,6973289.0,269371703.0,15:00:01,2026-07-30
sh688313,仕佳光子,83.97,-12.03,-12.531,83.97,83.98,96.0,94.86,95.0,81.68,33777008.0,2939012423.0,15:34:59,2026-07-30
sh688314,康拓医疗,29.29,-0.82,-2.723,29.28,29.29,30.11,29.58,31.01,29.08,1044630.0,31252961.0,15:00:03,2026-07-30
sh688315,诺禾致源,12.17,-0.21,-1.696,12.16,12.17,12.38,12.28,12.56,12.13,2758977.0,33983545.0,15:00:00,2026-07-30
sh688316,青云科技,41.37,-2.17,-4.984,41.37,41.39,43.54,43.02,44.3,41.2,1653448.0,70617410.0,15:00:03,2026-07-30
sh688317,之江生物,15.94,0.1,0.631,15.91,15.94,15.84,15.75,16.05,15.7,2510499.0,39893471.0,15:00:03,2026-07-30
sh688318,财富趋势,67.76,0.08,0.118,67.76,67.77,67.68,67.01,68.96,66.83,4060191.0,276286916.0,15:34:59,2026-07-30
sh688319,欧林生物,20.53,-1.97,-8.756,20.53,20.54,22.5,22.53,22.87,20.41,13860947.0,296082945.0,15:34:59,2026-07-30
sh688320,禾川科技,27.91,-0.42,-1.483,27.88,27.91,28.33,28.18,28.96,27.2,3738630.0,104774511.0,15:00:03,2026-07-30
sh688321,微芯生物,25.95,-1.46,-5.327,25.94,25.95,27.41,27.37,27.55,25.83,11362602.0,300668693.0,15:00:03,2026-07-30
sh688322,奥比中光,79.98,-6.4,-7.409,79.97,79.98,86.38,85.0,85.99,79.21,11287790.0,921673853.0,15:34:59,2026-07-30
sh688323,瑞华泰,21.85,-1.78,-7.533,21.8,21.85,23.63,23.92,23.92,21.37,13265507.0,295675375.0,15:34:59,2026-07-30
sh688325,赛微微电,101.4,-2.1,-2.029,101.1,101.4,103.5,101.0,103.2,99.69,928809.0,93956936.0,15:34:59,2026-07-30
sh688326,经纬恒润,67.39,0.59,0.883,67.39,67.45,66.8,66.6,68.86,66.1,1857336.0,125628367.0,15:00:01,2026-07-30
sh688327,云从科技,9.98,-0.18,-1.772,9.97,9.98,10.16,10.12,10.36,9.92,21526061.0,217987789.0,15:34:59,2026-07-30
sh688328,深科达,60.0,-6.5,-9.774,59.97,60.0,66.5,65.99,68.0,59.24,10718939.0,670293167.0,15:34:59,2026-07-30
sh688329,艾隆科技,16.52,-0.35,-2.075,16.52,16.53,16.87,16.87,17.4,16.25,1692267.0,28596791.0,15:00:03,2026-07-30
sh688330,宏力达,32.01,-0.18,-0.559,32.01,32.1,32.19,32.2,32.88,31.88,980837.0,31738783.0,15:00:03,2026-07-30
sh688331,荣昌生物,111.44,-6.84,-5.783,111.42,111.44,118.28,118.0,118.52,108.84,7906429.0,893321458.0,15:34:59,2026-07-30
sh688332,中科蓝讯,73.25,-7.68,-9.49,73.25,73.31,80.93,79.22,80.9,72.0,6937557.0,520469799.0,15:34:59,2026-07-30
sh688333,铂力特,76.8,-5.36,-6.524,76.78,76.8,82.16,82.0,83.68,76.23,10987451.0,870969144.0,15:34:59,2026-07-30
sh688334,西高院,18.16,-0.02,-0.11,18.16,18.17,18.18,18.19,18.45,18.05,2062406.0,37617705.0,15:00:03,2026-07-30
sh688335,复洁科技,17.8,-1.33,-6.952,17.78,17.8,19.13,18.95,19.3,17.78,3017143.0,55691991.0,15:00:03,2026-07-30
sh688336,三生国健,39.38,-1.92,-4.649,39.36,39.38,41.3,41.28,41.75,39.15,9245191.0,371811680.0,15:34:59,2026-07-30
sh688337,普源精电,37.19,-2.26,-5.729,37.16,37.19,39.45,39.03,39.54,36.68,4080739.0,154341999.0,15:00:03,2026-07-30
sh688338,赛科希德,25.79,-0.57,-2.162,25.79,25.8,26.36,26.35,26.57,25.66,792231.0,20680570.0,15:00:03,2026-07-30
sh688339,亿华通,16.7,-0.29,-1.707,16.66,16.7,16.99,16.8,17.12,16.5,2966692.0,49743506.0,15:00:01,2026-07-30
sh688343,云天励飞,52.65,-6.8,-11.438,52.65,52.69,59.45,58.86,59.4,51.87,18922455.0,1031787466.0,15:34:59,2026-07-30
sh688345,博力威,48.81,-1.62,-3.212,48.66,48.81,50.43,49.93,51.22,47.59,2888874.0,141544774.0,15:00:01,2026-07-30
sh688347,华虹宏力,230.0,-40.2,-14.878,230.0,230.01,270.2,265.5,267.33,229.5,33988472.0,8224265789.0,15:34:59,2026-07-30
sh688348,昱能科技,31.68,0.39,1.246,31.68,31.69,31.29,31.22,32.34,31.0,1895012.0,60347311.0,15:00:03,2026-07-30
sh688349,三一重能,15.11,0.19,1.273,15.1,15.11,14.92,14.84,15.32,14.78,8873056.0,134098694.0,15:00:03,2026-07-30
sh688350,富淼科技,26.9,-1.72,-6.01,26.9,26.91,28.62,28.62,28.98,26.9,3033808.0,83828085.0,15:00:03,2026-07-30
sh688351,微电生理,19.81,-0.11,-0.552,19.8,19.81,19.92,19.9,20.34,19.59,3454729.0,68927193.0,15:00:01,2026-07-30
sh688352,颀中科技,12.49,-0.8,-6.02,12.48,12.49,13.29,13.11,13.29,12.37,23056913.0,294570245.0,15:34:59,2026-07-30
sh688353,华盛锂电,90.13,-2.9,-3.117,90.13,90.14,93.03,91.0,93.7,89.2,6848971.0,625174874.0,15:34:59,2026-07-30
sh688355,明志科技,15.27,-0.34,-2.178,15.25,15.27,15.61,15.62,16.09,15.17,2028759.0,31666088.0,15:00:03,2026-07-30
sh688356,键凯科技,64.65,-5.19,-7.431,64.62,64.65,69.84,69.51,69.74,64.23,1464332.0,97750331.0,15:00:03,2026-07-30
sh688357,建龙微纳,25.37,0.46,1.847,25.36,25.37,24.91,24.7,25.74,24.7,1317868.0,33189957.0,15:00:03,2026-07-30
sh688358,祥生医疗,26.66,-0.17,-0.634,26.65,26.66,26.83,26.83,27.45,26.32,1135588.0,30497366.0,15:00:01,2026-07-30
sh688359,三孚新科,82.0,-11.0,-11.828,82.0,82.01,93.0,93.0,95.0,81.4,6307702.0,541431301.0,15:34:59,2026-07-30
sh688360,德马科技,13.51,-0.46,-3.293,13.5,13.51,13.97,13.85,14.05,13.47,5054925.0,69430081.0,15:00:03,2026-07-30
sh688361,中科飞测,323.15,-37.55,-10.41,323.15,323.17,360.7,349.0,359.8,315.0,15062882.0,5044952165.0,15:34:59,2026-07-30
sh688362,甬矽电子,55.7,-8.64,-13.429,55.7,55.71,64.34,63.0,63.9,55.55,39700366.0,2338134154.0,15:34:59,2026-07-30
sh688363,华熙生物,38.9,1.04,2.747,38.9,38.91,37.86,39.1,40.74,38.9,10966038.0,435266097.0,15:34:59,2026-07-30
sh688365,光云科技,13.16,-0.31,-2.301,13.16,13.17,13.47,13.56,14.04,13.11,13429637.0,182482840.0,15:34:59,2026-07-30
sh688366,昊海生科,31.44,0.59,1.912,31.44,31.45,30.85,31.08,31.98,30.81,840497.0,26444218.0,15:00:03,2026-07-30
sh688367,工大高科,24.93,-0.2,-0.796,24.93,24.96,25.13,24.84,25.79,24.55,1530219.0,38353830.0,15:00:01,2026-07-30
sh688368,晶丰明源,103.23,-9.05,-8.06,103.23,103.27,112.28,111.6,112.53,100.0,3606994.0,378350911.0,15:00:01,2026-07-30
sh688369,致远互联,18.94,1.49,8.539,18.9,18.94,17.45,17.51,19.12,17.22,6068590.0,110288265.0,15:34:59,2026-07-30
sh688370,丛麟科技,20.86,-0.12,-0.572,20.85,20.86,20.98,21.08,21.37,20.58,335981.0,7046490.0,15:00:01,2026-07-30
sh688371,菲沃泰,20.87,-2.28,-9.849,20.85,20.87,23.15,22.72,22.98,20.72,13414052.0,291337086.0,15:34:59,2026-07-30
sh688372,伟测科技,100.49,-13.95,-12.19,100.47,100.49,114.44,113.18,114.2,100.37,11935502.0,1257036881.0,15:34:59,2026-07-30
sh688373,盟科药业,4.42,-0.19,-4.121,4.42,4.43,4.61,4.58,4.68,4.42,16611194.0,75367558.0,15:00:03,2026-07-30
sh688375,国博电子,70.12,-3.73,-5.051,70.12,70.18,73.85,73.88,74.59,70.09,3554255.0,255948961.0,15:00:03,2026-07-30
sh688376,美埃科技,59.83,-5.32,-8.166,59.83,59.93,65.15,64.0,65.2,58.2,4444245.0,270967005.0,15:34:59,2026-07-30
sh688377,迪威尔,18.3,-0.32,-1.719,18.3,18.35,18.62,18.53,18.8,17.95,2870652.0,52681345.0,15:00:03,2026-07-30
sh688378,奥来德,33.25,-2.97,-8.2,33.24,33.25,36.22,35.86,36.46,33.18,7146732.0,245861011.0,15:34:59,2026-07-30
sh688379,华光新材,41.8,-3.27,-7.255,41.79,41.8,45.07,45.0,45.98,40.88,4023028.0,172982004.0,15:00:03,2026-07-30
sh688380,中微半导,34.33,-2.47,-6.712,34.32,34.33,36.8,36.12,36.49,33.71,12047038.0,421005627.0,15:34:59,2026-07-30
sh688381,帝奥微,24.17,-3.74,-13.4,24.17,24.18,27.91,27.6,28.38,24.06,17183525.0,436563493.0,15:00:03,2026-07-30
sh688382,益方生物,21.25,-1.79,-7.769,21.25,21.26,23.04,23.02,23.18,21.05,20278199.0,442517858.0,15:34:59,2026-07-30
sh688383,新益昌,88.0,-8.91,-9.194,87.88,88.0,96.91,97.59,98.32,87.52,2635838.0,241188696.0,15:00:01,2026-07-30
sh688385,复旦微电,46.2,-1.97,-4.09,46.18,46.2,48.17,47.85,48.48,45.6,15213163.0,714145371.0,15:34:59,2026-07-30
sh688386,泛亚微透,48.0,-3.0,-5.882,47.95,48.0,51.0,50.63,51.27,46.44,3009871.0,145758345.0,15:00:01,2026-07-30
sh688387,信科移动,11.48,-0.73,-5.979,11.48,11.49,12.21,12.22,12.33,11.31,47848330.0,559883426.0,15:34:59,2026-07-30
sh688388,嘉元科技,22.4,-1.3,-5.485,22.4,22.43,23.7,23.5,23.86,22.02,34234351.0,781851750.0,15:34:59,2026-07-30
sh688389,普门科技,10.82,0.18,1.692,10.8,10.82,10.64,10.63,10.86,10.6,1832954.0,19739838.0,15:34:59,2026-07-30
sh688390,固德威,61.5,-2.3,-3.605,61.5,61.55,63.8,63.11,64.6,60.79,8979239.0,557598892.0,15:34:59,2026-07-30
sh688391,钜泉科技,23.44,-0.56,-2.333,23.35,23.44,24.0,23.8,23.93,23.17,1403329.0,33055275.0,15:00:01,2026-07-30
sh688392,骄成超声,119.99,-14.03,-10.469,119.99,120.01,134.02,131.99,135.4,118.47,4910189.0,614378721.0,15:34:59,2026-07-30
sh688393,安必平,16.88,-0.29,-1.689,16.88,16.93,17.17,17.17,17.59,16.76,1504761.0,25885960.0,15:00:01,2026-07-30
sh688395,正弦电气,19.58,-0.24,-1.211,19.56,19.58,19.82,19.68,20.1,19.26,1178950.0,23225794.0,15:00:03,2026-07-30
sh688396,华润微,53.79,-2.26,-4.032,53.78,53.79,56.05,55.6,56.32,52.54,23191451.0,1257278916.0,15:34:59,2026-07-30
sh688398,赛特新材,18.7,-0.49,-2.553,18.69,18.7,19.19,19.11,19.48,18.4,1747262.0,32951558.0,15:00:01,2026-07-30
sh688399,硕世生物,23.79,-2.95,-11.032,23.76,23.79,26.74,26.45,26.45,23.24,5087399.0,123909461.0,15:00:05,2026-07-30
sh688400,凌云光,39.05,-1.84,-4.5,39.04,39.05,40.89,40.45,41.01,38.54,10151873.0,401653502.0,15:34:59,2026-07-30
sh688401,路维光电,58.0,-4.68,-7.466,58.0,58.02,62.68,61.7,62.5,58.0,6434606.0,387506074.0,15:34:59,2026-07-30
sh688403,汇成股份,18.68,-2.39,-11.343,18.67,18.68,21.07,20.97,21.4,18.55,80710965.0,1568318229.0,15:34:59,2026-07-30
sh688408,中信博,26.5,0.52,2.002,26.49,26.5,25.98,25.8,26.75,25.79,4403066.0,116496272.0,15:00:01,2026-07-30
sh688409,富创精密,164.0,-12.64,-7.156,163.9,164.0,176.64,175.64,177.1,161.0,9554466.0,1606147274.0,15:34:59,2026-07-30
sh688410,山外山,10.55,0.17,1.638,10.55,10.57,10.38,10.49,10.85,10.29,13304165.0,141044343.0,15:00:03,2026-07-30
sh688411,海博思创,192.03,1.04,0.545,192.03,192.04,190.99,190.9,196.0,189.0,2641479.0,508627600.0,15:34:59,2026-07-30
sh688416,恒烁股份,59.68,-2.81,-4.497,59.67,59.68,62.49,61.8,64.0,57.86,7947145.0,482352264.0,15:34:59,2026-07-30
sh688418,震有科技,29.44,-4.3,-12.745,29.44,29.6,33.74,34.01,34.01,29.44,5121945.0,160331147.0,15:34:59,2026-07-30
sh688419,耐科装备,32.1,-4.05,-11.203,32.09,32.1,36.15,35.61,36.48,31.65,5656721.0,189814463.0,15:00:01,2026-07-30
sh688420,美腾科技,19.55,-0.23,-1.163,19.55,19.58,19.78,19.78,20.11,19.41,522857.0,10342512.0,15:00:01,2026-07-30
sh688425,铁建重工,4.29,0.02,0.468,4.29,4.3,4.27,4.25,4.31,4.25,24175868.0,103519198.0,15:34:59,2026-07-30
sh688426,康为世纪,16.23,0.25,1.564,16.23,16.24,15.98,16.01,16.45,15.95,1246683.0,20174396.0,15:00:03,2026-07-30
sh688428,诺诚健华,25.86,-1.57,-5.724,25.86,25.88,27.43,27.43,27.56,25.3,11797606.0,310919923.0,15:34:59,2026-07-30
sh688429,时创能源,9.35,0.11,1.19,9.35,9.36,9.24,9.29,9.53,9.17,2534538.0,23814963.0,15:00:03,2026-07-30
sh688432,有研硅,28.88,-7.19,-19.933,28.88,28.89,36.07,35.66,36.3,28.86,70942897.0,2259965162.0,15:34:59,2026-07-30
sh688433,华曙高科,69.5,-6.23,-8.227,69.5,69.76,75.73,75.5,76.99,67.85,5092529.0,360509372.0,15:00:03,2026-07-30
sh688435,英方软件,27.1,0.16,0.594,27.1,27.16,26.94,26.94,28.96,26.89,3129607.0,87187315.0,15:00:03,2026-07-30
sh688439,振华风光,38.58,-0.2,-0.516,38.58,38.6,38.78,38.4,38.99,37.97,1779567.0,68713995.0,15:34:59,2026-07-30
sh688443,智翔金泰,22.1,-0.98,-4.246,22.1,22.2,23.08,23.0,23.43,22.0,4182838.0,94709294.0,15:00:03,2026-07-30
sh688448,磁谷科技,45.44,-2.55,-5.314,44.61,45.44,47.99,47.47,48.26,42.45,3097642.0,138442896.0,15:00:01,2026-07-30
sh688449,联芸科技,48.66,-3.3,-6.351,48.66,48.77,51.96,51.51,52.15,47.75,8581010.0,426337293.0,15:34:59,2026-07-30
sh688450,光格科技,25.79,-1.76,-6.388,25.79,25.95,27.55,27.27,27.65,25.63,2297738.0,61005879.0,15:00:01,2026-07-30
sh688455,科捷智能,13.47,-0.54,-3.854,13.47,13.49,14.01,13.82,14.2,13.44,1576599.0,21741256.0,15:00:03,2026-07-30
sh688456,有研粉材,63.81,-6.27,-8.947,63.81,63.9,70.08,70.07,71.85,62.1,6886834.0,449918907.0,15:34:59,2026-07-30
sh688458,美芯晟,30.04,-2.04,-6.359,30.02,30.04,32.08,31.87,32.13,29.88,2089084.0,64355013.0,15:00:03,2026-07-30
sh688459,哈铁科技,8.09,-0.02,-0.247,8.08,8.09,8.11,8.1,8.15,8.02,1076442.0,8706343.0,15:00:03,2026-07-30
sh688466,金科环境,12.28,-0.01,-0.081,12.28,12.3,12.29,12.37,12.78,12.0,1670360.0,20877790.0,15:00:03,2026-07-30
sh688468,科美诊断,5.82,-0.01,-0.172,5.81,5.82,5.83,5.8,5.93,5.76,2593832.0,15165845.0,15:34:59,2026-07-30
sh688469,芯联集成,7.73,0.02,0.259,7.72,7.73,7.71,7.6,7.95,7.51,215641974.0,1662314411.0,15:34:59,2026-07-30
sh688472,阿特斯,10.6,0.56,5.578,10.59,10.6,10.04,9.97,10.7,9.97,79071699.0,830934887.0,15:34:59,2026-07-30
sh688475,萤石网络,29.44,-0.28,-0.942,29.43,29.44,29.72,29.44,29.87,29.27,5561205.0,164435001.0,15:00:01,2026-07-30
sh688478,晶升股份,38.95,-4.3,-9.942,38.89,38.95,43.25,42.69,43.14,37.76,5672067.0,227482198.0,15:00:01,2026-07-30
sh688479,友车科技,24.81,-1.19,-4.577,24.81,24.96,26.0,25.87,26.7,24.81,1683728.0,43238355.0,15:00:03,2026-07-30
sh688480,赛恩斯,68.02,-3.08,-4.332,68.02,68.06,71.1,70.74,70.95,65.85,1431744.0,97866087.0,15:00:03,2026-07-30
sh688484,南芯科技,33.16,-1.24,-3.605,33.16,33.17,34.4,33.9,34.4,32.49,8320110.0,277027869.0,15:34:59,2026-07-30
sh688485,九州一轨,49.0,-3.54,-6.738,48.99,49.0,52.54,51.94,52.75,48.28,3705590.0,186687441.0,15:00:03,2026-07-30
sh688486,龙迅股份,40.6,-2.28,-5.317,40.6,40.67,42.88,42.6,42.78,39.5,5138127.0,209431383.0,15:00:03,2026-07-30
sh688488,艾迪药业,13.53,-1.2,-8.147,13.53,13.54,14.73,14.64,14.78,13.52,11606011.0,162686868.0,15:34:59,2026-07-30
sh688489,三未信安,21.0,-0.62,-2.868,21.0,21.02,21.62,21.33,22.15,20.99,965219.0,20778473.0,15:00:03,2026-07-30
sh688496,*ST清越,0.9,-0.14,-13.462,0.89,0.9,1.04,0.87,1.01,0.87,21055720.0,19414366.0,15:34:59,2026-07-30
sh688498,源杰科技,1016.8,-211.2,-17.199,1016.8,1016.9,1228.0,1200.55,1222.0,995.01,10331197.0,11039757808.0,15:34:59,2026-07-30
sh688499,利元亨,33.25,-0.84,-2.464,33.25,33.26,34.09,34.2,34.48,32.96,3414254.0,115058745.0,15:34:59,2026-07-30
sh688500,慧辰股份,29.91,-0.9,-2.921,29.91,30.09,30.81,30.5,31.6,29.68,1657613.0,50676252.0,15:00:03,2026-07-30
sh688501,青达环保,16.48,-0.46,-2.715,16.44,16.48,16.94,16.78,17.22,16.34,2209224.0,37051579.0,15:00:03,2026-07-30
sh688502,茂莱光学,303.0,-41.7,-12.097,302.59,303.0,344.7,331.0,336.0,303.0,2461361.0,790114491.0,15:34:59,2026-07-30
sh688503,聚和材料,58.67,-5.33,-8.328,58.67,58.68,64.0,63.0,64.57,58.5,13845158.0,843509618.0,15:34:59,2026-07-30
sh688505,复旦张江,7.14,-0.08,-1.108,7.13,7.14,7.22,7.19,7.3,7.07,5952708.0,42726575.0,15:00:03,2026-07-30
sh688506,百利天恒,307.01,-15.21,-4.72,307.01,307.44,322.22,320.01,326.5,306.86,2019097.0,634894418.0,15:34:59,2026-07-30
sh688507,索辰科技,129.0,-9.55,-6.893,129.0,129.2,138.55,136.2,140.88,127.48,6352126.0,843047401.0,15:34:59,2026-07-30
sh688508,芯朋微,58.12,-4.6,-7.334,58.12,58.14,62.72,61.47,62.3,55.0,10197966.0,594574920.0,15:34:59,2026-07-30
sh688509,正元地信,3.96,-0.04,-1.0,3.95,3.96,4.0,3.95,4.08,3.92,5325309.0,21242118.0,15:00:01,2026-07-30
sh688510,航亚科技,19.96,-0.44,-2.157,19.94,19.96,20.4,20.2,20.87,19.8,6355396.0,128077658.0,15:34:59,2026-07-30
sh688511,天微电子,19.29,-0.75,-3.743,19.06,19.29,20.04,20.08,20.16,18.5,1667338.0,32068744.0,15:00:03,2026-07-30
sh688512,慧智微,11.0,-0.66,-5.66,11.0,11.02,11.66,11.5,11.65,10.9,13197881.0,147818249.0,15:34:59,2026-07-30
sh688513,苑东生物,44.32,-2.06,-4.442,44.3,44.32,46.38,46.99,46.99,43.65,2614734.0,117255317.0,15:34:59,2026-07-30
sh688515,裕太微,130.0,-11.97,-8.431,129.88,130.0,141.97,141.97,141.97,128.0,3671297.0,492673024.0,15:34:59,2026-07-30
sh688516,奥特维,37.03,-1.34,-3.492,37.02,37.03,38.37,38.4,38.71,36.3,8222265.0,308149454.0,15:00:03,2026-07-30
sh688517,金冠电气,14.43,-0.25,-1.703,14.43,14.46,14.68,14.63,14.89,14.22,2602692.0,37997531.0,15:00:03,2026-07-30
sh688518,联赢激光,18.14,0.1,0.554,18.14,18.15,18.04,17.9,18.37,17.48,15834824.0,284595957.0,15:34:59,2026-07-30
sh688519,南亚新材,199.3,-13.97,-6.55,199.25,199.3,213.27,209.0,216.58,192.0,8225774.0,1674853203.0,15:34:59,2026-07-30
sh688520,神州细胞,33.15,-1.04,-3.042,33.14,33.15,34.19,34.11,34.77,33.11,2198890.0,74222919.0,15:34:59,2026-07-30
sh688521,芯原股份,170.21,-21.81,-11.358,170.21,170.22,192.02,191.76,195.5,170.21,23934261.0,4287374948.0,15:34:59,2026-07-30
sh688522,纳睿雷达,18.5,-0.35,-1.857,18.49,18.5,18.85,18.7,19.15,18.33,4354657.0,81560521.0,15:00:03,2026-07-30
sh688523,航天环宇,37.41,-1.89,-4.809,37.4,37.41,39.3,39.21,39.98,37.12,3836668.0,146956640.0,15:34:59,2026-07-30
sh688525,佰维存储,219.84,7.96,3.757,219.83,219.84,211.88,206.0,228.01,203.7,52342533.0,11356704911.0,15:34:59,2026-07-30
sh688526,科前生物,12.69,0.06,0.475,12.69,12.71,12.63,12.63,12.96,12.62,1685505.0,21531780.0,15:34:59,2026-07-30
sh688528,秦川物联,8.26,0.04,0.487,8.25,8.26,8.22,8.34,8.47,8.05,1834390.0,15240009.0,15:00:03,2026-07-30
sh688529,豪森智能,13.4,-0.14,-1.034,13.39,13.4,13.54,13.4,14.02,13.27,2111469.0,28852938.0,15:34:59,2026-07-30
sh688530,欧莱新材,39.25,-4.98,-11.259,39.24,39.25,44.23,43.56,44.28,39.13,10126876.0,416924274.0,15:34:59,2026-07-30
sh688531,日联科技,102.52,-14.78,-12.6,102.45,102.52,117.3,117.0,118.0,101.5,7677211.0,822558272.0,15:34:59,2026-07-30
sh688533,上声电子,20.8,0.08,0.386,20.8,20.85,20.72,20.73,21.2,20.62,1062876.0,22286427.0,15:00:01,2026-07-30
sh688535,华海诚科,84.38,-10.24,-10.822,84.33,84.38,94.62,93.8,95.02,83.4,11327766.0,998266374.0,15:34:59,2026-07-30
sh688536,思瑞浦,217.89,-22.11,-9.213,217.89,217.9,240.0,235.0,239.8,214.03,4375475.0,980401709.0,15:34:59,2026-07-30
sh688538,和辉光电,2.44,0.03,1.245,2.44,2.45,2.41,2.4,2.46,2.4,98247088.0,238846564.0,15:34:59,2026-07-30
sh688539,高华科技,22.54,-0.82,-3.51,22.53,22.54,23.36,23.44,23.49,22.31,2292539.0,52314082.0,15:00:03,2026-07-30
sh688543,国科军工,37.02,-0.7,-1.856,37.01,37.02,37.72,37.49,38.29,37.01,6690091.0,251571337.0,15:34:59,2026-07-30
sh688545,兴福电子,63.08,-5.26,-7.697,63.08,63.1,68.34,68.6,68.88,62.21,12394098.0,804006187.0,15:34:59,2026-07-30
sh688548,广钢气体,30.88,-3.31,-9.681,30.88,30.89,34.19,34.42,34.56,29.87,44358696.0,1392794975.0,15:34:59,2026-07-30
sh688549,中巨芯,19.7,-2.17,-9.922,19.7,19.71,21.87,21.57,21.7,19.13,92052378.0,1849244492.0,15:34:59,2026-07-30
sh688550,瑞联新材,34.48,-3.63,-9.525,34.48,34.5,38.11,37.6,38.05,34.48,6138489.0,220462817.0,15:34:59,2026-07-30
sh688551,科威尔,32.6,-3.17,-8.862,32.59,32.6,35.77,35.66,36.15,31.8,3119671.0,105371330.0,15:34:59,2026-07-30
sh688552,航天南湖,25.09,-0.27,-1.065,25.09,25.1,25.36,25.01,25.9,25.01,2724867.0,69291442.0,15:00:03,2026-07-30
sh688553,汇宇制药,9.99,-0.25,-2.441,9.99,10.0,10.24,10.4,10.4,9.95,13225218.0,134012682.0,15:34:59,2026-07-30
sh688556,高测股份,7.77,-0.21,-2.632,7.76,7.77,7.98,7.98,8.1,7.7,19865769.0,156883201.0,15:34:59,2026-07-30
sh688557,兰剑智能,17.62,-0.54,-2.974,17.62,17.63,18.16,18.14,18.58,17.61,1550547.0,27837370.0,15:00:01,2026-07-30
sh688558,国盛智科,26.1,-0.88,-3.262,26.1,26.11,26.98,26.88,27.08,25.68,2110269.0,55600178.0,15:00:00,2026-07-30
sh688559,海目星,42.35,-1.9,-4.294,42.35,42.36,44.25,44.02,44.64,42.01,11103888.0,480009028.0,15:34:59,2026-07-30
sh688560,明冠新材,11.13,0.05,0.451,11.12,11.13,11.08,11.02,11.39,11.02,4211639.0,47335390.0,15:00:03,2026-07-30
sh688561,奇安信,24.78,-0.42,-1.667,24.78,24.79,25.2,25.0,25.88,24.73,8391590.0,212389898.0,15:34:59,2026-07-30
sh688562,航天软件,13.46,-0.14,-1.029,13.46,13.48,13.6,13.63,13.79,13.4,3162384.0,43046949.0,15:00:03,2026-07-30
sh688563,航材股份,51.24,0.15,0.294,51.22,51.24,51.09,50.88,51.74,50.67,1917841.0,98288534.0,15:00:03,2026-07-30
sh688565,力源科技,9.55,-0.43,-4.309,9.55,9.58,9.98,9.97,10.22,9.5,3394431.0,33304391.0,15:00:03,2026-07-30
sh688566,吉贝尔,23.77,-0.08,-0.335,23.77,23.78,23.85,23.69,24.29,23.45,1188434.0,28297122.0,15:00:03,2026-07-30
sh688567,孚能科技,10.21,0.28,2.82,10.21,10.22,9.93,9.88,10.31,9.81,15743082.0,160099926.0,15:00:01,2026-07-30
sh688568,中科星图,32.9,-0.32,-0.963,32.89,32.9,33.22,33.0,33.78,32.32,9182800.0,303632288.0,15:34:59,2026-07-30
sh688569,铁科轨道,16.3,0.02,0.123,16.26,16.3,16.28,16.29,16.47,16.1,1081519.0,17628107.0,15:00:03,2026-07-30
sh688570,天玛智控,14.46,-0.14,-0.959,14.42,14.46,14.6,14.67,14.75,14.37,740298.0,10778068.0,15:00:03,2026-07-30
sh688571,杭华股份,7.06,-0.21,-2.889,7.05,7.06,7.27,7.13,7.28,6.98,7202602.0,51314646.0,15:00:03,2026-07-30
sh688573,信宇人,14.61,-0.45,-2.988,14.61,14.63,15.06,15.06,15.15,14.47,2220535.0,32865038.0,15:00:03,2026-07-30
sh688575,亚辉龙,9.06,0.05,0.555,9.05,9.06,9.01,8.98,9.3,8.97,7185368.0,65659945.0,15:34:59,2026-07-30
sh688576,西山科技,36.29,-0.52,-1.413,36.23,36.29,36.81,36.8,37.17,35.91,413954.0,15129575.0,15:00:03,2026-07-30
sh688577,浙海德曼,36.98,-2.04,-5.228,36.97,36.98,39.02,39.03,39.16,36.02,1465532.0,54973899.0,15:00:03,2026-07-30
sh688578,艾力斯,115.56,-2.74,-2.316,115.55,115.56,118.3,118.43,119.03,113.08,8233737.0,954780466.0,15:34:59,2026-07-30
sh688579,地纬智能,7.41,-0.11,-1.463,7.41,7.42,7.52,7.52,7.68,7.38,4486970.0,33760172.0,15:34:59,2026-07-30
sh688580,伟思医疗,45.28,-1.55,-3.31,45.28,45.29,46.83,47.98,47.98,45.04,1556690.0,71599881.0,15:00:03,2026-07-30
sh688581,安杰思,51.55,-0.42,-0.808,51.55,51.59,51.97,51.58,52.46,51.22,292473.0,15154811.0,15:00:03,2026-07-30
sh688582,芯动联科,35.3,-1.87,-5.031,35.3,35.32,37.17,36.8,37.5,34.94,6350824.0,227863136.0,15:34:59,2026-07-30
sh688583,思看科技,70.43,-3.9,-5.247,70.42,70.43,74.33,74.0,74.66,70.01,1211176.0,87172175.0,15:00:01,2026-07-30
sh688584,上海合晶,23.42,-2.43,-9.4,23.41,23.42,25.85,25.85,25.94,23.3,19784742.0,479916288.0,15:34:59,2026-07-30
sh688585,上纬新材,136.98,9.75,7.663,136.97,136.98,127.23,127.48,140.59,126.0,6356774.0,864898176.0,15:34:59,2026-07-30
sh688586,江航装备,10.41,0.07,0.677,10.4,10.41,10.34,10.26,10.49,10.23,5643225.0,58629625.0,15:00:03,2026-07-30
sh688588,凌志软件,9.02,0.02,0.222,9.02,9.03,9.0,9.05,9.29,8.91,4500251.0,41071592.0,15:00:03,2026-07-30
sh688589,力合微,16.76,-0.19,-1.121,16.75,16.76,16.95,16.75,17.02,16.45,2876701.0,48239653.0,15:34:59,2026-07-30
sh688590,新致软件,11.85,0.02,0.169,11.85,11.86,11.83,11.82,12.27,11.7,6849313.0,82452892.0,15:00:03,2026-07-30
sh688591,泰凌微,26.12,-1.0,-3.687,26.12,26.13,27.12,26.86,27.2,25.69,5240771.0,137589603.0,15:34:59,2026-07-30
sh688592,司南导航,21.1,-0.1,-0.472,21.09,21.1,21.2,21.0,21.64,20.91,708681.0,15062487.0,15:00:03,2026-07-30
sh688593,新相微,25.52,-2.5,-8.922,25.51,25.52,28.02,28.45,28.5,25.52,15714053.0,420868197.0,15:34:59,2026-07-30
sh688595,芯海科技,25.74,-1.06,-3.955,25.73,25.74,26.8,26.59,26.85,25.24,3717705.0,96923573.0,15:34:59,2026-07-30
sh688596,正帆科技,48.84,-5.87,-10.729,48.84,48.85,54.71,53.74,53.88,48.66,38502890.0,1951674190.0,15:34:59,2026-07-30
sh688597,煜邦电力,5.89,-0.15,-2.483,5.89,5.92,6.04,6.09,6.28,5.87,5734225.0,34742627.0,15:00:03,2026-07-30
sh688598,金博股份,24.73,-1.46,-5.575,24.72,24.73,26.19,26.45,26.49,24.6,11622976.0,294819675.0,15:34:59,2026-07-30
sh688599,天合光能,13.71,0.2,1.48,13.7,13.71,13.51,13.35,13.93,13.35,35279669.0,483046658.0,15:34:59,2026-07-30
sh688600,皖仪科技,22.01,-0.61,-2.697,22.01,22.09,22.62,22.06,22.58,21.8,1377938.0,30454416.0,15:00:03,2026-07-30
sh688601,力芯微,33.22,-2.98,-8.232,33.22,33.24,36.2,36.15,36.15,33.18,6816964.0,234546851.0,15:34:59,2026-07-30
sh688602,康鹏科技,6.33,-0.08,-1.248,6.33,6.34,6.41,6.33,6.52,6.26,6067381.0,38777215.0,15:00:03,2026-07-30
sh688603,天承科技,81.0,-9.36,-10.359,81.0,81.07,90.36,89.67,92.58,79.88,5832627.0,494476588.0,15:34:59,2026-07-30
sh688605,先锋精科,61.2,-5.49,-8.232,61.2,61.21,66.69,65.98,66.31,61.2,6422525.0,406098896.0,15:34:59,2026-07-30
sh688606,奥泰生物,44.07,0.15,0.342,44.07,44.13,43.92,43.8,44.9,43.42,441806.0,19552570.0,15:00:03,2026-07-30
sh688607,康众医疗,33.05,-2.99,-8.296,33.05,33.07,36.04,36.28,36.51,32.8,1992964.0,68123546.0,15:00:03,2026-07-30
sh688608,恒玄科技,121.06,-6.08,-4.782,121.05,121.06,127.14,125.68,128.5,121.05,6970861.0,855527193.0,15:34:59,2026-07-30
sh688609,九联科技,8.8,-0.18,-2.004,8.8,8.81,8.98,8.89,9.07,8.72,14925521.0,132506963.0,15:00:03,2026-07-30
sh688610,埃科光电,121.9,-12.6,-9.368,121.75,121.9,134.5,133.98,134.98,118.49,2069570.0,259071137.0,15:00:03,2026-07-30
sh688611,杭州柯林,51.38,-3.09,-5.673,51.38,51.41,54.47,54.06,54.47,50.86,1218862.0,63649408.0,15:00:03,2026-07-30
sh688612,威迈斯,29.08,-0.17,-0.581,29.08,29.09,29.25,29.26,29.69,28.26,3016469.0,87352402.0,15:00:03,2026-07-30
sh688613,奥精医疗,13.82,-0.09,-0.647,13.82,13.84,13.91,13.91,14.19,13.57,2658356.0,36961769.0,15:00:03,2026-07-30
sh688615,合合信息,101.51,5.11,5.301,101.2,101.51,96.4,96.0,104.5,95.0,7896653.0,804809995.0,15:34:59,2026-07-30
sh688616,西力科技,9.81,0.01,0.102,9.81,9.87,9.8,9.84,10.1,9.72,2085368.0,20756335.0,15:00:03,2026-07-30
sh688617,惠泰医疗,219.77,1.27,0.581,219.77,220.91,218.5,218.0,224.0,217.04,1732504.0,382041594.0,15:34:59,2026-07-30
sh688618,三旺通信,24.96,-1.75,-6.552,24.96,24.97,26.71,26.58,26.88,24.9,2662727.0,68231647.0,15:00:03,2026-07-30
sh688619,罗普特,11.59,-0.48,-3.977,11.58,11.59,12.07,12.07,12.31,11.51,3477425.0,41567623.0,15:00:03,2026-07-30
sh688620,安凯微,12.2,-1.67,-12.04,12.17,12.2,13.87,13.53,13.65,12.0,24968969.0,316094840.0,15:34:59,2026-07-30
sh688621,阳光诺和,56.75,-1.03,-1.783,56.67,56.75,57.78,56.9,57.5,54.56,2140574.0,120235131.0,15:00:01,2026-07-30
sh688622,*ST禾信,105.45,-4.28,-3.9,105.38,105.45,109.73,110.0,111.0,105.0,404861.0,43215933.0,15:00:03,2026-07-30
sh688623,双元科技,59.35,-2.08,-3.386,59.33,59.35,61.43,60.73,61.08,58.23,386766.0,22968910.0,15:00:03,2026-07-30
sh688625,呈和科技,49.45,-3.02,-5.756,49.39,49.45,52.47,51.76,53.36,47.36,4596528.0,228174608.0,15:00:03,2026-07-30
sh688626,翔宇医疗,40.56,-1.74,-4.113,40.54,40.56,42.3,41.88,43.08,40.4,2919032.0,121981683.0,15:00:03,2026-07-30
sh688627,精智达,396.66,-43.65,-9.913,396.66,396.67,440.31,435.5,445.45,387.62,6347900.0,2604491868.0,15:00:03,2026-07-30
sh688628,优利德,54.71,-4.85,-8.143,54.7,54.71,59.56,61.07,61.98,54.24,4417824.0,248696025.0,15:34:59,2026-07-30
sh688629,华丰科技,120.08,-14.38,-10.695,120.07,120.08,134.46,134.96,136.95,119.58,19063829.0,2387537719.0,15:34:59,2026-07-30
sh688630,芯碁微装,299.9,-50.02,-14.295,299.73,299.9,349.92,348.23,349.89,297.57,8664273.0,2737906230.0,15:34:59,2026-07-30
sh688631,莱斯信息,40.17,-0.05,-0.124,40.17,40.2,40.22,40.23,41.25,39.5,1575279.0,63946258.0,15:00:03,2026-07-30
sh688633,星球石墨,22.86,0.22,0.972,22.81,22.86,22.64,22.51,23.1,22.31,4696795.0,106585387.0,15:00:03,2026-07-30
sh688635,长进光子,200.0,-23.5,-10.515,200.0,200.07,223.5,218.01,223.5,199.11,1459982.0,304031312.0,15:34:59,2026-07-30
sh688636,智明达,16.44,-0.78,-4.53,16.44,16.45,17.22,17.01,17.3,16.4,9652658.0,161956080.0,15:34:59,2026-07-30
sh688638,誉辰智能,30.17,1.07,3.677,30.16,30.17,29.1,28.88,30.39,28.88,833166.0,24899681.0,15:00:03,2026-07-30
sh688639,华恒生物,17.03,0.36,2.16,17.02,17.03,16.67,16.73,17.56,16.5,5685241.0,97402360.0,15:34:59,2026-07-30
sh688646,ST逸飞,55.9,-3.7,-6.208,55.8,55.9,59.6,60.68,60.68,55.0,1314746.0,74782892.0,15:00:03,2026-07-30
sh688648,中邮科技,29.42,-0.44,-1.474,29.42,29.49,29.86,30.88,31.62,29.05,2590671.0,78640017.0,15:00:03,2026-07-30
sh688651,盛邦安全,20.33,-0.3,-1.454,20.29,20.33,20.63,20.35,21.29,20.26,1576352.0,32787967.0,15:00:03,2026-07-30
sh688652,XD京仪装,124.55,-13.64,-9.87,124.55,124.71,138.19,136.08,138.7,122.67,6834907.0,883167253.0,15:34:59,2026-07-30
sh688653,康希通信,10.6,-0.59,-5.273,10.6,10.63,11.19,11.04,11.15,10.51,13823433.0,149327929.0,15:34:59,2026-07-30
sh688655,迅捷兴,28.5,-1.88,-6.188,28.5,28.52,30.38,30.37,30.54,27.24,6181787.0,176986629.0,15:34:59,2026-07-30
sh688656,浩欧博,78.49,-1.71,-2.132,78.49,78.55,80.2,79.9,82.4,77.02,408169.0,32460149.0,15:00:03,2026-07-30
sh688657,浩辰软件,28.01,0.15,0.538,28.0,28.01,27.86,27.59,28.6,27.43,1389588.0,39021840.0,15:00:01,2026-07-30
sh688658,悦康药业,12.02,-0.31,-2.514,12.02,12.03,12.33,12.37,12.55,11.93,10252224.0,124941712.0,15:00:01,2026-07-30
sh688659,元琛科技,8.61,-0.12,-1.375,8.61,8.63,8.73,8.8,9.03,8.45,3460848.0,30243016.0,15:00:03,2026-07-30
sh688660,电气风电,8.74,0.43,5.174,8.73,8.74,8.31,8.22,9.05,8.17,46564216.0,407439500.0,15:34:59,2026-07-30
sh688661,和林微纳,68.45,-10.5,-13.3,68.43,68.45,78.95,78.04,81.0,67.55,4296443.0,306273944.0,15:00:00,2026-07-30
sh688662,富信科技,62.68,-6.94,-9.968,62.68,62.69,69.62,69.36,69.81,61.68,8777681.0,568206255.0,15:34:59,2026-07-30
sh688663,新风光,46.0,-9.4,-16.968,46.0,46.05,55.4,54.98,55.56,45.5,11249559.0,554968475.0,15:00:03,2026-07-30
sh688665,四方光电,41.29,-1.02,-2.411,41.06,41.29,42.31,42.44,42.52,40.86,382798.0,15933090.0,15:00:03,2026-07-30
sh688667,菱电电控,79.1,-2.38,-2.921,79.06,79.1,81.48,81.62,81.62,76.5,870850.0,69174826.0,15:00:03,2026-07-30
sh688668,鼎通科技,173.49,-23.72,-12.028,173.49,173.8,197.21,198.58,200.0,171.21,5687205.0,1027284794.0,15:34:59,2026-07-30
sh688669,聚石化学,56.2,-3.12,-5.26,56.2,56.49,59.32,59.57,62.09,56.01,4319891.0,251115342.0,15:00:03,2026-07-30
sh688670,金迪克,13.34,-0.25,-1.84,13.32,13.34,13.59,13.74,13.95,13.1,1289856.0,17546194.0,15:00:03,2026-07-30
sh688671,碧兴物联,19.81,-0.65,-3.177,19.81,19.94,20.46,20.32,20.93,19.8,1599377.0,32664736.0,15:00:06,2026-07-30
sh688676,金盘科技,63.9,-4.14,-6.085,63.9,63.91,68.04,68.0,68.2,63.37,10726570.0,697622681.0,15:34:59,2026-07-30
sh688677,海泰新光,58.95,-7.58,-11.393,58.95,59.0,66.53,65.8,66.83,57.9,7055610.0,428377312.0,15:00:03,2026-07-30
sh688678,福立旺,13.86,-1.39,-9.115,13.85,13.86,15.25,15.08,15.26,13.7,16546387.0,237461927.0,15:34:59,2026-07-30
sh688679,通源环境,34.0,-2.69,-7.332,34.0,34.13,36.69,36.7,37.42,33.42,4319162.0,151770532.0,15:00:03,2026-07-30
sh688680,海优新材,34.01,-0.39,-1.134,34.01,34.03,34.4,34.45,35.0,33.69,869317.0,29773625.0,15:34:59,2026-07-30
sh688681,科汇股份,14.97,-0.36,-2.348,14.96,14.97,15.33,15.26,15.5,14.9,2958398.0,44934307.0,15:00:03,2026-07-30
sh688682,霍莱沃,27.51,-1.09,-3.811,27.51,27.52,28.6,28.15,28.6,27.31,1363893.0,38038906.0,15:00:03,2026-07-30
sh688683,莱尔科技,27.3,-0.9,-3.191,27.21,27.3,28.2,28.39,28.48,27.03,1756245.0,48557317.0,15:00:03,2026-07-30
sh688685,迈信林,43.04,1.67,4.037,43.04,43.05,41.37,40.96,44.19,39.84,10956407.0,460742605.0,15:34:59,2026-07-30
sh688686,奥普特,100.29,-3.7,-3.558,100.29,100.42,103.99,100.12,104.11,97.37,1779958.0,178185625.0,15:00:03,2026-07-30
sh688687,凯因科技,15.5,-0.27,-1.712,15.5,15.51,15.77,16.07,16.07,15.45,2201788.0,34615456.0,15:00:03,2026-07-30
sh688689,银河微电,31.41,-3.24,-9.351,31.41,31.43,34.65,34.22,34.5,31.02,9484864.0,307606174.0,15:34:59,2026-07-30
sh688690,纳微科技,34.34,-0.94,-2.664,34.33,34.34,35.28,34.73,35.44,33.95,7816749.0,270553491.0,15:00:03,2026-07-30
sh688691,灿芯股份,56.63,-4.05,-6.674,56.63,56.65,60.68,61.24,64.36,56.58,6754497.0,399635665.0,15:34:59,2026-07-30
sh688692,达梦数据,217.22,-6.38,-2.853,217.14,217.22,223.6,222.0,227.88,216.85,1649386.0,365970486.0,15:00:03,2026-07-30
sh688693,锴威特,52.59,-5.17,-8.951,52.59,52.6,57.76,57.22,57.98,52.09,2157751.0,116436452.0,15:00:03,2026-07-30
sh688695,中创股份,16.91,-0.31,-1.8,16.91,16.98,17.22,17.3,17.83,16.87,1221173.0,21209537.0,15:00:03,2026-07-30
sh688696,极米科技,64.9,1.33,2.092,64.76,64.9,63.57,63.3,66.27,62.81,1332364.0,86718091.0,15:00:03,2026-07-30
sh688697,纽威数控,12.55,-0.26,-2.03,12.54,12.55,12.81,12.85,12.9,12.36,9602600.0,120878412.0,15:00:03,2026-07-30
sh688698,伟创电气,43.5,-1.95,-4.29,43.48,43.5,45.45,45.0,45.5,43.0,5069881.0,223399752.0,15:34:59,2026-07-30
sh688699,明微电子,42.0,-3.23,-7.141,42.0,42.06,45.23,45.19,45.19,41.83,3682557.0,159109343.0,15:00:01,2026-07-30
sh688700,东威科技,50.0,-4.79,-8.742,49.98,50.0,54.79,54.76,55.49,49.1,13498916.0,696415104.0,15:00:01,2026-07-30
sh688701,卓锦股份,6.67,-0.14,-2.056,6.67,6.7,6.81,6.81,6.99,6.45,2723055.0,18457570.0,15:00:03,2026-07-30
sh688702,盛科通信,303.99,-47.43,-13.497,303.8,303.99,351.42,342.83,347.42,297.1,13444873.0,4283270262.0,15:34:59,2026-07-30
sh688707,振华新材,10.18,-0.18,-1.737,10.18,10.19,10.36,10.25,10.49,10.17,6660764.0,68718305.0,15:34:59,2026-07-30
sh688708,佳驰科技,47.2,0.15,0.319,47.2,47.21,47.05,46.62,47.33,45.5,1921527.0,89606901.0,15:00:01,2026-07-30
sh688709,成都华微,24.21,-0.79,-3.16,24.21,24.22,25.0,24.71,24.89,23.9,5824157.0,142287886.0,15:00:03,2026-07-30
sh688710,益诺思,70.8,-7.1,-9.114,70.7,70.8,77.9,77.13,77.13,70.01,2903248.0,210800086.0,15:34:59,2026-07-30
sh688711,宏微科技,20.9,-1.33,-5.983,20.89,20.9,22.23,22.12,22.22,20.9,6921928.0,148111576.0,15:00:03,2026-07-30
sh688712,北芯生命,31.54,-1.31,-3.988,31.54,31.57,32.85,32.75,32.75,31.54,1207668.0,38813980.0,15:00:01,2026-07-30
sh688716,中研股份,24.27,-1.07,-4.223,24.27,24.28,25.34,25.2,25.55,24.18,2059538.0,50848156.0,15:00:03,2026-07-30
sh688717,艾罗能源,55.11,-1.89,-3.316,55.11,55.12,57.0,56.56,57.4,54.5,4516875.0,251874021.0,15:00:03,2026-07-30
sh688718,唯赛勃,11.66,-0.49,-4.033,11.65,11.66,12.15,12.18,12.22,11.58,2208602.0,26228999.0,15:00:03,2026-07-30
sh688719,爱科赛博,40.01,-3.79,-8.653,39.99,40.01,43.8,43.87,44.19,39.42,3710145.0,152643807.0,15:34:59,2026-07-30
sh688720,艾森股份,50.99,-6.47,-11.26,50.98,50.99,57.46,57.2,58.38,50.9,9076518.0,484209387.0,15:34:59,2026-07-30
sh688721,龙图光罩,33.33,-2.97,-8.182,33.33,33.34,36.3,35.6,35.88,33.33,4630513.0,159754188.0,15:34:59,2026-07-30
sh688722,同益中,13.64,-0.23,-1.658,13.64,13.66,13.87,13.75,13.89,13.42,2733709.0,37372802.0,15:00:03,2026-07-30
sh688726,拉普拉斯,40.79,0.72,1.797,40.78,40.79,40.07,39.8,42.9,39.58,11442869.0,472351485.0,15:34:59,2026-07-30
sh688727,恒坤新材,37.04,-3.29,-8.158,37.04,37.05,40.33,39.58,40.33,37.0,5986240.0,229292507.0,15:34:59,2026-07-30
sh688728,格科微,14.64,-1.24,-7.809,14.63,14.64,15.88,15.72,15.79,14.47,49540232.0,741213388.0,15:34:59,2026-07-30
sh688729,屹唐股份,22.56,-2.22,-8.959,22.56,22.57,24.78,25.0,25.3,22.44,46265636.0,1081549489.0,15:34:59,2026-07-30
sh688733,壹石通,24.09,-1.16,-4.594,24.08,24.09,25.25,25.0,25.39,23.74,5134229.0,126058469.0,15:00:03,2026-07-30
sh688737,中自科技,16.7,-0.55,-3.188,16.66,16.7,17.25,16.91,17.55,16.63,1541455.0,26367715.0,15:00:01,2026-07-30
sh688739,成大生物,19.74,-0.02,-0.101,19.74,19.79,19.76,19.69,20.03,19.62,1728640.0,34280843.0,15:00:03,2026-07-30
sh688750,金天钛业,14.08,-0.11,-0.775,14.08,14.09,14.19,14.16,14.29,13.96,2639190.0,37304035.0,15:00:03,2026-07-30
sh688755,汉邦科技,22.99,-0.21,-0.905,22.88,22.99,23.2,23.19,23.6,22.83,538205.0,12493155.0,15:00:01,2026-07-30
sh688757,胜科纳米,26.5,-2.52,-8.684,26.49,26.5,29.02,28.5,29.03,26.09,9776743.0,267408358.0,15:34:59,2026-07-30
sh688758,赛分科技,23.0,-1.27,-5.233,22.95,23.0,24.27,24.02,24.24,22.38,9165613.0,212386145.0,15:34:59,2026-07-30
sh688759,必贝特,21.12,-1.11,-4.993,21.11,21.12,22.23,22.0,22.19,20.7,7574156.0,161995967.0,15:34:59,2026-07-30
sh688765,禾元生物,32.76,-1.86,-5.373,32.75,32.76,34.62,34.4,34.62,32.61,7643630.0,256039729.0,15:34:59,2026-07-30
sh688766,普冉股份,353.12,14.62,4.319,353.12,353.13,338.5,328.01,368.98,312.02,25009411.0,8546732870.0,15:34:59,2026-07-30
sh688767,博拓生物,35.78,1.25,3.62,35.67,35.78,34.53,35.1,38.2,35.0,5023885.0,183825576.0,15:00:03,2026-07-30
sh688768,容知日新,40.43,-0.79,-1.917,40.43,40.45,41.22,40.75,41.48,40.08,743053.0,30211229.0,15:00:03,2026-07-30
sh688772,珠海冠宇,14.82,-0.59,-3.829,14.81,14.82,15.41,15.36,15.53,14.81,22527446.0,338471771.0,15:34:59,2026-07-30
sh688775,影石创新,125.01,-8.3,-6.226,125.01,125.1,133.31,131.21,131.55,124.2,4329383.0,554114791.0,15:34:59,2026-07-30
sh688776,国光电气,45.96,-1.15,-2.441,45.9,45.96,47.11,47.12,47.74,45.61,1831781.0,85436084.0,15:00:03,2026-07-30
sh688777,中控技术,80.8,0.9,1.126,80.7,80.8,79.9,80.42,83.29,77.25,19738575.0,1573180545.0,15:34:59,2026-07-30
sh688778,厦钨新能,46.46,0.13,0.281,46.46,46.48,46.33,45.8,47.06,45.45,7616712.0,353443864.0,15:34:59,2026-07-30
sh688779,五矿新能,7.6,0.08,1.064,7.6,7.61,7.52,7.47,7.71,7.42,27707109.0,211012074.0,15:34:59,2026-07-30
sh688781,视涯科技,32.22,-2.27,-6.582,32.2,32.22,34.49,34.1,34.61,31.9,2434929.0,80309242.0,15:34:59,2026-07-30
sh688783,西安奕材,24.49,-2.09,-7.863,24.48,24.49,26.58,26.0,26.4,24.02,41603724.0,1046516039.0,15:34:59,2026-07-30
sh688785,恒运昌,229.7,-22.18,-8.806,229.7,229.77,251.88,246.0,253.98,228.98,804514.0,193394218.0,15:34:59,2026-07-30
sh688786,悦安新材,23.48,-1.8,-7.12,23.46,23.48,25.28,25.45,25.5,23.2,5661308.0,136044260.0,15:00:03,2026-07-30
sh688787,海天瑞声,88.85,-3.5,-3.79,88.83,88.85,92.35,92.8,95.26,88.01,2199940.0,200987464.0,15:00:03,2026-07-30
sh688788,科思科技,26.18,-1.02,-3.75,26.15,26.18,27.2,27.04,27.74,25.9,3476805.0,92762334.0,15:34:59,2026-07-30
sh688789,宏华数科,46.01,-0.15,-0.325,46.0,46.01,46.16,45.58,47.13,45.58,1465494.0,67942456.0,15:00:01,2026-07-30
sh688790,昂瑞微,86.55,-2.4,-2.698,86.55,86.56,88.95,88.0,89.17,86.22,369597.0,32266938.0,15:00:01,2026-07-30
sh688793,倍轻松,16.29,-0.11,-0.671,16.29,16.32,16.4,16.4,16.96,16.13,2058214.0,34068737.0,15:00:03,2026-07-30
sh688795,摩尔线程,540.01,-24.53,-4.345,540.01,541.0,564.54,554.94,559.87,530.05,1394972.0,760048603.0,15:34:59,2026-07-30
sh688796,百奥赛图,108.0,-4.34,-3.863,108.0,108.08,112.34,105.0,108.2,93.19,5739480.0,577955167.0,15:34:59,2026-07-30
sh688797,臻宝科技,301.0,-18.0,-5.643,301.0,301.01,319.0,314.99,329.86,293.0,4874819.0,1540811385.0,15:34:59,2026-07-30
sh688798,艾为电子,52.51,-1.4,-2.597,52.5,52.51,53.91,53.5,54.0,52.01,2500194.0,132392228.0,15:00:03,2026-07-30
sh688799,华纳药厂,40.7,-4.51,-9.976,40.7,40.73,45.21,45.26,45.26,40.33,5053523.0,213507000.0,15:34:59,2026-07-30
sh688800,瑞可达,47.3,-4.7,-9.038,47.29,47.3,52.0,51.5,52.08,46.9,13660146.0,668383371.0,15:34:59,2026-07-30
sh688802,沐曦股份,672.0,-33.99,-4.815,671.97,672.0,705.99,686.01,709.0,666.6,1655769.0,1139391664.0,15:34:59,2026-07-30
sh688805,健信超导,37.51,-1.57,-4.017,37.51,37.58,39.08,39.0,39.27,37.49,984222.0,37675072.0,15:34:59,2026-07-30
sh688806,泰诺麦博,23.47,-3.55,-13.138,23.47,23.48,27.02,26.38,26.69,23.28,18657888.0,464483326.0,15:34:59,2026-07-30
sh688807,优迅股份,210.95,-21.28,-9.163,210.94,210.95,232.23,231.69,231.93,206.01,1431432.0,307892843.0,15:00:03,2026-07-30
sh688808,联讯仪器,1536.0,-252.14,-14.101,1535.89,1536.0,1788.14,1745.8,1766.0,1461.1,2581534.0,4104181950.0,15:00:01,2026-07-30
sh688809,强一股份,413.0,-38.55,-8.537,412.5,413.0,451.55,448.0,449.9,413.0,2259473.0,979840849.0,15:00:01,2026-07-30
sh688811,有研复材,18.88,-1.55,-7.587,18.88,18.9,20.43,20.16,20.45,18.88,7295289.0,142738749.0,15:00:01,2026-07-30
sh688813,泰金新能,91.8,-9.07,-8.992,91.79,91.8,100.87,100.67,102.69,90.63,3122657.0,295554123.0,15:00:01,2026-07-30
sh688816,易思维,47.6,0.38,0.805,47.6,47.61,47.22,47.0,47.98,46.51,625298.0,29516587.0,15:00:01,2026-07-30
sh688818,电科蓝天,41.35,-3.05,-6.869,41.35,41.37,44.4,43.9,44.47,41.14,8723756.0,369150529.0,15:34:59,2026-07-30
sh688819,天能股份,22.77,0.16,0.708,22.77,22.78,22.61,22.6,22.93,22.48,3157779.0,71808553.0,15:00:03,2026-07-30
sh688820,盛合晶微,117.98,-10.72,-8.329,117.97,117.98,128.7,127.5,128.38,115.3,15339051.0,1851760654.0,15:34:59,2026-07-30
sh688825,C长鑫,52.87,-0.08,-0.151,52.86,52.87,52.95,52.2,54.66,49.25,860839199.0,44705534769.0,15:34:59,2026-07-30
sh688981,中芯国际,122.99,-7.91,-6.043,122.97,122.99,130.9,128.68,130.79,121.82,79984573.0,9995522433.0,15:34:59,2026-07-30
sz000001,平安银行,11.61,0.33,2.926,11.61,11.62,11.28,11.28,11.62,11.18,277770773.0,3194072443.0,16:30:00,2026-07-30
sz000002,万 科Ａ,3.33,0.05,1.524,3.32,3.33,3.28,3.26,3.4,3.26,211866620.0,708739129.0,16:29:15,2026-07-30
sz000006,深振业Ａ,6.37,-0.14,-2.151,6.37,6.38,6.51,6.45,6.61,6.34,22256808.0,143913463.0,16:29:30,2026-07-30
sz000007,全新好,8.71,-0.45,-4.913,8.71,8.72,9.16,9.16,9.19,8.67,7523900.0,67022149.0,16:29:45,2026-07-30
sz000008,神州高铁,2.35,-0.02,-0.844,2.35,2.36,2.37,2.36,2.39,2.33,28288268.0,66796143.0,16:30:00,2026-07-30
sz000009,中国宝安,7.15,0.65,10.0,7.15,0.0,6.5,6.46,7.15,6.45,56205002.0,390363861.0,16:29:15,2026-07-30
sz000010,*ST美丽,1.51,-0.01,-0.658,1.5,1.51,1.52,1.53,1.57,1.49,19083600.0,29124615.0,16:29:30,2026-07-30
sz000011,深物业A,7.99,0.17,2.174,7.99,8.0,7.82,7.79,8.35,7.58,32788025.0,262751153.0,16:29:45,2026-07-30
sz000012,南 玻Ａ,3.93,0.03,0.769,3.92,3.93,3.9,3.89,3.97,3.88,27475426.0,107928034.0,16:30:00,2026-07-30
sz000014,沙河股份,9.98,-0.01,-0.1,9.98,9.99,9.99,10.0,10.5,9.92,12734608.0,129687874.0,16:29:15,2026-07-30
sz000016,*ST康佳A,2.47,-0.08,-3.137,2.47,2.48,2.55,2.54,2.59,2.47,18986139.0,47831705.0,16:29:30,2026-07-30
sz000017,深中华A,5.82,-0.17,-2.838,5.82,5.83,5.99,5.99,6.08,5.81,10074870.0,60000274.0,16:29:45,2026-07-30
sz000019,深粮控股,6.08,0.04,0.662,6.07,6.08,6.04,6.02,6.16,6.02,6815930.0,41561444.0,16:30:00,2026-07-30
sz000020,深华发Ａ,10.37,0.01,0.097,10.37,10.38,10.36,10.28,10.75,10.23,5347655.0,56060285.0,16:29:15,2026-07-30
sz000021,深科技,36.42,-3.73,-9.29,36.41,36.42,40.15,38.65,39.58,36.27,159265784.0,5981223823.0,16:29:30,2026-07-30
sz000025,特 力Ａ,15.64,1.42,9.986,15.64,0.0,14.22,14.23,15.64,14.13,14636510.0,223174738.0,16:29:45,2026-07-30
sz000026,飞亚达,16.2,0.1,0.621,16.18,16.2,16.1,15.99,17.27,15.95,10404293.0,171953243.0,16:30:00,2026-07-30
sz000027,深圳能源,6.47,0.04,0.622,6.47,6.48,6.43,6.41,6.49,6.35,27566552.0,177149093.0,16:29:15,2026-07-30
sz000028,国药一致,21.0,0.23,1.107,20.98,21.0,20.77,20.69,21.06,20.67,2951073.0,61735620.0,16:29:30,2026-07-30
sz000029,深深房Ａ,19.5,-0.63,-3.13,19.49,19.5,20.13,20.02,20.26,19.26,6642574.0,131336436.0,16:29:45,2026-07-30
sz000030,富奥股份,4.28,0.04,0.943,4.28,4.29,4.24,4.24,4.32,4.23,12287043.0,52549174.0,16:30:00,2026-07-30
sz000031,大悦城,2.19,0.0,0.0,2.19,2.2,2.19,2.18,2.25,2.16,29954976.0,66037216.0,16:29:15,2026-07-30
sz000032,深桑达Ａ,12.31,-1.26,-9.285,12.31,12.32,13.57,13.5,13.7,12.22,88064847.0,1124051064.0,16:29:30,2026-07-30
sz000034,神州数码,23.33,-1.99,-7.859,23.33,23.34,25.32,25.5,25.55,23.32,52986566.0,1274800045.0,16:29:45,2026-07-30
sz000035,中国天楹,5.01,0.03,0.602,5.01,5.02,4.98,4.99,5.11,4.94,54655214.0,274720471.0,16:30:00,2026-07-30
sz000036,华联控股,3.86,-0.15,-3.741,3.85,3.86,4.01,3.96,4.03,3.82,32059539.0,125435197.0,16:29:15,2026-07-30
sz000037,深南电A,9.0,-0.27,-2.913,8.99,9.0,9.27,9.1,9.29,8.84,23096189.0,208864074.0,16:29:30,2026-07-30
sz000039,中集集团,8.7,0.0,0.0,8.7,8.71,8.7,8.65,8.91,8.59,44990958.0,393811504.0,16:29:45,2026-07-30
sz000042,中洲控股,8.06,-0.02,-0.248,8.06,8.07,8.08,8.11,8.25,8.02,5355261.0,43504129.0,16:30:00,2026-07-30
sz000045,深纺织Ａ,9.52,-0.06,-0.626,9.51,9.52,9.58,9.51,9.73,9.51,11651409.0,111912096.0,16:29:15,2026-07-30
sz000048,京基智农,17.1,-1.01,-5.577,17.05,17.1,18.11,17.88,18.4,16.35,18416100.0,316443733.0,16:29:30,2026-07-30
sz000049,德赛电池,24.34,-0.47,-1.894,24.33,24.34,24.81,24.58,24.85,23.81,11252921.0,275281552.0,16:29:45,2026-07-30
sz000050,深天马Ａ,6.45,-0.12,-1.826,6.44,6.45,6.57,6.5,6.54,6.36,36431545.0,235574752.0,16:30:00,2026-07-30
sz000055,方大集团,3.34,-0.06,-1.765,3.34,3.35,3.4,3.37,3.45,3.32,10790000.0,36479699.0,16:29:15,2026-07-30
sz000056,*ST皇庭,1.83,-0.07,-3.684,1.83,1.84,1.9,1.91,1.93,1.83,15319730.0,28590371.0,16:29:30,2026-07-30
sz000058,深 赛 格,6.6,0.12,1.852,6.6,6.61,6.48,6.58,6.76,6.47,13670951.0,90340160.0,16:29:45,2026-07-30
sz000059,华锦股份,4.66,0.04,0.866,4.65,4.66,4.62,4.58,4.69,4.56,21678100.0,100543258.0,16:30:00,2026-07-30
sz000060,中金岭南,6.23,-0.06,-0.954,6.22,6.23,6.29,6.28,6.35,6.15,92053523.0,575824841.0,16:29:15,2026-07-30
sz000061,农 产 品,5.9,0.02,0.34,5.89,5.9,5.88,5.84,5.99,5.79,24859969.0,146811679.0,16:29:30,2026-07-30
sz000062,深圳华强,20.76,-0.77,-3.576,20.76,20.77,21.53,21.3,21.49,20.54,19770077.0,415240981.0,16:29:45,2026-07-30
sz000063,中兴通讯,33.3,-0.78,-2.289,33.29,33.3,34.08,33.74,34.12,33.06,128022171.0,4295358740.0,16:30:00,2026-07-30
sz000065,北方国际,9.24,-0.04,-0.431,9.24,9.25,9.28,9.26,9.42,9.14,14044213.0,130211140.0,16:29:15,2026-07-30
sz000066,中国长城,13.15,-0.74,-5.328,13.15,13.16,13.89,13.7,13.82,13.11,143936890.0,1927442300.0,16:29:30,2026-07-30
sz000068,华控赛格,2.7,-0.06,-2.174,2.7,2.71,2.76,2.76,2.82,2.69,12975000.0,35735472.0,16:29:45,2026-07-30
sz000069,华侨城Ａ,1.74,0.02,1.163,1.73,1.74,1.72,1.71,1.78,1.71,62519001.0,109409853.0,16:30:00,2026-07-30
sz000070,特发信息,12.18,-0.54,-4.245,12.18,12.19,12.72,12.64,12.95,12.0,42287802.0,524243976.0,16:29:15,2026-07-30
sz000078,ST海王,1.58,-0.09,-5.389,1.58,1.59,1.67,1.66,1.66,1.57,98925546.0,159819228.0,16:29:30,2026-07-30
sz000088,盐 田 港,4.47,0.07,1.591,4.46,4.47,4.4,4.4,4.49,4.4,32968033.0,146803473.0,16:29:45,2026-07-30
sz000089,深圳机场,6.77,0.13,1.958,6.77,6.78,6.64,6.64,6.79,6.63,16851243.0,113504845.0,16:30:00,2026-07-30
sz000090,天健集团,3.29,0.0,0.0,3.29,3.3,3.29,3.27,3.32,3.26,15550012.0,51305865.0,16:29:15,2026-07-30
sz000096,广聚能源,7.63,0.05,0.66,7.63,7.64,7.58,7.63,7.77,7.56,6395401.0,49019098.0,16:29:30,2026-07-30
sz000099,中信海直,14.39,0.24,1.696,14.39,14.4,14.15,14.04,14.48,14.01,10660700.0,153217581.0,16:29:45,2026-07-30
sz000100,TCL科技,4.72,-0.21,-4.26,4.71,4.72,4.93,4.85,4.88,4.7,720687986.0,3441265144.0,16:30:00,2026-07-30
sz000151,中成股份,9.48,0.02,0.211,9.48,9.49,9.46,9.4,9.61,9.39,7127550.0,67656077.0,16:29:15,2026-07-30
sz000153,丰原药业,5.39,-0.03,-0.554,5.39,5.4,5.42,5.4,5.49,5.36,7454280.0,40461255.0,16:29:30,2026-07-30
sz000155,川能动力,12.26,-0.37,-2.93,12.26,12.27,12.63,12.51,12.98,12.26,62686259.0,788288862.0,16:29:45,2026-07-30
sz000156,华数传媒,6.85,0.07,1.032,6.84,6.85,6.78,6.75,6.91,6.75,11142290.0,76391312.0,16:30:00,2026-07-30
sz000157,中联重科,7.73,0.12,1.577,7.72,7.73,7.61,7.58,7.75,7.56,59823774.0,458378081.0,16:29:15,2026-07-30
sz000158,常山北明,12.52,-0.21,-1.65,12.52,12.53,12.73,12.63,12.95,12.51,26175078.0,333346750.0,16:29:30,2026-07-30
sz000159,国际实业,5.22,-0.05,-0.949,5.22,5.23,5.27,5.28,5.37,5.21,10007689.0,52922395.0,16:29:45,2026-07-30
sz000166,申万宏源,4.7,0.03,0.642,4.69,4.7,4.67,4.66,4.71,4.64,84631901.0,396119510.0,16:30:00,2026-07-30
sz000301,东方盛虹,11.9,-0.07,-0.585,11.9,11.91,11.97,11.99,12.28,11.74,23557723.0,282193475.0,16:29:15,2026-07-30
sz000333,美的集团,88.95,1.94,2.23,88.94,88.95,87.01,87.01,89.5,86.5,46149832.0,4071773624.0,16:29:30,2026-07-30
sz000338,潍柴动力,25.96,-1.33,-4.874,25.96,25.97,27.29,26.6,26.88,25.33,103180631.0,2684248438.0,16:29:45,2026-07-30
sz000400,许继电气,22.96,0.33,1.458,22.95,22.96,22.63,22.71,23.19,22.57,25000991.0,574141202.0,16:30:00,2026-07-30
sz000401,金隅冀东,3.66,0.02,0.549,3.65,3.66,3.64,3.63,3.69,3.62,7376200.0,27024050.0,16:29:15,2026-07-30
sz000402,金 融 街,2.46,0.02,0.82,2.45,2.46,2.44,2.42,2.49,2.42,51288219.0,125923543.0,16:29:30,2026-07-30
sz000403,派林生物,10.42,0.21,2.057,10.42,10.43,10.21,10.16,10.55,10.16,11641135.0,121032947.0,16:29:45,2026-07-30
sz000404,长虹华意,7.68,-0.06,-0.775,7.68,7.69,7.74,7.7,7.86,7.61,14879146.0,114954471.0,16:30:00,2026-07-30
sz000407,胜利股份,3.9,-0.01,-0.256,3.89,3.9,3.91,3.89,3.96,3.85,13461000.0,52600520.0,16:29:15,2026-07-30
sz000408,藏格矿业,79.8,0.2,0.251,79.8,79.81,79.6,80.0,81.25,78.75,10944079.0,877048723.0,16:29:30,2026-07-30
sz000409,云鼎科技,8.51,-0.03,-0.351,8.5,8.51,8.54,8.5,8.65,8.46,6094400.0,52209619.0,16:29:45,2026-07-30
sz000410,沈阳机床,4.83,-0.03,-0.617,4.83,4.84,4.86,4.83,4.96,4.82,16116300.0,78791634.0,16:30:00,2026-07-30
sz000411,英特集团,9.46,0.06,0.638,9.45,9.46,9.4,9.36,9.51,9.3,3474887.0,32730545.0,16:29:15,2026-07-30
sz000415,渤海租赁,4.41,-0.02,-0.451,4.4,4.41,4.43,4.4,4.5,4.34,60652800.0,267576052.0,16:29:30,2026-07-30
sz000417,合百集团,5.64,-0.1,-1.742,5.63,5.64,5.74,5.69,5.96,5.63,50778167.0,292774846.0,16:29:45,2026-07-30
sz000419,通程控股,4.84,0.04,0.833,4.83,4.84,4.8,4.76,4.91,4.76,7956200.0,38632208.0,16:30:00,2026-07-30
sz000420,吉林化纤,3.77,0.02,0.533,3.76,3.77,3.75,3.73,3.8,3.71,42408557.0,159577615.0,16:29:15,2026-07-30
sz000421,南京公用,5.36,-0.01,-0.186,5.35,5.36,5.37,5.36,5.46,5.31,6694001.0,35950312.0,16:29:30,2026-07-30
sz000422,湖北宜化,13.13,0.01,0.076,13.12,13.13,13.12,13.0,13.39,13.0,25517515.0,337433436.0,16:29:45,2026-07-30
sz000423,东阿阿胶,55.24,1.44,2.677,55.22,55.24,53.8,53.8,55.69,53.56,11310075.0,621403747.0,16:30:00,2026-07-30
sz000425,徐工机械,9.19,0.19,2.111,9.18,9.19,9.0,8.96,9.35,8.87,148956944.0,1350774442.0,16:29:15,2026-07-30
sz000426,兴业银锡,31.5,-0.85,-2.628,31.5,31.51,32.35,32.83,33.41,30.98,65048834.0,2097067240.0,16:29:30,2026-07-30
sz000428,华天酒店,3.83,-0.21,-5.198,3.83,3.84,4.04,4.44,4.44,3.66,108656162.0,452627130.0,16:29:45,2026-07-30
sz000429,粤高速Ａ,14.26,-0.44,-2.993,14.26,14.27,14.7,14.78,14.84,14.19,13136465.0,189977622.0,16:30:00,2026-07-30
sz000430,张家界,6.29,0.01,0.159,6.29,6.3,6.28,6.28,6.43,6.24,7730400.0,49020301.0,16:29:15,2026-07-30
sz000488,ST晨鸣,1.95,-0.01,-0.51,1.95,1.96,1.96,1.95,1.99,1.95,9636450.0,18952799.0,16:29:30,2026-07-30
sz000498,山东路桥,5.07,0.07,1.4,5.06,5.07,5.0,4.99,5.08,4.98,11365600.0,57312511.0,16:29:45,2026-07-30
sz000501,武商集团,7.17,0.12,1.702,7.17,7.18,7.05,7.01,7.26,7.01,13869830.0,99586725.0,16:30:00,2026-07-30
sz000503,国新健康,7.16,-0.04,-0.556,7.15,7.16,7.2,7.15,7.34,7.09,28771350.0,207880664.0,16:29:15,2026-07-30
sz000504,南华生物,7.39,-0.23,-3.018,7.38,7.39,7.62,7.54,7.69,7.31,7450805.0,55750784.0,16:29:30,2026-07-30
sz000505,京粮控股,5.53,0.0,0.0,5.52,5.53,5.53,5.5,5.64,5.49,7154301.0,39831094.0,16:29:45,2026-07-30
sz000506,招金黄金,13.2,0.49,3.855,13.19,13.2,12.71,13.1,13.98,12.86,115718720.0,1563182195.0,16:30:00,2026-07-30
sz000507,珠海港,5.05,0.03,0.598,5.05,5.06,5.02,5.0,5.08,4.97,11760300.0,59318072.0,16:29:15,2026-07-30
sz000509,华塑控股,2.84,-0.08,-2.74,2.83,2.84,2.92,2.9,2.96,2.81,29816800.0,85772855.0,16:29:30,2026-07-30
sz000510,新金路,13.0,-1.44,-9.972,0.0,13.0,14.44,14.52,14.66,13.0,53213591.0,713113901.0,16:29:45,2026-07-30
sz000513,丽珠集团,31.01,0.09,0.291,31.01,31.02,30.92,30.9,31.4,30.7,6695149.0,207886153.0,16:30:00,2026-07-30
sz000514,渝 开 发,3.77,-0.01,-0.265,3.76,3.77,3.78,3.75,3.87,3.73,10812600.0,41071330.0,16:29:15,2026-07-30
sz000516,国际医学,4.22,0.01,0.238,4.21,4.22,4.21,4.22,4.31,4.18,25430607.0,107920318.0,16:29:30,2026-07-30
sz000517,荣安地产,1.88,-0.01,-0.529,1.87,1.88,1.89,1.86,1.93,1.84,61431200.0,115901467.0,16:29:45,2026-07-30
sz000518,四环生物,3.45,-0.13,-3.631,3.45,3.46,3.58,3.57,3.6,3.45,35152800.0,123384513.0,16:30:00,2026-07-30
sz000519,中兵红箭,14.0,-0.03,-0.214,14.0,14.01,14.03,13.91,14.18,13.88,47775040.0,670883101.0,16:29:15,2026-07-30
sz000520,凤凰航运,3.65,-0.17,-4.45,3.64,3.65,3.82,3.83,3.88,3.63,21391027.0,79807688.0,16:29:30,2026-07-30
sz000521,长虹美菱,4.91,0.0,0.0,4.91,4.92,4.91,4.9,4.98,4.88,10307942.0,50746605.0,16:29:45,2026-07-30
sz000523,红棉股份,2.88,0.05,1.767,2.87,2.88,2.83,2.81,3.03,2.81,51359658.0,149138684.0,16:30:00,2026-07-30
sz000524,岭南控股,8.96,0.01,0.112,8.96,8.97,8.95,8.93,9.32,8.93,17214366.0,157278184.0,16:29:15,2026-07-30
sz000525,红太阳,4.66,-0.02,-0.427,4.66,4.67,4.68,4.68,4.78,4.64,26233480.0,123569974.0,16:29:30,2026-07-30
sz000526,学大教育,36.33,3.3,9.991,36.33,0.0,33.03,33.51,36.33,33.4,6231329.0,220878672.0,16:29:45,2026-07-30
sz000528,柳 工,8.86,0.07,0.796,8.85,8.86,8.79,8.74,8.9,8.74,31096980.0,274934084.0,16:30:00,2026-07-30
sz000529,广弘控股,4.69,0.01,0.214,4.68,4.69,4.68,4.67,4.77,4.64,3595200.0,16941243.0,16:29:15,2026-07-30
sz000530,冰山冷热,4.8,-0.05,-1.031,4.79,4.8,4.85,4.83,4.89,4.78,10741980.0,52031986.0,16:29:30,2026-07-30
sz000531,穗恒运Ａ,5.81,-0.02,-0.343,5.81,5.82,5.83,5.79,5.88,5.76,9781360.0,56994089.0,16:29:45,2026-07-30
sz000532,华金资本,10.57,-0.03,-0.283,10.57,10.58,10.6,10.59,10.88,10.5,5377400.0,57602998.0,16:30:00,2026-07-30
sz000533,顺钠股份,10.92,-1.21,-9.975,0.0,10.92,12.13,11.52,12.0,10.92,140420355.0,1585978247.0,16:29:15,2026-07-30
sz000534,万泽股份,24.99,-1.23,-4.691,24.99,25.0,26.22,26.06,26.38,24.71,17849045.0,451302087.0,16:29:30,2026-07-30
sz000536,华映科技,3.09,-0.04,-1.278,3.08,3.09,3.13,3.1,3.14,3.05,40661729.0,125940678.0,16:29:45,2026-07-30
sz000537,绿发电力,7.64,0.01,0.131,7.63,7.64,7.63,7.59,7.76,7.54,20694642.0,158283931.0,16:30:00,2026-07-30
sz000538,云南白药,52.75,0.86,1.657,52.75,52.76,51.89,51.89,52.8,51.88,14517155.0,763130526.0,16:29:15,2026-07-30
sz000539,粤电力Ａ,5.45,-0.2,-3.54,5.45,5.46,5.65,5.6,5.75,5.42,87910467.0,488485174.0,16:29:30,2026-07-30
sz000541,佛山照明,4.99,0.04,0.808,4.98,4.99,4.95,4.92,5.08,4.92,8924889.0,44675982.0,16:29:45,2026-07-30
sz000543,皖能电力,7.98,0.07,0.885,7.97,7.98,7.91,7.88,8.05,7.86,33314289.0,265430195.0,16:30:00,2026-07-30
sz000544,中原环保,7.42,0.07,0.952,7.42,7.43,7.35,7.35,7.43,7.31,5420429.0,40021567.0,16:29:15,2026-07-30
sz000545,金浦钛业,2.45,-0.03,-1.21,2.44,2.45,2.48,2.46,2.52,2.42,31875700.0,78728122.0,16:29:30,2026-07-30
sz000546,金圆股份,4.29,-0.04,-0.924,4.29,4.3,4.33,4.34,4.46,4.28,17271100.0,75235646.0,16:29:45,2026-07-30
sz000547,航天发展,13.75,-0.43,-3.032,13.75,13.76,14.18,14.1,14.23,13.65,50466875.0,702154994.0,16:30:00,2026-07-30
sz000548,湖南投资,4.24,0.02,0.474,4.24,4.25,4.22,4.22,4.31,4.2,9101105.0,38862657.0,16:29:15,2026-07-30
sz000550,江铃汽车,17.1,0.44,2.641,17.1,17.11,16.66,16.62,17.18,16.55,4829980.0,82086106.0,16:29:30,2026-07-30
sz000551,创元科技,12.05,-0.82,-6.371,12.05,12.06,12.87,12.76,12.88,12.0,22749048.0,281144582.0,16:29:45,2026-07-30
sz000552,甘肃能化,2.61,0.0,0.0,2.6,2.61,2.61,2.6,2.64,2.56,63188300.0,164554470.0,16:30:00,2026-07-30
sz000553,安道麦A,5.35,0.09,1.711,5.35,5.36,5.26,5.24,5.41,5.22,8788647.0,46951892.0,16:29:15,2026-07-30
sz000554,泰山石油,6.45,0.11,1.735,6.44,6.45,6.34,6.45,6.59,6.33,29928568.0,192712821.0,16:29:30,2026-07-30
sz000555,神州信息,11.25,0.43,3.974,11.25,11.26,10.82,10.82,11.36,10.71,48611498.0,541921478.0,16:29:45,2026-07-30
sz000557,西部创业,3.65,-0.02,-0.545,3.65,3.66,3.67,3.65,3.72,3.63,8659720.0,31789611.0,16:30:00,2026-07-30
sz000558,天府文旅,3.32,-0.01,-0.3,3.31,3.32,3.33,3.32,3.42,3.3,30115333.0,101402263.0,16:29:15,2026-07-30
sz000559,万向钱潮,10.71,-0.06,-0.557,10.7,10.71,10.77,10.69,10.97,10.62,33584225.0,361851844.0,16:29:30,2026-07-30
sz000560,我爱我家,2.22,-0.02,-0.893,2.22,2.23,2.24,2.22,2.28,2.19,70574316.0,157972720.0,16:29:45,2026-07-30
sz000561,烽火电子,7.51,0.12,1.624,7.51,7.52,7.39,7.36,7.57,7.34,13613200.0,102137670.0,16:30:00,2026-07-30
sz000563,陕国投Ａ,3.11,0.04,1.303,3.1,3.11,3.07,3.07,3.12,3.06,52462455.0,162516175.0,16:29:15,2026-07-30
sz000564,供销大集,1.4,0.0,0.0,1.4,1.41,1.4,1.39,1.46,1.39,303471936.0,432423682.0,16:29:30,2026-07-30
sz000565,渝三峡Ａ,5.54,-0.05,-0.894,5.53,5.54,5.59,5.59,5.7,5.52,8622600.0,48326787.0,16:29:45,2026-07-30
sz000566,海南海药,5.95,0.54,9.982,5.95,0.0,5.41,5.45,5.95,5.4,365539447.0,2127007156.0,16:30:00,2026-07-30
sz000567,海德股份,6.08,0.08,1.333,6.08,6.09,6.0,6.0,6.28,5.93,41639755.0,255772205.0,16:29:15,2026-07-30
sz000568,泸州老窖,90.54,2.31,2.618,90.54,90.55,88.23,88.23,92.21,87.95,19763082.0,1793155538.0,16:29:30,2026-07-30
sz000570,苏常柴Ａ,4.89,-0.03,-0.61,4.89,4.9,4.92,4.9,4.98,4.83,11068700.0,54410978.0,16:29:45,2026-07-30
sz000571,新大洲A,5.41,-0.24,-4.248,5.4,5.41,5.65,5.6,5.79,5.35,22067816.0,122962450.0,16:30:00,2026-07-30
sz000572,海马汽车,3.79,0.07,1.882,3.78,3.79,3.72,3.72,3.89,3.66,94395093.0,359222353.0,16:29:15,2026-07-30
sz000573,粤宏远Ａ,3.48,-0.12,-3.333,3.48,3.49,3.6,3.58,3.63,3.47,17507800.0,61956464.0,16:29:30,2026-07-30
sz000576,甘化科工,6.56,-0.13,-1.943,6.56,6.57,6.69,6.65,6.76,6.54,11106121.0,74024979.0,16:29:45,2026-07-30
sz000581,威孚高科,17.92,0.31,1.76,17.91,17.92,17.61,17.6,18.0,17.55,10815963.0,192670108.0,16:30:00,2026-07-30
sz000582,北部湾港,12.51,0.19,1.542,12.51,12.52,12.32,12.29,12.6,12.17,43502162.0,539231564.0,16:29:15,2026-07-30
sz000586,汇源通信,10.29,-0.31,-2.925,10.28,10.29,10.6,10.55,10.75,10.17,5743610.0,59843389.0,16:29:30,2026-07-30
sz000589,贵州轮胎,4.38,0.02,0.459,4.37,4.38,4.36,4.35,4.41,4.33,25884151.0,113278015.0,16:29:45,2026-07-30
sz000590,古汉医药,8.02,-0.06,-0.743,8.02,8.05,8.08,8.1,8.24,7.92,3405600.0,27526383.0,16:30:00,2026-07-30
sz000591,太阳能,4.53,0.01,0.221,4.53,4.54,4.52,4.5,4.56,4.47,49770992.0,224948788.0,16:29:15,2026-07-30
sz000592,平潭发展,5.57,-0.19,-3.299,5.57,5.58,5.76,5.71,5.94,5.56,127577113.0,729272643.0,16:29:30,2026-07-30
sz000593,德龙汇能,15.38,-1.29,-7.738,15.38,15.39,16.67,16.58,17.5,15.33,20979921.0,341917021.0,16:29:45,2026-07-30
sz000595,新能股份,4.93,-0.43,-8.022,4.92,4.93,5.36,5.3,5.38,4.92,50420700.0,257454090.0,16:30:00,2026-07-30
sz000596,古井贡酒,92.59,1.68,1.848,92.59,92.6,90.91,90.88,98.94,90.15,11934647.0,1132395884.0,16:29:15,2026-07-30
sz000597,东北制药,4.56,-0.05,-1.085,4.56,4.57,4.61,4.61,4.66,4.5,12221762.0,55993276.0,16:29:30,2026-07-30
sz000598,兴蓉环境,7.4,0.07,0.955,7.39,7.4,7.33,7.31,7.44,7.21,29574797.0,216575068.0,16:29:45,2026-07-30
sz000599,青岛双星,4.62,0.03,0.654,4.61,4.62,4.59,4.59,4.67,4.56,11514900.0,53222784.0,16:30:00,2026-07-30
sz000600,建投能源,8.54,-0.24,-2.733,8.54,8.55,8.78,8.7,8.82,8.47,32609761.0,280862579.0,16:29:15,2026-07-30
sz000601,韶能股份,6.23,-0.18,-2.808,6.22,6.23,6.41,6.41,6.53,6.22,49186884.0,311118858.0,16:29:30,2026-07-30
sz000603,盛达资源,24.07,-0.93,-3.72,24.06,24.07,25.0,25.4,25.6,23.89,55686828.0,1374390253.0,16:29:45,2026-07-30
sz000605,渤海股份,5.48,-0.06,-1.083,5.48,5.51,5.54,5.53,5.65,5.44,4071080.0,22622326.0,16:30:00,2026-07-30
sz000607,华媒控股,3.42,-0.02,-0.581,3.42,3.43,3.44,3.42,3.53,3.41,13928101.0,48264942.0,16:29:15,2026-07-30
sz000608,阳光股份,5.64,-0.39,-6.468,5.64,5.65,6.03,6.04,6.14,5.58,26250200.0,152601670.0,16:29:30,2026-07-30
sz000609,*ST中迪,8.94,-0.25,-2.72,8.94,8.95,9.19,9.1,9.35,8.83,7210002.0,65218447.0,16:29:45,2026-07-30
sz000610,*ST西旅,5.53,0.09,1.654,5.52,5.53,5.44,5.39,5.68,5.39,3492600.0,19360630.0,16:30:00,2026-07-30
sz000612,焦作万方,10.96,-0.05,-0.454,10.95,10.96,11.01,11.06,11.27,10.85,33550687.0,371238471.0,16:29:15,2026-07-30
sz000615,*ST美谷,3.04,0.03,0.997,3.04,3.05,3.01,3.02,3.09,3.0,7200890.0,21861425.0,16:29:30,2026-07-30
sz000617,中油资本,7.17,0.12,1.702,7.16,7.17,7.05,7.03,7.28,7.01,114158489.0,818617547.0,16:29:45,2026-07-30
sz000619,海螺新材,4.44,0.06,1.37,4.43,4.44,4.38,4.38,4.5,4.34,8248300.0,36628110.0,16:30:00,2026-07-30
sz000620,盈新发展,2.56,-0.11,-4.12,2.56,2.57,2.67,2.63,2.67,2.55,181566155.0,472091223.0,16:29:15,2026-07-30
sz000623,吉林敖东,18.3,0.06,0.329,18.29,18.3,18.24,18.12,18.38,17.98,13582380.0,247513833.0,16:29:30,2026-07-30
sz000625,长安汽车,7.83,0.31,4.122,7.82,7.83,7.52,7.5,7.89,7.47,194857312.0,1514489977.0,16:29:45,2026-07-30
sz000626,远大控股,6.89,-0.09,-1.289,6.88,6.89,6.98,7.06,7.12,6.81,10077700.0,70289857.0,16:30:00,2026-07-30
sz000628,高新发展,34.68,-1.75,-4.804,34.68,34.69,36.43,36.32,36.77,34.46,8684103.0,306420657.0,16:29:15,2026-07-30
sz000629,钒钛股份,3.06,-0.02,-0.649,3.05,3.06,3.08,3.06,3.11,3.03,100492215.0,308373832.0,16:29:30,2026-07-30
sz000630,铜陵有色,6.09,-0.06,-0.976,6.08,6.09,6.15,6.17,6.21,6.05,199811772.0,1224565870.0,16:29:45,2026-07-30
sz000631,顺发恒能,2.88,-0.04,-1.37,2.88,2.89,2.92,2.91,2.96,2.86,10821669.0,31442129.0,16:30:00,2026-07-30
sz000632,ST三木,3.4,0.22,6.918,3.39,3.4,3.18,3.18,3.47,3.17,17484800.0,57892719.0,16:29:15,2026-07-30
sz000633,合金投资,4.88,-0.06,-1.215,4.87,4.88,4.94,4.95,5.04,4.83,8207200.0,40400016.0,16:29:30,2026-07-30
sz000635,英 力 特,6.07,-0.07,-1.14,6.07,6.08,6.14,6.14,6.22,6.02,3963400.0,24289893.0,16:29:45,2026-07-30
sz000636,风华高科,50.5,2.99,6.293,50.49,50.5,47.51,48.67,52.26,46.38,267362250.0,13157269979.0,16:30:00,2026-07-30
sz000637,茂化实华,3.57,-0.02,-0.557,3.57,3.58,3.59,3.64,3.71,3.55,10434900.0,37775265.0,16:29:15,2026-07-30
sz000639,ST西王,1.52,-0.04,-2.564,1.51,1.52,1.56,1.55,1.58,1.48,66537900.0,101481240.0,16:29:30,2026-07-30
sz000650,仁和药业,5.49,0.02,0.366,5.48,5.49,5.47,5.44,5.52,5.41,15058500.0,82388036.0,16:29:45,2026-07-30
sz000651,格力电器,42.47,0.82,1.969,42.46,42.47,41.65,41.6,42.48,41.4,67071653.0,2822839433.0,16:30:00,2026-07-30
sz000652,泰达股份,3.51,-0.02,-0.567,3.51,3.52,3.53,3.52,3.57,3.49,12781356.0,45141669.0,16:29:15,2026-07-30
sz000655,金岭矿业,6.73,0.05,0.749,6.73,6.74,6.68,6.65,6.81,6.65,5534835.0,37286731.0,16:29:30,2026-07-30
sz000656,金科股份,1.19,-0.04,-3.252,1.19,1.2,1.23,1.22,1.24,1.18,200982423.0,243239613.0,16:29:45,2026-07-30
sz000657,中钨高新,48.4,-4.14,-7.88,48.4,48.41,52.54,52.57,53.58,47.47,67726245.0,3364472912.0,16:30:00,2026-07-30
sz000659,珠海中富,2.57,-0.07,-2.652,2.57,2.58,2.64,2.61,2.72,2.56,45957514.0,120535261.0,16:29:15,2026-07-30
sz000661,长春高新,80.49,-0.66,-0.813,80.48,80.49,81.15,81.17,82.19,79.81,9424792.0,764736365.0,16:29:30,2026-07-30
sz000663,永安林业,4.97,-0.06,-1.193,4.97,4.98,5.03,5.01,5.14,4.94,5114502.0,25748216.0,16:29:45,2026-07-30
sz000665,湖北广电,3.78,-0.03,-0.787,3.78,3.79,3.81,3.79,3.88,3.77,14025777.0,53607586.0,16:30:00,2026-07-30
sz000668,荣丰控股,19.01,-1.29,-6.355,19.01,19.05,20.3,20.86,20.87,18.31,7597309.0,146930865.0,16:29:15,2026-07-30
sz000669,ST金鸿,3.34,-0.07,-2.053,3.34,3.35,3.41,3.4,3.43,3.34,3166640.0,10672827.0,16:29:30,2026-07-30
sz000670,盈方微,7.0,0.29,4.322,6.99,7.0,6.71,6.65,7.33,6.41,85529400.0,585578979.0,16:29:45,2026-07-30
sz000672,上峰材料,12.54,-0.66,-5.0,12.54,12.55,13.2,13.0,13.3,12.25,28618387.0,362373755.0,16:30:00,2026-07-30
sz000676,智度股份,6.81,-0.36,-5.021,6.81,6.82,7.17,7.0,7.36,6.75,155787809.0,1095046007.0,16:29:15,2026-07-30
sz000677,ST海龙,1.61,-0.06,-3.593,1.61,1.62,1.67,1.65,1.72,1.59,46386850.0,76439601.0,16:29:30,2026-07-30
sz000678,襄阳轴承,8.11,0.01,0.123,8.11,8.12,8.1,8.07,8.25,8.0,8983893.0,73025797.0,16:29:45,2026-07-30
sz000679,大连友谊,5.43,-0.19,-3.381,5.42,5.43,5.62,5.58,5.73,5.42,7760800.0,43222825.0,16:30:00,2026-07-30
sz000680,山推股份,11.3,0.01,0.089,11.3,11.32,11.29,11.2,11.5,11.18,23715250.0,269422058.0,16:29:15,2026-07-30
sz000681,视觉中国,16.74,-0.13,-0.771,16.73,16.74,16.87,16.86,17.37,16.69,29577044.0,504123671.0,16:29:30,2026-07-30
sz000682,东方电子,11.88,-0.11,-0.917,11.88,11.89,11.99,11.89,12.09,11.83,18734343.0,224006722.0,16:29:45,2026-07-30
sz000683,博源化工,6.31,0.0,0.0,6.3,6.31,6.31,6.28,6.46,6.25,92062364.0,582471207.0,16:30:00,2026-07-30
sz000685,中山公用,11.13,0.07,0.633,11.13,11.14,11.06,11.0,11.18,10.97,17217014.0,191073854.0,16:29:15,2026-07-30
sz000686,东北证券,8.1,0.06,0.746,8.1,8.11,8.04,8.0,8.12,7.96,22655603.0,182621432.0,16:29:30,2026-07-30
sz000688,国城矿业,27.59,-1.34,-4.632,27.59,27.6,28.93,29.02,29.32,27.3,19135692.0,538874229.0,16:29:45,2026-07-30
sz000690,宝新能源,4.96,-0.13,-2.554,4.95,4.96,5.09,4.97,5.09,4.89,112040128.0,557766606.0,16:30:00,2026-07-30
sz000691,亚太实业,9.1,-0.39,-4.11,9.1,9.11,9.49,9.48,9.59,8.98,13697506.0,126993890.0,16:29:15,2026-07-30
sz000692,惠天热电,3.62,-0.13,-3.467,3.62,3.63,3.75,3.71,3.79,3.6,12696902.0,46806446.0,16:29:30,2026-07-30
sz000695,滨海能源,12.74,-0.25,-1.925,12.73,12.74,12.99,12.96,13.16,12.64,5159800.0,66361388.0,16:29:45,2026-07-30
sz000697,炼石航空,8.13,-0.33,-3.901,8.12,8.13,8.46,8.5,8.53,8.08,8404700.0,69444621.0,16:30:00,2026-07-30
sz000698,ST沈化,3.23,-0.01,-0.309,3.22,3.23,3.24,3.23,3.28,3.21,4205500.0,13641133.0,16:29:15,2026-07-30
sz000700,模塑科技,9.49,-0.78,-7.595,9.48,9.49,10.27,10.2,10.23,9.4,56228669.0,548856613.0,16:29:30,2026-07-30
sz000701,厦门信达,4.73,-0.05,-1.046,4.72,4.73,4.78,4.75,4.9,4.71,13484901.0,64992926.0,16:29:45,2026-07-30
sz000702,正虹科技,4.95,0.06,1.227,4.95,4.96,4.89,4.93,5.06,4.88,7511288.0,37332634.0,16:30:00,2026-07-30
sz000703,恒逸石化,16.05,0.45,2.885,16.04,16.05,15.6,15.51,16.43,15.23,90198162.0,1427403566.0,16:29:15,2026-07-30
sz000705,浙江震元,6.43,-0.03,-0.464,6.43,6.45,6.46,6.42,6.55,6.37,4126500.0,26666460.0,16:29:30,2026-07-30
sz000707,双环科技,4.41,0.03,0.685,4.41,4.42,4.38,4.37,4.5,4.35,8901400.0,39408130.0,16:29:45,2026-07-30
sz000708,中信特钢,14.99,0.24,1.627,14.99,15.0,14.75,14.74,15.05,14.67,14969786.0,223343240.0,16:30:00,2026-07-30
sz000709,河钢股份,2.15,0.02,0.939,2.15,2.16,2.13,2.13,2.18,2.12,94267602.0,202876537.0,16:29:15,2026-07-30
sz000710,贝瑞基因,7.97,-0.11,-1.361,7.97,7.98,8.08,8.08,8.22,7.95,6815700.0,55058694.0,16:29:30,2026-07-30
sz000711,ST京蓝,4.52,-0.06,-1.31,4.52,4.53,4.58,4.65,4.65,4.37,80655408.0,364160284.0,16:29:45,2026-07-30
sz000712,锦龙股份,8.59,0.11,1.297,8.58,8.59,8.48,8.38,8.66,8.37,25693597.0,220436056.0,16:30:00,2026-07-30
sz000713,国投丰乐,5.73,0.06,1.058,5.73,5.74,5.67,5.64,5.78,5.64,6230040.0,35729301.0,16:29:15,2026-07-30
sz000715,中兴商业,4.71,-0.02,-0.423,4.7,4.71,4.73,4.73,4.85,4.69,8549555.0,40750417.0,16:29:30,2026-07-30
sz000716,黑芝麻,4.66,0.03,0.648,4.65,4.66,4.63,4.6,4.77,4.6,29329786.0,137522060.0,16:29:45,2026-07-30
sz000717,中南股份,2.22,0.02,0.909,2.22,2.23,2.2,2.2,2.26,2.19,21919443.0,49026602.0,16:30:00,2026-07-30
sz000718,苏宁环球,1.84,-0.02,-1.075,1.84,1.85,1.86,1.85,1.9,1.83,24233120.0,45105781.0,16:29:15,2026-07-30
sz000719,中原传媒,12.84,0.04,0.312,12.84,12.85,12.8,12.7,12.97,12.62,5508696.0,70793865.0,16:29:30,2026-07-30
sz000720,新能泰山,3.35,-0.12,-3.458,3.34,3.35,3.47,3.48,3.57,3.33,49824000.0,171068150.0,16:29:45,2026-07-30
sz000721,西安饮食,6.81,0.62,10.016,6.81,0.0,6.19,6.2,6.81,6.2,29140400.0,193167643.0,16:30:00,2026-07-30
sz000722,湖南发展,12.16,-0.43,-3.415,12.16,12.17,12.59,12.57,12.85,12.1,24779730.0,308164733.0,16:29:15,2026-07-30
sz000723,美锦能源,3.58,0.01,0.28,3.57,3.58,3.57,3.57,3.64,3.54,45771433.0,164308338.0,16:29:30,2026-07-30
sz000725,京东方Ａ,5.36,-0.35,-6.13,5.36,5.37,5.71,5.63,5.69,5.29,2198719866.0,11990208094.0,16:29:45,2026-07-30
sz000726,鲁 泰Ａ,5.98,0.02,0.336,5.97,5.98,5.96,5.93,6.0,5.91,5582100.0,33262849.0,16:30:00,2026-07-30
sz000727,冠捷科技,2.23,-0.02,-0.889,2.23,2.24,2.25,2.24,2.29,2.23,80446796.0,181738725.0,16:29:15,2026-07-30
sz000728,国元证券,7.31,0.02,0.274,7.3,7.31,7.29,7.27,7.37,7.23,31062815.0,227227897.0,16:29:30,2026-07-30
sz000729,燕京啤酒,12.83,0.06,0.47,12.82,12.83,12.77,12.73,13.07,12.64,29642500.0,381667523.0,16:29:45,2026-07-30
sz000731,四川美丰,5.81,-0.06,-1.022,5.81,5.82,5.87,5.87,5.94,5.8,6839468.0,40053744.0,16:30:00,2026-07-30
sz000733,振华科技,40.81,0.42,1.04,40.8,40.81,40.39,40.24,41.64,39.34,20953287.0,848656515.0,16:29:15,2026-07-30
sz000735,罗 牛 山,5.21,0.13,2.559,5.2,5.21,5.08,5.07,5.23,5.05,32039891.0,166132703.0,16:29:30,2026-07-30
sz000736,中交发展,4.32,-0.08,-1.818,4.32,4.33,4.4,4.28,4.56,4.22,35045776.0,154945139.0,16:29:45,2026-07-30
sz000737,北方铜业,12.98,-0.28,-2.112,12.97,12.98,13.26,13.42,13.44,12.95,39605366.0,521936211.0,16:30:00,2026-07-30
sz000738,航发控制,18.36,-0.07,-0.38,18.36,18.37,18.43,18.39,18.58,18.23,11501888.0,211828719.0,16:29:15,2026-07-30
sz000739,普洛药业,20.02,-0.64,-3.098,20.02,20.03,20.66,20.67,20.78,19.81,16062291.0,323214354.0,16:29:30,2026-07-30
sz000750,国海证券,3.83,0.0,0.0,3.83,3.84,3.83,3.81,3.86,3.79,57843486.0,221712378.0,16:29:45,2026-07-30
sz000751,锌业股份,4.34,-0.12,-2.691,4.34,4.35,4.46,4.42,4.5,4.3,41395580.0,181639908.0,16:30:00,2026-07-30
sz000752,*ST西发,7.98,-0.03,-0.375,7.98,7.99,8.01,8.02,8.2,7.94,2826301.0,22728147.0,16:29:15,2026-07-30
sz000753,漳州发展,4.64,-0.01,-0.215,4.64,4.65,4.65,4.63,4.74,4.61,24941355.0,116734621.0,16:29:30,2026-07-30
sz000755,山西高速,4.67,0.0,0.0,4.66,4.67,4.67,4.67,4.72,4.62,3941848.0,18429104.0,16:29:45,2026-07-30
sz000756,新华制药,13.51,-0.16,-1.17,13.51,13.52,13.67,13.58,13.75,13.42,8179694.0,110996517.0,16:30:00,2026-07-30
sz000757,浩物股份,3.65,-0.03,-0.815,3.64,3.65,3.68,3.67,3.73,3.62,12561400.0,46176576.0,16:29:15,2026-07-30
sz000758,中色股份,5.9,0.02,0.34,5.89,5.9,5.88,5.86,5.98,5.82,27121128.0,160150969.0,16:29:30,2026-07-30
sz000759,中百集团,6.66,-0.48,-6.723,6.66,6.67,7.14,6.9,7.22,6.66,112098903.0,773877803.0,16:29:45,2026-07-30
sz000761,本钢板材,2.33,0.01,0.431,2.33,2.34,2.32,2.31,2.39,2.3,15179800.0,35625278.0,16:30:00,2026-07-30
sz000762,西藏矿业,22.42,0.04,0.179,22.41,22.42,22.38,22.29,22.78,22.15,15337223.0,344764511.0,16:29:15,2026-07-30
sz000766,通化金马,16.55,0.19,1.161,16.54,16.55,16.36,16.35,16.91,16.22,18049860.0,298518330.0,16:29:30,2026-07-30
sz000767,晋控电力,3.59,-0.17,-4.521,3.59,3.6,3.76,3.71,3.76,3.57,156741714.0,571488228.0,16:29:45,2026-07-30
sz000768,中航西飞,20.96,-0.02,-0.095,20.96,20.97,20.98,20.85,21.13,20.81,18781644.0,393963284.0,16:30:00,2026-07-30
sz000776,广发证券,21.2,-0.48,-2.214,21.2,21.21,21.68,21.38,21.78,20.86,72514528.0,1548953002.0,16:29:15,2026-07-30
sz000777,中核科技,17.07,-0.19,-1.101,17.07,17.08,17.26,17.16,17.39,16.87,9782892.0,167845672.0,16:29:30,2026-07-30
sz000778,新兴铸管,3.85,0.02,0.522,3.84,3.85,3.83,3.81,3.9,3.81,65338545.0,252157744.0,16:29:45,2026-07-30
sz000779,甘咨询,11.96,-0.24,-1.967,11.96,11.97,12.2,12.2,12.62,11.96,76721615.0,941542101.0,16:30:00,2026-07-30
sz000782,恒申新材,6.33,-0.26,-3.945,6.33,6.34,6.59,6.56,6.63,6.22,12180868.0,77641564.0,16:29:15,2026-07-30
sz000783,长江证券,8.57,-0.03,-0.349,8.56,8.57,8.6,8.49,8.7,8.47,91843700.0,788346861.0,16:29:30,2026-07-30
sz000785,居然智家,2.26,0.01,0.444,2.25,2.26,2.25,2.21,2.3,2.2,87799125.0,197971401.0,16:29:45,2026-07-30
sz000786,北新建材,20.41,0.05,0.246,20.4,20.41,20.36,20.3,20.65,20.1,18013955.0,366879408.0,16:30:00,2026-07-30
sz000788,北大医药,5.13,-0.07,-1.346,5.13,5.14,5.2,5.2,5.28,5.09,13084300.0,67711991.0,16:29:15,2026-07-30
sz000789,万年青,4.07,0.04,0.993,4.06,4.07,4.03,4.03,4.13,4.01,8421919.0,34336207.0,16:29:30,2026-07-30
sz000790,华神科技,3.73,-0.02,-0.533,3.72,3.73,3.75,3.74,3.8,3.7,14451814.0,54237720.0,16:29:45,2026-07-30
sz000791,甘肃能源,7.78,-0.03,-0.384,7.78,7.79,7.81,7.83,8.02,7.7,29979229.0,235648213.0,16:30:00,2026-07-30
sz000792,盐湖股份,27.86,0.24,0.869,27.86,27.87,27.62,27.6,28.26,27.33,78663403.0,2190461545.0,16:29:15,2026-07-30
sz000793,*ST华闻,0.0,0.0,0.0,0.0,0.0,2.19,0.0,0.0,0.0,0.0,0.0,16:29:30,2026-07-30
sz000795,英洛华,8.39,0.02,0.239,8.38,8.39,8.37,8.3,8.47,8.28,12767752.0,107243628.0,16:29:45,2026-07-30
sz000796,凯撒旅业,3.73,0.0,0.0,3.73,3.74,3.73,3.73,3.88,3.71,42078800.0,160281992.0,16:30:00,2026-07-30
sz000797,中国武夷,2.32,-0.01,-0.429,2.32,2.33,2.33,2.32,2.38,2.3,22071404.0,51712635.0,16:29:15,2026-07-30
sz000798,中水渔业,7.87,0.01,0.127,7.86,7.87,7.86,7.79,8.01,7.79,7118000.0,56343848.0,16:29:30,2026-07-30
sz000799,酒鬼酒,40.71,1.67,4.278,40.71,40.72,39.04,38.79,42.48,38.77,21342127.0,874271852.0,16:29:45,2026-07-30
sz000800,一汽解放,6.48,0.11,1.727,6.48,6.49,6.37,6.35,6.49,6.35,18782037.0,121064311.0,16:30:00,2026-07-30
sz000801,四川九洲,11.55,0.22,1.942,11.54,11.55,11.33,11.3,11.68,11.22,17628894.0,203541743.0,16:29:15,2026-07-30
sz000802,北京文化,3.85,-0.22,-5.405,3.85,3.86,4.07,3.91,4.1,3.78,91860072.0,362205860.0,16:29:30,2026-07-30
sz000803,山高环能,6.56,-0.04,-0.606,6.56,6.57,6.6,6.58,6.72,6.53,9184936.0,60776540.0,16:29:45,2026-07-30
sz000807,云铝股份,26.5,0.35,1.338,26.49,26.5,26.15,26.53,27.57,26.5,94357211.0,2537737569.0,16:30:00,2026-07-30
sz000809,和展能源,3.11,-0.05,-1.582,3.11,3.12,3.16,3.15,3.21,3.08,15166000.0,47644145.0,16:29:15,2026-07-30
sz000810,创维数字,9.2,-0.16,-1.709,9.19,9.2,9.36,9.31,9.46,9.13,23886199.0,222171983.0,16:29:30,2026-07-30
sz000811,冰轮环境,33.46,-3.72,-10.005,0.0,33.46,37.18,36.52,37.0,33.46,46631613.0,1612299746.0,16:29:45,2026-07-30
sz000812,陕西金叶,3.49,0.12,3.561,3.48,3.49,3.37,3.34,3.69,3.32,41130840.0,144331329.0,16:30:00,2026-07-30
sz000813,德展健康,3.27,-0.05,-1.506,3.27,3.28,3.32,3.31,3.36,3.24,25598749.0,84581015.0,16:29:15,2026-07-30
sz000815,美利云,13.8,-1.2,-8.0,13.79,13.8,15.0,14.73,15.09,13.7,84303664.0,1200633538.0,16:29:30,2026-07-30
sz000816,智慧农业,2.55,-0.02,-0.778,2.55,2.56,2.57,2.57,2.63,2.54,32073435.0,83086968.0,16:29:45,2026-07-30
sz000818,航锦科技,12.05,-0.42,-3.368,12.05,12.06,12.47,12.35,12.55,12.03,19982769.0,245053716.0,16:30:00,2026-07-30
sz000819,岳阳兴长,12.02,0.13,1.093,12.02,12.03,11.89,11.89,12.5,11.81,7050956.0,86284662.0,16:29:15,2026-07-30
sz000820,神雾节能,3.2,0.29,9.966,3.2,0.0,2.91,3.2,3.2,3.2,672800.0,2152960.0,16:29:30,2026-07-30
sz000821,ST京机,6.93,-0.08,-1.141,6.93,6.94,7.01,6.97,7.08,6.86,6915204.0,48261135.0,16:29:45,2026-07-30
sz000822,山东海化,4.21,-0.01,-0.237,4.2,4.21,4.22,4.2,4.28,4.16,12772005.0,53886966.0,16:30:00,2026-07-30
sz000823,超声电子,12.21,-0.91,-6.936,12.21,12.22,13.12,12.92,13.13,12.05,56000858.0,701271988.0,16:29:15,2026-07-30
sz000825,太钢不锈,3.63,0.02,0.554,3.63,3.64,3.61,3.6,3.69,3.6,35584350.0,129594299.0,16:29:30,2026-07-30
sz000826,*ST启环,1.57,0.04,2.614,1.57,1.58,1.53,1.58,1.65,1.46,60060412.0,92921038.0,16:29:45,2026-07-30
sz000828,东莞控股,10.07,0.07,0.7,10.07,10.08,10.0,9.97,10.13,9.95,7795337.0,78417766.0,16:30:00,2026-07-30
sz000829,天音控股,8.49,-0.09,-1.049,8.49,8.5,8.58,8.69,8.75,8.43,24237426.0,208545273.0,16:29:15,2026-07-30
sz000830,鲁西化工,12.73,-0.11,-0.857,12.72,12.73,12.84,12.8,13.0,12.58,28556794.0,364415379.0,16:29:30,2026-07-30
sz000831,中国稀土,47.4,-0.63,-1.312,47.4,47.41,48.03,47.7,48.38,46.83,17130910.0,815516861.0,16:29:45,2026-07-30
sz000833,粤桂股份,18.73,-0.67,-3.454,18.73,18.74,19.4,19.3,19.57,18.73,18685262.0,355991709.0,16:30:00,2026-07-30
sz000837,秦川机床,9.13,-0.13,-1.404,9.13,9.14,9.26,9.19,9.38,9.09,12952780.0,119526059.0,16:29:15,2026-07-30
sz000838,*ST发展,2.27,0.0,0.0,2.26,2.27,2.27,2.23,2.35,2.22,24078101.0,54820972.0,16:29:30,2026-07-30
sz000839,国安股份,2.69,-0.13,-4.61,2.69,2.7,2.82,2.64,2.75,2.57,187442650.0,503338376.0,16:29:45,2026-07-30
sz000848,承德露露,9.1,0.23,2.593,9.1,9.11,8.87,8.84,9.14,8.76,37328124.0,336869471.0,16:30:00,2026-07-30
sz000850,华茂股份,3.96,-0.05,-1.247,3.96,3.97,4.01,3.99,4.05,3.94,6715200.0,26850743.0,16:29:15,2026-07-30
sz000852,石化机械,5.19,-0.01,-0.192,5.19,5.2,5.2,5.2,5.28,5.15,10452863.0,54530882.0,16:29:30,2026-07-30
sz000856,冀东装备,7.4,0.04,0.543,7.39,7.4,7.36,7.45,7.49,7.26,4392600.0,32498588.0,16:29:45,2026-07-30
sz000858,五 粮 液,78.56,3.39,4.51,78.55,78.56,75.17,75.1,78.84,75.01,72903867.0,5681290332.0,16:30:00,2026-07-30
sz000859,国风新材,8.37,0.5,6.353,8.37,8.38,7.87,7.76,8.66,7.71,77479430.0,646554232.0,16:29:15,2026-07-30
sz000860,顺鑫农业,11.13,0.29,2.675,11.12,11.13,10.84,10.84,11.29,10.79,16852691.0,187571390.0,16:29:30,2026-07-30
sz000862,银星能源,5.51,-0.22,-3.839,5.5,5.51,5.73,5.64,5.72,5.43,49929703.0,278354414.0,16:29:45,2026-07-30
sz000863,三湘印象,3.63,-0.22,-5.714,3.63,3.64,3.85,3.82,3.92,3.59,17501200.0,65175213.0,16:30:00,2026-07-30
sz000868,安凯客车,3.64,0.04,1.111,3.64,3.65,3.6,3.62,3.7,3.58,12084100.0,44090501.0,16:29:15,2026-07-30
sz000869,张 裕Ａ,17.8,0.34,1.947,17.79,17.8,17.46,17.4,17.88,17.35,1768181.0,31391161.0,16:29:30,2026-07-30
sz000875,电投绿能,5.44,0.12,2.256,5.43,5.44,5.32,5.26,5.46,5.2,80163118.0,431121124.0,16:29:45,2026-07-30
sz000876,新 希 望,7.0,0.1,1.449,6.99,7.0,6.9,6.89,7.1,6.87,37095511.0,259357743.0,16:30:00,2026-07-30
sz000877,天山股份,3.82,0.08,2.139,3.81,3.82,3.74,3.74,3.83,3.73,17664900.0,67170391.0,16:29:15,2026-07-30
sz000878,云南铜业,15.62,0.09,0.58,15.62,15.63,15.53,15.54,15.78,15.31,33801426.0,527242642.0,16:29:30,2026-07-30
sz000880,潍柴重机,21.24,-0.37,-1.712,21.24,21.25,21.61,21.48,21.75,21.13,8119740.0,174013022.0,16:29:45,2026-07-30
sz000881,中广核技,6.35,-0.02,-0.314,6.35,6.36,6.37,6.33,6.43,6.32,7426400.0,47294365.0,16:30:00,2026-07-30
sz000882,华联股份,1.4,-0.01,-0.709,1.39,1.4,1.41,1.41,1.45,1.39,75464800.0,107283291.0,16:29:15,2026-07-30
sz000883,湖北能源,4.76,0.04,0.847,4.76,4.77,4.72,4.71,4.77,4.69,27546610.0,130408937.0,16:29:30,2026-07-30
sz000885,城发环境,12.94,0.17,1.331,12.94,12.95,12.77,12.75,12.95,12.71,5378815.0,69193012.0,16:29:45,2026-07-30
sz000886,海南高速,4.57,0.03,0.661,4.56,4.57,4.54,4.55,4.64,4.5,15725452.0,72051722.0,16:30:00,2026-07-30
sz000887,中鼎股份,16.8,-0.22,-1.293,16.8,16.81,17.02,16.8,17.15,16.59,20549827.0,346071724.0,16:29:15,2026-07-30
sz000888,峨眉山Ａ,9.64,0.03,0.312,9.64,9.65,9.61,9.6,9.92,9.58,10863300.0,106006804.0,16:29:30,2026-07-30
sz000889,中嘉博创,3.45,-0.22,-5.995,3.44,3.45,3.67,3.66,3.67,3.44,51440200.0,181988605.0,16:29:45,2026-07-30
sz000890,法尔胜,6.35,-0.3,-4.511,6.35,6.36,6.65,6.66,6.8,6.29,16055200.0,104304535.0,16:30:00,2026-07-30
sz000892,欢瑞世纪,3.35,-0.16,-4.558,3.34,3.35,3.51,3.48,3.69,3.3,136858799.0,478041835.0,16:29:15,2026-07-30
sz000893,亚钾国际,52.3,0.97,1.89,52.29,52.3,51.33,51.6,54.75,51.46,21438529.0,1141524849.0,16:29:30,2026-07-30
sz000895,双汇发展,26.85,0.78,2.992,26.84,26.85,26.07,26.06,26.87,26.0,16669098.0,444324396.0,16:29:45,2026-07-30
sz000897,津滨发展,1.74,-0.01,-0.571,1.74,1.75,1.75,1.74,1.79,1.73,26497500.0,46467572.0,16:30:00,2026-07-30
sz000898,鞍钢股份,2.07,0.02,0.976,2.07,2.08,2.05,2.05,2.1,2.04,38448890.0,79654534.0,16:29:15,2026-07-30
sz000899,赣能股份,10.83,-0.12,-1.096,10.83,10.84,10.95,10.75,11.03,10.68,20717769.0,224669600.0,16:29:30,2026-07-30
sz000900,现代投资,3.76,0.02,0.535,3.76,3.77,3.74,3.74,3.78,3.73,12395961.0,46557985.0,16:29:45,2026-07-30
sz000901,航天科技,13.87,-0.18,-1.281,13.87,13.88,14.05,13.99,14.18,13.74,13840650.0,193428899.0,16:30:00,2026-07-30
sz000902,新洋丰,13.91,0.15,1.09,13.89,13.91,13.76,13.74,14.04,13.69,9929689.0,138102157.0,16:29:15,2026-07-30
sz000903,ST云动,1.71,-0.03,-1.724,1.7,1.71,1.74,1.73,1.76,1.7,16693600.0,28866833.0,16:29:30,2026-07-30
sz000905,厦门港务,8.43,-0.05,-0.59,8.42,8.43,8.48,8.43,8.57,8.38,11129000.0,94271826.0,16:29:45,2026-07-30
sz000906,浙商中拓,5.41,0.0,0.0,5.41,5.42,5.41,5.38,5.47,5.36,5658268.0,30700816.0,16:30:00,2026-07-30
sz000908,石药景峰,5.86,-0.29,-4.715,5.86,5.87,6.15,6.11,6.16,5.81,24470502.0,145798108.0,16:29:15,2026-07-30
sz000909,*ST数源,4.24,-0.14,-3.196,4.24,4.25,4.38,4.35,4.55,4.16,7337700.0,31738261.0,16:29:30,2026-07-30
sz000910,大亚圣象,5.07,0.02,0.396,5.07,5.08,5.05,5.06,5.17,5.03,5224600.0,26698703.0,16:29:45,2026-07-30
sz000911,*ST广糖,4.11,-0.08,-1.909,4.1,4.11,4.19,4.19,4.23,4.1,2993700.0,12454138.0,16:30:00,2026-07-30
sz000912,泸天化,3.61,-0.03,-0.824,3.61,3.62,3.64,3.63,3.7,3.59,20636574.0,75143418.0,16:29:15,2026-07-30
sz000913,钱江摩托,12.16,0.8,7.042,12.16,12.17,11.36,11.35,12.3,11.25,14132080.0,168751801.0,16:29:30,2026-07-30
sz000915,华特达因,25.79,0.27,1.058,25.78,25.79,25.52,25.48,26.1,25.36,3608901.0,93315189.0,16:29:45,2026-07-30
sz000917,电广传媒,6.81,0.03,0.442,6.8,6.81,6.78,6.75,7.01,6.74,31089550.0,213888176.0,16:30:00,2026-07-30
sz000919,金陵药业,6.19,-0.06,-0.96,6.19,6.2,6.25,6.22,6.31,6.14,10966600.0,68280267.0,16:29:15,2026-07-30
sz000920,沃顿科技,10.5,-0.75,-6.667,10.5,10.51,11.25,11.17,11.22,10.44,19872700.0,213648224.0,16:29:30,2026-07-30
sz000921,海信家电,27.15,0.66,2.492,27.13,27.15,26.49,26.48,27.32,26.26,14951222.0,402507008.0,16:29:45,2026-07-30
sz000922,佳电股份,10.83,0.07,0.651,10.83,10.84,10.76,10.65,11.04,10.64,12624462.0,137157707.0,16:30:00,2026-07-30
sz000923,河钢资源,14.74,-0.26,-1.733,14.73,14.74,15.0,15.0,15.25,14.6,13862064.0,207027242.0,16:29:15,2026-07-30
sz000925,众合科技,6.81,-0.12,-1.732,6.81,6.82,6.93,7.05,7.05,6.79,20251450.0,139382903.0,16:29:30,2026-07-30
sz000926,福星股份,2.07,-0.04,-1.896,2.07,2.08,2.11,2.09,2.15,2.07,26366980.0,55508728.0,16:29:45,2026-07-30
sz000927,中国铁物,2.53,0.03,1.2,2.52,2.53,2.5,2.5,2.55,2.49,42684369.0,107732037.0,16:30:00,2026-07-30
sz000928,中钢国际,5.16,0.03,0.585,5.16,5.17,5.13,5.11,5.19,5.1,17243946.0,88687913.0,16:29:15,2026-07-30
sz000929,兰州黄河,8.08,0.06,0.748,8.07,8.08,8.02,8.03,8.49,7.91,4777456.0,38938861.0,16:29:30,2026-07-30
sz000930,中粮科技,4.74,0.08,1.717,4.73,4.74,4.66,4.64,4.76,4.63,19516146.0,91877912.0,16:29:45,2026-07-30
sz000931,中 关 村,3.79,-0.39,-9.33,3.79,3.8,4.18,4.17,4.23,3.76,28115128.0,109927053.0,16:30:00,2026-07-30
sz000932,华菱钢铁,3.98,0.06,1.531,3.97,3.98,3.92,3.9,4.01,3.89,104096879.0,413330347.0,16:29:15,2026-07-30
sz000933,神火股份,26.36,0.61,2.369,26.36,26.37,25.75,26.2,26.96,26.14,67433988.0,1784969502.0,16:29:30,2026-07-30
sz000935,四川双马,21.4,-1.1,-4.889,21.4,21.42,22.5,22.45,22.83,20.9,8259585.0,179319226.0,16:29:45,2026-07-30
sz000936,华西股份,5.06,0.03,0.596,5.05,5.06,5.03,5.03,5.1,4.99,13111028.0,66263864.0,16:30:00,2026-07-30
sz000937,冀中能源,4.75,-0.03,-0.628,4.74,4.75,4.78,4.79,4.83,4.72,18485830.0,88331114.0,16:29:15,2026-07-30
sz000938,紫光股份,33.6,-3.73,-9.992,0.0,33.6,37.33,35.0,35.95,33.6,253945439.0,8755283400.0,16:29:30,2026-07-30
sz000948,南天信息,15.38,0.92,6.362,15.38,15.39,14.46,14.41,15.91,14.12,55988900.0,866775948.0,16:29:45,2026-07-30
sz000949,新乡化纤,5.89,-0.08,-1.34,5.89,5.9,5.97,5.91,5.99,5.8,30634856.0,180666516.0,16:30:00,2026-07-30
sz000950,重药控股,5.44,0.01,0.184,5.43,5.44,5.43,5.41,5.5,5.36,23570500.0,128041239.0,16:29:15,2026-07-30
sz000951,中国重汽,23.71,0.48,2.066,23.7,23.71,23.23,23.09,23.88,22.92,13580108.0,318737623.0,16:29:30,2026-07-30
sz000952,广济药业,5.44,-0.07,-1.27,5.44,5.45,5.51,5.47,5.63,5.4,7778800.0,42875720.0,16:29:45,2026-07-30
sz000953,中哲精化,5.29,-0.09,-1.673,5.29,5.3,5.38,5.36,5.47,5.28,5797800.0,31077255.0,16:30:00,2026-07-30
sz000955,欣龙控股,3.79,-0.07,-1.813,3.78,3.79,3.86,3.87,3.97,3.75,11870800.0,45648082.0,16:29:15,2026-07-30
sz000957,中通客车,10.59,0.19,1.827,10.58,10.59,10.4,10.39,10.69,10.33,15397339.0,162464417.0,16:29:30,2026-07-30
sz000958,电投产融,5.42,-0.01,-0.184,5.42,5.43,5.43,5.42,5.48,5.4,15114433.0,82158260.0,16:29:45,2026-07-30
sz000959,首钢股份,3.89,-0.03,-0.765,3.88,3.89,3.92,3.85,4.0,3.83,41701585.0,163742980.0,16:30:00,2026-07-30
sz000960,锡业股份,31.46,-0.54,-1.688,31.46,31.47,32.0,32.06,32.78,30.58,48557552.0,1533408759.0,16:29:15,2026-07-30
sz000962,东方钽业,41.05,-4.26,-9.402,41.05,41.08,45.31,44.91,45.85,40.78,25403231.0,1074522271.0,16:29:30,2026-07-30
sz000963,华东医药,29.49,0.24,0.821,29.48,29.49,29.25,29.2,29.85,29.11,18277760.0,538257567.0,16:29:45,2026-07-30
sz000965,天保基建,3.12,-0.01,-0.319,3.11,3.12,3.13,3.1,3.18,3.09,13704720.0,42986541.0,16:30:00,2026-07-30
sz000966,长源电力,4.27,-0.04,-0.928,4.27,4.28,4.31,4.31,4.34,4.24,46281272.0,198274832.0,16:29:15,2026-07-30
sz000967,盈峰环境,7.14,-0.37,-4.927,7.14,7.15,7.51,7.49,7.63,7.1,95744457.0,699079069.0,16:29:30,2026-07-30
sz000968,蓝焰控股,6.98,0.12,1.749,6.97,6.98,6.86,6.95,7.15,6.82,50780557.0,354078642.0,16:29:45,2026-07-30
sz000969,安泰科技,15.37,-0.59,-3.697,15.36,15.37,15.96,15.86,16.05,15.25,28534009.0,445455787.0,16:30:00,2026-07-30
sz000970,中科三环,12.19,-0.67,-5.21,12.19,12.2,12.86,12.9,13.13,12.18,60262181.0,756975136.0,16:29:15,2026-07-30
sz000972,中基健康,3.24,-0.08,-2.41,3.23,3.24,3.32,3.33,3.37,3.23,9066200.0,29813801.0,16:29:30,2026-07-30
sz000973,佛塑科技,12.2,-0.18,-1.454,12.2,12.21,12.38,12.26,12.57,12.18,31327733.0,387266537.0,16:29:45,2026-07-30
sz000975,山金国际,23.17,0.72,3.207,23.17,23.18,22.45,23.0,24.19,22.85,95785376.0,2242544270.0,16:30:00,2026-07-30
sz000977,浪潮信息,69.08,-5.86,-7.82,69.08,69.09,74.94,73.31,74.9,68.18,91621151.0,6495033070.0,16:29:15,2026-07-30
sz000978,桂林旅游,5.84,0.04,0.69,5.84,5.85,5.8,5.79,6.0,5.76,15749818.0,92778162.0,16:29:30,2026-07-30
sz000980,众泰汽车,1.65,0.01,0.61,1.64,1.65,1.64,1.64,1.72,1.62,149188400.0,248745040.0,16:29:45,2026-07-30
sz000981,山子高科,2.56,-0.01,-0.389,2.55,2.56,2.57,2.55,2.65,2.54,238017523.0,616085856.0,16:30:00,2026-07-30
sz000983,山西焦煤,6.52,0.02,0.308,6.51,6.52,6.5,6.49,6.59,6.46,70415978.0,459953497.0,16:29:15,2026-07-30
sz000985,大庆华科,14.14,-0.1,-0.702,14.11,14.14,14.24,14.25,14.49,13.87,1866800.0,26502851.0,16:29:30,2026-07-30
sz000987,越秀资本,7.79,0.03,0.387,7.78,7.79,7.76,7.72,7.88,7.68,36414544.0,283719029.0,16:29:45,2026-07-30
sz000988,华工科技,91.1,-9.16,-9.136,91.1,91.11,100.26,98.01,99.8,90.23,73503993.0,6868311593.0,16:30:00,2026-07-30
sz000989,九芝堂,8.85,-0.16,-1.776,8.85,8.86,9.01,8.98,9.22,8.84,40475770.0,365146731.0,16:29:15,2026-07-30
sz000990,诚志股份,6.5,0.01,0.154,6.49,6.5,6.49,6.49,6.63,6.37,43059311.0,279862394.0,16:29:30,2026-07-30
sz000993,闽东电力,10.01,-0.01,-0.1,10.01,10.02,10.02,10.08,10.23,9.92,11566366.0,116645845.0,16:29:45,2026-07-30
sz000995,皇台酒业,10.45,0.3,2.956,10.44,10.45,10.15,10.1,11.15,10.05,28976154.0,306518327.0,16:30:00,2026-07-30
sz000997,新 大 陆,18.47,0.86,4.884,18.46,18.47,17.61,17.6,18.96,17.51,43887331.0,812634174.0,16:29:15,2026-07-30
sz000998,隆平高科,8.43,0.16,1.935,8.42,8.43,8.27,8.25,8.45,8.25,17929848.0,150379488.0,16:29:30,2026-07-30
sz000999,华润三九,25.92,0.45,1.767,25.91,25.92,25.47,25.3,26.0,25.3,20187673.0,521476446.0,16:29:45,2026-07-30
sz001201,东瑞股份,11.2,-0.06,-0.533,11.2,11.21,11.26,11.25,11.47,11.1,3604700.0,40685159.0,16:30:00,2026-07-30
sz001202,炬申股份,12.18,-0.14,-1.136,12.18,12.19,12.32,12.24,12.34,12.15,3070678.0,37599548.0,16:29:15,2026-07-30
sz001203,大中矿业,25.97,-0.79,-2.952,25.96,25.99,26.76,26.73,27.01,25.65,13401705.0,351998460.0,16:29:30,2026-07-30
sz001205,盛航股份,13.38,0.12,0.905,13.38,13.39,13.26,13.25,13.99,13.21,6652378.0,91091371.0,16:29:45,2026-07-30
sz001206,依依股份,15.22,-1.14,-6.968,15.22,15.23,16.36,16.2,16.58,15.22,11444912.0,182614998.0,16:30:00,2026-07-30
sz001207,联科科技,14.87,0.05,0.337,14.87,14.88,14.82,14.82,15.26,14.7,3423080.0,51241842.0,16:29:15,2026-07-30
sz001208,华菱线缆,13.16,-0.72,-5.187,13.15,13.16,13.88,13.8,13.86,13.15,19039100.0,255857966.0,16:29:30,2026-07-30
sz001209,洪兴股份,15.6,0.0,0.0,15.56,15.6,15.6,15.6,15.91,15.32,1749200.0,27388482.0,16:29:45,2026-07-30
sz001210,金房能源,16.94,-0.64,-3.641,16.93,16.94,17.58,17.46,17.85,16.86,4699635.0,81341362.0,16:30:00,2026-07-30
sz001211,双枪科技,18.37,-0.44,-2.339,18.37,18.4,18.81,18.86,19.15,18.08,3008884.0,55924639.0,16:29:15,2026-07-30
sz001212,中旗新材,31.15,-2.11,-6.344,31.15,31.16,33.26,32.94,33.38,31.15,5447460.0,174209960.0,16:29:30,2026-07-30
sz001213,中铁特货,3.58,0.02,0.562,3.58,3.59,3.56,3.55,3.6,3.54,8155164.0,29135515.0,16:29:45,2026-07-30
sz001215,千味央厨,30.55,-1.17,-3.689,30.55,30.56,31.72,32.02,32.2,30.5,2292271.0,71724314.0,16:30:00,2026-07-30
sz001216,华瓷股份,13.37,-0.16,-1.183,13.37,13.38,13.53,13.42,13.7,13.23,3055900.0,41257474.0,16:29:15,2026-07-30
sz001217,华尔泰,9.91,0.15,1.537,9.89,9.91,9.76,9.77,10.18,9.72,8251400.0,82443288.0,16:29:30,2026-07-30
sz001218,丽臣实业,21.46,-0.24,-1.106,21.45,21.49,21.7,21.53,21.88,21.21,1833100.0,39504750.0,16:29:45,2026-07-30
sz001219,青岛食品,12.41,0.0,0.0,12.39,12.41,12.41,12.31,12.6,12.26,3626441.0,45184077.0,16:30:00,2026-07-30
sz001220,世盟股份,29.35,0.22,0.755,29.33,29.35,29.13,29.14,29.65,29.1,970303.0,28563641.0,16:29:15,2026-07-30
sz001221,悍高集团,41.67,2.01,5.068,41.67,41.68,39.66,39.49,42.77,39.07,4663741.0,194379020.0,16:29:30,2026-07-30
sz001222,源飞宠物,14.05,0.02,0.143,14.05,14.07,14.03,13.96,14.52,13.95,7488840.0,106842652.0,16:29:45,2026-07-30
sz001223,欧克科技,29.89,-1.61,-5.111,29.89,29.9,31.5,31.8,31.8,29.88,2047348.0,62826977.0,16:30:00,2026-07-30
sz001225,和泰机电,43.66,3.97,10.003,43.66,0.0,39.69,39.67,43.66,39.2,1832300.0,77704473.0,16:29:15,2026-07-30
sz001226,拓山重工,36.85,-3.08,-7.713,36.85,36.86,39.93,39.94,40.18,36.8,860636.0,32837113.0,16:29:30,2026-07-30
sz001227,兰州银行,2.22,0.04,1.835,2.21,2.22,2.18,2.18,2.23,2.17,118008128.0,260481425.0,16:29:45,2026-07-30
sz001228,永泰运,26.86,0.15,0.562,26.84,26.86,26.71,26.47,27.04,26.47,861800.0,23097451.0,16:30:00,2026-07-30
sz001229,魅视科技,31.49,-3.5,-10.003,0.0,31.49,34.99,34.67,34.92,31.49,5095900.0,166368010.0,16:29:15,2026-07-30
sz001230,劲旅环境,16.51,-0.76,-4.401,16.51,16.52,17.27,17.27,17.42,16.45,4864099.0,81977698.0,16:29:30,2026-07-30
sz001231,农心科技,18.34,0.31,1.719,18.33,18.34,18.03,18.06,18.59,18.0,1774600.0,32541468.0,16:29:45,2026-07-30
sz001233,海安集团,44.51,1.17,2.7,44.5,44.51,43.34,43.29,44.86,43.0,1978957.0,87355722.0,16:30:00,2026-07-30
sz001234,泰慕士,19.4,0.11,0.57,19.39,19.4,19.29,19.29,19.97,19.19,1490000.0,29102168.0,16:29:15,2026-07-30
sz001236,弘业期货,7.62,0.1,1.33,7.61,7.62,7.52,7.46,7.69,7.42,15415841.0,117306426.0,16:29:30,2026-07-30
sz001237,惠康科技,52.08,-0.77,-1.457,52.05,52.08,52.85,52.7,53.65,51.85,1969391.0,103663962.0,16:29:45,2026-07-30
sz001238,浙江正特,24.19,0.38,1.596,24.19,24.2,23.81,23.99,24.34,23.61,491120.0,11841502.0,16:30:00,2026-07-30
sz001239,永达股份,10.87,-0.17,-1.54,10.86,10.87,11.04,11.04,11.25,10.78,4484604.0,49306767.0,16:29:15,2026-07-30
sz001248,华润新能,13.07,-0.87,-6.241,13.07,13.08,13.94,13.69,13.78,13.04,187471454.0,2502668504.0,16:29:30,2026-07-30
sz001255,博菲电气,22.75,-0.29,-1.259,22.75,22.8,23.04,23.04,23.4,22.51,1183500.0,27183570.0,16:29:45,2026-07-30
sz001256,炜冈科技,21.82,-0.88,-3.877,21.82,21.83,22.7,22.64,22.71,21.8,2505690.0,55440869.0,16:30:00,2026-07-30
sz001257,盛龙股份,23.51,-0.4,-1.673,23.51,23.52,23.91,23.81,24.98,23.32,12877525.0,308568565.0,16:29:15,2026-07-30
sz001258,立新能源,12.35,0.74,6.374,12.35,12.36,11.61,11.85,12.46,11.21,186889464.0,2245060921.0,16:29:30,2026-07-30
sz001259,利仁科技,38.97,-2.85,-6.815,38.96,38.97,41.82,42.02,42.99,38.21,1690298.0,67441132.0,16:29:45,2026-07-30
sz001260,坤泰股份,15.2,-0.26,-1.682,15.2,15.22,15.46,15.49,15.72,14.94,1260000.0,19357175.0,16:30:00,2026-07-30
sz001266,宏英智能,28.88,-1.84,-5.99,28.85,28.88,30.72,30.59,30.59,28.65,2662200.0,78421452.0,16:29:15,2026-07-30
sz001267,汇绿生态,27.11,-3.01,-9.993,0.0,27.11,30.12,29.57,30.32,27.11,37194354.0,1035829668.0,16:29:30,2026-07-30
sz001268,联合精密,16.23,-1.02,-5.913,16.23,16.28,17.25,17.37,17.49,16.23,3104040.0,51908267.0,16:29:45,2026-07-30
sz001269,欧晶科技,18.63,0.86,4.84,18.63,18.64,17.77,17.82,18.96,17.73,5331140.0,98883737.0,16:30:00,2026-07-30
sz001270,铖昌科技,88.05,-7.17,-7.53,88.05,88.07,95.22,95.12,96.88,87.88,8553867.0,777514477.0,16:29:15,2026-07-30
sz001277,速达股份,26.69,0.01,0.037,26.69,26.71,26.68,26.68,27.33,26.22,1047300.0,28165979.0,16:29:30,2026-07-30
sz001278,一彬科技,13.96,-0.14,-0.993,13.92,13.96,14.1,14.5,14.51,13.79,2546800.0,36094597.0,16:29:45,2026-07-30
sz001279,强邦新材,24.73,0.99,4.17,24.73,24.74,23.74,23.6,25.57,23.6,2550602.0,63131524.0,16:30:00,2026-07-30
sz001280,中国铀业,59.73,-0.87,-1.436,59.73,59.74,60.6,60.5,60.92,59.0,4885088.0,293604032.0,16:29:15,2026-07-30
sz001282,三联锻造,15.01,-0.09,-0.596,14.99,15.01,15.1,15.02,15.47,14.9,3219596.0,48749883.0,16:29:30,2026-07-30
sz001283,豪鹏科技,41.81,-2.04,-4.652,41.8,41.81,43.85,43.61,43.61,41.7,2434620.0,103784499.0,16:29:45,2026-07-30
sz001285,瑞立科密,40.79,0.56,1.392,40.79,40.84,40.23,40.0,41.13,40.0,1373480.0,55888465.0,16:30:00,2026-07-30
sz001286,陕西能源,10.5,0.02,0.191,10.5,10.51,10.48,10.43,10.57,10.37,25001300.0,261812870.0,16:29:15,2026-07-30
sz001287,中电港,20.37,-0.62,-2.954,20.37,20.38,20.99,20.71,20.98,20.08,22529373.0,462478629.0,16:29:30,2026-07-30
sz001288,运机集团,25.27,-0.32,-1.25,25.27,25.28,25.59,25.42,25.58,24.56,3140764.0,78481537.0,16:29:45,2026-07-30
sz001289,龙源电力,16.42,0.15,0.922,16.42,16.43,16.27,16.26,16.47,16.15,5712923.0,93417155.0,16:30:00,2026-07-30
sz001296,长江材料,16.78,-0.2,-1.178,16.78,16.79,16.98,17.09,17.27,16.62,1969412.0,33412838.0,16:29:15,2026-07-30
sz001298,好上好,15.62,-0.47,-2.921,15.62,15.63,16.09,15.9,16.06,15.6,6887064.0,108842018.0,16:29:30,2026-07-30
sz001299,美能能源,9.52,-0.09,-0.937,9.5,9.52,9.61,9.62,9.74,9.36,2390437.0,22810396.0,16:29:45,2026-07-30
sz001300,三柏硕,9.8,-0.35,-3.448,9.79,9.8,10.15,10.2,10.3,9.75,2814310.0,28117412.0,16:30:00,2026-07-30
sz001301,尚太科技,56.5,1.35,2.448,56.48,56.5,55.15,54.79,56.98,53.32,6550440.0,361254585.0,16:29:15,2026-07-30
sz001306,夏厦精密,47.19,-0.22,-0.464,47.16,47.19,47.41,47.45,48.25,46.5,675100.0,32017195.0,16:29:30,2026-07-30
sz001308,康冠科技,17.14,-0.11,-0.638,17.13,17.14,17.25,17.08,17.34,16.97,2418887.0,41570366.0,16:29:45,2026-07-30
sz001309,德明利,390.04,35.46,10.001,390.04,0.0,354.58,359.33,390.04,352.0,30638735.0,11365746076.0,16:30:00,2026-07-30
sz001311,多利科技,15.69,-0.31,-1.938,15.69,15.7,16.0,16.27,16.27,15.61,5666423.0,89933465.0,16:29:15,2026-07-30
sz001312,福恩股份,17.52,0.01,0.057,17.51,17.53,17.51,17.51,17.85,17.4,2757100.0,48562411.0,16:29:30,2026-07-30
sz001313,粤海饲料,7.1,0.0,0.0,7.09,7.1,7.1,7.05,7.2,7.04,13655300.0,97175727.0,16:29:45,2026-07-30
sz001314,亿道信息,44.54,-3.48,-7.247,44.53,44.54,48.02,47.6,47.95,44.22,7050858.0,322463921.0,16:30:00,2026-07-30
sz001316,润贝航科,24.73,-0.79,-3.096,24.72,24.73,25.52,25.44,25.84,24.63,1842560.0,46228924.0,16:29:15,2026-07-30
sz001317,三羊马,50.87,-1.63,-3.105,50.85,50.87,52.5,52.54,53.11,50.39,7212852.0,373081905.0,16:29:30,2026-07-30
sz001318,阳光乳业,10.65,-0.45,-4.054,10.65,10.69,11.1,11.22,11.45,10.6,16333055.0,179100304.0,16:29:45,2026-07-30
sz001319,铭科精技,18.22,-0.02,-0.11,18.21,18.22,18.24,18.08,18.61,17.97,1914300.0,35061864.0,16:30:00,2026-07-30
sz001322,箭牌家居,6.11,0.03,0.493,6.11,6.12,6.08,6.03,6.17,6.01,4492800.0,27383340.0,16:29:15,2026-07-30
sz001323,慕思股份,17.77,0.6,3.494,17.77,17.78,17.17,17.17,18.04,16.62,9751249.0,170295405.0,16:29:30,2026-07-30
sz001324,长青科技,18.61,-0.34,-1.794,18.57,18.61,18.95,18.83,19.05,18.15,1753000.0,32577136.0,16:29:45,2026-07-30
sz001325,元创股份,35.6,0.51,1.453,35.59,35.6,35.09,34.79,36.1,34.79,1040400.0,37100735.0,16:30:00,2026-07-30
sz001326,联域股份,42.17,-1.98,-4.485,42.14,42.17,44.15,44.37,44.98,41.74,1489140.0,64055935.0,16:29:15,2026-07-30
sz001328,登康口腔,31.83,-0.25,-0.779,31.82,31.83,32.08,32.08,33.06,31.7,3358600.0,108946844.0,16:29:30,2026-07-30
sz001330,博纳影业,4.61,-0.19,-3.958,4.61,4.62,4.8,4.75,4.9,4.57,70479665.0,332177698.0,16:29:45,2026-07-30
sz001331,胜通能源,37.1,-1.6,-4.134,37.08,37.1,38.7,38.58,40.15,36.31,10294289.0,389632547.0,16:30:00,2026-07-30
sz001332,锡装股份,29.29,-0.62,-2.073,29.29,29.3,29.91,29.91,30.15,29.11,1405440.0,41644311.0,16:29:15,2026-07-30
sz001333,光华股份,17.69,-0.24,-1.339,17.65,17.69,17.93,17.93,18.14,17.51,1412449.0,25084163.0,16:29:30,2026-07-30
sz001335,信凯科技,29.36,-0.58,-1.937,29.36,29.37,29.94,29.94,30.24,29.2,815157.0,24227406.0,16:29:45,2026-07-30
sz001336,楚环科技,16.18,-0.04,-0.247,16.18,16.2,16.22,16.25,16.63,15.75,1789330.0,28935468.0,16:30:00,2026-07-30
sz001337,四川黄金,38.91,-0.08,-0.205,38.9,38.91,38.99,39.77,41.36,38.9,24577847.0,984974467.0,16:29:15,2026-07-30
sz001338,永顺泰,8.68,0.02,0.231,8.67,8.68,8.66,8.62,8.83,8.6,5303100.0,46264577.0,16:29:30,2026-07-30
sz001339,智微智能,63.36,-5.28,-7.692,63.36,63.39,68.64,68.28,68.71,62.32,10949253.0,710179404.0,16:29:45,2026-07-30
sz001356,富岭股份,8.36,-0.06,-0.713,8.36,8.37,8.42,8.42,8.54,8.29,4691300.0,39548599.0,16:30:00,2026-07-30
sz001358,兴欣新材,24.28,-2.7,-10.007,0.0,24.28,26.98,25.37,28.35,24.28,11630982.0,302572509.0,16:29:15,2026-07-30
sz001359,平安电工,69.7,-7.74,-9.995,0.0,69.7,77.44,76.08,78.06,69.7,5965020.0,427592429.0,16:29:30,2026-07-30
sz001360,南矿集团,13.89,-0.34,-2.389,13.88,13.89,14.23,14.17,14.47,13.81,3046076.0,43033789.0,16:29:45,2026-07-30
sz001365,天海电子,35.0,-1.22,-3.368,35.0,35.01,36.22,35.99,36.77,34.86,5870268.0,209061122.0,16:30:00,2026-07-30
sz001366,播恩集团,10.75,0.02,0.186,10.73,10.75,10.73,10.76,11.06,10.61,3421900.0,37094240.0,16:29:15,2026-07-30
sz001367,海森药业,17.47,-0.48,-2.674,17.47,17.48,17.95,17.87,18.1,17.4,1182642.0,20953251.0,16:29:30,2026-07-30
sz001368,通达创智,19.6,-0.36,-1.804,19.51,19.6,19.96,19.89,20.25,19.4,1446700.0,28613624.0,16:29:45,2026-07-30
sz001369,双欣材料,12.85,0.06,0.469,12.85,12.86,12.79,12.71,12.96,12.62,11315660.0,145126872.0,16:30:00,2026-07-30
sz001373,翔腾新材,24.69,-0.33,-1.319,24.69,24.71,25.02,25.03,25.67,24.22,1872600.0,46689618.0,16:29:15,2026-07-30
sz001376,百通能源,11.15,-0.21,-1.849,11.15,11.16,11.36,11.13,11.45,11.13,34086464.0,384679316.0,16:29:30,2026-07-30
sz001378,德冠新材,16.06,-0.3,-1.834,16.05,16.06,16.36,16.3,16.49,15.88,3805270.0,61588662.0,16:29:45,2026-07-30
sz001379,腾达科技,14.67,-0.17,-1.146,14.65,14.67,14.84,14.85,15.0,14.53,1688600.0,24989724.0,16:30:00,2026-07-30
sz001380,华纬科技,15.73,0.01,0.064,15.73,15.75,15.72,15.63,16.01,15.6,1590132.0,25204506.0,16:29:15,2026-07-30
sz001382,新亚电缆,17.06,-0.96,-5.327,17.06,17.07,18.02,17.6,17.86,17.01,8158704.0,141162247.0,16:29:30,2026-07-30
sz001386,马可波罗,15.18,0.2,1.335,15.17,15.18,14.98,14.91,15.28,14.87,4716606.0,71410301.0,16:29:45,2026-07-30
sz001387,雪祺电气,11.37,-0.11,-0.958,11.36,11.37,11.48,11.44,11.75,11.27,3630194.0,41722473.0,16:30:00,2026-07-30
sz001388,信通电子,19.45,-1.24,-5.993,19.45,19.46,20.69,20.32,20.69,19.2,8483107.0,168086834.0,16:29:15,2026-07-30
sz001389,广合科技,131.4,-14.6,-10.0,0.0,131.4,146.0,145.5,147.56,131.4,8887800.0,1199143160.0,16:29:30,2026-07-30
sz001390,古麒绒材,17.58,-0.12,-0.678,17.58,17.64,17.7,17.81,17.88,17.5,879278.0,15569543.0,16:29:45,2026-07-30
sz001391,国货航,4.35,0.01,0.23,4.35,4.36,4.34,4.32,4.39,4.29,29563800.0,128291362.0,16:30:00,2026-07-30
sz001393,维通利,42.67,-0.35,-0.814,42.66,42.67,43.02,42.83,43.83,42.26,2836022.0,121951663.0,16:29:15,2026-07-30
sz001395,亚联机械,27.6,-0.64,-2.266,27.6,27.62,28.24,28.04,28.91,27.39,4210608.0,118555350.0,16:29:30,2026-07-30
sz001396,誉帆科技,31.92,0.11,0.346,31.91,31.92,31.81,31.86,33.0,31.46,1369686.0,44312275.0,16:29:45,2026-07-30
sz001399,惠科股份,22.04,-2.18,-9.001,22.04,22.05,24.22,23.82,24.24,21.81,56908497.0,1302940337.0,16:30:00,2026-07-30
sz001400,江顺科技,61.2,-4.32,-6.593,61.16,61.25,65.52,65.22,66.14,61.05,1569065.0,98586814.0,16:29:15,2026-07-30
sz001696,宗申动力,13.82,-0.72,-4.952,13.81,13.82,14.54,14.39,14.54,13.57,54474502.0,761675396.0,16:29:30,2026-07-30
sz001872,招商港口,22.2,0.55,2.54,22.19,22.2,21.65,21.66,22.2,21.51,3572985.0,78438113.0,16:29:45,2026-07-30
sz001896,豫能控股,11.84,-1.32,-10.03,0.0,11.84,13.16,13.01,13.21,11.84,107021893.0,1321985959.0,16:30:00,2026-07-30
sz001914,招商积余,9.15,0.08,0.882,9.14,9.15,9.07,9.05,9.24,9.02,6049000.0,55320897.0,16:29:15,2026-07-30
sz001965,招商公路,10.7,0.14,1.326,10.69,10.7,10.56,10.55,10.71,10.5,19257177.0,204829248.0,16:29:30,2026-07-30
sz001979,招商蛇口,7.02,-0.13,-1.818,7.01,7.02,7.15,7.14,7.31,6.94,88851503.0,631737552.0,16:29:45,2026-07-30
sz002001,新 和 成,30.52,0.22,0.726,30.51,30.52,30.3,30.15,30.88,30.0,29049508.0,884830821.0,16:30:00,2026-07-30
sz002003,伟星股份,10.87,0.04,0.369,10.86,10.87,10.83,10.77,11.0,10.75,20356940.0,221872936.0,16:29:15,2026-07-30
sz002004,华邦健康,4.4,0.05,1.149,4.39,4.4,4.35,4.33,4.42,4.33,21108000.0,92560514.0,16:29:30,2026-07-30
sz002005,德豪润达,2.18,-0.03,-1.357,2.18,2.19,2.21,2.19,2.27,2.18,14848040.0,32859014.0,16:29:45,2026-07-30
sz002006,精工科技,13.12,-0.19,-1.427,13.12,13.13,13.31,13.2,13.45,12.98,8404437.0,111099104.0,16:30:00,2026-07-30
sz002007,华兰生物,13.48,0.22,1.659,13.48,13.49,13.26,13.22,13.54,13.22,14770370.0,197912549.0,16:29:15,2026-07-30
sz002008,大族激光,81.9,-9.1,-10.0,0.0,81.9,91.0,89.08,90.75,81.9,53839385.0,4528444977.0,16:29:30,2026-07-30
sz002009,天奇股份,15.97,-0.53,-3.212,15.96,15.97,16.5,16.33,16.54,15.89,11476800.0,185452010.0,16:29:45,2026-07-30
sz002010,传化智联,4.79,0.07,1.483,4.78,4.79,4.72,4.7,4.81,4.69,24455900.0,116588284.0,16:30:00,2026-07-30
sz002011,盾安环境,10.54,0.02,0.19,10.54,10.55,10.52,10.52,10.68,10.44,10939536.0,115711940.0,16:29:15,2026-07-30
sz002012,凯恩股份,5.33,-0.13,-2.381,5.33,5.34,5.46,5.46,5.56,5.29,14478400.0,78516179.0,16:29:30,2026-07-30
sz002014,永新股份,11.05,0.25,2.315,11.04,11.05,10.8,10.82,11.11,10.81,4129820.0,45522612.0,16:29:45,2026-07-30
sz002015,协鑫能科,13.71,-0.46,-3.246,13.71,13.72,14.17,14.06,14.39,13.66,50822764.0,708927832.0,16:30:00,2026-07-30
sz002016,世荣兆业,4.25,0.03,0.711,4.23,4.25,4.22,4.21,4.33,4.19,10696943.0,45568536.0,16:29:15,2026-07-30
sz002017,东信和平,13.38,0.08,0.602,13.38,13.39,13.3,13.26,13.66,13.17,15555068.0,209729461.0,16:29:30,2026-07-30
sz002019,亿帆医药,10.23,-0.01,-0.098,10.22,10.23,10.24,10.16,10.36,10.11,8909283.0,91188196.0,16:29:45,2026-07-30
sz002020,京新药业,13.6,-0.28,-2.017,13.59,13.6,13.88,13.78,14.05,13.53,13345025.0,183490467.0,16:30:00,2026-07-30
sz002021,中捷资源,2.5,-0.06,-2.344,2.5,2.51,2.56,2.55,2.61,2.49,33925502.0,85991823.0,16:29:15,2026-07-30
sz002022,科华生物,5.05,0.0,0.0,5.05,5.06,5.05,5.01,5.13,5.0,5242310.0,26586411.0,16:29:30,2026-07-30
sz002023,海特高新,9.09,-0.01,-0.11,9.08,9.09,9.1,9.07,9.25,8.9,21910250.0,198894054.0,16:29:45,2026-07-30
sz002024,ST易购,1.19,-0.01,-0.833,1.19,1.2,1.2,1.19,1.21,1.18,29224782.0,34906674.0,16:30:00,2026-07-30
sz002025,航天电器,57.16,-3.92,-6.418,57.16,57.17,61.08,61.0,61.35,54.97,19114377.0,1100888758.0,16:29:15,2026-07-30
sz002026,山东威达,9.61,-0.19,-1.939,9.6,9.61,9.8,9.73,9.9,9.61,6327522.0,61680339.0,16:29:30,2026-07-30
sz002027,分众传媒,5.62,0.15,2.742,5.61,5.62,5.47,5.45,5.64,5.45,216088177.0,1206991180.0,16:29:45,2026-07-30
sz002028,思源电气,154.1,-11.56,-6.978,154.1,154.11,165.66,165.0,165.9,154.03,10944929.0,1730813932.0,16:30:00,2026-07-30
sz002029,七 匹 狼,8.04,-0.01,-0.124,8.04,8.05,8.05,8.03,8.28,7.96,21488070.0,174295920.0,16:29:15,2026-07-30
sz002030,达安基因,5.34,-0.11,-2.018,5.33,5.34,5.45,5.44,5.47,5.31,21879781.0,117783872.0,16:29:30,2026-07-30
sz002031,巨轮智能,4.7,-0.07,-1.468,4.7,4.71,4.77,4.7,4.82,4.68,51104200.0,242663030.0,16:29:45,2026-07-30
sz002032,苏 泊 尔,44.94,2.2,5.147,44.94,44.95,42.74,43.0,44.94,42.69,4457782.0,196456575.0,16:30:00,2026-07-30
sz002033,丽江股份,8.59,0.01,0.117,8.59,8.6,8.58,8.58,8.74,8.56,17478800.0,151381478.0,16:29:15,2026-07-30
sz002034,旺能环境,14.25,0.05,0.352,14.25,14.26,14.2,14.12,14.46,14.11,7435434.0,106310094.0,16:29:30,2026-07-30
sz002035,华帝股份,4.87,0.04,0.828,4.87,4.88,4.83,4.8,4.91,4.8,10148000.0,49410828.0,16:29:45,2026-07-30
sz002036,联创电子,6.88,-0.35,-4.841,6.87,6.88,7.23,7.25,7.95,6.88,115051656.0,856771366.0,16:30:00,2026-07-30
sz002037,保利联合,6.53,-0.19,-2.827,6.53,6.54,6.72,6.66,6.7,6.45,22118910.0,144523232.0,16:29:15,2026-07-30
sz002038,双鹭药业,5.38,-0.11,-2.004,5.38,5.39,5.49,5.45,5.6,5.36,34326701.0,187541754.0,16:29:30,2026-07-30
sz002039,黔源电力,20.04,0.14,0.704,20.04,20.05,19.9,19.87,20.33,19.85,9002874.0,180684294.0,16:29:45,2026-07-30
sz002040,南 京 港,8.06,-0.03,-0.371,8.05,8.06,8.09,8.05,8.18,8.0,6066718.0,49082886.0,16:30:00,2026-07-30
sz002041,登海种业,8.66,0.13,1.524,8.66,8.67,8.53,8.51,8.75,8.5,15785411.0,136675451.0,16:29:15,2026-07-30
sz002042,华孚时尚,3.64,-0.04,-1.087,3.63,3.64,3.68,3.65,3.71,3.61,24468700.0,89608960.0,16:29:30,2026-07-30
sz002043,兔 宝 宝,13.58,-0.15,-1.092,13.57,13.58,13.73,13.59,13.99,13.45,16310232.0,223168502.0,16:29:45,2026-07-30
sz002044,美年健康,4.5,-0.05,-1.099,4.5,4.51,4.55,4.51,4.65,4.47,73928369.0,336783717.0,16:30:00,2026-07-30
sz002045,国光电器,8.16,-0.32,-3.774,8.15,8.16,8.48,8.55,8.7,8.13,54726603.0,454726666.0,16:29:15,2026-07-30
sz002046,国机精工,40.77,-4.53,-10.0,0.0,40.77,45.3,45.61,46.2,40.77,15556303.0,662665382.0,16:29:30,2026-07-30
sz002047,宝鹰股份,3.03,-0.16,-5.016,3.03,3.04,3.19,3.17,3.22,3.0,26395200.0,81918740.0,16:29:45,2026-07-30
sz002048,宁波华翔,17.69,-0.52,-2.856,17.68,17.69,18.21,18.11,18.34,17.61,17815311.0,319165744.0,16:30:00,2026-07-30
sz002049,紫光国微,64.7,-0.16,-0.247,64.7,64.71,64.86,64.12,65.8,63.48,23908445.0,1544530001.0,16:29:15,2026-07-30
sz002050,三花智控,35.46,-0.56,-1.555,35.45,35.46,36.02,35.65,36.23,35.2,47521928.0,1695794691.0,16:29:30,2026-07-30
sz002051,中工国际,8.97,-0.06,-0.664,8.96,8.97,9.03,8.85,9.07,8.79,32171268.0,288071064.0,16:29:45,2026-07-30
sz002052,同洲电子,8.42,-0.41,-4.643,8.42,8.43,8.83,8.83,8.92,8.42,10408100.0,89633845.0,16:30:00,2026-07-30
sz002053,云南能投,9.51,-0.04,-0.419,9.5,9.51,9.55,9.52,9.66,9.42,7787100.0,74325306.0,16:29:15,2026-07-30
sz002054,德美化工,6.75,-0.15,-2.174,6.74,6.75,6.9,6.85,7.0,6.65,22707953.0,154375230.0,16:29:30,2026-07-30
sz002055,ST得润,5.07,-0.23,-4.34,5.07,5.08,5.3,5.24,5.27,5.06,15069100.0,77910291.0,16:29:45,2026-07-30
sz002056,横店东磁,20.15,-0.73,-3.496,20.15,20.16,20.88,20.65,21.1,19.77,37468836.0,762850932.0,16:30:00,2026-07-30
sz002057,中钢天源,7.92,-0.07,-0.876,7.91,7.92,7.99,7.91,8.07,7.79,25904260.0,205404152.0,16:29:15,2026-07-30
sz002058,威尔泰,14.76,-0.74,-4.774,14.76,14.77,15.5,15.5,15.66,14.61,2798100.0,42096466.0,16:29:30,2026-07-30
sz002059,云南旅游,4.39,0.04,0.92,4.39,4.4,4.35,4.33,4.47,4.33,13995000.0,61925501.0,16:29:45,2026-07-30
sz002060,广东建工,3.32,0.03,0.912,3.31,3.32,3.29,3.27,3.33,3.27,15568000.0,51574362.0,16:30:00,2026-07-30
sz002061,浙江交科,3.64,0.01,0.275,3.64,3.65,3.63,3.61,3.66,3.6,17068089.0,62132760.0,16:29:15,2026-07-30
sz002062,宏润建设,7.4,-0.09,-1.202,7.39,7.4,7.49,7.46,7.57,7.29,14487500.0,107304866.0,16:29:30,2026-07-30
sz002063,远光软件,5.39,-0.03,-0.554,5.39,5.4,5.42,5.4,5.5,5.38,28023049.0,152480679.0,16:29:45,2026-07-30
sz002064,华峰化学,11.15,-0.07,-0.624,11.14,11.15,11.22,11.12,11.68,10.95,60975867.0,686311672.0,16:30:00,2026-07-30
sz002065,东华软件,6.88,-0.04,-0.578,6.88,6.89,6.92,6.86,7.04,6.83,41535990.0,288021191.0,16:29:15,2026-07-30
sz002066,瑞泰科技,19.98,-0.58,-2.821,19.97,19.98,20.56,20.56,20.61,19.88,3406900.0,68479658.0,16:29:30,2026-07-30
sz002067,景兴纸业,4.16,-0.12,-2.804,4.16,4.17,4.28,4.26,4.28,4.16,56913164.0,239974610.0,16:29:45,2026-07-30
sz002068,黑猫股份,7.3,-0.06,-0.815,7.3,7.31,7.36,7.3,7.65,7.29,31860910.0,236162237.0,16:30:00,2026-07-30
sz002069,獐子岛,3.13,0.02,0.643,3.13,3.14,3.11,3.09,3.18,3.08,9295701.0,29136667.0,16:29:15,2026-07-30
sz002072,凯瑞德,6.67,-0.02,-0.299,6.66,6.67,6.69,6.64,6.78,6.58,6375999.0,42465620.0,16:29:30,2026-07-30
sz002073,软控股份,5.84,0.19,3.363,5.83,5.84,5.65,5.67,5.86,5.66,27595221.0,159677067.0,16:29:45,2026-07-30
sz002074,国轩高科,28.68,0.39,1.379,28.68,28.69,28.29,27.95,28.97,27.9,40286851.0,1154177255.0,16:30:00,2026-07-30
sz002075,沙钢股份,3.67,0.04,1.102,3.67,3.68,3.63,3.63,3.73,3.61,35115928.0,129203607.0,16:29:15,2026-07-30
sz002076,星光股份,1.9,-0.03,-1.554,1.9,1.91,1.93,1.93,1.99,1.9,31281304.0,60731706.0,16:29:30,2026-07-30
sz002077,大港股份,11.25,-0.36,-3.101,11.25,11.26,11.61,11.52,11.62,11.15,29409126.0,334473984.0,16:29:45,2026-07-30
sz002078,太阳纸业,14.66,0.14,0.964,14.65,14.66,14.52,14.58,14.83,14.46,18669800.0,273621269.0,16:30:00,2026-07-30
sz002079,苏州固锝,8.72,-0.29,-3.219,8.71,8.72,9.01,9.0,9.0,8.68,43116077.0,380668279.0,16:29:15,2026-07-30
sz002080,中材科技,42.33,-1.29,-2.957,42.33,42.34,43.62,43.55,44.62,40.48,68750608.0,2930889802.0,16:29:30,2026-07-30
sz002081,金 螳 螂,3.65,-0.08,-2.145,3.65,3.66,3.73,3.73,3.81,3.6,106464069.0,393765689.0,16:29:45,2026-07-30
sz002082,ST万邦,9.35,-0.83,-8.153,9.33,9.35,10.18,10.16,10.48,9.28,20008604.0,199170949.0,16:30:00,2026-07-30
sz002083,孚日股份,11.26,-0.62,-5.219,11.26,11.27,11.88,11.44,11.9,11.12,116898969.0,1339629255.0,16:29:15,2026-07-30
sz002084,海鸥住工,3.37,-0.07,-2.035,3.37,3.38,3.44,3.43,3.52,3.35,15188909.0,52105324.0,16:29:30,2026-07-30
sz002085,万丰奥威,10.55,0.2,1.932,10.54,10.55,10.35,10.28,10.6,10.26,32998762.0,346724325.0,16:29:45,2026-07-30
sz002086,东方海洋,1.78,-0.02,-1.111,1.78,1.79,1.8,1.8,1.84,1.77,34324600.0,62112817.0,16:30:00,2026-07-30
sz002088,鲁阳节能,7.19,-0.02,-0.277,7.19,7.2,7.21,7.15,7.32,7.11,3661800.0,26433667.0,16:29:15,2026-07-30
sz002090,金智科技,9.56,0.3,3.24,9.55,9.56,9.26,9.29,9.9,9.26,21860494.0,211600057.0,16:29:30,2026-07-30
sz002091,江苏国泰,7.95,0.21,2.713,7.94,7.95,7.74,7.75,7.98,7.71,15982012.0,126166447.0,16:29:45,2026-07-30
sz002092,中泰化学,4.44,0.0,0.0,4.44,4.45,4.44,4.44,4.52,4.38,56640200.0,251567001.0,16:30:00,2026-07-30
sz002093,国脉科技,6.83,0.07,1.036,6.82,6.83,6.76,6.74,6.92,6.71,16394600.0,112221245.0,16:29:15,2026-07-30
sz002094,青岛金王,4.58,0.02,0.439,4.58,4.59,4.56,4.56,4.71,4.51,26324700.0,122097334.0,16:29:30,2026-07-30
sz002095,生 意 宝,13.81,0.21,1.544,13.8,13.81,13.6,13.6,14.07,13.57,3886932.0,54068645.0,16:29:45,2026-07-30
sz002096,易普力,9.57,0.19,2.026,9.57,9.58,9.38,9.4,9.66,9.39,8488980.0,81171622.0,16:30:00,2026-07-30
sz002097,山河智能,7.17,0.02,0.28,7.17,7.18,7.15,7.14,7.28,7.1,17680196.0,127151301.0,16:29:15,2026-07-30
sz002098,浔兴股份,6.52,-0.04,-0.61,6.52,6.53,6.56,6.55,6.68,6.49,2638300.0,17372250.0,16:29:30,2026-07-30
sz002099,海翔药业,5.43,-0.04,-0.731,5.42,5.43,5.47,5.41,5.5,5.35,16302223.0,88340456.0,16:29:45,2026-07-30
sz002100,天康生物,7.2,0.17,2.418,7.19,7.2,7.03,7.01,7.26,6.99,21304034.0,152292314.0,16:30:00,2026-07-30
sz002101,广东鸿图,8.97,0.21,2.397,8.96,8.97,8.76,8.75,9.03,8.74,6461963.0,57827290.0,16:29:15,2026-07-30
sz002102,ST能特,2.26,-0.05,-2.165,2.26,2.27,2.31,2.29,2.31,2.25,12306300.0,28022808.0,16:29:30,2026-07-30
sz002103,广博股份,6.42,0.08,1.262,6.41,6.42,6.34,6.26,6.55,6.26,11795600.0,76068825.0,16:29:45,2026-07-30
sz002104,恒宝股份,10.12,0.04,0.397,10.12,10.13,10.08,9.99,10.4,9.93,38576054.0,393507286.0,16:30:00,2026-07-30
sz002105,信隆健康,5.23,-0.02,-0.381,5.22,5.23,5.25,5.23,5.33,5.13,8056701.0,42176410.0,16:29:15,2026-07-30
sz002106,莱宝高科,9.72,-0.09,-0.917,9.72,9.73,9.81,9.68,9.86,9.52,22002903.0,213500568.0,16:29:30,2026-07-30
sz002107,沃华医药,5.95,-0.09,-1.49,5.95,5.96,6.04,6.02,6.15,5.92,10472160.0,63037865.0,16:29:45,2026-07-30
sz002108,沧州明珠,4.33,0.0,0.0,4.33,4.34,4.33,4.3,4.4,4.29,25111873.0,109254271.0,16:30:00,2026-07-30
sz002109,ST兴化,2.54,-0.02,-0.781,2.54,2.55,2.56,2.57,2.59,2.53,6054151.0,15537235.0,16:29:15,2026-07-30
sz002110,三钢闽光,3.2,0.1,3.226,3.19,3.2,3.1,3.1,3.24,3.09,40700753.0,130210468.0,16:29:30,2026-07-30
sz002111,威海广泰,9.48,-0.02,-0.211,9.47,9.48,9.5,9.43,9.59,9.33,8359080.0,79203928.0,16:29:45,2026-07-30
sz002112,三变科技,16.58,0.39,2.409,16.58,16.59,16.19,16.16,17.06,15.82,45142087.0,738076506.0,16:30:00,2026-07-30
sz002114,罗平锌电,6.4,-0.08,-1.235,6.4,6.41,6.48,6.48,6.63,6.37,7233500.0,46829468.0,16:29:15,2026-07-30
sz002115,三维通信,10.21,-0.49,-4.579,10.21,10.22,10.7,10.58,10.98,10.16,61094243.0,641639352.0,16:29:30,2026-07-30
sz002116,中国海诚,7.02,0.03,0.429,7.02,7.03,6.99,7.01,7.1,6.95,3497120.0,24609152.0,16:29:45,2026-07-30
sz002117,东港股份,7.88,0.01,0.127,7.88,7.89,7.87,7.81,8.03,7.81,7364900.0,58557499.0,16:30:00,2026-07-30
sz002119,康强电子,19.2,-1.74,-8.309,19.2,19.21,20.94,20.61,20.85,19.07,36285464.0,720041737.0,16:29:15,2026-07-30
sz002120,韵达股份,6.89,0.06,0.878,6.89,6.9,6.83,6.82,6.94,6.8,34413953.0,236612242.0,16:29:30,2026-07-30
sz002121,科陆电子,4.96,0.02,0.405,4.95,4.96,4.94,4.92,5.05,4.88,30953750.0,153690247.0,16:29:45,2026-07-30
sz002122,ST汇洲,2.33,-0.04,-1.688,2.33,2.34,2.37,2.36,2.38,2.32,13199100.0,31024245.0,16:30:00,2026-07-30
sz002123,梦网科技,7.92,-0.32,-3.883,7.92,7.93,8.24,8.23,8.37,7.9,28526000.0,231023454.0,16:29:15,2026-07-30
sz002124,天邦食品,2.19,0.0,0.0,2.18,2.19,2.19,2.18,2.25,2.17,57216201.0,126300901.0,16:29:30,2026-07-30
sz002125,湘潭电化,12.24,0.02,0.164,12.23,12.24,12.22,12.11,12.35,12.07,19306767.0,236349152.0,16:29:45,2026-07-30
sz002126,银轮股份,37.08,-2.63,-6.623,37.08,37.1,39.71,39.07,39.87,36.6,32613584.0,1222725620.0,16:30:00,2026-07-30
sz002127,南极电商,3.05,-0.02,-0.651,3.04,3.05,3.07,3.05,3.13,3.03,43726464.0,134440581.0,16:29:15,2026-07-30
sz002128,电投能源,27.1,0.34,1.271,27.1,27.11,26.76,26.79,27.48,26.7,17429743.0,470665822.0,16:29:30,2026-07-30
sz002129,TCL中环,8.85,0.23,2.668,8.84,8.85,8.62,8.52,8.96,8.52,141391569.0,1239226417.0,16:29:45,2026-07-30
sz002130,沃尔核材,17.09,0.61,3.701,17.09,17.1,16.48,16.2,17.35,16.12,59850800.0,1018314062.0,16:30:00,2026-07-30
sz002131,利欧股份,4.24,0.15,3.667,4.23,4.24,4.09,4.06,4.5,4.04,918200445.0,3973950197.0,16:29:15,2026-07-30
sz002132,恒星科技,3.73,-0.28,-6.983,3.73,3.74,4.01,3.99,4.02,3.72,76897108.0,295623499.0,16:29:30,2026-07-30
sz002133,广宇集团,2.48,-0.02,-0.8,2.48,2.49,2.5,2.48,2.56,2.46,11099250.0,27800326.0,16:29:45,2026-07-30
sz002134,天津普林,18.11,-1.28,-6.601,18.11,18.12,19.39,19.17,19.33,17.97,10222516.0,189358805.0,16:30:00,2026-07-30
sz002135,东南网架,5.81,-0.1,-1.692,5.81,5.82,5.91,5.91,6.06,5.77,13740200.0,81298777.0,16:29:15,2026-07-30
sz002136,安 纳 达,11.83,-0.1,-0.838,11.82,11.83,11.93,11.89,12.01,11.47,7230700.0,85212576.0,16:29:30,2026-07-30
sz002137,实益达,7.09,-0.05,-0.7,7.08,7.09,7.14,7.05,7.18,6.9,25213800.0,177176908.0,16:29:45,2026-07-30
sz002138,顺络电子,40.1,-3.05,-7.068,40.09,40.1,43.15,42.79,44.13,39.04,52311024.0,2142911470.0,16:30:00,2026-07-30
sz002139,拓邦股份,9.75,-0.04,-0.409,9.75,9.76,9.79,9.79,9.92,9.72,14092784.0,138343495.0,16:29:15,2026-07-30
sz002140,东华科技,8.91,0.08,0.906,8.91,8.92,8.83,8.82,9.01,8.8,6699320.0,59781498.0,16:29:30,2026-07-30
sz002141,贤丰控股,5.67,-0.63,-10.0,0.0,5.67,6.3,6.4,6.49,5.67,330051077.0,1929020329.0,16:29:45,2026-07-30
sz002142,宁波银行,32.9,0.98,3.07,32.89,32.9,31.92,31.85,32.99,31.83,36001180.0,1172332294.0,16:30:00,2026-07-30
sz002144,宏达高科,9.89,0.02,0.203,9.89,9.9,9.87,9.87,10.03,9.77,5208000.0,51693159.0,16:29:15,2026-07-30
sz002145,钛能化学,4.6,-0.03,-0.648,4.6,4.61,4.63,4.6,4.67,4.57,43054997.0,198818431.0,16:29:30,2026-07-30
sz002146,荣盛发展,1.11,0.0,0.0,1.1,1.11,1.11,1.11,1.14,1.1,112610234.0,125889035.0,16:29:45,2026-07-30
sz002148,北纬科技,6.01,-0.16,-2.593,6.01,6.02,6.17,6.14,6.29,6.0,19015700.0,116575514.0,16:30:00,2026-07-30
sz002149,西部材料,31.26,-0.93,-2.889,31.26,31.27,32.19,31.98,33.58,30.91,27503986.0,886042321.0,16:29:15,2026-07-30
sz002150,正泰电源,19.7,-1.29,-6.146,19.7,19.73,20.99,20.97,20.97,19.7,9614194.0,193732945.0,16:29:30,2026-07-30
sz002151,北斗星通,28.0,-0.05,-0.178,27.99,28.0,28.05,27.89,28.3,27.6,14732662.0,412357786.0,16:29:45,2026-07-30
sz002152,广电运通,9.91,0.04,0.405,9.9,9.91,9.87,9.8,10.05,9.78,32549652.0,323693246.0,16:30:00,2026-07-30
sz002153,石基信息,8.23,0.28,3.522,8.22,8.23,7.95,7.95,8.33,7.92,41346069.0,340107157.0,16:29:15,2026-07-30
sz002154,报 喜 鸟,3.88,0.06,1.571,3.88,3.89,3.82,3.8,3.9,3.79,30294227.0,116945511.0,16:29:30,2026-07-30
sz002155,湖南黄金,22.44,-0.37,-1.622,22.44,22.45,22.81,23.02,23.39,22.32,54834931.0,1256332489.0,16:29:45,2026-07-30
sz002156,通富微电,55.89,-6.21,-10.0,0.0,55.89,62.1,61.07,61.43,55.89,161022815.0,9191320254.0,16:30:00,2026-07-30
sz002157,正邦科技,2.91,0.01,0.345,2.91,2.92,2.9,2.89,2.97,2.89,107295998.0,313903293.0,16:29:15,2026-07-30
sz002158,汉钟精机,23.91,-1.89,-7.326,23.91,23.94,25.8,25.59,25.79,23.77,14842791.0,364831443.0,16:29:30,2026-07-30
sz002159,三特索道,13.02,0.19,1.481,13.01,13.02,12.83,12.8,13.19,12.78,4846029.0,63221603.0,16:29:45,2026-07-30
sz002160,常铝股份,3.72,-0.04,-1.064,3.72,3.73,3.76,3.76,3.83,3.71,19497000.0,73392036.0,16:30:00,2026-07-30
sz002161,远 望 谷,5.16,-0.2,-3.731,5.16,5.17,5.36,5.3,5.4,5.14,19817100.0,104622718.0,16:29:15,2026-07-30
sz002162,悦心健康,3.95,-0.01,-0.253,3.95,3.96,3.96,3.94,4.0,3.92,17570374.0,69661778.0,16:29:30,2026-07-30
sz002163,海南发展,7.88,-0.07,-0.881,7.88,7.89,7.95,7.9,8.24,7.84,29103400.0,233621110.0,16:29:45,2026-07-30
sz002164,宁波东力,10.55,-0.31,-2.855,10.54,10.55,10.86,10.65,10.92,10.47,8919403.0,95049820.0,16:30:00,2026-07-30
sz002165,红 宝 丽,6.3,-0.25,-3.817,6.29,6.3,6.55,6.43,6.56,6.26,72075184.0,460511074.0,16:29:15,2026-07-30
sz002166,莱茵生物,6.51,-0.1,-1.513,6.51,6.52,6.61,6.6,6.68,6.47,14262150.0,93715121.0,16:29:30,2026-07-30
sz002167,东方锆业,14.23,-1.21,-7.837,14.22,14.23,15.44,15.34,15.78,14.08,83617206.0,1228600147.0,16:29:45,2026-07-30
sz002168,ST惠程,3.6,-0.07,-1.907,3.6,3.61,3.67,3.67,3.67,3.57,4467100.0,16176312.0,16:30:00,2026-07-30
sz002169,智光电气,10.4,-0.63,-5.712,10.39,10.4,11.03,10.95,11.11,10.34,24508600.0,262108380.0,16:29:15,2026-07-30
sz002170,芭田股份,11.73,0.08,0.687,11.73,11.74,11.65,11.58,11.84,11.55,17951840.0,210646603.0,16:29:30,2026-07-30
sz002171,楚江新材,9.13,-0.04,-0.436,9.12,9.13,9.17,9.1,9.31,9.01,44825961.0,411264695.0,16:29:45,2026-07-30
sz002172,澳洋健康,3.14,-0.02,-0.633,3.13,3.14,3.16,3.16,3.21,3.1,14772700.0,46597590.0,16:30:00,2026-07-30
sz002173,创新医疗,19.05,-1.43,-6.982,19.05,19.06,20.48,20.18,21.4,18.78,97350789.0,1958464908.0,16:29:15,2026-07-30
sz002174,游族网络,11.05,-0.35,-3.07,11.04,11.05,11.4,11.29,11.66,11.0,30028520.0,340108924.0,16:29:30,2026-07-30
sz002175,*ST东智,2.31,-0.06,-2.532,2.31,2.32,2.37,2.35,2.38,2.3,18734000.0,43837458.0,16:29:45,2026-07-30
sz002176,江特电机,8.16,-0.05,-0.609,8.15,8.16,8.21,8.17,8.32,8.11,54498134.0,447179815.0,16:30:00,2026-07-30
sz002177,御银股份,5.71,0.11,1.964,5.7,5.71,5.6,5.62,6.0,5.61,56583352.0,325908004.0,16:29:15,2026-07-30
sz002178,延华智能,4.36,-0.07,-1.58,4.36,4.37,4.43,4.41,4.51,4.35,12110300.0,53832520.0,16:29:30,2026-07-30
sz002179,中航光电,33.38,-0.29,-0.861,33.38,33.39,33.67,33.33,33.82,32.85,26453752.0,881503682.0,16:29:45,2026-07-30
sz002180,奔图科技,16.2,-0.59,-3.514,16.2,16.21,16.79,16.61,16.62,15.88,15902582.0,257099015.0,16:30:00,2026-07-30
sz002181,粤 传 媒,8.01,-0.18,-2.198,8.01,8.02,8.19,8.15,8.42,7.92,33255157.0,270976978.0,16:29:15,2026-07-30
sz002182,宝武镁业,11.63,-0.19,-1.607,11.63,11.64,11.82,11.77,11.96,11.5,16068217.0,188357113.0,16:29:30,2026-07-30
sz002183,怡 亚 通,4.52,-0.02,-0.441,4.52,4.53,4.54,4.52,4.63,4.48,50098983.0,228122183.0,16:29:45,2026-07-30
sz002184,海得控制,9.51,-0.11,-1.143,9.5,9.51,9.62,9.53,9.73,9.5,6925697.0,66667303.0,16:30:00,2026-07-30
sz002185,华天科技,14.91,-1.66,-10.018,0.0,14.91,16.57,16.31,16.51,14.91,399613735.0,6187454592.0,16:29:15,2026-07-30
sz002186,全 聚 德,9.2,0.08,0.877,9.2,9.21,9.12,9.2,9.47,9.1,8715185.0,81454968.0,16:29:30,2026-07-30
sz002187,广百股份,5.21,0.04,0.774,5.2,5.21,5.17,5.19,5.4,5.12,22715800.0,120062699.0,16:29:45,2026-07-30
sz002188,中天服务,4.7,-0.04,-0.844,4.69,4.7,4.74,4.73,4.85,4.61,10357400.0,49220380.0,16:30:00,2026-07-30
sz002189,中光学,18.15,-0.58,-3.097,18.14,18.15,18.73,18.52,19.06,18.14,4265800.0,79201492.0,16:29:15,2026-07-30
sz002190,成飞集成,22.54,-0.19,-0.836,22.54,22.55,22.73,22.7,23.17,22.46,6363820.0,145242384.0,16:29:30,2026-07-30
sz002191,劲嘉股份,3.76,0.01,0.267,3.76,3.77,3.75,3.72,3.89,3.71,16846562.0,63863207.0,16:29:45,2026-07-30
sz002192,融捷股份,62.77,-2.77,-4.226,62.76,62.77,65.54,65.13,65.45,62.53,15704094.0,1003386022.0,16:30:00,2026-07-30
sz002193,ST如意,3.76,-0.07,-1.828,3.75,3.76,3.83,3.82,3.9,3.71,3854900.0,14615800.0,16:29:15,2026-07-30
sz002194,武汉凡谷,8.67,-0.13,-1.477,8.66,8.67,8.8,8.68,8.85,8.55,15269594.0,133206971.0,16:29:30,2026-07-30
sz002195,岩山科技,6.6,-0.09,-1.345,6.6,6.61,6.69,6.57,6.88,6.56,326842292.0,2202136772.0,16:29:45,2026-07-30
sz002196,方正电机,10.27,0.02,0.195,10.27,10.28,10.25,10.2,10.6,10.1,27622528.0,285845979.0,16:30:00,2026-07-30
sz002197,证通电子,6.11,-0.51,-7.704,6.11,6.12,6.62,6.59,6.61,6.08,65636300.0,412220904.0,16:29:15,2026-07-30
sz002198,ST嘉应,3.23,0.04,1.254,3.22,3.23,3.19,3.16,3.26,3.15,4916700.0,15817597.0,16:29:30,2026-07-30
sz002199,东晶电子,14.24,0.85,6.348,14.24,14.25,13.39,13.26,14.73,13.0,33972048.0,486525233.0,16:29:45,2026-07-30
sz002200,交投生态,6.42,-0.1,-1.534,6.41,6.42,6.52,6.57,6.73,6.38,2785600.0,18245075.0,16:30:00,2026-07-30
sz002201,九鼎新材,7.51,-0.12,-1.573,7.5,7.51,7.63,7.59,7.75,7.44,15476898.0,117354560.0,16:29:15,2026-07-30
sz002202,金风科技,18.01,-0.07,-0.387,18.0,18.01,18.08,18.0,18.35,17.83,82168361.0,1489224969.0,16:29:30,2026-07-30
sz002203,海亮股份,17.25,-0.51,-2.872,17.24,17.25,17.76,17.45,17.6,16.12,50382407.0,852948892.0,16:29:45,2026-07-30
sz002204,大连重工,5.42,0.05,0.931,5.42,5.43,5.37,5.36,5.45,5.35,25055809.0,135554541.0,16:30:00,2026-07-30
sz002205,国统股份,9.57,-0.08,-0.829,9.57,9.58,9.65,9.65,9.85,9.45,2320700.0,22434298.0,16:29:15,2026-07-30
sz002206,海 利 得,5.28,-0.05,-0.938,5.28,5.29,5.33,5.32,5.37,5.25,8378878.0,44524389.0,16:29:30,2026-07-30
sz002207,*ST准油,5.58,-0.08,-1.413,5.57,5.58,5.66,5.71,5.8,5.45,15477500.0,86820873.0,16:29:45,2026-07-30
sz002208,合肥城建,10.71,-1.17,-9.848,10.7,10.71,11.88,11.62,11.66,10.7,77388162.0,860270219.0,16:30:00,2026-07-30
sz002209,达 意 隆,10.47,-0.19,-1.782,10.47,10.48,10.66,10.65,10.82,10.41,3479500.0,37045291.0,16:29:15,2026-07-30
sz002210,飞马国际,2.2,-0.04,-1.786,2.2,2.21,2.24,2.23,2.28,2.2,60722184.0,135709222.0,16:29:30,2026-07-30
sz002211,ST宏达,3.66,-0.3,-7.576,3.66,3.67,3.96,3.99,4.07,3.6,26383011.0,101042419.0,16:29:45,2026-07-30
sz002212,天融信,6.29,-0.31,-4.697,6.28,6.29,6.6,6.41,6.58,6.14,146405358.0,929103157.0,16:30:00,2026-07-30
sz002213,大为股份,25.57,-1.18,-4.411,25.57,25.58,26.75,26.29,27.9,25.05,16155100.0,421998613.0,16:29:15,2026-07-30
sz002214,*ST大立,12.89,-0.37,-2.79,12.89,12.9,13.26,13.27,13.38,12.83,3730620.0,48905279.0,16:29:30,2026-07-30
sz002215,诺 普 信,9.32,0.21,2.305,9.31,9.32,9.11,9.11,9.48,9.05,22668501.0,211670629.0,16:29:45,2026-07-30
sz002216,三全食品,13.41,0.04,0.299,13.4,13.41,13.37,13.38,13.63,13.2,10682514.0,143457187.0,16:30:00,2026-07-30
sz002217,ST合力泰,1.41,-0.02,-1.399,1.4,1.41,1.43,1.42,1.45,1.4,132265100.0,187813638.0,16:29:15,2026-07-30
sz002218,拓日新能,3.89,-0.17,-4.187,3.89,3.9,4.06,4.04,4.1,3.87,94923763.0,377346315.0,16:29:30,2026-07-30
sz002219,新里程,2.04,-0.07,-3.318,2.03,2.04,2.11,2.1,2.12,2.03,96282453.0,199318490.0,16:29:45,2026-07-30
sz002221,东华能源,5.57,0.06,1.089,5.57,5.58,5.51,5.51,5.68,5.47,26011867.0,145297070.0,16:30:00,2026-07-30
sz002222,福晶科技,47.3,-5.26,-10.008,0.0,47.3,52.56,49.94,51.48,47.3,45822368.0,2236929997.0,16:29:15,2026-07-30
sz002223,鱼跃医疗,27.99,0.28,1.01,27.98,27.99,27.71,27.64,28.16,27.56,11713994.0,326785847.0,16:29:30,2026-07-30
sz002224,三 力 士,3.41,-0.04,-1.159,3.41,3.42,3.45,3.44,3.49,3.41,10082500.0,34775242.0,16:29:45,2026-07-30
sz002225,濮耐股份,3.51,-0.04,-1.127,3.51,3.52,3.55,3.53,3.68,3.45,26932923.0,95593426.0,16:30:00,2026-07-30
sz002226,江南化工,4.97,0.09,1.844,4.97,4.98,4.88,4.9,5.01,4.88,26032828.0,128928481.0,16:29:15,2026-07-30
sz002227,*ST特迅,5.89,-0.11,-1.833,5.87,5.89,6.0,5.99,6.04,5.81,1853802.0,10952310.0,16:29:30,2026-07-30
sz002228,合兴包装,3.04,0.0,0.0,3.04,3.05,3.04,3.02,3.1,3.02,21459586.0,65855291.0,16:29:45,2026-07-30
sz002229,鸿博股份,9.71,-0.31,-3.094,9.71,9.72,10.02,9.73,10.08,9.68,30100400.0,297484963.0,16:30:00,2026-07-30
sz002230,科大讯飞,39.87,-0.2,-0.499,39.86,39.87,40.07,39.8,40.66,39.7,32333927.0,1301438250.0,16:29:15,2026-07-30
sz002232,启明信息,13.86,-0.02,-0.144,13.85,13.86,13.88,13.79,14.19,13.75,4554491.0,63897235.0,16:29:30,2026-07-30
sz002233,塔牌集团,7.82,0.21,2.76,7.81,7.82,7.61,7.59,7.84,7.55,12315055.0,94984468.0,16:29:45,2026-07-30
sz002234,民和股份,6.89,-0.01,-0.145,6.89,6.9,6.9,6.91,7.03,6.84,4582700.0,31810226.0,16:30:00,2026-07-30
sz002235,安妮股份,7.3,-0.2,-2.667,7.3,7.31,7.5,7.49,7.8,7.25,30299269.0,227136427.0,16:29:15,2026-07-30
sz002236,大华股份,16.16,-0.26,-1.583,16.15,16.16,16.42,16.3,16.39,16.11,48911268.0,793028328.0,16:29:30,2026-07-30
sz002237,恒邦股份,13.09,-0.12,-0.908,13.08,13.09,13.21,13.3,13.55,12.96,23332204.0,309372305.0,16:29:45,2026-07-30
sz002238,天威视讯,5.91,0.0,0.0,5.9,5.91,5.91,5.86,6.04,5.86,5358600.0,31967917.0,16:30:00,2026-07-30
sz002239,奥特佳,2.55,0.0,0.0,2.55,2.56,2.55,2.54,2.6,2.53,58858752.0,150920583.0,16:29:15,2026-07-30
sz002240,盛新锂能,27.95,-1.13,-3.886,27.95,27.96,29.08,28.87,29.32,27.83,48045795.0,1367262628.0,16:29:30,2026-07-30
sz002241,歌尔股份,23.06,-0.63,-2.659,23.06,23.07,23.69,23.48,23.6,23.01,95696724.0,2218961247.0,16:29:45,2026-07-30
sz002242,九阳股份,9.21,0.05,0.546,9.21,9.22,9.16,9.11,9.3,9.07,12207984.0,112426125.0,16:30:00,2026-07-30
sz002243,力合科创,6.9,-0.01,-0.145,6.89,6.9,6.91,6.85,7.01,6.81,14006512.0,96905262.0,16:29:15,2026-07-30
sz002244,滨江集团,9.47,0.02,0.212,9.46,9.47,9.45,9.45,9.73,9.37,30574308.0,291696659.0,16:29:30,2026-07-30
sz002245,蔚蓝锂芯,15.12,-0.93,-5.794,15.11,15.12,16.05,15.81,16.04,14.68,85470406.0,1307421741.0,16:29:45,2026-07-30
sz002246,北化股份,19.78,-0.5,-2.465,19.78,19.79,20.28,20.15,20.24,19.48,17213607.0,341180685.0,16:30:00,2026-07-30
sz002247,聚力文化,2.09,-0.03,-1.415,2.09,2.1,2.12,2.11,2.17,2.07,25696900.0,54699796.0,16:29:15,2026-07-30
sz002248,华东数控,8.29,-0.11,-1.31,8.29,8.3,8.4,8.49,8.56,8.28,8673700.0,73031706.0,16:29:30,2026-07-30
sz002249,大洋电机,7.25,0.02,0.277,7.25,7.26,7.23,7.18,7.33,7.14,43628990.0,316520332.0,16:29:45,2026-07-30
sz002250,联化科技,15.5,-0.13,-0.832,15.49,15.5,15.63,15.33,15.81,15.28,12014322.0,186555213.0,16:30:00,2026-07-30
sz002251,步步高,3.64,-0.06,-1.622,3.64,3.65,3.7,3.67,3.85,3.63,144272834.0,537535753.0,16:29:15,2026-07-30
sz002252,上海莱士,5.22,0.07,1.359,5.21,5.22,5.15,5.15,5.24,5.13,48667270.0,252555011.0,16:29:30,2026-07-30
sz002253,川大智胜,9.0,0.08,0.897,9.0,9.01,8.92,8.82,9.28,8.82,6879527.0,62812584.0,16:29:45,2026-07-30
sz002254,泰和新材,11.13,-0.37,-3.217,11.13,11.15,11.5,11.43,11.64,11.01,25779886.0,291368848.0,16:30:00,2026-07-30
sz002255,海陆重工,8.27,-0.03,-0.361,8.27,8.28,8.3,8.25,8.41,8.21,15007100.0,124853298.0,16:29:15,2026-07-30
sz002256,兆新股份,3.21,-0.11,-3.313,3.2,3.21,3.32,3.3,3.33,3.2,59885600.0,194479725.0,16:29:30,2026-07-30
sz002258,利尔化学,16.18,1.47,9.993,16.18,0.0,14.71,16.18,16.18,15.38,36862243.0,593390689.0,16:29:45,2026-07-30
sz002259,升达林业,3.53,-0.12,-3.288,3.52,3.53,3.65,3.67,3.67,3.48,14790743.0,52843612.0,16:30:00,2026-07-30
sz002261,拓维信息,24.59,-1.67,-6.359,24.59,24.6,26.26,26.0,26.31,24.52,61354927.0,1555853559.0,16:29:15,2026-07-30
sz002262,恩华药业,22.08,0.08,0.364,22.08,22.09,22.0,21.96,22.46,21.9,13395060.0,297262316.0,16:29:30,2026-07-30
sz002263,大东南,2.87,-0.05,-1.712,2.87,2.88,2.92,2.9,2.94,2.85,49072500.0,141900834.0,16:29:45,2026-07-30
sz002264,新 华 都,6.23,-0.04,-0.638,6.23,6.24,6.27,6.27,6.45,6.22,19289300.0,122132005.0,16:30:00,2026-07-30
sz002265,建设工业,18.28,-0.17,-0.921,18.28,18.29,18.45,18.27,19.22,18.17,24344638.0,453774853.0,16:29:15,2026-07-30
sz002266,浙富控股,4.57,-0.03,-0.652,4.56,4.57,4.6,4.57,4.64,4.5,84873201.0,388221658.0,16:29:30,2026-07-30
sz002267,陕天然气,7.4,0.11,1.509,7.39,7.4,7.29,7.3,7.41,7.27,6924300.0,50959777.0,16:29:45,2026-07-30
sz002268,电科网安,14.1,-0.1,-0.704,14.09,14.1,14.2,14.04,14.48,14.03,12988980.0,185577854.0,16:30:00,2026-07-30
sz002269,美邦服饰,1.38,0.0,0.0,1.38,1.39,1.38,1.37,1.42,1.37,74309077.0,103996837.0,16:29:15,2026-07-30
sz002270,华明装备,20.54,0.65,3.268,20.54,20.55,19.89,19.57,20.77,19.48,40786167.0,829206415.0,16:29:30,2026-07-30
sz002271,东方雨虹,11.94,0.09,0.759,11.93,11.94,11.85,11.79,12.1,11.71,45520906.0,542500473.0,16:29:45,2026-07-30
sz002272,川润股份,12.47,-1.38,-9.964,0.0,12.47,13.85,13.78,13.78,12.47,38068513.0,490738877.0,16:30:00,2026-07-30
sz002273,水晶光电,24.69,-1.66,-6.3,24.69,24.7,26.35,26.2,26.56,24.03,65513445.0,1635447087.0,16:29:15,2026-07-30
sz002274,华昌化工,5.5,-0.05,-0.901,5.49,5.5,5.55,5.49,5.61,5.46,17141999.0,94867614.0,16:29:30,2026-07-30
sz002275,桂林三金,13.27,0.05,0.378,13.27,13.29,13.22,13.2,13.38,13.15,1796035.0,23839339.0,16:29:45,2026-07-30
sz002276,万马股份,10.19,0.13,1.292,10.18,10.19,10.06,9.95,10.34,9.95,27421109.0,279204342.0,16:30:00,2026-07-30
sz002277,友阿股份,5.58,-0.16,-2.787,5.58,5.59,5.74,5.59,5.77,5.51,32487287.0,183207684.0,16:29:15,2026-07-30
sz002278,神开股份,7.58,-0.09,-1.173,7.57,7.58,7.67,7.67,7.8,7.53,9403300.0,71917048.0,16:29:30,2026-07-30
sz002279,久其软件,6.8,0.13,1.949,6.8,6.81,6.67,6.58,7.06,6.5,105619598.0,722092122.0,16:29:45,2026-07-30
sz002281,光迅科技,152.33,-16.93,-10.002,0.0,152.33,169.26,168.01,168.01,152.33,39462888.0,6146684424.0,16:30:00,2026-07-30
sz002282,博深股份,5.73,0.0,0.0,5.73,5.74,5.73,5.72,5.8,5.68,3932400.0,22592933.0,16:29:15,2026-07-30
sz002283,天润工业,7.91,-0.2,-2.466,7.9,7.91,8.11,8.01,8.1,7.77,36210651.0,287665473.0,16:29:30,2026-07-30
sz002284,亚太股份,9.37,-0.14,-1.472,9.37,9.38,9.51,9.48,9.6,9.33,21441581.0,203196132.0,16:29:45,2026-07-30
sz002285,世联行,2.06,-0.03,-1.435,2.06,2.07,2.09,2.08,2.15,2.04,37691796.0,78800031.0,16:30:00,2026-07-30
sz002286,保龄宝,7.91,-0.24,-2.945,7.91,7.92,8.15,7.95,8.17,7.88,22630933.0,181766420.0,16:29:15,2026-07-30
sz002287,奇正藏药,20.9,0.22,1.064,20.88,20.9,20.68,20.68,21.12,20.57,2552345.0,53283854.0,16:29:30,2026-07-30
sz002289,宇顺电子,28.55,-3.17,-9.994,0.0,28.55,31.72,31.72,32.0,28.55,5324577.0,156681647.0,16:29:45,2026-07-30
sz002290,禾盛新材,48.78,-4.72,-8.822,48.78,48.89,53.5,53.99,54.98,48.4,11369836.0,579511504.0,16:30:00,2026-07-30
sz002291,遥望科技,4.92,-0.01,-0.203,4.92,4.93,4.93,4.93,5.08,4.9,33588236.0,167946730.0,16:29:15,2026-07-30
sz002292,奥飞娱乐,7.99,-0.09,-1.114,7.98,7.99,8.08,8.07,8.2,7.9,64731045.0,519637791.0,16:29:30,2026-07-30
sz002293,罗莱生活,11.28,-0.01,-0.089,11.28,11.29,11.29,11.25,11.4,11.15,5685707.0,64106130.0,16:29:45,2026-07-30
sz002294,信立泰,33.15,0.07,0.212,33.15,33.16,33.08,32.89,34.0,32.7,21475752.0,713925320.0,16:30:00,2026-07-30
sz002295,精艺股份,7.91,-0.12,-1.494,7.91,7.92,8.03,8.03,8.17,7.82,2869700.0,22877707.0,16:29:15,2026-07-30
sz002296,辉煌科技,8.82,-0.16,-1.782,8.82,8.83,8.98,8.97,9.03,8.78,8059967.0,71802394.0,16:29:30,2026-07-30
sz002297,博云新材,15.02,-1.18,-7.284,15.02,15.03,16.2,16.11,16.52,14.9,40140460.0,620039594.0,16:29:45,2026-07-30
sz002298,中电鑫龙,8.81,0.04,0.456,8.8,8.81,8.77,9.0,9.21,8.68,143584391.0,1285099290.0,16:30:00,2026-07-30
sz002299,圣农发展,16.7,0.33,2.016,16.69,16.7,16.37,16.32,16.79,16.23,10984608.0,182637098.0,16:29:15,2026-07-30
sz002300,太阳电缆,6.97,-0.3,-4.127,6.96,6.97,7.27,7.01,7.23,6.94,51161912.0,362265020.0,16:29:30,2026-07-30
sz002301,齐心集团,6.43,-0.39,-5.718,6.43,6.44,6.82,6.77,6.85,6.36,25315564.0,166388346.0,16:29:45,2026-07-30
sz002302,西部建设,4.64,0.08,1.754,4.64,4.65,4.56,4.55,4.67,4.54,9458402.0,43827413.0,16:30:00,2026-07-30
sz002303,美盈森,4.29,-0.15,-3.378,4.28,4.29,4.44,4.45,4.62,4.25,73685966.0,325520432.0,16:29:15,2026-07-30
sz002304,洋河股份,42.44,1.95,4.816,42.44,42.45,40.49,40.37,43.05,40.36,18118634.0,766613784.0,16:29:30,2026-07-30
sz002305,*ST南置,1.92,-0.03,-1.538,1.91,1.92,1.95,1.95,1.97,1.91,17146100.0,33176827.0,16:29:45,2026-07-30
sz002306,ST云网,1.66,-0.05,-2.924,1.65,1.66,1.71,1.7,1.73,1.65,10191001.0,17145448.0,16:30:00,2026-07-30
sz002307,北新路桥,2.98,-0.02,-0.667,2.97,2.98,3.0,2.98,3.03,2.95,21513300.0,64334905.0,16:29:15,2026-07-30
sz002309,中利集团,3.19,-0.09,-2.744,3.18,3.19,3.28,3.21,3.33,3.16,293270662.0,949222186.0,16:29:30,2026-07-30
sz002310,东方新能,2.49,-0.13,-4.962,2.49,2.5,2.62,2.58,2.65,2.46,340987817.0,868183939.0,16:29:45,2026-07-30
sz002311,海大集团,49.25,1.07,2.221,49.24,49.25,48.18,47.67,49.68,47.67,8576153.0,419834614.0,16:30:00,2026-07-30
sz002312,川发龙蟒,8.46,0.12,1.439,8.45,8.46,8.34,8.34,8.57,8.31,23537700.0,199278888.0,16:29:15,2026-07-30
sz002313,日海智能,7.65,-0.23,-2.919,7.65,7.66,7.88,7.8,8.0,7.61,8853000.0,68877117.0,16:29:30,2026-07-30
sz002314,南山控股,2.09,0.0,0.0,2.08,2.09,2.09,2.09,2.13,2.06,22496400.0,47119989.0,16:29:45,2026-07-30
sz002315,焦点科技,25.84,0.53,2.094,25.84,25.85,25.31,25.15,26.45,25.1,12764408.0,331502301.0,16:30:00,2026-07-30
sz002316,亚联发展,4.04,-0.05,-1.222,4.04,4.05,4.09,4.08,4.17,3.96,12056230.0,49012881.0,16:29:15,2026-07-30
sz002317,众生药业,24.99,-1.2,-4.582,24.99,25.0,26.19,26.12,26.62,24.7,30712684.0,781222443.0,16:29:30,2026-07-30
sz002318,久立特材,20.42,0.1,0.492,20.41,20.42,20.32,20.2,20.8,20.16,9837389.0,201142499.0,16:29:45,2026-07-30
sz002319,乐通股份,9.8,-0.35,-3.448,9.79,9.8,10.15,10.11,10.21,9.5,9755100.0,95669042.0,16:30:00,2026-07-30
sz002320,海峡股份,6.69,0.09,1.364,6.68,6.69,6.6,6.59,6.82,6.57,24640552.0,165636054.0,16:29:15,2026-07-30
sz002321,华英农业,1.84,-0.02,-1.075,1.84,1.85,1.86,1.86,1.91,1.84,25356503.0,47425397.0,16:29:30,2026-07-30
sz002322,理工能科,10.51,0.04,0.382,10.51,10.52,10.47,10.47,10.63,10.41,3885500.0,40953330.0,16:29:45,2026-07-30
sz002323,*ST雅博,1.28,-0.03,-2.29,1.28,1.29,1.31,1.29,1.31,1.28,32930268.0,42539587.0,16:30:00,2026-07-30
sz002324,普利特,8.86,-0.07,-0.784,8.85,8.86,8.93,8.89,9.04,8.77,25255889.0,224922903.0,16:29:15,2026-07-30
sz002326,永太科技,18.41,-0.45,-2.386,18.41,18.42,18.86,18.76,18.93,18.41,33659358.0,627152579.0,16:29:30,2026-07-30
sz002327,富安娜,6.6,0.1,1.538,6.59,6.6,6.5,6.5,6.62,6.48,5467474.0,35955689.0,16:29:45,2026-07-30
sz002328,新朋股份,6.4,-0.17,-2.588,6.4,6.41,6.57,6.52,6.6,6.36,22692600.0,146815959.0,16:30:00,2026-07-30
sz002329,皇氏集团,3.09,-0.2,-6.079,3.08,3.09,3.29,3.26,3.35,3.06,46732400.0,150022039.0,16:29:15,2026-07-30
sz002330,得利斯,3.74,-0.02,-0.532,3.74,3.75,3.76,3.77,3.85,3.73,11369500.0,43124998.0,16:29:30,2026-07-30
sz002331,皖通科技,6.3,-0.3,-4.545,6.3,6.31,6.6,6.58,6.63,6.29,10240135.0,66076014.0,16:29:45,2026-07-30
sz002332,仙琚制药,8.53,0.06,0.708,8.53,8.54,8.47,8.44,8.57,8.43,9989550.0,84966649.0,16:30:00,2026-07-30
sz002333,罗普斯金,5.29,-0.03,-0.564,5.29,5.3,5.32,5.28,5.39,5.27,7128900.0,38013052.0,16:29:15,2026-07-30
sz002334,英威腾,6.38,-0.07,-1.085,6.38,6.39,6.45,6.41,6.5,6.36,11726884.0,75376523.0,16:29:30,2026-07-30
sz002335,科华数据,27.71,-1.09,-3.785,27.7,27.71,28.8,28.47,28.8,27.48,18006785.0,505303774.0,16:29:45,2026-07-30
sz002337,赛象科技,4.3,-0.05,-1.149,4.29,4.3,4.35,4.35,4.45,4.27,8391503.0,36526608.0,16:30:00,2026-07-30
sz002338,奥普光电,39.88,-0.06,-0.15,39.88,39.89,39.94,38.83,40.8,38.83,11746114.0,467118993.0,16:29:15,2026-07-30
sz002339,积成电子,7.06,-0.11,-1.534,7.05,7.06,7.17,7.11,7.33,7.03,22393590.0,160394606.0,16:29:30,2026-07-30
sz002340,格林美,6.7,0.01,0.149,6.7,6.71,6.69,6.64,6.73,6.62,113711486.0,761167450.0,16:29:45,2026-07-30
sz002342,巨力索具,6.96,-0.31,-4.264,6.96,6.97,7.27,7.24,7.4,6.9,63665147.0,451983064.0,16:30:00,2026-07-30
sz002343,慈文传媒,4.78,-0.03,-0.624,4.78,4.79,4.81,4.8,4.97,4.76,12452180.0,60408573.0,16:29:15,2026-07-30
sz002344,海宁皮城,3.75,0.02,0.536,3.75,3.76,3.73,3.72,3.8,3.69,11056800.0,41512866.0,16:29:30,2026-07-30
sz002345,潮宏基,10.7,0.04,0.375,10.7,10.71,10.66,10.67,11.08,10.53,30215200.0,327346136.0,16:29:45,2026-07-30
sz002346,柘中股份,15.57,-0.93,-5.636,15.57,15.58,16.5,16.39,16.58,15.5,5974700.0,95004646.0,16:30:00,2026-07-30
sz002347,泰尔股份,5.45,-0.06,-1.089,5.45,5.46,5.51,5.5,5.63,5.42,13356700.0,73723667.0,16:29:15,2026-07-30
sz002348,高乐股份,9.25,-0.69,-6.942,9.24,9.25,9.94,9.92,10.05,9.07,19498500.0,184532507.0,16:29:30,2026-07-30
sz002349,精华制药,6.71,-0.03,-0.445,6.71,6.72,6.74,6.71,6.83,6.67,9364700.0,63238631.0,16:29:45,2026-07-30
sz002350,北京科锐,13.38,-0.69,-4.904,13.37,13.38,14.07,14.07,14.29,13.09,16539819.0,223306101.0,16:30:00,2026-07-30
sz002351,漫步者,10.33,0.1,0.978,10.32,10.33,10.23,10.23,10.38,10.16,8884789.0,91505818.0,16:29:15,2026-07-30
sz002352,顺丰控股,35.12,0.38,1.094,35.11,35.12,34.74,34.73,35.25,34.65,27322641.0,956498144.0,16:29:30,2026-07-30
sz002353,杰瑞股份,125.73,-13.97,-10.0,0.0,125.73,139.7,140.71,142.0,125.73,25584813.0,3285938564.0,16:29:45,2026-07-30
sz002354,天娱数科,5.92,-0.27,-4.362,5.92,5.93,6.19,6.1,6.38,5.88,210066873.0,1283438982.0,16:30:00,2026-07-30
sz002355,兴民智通,4.29,-0.06,-1.379,4.29,4.3,4.35,4.32,4.48,4.26,14213200.0,62069905.0,16:29:15,2026-07-30
sz002356,鹏飞绿能,2.55,-0.05,-1.923,2.55,2.56,2.6,2.59,2.64,2.53,19146170.0,49622700.0,16:29:30,2026-07-30
sz002357,富临运业,8.41,-0.13,-1.522,8.4,8.41,8.54,8.5,8.57,8.26,7302503.0,61417688.0,16:29:45,2026-07-30
sz002358,森源电气,5.62,-0.05,-0.882,5.61,5.62,5.67,5.66,5.77,5.57,32642313.0,184501637.0,16:30:00,2026-07-30
sz002360,ST同德,4.75,-0.11,-2.263,4.75,4.77,4.86,4.82,4.88,4.68,4431480.0,21136201.0,16:29:15,2026-07-30
sz002361,神剑股份,8.8,-0.46,-4.968,8.8,8.81,9.26,9.26,9.39,8.76,56787937.0,512032992.0,16:29:30,2026-07-30
sz002362,汉王科技,14.69,-0.24,-1.608,14.69,14.7,14.93,14.81,15.2,14.67,4207500.0,62917538.0,16:29:45,2026-07-30
sz002363,隆基机械,6.13,-0.08,-1.288,6.13,6.15,6.21,6.21,6.28,6.09,5343400.0,33043711.0,16:30:00,2026-07-30
sz002364,中恒电气,34.2,-1.98,-5.473,34.2,34.21,36.18,35.98,36.79,33.72,31760666.0,1115728043.0,16:29:15,2026-07-30
sz002365,永安药业,12.45,-0.24,-1.891,12.45,12.46,12.69,12.71,13.12,12.43,22143993.0,281286658.0,16:29:30,2026-07-30
sz002366,融发核电,5.67,-0.11,-1.903,5.67,5.68,5.78,5.68,5.84,5.65,62175944.0,356006544.0,16:29:45,2026-07-30
sz002367,康力电梯,5.23,-0.05,-0.947,5.22,5.23,5.28,5.25,5.43,5.2,12742400.0,67467299.0,16:30:00,2026-07-30
sz002368,太极股份,13.77,-0.16,-1.149,13.77,13.78,13.93,13.9,14.16,13.75,8366800.0,116698164.0,16:29:15,2026-07-30
sz002369,卓翼科技,5.38,-0.23,-4.1,5.38,5.39,5.61,5.42,5.56,5.36,44140579.0,241146988.0,16:29:30,2026-07-30
sz002370,亚太药业,4.77,0.0,0.0,4.77,4.78,4.77,4.77,4.92,4.73,24105576.0,116049319.0,16:29:45,2026-07-30
sz002371,北方华创,668.07,-38.32,-5.425,668.07,668.34,706.39,688.08,711.73,643.5,16329609.0,11114290064.0,16:30:00,2026-07-30
sz002372,伟星新材,8.84,0.12,1.376,8.83,8.84,8.72,8.7,8.92,8.65,14659550.0,129308524.0,16:29:15,2026-07-30
sz002373,千方科技,7.75,0.1,1.307,7.74,7.75,7.65,7.62,7.82,7.6,24255103.0,188119178.0,16:29:30,2026-07-30
sz002374,中锐股份,3.0,-0.06,-1.961,2.99,3.0,3.06,3.05,3.11,2.98,25062500.0,76389654.0,16:29:45,2026-07-30
sz002375,亚厦股份,3.49,-0.03,-0.852,3.48,3.49,3.52,3.49,3.56,3.47,12812400.0,45102440.0,16:30:00,2026-07-30
sz002376,新北洋,6.18,-0.05,-0.803,6.18,6.19,6.23,6.2,6.29,6.18,8928001.0,55748872.0,16:29:15,2026-07-30
sz002377,国创高新,2.49,-0.06,-2.353,2.48,2.49,2.55,2.54,2.6,2.47,22395900.0,56610782.0,16:29:30,2026-07-30
sz002378,章源钨业,21.38,-0.8,-3.607,21.37,21.38,22.18,22.08,22.59,21.1,28187099.0,614273164.0,16:29:45,2026-07-30
sz002379,宏桥控股,21.0,0.48,2.339,21.0,21.01,20.52,20.53,22.13,20.51,85247627.0,1818987511.0,16:30:00,2026-07-30
sz002380,科远智慧,25.77,-1.53,-5.604,25.76,25.77,27.3,27.0,27.34,25.66,7200400.0,189529699.0,16:29:15,2026-07-30
sz002381,双箭股份,5.13,0.0,0.0,5.13,5.14,5.13,5.13,5.21,5.05,4742600.0,24368916.0,16:29:30,2026-07-30
sz002382,蓝帆医疗,5.71,-0.11,-1.89,5.71,5.72,5.82,5.72,5.88,5.7,32992508.0,191107041.0,16:29:45,2026-07-30
sz002383,合众思壮,6.7,-0.07,-1.034,6.7,6.71,6.77,6.76,6.86,6.65,9788485.0,66225202.0,16:30:00,2026-07-30
sz002384,东山精密,161.8,-17.98,-10.001,0.0,161.8,179.78,178.05,178.5,161.8,106029846.0,17487070725.0,16:29:15,2026-07-30
sz002385,大北农,3.02,0.02,0.667,3.02,3.03,3.0,2.99,3.06,2.99,59037701.0,178931244.0,16:29:30,2026-07-30
sz002386,天原股份,5.81,0.04,0.693,5.8,5.81,5.77,5.73,5.84,5.72,15790210.0,91556769.0,16:29:45,2026-07-30
sz002387,维信诺,6.92,-0.28,-3.889,6.92,6.93,7.2,6.99,7.11,6.9,20873280.0,145945682.0,16:30:00,2026-07-30
sz002388,新亚制程,4.45,-0.49,-9.919,0.0,4.45,4.94,4.99,5.07,4.45,105589899.0,491477579.0,16:29:15,2026-07-30
sz002389,航天彩虹,18.68,0.04,0.215,18.67,18.68,18.64,18.45,18.84,18.39,22479667.0,419577802.0,16:29:30,2026-07-30
sz002390,信邦制药,2.97,0.0,0.0,2.97,2.98,2.97,2.96,3.02,2.94,19969654.0,59467430.0,16:29:45,2026-07-30
sz002391,长青股份,5.25,0.1,1.942,5.24,5.25,5.15,5.15,5.28,5.15,9046700.0,47340194.0,16:30:00,2026-07-30
sz002392,北京利尔,7.07,-0.13,-1.806,7.07,7.08,7.2,7.17,7.24,7.02,12335708.0,87843783.0,16:29:15,2026-07-30
sz002393,力生制药,14.11,-0.18,-1.26,14.11,14.12,14.29,14.27,14.58,14.0,2915072.0,41640031.0,16:29:30,2026-07-30
sz002394,联发股份,9.07,0.16,1.796,9.07,9.08,8.91,8.83,9.24,8.8,6184000.0,56222982.0,16:29:45,2026-07-30
sz002395,双象股份,11.7,-0.16,-1.349,11.7,11.71,11.86,11.85,12.04,11.6,3022103.0,35761168.0,16:30:00,2026-07-30
sz002396,星网锐捷,24.43,-1.89,-7.181,24.42,24.43,26.32,26.4,26.9,24.24,83080219.0,2093259494.0,16:29:15,2026-07-30
sz002397,梦洁股份,3.35,-0.07,-2.047,3.34,3.35,3.42,3.39,3.47,3.32,14841379.0,50368550.0,16:29:30,2026-07-30
sz002398,垒知集团,3.88,-0.01,-0.257,3.88,3.89,3.89,3.91,3.98,3.85,16713647.0,65620764.0,16:29:45,2026-07-30
sz002399,海普瑞,9.58,-0.12,-1.237,9.57,9.58,9.7,9.65,9.82,9.52,4859577.0,46932684.0,16:30:00,2026-07-30
sz002400,省广集团,6.3,-0.02,-0.316,6.29,6.3,6.32,6.25,6.58,6.21,91517039.0,586119872.0,16:29:15,2026-07-30
sz002401,中远海科,11.89,0.08,0.677,11.88,11.89,11.81,11.76,12.08,11.75,4189700.0,50074101.0,16:29:30,2026-07-30
sz002402,和而泰,19.46,-0.57,-2.846,19.45,19.46,20.03,19.89,20.08,19.35,28491103.0,561116607.0,16:29:45,2026-07-30
sz002403,爱仕达,8.42,-0.06,-0.708,8.42,8.43,8.48,8.52,9.09,8.39,10615400.0,92810237.0,16:30:00,2026-07-30
sz002404,嘉欣丝绸,5.73,-0.01,-0.174,5.73,5.74,5.74,5.73,5.81,5.68,7823200.0,45009009.0,16:29:15,2026-07-30
sz002405,四维图新,6.56,0.07,1.079,6.56,6.57,6.49,6.42,6.67,6.42,51254298.0,337372386.0,16:29:30,2026-07-30
sz002406,远东传动,6.48,-0.02,-0.308,6.48,6.49,6.5,6.45,6.61,6.44,13134200.0,85824424.0,16:29:45,2026-07-30
sz002407,多氟多,30.56,-1.43,-4.47,30.56,30.57,31.99,31.45,32.73,30.5,145775625.0,4628052702.0,16:30:00,2026-07-30
sz002408,齐翔腾达,5.08,0.02,0.395,5.08,5.09,5.06,5.08,5.14,5.04,25921657.0,131879995.0,16:29:15,2026-07-30
sz002409,雅克科技,136.96,-15.22,-10.001,0.0,136.96,152.18,147.99,149.96,136.96,38835609.0,5473875384.0,16:29:30,2026-07-30
sz002410,广联达,9.16,0.2,2.232,9.15,9.16,8.96,8.96,9.23,8.92,37620843.0,344114897.0,16:29:45,2026-07-30
sz002412,汉森制药,6.56,-0.35,-5.065,6.55,6.56,6.91,6.84,6.9,6.53,46012600.0,307579185.0,16:30:00,2026-07-30
sz002413,雷科防务,7.73,-0.2,-2.522,7.72,7.73,7.93,7.87,7.98,7.69,38378912.0,300023812.0,16:29:15,2026-07-30
sz002414,高德红外,12.52,-1.39,-9.993,0.0,12.52,13.91,13.65,13.75,12.52,139229603.0,1837189381.0,16:29:30,2026-07-30
sz002415,海康威视,35.62,-0.12,-0.336,35.61,35.62,35.74,35.59,36.09,35.13,98817495.0,3517549179.0,16:29:45,2026-07-30
sz002416,爱施德,9.96,0.43,4.512,9.96,9.97,9.53,9.53,10.08,9.49,36983404.0,365938623.0,16:30:00,2026-07-30
sz002418,康盛股份,3.32,-0.09,-2.639,3.32,3.33,3.41,3.4,3.46,3.32,35459900.0,119819348.0,16:29:15,2026-07-30
sz002419,天虹股份,4.48,0.0,0.0,4.48,4.49,4.48,4.47,4.57,4.46,14371907.0,64909681.0,16:29:30,2026-07-30
sz002420,毅昌科技,5.17,-0.08,-1.524,5.17,5.18,5.25,5.24,5.31,5.13,6716900.0,35057482.0,16:29:45,2026-07-30
sz002421,达实智能,2.72,-0.1,-3.546,2.72,2.73,2.82,2.8,2.88,2.7,164480000.0,458776120.0,16:30:00,2026-07-30
sz002422,科伦药业,42.79,-0.25,-0.581,42.78,42.79,43.04,42.72,43.3,41.35,36068635.0,1530663847.0,16:29:15,2026-07-30
sz002423,中粮资本,9.28,0.1,1.089,9.27,9.28,9.18,9.14,9.35,9.11,18373349.0,170345687.0,16:29:30,2026-07-30
sz002424,ST百灵,4.56,-0.02,-0.437,4.55,4.56,4.58,4.57,4.6,4.53,4385700.0,20013750.0,16:29:45,2026-07-30
sz002425,凯撒文化,2.81,0.13,4.851,2.8,2.81,2.68,2.68,2.95,2.66,78608884.0,223528898.0,16:30:00,2026-07-30
sz002426,胜利精密,2.56,0.02,0.787,2.55,2.56,2.54,2.52,2.66,2.51,133528341.0,343529138.0,16:29:15,2026-07-30
sz002427,尤夫股份,4.15,-0.06,-1.425,4.15,4.16,4.21,4.18,4.27,4.13,13063737.0,54842417.0,16:29:30,2026-07-30
sz002428,云南锗业,61.8,-5.18,-7.734,61.8,61.81,66.98,66.36,68.75,60.83,62478640.0,4000733970.0,16:29:45,2026-07-30
sz002429,兆驰股份,7.11,-0.35,-4.692,7.11,7.12,7.46,7.37,7.58,7.05,77043933.0,558512412.0,16:30:00,2026-07-30
sz002430,杭氧股份,23.08,-0.27,-1.156,23.08,23.09,23.35,23.14,23.44,22.83,11599567.0,268725933.0,16:29:15,2026-07-30
sz002431,ST棕榈,1.29,-0.03,-2.273,1.29,1.3,1.32,1.31,1.34,1.29,19071201.0,24982472.0,16:29:30,2026-07-30
sz002432,九安医疗,62.24,-4.57,-6.84,62.23,62.24,66.81,68.0,68.49,61.4,40482080.0,2593454793.0,16:29:45,2026-07-30
sz002434,万里扬,5.46,-0.05,-0.907,5.46,5.47,5.51,5.47,5.58,5.42,14775602.0,81230627.0,16:30:00,2026-07-30
sz002436,兴森科技,27.69,-3.08,-10.01,0.0,27.69,30.77,30.75,31.1,27.69,124420397.0,3548588001.0,16:29:15,2026-07-30
sz002437,誉衡药业,2.84,-0.04,-1.389,2.84,2.85,2.88,2.87,2.94,2.82,71847619.0,206352485.0,16:29:30,2026-07-30
sz002438,江苏神通,12.41,-0.17,-1.351,12.4,12.41,12.58,12.55,12.72,12.35,5600700.0,70040964.0,16:29:45,2026-07-30
sz002439,启明星辰,13.43,-0.36,-2.611,13.43,13.44,13.79,13.62,13.91,13.41,39176575.0,535747018.0,16:30:00,2026-07-30
sz002440,闰土股份,13.64,0.0,0.0,13.64,13.65,13.64,13.47,14.22,13.04,102524961.0,1380883076.0,16:29:15,2026-07-30
sz002441,众业达,7.85,-0.05,-0.633,7.84,7.85,7.9,7.89,7.95,7.77,4871442.0,38323504.0,16:29:30,2026-07-30
sz002442,龙星科技,4.68,-0.05,-1.057,4.68,4.69,4.73,4.73,4.85,4.65,10588700.0,50201080.0,16:29:45,2026-07-30
sz002443,金洲管道,7.82,-0.09,-1.138,7.81,7.82,7.91,7.89,8.05,7.74,13282301.0,104745524.0,16:30:00,2026-07-30
sz002444,巨星科技,30.01,0.1,0.334,30.0,30.01,29.91,29.74,30.47,29.67,9648600.0,290247012.0,16:29:15,2026-07-30
sz002445,中南文化,2.82,-0.1,-3.425,2.82,2.83,2.92,2.9,2.95,2.82,50085070.0,144007802.0,16:29:30,2026-07-30
sz002446,盛路通信,7.38,-0.32,-4.156,7.38,7.39,7.7,7.62,7.71,7.35,27499501.0,206744382.0,16:29:45,2026-07-30
sz002448,中原内配,11.71,-0.5,-4.095,11.71,11.72,12.21,12.04,12.19,11.57,23986780.0,283336091.0,16:30:00,2026-07-30
sz002449,国星光电,6.16,-0.1,-1.597,6.15,6.16,6.26,6.19,6.28,6.13,8070470.0,50059842.0,16:29:15,2026-07-30
sz002451,摩恩电气,6.9,-0.15,-2.128,6.9,6.91,7.05,7.21,7.3,6.86,28953411.0,205039864.0,16:29:30,2026-07-30
sz002452,长高电气,10.64,-0.24,-2.206,10.64,10.65,10.88,10.84,10.89,10.58,12651395.0,135695156.0,16:29:45,2026-07-30
sz002453,华软科技,4.03,-0.09,-2.184,4.03,4.04,4.12,4.09,4.19,4.01,12759495.0,52207196.0,16:30:00,2026-07-30
sz002454,松芝股份,4.88,0.02,0.412,4.87,4.88,4.86,4.87,4.94,4.83,8207962.0,40161357.0,16:29:15,2026-07-30
sz002455,百川股份,6.33,-0.17,-2.615,6.33,6.34,6.5,6.55,6.6,6.3,40685544.0,262317101.0,16:29:30,2026-07-30
sz002456,欧菲光,7.03,-0.02,-0.284,7.02,7.03,7.05,7.0,7.15,6.95,74605500.0,526148025.0,16:29:45,2026-07-30
sz002457,青龙管业,9.9,-0.36,-3.509,9.9,9.91,10.26,10.2,10.27,9.88,23083999.0,232254193.0,16:30:00,2026-07-30
sz002458,益生股份,8.47,-0.09,-1.051,8.47,8.48,8.56,8.44,8.65,8.37,42058092.0,357374443.0,16:29:15,2026-07-30
sz002459,晶澳科技,7.51,0.12,1.624,7.51,7.52,7.39,7.32,7.7,7.3,51138813.0,385049718.0,16:29:30,2026-07-30
sz002460,赣锋锂业,49.93,0.01,0.02,49.93,49.94,49.92,49.48,50.69,49.36,45390024.0,2276956374.0,16:29:45,2026-07-30
sz002461,珠江啤酒,8.87,0.15,1.72,8.86,8.87,8.72,8.71,8.88,8.64,10275993.0,90541744.0,16:30:00,2026-07-30
sz002462,嘉事堂,11.76,0.1,0.858,11.75,11.77,11.66,11.65,11.82,11.56,3134400.0,36714198.0,16:29:15,2026-07-30
sz002463,沪电股份,96.55,-8.7,-8.266,96.55,96.56,105.25,104.21,104.6,94.73,81221121.0,7964445491.0,16:29:30,2026-07-30
sz002465,海格通信,9.75,-0.18,-1.813,9.75,9.76,9.93,9.83,9.98,9.68,54087276.0,531848892.0,16:29:45,2026-07-30
sz002466,天齐锂业,45.46,-0.62,-1.345,45.46,45.47,46.08,45.7,46.27,44.95,42558903.0,1946504963.0,16:30:00,2026-07-30
sz002467,二六三,4.48,-0.09,-1.969,4.48,4.49,4.57,4.53,4.72,4.47,56661650.0,259301405.0,16:29:15,2026-07-30
sz002468,申通快递,14.08,0.05,0.356,14.07,14.08,14.03,13.98,14.28,13.93,20438900.0,289202569.0,16:29:30,2026-07-30
sz002469,三维化学,5.69,0.08,1.426,5.69,5.7,5.61,5.62,5.82,5.61,8812250.0,50420510.0,16:29:45,2026-07-30
sz002470,金正大,1.87,-0.03,-1.579,1.86,1.87,1.9,1.9,1.94,1.86,87810100.0,166685488.0,16:30:00,2026-07-30
sz002471,中超控股,5.08,-0.14,-2.682,5.08,5.09,5.22,5.16,5.26,5.07,40949099.0,210771457.0,16:29:15,2026-07-30
sz002472,双环传动,35.69,-0.51,-1.409,35.68,35.69,36.2,35.79,36.1,34.75,26053334.0,924284536.0,16:29:30,2026-07-30
sz002474,榕基软件,6.0,-0.06,-0.99,6.0,6.01,6.06,6.15,6.24,6.0,27853868.0,170270731.0,16:29:45,2026-07-30
sz002475,立讯精密,58.35,-4.0,-6.415,58.34,58.35,62.35,61.36,61.87,57.02,166062981.0,9834310136.0,16:30:00,2026-07-30
sz002476,新叶股份,4.27,-0.06,-1.386,4.27,4.28,4.33,4.34,4.42,4.23,10579900.0,45785424.0,16:29:15,2026-07-30
sz002478,常宝股份,6.24,0.01,0.161,6.24,6.25,6.23,6.2,6.37,6.13,18690761.0,116649409.0,16:29:30,2026-07-30
sz002479,富春环保,5.32,-0.07,-1.299,5.31,5.32,5.39,5.36,5.47,5.3,18917527.0,101432139.0,16:29:45,2026-07-30
sz002480,新筑股份,5.21,-0.08,-1.512,5.21,5.22,5.29,5.25,5.33,5.18,6865700.0,36011775.0,16:30:00,2026-07-30
sz002481,双塔食品,4.18,0.01,0.24,4.18,4.19,4.17,4.17,4.25,4.15,10443050.0,43933895.0,16:29:15,2026-07-30
sz002482,广田集团,1.23,-0.02,-1.6,1.23,1.24,1.25,1.25,1.28,1.23,60697800.0,76189855.0,16:29:30,2026-07-30
sz002483,润邦股份,5.1,-0.04,-0.778,5.1,5.11,5.14,5.11,5.18,5.05,10892593.0,55692229.0,16:29:45,2026-07-30
sz002484,江海股份,55.5,-5.9,-9.609,55.49,55.5,61.4,60.77,62.84,55.26,60484567.0,3475364726.0,16:30:00,2026-07-30
sz002485,ST雪发,5.18,-0.05,-0.956,5.17,5.18,5.23,5.24,5.26,5.09,1740600.0,8997183.0,16:29:15,2026-07-30
sz002486,嘉麟杰,2.24,-0.01,-0.444,2.23,2.24,2.25,2.24,2.29,2.21,30750400.0,69261140.0,16:29:30,2026-07-30
sz002487,大金重工,39.8,-0.6,-1.485,39.8,39.81,40.4,40.3,41.42,39.5,28326704.0,1145714538.0,16:29:45,2026-07-30
sz002488,金固股份,8.42,-0.3,-3.44,8.42,8.43,8.72,8.65,8.89,8.39,20001158.0,171914177.0,16:30:00,2026-07-30
sz002489,浙江永强,2.66,0.0,0.0,2.66,2.67,2.66,2.65,2.71,2.63,21911300.0,58558209.0,16:29:15,2026-07-30
sz002490,山东墨龙,7.7,0.31,4.195,7.69,7.7,7.39,7.6,7.86,7.53,72177661.0,553879740.0,16:29:30,2026-07-30
sz002491,通鼎互联,13.8,-1.03,-6.945,13.8,13.81,14.83,14.65,15.18,13.44,120966186.0,1720689338.0,16:29:45,2026-07-30
sz002492,恒基达鑫,5.17,-0.11,-2.083,5.16,5.17,5.28,5.27,5.37,5.12,7495100.0,39226651.0,16:30:00,2026-07-30
sz002493,荣盛石化,12.51,0.35,2.878,12.5,12.51,12.16,12.12,12.62,12.05,62048616.0,771797663.0,16:29:15,2026-07-30
sz002494,华斯股份,4.33,-0.04,-0.915,4.33,4.36,4.37,4.34,4.43,4.28,11178900.0,48756191.0,16:29:30,2026-07-30
sz002495,佳隆股份,2.18,0.0,0.0,2.17,2.18,2.18,2.18,2.24,2.16,24855630.0,54780368.0,16:29:45,2026-07-30
sz002496,辉丰股份,1.88,-0.03,-1.571,1.88,1.89,1.91,1.9,1.96,1.87,22680800.0,43491847.0,16:30:00,2026-07-30
sz002497,雅化集团,17.57,-0.24,-1.348,17.57,17.58,17.81,17.69,18.02,17.35,30912116.0,546437940.0,16:29:15,2026-07-30
sz002498,汉缆股份,6.96,-0.23,-3.199,6.96,6.97,7.19,7.0,7.32,6.83,260140382.0,1832834416.0,16:29:30,2026-07-30
sz002500,山西证券,5.4,0.03,0.559,5.4,5.41,5.37,5.34,5.43,5.34,26964719.0,145438255.0,16:29:45,2026-07-30
sz002501,*ST利源,1.23,-0.01,-0.806,1.22,1.23,1.24,1.23,1.26,1.22,21928400.0,27163877.0,16:30:00,2026-07-30
sz002506,协鑫集成,2.49,-0.06,-2.353,2.49,2.5,2.55,2.51,2.59,2.47,231003407.0,582757634.0,16:29:15,2026-07-30
sz002507,涪陵榨菜,12.19,0.33,2.782,12.19,12.2,11.86,11.86,12.22,11.85,22573781.0,273460263.0,16:29:30,2026-07-30
sz002508,老板电器,16.54,0.09,0.547,16.53,16.54,16.45,16.45,16.69,16.38,8471022.0,139962076.0,16:29:45,2026-07-30
sz002510,天汽模,5.52,-0.07,-1.252,5.52,5.53,5.59,5.57,5.74,5.52,23449400.0,131799876.0,16:30:00,2026-07-30
sz002511,中顺洁柔,7.5,0.28,3.878,7.49,7.5,7.22,7.23,7.52,7.23,20995800.0,155470829.0,16:29:15,2026-07-30
sz002512,ST达华,3.69,0.34,10.149,3.69,0.0,3.35,3.35,3.69,3.28,54221352.0,190794131.0,16:29:30,2026-07-30
sz002513,蓝丰生化,4.67,-0.02,-0.426,4.66,4.67,4.69,4.74,4.83,4.59,9728900.0,45918479.0,16:29:45,2026-07-30
sz002514,*ST宝馨,1.76,-0.19,-9.744,0.0,1.76,1.95,1.92,1.92,1.76,68895991.0,125820193.0,16:30:00,2026-07-30
sz002515,金字火腿,6.36,-0.7,-9.915,6.35,6.36,7.06,6.94,7.13,6.35,128933508.0,853724853.0,16:29:15,2026-07-30
sz002516,旷达科技,5.18,-0.04,-0.766,5.18,5.19,5.22,5.21,5.28,5.13,11548500.0,60204239.0,16:29:30,2026-07-30
sz002517,恺英网络,16.5,-0.19,-1.138,16.5,16.51,16.69,17.24,17.54,16.5,149663093.0,2548799565.0,16:29:45,2026-07-30
sz002518,科士达,29.73,-1.63,-5.198,29.73,29.74,31.36,31.21,31.42,29.26,12815265.0,386142992.0,16:30:00,2026-07-30
sz002519,银河电子,5.08,-0.13,-2.495,5.08,5.09,5.21,5.19,5.26,5.08,29097249.0,150107548.0,16:29:15,2026-07-30
sz002520,日发精机,5.33,-0.19,-3.442,5.33,5.34,5.52,5.48,5.53,5.33,30364238.0,164211073.0,16:29:30,2026-07-30
sz002521,齐峰新材,6.73,-0.06,-0.884,6.72,6.73,6.79,6.76,6.84,6.68,3261300.0,22042556.0,16:29:45,2026-07-30
sz002522,浙江众成,4.83,-0.01,-0.207,4.82,4.83,4.84,4.78,4.87,4.72,32642900.0,157079849.0,16:30:00,2026-07-30
sz002523,天桥起重,3.27,-0.05,-1.506,3.27,3.28,3.32,3.3,3.35,3.27,21624548.0,71484875.0,16:29:15,2026-07-30
sz002524,光正眼科,3.59,-0.02,-0.554,3.59,3.6,3.61,3.65,3.69,3.53,11991400.0,43233197.0,16:29:30,2026-07-30
sz002526,山东矿机,2.61,-0.02,-0.76,2.6,2.61,2.63,2.61,2.67,2.59,22991020.0,60407678.0,16:29:45,2026-07-30
sz002527,新时达,10.46,-0.19,-1.784,10.46,10.47,10.65,10.6,10.72,10.38,8410033.0,88688670.0,16:30:00,2026-07-30
sz002528,*ST英飞,4.63,-0.03,-0.644,4.62,4.63,4.66,4.6,4.71,4.53,7337065.0,33711475.0,16:29:15,2026-07-30
sz002529,海源复材,6.32,-0.1,-1.558,6.32,6.35,6.42,6.42,6.57,6.25,5070500.0,32600298.0,16:29:30,2026-07-30
sz002530,金财互联,6.98,-0.03,-0.428,6.98,6.99,7.01,7.01,7.15,6.95,16017400.0,113302076.0,16:29:45,2026-07-30
sz002531,天顺风能,6.3,-0.15,-2.326,6.3,6.31,6.45,6.36,6.51,6.23,41082835.0,261676198.0,16:30:00,2026-07-30
sz002532,天山铝业,13.13,0.09,0.69,13.13,13.14,13.04,13.19,13.7,13.12,117197228.0,1568495466.0,16:29:15,2026-07-30
sz002533,金杯电工,11.22,-0.12,-1.058,11.21,11.22,11.34,11.3,11.49,11.22,13220046.0,150113410.0,16:29:30,2026-07-30
sz002534,西子洁能,13.81,1.26,10.04,13.81,0.0,12.55,12.55,13.81,12.55,23448423.0,313071088.0,16:29:45,2026-07-30
sz002535,林州重机,2.26,0.0,0.0,2.26,2.27,2.26,2.25,2.32,2.22,14653330.0,33381318.0,16:30:00,2026-07-30
sz002536,飞龙股份,36.83,-4.09,-9.995,0.0,36.83,40.92,39.9,40.81,36.83,27875623.0,1061314082.0,16:29:15,2026-07-30
sz002537,海联金汇,5.8,0.08,1.399,5.79,5.8,5.72,5.7,5.88,5.69,29331330.0,170465240.0,16:29:30,2026-07-30
sz002538,ST司特,6.38,0.02,0.314,6.38,6.39,6.36,6.32,6.49,6.32,6812000.0,43601965.0,16:29:45,2026-07-30
sz002539,云图控股,12.03,0.24,2.036,12.03,12.04,11.79,11.7,12.18,11.7,33292938.0,398066210.0,16:30:00,2026-07-30
sz002540,亚太科技,4.97,0.03,0.607,4.97,4.98,4.94,4.93,5.02,4.9,10575529.0,52549932.0,16:29:15,2026-07-30
sz002541,鸿路钢构,20.18,-0.4,-1.944,20.18,20.19,20.58,20.39,20.78,19.92,7793150.0,157918000.0,16:29:30,2026-07-30
sz002542,*ST中岩,1.6,-0.04,-2.439,1.6,1.61,1.64,1.62,1.65,1.57,32019600.0,51441827.0,16:29:45,2026-07-30
sz002543,万和电气,6.72,0.12,1.818,6.71,6.72,6.6,6.61,6.74,6.57,5011600.0,33476534.0,16:30:00,2026-07-30
sz002544,普天科技,15.35,-0.31,-1.98,15.34,15.36,15.66,15.55,15.8,15.25,11379427.0,176631907.0,16:29:15,2026-07-30
sz002545,东方铁塔,19.07,0.11,0.58,19.06,19.07,18.96,18.96,19.89,18.76,25879213.0,502293121.0,16:29:30,2026-07-30
sz002546,新联电子,8.3,-0.23,-2.696,8.3,8.31,8.53,8.37,8.54,8.22,37407900.0,312213405.0,16:29:45,2026-07-30
sz002547,*ST春兴,2.43,0.22,9.955,2.43,0.0,2.21,2.43,2.43,2.43,9043700.0,21976191.0,16:30:00,2026-07-30
sz002548,金新农,3.76,-0.04,-1.053,3.75,3.76,3.8,3.77,3.91,3.74,29136927.0,110966071.0,16:29:15,2026-07-30
sz002549,凯美特气,12.54,-0.64,-4.856,12.53,12.54,13.18,13.01,13.17,12.53,34617083.0,443740419.0,16:29:30,2026-07-30
sz002550,千红制药,6.78,-0.08,-1.166,6.78,6.79,6.86,6.86,6.94,6.72,14880348.0,101403082.0,16:29:45,2026-07-30
sz002551,尚荣医疗,2.89,-0.02,-0.687,2.88,2.89,2.91,2.91,2.99,2.86,12661603.0,37027026.0,16:30:00,2026-07-30
sz002552,宝鼎科技,31.86,-3.35,-9.514,31.86,31.87,35.21,35.23,36.03,31.69,19927900.0,655338289.0,16:29:15,2026-07-30
sz002553,南方精工,15.0,0.03,0.2,14.99,15.0,14.97,14.9,15.43,14.8,8496211.0,128725703.0,16:29:30,2026-07-30
sz002554,惠博普,2.78,-0.03,-1.068,2.77,2.78,2.81,2.81,2.87,2.74,22535720.0,63106613.0,16:29:45,2026-07-30
sz002555,三七互娱,19.28,0.1,0.521,19.27,19.28,19.18,19.0,19.69,19.0,63135857.0,1221392053.0,16:30:00,2026-07-30
sz002556,辉隆股份,4.84,0.06,1.255,4.83,4.84,4.78,4.76,4.87,4.76,9504000.0,45921191.0,16:29:15,2026-07-30
sz002557,洽洽食品,20.81,0.1,0.483,20.8,20.81,20.71,20.61,21.1,20.48,11417784.0,237640845.0,16:29:30,2026-07-30
sz002558,巨人网络,27.68,0.7,2.595,27.68,27.69,26.98,28.15,29.65,27.52,177111990.0,5025691134.0,16:29:45,2026-07-30
sz002559,亚威股份,8.51,-0.41,-4.596,8.51,8.52,8.92,8.81,8.94,8.44,31036650.0,268776298.0,16:30:00,2026-07-30
sz002560,通达股份,5.99,-0.15,-2.443,5.99,6.0,6.14,6.13,6.19,5.95,35845373.0,216848591.0,16:29:15,2026-07-30
sz002561,徐家汇,6.62,0.13,2.003,6.61,6.62,6.49,6.48,6.68,6.46,6086787.0,40289052.0,16:29:30,2026-07-30
sz002562,兄弟科技,4.39,0.0,0.0,4.39,4.4,4.39,4.37,4.46,4.34,16338077.0,71971290.0,16:29:45,2026-07-30
sz002563,森马服饰,6.36,0.21,3.415,6.35,6.36,6.15,6.17,6.4,6.09,30721312.0,193395175.0,16:30:00,2026-07-30
sz002564,天沃科技,4.33,-0.02,-0.46,4.32,4.33,4.35,4.35,4.46,4.31,13720700.0,59965650.0,16:29:15,2026-07-30
sz002565,顺灏股份,8.11,-0.33,-3.91,8.1,8.11,8.44,8.42,8.58,8.08,40595080.0,337162622.0,16:29:30,2026-07-30
sz002566,益盛药业,6.52,-0.01,-0.153,6.52,6.53,6.53,6.53,6.72,6.43,16228000.0,106536443.0,16:29:45,2026-07-30
sz002567,唐人神,3.58,0.0,0.0,3.57,3.58,3.58,3.58,3.65,3.56,14243985.0,51354563.0,16:30:00,2026-07-30
sz002568,百润股份,19.77,0.18,0.919,19.76,19.77,19.59,19.18,19.96,19.18,29703004.0,585029058.0,16:29:15,2026-07-30
sz002569,*ST步森,12.81,-1.42,-9.979,0.0,12.81,14.23,12.81,12.81,12.81,560700.0,7182567.0,16:29:30,2026-07-30
sz002570,贝因美,4.31,0.03,0.701,4.31,4.32,4.28,4.24,4.43,4.22,46795389.0,203472881.0,16:29:45,2026-07-30
sz002571,德力股份,10.24,-0.16,-1.538,10.24,10.25,10.4,10.41,10.6,10.21,5213700.0,54090341.0,16:30:00,2026-07-30
sz002572,索菲亚,8.98,0.36,4.176,8.97,8.98,8.62,8.6,8.99,8.52,19661050.0,174347066.0,16:29:15,2026-07-30
sz002573,清新环境,3.19,0.0,0.0,3.19,3.2,3.19,3.17,3.23,3.16,8940503.0,28593038.0,16:29:30,2026-07-30
sz002574,明牌珠宝,4.37,0.0,0.0,4.36,4.37,4.37,4.35,4.47,4.32,7829456.0,34483988.0,16:29:45,2026-07-30
sz002575,群兴玩具,4.86,0.01,0.206,4.86,4.87,4.85,4.84,4.93,4.71,37324700.0,180056378.0,16:30:00,2026-07-30
sz002576,通达动力,13.9,-0.18,-1.278,13.89,13.9,14.08,13.98,14.31,13.87,3457000.0,48763436.0,16:29:15,2026-07-30
sz002577,雷柏科技,17.6,-1.17,-6.233,17.6,17.62,18.77,18.5,18.77,17.48,6435934.0,115666594.0,16:29:30,2026-07-30
sz002578,闽发铝业,2.92,-0.03,-1.017,2.91,2.92,2.95,2.93,3.02,2.9,21212800.0,62647531.0,16:29:45,2026-07-30
sz002579,中京电子,10.56,-0.99,-8.571,10.55,10.56,11.55,11.41,11.55,10.5,58127579.0,633843599.0,16:30:00,2026-07-30
sz002580,圣阳股份,19.36,0.75,4.03,19.36,19.37,18.61,18.54,19.88,17.75,138233163.0,2614184589.0,16:29:15,2026-07-30
sz002581,*ST未名,3.3,-0.16,-4.624,3.29,3.3,3.46,3.46,3.48,3.29,5167908.0,17505787.0,16:29:30,2026-07-30
sz002582,好想你,10.09,-0.24,-2.323,10.09,10.1,10.33,10.03,10.72,9.89,56146092.0,577745053.0,16:29:45,2026-07-30
sz002583,海能达,8.08,-0.02,-0.247,8.08,8.09,8.1,8.07,8.24,8.03,22552800.0,183624016.0,16:30:00,2026-07-30
sz002584,西陇科学,6.98,-0.3,-4.121,6.98,6.99,7.28,7.2,7.27,6.94,36361250.0,257814288.0,16:29:15,2026-07-30
sz002585,双星新材,8.66,0.79,10.038,8.66,0.0,7.87,7.9,8.66,7.9,128213394.0,1088433865.0,16:29:30,2026-07-30
sz002586,ST围海,3.42,-0.11,-3.116,3.41,3.42,3.53,3.53,3.53,3.38,3073000.0,10589418.0,16:29:45,2026-07-30
sz002587,奥拓电子,5.25,-0.06,-1.13,5.24,5.25,5.31,5.26,5.36,5.21,14891035.0,78668055.0,16:29:00,2026-07-30
sz002588,史丹利,9.02,0.18,2.036,9.01,9.02,8.84,8.8,9.04,8.8,13484085.0,120974081.0,16:29:15,2026-07-30
sz002589,瑞康医药,2.71,-0.03,-1.095,2.71,2.72,2.74,2.73,2.8,2.69,30267231.0,82863668.0,16:29:30,2026-07-30
sz002590,万安科技,9.2,0.02,0.218,9.2,9.21,9.18,9.18,9.37,9.06,7133293.0,65836837.0,16:29:45,2026-07-30
sz002591,恒大高新,5.63,-0.11,-1.916,5.62,5.63,5.74,5.73,5.85,5.58,10577400.0,60544560.0,16:29:00,2026-07-30
sz002592,ST八菱,5.98,-0.06,-0.993,5.97,5.98,6.04,6.05,6.18,5.91,3225000.0,19475015.0,16:29:15,2026-07-30
sz002593,日上集团,4.24,-0.02,-0.469,4.23,4.24,4.26,4.24,4.32,4.21,11872630.0,50676195.0,16:29:30,2026-07-30
sz002594,比亚迪,96.2,1.35,1.423,96.2,96.21,94.85,94.92,96.66,94.75,48036113.0,4604080480.0,16:29:45,2026-07-30
sz002595,豪迈科技,52.8,3.43,6.948,52.79,52.8,49.37,49.22,53.8,49.1,9947684.0,513672412.0,16:29:00,2026-07-30
sz002596,海南瑞泽,3.0,-0.05,-1.639,2.99,3.0,3.05,3.04,3.11,2.99,23397200.0,71278544.0,16:29:15,2026-07-30
sz002597,金禾实业,21.43,-0.11,-0.511,21.42,21.43,21.54,21.54,22.02,21.11,15014886.0,325641390.0,16:29:30,2026-07-30
sz002598,ST章鼓,6.36,-0.04,-0.625,6.35,6.36,6.4,6.38,6.44,6.32,3002979.0,19149974.0,16:29:45,2026-07-30
sz002599,盛通股份,5.88,-0.11,-1.836,5.87,5.88,5.99,6.0,6.1,5.85,10550610.0,63007888.0,16:29:00,2026-07-30
sz002600,领益智造,12.21,-0.02,-0.164,12.21,12.22,12.23,12.1,12.4,12.08,121673544.0,1489981536.0,16:29:15,2026-07-30
sz002601,龙佰集团,16.78,0.11,0.66,16.77,16.78,16.67,16.58,16.79,16.33,18364936.0,304604079.0,16:29:30,2026-07-30
sz002602,世纪华通,13.19,-0.36,-2.657,13.19,13.2,13.55,13.45,13.93,13.09,165495495.0,2226390805.0,16:29:45,2026-07-30
sz002603,以岭药业,16.63,-0.09,-0.538,16.62,16.63,16.72,16.62,16.89,16.41,27443216.0,456214326.0,16:29:00,2026-07-30
sz002605,姚记科技,17.98,0.2,1.125,17.98,17.99,17.78,17.8,18.68,17.7,13040119.0,237862467.0,16:29:15,2026-07-30
sz002606,大连电瓷,14.74,0.08,0.546,14.74,14.75,14.66,14.48,15.05,14.15,52746886.0,771430839.0,16:29:30,2026-07-30
sz002607,中公教育,2.03,-0.05,-2.404,2.03,2.04,2.08,2.03,2.13,1.98,455035785.0,942960048.0,16:29:45,2026-07-30
sz002608,江苏国信,7.34,0.04,0.548,7.34,7.35,7.3,7.28,7.36,7.24,21142069.0,154487094.0,16:29:00,2026-07-30
sz002609,捷顺科技,7.45,-0.09,-1.194,7.45,7.46,7.54,7.51,7.64,7.44,5076300.0,38313886.0,16:29:15,2026-07-30
sz002611,东方精工,15.69,-0.25,-1.568,15.69,15.7,15.94,15.72,16.09,15.65,40064855.0,634667899.0,16:29:30,2026-07-30
sz002612,朗姿股份,15.6,1.38,9.705,15.6,15.61,14.22,14.2,15.64,14.1,36318832.0,553308717.0,16:29:45,2026-07-30
sz002613,北玻股份,3.18,-0.03,-0.935,3.18,3.19,3.21,3.2,3.25,3.16,23975663.0,76954042.0,16:29:00,2026-07-30
sz002614,奥佳华,4.68,0.01,0.214,4.67,4.68,4.67,4.67,4.75,4.64,6335500.0,29744726.0,16:29:15,2026-07-30
sz002615,哈尔斯,6.29,-0.12,-1.872,6.29,6.3,6.41,6.41,6.5,6.25,8131406.0,51774042.0,16:29:30,2026-07-30
sz002616,长青集团,4.67,-0.05,-1.059,4.67,4.68,4.72,4.69,4.76,4.63,8261500.0,38766368.0,16:29:45,2026-07-30
sz002617,露笑科技,5.97,-0.08,-1.322,5.97,5.98,6.05,5.96,6.08,5.9,84300598.0,505064805.0,16:29:00,2026-07-30
sz002620,*ST瑞和,4.3,-0.14,-3.153,4.29,4.3,4.44,4.45,4.5,4.26,7716800.0,33653517.0,16:29:15,2026-07-30
sz002622,皓宸医疗,2.19,-0.03,-1.351,2.18,2.19,2.22,2.2,2.28,2.15,26618200.0,58932841.0,16:29:30,2026-07-30
sz002623,亚玛顿,14.55,-0.18,-1.222,14.55,14.56,14.73,14.62,15.01,14.51,3350000.0,49459049.0,16:29:45,2026-07-30
sz002624,完美世界,10.31,-0.09,-0.865,10.31,10.32,10.4,10.31,10.8,10.29,72532369.0,763426061.0,16:29:00,2026-07-30
sz002625,光启技术,30.7,-0.42,-1.35,30.69,30.7,31.12,31.13,31.35,30.4,26064772.0,806671241.0,16:29:15,2026-07-30
sz002626,金达威,14.15,0.32,2.314,14.14,14.15,13.83,13.83,14.23,13.71,4696300.0,66107531.0,16:29:30,2026-07-30
sz002627,三峡旅游,6.32,0.19,3.1,6.31,6.32,6.13,6.12,6.5,6.07,20080300.0,127535517.0,16:29:45,2026-07-30
sz002628,成都路桥,4.38,-0.15,-3.311,4.38,4.39,4.53,4.49,4.54,4.37,21823050.0,96567844.0,16:29:00,2026-07-30
sz002629,仁智股份,4.2,-0.07,-1.639,4.2,4.21,4.27,4.35,4.44,4.14,14403700.0,61696511.0,16:29:15,2026-07-30
sz002630,*ST华西,1.6,-0.04,-2.439,1.6,1.61,1.64,1.63,1.66,1.6,14980263.0,24346961.0,16:29:30,2026-07-30
sz002631,德尔未来,6.16,-0.29,-4.496,6.15,6.16,6.45,6.49,6.56,6.08,27153323.0,171371944.0,16:29:45,2026-07-30
sz002632,道明光学,7.8,-0.14,-1.763,7.8,7.81,7.94,7.89,8.04,7.78,17932410.0,141520228.0,16:29:00,2026-07-30
sz002633,申科股份,13.0,-0.4,-2.985,12.97,13.0,13.4,13.4,13.7,12.8,2501600.0,33146528.0,16:29:15,2026-07-30
sz002634,*ST棒杰,4.03,0.0,0.0,4.02,4.03,4.03,4.0,4.07,3.94,4720600.0,18937501.0,16:29:30,2026-07-30
sz002635,安洁科技,12.93,-0.77,-5.62,12.92,12.93,13.7,13.66,13.88,12.81,32222187.0,424934211.0,16:29:45,2026-07-30
sz002636,金安国纪,49.1,-5.46,-10.007,0.0,49.1,54.56,54.01,56.3,49.1,55811595.0,2854507624.0,16:29:00,2026-07-30
sz002637,赞宇科技,9.6,-0.16,-1.639,9.59,9.6,9.76,9.76,10.04,9.53,10925100.0,106777605.0,16:29:15,2026-07-30
sz002638,勤上股份,3.39,-0.08,-2.305,3.39,3.4,3.47,3.46,3.53,3.36,19010425.0,65186264.0,16:29:30,2026-07-30
sz002639,雪人集团,11.79,-0.14,-1.174,11.78,11.79,11.93,11.93,12.1,11.75,23697407.0,282867561.0,16:29:45,2026-07-30
sz002640,跨境通,3.31,-0.14,-4.058,3.3,3.31,3.45,3.4,3.44,3.3,126926760.0,427346045.0,16:29:00,2026-07-30
sz002641,公元股份,3.8,0.01,0.264,3.79,3.8,3.79,3.78,3.82,3.75,7816550.0,29620339.0,16:29:15,2026-07-30
sz002642,荣联科技,7.3,0.05,0.69,7.3,7.31,7.25,7.19,7.47,7.15,38861101.0,285200655.0,16:29:30,2026-07-30
sz002643,万润股份,12.48,-0.46,-3.555,12.48,12.49,12.94,12.78,12.98,12.4,21856324.0,276189598.0,16:29:45,2026-07-30
sz002644,佛慈制药,7.66,-0.05,-0.649,7.65,7.66,7.71,7.67,7.84,7.64,4804000.0,37180179.0,16:29:00,2026-07-30
sz002645,华宏科技,15.76,-1.06,-6.302,15.76,15.77,16.82,16.79,17.02,15.48,36412426.0,586086942.0,16:29:15,2026-07-30
sz002646,天佑德酒,6.86,0.17,2.541,6.86,6.87,6.69,6.67,7.08,6.64,12797999.0,88209469.0,16:29:30,2026-07-30
sz002647,仁东控股,9.03,-0.17,-1.848,9.03,9.04,9.2,9.12,9.33,9.01,20168900.0,184508048.0,16:29:45,2026-07-30
sz002648,卫星化学,25.37,0.33,1.318,25.37,25.38,25.04,25.0,25.48,24.8,51299042.0,1295024014.0,16:29:00,2026-07-30
sz002649,博彦科技,8.73,-0.06,-0.683,8.73,8.74,8.79,8.85,9.08,8.7,11684900.0,103307267.0,16:29:15,2026-07-30
sz002650,ST加加,5.86,0.42,7.721,5.86,5.87,5.44,5.45,5.98,5.4,10970700.0,64253832.0,16:29:30,2026-07-30
sz002651,利君股份,7.8,0.1,1.299,7.79,7.8,7.7,7.67,7.97,7.66,10515300.0,82419765.0,16:29:45,2026-07-30
sz002652,扬子新材,3.43,-0.16,-4.457,3.43,3.44,3.59,3.59,3.65,3.42,16179227.0,57010170.0,16:29:00,2026-07-30
sz002653,海思科,60.05,-3.87,-6.054,60.04,60.05,63.92,63.68,64.37,59.69,11927360.0,732349827.0,16:29:15,2026-07-30
sz002654,万润科技,11.07,-0.32,-2.809,11.06,11.07,11.39,11.25,11.49,10.92,44688542.0,500477630.0,16:29:30,2026-07-30
sz002655,共达电声,21.29,-2.37,-10.017,0.0,21.29,23.66,23.42,24.1,21.29,25726400.0,567479194.0,16:29:45,2026-07-30
sz002656,摩登大道,2.66,-0.06,-2.206,2.66,2.67,2.72,2.72,2.77,2.63,12913300.0,34886192.0,16:29:00,2026-07-30
sz002657,中科金财,15.03,0.64,4.448,15.03,15.04,14.39,14.4,15.83,14.35,30577413.0,470582898.0,16:29:15,2026-07-30
sz002658,雪迪龙,7.14,-0.04,-0.557,7.14,7.15,7.18,7.12,7.19,7.09,4575588.0,32710530.0,16:29:30,2026-07-30
sz002659,凯文教育,4.2,0.05,1.205,4.2,4.21,4.15,4.16,4.42,4.13,31362600.0,133860959.0,16:29:45,2026-07-30
sz002660,茂硕电源,6.4,-0.02,-0.312,6.39,6.4,6.42,6.38,6.5,6.32,4714700.0,30277570.0,16:29:00,2026-07-30
sz002661,克明食品,7.52,0.25,3.439,7.51,7.52,7.27,7.3,7.67,7.25,6109399.0,46071434.0,16:29:15,2026-07-30
sz002662,峰璟股份,3.16,-0.02,-0.629,3.15,3.16,3.18,3.16,3.21,3.13,11502900.0,36485277.0,16:29:30,2026-07-30
sz002663,普邦股份,1.51,-0.03,-1.948,1.51,1.52,1.54,1.52,1.58,1.5,38021323.0,58475313.0,16:29:45,2026-07-30
sz002664,信质集团,15.38,-0.21,-1.347,15.37,15.38,15.59,15.5,15.69,15.21,4140310.0,63962245.0,16:29:00,2026-07-30
sz002666,德联集团,3.97,0.02,0.506,3.97,3.98,3.95,3.92,4.03,3.91,11132000.0,44419129.0,16:29:15,2026-07-30
sz002667,*ST威领,11.72,1.07,10.047,11.72,0.0,10.65,10.99,11.72,10.78,27829583.0,319429723.0,16:29:30,2026-07-30
sz002668,TCL智家,10.63,0.04,0.378,10.62,10.63,10.59,10.6,10.86,10.55,19715590.0,210810373.0,16:29:45,2026-07-30
sz002669,康达新材,11.2,-0.19,-1.668,11.2,11.21,11.39,11.4,11.6,11.04,13367147.0,151824567.0,16:29:00,2026-07-30
sz002670,国盛证券,12.17,0.26,2.183,12.16,12.17,11.91,11.81,12.45,11.8,41038367.0,500726761.0,16:29:15,2026-07-30
sz002671,龙泉股份,3.65,-0.02,-0.545,3.64,3.65,3.67,3.66,3.74,3.61,10793200.0,39712780.0,16:29:30,2026-07-30
sz002672,东江环保,3.4,-0.02,-0.585,3.4,3.41,3.42,3.42,3.5,3.38,8161800.0,28039145.0,16:29:45,2026-07-30
sz002673,西部证券,6.77,0.08,1.196,6.76,6.77,6.69,6.66,6.78,6.66,38805786.0,261411122.0,16:29:00,2026-07-30
sz002674,兴业科技,21.63,-0.51,-2.304,21.63,21.64,22.14,22.53,24.0,21.35,29193695.0,665097572.0,16:29:15,2026-07-30
sz002675,东诚药业,12.79,0.08,0.629,12.78,12.79,12.71,12.69,12.88,12.59,6171853.0,78596252.0,16:29:30,2026-07-30
sz002676,顺威股份,4.79,-0.04,-0.828,4.79,4.8,4.83,4.8,4.9,4.74,9505539.0,45876790.0,16:29:45,2026-07-30
sz002677,浙江美大,6.24,-0.19,-2.955,6.24,6.25,6.43,6.45,6.55,6.2,12313930.0,78091780.0,16:29:00,2026-07-30
sz002678,珠江钢琴,4.25,-0.07,-1.62,4.25,4.26,4.32,4.32,4.39,4.23,7732330.0,33363889.0,16:29:15,2026-07-30
sz002679,福建金森,8.34,-0.04,-0.477,8.34,8.35,8.38,8.38,8.56,8.28,3238900.0,27287303.0,16:29:30,2026-07-30
sz002681,奋达科技,4.25,-0.13,-2.968,4.24,4.25,4.38,4.32,4.41,4.22,40618684.0,175201916.0,16:29:45,2026-07-30
sz002682,龙洲股份,4.14,-0.05,-1.193,4.14,4.15,4.19,4.19,4.35,4.11,23234930.0,97984901.0,16:29:00,2026-07-30
sz002683,广东宏大,27.93,0.09,0.323,27.93,27.95,27.84,27.7,28.5,27.68,9975703.0,280227924.0,16:29:15,2026-07-30
sz002685,华东重机,5.09,-0.14,-2.677,5.09,5.1,5.23,5.18,5.27,5.06,29864074.0,154090710.0,16:29:30,2026-07-30
sz002686,亿利达,5.81,0.53,10.038,5.81,0.0,5.28,5.55,5.81,5.55,20657200.0,118797584.0,16:29:45,2026-07-30
sz002687,乔治白,4.59,-0.36,-7.273,4.59,4.6,4.95,4.88,4.9,4.57,28998858.0,136832270.0,16:29:00,2026-07-30
sz002688,金河生物,5.02,0.02,0.4,5.02,5.03,5.0,4.99,5.09,4.96,8741100.0,43993970.0,16:29:15,2026-07-30
sz002689,ST远智,2.56,-0.02,-0.775,2.56,2.57,2.58,2.58,2.6,2.52,7385100.0,18925859.0,16:29:30,2026-07-30
sz002690,美亚光电,15.94,0.24,1.529,15.93,15.94,15.7,15.64,16.02,15.62,9485331.0,150392441.0,16:29:45,2026-07-30
sz002691,*ST冀凯,3.73,-0.01,-0.267,3.71,3.73,3.74,3.74,3.87,3.68,3869400.0,14636319.0,16:29:00,2026-07-30
sz002692,远程股份,3.74,-0.1,-2.604,3.74,3.75,3.84,3.81,3.93,3.72,15407399.0,58753073.0,16:29:15,2026-07-30
sz002693,双成药业,8.44,-0.06,-0.706,8.43,8.44,8.5,8.41,8.78,8.34,15856567.0,135204998.0,16:29:30,2026-07-30
sz002694,*ST顾地,1.96,-0.02,-1.01,1.95,1.96,1.98,1.97,1.99,1.91,4025067.0,7837658.0,16:29:45,2026-07-30
sz002695,煌上煌,9.19,-0.18,-1.921,9.19,9.2,9.37,9.47,9.84,9.11,17853300.0,166863381.0,16:29:00,2026-07-30
sz002696,百洋股份,5.08,-0.09,-1.741,5.08,5.09,5.17,5.18,5.27,5.02,8458860.0,43635480.0,16:29:15,2026-07-30
sz002697,红旗连锁,4.67,0.04,0.864,4.67,4.68,4.63,4.62,4.76,4.62,25489500.0,119817481.0,16:29:30,2026-07-30
sz002698,博实股份,13.42,0.04,0.299,13.42,13.43,13.38,13.41,13.69,13.11,18388758.0,248315469.0,16:29:45,2026-07-30
sz002700,万憬能源,5.5,-0.14,-2.482,5.5,5.51,5.64,5.67,5.73,5.45,8575500.0,47639098.0,16:29:00,2026-07-30
sz002701,奥瑞金,5.01,0.06,1.212,5.0,5.01,4.95,4.95,5.03,4.93,29676540.0,148102837.0,16:29:15,2026-07-30
sz002702,海欣食品,4.94,0.45,10.022,4.94,0.0,4.49,4.55,4.94,4.55,35998670.0,172610373.0,16:29:30,2026-07-30
sz002703,浙江世宝,14.61,1.33,10.015,14.61,0.0,13.28,13.28,14.61,13.18,49031243.0,703339421.0,16:29:45,2026-07-30
sz002705,新宝股份,11.78,0.28,2.435,11.78,11.79,11.5,11.51,11.91,11.43,10631750.0,125073246.0,16:29:00,2026-07-30
sz002706,良信股份,8.8,-0.09,-1.012,8.8,8.81,8.89,8.81,8.96,8.65,19099848.0,168251625.0,16:29:15,2026-07-30
sz002707,众信旅游,5.05,-0.03,-0.591,5.05,5.06,5.08,5.1,5.23,5.04,21560744.0,110798416.0,16:29:30,2026-07-30
sz002708,光洋股份,9.25,-0.57,-5.804,9.25,9.26,9.82,9.75,9.79,9.22,17941924.0,170220641.0,16:29:45,2026-07-30
sz002709,天赐材料,35.68,-1.11,-3.017,35.67,35.68,36.79,36.77,37.1,35.52,59454438.0,2156664733.0,16:29:00,2026-07-30
sz002712,思美传媒,4.46,0.09,2.059,4.46,4.47,4.37,4.35,4.8,4.32,27300886.0,123529468.0,16:29:15,2026-07-30
sz002713,东易日盛,8.82,-0.24,-2.649,8.82,8.83,9.06,8.97,9.32,8.82,17021982.0,153373491.0,16:29:30,2026-07-30
sz002714,牧原股份,39.92,1.04,2.675,39.92,39.93,38.88,38.78,40.3,38.56,79358299.0,3151523635.0,16:29:45,2026-07-30
sz002715,登云股份,12.5,-0.33,-2.572,12.42,12.5,12.83,12.68,12.98,12.2,3215100.0,40265649.0,16:29:00,2026-07-30
sz002716,湖南白银,7.67,-0.13,-1.667,7.67,7.68,7.8,7.9,8.03,7.6,129376716.0,1012688505.0,16:29:15,2026-07-30
sz002717,*ST岭南,1.0,-0.01,-0.99,1.0,1.01,1.01,1.0,1.02,0.99,38894430.0,39109762.0,16:29:30,2026-07-30
sz002718,友邦吊顶,76.28,-5.67,-6.919,76.28,76.29,81.95,82.0,82.58,74.44,2057166.0,159765351.0,16:29:45,2026-07-30
sz002719,ST麦趣,5.91,0.18,3.141,5.91,5.92,5.73,5.73,5.98,5.64,7566401.0,44162955.0,16:29:00,2026-07-30
sz002721,金一文化,2.38,0.02,0.847,2.38,2.39,2.36,2.35,2.42,2.34,43902100.0,105178058.0,16:29:15,2026-07-30
sz002722,物产金轮,12.26,0.07,0.574,12.25,12.26,12.19,12.11,12.41,12.07,3478349.0,42712539.0,16:29:30,2026-07-30
sz002723,小崧股份,6.42,-0.23,-3.459,6.42,6.43,6.65,6.62,6.72,6.39,8156340.0,53409011.0,16:29:45,2026-07-30
sz002724,海洋王,5.24,0.01,0.191,5.23,5.24,5.23,5.19,5.3,5.17,6490580.0,34051278.0,16:29:00,2026-07-30
sz002725,跃岭股份,10.5,-0.43,-3.934,10.49,10.5,10.93,10.88,10.98,10.39,6325620.0,67286716.0,16:29:15,2026-07-30
sz002726,ST龙大,2.19,0.11,5.288,2.19,2.2,2.08,2.04,2.28,1.98,148942582.0,316321984.0,16:29:30,2026-07-30
sz002727,一心堂,11.68,0.09,0.777,11.67,11.68,11.59,11.56,11.8,11.47,9786552.0,113950856.0,16:29:45,2026-07-30
sz002728,特一药业,8.62,-0.13,-1.486,8.62,8.63,8.75,8.69,8.92,8.58,16617146.0,144761960.0,16:29:00,2026-07-30
sz002729,好利科技,12.78,-0.41,-3.108,12.78,12.79,13.19,13.09,13.2,12.63,4768200.0,61476815.0,16:29:15,2026-07-30
sz002730,电光科技,19.39,-1.71,-8.104,19.38,19.39,21.1,20.85,21.18,19.3,10243500.0,204464608.0,16:29:30,2026-07-30
sz002731,*ST萃华,2.06,0.19,10.16,2.06,0.0,1.87,1.85,2.06,1.81,58753325.0,113199436.0,16:29:45,2026-07-30
sz002732,燕塘乳业,13.23,0.16,1.224,13.22,13.23,13.07,12.97,13.67,12.97,5068400.0,67651317.0,16:29:00,2026-07-30
sz002733,雄韬股份,16.83,-1.12,-6.24,16.82,16.83,17.95,17.8,17.92,16.76,14877619.0,255345808.0,16:29:15,2026-07-30
sz002734,利民股份,13.11,-0.2,-1.503,13.11,13.12,13.31,13.25,13.58,13.02,10787360.0,143223067.0,16:29:30,2026-07-30
sz002735,王子新材,10.42,-0.38,-3.519,10.42,10.43,10.8,10.76,10.98,10.38,14354180.0,152373197.0,16:29:45,2026-07-30
sz002736,国信证券,10.32,0.11,1.077,10.31,10.32,10.21,10.16,10.34,10.15,33989670.0,348790147.0,16:29:00,2026-07-30
sz002737,葵花药业,13.66,-0.06,-0.437,13.66,13.67,13.72,13.59,13.88,13.47,6462998.0,88332805.0,16:29:15,2026-07-30
sz002738,中矿资源,47.31,-1.39,-2.854,47.3,47.31,48.7,48.5,49.27,46.8,20130434.0,965430505.0,16:29:30,2026-07-30
sz002739,儒意电影,8.53,-0.19,-2.179,8.52,8.53,8.72,8.63,8.85,8.47,80799730.0,697882914.0,16:29:45,2026-07-30
sz002741,光华科技,20.09,-1.5,-6.948,20.09,20.1,21.59,21.35,21.59,19.81,26003456.0,533099365.0,16:29:00,2026-07-30
sz002742,冀衡医药,3.5,0.03,0.865,3.48,3.5,3.47,3.45,3.58,3.43,9177800.0,32222745.0,16:29:15,2026-07-30
sz002743,富煌钢构,3.53,-0.08,-2.216,3.53,3.54,3.61,3.6,3.68,3.5,8862123.0,31836620.0,16:29:30,2026-07-30
sz002745,木林森,10.11,-0.44,-4.171,10.11,10.12,10.55,10.52,10.78,10.01,60202459.0,617150252.0,16:29:45,2026-07-30
sz002746,仙坛股份,6.04,0.04,0.667,6.03,6.04,6.0,6.01,6.14,5.98,13526686.0,81896164.0,16:29:00,2026-07-30
sz002747,埃斯顿,27.95,-3.11,-10.013,0.0,27.95,31.06,30.5,30.79,27.95,84871043.0,2449273298.0,16:29:15,2026-07-30
sz002748,世龙实业,10.36,-0.16,-1.521,10.36,10.37,10.52,10.46,10.58,10.3,4508100.0,46969924.0,16:29:30,2026-07-30
sz002749,国光股份,9.37,0.35,3.88,9.36,9.37,9.02,9.02,9.46,9.02,6354927.0,59128313.0,16:29:45,2026-07-30
sz002752,昇兴股份,5.82,-0.11,-1.855,5.82,5.83,5.93,5.9,5.95,5.76,12017592.0,70464355.0,16:29:00,2026-07-30
sz002753,永东股份,6.02,0.0,0.0,6.02,6.03,6.02,6.03,6.12,5.95,2815400.0,17028422.0,16:29:15,2026-07-30
sz002755,奥赛康,12.74,-0.34,-2.599,12.74,12.75,13.08,13.01,13.23,12.6,9445016.0,121485494.0,16:29:30,2026-07-30
sz002756,永兴材料,45.79,-1.15,-2.45,45.79,45.8,46.94,46.73,47.39,45.53,11917510.0,552338629.0,16:29:45,2026-07-30
sz002757,南兴股份,15.36,-0.37,-2.352,15.36,15.37,15.73,15.9,16.77,15.34,22128250.0,352775082.0,16:29:00,2026-07-30
sz002758,浙农股份,7.88,0.01,0.127,7.88,7.89,7.87,7.85,7.93,7.82,4963000.0,39147058.0,16:29:15,2026-07-30
sz002759,ST天际,14.61,-0.28,-1.88,14.61,14.62,14.89,14.8,15.5,14.6,44906919.0,679341006.0,16:29:30,2026-07-30
sz002760,凤形股份,15.9,-0.23,-1.426,15.9,15.96,16.13,16.1,16.42,15.63,3939633.0,62963371.0,16:29:45,2026-07-30
sz002761,浙江建投,7.49,0.23,3.168,7.49,7.5,7.26,7.26,7.59,7.23,20834629.0,155060573.0,16:29:00,2026-07-30
sz002762,金发拉比,8.12,-0.06,-0.733,8.11,8.12,8.18,8.24,8.5,8.08,4976500.0,41099448.0,16:29:15,2026-07-30
sz002763,汇洁股份,7.05,0.01,0.142,7.05,7.06,7.04,7.06,7.22,7.0,8505003.0,60505657.0,16:29:30,2026-07-30
sz002765,蓝黛科技,6.43,-0.05,-0.772,6.43,6.44,6.48,6.48,6.59,6.39,10419400.0,67725051.0,16:29:45,2026-07-30
sz002766,索菱股份,3.81,-0.01,-0.262,3.8,3.81,3.82,3.8,4.08,3.78,29508033.0,114902158.0,16:29:00,2026-07-30
sz002767,先锋电子,15.41,-0.45,-2.837,15.4,15.41,15.86,15.77,15.95,14.97,4015900.0,61925967.0,16:29:15,2026-07-30
sz002768,国恩股份,44.09,-3.67,-7.684,44.09,44.1,47.76,47.76,47.78,43.87,12638132.0,568441132.0,16:29:30,2026-07-30
sz002769,普路通,6.47,-0.08,-1.221,6.47,6.49,6.55,6.55,6.7,6.43,6480900.0,42509526.0,16:29:45,2026-07-30
sz002771,真视通,11.41,-0.3,-2.562,11.4,11.41,11.71,11.57,11.92,11.36,7848183.0,91098650.0,16:29:00,2026-07-30
sz002772,众兴菌业,9.92,-0.25,-2.458,9.92,9.93,10.17,10.13,10.39,9.9,17796689.0,180465200.0,16:29:15,2026-07-30
sz002773,康弘药业,21.46,-0.18,-0.832,21.46,21.47,21.64,21.57,21.98,21.32,5581200.0,120604525.0,16:29:30,2026-07-30
sz002774,快意电梯,13.47,-1.5,-10.02,0.0,13.47,14.97,14.85,15.72,13.47,15122850.0,217386880.0,16:29:45,2026-07-30
sz002775,文科股份,3.6,-0.23,-6.005,3.6,3.61,3.83,3.8,3.87,3.53,29981955.0,110177140.0,16:29:00,2026-07-30
sz002777,久远银海,12.75,0.15,1.19,12.74,12.75,12.6,12.6,12.93,12.6,9229998.0,118365801.0,16:29:15,2026-07-30
sz002778,中晟高科,13.91,-0.59,-4.069,13.91,13.96,14.5,14.5,14.84,13.74,5041585.0,71237417.0,16:29:30,2026-07-30
sz002779,中坚科技,55.16,-2.15,-3.752,55.07,55.16,57.31,56.84,57.98,54.06,2251540.0,125713359.0,16:29:45,2026-07-30
sz002780,三夫户外,12.55,-0.18,-1.414,12.55,12.56,12.73,12.7,13.09,12.55,7492200.0,96046477.0,16:29:00,2026-07-30
sz002782,可立克,13.21,-0.78,-5.575,13.21,13.22,13.99,13.83,13.93,13.1,13813900.0,185606016.0,16:29:15,2026-07-30
sz002783,凯龙股份,7.27,0.01,0.138,7.27,7.28,7.26,7.25,7.55,7.22,8865934.0,65367527.0,16:29:30,2026-07-30
sz002785,万里石,30.78,-2.22,-6.727,30.78,30.79,33.0,32.91,33.0,30.68,5127858.0,161921359.0,16:29:45,2026-07-30
sz002786,银宝山新,7.25,-0.16,-2.159,7.24,7.25,7.41,7.32,7.48,7.21,7172700.0,52607663.0,16:29:00,2026-07-30
sz002787,华源控股,17.94,-1.31,-6.805,17.94,17.95,19.25,19.01,19.38,17.33,21269606.0,384791980.0,16:29:15,2026-07-30
sz002788,鹭燕医药,9.98,0.01,0.1,9.97,9.98,9.97,9.93,10.44,9.85,22381300.0,225837170.0,16:29:30,2026-07-30
sz002789,*ST建艺,8.82,-0.15,-1.672,8.8,8.82,8.97,8.95,9.13,8.71,2302100.0,20405789.0,16:29:45,2026-07-30
sz002790,瑞尔特,5.5,-0.04,-0.722,5.5,5.52,5.54,5.55,5.67,5.48,4641412.0,25865846.0,16:29:00,2026-07-30
sz002791,坚朗五金,15.21,-0.17,-1.105,15.21,15.22,15.38,15.44,15.64,15.17,10330566.0,159112114.0,16:29:15,2026-07-30
sz002792,通宇通讯,22.55,-1.42,-5.924,22.55,22.56,23.97,23.72,24.15,22.41,15527447.0,358679554.0,16:29:30,2026-07-30
sz002793,罗欣药业,4.55,-0.21,-4.412,4.55,4.56,4.76,4.7,4.78,4.54,43996668.0,203928567.0,16:29:45,2026-07-30
sz002795,永和智控,5.89,-0.18,-2.965,5.89,5.9,6.07,6.01,6.1,5.8,22382600.0,133016415.0,16:29:00,2026-07-30
sz002796,世嘉科技,23.52,-1.98,-7.765,23.51,23.53,25.5,25.31,25.56,23.03,11428038.0,273963688.0,16:29:15,2026-07-30
sz002797,第一创业,6.53,0.0,0.0,6.53,6.54,6.53,6.48,6.57,6.46,50642551.0,330361914.0,16:29:30,2026-07-30
sz002798,帝欧水华,5.13,-0.17,-3.208,5.13,5.14,5.3,5.3,5.54,5.1,14503973.0,77499840.0,16:29:45,2026-07-30
sz002799,环球印务,6.23,-0.02,-0.32,6.21,6.23,6.25,6.24,6.37,6.16,4748244.0,29733636.0,16:29:00,2026-07-30
sz002800,天顺股份,12.24,0.0,0.0,12.24,12.25,12.24,12.39,12.59,11.83,3691600.0,45076781.0,16:29:15,2026-07-30
sz002801,微光股份,26.88,-0.35,-1.285,26.83,26.89,27.23,27.12,27.35,26.63,951920.0,25687127.0,16:29:30,2026-07-30
sz002802,洪汇新材,10.5,0.05,0.478,10.48,10.5,10.45,10.45,10.65,10.28,2510174.0,26380091.0,16:29:45,2026-07-30
sz002803,吉宏股份,17.45,-0.77,-4.226,17.45,17.46,18.22,18.18,18.45,17.35,9274951.0,165196231.0,16:29:00,2026-07-30
sz002805,丰元股份,16.81,-0.53,-3.057,16.8,16.81,17.34,17.29,17.53,16.78,15964802.0,272892297.0,16:29:15,2026-07-30
sz002806,华锋股份,12.1,-0.72,-5.616,12.1,12.11,12.82,12.58,12.94,11.87,10731681.0,131360061.0,16:29:30,2026-07-30
sz002807,江阴银行,4.12,0.07,1.728,4.11,4.12,4.05,4.04,4.13,4.03,58586043.0,240575372.0,16:29:45,2026-07-30
sz002809,红墙股份,7.44,-0.1,-1.326,7.44,7.45,7.54,7.5,7.64,7.38,5366100.0,40305471.0,16:29:00,2026-07-30
sz002810,山东赫达,19.46,-0.13,-0.664,19.45,19.46,19.59,19.51,20.05,19.4,6795336.0,134108600.0,16:29:15,2026-07-30
sz002811,郑中设计,9.59,-0.17,-1.742,9.58,9.59,9.76,9.74,10.07,9.55,5044300.0,49487385.0,16:29:30,2026-07-30
sz002812,恩捷股份,53.17,-0.19,-0.356,53.17,53.18,53.36,53.0,55.0,52.4,21758018.0,1169259766.0,16:29:45,2026-07-30
sz002813,路畅科技,20.3,-0.03,-0.148,20.3,20.31,20.33,20.2,21.07,19.99,2814800.0,57849405.0,16:29:00,2026-07-30
sz002815,崇达技术,10.78,-0.61,-5.356,10.78,10.79,11.39,11.22,11.38,10.7,37311600.0,410050087.0,16:29:15,2026-07-30
sz002816,*ST和科,23.03,-0.27,-1.159,23.01,23.05,23.3,23.31,23.89,22.79,1699700.0,39665983.0,16:29:30,2026-07-30
sz002817,黄山胶囊,6.03,0.01,0.166,6.03,6.04,6.02,6.02,6.11,5.92,6965100.0,42041277.0,16:29:45,2026-07-30
sz002818,富森美,11.17,0.24,2.196,11.17,11.18,10.93,10.9,11.19,10.9,6950865.0,77266858.0,16:29:00,2026-07-30
sz002819,东方中科,19.64,-0.48,-2.386,19.63,19.64,20.12,19.89,20.26,19.62,2199500.0,43900627.0,16:29:15,2026-07-30
sz002820,桂发祥,8.64,-0.06,-0.69,8.64,8.65,8.7,8.62,8.95,8.59,10269720.0,90070341.0,16:29:30,2026-07-30
sz002821,凯莱英,145.95,-9.06,-5.845,145.94,145.95,155.01,155.01,155.01,142.43,11585464.0,1712528370.0,16:29:45,2026-07-30
sz002822,ST中装,2.98,0.04,1.361,2.97,2.98,2.94,2.97,3.04,2.94,9296906.0,27793008.0,16:29:00,2026-07-30
sz002823,凯中精密,12.56,-0.2,-1.567,12.56,12.57,12.76,12.78,12.94,12.42,5391271.0,68375289.0,16:29:15,2026-07-30
sz002824,和胜股份,18.85,-1.88,-9.069,18.85,18.86,20.73,20.6,20.82,18.72,20069014.0,390019868.0,16:29:30,2026-07-30
sz002825,纳尔股份,7.81,-0.05,-0.636,7.81,7.82,7.86,7.86,7.96,7.74,3193579.0,25050859.0,16:29:45,2026-07-30
sz002826,易明医药,15.51,-0.48,-3.002,15.5,15.51,15.99,15.96,16.07,15.41,2869200.0,45039769.0,16:29:00,2026-07-30
sz002827,高争民爆,31.45,2.86,10.003,31.45,0.0,28.59,31.45,31.45,31.45,1662200.0,52276190.0,16:29:15,2026-07-30
sz002828,贝肯能源,0.0,0.0,0.0,0.0,0.0,12.43,0.0,0.0,0.0,0.0,0.0,16:29:30,2026-07-30
sz002829,星网宇达,18.55,-1.89,-9.247,18.55,18.56,20.44,20.2,20.24,18.4,19733309.0,381027237.0,16:29:45,2026-07-30
sz002830,名雕股份,11.47,-0.49,-4.097,11.47,11.49,11.96,11.83,12.16,11.41,4207760.0,49560054.0,16:29:00,2026-07-30
sz002831,裕同科技,25.36,-0.9,-3.427,25.34,25.36,26.26,26.0,26.26,24.92,12525671.0,319179062.0,16:29:15,2026-07-30
sz002832,比音勒芬,25.8,1.52,6.26,25.8,25.81,24.28,23.94,25.98,23.85,26952758.0,671434230.0,16:29:30,2026-07-30
sz002833,弘亚数控,17.7,-0.44,-2.426,17.7,17.73,18.14,18.0,18.02,17.41,13027440.0,231703145.0,16:29:45,2026-07-30
sz002835,同为股份,11.45,-0.12,-1.037,11.44,11.46,11.57,11.54,11.76,11.41,3049000.0,35299655.0,16:29:00,2026-07-30
sz002836,新宏泽,8.65,-0.06,-0.689,8.63,8.65,8.71,8.72,8.94,8.55,2866300.0,25073888.0,16:29:15,2026-07-30
sz002837,英维克,47.15,-5.24,-10.002,0.0,47.15,52.39,51.03,52.0,47.15,46515545.0,2252530601.0,16:29:30,2026-07-30
sz002838,道恩股份,24.95,-0.94,-3.631,24.93,24.95,25.89,25.6,25.87,24.38,5189853.0,129783909.0,16:29:45,2026-07-30
sz002839,张家港行,4.61,0.12,2.673,4.6,4.61,4.49,4.49,4.61,4.48,45207487.0,206998260.0,16:29:00,2026-07-30
sz002840,华统股份,7.6,0.08,1.064,7.59,7.6,7.52,7.5,7.75,7.45,17239900.0,131722941.0,16:29:15,2026-07-30
sz002841,视源股份,42.25,-2.37,-5.312,42.25,42.26,44.62,43.83,44.36,41.83,14113118.0,604309780.0,16:29:30,2026-07-30
sz002842,翔鹭钨业,28.78,-1.51,-4.985,28.78,28.79,30.29,30.27,31.42,28.36,29048879.0,860549540.0,16:29:45,2026-07-30
sz002843,泰嘉股份,14.41,-1.43,-9.028,14.41,14.42,15.84,15.75,15.81,14.36,14015667.0,208321200.0,16:29:00,2026-07-30
sz002845,同兴达,11.78,-0.45,-3.679,11.77,11.78,12.23,12.08,12.17,11.7,9660946.0,114948482.0,16:29:15,2026-07-30
sz002846,英联股份,10.74,0.98,10.041,10.74,0.0,9.76,9.8,10.74,9.75,11898096.0,124513908.0,16:29:30,2026-07-30
sz002847,盐津铺子,52.25,-0.24,-0.457,52.24,52.25,52.49,52.28,53.38,51.18,7581905.0,397501130.0,16:29:45,2026-07-30
sz002848,高斯贝尔,11.76,-0.47,-3.843,11.76,11.77,12.23,12.15,12.4,11.75,4992000.0,59785092.0,16:29:00,2026-07-30
sz002849,威星智能,13.27,-0.73,-5.214,13.26,13.27,14.0,13.89,14.02,13.08,5258570.0,71020950.0,16:29:15,2026-07-30
sz002850,科达利,170.6,-3.64,-2.089,170.51,170.6,174.24,173.0,174.0,164.0,5188442.0,877802962.0,16:29:30,2026-07-30
sz002851,麦格米特,96.77,-10.75,-9.998,0.0,96.77,107.52,106.75,107.43,96.77,37249389.0,3731284049.0,16:29:45,2026-07-30
sz002852,道道全,7.64,0.05,0.659,7.64,7.68,7.59,7.61,7.75,7.55,3722300.0,28546576.0,16:29:00,2026-07-30
sz002853,皮阿诺,18.06,-1.34,-6.907,18.06,18.07,19.4,19.4,19.59,17.78,2115221.0,38890894.0,16:29:15,2026-07-30
sz002855,捷荣技术,9.44,-0.1,-1.048,9.44,9.45,9.54,9.48,9.7,9.4,4009309.0,38353567.0,16:29:30,2026-07-30
sz002856,*ST美芝,13.59,-0.99,-6.79,13.56,13.59,14.58,14.32,14.5,13.45,6251800.0,87016478.0,16:29:45,2026-07-30
sz002857,三晖电气,14.96,-0.54,-3.484,14.96,14.97,15.5,15.5,15.98,14.95,3746962.0,57776252.0,16:29:00,2026-07-30
sz002858,力盛体育,10.88,0.0,0.0,10.88,10.89,10.88,10.88,11.17,10.79,6201300.0,68127154.0,16:29:15,2026-07-30
sz002859,洁美科技,59.73,0.14,0.235,59.72,59.73,59.59,59.66,63.6,55.99,34155125.0,2060517837.0,16:29:30,2026-07-30
sz002860,星帅尔,17.4,-1.93,-9.984,0.0,17.4,19.33,18.78,19.14,17.4,20747581.0,381111162.0,16:29:45,2026-07-30
sz002861,瀛通通讯,14.07,-0.42,-2.899,14.07,14.08,14.49,14.5,14.65,14.04,8361299.0,119359088.0,16:29:00,2026-07-30
sz002862,实丰文化,12.73,-0.15,-1.165,12.73,12.76,12.88,12.85,13.33,12.71,3769730.0,49154504.0,16:29:15,2026-07-30
sz002863,今飞凯达,4.25,-0.05,-1.163,4.25,4.26,4.3,4.25,4.35,4.23,9441666.0,40533431.0,16:29:30,2026-07-30
sz002864,盘龙药业,20.25,-0.4,-1.937,20.24,20.25,20.65,20.66,20.85,20.18,3144150.0,64329546.0,16:29:45,2026-07-30
sz002865,钧达股份,39.53,-1.97,-4.747,39.52,39.53,41.5,41.01,41.83,39.33,9249077.0,371917689.0,16:29:00,2026-07-30
sz002866,传艺科技,14.69,0.08,0.548,14.69,14.7,14.61,14.6,15.48,14.45,18808996.0,279667914.0,16:29:15,2026-07-30
sz002867,周大生,12.74,0.29,2.329,12.73,12.74,12.45,12.42,12.79,12.41,9435555.0,119612696.0,16:29:30,2026-07-30
sz002868,绿康生化,21.33,-0.87,-3.919,21.3,21.33,22.2,22.35,22.65,21.29,1955400.0,42642999.0,16:29:45,2026-07-30
sz002869,金溢科技,15.16,-0.51,-3.255,15.15,15.16,15.67,15.59,16.17,15.13,4523253.0,70248530.0,16:29:00,2026-07-30
sz002870,香山股份,37.37,-1.22,-3.161,37.34,37.37,38.59,38.45,38.65,37.0,2950200.0,111104426.0,16:29:15,2026-07-30
sz002871,伟隆股份,14.48,-1.15,-7.358,14.48,14.49,15.63,15.47,15.63,14.4,3554797.0,52795441.0,16:29:30,2026-07-30
sz002872,ST天圣,4.89,-0.04,-0.811,4.89,4.91,4.93,4.9,4.97,4.88,1216800.0,5989897.0,16:29:45,2026-07-30
sz002873,新天药业,7.49,-0.14,-1.835,7.48,7.49,7.63,7.62,7.73,7.43,6751948.0,51239461.0,16:29:00,2026-07-30
sz002875,安奈儿,12.01,-0.27,-2.199,12.01,12.02,12.28,12.14,12.48,11.94,4479366.0,54407382.0,16:29:15,2026-07-30
sz002876,三利谱,26.17,-0.94,-3.467,26.16,26.17,27.11,26.99,27.18,26.09,3320425.0,88360735.0,16:29:30,2026-07-30
sz002877,智能自控,6.84,-0.05,-0.726,6.84,6.85,6.89,6.9,6.98,6.77,5436020.0,37395561.0,16:29:45,2026-07-30
sz002878,元隆雅图,11.71,-0.05,-0.425,11.71,11.72,11.76,11.77,12.08,11.54,7470600.0,88575285.0,16:29:00,2026-07-30
sz002879,长缆科技,16.14,-1.79,-9.983,0.0,16.14,17.93,17.52,18.78,16.14,38842894.0,674579169.0,16:29:15,2026-07-30
sz002880,卫光生物,19.75,0.07,0.356,19.73,19.77,19.68,19.7,20.35,19.54,1583010.0,31589344.0,16:29:30,2026-07-30
sz002881,美格智能,33.93,-3.77,-10.0,0.0,33.93,37.7,36.78,37.28,33.93,13047054.0,458507436.0,16:29:45,2026-07-30
sz002882,金龙羽,21.62,1.97,10.025,21.62,0.0,19.65,20.58,21.62,20.58,15523715.0,331261467.0,16:29:00,2026-07-30
sz002883,*ST中设,8.38,-0.13,-1.528,8.35,8.38,8.51,8.54,8.6,8.29,881340.0,7416333.0,16:29:15,2026-07-30
sz002884,凌霄泵业,16.39,-0.08,-0.486,16.38,16.39,16.47,16.42,16.55,16.28,2131500.0,34979712.0,16:29:30,2026-07-30
sz002885,京泉华,22.35,-2.03,-8.326,22.35,22.37,24.38,24.24,24.34,22.1,16255640.0,374090199.0,16:29:45,2026-07-30
sz002886,沃特股份,17.0,-0.63,-3.573,16.99,17.0,17.63,17.4,17.72,16.8,9148040.0,157081412.0,16:29:00,2026-07-30
sz002887,绿茵生态,9.27,-0.41,-4.236,9.27,9.28,9.68,9.63,9.83,9.11,4523300.0,42907599.0,16:29:15,2026-07-30
sz002888,惠威科技,15.47,-0.43,-2.704,15.46,15.47,15.9,15.8,16.13,15.43,2926100.0,46035916.0,16:29:30,2026-07-30
sz002889,东方嘉盛,12.38,-0.4,-3.13,12.37,12.38,12.78,11.5,12.65,11.5,19315333.0,232730659.0,16:29:45,2026-07-30
sz002890,弘宇股份,12.82,-0.59,-4.4,12.76,12.82,13.41,13.41,13.63,12.68,2097564.0,27460299.0,16:29:00,2026-07-30
sz002891,中宠股份,32.55,0.95,3.006,32.55,32.56,31.6,31.55,34.68,31.48,29818164.0,989277049.0,16:29:15,2026-07-30
sz002892,科力尔,9.34,0.01,0.107,9.33,9.34,9.33,9.23,9.49,9.23,7296936.0,68479659.0,16:29:30,2026-07-30
sz002893,京能热力,9.55,0.01,0.105,9.55,9.56,9.54,9.5,9.66,9.47,6154600.0,58914611.0,16:29:45,2026-07-30
sz002895,川恒股份,35.45,0.29,0.825,35.42,35.45,35.16,35.14,35.8,34.72,8669100.0,305017418.0,16:29:00,2026-07-30
sz002896,中大力德,59.31,-2.84,-4.57,59.3,59.31,62.15,61.35,61.8,58.51,6921249.0,416913036.0,16:29:15,2026-07-30
sz002897,意华股份,49.47,-5.5,-10.005,0.0,49.47,54.97,54.23,54.94,49.47,13153907.0,668855451.0,16:29:30,2026-07-30
sz002899,英派斯,17.85,-0.1,-0.557,17.85,17.86,17.95,17.8,18.17,17.12,3703400.0,65203714.0,16:29:45,2026-07-30
sz002900,哈三联,11.56,-0.24,-2.034,11.56,11.57,11.8,11.99,12.7,11.35,31042913.0,372445040.0,16:29:00,2026-07-30
sz002901,大博医疗,44.21,-0.23,-0.518,44.21,44.22,44.44,44.46,45.08,43.51,2047900.0,90861150.0,16:29:15,2026-07-30
sz002902,铭普光磁,19.85,-1.42,-6.676,19.85,19.86,21.27,21.3,21.3,19.75,12295313.0,250408784.0,16:29:30,2026-07-30
sz002903,宇环数控,23.1,-2.15,-8.515,23.1,23.17,25.25,26.19,26.5,22.82,27856699.0,676705060.0,16:29:45,2026-07-30
sz002905,金逸影视,7.16,-0.16,-2.186,7.16,7.17,7.32,7.32,7.49,7.13,4982200.0,36399012.0,16:29:00,2026-07-30
sz002906,华阳集团,25.14,0.16,0.641,25.13,25.14,24.98,24.8,25.61,24.61,6114299.0,154249257.0,16:29:15,2026-07-30
sz002907,华森制药,12.46,-0.15,-1.19,12.46,12.47,12.61,12.51,12.82,12.33,4588400.0,57598868.0,16:29:30,2026-07-30
sz002908,德生科技,6.57,-0.02,-0.303,6.57,6.58,6.59,6.55,6.73,6.55,5594800.0,37181585.0,16:29:45,2026-07-30
sz002909,集泰股份,4.65,-0.06,-1.274,4.65,4.66,4.71,4.72,4.8,4.62,6842900.0,32263017.0,16:29:00,2026-07-30
sz002910,庄园牧场,8.15,-0.37,-4.343,8.14,8.15,8.52,8.65,8.66,8.12,16753700.0,139029706.0,16:29:15,2026-07-30
sz002911,佛燃能源,11.66,0.26,2.281,11.65,11.66,11.4,11.35,11.68,11.3,7984237.0,92385007.0,16:29:30,2026-07-30
sz002912,中新赛克,18.2,-0.28,-1.515,18.2,18.21,18.48,18.23,18.84,18.12,2713456.0,50148849.0,16:29:45,2026-07-30
sz002913,奥士康,38.11,-2.67,-6.547,38.11,38.15,40.78,40.36,41.49,37.5,8601397.0,338291852.0,16:29:00,2026-07-30
sz002915,中欣氟材,15.64,-0.24,-1.511,15.63,15.64,15.88,15.8,15.98,15.61,5040647.0,79590440.0,16:29:15,2026-07-30
sz002916,深南电路,284.5,-31.51,-9.971,284.49,284.5,316.01,312.7,317.0,284.41,13925098.0,4077951977.0,16:29:30,2026-07-30
sz002917,金奥博,10.01,-0.09,-0.891,10.01,10.03,10.1,10.11,10.19,9.9,3206500.0,32283236.0,16:29:45,2026-07-30
sz002918,蒙娜丽莎,9.0,-0.38,-4.051,8.99,9.0,9.38,9.29,9.32,8.93,13407975.0,122546741.0,16:29:00,2026-07-30
sz002919,名臣健康,15.22,-0.93,-5.759,15.22,15.24,16.15,16.33,16.46,15.16,4391134.0,68641889.0,16:29:15,2026-07-30
sz002920,德赛西威,88.94,3.09,3.599,88.93,88.94,85.85,85.76,89.46,85.32,15944243.0,1407407766.0,16:29:30,2026-07-30
sz002921,联诚精密,20.29,0.19,0.945,20.29,20.3,20.1,20.29,21.4,19.68,11599648.0,236988178.0,16:29:45,2026-07-30
sz002922,伊戈尔,23.13,-0.9,-3.745,23.13,23.14,24.03,24.03,24.22,22.88,14033058.0,329296960.0,16:29:00,2026-07-30
sz002923,润都股份,10.17,-0.3,-2.865,10.17,10.18,10.47,10.43,10.58,10.09,7907100.0,81374392.0,16:29:15,2026-07-30
sz002925,盈趣科技,21.44,-1.36,-5.965,21.44,21.45,22.8,22.5,22.68,21.4,13769301.0,303118767.0,16:29:30,2026-07-30
sz002926,华西证券,8.38,0.06,0.721,8.37,8.38,8.32,8.28,8.42,8.25,16199746.0,135144847.0,16:29:45,2026-07-30
sz002927,泰永长征,14.13,-0.58,-3.943,14.13,14.14,14.71,14.56,14.85,13.97,6532432.0,93827043.0,16:29:00,2026-07-30
sz002928,华夏航空,6.47,0.04,0.622,6.46,6.47,6.43,6.35,6.55,6.35,30128286.0,194893207.0,16:29:15,2026-07-30
sz002929,润建股份,43.61,-3.65,-7.723,43.61,43.62,47.26,46.72,47.72,43.14,13791634.0,619711962.0,16:29:30,2026-07-30
sz002930,宏川智慧,8.24,-0.2,-2.37,8.24,8.25,8.44,8.41,8.53,8.22,8825648.0,73746472.0,16:29:45,2026-07-30
sz002931,锋龙股份,40.82,-2.73,-6.269,40.8,40.83,43.55,43.16,43.3,40.42,10498029.0,438039890.0,16:29:00,2026-07-30
sz002932,*ST明德,14.33,-0.33,-2.251,14.33,14.4,14.66,14.74,14.74,14.3,1072866.0,15594532.0,16:29:15,2026-07-30
sz002933,新兴装备,24.45,-0.32,-1.292,24.43,24.45,24.77,24.7,25.09,24.4,1113600.0,27572854.0,16:29:30,2026-07-30
sz002935,天奥电子,14.65,-0.55,-3.618,14.65,14.66,15.2,15.0,15.3,14.61,5272174.0,78387614.0,16:29:45,2026-07-30
sz002936,郑州银行,1.85,0.03,1.648,1.84,1.85,1.82,1.81,1.85,1.81,108162310.0,198517510.0,16:29:00,2026-07-30
sz002937,兴瑞科技,25.1,-2.79,-10.004,0.0,25.1,27.89,28.04,28.17,25.1,14247263.0,368849096.0,16:29:15,2026-07-30
sz002938,鹏鼎控股,76.05,-8.45,-10.0,76.05,76.06,84.5,83.3,84.37,76.05,33908236.0,2654321762.0,16:29:30,2026-07-30
sz002939,长城证券,8.31,0.05,0.605,8.3,8.31,8.26,8.21,8.35,8.2,24801139.0,205496387.0,16:29:45,2026-07-30
sz002940,昂利康,23.41,-0.65,-2.702,23.4,23.41,24.06,24.0,24.5,23.32,8307847.0,197924527.0,16:29:00,2026-07-30
sz002941,新疆交建,10.56,0.13,1.246,10.56,10.57,10.43,10.39,10.71,10.32,16772360.0,177599488.0,16:29:15,2026-07-30
sz002942,新农股份,14.4,0.03,0.209,14.39,14.4,14.37,14.29,14.72,14.17,1464100.0,21183671.0,16:29:30,2026-07-30
sz002943,宇晶股份,26.24,-2.02,-7.148,26.2,26.24,28.26,28.23,28.67,25.85,11922394.0,320875708.0,16:29:45,2026-07-30
sz002945,华林证券,14.7,0.33,2.296,14.7,14.71,14.37,14.45,15.39,14.37,48873655.0,725760935.0,16:29:00,2026-07-30
sz002946,新乳业,17.8,0.86,5.077,17.8,17.81,16.94,16.83,18.24,16.64,18080200.0,320618741.0,16:29:15,2026-07-30
sz002947,恒铭达,50.11,-4.47,-8.19,50.1,50.11,54.58,53.98,54.58,49.3,8169437.0,417131195.0,16:29:30,2026-07-30
sz002948,青岛银行,5.9,0.04,0.683,5.89,5.9,5.86,5.84,5.94,5.82,43206823.0,254090697.0,16:29:45,2026-07-30
sz002949,华阳国际,9.8,0.03,0.307,9.78,9.8,9.77,9.77,9.98,9.63,2954400.0,29035606.0,16:29:00,2026-07-30
sz002950,奥美医疗,9.11,0.0,0.0,9.11,9.12,9.11,9.12,9.4,9.02,11111800.0,102670177.0,16:29:15,2026-07-30
sz002951,金时科技,12.8,-0.33,-2.513,12.79,12.8,13.13,13.0,13.41,12.79,8617700.0,112202762.0,16:29:30,2026-07-30
sz002952,亚世光电,17.98,-0.66,-3.541,17.97,17.98,18.64,18.86,18.86,17.87,3137650.0,57284505.0,16:29:45,2026-07-30
sz002953,日丰股份,9.25,-0.34,-3.545,9.25,9.26,9.59,9.5,9.56,9.18,11581977.0,108508068.0,16:29:00,2026-07-30
sz002955,鸿合科技,30.89,-1.61,-4.954,30.89,30.92,32.5,31.77,32.75,30.14,8130137.0,254667346.0,16:29:15,2026-07-30
sz002956,西麦食品,17.57,-0.67,-3.673,17.57,17.58,18.24,18.0,18.58,17.29,13061355.0,232539106.0,16:29:30,2026-07-30
sz002957,科瑞技术,30.75,-3.41,-9.982,30.75,30.76,34.16,34.15,34.31,30.74,17344117.0,551723703.0,16:29:45,2026-07-30
sz002958,青农商行,3.18,0.09,2.913,3.17,3.18,3.09,3.09,3.2,3.08,113229384.0,357482158.0,16:29:00,2026-07-30
sz002959,小熊电器,34.42,0.44,1.295,34.42,34.43,33.98,33.78,34.52,33.78,1203560.0,41270821.0,16:29:15,2026-07-30
sz002960,青鸟智控,7.86,0.04,0.512,7.85,7.86,7.82,7.77,7.92,7.72,10335868.0,81067356.0,16:29:30,2026-07-30
sz002961,瑞达期货,19.54,0.22,1.139,19.53,19.54,19.32,19.24,19.81,19.0,6943659.0,135954646.0,16:29:45,2026-07-30
sz002962,五方光电,11.61,-0.42,-3.491,11.61,11.62,12.03,11.95,12.06,11.56,8916201.0,105080877.0,16:29:00,2026-07-30
sz002963,豪尔赛,12.02,-0.9,-6.966,12.02,12.09,12.92,12.7,12.98,11.79,5695100.0,70009218.0,16:29:15,2026-07-30
sz002965,祥鑫科技,29.54,-3.28,-9.994,0.0,29.54,32.82,31.82,32.49,29.54,14774410.0,451064222.0,16:29:30,2026-07-30
sz002966,苏州银行,8.58,0.24,2.878,8.57,8.58,8.34,8.29,8.61,8.28,73924331.0,628009105.0,16:29:45,2026-07-30
sz002967,广电计量,16.77,0.04,0.239,16.76,16.77,16.73,16.68,17.01,16.56,4379800.0,73473909.0,16:29:00,2026-07-30
sz002968,新大正,8.44,0.0,0.0,8.44,8.46,8.44,8.44,8.65,8.28,4230345.0,35857033.0,16:29:15,2026-07-30
sz002969,嘉美包装,11.83,-1.31,-9.97,0.0,11.83,13.14,12.45,13.5,11.83,126016668.0,1583865514.0,16:29:30,2026-07-30
sz002970,锐明技术,43.68,-2.52,-5.455,43.68,43.7,46.2,46.0,46.2,43.33,3594440.0,159487557.0,16:29:45,2026-07-30
sz002971,和远气体,32.7,-3.55,-9.793,32.7,32.71,36.25,35.89,36.2,32.66,15313600.0,517957312.0,16:29:00,2026-07-30
sz002972,科安达,11.53,-1.03,-8.201,11.53,11.54,12.56,12.49,12.56,11.31,12499314.0,146073075.0,16:29:15,2026-07-30
sz002973,侨银股份,8.75,-0.33,-3.634,8.75,8.76,9.08,9.02,9.16,8.68,7929800.0,70405859.0,16:29:30,2026-07-30
sz002975,博杰股份,69.34,-7.7,-9.995,0.0,69.34,77.04,76.84,78.38,69.34,9573578.0,687036640.0,16:29:45,2026-07-30
sz002976,瑞玛精密,18.26,-0.69,-3.641,18.25,18.26,18.95,18.88,19.72,18.14,6680819.0,124495768.0,16:29:00,2026-07-30
sz002977,*ST天箭,21.02,-0.52,-2.414,21.02,21.06,21.54,21.45,21.75,21.01,1181900.0,25170103.0,16:29:15,2026-07-30
sz002978,安宁股份,26.53,0.13,0.492,26.53,26.54,26.4,26.4,26.7,26.14,2426400.0,64300359.0,16:29:30,2026-07-30
sz002979,雷赛智能,52.15,-5.5,-9.54,52.15,52.17,57.65,58.0,58.0,52.05,15435137.0,831816175.0,16:29:45,2026-07-30
sz002980,华盛昌,63.53,-7.06,-10.001,0.0,63.53,70.59,70.92,71.16,63.53,7824800.0,517639030.0,16:29:00,2026-07-30
sz002981,朝阳科技,22.56,-0.06,-0.265,22.55,22.56,22.62,22.42,22.88,22.28,2383400.0,53649545.0,16:29:15,2026-07-30
sz002982,湘佳股份,11.43,-0.04,-0.349,11.43,11.44,11.47,11.48,11.74,11.32,3580892.0,41298247.0,16:29:30,2026-07-30
sz002983,芯瑞达,17.72,-0.62,-3.381,17.72,17.74,18.34,18.34,18.38,17.6,1950267.0,35067240.0,16:29:45,2026-07-30
sz002984,森麒麟,14.72,0.36,2.507,14.71,14.72,14.36,14.34,14.89,14.33,13812613.0,202868063.0,16:29:00,2026-07-30
sz002985,北摩高科,25.48,0.03,0.118,25.47,25.48,25.45,25.38,25.75,25.22,4215135.0,107563563.0,16:29:15,2026-07-30
sz002986,宇新股份,11.78,-0.05,-0.423,11.77,11.78,11.83,11.84,12.08,11.6,5692797.0,67275408.0,16:29:30,2026-07-30
sz002987,京北方,11.14,0.23,2.108,11.14,11.15,10.91,10.8,11.39,10.78,28981959.0,322613790.0,16:29:45,2026-07-30
sz002988,豪美新材,19.57,-0.52,-2.588,19.57,19.59,20.09,19.9,20.33,19.52,3496984.0,69510354.0,16:29:00,2026-07-30
sz002989,中天精装,19.01,-1.32,-6.493,19.01,19.02,20.33,20.14,20.4,18.88,7072780.0,137458876.0,16:29:15,2026-07-30
sz002990,盛视科技,37.76,-4.19,-9.988,0.0,37.76,41.95,41.79,42.48,37.76,9483300.0,370682007.0,16:29:30,2026-07-30
sz002991,甘源食品,43.05,0.65,1.533,43.04,43.05,42.4,42.39,43.95,42.3,1652600.0,71629876.0,16:29:45,2026-07-30
sz002992,宝明科技,31.09,-1.86,-5.645,31.05,31.09,32.95,33.0,33.11,31.0,1960299.0,62383307.0,16:29:00,2026-07-30
sz002993,奥海科技,33.25,-2.15,-6.073,33.25,33.27,35.4,35.17,35.93,33.02,7062822.0,240016674.0,16:29:15,2026-07-30
sz002995,天地在线,16.6,0.17,1.035,16.6,16.61,16.43,16.3,17.98,16.25,22231491.0,377460975.0,16:29:30,2026-07-30
sz002996,顺博合金,6.12,-0.05,-0.81,6.12,6.13,6.17,6.14,6.25,6.08,5972920.0,36813592.0,16:29:45,2026-07-30
sz002997,瑞鹄模具,25.67,-0.53,-2.023,25.66,25.67,26.2,26.27,26.58,25.6,2899159.0,75555623.0,16:29:00,2026-07-30
sz002998,优彩资源,7.37,0.01,0.136,7.37,7.38,7.36,7.36,7.47,7.24,12609080.0,92881915.0,16:29:15,2026-07-30
sz002999,天禾股份,5.52,0.01,0.181,5.52,5.53,5.51,5.52,5.62,5.48,6278100.0,34867003.0,16:29:30,2026-07-30
sz003000,劲仔食品,10.85,0.25,2.358,10.84,10.85,10.6,10.6,11.03,10.53,10523901.0,114454979.0,16:29:45,2026-07-30
sz003001,中岩大地,17.49,-1.94,-9.985,17.49,17.5,19.43,19.43,19.89,17.49,25961934.0,475167886.0,16:29:00,2026-07-30
sz003002,壶化股份,15.56,-0.15,-0.955,15.56,15.57,15.71,15.6,16.05,15.46,2742871.0,43223967.0,16:29:15,2026-07-30
sz003003,天元股份,9.84,-0.03,-0.304,9.79,9.84,9.87,9.87,10.05,9.68,3486500.0,34465302.0,16:29:30,2026-07-30
sz003004,声迅股份,53.5,-5.11,-8.719,53.45,53.5,58.61,58.2,58.6,52.75,2195622.0,118284227.0,16:29:45,2026-07-30
sz003005,竞业达,12.03,-0.21,-1.716,12.03,12.05,12.24,12.22,12.55,12.02,3115160.0,38259243.0,16:29:00,2026-07-30
sz003006,百亚股份,14.79,0.46,3.21,14.79,14.8,14.33,14.32,15.22,14.3,9260200.0,137395649.0,16:29:15,2026-07-30
sz003007,直真科技,31.8,-1.29,-3.898,31.8,31.81,33.09,32.8,33.47,31.6,1642700.0,53409899.0,16:29:30,2026-07-30
sz003008,开普检测,17.15,-0.08,-0.464,17.15,17.19,17.23,17.3,17.53,17.0,1206750.0,20834713.0,16:29:45,2026-07-30
sz003009,中天火箭,44.33,-2.87,-6.081,44.32,44.33,47.2,46.9,47.15,44.33,4957346.0,225924393.0,16:29:00,2026-07-30
sz003010,若羽臣,26.7,0.87,3.368,26.7,26.71,25.83,25.84,27.32,25.61,16699889.0,444723326.0,16:29:15,2026-07-30
sz003011,海象新材,16.94,-0.34,-1.968,16.94,16.99,17.28,17.28,17.68,16.8,2419700.0,41665040.0,16:29:30,2026-07-30
sz003012,东鹏控股,4.85,0.12,2.537,4.85,4.86,4.73,4.71,4.88,4.68,13947882.0,67282625.0,16:29:45,2026-07-30
sz003013,地铁设计,16.0,-1.1,-6.433,16.0,16.01,17.1,16.87,17.01,15.39,6355268.0,104365609.0,16:29:00,2026-07-30
sz003015,日久光电,10.17,-0.38,-3.602,10.17,10.18,10.55,10.45,10.61,10.08,9346340.0,96241585.0,16:29:15,2026-07-30
sz003016,欣贺股份,6.59,0.01,0.152,6.59,6.6,6.58,6.58,6.71,6.54,3481400.0,23065613.0,16:29:30,2026-07-30
sz003017,大洋生物,20.23,-0.43,-2.081,20.23,20.24,20.66,20.56,20.96,20.18,1598344.0,32820240.0,16:29:45,2026-07-30
sz003018,金富科技,28.85,-3.2,-9.984,0.0,28.85,32.05,32.06,32.25,28.85,14548071.0,434956429.0,16:29:00,2026-07-30
sz003019,宸展光电,20.96,-1.28,-5.755,20.96,20.97,22.24,22.0,22.24,20.9,5336145.0,114395347.0,16:29:15,2026-07-30
sz003020,立方制药,16.16,-0.47,-2.826,16.16,16.17,16.63,16.46,16.88,16.0,10613712.0,174528240.0,16:29:30,2026-07-30
sz003021,兆威机电,72.73,-2.62,-3.477,72.73,72.74,75.35,74.67,75.35,72.66,2434435.0,179507440.0,16:29:45,2026-07-30
sz003022,联泓新科,18.73,-0.22,-1.161,18.72,18.73,18.95,18.84,19.01,18.45,9944899.0,186796263.0,16:29:00,2026-07-30
sz003023,彩虹集团,19.68,-0.12,-0.606,19.67,19.68,19.8,19.88,20.28,19.56,3382087.0,67313190.0,16:29:15,2026-07-30
sz003025,思进智能,11.4,-0.16,-1.384,11.4,11.41,11.56,11.57,11.87,11.4,6401800.0,74471490.0,16:29:30,2026-07-30
sz003026,中晶科技,24.47,-1.81,-6.887,24.47,24.48,26.28,26.29,26.29,24.32,9518237.0,238689772.0,16:29:45,2026-07-30
sz003027,同兴科技,15.04,-0.25,-1.635,15.03,15.04,15.29,15.29,15.68,14.8,3080500.0,46911803.0,16:29:00,2026-07-30
sz003028,振邦智能,20.86,-0.34,-1.604,20.86,20.89,21.2,21.2,21.52,20.77,837890.0,17736528.0,16:29:15,2026-07-30
sz003029,吉大正元,16.19,-0.16,-0.979,16.18,16.2,16.35,16.14,16.58,16.14,3340900.0,54758092.0,16:29:30,2026-07-30
sz003030,祖名股份,20.57,-0.74,-3.473,20.57,20.59,21.31,21.22,21.88,20.53,4175600.0,88179422.0,16:29:45,2026-07-30
sz003031,中瓷电子,91.1,-7.45,-7.56,91.1,91.11,98.55,97.93,98.42,89.09,10003735.0,928687635.0,16:29:00,2026-07-30
sz003032,传智教育,8.01,0.73,10.027,8.01,0.0,7.28,7.8,8.01,7.7,25027500.0,197229902.0,16:29:15,2026-07-30
sz003033,征和工业,55.12,-6.08,-9.935,55.12,55.13,61.2,60.39,61.7,55.08,1861700.0,107058119.0,16:29:30,2026-07-30
sz003035,南网能源,5.44,-0.08,-1.449,5.43,5.44,5.52,5.47,5.59,5.37,31942557.0,174918382.0,16:29:45,2026-07-30
sz003036,泰坦股份,40.95,-4.55,-10.0,0.0,40.95,45.5,45.01,45.87,40.95,6170102.0,262853958.0,16:29:00,2026-07-30
sz003037,三和管桩,5.38,-0.09,-1.645,5.38,5.39,5.47,5.44,5.51,5.35,3353200.0,18211270.0,16:29:15,2026-07-30
sz003038,鑫铂股份,10.13,0.02,0.198,10.11,10.13,10.11,10.08,10.31,10.0,4278960.0,43574041.0,16:29:30,2026-07-30
sz003039,顺控发展,11.84,0.26,2.245,11.83,11.84,11.58,11.58,11.84,11.58,4430300.0,52067762.0,16:29:45,2026-07-30
sz003040,楚天龙,10.94,0.13,1.203,10.94,10.95,10.81,10.77,11.17,10.72,15962969.0,175545930.0,16:29:00,2026-07-30
sz003041,真爱美家,35.98,-0.26,-0.717,35.98,35.99,36.24,35.95,39.6,35.71,3736342.0,140008039.0,16:29:15,2026-07-30
sz003042,中农联合,12.27,0.05,0.409,12.26,12.27,12.22,12.18,12.63,12.17,3717889.0,46088256.0,16:29:30,2026-07-30
sz003043,华亚智能,55.76,-6.2,-10.006,55.76,55.77,61.96,62.59,62.8,55.76,6985369.0,402054706.0,16:29:45,2026-07-30
sz003816,中国广核,4.16,0.08,1.961,4.15,4.16,4.08,4.07,4.16,4.06,91810102.0,378059912.0,16:29:00,2026-07-30
sz300001,特锐德,33.71,-0.46,-1.346,33.71,33.73,34.17,33.63,34.42,33.35,16027465.0,542263420.0,16:29:15,2026-07-30
sz300002,神州泰岳,8.17,-0.1,-1.209,8.17,8.18,8.27,8.21,8.56,8.16,69070778.0,573560570.0,16:29:30,2026-07-30
sz300003,乐普医疗,13.05,0.1,0.772,13.04,13.05,12.95,12.88,13.1,12.83,30164781.0,391931930.0,16:29:45,2026-07-30
sz300004,南风股份,7.5,-0.36,-4.58,7.5,7.51,7.86,7.79,7.98,7.44,17788563.0,136386290.0,16:29:00,2026-07-30
sz300005,探路者,8.85,-0.46,-4.941,8.85,8.86,9.31,9.3,9.41,8.76,64791888.0,584056149.0,16:29:15,2026-07-30
sz300006,莱美药业,4.73,-0.28,-5.589,4.73,4.74,5.01,4.99,5.01,4.73,34423396.0,166816916.0,16:29:30,2026-07-30
sz300007,汉威科技,31.87,-0.05,-0.157,31.86,31.87,31.92,31.66,32.94,31.33,10581402.0,339967276.0,16:29:45,2026-07-30
sz300008,天海防务,6.16,-0.05,-0.805,6.16,6.17,6.21,6.16,6.27,6.12,43272540.0,268349643.0,16:29:00,2026-07-30
sz300009,安科生物,8.23,0.02,0.244,8.23,8.24,8.21,8.18,8.38,8.13,15246952.0,125800584.0,16:29:15,2026-07-30
sz300010,ST豆神,2.13,-0.08,-3.62,2.12,2.13,2.21,2.11,2.2,2.11,78573200.0,168225862.0,16:29:30,2026-07-30
sz300011,鼎汉技术,5.68,-0.09,-1.56,5.68,5.69,5.77,5.8,5.84,5.67,5059962.0,29154119.0,16:29:45,2026-07-30
sz300012,华测检测,14.3,0.26,1.852,14.29,14.3,14.04,13.98,14.35,13.92,36676483.0,519609837.0,16:29:00,2026-07-30
sz300013,新宁物流,3.38,-0.11,-3.152,3.38,3.39,3.49,3.48,3.56,3.37,16518203.0,57037562.0,16:29:15,2026-07-30
sz300014,亿纬锂能,54.22,1.0,1.879,54.21,54.22,53.22,52.5,54.88,52.5,53616465.0,2903992052.0,16:29:30,2026-07-30
sz300015,爱尔眼科,9.08,0.21,2.368,9.08,9.09,8.87,8.83,9.18,8.82,125082056.0,1135632564.0,16:29:45,2026-07-30
sz300016,北陆药业,7.61,-0.21,-2.685,7.61,7.62,7.82,7.83,7.9,7.56,17979359.0,138515384.0,16:29:00,2026-07-30
sz300017,网宿科技,11.94,-0.6,-4.785,11.93,11.94,12.54,12.35,12.85,11.93,126999120.0,1566270415.0,16:29:15,2026-07-30
sz300018,中元股份,10.97,-0.48,-4.192,10.97,10.98,11.45,11.43,11.45,10.78,12105998.0,134529694.0,16:29:30,2026-07-30
sz300019,硅宝科技,14.16,-0.07,-0.492,14.16,14.17,14.23,14.03,14.3,14.03,6281506.0,89196062.0,16:29:45,2026-07-30
sz300020,ST银江,3.58,-0.1,-2.717,3.57,3.58,3.68,3.63,3.79,3.54,16705300.0,61333454.0,16:29:00,2026-07-30
sz300021,大禹节水,3.77,-0.02,-0.528,3.76,3.77,3.79,3.78,3.83,3.75,10214600.0,38746773.0,16:29:15,2026-07-30
sz300022,吉峰科技,7.78,0.08,1.039,7.76,7.78,7.7,7.67,7.83,7.6,6617900.0,51085850.0,16:29:30,2026-07-30
sz300024,机器人,14.99,-0.16,-1.056,14.98,14.99,15.15,14.93,15.21,14.91,33971645.0,511587671.0,16:29:45,2026-07-30
sz300025,华星创业,4.23,-0.06,-1.399,4.22,4.23,4.29,4.26,4.36,4.19,12291400.0,52488809.0,16:29:00,2026-07-30
sz300026,红日药业,3.35,-0.04,-1.18,3.35,3.36,3.39,3.38,3.43,3.33,47866100.0,161713863.0,16:29:15,2026-07-30
sz300027,ST华谊,1.72,0.0,0.0,1.72,1.73,1.72,1.71,1.76,1.71,29060426.0,50330732.0,16:29:30,2026-07-30
sz300030,阳普医疗,6.12,-0.1,-1.608,6.12,6.13,6.22,6.2,6.34,6.08,7048000.0,43809325.0,16:29:45,2026-07-30
sz300031,宝通科技,18.68,-0.4,-2.096,18.68,18.69,19.08,18.79,19.3,18.55,19913004.0,376401075.0,16:29:00,2026-07-30
sz300032,金龙机电,3.43,-0.09,-2.557,3.42,3.43,3.52,3.48,3.58,3.42,23522000.0,82203996.0,16:29:15,2026-07-30
sz300033,同花顺,225.88,1.88,0.839,225.81,225.88,224.0,222.1,228.88,221.21,15398595.0,3475929964.0,16:29:30,2026-07-30
sz300034,钢研高纳,15.51,-0.07,-0.449,15.51,15.52,15.58,15.41,15.75,15.32,10963856.0,170455005.0,16:29:45,2026-07-30
sz300035,中科电气,14.02,0.19,1.374,14.02,14.03,13.83,13.76,14.15,13.69,20299108.0,283923287.0,16:29:00,2026-07-30
sz300036,超图软件,11.18,0.13,1.176,11.18,11.19,11.05,10.97,11.48,10.97,15002379.0,169088046.0,16:29:15,2026-07-30
sz300037,新宙邦,61.06,-0.66,-1.069,61.06,61.07,61.72,61.55,62.44,59.25,19617682.0,1201172899.0,16:29:30,2026-07-30
sz300039,上海凯宝,5.41,-0.18,-3.22,5.4,5.41,5.59,5.54,5.93,5.4,79007600.0,448040938.0,16:29:45,2026-07-30
sz300040,九洲集团,5.95,-0.38,-6.003,5.95,5.96,6.33,6.33,6.45,5.9,72714917.0,447321338.0,16:29:00,2026-07-30
sz300041,回天新材,10.04,-0.18,-1.761,10.04,10.05,10.22,10.11,10.23,9.94,19485766.0,196469844.0,16:29:15,2026-07-30
sz300042,朗科科技,38.33,-1.49,-3.742,38.33,38.34,39.82,40.0,40.25,37.22,15897090.0,617946708.0,16:29:30,2026-07-30
sz300043,星辉娱乐,4.5,-0.18,-3.846,4.5,4.51,4.68,4.6,4.83,4.49,64016214.0,295940245.0,16:29:45,2026-07-30
sz300044,*ST赛为,5.03,-0.16,-3.083,5.02,5.03,5.19,5.14,5.21,5.03,13323240.0,68090196.0,16:29:00,2026-07-30
sz300045,华力创通,12.18,-0.32,-2.56,12.17,12.18,12.5,12.38,12.63,12.1,18926581.0,234018490.0,16:29:15,2026-07-30
sz300046,台基股份,22.11,-0.83,-3.618,22.1,22.11,22.94,22.75,22.93,21.95,5582497.0,124951209.0,16:29:30,2026-07-30
sz300047,天源迪科,9.69,0.11,1.148,9.68,9.69,9.58,9.5,9.88,9.45,25496328.0,248746156.0,16:29:45,2026-07-30
sz300048,合康新能,5.05,0.03,0.598,5.05,5.06,5.02,5.0,5.06,4.95,10974887.0,55029485.0,16:29:00,2026-07-30
sz300049,福瑞医科,43.44,-1.57,-3.488,43.43,43.44,45.01,44.86,45.56,43.3,6446040.0,286266264.0,16:29:15,2026-07-30
sz300050,世纪鼎利,5.11,-0.31,-5.72,5.1,5.11,5.42,5.39,5.44,5.07,20475700.0,106803482.0,16:29:30,2026-07-30
sz300051,琏升科技,7.27,0.02,0.276,7.27,7.28,7.25,7.32,7.45,7.13,16338589.0,118993011.0,16:29:45,2026-07-30
sz300052,中青宝,9.53,0.03,0.316,9.53,9.54,9.5,9.36,10.18,9.36,20039902.0,195174935.0,16:29:00,2026-07-30
sz300053,航宇微,11.8,-0.25,-2.075,11.8,11.81,12.05,11.94,12.15,11.72,16321298.0,194890580.0,16:29:15,2026-07-30
sz300054,鼎龙股份,65.53,-4.07,-5.848,65.52,65.53,69.6,69.6,69.87,63.9,43110875.0,2874048877.0,16:29:30,2026-07-30
sz300055,万邦达,5.55,-0.09,-1.596,5.55,5.57,5.64,5.63,5.79,5.51,25744887.0,145059675.0,16:29:45,2026-07-30
sz300056,中创环保,8.04,0.3,3.876,8.04,8.05,7.74,7.8,8.19,7.74,16533750.0,132170297.0,16:29:00,2026-07-30
sz300057,万顺新材,5.94,-0.24,-3.883,5.93,5.94,6.18,6.14,6.2,5.92,35500279.0,214992746.0,16:29:15,2026-07-30
sz300058,蓝色光标,11.96,0.18,1.528,11.95,11.96,11.78,11.61,12.66,11.61,352350992.0,4310683681.0,16:29:30,2026-07-30
sz300059,东方财富,19.99,0.09,0.452,19.98,19.99,19.9,19.8,20.29,19.76,300638833.0,6035016554.0,16:29:45,2026-07-30
sz300061,旗天科技,6.09,-0.06,-0.976,6.09,6.1,6.15,6.1,6.33,6.06,19494500.0,120472527.0,16:29:00,2026-07-30
sz300062,中能电气,6.38,-0.36,-5.341,6.38,6.39,6.74,6.68,6.83,6.35,62351240.0,410382136.0,16:29:15,2026-07-30
sz300063,天龙集团,7.76,-0.11,-1.398,7.76,7.77,7.87,7.82,8.3,7.72,50331199.0,402323002.0,16:29:30,2026-07-30
sz300065,海兰信,14.41,-0.93,-6.063,14.41,14.42,15.34,15.25,15.39,14.41,40516442.0,601237772.0,16:29:45,2026-07-30
sz300066,三川智慧,4.87,-0.09,-1.815,4.87,4.88,4.96,4.93,4.98,4.82,13570188.0,66558368.0,16:29:00,2026-07-30
sz300067,安诺其,5.38,-0.51,-8.659,5.38,5.39,5.89,5.6,5.66,5.36,125303032.0,688540032.0,16:29:15,2026-07-30
sz300068,ST南都,4.04,-0.13,-3.118,4.04,4.05,4.17,4.15,4.23,4.03,46122473.0,190017621.0,16:29:30,2026-07-30
sz300069,金利华电,23.84,-2.42,-9.216,23.84,23.85,26.26,25.9,26.26,23.78,9014800.0,222607719.0,16:29:45,2026-07-30
sz300070,碧水源,3.56,0.04,1.136,3.55,3.56,3.52,3.51,3.57,3.5,39061853.0,138559989.0,16:29:00,2026-07-30
sz300071,福石控股,4.27,0.27,6.75,4.27,4.28,4.0,3.95,4.52,3.95,165402600.0,703246383.0,16:29:15,2026-07-30
sz300072,海新能科,3.43,-0.05,-1.437,3.43,3.44,3.48,3.47,3.55,3.41,23681022.0,82312345.0,16:29:30,2026-07-30
sz300073,当升科技,41.72,0.16,0.385,41.72,41.73,41.56,41.2,42.1,41.13,13566645.0,565549615.0,16:29:45,2026-07-30
sz300074,华平股份,3.37,-0.08,-2.319,3.37,3.38,3.45,3.44,3.53,3.36,19074200.0,65622535.0,16:29:00,2026-07-30
sz300075,数字政通,10.99,0.04,0.365,10.99,11.0,10.95,10.87,11.24,10.85,12307125.0,136494160.0,16:29:15,2026-07-30
sz300076,*ST宁视,4.17,0.0,0.0,4.17,4.18,4.17,4.15,4.3,4.06,3859900.0,16104532.0,16:29:30,2026-07-30
sz300077,国民技术,15.84,-0.91,-5.433,15.83,15.84,16.75,16.53,16.69,15.7,38787266.0,626718492.0,16:29:45,2026-07-30
sz300078,思创智联,2.83,-0.04,-1.394,2.83,2.85,2.87,2.84,2.96,2.82,28970606.0,83625696.0,16:29:00,2026-07-30
sz300079,数码视讯,4.41,0.02,0.456,4.4,4.41,4.39,4.37,4.46,4.34,28441713.0,125503606.0,16:29:15,2026-07-30
sz300080,易成新能,3.66,0.01,0.274,3.65,3.66,3.65,3.62,3.72,3.6,17757566.0,65078505.0,16:29:30,2026-07-30
sz300081,ST恒信,2.75,-0.04,-1.434,2.74,2.75,2.79,2.8,2.9,2.71,16592100.0,46548050.0,16:29:45,2026-07-30
sz300082,奥克股份,7.53,-0.05,-0.66,7.52,7.53,7.58,7.5,7.79,7.5,10021302.0,76705524.0,16:29:00,2026-07-30
sz300083,创世纪,9.94,-0.97,-8.891,9.94,9.95,10.91,10.93,10.99,9.74,98136292.0,1003963767.0,16:29:15,2026-07-30
sz300084,海默科技,10.13,-0.53,-4.972,10.12,10.13,10.66,10.79,10.79,9.93,12696100.0,130362843.0,16:29:30,2026-07-30
sz300085,银之杰,29.14,0.18,0.622,29.14,29.15,28.96,29.02,29.75,28.49,48687455.0,1419163738.0,16:29:45,2026-07-30
sz300086,康芝药业,6.11,-0.06,-0.972,6.11,6.12,6.17,6.12,6.52,6.06,29907173.0,186966952.0,16:29:00,2026-07-30
sz300087,ST荃银,5.03,-0.06,-1.179,5.03,5.04,5.09,5.07,5.16,5.02,9729393.0,49482051.0,16:29:15,2026-07-30
sz300088,长信科技,6.41,-0.35,-5.178,6.41,6.42,6.76,6.64,6.71,6.38,128645818.0,839552618.0,16:29:30,2026-07-30
sz300091,*ST金灵,2.43,0.01,0.413,2.43,2.44,2.42,2.45,2.5,2.42,7152781.0,17570458.0,16:29:45,2026-07-30
sz300092,科新机电,11.3,0.03,0.266,11.3,11.31,11.27,11.27,11.46,11.15,4731500.0,53572974.0,16:29:00,2026-07-30
sz300093,金刚光伏,19.81,-1.36,-6.424,19.8,19.81,21.17,21.0,21.46,19.81,8358000.0,172317273.0,16:29:15,2026-07-30
sz300094,国联水产,2.7,0.0,0.0,2.7,2.71,2.7,2.68,2.78,2.68,37692300.0,103309588.0,16:29:30,2026-07-30
sz300095,华伍股份,7.86,-0.23,-2.843,7.86,7.87,8.09,8.09,8.14,7.81,5417100.0,43146252.0,16:29:45,2026-07-30
sz300096,ST易联众,7.8,-0.19,-2.378,7.8,7.82,7.99,7.98,8.09,7.76,2373500.0,18717385.0,16:29:00,2026-07-30
sz300097,智云股份,7.13,-0.48,-6.307,7.12,7.13,7.61,7.54,7.7,6.97,10134200.0,73677457.0,16:29:15,2026-07-30
sz300098,高新兴,4.54,-0.02,-0.439,4.54,4.55,4.56,4.51,4.61,4.48,45731016.0,208660491.0,16:29:30,2026-07-30
sz300099,尤洛卡,5.74,-0.08,-1.375,5.74,5.75,5.82,5.74,5.85,5.68,11168971.0,64552636.0,16:29:45,2026-07-30
sz300100,双林股份,20.98,-0.16,-0.757,20.98,20.99,21.14,20.96,21.57,20.77,6657591.0,140721649.0,16:29:00,2026-07-30
sz300101,振芯科技,14.14,-0.12,-0.842,14.14,14.15,14.26,14.13,14.48,13.94,9786511.0,139261137.0,16:29:15,2026-07-30
sz300102,乾照光电,15.75,-0.71,-4.313,15.75,15.76,16.46,16.31,16.55,15.61,23640565.0,378746352.0,16:29:30,2026-07-30
sz300103,达刚控股,6.39,-0.16,-2.443,6.39,6.4,6.55,6.5,6.71,6.38,6083456.0,39832854.0,16:29:45,2026-07-30
sz300105,龙源技术,7.44,-1.02,-12.057,7.44,7.45,8.46,8.34,8.46,7.43,56523083.0,439353543.0,16:29:00,2026-07-30
sz300106,西部牧业,8.71,-0.55,-5.94,8.71,8.72,9.26,8.87,9.17,8.62,28193229.0,250764850.0,16:29:15,2026-07-30
sz300107,建新股份,6.18,-0.05,-0.803,6.17,6.18,6.23,6.16,6.33,6.13,13108300.0,81708123.0,16:29:30,2026-07-30
sz300109,新开源,12.02,-0.42,-3.376,12.02,12.08,12.44,12.35,12.49,12.02,6669500.0,81577007.0,16:29:45,2026-07-30
sz300110,华仁药业,2.66,-0.04,-1.481,2.65,2.66,2.7,2.68,2.74,2.64,23748640.0,63811153.0,16:29:00,2026-07-30
sz300111,向日葵,2.73,-0.05,-1.799,2.72,2.73,2.78,2.76,2.87,2.72,38957221.0,108513801.0,16:29:15,2026-07-30
sz300112,万讯自控,6.58,0.1,1.543,6.57,6.58,6.48,6.47,6.69,6.37,15146500.0,99099714.0,16:29:30,2026-07-30
sz300113,顺网科技,16.71,-0.69,-3.966,16.71,16.72,17.4,17.24,17.6,16.6,28267777.0,483916414.0,16:29:45,2026-07-30
sz300115,长盈精密,26.79,-0.05,-0.186,26.79,26.8,26.84,26.6,27.98,26.5,50786124.0,1388090088.0,16:29:00,2026-07-30
sz300118,东方日升,9.36,-0.09,-0.952,9.35,9.36,9.45,9.38,9.68,9.3,33176855.0,314123591.0,16:29:15,2026-07-30
sz300119,瑞普生物,16.73,0.75,4.693,16.72,16.73,15.98,16.0,17.1,15.9,10144724.0,169530944.0,16:29:30,2026-07-30
sz300120,经纬辉开,6.09,-0.31,-4.844,6.09,6.1,6.4,6.35,6.41,6.01,30423099.0,188070953.0,16:29:45,2026-07-30
sz300121,阳谷华泰,9.14,-0.02,-0.218,9.13,9.14,9.16,9.09,9.23,9.02,10482138.0,95747342.0,16:29:00,2026-07-30
sz300122,智飞生物,12.9,0.27,2.138,12.89,12.9,12.63,12.54,13.08,12.53,28538150.0,367872487.0,16:29:15,2026-07-30
sz300123,ST亚光,4.04,-0.05,-1.222,4.04,4.05,4.09,4.08,4.19,4.04,28579700.0,117308722.0,16:29:30,2026-07-30
sz300124,汇川技术,63.51,1.9,3.084,63.5,63.51,61.61,61.22,64.43,61.15,48441687.0,3068307723.0,16:29:45,2026-07-30
sz300125,*ST聆达,8.02,-0.3,-3.606,8.01,8.02,8.32,8.22,8.31,7.97,3687197.0,29944332.0,16:29:00,2026-07-30
sz300126,锐奇股份,5.64,0.02,0.356,5.63,5.64,5.62,5.62,5.8,5.47,4865000.0,27451844.0,16:29:15,2026-07-30
sz300127,银河磁体,23.09,-0.27,-1.156,23.08,23.09,23.36,23.3,23.57,22.88,3668766.0,85275591.0,16:29:30,2026-07-30
sz300128,锦富技术,4.08,-0.17,-4.0,4.08,4.09,4.25,4.23,4.26,4.06,34911907.0,144713008.0,16:29:45,2026-07-30
sz300129,泰胜风能,7.5,-0.11,-1.445,7.5,7.52,7.61,7.54,7.79,7.5,23904263.0,182517539.0,16:29:00,2026-07-30
sz300130,新国都,18.6,0.47,2.592,18.6,18.61,18.13,17.99,18.92,17.92,17465652.0,325366582.0,16:29:15,2026-07-30
sz300131,英唐智控,11.91,-1.47,-10.987,11.9,11.91,13.38,13.15,13.34,11.91,66172076.0,822573073.0,16:29:30,2026-07-30
sz300132,青松股份,6.21,-0.2,-3.12,6.21,6.22,6.41,6.4,6.59,6.19,27274200.0,174120661.0,16:29:45,2026-07-30
sz300133,华策影视,6.42,-0.16,-2.432,6.41,6.42,6.58,6.51,6.68,6.4,54279750.0,354151014.0,16:29:00,2026-07-30
sz300134,大富科技,7.58,-0.16,-2.067,7.57,7.58,7.74,7.71,7.81,7.49,9294500.0,71245188.0,16:29:15,2026-07-30
sz300135,宝利国际,3.15,-0.03,-0.943,3.15,3.16,3.18,3.2,3.29,3.14,22087300.0,70991714.0,16:29:30,2026-07-30
sz300136,信维通信,56.5,-5.11,-8.294,56.5,56.51,61.61,61.05,62.2,55.55,64443510.0,3746121821.0,16:29:45,2026-07-30
sz300137,先河环保,9.35,-1.63,-14.845,9.35,9.36,10.98,11.09,11.27,9.31,49439000.0,489320347.0,16:29:00,2026-07-30
sz300138,晨光生物,11.92,0.52,4.561,11.92,11.93,11.4,11.4,12.05,11.3,26569232.0,313374700.0,16:29:15,2026-07-30
sz300139,晓程科技,36.15,-2.95,-7.545,36.15,36.16,39.1,40.0,40.98,36.01,49590107.0,1941487479.0,16:29:30,2026-07-30
sz300140,节能环境,5.58,0.01,0.18,5.57,5.58,5.57,5.54,5.64,5.51,12056280.0,67234454.0,16:29:45,2026-07-30
sz300141,和顺电气,9.96,-0.53,-5.052,9.96,9.98,10.49,10.42,10.45,9.87,20930400.0,210334132.0,16:29:00,2026-07-30
sz300142,沃森生物,12.18,-0.01,-0.082,12.17,12.18,12.19,12.07,12.37,11.95,52371159.0,635607291.0,16:29:15,2026-07-30
sz300143,盈康生命,7.13,-0.16,-2.195,7.12,7.13,7.29,7.26,7.33,7.11,11721748.0,84541485.0,16:29:30,2026-07-30
sz300144,宋城演艺,6.23,0.1,1.631,6.22,6.23,6.13,6.11,6.33,6.11,53137325.0,331905231.0,16:29:45,2026-07-30
sz300145,南方泵业,4.07,-0.08,-1.928,4.07,4.08,4.15,4.11,4.17,4.04,51376426.0,210497094.0,16:29:00,2026-07-30
sz300146,汤臣倍健,10.15,-0.03,-0.295,10.15,10.16,10.18,10.1,10.34,10.07,27166771.0,277764995.0,16:29:15,2026-07-30
sz300147,*ST香雪,6.38,0.12,1.917,6.38,6.39,6.26,6.2,6.69,6.19,13402575.0,86603025.0,16:29:30,2026-07-30
sz300148,天舟文化,3.27,-0.03,-0.909,3.27,3.28,3.3,3.27,3.4,3.26,28229856.0,93726887.0,16:29:45,2026-07-30
sz300149,睿智医药,8.6,-0.34,-3.803,8.59,8.6,8.94,8.88,9.16,8.51,29199141.0,256978962.0,16:29:00,2026-07-30
sz300150,世纪瑞尔,3.86,-0.05,-1.279,3.86,3.87,3.91,3.89,4.0,3.84,6356100.0,24876721.0,16:29:15,2026-07-30
sz300151,昌红科技,13.06,-0.68,-4.949,13.06,13.07,13.74,13.63,13.73,12.76,16450800.0,216207293.0,16:29:30,2026-07-30
sz300152,*ST动力,1.43,-0.04,-2.721,1.42,1.43,1.47,1.45,1.47,1.42,18747200.0,27082792.0,16:29:45,2026-07-30
sz300153,科泰电源,19.16,-0.71,-3.573,19.16,19.17,19.87,19.74,19.95,19.07,7164114.0,139286986.0,16:29:00,2026-07-30
sz300154,瑞凌股份,7.19,-0.32,-4.261,7.18,7.19,7.51,7.45,7.56,7.16,8195000.0,60043586.0,16:29:15,2026-07-30
sz300155,安居宝,3.88,-0.02,-0.513,3.88,3.89,3.9,3.91,4.0,3.83,8974100.0,35205832.0,16:29:30,2026-07-30
sz300157,新锦动力,4.3,0.14,3.365,4.3,4.31,4.16,4.23,4.4,4.13,87666173.0,373517184.0,16:29:45,2026-07-30
sz300158,振东制药,4.86,-0.12,-2.41,4.86,4.87,4.98,4.94,5.03,4.85,14857900.0,73315768.0,16:29:00,2026-07-30
sz300159,新研股份,2.75,-0.09,-3.169,2.75,2.76,2.84,2.81,2.86,2.72,44245721.0,123386901.0,16:29:15,2026-07-30
sz300160,秀强股份,4.22,-0.03,-0.706,4.22,4.23,4.25,4.24,4.3,4.2,5961500.0,25378835.0,16:29:30,2026-07-30
sz300161,华中数控,23.95,0.24,1.012,23.94,23.95,23.71,23.81,24.78,23.62,4243353.0,102490204.0,16:29:45,2026-07-30
sz300162,雷曼光电,6.88,-0.37,-5.103,6.88,6.89,7.25,7.2,7.24,6.86,24618215.0,172810599.0,16:29:00,2026-07-30
sz300163,先锋新材,5.02,-0.11,-2.144,5.02,5.03,5.13,5.18,5.3,5.01,35407800.0,181488394.0,16:29:15,2026-07-30
sz300164,通源石油,11.94,1.14,10.556,11.94,11.95,10.8,11.39,11.94,11.18,191063958.0,2205472651.0,16:29:30,2026-07-30
sz300165,天瑞仪器,4.64,-0.18,-3.734,4.64,4.65,4.82,4.82,4.88,4.55,16590100.0,77785995.0,16:29:45,2026-07-30
sz300166,东方国信,12.01,-0.54,-4.303,12.0,12.01,12.55,12.37,12.62,11.88,43220317.0,528416555.0,16:29:00,2026-07-30
sz300167,ST迪威迅,3.81,-0.07,-1.804,3.8,3.81,3.88,3.89,4.07,3.79,6376900.0,25062692.0,16:29:15,2026-07-30
sz300168,万达信息,4.76,-0.04,-0.833,4.76,4.77,4.8,4.77,4.92,4.75,23433992.0,113389596.0,16:29:30,2026-07-30
sz300169,天晟新材,5.47,0.09,1.673,5.46,5.47,5.38,5.17,5.66,5.0,58633917.0,312961244.0,16:29:45,2026-07-30
sz300170,汉得信息,15.07,0.56,3.859,15.07,15.08,14.51,14.55,15.49,14.5,80134518.0,1213413156.0,16:29:00,2026-07-30
sz300171,东富龙,12.1,-0.07,-0.575,12.09,12.1,12.17,12.12,12.27,11.86,11475317.0,138951291.0,16:29:15,2026-07-30
sz300172,中电环保,4.37,-0.03,-0.682,4.37,4.38,4.4,4.36,4.44,4.33,13108530.0,57525962.0,16:29:30,2026-07-30
sz300173,ST福能,3.04,-0.05,-1.618,3.03,3.04,3.09,3.08,3.12,3.03,6358100.0,19494055.0,16:29:45,2026-07-30
sz300174,元力股份,17.03,-0.73,-4.11,17.02,17.03,17.76,17.65,17.96,16.77,18721100.0,322438370.0,16:29:00,2026-07-30
sz300175,朗源股份,5.6,-0.06,-1.06,5.6,5.61,5.66,5.66,5.91,5.6,9354800.0,53375577.0,16:29:15,2026-07-30
sz300176,鸿特科技,4.95,-0.02,-0.402,4.95,4.96,4.97,4.97,5.04,4.89,7993330.0,39778247.0,16:29:30,2026-07-30
sz300177,中海达,6.02,0.0,0.0,6.01,6.02,6.02,5.96,6.14,5.9,8626900.0,52238165.0,16:29:45,2026-07-30
sz300179,四方达,29.32,-3.05,-9.422,29.32,29.35,32.37,32.12,32.33,28.58,35624292.0,1070093748.0,16:29:00,2026-07-30
sz300180,华峰超纤,4.32,0.07,1.647,4.32,4.33,4.25,4.21,4.39,4.2,37389490.0,161666161.0,16:29:15,2026-07-30
sz300181,佐力药业,14.38,0.15,1.054,14.37,14.38,14.23,14.2,14.8,14.05,25877124.0,374919169.0,16:29:30,2026-07-30
sz300182,捷成股份,4.61,-0.05,-1.073,4.61,4.62,4.66,4.62,4.77,4.58,80523002.0,377096084.0,16:29:45,2026-07-30
sz300183,东软载波,10.02,-0.2,-1.957,10.02,10.03,10.22,10.12,10.25,9.92,5265235.0,53194696.0,16:29:00,2026-07-30
sz300184,力源信息,11.1,-0.48,-4.145,11.1,11.11,11.58,11.4,11.56,10.98,61454667.0,690957055.0,16:29:15,2026-07-30
sz300185,通裕重工,2.8,-0.02,-0.709,2.8,2.81,2.82,2.8,2.85,2.79,75268332.0,212170697.0,16:29:30,2026-07-30
sz300187,永清环保,4.49,-0.07,-1.535,4.48,4.49,4.56,4.53,4.63,4.46,10141800.0,46046385.0,16:29:45,2026-07-30
sz300188,国投智能,10.49,0.02,0.191,10.48,10.49,10.47,10.29,10.66,10.29,13196700.0,138783962.0,16:29:00,2026-07-30
sz300189,神农种业,4.29,-0.09,-2.055,4.29,4.3,4.38,4.36,4.57,4.28,82386838.0,363020058.0,16:29:15,2026-07-30
sz300190,维尔利,3.57,-0.06,-1.653,3.56,3.57,3.63,3.61,3.65,3.54,11215544.0,40231611.0,16:29:30,2026-07-30
sz300191,潜能恒信,29.85,1.98,7.104,29.85,29.86,27.87,28.79,29.96,28.24,27476987.0,800665873.0,16:29:45,2026-07-30
sz300192,科德教育,11.44,0.53,4.858,11.44,11.45,10.91,11.01,11.63,11.0,24655341.0,279255059.0,16:29:00,2026-07-30
sz300193,佳士科技,7.32,-0.1,-1.348,7.32,7.34,7.42,7.38,7.46,7.25,4606950.0,33945055.0,16:29:15,2026-07-30
sz300194,福安药业,3.68,-0.02,-0.541,3.67,3.68,3.7,3.68,3.75,3.65,15678524.0,58094486.0,16:29:30,2026-07-30
sz300195,长荣股份,4.89,-0.1,-2.004,4.89,4.9,4.99,4.98,5.08,4.86,12223200.0,60648571.0,16:29:45,2026-07-30
sz300196,长海股份,15.62,-0.3,-1.884,15.62,15.63,15.92,15.81,16.26,15.42,19385810.0,307310066.0,16:29:00,2026-07-30
sz300197,节能铁汉,1.75,-0.05,-2.778,1.74,1.75,1.8,1.78,1.84,1.74,107533650.0,191665954.0,16:29:15,2026-07-30
sz300198,*ST纳川,2.03,-0.04,-1.932,2.03,2.04,2.07,2.06,2.09,2.03,5417300.0,11135034.0,16:29:30,2026-07-30
sz300199,翰宇药业,20.2,-0.44,-2.132,20.2,20.21,20.64,20.6,21.3,20.03,36542926.0,755945782.0,16:29:45,2026-07-30
sz300200,高盟新材,8.08,-0.06,-0.737,8.07,8.08,8.14,8.03,8.17,7.98,7849960.0,63451815.0,16:29:00,2026-07-30
sz300201,海伦哲,13.06,-0.76,-5.499,13.06,13.07,13.82,13.8,13.83,12.81,31190503.0,413713765.0,16:29:15,2026-07-30
sz300203,聚光科技,11.63,-0.18,-1.524,11.63,11.64,11.81,11.78,11.89,11.55,5646800.0,66207177.0,16:29:30,2026-07-30
sz300204,舒泰神,20.94,-1.41,-6.309,20.94,20.95,22.35,22.01,22.89,20.86,27859900.0,606253964.0,16:29:45,2026-07-30
sz300205,*ST天喻,4.85,-0.18,-3.579,4.82,4.85,5.03,5.02,5.02,4.85,2101100.0,10357010.0,16:29:00,2026-07-30
sz300206,理邦仪器,11.48,-0.05,-0.434,11.47,11.48,11.53,11.67,11.77,11.4,5090025.0,59148630.0,16:29:15,2026-07-30
sz300207,欣旺达,18.99,-0.12,-0.628,18.99,19.0,19.11,18.8,19.2,18.6,77227288.0,1462706338.0,16:29:30,2026-07-30
sz300209,行云科技,26.1,-2.4,-8.421,26.09,26.1,28.5,29.6,30.2,25.0,103749370.0,2816628848.0,16:29:45,2026-07-30
sz300210,森远股份,8.34,-0.28,-3.248,8.34,8.35,8.62,8.62,8.79,8.26,13665960.0,116486568.0,16:29:00,2026-07-30
sz300211,*ST亿通,6.47,0.04,0.622,6.47,6.49,6.43,6.37,6.59,6.37,2481258.0,16108343.0,16:29:15,2026-07-30
sz300212,*ST易录,8.1,0.27,3.448,8.09,8.1,7.83,7.77,8.2,7.72,17520600.0,140693828.0,16:29:30,2026-07-30
sz300213,佳讯飞鸿,5.92,-0.07,-1.169,5.92,5.93,5.99,5.96,6.1,5.91,14463680.0,86892481.0,16:29:45,2026-07-30
sz300214,日科化学,12.45,-1.05,-7.778,12.45,12.46,13.5,13.4,13.5,12.24,58260902.0,736043491.0,16:29:00,2026-07-30
sz300215,电科院,5.94,-0.11,-1.818,5.94,5.95,6.05,6.01,6.14,5.93,11090927.0,66903430.0,16:29:15,2026-07-30
sz300217,东方电热,4.36,-0.08,-1.802,4.36,4.37,4.44,4.44,4.48,4.36,31984900.0,141332785.0,16:29:30,2026-07-30
sz300218,安利股份,11.65,0.0,0.0,11.65,11.66,11.65,11.65,11.82,11.61,2333500.0,27394953.0,16:29:45,2026-07-30
sz300219,鸿利智汇,6.38,-0.1,-1.543,6.37,6.38,6.48,6.4,6.5,6.3,16441448.0,105382989.0,16:29:00,2026-07-30
sz300220,金运激光,9.68,-0.09,-0.921,9.68,9.69,9.77,9.81,10.05,9.58,3721300.0,36541000.0,16:29:15,2026-07-30
sz300221,银禧科技,10.38,-0.58,-5.292,10.37,10.38,10.96,10.88,11.06,10.27,23256900.0,247277036.0,16:29:30,2026-07-30
sz300222,科大智能,9.1,-0.24,-2.57,9.09,9.1,9.34,9.23,9.38,9.01,25396541.0,232876938.0,16:29:45,2026-07-30
sz300223,北京君正,123.66,-0.9,-0.723,123.66,123.67,124.56,124.56,128.93,117.89,55904291.0,6949241305.0,16:29:00,2026-07-30
sz300224,正海磁材,11.03,-0.01,-0.091,11.03,11.04,11.04,10.95,11.17,10.88,10991193.0,121414950.0,16:29:15,2026-07-30
sz300225,金力泰,6.18,-0.27,-4.186,6.17,6.18,6.45,6.45,6.45,6.03,12086600.0,75324928.0,16:29:30,2026-07-30
sz300226,上海钢联,16.0,0.42,2.696,16.0,16.01,15.58,15.42,16.09,15.42,11828306.0,188542169.0,16:29:45,2026-07-30
sz300227,光韵达,8.84,0.39,4.615,8.84,8.85,8.45,8.45,9.05,8.38,25983400.0,229656879.0,16:29:00,2026-07-30
sz300228,富瑞特装,6.99,-0.13,-1.826,6.99,7.0,7.12,7.08,7.17,6.97,13600443.0,96022925.0,16:29:15,2026-07-30
sz300229,拓尔思,12.96,0.11,0.856,12.96,12.97,12.85,12.77,13.47,12.72,28883001.0,381089986.0,16:29:30,2026-07-30
sz300230,永利股份,4.15,-0.01,-0.24,4.14,4.15,4.16,4.16,4.19,4.09,8176200.0,33939351.0,16:29:45,2026-07-30
sz300231,银信科技,7.94,-0.29,-3.524,7.94,7.95,8.23,8.21,8.33,7.94,23357227.0,190285239.0,16:29:00,2026-07-30
sz300232,洲明科技,4.95,-0.08,-1.59,4.95,4.96,5.03,5.01,5.09,4.92,14708300.0,73741166.0,16:29:15,2026-07-30
sz300233,金城医药,12.65,-0.17,-1.326,12.64,12.65,12.82,12.7,13.0,12.53,8727515.0,111163260.0,16:29:30,2026-07-30
sz300234,开尔新材,7.84,-0.15,-1.877,7.84,7.85,7.99,8.0,8.28,7.78,19982487.0,160177053.0,16:29:45,2026-07-30
sz300235,方直科技,10.49,-0.04,-0.38,10.49,10.5,10.53,10.47,10.78,10.4,5972400.0,63341783.0,16:29:00,2026-07-30
sz300236,上海新阳,81.63,-5.05,-5.826,81.63,81.65,86.68,85.14,85.84,79.74,12111812.0,1002020370.0,16:29:15,2026-07-30
sz300237,ST美晨,1.86,-0.06,-3.125,1.86,1.87,1.92,1.91,1.93,1.85,17593000.0,33192115.0,16:29:30,2026-07-30
sz300238,冠昊生物,10.5,-0.41,-3.758,10.5,10.51,10.91,10.82,11.04,10.47,5915800.0,63301990.0,16:29:45,2026-07-30
sz300239,东宝生物,4.7,-0.02,-0.424,4.7,4.71,4.72,4.69,4.77,4.64,7009600.0,32985535.0,16:29:00,2026-07-30
sz300240,飞力达,5.29,-0.01,-0.189,5.29,5.3,5.3,5.29,5.38,5.21,6432900.0,34109315.0,16:29:15,2026-07-30
sz300241,瑞丰光电,5.1,-0.19,-3.592,5.09,5.1,5.29,5.22,5.27,5.08,22974300.0,118834507.0,16:29:30,2026-07-30
sz300242,佳云科技,4.58,0.23,5.287,4.58,4.59,4.35,4.55,5.02,4.5,78333806.0,372098676.0,16:29:45,2026-07-30
sz300243,瑞丰高材,12.3,-0.94,-7.1,12.3,12.31,13.24,13.1,13.11,12.23,16807187.0,211376750.0,16:29:00,2026-07-30
sz300244,迪安诊断,16.3,-0.49,-2.918,16.29,16.3,16.79,16.78,17.06,16.15,23144424.0,383246559.0,16:29:15,2026-07-30
sz300245,ST天玑,5.37,-0.03,-0.556,5.37,5.38,5.4,5.33,5.47,5.3,7390400.0,39820086.0,16:29:30,2026-07-30
sz300246,宝莱特,17.45,-1.08,-5.828,17.41,17.45,18.53,18.35,19.23,16.95,17252750.0,311081490.0,16:29:45,2026-07-30
sz300247,融捷健康,3.75,-0.05,-1.316,3.75,3.76,3.8,3.78,3.83,3.71,8628500.0,32544622.0,16:29:00,2026-07-30
sz300248,新开普,7.84,-0.05,-0.634,7.83,7.84,7.89,7.83,8.08,7.83,10602035.0,84496303.0,16:29:15,2026-07-30
sz300249,依米康,11.08,-0.65,-5.541,11.07,11.08,11.73,11.59,11.69,11.05,15961152.0,180503234.0,16:29:30,2026-07-30
sz300250,初灵信息,14.92,-0.19,-1.257,14.92,14.93,15.11,14.87,15.73,14.76,21109839.0,322933721.0,16:29:45,2026-07-30
sz300251,光线传媒,11.28,-0.17,-1.485,11.28,11.29,11.45,11.35,11.57,11.26,43740228.0,498801143.0,16:29:00,2026-07-30
sz300252,金信诺,10.38,-0.44,-4.067,10.38,10.39,10.82,10.77,10.84,10.27,22263806.0,234704955.0,16:29:15,2026-07-30
sz300253,卫宁健康,6.98,0.0,0.0,6.97,6.98,6.98,6.95,7.18,6.93,57155316.0,403615910.0,16:29:30,2026-07-30
sz300254,仟源医药,7.54,-0.14,-1.823,7.53,7.54,7.68,7.7,7.86,7.41,10933980.0,83583072.0,16:29:45,2026-07-30
sz300255,常山药业,24.11,-0.85,-3.405,24.1,24.11,24.96,24.96,25.77,24.07,36355535.0,901553362.0,16:29:00,2026-07-30
sz300256,星星科技,2.56,-0.01,-0.389,2.56,2.57,2.57,2.6,2.63,2.54,24099400.0,62204016.0,16:29:15,2026-07-30
sz300257,开山股份,16.9,-0.89,-5.003,16.89,16.9,17.79,17.77,17.9,16.89,12585332.0,217753653.0,16:29:30,2026-07-30
sz300258,精锻科技,9.57,-0.13,-1.34,9.56,9.57,9.7,9.64,9.83,9.54,7107400.0,68870266.0,16:29:45,2026-07-30
sz300259,新天科技,3.83,-0.13,-3.283,3.83,3.84,3.96,3.91,3.99,3.78,32416505.0,125836727.0,16:29:00,2026-07-30
sz300260,新莱应材,44.02,-5.48,-11.071,44.02,44.03,49.5,47.02,48.75,44.0,36661106.0,1680049619.0,16:29:15,2026-07-30
sz300261,雅本化学,5.2,-0.11,-2.072,5.2,5.21,5.31,5.22,5.67,5.2,49801282.0,270052811.0,16:29:30,2026-07-30
sz300263,隆华科技,8.27,-0.42,-4.833,8.26,8.27,8.69,8.6,8.68,8.19,51157765.0,430186219.0,16:29:45,2026-07-30
sz300264,佳创视讯,5.86,-0.31,-5.024,5.86,5.87,6.17,6.14,6.27,5.81,20109560.0,121377288.0,16:29:00,2026-07-30
sz300265,通光线缆,12.4,-0.75,-5.703,12.39,12.4,13.15,12.97,13.18,12.38,22551605.0,286111419.0,16:29:15,2026-07-30
sz300266,兴源环境,1.78,-0.02,-1.111,1.77,1.78,1.8,1.79,1.85,1.77,21626487.0,39171897.0,16:29:30,2026-07-30
sz300267,尔康制药,2.93,-0.09,-2.98,2.93,2.94,3.02,3.02,3.06,2.92,39478502.0,117678784.0,16:29:45,2026-07-30
sz300268,佳沃食品,10.26,-0.37,-3.481,10.25,10.26,10.63,10.54,10.76,10.22,2838400.0,29690679.0,16:29:00,2026-07-30
sz300269,联建光电,4.27,-0.18,-4.045,4.27,4.28,4.45,4.39,4.52,4.27,23394800.0,102354974.0,16:29:15,2026-07-30
sz300270,中威电子,9.29,-1.06,-10.242,9.29,9.3,10.35,10.28,10.48,9.28,20566100.0,201263837.0,16:29:30,2026-07-30
sz300271,华宇软件,5.28,0.03,0.571,5.27,5.28,5.25,5.2,5.39,5.2,17307225.0,92063918.0,16:29:45,2026-07-30
sz300272,开能健康,5.48,0.03,0.55,5.48,5.49,5.45,5.53,5.6,5.4,8010700.0,44143063.0,16:29:00,2026-07-30
sz300274,阳光电源,103.71,-2.84,-2.665,103.71,103.72,106.55,104.74,106.7,102.11,52640078.0,5489918161.0,16:29:15,2026-07-30
sz300275,梅安森,7.95,-0.07,-0.873,7.95,7.96,8.02,8.0,8.14,7.9,5455000.0,43825445.0,16:29:30,2026-07-30
sz300276,三丰智能,6.37,-0.09,-1.393,6.37,6.38,6.46,6.38,6.51,6.31,22239137.0,142614822.0,16:29:45,2026-07-30
sz300277,汽轮科技,11.22,-0.37,-3.192,11.22,11.23,11.59,11.46,11.73,11.17,16034569.0,182610204.0,16:29:00,2026-07-30
sz300278,华昌达,3.59,-0.04,-1.102,3.59,3.6,3.63,3.6,3.68,3.55,18546200.0,67116095.0,16:29:15,2026-07-30
sz300279,和晶科技,5.12,-0.17,-3.214,5.11,5.12,5.29,5.24,5.34,5.1,12564800.0,65344519.0,16:29:30,2026-07-30
sz300281,金明精机,5.51,-0.11,-1.957,5.51,5.52,5.62,5.62,5.74,5.5,8346700.0,46946776.0,16:29:45,2026-07-30
sz300283,温州宏丰,12.34,-0.73,-5.585,12.33,12.34,13.07,13.11,13.25,12.1,30073100.0,377657902.0,16:29:00,2026-07-30
sz300284,苏交科,5.54,0.08,1.465,5.54,5.55,5.46,5.45,5.59,5.41,16248268.0,89764581.0,16:29:15,2026-07-30
sz300285,国瓷材料,61.28,2.16,3.654,61.27,61.28,59.12,60.18,64.12,56.48,185049212.0,11162614979.0,16:29:30,2026-07-30
sz300286,安科瑞,19.4,-0.28,-1.423,19.4,19.42,19.68,19.65,19.92,19.31,4824899.0,94415168.0,16:29:45,2026-07-30
sz300287,飞利信,3.52,-0.08,-2.222,3.52,3.53,3.6,3.57,3.66,3.5,37512366.0,134409730.0,16:29:00,2026-07-30
sz300288,朗玛信息,9.52,0.07,0.741,9.52,9.53,9.45,9.48,9.71,9.4,5594089.0,53629806.0,16:29:15,2026-07-30
sz300289,利德曼,5.47,-0.08,-1.441,5.47,5.48,5.55,5.51,5.66,5.43,5750554.0,31875959.0,16:29:30,2026-07-30
sz300290,ST荣科,5.04,0.42,9.091,5.04,5.05,4.62,4.63,5.3,4.62,73552883.0,369977974.0,16:29:45,2026-07-30
sz300291,百纳千成,4.79,-0.26,-5.149,4.79,4.8,5.05,4.93,5.25,4.76,67157100.0,333608838.0,16:29:00,2026-07-30
sz300292,吴通控股,4.02,-0.1,-2.427,4.02,4.03,4.12,4.08,4.14,3.98,53124870.0,215623765.0,16:29:15,2026-07-30
sz300293,蓝英装备,15.46,0.38,2.52,15.46,15.47,15.08,14.81,15.97,14.67,18609587.0,285103375.0,16:29:30,2026-07-30
sz300294,博雅生物,15.56,0.26,1.699,15.55,15.56,15.3,15.22,15.67,15.21,6219210.0,96257596.0,16:29:45,2026-07-30
sz300295,*ST三六,11.56,0.19,1.671,11.56,11.58,11.37,11.38,12.19,11.2,6561686.0,76990767.0,16:29:00,2026-07-30
sz300296,利亚德,5.23,-0.02,-0.381,5.22,5.23,5.25,5.2,5.29,5.16,42043299.0,220161372.0,16:29:15,2026-07-30
sz300298,三诺生物,16.08,0.19,1.196,16.07,16.08,15.89,15.89,16.23,15.82,6744234.0,108320386.0,16:29:30,2026-07-30
sz300299,富春股份,5.08,-0.09,-1.741,5.07,5.08,5.17,5.11,5.32,5.07,37275516.0,193830963.0,16:29:45,2026-07-30
sz300300,海峡创新,7.05,-0.15,-2.083,7.05,7.06,7.2,7.2,7.4,6.98,42242412.0,302873304.0,16:29:00,2026-07-30
sz300301,ST长方,3.34,-0.05,-1.475,3.33,3.34,3.39,3.38,3.42,3.29,5314500.0,17754021.0,16:29:15,2026-07-30
sz300302,同有科技,26.31,-0.99,-3.626,26.31,26.32,27.3,27.04,28.0,25.55,26055811.0,696664767.0,16:29:30,2026-07-30
sz300303,聚飞光电,6.87,-0.19,-2.691,6.87,6.88,7.06,6.97,7.04,6.73,45324943.0,312838257.0,16:29:45,2026-07-30
sz300304,云意电气,9.93,-0.55,-5.248,9.93,9.94,10.48,10.38,10.53,9.9,22259800.0,225510914.0,16:29:00,2026-07-30
sz300305,裕兴股份,4.94,-0.13,-2.564,4.93,4.94,5.07,5.01,5.16,4.93,8295200.0,41801330.0,16:29:15,2026-07-30
sz300306,远方信息,9.09,-0.06,-0.656,9.09,9.1,9.15,9.07,9.3,9.02,3297100.0,30254724.0,16:29:30,2026-07-30
sz300307,慈星股份,6.42,-0.02,-0.311,6.42,6.43,6.44,6.37,6.56,6.36,12435900.0,80389410.0,16:29:45,2026-07-30
sz300308,中际旭创,864.0,-87.0,-9.148,863.99,864.0,951.0,919.01,933.0,793.03,69370223.0,59772684540.0,16:29:00,2026-07-30
sz300310,宜通世纪,4.19,-0.04,-0.946,4.19,4.2,4.23,4.2,4.33,4.17,24751900.0,105010515.0,16:29:15,2026-07-30
sz300311,ST任子行,5.25,0.06,1.156,5.25,5.26,5.19,5.17,5.27,5.14,10336900.0,53887839.0,16:29:30,2026-07-30
sz300313,天山生物,7.58,-0.24,-3.069,7.57,7.58,7.82,7.78,8.01,7.53,5903376.0,45869538.0,16:29:45,2026-07-30
sz300314,戴维医疗,9.61,-0.06,-0.62,9.61,9.66,9.67,9.58,9.8,9.52,3409100.0,33035450.0,16:29:00,2026-07-30
sz300315,掌趣科技,4.19,0.01,0.239,4.19,4.2,4.18,4.15,4.35,4.13,119438151.0,507870303.0,16:29:15,2026-07-30
sz300316,晶盛机电,37.39,-1.04,-2.706,37.38,37.39,38.43,38.01,38.69,36.84,19200115.0,725397768.0,16:29:30,2026-07-30
sz300317,珈伟新能,4.45,-0.35,-7.292,4.44,4.45,4.8,4.73,4.85,4.39,136995970.0,626832520.0,16:29:45,2026-07-30
sz300318,博晖创新,4.63,-0.05,-1.068,4.63,4.64,4.68,4.68,4.78,4.6,7500200.0,35147342.0,16:29:00,2026-07-30
sz300319,麦捷科技,13.73,-1.15,-7.728,13.72,13.73,14.88,14.7,15.05,13.45,109018661.0,1535326329.0,16:29:15,2026-07-30
sz300320,海达股份,8.01,-0.06,-0.743,8.0,8.01,8.07,8.07,8.15,7.92,5485582.0,44133981.0,16:29:30,2026-07-30
sz300321,同大股份,27.38,-2.82,-9.338,27.38,27.39,30.2,30.59,30.6,26.9,4464700.0,126912551.0,16:29:45,2026-07-30
sz300322,硕贝德,15.34,-1.12,-6.804,15.34,15.35,16.46,16.38,16.47,15.24,19804011.0,311031316.0,16:29:00,2026-07-30
sz300323,华灿光电,9.99,-0.79,-7.328,9.98,9.99,10.78,10.64,10.74,9.95,71969532.0,737795825.0,16:29:15,2026-07-30
sz300324,旋极信息,3.53,-0.07,-1.944,3.53,3.54,3.6,3.57,3.66,3.52,33857374.0,121493094.0,16:29:30,2026-07-30
sz300326,ST凯利,5.63,0.0,0.0,5.62,5.63,5.63,5.58,5.66,5.57,4381297.0,24587845.0,16:29:45,2026-07-30
sz300327,中颖电子,20.98,-0.87,-3.982,20.98,20.99,21.85,21.52,21.8,20.8,10913225.0,231144773.0,16:29:00,2026-07-30
sz300328,宜安科技,12.5,0.17,1.379,12.49,12.5,12.33,12.19,12.78,11.88,62488655.0,774650070.0,16:29:15,2026-07-30
sz300329,海伦钢琴,10.85,-0.01,-0.092,10.82,10.85,10.86,10.75,11.07,10.74,2533200.0,27681974.0,16:29:30,2026-07-30
sz300331,苏大维格,35.98,-2.93,-7.53,35.97,35.98,38.91,38.34,38.82,35.43,18072796.0,669294897.0,16:29:45,2026-07-30
sz300332,天壕能源,4.61,0.0,0.0,4.6,4.61,4.61,4.6,4.76,4.56,26265002.0,122129594.0,16:29:00,2026-07-30
sz300333,兆日科技,0.0,0.0,0.0,0.0,0.0,8.87,0.0,0.0,0.0,0.0,0.0,16:29:15,2026-07-30
sz300334,津膜科技,7.38,-0.26,-3.403,7.38,7.39,7.64,7.58,7.73,7.25,9364200.0,70067384.0,16:29:30,2026-07-30
sz300335,迪森股份,5.1,-0.22,-4.135,5.1,5.11,5.32,5.28,5.37,5.1,21911500.0,114197242.0,16:29:45,2026-07-30
sz300337,银邦股份,9.12,-0.14,-1.512,9.12,9.13,9.26,9.26,9.4,9.1,14619200.0,134911602.0,16:29:00,2026-07-30
sz300338,*ST开元,2.7,-0.1,-3.571,2.7,2.71,2.8,2.73,2.83,2.68,7529400.0,20706987.0,16:29:15,2026-07-30
sz300339,润和软件,35.35,-0.43,-1.202,35.34,35.35,35.78,35.54,36.79,35.33,25439062.0,917014774.0,16:29:30,2026-07-30
sz300340,科恒股份,8.16,-0.08,-0.971,8.16,8.17,8.24,8.16,8.39,8.11,8049420.0,66672685.0,16:29:45,2026-07-30
sz300341,麦克奥迪,12.95,0.41,3.27,12.95,12.96,12.54,12.4,13.56,12.4,12388300.0,162510868.0,16:29:00,2026-07-30
sz300342,天银机电,29.24,-1.81,-5.829,29.22,29.24,31.05,30.87,31.2,29.0,14810710.0,441200891.0,16:29:15,2026-07-30
sz300343,联创股份,5.65,-0.17,-2.921,5.65,5.66,5.82,5.76,5.86,5.63,19303600.0,110687202.0,16:29:30,2026-07-30
sz300345,华民股份,5.0,-0.35,-6.542,5.0,5.01,5.35,5.46,5.49,4.98,36927400.0,192087856.0,16:29:45,2026-07-30
sz300346,南大光电,47.61,-3.7,-7.211,47.61,47.62,51.31,50.99,51.06,47.08,56361128.0,2752550647.0,16:29:00,2026-07-30
sz300347,泰格医药,49.03,-1.75,-3.446,49.03,49.04,50.78,50.3,51.3,48.45,18720304.0,931680735.0,16:29:15,2026-07-30
sz300348,长亮科技,9.38,0.19,2.067,9.38,9.39,9.19,9.14,9.59,9.14,27115124.0,255746922.0,16:29:30,2026-07-30
sz300349,金卡智能,9.93,-0.1,-0.997,9.93,9.94,10.03,9.96,10.14,9.85,5942100.0,59545878.0,16:29:45,2026-07-30
sz300350,华鹏飞,4.09,-0.03,-0.728,4.08,4.09,4.12,4.08,4.17,4.06,17500800.0,72164642.0,16:29:00,2026-07-30
sz300351,永贵电器,13.26,-0.4,-2.928,13.25,13.26,13.66,13.59,13.66,13.26,9008532.0,121108275.0,16:29:15,2026-07-30
sz300352,ST信源,2.23,-0.09,-3.879,2.23,2.24,2.32,2.29,2.38,2.23,29414500.0,67654711.0,16:29:30,2026-07-30
sz300353,东土科技,16.61,-0.86,-4.923,16.61,16.64,17.47,17.34,17.57,16.61,13367056.0,229232643.0,16:29:45,2026-07-30
sz300354,东华测试,27.66,-0.83,-2.913,27.66,27.67,28.49,28.07,28.44,27.48,1819600.0,50765224.0,16:29:00,2026-07-30
sz300355,蒙草生态,2.86,-0.04,-1.379,2.86,2.87,2.9,2.88,2.94,2.86,29500138.0,85497507.0,16:29:15,2026-07-30
sz300357,我武生物,23.63,-0.15,-0.631,23.63,23.64,23.78,23.65,24.15,23.42,6389219.0,151804869.0,16:29:30,2026-07-30
sz300358,楚天科技,8.22,-0.04,-0.484,8.22,8.23,8.26,8.19,8.33,8.12,28889423.0,237613945.0,16:29:45,2026-07-30
sz300359,全通教育,4.6,0.17,3.837,4.59,4.6,4.43,4.15,4.64,4.09,85882676.0,374637022.0,16:29:00,2026-07-30
sz300360,炬华科技,12.32,0.05,0.407,12.32,12.33,12.27,12.17,12.42,12.14,6479840.0,79809436.0,16:29:15,2026-07-30
sz300363,博腾股份,14.97,-0.66,-4.223,14.96,14.97,15.63,15.56,15.77,14.83,17705810.0,269339026.0,16:29:30,2026-07-30
sz300364,中文在线,20.69,-0.65,-3.046,20.69,20.7,21.34,21.45,22.05,20.59,39138976.0,830767844.0,16:29:45,2026-07-30
sz300365,恒华科技,4.61,-0.07,-1.496,4.61,4.62,4.68,4.69,4.77,4.57,12381000.0,57758101.0,16:29:00,2026-07-30
sz300366,ST创意,4.26,-0.09,-2.069,4.26,4.27,4.35,4.33,4.41,4.26,6731000.0,29117199.0,16:29:15,2026-07-30
sz300368,汇金股份,9.02,-0.17,-1.85,9.01,9.02,9.19,9.07,9.46,8.93,51516200.0,473674390.0,16:29:30,2026-07-30
sz300369,绿盟科技,6.56,-0.21,-3.102,6.56,6.57,6.77,6.63,7.06,6.55,89787786.0,608022394.0,16:29:45,2026-07-30
sz300370,安控科技,2.04,-0.04,-1.923,2.03,2.04,2.08,2.06,2.12,2.03,21943100.0,45454840.0,16:29:00,2026-07-30
sz300371,汇中股份,9.4,0.02,0.213,9.4,9.41,9.38,9.33,9.54,9.18,2375240.0,22302296.0,16:29:15,2026-07-30
sz300373,扬杰科技,81.93,-5.67,-6.473,81.92,81.93,87.6,86.01,87.97,80.57,16263345.0,1358027019.0,16:29:30,2026-07-30
sz300374,中铁装配,10.88,0.1,0.928,10.88,10.9,10.78,10.62,11.02,10.62,4452700.0,48544576.0,16:29:45,2026-07-30
sz300375,鹏翎股份,3.79,-0.07,-1.813,3.79,3.8,3.86,3.82,3.89,3.77,8269700.0,31681923.0,16:29:00,2026-07-30
sz300376,易事特,4.59,0.01,0.218,4.59,4.6,4.58,4.53,4.67,4.5,23812598.0,109413362.0,16:29:15,2026-07-30
sz300377,赢时胜,13.67,0.01,0.073,13.67,13.68,13.66,13.51,14.14,13.5,41292799.0,572558469.0,16:29:30,2026-07-30
sz300378,鼎捷数智,28.86,0.95,3.404,28.85,28.86,27.91,27.81,29.97,27.75,16507701.0,481888192.0,16:29:45,2026-07-30
sz300380,安硕信息,29.27,0.95,3.355,29.27,29.28,28.32,28.45,29.89,28.28,4878104.0,143068074.0,16:29:00,2026-07-30
sz300381,溢多利,5.63,-0.01,-0.177,5.63,5.64,5.64,5.62,5.74,5.57,7670461.0,43400539.0,16:29:15,2026-07-30
sz300382,斯莱克,12.07,-1.24,-9.316,12.07,12.08,13.31,13.19,13.55,11.92,31417823.0,394862329.0,16:29:30,2026-07-30
sz300383,光环新网,12.86,-0.39,-2.943,12.85,12.86,13.25,13.1,13.35,12.85,73212227.0,961608445.0,16:29:45,2026-07-30
sz300384,三联虹普,12.16,0.17,1.418,12.15,12.16,11.99,11.95,12.17,11.87,3872273.0,46779092.0,16:29:00,2026-07-30
sz300385,ST雪浪,10.09,-0.14,-1.369,10.09,10.1,10.23,10.15,10.76,10.05,6406300.0,66140995.0,16:29:15,2026-07-30
sz300386,飞天诚信,9.91,-0.06,-0.602,9.91,9.92,9.97,9.9,10.18,9.86,6617300.0,66428744.0,16:29:30,2026-07-30
sz300387,富邦科技,6.94,0.06,0.872,6.94,6.95,6.88,6.88,7.03,6.85,6159170.0,42835944.0,16:29:45,2026-07-30
sz300388,节能国祯,6.81,0.01,0.147,6.81,6.82,6.8,6.79,6.86,6.74,4517240.0,30781890.0,16:29:00,2026-07-30
sz300389,艾比森,11.7,-0.32,-2.662,11.7,11.71,12.02,11.91,12.05,11.61,5257700.0,62142860.0,16:29:15,2026-07-30
sz300390,天华新能,54.28,-2.62,-4.605,54.28,54.29,56.9,56.5,56.75,53.6,32562338.0,1797422184.0,16:29:30,2026-07-30
sz300393,中来股份,5.68,-0.08,-1.389,5.68,5.69,5.76,5.73,5.85,5.57,22561124.0,128805219.0,16:29:45,2026-07-30
sz300394,天孚通信,160.1,-21.99,-12.076,160.1,160.11,182.09,180.03,180.76,155.55,57897643.0,9547345850.0,16:29:00,2026-07-30
sz300395,菲利华,71.6,-4.0,-5.291,71.6,71.61,75.6,74.66,75.76,70.4,19556027.0,1420024123.0,16:29:15,2026-07-30
sz300396,ST迪瑞,6.46,0.03,0.467,6.45,6.46,6.43,6.4,6.54,6.34,2357400.0,15228222.0,16:29:30,2026-07-30
sz300397,天和防务,9.85,-0.23,-2.282,9.84,9.85,10.08,9.96,10.09,9.8,14625685.0,145232253.0,16:29:45,2026-07-30
sz300398,飞凯材料,31.0,-1.05,-3.276,30.99,31.0,32.05,31.94,33.8,30.21,46965447.0,1493739947.0,16:29:00,2026-07-30
sz300399,天利科技,16.78,0.45,2.756,16.78,16.79,16.33,16.29,17.28,16.24,6794065.0,114667460.0,16:29:15,2026-07-30
sz300400,劲拓股份,19.92,-1.32,-6.215,19.91,19.92,21.24,21.0,21.49,19.82,11819300.0,242654325.0,16:29:30,2026-07-30
sz300401,花园生物,11.9,-0.58,-4.647,11.9,11.91,12.48,12.39,12.68,11.86,32879048.0,399460281.0,16:29:45,2026-07-30
sz300402,宝色股份,14.09,0.05,0.356,14.09,14.1,14.04,14.04,14.32,13.88,3521707.0,49771745.0,16:29:00,2026-07-30
sz300403,汉宇集团,8.79,-0.17,-1.897,8.79,8.8,8.96,8.87,8.99,8.7,10741500.0,95231344.0,16:29:15,2026-07-30
sz300404,博济医药,8.97,-0.5,-5.28,8.97,8.98,9.47,9.38,9.5,8.89,21759757.0,199318858.0,16:29:30,2026-07-30
sz300405,科隆股份,4.91,-0.04,-0.808,4.91,4.93,4.95,4.98,5.07,4.82,8648460.0,42870792.0,16:29:45,2026-07-30
sz300406,九强生物,11.38,0.06,0.53,11.38,11.4,11.32,11.3,11.49,11.23,4024655.0,45841426.0,16:29:00,2026-07-30
sz300407,凯发电气,12.9,0.14,1.097,12.9,12.91,12.76,13.69,13.69,12.55,36535500.0,482800953.0,16:29:15,2026-07-30
sz300408,三环集团,105.3,-3.59,-3.297,105.29,105.3,108.89,111.02,113.98,99.0,111275502.0,11769329063.0,16:29:30,2026-07-30
sz300409,道氏技术,17.53,0.09,0.516,17.53,17.54,17.44,17.31,17.81,17.3,23763018.0,418262811.0,16:29:45,2026-07-30
sz300410,正业科技,6.64,-0.28,-4.046,6.64,6.65,6.92,6.86,6.92,6.6,18409600.0,124384775.0,16:29:00,2026-07-30
sz300411,金盾股份,6.96,-0.07,-0.996,6.96,6.97,7.03,6.97,7.13,6.93,8231213.0,57868074.0,16:29:15,2026-07-30
sz300412,迦南科技,3.86,-0.04,-1.026,3.86,3.87,3.9,3.89,3.97,3.81,11640670.0,45486526.0,16:29:30,2026-07-30
sz300413,芒果超媒,15.91,0.23,1.467,15.91,15.92,15.68,15.65,16.1,15.65,20733332.0,331035218.0,16:29:45,2026-07-30
sz300414,中光防雷,10.73,-0.71,-6.206,10.73,10.74,11.44,11.01,11.37,10.68,20018408.0,220759284.0,16:29:00,2026-07-30
sz300415,伊之密,20.37,0.22,1.092,20.36,20.37,20.15,20.02,20.74,19.99,6062092.0,123652076.0,16:29:15,2026-07-30
sz300416,苏试试验,14.1,-0.38,-2.624,14.1,14.11,14.48,14.38,14.62,13.88,18238737.0,260569980.0,16:29:30,2026-07-30
sz300417,南华仪器,9.59,-0.24,-2.442,9.59,9.61,9.83,9.76,10.01,9.46,4333970.0,42240263.0,16:29:45,2026-07-30
sz300418,昆仑万维,36.0,-0.83,-2.254,36.0,36.01,36.83,36.8,38.69,36.0,64395390.0,2406428276.0,16:29:00,2026-07-30
sz300419,ST浩丰,7.12,-0.57,-7.412,7.11,7.12,7.69,7.77,7.77,6.99,14070420.0,103579058.0,16:29:15,2026-07-30
sz300420,五洋自控,5.32,-0.71,-11.774,5.32,5.33,6.03,5.9,6.0,5.2,109995258.0,608334443.0,16:29:30,2026-07-30
sz300421,力星股份,15.71,-0.54,-3.323,15.71,15.72,16.25,16.25,16.32,15.66,5855585.0,93540993.0,16:29:45,2026-07-30
sz300422,博世科,4.19,-0.04,-0.946,4.18,4.19,4.23,4.21,4.35,4.15,12263920.0,52170622.0,16:29:00,2026-07-30
sz300423,昇辉科技,5.47,-0.08,-1.441,5.47,5.48,5.55,5.5,5.64,5.44,9842200.0,54535694.0,16:29:15,2026-07-30
sz300424,航新科技,13.48,-0.25,-1.821,13.48,13.49,13.73,13.65,13.96,13.45,9339200.0,128147134.0,16:29:30,2026-07-30
sz300425,中建环能,3.85,-0.04,-1.028,3.85,3.86,3.89,3.88,3.97,3.83,11707787.0,45562341.0,16:29:45,2026-07-30
sz300426,华智数媒,5.27,-0.03,-0.566,5.26,5.27,5.3,5.23,5.47,5.18,14911500.0,79721389.0,16:29:00,2026-07-30
sz300427,红相股份,6.34,-0.46,-6.765,6.34,6.35,6.8,6.8,6.92,6.34,79669794.0,523210843.0,16:29:15,2026-07-30
sz300428,立中集团,18.82,-0.04,-0.212,18.81,18.82,18.86,18.63,18.96,18.58,7101515.0,133643984.0,16:29:30,2026-07-30
sz300429,强力新材,8.98,-0.41,-4.366,8.98,8.99,9.39,9.36,9.42,8.94,25982899.0,237658444.0,16:29:45,2026-07-30
sz300430,*ST益通,4.3,-0.03,-0.693,4.3,4.31,4.33,4.28,4.51,4.28,11903764.0,52329939.0,16:29:00,2026-07-30
sz300432,富临精工,15.56,-0.15,-0.955,15.55,15.56,15.71,15.56,15.91,15.38,31840890.0,498291357.0,16:29:15,2026-07-30
sz300433,蓝思科技,30.83,-2.56,-7.667,30.83,30.84,33.39,32.78,33.49,30.8,122052859.0,3871040839.0,16:29:30,2026-07-30
sz300434,金石亚药,9.56,-0.54,-5.347,9.55,9.56,10.1,9.99,10.19,9.55,18547000.0,182294319.0,16:29:45,2026-07-30
sz300435,中泰股份,15.75,-0.78,-4.719,15.75,15.76,16.53,16.4,16.68,15.71,11477698.0,184651661.0,16:29:00,2026-07-30
sz300436,广生堂,85.75,-3.08,-3.467,85.73,85.75,88.83,88.01,89.58,85.75,4483399.0,391812442.0,16:29:15,2026-07-30
sz300437,清水源,10.35,-0.01,-0.097,10.35,10.36,10.36,10.3,10.67,10.18,9404000.0,98377628.0,16:29:30,2026-07-30
sz300438,鹏辉能源,59.71,-2.39,-3.849,59.7,59.71,62.1,61.74,62.28,59.7,18406045.0,1119679162.0,16:29:45,2026-07-30
sz300439,美康生物,8.52,0.08,0.948,8.51,8.52,8.44,8.45,8.61,8.4,3412600.0,29049653.0,16:29:00,2026-07-30
sz300440,运达科技,13.44,-1.45,-9.738,13.44,13.45,14.89,14.89,14.97,13.26,14248100.0,198163177.0,16:29:15,2026-07-30
sz300441,鲍斯股份,6.85,-0.04,-0.581,6.85,6.86,6.89,6.94,7.26,6.84,19601554.0,138517476.0,16:29:30,2026-07-30
sz300442,润泽科技,57.9,-2.82,-4.644,57.9,57.91,60.72,60.05,60.99,57.34,29535469.0,1732066795.0,16:29:45,2026-07-30
sz300443,金雷股份,21.39,0.13,0.611,21.39,21.4,21.26,21.15,21.79,21.06,6339389.0,136188503.0,16:29:00,2026-07-30
sz300444,双杰电气,10.02,-0.54,-5.114,10.02,10.03,10.56,10.6,10.68,9.97,93902094.0,961404434.0,16:29:15,2026-07-30
sz300445,康斯特,17.61,-1.39,-7.316,17.61,17.62,19.0,18.94,19.08,17.58,4290363.0,77806342.0,16:29:30,2026-07-30
sz300446,航天智造,13.4,-0.09,-0.667,13.4,13.41,13.49,13.46,13.71,13.27,7090916.0,95642014.0,16:29:45,2026-07-30
sz300447,全信股份,12.68,-0.22,-1.705,12.68,12.69,12.9,12.89,13.03,12.52,3745400.0,47897519.0,16:29:00,2026-07-30
sz300448,浩云科技,5.16,-0.02,-0.386,5.16,5.17,5.18,5.17,5.38,5.15,19842265.0,104224389.0,16:29:15,2026-07-30
sz300449,汉邦高科,6.44,-0.14,-2.128,6.44,6.45,6.58,6.57,6.7,6.42,10289300.0,67410869.0,16:29:30,2026-07-30
sz300450,先导智能,33.38,-0.03,-0.09,33.38,33.39,33.41,33.0,33.88,32.87,41488745.0,1386374421.0,16:29:45,2026-07-30
sz300451,创业慧康,3.36,-0.03,-0.885,3.35,3.36,3.39,3.36,3.48,3.34,26831191.0,91455158.0,16:29:00,2026-07-30
sz300452,山河药辅,12.03,-0.05,-0.414,12.03,12.04,12.08,12.01,12.21,11.95,2826572.0,34095138.0,16:29:15,2026-07-30
sz300453,三鑫医疗,9.75,0.05,0.515,9.74,9.75,9.7,9.69,9.78,9.6,8011715.0,77810177.0,16:29:30,2026-07-30
sz300454,深信服,104.3,1.08,1.046,104.3,104.31,103.22,102.82,109.8,102.5,16261734.0,1728328885.0,16:29:45,2026-07-30
sz300455,航天智装,17.2,-0.25,-1.433,17.19,17.2,17.45,17.4,17.7,17.1,6136206.0,106782137.0,16:29:00,2026-07-30
sz300456,赛微电子,26.77,-1.37,-4.869,26.76,26.77,28.14,27.88,28.2,26.22,25097198.0,679697129.0,16:29:15,2026-07-30
sz300457,赢合科技,20.39,0.84,4.297,20.38,20.39,19.55,19.36,20.55,19.36,17894689.0,361614719.0,16:29:30,2026-07-30
sz300458,全志科技,31.82,-7.92,-19.93,31.82,31.83,39.74,38.58,39.14,31.8,150397745.0,5267680643.0,16:29:45,2026-07-30
sz300459,汤姆猫,3.67,-0.01,-0.272,3.67,3.68,3.68,3.64,3.77,3.63,121570720.0,451260921.0,16:29:00,2026-07-30
sz300460,ST惠伦,7.97,-0.17,-2.088,7.96,7.97,8.14,8.07,8.28,7.95,4519700.0,36445363.0,16:29:15,2026-07-30
sz300461,田中精机,26.98,-1.92,-6.644,26.98,26.99,28.9,28.85,28.99,26.7,4272800.0,117362075.0,16:29:30,2026-07-30
sz300462,ST华铭,11.21,-0.25,-2.182,11.21,11.22,11.46,11.21,11.5,11.08,1058199.0,11942250.0,16:29:45,2026-07-30
sz300463,迈克生物,8.98,0.06,0.673,8.97,8.98,8.92,8.87,9.07,8.84,8971600.0,80369662.0,16:29:00,2026-07-30
sz300464,星徽股份,5.86,-0.19,-3.14,5.85,5.86,6.05,6.04,6.3,5.76,17714750.0,105779160.0,16:29:15,2026-07-30
sz300465,高伟达,12.15,0.34,2.879,12.15,12.16,11.81,11.67,12.44,11.67,30766524.0,370588441.0,16:29:30,2026-07-30
sz300466,赛摩智能,7.02,0.02,0.286,7.01,7.02,7.0,6.98,7.15,6.92,6326752.0,44609079.0,16:29:45,2026-07-30
sz300467,迅游科技,30.76,-2.21,-6.703,30.76,30.77,32.97,32.7,33.29,30.5,4393000.0,139519619.0,16:29:00,2026-07-30
sz300468,四方精创,22.05,1.24,5.959,22.04,22.05,20.81,20.81,22.52,20.72,47410851.0,1036092208.0,16:29:15,2026-07-30
sz300469,信息发展,51.4,3.23,6.705,51.39,51.4,48.17,47.9,51.45,46.0,8850708.0,425150579.0,16:29:30,2026-07-30
sz300470,中密控股,29.71,0.21,0.712,29.66,29.71,29.5,29.47,29.93,29.22,1736400.0,51543658.0,16:29:45,2026-07-30
sz300471,厚普股份,9.06,-0.08,-0.875,9.06,9.07,9.14,9.1,9.23,8.95,5877400.0,53478908.0,16:29:00,2026-07-30
sz300472,*ST新元,6.53,0.24,3.816,6.53,6.54,6.29,6.25,6.72,6.16,5263500.0,34322578.0,16:29:15,2026-07-30
sz300473,德尔股份,20.23,-0.76,-3.621,20.23,20.24,20.99,20.95,20.95,19.96,4761000.0,97018691.0,16:29:30,2026-07-30
sz300474,景嘉微,52.16,0.28,0.54,52.16,52.17,51.88,51.66,52.75,51.0,8908587.0,462956216.0,16:29:45,2026-07-30
sz300475,香农芯创,140.83,-4.67,-3.21,140.82,140.83,145.5,145.03,147.59,134.28,37160649.0,5257135870.0,16:29:00,2026-07-30
sz300476,胜宏科技,180.36,-21.25,-10.54,180.36,180.5,201.61,198.81,200.48,177.88,48505094.0,9096162956.0,16:29:15,2026-07-30
sz300477,ST合纵,2.72,-0.08,-2.857,2.71,2.72,2.8,2.89,2.95,2.71,42975593.0,121297143.0,16:29:30,2026-07-30
sz300478,杭州高新,22.29,-1.78,-7.395,22.29,22.3,24.07,23.83,24.06,21.93,10399424.0,235927053.0,16:29:45,2026-07-30
sz300479,神思电子,13.02,-0.09,-0.686,13.01,13.02,13.11,13.11,13.42,12.99,5309228.0,70208002.0,16:29:00,2026-07-30
sz300480,光力科技,25.25,-3.22,-11.31,25.25,25.26,28.47,28.44,28.47,25.11,29169660.0,766235336.0,16:29:15,2026-07-30
sz300481,濮阳惠成,12.71,-0.34,-2.605,12.7,12.71,13.05,12.96,13.02,12.61,8539445.0,109497696.0,16:29:30,2026-07-30
sz300482,万孚生物,17.23,0.36,2.134,17.22,17.23,16.87,16.85,17.44,16.79,11516388.0,198140682.0,16:29:45,2026-07-30
sz300483,首华燃气,21.53,0.02,0.093,21.53,21.54,21.51,21.89,22.22,21.34,22470224.0,486866778.0,16:29:00,2026-07-30
sz300484,蓝海华腾,12.04,-0.29,-2.352,12.04,12.05,12.33,12.28,12.46,11.96,3806281.0,46473583.0,16:29:15,2026-07-30
sz300485,赛升药业,8.52,-0.28,-3.182,8.52,8.53,8.8,8.79,8.9,8.48,8246013.0,71293956.0,16:29:30,2026-07-30
sz300486,东杰智能,15.81,-0.48,-2.947,15.81,15.82,16.29,16.26,16.72,15.55,9207175.0,147609024.0,16:29:45,2026-07-30
sz300487,蓝晓科技,56.04,-3.31,-5.577,56.04,56.08,59.35,58.84,59.25,55.7,10140657.0,576926749.0,16:29:00,2026-07-30
sz300488,恒锋工具,26.95,-1.73,-6.032,26.95,26.97,28.68,28.47,28.6,26.81,5060200.0,139256501.0,16:29:15,2026-07-30
sz300489,光智科技,125.61,-24.06,-16.075,125.61,125.72,149.67,145.0,148.85,124.27,11293100.0,1497476862.0,16:29:30,2026-07-30
sz300490,华自科技,11.11,-0.29,-2.544,11.11,11.13,11.4,11.27,11.45,11.05,13729981.0,154250760.0,16:29:45,2026-07-30
sz300491,通合科技,22.41,-2.88,-11.388,22.41,22.42,25.29,24.94,25.07,22.15,13857650.0,324265369.0,16:29:00,2026-07-30
sz300492,华图山鼎,25.81,1.01,4.073,25.81,25.83,24.8,24.41,26.24,23.63,13626710.0,344817700.0,16:29:15,2026-07-30
sz300493,润欣科技,12.23,-0.44,-3.473,12.22,12.23,12.67,12.45,12.7,12.12,15017557.0,185948690.0,16:29:30,2026-07-30
sz300494,盛天网络,8.15,-0.04,-0.488,8.15,8.16,8.19,8.12,8.46,8.1,12148160.0,100387662.0,16:29:45,2026-07-30
sz300496,中科创达,56.71,-2.29,-3.881,56.7,56.71,59.0,58.1,59.3,56.3,15462399.0,896669555.0,16:29:00,2026-07-30
sz300497,富祥股份,16.3,-0.67,-3.948,16.3,16.31,16.97,16.9,16.92,16.28,27752531.0,460636344.0,16:29:15,2026-07-30
sz300498,温氏股份,14.32,0.33,2.359,14.31,14.32,13.99,14.0,14.39,13.94,62630738.0,895460217.0,16:29:30,2026-07-30
sz300499,高澜股份,23.8,-2.0,-7.752,23.8,23.81,25.8,25.51,25.7,23.58,17456031.0,424922912.0,16:29:45,2026-07-30
sz300500,启迪设计,8.44,-0.07,-0.823,8.43,8.44,8.51,8.49,8.74,8.35,3754000.0,32069812.0,16:29:00,2026-07-30
sz300501,海顺新材,8.99,-0.52,-5.468,8.99,9.01,9.51,9.51,9.63,8.98,3835055.0,35508363.0,16:29:15,2026-07-30
sz300502,新易盛,371.1,-50.1,-11.895,371.1,371.12,421.2,410.21,414.02,347.0,96322961.0,36130725151.0,16:29:30,2026-07-30
sz300503,昊志机电,56.75,-5.13,-8.29,56.75,56.78,61.88,60.82,61.9,55.81,17908495.0,1044710242.0,16:29:45,2026-07-30
sz300504,天邑股份,12.87,-0.82,-5.99,12.86,12.87,13.69,13.65,13.65,12.81,7785800.0,102290635.0,16:29:00,2026-07-30
sz300505,川金诺,19.14,0.54,2.903,19.13,19.14,18.6,18.2,20.45,18.2,40865052.0,799121125.0,16:29:15,2026-07-30
sz300506,名家汇,5.01,-0.19,-3.654,5.01,5.02,5.2,5.18,5.29,4.97,17773726.0,90658362.0,16:29:30,2026-07-30
sz300507,苏奥传感,6.2,-0.02,-0.322,6.19,6.2,6.22,6.18,6.29,6.14,8398672.0,52333605.0,16:29:45,2026-07-30
sz300508,维宏股份,32.1,-2.04,-5.975,32.09,32.1,34.14,34.45,34.45,31.72,3037128.0,99687586.0,16:29:00,2026-07-30
sz300509,新美星,7.84,-0.07,-0.885,7.84,7.85,7.91,7.87,8.16,7.76,7674716.0,61086058.0,16:29:15,2026-07-30
sz300510,金冠股份,3.3,-0.13,-3.79,3.3,3.31,3.43,3.4,3.44,3.29,35044981.0,117718202.0,16:29:30,2026-07-30
sz300511,雪榕生物,5.04,-0.02,-0.395,5.04,5.05,5.06,5.07,5.2,4.98,17296800.0,87949692.0,16:29:45,2026-07-30
sz300512,中亚股份,6.58,-0.01,-0.152,6.55,6.58,6.59,6.59,6.71,6.5,3520550.0,23289199.0,16:29:00,2026-07-30
sz300513,恒实科技,6.66,-0.08,-1.187,6.65,6.66,6.74,6.75,6.89,6.6,6017988.0,40497037.0,16:29:15,2026-07-30
sz300514,友讯达,8.92,0.04,0.45,8.9,8.92,8.88,8.98,9.07,8.72,3497800.0,31233877.0,16:29:30,2026-07-30
sz300515,三德科技,15.0,-0.37,-2.407,15.0,15.02,15.37,15.16,15.38,14.83,6883400.0,103724162.0,16:29:45,2026-07-30
sz300516,久之洋,27.12,-0.78,-2.796,27.12,27.13,27.9,27.9,28.3,26.8,4598225.0,126171508.0,16:29:00,2026-07-30
sz300517,海波重科,8.88,0.08,0.909,8.84,8.88,8.8,8.84,9.06,8.75,4274860.0,38111847.0,16:29:15,2026-07-30
sz300518,新迅达,16.61,-1.93,-10.41,16.61,16.62,18.54,18.55,18.78,16.5,10325339.0,178183737.0,16:29:30,2026-07-30
sz300519,新光药业,13.09,-0.47,-3.466,13.09,13.1,13.56,13.5,13.69,13.05,5798000.0,77334415.0,16:29:45,2026-07-30
sz300520,科大国创,23.87,-0.28,-1.159,23.87,23.88,24.15,24.1,24.55,23.81,9317461.0,225394514.0,16:29:00,2026-07-30
sz300521,爱司凯,20.25,-0.95,-4.481,20.19,20.25,21.2,21.41,21.75,20.0,3506114.0,71727168.0,16:29:15,2026-07-30
sz300522,世名科技,10.67,-0.83,-7.217,10.66,10.67,11.5,11.5,11.6,10.66,18505005.0,204646107.0,16:29:30,2026-07-30
sz300523,辰安科技,19.18,0.15,0.788,19.17,19.18,19.03,18.99,19.59,18.88,3276300.0,63101632.0,16:29:45,2026-07-30
sz300525,博思软件,8.24,0.21,2.615,8.23,8.24,8.03,8.0,8.38,8.0,23962182.0,198115883.0,16:29:00,2026-07-30
sz300527,ST应急,7.36,0.09,1.238,7.36,7.37,7.27,7.23,7.4,7.23,7743225.0,56729436.0,16:29:15,2026-07-30
sz300528,幸福蓝海,12.9,-0.69,-5.077,12.9,12.91,13.59,13.45,13.88,12.82,22577413.0,300696257.0,16:29:30,2026-07-30
sz300529,健帆生物,18.53,0.49,2.716,18.52,18.53,18.04,18.0,18.73,17.94,9657255.0,177929983.0,16:29:45,2026-07-30
sz300530,领湃科技,19.2,-1.18,-5.79,19.2,19.26,20.38,20.4,20.92,19.2,15726980.0,311687624.0,16:29:00,2026-07-30
sz300531,优博讯,16.44,-0.35,-2.085,16.43,16.44,16.79,16.63,16.98,16.41,14961814.0,249836093.0,16:29:15,2026-07-30
sz300532,今天国际,6.8,-0.02,-0.293,6.79,6.8,6.82,6.78,6.9,6.72,12026326.0,82052593.0,16:29:30,2026-07-30
sz300533,冰川网络,14.76,0.64,4.533,14.76,14.77,14.12,14.0,15.96,13.91,20250355.0,306707765.0,16:29:45,2026-07-30
sz300534,陇神戎发,13.37,0.16,1.211,13.36,13.37,13.21,13.62,15.24,13.06,104460850.0,1479282963.0,16:29:00,2026-07-30
sz300535,达威股份,13.13,0.01,0.076,13.1,13.13,13.12,13.12,13.42,12.89,2192700.0,28966295.0,16:29:15,2026-07-30
sz300536,农尚环境,7.43,-0.45,-5.711,7.43,7.44,7.88,7.78,7.98,7.42,10436900.0,79350751.0,16:29:30,2026-07-30
sz300537,广信材料,16.62,-1.02,-5.782,16.62,16.63,17.64,17.45,17.61,16.55,9770580.0,165848932.0,16:29:45,2026-07-30
sz300538,同益股份,12.76,-0.49,-3.698,12.76,12.79,13.25,13.05,13.37,12.75,5059000.0,65888475.0,16:29:00,2026-07-30
sz300539,横河精密,16.46,-0.83,-4.8,16.46,16.47,17.29,17.37,17.44,16.42,7126220.0,120382450.0,16:29:15,2026-07-30
sz300540,蜀道装备,25.12,-2.87,-10.254,25.12,25.13,27.99,27.72,27.84,25.0,15416408.0,399603201.0,16:29:30,2026-07-30
sz300541,先进数通,10.22,-0.06,-0.584,10.22,10.23,10.28,10.2,10.46,10.2,11801920.0,122051718.0,16:29:45,2026-07-30
sz300542,新晨科技,11.69,0.28,2.454,11.69,11.7,11.41,11.41,11.95,11.36,9438437.0,110979349.0,16:29:00,2026-07-30
sz300543,朗科智能,7.1,0.04,0.567,7.09,7.1,7.06,7.08,7.22,6.99,6566450.0,46774647.0,16:29:15,2026-07-30
sz300545,联得装备,25.45,-1.56,-5.776,25.44,25.45,27.01,26.51,26.8,25.21,7585866.0,198021795.0,16:29:30,2026-07-30
sz300546,雄帝科技,15.58,-0.59,-3.649,15.57,15.58,16.17,16.21,16.25,15.45,7795370.0,124031748.0,16:29:45,2026-07-30
sz300547,川环科技,22.01,-1.73,-7.287,22.01,22.03,23.74,23.52,23.67,21.43,11745540.0,262296529.0,16:29:00,2026-07-30
sz300548,长芯博创,127.26,-17.74,-12.234,127.26,127.27,145.0,145.0,145.44,123.48,22530812.0,2951212076.0,16:29:15,2026-07-30
sz300549,优德精密,12.68,-0.15,-1.169,12.59,12.68,12.83,12.92,13.09,12.48,1896800.0,24296219.0,16:29:30,2026-07-30
sz300550,和仁科技,9.91,-0.37,-3.599,9.91,9.93,10.28,10.36,10.56,9.87,6736491.0,68453859.0,16:29:45,2026-07-30
sz300551,古鳌科技,8.9,-0.3,-3.261,8.89,8.9,9.2,9.13,9.37,8.78,12833191.0,116763560.0,16:29:00,2026-07-30
sz300552,万集科技,19.9,-0.2,-0.995,19.9,19.91,20.1,19.97,20.96,19.71,6105720.0,124921372.0,16:29:15,2026-07-30
sz300553,集智股份,33.58,-4.03,-10.715,33.56,33.58,37.61,37.26,37.63,33.16,5813031.0,202087313.0,16:29:30,2026-07-30
sz300554,三超新材,18.2,-0.26,-1.408,18.2,18.22,18.46,18.61,19.02,17.79,4667570.0,85652581.0,16:29:45,2026-07-30
sz300555,ST路通,11.99,0.0,0.0,11.94,11.99,11.99,12.0,12.39,11.85,837300.0,10156078.0,16:29:00,2026-07-30
sz300556,丝路视觉,14.62,-0.19,-1.283,14.62,14.63,14.81,14.78,15.13,14.57,5354436.0,79402347.0,16:29:15,2026-07-30
sz300557,理工光科,22.57,-1.39,-5.801,22.57,22.62,23.96,23.66,23.93,22.5,3286442.0,75877131.0,16:29:30,2026-07-30
sz300558,贝达药业,55.78,-2.24,-3.861,55.78,55.79,58.02,57.83,58.02,54.13,14061434.0,785177927.0,16:29:45,2026-07-30
sz300559,佳发教育,10.64,0.12,1.141,10.63,10.64,10.52,10.42,11.05,10.32,10582663.0,112331870.0,16:29:00,2026-07-30
sz300560,中富通,12.12,-0.43,-3.426,12.12,12.13,12.55,12.44,12.73,11.95,13860550.0,170518292.0,16:29:15,2026-07-30
sz300561,汇金科技,17.02,-0.62,-3.515,17.02,17.03,17.64,17.16,18.0,17.02,27915321.0,488280730.0,16:29:30,2026-07-30
sz300562,乐心医疗,13.02,-0.33,-2.472,13.02,13.03,13.35,13.35,13.63,12.84,12029800.0,158656772.0,16:29:45,2026-07-30
sz300563,神宇股份,21.74,-0.6,-2.686,21.74,21.75,22.34,22.46,22.99,21.64,4114167.0,91509919.0,16:29:00,2026-07-30
sz300564,筑博设计,11.1,-0.15,-1.333,11.08,11.11,11.25,11.3,11.45,10.81,3312000.0,36755281.0,16:29:15,2026-07-30
sz300565,科信技术,8.6,-0.28,-3.153,8.6,8.61,8.88,8.82,8.95,8.56,9128104.0,79857096.0,16:29:30,2026-07-30
sz300566,激智科技,21.28,-1.91,-8.236,21.28,21.29,23.19,22.81,23.35,21.0,19361507.0,421662068.0,16:29:45,2026-07-30
sz300567,精测电子,180.19,-18.81,-9.452,180.18,180.19,199.0,196.74,202.3,175.58,13223101.0,2456073168.0,16:29:00,2026-07-30
sz300568,星源材质,13.1,0.29,2.264,13.1,13.11,12.81,12.81,13.5,12.67,93362292.0,1232292447.0,16:29:15,2026-07-30
sz300569,天能重工,4.81,-0.05,-1.029,4.81,4.82,4.86,4.81,4.9,4.79,12359800.0,59921716.0,16:29:30,2026-07-30
sz300570,太辰光,105.92,-14.08,-11.733,105.92,105.96,120.0,120.3,120.8,102.3,20074010.0,2196361977.0,16:29:45,2026-07-30
sz300571,平治信息,27.88,-2.29,-7.59,27.88,27.89,30.17,29.94,30.27,27.75,8681500.0,249266516.0,16:29:00,2026-07-30
sz300572,安车检测,16.68,-0.74,-4.248,16.68,16.7,17.42,17.4,17.98,16.62,5906191.0,101449336.0,16:29:15,2026-07-30
sz300573,兴齐眼药,42.12,-0.29,-0.684,42.12,42.13,42.41,41.86,43.33,41.8,9034043.0,383525679.0,16:29:30,2026-07-30
sz300575,中旗股份,5.85,0.41,7.537,5.85,5.86,5.44,5.4,6.07,5.39,32155263.0,187515320.0,16:29:45,2026-07-30
sz300576,容大感光,24.13,-1.58,-6.145,24.13,24.15,25.71,25.46,25.51,23.91,22681981.0,558563118.0,16:29:00,2026-07-30
sz300577,开润股份,16.67,-0.37,-2.171,16.67,16.69,17.04,16.96,17.67,16.64,6843200.0,117046073.0,16:29:15,2026-07-30
sz300578,会畅科技,14.47,-0.42,-2.821,14.47,14.48,14.89,14.74,15.45,14.41,5659900.0,84402757.0,16:29:30,2026-07-30
sz300579,数字认证,21.72,0.09,0.416,21.71,21.72,21.63,21.4,22.15,21.4,4558200.0,99657597.0,16:29:45,2026-07-30
sz300580,贝斯特,20.0,-0.52,-2.534,19.99,20.0,20.52,20.13,20.69,19.78,13371550.0,269419314.0,16:29:00,2026-07-30
sz300581,晨曦航空,9.63,-0.05,-0.517,9.63,9.64,9.68,9.65,9.92,9.58,16297275.0,158466032.0,16:29:15,2026-07-30
sz300582,英飞特,9.86,-0.36,-3.523,9.86,9.88,10.22,10.22,10.28,9.81,5911000.0,59197757.0,16:29:30,2026-07-30
sz300583,赛托生物,11.5,-0.09,-0.777,11.5,11.54,11.59,11.5,11.81,11.42,2862120.0,33221334.0,16:29:45,2026-07-30
sz300584,海辰药业,31.2,-0.98,-3.045,31.2,31.22,32.18,31.91,32.56,31.01,4395950.0,139143212.0,16:29:00,2026-07-30
sz300585,奥联电子,12.99,0.16,1.247,12.98,12.99,12.83,12.79,14.27,12.75,13922000.0,187212138.0,16:29:15,2026-07-30
sz300586,美联新材,7.25,-0.43,-5.599,7.25,7.26,7.68,7.69,7.71,7.19,26411894.0,195961838.0,16:29:30,2026-07-30
sz300587,天铁科技,4.08,0.04,0.99,4.08,4.09,4.04,4.03,4.13,3.98,41565046.0,169166836.0,16:29:45,2026-07-30
sz300588,熙菱信息,21.46,0.02,0.093,21.42,21.46,21.44,21.41,21.5,20.91,4417100.0,93426877.0,16:29:00,2026-07-30
sz300589,江龙船艇,12.27,-0.25,-1.997,12.26,12.27,12.52,12.44,12.75,12.23,20838056.0,260211535.0,16:29:15,2026-07-30
sz300590,移为通信,10.04,-0.13,-1.278,10.04,10.05,10.17,10.08,10.23,9.9,21950083.0,221030812.0,16:29:30,2026-07-30
sz300591,万里马,6.86,-0.29,-4.056,6.85,6.86,7.15,7.17,7.18,6.78,28087280.0,195192218.0,16:29:45,2026-07-30
sz300592,华凯易佰,12.24,-0.76,-5.846,12.23,12.24,13.0,12.8,13.25,12.19,31298327.0,395922044.0,16:29:00,2026-07-30
sz300593,新雷能,22.21,-1.48,-6.247,22.21,22.22,23.69,23.99,23.99,21.67,26687562.0,600123199.0,16:29:15,2026-07-30
sz300594,ST朗进,12.74,-0.43,-3.265,12.74,12.79,13.17,13.11,13.28,12.72,1458300.0,18879260.0,16:29:30,2026-07-30
sz300595,欧普康视,11.36,0.2,1.792,11.36,11.37,11.16,11.1,11.5,11.1,13066583.0,148224717.0,16:29:45,2026-07-30
sz300596,利安隆,38.38,-0.42,-1.082,38.38,38.39,38.8,38.61,39.3,37.9,5227830.0,201910408.0,16:29:00,2026-07-30
sz300597,吉大通信,7.06,0.03,0.427,7.03,7.06,7.03,7.02,7.14,6.97,5172200.0,36502185.0,16:29:15,2026-07-30
sz300598,诚迈科技,27.93,-0.07,-0.25,27.92,27.93,28.0,27.98,28.78,27.88,5445055.0,154464918.0,16:29:30,2026-07-30
sz300599,雄塑科技,9.07,-0.37,-3.919,9.07,9.08,9.44,9.5,9.65,8.94,6998400.0,64484351.0,16:29:45,2026-07-30
sz300600,国瑞科技,9.68,-0.29,-2.909,9.68,9.69,9.97,9.88,10.1,9.63,9092044.0,89688419.0,16:29:00,2026-07-30
sz300601,康泰生物,12.44,0.16,1.303,12.43,12.44,12.28,12.15,12.56,12.15,15827980.0,196178814.0,16:29:15,2026-07-30
sz300602,飞荣达,30.86,-2.8,-8.318,30.85,30.86,33.66,33.3,33.59,30.66,24084801.0,763926026.0,16:29:30,2026-07-30
sz300603,立昂技术,7.43,-0.21,-2.749,7.43,7.44,7.64,7.56,7.67,7.41,10608425.0,80020602.0,16:29:45,2026-07-30
sz300604,长川科技,245.5,-25.5,-9.41,245.49,245.5,271.0,270.01,278.0,243.95,34742639.0,8969833161.0,16:29:00,2026-07-30
sz300605,恒锋信息,10.25,1.22,13.511,10.25,10.26,9.03,9.86,10.84,9.44,36693607.0,379578511.0,16:29:15,2026-07-30
sz300606,金太阳,28.83,-2.67,-8.476,28.81,28.83,31.5,32.0,32.8,28.39,10690074.0,322475711.0,16:29:30,2026-07-30
sz300607,拓斯达,26.82,-2.23,-7.676,26.82,26.83,29.05,28.58,28.78,26.58,31464223.0,864163232.0,16:29:45,2026-07-30
sz300608,思特奇,9.45,-0.19,-1.971,9.45,9.46,9.64,9.59,9.76,9.34,12774940.0,122023430.0,16:29:00,2026-07-30
sz300609,汇纳科技,22.89,-1.85,-7.478,22.88,22.89,24.74,24.52,25.0,22.83,4424214.0,104433459.0,16:29:15,2026-07-30
sz300610,晨化股份,9.22,0.09,0.986,9.18,9.22,9.13,9.14,9.39,9.1,4841100.0,44927091.0,16:29:30,2026-07-30
sz300611,美力科技,23.05,-0.79,-3.314,23.05,23.06,23.84,23.52,23.75,23.02,2115500.0,49415845.0,16:29:45,2026-07-30
sz300612,宣亚国际,11.15,-0.12,-1.065,11.15,11.16,11.27,11.27,11.68,11.07,7093169.0,80545093.0,16:29:00,2026-07-30
sz300613,富瀚微,54.2,-4.55,-7.745,54.2,54.25,58.75,57.8,58.33,53.1,14338749.0,793060207.0,16:29:15,2026-07-30
sz300614,百川畅银,9.17,-0.18,-1.925,9.15,9.17,9.35,9.41,9.57,9.05,3289900.0,30628417.0,16:29:30,2026-07-30
sz300615,欣天科技,0.0,0.0,0.0,0.0,0.0,8.69,0.0,0.0,0.0,0.0,0.0,16:29:45,2026-07-30
sz300616,尚品宅配,9.55,-0.24,-2.451,9.55,9.56,9.79,9.8,10.02,9.52,6635100.0,64613875.0,16:29:00,2026-07-30
sz300617,安靠智电,40.2,-1.15,-2.781,40.19,40.2,41.35,41.33,41.7,39.93,5169400.0,210661512.0,16:29:15,2026-07-30
sz300618,寒锐钴业,33.65,-0.03,-0.089,33.65,33.66,33.68,33.45,34.06,33.36,5357301.0,181058254.0,16:29:30,2026-07-30
sz300619,金银河,22.28,-0.98,-4.213,22.28,22.3,23.26,23.15,23.48,22.22,5048003.0,114912256.0,16:29:45,2026-07-30
sz300620,光库科技,191.19,-21.29,-10.02,191.18,191.19,212.48,211.2,216.33,184.85,11399358.0,2237717905.0,16:29:00,2026-07-30
sz300621,维业股份,6.61,0.04,0.609,6.61,6.62,6.57,6.57,6.76,6.54,6459947.0,43050584.0,16:29:15,2026-07-30
sz300622,博士眼镜,14.95,-0.16,-1.059,14.95,14.96,15.11,14.93,15.36,14.81,16430868.0,247415806.0,16:29:30,2026-07-30
sz300623,捷捷微电,22.57,-1.78,-7.31,22.57,22.58,24.35,24.17,24.26,22.29,32473747.0,748674249.0,16:29:45,2026-07-30
sz300624,万兴科技,46.8,-0.22,-0.468,46.79,46.8,47.02,46.8,49.98,46.7,11128485.0,537252243.0,16:29:00,2026-07-30
sz300625,三雄极光,8.91,-0.08,-0.89,8.91,8.93,8.99,8.99,9.16,8.89,1739300.0,15683647.0,16:29:15,2026-07-30
sz300626,华瑞股份,24.98,-3.15,-11.198,24.98,24.99,28.13,28.13,28.35,24.88,8427700.0,218887125.0,16:29:30,2026-07-30
sz300627,华测导航,28.51,-0.09,-0.315,28.51,28.52,28.6,28.48,28.94,28.33,10342238.0,296241362.0,16:29:45,2026-07-30
sz300628,亿联网络,39.08,0.81,2.117,39.07,39.08,38.27,37.91,39.5,37.17,19504097.0,746876945.0,16:29:00,2026-07-30
sz300629,新劲刚,16.28,-0.59,-3.497,16.28,16.29,16.87,16.68,16.82,16.24,5418672.0,89437873.0,16:29:15,2026-07-30
sz300631,久吾高科,19.61,-0.13,-0.659,19.61,19.62,19.74,19.56,19.91,19.4,1773638.0,34892937.0,16:29:30,2026-07-30
sz300632,光莆股份,14.98,-1.13,-7.014,14.97,14.98,16.11,16.01,16.15,14.84,13768796.0,211171051.0,16:29:45,2026-07-30
sz300633,开立医疗,19.88,0.37,1.896,19.87,19.88,19.51,19.42,20.05,19.38,4432625.0,87891985.0,16:29:00,2026-07-30
sz300634,彩讯股份,18.36,-0.13,-0.703,18.35,18.36,18.49,18.4,19.1,18.3,9018700.0,168572924.0,16:29:15,2026-07-30
sz300635,中达安,10.22,-0.38,-3.585,10.22,10.24,10.6,10.59,10.73,10.12,4871600.0,50688666.0,16:29:30,2026-07-30
sz300636,同和药业,6.68,0.07,1.059,6.67,6.68,6.61,6.61,6.73,6.58,6598843.0,44024763.0,16:29:45,2026-07-30
sz300637,扬帆新材,7.83,-0.44,-5.32,7.83,7.84,8.27,8.2,8.22,7.83,10002100.0,79995079.0,16:29:00,2026-07-30
sz300638,广和通,19.22,-1.08,-5.32,19.22,19.23,20.3,19.92,20.2,19.2,23346707.0,458905393.0,16:29:15,2026-07-30
sz300639,凯普生物,5.62,0.16,2.93,5.61,5.62,5.46,5.4,5.66,5.36,27830855.0,153207301.0,16:29:30,2026-07-30
sz300640,德艺文创,5.76,-0.14,-2.373,5.75,5.76,5.9,5.91,6.01,5.7,13296500.0,77992052.0,16:29:45,2026-07-30
sz300641,正丹股份,14.26,-0.06,-0.419,14.26,14.27,14.32,14.26,14.48,14.07,6296500.0,89916501.0,16:29:00,2026-07-30
sz300642,透景生命,11.71,-0.25,-2.09,11.7,11.71,11.96,11.96,12.18,11.66,2660000.0,31624637.0,16:29:15,2026-07-30
sz300643,万通智控,16.25,-1.73,-9.622,16.25,16.27,17.98,17.66,17.88,16.11,12181454.0,205562289.0,16:29:30,2026-07-30
sz300644,南京聚隆,19.63,-0.42,-2.095,19.62,19.63,20.05,20.04,20.34,19.46,2457790.0,48919044.0,16:29:45,2026-07-30
sz300645,正元智慧,12.14,0.26,2.189,12.14,12.15,11.88,11.96,12.47,11.82,6557100.0,79780865.0,16:29:00,2026-07-30
sz300647,超频三,5.02,-0.1,-1.953,5.02,5.03,5.12,5.09,5.17,4.97,12098750.0,61479834.0,16:29:15,2026-07-30
sz300648,星云股份,30.0,-1.26,-4.031,30.0,30.03,31.26,31.09,31.79,29.9,3287212.0,100861955.0,16:29:30,2026-07-30
sz300649,杭州园林,17.06,-2.13,-11.1,17.06,17.07,19.19,19.47,19.47,16.88,7267124.0,129993595.0,16:29:45,2026-07-30
sz300650,太龙股份,10.14,-0.29,-2.78,10.14,10.15,10.43,10.45,10.53,10.01,6599395.0,67917778.0,16:29:00,2026-07-30
sz300651,金陵体育,16.31,-0.29,-1.747,16.3,16.31,16.6,16.5,16.96,16.26,8284100.0,137398023.0,16:29:15,2026-07-30
sz300652,雷迪克,26.62,-0.78,-2.847,26.59,26.62,27.4,27.2,27.69,26.44,1880666.0,50744976.0,16:29:30,2026-07-30
sz300653,正海生物,14.0,-0.09,-0.639,14.0,14.04,14.09,14.1,14.35,14.0,1918559.0,27219766.0,16:29:45,2026-07-30
sz300654,世纪天鸿,10.72,-0.33,-2.986,10.72,10.73,11.05,10.91,11.29,10.46,18710851.0,203459244.0,16:29:00,2026-07-30
sz300655,晶瑞电材,11.4,-0.76,-6.25,11.39,11.4,12.16,11.93,12.05,11.4,58293531.0,680647348.0,16:29:15,2026-07-30
sz300656,民德电子,22.39,-2.41,-9.718,22.39,22.4,24.8,24.49,25.11,21.63,9564095.0,218049109.0,16:29:30,2026-07-30
sz300657,弘信电子,29.67,-1.58,-5.056,29.66,29.67,31.25,30.9,31.37,29.38,21152666.0,638208756.0,16:29:45,2026-07-30
sz300658,延江股份,9.5,-0.3,-3.061,9.5,9.51,9.8,9.81,9.96,9.33,9893600.0,95455904.0,16:29:00,2026-07-30
sz300659,中孚信息,9.7,0.1,1.042,9.7,9.71,9.6,9.58,9.96,9.58,9145800.0,89744508.0,16:29:15,2026-07-30
sz300660,江苏雷利,25.25,-0.42,-1.636,25.25,25.26,25.67,25.42,25.93,25.08,6597183.0,168037529.0,16:29:30,2026-07-30
sz300661,圣邦股份,89.58,-11.16,-11.078,89.58,89.59,100.74,99.88,99.88,88.72,21210495.0,1951609449.0,16:29:45,2026-07-30
sz300662,科锐国际,20.36,0.08,0.394,20.36,20.38,20.28,20.18,21.3,20.13,11127300.0,230355928.0,16:29:00,2026-07-30
sz300663,科蓝软件,9.32,0.2,2.193,9.31,9.32,9.12,9.03,9.89,8.78,113829032.0,1083269432.0,16:29:15,2026-07-30
sz300664,鹏鹞环保,4.48,-0.03,-0.665,4.48,4.49,4.51,4.49,4.55,4.45,8445400.0,38035867.0,16:29:30,2026-07-30
sz300665,飞鹿股份,7.99,-0.25,-3.034,7.98,7.99,8.24,8.18,8.37,7.95,8843780.0,71969310.0,16:29:45,2026-07-30
sz300666,江丰电子,197.06,-22.6,-10.289,197.06,197.1,219.66,217.11,220.88,193.2,18470359.0,3769329201.0,16:29:00,2026-07-30
sz300667,必创科技,12.9,-0.55,-4.089,12.9,12.91,13.45,13.41,13.52,12.86,5612653.0,73838336.0,16:29:15,2026-07-30
sz300668,杰恩股份,32.47,-4.23,-11.526,32.47,32.48,36.7,37.0,37.43,32.44,4443900.0,152097611.0,16:29:30,2026-07-30
sz300669,沪宁股份,19.4,-1.1,-5.366,19.37,19.4,20.5,20.33,20.76,19.21,1219465.0,24250911.0,16:29:45,2026-07-30
sz300670,大烨智能,5.38,-0.14,-2.536,5.36,5.38,5.52,5.52,5.62,5.32,7792630.0,42592391.0,16:29:00,2026-07-30
sz300671,富满微,53.86,-7.74,-12.565,53.84,53.86,61.6,59.97,60.8,53.03,17559193.0,980500121.0,16:29:15,2026-07-30
sz300672,国科微,121.91,-10.12,-7.665,121.86,121.92,132.03,131.95,132.95,118.68,15094766.0,1878540287.0,16:29:30,2026-07-30
sz300673,佩蒂股份,12.8,0.34,2.729,12.79,12.8,12.46,12.33,13.2,12.25,6207470.0,80188989.0,16:29:45,2026-07-30
sz300674,宇信科技,16.05,0.16,1.007,16.05,16.06,15.89,15.9,16.34,15.86,20398948.0,329533494.0,16:29:00,2026-07-30
sz300675,建科院,11.8,-0.03,-0.254,11.8,11.82,11.83,11.96,12.15,11.69,2663200.0,31732163.0,16:29:15,2026-07-30
sz300676,华大基因,36.89,-0.44,-1.179,36.89,36.91,37.33,37.01,37.93,36.76,6076353.0,226935407.0,16:29:30,2026-07-30
sz300677,英科医疗,50.08,-0.12,-0.239,50.05,50.08,50.2,49.49,50.9,48.32,13800752.0,688949667.0,16:29:45,2026-07-30
sz300678,中科信息,23.09,-0.16,-0.688,23.09,23.1,23.25,23.05,23.68,23.0,9559373.0,222906448.0,16:29:00,2026-07-30
sz300679,电连技术,35.15,-2.35,-6.267,35.15,35.16,37.5,37.43,37.65,34.58,21321166.0,761226888.0,16:29:15,2026-07-30
sz300680,隆盛科技,20.01,-0.54,-2.628,20.01,20.02,20.55,20.39,20.71,19.87,7295000.0,147643906.0,16:29:30,2026-07-30
sz300681,英搏尔,19.46,-0.79,-3.901,19.46,19.48,20.25,20.22,20.44,19.37,7977270.0,157533581.0,16:29:45,2026-07-30
sz300682,朗新科技,10.68,0.04,0.376,10.67,10.68,10.64,10.55,10.85,10.52,21831042.0,234088512.0,16:29:00,2026-07-30
sz300683,海特生物,24.02,-1.35,-5.321,24.02,24.03,25.37,25.12,25.48,23.94,6780208.0,167014436.0,16:29:15,2026-07-30
sz300684,中石科技,42.13,-4.49,-9.631,42.13,42.14,46.62,46.36,46.8,41.45,17062786.0,746306805.0,16:29:30,2026-07-30
sz300685,艾德生物,17.3,0.0,0.0,17.3,17.31,17.3,17.17,17.69,17.14,6335475.0,110210521.0,16:29:45,2026-07-30
sz300686,智动力,11.12,-0.72,-6.081,11.11,11.12,11.84,11.84,11.88,11.05,7394690.0,84072860.0,16:29:00,2026-07-30
sz300687,赛意信息,20.35,-0.18,-0.877,20.35,20.36,20.53,20.69,21.33,20.31,15176502.0,315370435.0,16:29:15,2026-07-30
sz300688,创业黑马,30.64,3.14,11.418,30.62,30.64,27.5,28.3,31.58,27.85,27319645.0,826808304.0,16:29:30,2026-07-30
sz300689,澄天伟业,43.14,-4.85,-10.106,43.14,43.17,47.99,47.65,48.0,43.0,4435370.0,198023996.0,16:29:45,2026-07-30
sz300690,双一科技,20.91,-0.33,-1.554,20.9,20.91,21.24,21.44,21.64,20.91,3448600.0,73358812.0,16:29:00,2026-07-30
sz300691,联合光电,12.26,-0.44,-3.465,12.25,12.26,12.7,12.71,12.75,12.2,5209700.0,65020297.0,16:29:15,2026-07-30
sz300692,中赋科技,7.89,-0.29,-3.545,7.88,7.89,8.18,8.11,8.28,7.85,15651054.0,125071721.0,16:29:30,2026-07-30
sz300693,盛弘股份,33.03,-1.23,-3.59,33.03,33.04,34.26,33.92,34.45,32.98,11322197.0,380140020.0,16:29:45,2026-07-30
sz300694,蠡湖股份,9.53,-0.34,-3.445,9.53,9.54,9.87,9.87,9.93,9.4,6999900.0,67464814.0,16:29:00,2026-07-30
sz300695,兆丰股份,42.25,-1.8,-4.086,42.25,42.3,44.05,44.05,44.43,42.22,804835.0,34726807.0,16:29:15,2026-07-30
sz300696,爱乐达,18.75,-0.68,-3.5,18.75,18.77,19.43,19.4,19.6,18.6,5698400.0,108249169.0,16:29:30,2026-07-30
sz300697,电工合金,12.83,-0.71,-5.244,12.83,12.84,13.54,12.8,13.04,12.6,10639230.0,136588228.0,16:29:45,2026-07-30
sz300698,万马科技,23.49,-0.59,-2.45,23.49,23.5,24.08,24.02,24.3,23.32,2418300.0,57642537.0,16:29:00,2026-07-30
sz300699,光威复材,25.68,0.1,0.391,25.67,25.68,25.58,25.4,25.89,25.31,11328608.0,291178939.0,16:29:15,2026-07-30
sz300700,岱勒新材,13.25,-1.21,-8.368,13.23,13.25,14.46,14.3,14.38,13.19,12889393.0,175271737.0,16:29:30,2026-07-30
sz300701,森霸传感,8.84,0.07,0.798,8.83,8.84,8.77,8.76,8.9,8.53,4592774.0,40202679.0,16:29:45,2026-07-30
sz300702,天宇股份,19.88,-0.22,-1.095,19.88,19.9,20.1,20.01,20.61,19.61,2981477.0,59974644.0,16:29:00,2026-07-30
sz300703,创源股份,12.84,0.26,2.067,12.83,12.84,12.58,12.41,13.15,12.32,10222300.0,131712603.0,16:29:15,2026-07-30
sz300705,九典制药,10.9,0.2,1.869,10.9,10.91,10.7,10.77,11.19,10.72,9183288.0,100790135.0,16:29:30,2026-07-30
sz300706,阿石创,42.1,-3.82,-8.319,42.1,42.12,45.92,45.38,46.23,42.03,10653400.0,464448415.0,16:29:45,2026-07-30
sz300707,威唐工业,11.22,0.02,0.179,11.22,11.24,11.2,11.12,11.41,11.12,4173197.0,47075622.0,16:29:00,2026-07-30
sz300708,聚灿光电,7.35,-0.11,-1.475,7.35,7.36,7.46,7.38,7.49,7.3,14026945.0,103845979.0,16:29:15,2026-07-30
sz300709,精研科技,31.75,-2.87,-8.29,31.75,31.76,34.62,34.16,34.55,31.6,12433377.0,406994186.0,16:29:30,2026-07-30
sz300710,万隆光电,25.09,-1.46,-5.499,25.08,25.09,26.55,26.55,26.91,25.08,2068245.0,53315599.0,16:29:45,2026-07-30
sz300711,广哈通信,14.41,-0.4,-2.701,14.41,14.42,14.81,14.79,14.91,14.3,2942413.0,43123849.0,16:29:00,2026-07-30
sz300712,永福股份,20.27,-0.49,-2.36,20.24,20.27,20.76,20.68,20.99,20.09,1325000.0,27193944.0,16:29:15,2026-07-30
sz300713,英可瑞,11.93,-0.24,-1.972,11.92,11.93,12.17,12.24,12.33,11.8,3731500.0,45203836.0,16:29:30,2026-07-30
sz300715,凯伦股份,10.58,-1.07,-9.185,10.57,10.58,11.65,11.6,11.73,10.53,13249600.0,144725586.0,16:29:45,2026-07-30
sz300716,*ST泉为,17.33,-0.08,-0.46,17.3,17.33,17.41,17.1,18.0,17.0,2011700.0,35420992.0,16:29:00,2026-07-30
sz300717,华信新材,16.17,-0.67,-3.979,16.17,16.18,16.84,16.8,16.97,16.0,4471600.0,73442095.0,16:29:15,2026-07-30
sz300718,长盛轴承,57.35,-0.02,-0.035,57.33,57.35,57.37,57.08,58.49,56.4,7305900.0,418823478.0,16:29:30,2026-07-30
sz300719,安达维尔,10.98,-0.24,-2.139,10.97,10.98,11.22,11.2,11.29,10.93,3498300.0,38876901.0,16:29:45,2026-07-30
sz300720,海川智能,42.33,-7.54,-15.119,42.33,42.36,49.87,48.91,48.92,42.0,17029124.0,759620824.0,16:29:00,2026-07-30
sz300721,怡达股份,18.93,-1.22,-6.055,18.93,18.94,20.15,19.79,20.14,18.88,9694080.0,188330861.0,16:29:15,2026-07-30
sz300722,新余国科,20.71,-0.43,-2.034,20.71,20.75,21.14,21.08,21.21,20.6,3134200.0,65603298.0,16:29:30,2026-07-30
sz300723,一品红,33.9,-1.09,-3.115,33.89,33.9,34.99,34.65,35.37,33.7,7783121.0,268044537.0,16:29:45,2026-07-30
sz300724,捷佳伟创,56.97,-0.5,-0.87,56.97,56.98,57.47,57.46,58.5,56.52,9388134.0,539160036.0,16:29:00,2026-07-30
sz300725,药石科技,35.8,-2.31,-6.061,35.8,35.81,38.11,37.7,37.99,35.58,17194550.0,627985916.0,16:29:15,2026-07-30
sz300726,宏达电子,47.42,-1.48,-3.027,47.42,47.43,48.9,48.96,50.95,46.32,16473410.0,800406063.0,16:29:30,2026-07-30
sz300727,润禾材料,25.46,-0.85,-3.231,25.45,25.46,26.31,26.31,26.31,25.35,2075100.0,53418411.0,16:29:45,2026-07-30
sz300729,乐歌股份,10.13,0.09,0.896,10.12,10.13,10.04,10.0,10.18,10.0,2730539.0,27663409.0,16:29:00,2026-07-30
sz300730,科创信息,11.0,-0.4,-3.509,11.0,11.01,11.4,11.31,11.57,10.92,5163600.0,58017151.0,16:29:15,2026-07-30
sz300731,科创新源,28.82,-3.66,-11.268,28.82,28.87,32.48,32.2,32.65,28.56,10227895.0,306259763.0,16:29:30,2026-07-30
sz300732,设研院,5.66,-0.05,-0.876,5.66,5.67,5.71,5.74,5.81,5.62,6788229.0,38804882.0,16:29:45,2026-07-30
sz300733,西菱动力,12.41,0.46,3.849,12.41,12.42,11.95,11.9,12.46,11.86,9040200.0,110613137.0,16:29:00,2026-07-30
sz300735,光弘科技,18.32,-0.67,-3.528,18.32,18.33,18.99,18.75,18.98,18.22,12822900.0,238190423.0,16:29:15,2026-07-30
sz300736,百邦科技,26.5,-0.58,-2.142,26.5,26.52,27.08,27.09,27.66,26.23,4700505.0,126374702.0,16:29:30,2026-07-30
sz300737,科顺股份,4.8,-0.12,-2.439,4.79,4.8,4.92,4.91,4.99,4.76,24322793.0,118489574.0,16:29:45,2026-07-30
sz300738,奥飞数据,21.11,-0.79,-3.607,21.11,21.12,21.9,21.5,21.92,21.11,53610838.0,1153659914.0,16:29:00,2026-07-30
sz300739,明阳电路,18.92,-1.16,-5.777,18.92,18.94,20.08,19.9,20.13,18.8,10440305.0,201827341.0,16:29:15,2026-07-30
sz300740,水羊股份,18.92,-0.46,-2.374,18.91,18.92,19.38,19.38,19.95,18.81,37924538.0,735700646.0,16:29:30,2026-07-30
sz300741,华宝股份,13.31,0.52,4.066,13.31,13.32,12.79,12.98,13.81,12.85,6665464.0,88733740.0,16:29:45,2026-07-30
sz300743,天地数码,13.82,0.05,0.363,13.82,13.83,13.77,13.66,14.06,13.66,2531100.0,35179618.0,16:29:00,2026-07-30
sz300745,欣锐科技,24.24,-2.03,-7.727,24.24,24.3,26.27,26.39,26.68,24.11,9285195.0,232778438.0,16:29:15,2026-07-30
sz300746,汉嘉数智,11.99,-0.43,-3.462,11.99,12.0,12.42,12.27,12.56,11.9,9935200.0,121944742.0,16:29:30,2026-07-30
sz300747,锐科激光,30.15,-2.29,-7.059,30.15,30.16,32.44,31.9,32.36,30.05,20843401.0,642911162.0,16:29:45,2026-07-30
sz300748,金力永磁,24.81,0.31,1.265,24.81,24.82,24.5,24.34,25.1,24.28,28930208.0,715073279.0,16:29:00,2026-07-30
sz300749,顶固集创,15.56,-1.48,-8.685,15.56,15.58,17.04,16.85,17.22,15.5,4939600.0,80127541.0,16:29:15,2026-07-30
sz300750,宁德时代,401.88,5.04,1.27,401.82,401.88,396.84,390.0,403.8,389.8,45239048.0,18103458994.0,16:29:30,2026-07-30
sz300751,迈为股份,143.03,-18.84,-11.639,143.03,143.08,161.87,159.65,161.0,140.6,14031367.0,2072925432.0,16:29:45,2026-07-30
sz300752,隆利科技,9.19,-0.45,-4.668,9.18,9.19,9.64,9.55,9.63,9.11,9898700.0,92444373.0,16:29:00,2026-07-30
sz300753,爱朋医疗,22.3,-1.28,-5.428,22.3,22.31,23.58,22.82,23.88,22.2,24319267.0,558133309.0,16:29:15,2026-07-30
sz300755,华致酒行,11.45,0.36,3.246,11.45,11.49,11.09,10.95,12.57,10.95,13278572.0,156618158.0,16:29:30,2026-07-30
sz300756,金马游乐,24.19,-1.29,-5.063,24.19,24.2,25.48,25.32,25.62,24.06,3378860.0,83211021.0,16:29:45,2026-07-30
sz300757,罗博特科,358.03,-51.42,-12.558,358.02,358.03,409.45,406.04,408.0,353.49,9456257.0,3541885250.0,16:29:00,2026-07-30
sz300758,七彩化学,9.72,-0.23,-2.312,9.72,9.74,9.95,9.85,10.07,9.7,6937499.0,68590895.0,16:29:15,2026-07-30
sz300759,康龙化成,36.01,-1.21,-3.251,36.01,36.02,37.22,37.14,37.65,35.31,58969173.0,2137302089.0,16:29:30,2026-07-30
sz300760,迈瑞医疗,161.62,6.74,4.352,161.61,161.62,154.88,155.0,162.0,154.25,17769746.0,2840604819.0,16:29:45,2026-07-30
sz300761,立华股份,19.04,-0.01,-0.052,19.03,19.04,19.05,19.02,19.55,18.81,7328000.0,140086799.0,16:29:00,2026-07-30
sz300762,上海瀚讯,27.78,-1.27,-4.372,27.78,27.79,29.05,28.99,29.38,27.57,19910627.0,562458117.0,16:29:15,2026-07-30
sz300763,锦浪科技,59.66,-1.74,-2.834,59.66,59.68,61.4,61.33,62.25,59.46,11262058.0,681868615.0,16:29:30,2026-07-30
sz300765,石药创新,36.0,-2.0,-5.263,36.0,36.01,38.0,38.0,38.49,35.48,18276581.0,669328512.0,16:29:45,2026-07-30
sz300766,每日互动,20.19,-0.81,-3.857,20.19,20.2,21.0,20.84,21.58,20.18,25481212.0,531296942.0,16:29:00,2026-07-30
sz300767,震安科技,15.37,-0.31,-1.977,15.36,15.37,15.68,15.68,16.13,15.29,7243867.0,113659252.0,16:29:15,2026-07-30
sz300768,迪普科技,14.95,-1.09,-6.796,14.95,14.99,16.04,15.88,16.05,14.95,14545578.0,225274195.0,16:29:30,2026-07-30
sz300769,德方纳米,42.3,-1.14,-2.624,42.29,42.3,43.44,43.0,43.52,41.91,12172411.0,520351259.0,16:29:45,2026-07-30
sz300770,新媒股份,35.42,0.85,2.459,35.38,35.42,34.57,34.4,35.6,34.4,3205209.0,113070884.0,16:29:00,2026-07-30
sz300771,智莱科技,11.45,0.13,1.148,11.45,11.46,11.32,11.16,11.62,11.06,9517683.0,108584596.0,16:29:15,2026-07-30
sz300772,运达股份,11.79,0.08,0.683,11.78,11.79,11.71,11.66,12.07,11.65,16706767.0,198624927.0,16:29:30,2026-07-30
sz300773,拉卡拉,15.45,0.36,2.386,15.44,15.45,15.09,15.0,15.67,14.89,53977074.0,833734453.0,16:29:45,2026-07-30
sz300774,倍杰特,9.45,-0.21,-2.174,9.45,9.47,9.66,9.71,9.82,9.41,6548073.0,62939033.0,16:29:00,2026-07-30
sz300775,三角防务,20.95,-0.04,-0.191,20.95,20.96,20.99,20.77,21.39,20.76,15403531.0,325116399.0,16:29:15,2026-07-30
sz300776,帝尔激光,96.5,-9.39,-8.868,96.5,96.57,105.89,106.84,108.0,95.07,13114470.0,1297184793.0,16:29:30,2026-07-30
sz300777,中简科技,24.43,0.09,0.37,24.42,24.43,24.34,24.06,24.95,23.99,9258369.0,226992072.0,16:29:45,2026-07-30
sz300778,新城市,9.82,-0.01,-0.102,9.82,9.83,9.83,9.74,10.19,9.69,4298926.0,42661291.0,16:29:00,2026-07-30
sz300779,惠城环保,72.28,-4.48,-5.836,72.28,72.29,76.76,75.78,77.4,71.89,17950229.0,1328215492.0,16:29:15,2026-07-30
sz300780,德恩精工,16.66,-1.36,-7.547,16.66,16.67,18.02,18.06,18.06,16.48,9350885.0,159925331.0,16:29:30,2026-07-30
sz300781,因赛集团,24.81,-0.21,-0.839,24.8,24.81,25.02,24.82,26.1,24.74,5303651.0,134942927.0,16:29:45,2026-07-30
sz300782,卓胜微,64.72,-3.29,-4.838,64.72,64.73,68.01,67.22,67.88,64.55,16124982.0,1061879381.0,16:29:00,2026-07-30
sz300783,三只松鼠,17.84,-0.1,-0.557,17.84,17.85,17.94,17.63,18.26,17.55,16306100.0,293237807.0,16:29:15,2026-07-30
sz300784,利安科技,37.13,-0.88,-2.315,37.13,37.21,38.01,37.99,38.68,36.92,683700.0,25843697.0,16:29:30,2026-07-30
sz300785,值得买,33.17,-0.56,-1.66,33.16,33.17,33.73,33.78,35.33,33.07,9440818.0,323904771.0,16:29:45,2026-07-30
sz300786,国林科技,13.11,-0.85,-6.089,13.11,13.12,13.96,13.98,14.02,13.07,12872687.0,173202547.0,16:29:00,2026-07-30
sz300787,海能实业,8.24,0.13,1.603,8.24,8.26,8.11,8.01,8.48,8.01,5935547.0,49327248.0,16:29:15,2026-07-30
sz300788,中信出版,24.88,-0.3,-1.191,24.83,24.88,25.18,24.76,25.48,24.24,5396233.0,135131461.0,16:29:30,2026-07-30
sz300789,唐源电气,15.8,-0.75,-4.532,15.8,15.84,16.55,16.65,16.66,15.51,3903858.0,62284462.0,16:29:45,2026-07-30
sz300790,宇瞳光学,15.59,-0.78,-4.765,15.58,15.59,16.37,16.17,16.62,15.44,22909800.0,364347310.0,16:29:00,2026-07-30
sz300791,仙乐健康,16.77,0.02,0.119,16.76,16.77,16.75,16.8,17.24,16.66,1531784.0,25997284.0,16:29:15,2026-07-30
sz300792,壹网壹创,22.75,-0.35,-1.515,22.74,22.75,23.1,23.25,23.68,22.63,7141794.0,165340564.0,16:29:30,2026-07-30
sz300793,佳禾智能,10.82,-0.19,-1.726,10.82,10.83,11.01,10.9,11.07,10.79,7231655.0,79132953.0,16:29:45,2026-07-30
sz300795,米奥会展,13.7,-0.52,-3.657,13.7,13.71,14.22,14.24,15.31,13.5,44105209.0,631976241.0,16:29:00,2026-07-30
sz300796,贝斯美,6.39,0.04,0.63,6.38,6.39,6.35,6.27,6.48,6.27,4794504.0,30741180.0,16:29:15,2026-07-30
sz300797,钢研纳克,11.67,-0.18,-1.519,11.66,11.67,11.85,11.86,12.06,11.65,3365950.0,39838700.0,16:29:30,2026-07-30
sz300798,锦鸡股份,7.35,0.19,2.654,7.35,7.36,7.16,6.97,7.78,6.9,65327530.0,481933679.0,16:29:45,2026-07-30
sz300800,力合科技,9.06,0.06,0.667,9.05,9.06,9.0,8.95,9.19,8.93,3439700.0,31214427.0,16:29:00,2026-07-30
sz300801,泰和科技,22.22,-1.16,-4.962,22.21,22.22,23.38,23.21,23.21,22.18,10226700.0,230968661.0,16:29:15,2026-07-30
sz300802,矩子科技,20.4,-1.67,-7.567,20.4,20.45,22.07,21.3,22.12,20.38,11866917.0,248705103.0,16:29:30,2026-07-30
sz300803,指南针,79.8,-0.63,-0.783,79.79,79.8,80.43,79.61,82.0,79.2,19637626.0,1577825387.0,16:29:45,2026-07-30
sz300804,广康生化,39.97,3.06,8.29,39.96,39.97,36.91,36.91,41.23,36.47,2685780.0,105405326.0,16:29:00,2026-07-30
sz300805,电声股份,7.56,-0.21,-2.703,7.56,7.57,7.77,7.67,8.0,7.53,19367814.0,150452597.0,16:29:15,2026-07-30
sz300806,斯迪克,38.25,-2.9,-7.047,38.25,38.28,41.15,40.74,41.95,37.36,37523212.0,1475066765.0,16:29:30,2026-07-30
sz300807,天迈科技,36.16,0.56,1.573,36.16,36.18,35.6,35.68,37.47,35.42,1737800.0,63646426.0,16:29:45,2026-07-30
sz300808,久量股份,16.53,-1.15,-6.505,16.53,16.55,17.68,17.68,17.82,16.4,2215500.0,37586821.0,16:29:00,2026-07-30
sz300809,华辰装备,21.8,-1.19,-5.176,21.8,21.84,22.99,22.68,22.76,21.78,10146361.0,226642941.0,16:29:15,2026-07-30
sz300810,中科海讯,22.37,-0.5,-2.186,22.3,22.37,22.87,22.62,23.09,22.19,2103600.0,47578809.0,16:29:30,2026-07-30
sz300811,铂科新材,55.13,-4.83,-8.055,55.13,55.14,59.96,59.71,59.93,54.35,13814456.0,778041513.0,16:29:45,2026-07-30
sz300812,易天股份,16.01,-1.02,-5.989,16.0,16.01,17.03,16.91,17.02,16.01,7298253.0,119787002.0,16:29:00,2026-07-30
sz300813,泰林生物,17.79,-0.41,-2.253,17.78,17.79,18.2,18.22,18.48,17.71,1942400.0,35157497.0,16:29:15,2026-07-30
sz300814,中富电路,98.41,-18.36,-15.723,98.41,98.5,116.77,114.96,117.0,96.57,12107436.0,1246499371.0,16:29:30,2026-07-30
sz300815,玉禾田,14.69,0.08,0.548,14.69,14.7,14.61,14.49,15.08,14.42,10286159.0,152054265.0,16:29:45,2026-07-30
sz300816,艾可蓝,42.83,-2.85,-6.239,42.81,42.83,45.68,45.1,45.97,42.24,1876500.0,81929072.0,16:29:00,2026-07-30
sz300817,双飞集团,14.26,-0.34,-2.329,14.26,14.27,14.6,14.51,14.85,14.26,2297630.0,33401058.0,16:29:15,2026-07-30
sz300818,耐普矿机,18.89,-0.86,-4.354,18.89,18.93,19.75,19.85,20.0,18.8,4634390.0,89413707.0,16:29:30,2026-07-30
sz300819,聚杰微纤,40.0,-1.57,-3.777,39.88,40.0,41.57,41.72,42.1,39.1,3323639.0,134633737.0,16:29:45,2026-07-30
sz300820,英杰电气,42.91,-3.84,-8.214,42.88,42.91,46.75,46.4,46.75,42.0,6730207.0,295676123.0,16:29:00,2026-07-30
sz300821,东岳硅材,14.0,-0.84,-5.66,13.99,14.0,14.84,14.69,14.94,13.79,62802794.0,893687303.0,16:29:15,2026-07-30
sz300822,贝仕达克,10.79,-0.17,-1.551,10.79,10.8,10.96,10.94,11.19,10.74,3541585.0,38852847.0,16:29:30,2026-07-30
sz300823,建科智能,13.45,-0.2,-1.465,13.45,13.46,13.65,13.65,13.85,13.02,3042400.0,40992582.0,16:29:45,2026-07-30
sz300824,北鼎股份,7.64,0.08,1.058,7.63,7.64,7.56,7.53,7.73,7.5,4222300.0,32342714.0,16:29:00,2026-07-30
sz300825,阿尔特,10.98,-0.81,-6.87,10.98,10.99,11.79,11.81,11.94,10.8,32701929.0,367676750.0,16:29:15,2026-07-30
sz300826,测绘股份,11.41,-0.25,-2.144,11.4,11.41,11.66,11.69,11.77,11.19,8774607.0,101064933.0,16:29:30,2026-07-30
sz300827,上能电气,24.52,0.13,0.533,24.51,24.52,24.39,24.2,25.12,24.15,11656717.0,286910740.0,16:29:45,2026-07-30
sz300828,锐新科技,13.98,-0.48,-3.32,13.98,13.99,14.46,14.39,14.54,13.72,3853000.0,54452693.0,16:29:00,2026-07-30
sz300829,金丹科技,14.53,0.38,2.686,14.52,14.53,14.15,14.0,15.23,13.97,6854260.0,100546699.0,16:29:15,2026-07-30
sz300830,金现代,7.67,-0.09,-1.16,7.67,7.68,7.76,7.83,8.04,7.63,12130600.0,94876044.0,16:29:30,2026-07-30
sz300831,ST派瑞,14.35,-0.73,-4.841,14.34,14.35,15.08,14.9,15.13,14.3,5577100.0,81598493.0,16:29:45,2026-07-30
sz300832,新产业,48.75,0.96,2.009,48.71,48.75,47.79,47.68,49.59,47.68,5911699.0,289452471.0,16:29:00,2026-07-30
sz300833,浩洋股份,33.04,-0.03,-0.091,33.04,33.08,33.07,33.28,33.74,32.95,698100.0,23223010.0,16:29:15,2026-07-30
sz300834,星辉环材,36.75,-0.75,-2.0,36.75,36.79,37.5,37.75,38.56,35.81,2186443.0,81249827.0,16:29:30,2026-07-30
sz300835,龙磁科技,118.63,-13.54,-10.244,118.63,118.7,132.17,132.16,133.41,116.0,4577014.0,557629296.0,16:29:45,2026-07-30
sz300836,佰奥智能,49.77,-7.92,-13.729,49.39,49.77,57.69,57.0,57.28,49.06,3220013.0,166409073.0,16:29:00,2026-07-30
sz300837,浙矿股份,20.7,-0.29,-1.382,20.67,20.7,20.99,21.06,21.46,20.53,2073100.0,43483032.0,16:29:15,2026-07-30
sz300838,浙江力诺,12.15,-0.05,-0.41,12.14,12.15,12.2,12.35,12.46,11.81,3779700.0,46062494.0,16:29:30,2026-07-30
sz300839,博汇股份,9.8,-0.4,-3.922,9.8,9.82,10.2,10.3,10.46,9.76,8311770.0,83566136.0,16:29:45,2026-07-30
sz300840,酷特智能,15.2,-0.92,-5.707,15.2,15.21,16.12,16.0,16.47,15.16,7709253.0,120969242.0,16:29:00,2026-07-30
sz300841,康华生物,45.12,0.46,1.03,45.12,45.13,44.66,44.24,45.96,44.24,2143559.0,97007919.0,16:29:15,2026-07-30
sz300842,帝科股份,49.0,-4.04,-7.617,49.0,49.05,53.04,53.03,53.13,48.91,5115739.0,258521914.0,16:29:30,2026-07-30
sz300843,胜蓝股份,97.01,-11.25,-10.392,97.01,97.02,108.26,106.2,107.58,93.68,9547246.0,954186314.0,16:29:45,2026-07-30
sz300844,山水比德,20.86,-0.1,-0.477,20.86,20.88,20.96,21.17,21.67,20.6,1392571.0,29579403.0,16:29:00,2026-07-30
sz300845,捷安高科,9.32,-0.31,-3.219,9.31,9.32,9.63,9.45,9.65,9.32,6927682.0,65608781.0,16:29:15,2026-07-30
sz300846,首都在线,17.19,-1.04,-5.705,17.19,17.2,18.23,17.98,18.4,17.15,24870882.0,439729688.0,16:29:30,2026-07-30
sz300847,中船汉光,14.14,-0.46,-3.151,14.14,14.15,14.6,14.36,14.61,14.11,7290696.0,104651084.0,16:29:45,2026-07-30
sz300848,美瑞新材,12.45,-0.27,-2.123,12.45,12.47,12.72,12.55,12.8,12.39,2498885.0,31448797.0,16:29:00,2026-07-30
sz300849,锦盛新材,17.43,-0.57,-3.167,17.41,17.43,18.0,17.93,18.13,17.4,1547350.0,27474541.0,16:29:15,2026-07-30
sz300850,新强联,30.07,0.47,1.588,30.07,30.08,29.6,29.31,30.93,29.2,24768845.0,749179445.0,16:29:30,2026-07-30
sz300851,交大思诺,21.62,-0.14,-0.643,21.61,21.62,21.76,21.89,22.2,21.4,1345700.0,29428169.0,16:29:45,2026-07-30
sz300852,四会富仕,35.0,-2.16,-5.813,34.95,35.0,37.16,36.6,37.2,34.64,5568380.0,198677918.0,16:29:00,2026-07-30
sz300853,申昊科技,19.33,-1.15,-5.615,19.33,19.35,20.48,20.24,20.52,19.2,4189100.0,82472732.0,16:29:15,2026-07-30
sz300854,中兰环保,13.97,0.54,4.021,13.97,13.98,13.43,13.48,14.79,13.47,14984976.0,213527206.0,16:29:30,2026-07-30
sz300855,图南股份,27.51,-0.16,-0.578,27.51,27.53,27.67,27.64,28.1,27.44,5369000.0,149060408.0,16:29:45,2026-07-30
sz300856,科思股份,11.2,0.25,2.283,11.19,11.2,10.95,11.04,11.56,10.95,7700969.0,87220082.0,16:29:00,2026-07-30
sz300857,协创数据,187.49,-17.51,-8.541,187.48,187.49,205.0,204.42,209.98,183.61,24564848.0,4746001439.0,16:29:15,2026-07-30
sz300858,科拓生物,13.67,-0.2,-1.442,13.67,13.68,13.87,13.8,14.35,13.62,4791200.0,66854460.0,16:29:30,2026-07-30
sz300859,西域旅游,24.94,-0.21,-0.835,24.94,24.95,25.15,25.18,26.14,24.9,4881900.0,124888980.0,16:29:45,2026-07-30
sz300860,锋尚文化,22.99,-0.55,-2.336,22.99,23.0,23.54,23.3,24.24,22.88,2436344.0,57214061.0,16:29:00,2026-07-30
sz300861,美畅股份,15.57,-0.33,-2.075,15.56,15.57,15.9,15.75,15.95,15.33,16137690.0,252265820.0,16:29:15,2026-07-30
sz300862,蓝盾光电,0.0,0.0,0.0,0.0,0.0,19.01,0.0,0.0,0.0,0.0,0.0,16:29:30,2026-07-30
sz300863,卡倍亿,32.2,-1.12,-3.361,32.18,32.2,33.32,32.8,33.35,31.71,7640228.0,247371803.0,16:29:45,2026-07-30
sz300864,南大环境,17.71,-0.34,-1.884,17.71,17.79,18.05,17.98,18.22,17.71,1362836.0,24456873.0,16:29:00,2026-07-30
sz300865,大宏立,20.86,-0.39,-1.835,20.83,20.87,21.25,21.36,21.77,20.72,1300400.0,27581231.0,16:29:15,2026-07-30
sz300866,安克创新,124.0,4.04,3.368,123.99,124.0,119.96,119.0,126.98,116.09,6440290.0,790644240.0,16:29:30,2026-07-30
sz300867,圣元环保,15.82,-0.18,-1.125,15.82,15.83,16.0,16.01,16.16,15.71,3397852.0,54132847.0,16:29:45,2026-07-30
sz300868,杰美特,66.73,-7.75,-10.405,66.72,66.8,74.48,74.48,75.79,66.02,4655715.0,324419599.0,16:29:00,2026-07-30
sz300869,康泰医学,10.87,-0.05,-0.458,10.87,10.89,10.92,10.86,11.05,10.82,3667000.0,40119470.0,16:29:15,2026-07-30
sz300870,欧陆通,167.1,-20.53,-10.942,167.1,167.18,187.63,188.73,190.63,161.89,9319624.0,1615008805.0,16:29:30,2026-07-30
sz300871,回盛生物,20.42,-0.13,-0.633,20.42,20.43,20.55,20.56,21.09,20.36,5246500.0,108347072.0,16:29:45,2026-07-30
sz300872,天阳科技,14.14,-0.19,-1.326,14.13,14.14,14.33,14.25,14.6,14.03,12916620.0,185146761.0,16:29:00,2026-07-30
sz300873,海晨股份,13.73,-1.51,-9.908,13.72,13.73,15.24,15.09,15.34,13.57,22184171.0,314365144.0,16:29:15,2026-07-30
sz300875,捷强装备,36.0,1.45,4.197,35.99,36.0,34.55,33.9,36.27,33.38,12861053.0,449354331.0,16:29:30,2026-07-30
sz300876,蒙泰高新,13.8,-0.6,-4.167,13.78,13.8,14.4,14.33,14.66,13.69,3805101.0,53568290.0,16:29:45,2026-07-30
sz300877,金春股份,22.34,-0.98,-4.202,22.34,22.48,23.32,23.06,23.44,22.3,1787944.0,40672879.0,16:29:00,2026-07-30
sz300878,维康药业,25.83,-1.1,-4.085,25.82,25.83,26.93,26.85,27.38,25.62,2467709.0,64692087.0,16:29:15,2026-07-30
sz300879,大叶股份,15.79,0.09,0.573,15.79,15.8,15.7,15.76,16.2,15.61,4187200.0,66682393.0,16:29:30,2026-07-30
sz300880,迦南智能,17.19,-0.49,-2.771,17.18,17.19,17.68,17.68,17.8,17.03,2365000.0,41143759.0,16:29:45,2026-07-30
sz300881,盛德鑫泰,30.98,-0.79,-2.487,30.98,30.99,31.77,31.71,32.68,30.8,1203250.0,38076590.0,16:29:00,2026-07-30
sz300882,万胜智能,14.33,-0.15,-1.036,14.32,14.33,14.48,14.51,14.73,14.28,2864292.0,41618599.0,16:29:15,2026-07-30
sz300883,龙利得,5.26,-0.04,-0.755,5.26,5.27,5.3,5.31,5.43,5.26,13449000.0,71914770.0,16:29:30,2026-07-30
sz300884,狄耐克,10.48,-0.23,-2.148,10.47,10.48,10.71,10.68,10.93,10.41,5455480.0,58343102.0,16:29:45,2026-07-30
sz300885,海昌新材,18.6,-0.7,-3.627,18.59,18.6,19.3,19.3,19.44,18.4,3476100.0,65633233.0,16:29:00,2026-07-30
sz300886,华业香料,21.0,-0.42,-1.961,20.97,21.0,21.42,21.22,21.62,20.66,1798550.0,38204425.0,16:29:15,2026-07-30
sz300887,谱尼测试,6.86,-0.13,-1.86,6.86,6.87,6.99,6.94,7.09,6.82,11771468.0,81934945.0,16:29:30,2026-07-30
sz300888,稳健医疗,30.96,0.57,1.876,30.95,30.96,30.39,30.67,31.38,30.12,5140974.0,159003149.0,16:29:45,2026-07-30
sz300889,爱克股份,16.42,-0.6,-3.525,16.42,16.43,17.02,16.98,17.17,16.23,3963517.0,65833858.0,16:29:00,2026-07-30
sz300890,翔丰华,24.88,-0.3,-1.191,24.87,24.88,25.18,24.9,25.48,24.77,4330645.0,108601657.0,16:29:15,2026-07-30
sz300891,惠云钛业,6.59,-0.08,-1.199,6.59,6.6,6.67,6.65,6.75,6.55,6869655.0,45730768.0,16:29:30,2026-07-30
sz300892,品渥食品,21.93,-1.38,-5.92,21.93,21.94,23.31,22.1,23.86,21.3,12326721.0,274902223.0,16:29:45,2026-07-30
sz300893,松原安全,15.77,0.1,0.638,15.76,15.77,15.67,15.75,15.89,15.5,2343904.0,36823166.0,16:29:00,2026-07-30
sz300894,火星人,11.8,1.97,20.041,11.8,0.0,9.83,9.76,11.8,9.74,19693036.0,219274376.0,16:29:15,2026-07-30
sz300895,铜牛信息,43.9,-2.74,-5.875,43.9,43.91,46.64,46.11,46.6,43.6,5427525.0,243953642.0,16:29:30,2026-07-30
sz300896,爱美客,107.8,3.44,3.296,107.79,107.8,104.36,104.37,113.08,104.37,10141380.0,1107501702.0,16:29:45,2026-07-30
sz300897,山科智能,14.65,-0.62,-4.06,14.64,14.65,15.27,15.0,15.2,14.62,5995062.0,88889679.0,16:29:00,2026-07-30
sz300898,熊猫乳品,19.49,-1.19,-5.754,19.48,19.49,20.68,20.0,20.47,19.4,10570827.0,209747204.0,16:29:15,2026-07-30
sz300899,上海凯鑫,24.85,-0.58,-2.281,24.85,25.0,25.43,25.5,26.0,24.62,694200.0,17607714.0,16:29:30,2026-07-30
sz300900,广联航空,20.2,-1.21,-5.652,20.2,20.21,21.41,21.29,21.5,20.1,14445233.0,298465546.0,16:29:45,2026-07-30
sz300901,中胤时尚,14.91,0.21,1.429,14.9,14.91,14.7,14.67,15.18,14.5,6848774.0,101648219.0,16:29:00,2026-07-30
sz300902,国安达,14.11,-0.22,-1.535,14.11,14.13,14.33,14.23,14.78,14.11,3665800.0,52706586.0,16:29:15,2026-07-30
sz300903,科翔股份,45.27,-8.59,-15.949,45.25,45.27,53.86,53.5,53.86,45.0,33306216.0,1617808394.0,16:29:30,2026-07-30
sz300904,威力传动,38.5,-0.6,-1.535,38.5,38.51,39.1,38.95,40.2,38.3,1502500.0,58885892.0,16:29:45,2026-07-30
sz300905,宝丽迪,34.8,-1.52,-4.185,34.8,34.82,36.32,36.32,36.77,34.61,5373139.0,191096336.0,16:29:00,2026-07-30
sz300906,日月明,24.8,-0.6,-2.362,24.7,24.8,25.4,25.27,25.84,24.41,2082400.0,52408973.0,16:29:15,2026-07-30
sz300907,康平科技,33.26,-2.72,-7.56,33.26,33.3,35.98,36.13,36.34,33.0,2444809.0,83798406.0,16:29:30,2026-07-30
sz300908,仲景食品,24.16,0.17,0.709,24.16,24.17,23.99,23.86,24.47,23.69,2648230.0,64173766.0,16:29:45,2026-07-30
sz300909,汇创达,38.39,-2.41,-5.907,38.36,38.39,40.8,41.39,41.39,38.02,3244095.0,127085414.0,16:29:00,2026-07-30
sz300910,瑞丰新材,30.31,0.49,1.643,30.31,30.32,29.82,29.58,30.53,29.38,6130230.0,184287191.0,16:29:15,2026-07-30
sz300911,亿田智能,20.52,1.81,9.674,20.52,20.53,18.71,19.93,22.3,19.15,20874392.0,425967518.0,16:29:30,2026-07-30
sz300912,凯龙高科,21.71,-1.09,-4.781,21.71,21.74,22.8,22.6,22.75,21.7,3913181.0,86494845.0,16:29:45,2026-07-30
sz300913,兆龙互连,30.99,-1.9,-5.777,30.98,30.99,32.89,32.53,33.0,30.8,7049596.0,223126467.0,16:29:00,2026-07-30
sz300915,海融科技,19.22,0.28,1.478,19.21,19.22,18.94,18.9,19.78,18.66,3095937.0,59637010.0,16:29:15,2026-07-30
sz300916,朗特智能,18.46,-0.67,-3.502,18.45,18.46,19.13,18.99,19.2,18.4,2854100.0,53671834.0,16:29:30,2026-07-30
sz300917,特发服务,25.72,0.18,0.705,25.71,25.72,25.54,25.25,26.38,25.05,9448104.0,244214764.0,16:29:45,2026-07-30
sz300918,南山智尚,9.68,-0.16,-1.626,9.68,9.69,9.84,9.76,9.94,9.59,6009900.0,58718756.0,16:29:00,2026-07-30
sz300919,中伟新材,41.08,0.17,0.416,41.08,41.09,40.91,40.65,41.72,40.5,13164692.0,542556530.0,16:29:15,2026-07-30
sz300920,润阳科技,25.9,-0.9,-3.358,25.87,25.9,26.8,26.8,26.92,25.31,1497750.0,38947925.0,16:29:30,2026-07-30
sz300921,南凌科技,12.92,-0.56,-4.154,12.91,12.92,13.48,13.42,13.67,12.82,7510352.0,98982023.0,16:29:45,2026-07-30
sz300922,天秦装备,15.66,-0.03,-0.191,15.66,15.67,15.69,15.48,16.38,15.43,10920124.0,173421914.0,16:29:00,2026-07-30
sz300923,研奥股份,20.5,0.32,1.586,20.46,20.5,20.18,20.18,21.6,20.0,2193520.0,45800400.0,16:29:15,2026-07-30
sz300925,法本信息,14.72,0.19,1.308,14.72,14.73,14.53,14.43,15.06,14.41,11514254.0,170735221.0,16:29:30,2026-07-30
sz300926,博俊科技,17.8,0.45,2.594,17.78,17.8,17.35,17.21,18.16,17.21,6255976.0,111495639.0,16:29:45,2026-07-30
sz300927,江天化学,20.91,0.05,0.24,20.9,20.91,20.86,20.94,21.85,20.76,5094400.0,108454863.0,16:29:00,2026-07-30
sz300928,华安鑫创,23.7,-0.16,-0.671,23.7,23.71,23.86,23.87,24.71,23.5,1397311.0,33581580.0,16:29:15,2026-07-30
sz300929,华骐环保,13.3,-0.26,-1.917,13.3,13.31,13.56,13.35,13.72,13.19,6684238.0,89765618.0,16:29:30,2026-07-30
sz300930,屹通新材,22.09,-0.98,-4.248,22.09,22.12,23.07,22.92,23.15,21.76,1963700.0,44030251.0,16:29:45,2026-07-30
sz300931,通用电梯,9.95,-0.96,-8.799,9.95,9.97,10.91,11.02,11.05,9.83,8051965.0,82361371.0,16:29:00,2026-07-30
sz300932,三友联众,8.51,-0.37,-4.167,8.51,8.52,8.88,8.88,9.04,8.49,12642757.0,110194530.0,16:29:15,2026-07-30
sz300933,中辰股份,6.42,-0.35,-5.17,6.41,6.42,6.77,6.64,6.64,6.36,33221745.0,215835489.0,16:29:30,2026-07-30
sz300935,盈建科,23.98,0.64,2.742,23.98,23.99,23.34,23.38,24.9,22.91,5439259.0,130376929.0,16:29:45,2026-07-30
sz300936,中英科技,52.51,-7.32,-12.235,52.51,52.54,59.83,59.83,60.43,52.1,3803774.0,209718064.0,16:29:00,2026-07-30
sz300937,药易购,22.84,-0.87,-3.669,22.83,22.84,23.71,23.4,23.58,22.59,5883620.0,135705343.0,16:29:15,2026-07-30
sz300938,信测标准,23.48,-1.7,-6.751,23.48,23.49,25.18,25.16,25.88,23.06,21769677.0,527421081.0,16:29:30,2026-07-30
sz300939,秋田微,42.9,-1.06,-2.411,42.9,42.97,43.96,43.88,45.47,41.43,3786707.0,164790773.0,16:29:45,2026-07-30
sz300940,南极光,12.82,-0.39,-2.952,12.82,12.83,13.21,13.18,13.34,12.78,6928932.0,90268022.0,16:29:00,2026-07-30
sz300941,创识科技,14.03,0.03,0.214,14.02,14.03,14.0,13.94,14.41,13.9,4092350.0,58046101.0,16:29:15,2026-07-30
sz300942,易瑞生物,6.07,0.01,0.165,6.06,6.07,6.06,6.05,6.2,5.99,5651967.0,34533012.0,16:29:30,2026-07-30
sz300943,春晖智控,19.88,-2.79,-12.307,19.88,19.89,22.67,22.27,22.54,19.82,15901591.0,331405996.0,16:29:45,2026-07-30
sz300945,曼卡龙,11.2,0.2,1.818,11.2,11.21,11.0,11.05,11.47,11.05,13501194.0,152409537.0,16:29:00,2026-07-30
sz300946,恒而达,36.57,-0.91,-2.428,36.56,36.57,37.48,38.12,38.2,36.51,1170634.0,43758747.0,16:29:15,2026-07-30
sz300947,德必集团,13.23,0.17,1.302,13.22,13.23,13.06,13.06,13.58,12.96,3476857.0,46430561.0,16:29:30,2026-07-30
sz300948,冠中生态,15.05,-1.1,-6.811,15.05,15.07,16.15,16.11,16.28,14.89,5029723.0,77662194.0,16:29:45,2026-07-30
sz300949,奥雅股份,19.81,-0.17,-0.851,19.81,19.85,19.98,20.37,20.75,19.71,1657325.0,33561006.0,16:29:00,2026-07-30
sz300950,德固特,15.65,0.08,0.514,15.65,15.66,15.57,15.67,16.56,15.4,4289174.0,69129259.0,16:29:15,2026-07-30
sz300951,博硕科技,49.95,-7.97,-13.76,49.95,50.0,57.92,59.0,60.8,49.3,9912224.0,539758875.0,16:29:30,2026-07-30
sz300952,恒辉安防,15.14,-0.74,-4.66,15.14,15.16,15.88,15.91,16.06,15.06,5302845.0,82180692.0,16:29:45,2026-07-30
sz300953,震裕科技,85.06,-3.81,-4.287,85.06,85.07,88.87,88.99,89.3,83.88,6345696.0,547227540.0,16:29:00,2026-07-30
sz300955,嘉亨家化,0.0,0.0,0.0,0.0,0.0,32.68,0.0,0.0,0.0,0.0,0.0,16:29:15,2026-07-30
sz300956,英力股份,9.8,-0.25,-2.488,9.8,9.81,10.05,10.05,10.17,9.73,4666384.0,46339768.0,16:29:30,2026-07-30
sz300957,贝泰妮,33.82,0.6,1.806,33.82,33.83,33.22,33.18,34.85,33.15,12465382.0,424970893.0,16:29:45,2026-07-30
sz300958,建工修复,11.0,-0.09,-0.812,11.0,11.01,11.09,11.01,11.25,10.92,3000854.0,33334624.0,16:29:00,2026-07-30
sz300959,线上线下,83.52,-7.49,-8.23,83.52,83.6,91.01,90.29,91.0,83.21,2852466.0,245440302.0,16:29:15,2026-07-30
sz300960,通业科技,14.92,-0.22,-1.453,14.9,14.92,15.14,14.99,15.39,14.82,1465724.0,22112452.0,16:29:30,2026-07-30
sz300961,深水海纳,9.63,-0.22,-2.234,9.63,9.64,9.85,9.89,10.3,9.59,6678946.0,66143625.0,16:29:45,2026-07-30
sz300962,中金辐照,12.63,0.06,0.477,12.63,12.65,12.57,12.54,12.76,12.41,2226500.0,28090242.0,16:29:00,2026-07-30
sz300963,中洲特材,11.47,-0.26,-2.217,11.47,11.48,11.73,11.73,11.99,11.42,10558934.0,123572830.0,16:29:15,2026-07-30
sz300964,本川智能,44.3,-3.62,-7.554,44.3,44.31,47.92,47.38,48.06,44.3,4519762.0,207138093.0,16:29:30,2026-07-30
sz300965,恒宇信通,40.38,-1.04,-2.511,40.38,40.5,41.42,41.01,42.79,40.09,1875462.0,77534988.0,16:29:45,2026-07-30
sz300966,共同药业,21.29,-1.14,-5.082,21.29,21.31,22.43,22.38,22.6,21.06,3482626.0,75610815.0,16:29:00,2026-07-30
sz300967,晓鸣股份,14.38,-0.22,-1.507,14.38,14.39,14.6,14.61,14.88,14.31,3656526.0,53218156.0,16:29:15,2026-07-30
sz300968,格林精密,9.38,-1.17,-11.09,9.38,9.39,10.55,10.35,10.61,9.36,27661679.0,274378322.0,16:29:30,2026-07-30
sz300969,恒帅股份,64.34,-5.1,-7.344,64.34,64.35,69.44,68.69,69.74,63.99,3327108.0,218992355.0,16:29:45,2026-07-30
sz300970,华绿生物,15.73,-0.22,-1.379,15.72,15.73,15.95,15.99,16.19,15.53,4714094.0,74744009.0,16:29:00,2026-07-30
sz300971,博亚精工,17.15,-0.39,-2.223,17.12,17.15,17.54,17.5,17.7,16.97,2000500.0,34667346.0,16:29:15,2026-07-30
sz300972,万辰集团,219.0,7.7,3.644,218.91,219.0,211.3,210.04,222.83,207.0,3746825.0,816852705.0,16:29:30,2026-07-30
sz300973,立高食品,25.29,0.64,2.596,25.29,25.3,24.65,24.55,26.2,24.5,7479573.0,190946207.0,16:29:45,2026-07-30
sz300975,商络电子,22.61,-1.71,-7.031,22.61,22.62,24.32,24.02,24.87,21.83,56318718.0,1303529256.0,16:29:00,2026-07-30
sz300976,达瑞电子,45.55,-5.97,-11.588,45.55,45.56,51.52,50.58,51.38,44.93,6746256.0,318717767.0,16:29:15,2026-07-30
sz300977,深圳瑞捷,14.41,-0.21,-1.436,14.41,14.42,14.62,14.7,14.98,14.16,1411750.0,20540835.0,16:29:30,2026-07-30
sz300978,东箭科技,8.27,-0.07,-0.839,8.26,8.27,8.34,8.29,8.49,8.23,3163700.0,26466993.0,16:29:45,2026-07-30
sz300979,华利集团,36.64,0.54,1.496,36.63,36.64,36.1,35.99,37.5,35.88,5603136.0,206815469.0,16:29:00,2026-07-30
sz300980,祥源新材,19.03,-1.06,-5.276,19.03,19.04,20.09,20.03,20.24,18.87,5131383.0,99290907.0,16:29:15,2026-07-30
sz300981,中红医疗,14.18,1.33,10.35,14.17,14.18,12.85,13.88,15.37,13.6,45988550.0,652179270.0,16:29:30,2026-07-30
sz300982,苏文电能,14.35,-0.38,-2.58,14.35,14.36,14.73,14.77,14.95,14.31,2482840.0,36206816.0,16:29:45,2026-07-30
sz300983,尤安设计,35.28,-0.44,-1.232,35.04,35.28,35.72,36.0,36.22,32.48,2067642.0,70066947.0,16:29:00,2026-07-30
sz300984,金沃股份,28.08,-2.72,-8.831,28.07,28.08,30.8,30.6,30.94,27.46,5627885.0,162307279.0,16:29:15,2026-07-30
sz300985,致远新能,27.16,-2.19,-7.462,27.16,27.18,29.35,29.88,29.92,26.42,6050324.0,167956944.0,16:29:30,2026-07-30
sz300986,志特新材,10.03,-0.3,-2.904,10.03,10.04,10.33,10.31,10.53,9.99,31001970.0,318067561.0,16:29:45,2026-07-30
sz300987,川网传媒,12.55,-0.03,-0.238,12.55,12.56,12.58,12.46,12.93,12.46,3833200.0,48700774.0,16:29:00,2026-07-30
sz300988,津荣天宇,13.66,-0.71,-4.941,13.65,13.66,14.37,14.3,14.41,13.63,6448606.0,90102279.0,16:29:15,2026-07-30
sz300989,蕾奥规划,11.17,1.19,11.924,11.16,11.17,9.98,9.98,11.28,9.94,10036666.0,106872844.0,16:29:30,2026-07-30
sz300990,同飞股份,64.2,-10.84,-14.446,64.18,64.2,75.04,74.74,75.0,63.8,8649822.0,587515630.0,16:29:45,2026-07-30
sz300991,创益通,23.01,-1.28,-5.27,23.0,23.01,24.29,23.92,24.48,22.73,3159000.0,73862974.0,16:29:00,2026-07-30
sz300992,泰福泵业,20.27,-1.54,-7.061,20.2,20.27,21.81,21.65,22.1,20.27,1801300.0,38010032.0,16:29:15,2026-07-30
sz300993,玉马科技,9.57,-0.01,-0.104,9.56,9.57,9.58,9.61,9.73,9.46,2846500.0,27382412.0,16:29:30,2026-07-30
sz300994,久祺股份,10.38,-0.06,-0.575,10.38,10.44,10.44,10.41,10.63,10.32,1944900.0,20395616.0,16:29:45,2026-07-30
sz300995,奇德新材,23.58,-0.78,-3.202,23.55,23.58,24.36,24.68,24.79,23.43,1885500.0,45470006.0,16:29:00,2026-07-30
sz300996,普联软件,15.52,2.59,20.031,15.52,0.0,12.93,14.5,15.52,13.54,46753071.0,704744286.0,16:29:15,2026-07-30
sz300997,欢乐家,17.61,-0.39,-2.167,17.61,17.65,18.0,17.82,19.09,17.24,36213694.0,657629518.0,16:29:30,2026-07-30
sz300998,宁波方正,21.96,-0.84,-3.684,21.93,21.96,22.8,22.64,22.76,21.68,4190700.0,93308674.0,16:29:45,2026-07-30
sz300999,金龙鱼,26.87,0.6,2.284,26.86,26.87,26.27,26.2,26.93,26.11,13853073.0,370278635.0,16:29:00,2026-07-30
sz301000,肇民科技,22.7,-0.48,-2.071,22.7,22.71,23.18,23.0,23.33,22.46,3171702.0,72638442.0,16:29:15,2026-07-30
sz301001,凯淳股份,21.82,0.0,0.0,21.79,21.82,21.82,21.82,22.69,21.5,1518699.0,33655368.0,16:29:30,2026-07-30
sz301002,崧盛股份,24.86,-1.88,-7.031,24.86,24.89,26.74,26.9,27.28,24.77,4606738.0,118385529.0,16:29:45,2026-07-30
sz301003,江苏博云,43.68,-3.98,-8.351,43.68,43.69,47.66,47.66,47.98,43.14,2490370.0,111564999.0,16:29:00,2026-07-30
sz301004,嘉益股份,38.3,1.18,3.179,38.29,38.3,37.12,37.27,38.54,36.9,995194.0,37831278.0,16:29:15,2026-07-30
sz301005,超捷股份,60.16,-3.19,-5.036,60.16,60.17,63.35,63.35,65.1,59.58,7187600.0,444427982.0,16:29:30,2026-07-30
sz301006,迈拓股份,12.24,0.11,0.907,12.24,12.25,12.13,12.13,12.43,11.95,2179935.0,26708938.0,16:29:45,2026-07-30
sz301007,德迈仕,25.02,-2.11,-7.777,25.02,25.04,27.13,27.0,27.01,24.98,4548600.0,117226921.0,16:29:00,2026-07-30
sz301008,宏昌科技,29.86,-1.69,-5.357,29.86,29.87,31.55,31.64,31.91,29.58,5081997.0,155399910.0,16:29:15,2026-07-30
sz301009,可靠股份,8.61,0.06,0.702,8.61,8.62,8.55,8.46,8.88,8.46,5757487.0,50283504.0,16:29:30,2026-07-30
sz301010,晶雪节能,15.33,-0.09,-0.584,15.33,15.39,15.42,15.39,15.75,15.15,1827482.0,28281138.0,16:29:45,2026-07-30
sz301011,华立科技,14.14,-0.14,-0.98,14.14,14.16,14.28,14.2,14.6,14.09,2560276.0,36794190.0,16:29:00,2026-07-30
sz301012,扬电科技,23.27,-2.83,-10.843,23.27,23.28,26.1,25.69,25.99,23.27,21495920.0,528940267.0,16:29:15,2026-07-30
sz301013,利和兴,35.32,-2.07,-5.536,35.32,35.33,37.39,36.7,39.39,34.51,38112481.0,1406743508.0,16:29:30,2026-07-30
sz301015,百洋医药,22.39,-0.47,-2.056,22.39,22.4,22.86,22.78,23.28,22.37,5816490.0,132228364.0,16:29:45,2026-07-30
sz301016,雷尔伟,11.44,-0.41,-3.46,11.44,11.45,11.85,11.73,12.0,11.39,2238650.0,26093475.0,16:29:00,2026-07-30
sz301017,漱玉平民,12.43,-0.1,-0.798,12.42,12.43,12.53,12.53,12.84,12.38,5914491.0,74511033.0,16:29:15,2026-07-30
sz301018,申菱环境,67.75,-9.8,-12.637,67.75,67.76,77.55,77.05,77.55,67.11,20497471.0,1447380614.0,16:29:30,2026-07-30
sz301019,宁波色母,14.06,-0.35,-2.429,14.06,14.07,14.41,14.33,14.78,14.02,3394292.0,48887354.0,16:29:45,2026-07-30
sz301020,密封科技,17.85,-0.43,-2.352,17.85,17.87,18.28,18.28,18.42,17.69,2394700.0,43362843.0,16:29:00,2026-07-30
sz301021,英诺激光,51.32,-6.44,-11.15,51.32,51.34,57.76,57.49,57.75,51.15,9273167.0,497222330.0,16:29:15,2026-07-30
sz301022,海泰科,21.8,-0.02,-0.092,21.66,21.8,21.82,21.66,22.16,21.51,1591534.0,34667445.0,16:29:30,2026-07-30
sz301023,奕帆传动,26.13,-1.18,-4.321,26.08,26.13,27.31,27.0,27.42,26.0,1335520.0,35517869.0,16:29:45,2026-07-30
sz301024,霍普股份,27.5,-1.65,-5.66,27.5,27.59,29.15,28.98,29.8,27.1,1244033.0,35180617.0,16:29:00,2026-07-30
sz301025,读客文化,8.28,-0.01,-0.121,8.28,8.29,8.29,8.2,8.53,8.12,10205400.0,85545688.0,16:29:15,2026-07-30
sz301026,浩通科技,16.76,-0.39,-2.274,16.75,16.76,17.15,17.23,17.34,16.7,3889142.0,66199904.0,16:29:30,2026-07-30
sz301027,华蓝集团,18.06,-0.87,-4.596,18.06,18.07,18.93,18.98,18.98,17.49,4393800.0,79792931.0,16:29:45,2026-07-30
sz301028,鼎熔岩,11.46,-0.41,-3.454,11.46,11.48,11.87,11.79,11.98,11.36,5206893.0,60541136.0,16:29:00,2026-07-30
sz301029,怡合达,24.18,-0.32,-1.306,24.17,24.18,24.5,24.32,24.49,23.71,8602553.0,207508269.0,16:29:15,2026-07-30
sz301030,*ST仕净,7.93,-0.35,-4.227,7.93,7.94,8.28,8.29,8.45,7.69,8987420.0,72456466.0,16:29:30,2026-07-30
sz301031,中熔电气,79.38,-0.82,-1.022,79.31,79.39,80.2,79.78,80.6,77.14,2525313.0,200458711.0,16:29:45,2026-07-30
sz301032,新柴股份,9.34,-0.08,-0.849,9.33,9.34,9.42,9.33,9.52,9.23,3322382.0,31189482.0,16:29:00,2026-07-30
sz301033,迈普医学,60.51,-1.43,-2.309,60.5,60.51,61.94,60.08,61.45,58.54,2137807.0,128358987.0,16:29:15,2026-07-30
sz301035,润丰股份,56.8,1.2,2.158,56.8,56.83,55.6,55.44,58.2,55.0,2509639.0,142387681.0,16:29:30,2026-07-30
sz301036,双乐股份,19.6,-0.19,-0.96,19.59,19.6,19.79,19.79,20.19,19.52,1299985.0,25862422.0,16:29:45,2026-07-30
sz301037,保立佳,11.45,0.21,1.868,11.45,11.46,11.24,11.24,11.68,11.1,2344461.0,26900806.0,16:29:00,2026-07-30
sz301038,深水规院,15.0,-0.34,-2.216,15.0,15.02,15.34,15.31,15.44,14.8,3803177.0,57505793.0,16:29:15,2026-07-30
sz301039,中集车辆,8.22,0.0,0.0,8.21,8.22,8.22,8.18,8.3,8.06,31687402.0,259861139.0,16:29:30,2026-07-30
sz301040,中环海陆,21.53,-0.8,-3.583,21.53,21.55,22.33,22.08,22.68,21.51,1758565.0,38737389.0,16:29:45,2026-07-30
sz301041,金百泽,19.96,-1.26,-5.938,19.96,19.97,21.22,21.18,21.32,19.93,3950239.0,80867052.0,16:29:00,2026-07-30
sz301042,安联锐视,25.24,-1.18,-4.466,25.24,25.25,26.42,26.05,26.6,25.22,6994143.0,181344166.0,16:29:15,2026-07-30
sz301043,绿岛风,36.71,-1.51,-3.951,36.71,36.88,38.22,37.89,38.64,35.81,1017600.0,37727774.0,16:29:30,2026-07-30
sz301045,天禄科技,52.37,-5.34,-9.253,52.37,52.58,57.71,58.0,58.21,51.12,5951200.0,320882075.0,16:29:45,2026-07-30
sz301046,能辉科技,16.1,-1.26,-7.258,16.1,16.11,17.36,17.21,17.35,16.06,3447881.0,57040846.0,16:29:00,2026-07-30
sz301047,义翘神州,67.02,-1.71,-2.488,67.02,67.06,68.73,68.19,69.29,66.62,1473350.0,99890348.0,16:29:15,2026-07-30
sz301048,金鹰重工,8.86,0.0,0.0,8.85,8.86,8.86,8.79,9.0,8.79,3778310.0,33628449.0,16:29:30,2026-07-30
sz301049,超越科技,18.06,-0.08,-0.441,18.06,18.11,18.14,18.0,18.55,17.72,1500800.0,27239504.0,16:29:45,2026-07-30
sz301050,雷电微力,29.68,-0.35,-1.166,29.68,29.69,30.03,29.78,30.35,29.52,3611566.0,108186296.0,16:29:00,2026-07-30
sz301051,信濠光电,12.28,-0.72,-5.538,12.28,12.3,13.0,13.01,13.07,12.05,9600998.0,119753168.0,16:29:15,2026-07-30
sz301052,果麦文化,22.6,-0.5,-2.165,22.59,22.6,23.1,22.92,23.93,22.4,6922203.0,160987444.0,16:29:30,2026-07-30
sz301053,远信工业,39.5,-0.68,-1.692,39.5,39.52,40.18,40.0,40.74,38.79,3635261.0,143816911.0,16:29:45,2026-07-30
sz301055,张小泉,24.62,-2.38,-8.815,24.62,24.63,27.0,27.0,27.0,24.39,5923960.0,149788313.0,16:29:00,2026-07-30
sz301056,森赫股份,9.39,-0.1,-1.054,9.39,9.41,9.49,9.5,9.75,9.3,3241438.0,30815737.0,16:29:15,2026-07-30
sz301057,汇隆新材,19.65,0.18,0.924,19.55,19.65,19.47,19.56,20.56,19.4,3333410.0,66370485.0,16:29:30,2026-07-30
sz301058,中粮科工,8.15,-0.05,-0.61,8.15,8.16,8.2,8.19,8.28,8.1,4192300.0,34324552.0,16:29:45,2026-07-30
sz301059,金三江,10.83,-0.1,-0.915,10.81,10.83,10.93,10.9,11.07,10.76,2182280.0,23766846.0,16:29:00,2026-07-30
sz301060,兰卫医学,8.39,-0.18,-2.1,8.39,8.4,8.57,8.58,8.69,8.37,6672000.0,56692450.0,16:29:15,2026-07-30
sz301061,匠心家居,37.51,-1.04,-2.698,37.51,37.55,38.55,37.89,39.68,37.43,4649547.0,178830937.0,16:29:30,2026-07-30
sz301062,上海艾录,5.96,-0.01,-0.168,5.96,5.97,5.97,5.96,6.17,5.91,9495280.0,57400762.0,16:29:45,2026-07-30
sz301063,海锅股份,16.07,-0.07,-0.434,16.06,16.07,16.14,16.22,16.55,15.83,1857800.0,30154529.0,16:29:00,2026-07-30
sz301065,本立科技,17.33,-0.01,-0.058,17.33,17.34,17.34,17.34,17.64,17.11,1602900.0,27901066.0,16:29:15,2026-07-30
sz301066,万事利,11.77,0.04,0.341,11.76,11.77,11.73,11.67,12.29,11.62,6398282.0,76565988.0,16:29:30,2026-07-30
sz301067,显盈科技,21.82,-2.08,-8.703,21.82,21.85,23.9,23.88,23.88,21.51,3655475.0,82064337.0,16:29:45,2026-07-30
sz301068,大地海洋,23.42,-1.63,-6.507,23.4,23.42,25.05,25.03,25.33,23.17,999300.0,24113572.0,16:29:00,2026-07-30
sz301069,凯盛新材,15.66,-0.3,-1.88,15.65,15.66,15.96,15.81,16.07,15.63,5529022.0,87595896.0,16:29:15,2026-07-30
sz301070,开勒股份,49.65,-4.36,-8.073,49.19,49.65,54.01,53.06,55.47,47.35,4816402.0,239721299.0,16:29:30,2026-07-30
sz301071,力量钻石,48.95,-4.09,-7.711,48.95,48.96,53.04,52.7,53.81,47.69,15648264.0,781965543.0,16:29:45,2026-07-30
sz301072,中捷精工,29.59,-2.32,-7.27,28.45,29.59,31.91,31.92,32.7,28.4,4984300.0,149557761.0,16:29:00,2026-07-30
sz301073,君亭酒店,17.41,-0.79,-4.341,17.41,17.42,18.2,18.03,18.85,17.18,16653136.0,302212050.0,16:29:15,2026-07-30
sz301075,多瑞医药,45.01,-3.52,-7.253,45.01,45.24,48.53,48.05,49.41,44.55,1654701.0,76477194.0,16:29:30,2026-07-30
sz301076,新瀚新材,19.53,-0.67,-3.317,19.52,19.53,20.2,20.1,20.36,19.49,3600300.0,71415786.0,16:29:45,2026-07-30
sz301077,星华新材,18.18,-0.58,-3.092,18.18,18.2,18.76,18.88,19.08,18.12,1806554.0,33465186.0,16:29:00,2026-07-30
sz301078,孩子王,7.46,0.03,0.404,7.46,7.47,7.43,7.37,7.59,7.36,35148000.0,263895793.0,16:29:15,2026-07-30
sz301079,邵阳液压,25.44,-0.94,-3.563,25.43,25.44,26.38,26.2,27.32,25.23,3423782.0,88789156.0,16:29:30,2026-07-30
sz301080,百普赛斯,47.52,-3.13,-6.18,47.51,47.52,50.65,50.13,50.59,47.39,5135194.0,249497289.0,16:29:45,2026-07-30
sz301081,严牌股份,10.41,-0.24,-2.254,10.41,10.42,10.65,10.72,10.83,10.11,5124997.0,53730246.0,16:29:00,2026-07-30
sz301082,久盛电气,8.71,-0.11,-1.247,8.7,8.71,8.82,8.79,8.95,8.66,6208415.0,54682955.0,16:29:15,2026-07-30
sz301083,百胜智能,12.15,-0.32,-2.566,12.15,12.17,12.47,12.45,12.68,12.11,2317600.0,28730460.0,16:29:30,2026-07-30
sz301085,亚康股份,54.99,-5.33,-8.836,54.97,54.99,60.32,59.68,61.12,54.74,5078108.0,289920319.0,16:29:45,2026-07-30
sz301086,鸿富瀚,87.89,-11.91,-11.934,87.85,87.89,99.8,100.01,100.2,85.35,5008870.0,453259114.0,16:29:00,2026-07-30
sz301087,可孚医疗,52.28,-1.03,-1.932,52.27,52.28,53.31,53.08,54.28,52.02,1932020.0,102522147.0,16:29:15,2026-07-30
sz301088,戎美股份,11.29,-0.03,-0.265,11.29,11.3,11.32,11.32,11.54,11.12,1277557.0,14528054.0,16:29:30,2026-07-30
sz301089,拓新药业,22.1,-0.5,-2.212,22.1,22.11,22.6,22.6,22.84,21.9,2318090.0,51748672.0,16:29:45,2026-07-30
sz301090,华润材料,6.51,0.17,2.681,6.5,6.51,6.34,6.31,6.56,6.31,13005674.0,83793329.0,16:29:00,2026-07-30
sz301091,深城交,16.39,0.72,4.595,16.38,16.39,15.67,15.6,17.2,15.56,12899455.0,211683458.0,16:29:15,2026-07-30
sz301092,争光股份,35.5,-2.68,-7.019,35.5,35.51,38.18,38.18,38.28,35.13,6017132.0,218511367.0,16:29:30,2026-07-30
sz301093,华兰股份,55.18,-5.15,-8.536,55.15,55.18,60.33,60.7,60.7,53.7,5434921.0,307627538.0,16:29:45,2026-07-30
sz301095,广立微,62.36,-4.88,-7.258,62.35,62.36,67.24,66.5,66.6,61.65,9255504.0,593370679.0,16:29:00,2026-07-30
sz301096,百诚医药,35.96,-2.44,-6.354,35.96,35.99,38.4,38.15,38.73,35.85,3413700.0,126356077.0,16:29:15,2026-07-30
sz301097,天益医疗,29.68,-1.35,-4.351,29.68,29.69,31.03,30.89,31.41,29.41,853361.0,25724398.0,16:29:30,2026-07-30
sz301098,金埔园林,6.8,-0.27,-3.819,6.8,6.82,7.07,7.07,7.12,6.67,8542683.0,58735956.0,16:29:45,2026-07-30
sz301099,雅创电子,41.82,-2.95,-6.589,41.82,41.83,44.77,44.52,45.15,40.75,11026833.0,471113448.0,16:29:00,2026-07-30
sz301100,风光股份,14.78,-0.54,-3.525,14.75,14.78,15.32,15.17,15.54,14.63,3242290.0,48835955.0,16:29:15,2026-07-30
sz301101,明月镜片,29.47,0.37,1.271,29.45,29.47,29.1,29.0,29.89,28.85,2731721.0,80761885.0,16:29:30,2026-07-30
sz301102,兆讯传媒,8.99,-0.16,-1.749,8.99,9.0,9.15,9.18,9.34,8.97,2226750.0,20432654.0,16:29:45,2026-07-30
sz301103,何氏眼科,15.48,0.07,0.454,15.42,15.48,15.41,15.4,15.8,15.27,1649300.0,25659137.0,16:29:00,2026-07-30
sz301105,鸿铭股份,43.57,-1.79,-3.946,43.57,43.92,45.36,44.9,46.0,43.24,863800.0,38392134.0,16:29:15,2026-07-30
sz301106,骏成科技,14.9,-0.47,-3.058,14.9,14.91,15.37,15.29,15.6,14.71,2666876.0,40437440.0,16:29:30,2026-07-30
sz301107,瑜欣电子,16.83,-0.7,-3.993,16.83,16.85,17.53,17.35,17.75,16.52,1771406.0,30288553.0,16:29:45,2026-07-30
sz301108,洁雅股份,33.89,-0.39,-1.138,33.88,33.89,34.28,34.28,34.39,32.38,3516077.0,117911456.0,16:29:00,2026-07-30
sz301109,军信股份,14.13,0.06,0.426,14.13,14.14,14.07,14.08,14.27,14.05,3731070.0,52890437.0,16:29:15,2026-07-30
sz301110,青木科技,34.62,-0.7,-1.982,34.62,34.63,35.32,34.95,36.41,34.43,4197244.0,149215228.0,16:29:30,2026-07-30
sz301111,粤万年青,16.62,-1.1,-6.208,16.61,16.62,17.72,17.63,17.93,16.55,4547200.0,77724093.0,16:29:45,2026-07-30
sz301112,信邦智能,30.27,-3.93,-11.491,30.24,30.27,34.2,32.88,33.5,29.86,5333300.0,167663481.0,16:29:00,2026-07-30
sz301113,雅艺科技,14.02,-0.07,-0.497,14.02,14.03,14.09,14.23,14.5,13.73,1337360.0,18943510.0,16:29:15,2026-07-30
sz301115,联检科技,21.41,-1.12,-4.971,21.41,21.43,22.53,22.54,23.12,21.2,3382200.0,74192930.0,16:29:30,2026-07-30
sz301116,益客食品,8.73,0.17,1.986,8.71,8.73,8.56,8.49,8.97,8.48,5519400.0,48323755.0,16:29:45,2026-07-30
sz301117,佳缘科技,15.51,-0.83,-5.08,15.47,15.51,16.34,16.52,16.69,15.34,7811380.0,124314877.0,16:29:00,2026-07-30
sz301118,恒光股份,19.3,-0.05,-0.258,19.3,19.31,19.35,19.49,19.8,19.12,5073300.0,98785138.0,16:29:15,2026-07-30
sz301119,正强股份,18.32,-0.63,-3.325,18.31,18.32,18.95,19.13,19.15,18.22,1493360.0,27881268.0,16:29:30,2026-07-30
sz301120,新特电气,13.78,-0.41,-2.889,13.78,13.8,14.19,14.19,14.44,13.75,7716520.0,107953209.0,16:29:45,2026-07-30
sz301121,紫建电子,29.3,-1.86,-5.969,29.3,29.33,31.16,30.23,30.59,29.15,2673010.0,79911499.0,16:29:00,2026-07-30
sz301122,采纳股份,29.17,-1.81,-5.842,29.17,29.19,30.98,31.02,31.3,29.01,6459637.0,193234574.0,16:29:15,2026-07-30
sz301123,奕东电子,53.97,-7.05,-11.554,53.97,53.98,61.02,61.25,61.25,53.28,9836601.0,550736252.0,16:29:30,2026-07-30
sz301125,腾亚精工,11.33,-0.55,-4.63,11.33,11.34,11.88,11.88,12.0,11.3,3435720.0,39831574.0,16:29:45,2026-07-30
sz301126,达嘉维康,8.69,-0.02,-0.23,8.66,8.69,8.71,8.77,9.05,8.65,5180400.0,45774402.0,16:29:00,2026-07-30
sz301127,武汉天源,11.96,-1.16,-8.841,11.96,11.97,13.12,12.99,13.1,11.96,37030690.0,460611199.0,16:29:15,2026-07-30
sz301128,强瑞技术,84.02,-12.39,-12.851,84.02,84.04,96.41,95.8,96.64,84.0,5557676.0,490236554.0,16:29:30,2026-07-30
sz301129,瑞纳智能,19.77,-0.17,-0.853,19.74,19.77,19.94,19.75,20.36,19.5,1627258.0,32400842.0,16:29:45,2026-07-30
sz301130,西点药业,22.24,-0.59,-2.584,22.23,22.24,22.83,22.92,23.12,21.91,1990100.0,44908613.0,16:29:00,2026-07-30
sz301131,聚赛龙,30.49,-0.03,-0.098,30.42,30.49,30.52,30.7,31.39,30.0,1070956.0,32972127.0,16:29:15,2026-07-30
sz301132,满坤科技,26.35,-1.37,-4.942,26.35,26.37,27.72,27.57,27.94,26.2,4592364.0,123793685.0,16:29:30,2026-07-30
sz301133,金钟股份,21.81,-1.85,-7.819,21.81,21.84,23.66,23.58,23.96,21.75,4252358.0,95745689.0,16:29:45,2026-07-30
sz301135,瑞德智能,14.65,-0.27,-1.81,14.63,14.65,14.92,14.77,15.14,14.5,1679724.0,24976989.0,16:29:00,2026-07-30
sz301136,招标股份,10.7,-0.15,-1.382,10.7,10.72,10.85,10.84,11.08,10.7,6663616.0,72599349.0,16:29:15,2026-07-30
sz301137,哈焊华通,31.03,-0.62,-1.959,31.03,31.04,31.65,31.22,32.36,31.03,4364571.0,138294618.0,16:29:30,2026-07-30
sz301138,华研精机,23.9,-0.68,-2.766,23.9,23.91,24.58,24.58,24.9,23.8,843800.0,20533513.0,16:29:45,2026-07-30
sz301139,*ST元道,3.23,-0.51,-13.636,3.23,3.24,3.74,3.36,3.67,3.08,26806083.0,92508809.0,16:29:00,2026-07-30
sz301141,中科磁业,34.68,-0.73,-2.062,34.68,34.69,35.41,35.4,35.82,34.58,1279192.0,45040101.0,16:29:15,2026-07-30
sz301148,嘉戎技术,41.94,-1.47,-3.386,41.89,41.94,43.41,43.19,44.11,41.4,1061814.0,45205983.0,16:29:30,2026-07-30
sz301149,隆华新材,7.13,-0.1,-1.383,7.13,7.14,7.23,7.21,7.31,7.09,6097510.0,43918426.0,16:29:45,2026-07-30
sz301150,中一科技,32.1,-3.04,-8.651,32.1,32.11,35.14,35.01,35.11,31.41,21686619.0,715674974.0,16:29:00,2026-07-30
sz301151,冠龙节能,14.73,-1.26,-7.88,14.73,14.78,15.99,15.83,15.99,14.68,5363600.0,81666056.0,16:29:15,2026-07-30
sz301152,天力锂能,20.58,-0.29,-1.39,20.48,20.58,20.87,20.9,20.98,20.3,3570509.0,73802155.0,16:29:30,2026-07-30
sz301153,中科江南,17.0,0.22,1.311,16.99,17.0,16.78,16.69,17.36,16.62,5325819.0,91128502.0,16:29:45,2026-07-30
sz301155,海力风电,43.37,0.53,1.237,43.36,43.37,42.84,42.63,45.12,42.25,7079195.0,311651775.0,16:29:00,2026-07-30
sz301156,美农生物,10.33,-0.13,-1.243,10.33,10.34,10.46,10.46,10.68,10.16,3307801.0,34567728.0,16:29:15,2026-07-30
sz301157,华塑科技,47.2,-1.06,-2.196,47.15,47.2,48.26,48.49,48.87,46.27,1029100.0,48737798.0,16:29:30,2026-07-30
sz301158,德石股份,15.14,0.4,2.714,15.14,15.15,14.74,15.17,15.49,14.25,17697654.0,265156627.0,16:29:45,2026-07-30
sz301159,三维天地,27.39,-0.55,-1.969,27.38,27.4,27.94,27.62,28.58,27.16,2001400.0,55687444.0,16:29:00,2026-07-30
sz301160,翔楼新材,31.32,-4.36,-12.22,31.32,31.33,35.68,35.45,35.52,31.32,5357385.0,176299922.0,16:29:15,2026-07-30
sz301161,唯万密封,22.97,-1.35,-5.551,22.97,22.98,24.32,24.1,24.49,22.87,4673820.0,109603413.0,16:29:30,2026-07-30
sz301162,国能日新,38.44,0.45,1.185,38.44,38.48,37.99,37.46,39.28,37.46,2349400.0,90643191.0,16:29:45,2026-07-30
sz301163,宏德股份,20.55,-0.43,-2.05,20.51,20.55,20.98,20.92,21.37,20.2,1596600.0,33184763.0,16:29:00,2026-07-30
sz301165,锐捷网络,102.0,-3.0,-2.857,102.0,102.01,105.0,105.74,109.3,99.9,27315512.0,2856936153.0,16:29:15,2026-07-30
sz301166,优宁维,24.42,-0.24,-0.973,24.35,24.42,24.66,24.66,25.05,24.28,1678700.0,41367093.0,16:29:30,2026-07-30
sz301167,建研设计,12.47,-0.06,-0.479,12.47,12.48,12.53,12.7,12.75,12.31,2779700.0,34957437.0,16:29:45,2026-07-30
sz301168,通灵股份,38.47,-1.33,-3.342,38.39,38.47,39.8,39.6,39.6,38.01,1316900.0,50999741.0,16:29:00,2026-07-30
sz301169,零点有数,40.19,-4.96,-10.986,40.19,40.29,45.15,44.75,45.97,39.8,2332400.0,98404686.0,16:29:15,2026-07-30
sz301170,锡南科技,21.05,-0.07,-0.331,21.05,21.07,21.12,21.05,21.39,20.69,792300.0,16700536.0,16:29:30,2026-07-30
sz301171,易点天下,25.41,-0.68,-2.606,25.41,25.42,26.09,25.8,27.53,25.4,38741083.0,1023844284.0,16:29:45,2026-07-30
sz301172,君逸数码,19.4,-1.07,-5.227,19.4,19.42,20.47,20.41,20.79,19.24,6183581.0,123906901.0,16:29:00,2026-07-30
sz301173,毓恬冠佳,29.43,0.65,2.259,29.04,29.43,28.78,28.69,29.52,28.38,972827.0,28298834.0,16:29:15,2026-07-30
sz301175,中科环保,5.51,0.23,4.356,5.5,5.51,5.28,5.29,5.52,5.29,38372606.0,208336701.0,16:29:30,2026-07-30
sz301176,逸豪新材,36.7,-3.48,-8.661,36.7,36.72,40.18,38.51,40.42,36.47,11772773.0,449447155.0,16:29:45,2026-07-30
sz301177,迪阿股份,22.16,-0.02,-0.09,22.15,22.16,22.18,22.01,22.71,22.01,1437610.0,32162924.0,16:29:00,2026-07-30
sz301178,天亿马,29.08,-1.83,-5.92,29.08,29.09,30.91,30.91,31.47,28.87,3154273.0,93949088.0,16:29:15,2026-07-30
sz301179,泽宇智能,17.68,-0.52,-2.857,17.67,17.68,18.2,18.16,18.52,17.65,3020300.0,54453535.0,16:29:30,2026-07-30
sz301180,万祥科技,10.48,-0.4,-3.676,10.48,10.49,10.88,10.82,10.91,10.38,4019966.0,42709961.0,16:29:45,2026-07-30
sz301181,标榜股份,19.78,-0.52,-2.562,19.74,19.78,20.3,20.2,20.44,19.62,1480670.0,29637272.0,16:29:00,2026-07-30
sz301182,凯旺科技,46.21,-5.09,-9.922,46.21,46.32,51.3,51.22,52.4,45.06,4174271.0,200311924.0,16:29:15,2026-07-30
sz301183,东田微,135.0,-20.55,-13.211,135.0,135.59,155.55,152.62,154.95,133.0,5984496.0,846774834.0,16:29:30,2026-07-30
sz301185,鸥玛软件,15.83,0.03,0.19,15.82,15.83,15.8,15.67,16.21,15.62,2947328.0,47103537.0,16:29:45,2026-07-30
sz301186,超达装备,28.93,-1.95,-6.315,28.91,28.93,30.88,30.65,30.94,28.85,2174006.0,64290448.0,16:29:00,2026-07-30
sz301187,欧圣电气,14.91,0.68,4.779,14.89,14.91,14.23,14.15,15.11,14.15,4741107.0,69825208.0,16:29:15,2026-07-30
sz301188,力诺药包,31.62,-2.32,-6.836,31.62,31.7,33.94,34.16,34.96,30.71,16759950.0,539098033.0,16:29:30,2026-07-30
sz301189,奥尼电子,39.28,-3.92,-9.074,39.28,39.37,43.2,43.0,43.16,38.41,6225109.0,250936403.0,16:29:45,2026-07-30
sz301190,善水科技,17.76,-0.36,-1.987,17.75,17.76,18.12,17.67,18.6,17.6,9793728.0,176969862.0,16:29:00,2026-07-30
sz301191,菲菱科思,82.73,-11.17,-11.896,82.73,82.75,93.9,95.53,95.8,82.73,6662872.0,579952900.0,16:29:15,2026-07-30
sz301192,泰祥股份,17.56,-0.27,-1.514,17.56,17.6,17.83,17.99,18.43,17.5,1439700.0,25774602.0,16:29:30,2026-07-30
sz301193,家联科技,15.34,-0.49,-3.095,15.33,15.34,15.83,15.99,16.17,15.25,3985200.0,62165747.0,16:29:45,2026-07-30
sz301195,北路智控,24.47,-0.28,-1.131,24.47,24.48,24.75,24.58,25.05,24.35,1508050.0,37262075.0,16:29:00,2026-07-30
sz301196,唯科科技,60.63,-5.5,-8.317,60.63,60.64,66.13,67.77,67.96,59.05,6033501.0,375350345.0,16:29:15,2026-07-30
sz301197,工大科雅,22.69,-0.11,-0.482,22.69,22.7,22.8,22.69,23.19,22.35,4063434.0,92292328.0,16:29:30,2026-07-30
sz301198,喜悦智行,10.18,-0.3,-2.863,10.16,10.18,10.48,10.47,10.69,10.1,4458037.0,46213813.0,16:29:45,2026-07-30
sz301199,迈赫股份,16.82,-0.48,-2.775,16.82,16.84,17.3,17.25,17.43,16.71,1603200.0,27336365.0,16:29:00,2026-07-30
sz301200,大族数控,211.4,-19.16,-8.31,211.36,211.4,230.56,229.23,232.51,205.09,3685704.0,797704772.0,16:29:15,2026-07-30
sz301201,诚达药业,27.08,-0.57,-2.061,27.07,27.08,27.65,27.65,28.18,26.92,6612837.0,181606285.0,16:29:30,2026-07-30
sz301202,朗威股份,29.66,-1.71,-5.451,29.65,29.66,31.37,31.34,31.5,29.65,1769016.0,53757122.0,16:29:45,2026-07-30
sz301203,国泰环保,30.12,-1.19,-3.801,30.12,30.13,31.31,31.35,31.64,29.99,899738.0,27637783.0,16:29:00,2026-07-30
sz301205,联特科技,201.69,-27.82,-12.121,201.69,201.7,229.51,222.8,227.0,192.21,11184156.0,2315654687.0,16:29:15,2026-07-30
sz301206,三元生物,23.22,-0.42,-1.777,23.22,23.23,23.64,23.58,23.82,23.04,1920205.0,44892821.0,16:29:30,2026-07-30
sz301207,华兰疫苗,17.38,0.01,0.058,17.38,17.39,17.37,17.28,17.62,17.12,4273149.0,74297734.0,16:29:45,2026-07-30
sz301208,中亦科技,27.71,-0.15,-0.538,27.71,27.74,27.86,27.56,28.45,27.56,1097400.0,30822756.0,16:29:00,2026-07-30
sz301209,联合化学,39.34,-2.16,-5.205,39.34,39.36,41.5,40.97,42.0,38.68,2170659.0,86789427.0,16:29:15,2026-07-30
sz301210,金杨精密,21.76,-0.16,-0.73,21.76,21.77,21.92,21.77,22.63,21.41,5511086.0,121173784.0,16:29:30,2026-07-30
sz301211,亨迪药业,9.88,-0.58,-5.545,9.88,9.89,10.46,10.4,10.58,9.86,11770187.0,119421874.0,16:29:45,2026-07-30
sz301212,联盛化学,19.74,-0.53,-2.615,19.73,19.74,20.27,20.6,20.85,19.6,1479600.0,29859975.0,16:29:00,2026-07-30
sz301213,观想科技,37.36,-1.49,-3.835,37.33,37.36,38.85,38.53,38.9,37.12,1656037.0,62927938.0,16:29:15,2026-07-30
sz301215,中汽股份,5.28,0.04,0.763,5.27,5.28,5.24,5.23,5.33,5.22,11398706.0,60152257.0,16:29:30,2026-07-30
sz301216,万凯新材,15.46,-0.55,-3.435,15.46,15.47,16.01,16.01,16.08,15.35,12817364.0,200316993.0,16:29:45,2026-07-30
sz301217,铜冠铜箔,79.51,-7.45,-8.567,79.51,79.52,86.96,86.95,87.46,77.28,33368356.0,2716120882.0,16:29:00,2026-07-30
sz301218,华是科技,35.68,-3.22,-8.278,35.68,35.7,38.9,38.58,39.27,35.22,7656952.0,281936744.0,16:29:15,2026-07-30
sz301219,腾远钴业,44.71,-0.12,-0.268,44.71,44.73,44.83,44.6,45.22,43.96,7170443.0,320522087.0,16:29:30,2026-07-30
sz301220,亚香股份,26.07,-0.46,-1.734,26.07,26.13,26.53,26.52,26.99,25.89,1289753.0,34111276.0,16:29:45,2026-07-30
sz301221,光庭信息,25.31,-0.4,-1.556,25.23,25.31,25.71,25.41,26.2,25.1,1693047.0,43439639.0,16:29:00,2026-07-30
sz301222,浙江恒威,21.5,-1.39,-6.073,21.49,21.5,22.89,22.68,22.94,20.88,2215240.0,48740008.0,16:29:15,2026-07-30
sz301223,中荣股份,15.95,-0.07,-0.437,15.95,15.96,16.02,16.06,16.18,15.7,730545.0,11646339.0,16:29:30,2026-07-30
sz301225,恒勃股份,44.77,-4.44,-9.023,44.75,44.77,49.21,49.1,49.2,43.79,4155464.0,190101975.0,16:29:45,2026-07-30
sz301226,祥明智能,26.5,-1.5,-5.357,26.5,26.51,28.0,27.99,28.58,26.42,2623682.0,72054207.0,16:29:00,2026-07-30
sz301227,森鹰窗业,16.87,-0.27,-1.575,16.76,16.87,17.14,16.98,17.58,16.33,2064328.0,34781148.0,16:29:15,2026-07-30
sz301228,实朴检测,62.7,1.58,2.585,62.7,62.79,61.12,62.0,64.0,59.82,3457400.0,215496293.0,16:29:30,2026-07-30
sz301229,纽泰格,11.11,-0.03,-0.269,11.1,11.11,11.14,11.31,11.36,10.97,3030292.0,33887820.0,16:29:45,2026-07-30
sz301230,泓博医药,22.55,-1.56,-6.47,22.55,22.56,24.11,24.04,24.24,22.55,10097986.0,235388877.0,16:29:00,2026-07-30
sz301231,荣信文化,22.01,-1.77,-7.443,22.01,22.02,23.78,23.7,24.39,22.01,5745269.0,132760960.0,16:29:15,2026-07-30
sz301232,飞沃科技,91.04,-8.86,-8.869,91.04,91.26,99.9,99.66,101.4,90.6,3902311.0,368851132.0,16:29:30,2026-07-30
sz301233,盛帮股份,29.44,-1.08,-3.539,29.44,29.45,30.52,30.52,31.2,29.03,1029178.0,31042161.0,16:29:45,2026-07-30
sz301234,五洲医疗,69.2,1.31,1.93,69.2,69.21,67.89,67.32,71.8,63.63,7028636.0,479703026.0,16:29:00,2026-07-30
sz301235,华康洁净,33.08,-2.55,-7.157,33.07,33.08,35.63,35.7,36.14,32.65,7700963.0,262484444.0,16:29:15,2026-07-30
sz301236,软通动力,34.91,-0.48,-1.356,34.91,34.92,35.39,35.0,36.0,34.7,16343133.0,578152891.0,16:29:30,2026-07-30
sz301237,和顺科技,46.36,-1.7,-3.537,46.34,46.38,48.06,47.5,48.88,44.83,2322100.0,108319009.0,16:29:45,2026-07-30
sz301238,瑞泰新材,15.84,-0.06,-0.377,15.84,15.85,15.9,15.74,15.99,15.66,12198874.0,193552616.0,16:29:00,2026-07-30
sz301239,普瑞眼科,32.13,-0.25,-0.772,32.1,32.13,32.38,32.07,33.08,31.9,2011500.0,65428102.0,16:29:15,2026-07-30
sz301246,宏源药业,18.72,-0.48,-2.5,18.72,18.73,19.2,19.03,19.33,18.63,7908975.0,149717537.0,16:29:30,2026-07-30
sz301248,杰创智能,48.5,-4.07,-7.742,48.5,48.52,52.57,52.0,52.71,48.18,5786150.0,288909012.0,16:29:45,2026-07-30
sz301251,威尔高,26.63,-2.63,-8.988,26.63,26.69,29.26,28.89,29.15,26.57,6834874.0,188344221.0,16:29:00,2026-07-30
sz301252,同星科技,26.61,-0.64,-2.349,26.61,26.67,27.25,27.19,27.88,26.45,3218047.0,87420631.0,16:29:15,2026-07-30
sz301255,通力科技,18.55,-0.37,-1.956,18.55,18.56,18.92,18.48,19.17,18.41,1278100.0,24001047.0,16:29:30,2026-07-30
sz301256,华融化学,9.2,-0.19,-2.023,9.2,9.21,9.39,9.31,9.49,9.16,4573910.0,42642719.0,16:29:45,2026-07-30
sz301257,普蕊斯,37.48,-3.73,-9.051,37.48,37.5,41.21,40.75,41.48,37.3,6457079.0,252632636.0,16:29:00,2026-07-30
sz301258,富士莱,23.01,-1.93,-7.739,23.01,23.03,24.94,24.0,24.44,22.91,3376274.0,79755486.0,16:29:15,2026-07-30
sz301259,艾布鲁,21.11,0.76,3.735,21.1,21.11,20.35,20.7,21.81,20.15,9123535.0,191465727.0,16:29:30,2026-07-30
sz301260,格力博,12.5,-0.2,-1.575,12.5,12.51,12.7,12.65,12.81,12.47,1720217.0,21773660.0,16:29:45,2026-07-30
sz301261,恒工精密,48.8,-2.53,-4.929,48.8,49.0,51.33,51.02,51.68,48.71,2189005.0,108968192.0,16:29:00,2026-07-30
sz301262,海看股份,20.1,0.2,1.005,20.1,20.12,19.9,19.64,20.87,19.6,13691767.0,278115570.0,16:29:15,2026-07-30
sz301263,泰恩康,19.33,-0.56,-2.815,19.32,19.33,19.89,19.8,20.2,19.23,3845225.0,75497092.0,16:29:30,2026-07-30
sz301265,华新科技,16.81,-1.03,-5.774,16.81,16.82,17.84,17.96,17.96,16.67,6964681.0,119166923.0,16:29:45,2026-07-30
sz301266,宇邦新材,19.49,-0.12,-0.612,19.45,19.49,19.61,19.63,19.97,19.31,2944382.0,57814471.0,16:29:00,2026-07-30
sz301267,华厦眼科,16.58,0.43,2.663,16.57,16.58,16.15,16.02,16.62,16.01,5358657.0,87933912.0,16:29:15,2026-07-30
sz301268,铭利达,12.64,-0.06,-0.472,12.59,12.64,12.7,12.7,12.94,12.43,3612195.0,45820774.0,16:29:30,2026-07-30
sz301269,华大九天,85.49,-4.51,-5.011,85.48,85.49,90.0,89.01,89.8,85.18,8197139.0,713474101.0,16:29:45,2026-07-30
sz301270,汉仪股份,30.17,-0.48,-1.566,30.15,30.17,30.65,30.6,31.2,29.94,3967300.0,121217392.0,16:29:00,2026-07-30
sz301272,英华特,30.4,-0.53,-1.714,30.3,30.4,30.93,30.93,31.15,30.13,776103.0,23840709.0,16:29:15,2026-07-30
sz301273,瑞晨环保,36.95,-1.96,-5.037,36.61,36.95,38.91,39.25,39.5,34.48,3910474.0,144368475.0,16:29:30,2026-07-30
sz301275,汉朔科技,42.74,0.2,0.47,42.74,42.75,42.54,42.54,43.98,42.31,6541653.0,281712342.0,16:29:45,2026-07-30
sz301276,嘉曼服饰,17.6,-0.41,-2.277,17.6,17.61,18.01,18.0,18.23,17.36,2206940.0,39246934.0,16:29:00,2026-07-30
sz301277,新天地,9.5,-0.3,-3.061,9.49,9.5,9.8,9.75,9.98,9.47,4971062.0,48147439.0,16:29:15,2026-07-30
sz301278,快可电子,26.05,0.35,1.362,26.03,26.05,25.7,25.65,26.3,25.5,1717027.0,44654262.0,16:29:30,2026-07-30
sz301279,金道科技,15.96,-0.67,-4.029,15.96,15.97,16.63,16.51,16.69,15.91,2180944.0,35511826.0,16:29:45,2026-07-30
sz301280,珠城科技,35.06,-2.64,-7.003,35.06,35.09,37.7,36.7,38.07,34.94,2735298.0,99095295.0,16:29:00,2026-07-30
sz301281,科源制药,31.04,-1.51,-4.639,31.04,31.05,32.55,32.0,33.36,30.88,3493131.0,111481107.0,16:29:15,2026-07-30
sz301282,金禄电子,20.84,-1.64,-7.295,20.84,20.86,22.48,22.01,22.3,20.61,8155092.0,173505084.0,16:29:30,2026-07-30
sz301283,聚胶股份,24.35,-0.17,-0.693,24.31,24.35,24.52,24.32,24.81,24.05,1374195.0,33629050.0,16:29:45,2026-07-30
sz301285,鸿日达,60.9,-7.47,-10.926,60.9,60.91,68.37,67.78,68.95,60.13,3640948.0,229711545.0,16:29:00,2026-07-30
sz301286,侨源股份,34.74,-2.18,-5.905,34.74,34.75,36.92,36.56,37.7,34.27,1813100.0,64016134.0,16:29:15,2026-07-30
sz301287,康力源,32.26,-0.18,-0.555,32.26,32.27,32.44,32.44,33.36,31.88,552700.0,18022180.0,16:29:30,2026-07-30
sz301288,清研环境,14.6,-0.37,-2.472,14.6,14.64,14.97,14.97,15.3,14.4,1302465.0,19491508.0,16:29:45,2026-07-30
sz301289,国缆检测,41.12,-0.68,-1.627,41.12,41.16,41.8,41.6,42.18,41.08,567600.0,23629012.0,16:29:00,2026-07-30
sz301290,东星医疗,24.52,-1.07,-4.181,24.51,24.52,25.59,25.58,25.67,24.12,2719000.0,67553430.0,16:29:15,2026-07-30
sz301291,明阳电气,37.83,-1.15,-2.95,37.82,37.83,38.98,38.68,39.1,37.8,6766952.0,260090476.0,16:29:30,2026-07-30
sz301292,海科新源,66.88,-1.12,-1.647,66.88,66.89,68.0,66.01,68.86,64.6,16464469.0,1097324642.0,16:29:45,2026-07-30
sz301293,三博脑科,52.93,-1.63,-2.988,52.93,52.94,54.56,53.5,55.5,52.61,14774768.0,794390416.0,16:29:00,2026-07-30
sz301295,美硕科技,35.29,-3.87,-9.883,35.06,35.29,39.16,39.99,39.99,34.34,3820237.0,139690709.0,16:29:15,2026-07-30
sz301296,新巨丰,6.15,-0.04,-0.646,6.15,6.16,6.19,6.19,6.27,6.11,3877700.0,24033239.0,16:29:30,2026-07-30
sz301297,富乐德,28.58,-1.59,-5.27,28.57,28.58,30.17,29.78,30.2,28.14,18597499.0,542004181.0,16:29:45,2026-07-30
sz301298,东利机械,11.31,0.0,0.0,11.3,11.31,11.31,11.36,11.53,11.05,1822300.0,20625530.0,16:29:00,2026-07-30
sz301299,卓创资讯,41.41,0.2,0.485,41.4,41.41,41.21,41.21,42.5,41.01,1113300.0,46573058.0,16:29:15,2026-07-30
sz301300,远翔新材,27.78,-0.33,-1.174,27.63,27.78,28.11,28.11,28.65,27.4,738406.0,20695767.0,16:29:30,2026-07-30
sz301301,川宁生物,8.66,0.08,0.932,8.65,8.66,8.58,8.56,8.75,8.55,11133538.0,96315452.0,16:29:45,2026-07-30
sz301302,华如科技,20.12,-0.76,-3.64,20.12,20.13,20.88,20.64,21.02,19.91,4819497.0,98459895.0,16:29:00,2026-07-30
sz301303,真兰仪表,13.01,-0.48,-3.558,13.01,13.02,13.49,13.4,13.48,12.97,3631521.0,47838599.0,16:29:15,2026-07-30
sz301305,朗坤科技,21.05,0.37,1.789,21.03,21.05,20.68,20.7,21.55,20.5,7453694.0,157845976.0,16:29:30,2026-07-30
sz301306,西测测试,76.06,-5.44,-6.675,76.06,76.26,81.5,81.51,82.5,75.88,2888729.0,226470008.0,16:29:45,2026-07-30
sz301307,美利信,43.4,-6.31,-12.694,43.4,43.42,49.71,49.33,49.66,43.4,11857419.0,539798010.0,16:29:00,2026-07-30
sz301308,江波龙,338.78,9.15,2.776,338.78,338.79,329.63,325.02,350.6,312.9,26830228.0,8974825160.0,16:29:15,2026-07-30
sz301309,万得凯,28.57,-0.29,-1.005,28.56,28.57,28.86,29.0,29.48,28.22,1135300.0,32845194.0,16:29:30,2026-07-30
sz301310,鑫宏业,53.64,-4.86,-8.308,53.61,53.64,58.5,58.5,58.5,52.95,7042188.0,388678791.0,16:29:45,2026-07-30
sz301311,昆船智能,13.28,-0.12,-0.896,13.27,13.28,13.4,13.27,13.7,13.25,3005800.0,40311170.0,16:29:00,2026-07-30
sz301312,智立方,52.51,-6.5,-11.015,52.5,52.51,59.01,58.55,58.87,51.71,5120097.0,278454361.0,16:29:15,2026-07-30
sz301313,凡拓数创,28.76,-1.92,-6.258,28.76,28.77,30.68,30.64,31.03,28.5,6431100.0,189957308.0,16:29:30,2026-07-30
sz301314,科瑞思,34.21,-1.57,-4.388,34.21,34.42,35.78,35.6,36.16,33.81,868300.0,30241922.0,16:29:45,2026-07-30
sz301315,威士顿,35.65,-0.08,-0.224,35.64,35.65,35.73,35.6,36.8,35.16,1417113.0,51173992.0,16:29:00,2026-07-30
sz301316,慧博云通,33.12,-1.74,-4.991,33.12,33.13,34.86,34.49,35.2,32.76,10913641.0,368667845.0,16:29:15,2026-07-30
sz301317,鑫磊股份,37.99,-4.7,-11.01,37.98,37.99,42.69,42.69,42.89,37.7,4707740.0,186198762.0,16:29:30,2026-07-30
sz301318,维海德,18.71,-0.45,-2.349,18.7,18.71,19.16,19.15,19.43,18.58,1240400.0,23578472.0,16:29:45,2026-07-30
sz301319,唯特偶,79.43,-9.12,-10.299,79.41,79.43,88.55,88.01,88.9,76.88,10752867.0,880667994.0,16:29:00,2026-07-30
sz301320,豪江智能,11.75,-0.18,-1.509,11.75,11.78,11.93,11.9,12.1,11.62,2073700.0,24609397.0,16:29:15,2026-07-30
sz301321,翰博高新,29.17,-3.03,-9.41,29.17,29.18,32.2,31.25,32.61,28.44,8757403.0,262805766.0,16:29:30,2026-07-30
sz301322,绿通科技,29.2,-2.89,-9.006,29.18,29.2,32.09,31.78,32.08,28.73,4124390.0,123584198.0,16:29:45,2026-07-30
sz301323,新莱福,68.16,-2.64,-3.729,68.16,68.18,70.8,70.07,71.74,65.8,2031200.0,139585203.0,16:29:00,2026-07-30
sz301325,曼恩斯特,28.81,-0.25,-0.86,28.81,28.85,29.06,29.09,29.47,28.64,1687000.0,48975785.0,16:29:15,2026-07-30
sz301326,捷邦科技,73.0,-6.11,-7.723,72.94,73.0,79.11,78.47,79.12,71.56,2064637.0,154803966.0,16:29:30,2026-07-30
sz301327,华宝新能,44.76,-0.26,-0.578,44.76,44.82,45.02,44.78,45.85,44.7,1257038.0,56878588.0,16:29:45,2026-07-30
sz301328,维峰电子,43.78,-6.82,-13.478,43.78,43.8,50.6,50.2,50.2,43.3,4568399.0,207855671.0,16:29:00,2026-07-30
sz301329,信音电子,17.69,-0.35,-1.94,17.65,17.69,18.04,17.85,18.12,17.49,3469700.0,61702325.0,16:29:15,2026-07-30
sz301330,熵基科技,22.5,-0.04,-0.177,22.5,22.51,22.54,22.25,22.9,22.11,2797028.0,63215551.0,16:29:30,2026-07-30
sz301331,恩威医药,19.35,-0.81,-4.018,19.35,19.36,20.16,19.87,20.15,19.11,3128417.0,61400779.0,16:29:45,2026-07-30
sz301332,德尔玛,7.82,0.02,0.256,7.82,7.84,7.8,7.72,7.89,7.71,2030461.0,15896134.0,16:29:00,2026-07-30
sz301333,诺思格,45.67,-2.67,-5.523,45.67,45.7,48.34,47.89,48.39,45.5,2647534.0,122884505.0,16:29:15,2026-07-30
sz301335,天元宠物,21.11,0.56,2.725,21.1,21.11,20.55,20.56,21.66,20.36,3412734.0,72487845.0,16:29:30,2026-07-30
sz301336,趣睡科技,36.6,-0.61,-1.639,36.37,36.6,37.21,37.68,38.29,36.12,1250910.0,46512232.0,16:29:45,2026-07-30
sz301337,亚华电子,21.83,-0.63,-2.805,21.82,21.83,22.46,22.35,22.64,21.64,1721424.0,38040467.0,16:29:00,2026-07-30
sz301338,凯格精机,74.29,-9.88,-11.738,74.29,74.3,84.17,83.99,85.1,72.91,7083242.0,543872665.0,16:29:15,2026-07-30
sz301339,通行宝,11.05,0.15,1.376,11.04,11.05,10.9,10.88,11.15,10.86,6642631.0,73421812.0,16:29:30,2026-07-30
sz301345,涛涛车业,226.3,-16.0,-6.603,226.3,226.31,242.3,238.0,241.58,215.0,1875349.0,424389593.0,16:29:45,2026-07-30
sz301348,蓝箭电子,17.37,-0.78,-4.298,17.37,17.38,18.15,17.91,18.1,17.21,9473370.0,167300793.0,16:29:00,2026-07-30
sz301349,信德新材,35.52,-2.98,-7.74,35.52,35.58,38.5,37.89,40.88,35.5,5432896.0,203103036.0,16:29:15,2026-07-30
sz301353,普莱得,15.66,-0.26,-1.633,15.65,15.66,15.92,15.81,16.17,15.54,1329645.0,21106629.0,16:29:30,2026-07-30
sz301355,南王科技,9.18,-0.08,-0.864,9.18,9.2,9.26,9.22,9.47,9.11,3250800.0,30255127.0,16:29:45,2026-07-30
sz301356,天振股份,16.37,-1.33,-7.514,16.36,16.37,17.7,17.75,18.89,16.16,4645106.0,79768422.0,16:29:00,2026-07-30
sz301357,北方长龙,98.3,5.95,6.443,98.29,98.3,92.35,89.0,102.1,88.09,9210287.0,878831570.0,16:29:15,2026-07-30
sz301358,湖南裕能,64.18,-0.42,-0.65,64.17,64.18,64.6,64.3,65.6,63.57,15865547.0,1025238503.0,16:29:30,2026-07-30
sz301359,东南电子,14.86,-0.26,-1.72,14.8,14.86,15.12,15.01,15.22,14.55,1637814.0,24456962.0,16:29:45,2026-07-30
sz301360,荣旗科技,43.49,-2.16,-4.732,43.45,43.49,45.65,45.95,46.97,42.88,3054146.0,136141037.0,16:29:00,2026-07-30
sz301361,众智科技,27.34,-0.7,-2.496,27.33,27.34,28.04,28.06,28.32,27.23,1319500.0,36620514.0,16:29:15,2026-07-30
sz301362,民爆光电,102.42,-8.35,-7.538,102.4,102.5,110.77,111.0,113.01,99.0,4593680.0,482009400.0,16:29:30,2026-07-30
sz301363,美好医疗,15.22,-0.92,-5.7,15.21,15.22,16.14,16.0,16.12,15.19,19222166.0,301002478.0,16:29:45,2026-07-30
sz301365,矩阵股份,32.02,-3.29,-9.317,32.01,32.02,35.31,35.13,35.53,31.86,3054300.0,101293178.0,16:29:00,2026-07-30
sz301366,一博科技,36.61,-1.16,-3.071,36.61,36.62,37.77,37.69,38.76,35.97,6284222.0,234214608.0,16:29:15,2026-07-30
sz301367,瑞迈特,43.78,-0.34,-0.771,43.78,43.79,44.12,43.68,44.99,43.38,2575761.0,113605820.0,16:29:30,2026-07-30
sz301368,丰立智能,37.35,-0.46,-1.217,37.35,37.39,37.81,37.49,38.38,37.05,2092777.0,78978286.0,16:29:45,2026-07-30
sz301369,联动科技,108.2,-14.26,-11.645,108.2,108.21,122.46,121.63,122.46,106.88,3601544.0,408321846.0,16:29:00,2026-07-30
sz301370,国科恒泰,8.59,0.04,0.468,8.58,8.59,8.55,8.52,8.72,8.49,3443900.0,29673603.0,16:29:15,2026-07-30
sz301371,敷尔佳,25.52,0.04,0.157,25.52,25.54,25.48,25.4,26.16,25.16,2475471.0,63494243.0,16:29:30,2026-07-30
sz301372,科净源,25.73,-1.75,-6.368,25.71,25.73,27.48,27.75,27.97,25.5,1510500.0,40062592.0,16:29:45,2026-07-30
sz301373,凌玮科技,70.64,-8.38,-10.605,70.61,70.66,79.02,79.85,80.02,69.31,5417165.0,395308500.0,16:29:00,2026-07-30
sz301376,致欧科技,18.4,-1.1,-5.641,18.4,18.43,19.5,19.47,19.47,18.19,4079452.0,76159251.0,16:29:15,2026-07-30
sz301377,鼎泰高科,333.0,-28.28,-7.828,333.0,333.79,361.28,357.45,364.89,323.59,4929506.0,1689451943.0,16:29:30,2026-07-30
sz301378,通达海,23.64,0.68,2.962,23.61,23.64,22.96,22.88,25.35,22.38,6029635.0,145474148.0,16:29:45,2026-07-30
sz301379,天山电子,18.18,-1.76,-8.826,18.17,18.18,19.94,19.6,20.13,17.81,23349638.0,438136081.0,16:29:00,2026-07-30
sz301380,挖金客,29.2,-0.88,-2.926,28.9,29.2,30.08,30.34,30.78,28.5,2505640.0,74289569.0,16:29:15,2026-07-30
sz301381,赛维时代,22.61,-0.66,-2.836,22.6,22.61,23.27,23.3,24.59,22.56,23433241.0,549115315.0,16:29:30,2026-07-30
sz301382,蜂助手,31.55,-2.89,-8.391,31.55,31.56,34.44,33.87,34.44,31.34,11414018.0,372585556.0,16:29:45,2026-07-30
sz301383,天键股份,20.45,-0.6,-2.85,20.44,20.45,21.05,20.8,21.35,20.39,1705099.0,35586149.0,16:29:00,2026-07-30
sz301386,未来电器,18.75,-0.32,-1.678,18.74,18.75,19.07,19.05,19.26,18.66,1173900.0,22228705.0,16:29:15,2026-07-30
sz301387,光大同创,45.99,-3.36,-6.809,45.99,46.0,49.35,49.09,49.5,44.65,2831912.0,131998315.0,16:29:30,2026-07-30
sz301388,欣灵电气,21.3,-0.56,-2.562,21.23,21.3,21.86,21.74,22.07,21.16,1205600.0,26071176.0,16:29:45,2026-07-30
sz301389,隆扬电子,41.78,-3.78,-8.297,41.78,41.81,45.56,45.83,45.83,41.12,7215078.0,309356382.0,16:29:00,2026-07-30
sz301390,经纬股份,28.34,0.08,0.283,28.29,28.34,28.26,28.7,29.74,28.11,1456500.0,42139795.0,16:29:15,2026-07-30
sz301391,卡莱特,43.13,-1.46,-3.274,43.13,43.17,44.59,44.43,44.87,42.88,1485600.0,65030117.0,16:29:30,2026-07-30
sz301392,汇成真空,118.3,-18.2,-13.333,118.3,118.39,136.5,135.24,138.66,117.0,6510112.0,811191569.0,16:29:45,2026-07-30
sz301393,昊帆生物,51.3,-5.45,-9.604,51.3,51.31,56.75,56.73,56.73,51.1,3318375.0,176967704.0,16:29:00,2026-07-30
sz301395,仁信新材,8.73,-0.2,-2.24,8.73,8.75,8.93,8.87,9.24,8.65,3541548.0,31656764.0,16:29:15,2026-07-30
sz301396,宏景科技,130.13,-18.87,-12.664,130.12,130.13,149.0,147.67,149.0,127.26,16302076.0,2205856247.0,16:29:30,2026-07-30
sz301397,溯联股份,24.33,-1.52,-5.88,24.33,24.35,25.85,25.63,25.8,24.25,3702708.0,92015269.0,16:29:45,2026-07-30
sz301398,星源卓镁,31.63,-0.81,-2.497,31.63,31.71,32.44,31.91,33.1,31.45,1453255.0,46704263.0,16:29:00,2026-07-30
sz301399,英特科技,14.5,-0.51,-3.398,14.5,14.52,15.01,14.94,15.12,14.46,1478151.0,21798788.0,16:29:15,2026-07-30
sz301408,华人健康,13.36,-0.29,-2.125,13.36,13.37,13.65,13.57,14.05,13.31,12613303.0,171826336.0,16:29:30,2026-07-30
sz301413,安培龙,52.55,-3.03,-5.452,52.55,52.58,55.58,55.0,55.64,51.71,3701659.0,198220691.0,16:29:45,2026-07-30
sz301418,协昌科技,32.64,-0.62,-1.864,32.63,32.64,33.26,33.13,33.59,32.36,1985600.0,65384848.0,16:29:00,2026-07-30
sz301419,阿莱德,25.5,-1.67,-6.146,25.49,25.5,27.17,27.08,27.15,25.2,3307151.0,86049418.0,16:29:15,2026-07-30
sz301421,波长光电,66.68,-8.62,-11.448,66.67,66.68,75.3,70.41,75.27,66.61,12075102.0,855499705.0,16:29:30,2026-07-30
sz301428,世纪恒通,26.09,-0.55,-2.065,26.09,26.1,26.64,26.55,27.08,25.82,3075925.0,81229059.0,16:29:45,2026-07-30
sz301429,森泰股份,15.5,-0.05,-0.322,15.48,15.5,15.55,15.4,15.94,15.19,1446200.0,22623282.0,16:29:00,2026-07-30
sz301439,泓淋电力,14.55,-0.2,-1.356,14.54,14.55,14.75,14.51,14.9,14.49,12719633.0,186674433.0,16:29:15,2026-07-30
sz301446,福事特,32.95,-0.99,-2.917,32.92,32.95,33.94,33.73,34.41,32.8,1052342.0,35345815.0,16:29:30,2026-07-30
sz301448,开创电气,37.83,-1.97,-4.95,37.7,37.83,39.8,39.59,40.5,37.5,1727080.0,66796921.0,16:29:45,2026-07-30
sz301449,天溯计量,39.08,6.51,19.988,39.08,0.0,32.57,32.1,39.08,32.1,4907909.0,180993302.0,16:29:00,2026-07-30
sz301456,盘古智能,21.43,-0.31,-1.426,21.43,21.46,21.74,21.86,22.1,21.3,1164895.0,25243142.0,16:29:15,2026-07-30
sz301458,钧崴电子,32.29,-2.02,-5.887,32.26,32.29,34.31,34.15,34.72,32.04,6640171.0,220007202.0,16:29:30,2026-07-30
sz301459,丰茂股份,30.6,-0.17,-0.552,30.6,30.64,30.77,30.45,31.0,29.99,701930.0,21408353.0,16:29:45,2026-07-30
sz301468,博盈特焊,26.56,-1.36,-4.871,26.56,26.58,27.92,27.89,28.11,26.3,5147159.0,139200409.0,16:29:00,2026-07-30
sz301469,恒达新材,24.42,-0.32,-1.293,24.42,24.47,24.74,24.77,25.31,24.21,1396300.0,34547591.0,16:29:15,2026-07-30
sz301479,弘景光电,43.32,-2.19,-4.812,43.32,43.43,45.51,45.11,45.55,42.8,1714208.0,75293730.0,16:29:30,2026-07-30
sz301486,致尚科技,117.75,-14.48,-10.951,117.74,117.75,132.23,130.99,132.8,115.5,5956680.0,724638724.0,16:29:45,2026-07-30
sz301487,盟固利,15.95,-0.15,-0.932,15.94,15.95,16.1,16.0,16.21,15.82,12296237.0,196732018.0,16:29:00,2026-07-30
sz301488,豪恩汽电,94.11,-3.27,-3.358,94.11,94.2,97.38,96.7,101.0,93.59,1328317.0,127968619.0,16:29:15,2026-07-30
sz301489,思泉新材,86.02,-9.28,-9.738,86.02,86.07,95.3,94.95,96.88,83.96,7059566.0,626947397.0,16:29:30,2026-07-30
sz301491,汉桑科技,38.4,0.56,1.48,38.39,38.4,37.84,37.76,38.77,37.55,881719.0,33761318.0,16:29:45,2026-07-30
sz301498,乖宝宠物,43.75,2.55,6.189,43.74,43.75,41.2,40.98,45.6,40.9,14990577.0,658173776.0,16:29:00,2026-07-30
sz301499,维科精密,21.51,-1.05,-4.654,21.51,21.52,22.56,22.49,22.65,21.4,2584880.0,56800850.0,16:29:15,2026-07-30
sz301500,飞南资源,20.54,-0.46,-2.19,20.54,20.55,21.0,21.07,21.45,20.51,8918214.0,187136561.0,16:29:30,2026-07-30
sz301501,恒鑫生活,27.69,-0.21,-0.753,27.69,27.81,27.9,27.91,28.25,27.6,1507650.0,42172762.0,16:29:45,2026-07-30
sz301502,华阳智能,44.34,-3.29,-6.907,44.33,44.34,47.63,47.83,48.44,43.79,1083952.0,49770459.0,16:29:00,2026-07-30
sz301503,智迪科技,20.13,-0.11,-0.543,20.13,20.24,20.24,20.24,20.47,19.67,901070.0,18222465.0,16:29:15,2026-07-30
sz301505,苏州规划,14.74,-0.19,-1.273,14.71,14.74,14.93,15.01,15.15,14.55,2657951.0,39592287.0,16:29:30,2026-07-30
sz301507,民生健康,11.91,-0.09,-0.75,11.91,11.92,12.0,11.95,12.18,11.86,2662184.0,32005379.0,16:29:45,2026-07-30
sz301508,中机认检,23.3,0.11,0.474,23.29,23.3,23.19,23.05,23.61,23.05,1335241.0,31208450.0,16:29:00,2026-07-30
sz301509,金凯生科,26.19,-1.13,-4.136,26.19,26.2,27.32,27.3,27.58,26.12,2698912.0,72231381.0,16:29:15,2026-07-30
sz301510,固高科技,24.19,-0.66,-2.656,24.19,24.2,24.85,24.66,24.85,23.87,7454000.0,181449677.0,16:29:30,2026-07-30
sz301511,德福科技,63.92,-6.4,-9.101,63.92,63.93,70.32,70.01,70.18,62.4,28161233.0,1844483739.0,16:29:45,2026-07-30
sz301512,智信精密,26.66,-1.07,-3.859,26.66,26.68,27.73,27.44,28.66,26.4,1992390.0,54732395.0,16:29:00,2026-07-30
sz301513,尚水智能,46.7,-0.63,-1.331,46.7,46.71,47.33,46.94,48.1,46.22,1239838.0,58388290.0,16:29:15,2026-07-30
sz301515,港通医疗,16.97,0.0,0.0,16.93,16.97,16.97,16.88,17.33,16.55,1626000.0,27633390.0,16:29:30,2026-07-30
sz301516,中远通,14.43,-1.33,-8.439,14.43,14.44,15.76,15.75,15.75,14.42,8013105.0,119709756.0,16:29:45,2026-07-30
sz301517,陕西华达,34.7,-2.15,-5.834,34.69,34.7,36.85,36.5,36.9,34.45,3169460.0,112182527.0,16:29:00,2026-07-30
sz301518,长华化学,23.15,0.02,0.086,23.13,23.15,23.13,23.08,23.78,22.8,1994600.0,46466861.0,16:29:15,2026-07-30
sz301519,舜禹股份,10.73,0.07,0.657,10.73,10.77,10.66,10.61,10.92,10.5,2617000.0,28119995.0,16:29:30,2026-07-30
sz301520,万邦医药,44.96,-6.84,-13.205,44.95,44.96,51.8,50.0,54.9,44.85,15416176.0,763570110.0,16:29:45,2026-07-30
sz301522,上大股份,22.8,0.05,0.22,22.79,22.8,22.75,22.66,23.03,22.48,4161500.0,94915307.0,16:29:00,2026-07-30
sz301525,儒竞科技,37.48,0.17,0.456,37.48,37.49,37.31,37.1,38.71,36.7,1963753.0,74248455.0,16:29:15,2026-07-30
sz301526,国际复材,32.93,2.73,9.04,32.93,32.94,30.2,29.88,35.47,29.68,364986085.0,11517902787.0,16:29:30,2026-07-30
sz301528,多浦乐,40.52,-3.78,-8.533,40.52,40.53,44.3,44.2,45.5,40.0,2724298.0,114156362.0,16:29:45,2026-07-30
sz301529,福赛科技,68.81,-7.19,-9.461,68.8,68.81,76.0,75.99,75.99,66.01,3468240.0,243716453.0,16:29:00,2026-07-30
sz301531,春光集团,44.92,-2.98,-6.221,44.92,44.93,47.9,47.32,47.93,43.96,3975200.0,181433965.0,16:29:15,2026-07-30
sz301533,威马农机,24.62,0.12,0.49,24.62,24.63,24.5,24.3,24.94,24.21,935457.0,22993472.0,16:29:30,2026-07-30
sz301535,浙江华远,17.32,0.29,1.703,17.32,17.33,17.03,17.03,17.67,16.51,8081739.0,139151070.0,16:29:45,2026-07-30
sz301536,星宸科技,104.0,-21.83,-17.349,104.0,104.1,125.83,123.53,125.72,100.9,33956704.0,3736709261.0,16:29:00,2026-07-30
sz301538,骏鼎达,34.53,-1.27,-3.547,34.53,34.54,35.8,35.49,35.78,34.33,1884760.0,65968206.0,16:29:15,2026-07-30
sz301539,宏鑫科技,13.54,0.01,0.074,13.53,13.54,13.53,13.53,13.88,13.42,1451700.0,19878516.0,16:29:30,2026-07-30
sz301548,崇德科技,54.99,-4.75,-7.951,54.98,54.99,59.74,59.74,60.08,54.71,2509449.0,141554654.0,16:29:45,2026-07-30
sz301550,斯菱智驱,63.52,-4.93,-7.202,63.51,63.52,68.45,68.33,68.92,62.8,6335976.0,412239112.0,16:29:00,2026-07-30
sz301551,无线传媒,20.82,0.18,0.872,20.81,20.82,20.64,20.6,21.04,20.45,6920107.0,144310058.0,16:29:15,2026-07-30
sz301552,科力装备,23.08,-0.58,-2.451,23.08,23.09,23.66,23.01,23.37,22.62,2495332.0,57340532.0,16:29:30,2026-07-30
sz301555,惠柏新材,27.11,-1.25,-4.408,27.1,27.11,28.36,27.98,28.42,26.85,2365260.0,64989016.0,16:29:45,2026-07-30
sz301556,托普云农,55.32,0.12,0.217,55.31,55.32,55.2,55.11,57.03,54.8,1502100.0,84108210.0,16:29:00,2026-07-30
sz301557,常友科技,63.12,-6.88,-9.829,63.1,63.12,70.0,69.99,70.35,63.0,930980.0,61184983.0,16:29:15,2026-07-30
sz301558,三态股份,6.38,-0.02,-0.313,6.37,6.38,6.4,6.36,6.54,6.33,7239600.0,46576792.0,16:29:30,2026-07-30
sz301559,中集环科,12.96,-0.02,-0.154,12.96,12.98,12.98,12.95,13.19,12.85,2630252.0,34325804.0,16:29:45,2026-07-30
sz301560,众捷汽车,21.72,-0.68,-3.036,21.72,21.73,22.4,22.15,22.8,21.63,1337523.0,29666860.0,16:29:00,2026-07-30
sz301563,云汉芯城,107.8,-6.1,-5.356,107.8,107.82,113.9,112.8,114.1,105.9,1631460.0,178805756.0,16:29:15,2026-07-30
sz301565,中仑新材,19.48,0.04,0.206,19.48,19.5,19.44,19.22,19.69,19.22,4661202.0,90834168.0,16:29:30,2026-07-30
sz301566,达利凯普,21.53,-0.77,-3.453,21.53,21.54,22.3,22.56,23.3,20.8,29175670.0,640314047.0,16:29:45,2026-07-30
sz301567,贝隆精密,30.53,-1.05,-3.325,30.52,30.67,31.58,31.58,32.01,30.4,999713.0,31158287.0,16:29:00,2026-07-30
sz301568,思泰克,55.23,-5.99,-9.784,55.23,55.25,61.22,61.08,61.48,54.88,3737200.0,214049868.0,16:29:15,2026-07-30
sz301571,国科天成,54.25,-8.58,-13.656,54.21,54.25,62.83,60.96,61.96,54.01,7205652.0,411917305.0,16:29:30,2026-07-30
sz301575,艾芬达,26.21,-0.08,-0.304,26.21,26.25,26.29,26.4,26.95,26.13,1102815.0,29264831.0,16:29:45,2026-07-30
sz301577,美信科技,46.01,-3.29,-6.673,45.96,46.01,49.3,49.85,49.85,45.55,1552800.0,72898245.0,16:29:00,2026-07-30
sz301578,辰奕智能,21.77,-0.32,-1.449,21.77,21.79,22.09,21.77,22.19,21.66,1528021.0,33409044.0,16:29:15,2026-07-30
sz301580,爱迪特,47.91,-3.47,-6.754,47.91,47.92,51.38,50.92,51.47,46.88,8933284.0,436253604.0,16:29:30,2026-07-30
sz301581,黄山谷捷,33.71,-1.18,-3.382,33.71,33.72,34.89,34.4,34.85,33.19,797400.0,27037803.0,16:29:45,2026-07-30
sz301583,托伦斯,158.07,-35.75,-18.445,158.07,158.1,193.82,190.0,194.0,155.06,17102994.0,3040384349.0,16:29:00,2026-07-30
sz301584,建发致新,20.97,-0.05,-0.238,20.96,20.97,21.02,20.89,21.52,20.77,3300494.0,69707014.0,16:29:15,2026-07-30
sz301585,蓝宇股份,24.82,-0.51,-2.013,24.82,24.87,25.33,25.21,25.3,24.73,659012.0,16492136.0,16:29:30,2026-07-30
sz301586,佳力奇,29.5,-0.21,-0.707,29.43,29.5,29.71,29.44,30.22,29.26,929600.0,27746001.0,16:29:45,2026-07-30
sz301587,中瑞股份,19.6,-0.94,-4.576,19.6,19.61,20.54,20.2,20.49,19.47,4095050.0,81716022.0,16:29:00,2026-07-30
sz301588,美新科技,29.16,-3.92,-11.85,29.11,29.16,33.08,33.2,33.88,29.03,6858593.0,209604861.0,16:29:15,2026-07-30
sz301589,诺瓦星云,133.56,-0.4,-0.299,133.56,133.93,133.96,132.81,134.66,131.06,699077.0,93099667.0,16:29:30,2026-07-30
sz301590,优优绿能,67.1,-3.01,-4.293,67.08,67.1,70.11,70.11,71.0,66.0,1017027.0,69771107.0,16:29:45,2026-07-30
sz301591,肯特股份,24.73,-1.57,-5.97,24.73,24.74,26.3,26.08,26.33,24.6,4147540.0,105205332.0,16:29:00,2026-07-30
sz301592,六九一二,88.02,-5.48,-5.861,88.02,88.03,93.5,93.49,93.98,87.61,1658043.0,149131955.0,16:29:15,2026-07-30
sz301595,太力科技,35.75,-0.76,-2.082,35.75,35.79,36.51,36.07,36.7,35.12,883073.0,31695458.0,16:29:30,2026-07-30
sz301596,瑞迪智驱,38.18,-2.21,-5.472,38.18,38.2,40.39,40.0,40.35,38.08,1956064.0,76156578.0,16:29:45,2026-07-30
sz301598,博科测试,45.36,-0.97,-2.094,45.36,45.39,46.33,46.33,46.6,45.13,465300.0,21349990.0,16:29:00,2026-07-30
sz301599,理奇智能,31.54,-1.46,-4.424,31.53,31.54,33.0,32.97,33.09,31.37,3499027.0,112503912.0,16:29:15,2026-07-30
sz301600,慧翰股份,86.0,-1.89,-2.15,85.88,86.0,87.89,87.89,88.86,85.5,1206404.0,104879463.0,16:29:30,2026-07-30
sz301601,惠通科技,15.22,0.33,2.216,15.21,15.22,14.89,14.99,15.49,14.89,2890246.0,43975414.0,16:29:45,2026-07-30
sz301602,超研股份,14.82,0.07,0.475,14.8,14.82,14.75,14.74,14.98,14.53,2383598.0,35200411.0,16:29:00,2026-07-30
sz301603,乔锋智能,94.1,-7.65,-7.518,93.99,94.1,101.75,100.01,103.5,93.0,2733590.0,264674978.0,16:29:15,2026-07-30
sz301606,绿联科技,51.78,-0.66,-1.259,51.76,51.78,52.44,51.44,53.2,51.03,3288557.0,170985600.0,16:29:30,2026-07-30
sz301607,富特科技,31.01,-3.58,-10.35,31.01,31.03,34.59,34.28,34.68,30.76,14449907.0,466401540.0,16:29:45,2026-07-30
sz301608,博实结,42.53,-0.77,-1.778,42.53,42.56,43.3,43.0,43.46,42.22,1194349.0,51159212.0,16:29:00,2026-07-30
sz301609,山大电力,35.27,-2.69,-7.086,35.26,35.27,37.96,37.4,37.6,34.91,6721457.0,242270596.0,16:29:15,2026-07-30
sz301611,珂玛科技,78.84,-9.24,-10.49,78.83,78.84,88.08,86.75,87.68,78.02,14220188.0,1163277361.0,16:29:30,2026-07-30
sz301613,新铝时代,36.48,-1.19,-3.159,36.48,36.52,37.67,37.42,38.05,36.37,1058900.0,39368128.0,16:29:45,2026-07-30
sz301616,浙江华业,32.75,-0.42,-1.266,32.73,32.75,33.17,32.84,33.55,32.6,574900.0,19041425.0,16:29:00,2026-07-30
sz301617,博苑新材,42.67,-2.48,-5.493,42.66,42.67,45.15,44.01,45.05,42.08,1174285.0,51014754.0,16:29:15,2026-07-30
sz301618,长联科技,30.07,-0.73,-2.37,30.07,30.08,30.8,30.48,30.83,29.6,2017286.0,60869706.0,16:29:30,2026-07-30
sz301622,英思特,40.12,0.1,0.25,40.12,40.16,40.02,39.98,40.75,39.58,1160600.0,46704007.0,16:29:45,2026-07-30
sz301626,苏州天脉,211.3,9.3,4.604,211.3,211.33,202.0,211.0,225.66,208.84,3915276.0,848465900.0,16:29:00,2026-07-30
sz301628,强达电路,71.04,-2.44,-3.321,71.04,71.1,73.48,72.9,73.25,69.81,1448304.0,103534288.0,16:29:15,2026-07-30
sz301629,矽电股份,210.0,-20.15,-8.755,210.0,210.01,230.15,227.22,231.98,209.0,1163957.0,253708163.0,16:29:30,2026-07-30
sz301630,同宇新材,144.7,-7.91,-5.183,144.43,144.7,152.61,151.0,153.26,139.39,1473528.0,214436171.0,16:29:45,2026-07-30
sz301631,壹连科技,55.96,-2.85,-4.846,55.96,55.99,58.81,58.59,58.88,55.5,3446586.0,195761954.0,16:29:00,2026-07-30
sz301632,广东建科,15.98,1.23,8.339,15.97,15.98,14.75,14.78,16.39,14.73,9303389.0,146097859.0,16:29:15,2026-07-30
sz301633,港迪技术,53.59,-1.22,-2.226,53.51,53.59,54.81,54.54,55.16,52.85,1350644.0,72914318.0,16:29:30,2026-07-30
sz301636,泽润新能,36.66,-0.79,-2.109,36.66,36.69,37.45,37.18,38.37,36.35,1191701.0,44497257.0,16:29:45,2026-07-30
sz301638,南网数字,23.12,-0.94,-3.907,23.12,23.13,24.06,23.7,24.17,23.06,14381311.0,338687125.0,16:29:00,2026-07-30
sz301656,联合动力,16.8,0.18,1.083,16.8,16.81,16.62,16.56,17.14,16.55,6405400.0,107877858.0,16:29:15,2026-07-30
sz301658,首航新能,23.78,0.44,1.885,23.78,23.79,23.34,23.38,24.7,23.17,6894784.0,164766265.0,16:29:30,2026-07-30
sz301662,宏工科技,67.3,-2.71,-3.871,67.3,67.45,70.01,70.0,70.46,66.51,3733302.0,254532197.0,16:29:45,2026-07-30
sz301665,泰禾股份,22.41,0.11,0.493,22.4,22.41,22.3,22.21,23.19,22.2,3578914.0,81195060.0,16:29:00,2026-07-30
sz301666,大普微,391.01,-29.48,-7.011,391.01,391.09,420.49,415.0,428.0,383.11,3465057.0,1393951028.0,16:29:15,2026-07-30
sz301667,纳百川,65.82,10.97,20.0,65.82,0.0,54.85,55.22,65.82,54.68,4106089.0,253699353.0,16:29:30,2026-07-30
sz301668,昊创瑞通,37.26,6.21,20.0,37.26,0.0,31.05,31.02,37.26,30.8,5673871.0,200747935.0,16:29:45,2026-07-30
sz301669,高特电子,27.15,-2.78,-9.288,27.14,27.15,29.93,29.52,29.57,27.14,11854021.0,334900493.0,16:29:00,2026-07-30
sz301677,N欣兴,82.4,48.82,145.384,82.4,82.41,33.58,100.0,110.0,81.0,16743775.0,1650201840.0,16:29:15,2026-07-30
sz301678,新恒汇,38.75,-1.89,-4.651,38.75,38.76,40.64,40.2,40.96,38.06,3211188.0,126367749.0,16:29:30,2026-07-30
sz301680,固德电材,89.1,1.2,1.365,89.09,89.1,87.9,87.0,90.45,86.71,1080051.0,96014739.0,16:29:45,2026-07-30
sz301682,宏明电子,125.98,4.18,3.432,125.97,125.98,121.8,120.11,127.88,120.11,3152063.0,392687788.0,16:29:00,2026-07-30
sz301683,慧谷新材,100.33,4.56,4.761,100.33,100.35,95.77,95.77,102.41,95.0,1528920.0,152089928.0,16:29:15,2026-07-30
sz301687,新广益,42.85,-2.33,-5.157,42.84,42.85,45.18,45.12,45.3,42.68,3466973.0,152446002.0,16:29:30,2026-07-30
sz301696,三瑞智能,89.27,-8.15,-8.366,89.2,89.27,97.42,95.58,96.23,88.71,3771643.0,346727391.0,16:29:45,2026-07-30
sz302132,中航成飞,58.74,0.31,0.531,58.73,58.74,58.43,58.01,59.49,58.01,8364085.0,492781656.0,16:29:00,2026-07-30
