代码,名称,最新价,涨跌额,涨跌幅,买入,卖出,昨收,今开,最高,最低,成交量,成交额,时间戳,date
bj920000,安徽凤凰,14.76,0.57,4.017,14.76,14.77,14.19,14.16,15.99,14.16,2394472.0,36274538.0,15:30:00,2026-09-02
bj920001,纬达光电,12.1,0.18,1.51,12.08,12.1,11.92,11.82,12.55,11.7,4714762.0,57796333.0,15:30:00,2026-09-02
bj920002,万达轴承,53.91,1.02,1.929,53.9,53.91,52.89,52.3,55.53,51.95,1565099.0,84944457.0,15:30:00,2026-09-02
bj920003,中诚咨询,16.8,0.57,3.512,16.8,16.82,16.23,16.23,17.49,15.98,1864082.0,31404884.0,15:30:00,2026-09-02
bj920005,鼎佳精密,25.62,0.36,1.425,25.62,25.68,25.26,25.34,26.53,25.04,1395280.0,36287719.0,15:30:00,2026-09-02
bj920006,晟楠科技,22.21,5.12,29.959,22.21,0.0,17.09,17.06,22.21,16.82,12459779.0,259413132.0,15:30:00,2026-09-02
bj920007,酉立智能,34.5,0.74,2.192,34.48,34.5,33.76,33.76,35.76,33.53,445840.0,15568730.0,15:30:00,2026-09-02
bj920008,成电光信,22.33,1.83,8.927,22.32,22.33,20.5,20.42,23.67,20.23,4738898.0,105428949.0,15:30:00,2026-09-02
bj920009,丹娜生物,37.25,0.76,2.083,37.22,37.25,36.49,36.49,38.6,35.93,765180.0,28843437.0,15:30:00,2026-09-02
bj920010,凯添燃气,9.94,0.38,3.975,9.93,9.94,9.56,10.4,10.4,9.7,15955274.0,159835812.0,15:30:00,2026-09-02
bj920011,晨光电机,19.0,0.48,2.592,19.0,19.01,18.52,18.4,19.43,18.37,1849812.0,35327260.0,15:30:00,2026-09-02
bj920012,创达新材,54.45,3.03,5.893,54.44,54.45,51.42,50.63,55.38,50.42,1759067.0,94216254.0,15:30:00,2026-09-02
bj920014,特瑞斯,9.19,0.26,2.912,9.19,9.2,8.93,9.36,9.61,9.08,4741284.0,44051990.0,15:30:00,2026-09-02
bj920015,锦华新材,39.22,1.11,2.913,39.22,39.23,38.11,37.64,40.79,37.4,2398853.0,94748441.0,15:30:00,2026-09-02
bj920016,中草香料,14.42,0.16,1.122,14.42,14.43,14.26,14.1,15.1,14.0,2725393.0,39805351.0,15:30:00,2026-09-02
bj920017,星昊医药,16.94,0.14,0.833,16.92,16.94,16.8,16.8,17.37,16.72,3878396.0,66437371.0,15:30:00,2026-09-02
bj920018,宏远股份,16.35,0.83,5.348,16.34,16.35,15.52,15.57,16.61,15.49,3494078.0,56552900.0,15:30:00,2026-09-02
bj920019,铜冠矿建,15.61,0.33,2.16,15.61,15.62,15.28,15.15,15.88,15.05,4282344.0,66838045.0,15:30:00,2026-09-02
bj920020,泰凯英,15.2,0.28,1.877,15.17,15.2,14.92,14.81,15.49,14.76,1249203.0,19057725.0,15:30:00,2026-09-02
bj920021,流金科技,9.17,-0.18,-1.925,9.17,9.18,9.35,8.89,9.99,8.88,73054854.0,685647083.0,15:30:00,2026-09-02
bj920022,世昌股份,20.09,0.5,2.552,20.08,20.09,19.59,19.72,20.55,19.13,590490.0,11896542.0,15:30:00,2026-09-02
bj920023,*ST田野,1.61,0.03,1.899,1.6,1.61,1.58,1.58,1.63,1.56,5987257.0,9617785.0,15:30:00,2026-09-02
bj920026,卓兆点胶,21.73,0.01,0.046,21.72,21.73,21.72,21.89,22.9,21.47,4568107.0,101962334.0,15:30:00,2026-09-02
bj920027,交大铁发,12.17,0.1,0.829,12.17,12.2,12.07,12.06,12.58,12.0,2260957.0,27891458.0,15:30:00,2026-09-02
bj920028,新恒泰,15.39,0.59,3.986,15.39,15.42,14.8,14.81,16.28,14.79,4416166.0,68343866.0,15:30:00,2026-09-02
bj920029,开发科技,34.0,0.48,1.432,33.99,34.0,33.52,33.42,34.75,33.26,1679696.0,57655965.0,15:30:00,2026-09-02
bj920030,德众汽车,4.93,0.02,0.407,4.92,4.93,4.91,4.9,5.11,4.82,3916598.0,19625877.0,15:30:00,2026-09-02
bj920033,康普化学,14.78,0.21,1.441,14.75,14.78,14.57,14.57,15.08,14.44,1841768.0,27368244.0,15:30:00,2026-09-02
bj920035,精创电气,26.0,0.62,2.443,26.0,26.04,25.38,25.0,27.16,24.84,2025812.0,53400121.0,15:30:00,2026-09-02
bj920036,觅睿科技,33.6,1.4,4.348,33.57,33.6,32.2,31.83,34.8,31.1,2317544.0,77672219.0,15:30:00,2026-09-02
bj920037,广信科技,41.84,1.27,3.13,41.83,41.84,40.57,40.2,42.45,40.16,1391271.0,58077963.0,15:30:00,2026-09-02
bj920038,森合高科,37.38,1.41,3.92,37.37,37.38,35.97,35.33,37.77,35.25,3713516.0,137208520.0,15:30:00,2026-09-02
bj920039,国义招标,8.85,0.45,5.357,8.84,8.85,8.4,8.45,9.18,8.32,6528858.0,58006715.0,15:30:00,2026-09-02
bj920045,蘅东光,470.01,3.1,0.664,470.01,470.8,466.91,450.93,488.8,444.01,1635557.0,765058063.0,15:30:00,2026-09-02
bj920046,亿能电力,21.13,0.9,4.449,21.12,21.13,20.23,20.5,21.49,20.15,5889243.0,123638779.0,15:30:00,2026-09-02
bj920047,诺思兰德,16.76,0.28,1.699,16.76,16.78,16.48,16.4,17.27,16.35,4951120.0,83664778.0,15:30:00,2026-09-02
bj920050,爱伦医疗,29.8,0.31,1.051,29.8,29.9,29.49,29.58,30.8,29.33,670803.0,20293056.0,15:30:00,2026-09-02
bj920055,隆源股份,27.82,0.58,2.129,27.82,27.83,27.24,27.24,28.46,26.99,968917.0,27096268.0,15:30:00,2026-09-02
bj920056,能之光,15.36,0.37,2.468,15.34,15.36,14.99,15.13,15.88,15.0,1749121.0,27162840.0,15:30:00,2026-09-02
bj920057,百甲科技,5.2,0.04,0.775,5.16,5.2,5.16,5.17,5.35,5.12,3377994.0,17746156.0,15:30:00,2026-09-02
bj920058,华洋赛车,30.29,1.09,3.733,30.2,30.29,29.2,28.91,30.5,28.7,610233.0,18311072.0,15:30:00,2026-09-02
bj920059,双英集团,14.53,0.43,3.05,14.53,14.54,14.1,14.05,14.99,13.95,7951457.0,115845979.0,15:30:00,2026-09-02
bj920060,万源通,22.56,0.68,3.108,22.56,22.57,21.88,21.67,23.08,21.58,3283014.0,74103079.0,15:30:00,2026-09-02
bj920061,西磁科技,19.17,0.59,3.175,19.16,19.17,18.58,18.35,19.46,18.16,2371160.0,45183652.0,15:30:00,2026-09-02
bj920062,科润智控,7.62,0.13,1.736,7.62,7.65,7.49,7.43,7.83,7.42,4581124.0,35225810.0,15:30:00,2026-09-02
bj920065,千岸科技,36.68,1.73,4.95,36.68,36.7,34.95,34.45,38.36,34.34,5429135.0,199065478.0,15:30:00,2026-09-02
bj920066,科拜尔,18.82,-0.05,-0.265,18.78,18.82,18.87,19.0,19.58,18.51,1428438.0,27341648.0,15:30:00,2026-09-02
bj920068,天工股份,17.52,0.72,4.286,17.5,17.52,16.8,16.7,17.83,16.59,3918850.0,68145504.0,15:30:00,2026-09-02
bj920069,普昂医疗,34.06,0.39,1.158,34.06,34.07,33.67,33.35,34.88,33.32,951731.0,32617826.0,15:30:00,2026-09-02
bj920072,科莱瑞迪,26.15,1.07,4.266,26.11,26.15,25.08,25.08,27.05,24.85,2286533.0,59861737.0,15:30:00,2026-09-02
bj920075,柏星龙,17.18,0.49,2.936,17.17,17.18,16.69,16.19,18.16,16.19,3913192.0,67413156.0,15:30:00,2026-09-02
bj920076,国亮新材,13.5,0.33,2.506,13.48,13.5,13.17,13.14,13.65,13.04,2770754.0,37342679.0,15:30:00,2026-09-02
bj920077,吉林碳谷,14.28,0.39,2.808,14.28,14.29,13.89,13.89,14.49,13.8,6719445.0,95758990.0,15:30:00,2026-09-02
bj920078,族兴新材,21.13,1.63,8.359,21.13,21.14,19.5,19.25,21.5,19.1,5363502.0,111223609.0,15:30:00,2026-09-02
bj920079,乔路铭,14.17,0.29,2.089,14.16,14.17,13.88,13.85,14.49,13.81,10166376.0,145127690.0,15:30:00,2026-09-02
bj920080,奥美森,23.59,1.59,7.227,23.56,23.59,22.0,22.0,25.0,21.82,2834344.0,68370430.0,15:30:00,2026-09-02
bj920081,欧伦电气,45.95,0.98,2.179,45.9,45.95,44.97,44.79,47.32,44.43,1941242.0,89943985.0,15:30:00,2026-09-02
bj920082,方正阀门,8.52,0.21,2.527,8.51,8.52,8.31,8.34,8.75,8.34,3561611.0,30604960.0,15:30:00,2026-09-02
bj920083,金戈新材,38.56,0.87,2.308,38.5,38.56,37.69,36.88,40.57,36.02,5317585.0,206470297.0,15:30:00,2026-09-02
bj920086,科马材料,21.81,0.61,2.877,21.79,21.81,21.2,21.05,22.39,20.98,2212905.0,48386052.0,15:30:00,2026-09-02
bj920087,秋乐种业,19.36,-2.09,-9.744,19.36,19.37,21.45,19.71,20.67,18.65,26319649.0,513723981.0,15:30:00,2026-09-02
bj920088,科力股份,46.4,3.58,8.361,46.39,46.4,42.82,49.22,49.5,46.2,7959044.0,379007728.0,15:30:00,2026-09-02
bj920089,禾昌聚合,10.55,0.33,3.229,10.55,10.59,10.22,10.16,10.94,10.16,4262309.0,45254603.0,15:30:00,2026-09-02
bj920090,*ST同辉,3.55,0.04,1.14,3.54,3.55,3.51,3.5,3.59,3.47,1707664.0,6054622.0,15:30:00,2026-09-02
bj920091,大鹏工业,30.64,1.27,4.324,30.64,30.7,29.37,29.9,31.91,29.39,1723764.0,53418366.0,15:30:00,2026-09-02
bj920092,汉鑫科技,29.99,0.09,0.301,29.98,29.99,29.9,29.0,31.0,28.5,4769200.0,143030920.0,15:30:00,2026-09-02
bj920093,信胜科技,20.65,0.7,3.509,20.65,20.66,19.95,19.8,21.49,19.7,6498402.0,135251477.0,15:30:00,2026-09-02
bj920096,嘉晨智能,35.8,1.95,5.761,35.78,35.8,33.85,33.76,37.86,33.35,2723390.0,97966765.0,15:30:00,2026-09-02
bj920098,科隆新材,21.54,2.74,14.574,21.54,21.55,18.8,19.18,23.55,19.18,6619465.0,139183198.0,15:30:00,2026-09-02
bj920099,瑞华技术,18.58,0.07,0.378,18.54,18.58,18.51,18.86,19.19,18.51,1402365.0,26494298.0,15:30:00,2026-09-02
bj920100,三协电机,31.98,0.23,0.724,31.98,31.99,31.75,31.4,33.5,30.8,2457272.0,79347565.0,15:30:00,2026-09-02
bj920101,志高机械,17.27,0.17,0.994,17.27,17.28,17.1,17.13,17.75,16.97,891933.0,15586208.0,15:30:00,2026-09-02
bj920106,林泰新材,39.48,2.32,6.243,39.47,39.48,37.16,37.54,40.68,36.9,2185641.0,85369489.0,15:30:00,2026-09-02
bj920107,恒兴股份,21.67,0.71,3.387,21.67,21.68,20.96,20.78,22.18,20.73,4275083.0,92644539.0,15:30:00,2026-09-02
bj920108,宏海科技,9.36,0.2,2.183,9.35,9.36,9.16,9.24,9.54,9.11,1574180.0,14782279.0,15:30:00,2026-09-02
bj920110,雷特科技,27.95,1.07,3.981,27.81,27.95,26.88,26.88,29.55,26.6,781856.0,22196529.0,15:30:00,2026-09-02
bj920111,聚星科技,29.97,0.8,2.743,29.97,29.99,29.17,28.98,30.61,28.39,4344274.0,129561878.0,15:30:00,2026-09-02
bj920112,巴兰仕,16.15,0.35,2.215,16.15,16.16,15.8,15.74,16.56,15.7,1209028.0,19607763.0,15:30:00,2026-09-02
bj920116,星图测控,46.98,2.24,5.007,46.97,46.98,44.74,44.36,48.08,44.19,4307004.0,201969537.0,15:30:00,2026-09-02
bj920117,龙鑫智能,29.66,0.75,2.594,29.66,29.67,28.91,28.53,30.78,28.51,4106597.0,122617407.0,15:30:00,2026-09-02
bj920118,太湖远大,21.87,0.54,2.532,21.85,21.87,21.33,21.18,22.33,21.18,1391754.0,30531903.0,15:30:00,2026-09-02
bj920119,美德乐,55.6,-0.07,-0.126,55.5,55.6,55.67,55.66,58.6,55.41,1256306.0,71722168.0,15:30:00,2026-09-02
bj920121,江天科技,29.78,0.93,3.224,29.75,29.78,28.85,28.79,30.19,28.6,665206.0,19739993.0,15:30:00,2026-09-02
bj920122,中纺标,25.76,2.2,9.338,25.76,25.78,23.56,23.56,28.32,23.24,4880167.0,125424204.0,15:30:00,2026-09-02
bj920123,芭薇股份,12.13,0.74,6.497,12.11,12.13,11.39,11.3,12.84,11.28,5194958.0,62842162.0,15:30:00,2026-09-02
bj920124,南特科技,12.69,0.19,1.52,12.69,12.7,12.5,12.47,12.96,12.46,2093296.0,26754098.0,15:30:00,2026-09-02
bj920125,鸿仕达,124.8,5.26,4.4,124.78,124.8,119.54,117.0,129.0,116.01,2524602.0,312366286.0,15:30:00,2026-09-02
bj920126,永大股份,10.99,0.31,2.903,10.98,10.99,10.68,10.99,11.55,10.9,8987335.0,101096712.0,15:30:00,2026-09-02
bj920128,胜业电气,18.72,0.49,2.688,18.71,18.72,18.23,18.21,19.15,18.0,1898540.0,35689365.0,15:30:00,2026-09-02
bj920130,立方控股,19.11,-0.03,-0.157,19.1,19.11,19.14,18.89,19.74,18.1,5571186.0,106214177.0,15:30:00,2026-09-02
bj920132,泰鹏智能,9.7,0.32,3.412,9.68,9.7,9.38,9.38,9.87,9.34,1443246.0,13913431.0,15:30:00,2026-09-02
bj920136,永励精密,23.21,0.67,2.972,23.2,23.21,22.54,22.29,24.08,22.12,5075897.0,118434486.0,15:30:00,2026-09-02
bj920138,杰理科技,36.78,0.59,1.63,36.75,36.78,36.19,36.0,37.89,35.96,6020277.0,223628760.0,15:30:00,2026-09-02
bj920139,华岭股份,15.47,0.3,1.978,15.47,15.48,15.17,15.05,15.97,14.98,6235684.0,97182079.0,15:30:00,2026-09-02
bj920145,恒合股份,11.1,0.17,1.555,11.1,11.15,10.93,11.04,11.48,10.78,1346745.0,15116111.0,15:30:00,2026-09-02
bj920146,华阳变速,5.44,0.05,0.928,5.44,5.46,5.39,5.36,5.69,5.3,4391264.0,24342777.0,15:30:00,2026-09-02
bj920149,旭杰科技,9.15,0.0,0.0,9.14,9.15,9.15,8.98,9.61,8.98,3642347.0,33917919.0,15:30:00,2026-09-02
bj920152,昆工科技,13.65,0.43,3.253,13.65,13.67,13.22,13.3,14.04,13.09,2310223.0,31752585.0,15:30:00,2026-09-02
bj920156,海昌智能,38.98,0.94,2.471,38.96,38.98,38.04,37.55,39.94,37.49,1962979.0,76949912.0,15:30:00,2026-09-02
bj920158,长江能科,9.25,1.0,12.121,9.25,9.26,8.25,8.64,9.62,8.62,11031221.0,101162000.0,15:30:00,2026-09-02
bj920159,农大科技,33.16,-2.9,-8.042,33.16,33.17,36.06,35.07,35.53,33.01,3612271.0,122578285.0,15:30:00,2026-09-02
bj920160,北矿检测,20.33,0.38,1.905,20.33,20.36,19.95,20.03,20.9,19.97,1107921.0,22685392.0,15:30:00,2026-09-02
bj920161,龙辰科技,23.83,0.7,3.026,23.81,23.83,23.13,23.0,24.8,22.85,4370026.0,105081327.0,15:30:00,2026-09-02
bj920163,方大新材,10.9,0.08,0.739,10.9,10.92,10.82,10.78,11.26,10.74,1989379.0,22023485.0,15:30:00,2026-09-02
bj920165,珈凯生物,39.49,1.07,2.785,39.49,39.53,38.42,37.5,42.0,37.2,3320527.0,132765673.0,15:30:00,2026-09-02
bj920166,海圣医疗,21.46,0.89,4.327,21.45,21.46,20.57,20.57,21.88,20.41,910859.0,19423887.0,15:30:00,2026-09-02
bj920167,同享科技,14.87,0.35,2.41,14.85,14.87,14.52,14.46,15.19,14.32,3202568.0,47606432.0,15:30:00,2026-09-02
bj920168,通宝光电,16.13,0.33,2.089,16.13,16.15,15.8,15.79,16.7,15.72,1352581.0,22063398.0,15:30:00,2026-09-02
bj920169,七丰精工,23.46,1.07,4.779,23.46,23.47,22.39,21.6,26.4,21.41,10581215.0,258700803.0,15:30:00,2026-09-02
bj920171,志晟信息,18.0,0.33,1.868,17.99,18.0,17.67,17.46,18.79,17.14,5449827.0,99116485.0,15:30:00,2026-09-02
bj920174,五新智能,35.68,0.52,1.479,35.68,35.7,35.16,34.31,36.61,33.66,3649181.0,129838039.0,15:30:00,2026-09-02
bj920175,东方碳素,8.16,0.05,0.617,8.16,8.24,8.11,8.11,8.49,8.1,3386273.0,28226439.0,15:30:00,2026-09-02
bj920176,维琪科技,70.66,16.3,29.985,70.66,0.0,54.36,54.36,70.66,53.41,3506012.0,223532793.0,15:30:00,2026-09-02
bj920177,恒道科技,25.05,0.78,3.214,25.05,25.08,24.27,24.49,25.46,24.17,843084.0,21201096.0,15:30:00,2026-09-02
bj920178,锐翔智能,90.5,2.94,3.358,90.42,90.5,87.56,86.01,92.98,86.01,1237652.0,112185149.0,15:30:00,2026-09-02
bj920179,凯德石英,53.49,1.04,1.983,53.49,53.5,52.45,51.51,56.44,51.03,4184085.0,226527012.0,15:30:00,2026-09-02
bj920180,爱得科技,12.19,0.28,2.351,12.19,12.21,11.91,11.95,12.51,11.88,1710891.0,21060800.0,15:30:00,2026-09-02
bj920181,赛英电子,73.35,2.64,3.734,73.3,73.35,70.71,70.0,75.0,69.29,1253072.0,91059844.0,15:30:00,2026-09-02
bj920183,海菲曼,33.95,2.05,6.426,33.91,33.95,31.9,31.52,34.85,31.37,1866475.0,62543336.0,15:30:00,2026-09-02
bj920184,国源科技,12.55,-0.14,-1.103,12.51,12.55,12.69,12.42,13.38,12.4,7674339.0,98938034.0,15:30:00,2026-09-02
bj920185,贝特瑞,21.29,0.33,1.574,21.29,21.3,20.96,20.8,21.73,20.34,7448817.0,158905963.0,15:30:00,2026-09-02
bj920186,中科仪,77.43,0.83,1.084,77.41,77.43,76.6,75.27,80.64,74.22,6702049.0,521746203.0,15:30:00,2026-09-02
bj920187,通领科技,18.53,0.42,2.319,18.44,18.53,18.11,18.04,18.8,17.98,1623608.0,30026549.0,15:30:00,2026-09-02
bj920188,悦龙科技,24.51,2.34,10.555,24.51,24.52,22.17,25.0,27.96,23.68,4379075.0,112726768.0,15:30:00,2026-09-02
bj920189,康美特,22.56,1.56,7.429,22.56,22.57,21.0,21.1,23.33,20.95,10103935.0,225731536.0,15:30:00,2026-09-02
bj920190,雷神科技,27.79,0.91,3.385,27.78,27.79,26.88,26.88,29.66,26.51,11875392.0,333156213.0,15:30:00,2026-09-02
bj920191,瑞尔竞达,9.35,0.34,3.774,9.35,9.36,9.01,9.08,9.63,8.95,4445713.0,41609935.0,15:30:00,2026-09-02
bj920193,吉和昌,33.38,0.9,2.771,33.37,33.38,32.48,31.8,34.93,31.7,5280730.0,177400408.0,15:30:00,2026-09-02
bj920195,三祥科技,13.37,0.26,1.983,13.35,13.37,13.11,13.07,13.8,12.95,1592271.0,21499578.0,15:30:00,2026-09-02
bj920198,微创光电,8.41,0.27,3.317,8.41,8.43,8.14,8.1,8.77,8.01,6835195.0,57858016.0,15:30:00,2026-09-02
bj920199,倍益康,27.04,0.39,1.463,27.04,27.06,26.65,26.06,27.92,26.06,2402862.0,65224770.0,15:30:00,2026-09-02
bj920200,振宏股份,27.36,1.04,3.951,27.36,27.37,26.32,26.2,28.3,26.08,2746758.0,75561014.0,15:30:00,2026-09-02
bj920204,沪江材料,13.9,0.11,0.798,13.85,13.9,13.79,13.72,14.36,13.66,2121695.0,29853119.0,15:30:00,2026-09-02
bj920206,彩客科技,48.12,3.45,7.723,48.08,48.12,44.67,43.56,51.38,43.13,4667833.0,220526700.0,15:30:00,2026-09-02
bj920207,众诚科技,23.23,0.13,0.563,23.23,23.24,23.1,22.74,24.15,22.6,4210185.0,99010011.0,15:30:00,2026-09-02
bj920208,青矩技术,12.88,0.36,2.875,12.87,12.88,12.52,12.5,13.2,12.38,5282540.0,68203473.0,15:30:00,2026-09-02
bj920211,新睿电子,100.02,2.75,2.827,100.02,100.03,97.27,96.92,103.06,95.52,637334.0,64073019.0,15:30:00,2026-09-02
bj920212,智新电子,14.1,3.25,29.954,14.1,0.0,10.85,11.49,14.1,10.67,10060734.0,133003702.0,15:30:00,2026-09-02
bj920218,新天力,16.54,0.86,5.485,16.53,16.54,15.68,15.53,17.07,15.48,2772645.0,45791110.0,15:30:00,2026-09-02
bj920220,朗信电气,43.1,2.67,6.604,43.1,43.12,40.43,40.0,43.65,39.81,2137107.0,90998372.0,15:30:00,2026-09-02
bj920221,易实精密,13.51,0.41,3.13,13.5,13.51,13.1,12.99,14.0,12.93,2869162.0,39172355.0,15:30:00,2026-09-02
bj920222,益坤电气,28.77,4.23,17.237,28.77,28.79,24.54,24.65,31.52,24.6,6047285.0,167788362.0,15:30:00,2026-09-02
bj920223,荣亿精密,16.5,0.4,2.484,16.49,16.5,16.1,15.2,20.0,15.2,20148995.0,352178964.0,15:30:00,2026-09-02
bj920225,利通科技,18.51,1.53,9.011,18.51,18.52,16.98,17.3,21.0,16.86,13241793.0,252500040.0,15:30:00,2026-09-02
bj920227,美登科技,52.5,0.9,1.744,52.5,52.6,51.6,50.97,53.98,50.68,1228161.0,64639974.0,15:30:00,2026-09-02
bj920230,欧康医药,11.1,0.25,2.304,11.1,11.11,10.85,10.86,11.49,10.82,3576521.0,40007345.0,15:30:00,2026-09-02
bj920237,力佳科技,12.28,0.32,2.676,12.28,12.33,11.96,11.98,12.63,11.95,2228627.0,27525718.0,15:30:00,2026-09-02
bj920238,长鹰硬科,72.96,1.33,1.857,72.91,72.96,71.63,71.0,76.74,70.68,3651779.0,270658083.0,15:30:00,2026-09-02
bj920239,长虹能源,22.39,0.71,3.275,22.35,22.39,21.68,21.47,22.65,21.4,2153782.0,48070358.0,15:30:00,2026-09-02
bj920242,建邦科技,14.62,0.37,2.596,14.62,14.63,14.25,14.27,14.99,14.15,1380036.0,20390790.0,15:30:00,2026-09-02
bj920245,威博液压,14.9,0.18,1.223,14.89,14.9,14.72,14.87,15.25,14.38,2809175.0,41885230.0,15:30:00,2026-09-02
bj920247,华密新材,15.85,0.86,5.737,15.85,15.87,14.99,14.98,16.27,14.8,6687723.0,105542999.0,15:30:00,2026-09-02
bj920249,利尔达,9.6,0.14,1.48,9.6,9.61,9.46,9.38,10.1,9.32,12187770.0,119172568.0,15:30:00,2026-09-02
bj920252,天宏锂电,16.16,0.5,3.193,16.16,16.18,15.66,15.52,16.38,15.52,3516996.0,56679407.0,15:30:00,2026-09-02
bj920258,聚仁新材,11.71,0.07,0.601,11.71,11.72,11.64,11.47,12.19,11.47,6080640.0,72565104.0,15:30:00,2026-09-02
bj920260,中寰股份,8.7,0.01,0.115,8.66,8.7,8.69,8.99,9.1,8.6,2490981.0,22106153.0,15:30:00,2026-09-02
bj920261,一诺威,14.2,0.02,0.141,14.2,14.21,14.18,14.13,14.6,14.07,2853691.0,41093933.0,15:30:00,2026-09-02
bj920262,太湖雪,15.23,0.22,1.466,15.22,15.23,15.01,15.09,15.94,14.89,2784345.0,42997975.0,15:30:00,2026-09-02
bj920263,中航泰达,7.39,0.13,1.791,7.38,7.39,7.26,7.3,7.54,7.17,2636573.0,19555000.0,15:30:00,2026-09-02
bj920266,生物谷,7.68,0.12,1.587,7.67,7.68,7.56,7.56,7.84,7.5,4416899.0,33973801.0,15:30:00,2026-09-02
bj920267,鑫汇科,17.3,0.2,1.17,17.3,17.34,17.1,17.12,18.07,17.01,2803432.0,49204947.0,15:30:00,2026-09-02
bj920270,天铭科技,12.98,0.22,1.724,12.97,12.98,12.76,12.6,13.28,12.49,2777652.0,36015625.0,15:30:00,2026-09-02
bj920271,邦德股份,9.68,0.28,2.979,9.68,9.69,9.4,9.39,10.05,9.33,2371874.0,23102408.0,15:30:00,2026-09-02
bj920273,一致魔芋,20.09,0.15,0.752,20.09,20.1,19.94,19.55,21.58,19.34,7343706.0,150834298.0,15:30:00,2026-09-02
bj920274,宏裕包材,17.27,0.17,0.994,17.26,17.27,17.1,17.19,17.96,16.98,3284864.0,57761312.0,15:30:00,2026-09-02
bj920275,驱动力,6.98,-0.11,-1.551,6.98,7.03,7.09,7.04,7.25,6.94,2297301.0,16358298.0,15:30:00,2026-09-02
bj920278,鹿得医疗,6.7,-0.02,-0.298,6.7,6.71,6.72,6.78,6.92,6.66,2539375.0,17292628.0,15:30:00,2026-09-02
bj920284,灵鸽科技,18.28,0.33,1.838,18.28,18.3,17.95,17.6,19.02,17.55,5565301.0,102514581.0,15:30:00,2026-09-02
bj920288,华大海天,20.94,1.44,7.385,20.93,20.94,19.5,19.15,22.89,19.15,10083159.0,211593929.0,15:30:00,2026-09-02
bj920299,灿能电力,15.5,0.57,3.818,15.5,15.51,14.93,15.06,15.85,15.06,3295992.0,51161657.0,15:30:00,2026-09-02
bj920300,辰光医疗,10.25,0.2,1.99,10.25,10.27,10.05,10.05,10.53,10.04,2520534.0,26013674.0,15:30:00,2026-09-02
bj920304,迪尔化工,11.46,-0.24,-2.051,11.45,11.46,11.7,11.77,11.91,10.93,10814969.0,122436873.0,15:30:00,2026-09-02
bj920339,恒太照明,11.34,0.26,2.347,11.31,11.34,11.08,11.03,11.5,10.9,1540859.0,17386291.0,15:30:00,2026-09-02
bj920344,三元基因,21.4,-0.3,-1.382,21.4,21.41,21.7,22.24,22.74,21.21,5100216.0,112535297.0,15:30:00,2026-09-02
bj920346,威贸电子,16.73,1.12,7.175,16.73,16.75,15.61,15.63,17.64,15.59,3454324.0,58297800.0,15:30:00,2026-09-02
bj920351,华光源海,13.79,0.23,1.696,13.77,13.79,13.56,14.32,14.95,13.73,3386065.0,47930414.0,15:30:00,2026-09-02
bj920357,雅葆轩,16.35,0.57,3.612,16.35,16.36,15.78,15.53,16.59,15.49,4778259.0,77332722.0,15:30:00,2026-09-02
bj920363,莱赛激光,10.99,0.18,1.665,10.99,11.0,10.81,10.75,11.4,10.67,4040009.0,44834826.0,15:30:00,2026-09-02
bj920367,新赣江,27.62,-0.36,-1.287,27.61,27.62,27.98,27.72,29.57,27.0,7436000.0,208772369.0,15:30:00,2026-09-02
bj920368,连城数控,23.85,0.92,4.012,23.84,23.85,22.93,22.79,24.48,22.65,5936604.0,141412541.0,15:30:00,2026-09-02
bj920370,新安洁,3.1,0.05,1.639,3.09,3.1,3.05,3.03,3.25,2.97,8874245.0,27936970.0,15:30:00,2026-09-02
bj920371,欧福蛋业,7.77,-0.04,-0.512,7.77,7.78,7.81,7.71,8.06,7.6,7129420.0,54759451.0,15:30:00,2026-09-02
bj920374,云里物里,16.61,0.82,5.193,16.61,16.63,15.79,15.78,17.33,15.7,3647369.0,61123950.0,15:30:00,2026-09-02
bj920375,派诺科技,7.13,0.13,1.857,7.13,7.14,7.0,6.96,7.29,6.91,6765615.0,48420059.0,15:30:00,2026-09-02
bj920378,泰德股份,7.47,0.14,1.91,7.47,7.48,7.33,7.28,7.64,7.28,1535941.0,11527753.0,15:30:00,2026-09-02
bj920392,佳合科技,14.72,0.48,3.371,14.71,14.72,14.24,14.23,15.16,14.23,1835110.0,27257270.0,15:30:00,2026-09-02
bj920394,民士达,46.15,0.95,2.102,46.15,46.16,45.2,45.48,47.95,44.82,2283238.0,107109878.0,15:30:00,2026-09-02
bj920395,朗鸿科技,7.47,0.19,2.61,7.45,7.47,7.28,7.24,7.76,7.21,2765222.0,20798442.0,15:30:00,2026-09-02
bj920396,常辅股份,20.78,0.62,3.075,20.77,20.78,20.16,20.01,21.33,19.79,2831392.0,59018051.0,15:30:00,2026-09-02
bj920402,硅烷科技,9.11,0.07,0.774,9.1,9.11,9.04,9.03,9.47,8.92,12123535.0,111676350.0,15:30:00,2026-09-02
bj920403,康农种业,23.65,-2.2,-8.511,23.65,23.67,25.85,23.9,24.66,22.88,10865330.0,256618665.0,15:30:00,2026-09-02
bj920405,海希通讯,16.25,0.12,0.744,16.2,16.25,16.13,16.0,16.61,15.9,1069808.0,17454168.0,15:30:00,2026-09-02
bj920407,驰诚股份,11.8,0.3,2.609,11.8,11.81,11.5,11.38,12.28,11.31,2435707.0,28981148.0,15:30:00,2026-09-02
bj920414,欧普泰,8.58,0.01,0.117,8.57,8.58,8.57,8.5,9.06,8.46,2789986.0,24463581.0,15:30:00,2026-09-02
bj920415,恒拓开源,9.95,0.33,3.43,9.94,9.95,9.62,9.68,10.5,9.55,7591603.0,76052114.0,15:30:00,2026-09-02
bj920418,苏轴股份,19.12,0.5,2.685,19.11,19.12,18.62,18.44,19.79,18.37,3670271.0,70817795.0,15:30:00,2026-09-02
bj920419,路斯股份,11.77,0.14,1.204,11.77,11.82,11.63,11.59,12.25,11.33,3040279.0,36197401.0,15:30:00,2026-09-02
bj920422,润普食品,10.25,0.11,1.085,10.18,10.25,10.14,9.99,10.59,9.92,5215962.0,53606438.0,15:30:00,2026-09-02
bj920425,乐创技术,15.38,0.11,0.72,15.38,15.39,15.27,15.27,16.01,15.0,5431732.0,84874508.0,15:30:00,2026-09-02
bj920427,华维设计,9.19,0.03,0.328,9.19,9.2,9.16,9.05,9.6,9.03,3112567.0,29184829.0,15:30:00,2026-09-02
bj920429,康比特,11.78,0.09,0.77,11.78,11.79,11.69,11.34,12.49,11.34,6736935.0,81023138.0,15:30:00,2026-09-02
bj920433,大唐药业,5.1,-0.05,-0.971,5.09,5.1,5.15,5.22,5.3,5.05,5682672.0,29446102.0,15:30:00,2026-09-02
bj920436,大地电气,11.94,0.11,0.93,11.94,11.95,11.83,11.48,12.38,11.48,2551517.0,30827736.0,15:30:00,2026-09-02
bj920438,戈碧迦,101.18,1.04,1.039,101.18,101.19,100.14,98.0,105.0,97.0,3441560.0,351885709.0,15:30:00,2026-09-02
bj920445,龙竹科技,7.3,0.05,0.69,7.3,7.31,7.25,7.19,7.55,7.17,4218053.0,31220293.0,15:30:00,2026-09-02
bj920454,同心传动,11.66,0.28,2.46,11.66,11.67,11.38,11.36,12.04,11.28,2253128.0,26563666.0,15:30:00,2026-09-02
bj920455,汇隆活塞,6.64,0.06,0.912,6.64,6.66,6.58,6.52,6.93,6.52,2095581.0,14192364.0,15:30:00,2026-09-02
bj920469,富恒新材,6.63,0.08,1.221,6.63,6.64,6.55,6.48,6.96,6.41,9524667.0,63992041.0,15:30:00,2026-09-02
bj920471,美邦科技,12.87,-0.35,-2.648,12.87,12.89,13.22,13.22,13.45,12.75,5534069.0,72858845.0,15:30:00,2026-09-02
bj920475,三友科技,12.81,0.21,1.667,12.81,12.83,12.6,12.55,13.14,12.46,1462148.0,18833532.0,15:30:00,2026-09-02
bj920476,海能技术,25.42,0.68,2.749,25.4,25.42,24.74,24.72,25.7,24.58,1863712.0,47095378.0,15:30:00,2026-09-02
bj920478,峆一药业,10.98,0.08,0.734,10.97,10.98,10.9,10.78,11.43,10.62,4706232.0,52149207.0,15:30:00,2026-09-02
bj920489,佳先股份,13.11,0.34,2.662,13.1,13.11,12.77,12.6,13.38,12.56,3699615.0,48556994.0,15:30:00,2026-09-02
bj920491,奥迪威,23.02,0.42,1.858,23.02,23.03,22.6,22.39,23.7,22.16,4445753.0,103115729.0,15:30:00,2026-09-02
bj920493,并行科技,121.44,4.95,4.249,121.43,121.44,116.49,114.49,124.99,113.5,3251241.0,391611517.0,15:30:00,2026-09-02
bj920496,许昌智能,6.61,0.14,2.164,6.61,6.62,6.47,6.45,6.85,6.43,5010589.0,33494876.0,15:30:00,2026-09-02
bj920504,博迅生物,19.39,0.45,2.376,19.39,19.4,18.94,19.09,19.95,18.71,1046140.0,20376354.0,15:30:00,2026-09-02
bj920505,九菱科技,29.0,0.69,2.437,28.99,29.0,28.31,28.1,29.66,27.68,1683248.0,48829243.0,15:30:00,2026-09-02
bj920508,殷图网联,15.86,0.3,1.928,15.86,15.93,15.56,15.62,16.63,15.3,1245297.0,20141545.0,15:30:00,2026-09-02
bj920509,同惠电子,22.27,2.14,10.631,22.26,22.27,20.13,19.98,23.52,19.77,9308124.0,203990266.0,15:30:00,2026-09-02
bj920510,丰光精密,22.0,0.23,1.056,22.0,22.05,21.77,21.44,22.9,21.08,6571141.0,146219932.0,15:30:00,2026-09-02
bj920519,万德股份,10.99,0.19,1.759,10.98,10.99,10.8,10.85,11.34,10.85,2105898.0,23414653.0,15:30:00,2026-09-02
bj920522,纳科诺尔,20.13,0.65,3.337,20.12,20.13,19.48,19.2,20.6,18.99,8601195.0,171462311.0,15:30:00,2026-09-02
bj920523,德瑞锂电,16.01,0.31,1.975,16.01,16.04,15.7,15.66,16.35,15.56,2526582.0,40707635.0,15:30:00,2026-09-02
bj920526,凯华材料,21.19,1.37,6.912,21.17,21.19,19.82,19.62,21.8,19.62,4793959.0,100774017.0,15:30:00,2026-09-02
bj920527,夜光明,16.02,0.66,4.297,16.01,16.02,15.36,15.57,17.39,15.24,3523273.0,57597284.0,15:30:00,2026-09-02
bj920533,骏创科技,20.77,0.6,2.975,20.77,20.78,20.17,19.61,21.37,19.55,5922072.0,122043280.0,15:30:00,2026-09-02
bj920541,铁大科技,10.37,0.2,1.967,10.37,10.38,10.17,10.11,10.59,10.1,2035883.0,21187095.0,15:30:00,2026-09-02
bj920547,无锡晶海,19.8,0.16,0.815,19.75,19.8,19.64,19.65,20.53,19.45,1270689.0,25598576.0,15:30:00,2026-09-02
bj920553,凯腾精工,7.43,-0.03,-0.402,7.43,7.44,7.46,7.41,7.74,7.4,2631948.0,20015132.0,15:30:00,2026-09-02
bj920556,雅达股份,7.14,0.12,1.709,7.12,7.14,7.02,6.98,7.32,6.98,4703462.0,33849423.0,15:30:00,2026-09-02
bj920564,天润科技,14.82,0.52,3.636,14.8,14.82,14.3,14.09,15.73,14.0,3876816.0,57997583.0,15:30:00,2026-09-02
bj920566,梓橦宫,9.99,0.04,0.402,9.99,10.0,9.95,9.88,10.26,9.87,4142048.0,41825285.0,15:30:00,2026-09-02
bj920570,坤博精工,25.85,0.53,2.093,25.84,25.85,25.32,25.3,26.66,24.71,1256517.0,32770325.0,15:30:00,2026-09-02
bj920571,国航远洋,9.08,-0.01,-0.11,9.08,9.09,9.09,9.5,9.67,9.08,26990983.0,252435898.0,15:30:00,2026-09-02
bj920575,*ST康乐,4.88,0.0,0.0,4.87,4.88,4.88,4.85,4.96,4.83,2814447.0,13784251.0,15:30:00,2026-09-02
bj920576,天力复合,41.1,2.39,6.174,41.09,41.1,38.71,38.44,42.4,38.33,4607750.0,188279687.0,15:30:00,2026-09-02
bj920578,巨能股份,17.61,0.1,0.571,17.6,17.61,17.51,17.42,18.27,17.0,2125417.0,38012000.0,15:30:00,2026-09-02
bj920579,机科股份,15.3,0.4,2.685,15.29,15.3,14.9,14.93,15.65,14.76,1951366.0,30010616.0,15:30:00,2026-09-02
bj920580,科创新材,11.76,0.11,0.944,11.76,11.77,11.65,11.54,12.13,11.42,2647694.0,31536279.0,15:30:00,2026-09-02
bj920592,华信永道,29.11,0.61,2.14,29.11,29.13,28.5,27.68,33.31,27.5,14247550.0,426533141.0,15:30:00,2026-09-02
bj920593,鼎智科技,24.42,0.36,1.496,24.41,24.42,24.06,23.88,24.97,23.77,3351408.0,82345976.0,15:30:00,2026-09-02
bj920599,同力股份,18.22,0.05,0.275,18.22,18.24,18.17,18.17,18.75,17.99,5428139.0,100220976.0,15:30:00,2026-09-02
bj920608,丰安股份,15.57,-0.08,-0.511,15.5,15.57,15.65,15.48,16.49,15.16,3499724.0,55020849.0,15:30:00,2026-09-02
bj920627,力王股份,14.79,0.29,2.0,14.79,14.8,14.5,14.45,15.15,14.25,2714734.0,40238851.0,15:30:00,2026-09-02
bj920634,新威凌,17.89,0.55,3.172,17.88,17.89,17.34,17.03,18.24,16.9,3749902.0,66259475.0,15:30:00,2026-09-02
bj920639,晨光电缆,6.51,0.09,1.402,6.51,6.52,6.42,6.4,6.66,6.35,3496887.0,22952709.0,15:30:00,2026-09-02
bj920640,富士达,26.99,1.07,4.128,26.98,26.99,25.92,25.48,28.05,25.34,6644300.0,179929753.0,15:30:00,2026-09-02
bj920641,格利尔,14.9,0.39,2.688,14.9,14.91,14.51,14.45,15.28,14.3,3521650.0,52495174.0,15:30:00,2026-09-02
bj920642,通易航天,11.02,0.72,6.99,11.02,11.03,10.3,10.25,11.88,10.2,12070701.0,134471153.0,15:30:00,2026-09-02
bj920651,天罡股份,24.96,-0.33,-1.305,24.96,25.03,25.29,25.16,25.62,24.18,1535010.0,37917362.0,15:30:00,2026-09-02
bj920656,海昇药业,15.28,0.19,1.259,15.28,15.29,15.09,14.93,15.53,14.93,966652.0,14836489.0,15:30:00,2026-09-02
bj920662,方盛股份,22.07,0.18,0.822,22.05,22.07,21.89,21.3,23.7,21.04,5240915.0,118295998.0,15:30:00,2026-09-02
bj920663,明阳科技,13.66,0.13,0.961,13.66,13.68,13.53,13.53,14.14,13.49,1797424.0,24944892.0,15:30:00,2026-09-02
bj920665,科强股份,9.34,0.38,4.241,9.32,9.34,8.96,8.95,9.57,8.9,3459061.0,32365409.0,15:30:00,2026-09-02
bj920670,数字人,13.4,-0.01,-0.075,13.39,13.4,13.41,13.25,13.88,13.14,4169420.0,56639992.0,15:30:00,2026-09-02
bj920675,秉扬科技,7.91,0.03,0.381,7.91,8.1,7.88,7.99,8.5,7.91,4208459.0,34633797.0,15:30:00,2026-09-02
bj920679,前进科技,16.75,0.2,1.208,16.75,16.96,16.55,16.41,17.38,16.4,470054.0,8005503.0,15:30:00,2026-09-02
bj920682,球冠电缆,6.13,0.16,2.68,6.13,6.14,5.97,5.94,6.28,5.89,8181305.0,50226699.0,15:30:00,2026-09-02
bj920685,新芝生物,12.64,0.18,1.445,12.6,12.64,12.46,12.49,12.98,12.34,2433043.0,30984625.0,15:30:00,2026-09-02
bj920689,克莱特,21.65,0.73,3.489,21.65,21.66,20.92,20.71,21.95,20.65,1755266.0,37904560.0,15:30:00,2026-09-02
bj920690,捷众科技,16.89,0.36,2.178,16.87,16.89,16.53,16.37,17.35,16.36,2311880.0,39403324.0,15:30:00,2026-09-02
bj920693,阿为特,25.6,1.14,4.661,25.58,25.6,24.46,24.37,26.3,24.16,2140444.0,54576840.0,15:30:00,2026-09-02
bj920694,中裕科技,17.39,0.68,4.069,17.39,17.4,16.71,16.81,17.9,16.81,2498282.0,43430567.0,15:30:00,2026-09-02
bj920699,海达尔,75.2,1.98,2.704,75.2,75.24,73.22,72.57,77.9,71.52,1032485.0,77874124.0,15:30:00,2026-09-02
bj920701,豪声电子,12.95,-0.3,-2.264,12.95,12.96,13.25,13.75,14.12,12.28,5971266.0,79577626.0,15:30:00,2026-09-02
bj920703,广厦环能,10.52,0.22,2.136,10.52,10.55,10.3,10.32,10.78,10.32,1555650.0,16528341.0,15:30:00,2026-09-02
bj920706,铁拓机械,14.98,0.24,1.628,14.98,14.99,14.74,14.6,15.5,14.38,2619079.0,39490946.0,15:30:00,2026-09-02
bj920717,瑞星股份,7.53,0.21,2.869,7.49,7.53,7.32,7.5,7.73,7.33,2123424.0,15939615.0,15:30:00,2026-09-02
bj920718,合肥高科,10.39,-0.24,-2.258,10.35,10.39,10.63,10.53,10.88,10.31,2840582.0,30367016.0,15:30:00,2026-09-02
bj920719,宁新新材,7.69,0.11,1.451,7.69,7.7,7.58,7.55,7.99,7.51,3240051.0,25295177.0,15:30:00,2026-09-02
bj920720,吉冈精密,10.01,0.23,2.352,10.0,10.01,9.78,9.73,10.35,9.65,4132855.0,41807908.0,15:30:00,2026-09-02
bj920725,惠丰钻石,75.69,4.83,6.816,75.68,75.69,70.86,68.79,82.88,68.08,7587103.0,577095998.0,15:30:00,2026-09-02
bj920726,朱老六,17.9,-0.13,-0.721,17.88,17.9,18.03,17.68,18.79,17.53,6306310.0,114778772.0,15:30:00,2026-09-02
bj920729,永顺生物,7.13,-0.11,-1.519,7.13,7.15,7.24,7.27,7.43,7.1,2460823.0,17899215.0,15:30:00,2026-09-02
bj920735,德源药业,26.66,-0.24,-0.892,26.66,26.67,26.9,26.78,27.77,26.5,4999330.0,136135734.0,15:30:00,2026-09-02
bj920748,路桥信息,32.71,5.82,21.644,32.71,32.72,26.89,26.74,33.98,26.37,7080877.0,219823802.0,15:30:00,2026-09-02
bj920751,惠同新材,16.46,0.09,0.55,16.46,16.5,16.37,16.33,17.0,16.04,1458040.0,24358346.0,15:30:00,2026-09-02
bj920753,天纺标,16.68,0.96,6.107,16.67,16.68,15.72,15.62,18.26,15.49,3106159.0,52508336.0,15:30:00,2026-09-02
bj920765,美之高,13.38,-1.0,-6.954,13.38,13.39,14.38,14.51,14.85,13.31,5558647.0,78717887.0,15:30:00,2026-09-02
bj920768,拾比佰,7.6,0.09,1.198,7.6,7.61,7.51,7.49,7.9,7.43,3734501.0,28900554.0,15:30:00,2026-09-02
bj920770,艾能聚,10.66,0.13,1.235,10.66,10.68,10.53,10.53,11.08,10.4,5784516.0,62715703.0,15:30:00,2026-09-02
bj920779,武汉蓝电,26.8,1.12,4.361,26.79,26.8,25.68,25.21,26.86,24.95,2881286.0,75240861.0,15:30:00,2026-09-02
bj920781,瑞奇智造,6.19,0.2,3.339,6.18,6.19,5.99,6.17,6.45,5.95,5950955.0,37238406.0,15:30:00,2026-09-02
bj920786,骑士乳业,7.99,-0.11,-1.358,7.99,8.0,8.1,8.02,8.38,7.85,18643897.0,151610054.0,15:30:00,2026-09-02
bj920790,联迪信息,25.6,-0.41,-1.576,25.59,25.6,26.01,25.78,27.8,24.81,6888930.0,179412117.0,15:30:00,2026-09-02
bj920792,东和新材,10.07,0.09,0.902,10.07,10.08,9.98,9.98,10.29,9.88,1821174.0,18504978.0,15:30:00,2026-09-02
bj920799,艾融软件,35.9,0.45,1.269,35.89,35.9,35.45,34.01,38.75,34.0,10633578.0,386526063.0,15:30:00,2026-09-02
bj920802,保丽洁,11.49,0.28,2.498,11.37,11.49,11.21,11.21,11.83,11.16,1257188.0,14530074.0,15:30:00,2026-09-02
bj920806,云星宇,11.06,0.11,1.005,11.05,11.06,10.95,10.78,11.43,10.68,6430408.0,71576367.0,15:30:00,2026-09-02
bj920807,奔朗新材,9.78,0.26,2.731,9.77,9.78,9.52,9.5,10.08,9.38,6126204.0,60269189.0,15:30:00,2026-09-02
bj920808,曙光数创,61.6,3.44,5.915,61.6,61.61,58.16,57.12,63.17,56.5,4973423.0,304407990.0,15:30:00,2026-09-02
bj920809,安达科技,7.59,0.16,2.153,7.59,7.6,7.43,7.35,7.74,7.35,15069226.0,114580679.0,15:30:00,2026-09-02
bj920810,春光智能,9.73,-0.04,-0.409,9.73,9.75,9.77,10.05,10.09,9.6,3182771.0,31182870.0,15:30:00,2026-09-02
bj920819,颖泰生物,3.23,-0.07,-2.121,3.23,3.24,3.3,3.26,3.4,3.21,18565694.0,61327014.0,15:30:00,2026-09-02
bj920821,则成电子,19.27,0.83,4.501,19.23,19.27,18.44,17.91,20.1,17.88,5787709.0,110764423.0,15:30:00,2026-09-02
bj920826,盖世食品,9.61,-0.17,-1.738,9.61,9.64,9.78,9.52,10.28,9.46,11240892.0,110327828.0,15:30:00,2026-09-02
bj920832,齐鲁华信,6.59,-0.03,-0.453,6.59,6.6,6.62,6.49,6.88,6.49,1830361.0,12376349.0,15:30:00,2026-09-02
bj920833,美心翼申,10.67,0.13,1.233,10.66,10.67,10.54,10.45,10.84,10.45,1628821.0,17427727.0,15:30:00,2026-09-02
bj920834,三维装备,10.1,-0.02,-0.198,10.1,10.11,10.12,9.94,10.5,9.88,4672354.0,47979977.0,15:30:00,2026-09-02
bj920837,华原股份,10.73,-0.04,-0.371,10.72,10.73,10.77,10.8,11.24,10.64,2778741.0,30451628.0,15:30:00,2026-09-02
bj920839,万通液压,25.57,0.5,1.994,25.57,25.61,25.07,24.87,26.38,24.72,1648368.0,42535195.0,15:30:00,2026-09-02
bj920855,浙江大农,17.45,0.63,3.746,17.45,17.46,16.82,17.03,19.88,17.03,9790770.0,177222826.0,15:30:00,2026-09-02
bj920856,浩淼科技,13.25,0.7,5.578,13.25,13.26,12.55,12.43,13.4,12.32,3769428.0,48873071.0,15:30:00,2026-09-02
bj920857,泓禧科技,22.49,1.18,5.537,22.35,22.49,21.31,21.08,22.7,20.8,2272155.0,50353203.0,15:30:00,2026-09-02
bj920866,绿亨科技,7.4,-0.62,-7.731,7.4,7.41,8.02,7.59,7.69,7.21,14983538.0,110950315.0,15:30:00,2026-09-02
bj920870,恒进感应,12.5,0.29,2.375,12.48,12.5,12.21,12.12,12.85,12.08,2715925.0,34185851.0,15:30:00,2026-09-02
bj920871,派特尔,11.88,0.4,3.484,11.87,11.88,11.48,11.47,12.06,11.37,1790100.0,21132201.0,15:30:00,2026-09-02
bj920873,中设咨询,7.49,-0.06,-0.795,7.49,7.5,7.55,7.4,7.88,7.4,3847269.0,29390374.0,15:30:00,2026-09-02
bj920876,慧为智能,18.59,-0.24,-1.275,18.58,18.59,18.83,18.45,20.2,17.85,6104017.0,115803697.0,15:30:00,2026-09-02
bj920879,基康技术,13.74,0.29,2.156,13.74,13.77,13.45,13.35,14.16,13.27,3049226.0,42077286.0,15:30:00,2026-09-02
bj920885,星辰科技,13.34,0.83,6.635,13.34,13.35,12.51,12.5,13.99,12.22,7805929.0,103731697.0,15:30:00,2026-09-02
bj920892,广咨国际,11.52,-0.48,-4.0,11.51,11.52,12.0,11.64,12.83,11.52,4474197.0,54006255.0,15:30:00,2026-09-02
bj920895,花溪科技,28.0,1.68,6.383,28.0,28.5,26.32,25.0,31.4,23.58,12797062.0,345176222.0,15:30:00,2026-09-02
bj920896,旺成科技,13.33,0.15,1.138,13.32,13.33,13.18,13.15,14.1,12.91,2388778.0,32478921.0,15:30:00,2026-09-02
bj920906,舜宇精工,16.8,0.34,2.066,16.8,16.81,16.46,16.28,17.4,16.2,1789666.0,30396422.0,15:30:00,2026-09-02
bj920914,远航精密,17.93,0.52,2.987,17.92,17.93,17.41,17.2,18.39,17.15,2298671.0,41338038.0,15:30:00,2026-09-02
bj920924,广脉科技,15.68,0.45,2.955,15.65,15.68,15.23,15.15,16.2,14.95,3651867.0,57229089.0,15:30:00,2026-09-02
bj920925,锦好医疗,12.36,0.32,2.658,12.36,12.37,12.04,12.04,12.55,11.9,2618828.0,32351282.0,15:30:00,2026-09-02
bj920926,鸿智科技,11.22,0.5,4.664,11.2,11.22,10.72,10.9,11.58,10.55,2299999.0,25773270.0,15:30:00,2026-09-02
bj920931,无锡鼎邦,11.23,0.07,0.627,11.23,11.26,11.16,11.24,11.84,11.07,1976541.0,22620839.0,15:30:00,2026-09-02
bj920932,科达自控,11.79,0.14,1.202,11.76,11.79,11.65,11.5,12.21,11.5,2516105.0,30114593.0,15:30:00,2026-09-02
bj920942,恒立钻具,18.98,-0.02,-0.105,18.98,19.0,19.0,19.01,19.9,18.58,3375271.0,65215693.0,15:30:00,2026-09-02
bj920943,优机股份,16.38,0.58,3.671,16.38,16.39,15.8,15.62,16.74,15.48,4349591.0,70884269.0,15:30:00,2026-09-02
bj920946,森萱医药,10.42,0.18,1.758,10.42,10.43,10.24,10.18,10.57,10.14,11060198.0,115102600.0,15:30:00,2026-09-02
bj920950,迅安科技,13.83,0.16,1.17,13.81,13.83,13.67,13.85,14.3,13.65,542943.0,7624446.0,15:30:00,2026-09-02
bj920953,国子软件,23.9,0.19,0.801,23.9,23.94,23.71,23.21,24.8,23.08,3864127.0,93400826.0,15:30:00,2026-09-02
bj920957,汉维科技,10.43,-0.33,-3.067,10.43,10.45,10.76,10.68,11.27,10.43,3319648.0,36134527.0,15:30:00,2026-09-02
bj920961,创远信科,21.13,0.46,2.225,21.13,21.15,20.67,21.03,21.69,20.82,3173698.0,67735751.0,15:30:00,2026-09-02
bj920964,润农节水,5.93,0.39,7.04,5.93,5.94,5.54,5.38,6.36,5.25,24248315.0,139841468.0,15:30:00,2026-09-02
bj920970,大禹生物,6.58,-0.11,-1.644,6.57,6.58,6.69,6.66,7.02,6.53,6583658.0,44577199.0,15:30:00,2026-09-02
bj920971,天马新材,28.11,0.83,3.043,28.1,28.11,27.28,26.89,29.28,26.81,7440934.0,211535759.0,15:30:00,2026-09-02
bj920974,凯大催化,6.61,-0.01,-0.151,6.61,6.62,6.62,6.68,6.84,6.49,3282109.0,22061893.0,15:30:00,2026-09-02
bj920976,视声智能,20.88,0.47,2.303,20.87,20.88,20.41,20.25,21.99,20.01,2378663.0,50099060.0,15:30:00,2026-09-02
bj920978,开特股份,20.19,0.94,4.883,20.19,20.2,19.25,19.22,20.39,19.14,2401248.0,48026846.0,15:30:00,2026-09-02
bj920981,晶赛科技,30.72,0.64,2.128,30.72,30.73,30.08,29.19,31.48,29.18,2867295.0,87979946.0,15:30:00,2026-09-02
bj920982,锦波生物,123.8,2.77,2.289,123.8,123.94,121.03,120.99,126.3,119.65,1397869.0,173623246.0,15:30:00,2026-09-02
bj920985,海泰新能,4.89,0.07,1.452,4.88,4.89,4.82,4.79,5.07,4.77,6639971.0,32995940.0,15:30:00,2026-09-02
bj920992,中科美菱,12.08,0.2,1.684,12.08,12.09,11.88,11.81,12.57,11.8,1837610.0,22511861.0,15:30:00,2026-09-02
sh600000,浦发银行,9.28,-0.07,-0.749,9.28,9.29,9.35,9.35,9.43,9.25,67036450.0,625374762.0,15:34:59,2026-09-02
sh600004,白云机场,7.74,-0.07,-0.896,7.74,7.75,7.81,7.8,7.82,7.7,9338655.0,72439703.0,15:34:59,2026-09-02
sh600006,东风股份,5.37,-0.05,-0.923,5.36,5.37,5.42,5.38,5.42,5.3,10271710.0,54886556.0,15:34:59,2026-09-02
sh600007,中国国贸,19.03,-0.04,-0.21,19.03,19.09,19.07,19.06,19.18,18.88,1914700.0,36380767.0,15:00:04,2026-09-02
sh600008,首创环保,2.8,-0.01,-0.356,2.8,2.81,2.81,2.81,2.82,2.78,69497549.0,194379936.0,15:34:59,2026-09-02
sh600009,上海机场,23.35,-0.12,-0.511,23.35,23.36,23.47,23.45,23.55,23.25,5448961.0,127115880.0,15:34:59,2026-09-02
sh600010,包钢股份,2.23,-0.04,-1.762,2.23,2.24,2.27,2.26,2.27,2.22,362158222.0,808778988.0,15:34:59,2026-09-02
sh600011,华能国际,6.78,-0.02,-0.294,6.77,6.78,6.8,6.78,6.82,6.75,42020705.0,285011154.0,15:34:59,2026-09-02
sh600012,皖通高速,16.84,-0.07,-0.414,16.84,16.85,16.91,17.05,17.05,16.47,4749695.0,79524883.0,15:34:59,2026-09-02
sh600015,华夏银行,6.23,-0.09,-1.424,6.22,6.23,6.32,6.33,6.37,6.22,147909547.0,927360107.0,15:34:59,2026-09-02
sh600016,民生银行,3.6,-0.04,-1.099,3.6,3.61,3.64,3.63,3.65,3.6,225286990.0,815569441.0,15:34:59,2026-09-02
sh600017,日照港,2.85,-0.04,-1.384,2.84,2.85,2.89,2.88,2.89,2.83,38353998.0,109131208.0,15:34:59,2026-09-02
sh600018,上港集团,5.51,-0.04,-0.721,5.51,5.52,5.55,5.56,5.59,5.5,77650462.0,430440919.0,15:34:59,2026-09-02
sh600019,宝钢股份,5.83,-0.03,-0.512,5.83,5.84,5.86,5.86,5.87,5.78,80226957.0,467218970.0,15:34:59,2026-09-02
sh600020,中原高速,3.92,-0.03,-0.759,3.92,3.93,3.95,3.94,3.96,3.9,14540598.0,57060472.0,15:00:03,2026-09-02
sh600021,上海电力,13.34,-0.19,-1.404,13.33,13.34,13.53,13.48,13.51,13.33,16530800.0,220955051.0,15:34:59,2026-09-02
sh600022,山东钢铁,1.34,-0.02,-1.471,1.33,1.34,1.36,1.36,1.36,1.32,107454560.0,143507139.0,15:34:59,2026-09-02
sh600023,浙能电力,4.91,0.02,0.409,4.91,4.92,4.89,4.9,4.92,4.86,33033889.0,161603593.0,15:34:59,2026-09-02
sh600025,华能水电,9.9,0.19,1.957,9.9,9.92,9.71,9.72,9.95,9.71,41604551.0,410676680.0,15:34:59,2026-09-02
sh600026,中远海能,18.69,-0.38,-1.993,18.68,18.69,19.07,19.34,19.34,18.58,49725476.0,938439301.0,15:34:59,2026-09-02
sh600027,华电国际,4.67,0.01,0.215,4.66,4.67,4.66,4.65,4.69,4.62,59535444.0,277521773.0,15:34:59,2026-09-02
sh600028,中国石化,5.43,-0.09,-1.63,5.43,5.44,5.52,5.56,5.62,5.43,238586606.0,1313225983.0,15:34:59,2026-09-02
sh600029,南方航空,4.98,-0.03,-0.599,4.97,4.98,5.01,4.99,5.0,4.96,50973145.0,253564389.0,15:34:59,2026-09-02
sh600030,中信证券,27.47,-0.55,-1.963,27.46,27.47,28.02,27.91,28.0,27.46,102981162.0,2842606814.0,15:34:59,2026-09-02
sh600031,三一重工,19.63,-0.59,-2.918,19.63,19.64,20.22,20.27,20.27,19.56,64408064.0,1278432744.0,15:34:59,2026-09-02
sh600032,浙江新能,6.82,-0.03,-0.438,6.81,6.82,6.85,6.86,6.86,6.77,9142800.0,62259678.0,15:34:59,2026-09-02
sh600033,福建高速,3.55,-0.04,-1.114,3.55,3.56,3.59,3.58,3.59,3.54,24446571.0,86966286.0,15:00:03,2026-09-02
sh600035,楚天高速,3.77,0.03,0.802,3.76,3.77,3.74,3.73,3.78,3.71,25719148.0,96609118.0,15:34:59,2026-09-02
sh600036,招商银行,40.87,0.01,0.024,40.86,40.87,40.86,40.9,41.0,40.63,64861142.0,2647880876.0,15:34:59,2026-09-02
sh600037,歌华有线,7.07,-0.09,-1.257,7.06,7.07,7.16,7.14,7.18,7.01,17028958.0,120198334.0,15:34:59,2026-09-02
sh600038,中直股份,27.69,-0.09,-0.324,27.68,27.69,27.78,27.71,27.95,27.61,6018751.0,167203616.0,15:00:04,2026-09-02
sh600039,四川路桥,9.52,-0.04,-0.418,9.52,9.53,9.56,9.55,9.63,9.36,35881961.0,341629584.0,15:34:59,2026-09-02
sh600048,保利发展,4.87,-0.03,-0.612,4.87,4.88,4.9,4.87,4.91,4.79,165051976.0,799157081.0,15:34:59,2026-09-02
sh600050,中国联通,4.29,-0.03,-0.694,4.29,4.3,4.32,4.33,4.34,4.28,116364324.0,500206779.0,15:34:59,2026-09-02
sh600051,宁波联合,6.44,-0.04,-0.617,6.42,6.44,6.48,6.47,6.47,6.36,4117000.0,26384463.0,15:00:05,2026-09-02
sh600052,东望时代,3.98,-0.04,-0.995,3.97,3.98,4.02,4.05,4.05,3.93,10309137.0,40955348.0,15:00:00,2026-09-02
sh600053,*ST九鼎,7.95,0.01,0.126,7.95,7.97,7.94,7.88,8.08,7.83,1918400.0,15264245.0,15:00:04,2026-09-02
sh600054,黄山旅游,11.73,0.18,1.558,11.73,11.74,11.55,11.5,11.77,11.45,16543871.0,192792560.0,15:34:59,2026-09-02
sh600055,万东医疗,11.01,-0.22,-1.959,10.98,11.01,11.23,11.2,11.21,10.95,3685722.0,40622110.0,15:00:04,2026-09-02
sh600056,中国医药,9.07,-0.12,-1.306,9.06,9.07,9.19,9.18,9.18,9.05,11877680.0,107926423.0,15:34:59,2026-09-02
sh600057,厦门象屿,6.36,-0.26,-3.927,6.36,6.37,6.62,6.6,6.62,6.34,20313736.0,130195050.0,15:34:59,2026-09-02
sh600058,五矿发展,9.89,-0.03,-0.302,9.88,9.89,9.92,9.83,9.98,9.68,5916301.0,58065404.0,15:34:59,2026-09-02
sh600059,古越龙山,8.34,-0.06,-0.714,8.33,8.34,8.4,8.42,8.58,8.31,12995200.0,109570490.0,15:00:01,2026-09-02
sh600060,海信视像,28.29,-0.22,-0.772,28.28,28.29,28.51,28.5,28.53,28.0,6501842.0,183700142.0,15:34:59,2026-09-02
sh600061,国投资本,6.45,-0.12,-1.826,6.44,6.45,6.57,6.54,6.56,6.43,33501558.0,216779156.0,15:34:59,2026-09-02
sh600062,华润双鹤,15.97,-0.12,-0.746,15.97,15.98,16.09,16.08,16.09,15.91,4850146.0,77396229.0,15:34:59,2026-09-02
sh600063,皖维高新,5.7,-0.16,-2.73,5.69,5.7,5.86,5.83,5.85,5.66,31656903.0,180788348.0,15:34:59,2026-09-02
sh600064,南京高科,7.63,-0.1,-1.294,7.62,7.63,7.73,7.73,7.75,7.56,14381926.0,109585809.0,15:00:00,2026-09-02
sh600066,宇通客车,29.47,-1.07,-3.504,29.46,29.47,30.54,30.88,30.89,29.39,23723327.0,708034994.0,15:34:59,2026-09-02
sh600067,冠城新材,2.91,0.0,0.0,2.9,2.91,2.91,2.89,2.91,2.83,16179650.0,46557642.0,15:34:59,2026-09-02
sh600071,凤凰光学,16.9,0.09,0.535,16.89,16.9,16.81,16.61,17.08,16.5,3834574.0,64562470.0,15:00:02,2026-09-02
sh600072,中船科技,8.85,0.0,0.0,8.84,8.85,8.85,8.84,8.88,8.75,11074861.0,97673335.0,15:34:59,2026-09-02
sh600073,光明肉业,5.65,-0.15,-2.586,5.65,5.66,5.8,5.78,5.79,5.61,15897650.0,90075035.0,15:34:59,2026-09-02
sh600075,新疆天业,4.83,-0.13,-2.621,4.82,4.83,4.96,5.02,5.06,4.81,26105227.0,127255609.0,15:34:59,2026-09-02
sh600076,康欣新材,3.25,-0.03,-0.915,3.25,3.26,3.28,3.25,3.27,3.21,14147200.0,45901794.0,15:34:59,2026-09-02
sh600078,澄星股份,11.28,0.11,0.985,11.28,11.29,11.17,11.08,11.61,10.7,31166437.0,346602659.0,15:34:59,2026-09-02
sh600079,ST人福,18.89,0.03,0.159,18.88,18.89,18.86,18.81,18.97,18.78,8443202.0,159308435.0,15:34:59,2026-09-02
sh600080,ST金花,4.91,-0.04,-0.808,4.91,4.93,4.95,4.95,4.96,4.89,1522900.0,7491241.0,15:00:03,2026-09-02
sh600081,东风科技,10.47,0.05,0.48,10.46,10.47,10.42,10.4,10.49,10.34,1821525.0,18987631.0,15:34:59,2026-09-02
sh600082,ST海泰,2.97,-0.02,-0.669,2.97,2.98,2.99,2.96,3.02,2.95,4634054.0,13814000.0,15:34:59,2026-09-02
sh600084,*ST尼雅,4.21,-0.03,-0.708,4.2,4.21,4.24,4.21,4.25,4.19,1697601.0,7152640.0,15:34:59,2026-09-02
sh600085,同仁堂,23.84,-0.17,-0.708,23.84,23.85,24.01,24.0,24.08,23.75,4172700.0,99397198.0,15:34:59,2026-09-02
sh600088,中视传媒,11.98,-0.41,-3.309,11.98,11.99,12.39,12.27,12.36,11.95,6728992.0,81246314.0,15:00:03,2026-09-02
sh600089,特变电工,18.78,-0.25,-1.314,18.78,18.79,19.03,18.99,18.99,18.7,51115222.0,959613273.0,15:34:59,2026-09-02
sh600094,大名城,3.98,0.01,0.252,3.98,3.99,3.97,3.94,4.02,3.84,19582535.0,76929629.0,15:34:59,2026-09-02
sh600095,湘财股份,9.6,-0.23,-2.34,9.6,9.61,9.83,9.73,9.86,9.54,77323292.0,748573521.0,15:34:59,2026-09-02
sh600096,云天化,30.91,-1.05,-3.285,30.91,30.92,31.96,31.99,32.2,30.63,46453859.0,1449405747.0,15:34:59,2026-09-02
sh600097,开创国际,9.23,-0.14,-1.494,9.23,9.24,9.37,9.42,9.42,9.17,4772301.0,44124531.0,15:00:02,2026-09-02
sh600098,广州发展,5.94,-0.05,-0.835,5.94,5.95,5.99,5.98,6.0,5.9,21501235.0,127643650.0,15:34:59,2026-09-02
sh600099,林海股份,9.55,-0.05,-0.521,9.53,9.55,9.6,9.6,9.64,9.41,2583700.0,24578990.0,15:00:02,2026-09-02
sh600100,同方股份,6.96,-0.11,-1.556,6.95,6.96,7.07,7.01,7.04,6.93,16301100.0,113536010.0,15:34:59,2026-09-02
sh600101,明星电力,7.85,-0.03,-0.381,7.84,7.85,7.88,7.84,7.89,7.79,5683599.0,44562082.0,15:00:01,2026-09-02
sh600103,青山纸业,3.93,-0.26,-6.205,3.92,3.93,4.19,4.02,4.12,3.79,555457262.0,2188945338.0,15:34:59,2026-09-02
sh600104,上汽集团,10.36,-0.13,-1.239,10.35,10.36,10.49,10.46,10.5,10.3,31884100.0,330281411.0,15:34:59,2026-09-02
sh600105,永鼎股份,38.56,0.16,0.417,38.55,38.56,38.4,37.17,39.0,37.17,82596070.0,3154221023.0,15:34:59,2026-09-02
sh600106,重庆路桥,4.62,0.11,2.439,4.61,4.62,4.51,4.49,4.71,4.42,29370785.0,134057174.0,15:34:59,2026-09-02
sh600107,*ST尔雅,6.33,0.2,3.263,6.32,6.33,6.13,6.09,6.44,6.08,3177200.0,20090440.0,15:00:04,2026-09-02
sh600108,亚盛集团,3.6,-0.32,-8.163,3.6,3.61,3.92,3.88,3.88,3.57,220588438.0,810937523.0,15:34:59,2026-09-02
sh600109,国金证券,8.56,-0.2,-2.283,8.56,8.57,8.76,8.73,8.74,8.55,27282240.0,234737094.0,15:34:59,2026-09-02
sh600110,诺德股份,11.65,-0.26,-2.183,11.65,11.66,11.91,11.69,12.22,11.62,202383019.0,2404498038.0,15:34:59,2026-09-02
sh600111,北方稀土,39.09,-1.08,-2.689,39.09,39.1,40.17,39.84,39.84,38.87,38379258.0,1503379577.0,15:34:59,2026-09-02
sh600113,浙江东日,29.63,-0.39,-1.299,29.63,29.64,30.02,29.81,30.24,29.5,3475100.0,103549200.0,15:34:59,2026-09-02
sh600114,东睦股份,30.09,0.22,0.737,30.08,30.09,29.87,29.5,30.31,28.91,17873685.0,526828555.0,15:34:59,2026-09-02
sh600115,中国东航,3.41,-0.08,-2.292,3.41,3.42,3.49,3.44,3.45,3.4,182206167.0,622350355.0,15:34:59,2026-09-02
sh600116,三峡水利,6.31,-0.02,-0.316,6.3,6.31,6.33,6.33,6.34,6.25,9628046.0,60590586.0,15:00:03,2026-09-02
sh600117,西宁特钢,2.3,-0.04,-1.709,2.3,2.31,2.34,2.33,2.35,2.27,15425300.0,35420621.0,15:00:02,2026-09-02
sh600118,中国卫星,58.67,-0.75,-1.262,58.67,58.68,59.42,58.99,59.67,58.28,18017270.0,1060876803.0,15:34:59,2026-09-02
sh600119,*ST长投,4.94,-0.1,-1.984,4.94,4.97,5.04,5.01,5.05,4.87,5272710.0,26065521.0,15:00:03,2026-09-02
sh600120,浙江东方,4.94,-0.08,-1.594,4.93,4.94,5.02,4.99,5.0,4.89,31144978.0,153397811.0,15:34:59,2026-09-02
sh600121,郑州煤电,5.3,-0.1,-1.852,5.3,5.31,5.4,5.94,5.94,5.16,338974767.0,1906270244.0,15:34:59,2026-09-02
sh600123,兰花科创,7.08,-0.14,-1.939,7.08,7.09,7.22,7.33,7.36,6.98,33069580.0,234608386.0,15:00:03,2026-09-02
sh600125,铁龙物流,5.46,-0.07,-1.266,5.46,5.47,5.53,5.51,5.52,5.45,10992594.0,60139949.0,15:00:02,2026-09-02
sh600126,杭钢股份,6.4,-0.21,-3.177,6.4,6.41,6.61,6.53,6.56,6.32,54666386.0,350367449.0,15:34:59,2026-09-02
sh600127,金健米业,12.4,-0.84,-6.344,12.4,12.41,13.24,13.2,13.88,12.28,284991072.0,3664417348.0,15:34:59,2026-09-02
sh600128,苏豪弘业,8.65,-0.14,-1.593,8.65,8.66,8.79,8.78,8.78,8.57,5425701.0,46880668.0,15:34:59,2026-09-02
sh600129,太极集团,13.9,-0.25,-1.767,13.9,13.91,14.15,14.13,14.13,13.83,8048501.0,112250869.0,15:34:59,2026-09-02
sh600130,波导股份,4.75,-0.18,-3.651,4.74,4.75,4.93,4.88,4.88,4.68,59901267.0,284356754.0,15:34:59,2026-09-02
sh600131,国网信通,14.8,-0.22,-1.465,14.77,14.8,15.02,15.0,15.0,14.67,4659050.0,68869702.0,15:00:02,2026-09-02
sh600132,重庆啤酒,39.06,-0.58,-1.463,39.05,39.06,39.64,39.55,39.66,39.02,3639900.0,142777366.0,15:34:59,2026-09-02
sh600133,东湖高新,8.47,-0.11,-1.282,8.46,8.47,8.58,8.55,8.55,8.36,13945938.0,117686214.0,15:34:59,2026-09-02
sh600135,乐凯胶片,7.62,0.02,0.263,7.61,7.62,7.6,7.63,7.67,7.48,4447691.0,33738566.0,15:00:02,2026-09-02
sh600136,ST明诚,1.47,-0.01,-0.676,1.47,1.48,1.48,1.48,1.48,1.45,9607400.0,14081965.0,15:34:59,2026-09-02
sh600137,浪莎股份,18.44,-0.25,-1.338,18.44,18.45,18.69,18.74,18.74,18.24,1067200.0,19673673.0,15:00:02,2026-09-02
sh600138,中青旅,7.35,0.02,0.273,7.35,7.36,7.33,7.3,7.39,7.23,14223208.0,104348139.0,15:34:59,2026-09-02
sh600141,兴发集团,31.44,0.42,1.354,31.43,31.44,31.02,30.66,31.77,30.05,37807324.0,1169754806.0,15:34:59,2026-09-02
sh600143,金发科技,13.84,-0.19,-1.354,13.83,13.84,14.03,13.92,13.93,13.71,21677450.0,298981556.0,15:34:59,2026-09-02
sh600148,长春一东,16.36,0.16,0.988,16.34,16.36,16.2,16.12,16.5,16.06,2260556.0,36868542.0,15:00:04,2026-09-02
sh600149,廊坊发展,5.17,-0.02,-0.385,5.16,5.17,5.19,5.19,5.2,5.08,6962000.0,35750189.0,15:34:59,2026-09-02
sh600150,中国船舶,33.93,-0.5,-1.452,33.92,33.93,34.43,34.2,34.47,33.73,71015661.0,2417258710.0,15:34:59,2026-09-02
sh600151,航天机电,9.94,-0.01,-0.101,9.93,9.94,9.95,9.88,10.06,9.78,15355813.0,151934305.0,15:34:59,2026-09-02
sh600152,维科技术,8.25,-0.19,-2.251,8.25,8.26,8.44,8.38,8.38,8.12,12023001.0,98788717.0,15:34:59,2026-09-02
sh600153,建发股份,8.11,-0.03,-0.369,8.1,8.11,8.14,8.15,8.21,8.02,26747608.0,216154727.0,15:34:59,2026-09-02
sh600155,华创云信,6.2,-0.12,-1.899,6.19,6.2,6.32,6.29,6.35,6.19,27297306.0,169853431.0,15:34:59,2026-09-02
sh600156,华升股份,8.7,0.07,0.811,8.69,8.7,8.63,8.63,8.73,8.47,8430600.0,72632902.0,15:34:59,2026-09-02
sh600157,永泰能源,1.54,-0.03,-1.911,1.54,1.55,1.57,1.57,1.58,1.54,481653298.0,749013500.0,15:34:59,2026-09-02
sh600158,中体产业,7.33,0.0,0.0,7.32,7.33,7.33,7.34,7.38,7.23,22059688.0,161226683.0,15:34:59,2026-09-02
sh600159,大龙地产,2.75,0.06,2.23,2.75,2.76,2.69,2.67,2.77,2.59,53927366.0,144534531.0,15:34:59,2026-09-02
sh600160,巨化股份,38.03,-1.02,-2.612,38.02,38.03,39.05,38.5,38.85,38.0,23233922.0,888741210.0,15:34:59,2026-09-02
sh600161,天坛生物,12.16,-0.2,-1.618,12.15,12.16,12.36,12.36,12.43,12.14,8741152.0,106642978.0,15:34:59,2026-09-02
sh600162,香江控股,4.8,-0.12,-2.439,4.8,4.81,4.92,4.96,5.06,4.7,226149079.0,1090876837.0,15:34:59,2026-09-02
sh600163,中闽能源,5.14,-0.02,-0.388,5.13,5.14,5.16,5.15,5.19,5.1,15364161.0,79077034.0,15:34:59,2026-09-02
sh600165,宁科生物,3.16,-0.06,-1.863,3.15,3.16,3.22,3.22,3.25,3.15,11975450.0,38208217.0,15:34:59,2026-09-02
sh600166,福田汽车,2.86,-0.07,-2.389,2.86,2.87,2.93,2.91,2.92,2.85,104900102.0,301292689.0,15:34:59,2026-09-02
sh600167,联美控股,5.72,0.07,1.239,5.71,5.72,5.65,5.63,5.76,5.53,10372200.0,58423783.0,15:34:59,2026-09-02
sh600168,武汉控股,4.51,0.02,0.445,4.5,4.51,4.49,4.49,4.53,4.45,5925776.0,26607189.0,15:00:03,2026-09-02
sh600169,ST太重,2.15,0.01,0.467,2.14,2.15,2.14,2.14,2.18,2.13,16836651.0,36338616.0,15:34:59,2026-09-02
sh600170,上海建工,2.26,-0.02,-0.877,2.25,2.26,2.28,2.27,2.28,2.24,109179394.0,246016902.0,15:34:59,2026-09-02
sh600171,上海贝岭,22.94,-0.33,-1.418,22.93,22.94,23.27,23.03,23.23,22.84,6730700.0,154681087.0,15:34:59,2026-09-02
sh600172,黄河旋风,14.75,0.11,0.751,14.75,14.76,14.64,14.16,15.99,14.16,257031173.0,3893296681.0,15:34:59,2026-09-02
sh600173,卧龙新能,6.21,-0.05,-0.799,6.2,6.21,6.26,6.25,6.26,6.13,4228100.0,26178885.0,15:00:04,2026-09-02
sh600176,中国巨石,44.13,1.11,2.58,44.13,44.14,43.02,41.97,44.81,41.7,264704479.0,11617627892.0,15:34:59,2026-09-02
sh600177,雅戈尔,8.2,-0.02,-0.243,8.19,8.2,8.22,8.18,8.28,8.15,22137591.0,181371855.0,15:34:59,2026-09-02
sh600178,东安动力,10.02,0.12,1.212,10.02,10.03,9.9,9.86,10.3,9.83,13379929.0,134883984.0,15:34:59,2026-09-02
sh600179,安通控股,4.54,-0.07,-1.518,4.53,4.54,4.61,4.58,4.64,4.53,27810673.0,126650382.0,15:34:59,2026-09-02
sh600180,*ST瑞茂,1.45,-0.03,-2.027,1.45,1.46,1.48,1.47,1.48,1.43,13238280.0,19236574.0,15:34:59,2026-09-02
sh600182,S佳通,13.05,-0.08,-0.609,13.05,13.07,13.13,13.13,13.19,12.97,2091700.0,27323279.0,15:00:04,2026-09-02
sh600183,生益科技,144.98,0.56,0.388,144.97,144.98,144.42,139.0,149.23,138.99,65588208.0,9553436834.0,15:34:59,2026-09-02
sh600184,光电股份,18.22,0.27,1.504,18.22,18.23,17.95,17.72,18.49,17.72,22950436.0,417964226.0,15:34:59,2026-09-02
sh600185,珠免集团,4.8,-0.05,-1.031,4.8,4.81,4.85,4.85,4.88,4.71,34177202.0,163495805.0,15:34:59,2026-09-02
sh600186,莲花控股,11.86,0.23,1.978,11.86,11.87,11.63,11.22,12.16,11.01,289382241.0,3371646462.0,15:34:59,2026-09-02
sh600187,*ST国中,1.34,-0.02,-1.471,1.34,1.35,1.36,1.35,1.36,1.33,18470700.0,24786340.0,15:34:59,2026-09-02
sh600188,兖矿能源,21.95,-0.53,-2.358,21.95,21.96,22.48,23.23,23.25,21.41,62880776.0,1385290395.0,15:34:59,2026-09-02
sh600189,泉阳泉,7.76,-0.29,-3.602,7.76,7.77,8.05,7.98,8.01,7.75,11294591.0,88601029.0,15:00:04,2026-09-02
sh600191,华资实业,10.45,-0.2,-1.878,10.44,10.45,10.65,10.6,10.72,10.35,7240925.0,75874220.0,15:34:59,2026-09-02
sh600192,长城电工,7.37,0.19,2.646,7.37,7.38,7.18,7.12,7.47,7.1,18056248.0,132487439.0,15:34:59,2026-09-02
sh600195,中牧股份,6.75,-0.1,-1.46,6.73,6.75,6.85,6.85,6.85,6.7,7585140.0,51228288.0,15:00:01,2026-09-02
sh600196,复星医药,22.2,-0.3,-1.333,22.2,22.21,22.5,22.51,22.53,22.18,18243509.0,407133793.0,15:34:59,2026-09-02
sh600197,伊力特,9.6,-0.13,-1.336,9.6,9.61,9.73,9.68,9.78,9.58,3704099.0,35792585.0,15:34:59,2026-09-02
sh600198,大唐电信,7.75,-0.22,-2.76,7.74,7.75,7.97,7.85,7.98,7.75,19246266.0,150691480.0,15:34:59,2026-09-02
sh600199,金种子酒,7.31,-0.11,-1.482,7.31,7.32,7.42,7.33,7.63,7.27,25480735.0,189658157.0,15:34:59,2026-09-02
sh600201,生物股份,12.31,-0.46,-3.602,12.3,12.31,12.77,12.7,12.77,12.25,14000504.0,174318568.0,15:00:02,2026-09-02
sh600202,哈空调,5.24,-0.02,-0.38,5.21,5.24,5.26,5.25,5.25,5.13,5441102.0,28235160.0,15:00:04,2026-09-02
sh600203,福日电子,11.01,-0.21,-1.872,11.0,11.01,11.22,11.7,12.33,10.92,79255189.0,911468248.0,15:34:59,2026-09-02
sh600206,有研新材,48.26,-0.61,-1.248,48.26,48.27,48.87,47.65,49.12,47.17,48734714.0,2354102065.0,15:34:59,2026-09-02
sh600207,安彩高科,4.5,0.02,0.446,4.49,4.5,4.48,4.46,4.52,4.41,14440061.0,64581203.0,15:34:59,2026-09-02
sh600208,衢州发展,2.9,-0.01,-0.344,2.89,2.9,2.91,2.9,2.92,2.86,75988488.0,219423744.0,15:34:59,2026-09-02
sh600210,紫江企业,6.12,-0.04,-0.649,6.11,6.12,6.16,6.15,6.16,6.09,14431000.0,88302853.0,15:34:59,2026-09-02
sh600211,西藏药业,38.02,-0.6,-1.554,38.02,38.03,38.62,38.63,38.8,37.98,3878130.0,148054193.0,15:34:59,2026-09-02
sh600212,绿能慧充,6.35,0.08,1.276,6.34,6.35,6.27,6.24,6.37,6.17,10643038.0,66943014.0,15:34:59,2026-09-02
sh600215,派斯林,6.75,-0.04,-0.589,6.75,6.76,6.79,6.73,6.84,6.62,7973170.0,53907046.0,15:00:02,2026-09-02
sh600216,浙江医药,12.71,-0.17,-1.32,12.71,12.72,12.88,12.81,12.87,12.61,13893487.0,176456884.0,15:34:59,2026-09-02
sh600217,中再资环,3.28,-0.02,-0.606,3.27,3.28,3.3,3.29,3.3,3.23,11906700.0,38843465.0,15:34:59,2026-09-02
sh600218,全柴动力,7.82,0.08,1.034,7.82,7.83,7.74,7.78,7.85,7.65,8504800.0,66232394.0,15:00:03,2026-09-02
sh600219,南山铝业,4.88,-0.03,-0.611,4.87,4.88,4.91,4.91,4.91,4.79,127100630.0,616075495.0,15:34:59,2026-09-02
sh600221,海航控股,1.3,-0.01,-0.763,1.29,1.3,1.31,1.3,1.31,1.29,201822200.0,262523683.0,15:34:59,2026-09-02
sh600222,太龙药业,8.6,0.02,0.233,8.59,8.6,8.58,8.5,8.73,8.37,21597851.0,184963501.0,15:34:59,2026-09-02
sh600223,福瑞达,5.7,-0.05,-0.87,5.7,5.71,5.75,5.73,5.78,5.67,8752584.0,50028905.0,15:34:59,2026-09-02
sh600226,亨通股份,5.96,-0.1,-1.65,5.96,5.97,6.06,5.96,6.02,5.89,65960865.0,392533238.0,15:34:59,2026-09-02
sh600227,赤天化,4.91,-0.26,-5.029,4.91,4.92,5.17,5.18,5.23,4.65,407452098.0,1972283353.0,15:34:59,2026-09-02
sh600228,返利科技,9.75,0.61,6.674,9.75,9.76,9.14,9.17,9.95,9.07,50260000.0,484367284.0,15:34:59,2026-09-02
sh600229,城市传媒,5.37,-0.03,-0.556,5.37,5.39,5.4,5.37,5.4,5.26,5961601.0,31752337.0,15:00:03,2026-09-02
sh600230,沧州大化,14.65,-0.58,-3.808,14.65,14.66,15.23,15.17,15.27,14.54,13744600.0,202940407.0,15:34:59,2026-09-02
sh600231,凌钢股份,1.76,-0.02,-1.124,1.76,1.77,1.78,1.77,1.79,1.73,17991518.0,31520247.0,15:00:04,2026-09-02
sh600232,金鹰股份,6.65,-0.02,-0.3,6.64,6.65,6.67,6.62,6.67,6.53,3833100.0,25331862.0,15:00:04,2026-09-02
sh600233,圆通速递,16.6,-0.26,-1.542,16.59,16.6,16.86,16.8,16.89,16.48,14903806.0,247680688.0,15:34:59,2026-09-02
sh600234,科新发展,20.78,-0.43,-2.027,20.74,20.78,21.21,21.21,21.22,20.55,1679438.0,34958563.0,15:34:59,2026-09-02
sh600235,民丰特纸,5.96,-0.02,-0.334,5.95,5.96,5.98,5.98,5.98,5.88,3811900.0,22572481.0,15:00:03,2026-09-02
sh600236,桂冠电力,10.19,0.31,3.138,10.19,10.2,9.88,9.92,10.34,9.84,27829470.0,281054306.0,15:34:59,2026-09-02
sh600237,铜峰电子,8.31,-0.21,-2.465,8.3,8.31,8.52,8.54,8.57,8.23,20025724.0,166762931.0,15:34:59,2026-09-02
sh600238,ST椰岛,4.72,-0.01,-0.211,4.71,4.72,4.73,4.67,4.73,4.66,2433000.0,11405835.0,15:00:03,2026-09-02
sh600239,ST云城,1.43,-0.01,-0.694,1.42,1.43,1.44,1.44,1.44,1.42,10847175.0,15478387.0,15:34:59,2026-09-02
sh600241,时代万恒,7.65,-0.05,-0.649,7.65,7.66,7.7,7.67,7.67,7.51,3351800.0,25463181.0,15:34:59,2026-09-02
sh600243,*ST海华,3.76,-0.02,-0.529,3.76,3.77,3.78,3.78,3.81,3.68,4204405.0,15789399.0,15:00:02,2026-09-02
sh600246,万通发展,12.69,0.02,0.158,12.69,12.7,12.67,12.2,13.27,12.2,151291042.0,1944109300.0,15:34:59,2026-09-02
sh600248,陕建股份,2.9,-0.04,-1.361,2.9,2.91,2.94,2.94,2.94,2.88,19400370.0,56199565.0,15:00:05,2026-09-02
sh600249,两面针,5.41,0.04,0.745,5.4,5.41,5.37,5.39,5.52,5.27,12837779.0,69292380.0,15:34:59,2026-09-02
sh600250,南京商旅,10.08,-0.34,-3.263,10.08,10.09,10.42,10.39,10.43,9.99,30229188.0,307761252.0,15:34:59,2026-09-02
sh600251,冠农股份,10.62,-0.97,-8.369,10.61,10.62,11.59,11.48,11.48,10.53,45437382.0,490863735.0,15:34:59,2026-09-02
sh600252,中恒集团,2.27,-0.08,-3.404,2.26,2.27,2.35,2.35,2.35,2.25,63628100.0,145206146.0,15:34:59,2026-09-02
sh600255,鑫科材料,3.52,0.14,4.142,3.51,3.52,3.38,3.36,3.69,3.31,199153244.0,701744407.0,15:34:59,2026-09-02
sh600256,广汇能源,6.6,-0.16,-2.367,6.6,6.61,6.76,6.9,6.93,6.56,180724998.0,1208359706.0,15:34:59,2026-09-02
sh600257,大湖股份,5.81,-0.15,-2.517,5.81,5.82,5.96,5.91,5.92,5.76,18427000.0,107077408.0,15:34:59,2026-09-02
sh600258,首旅酒店,11.73,-0.18,-1.511,11.72,11.73,11.91,11.83,11.89,11.54,22282802.0,260940564.0,15:34:59,2026-09-02
sh600259,中稀有色,78.62,-3.14,-3.841,78.62,78.63,81.76,80.8,80.8,77.68,7424802.0,583971641.0,15:34:59,2026-09-02
sh600261,阳光照明,3.25,-0.03,-0.915,3.25,3.26,3.28,3.26,3.28,3.23,9714500.0,31573577.0,15:00:02,2026-09-02
sh600262,北方股份,15.71,0.03,0.191,15.71,15.73,15.68,15.55,15.95,15.5,9328200.0,147099182.0,15:34:59,2026-09-02
sh600265,*ST景谷,22.88,-0.41,-1.76,22.88,22.95,23.29,23.1,23.2,22.71,517601.0,11844779.0,15:34:59,2026-09-02
sh600266,城建发展,4.19,-0.06,-1.412,4.18,4.19,4.25,4.23,4.26,4.1,33036647.0,137410338.0,15:34:59,2026-09-02
sh600267,海正药业,11.74,-0.27,-2.248,11.74,11.75,12.01,12.03,12.05,11.7,24352284.0,287981368.0,15:34:59,2026-09-02
sh600268,国电南自,10.49,-0.12,-1.131,10.48,10.49,10.61,10.59,10.59,10.38,9799241.0,102506910.0,15:34:59,2026-09-02
sh600269,赣粤高速,3.87,-0.01,-0.258,3.86,3.87,3.88,3.88,3.89,3.83,16207701.0,62500614.0,15:00:04,2026-09-02
sh600271,航天信息,6.95,-0.04,-0.572,6.94,6.95,6.99,6.96,6.98,6.88,8839742.0,61262007.0,15:34:59,2026-09-02
sh600272,开开实业,18.08,-2.01,-10.005,18.08,18.09,20.09,20.0,20.65,18.08,41537303.0,777014072.0,15:34:59,2026-09-02
sh600273,嘉化能源,6.75,-0.15,-2.174,6.74,6.75,6.9,6.91,6.91,6.69,17214901.0,116183857.0,15:34:59,2026-09-02
sh600276,恒瑞医药,45.57,-0.66,-1.428,45.57,45.58,46.23,46.23,46.32,45.49,54828799.0,2509384084.0,15:34:59,2026-09-02
sh600278,东方创业,6.56,-0.05,-0.756,6.55,6.56,6.61,6.6,6.65,6.49,5617500.0,36687484.0,15:34:59,2026-09-02
sh600279,重庆港,4.37,-0.02,-0.456,4.37,4.38,4.39,4.37,4.4,4.34,6207200.0,27091535.0,15:00:03,2026-09-02
sh600280,中央商场,3.13,-0.04,-1.262,3.12,3.13,3.17,3.18,3.25,3.09,33171700.0,103926966.0,15:34:59,2026-09-02
sh600281,华阳新材,4.88,-0.06,-1.215,4.87,4.88,4.94,4.9,4.96,4.81,12395200.0,60410380.0,15:34:59,2026-09-02
sh600282,南钢股份,4.74,0.01,0.211,4.74,4.75,4.73,4.72,4.76,4.67,32410665.0,152720744.0,15:00:02,2026-09-02
sh600283,钱江水利,8.19,0.03,0.368,8.19,8.2,8.16,8.12,8.25,8.09,3721921.0,30475596.0,15:00:03,2026-09-02
sh600284,浦东建设,5.29,0.06,1.147,5.29,5.3,5.23,5.2,5.49,5.12,31452141.0,165675864.0,15:34:59,2026-09-02
sh600285,羚锐制药,19.6,-0.18,-0.91,19.59,19.6,19.78,19.69,19.77,19.55,5924925.0,116108825.0,15:34:59,2026-09-02
sh600287,苏豪时尚,5.05,-0.02,-0.394,5.03,5.05,5.07,5.06,5.07,4.98,3170400.0,15917597.0,15:00:04,2026-09-02
sh600288,大恒科技,11.23,-0.17,-1.491,11.23,11.24,11.4,11.24,11.34,11.17,15180494.0,170663172.0,15:34:59,2026-09-02
sh600289,ST信通,4.38,-0.02,-0.455,4.33,4.38,4.4,4.4,4.4,4.29,2893000.0,12510738.0,15:00:04,2026-09-02
sh600292,电投水电,12.13,-0.23,-1.861,12.12,12.13,12.36,12.28,12.29,12.09,8727800.0,105915861.0,15:34:59,2026-09-02
sh600293,三峡新材,3.0,-0.05,-1.639,2.99,3.0,3.05,3.05,3.06,2.96,27804161.0,83279317.0,15:34:59,2026-09-02
sh600295,鄂尔多斯,13.83,0.15,1.096,13.83,13.85,13.68,13.56,14.04,13.45,10720800.0,147578912.0,15:34:59,2026-09-02
sh600298,安琪酵母,42.72,0.83,1.981,42.71,42.72,41.89,42.06,43.3,42.0,9879535.0,422161210.0,15:34:59,2026-09-02
sh600299,安迪苏,8.36,-0.32,-3.687,8.35,8.36,8.68,8.65,8.67,8.29,44360630.0,372153439.0,15:34:59,2026-09-02
sh600300,维维股份,3.24,-0.08,-2.41,3.23,3.24,3.32,3.3,3.32,3.22,43233802.0,140011021.0,15:34:59,2026-09-02
sh600301,华锡有色,45.0,-2.0,-4.255,44.99,45.0,47.0,46.35,46.36,44.01,9694377.0,435019472.0,15:34:59,2026-09-02
sh600302,ST标准,6.52,-0.04,-0.61,6.52,6.56,6.56,6.53,6.62,6.49,2473200.0,16193453.0,15:00:04,2026-09-02
sh600303,曙光股份,3.07,-0.02,-0.647,3.06,3.07,3.09,3.09,3.09,3.01,16360902.0,49846061.0,15:34:59,2026-09-02
sh600305,恒顺醋业,6.8,-0.1,-1.449,6.79,6.8,6.9,6.88,6.93,6.78,6491724.0,44215013.0,15:34:59,2026-09-02
sh600307,酒钢宏兴,1.5,-0.02,-1.316,1.49,1.5,1.52,1.51,1.53,1.49,40246200.0,60481288.0,15:34:59,2026-09-02
sh600308,华泰股份,3.3,-0.04,-1.198,3.29,3.3,3.34,3.33,3.34,3.28,7907836.0,26074034.0,15:34:59,2026-09-02
sh600309,万华化学,75.18,-1.84,-2.389,75.17,75.18,77.02,77.3,77.6,75.05,30948382.0,2341827520.0,15:34:59,2026-09-02
sh600310,广西能源,4.4,0.01,0.228,4.39,4.4,4.39,4.38,4.43,4.33,37117268.0,163096396.0,15:34:59,2026-09-02
sh600312,平高电气,19.29,-0.51,-2.576,19.28,19.29,19.8,19.78,19.78,19.25,13689201.0,265677669.0,15:34:59,2026-09-02
sh600313,农发种业,7.13,-0.77,-9.747,7.13,7.14,7.9,7.83,7.83,7.11,163322079.0,1203311729.0,15:34:59,2026-09-02
sh600315,上海家化,18.34,-0.11,-0.596,18.33,18.34,18.45,18.35,18.48,18.22,6991019.0,128102382.0,15:34:59,2026-09-02
sh600316,洪都航空,32.16,0.39,1.228,32.15,32.16,31.77,31.64,32.7,31.51,19962993.0,643631956.0,15:34:59,2026-09-02
sh600318,新力金融,7.19,-0.3,-4.005,7.19,7.2,7.49,7.3,7.41,7.06,47844462.0,344711985.0,15:34:59,2026-09-02
sh600319,亚星化学,6.61,-0.11,-1.637,6.6,6.61,6.72,6.72,6.72,6.53,4098200.0,27067125.0,15:34:59,2026-09-02
sh600320,振华重工,4.08,-0.08,-1.923,4.07,4.08,4.16,4.15,4.15,4.06,35813296.0,146292966.0,15:34:59,2026-09-02
sh600322,津投城开,2.72,-0.03,-1.091,2.71,2.72,2.75,2.73,2.76,2.67,21443029.0,58015077.0,15:34:59,2026-09-02
sh600323,瀚蓝环境,30.18,-0.53,-1.726,30.12,30.18,30.71,30.57,30.64,29.9,5255152.0,158598134.0,15:34:59,2026-09-02
sh600325,华发股份,2.44,-0.03,-1.215,2.43,2.44,2.47,2.47,2.51,2.37,84119563.0,203449764.0,15:34:59,2026-09-02
sh600326,西藏天路,7.62,0.0,0.0,7.62,7.63,7.62,7.62,7.88,7.52,31279544.0,240857341.0,15:34:59,2026-09-02
sh600327,大东方,4.06,-0.04,-0.976,4.05,4.06,4.1,4.1,4.13,4.02,14707400.0,59591382.0,15:34:59,2026-09-02
sh600328,中盐化工,6.3,-0.19,-2.928,6.3,6.31,6.49,6.49,6.52,6.23,27272148.0,172361604.0,15:34:59,2026-09-02
sh600329,达仁堂,35.86,-0.26,-0.72,35.86,35.87,36.12,36.06,36.33,35.78,1679788.0,60340990.0,15:00:02,2026-09-02
sh600330,天通股份,26.46,-0.52,-1.927,26.45,26.46,26.98,26.38,27.12,26.15,68200734.0,1807355479.0,15:34:59,2026-09-02
sh600331,宏达股份,12.76,-0.31,-2.372,12.76,12.77,13.07,12.84,12.99,12.62,31623783.0,402809287.0,15:34:59,2026-09-02
sh600332,白云山,20.13,-0.14,-0.691,20.12,20.13,20.27,20.22,20.24,20.06,6428828.0,129289432.0,15:34:59,2026-09-02
sh600333,长春燃气,6.87,0.05,0.733,6.86,6.87,6.82,6.85,6.92,6.76,12175764.0,83624823.0,15:34:59,2026-09-02
sh600335,国机汽车,5.2,-0.07,-1.328,5.19,5.2,5.27,5.25,5.28,5.18,10938600.0,56932937.0,15:00:04,2026-09-02
sh600336,澳柯玛,6.46,0.16,2.54,6.46,6.47,6.3,6.26,6.7,6.16,18416900.0,118968482.0,15:34:59,2026-09-02
sh600337,ST美克,3.26,0.01,0.308,3.26,3.27,3.25,3.21,3.3,3.21,11553700.0,37802633.0,15:00:03,2026-09-02
sh600338,西藏珠峰,13.74,-0.22,-1.576,13.74,13.75,13.96,13.79,13.85,13.38,35198143.0,478907051.0,15:34:59,2026-09-02
sh600339,中油工程,3.36,-0.08,-2.326,3.35,3.36,3.44,3.51,3.54,3.33,76582812.0,260946214.0,15:34:59,2026-09-02
sh600340,*ST华幸,1.08,-0.02,-1.818,1.08,1.09,1.1,1.09,1.1,1.08,41472483.0,44981630.0,15:34:59,2026-09-02
sh600343,航天动力,18.26,0.01,0.055,18.26,18.27,18.25,18.07,18.5,17.93,12852198.0,234521291.0,15:34:59,2026-09-02
sh600345,长江通信,49.56,-1.0,-1.978,49.55,49.56,50.56,50.2,50.85,49.49,8328022.0,416724244.0,15:34:59,2026-09-02
sh600346,恒力石化,18.39,-0.77,-4.019,18.39,18.4,19.16,19.36,19.37,18.3,34558400.0,641771975.0,15:34:59,2026-09-02
sh600348,华阳股份,8.85,-0.35,-3.804,8.84,8.85,9.2,9.35,9.4,8.81,51408772.0,462141769.0,15:34:59,2026-09-02
sh600350,山东高速,10.11,-0.14,-1.366,10.11,10.12,10.25,10.26,10.28,10.08,12042370.0,122052738.0,15:34:59,2026-09-02
sh600351,亚宝药业,6.8,-0.21,-2.996,6.79,6.8,7.01,6.97,6.97,6.78,21687105.0,148385806.0,15:00:03,2026-09-02
sh600352,浙江龙盛,12.22,-0.57,-4.457,12.22,12.23,12.79,12.6,12.94,12.22,72217502.0,895922361.0,15:34:59,2026-09-02
sh600353,旭光电子,33.08,-0.6,-1.781,33.08,33.1,33.68,32.77,33.58,32.2,45785029.0,1507984732.0,15:34:59,2026-09-02
sh600354,敦煌种业,8.21,-0.91,-9.978,0.0,8.21,9.12,9.03,9.03,8.21,135283744.0,1132714020.0,15:34:59,2026-09-02
sh600356,恒丰纸业,9.06,0.12,1.342,9.06,9.07,8.94,8.94,9.12,8.75,5465123.0,49095690.0,15:34:59,2026-09-02
sh600358,国旅联合,5.16,-0.08,-1.527,5.16,5.17,5.24,5.21,5.39,5.13,4788000.0,25003835.0,15:00:03,2026-09-02
sh600359,新农开发,7.18,-0.61,-7.831,7.17,7.18,7.79,7.57,7.64,7.07,46076443.0,333737589.0,15:34:59,2026-09-02
sh600360,华微电子,10.06,-0.23,-2.235,10.05,10.06,10.29,10.18,10.24,10.06,27584290.0,278933442.0,15:34:59,2026-09-02
sh600361,创新新材,3.67,-0.08,-2.133,3.67,3.68,3.75,3.73,3.74,3.64,45386230.0,166724558.0,15:34:59,2026-09-02
sh600362,江西铜业,46.55,-1.53,-3.182,46.55,46.56,48.08,46.7,47.36,45.72,63922622.0,2973955421.0,15:34:59,2026-09-02
sh600363,联创光电,16.34,0.13,0.802,16.33,16.34,16.21,16.04,16.58,16.01,45105649.0,735462501.0,15:34:59,2026-09-02
sh600365,ST通葡,2.86,-0.01,-0.348,2.85,2.86,2.87,2.87,2.87,2.83,1765200.0,5017046.0,15:00:03,2026-09-02
sh600366,宁波韵升,11.23,-0.23,-2.007,11.22,11.23,11.46,11.33,11.33,11.11,24290366.0,272015733.0,15:34:59,2026-09-02
sh600367,红星发展,38.39,0.43,1.133,38.39,38.4,37.96,37.03,39.36,37.02,34989382.0,1347376732.0,15:34:59,2026-09-02
sh600368,五洲交通,4.36,-0.05,-1.134,4.36,4.37,4.41,4.39,4.4,4.35,27443290.0,120056805.0,15:34:59,2026-09-02
sh600369,西南证券,4.07,-0.08,-1.928,4.07,4.08,4.15,4.13,4.14,4.06,36413200.0,148628076.0,15:00:03,2026-09-02
sh600370,*ST三房,1.56,-0.02,-1.266,1.55,1.56,1.58,1.57,1.58,1.54,13656600.0,21215431.0,15:34:59,2026-09-02
sh600371,万向德农,14.42,0.46,3.295,14.42,14.43,13.96,14.2,14.97,13.33,101985946.0,1453094160.0,15:34:59,2026-09-02
sh600372,中航机载,11.32,0.07,0.622,11.31,11.32,11.25,11.22,11.38,11.16,33647943.0,379929080.0,15:34:59,2026-09-02
sh600373,中文传媒,7.28,-0.17,-2.282,7.27,7.28,7.45,7.42,7.46,7.25,11250500.0,82425720.0,15:00:01,2026-09-02
sh600375,汉马科技,3.89,-0.05,-1.269,3.89,3.9,3.94,3.93,3.94,3.84,20097800.0,78059377.0,15:34:59,2026-09-02
sh600376,首开股份,3.29,-0.11,-3.235,3.29,3.3,3.4,3.35,3.38,3.28,65015608.0,214971081.0,15:34:59,2026-09-02
sh600377,宁沪高速,12.54,-0.03,-0.239,12.53,12.54,12.57,12.6,12.62,12.48,7215231.0,90511010.0,15:00:02,2026-09-02
sh600378,昊华科技,50.44,1.58,3.234,50.43,50.44,48.86,48.5,52.5,47.9,106560613.0,5387658558.0,15:34:59,2026-09-02
sh600379,宝光股份,15.14,0.72,4.993,15.14,15.15,14.42,14.28,15.34,14.22,27283404.0,405955879.0,15:34:59,2026-09-02
sh600380,健康元,9.12,-0.11,-1.192,9.11,9.12,9.23,9.2,9.23,9.1,13615925.0,124264344.0,15:34:59,2026-09-02
sh600381,*ST春天,4.29,-0.07,-1.606,4.28,4.29,4.36,4.37,4.37,4.19,9319400.0,39718716.0,15:34:59,2026-09-02
sh600382,广东明珠,6.43,-0.09,-1.38,6.43,6.44,6.52,6.48,6.48,6.32,9467227.0,60474131.0,15:34:59,2026-09-02
sh600383,金地集团,2.28,-0.03,-1.299,2.27,2.28,2.31,2.3,2.33,2.23,105594502.0,238395740.0,15:34:59,2026-09-02
sh600386,北巴传媒,3.55,-0.04,-1.114,3.55,3.56,3.59,3.59,3.59,3.52,6101072.0,21630504.0,15:00:02,2026-09-02
sh600388,紫金龙净,17.7,-0.25,-1.393,17.69,17.7,17.95,17.93,17.96,17.47,10077393.0,178119217.0,15:34:59,2026-09-02
sh600389,江山股份,18.51,-0.83,-4.292,18.49,18.51,19.34,19.34,19.37,18.33,14712866.0,274274371.0,15:34:59,2026-09-02
sh600390,五矿资本,5.02,-0.13,-2.524,5.01,5.02,5.15,5.12,5.14,5.01,38185382.0,192351984.0,15:34:59,2026-09-02
sh600391,航发科技,35.26,0.85,2.47,35.26,35.27,34.41,34.15,35.45,33.93,11291365.0,392364601.0,15:34:59,2026-09-02
sh600392,盛和资源,21.97,-0.78,-3.429,21.97,21.98,22.75,22.32,22.35,21.71,47325739.0,1041306709.0,15:34:59,2026-09-02
sh600395,盘江股份,5.4,-0.34,-5.923,5.4,5.41,5.74,5.81,5.85,5.37,82691454.0,454837625.0,15:34:59,2026-09-02
sh600396,华电辽能,13.43,-0.58,-4.14,13.42,13.43,14.01,13.82,14.1,13.4,98444000.0,1335292031.0,15:34:59,2026-09-02
sh600397,江钨装备,18.33,-0.36,-1.926,18.33,18.34,18.69,18.49,18.67,17.96,62460173.0,1142024773.0,15:34:59,2026-09-02
sh600398,海澜之家,5.84,-0.06,-1.017,5.84,5.85,5.9,5.92,5.98,5.82,42022110.0,247086870.0,15:00:03,2026-09-02
sh600399,抚顺特钢,4.46,-0.01,-0.224,4.45,4.46,4.47,4.45,4.47,4.36,28663050.0,126812725.0,15:34:59,2026-09-02
sh600400,红豆股份,2.92,-0.01,-0.341,2.92,2.93,2.93,2.91,2.97,2.84,38436379.0,112397777.0,15:00:05,2026-09-02
sh600403,大有能源,7.17,-0.33,-4.4,7.16,7.17,7.5,7.9,8.08,7.01,156038720.0,1171210439.0,15:34:59,2026-09-02
sh600405,动力源,5.16,0.15,2.994,5.15,5.16,5.01,5.0,5.17,4.96,24090151.0,122114127.0,15:34:59,2026-09-02
sh600406,国电南瑞,22.59,-0.33,-1.44,22.59,22.6,22.92,22.92,22.92,22.55,34661987.0,785814786.0,15:34:59,2026-09-02
sh600408,安泰集团,3.08,-0.1,-3.145,3.07,3.08,3.18,3.36,3.4,3.04,93999806.0,295925005.0,15:34:59,2026-09-02
sh600409,三友化工,7.03,-0.28,-3.83,7.02,7.03,7.31,7.34,7.35,7.0,27115600.0,192071383.0,15:34:59,2026-09-02
sh600410,华胜天成,14.68,-0.54,-3.548,14.68,14.69,15.22,14.61,15.21,14.61,121015597.0,1794275449.0,15:34:59,2026-09-02
sh600415,小商品城,12.61,-0.35,-2.701,12.61,12.62,12.96,12.87,12.97,12.55,46856299.0,596002701.0,15:34:59,2026-09-02
sh600416,湘电股份,8.59,0.07,0.822,8.58,8.59,8.52,8.5,8.62,8.36,12339600.0,105112123.0,15:34:59,2026-09-02
sh600418,江淮汽车,20.42,-0.58,-2.762,20.41,20.42,21.0,20.78,20.94,20.3,38556201.0,789652742.0,15:34:59,2026-09-02
sh600419,天润乳业,8.87,-0.23,-2.527,8.87,8.88,9.1,9.0,9.16,8.78,13821531.0,122833534.0,15:34:59,2026-09-02
sh600420,国药现代,8.52,-0.07,-0.815,8.51,8.52,8.59,8.59,8.62,8.49,7237200.0,61772067.0,15:00:04,2026-09-02
sh600422,昆药集团,8.52,-0.1,-1.16,8.5,8.52,8.62,8.61,8.61,8.47,5557900.0,47383865.0,15:34:59,2026-09-02
sh600423,*ST柳化,2.94,-0.03,-1.01,2.93,2.94,2.97,2.96,2.97,2.91,3200900.0,9372956.0,15:00:02,2026-09-02
sh600425,青松建化,3.73,-0.06,-1.583,3.73,3.74,3.79,3.77,3.79,3.69,15344545.0,57286785.0,15:34:59,2026-09-02
sh600426,华鲁恒升,20.68,-0.99,-4.569,20.68,20.69,21.67,21.95,22.3,20.6,67270336.0,1424195019.0,15:34:59,2026-09-02
sh600428,中远海特,11.17,-0.5,-4.284,11.17,11.18,11.67,11.69,11.79,11.15,41728026.0,473470151.0,15:34:59,2026-09-02
sh600429,三元股份,4.66,-0.14,-2.917,4.65,4.66,4.8,4.77,4.8,4.64,13795016.0,64602333.0,15:34:59,2026-09-02
sh600433,冠豪高新,3.42,-0.05,-1.441,3.42,3.43,3.47,3.45,3.46,3.4,23810515.0,81514308.0,15:34:59,2026-09-02
sh600435,北方导航,11.62,0.51,4.59,11.62,11.63,11.11,11.08,11.7,11.03,70418800.0,808296527.0,15:34:59,2026-09-02
sh600436,片仔癀,122.9,-0.2,-0.162,122.89,122.9,123.1,123.0,124.85,122.03,1900810.0,233376891.0,15:34:59,2026-09-02
sh600438,通威股份,11.36,-0.46,-3.892,11.35,11.36,11.82,11.73,11.79,11.35,38831519.0,445265696.0,15:34:59,2026-09-02
sh600439,ST瑞贝卡,1.97,-0.01,-0.505,1.96,1.97,1.98,1.97,1.98,1.94,10181400.0,19892014.0,15:34:59,2026-09-02
sh600444,国机通用,14.69,-0.06,-0.407,14.67,14.69,14.75,14.75,14.8,14.54,1908100.0,27957671.0,15:00:04,2026-09-02
sh600446,金证股份,11.2,-0.18,-1.582,11.19,11.2,11.38,11.32,11.38,11.05,14574000.0,163213403.0,15:34:59,2026-09-02
sh600448,华纺股份,3.07,-0.03,-0.968,3.07,3.08,3.1,3.1,3.12,3.03,12062516.0,36929882.0,15:00:03,2026-09-02
sh600449,宁夏建材,12.56,0.13,1.046,12.55,12.56,12.43,12.39,12.82,12.31,10474936.0,131919499.0,15:34:59,2026-09-02
sh600452,涪陵电力,9.11,-0.09,-0.978,9.11,9.12,9.2,9.18,9.2,9.08,13915307.0,126952773.0,15:34:59,2026-09-02
sh600455,博通股份,25.18,-0.11,-0.435,25.18,25.2,25.29,25.26,25.51,24.91,1910500.0,48095807.0,15:34:59,2026-09-02
sh600456,宝钛股份,26.87,-0.2,-0.739,26.86,26.88,27.07,27.05,27.05,26.45,3889100.0,103834624.0,15:34:59,2026-09-02
sh600458,时代新材,11.49,-0.29,-2.462,11.49,11.5,11.78,11.68,11.73,11.43,13267700.0,152732327.0,15:34:59,2026-09-02
sh600459,贵研铂业,20.0,-0.51,-2.487,19.99,20.0,20.51,20.16,20.16,19.56,19654386.0,390376921.0,15:34:59,2026-09-02
sh600460,士兰微,31.0,-1.35,-4.173,31.0,31.01,32.35,31.51,31.67,30.86,88839354.0,2769825615.0,15:34:59,2026-09-02
sh600461,洪城环境,8.93,-0.03,-0.335,8.93,8.94,8.96,8.96,9.0,8.88,9467426.0,84486435.0,15:00:02,2026-09-02
sh600463,空港股份,8.47,0.01,0.118,8.47,8.48,8.46,8.48,8.5,8.26,2763710.0,23125367.0,15:00:03,2026-09-02
sh600467,好当家,2.43,-0.05,-2.016,2.42,2.43,2.48,2.46,2.47,2.41,37086998.0,90235202.0,15:00:05,2026-09-02
sh600468,百利电气,6.3,-0.16,-2.477,6.3,6.31,6.46,6.43,6.54,6.3,51776409.0,331433101.0,15:34:59,2026-09-02
sh600469,风神股份,5.29,-0.04,-0.75,5.28,5.29,5.33,5.32,5.32,5.24,9323500.0,49196451.0,15:34:59,2026-09-02
sh600470,六国化工,6.15,-0.2,-3.15,6.14,6.15,6.35,6.42,6.43,6.1,37298614.0,230579664.0,15:34:59,2026-09-02
sh600475,华光环能,15.07,-0.19,-1.245,15.06,15.07,15.26,15.16,15.28,14.94,5707675.0,86027143.0,15:34:59,2026-09-02
sh600476,*ST湘邮,10.34,0.3,2.988,10.33,10.34,10.04,9.98,10.59,9.98,3392800.0,35203619.0,15:00:04,2026-09-02
sh600477,杭萧钢构,2.55,0.04,1.594,2.55,2.56,2.51,2.63,2.66,2.47,123814211.0,316480028.0,15:34:59,2026-09-02
sh600478,科力远,4.8,-0.11,-2.24,4.8,4.81,4.91,4.87,4.87,4.73,25667678.0,122725551.0,15:34:59,2026-09-02
sh600479,千金药业,12.96,-0.41,-3.067,12.96,12.97,13.37,13.24,14.71,12.9,133362666.0,1826983028.0,15:34:59,2026-09-02
sh600480,凌云股份,8.4,0.02,0.239,8.39,8.4,8.38,8.35,8.43,8.21,13217990.0,110236312.0,15:34:59,2026-09-02
sh600481,双良节能,4.28,-0.02,-0.465,4.27,4.28,4.3,4.38,4.39,4.21,34195600.0,146705878.0,15:34:59,2026-09-02
sh600482,中国动力,32.59,0.68,2.131,32.59,32.6,31.91,31.71,32.88,31.3,18414822.0,595612109.0,15:34:59,2026-09-02
sh600483,福能股份,11.06,-0.19,-1.689,11.06,11.07,11.25,11.25,11.31,11.06,9774399.0,108796087.0,15:34:59,2026-09-02
sh600486,扬农化工,54.22,-1.76,-3.144,54.22,54.23,55.98,56.1,56.49,53.9,7061189.0,385997943.0,15:34:59,2026-09-02
sh600487,亨通光电,66.9,-0.44,-0.653,66.9,66.91,67.34,65.39,68.77,64.19,149995287.0,10035464271.0,15:34:59,2026-09-02
sh600488,津药药业,5.32,-0.11,-2.026,5.31,5.32,5.43,5.41,5.42,5.31,35079165.0,187492191.0,15:34:59,2026-09-02
sh600489,中金黄金,24.7,-0.65,-2.564,24.69,24.7,25.35,24.31,24.97,23.79,112779672.0,2742544122.0,15:34:59,2026-09-02
sh600490,鹏欣资源,7.64,-0.21,-2.675,7.63,7.64,7.85,7.57,7.7,7.31,67743109.0,509274264.0,15:34:59,2026-09-02
sh600491,ST龙元,1.58,0.01,0.637,1.58,1.59,1.57,1.59,1.67,1.56,80279002.0,129232052.0,15:34:59,2026-09-02
sh600493,凤竹纺织,6.49,-0.08,-1.218,6.48,6.49,6.57,6.56,6.57,6.39,6703461.0,43446174.0,15:00:05,2026-09-02
sh600495,晋西车轴,4.16,0.0,0.0,4.15,4.16,4.16,4.13,4.18,4.1,9964224.0,41268854.0,15:00:02,2026-09-02
sh600496,精工钢构,3.31,-0.05,-1.488,3.31,3.32,3.36,3.36,3.36,3.29,32888000.0,108965434.0,15:00:03,2026-09-02
sh600497,驰宏锌锗,10.15,-0.3,-2.871,10.14,10.15,10.45,10.2,10.29,9.96,135829516.0,1374220264.0,15:34:59,2026-09-02
sh600498,烽火通信,40.12,-0.62,-1.522,40.12,40.13,40.74,40.0,40.96,39.86,63341261.0,2558941636.0,15:34:59,2026-09-02
sh600499,科达制造,14.23,-0.44,-2.999,14.23,14.24,14.67,14.57,14.57,13.96,35621775.0,502684334.0,15:34:59,2026-09-02
sh600500,中化国际,5.59,0.0,0.0,5.59,5.6,5.59,5.57,5.8,5.56,149724839.0,848874840.0,15:34:59,2026-09-02
sh600501,航天晨光,14.93,0.23,1.565,14.93,14.94,14.7,14.55,15.05,14.51,7168611.0,106865527.0,15:34:59,2026-09-02
sh600502,安徽建工,4.41,-0.08,-1.782,4.41,4.42,4.49,4.46,4.47,4.38,37764284.0,166588283.0,15:34:59,2026-09-02
sh600503,华丽家族,2.22,-0.02,-0.893,2.22,2.23,2.24,2.22,2.25,2.17,29555475.0,65202217.0,15:34:59,2026-09-02
sh600505,西昌电力,10.62,-0.07,-0.655,10.61,10.62,10.69,10.58,10.68,10.48,3961131.0,41941160.0,15:34:59,2026-09-02
sh600506,统一股份,16.1,-0.64,-3.823,16.09,16.1,16.74,16.9,17.05,16.0,15393885.0,251425691.0,15:34:59,2026-09-02
sh600507,方大特钢,4.26,-0.05,-1.16,4.25,4.26,4.31,4.29,4.31,4.19,27628079.0,116732598.0,15:34:59,2026-09-02
sh600508,上海能源,11.2,-0.97,-7.97,11.2,11.22,12.17,12.78,12.82,11.11,84898006.0,983273807.0,15:34:59,2026-09-02
sh600509,天富能源,7.51,-0.14,-1.83,7.5,7.51,7.65,7.67,7.67,7.47,15023353.0,112965361.0,15:34:59,2026-09-02
sh600510,黑牡丹,6.93,-0.07,-1.0,6.92,6.93,7.0,7.0,7.03,6.86,4628600.0,32064655.0,15:00:03,2026-09-02
sh600511,国药股份,26.5,-0.14,-0.526,26.49,26.5,26.64,26.69,26.73,26.38,2749305.0,72845917.0,15:00:03,2026-09-02
sh600512,腾达建设,2.05,-0.04,-1.914,2.05,2.06,2.09,2.08,2.1,2.05,21044000.0,43366726.0,15:00:05,2026-09-02
sh600513,联环药业,15.7,-0.26,-1.629,15.69,15.7,15.96,16.0,16.01,15.62,5855157.0,91959221.0,15:34:59,2026-09-02
sh600515,海南机场,2.74,-0.05,-1.792,2.74,2.75,2.79,2.78,2.8,2.73,83931048.0,230906670.0,15:34:59,2026-09-02
sh600516,方大炭素,5.22,-0.09,-1.695,5.22,5.23,5.31,5.27,5.28,5.19,39322021.0,205144915.0,15:34:59,2026-09-02
sh600517,国网英大,5.09,-0.1,-1.927,5.08,5.09,5.19,5.17,5.17,5.06,23527200.0,119635125.0,15:34:59,2026-09-02
sh600518,康美药业,1.39,-0.02,-1.418,1.39,1.4,1.41,1.41,1.42,1.39,118941828.0,166524471.0,15:34:59,2026-09-02
sh600519,贵州茅台,1297.5,-2.06,-0.159,1297.5,1297.54,1299.56,1302.8,1303.0,1291.2,2030845.0,2634084231.0,15:34:59,2026-09-02
sh600520,三佳科技,25.81,-0.14,-0.539,25.8,25.81,25.95,25.7,25.88,25.17,9477133.0,242638502.0,15:34:59,2026-09-02
sh600521,华海药业,15.97,-0.23,-1.42,15.96,15.97,16.2,16.14,16.24,15.96,19713846.0,316891330.0,15:34:59,2026-09-02
sh600522,中天科技,33.64,-0.37,-1.088,33.63,33.64,34.01,33.35,34.2,33.01,133905377.0,4499192694.0,15:34:59,2026-09-02
sh600523,贵航股份,12.34,0.13,1.065,12.34,12.35,12.21,12.15,12.4,12.14,4909522.0,60330800.0,15:34:59,2026-09-02
sh600525,长园集团,5.13,-0.13,-2.471,5.12,5.13,5.26,5.2,5.22,5.09,24685961.0,126855054.0,15:34:59,2026-09-02
sh600526,菲达环保,4.73,-0.03,-0.63,4.72,4.73,4.76,4.76,4.76,4.69,7638850.0,36073816.0,15:00:05,2026-09-02
sh600527,江南高纤,2.29,-0.02,-0.866,2.29,2.3,2.31,2.3,2.31,2.26,36278680.0,83028750.0,15:00:04,2026-09-02
sh600528,中铁工业,6.92,-0.06,-0.86,6.91,6.92,6.98,6.98,6.99,6.88,8402980.0,58113846.0,15:34:59,2026-09-02
sh600529,山东药玻,19.02,-0.16,-0.834,19.02,19.03,19.18,19.19,19.21,18.92,5463681.0,103921483.0,15:34:59,2026-09-02
sh600530,ST交昂,3.94,-0.08,-1.99,3.94,3.95,4.02,4.02,4.02,3.9,6164300.0,24284268.0,15:00:03,2026-09-02
sh600531,豫光金铅,13.27,-0.24,-1.776,13.26,13.27,13.51,13.18,13.37,12.66,55150644.0,717465473.0,15:34:59,2026-09-02
sh600533,栖霞建设,2.27,-0.01,-0.439,2.27,2.28,2.28,2.27,2.29,2.17,34576899.0,77083477.0,15:00:02,2026-09-02
sh600535,天士力,14.63,-0.13,-0.881,14.62,14.63,14.76,14.73,14.82,14.57,10324170.0,151323551.0,15:34:59,2026-09-02
sh600536,中国软件,34.09,-0.21,-0.612,34.08,34.09,34.3,33.91,34.86,33.82,25518089.0,874708598.0,15:34:59,2026-09-02
sh600537,*ST亿晶,2.18,0.02,0.926,2.17,2.18,2.16,2.14,2.22,2.13,24299300.0,52974227.0,15:00:03,2026-09-02
sh600538,国发股份,5.09,-0.08,-1.547,5.09,5.1,5.17,5.15,5.21,5.07,7297600.0,37343092.0,15:34:59,2026-09-02
sh600539,狮头股份,14.76,-0.13,-0.873,14.76,14.77,14.89,14.8,15.09,14.42,11360874.0,167767634.0,15:34:59,2026-09-02
sh600540,新赛股份,6.73,0.61,9.967,6.72,6.73,6.12,6.73,6.73,6.3,218038024.0,1443549383.0,15:34:59,2026-09-02
sh600543,*ST莫高,4.25,0.02,0.473,4.24,4.25,4.23,4.21,4.25,4.17,1974574.0,8320026.0,15:00:02,2026-09-02
sh600545,卓郎智能,4.23,-0.07,-1.628,4.22,4.23,4.3,4.26,4.29,4.17,46918151.0,198703714.0,15:34:59,2026-09-02
sh600546,山煤国际,13.23,-0.54,-3.922,13.22,13.23,13.77,14.0,14.1,13.18,34561544.0,465110136.0,15:34:59,2026-09-02
sh600547,山东黄金,37.89,1.0,2.711,37.89,37.9,36.89,35.8,38.2,34.68,131884679.0,4811912149.0,15:34:59,2026-09-02
sh600548,深高速,8.19,-0.17,-2.033,8.18,8.19,8.36,8.38,8.38,8.16,6758602.0,55597277.0,15:00:03,2026-09-02
sh600549,厦门钨业,50.0,-1.68,-3.251,50.0,50.01,51.68,50.66,50.7,49.5,36948258.0,1847111960.0,15:34:59,2026-09-02
sh600550,保变电气,11.0,-0.02,-0.181,10.99,11.0,11.02,10.96,11.04,10.77,16834500.0,183944642.0,15:34:59,2026-09-02
sh600551,时代出版,8.62,-0.46,-5.066,8.62,8.63,9.08,9.0,9.5,8.33,102234954.0,898596280.0,15:34:59,2026-09-02
sh600552,凯盛科技,17.3,-0.34,-1.927,17.29,17.3,17.64,17.41,17.6,17.18,32433130.0,562234416.0,15:34:59,2026-09-02
sh600556,天下秀,4.88,-0.15,-2.982,4.87,4.88,5.03,5.0,5.07,4.86,56487294.0,277585691.0,15:34:59,2026-09-02
sh600557,康缘药业,12.55,-0.24,-1.876,12.54,12.55,12.79,12.71,12.81,12.47,5194800.0,65294869.0,15:00:03,2026-09-02
sh600558,大西洋,4.87,-0.06,-1.217,4.86,4.87,4.93,4.91,4.93,4.86,9177656.0,44743407.0,15:34:59,2026-09-02
sh600559,老白干酒,11.38,-0.2,-1.727,11.37,11.38,11.58,11.52,11.6,11.33,12187500.0,139092037.0,15:34:59,2026-09-02
sh600560,金自天正,11.73,0.03,0.256,11.72,11.73,11.7,11.68,11.79,11.52,1763100.0,20556503.0,15:00:04,2026-09-02
sh600561,江西长运,6.18,-0.07,-1.12,6.18,6.19,6.25,6.22,6.22,6.08,5331600.0,32839809.0,15:34:59,2026-09-02
sh600562,国睿科技,30.2,-0.29,-0.951,30.19,30.2,30.49,30.4,30.66,29.88,11649640.0,352669186.0,15:34:59,2026-09-02
sh600563,法拉电子,123.15,-4.04,-3.176,123.15,123.17,127.19,125.12,126.0,122.6,3762778.0,464983824.0,15:34:59,2026-09-02
sh600566,济川药业,25.02,-0.58,-2.266,25.0,25.02,25.6,25.65,25.74,24.96,4761866.0,119858627.0,15:34:59,2026-09-02
sh600567,山鹰国际,1.36,-0.01,-0.73,1.35,1.36,1.37,1.37,1.38,1.35,49136268.0,66923261.0,15:34:59,2026-09-02
sh600568,ST中珠,2.13,-0.01,-0.467,2.13,2.14,2.14,2.14,2.14,2.11,3850152.0,8177711.0,15:00:02,2026-09-02
sh600569,安阳钢铁,1.83,-0.02,-1.081,1.82,1.83,1.85,1.85,1.86,1.8,21552500.0,39241168.0,15:34:59,2026-09-02
sh600570,恒生电子,21.7,-0.51,-2.296,21.7,21.71,22.21,22.05,22.15,21.64,16800719.0,366265585.0,15:34:59,2026-09-02
sh600571,信雅达,11.05,-0.09,-0.808,11.04,11.05,11.14,11.03,11.12,10.93,5617929.0,62009818.0,15:34:59,2026-09-02
sh600572,康恩贝,4.43,-0.09,-1.991,4.43,4.44,4.52,4.48,4.53,4.42,47303100.0,211477318.0,15:34:59,2026-09-02
sh600573,惠泉啤酒,10.07,-0.1,-0.983,10.06,10.07,10.17,10.17,10.17,9.99,3718100.0,37348631.0,15:00:03,2026-09-02
sh600575,淮河能源,3.26,-0.09,-2.687,3.26,3.27,3.35,3.35,3.37,3.25,59480200.0,195380120.0,15:34:59,2026-09-02
sh600576,祥源文旅,5.71,0.0,0.0,5.71,5.72,5.71,5.73,5.79,5.62,17238103.0,98609912.0,15:34:59,2026-09-02
sh600577,精达股份,8.27,0.04,0.486,8.27,8.28,8.23,8.15,8.33,8.0,63816133.0,521129030.0,15:34:59,2026-09-02
sh600578,京能电力,5.41,-0.09,-1.636,5.41,5.42,5.5,5.46,5.49,5.41,44393558.0,240841320.0,15:34:59,2026-09-02
sh600579,中化装备,7.03,-0.03,-0.425,7.01,7.03,7.06,7.02,7.07,6.93,3559600.0,24911738.0,15:00:02,2026-09-02
sh600580,卧龙电驱,28.8,-0.24,-0.826,28.8,28.81,29.04,28.8,29.06,28.63,19221778.0,554093224.0,15:34:59,2026-09-02
sh600581,*ST八钢,2.43,-0.05,-2.016,2.42,2.43,2.48,2.48,2.48,2.41,8971200.0,21764473.0,15:34:59,2026-09-02
sh600582,天地科技,4.71,-0.14,-2.887,4.7,4.71,4.85,4.85,4.85,4.69,37541402.0,177880620.0,15:34:59,2026-09-02
sh600583,海油工程,6.05,-0.23,-3.662,6.04,6.05,6.28,6.39,6.4,6.01,64454800.0,394113214.0,15:34:59,2026-09-02
sh600584,长电科技,71.31,-1.98,-2.702,71.31,71.32,73.29,71.75,72.49,71.01,55345363.0,3962423157.0,15:34:59,2026-09-02
sh600585,海螺水泥,17.45,-0.3,-1.69,17.45,17.46,17.75,17.7,17.76,17.45,19458710.0,340898527.0,15:34:59,2026-09-02
sh600586,金晶科技,4.18,-0.08,-1.878,4.18,4.19,4.26,4.24,4.24,4.17,12294753.0,51472364.0,15:34:59,2026-09-02
sh600587,新华医疗,12.71,-0.13,-1.012,12.7,12.71,12.84,12.81,12.83,12.66,4097950.0,52106265.0,15:34:59,2026-09-02
sh600588,用友网络,10.07,-0.32,-3.08,10.07,10.08,10.39,10.26,10.35,10.05,43606006.0,441995749.0,15:34:59,2026-09-02
sh600589,大位科技,8.68,0.79,10.013,8.68,0.0,7.89,7.81,8.68,7.73,163272294.0,1364961112.0,15:34:59,2026-09-02
sh600590,泰豪科技,8.62,0.11,1.293,8.61,8.62,8.51,8.44,8.67,8.39,20665703.0,176932439.0,15:34:59,2026-09-02
sh600592,龙溪股份,14.83,0.01,0.067,14.83,14.84,14.82,14.69,14.92,14.67,4885272.0,72433904.0,15:34:59,2026-09-02
sh600593,大连圣亚,41.6,-0.47,-1.117,41.6,41.61,42.07,42.0,42.49,40.7,4454242.0,186080947.0,15:34:59,2026-09-02
sh600594,益佰制药,3.97,-0.18,-4.337,3.97,3.98,4.15,4.09,4.14,3.92,57139109.0,226725420.0,15:34:59,2026-09-02
sh600595,中孚实业,6.26,-0.14,-2.188,6.25,6.26,6.4,6.35,6.37,6.15,82165600.0,512714964.0,15:34:59,2026-09-02
sh600596,新安股份,10.81,-0.33,-2.962,10.8,10.81,11.14,11.02,11.06,10.62,43194423.0,466389732.0,15:34:59,2026-09-02
sh600597,光明乳业,6.99,-0.09,-1.271,6.98,6.99,7.08,7.07,7.15,6.97,13139500.0,92310099.0,15:00:03,2026-09-02
sh600598,北大荒,12.67,-1.19,-8.586,12.66,12.67,13.86,13.51,13.57,12.57,88537947.0,1142901611.0,15:34:59,2026-09-02
sh600600,青岛啤酒,50.56,-0.35,-0.687,50.56,50.6,50.91,50.8,51.1,50.52,3078813.0,155974284.0,15:34:59,2026-09-02
sh600601,方正科技,12.06,-0.21,-1.711,12.05,12.06,12.27,12.13,12.2,11.9,101440146.0,1222250400.0,15:34:59,2026-09-02
sh600602,云赛智联,18.49,-0.6,-3.143,18.48,18.49,19.09,18.81,18.98,18.45,24453829.0,455561266.0,15:34:59,2026-09-02
sh600603,广汇物流,4.85,-0.05,-1.02,4.85,4.86,4.9,4.88,4.93,4.8,13084400.0,63475849.0,15:00:05,2026-09-02
sh600604,市北高新,4.8,-0.08,-1.639,4.8,4.81,4.88,4.89,4.91,4.71,31387812.0,150041931.0,15:34:59,2026-09-02
sh600605,汇通能源,27.72,0.41,1.501,27.7,27.72,27.31,27.2,27.78,26.85,3228623.0,88325356.0,15:34:59,2026-09-02
sh600606,绿地控股,1.3,-0.02,-1.515,1.29,1.3,1.32,1.32,1.33,1.27,128692222.0,166669745.0,15:34:59,2026-09-02
sh600609,金杯汽车,3.35,-0.03,-0.888,3.34,3.35,3.38,3.37,3.38,3.3,12761500.0,42542450.0,15:34:59,2026-09-02
sh600610,中毅达,8.63,-0.75,-7.996,8.63,8.64,9.38,9.4,9.45,8.5,81986588.0,725075644.0,15:34:59,2026-09-02
sh600611,大众交通,4.68,-0.3,-6.024,4.67,4.68,4.98,4.81,4.84,4.66,85909875.0,404640028.0,15:34:59,2026-09-02
sh600612,老凤祥,33.31,-0.02,-0.06,33.31,33.32,33.33,33.23,33.33,32.86,1302000.0,43083897.0,15:00:03,2026-09-02
sh600613,神奇制药,10.04,-1.12,-10.036,0.0,10.04,11.16,10.06,10.7,10.04,117607038.0,1208139665.0,15:34:59,2026-09-02
sh600615,鑫源智造,9.99,0.08,0.807,9.98,9.99,9.91,9.91,10.0,9.78,2740460.0,27097256.0,15:34:59,2026-09-02
sh600616,金枫酒业,4.42,-0.04,-0.897,4.41,4.42,4.46,4.45,4.5,4.39,6821053.0,30204390.0,15:34:59,2026-09-02
sh600617,国新能源,3.46,-0.02,-0.575,3.46,3.47,3.48,3.51,3.55,3.41,42180560.0,146744716.0,15:34:59,2026-09-02
sh600618,氯碱化工,10.47,-0.26,-2.423,10.47,10.48,10.73,10.77,10.77,10.35,9302193.0,97479230.0,15:34:59,2026-09-02
sh600619,海立股份,13.83,-0.37,-2.606,13.83,13.84,14.2,14.1,14.14,13.83,13335500.0,185502562.0,15:34:59,2026-09-02
sh600620,天宸股份,4.51,-0.01,-0.221,4.51,4.52,4.52,4.53,4.54,4.43,5603300.0,25151107.0,15:00:05,2026-09-02
sh600621,华鑫股份,13.4,-0.28,-2.047,13.39,13.4,13.68,13.58,13.66,13.35,8809845.0,118330334.0,15:34:59,2026-09-02
sh600622,光大嘉宝,2.39,0.03,1.271,2.38,2.39,2.36,2.35,2.42,2.27,57164242.0,134136814.0,15:34:59,2026-09-02
sh600623,华谊集团,8.62,-0.13,-1.486,8.61,8.62,8.75,8.82,8.84,8.48,16843513.0,144567540.0,15:34:59,2026-09-02
sh600624,ST复华,4.59,0.06,1.325,4.58,4.59,4.53,4.5,4.72,4.48,7369942.0,34154379.0,15:34:59,2026-09-02
sh600626,申达股份,3.64,-0.07,-1.887,3.64,3.65,3.71,3.69,3.71,3.6,9442958.0,34340629.0,15:00:03,2026-09-02
sh600628,新世界,6.39,-0.03,-0.467,6.38,6.39,6.42,6.42,6.43,6.3,6402500.0,40702138.0,15:00:04,2026-09-02
sh600629,华建集团,16.19,-0.27,-1.64,16.19,16.2,16.46,16.37,16.72,16.13,18992553.0,309816486.0,15:34:59,2026-09-02
sh600630,龙头股份,7.12,-0.12,-1.657,7.12,7.13,7.24,7.22,7.22,7.04,12798414.0,90891688.0,15:34:59,2026-09-02
sh600633,浙数文化,10.46,-0.24,-2.243,10.45,10.46,10.7,10.58,10.7,10.44,15801600.0,166224274.0,15:34:59,2026-09-02
sh600635,大众公用,4.69,-0.07,-1.471,4.68,4.69,4.76,4.76,4.76,4.63,32255030.0,151076355.0,15:34:59,2026-09-02
sh600637,东方明珠,8.41,-0.17,-1.981,8.4,8.41,8.58,8.51,8.57,8.37,35940592.0,303383711.0,15:34:59,2026-09-02
sh600638,新黄浦,5.04,-0.05,-0.982,5.03,5.04,5.09,5.05,5.1,4.94,13084243.0,65541187.0,15:34:59,2026-09-02
sh600639,浦东金桥,9.45,-0.07,-0.735,9.44,9.45,9.52,9.49,9.54,9.36,4475399.0,42140026.0,15:00:03,2026-09-02
sh600640,国脉文化,11.23,-0.24,-2.092,11.22,11.23,11.47,11.38,11.53,11.15,9821504.0,110749127.0,15:34:59,2026-09-02
sh600641,先导基电,32.04,-1.11,-3.348,32.03,32.04,33.15,32.11,32.58,31.85,42544468.0,1369145696.0,15:34:59,2026-09-02
sh600642,申能股份,8.57,-0.11,-1.267,8.57,8.58,8.68,8.68,8.72,8.57,18484650.0,159660770.0,15:34:59,2026-09-02
sh600643,爱建集团,4.18,-0.03,-0.713,4.17,4.18,4.21,4.19,4.21,4.1,18519647.0,77025785.0,15:34:59,2026-09-02
sh600644,乐山电力,9.05,0.06,0.667,9.05,9.06,8.99,8.98,9.08,8.93,16612527.0,149884207.0,15:34:59,2026-09-02
sh600645,中源协和,18.84,-0.42,-2.181,18.83,18.84,19.26,19.21,19.21,18.83,7888171.0,149626028.0,15:34:59,2026-09-02
sh600648,外高桥,9.22,0.0,0.0,9.22,9.23,9.22,9.2,9.24,9.09,1813570.0,16625464.0,15:00:01,2026-09-02
sh600649,城投控股,3.88,-0.02,-0.513,3.88,3.89,3.9,3.88,3.93,3.8,29889447.0,115176359.0,15:34:59,2026-09-02
sh600650,锦江在线,10.79,-0.36,-3.229,10.79,10.8,11.15,11.03,11.14,10.78,6842600.0,74502656.0,15:34:59,2026-09-02
sh600651,飞乐音响,5.55,-0.14,-2.46,5.55,5.56,5.69,5.65,5.67,5.52,13340900.0,74115782.0,15:34:59,2026-09-02
sh600653,申华控股,1.73,-0.03,-1.705,1.73,1.74,1.76,1.75,1.76,1.71,22513994.0,38913206.0,15:00:04,2026-09-02
sh600654,中安科,3.32,-0.17,-4.871,3.31,3.32,3.49,3.4,3.46,3.3,148294573.0,495322008.0,15:34:59,2026-09-02
sh600655,豫园股份,4.48,-0.08,-1.754,4.47,4.48,4.56,4.54,4.56,4.41,19578079.0,87314383.0,15:34:59,2026-09-02
sh600657,信达地产,3.05,0.28,10.108,3.05,0.0,2.77,2.83,3.05,2.69,124377828.0,363209889.0,15:34:59,2026-09-02
sh600658,电子城,4.09,-0.03,-0.728,4.09,4.1,4.12,4.09,4.13,4.02,12456400.0,50723307.0,15:00:03,2026-09-02
sh600660,福耀玻璃,56.37,-1.48,-2.558,56.37,56.4,57.85,57.92,58.45,56.3,8239173.0,468754663.0,15:34:59,2026-09-02
sh600661,昂立教育,9.03,-0.07,-0.769,9.02,9.03,9.1,9.09,9.14,8.88,6658100.0,60134044.0,15:34:59,2026-09-02
sh600662,外服控股,4.24,-0.09,-2.079,4.24,4.25,4.33,4.33,4.34,4.23,10292909.0,43758219.0,15:00:00,2026-09-02
sh600663,陆家嘴,9.06,-0.12,-1.307,9.05,9.06,9.18,9.12,9.23,8.86,14402104.0,129470783.0,15:00:03,2026-09-02
sh600664,哈药股份,9.24,-0.25,-2.634,9.24,9.25,9.49,9.39,9.51,9.18,260543012.0,2430230204.0,15:34:59,2026-09-02
sh600665,天地源,3.61,0.03,0.838,3.61,3.62,3.58,3.54,3.66,3.49,19975980.0,70845778.0,15:34:59,2026-09-02
sh600666,奥瑞德,3.62,-0.05,-1.362,3.62,3.63,3.67,3.61,3.66,3.55,74851440.0,269421612.0,15:34:59,2026-09-02
sh600667,太极实业,18.23,-0.29,-1.566,18.22,18.23,18.52,18.27,18.47,17.84,120997646.0,2192377582.0,15:34:59,2026-09-02
sh600668,尖峰集团,7.58,-0.06,-0.785,7.58,7.6,7.64,7.64,7.65,7.52,5744094.0,43463948.0,15:34:59,2026-09-02
sh600671,天目药业,22.58,0.06,0.266,22.54,22.58,22.52,22.4,22.72,21.76,5573500.0,124174691.0,15:34:59,2026-09-02
sh600673,东阳光,31.08,-0.48,-1.521,31.08,31.09,31.56,31.02,31.46,30.83,19677460.0,612518277.0,15:34:59,2026-09-02
sh600674,川投能源,16.03,0.26,1.649,16.03,16.04,15.77,15.78,16.08,15.76,40204182.0,642285502.0,15:34:59,2026-09-02
sh600675,中华企业,2.28,-0.02,-0.87,2.27,2.28,2.3,2.29,2.33,2.23,47376135.0,107083638.0,15:34:59,2026-09-02
sh600676,久事动娱,6.71,-0.2,-2.894,6.71,6.72,6.91,6.89,6.9,6.67,8304300.0,55835783.0,15:00:03,2026-09-02
sh600678,ST金顶,6.06,-0.04,-0.656,6.06,6.07,6.1,6.06,6.1,5.95,7888600.0,47523565.0,15:34:59,2026-09-02
sh600679,上海凤凰,10.21,0.01,0.098,10.21,10.22,10.2,10.2,10.31,10.05,2966401.0,30216350.0,15:00:04,2026-09-02
sh600681,百川能源,3.54,0.04,1.143,3.53,3.54,3.5,3.51,3.57,3.48,41307759.0,146014221.0,15:34:59,2026-09-02
sh600682,南京新百,5.68,-0.13,-2.238,5.68,5.69,5.81,5.79,5.8,5.65,11725429.0,66669542.0,15:34:59,2026-09-02
sh600683,京投发展,9.9,-0.52,-4.99,9.9,9.91,10.42,10.08,10.2,9.82,37185913.0,370565312.0,15:34:59,2026-09-02
sh600684,珠江股份,3.75,-0.01,-0.266,3.75,3.76,3.76,3.76,3.79,3.68,13537323.0,50687757.0,15:34:59,2026-09-02
sh600685,中船防务,26.1,0.01,0.038,26.1,26.11,26.09,25.89,26.55,25.85,14155684.0,370729258.0,15:34:59,2026-09-02
sh600686,金龙汽车,11.27,-0.14,-1.227,11.27,11.28,11.41,11.38,11.56,11.24,13090100.0,149205170.0,15:34:59,2026-09-02
sh600688,上海石化,2.89,-0.06,-2.034,2.89,2.9,2.95,2.99,3.01,2.88,99402405.0,290131886.0,15:34:59,2026-09-02
sh600689,上海三毛,11.77,0.05,0.427,11.77,11.78,11.72,11.65,11.9,11.58,5643900.0,66082973.0,15:34:59,2026-09-02
sh600690,海尔智家,21.33,-0.09,-0.42,21.33,21.34,21.42,21.4,21.55,21.26,22316563.0,476389974.0,15:34:59,2026-09-02
sh600691,潞化科技,3.13,-0.23,-6.845,3.12,3.13,3.36,3.3,3.36,3.03,195269589.0,609581658.0,15:34:59,2026-09-02
sh600692,亚通股份,6.52,-0.1,-1.511,6.52,6.54,6.62,6.58,6.61,6.43,5829106.0,37852469.0,15:00:04,2026-09-02
sh600693,东百集团,10.04,-0.2,-1.953,10.03,10.04,10.24,10.44,10.88,10.0,163182655.0,1697747203.0,15:34:59,2026-09-02
sh600694,大商股份,14.42,-0.09,-0.62,14.42,14.43,14.51,14.55,14.66,14.32,4446147.0,64268840.0,15:34:59,2026-09-02
sh600697,欧亚集团,11.27,-0.15,-1.313,11.26,11.27,11.42,11.57,11.58,11.18,4151900.0,46800918.0,15:34:59,2026-09-02
sh600698,湖南天雁,7.68,0.31,4.206,7.68,7.69,7.37,7.33,7.96,7.33,80671755.0,625427325.0,15:34:59,2026-09-02
sh600699,均胜电子,19.59,0.16,0.823,19.58,19.59,19.43,19.28,19.63,18.91,24164392.0,463642126.0,15:34:59,2026-09-02
sh600702,舍得酒业,35.04,-0.61,-1.711,35.04,35.05,35.65,35.4,35.91,34.92,5520257.0,194391698.0,15:34:59,2026-09-02
sh600703,三安光电,12.63,-0.31,-2.396,12.63,12.64,12.94,12.76,12.85,12.58,70386533.0,892859565.0,15:34:59,2026-09-02
sh600704,物产中大,4.93,-0.07,-1.4,4.92,4.93,5.0,4.99,4.99,4.9,41968345.0,206689338.0,15:34:59,2026-09-02
sh600706,曲江文旅,8.75,0.05,0.575,8.75,8.76,8.7,8.69,8.83,8.52,14438732.0,125774561.0,15:34:59,2026-09-02
sh600707,彩虹股份,8.81,-0.17,-1.893,8.8,8.81,8.98,8.81,8.88,8.72,57205663.0,503312565.0,15:34:59,2026-09-02
sh600708,光明地产,3.0,-0.07,-2.28,3.0,3.01,3.07,3.04,3.06,2.95,18699132.0,55973608.0,15:00:00,2026-09-02
sh600710,苏美达,10.37,-0.21,-1.985,10.36,10.37,10.58,10.58,10.61,10.34,8043846.0,83597728.0,15:00:03,2026-09-02
sh600711,盛屯矿业,11.48,-0.33,-2.794,11.47,11.48,11.81,11.53,11.6,11.13,110188937.0,1252002060.0,15:34:59,2026-09-02
sh600712,南宁百货,5.7,-0.1,-1.724,5.7,5.71,5.8,5.74,5.79,5.6,16276394.0,92658503.0,15:34:59,2026-09-02
sh600713,南京医药,5.34,0.0,0.0,5.33,5.34,5.34,5.3,5.36,5.26,11845400.0,62878860.0,15:34:59,2026-09-02
sh600714,金瑞矿业,19.35,0.63,3.365,19.34,19.35,18.72,18.34,20.25,18.16,43403297.0,825073512.0,15:34:59,2026-09-02
sh600715,文投控股,1.71,-0.04,-2.286,1.7,1.71,1.75,1.75,1.76,1.69,47480000.0,81291941.0,15:34:59,2026-09-02
sh600716,凤凰股份,3.71,-0.02,-0.536,3.71,3.72,3.73,3.72,3.74,3.63,5390200.0,19855831.0,15:34:59,2026-09-02
sh600717,天津港,4.33,-0.03,-0.688,4.32,4.33,4.36,4.34,4.36,4.29,20064242.0,86731656.0,15:34:59,2026-09-02
sh600718,东软集团,8.23,-0.13,-1.555,8.22,8.23,8.36,8.31,8.37,8.15,8717721.0,71587291.0,15:00:03,2026-09-02
sh600719,大连热电,7.31,0.07,0.967,7.3,7.31,7.24,7.21,7.37,7.17,10777292.0,78412425.0,15:34:59,2026-09-02
sh600720,中交设计,5.19,-0.08,-1.518,5.18,5.19,5.27,5.26,5.26,5.17,7281433.0,37892605.0,15:34:59,2026-09-02
sh600721,百花医药,12.86,-0.33,-2.502,12.86,12.87,13.19,12.66,13.58,11.89,147454178.0,1849179819.0,15:34:59,2026-09-02
sh600722,金牛化工,19.26,1.2,6.645,19.25,19.26,18.06,18.57,19.86,17.58,182274246.0,3389343085.0,15:34:59,2026-09-02
sh600724,宁波富达,5.08,-0.06,-1.167,5.08,5.09,5.14,5.1,5.16,4.98,9807800.0,49712116.0,15:00:00,2026-09-02
sh600725,云维股份,3.34,-0.08,-2.339,3.34,3.35,3.42,3.4,3.48,3.34,18103730.0,61111592.0,15:00:03,2026-09-02
sh600726,华电能源,5.39,-0.16,-2.883,5.38,5.39,5.55,5.53,5.6,5.37,70460320.0,382654656.0,15:34:59,2026-09-02
sh600727,鲁北化工,7.93,-0.08,-0.999,7.92,7.93,8.01,7.97,8.05,7.82,16773200.0,132385673.0,15:34:59,2026-09-02
sh600728,佳都科技,4.79,-0.09,-1.844,4.78,4.79,4.88,4.85,4.88,4.76,21598154.0,103372757.0,15:34:59,2026-09-02
sh600729,重百集团,19.47,-0.15,-0.765,19.46,19.47,19.62,19.62,19.71,19.25,3549575.0,69100030.0,15:00:04,2026-09-02
sh600730,*ST高科,10.14,0.67,7.075,10.13,10.14,9.47,9.27,10.42,9.11,15919197.0,151910871.0,15:34:59,2026-09-02
sh600731,湖南海利,5.88,-0.05,-0.843,5.88,5.89,5.93,5.91,5.92,5.85,5667300.0,33359526.0,15:00:04,2026-09-02
sh600732,爱旭股份,10.97,-0.52,-4.526,10.97,10.98,11.49,11.45,11.45,10.95,30993212.0,343807835.0,15:34:59,2026-09-02
sh600733,北汽蓝谷,5.01,-0.12,-2.339,5.01,5.02,5.13,5.08,5.1,4.99,52056047.0,261372595.0,15:34:59,2026-09-02
sh600734,*ST实达,1.75,-0.02,-1.13,1.74,1.75,1.77,1.76,1.77,1.73,20199901.0,35255735.0,15:00:03,2026-09-02
sh600735,ST新华锦,5.96,-0.03,-0.501,5.96,5.97,5.99,5.97,6.02,5.92,3068200.0,18301321.0,15:00:05,2026-09-02
sh600736,苏州高新,6.69,-0.13,-1.906,6.69,6.7,6.82,6.76,6.78,6.62,25445566.0,169857619.0,15:34:59,2026-09-02
sh600737,中粮糖业,15.05,-0.14,-0.922,15.05,15.06,15.19,15.33,15.93,14.65,89492087.0,1363682993.0,15:34:59,2026-09-02
sh600738,丽尚国潮,4.33,0.0,0.0,4.32,4.33,4.33,4.32,4.37,4.25,12861600.0,55441952.0,15:34:59,2026-09-02
sh600739,辽宁成大,10.91,-0.23,-2.065,10.9,10.91,11.14,11.08,11.15,10.88,13722799.0,150180767.0,15:34:59,2026-09-02
sh600740,山西焦化,3.87,-0.19,-4.68,3.87,3.88,4.06,4.14,4.16,3.86,62883226.0,248097049.0,15:34:59,2026-09-02
sh600741,华域汽车,15.53,-0.19,-1.209,15.52,15.53,15.72,15.7,15.72,15.4,12981542.0,201297830.0,15:34:59,2026-09-02
sh600742,富维股份,7.82,0.0,0.0,7.82,7.83,7.82,7.81,7.85,7.71,4114456.0,32063138.0,15:34:59,2026-09-02
sh600743,华远控股,2.14,-0.12,-5.31,2.13,2.14,2.26,2.22,2.25,2.08,86405302.0,184743127.0,15:34:59,2026-09-02
sh600744,华银电力,6.23,-0.08,-1.268,6.23,6.24,6.31,6.3,6.35,6.2,36751937.0,229464648.0,15:34:59,2026-09-02
sh600745,*ST闻泰,18.76,0.23,1.241,18.76,18.77,18.53,18.12,19.24,17.99,44301441.0,824799052.0,15:34:59,2026-09-02
sh600746,江苏索普,7.33,-0.1,-1.346,7.32,7.33,7.43,7.42,7.64,7.28,31597346.0,234933732.0,15:34:59,2026-09-02
sh600748,上实发展,3.87,-0.03,-0.769,3.87,3.88,3.9,3.86,3.9,3.77,13952430.0,53455832.0,15:00:04,2026-09-02
sh600749,西藏旅游,15.29,0.22,1.46,15.29,15.3,15.07,14.99,15.75,14.92,18254400.0,280379550.0,15:34:59,2026-09-02
sh600750,华润江中,23.26,-0.52,-2.187,23.25,23.26,23.78,23.78,23.8,23.21,3993510.0,93598501.0,15:34:59,2026-09-02
sh600751,海航科技,3.11,-0.06,-1.893,3.1,3.11,3.17,3.16,3.17,3.07,25593766.0,79463874.0,15:34:59,2026-09-02
sh600753,ST海钦,10.39,0.15,1.465,10.38,10.39,10.24,10.11,10.45,10.11,1148340.0,11868623.0,15:00:04,2026-09-02
sh600754,锦江酒店,19.11,-0.12,-0.624,19.11,19.12,19.23,19.12,19.29,18.82,12018684.0,229215997.0,15:34:59,2026-09-02
sh600755,厦门国贸,5.64,-0.12,-2.083,5.64,5.65,5.76,5.74,5.78,5.64,19864101.0,112717357.0,15:00:02,2026-09-02
sh600756,浪潮软件,14.7,-0.18,-1.21,14.7,14.71,14.88,14.67,14.85,14.58,7990950.0,117714681.0,15:34:59,2026-09-02
sh600757,长江传媒,7.26,-0.15,-2.024,7.26,7.27,7.41,7.4,7.45,7.24,11423952.0,83434077.0,15:00:03,2026-09-02
sh600758,辽宁能源,3.71,-0.17,-4.381,3.7,3.71,3.88,3.97,4.04,3.7,111858746.0,428146942.0,15:34:59,2026-09-02
sh600759,ST洲际,2.61,0.03,1.163,2.61,2.62,2.58,2.7,2.76,2.6,191077713.0,509468956.0,15:34:59,2026-09-02
sh600760,中航沈飞,48.1,0.47,0.987,48.09,48.1,47.63,47.64,49.52,47.32,33848453.0,1635223288.0,15:34:59,2026-09-02
sh600761,安徽合力,16.38,-0.12,-0.727,16.37,16.38,16.5,16.45,16.45,16.18,9727211.0,158488063.0,15:34:59,2026-09-02
sh600763,通策医疗,34.85,-0.12,-0.343,34.84,34.85,34.97,34.93,35.18,34.53,5796408.0,202408596.0,15:34:59,2026-09-02
sh600764,中国海防,18.5,0.21,1.148,18.49,18.5,18.29,18.2,18.65,18.17,8605046.0,159193188.0,15:34:59,2026-09-02
sh600765,中航重机,13.63,0.31,2.327,13.63,13.64,13.32,13.25,13.74,13.22,34796624.0,470701892.0,15:34:59,2026-09-02
sh600768,富邦新材,15.45,-0.08,-0.515,15.42,15.45,15.53,15.4,15.52,15.08,3395200.0,51959784.0,15:00:04,2026-09-02
sh600769,祥龙电业,15.19,0.24,1.605,15.19,15.2,14.95,14.85,15.38,14.69,8425294.0,127008635.0,15:00:05,2026-09-02
sh600770,综艺股份,5.1,-0.08,-1.544,5.1,5.11,5.18,5.13,5.13,5.05,15552626.0,79095331.0,15:34:59,2026-09-02
sh600771,广誉远,13.65,-0.26,-1.869,13.64,13.65,13.91,13.91,13.91,13.62,6036699.0,82793062.0,15:34:59,2026-09-02
sh600773,西藏城投,11.15,0.28,2.576,11.14,11.15,10.87,10.77,11.55,10.56,44814747.0,497184355.0,15:34:59,2026-09-02
sh600774,汉商集团,7.87,0.02,0.255,7.87,7.88,7.85,7.85,7.94,7.72,4461218.0,34893970.0,15:00:02,2026-09-02
sh600775,南京熊猫,9.91,-0.09,-0.9,9.9,9.91,10.0,9.94,9.97,9.77,13304329.0,131332556.0,15:34:59,2026-09-02
sh600776,东方通信,12.88,-0.25,-1.904,12.87,12.88,13.13,13.05,13.05,12.74,12535418.0,161141082.0,15:34:59,2026-09-02
sh600777,新潮能源,4.06,-0.02,-0.49,4.06,4.07,4.08,4.18,4.21,4.05,37906964.0,155600756.0,15:00:01,2026-09-02
sh600778,友好集团,5.81,-0.03,-0.514,5.81,5.82,5.84,5.92,5.98,5.73,13117700.0,76241817.0,15:00:05,2026-09-02
sh600779,水井坊,26.99,-0.32,-1.172,26.99,27.01,27.31,27.2,27.4,26.85,1811400.0,49042750.0,15:34:59,2026-09-02
sh600780,通宝能源,6.32,-0.08,-1.25,6.31,6.32,6.4,6.39,6.47,6.28,22436770.0,142322905.0,15:00:03,2026-09-02
sh600782,新钢股份,2.78,-0.06,-2.113,2.78,2.79,2.84,2.83,2.84,2.75,43011157.0,119421655.0,15:34:59,2026-09-02
sh600783,鲁信创投,15.73,-0.21,-1.317,15.72,15.73,15.94,15.84,15.87,15.53,10266845.0,161346356.0,15:34:59,2026-09-02
sh600784,鲁银投资,8.05,-0.11,-1.348,8.02,8.05,8.16,8.21,8.26,7.86,12762194.0,102256401.0,15:34:59,2026-09-02
sh600785,新华百货,12.15,-0.51,-4.028,12.15,12.16,12.66,12.99,13.0,11.66,71526994.0,866749667.0,15:34:59,2026-09-02
sh600787,中储股份,4.58,-0.07,-1.505,4.58,4.59,4.65,4.64,4.65,4.53,22522788.0,102934003.0,15:34:59,2026-09-02
sh600789,鲁抗医药,7.69,-0.22,-2.781,7.69,7.7,7.91,7.87,7.91,7.68,23407340.0,181449559.0,15:34:59,2026-09-02
sh600790,轻纺城,3.42,-0.03,-0.87,3.42,3.43,3.45,3.44,3.45,3.37,16646728.0,56699655.0,15:34:59,2026-09-02
sh600791,京能置业,7.3,-0.03,-0.409,7.3,7.33,7.33,7.28,7.5,7.0,22879360.0,165392765.0,15:34:59,2026-09-02
sh600792,云煤能源,4.3,-0.12,-2.715,4.29,4.3,4.42,4.86,4.86,4.23,133769835.0,608980589.0,15:34:59,2026-09-02
sh600793,宜宾纸业,15.31,-0.01,-0.065,15.31,15.32,15.32,15.19,15.42,15.1,5041600.0,77044920.0,15:00:05,2026-09-02
sh600794,保税科技,3.28,-0.02,-0.606,3.27,3.28,3.3,3.28,3.29,3.24,11197316.0,36564645.0,15:34:59,2026-09-02
sh600795,国电电力,5.4,0.17,3.25,5.39,5.4,5.23,5.24,5.4,5.23,211242394.0,1130626375.0,15:34:59,2026-09-02
sh600796,钱江生化,5.27,-0.03,-0.566,5.26,5.27,5.3,5.29,5.29,5.21,5017000.0,26324730.0,15:00:02,2026-09-02
sh600797,浙大网新,7.0,-0.08,-1.13,6.99,7.0,7.08,7.0,7.07,6.92,14800100.0,103307139.0,15:34:59,2026-09-02
sh600798,宁波海运,3.27,-0.06,-1.802,3.27,3.28,3.33,3.37,3.38,3.26,17682157.0,58184998.0,15:34:59,2026-09-02
sh600800,渤海化学,3.5,-0.04,-1.13,3.49,3.5,3.54,3.58,3.58,3.46,17724893.0,62051502.0,15:00:03,2026-09-02
sh600801,华新建材,23.36,-0.7,-2.909,23.35,23.36,24.06,23.75,24.21,22.91,10399700.0,242168999.0,15:34:59,2026-09-02
sh600802,福建水泥,4.85,-0.03,-0.615,4.84,4.85,4.88,4.9,4.9,4.76,7921910.0,38127146.0,15:34:59,2026-09-02
sh600803,新奥股份,19.09,0.35,1.868,19.08,19.09,18.74,18.81,19.23,18.65,14341625.0,272596765.0,15:34:59,2026-09-02
sh600805,悦达投资,4.6,-0.03,-0.648,4.59,4.6,4.63,4.6,4.62,4.53,6114380.0,27991580.0,15:00:04,2026-09-02
sh600807,济高发展,2.77,0.03,1.095,2.76,2.77,2.74,2.74,2.79,2.67,17113113.0,46679594.0,15:34:59,2026-09-02
sh600808,马钢股份,2.56,-0.06,-2.29,2.56,2.57,2.62,2.63,2.63,2.54,65313225.0,167285307.0,15:34:59,2026-09-02
sh600809,山西汾酒,118.28,-2.39,-1.981,118.28,118.3,120.67,120.06,121.68,118.18,5308347.0,633432780.0,15:34:59,2026-09-02
sh600810,神马股份,6.62,-0.1,-1.488,6.61,6.62,6.72,6.75,6.78,6.56,7674900.0,50730771.0,15:34:59,2026-09-02
sh600812,华北制药,4.79,-0.08,-1.643,4.78,4.79,4.87,4.87,4.88,4.76,14789449.0,70866311.0,15:34:59,2026-09-02
sh600814,杭州解百,6.99,-0.06,-0.851,6.98,6.99,7.05,7.05,7.06,6.9,7961600.0,55535504.0,15:34:59,2026-09-02
sh600815,厦工股份,4.23,-0.34,-7.44,4.23,4.24,4.57,4.56,4.61,4.13,133403312.0,575331108.0,15:34:59,2026-09-02
sh600816,建元信托,2.49,-0.05,-1.969,2.48,2.49,2.54,2.52,2.53,2.46,74005171.0,183934000.0,15:34:59,2026-09-02
sh600817,宇通重工,9.87,0.0,0.0,9.87,9.89,9.87,9.82,9.95,9.76,2001123.0,19767624.0,15:00:02,2026-09-02
sh600818,ST中路,7.51,-0.09,-1.184,7.51,7.52,7.6,7.53,7.63,7.32,4361200.0,32514896.0,15:00:03,2026-09-02
sh600819,耀皮玻璃,5.71,-0.06,-1.04,5.71,5.73,5.77,5.77,5.81,5.64,8125997.0,46627453.0,15:34:59,2026-09-02
sh600820,隧道股份,5.44,-0.07,-1.27,5.43,5.44,5.51,5.5,5.52,5.39,21489518.0,116658969.0,15:34:59,2026-09-02
sh600821,金开新能,6.08,-0.07,-1.138,6.07,6.08,6.15,6.17,6.22,6.04,53276601.0,324950051.0,15:34:59,2026-09-02
sh600822,上海物贸,8.58,-0.06,-0.694,8.57,8.58,8.64,8.62,8.62,8.47,2667300.0,22804713.0,15:00:05,2026-09-02
sh600824,益民集团,3.78,-0.02,-0.526,3.77,3.78,3.8,3.8,3.84,3.73,17099548.0,64405072.0,15:00:02,2026-09-02
sh600825,新华传媒,5.25,-0.05,-0.943,5.24,5.25,5.3,5.25,5.3,5.19,9985800.0,52318490.0,15:34:59,2026-09-02
sh600826,兰生股份,7.69,-0.07,-0.902,7.69,7.7,7.76,7.71,7.75,7.62,4165779.0,31993637.0,15:34:59,2026-09-02
sh600827,百联股份,7.81,-0.09,-1.139,7.8,7.81,7.9,7.88,7.91,7.79,10892303.0,85302903.0,15:34:59,2026-09-02
sh600828,茂业商业,4.81,0.44,10.069,4.81,0.0,4.37,4.81,4.81,4.57,45992056.0,218277726.0,15:34:59,2026-09-02
sh600829,人民同泰,10.23,-0.24,-2.292,10.22,10.23,10.47,10.37,10.53,10.17,14438738.0,148121477.0,15:34:59,2026-09-02
sh600830,香溢融通,10.15,0.92,9.967,10.15,0.0,9.23,9.55,10.15,9.23,38005940.0,381073835.0,15:34:59,2026-09-02
sh600831,广电网络,3.49,-0.07,-1.966,3.49,3.5,3.56,3.56,3.57,3.44,15717122.0,54570453.0,15:00:05,2026-09-02
sh600833,第一医药,10.75,-0.28,-2.539,10.75,10.76,11.03,11.07,11.08,10.72,6913400.0,74994753.0,15:34:59,2026-09-02
sh600834,申通地铁,7.74,-0.17,-2.149,7.73,7.74,7.91,7.88,7.91,7.74,3353100.0,26092423.0,15:00:04,2026-09-02
sh600835,上海机电,17.8,-0.57,-3.103,17.8,17.82,18.37,18.16,18.28,17.77,4402429.0,78953323.0,15:00:03,2026-09-02
sh600838,上海九百,8.62,0.02,0.233,8.61,8.62,8.6,8.5,8.69,8.37,24019871.0,205711159.0,15:34:59,2026-09-02
sh600839,四川长虹,6.99,-0.13,-1.826,6.99,7.0,7.12,7.05,7.1,6.99,69992556.0,491847278.0,15:34:59,2026-09-02
sh600841,动力新科,5.81,-0.02,-0.343,5.8,5.81,5.83,5.81,5.85,5.69,8815600.0,50927045.0,15:00:03,2026-09-02
sh600843,上工申贝,7.26,0.03,0.415,7.25,7.26,7.23,7.27,7.3,7.14,5877700.0,42552370.0,15:34:59,2026-09-02
sh600844,金煤科技,3.87,-0.24,-5.839,3.86,3.87,4.11,4.29,4.31,3.76,122600800.0,484107155.0,15:34:59,2026-09-02
sh600845,宝信软件,17.43,-0.33,-1.858,17.43,17.44,17.76,17.6,17.67,17.42,9202125.0,161266252.0,15:34:59,2026-09-02
sh600846,同济科技,11.75,-0.21,-1.756,11.75,11.76,11.96,11.93,11.93,11.74,2463000.0,29038090.0,15:00:03,2026-09-02
sh600847,万里股份,13.17,0.09,0.688,13.14,13.17,13.08,13.0,13.26,12.82,2235300.0,29118105.0,15:00:03,2026-09-02
sh600848,上海临港,8.5,-0.12,-1.392,8.5,8.51,8.62,8.56,8.6,8.41,6330279.0,53580333.0,15:00:03,2026-09-02
sh600850,电科数字,14.59,-0.18,-1.219,14.59,14.6,14.77,14.66,14.7,14.38,6656134.0,96858042.0,15:34:59,2026-09-02
sh600851,海欣股份,8.57,-0.16,-1.833,8.57,8.58,8.73,8.71,8.71,8.5,7642900.0,65580340.0,15:34:59,2026-09-02
sh600853,龙建股份,3.4,-0.01,-0.293,3.4,3.41,3.41,3.4,3.42,3.35,9524017.0,32288335.0,15:34:59,2026-09-02
sh600854,春兰股份,4.77,0.02,0.421,4.76,4.77,4.75,4.7,4.79,4.68,7379800.0,34953706.0,15:34:59,2026-09-02
sh600855,航天长峰,12.91,0.25,1.975,12.91,12.92,12.66,12.56,13.03,12.56,11367300.0,146335672.0,15:34:59,2026-09-02
sh600857,宁波中百,19.77,-0.99,-4.769,19.77,19.78,20.76,20.73,21.18,19.73,7727374.0,155882392.0,15:34:59,2026-09-02
sh600858,银座股份,5.06,-0.04,-0.784,5.05,5.06,5.1,5.1,5.13,5.0,7237500.0,36498433.0,15:34:59,2026-09-02
sh600859,王府井,10.0,-0.14,-1.381,9.99,10.0,10.14,10.14,10.17,9.93,14200368.0,141995268.0,15:00:02,2026-09-02
sh600860,京城股份,8.51,0.0,0.0,8.5,8.51,8.51,8.54,8.55,8.35,5646200.0,47846672.0,15:34:59,2026-09-02
sh600861,北京人力,12.79,-0.07,-0.544,12.79,12.81,12.86,12.81,12.86,12.71,1676400.0,21422840.0,15:00:02,2026-09-02
sh600862,中航高科,18.14,0.13,0.722,18.13,18.14,18.01,17.96,18.45,17.85,21025342.0,382694096.0,15:34:59,2026-09-02
sh600863,华能蒙电,4.67,-0.05,-1.059,4.66,4.67,4.72,4.68,4.75,4.66,81395749.0,381558054.0,15:34:59,2026-09-02
sh600864,哈投股份,5.76,-0.13,-2.207,5.75,5.76,5.89,5.85,5.89,5.74,35016723.0,202315238.0,15:34:59,2026-09-02
sh600865,百大集团,9.38,-0.33,-3.399,9.37,9.38,9.71,9.61,9.72,9.23,16269204.0,153010192.0,15:34:59,2026-09-02
sh600866,星湖科技,4.3,-0.13,-2.935,4.29,4.3,4.43,4.42,4.43,4.29,21333300.0,92306167.0,15:00:04,2026-09-02
sh600867,通化东宝,8.08,-0.13,-1.583,8.07,8.08,8.21,8.2,8.21,8.06,16123700.0,130678817.0,15:34:59,2026-09-02
sh600868,梅雁吉祥,2.86,-0.05,-1.718,2.86,2.87,2.91,2.9,2.9,2.83,31421639.0,89785187.0,15:34:59,2026-09-02
sh600869,远东股份,19.5,1.77,9.983,19.5,0.0,17.73,17.75,19.5,17.75,180235034.0,3431846858.0,15:34:59,2026-09-02
sh600871,石化油服,2.23,-0.06,-2.62,2.23,2.24,2.29,2.36,2.39,2.22,255570591.0,581074946.0,15:34:59,2026-09-02
sh600872,中炬高新,18.36,-0.18,-0.971,18.36,18.37,18.54,18.54,18.58,18.28,7765200.0,142645781.0,15:34:59,2026-09-02
sh600873,梅花生物,7.6,-0.25,-3.185,7.59,7.6,7.85,7.82,7.85,7.57,44754928.0,342084666.0,15:34:59,2026-09-02
sh600874,创业环保,5.58,-0.04,-0.712,5.58,5.59,5.62,5.62,5.63,5.55,7558455.0,42185377.0,15:34:59,2026-09-02
sh600875,东方电气,24.55,-0.73,-2.888,24.54,24.55,25.28,25.03,25.08,24.53,36518324.0,900746986.0,15:34:59,2026-09-02
sh600876,凯盛新能,7.21,-0.05,-0.689,7.21,7.22,7.26,7.22,7.22,7.09,2115649.0,15161185.0,15:34:59,2026-09-02
sh600877,电科芯片,12.18,-0.09,-0.733,12.17,12.18,12.27,12.18,12.23,12.06,6761141.0,82132873.0,15:34:59,2026-09-02
sh600879,航天电子,14.55,-0.12,-0.818,14.54,14.55,14.67,14.52,14.75,14.46,59958800.0,875598847.0,15:34:59,2026-09-02
sh600880,博瑞传播,4.1,-0.03,-0.726,4.1,4.11,4.13,4.11,4.15,4.06,19879516.0,81432906.0,15:34:59,2026-09-02
sh600881,亚泰集团,1.92,-0.04,-2.041,1.92,1.93,1.96,1.98,1.98,1.89,107909821.0,208230600.0,15:34:59,2026-09-02
sh600882,妙可蓝多,20.25,-0.35,-1.699,20.25,20.26,20.6,20.55,20.58,20.1,4486770.0,91045033.0,15:34:59,2026-09-02
sh600883,博闻科技,8.08,-0.19,-2.297,8.08,8.1,8.27,8.2,8.23,7.95,7591200.0,61232210.0,15:00:04,2026-09-02
sh600884,杉杉股份,11.68,-0.22,-1.849,11.68,11.69,11.9,11.82,11.83,11.64,29683370.0,346747971.0,15:34:59,2026-09-02
sh600885,宏发股份,32.98,-1.39,-4.044,32.97,32.98,34.37,34.15,34.43,32.98,16075950.0,535476844.0,15:34:59,2026-09-02
sh600886,国投电力,14.18,0.26,1.868,14.18,14.19,13.92,13.97,14.27,13.93,33695202.0,475891973.0,15:34:59,2026-09-02
sh600887,伊利股份,26.57,0.07,0.264,26.56,26.57,26.5,26.64,26.79,26.45,76932124.0,2049705357.0,15:34:59,2026-09-02
sh600888,新疆众和,10.11,-0.27,-2.601,10.11,10.12,10.38,10.22,10.25,9.95,42718755.0,431275492.0,15:34:59,2026-09-02
sh600889,*ST京化,13.49,-0.16,-1.172,13.48,13.49,13.65,13.54,13.6,13.4,1168200.0,15737916.0,15:34:59,2026-09-02
sh600892,大晟文化,5.35,0.49,10.082,5.35,0.0,4.86,5.35,5.35,5.35,11215800.0,60004530.0,15:34:59,2026-09-02
sh600893,航发动力,38.83,0.32,0.831,38.82,38.83,38.51,38.35,39.39,38.15,38640795.0,1498144905.0,15:34:59,2026-09-02
sh600894,广日股份,7.39,-0.09,-1.203,7.38,7.39,7.48,7.45,7.5,7.37,4775470.0,35361948.0,15:00:03,2026-09-02
sh600895,张江高科,29.6,-0.54,-1.792,29.6,29.61,30.14,29.87,30.01,29.58,13627190.0,405361297.0,15:34:59,2026-09-02
sh600897,厦门空港,15.19,0.08,0.529,15.19,15.2,15.11,15.0,15.24,14.99,2052333.0,31127744.0,15:34:59,2026-09-02
sh600900,长江电力,28.72,0.32,1.127,28.72,28.73,28.4,28.49,28.85,28.35,124955254.0,3581667647.0,15:34:59,2026-09-02
sh600901,江苏金租,6.59,-0.06,-0.902,6.59,6.6,6.65,6.65,6.67,6.55,26554871.0,175253551.0,15:34:59,2026-09-02
sh600903,贵州燃气,7.07,0.64,9.953,7.07,0.0,6.43,6.71,7.07,6.5,75241745.0,515139819.0,15:34:59,2026-09-02
sh600905,三峡能源,3.67,-0.02,-0.542,3.67,3.68,3.69,3.69,3.7,3.66,67163043.0,246726699.0,15:34:59,2026-09-02
sh600906,财达证券,6.65,-0.13,-1.917,6.64,6.65,6.78,6.72,6.78,6.6,34047232.0,226615646.0,15:34:59,2026-09-02
sh600908,无锡银行,5.72,0.02,0.351,5.71,5.72,5.7,5.69,5.74,5.62,21865940.0,124724546.0,15:00:03,2026-09-02
sh600909,华安证券,7.97,-0.35,-4.207,7.96,7.97,8.32,8.21,8.23,7.96,131453258.0,1056384194.0,15:34:59,2026-09-02
sh600916,中国黄金,8.03,-0.02,-0.248,8.02,8.03,8.05,7.88,8.08,7.72,59332861.0,467713036.0,15:34:59,2026-09-02
sh600917,重庆燃气,5.03,0.09,1.822,5.02,5.03,4.94,4.96,5.06,4.93,12849841.0,64397498.0,15:34:59,2026-09-02
sh600918,中泰证券,5.62,-0.18,-3.103,5.61,5.62,5.8,5.76,5.78,5.61,48335457.0,273344970.0,15:34:59,2026-09-02
sh600919,江苏银行,12.24,-0.05,-0.407,12.23,12.24,12.29,12.3,12.35,12.22,57282477.0,703425540.0,15:34:59,2026-09-02
sh600925,苏能股份,4.23,-0.17,-3.864,4.23,4.24,4.4,4.46,4.46,4.23,27988300.0,120238592.0,15:34:59,2026-09-02
sh600926,杭州银行,17.2,0.13,0.762,17.2,17.21,17.07,17.1,17.27,17.01,41952099.0,720849797.0,15:34:59,2026-09-02
sh600927,永安期货,12.69,-0.39,-2.982,12.69,12.7,13.08,13.0,13.08,12.65,9858700.0,125522110.0,15:34:59,2026-09-02
sh600928,西安银行,3.56,-0.02,-0.559,3.55,3.56,3.58,3.57,3.59,3.52,29710385.0,105598961.0,15:34:59,2026-09-02
sh600929,雪天盐业,6.04,0.0,0.0,0.0,0.0,6.04,0.0,0.0,0.0,0.0,0.0,15:35:53,2026-09-02
sh600930,华电新能,3.89,-0.04,-1.018,3.89,3.9,3.93,3.92,3.93,3.89,88359625.0,344697773.0,15:34:59,2026-09-02
sh600933,爱柯迪,13.43,-0.08,-0.592,13.41,13.43,13.51,13.45,13.47,13.2,5201720.0,69420143.0,15:34:59,2026-09-02
sh600935,华塑股份,2.35,-0.02,-0.844,2.34,2.35,2.37,2.37,2.37,2.33,19598600.0,46003408.0,15:00:02,2026-09-02
sh600936,北投科技,5.22,0.0,0.0,5.22,5.23,5.22,5.16,5.33,5.09,60855768.0,317425863.0,15:34:59,2026-09-02
sh600938,中国海油,33.77,-0.74,-2.144,33.77,33.78,34.51,35.41,35.43,33.72,53946138.0,1857802538.0,15:34:59,2026-09-02
sh600939,重庆建工,2.66,-0.04,-1.481,2.66,2.67,2.7,2.69,2.71,2.63,14063700.0,37347727.0,15:00:02,2026-09-02
sh600941,中国移动,100.8,0.91,0.911,100.79,100.8,99.89,99.88,100.94,99.76,13265944.0,1334623802.0,15:34:59,2026-09-02
sh600955,维远股份,12.81,-0.26,-1.989,12.8,12.81,13.07,13.05,13.06,12.71,2786500.0,35660374.0,15:34:59,2026-09-02
sh600956,新天绿能,7.2,-0.08,-1.099,7.18,7.2,7.28,7.35,7.36,7.16,6955500.0,50134408.0,15:00:04,2026-09-02
sh600958,东方证券,9.16,-0.09,-0.973,9.15,9.16,9.25,9.21,9.23,9.11,41821060.0,382600970.0,15:34:59,2026-09-02
sh600959,江苏有线,3.12,-0.05,-1.577,3.12,3.13,3.17,3.15,3.17,3.11,28843978.0,90413433.0,15:34:59,2026-09-02
sh600960,渤海汽车,4.11,0.01,0.244,4.1,4.11,4.1,4.09,4.12,4.04,7978800.0,32579347.0,15:34:59,2026-09-02
sh600961,株冶集团,26.25,-0.71,-2.634,26.24,26.25,26.96,26.22,26.49,25.4,33680616.0,874097341.0,15:34:59,2026-09-02
sh600962,国投中鲁,25.46,0.11,0.434,25.46,25.49,25.35,25.01,25.82,24.84,5611534.0,142421922.0,15:34:59,2026-09-02
sh600963,岳阳林纸,3.48,-0.06,-1.695,3.48,3.49,3.54,3.54,3.55,3.45,26688151.0,92783145.0,15:34:59,2026-09-02
sh600965,*ST福成,2.84,-0.09,-3.072,2.84,2.85,2.93,2.88,2.92,2.82,8690900.0,24892670.0,15:00:02,2026-09-02
sh600966,博汇纸业,4.73,-0.17,-3.469,4.73,4.74,4.9,4.88,4.88,4.72,15221800.0,72514246.0,15:00:03,2026-09-02
sh600967,内蒙一机,13.41,1.22,10.008,13.41,0.0,12.19,12.5,13.41,12.5,65013612.0,845514047.0,15:34:59,2026-09-02
sh600968,海油发展,3.87,-0.1,-2.519,3.86,3.87,3.97,4.02,4.03,3.85,72874500.0,285961522.0,15:34:59,2026-09-02
sh600969,郴电国际,9.73,-0.56,-5.442,9.72,9.73,10.29,10.15,10.25,9.67,26734576.0,262520649.0,15:34:59,2026-09-02
sh600970,中材国际,7.65,-0.18,-2.299,7.64,7.65,7.83,7.83,7.84,7.6,16889581.0,129453381.0,15:34:59,2026-09-02
sh600971,恒源煤电,8.74,-0.21,-2.346,8.74,8.75,8.95,9.11,9.19,8.7,32414646.0,287129974.0,15:34:59,2026-09-02
sh600973,宝胜股份,6.16,-0.06,-0.965,6.16,6.17,6.22,6.18,6.22,6.07,17494725.0,107515504.0,15:34:59,2026-09-02
sh600975,新五丰,5.13,-0.12,-2.286,5.12,5.13,5.25,5.23,5.24,5.12,13327512.0,68804869.0,15:34:59,2026-09-02
sh600976,健民集团,28.57,0.71,2.548,28.56,28.57,27.86,27.76,29.33,27.34,4781899.0,136092379.0,15:34:59,2026-09-02
sh600977,中国电影,12.38,-0.31,-2.443,12.38,12.39,12.69,12.66,12.66,12.36,21675967.0,270214342.0,15:34:59,2026-09-02
sh600979,广安爱众,4.02,0.01,0.249,4.01,4.02,4.01,4.0,4.02,3.95,18302500.0,73122523.0,15:34:59,2026-09-02
sh600980,北矿科技,19.44,-0.41,-2.065,19.44,19.46,19.85,19.7,19.78,19.19,3511800.0,68077273.0,15:34:59,2026-09-02
sh600981,苏豪汇鸿,2.49,-0.04,-1.581,2.49,2.5,2.53,2.51,2.53,2.46,17264836.0,42892677.0,15:34:59,2026-09-02
sh600982,宁波能源,4.89,-0.04,-0.811,4.89,4.9,4.93,4.89,4.94,4.85,12064100.0,59046787.0,15:34:59,2026-09-02
sh600983,惠而浦,7.65,-0.12,-1.544,7.64,7.65,7.77,7.76,7.82,7.63,1587800.0,12181519.0,15:00:05,2026-09-02
sh600984,建设机械,3.74,-0.08,-2.094,3.74,3.75,3.82,3.77,3.79,3.7,43450016.0,162716231.0,15:34:59,2026-09-02
sh600985,淮北矿业,17.0,-0.5,-2.857,17.0,17.01,17.5,17.65,17.78,16.9,38994482.0,667729779.0,15:34:59,2026-09-02
sh600986,浙文互联,7.53,-0.25,-3.213,7.53,7.54,7.78,7.62,7.76,7.52,66475831.0,504510553.0,15:34:59,2026-09-02
sh600987,航民股份,6.55,-0.05,-0.758,6.55,6.56,6.6,6.58,6.59,6.52,3804190.0,24906676.0,15:00:03,2026-09-02
sh600988,赤峰黄金,45.77,-0.23,-0.5,45.77,45.78,46.0,45.0,46.13,43.61,60502811.0,2714702223.0,15:34:59,2026-09-02
sh600989,宝丰能源,24.21,-0.16,-0.657,24.2,24.21,24.37,25.05,25.35,24.05,94926144.0,2333677147.0,15:34:59,2026-09-02
sh600990,四创电子,19.01,-0.06,-0.315,19.01,19.02,19.07,18.98,19.18,18.91,2942500.0,56032162.0,15:34:59,2026-09-02
sh600992,贵绳股份,10.14,0.03,0.297,10.13,10.14,10.11,10.16,10.16,10.01,3498404.0,35319735.0,15:34:59,2026-09-02
sh600993,马应龙,23.11,-0.1,-0.431,23.06,23.11,23.21,23.23,23.23,22.89,3101914.0,71420947.0,15:34:59,2026-09-02
sh600995,南网储能,12.61,-0.13,-1.02,12.61,12.62,12.74,12.75,12.76,12.57,7625143.0,96292334.0,15:34:59,2026-09-02
sh600996,贵广网络,7.11,-0.12,-1.66,7.11,7.12,7.23,7.18,7.26,7.1,14255218.0,101867177.0,15:34:59,2026-09-02
sh600997,开滦股份,5.46,-0.26,-4.545,5.45,5.46,5.72,5.81,5.9,5.43,25101100.0,140146046.0,15:00:03,2026-09-02
sh600998,九州通,4.95,0.02,0.406,4.94,4.95,4.93,4.95,5.01,4.9,28827134.0,142359636.0,15:34:59,2026-09-02
sh600999,招商证券,18.23,-0.48,-2.565,18.22,18.23,18.71,18.6,18.61,18.2,52947596.0,969599979.0,15:34:59,2026-09-02
sh601000,唐山港,4.63,0.0,0.0,4.62,4.63,4.63,4.65,4.66,4.57,44729450.0,206045273.0,15:00:04,2026-09-02
sh601001,晋控煤业,16.36,-1.22,-6.94,16.36,16.37,17.58,17.8,17.98,16.31,37766708.0,633076767.0,15:34:59,2026-09-02
sh601002,晋亿实业,5.53,-0.02,-0.36,5.53,5.54,5.55,5.53,5.56,5.46,10550543.0,58088764.0,15:34:59,2026-09-02
sh601003,柳钢股份,3.88,-0.02,-0.513,3.87,3.88,3.9,3.9,3.94,3.79,23431964.0,90222131.0,15:34:59,2026-09-02
sh601005,重庆钢铁,1.21,-0.02,-1.626,1.2,1.21,1.23,1.22,1.23,1.2,56478000.0,68348438.0,15:34:59,2026-09-02
sh601006,大秦铁路,4.81,-0.01,-0.207,4.8,4.81,4.82,4.82,4.85,4.79,93000071.0,448223080.0,15:34:59,2026-09-02
sh601007,金陵饭店,7.15,0.04,0.563,7.15,7.16,7.11,7.08,7.17,6.98,8228643.0,58336220.0,15:34:59,2026-09-02
sh601008,连云港,4.45,-0.03,-0.67,4.44,4.45,4.48,4.5,4.5,4.43,10115682.0,45038241.0,15:34:59,2026-09-02
sh601009,南京银行,11.87,-0.05,-0.419,11.87,11.88,11.92,11.95,12.0,11.85,49419914.0,589637856.0,15:34:59,2026-09-02
sh601010,ST文峰,1.55,0.01,0.649,1.55,1.56,1.54,1.54,1.58,1.52,21819803.0,33881932.0,15:34:59,2026-09-02
sh601011,宝泰隆,2.99,-0.12,-3.859,2.99,3.0,3.11,3.29,3.3,2.97,136371090.0,419614596.0,15:34:59,2026-09-02
sh601012,隆基绿能,11.75,-0.32,-2.651,11.75,11.76,12.07,12.03,12.04,11.75,81653181.0,964842222.0,15:34:59,2026-09-02
sh601015,陕西黑猫,3.71,-0.17,-4.381,3.7,3.71,3.88,4.0,4.05,3.69,103516538.0,394600775.0,15:34:59,2026-09-02
sh601016,节能风电,3.31,-0.06,-1.78,3.3,3.31,3.37,3.35,3.37,3.3,93154516.0,309651668.0,15:34:59,2026-09-02
sh601018,宁波港,3.47,-0.03,-0.857,3.47,3.48,3.5,3.5,3.52,3.46,45828300.0,159532721.0,15:34:59,2026-09-02
sh601019,山东出版,6.95,-0.06,-0.856,6.93,6.95,7.01,7.01,7.07,6.9,10656463.0,74161066.0,15:34:59,2026-09-02
sh601020,华钰矿业,22.26,-0.39,-1.722,22.25,22.26,22.65,22.05,22.47,21.41,27635988.0,605939989.0,15:34:59,2026-09-02
sh601021,春秋航空,43.07,-0.67,-1.532,43.07,43.08,43.74,43.26,43.28,43.0,4679525.0,201471797.0,15:34:59,2026-09-02
sh601022,宁波远洋,8.25,-0.1,-1.198,8.25,8.26,8.35,8.39,8.39,8.21,5158600.0,42633779.0,15:34:59,2026-09-02
sh601026,道生天合,15.25,-0.48,-3.051,15.25,15.26,15.73,15.7,15.7,15.18,4436530.0,68037724.0,15:34:59,2026-09-02
sh601033,永兴股份,14.71,0.02,0.136,14.71,14.72,14.69,14.63,14.86,14.52,5669846.0,83500174.0,15:34:59,2026-09-02
sh601038,一拖股份,14.51,-0.51,-3.395,14.5,14.51,15.02,14.9,15.09,14.35,15426516.0,224737918.0,15:34:59,2026-09-02
sh601058,赛轮轮胎,15.53,0.03,0.194,15.52,15.53,15.5,15.51,15.67,15.36,46078414.0,714129216.0,15:34:59,2026-09-02
sh601059,信达证券,16.94,-0.15,-0.878,16.94,16.95,17.09,17.0,17.06,16.87,9455354.0,160442278.0,15:34:59,2026-09-02
sh601061,中信金属,11.42,-0.35,-2.974,11.41,11.42,11.77,11.68,11.68,11.06,18588200.0,210816299.0,15:00:04,2026-09-02
sh601065,江盐集团,6.89,-0.08,-1.148,6.88,6.89,6.97,6.97,6.97,6.84,4779850.0,32865500.0,15:34:59,2026-09-02
sh601066,中信建投,24.81,-0.74,-2.896,24.81,24.82,25.55,25.4,25.47,24.8,17396386.0,434641344.0,15:34:59,2026-09-02
sh601068,中铝国际,4.58,-0.07,-1.505,4.57,4.58,4.65,4.62,4.63,4.52,10225600.0,46636857.0,15:00:02,2026-09-02
sh601069,西部黄金,29.79,0.22,0.744,29.78,29.79,29.57,28.32,29.94,27.88,32377298.0,933932287.0,15:34:59,2026-09-02
sh601077,渝农商行,6.85,-0.08,-1.154,6.85,6.86,6.93,6.91,6.94,6.81,60005112.0,411180733.0,15:34:59,2026-09-02
sh601083,锦江航运,12.39,-0.72,-5.492,12.38,12.39,13.11,12.98,13.19,12.33,19423266.0,246441533.0,15:34:59,2026-09-02
sh601086,国芳集团,11.1,1.01,10.01,11.1,0.0,10.09,11.1,11.1,11.1,5802000.0,64402200.0,15:34:59,2026-09-02
sh601088,中国神华,48.05,-0.25,-0.518,48.02,48.05,48.3,48.95,49.05,47.4,34721465.0,1666467353.0,15:34:59,2026-09-02
sh601089,福元医药,16.21,-0.38,-2.291,16.21,16.23,16.59,16.57,16.57,16.16,2633299.0,42847285.0,15:34:59,2026-09-02
sh601096,宏盛华源,4.18,-0.04,-0.948,4.18,4.19,4.22,4.2,4.21,4.14,15016170.0,62530608.0,15:34:59,2026-09-02
sh601098,中南传媒,9.91,-0.17,-1.687,9.9,9.91,10.08,10.07,10.07,9.87,9142900.0,90840637.0,15:00:03,2026-09-02
sh601099,太平洋,3.56,-0.1,-2.732,3.55,3.56,3.66,3.63,3.64,3.55,144354586.0,515491206.0,15:34:59,2026-09-02
sh601100,恒立液压,100.28,-1.6,-1.57,100.28,100.29,101.88,101.98,101.98,99.6,3250243.0,325948343.0,15:34:59,2026-09-02
sh601101,昊华能源,13.93,-0.67,-4.589,13.93,13.94,14.6,14.92,15.0,13.73,42006164.0,592634951.0,15:34:59,2026-09-02
sh601106,中国一重,3.07,0.0,0.0,3.06,3.07,3.07,3.08,3.09,3.03,41951630.0,128257939.0,15:34:59,2026-09-02
sh601107,四川成渝,5.91,-0.04,-0.672,5.9,5.91,5.95,5.97,6.0,5.88,8879395.0,52548693.0,15:00:02,2026-09-02
sh601108,财通证券,8.66,-0.24,-2.697,8.65,8.66,8.9,8.83,8.85,8.63,52227569.0,453374404.0,15:34:59,2026-09-02
sh601111,中国国航,5.73,-0.1,-1.715,5.73,5.74,5.83,5.78,5.78,5.72,66793604.0,383373967.0,15:34:59,2026-09-02
sh601112,振石股份,15.69,-0.09,-0.57,15.69,15.7,15.78,15.71,15.78,15.51,3526024.0,55203774.0,15:00:01,2026-09-02
sh601113,华鼎股份,3.5,-0.03,-0.85,3.5,3.51,3.53,3.52,3.53,3.46,7946075.0,27732192.0,15:00:05,2026-09-02
sh601116,三江购物,11.08,-0.25,-2.207,11.08,11.09,11.33,11.39,11.45,11.02,17325051.0,192929273.0,15:34:59,2026-09-02
sh601117,中国化学,7.38,-0.13,-1.731,7.37,7.38,7.51,7.5,7.51,7.35,83291622.0,615056149.0,15:34:59,2026-09-02
sh601118,海南橡胶,6.5,-0.05,-0.763,6.5,6.51,6.55,6.46,6.87,6.2,132983152.0,863334297.0,15:34:59,2026-09-02
sh601121,宝地矿业,7.33,-0.09,-1.213,7.32,7.33,7.42,7.34,7.35,7.16,13942100.0,101307900.0,15:34:59,2026-09-02
sh601123,C马矿,20.02,-5.98,-23.0,20.02,20.03,26.0,22.88,23.1,19.88,63575649.0,1344667489.0,15:34:59,2026-09-02
sh601126,四方股份,40.2,-0.94,-2.285,40.19,40.2,41.14,40.73,40.96,40.1,12478830.0,504257920.0,15:34:59,2026-09-02
sh601127,赛力斯,48.93,-1.62,-3.205,48.93,48.94,50.55,50.17,50.39,48.92,17618153.0,867314318.0,15:34:59,2026-09-02
sh601128,常熟银行,6.34,-0.01,-0.157,6.34,6.35,6.35,6.35,6.4,6.3,65399927.0,415507123.0,15:34:59,2026-09-02
sh601133,柏诚股份,23.92,-0.38,-1.564,23.92,23.93,24.3,23.98,24.22,23.63,7374165.0,176158090.0,15:34:59,2026-09-02
sh601136,首创证券,15.13,-0.45,-2.888,15.12,15.13,15.58,15.35,15.59,14.99,35960608.0,547105257.0,15:34:59,2026-09-02
sh601137,博威合金,20.95,-0.57,-2.649,20.94,20.95,21.52,21.35,21.4,20.75,18058441.0,378885515.0,15:34:59,2026-09-02
sh601138,工业富联,61.8,-1.14,-1.811,61.79,61.8,62.94,61.72,62.4,61.4,61973156.0,3836041090.0,15:34:59,2026-09-02
sh601139,深圳燃气,6.52,-0.04,-0.61,6.51,6.52,6.56,6.6,6.61,6.49,17528801.0,114612647.0,15:34:59,2026-09-02
sh601155,新城控股,11.94,0.13,1.101,11.94,11.95,11.81,11.78,12.13,11.56,25422499.0,301588064.0,15:00:03,2026-09-02
sh601156,东航物流,18.77,-0.62,-3.198,18.75,18.77,19.39,19.43,19.45,18.7,10048900.0,189810050.0,15:00:05,2026-09-02
sh601158,重庆水务,4.11,-0.03,-0.725,4.1,4.11,4.14,4.13,4.14,4.1,5705800.0,23505350.0,15:34:59,2026-09-02
sh601162,天风证券,3.79,-0.1,-2.571,3.78,3.79,3.89,3.85,3.87,3.77,170597899.0,648661635.0,15:34:59,2026-09-02
sh601163,三角轮胎,12.39,-0.09,-0.721,12.39,12.4,12.48,12.45,12.45,12.35,2698953.0,33432786.0,15:00:04,2026-09-02
sh601166,兴业银行,17.9,-0.05,-0.279,17.89,17.9,17.95,18.0,18.09,17.84,70889275.0,1271804564.0,15:34:59,2026-09-02
sh601168,西部矿业,39.59,-0.37,-0.926,39.59,39.6,39.96,39.09,40.0,37.82,57260126.0,2230528335.0,15:34:59,2026-09-02
sh601169,北京银行,5.54,0.05,0.911,5.53,5.54,5.49,5.49,5.56,5.47,268183393.0,1482861781.0,15:34:59,2026-09-02
sh601177,杭齿前进,14.14,-0.06,-0.423,14.14,14.15,14.2,14.08,14.23,13.96,8896173.0,125484364.0,15:34:59,2026-09-02
sh601179,中国西电,12.49,-0.23,-1.808,12.48,12.49,12.72,12.61,12.68,12.42,55374760.0,693062805.0,15:34:59,2026-09-02
sh601186,中国铁建,6.06,-0.05,-0.818,6.06,6.07,6.11,6.09,6.11,6.05,24828432.0,150648410.0,15:34:59,2026-09-02
sh601187,厦门银行,7.33,-0.12,-1.611,7.33,7.34,7.45,7.47,7.49,7.3,14148679.0,104178508.0,15:34:59,2026-09-02
sh601188,龙江交通,2.95,-0.02,-0.673,2.95,2.96,2.97,2.97,2.99,2.93,12214166.0,36073880.0,15:00:03,2026-09-02
sh601198,东兴证券,13.98,-0.21,-1.48,13.98,13.99,14.19,14.11,14.16,13.93,18513872.0,259420861.0,15:34:59,2026-09-02
sh601199,江南水务,6.06,-0.03,-0.493,6.05,6.06,6.09,6.05,6.08,6.0,6598700.0,39832405.0,15:34:59,2026-09-02
sh601200,上海环境,6.97,-0.06,-0.853,6.96,6.97,7.03,7.03,7.03,6.91,6035535.0,41956192.0,15:00:05,2026-09-02
sh601208,东材科技,47.74,-0.54,-1.118,47.73,47.74,48.28,47.1,49.16,47.0,53211406.0,2556328840.0,15:34:59,2026-09-02
sh601211,国泰海通,17.61,-0.33,-1.839,17.6,17.61,17.94,17.88,17.93,17.57,58314439.0,1029892697.0,15:34:59,2026-09-02
sh601212,白银有色,6.66,-0.08,-1.187,6.65,6.66,6.74,6.45,6.68,6.25,387790420.0,2499480896.0,15:34:59,2026-09-02
sh601216,君正集团,4.79,-0.06,-1.237,4.78,4.79,4.85,4.85,4.86,4.73,60369499.0,288832524.0,15:34:59,2026-09-02
sh601218,吉鑫科技,4.53,-0.03,-0.658,4.53,4.54,4.56,4.54,4.55,4.49,12688700.0,57365936.0,15:34:59,2026-09-02
sh601222,林洋能源,5.98,-0.05,-0.829,5.98,5.99,6.03,5.96,6.02,5.92,33931775.0,202656794.0,15:34:59,2026-09-02
sh601225,陕西煤业,26.1,-0.62,-2.32,26.1,26.11,26.72,27.15,27.28,25.94,44027734.0,1155894296.0,15:34:59,2026-09-02
sh601226,华电科工,6.53,-0.09,-1.36,6.52,6.53,6.62,6.59,6.59,6.5,7766090.0,50791955.0,15:34:59,2026-09-02
sh601228,广州港,3.12,-0.02,-0.637,3.11,3.12,3.14,3.13,3.15,3.09,19306700.0,60138218.0,15:34:59,2026-09-02
sh601229,上海银行,9.63,-0.05,-0.517,9.62,9.63,9.68,9.7,9.76,9.62,43396139.0,419734075.0,15:34:59,2026-09-02
sh601231,环旭电子,25.5,-0.24,-0.932,25.5,25.51,25.74,25.38,25.77,25.18,16808809.0,427916662.0,15:34:59,2026-09-02
sh601233,桐昆股份,26.28,-0.89,-3.276,26.27,26.28,27.17,27.17,27.25,25.6,55158811.0,1444559193.0,15:34:59,2026-09-02
sh601236,红塔证券,7.09,0.01,0.141,7.09,7.1,7.08,7.04,7.25,6.96,46601050.0,332552663.0,15:00:02,2026-09-02
sh601238,广汽集团,5.12,-0.12,-2.29,5.12,5.13,5.24,5.22,5.24,5.12,27621437.0,142245279.0,15:34:59,2026-09-02
sh601279,英利汽车,3.42,0.01,0.293,3.42,3.43,3.41,3.41,3.43,3.35,9772000.0,33106478.0,15:00:01,2026-09-02
sh601288,农业银行,7.06,0.01,0.142,7.05,7.06,7.05,7.09,7.1,7.03,291876655.0,2061995149.0,15:34:59,2026-09-02
sh601298,青岛港,9.19,-0.08,-0.863,9.18,9.19,9.27,9.2,9.3,9.13,8914099.0,81950729.0,15:00:03,2026-09-02
sh601311,骆驼股份,7.75,-0.19,-2.393,7.75,7.76,7.94,8.0,8.02,7.73,18795430.0,146350361.0,15:34:59,2026-09-02
sh601318,中国平安,56.63,-0.6,-1.048,56.62,56.63,57.23,57.11,57.48,56.47,60053433.0,3409288191.0,15:34:59,2026-09-02
sh601319,中国人保,7.92,0.01,0.126,7.92,7.93,7.91,7.89,8.06,7.86,140168608.0,1115139378.0,15:34:59,2026-09-02
sh601326,秦港股份,3.6,-0.04,-1.099,3.59,3.6,3.64,3.63,3.64,3.56,24895974.0,89572689.0,15:34:59,2026-09-02
sh601328,交通银行,7.43,0.07,0.951,7.42,7.43,7.36,7.4,7.48,7.37,208998066.0,1552372670.0,15:34:59,2026-09-02
sh601330,绿色动力,7.81,-0.16,-2.008,7.81,7.82,7.97,7.9,7.99,7.76,31635171.0,248065747.0,15:34:59,2026-09-02
sh601333,广深铁路,3.11,-0.01,-0.321,3.11,3.12,3.12,3.11,3.15,3.09,99742913.0,311299267.0,15:34:59,2026-09-02
sh601336,新华保险,60.55,-0.95,-1.545,60.55,60.56,61.5,61.18,61.86,60.24,19992403.0,1218043706.0,15:34:59,2026-09-02
sh601339,百隆东方,7.59,-0.46,-5.714,7.58,7.59,8.05,8.03,8.04,7.5,15554624.0,119964371.0,15:34:59,2026-09-02
sh601360,三六零,8.99,-0.28,-3.02,8.99,9.0,9.27,9.14,9.2,8.97,109563558.0,993062814.0,15:34:59,2026-09-02
sh601366,利群股份,3.78,-0.05,-1.305,3.77,3.78,3.83,3.83,3.84,3.74,15023100.0,56583453.0,15:34:59,2026-09-02
sh601368,绿城水务,4.56,-0.07,-1.512,4.55,4.56,4.63,4.59,4.64,4.54,3729020.0,17023905.0,15:00:05,2026-09-02
sh601369,陕鼓动力,8.79,-0.04,-0.453,8.78,8.79,8.83,8.79,8.8,8.63,7706000.0,67145941.0,15:34:59,2026-09-02
sh601375,中原证券,4.13,-0.1,-2.364,4.13,4.14,4.23,4.21,4.22,4.12,40402303.0,167646282.0,15:34:59,2026-09-02
sh601377,兴业证券,5.86,-0.09,-1.513,5.85,5.86,5.95,5.92,5.93,5.84,60284956.0,353677092.0,15:34:59,2026-09-02
sh601388,怡球资源,3.46,-0.05,-1.425,3.45,3.46,3.51,3.49,3.49,3.4,38846560.0,133796112.0,15:34:59,2026-09-02
sh601390,中国中铁,4.35,-0.07,-1.584,4.35,4.36,4.42,4.42,4.44,4.35,90477167.0,395300831.0,15:34:59,2026-09-02
sh601398,工商银行,8.22,0.07,0.859,8.21,8.22,8.15,8.19,8.29,8.14,371799852.0,3052234794.0,15:34:59,2026-09-02
sh601399,国机重装,3.2,-0.05,-1.538,3.19,3.2,3.25,3.23,3.24,3.18,59223740.0,189794444.0,15:34:59,2026-09-02
sh601456,国联民生,8.85,-0.15,-1.667,8.85,8.86,9.0,8.97,8.98,8.83,17371429.0,154173218.0,15:34:59,2026-09-02
sh601500,通用股份,3.98,-0.06,-1.485,3.97,3.98,4.04,4.03,4.04,3.97,12454640.0,49634089.0,15:00:04,2026-09-02
sh601512,中新集团,8.47,0.1,1.195,8.47,8.48,8.37,8.37,8.56,8.31,5279700.0,44684875.0,15:00:04,2026-09-02
sh601515,衢州东峰,3.42,-0.05,-1.441,3.42,3.43,3.47,3.46,3.47,3.4,12064884.0,41320526.0,15:00:03,2026-09-02
sh601518,吉林高速,2.84,0.01,0.353,2.83,2.84,2.83,2.83,2.85,2.8,17531054.0,49549994.0,15:34:59,2026-09-02
sh601519,大智慧,8.79,-0.21,-2.333,8.79,8.8,9.0,8.92,8.99,8.73,29110991.0,257156673.0,15:34:59,2026-09-02
sh601528,瑞丰银行,5.17,-0.03,-0.577,5.15,5.17,5.2,5.18,5.2,5.1,13685356.0,70585103.0,15:00:03,2026-09-02
sh601555,东吴证券,8.41,-0.2,-2.323,8.41,8.42,8.61,8.65,8.74,8.39,56093747.0,477299790.0,15:34:59,2026-09-02
sh601566,九牧王,10.36,0.94,9.979,10.36,0.0,9.42,9.81,10.36,9.44,48866179.0,492159523.0,15:34:59,2026-09-02
sh601567,三星电气,14.02,-0.27,-1.889,14.02,14.03,14.29,14.21,14.22,13.93,10378870.0,145629690.0,15:34:59,2026-09-02
sh601568,北元化工,3.82,-0.03,-0.779,3.81,3.82,3.85,3.85,3.85,3.77,18262856.0,69515009.0,15:00:03,2026-09-02
sh601577,长沙银行,9.95,0.08,0.811,9.95,9.96,9.87,9.88,10.04,9.83,25061612.0,249297336.0,15:34:59,2026-09-02
sh601579,会稽山,20.9,0.2,0.966,20.89,20.91,20.7,20.9,22.26,20.8,24826481.0,533016738.0,15:34:59,2026-09-02
sh601588,北辰实业,1.76,-0.02,-1.124,1.75,1.76,1.78,1.77,1.78,1.72,34096901.0,59545041.0,15:34:59,2026-09-02
sh601595,上海电影,18.13,-0.77,-4.074,18.13,18.14,18.9,18.85,19.13,18.08,18872158.0,347432162.0,15:34:59,2026-09-02
sh601598,中国外运,6.48,-0.22,-3.284,6.47,6.48,6.7,6.71,6.73,6.41,17036982.0,111300702.0,15:34:59,2026-09-02
sh601599,浙文影业,3.26,-0.08,-2.395,3.26,3.27,3.34,3.31,3.35,3.26,30937022.0,101687202.0,15:34:59,2026-09-02
sh601600,中国铝业,9.6,-0.19,-1.941,9.59,9.6,9.79,9.74,9.75,9.45,138156277.0,1323307699.0,15:34:59,2026-09-02
sh601601,中国太保,32.83,-0.24,-0.726,32.83,32.84,33.07,32.94,33.54,32.61,41853865.0,1377419429.0,15:34:59,2026-09-02
sh601606,长城军工,36.62,3.33,10.003,36.62,0.0,33.29,33.04,36.62,33.04,59387248.0,2140114933.0,15:34:59,2026-09-02
sh601607,上海医药,16.35,-0.04,-0.244,16.34,16.35,16.39,16.4,16.42,16.3,7314758.0,119614050.0,15:00:02,2026-09-02
sh601608,中信重工,4.79,-0.04,-0.828,4.78,4.79,4.83,4.81,4.83,4.73,21048150.0,100636619.0,15:34:59,2026-09-02
sh601609,金田股份,13.46,0.0,0.0,13.45,13.46,13.46,13.24,13.61,13.07,46806399.0,626630542.0,15:34:59,2026-09-02
sh601611,中国核建,10.56,-0.19,-1.767,10.56,10.57,10.75,10.67,10.69,10.56,19229814.0,203922534.0,15:34:59,2026-09-02
sh601615,明阳智能,9.98,-0.24,-2.348,9.98,9.99,10.22,10.18,10.18,9.96,40072298.0,401867266.0,15:34:59,2026-09-02
sh601616,广电电气,3.89,0.0,0.0,3.89,3.9,3.89,3.85,3.91,3.83,13859400.0,53623546.0,15:34:59,2026-09-02
sh601618,中国中冶,2.53,-0.04,-1.556,2.53,2.54,2.57,2.56,2.57,2.52,74189945.0,188089757.0,15:34:59,2026-09-02
sh601619,嘉泽新能,4.06,-0.02,-0.49,4.06,4.07,4.08,4.08,4.09,4.02,22964692.0,93072025.0,15:34:59,2026-09-02
sh601628,中国人寿,38.15,-0.92,-2.355,38.15,38.16,39.07,38.98,39.27,38.11,33193131.0,1280265302.0,15:34:59,2026-09-02
sh601633,长城汽车,14.97,-0.23,-1.513,14.97,14.98,15.2,15.16,15.21,14.92,12355292.0,185364519.0,15:34:59,2026-09-02
sh601636,旗滨集团,5.82,0.15,2.646,5.82,5.83,5.67,5.62,5.9,5.48,85236810.0,485077296.0,15:34:59,2026-09-02
sh601658,邮储银行,5.56,0.08,1.46,5.55,5.56,5.48,5.5,5.6,5.47,322761497.0,1792049054.0,15:34:59,2026-09-02
sh601665,齐鲁银行,7.17,0.04,0.561,7.16,7.17,7.13,7.12,7.2,7.03,64109284.0,458024736.0,15:34:59,2026-09-02
sh601666,平煤股份,9.39,-0.26,-2.694,9.39,9.4,9.65,9.88,9.88,9.28,55128665.0,519116620.0,15:34:59,2026-09-02
sh601668,中国建筑,4.32,-0.04,-0.917,4.31,4.32,4.36,4.36,4.37,4.29,255840747.0,1103786051.0,15:34:59,2026-09-02
sh601669,中国电建,4.61,-0.03,-0.647,4.61,4.62,4.64,4.63,4.64,4.6,60776584.0,280245425.0,15:34:59,2026-09-02
sh601677,明泰铝业,16.75,-0.25,-1.471,16.73,16.75,17.0,16.9,16.91,16.54,20791697.0,347538126.0,15:34:59,2026-09-02
sh601678,滨化股份,6.14,-0.36,-5.538,6.14,6.15,6.5,6.41,6.45,6.1,139774700.0,868933203.0,15:34:59,2026-09-02
sh601686,友发集团,5.26,-0.01,-0.19,5.26,5.27,5.27,5.24,5.28,5.22,5390600.0,28283221.0,15:00:03,2026-09-02
sh601688,华泰证券,19.22,-0.36,-1.839,19.21,19.22,19.58,19.48,19.55,19.2,47390079.0,914445791.0,15:34:59,2026-09-02
sh601689,拓普集团,46.52,0.04,0.086,46.52,46.53,46.48,46.0,46.7,45.43,17144912.0,789253260.0,15:34:59,2026-09-02
sh601696,中银证券,11.81,-0.34,-2.798,11.81,11.82,12.15,12.05,12.07,11.8,35200454.0,418025739.0,15:34:59,2026-09-02
sh601698,中国卫通,24.14,-0.16,-0.658,24.14,24.15,24.3,24.04,24.4,24.03,14027493.0,339387955.0,15:34:59,2026-09-02
sh601699,潞安环能,16.62,-0.7,-4.042,16.62,16.63,17.32,17.5,17.64,16.58,45664456.0,772238423.0,15:34:59,2026-09-02
sh601700,风范股份,8.25,-0.15,-1.786,8.25,8.26,8.4,8.11,8.51,8.0,145760577.0,1201718903.0,15:34:59,2026-09-02
sh601702,华峰铝业,15.62,-0.3,-1.884,15.61,15.62,15.92,15.83,15.83,15.3,8672353.0,134607780.0,15:34:59,2026-09-02
sh601717,中创智领,14.25,-0.42,-2.863,14.25,14.26,14.67,14.66,14.7,14.24,19240182.0,275861778.0,15:34:59,2026-09-02
sh601718,ST际华,2.01,0.1,5.236,2.01,2.02,1.91,1.91,2.05,1.91,79656600.0,158322717.0,15:34:59,2026-09-02
sh601727,上海电气,6.55,-0.11,-1.652,6.55,6.56,6.66,6.62,6.62,6.54,43869528.0,287759661.0,15:34:59,2026-09-02
sh601728,中国电信,6.47,0.0,0.0,6.46,6.47,6.47,6.52,6.53,6.4,67668672.0,437206850.0,15:34:59,2026-09-02
sh601766,中国中车,6.21,-0.1,-1.585,6.21,6.22,6.31,6.31,6.32,6.2,130934032.0,818305324.0,15:34:59,2026-09-02
sh601777,千里科技,8.13,-0.26,-3.099,8.12,8.13,8.39,8.31,8.43,8.09,20243351.0,165131058.0,15:34:59,2026-09-02
sh601778,晶科科技,3.65,-0.04,-1.084,3.64,3.65,3.69,3.69,3.69,3.6,69312502.0,251447659.0,15:34:59,2026-09-02
sh601788,光大证券,14.5,-0.31,-2.093,14.5,14.51,14.81,14.76,14.77,14.49,19732092.0,287337163.0,15:34:59,2026-09-02
sh601789,宁波建工,4.29,-0.05,-1.152,4.29,4.3,4.34,4.31,4.32,4.26,22268703.0,95438546.0,15:34:59,2026-09-02
sh601798,蓝科高新,7.82,-0.07,-0.887,7.82,7.85,7.89,7.91,7.94,7.81,4524200.0,35569355.0,15:34:59,2026-09-02
sh601799,星宇股份,77.69,-0.53,-0.678,77.69,77.7,78.22,77.5,78.98,76.0,5956289.0,459217099.0,15:34:59,2026-09-02
sh601800,中国交建,5.89,-0.1,-1.669,5.88,5.89,5.99,5.97,5.99,5.88,25312100.0,149845480.0,15:34:59,2026-09-02
sh601801,皖新传媒,5.2,-0.16,-2.985,5.19,5.2,5.36,5.36,5.38,5.17,12853400.0,67187532.0,15:00:02,2026-09-02
sh601808,中海油服,12.68,-0.23,-1.782,12.67,12.68,12.91,13.2,13.26,12.65,19866369.0,255029984.0,15:34:59,2026-09-02
sh601811,新华文轩,11.43,0.04,0.351,11.43,11.44,11.39,11.38,11.51,11.21,4590091.0,52128690.0,15:34:59,2026-09-02
sh601816,京沪高铁,4.92,0.01,0.204,4.91,4.92,4.91,4.92,4.93,4.86,101649504.0,498285085.0,15:34:59,2026-09-02
sh601818,光大银行,3.05,0.02,0.66,3.04,3.05,3.03,3.02,3.05,3.01,226928377.0,689535984.0,15:34:59,2026-09-02
sh601825,沪农商行,9.03,-0.01,-0.111,9.03,9.04,9.04,9.08,9.08,8.97,18219319.0,164444916.0,15:00:01,2026-09-02
sh601827,三峰环境,8.13,-0.08,-0.974,8.12,8.13,8.21,8.18,8.21,8.11,3930199.0,31990760.0,15:00:03,2026-09-02
sh601828,美凯龙,2.2,-0.03,-1.345,2.2,2.21,2.23,2.22,2.25,2.19,55589892.0,122753731.0,15:34:59,2026-09-02
sh601838,成都银行,19.42,-0.01,-0.051,19.41,19.42,19.43,19.49,19.59,19.28,13283515.0,257540420.0,15:34:59,2026-09-02
sh601857,中国石油,11.26,-0.17,-1.487,11.26,11.27,11.43,11.58,11.63,11.23,143045732.0,1631357718.0,15:34:59,2026-09-02
sh601858,中国科传,21.23,-1.01,-4.541,21.23,21.24,22.24,21.8,22.1,21.18,12915508.0,277487261.0,15:34:59,2026-09-02
sh601860,紫金银行,2.64,-0.03,-1.124,2.63,2.64,2.67,2.66,2.68,2.62,54792586.0,144778755.0,15:34:59,2026-09-02
sh601865,福莱特,9.95,-0.08,-0.798,9.94,9.95,10.03,9.97,10.06,9.83,15490100.0,154312419.0,15:34:59,2026-09-02
sh601866,中远海发,2.4,-0.05,-2.041,2.4,2.41,2.45,2.45,2.46,2.4,73491712.0,177887248.0,15:34:59,2026-09-02
sh601868,中国能建,2.47,-0.03,-1.2,2.47,2.48,2.5,2.49,2.5,2.47,195802440.0,485018321.0,15:34:59,2026-09-02
sh601869,长飞光纤,407.8,7.77,1.942,407.8,407.81,400.03,392.59,413.68,389.0,12578735.0,5088682137.0,15:34:59,2026-09-02
sh601872,招商轮船,17.81,-0.58,-3.154,17.81,17.82,18.39,18.7,18.7,17.79,91257486.0,1649094081.0,15:34:59,2026-09-02
sh601877,正泰电器,24.89,-0.62,-2.43,24.89,24.9,25.51,25.3,25.32,24.89,19231588.0,481133381.0,15:34:59,2026-09-02
sh601878,浙商证券,9.35,-0.13,-1.371,9.35,9.36,9.48,9.46,9.48,9.33,20739349.0,194507963.0,15:34:59,2026-09-02
sh601880,辽港股份,1.45,-0.02,-1.361,1.45,1.46,1.47,1.47,1.48,1.45,71986819.0,104880759.0,15:34:59,2026-09-02
sh601881,中国银河,12.34,-0.13,-1.043,12.34,12.35,12.47,12.4,12.45,12.27,25511487.0,314722089.0,15:34:59,2026-09-02
sh601882,海天精工,22.6,0.14,0.623,22.59,22.6,22.46,22.46,22.85,22.25,13361330.0,301335665.0,15:34:59,2026-09-02
sh601886,江河集团,13.03,-0.48,-3.553,13.03,13.04,13.51,13.47,13.54,12.98,22940200.0,302396063.0,15:34:59,2026-09-02
sh601888,中国中免,52.68,-0.83,-1.551,52.68,52.69,53.51,53.3,53.51,52.6,17669586.0,934001107.0,15:34:59,2026-09-02
sh601890,亚星锚链,8.99,0.15,1.697,8.99,9.0,8.84,8.78,9.16,8.76,48686321.0,437143696.0,15:34:59,2026-09-02
sh601898,中煤能源,15.01,-0.42,-2.722,15.01,15.02,15.43,15.72,15.86,14.95,52911779.0,804714505.0,15:34:59,2026-09-02
sh601899,紫金矿业,32.95,-0.78,-2.312,32.94,32.95,33.73,32.89,33.23,32.19,237215470.0,7761512611.0,15:34:59,2026-09-02
sh601900,南方传媒,11.96,-0.6,-4.777,11.96,11.97,12.56,12.38,12.46,11.91,16240432.0,196245808.0,15:34:59,2026-09-02
sh601901,方正证券,6.86,-0.12,-1.719,6.86,6.87,6.98,6.95,6.96,6.85,36225766.0,249418925.0,15:34:59,2026-09-02
sh601908,京运通,2.99,-0.05,-1.645,2.99,3.0,3.04,3.03,3.04,2.98,22540100.0,67495089.0,15:34:59,2026-09-02
sh601916,浙商银行,2.97,0.0,0.0,2.96,2.97,2.97,2.97,2.99,2.95,160285977.0,476189883.0,15:34:59,2026-09-02
sh601918,新集能源,10.55,-0.27,-2.495,10.54,10.55,10.82,10.92,11.1,10.41,47778226.0,507039635.0,15:34:59,2026-09-02
sh601919,中远海控,16.45,-0.53,-3.121,16.45,16.46,16.98,16.95,17.04,16.39,112466563.0,1867604964.0,15:34:59,2026-09-02
sh601921,浙版传媒,7.41,-0.13,-1.724,7.4,7.41,7.54,7.52,7.55,7.38,7822200.0,58135377.0,15:34:59,2026-09-02
sh601928,凤凰传媒,8.38,-0.21,-2.445,8.38,8.39,8.59,8.58,8.61,8.37,13240039.0,111725912.0,15:34:59,2026-09-02
sh601929,吉视传媒,2.55,-0.08,-3.042,2.54,2.55,2.63,2.62,2.65,2.52,226143200.0,578303995.0,15:34:59,2026-09-02
sh601933,永辉超市,3.18,-0.1,-3.049,3.18,3.19,3.28,3.28,3.34,3.17,289015147.0,934384869.0,15:34:59,2026-09-02
sh601939,建设银行,11.14,0.05,0.451,11.13,11.14,11.09,11.1,11.2,11.05,97470798.0,1085164609.0,15:34:59,2026-09-02
sh601949,中国出版,5.27,-0.15,-2.768,5.26,5.27,5.42,5.38,5.45,5.24,14979281.0,79443397.0,15:00:03,2026-09-02
sh601952,苏垦农发,8.98,-0.9,-9.109,8.98,8.99,9.88,9.7,9.7,8.92,53542539.0,491294626.0,15:34:59,2026-09-02
sh601956,东贝集团,5.08,0.02,0.395,5.08,5.09,5.06,5.03,5.09,4.98,6162160.0,31031312.0,15:34:59,2026-09-02
sh601958,金钼股份,21.29,-0.79,-3.578,21.28,21.29,22.08,21.71,21.73,20.85,44837884.0,951024425.0,15:34:59,2026-09-02
sh601963,重庆银行,11.35,-0.1,-0.873,11.34,11.35,11.45,11.36,11.5,11.26,12655591.0,144289024.0,15:34:59,2026-09-02
sh601965,中国汽研,14.17,-0.07,-0.492,14.16,14.17,14.24,14.2,14.28,13.87,7391400.0,103917630.0,15:00:03,2026-09-02
sh601966,玲珑轮胎,10.89,-0.25,-2.244,10.89,10.9,11.14,11.14,11.14,10.85,10290000.0,112441638.0,15:34:59,2026-09-02
sh601968,宝钢包装,4.67,-0.02,-0.426,4.66,4.67,4.69,4.67,4.75,4.62,10143000.0,47596683.0,15:34:59,2026-09-02
sh601969,海南矿业,9.58,-0.16,-1.643,9.57,9.58,9.74,9.77,9.82,9.49,18091902.0,173898766.0,15:34:59,2026-09-02
sh601975,招商南油,4.08,-0.07,-1.687,4.07,4.08,4.15,4.22,4.24,4.02,157509481.0,646826365.0,15:34:59,2026-09-02
sh601985,中国核电,9.0,0.15,1.695,8.99,9.0,8.85,8.85,9.0,8.82,159220648.0,1424795789.0,15:34:59,2026-09-02
sh601988,中国银行,6.68,0.01,0.15,6.67,6.68,6.67,6.67,6.72,6.64,252822193.0,1689243035.0,15:34:59,2026-09-02
sh601990,南京证券,6.73,-0.14,-2.038,6.72,6.73,6.87,6.85,6.85,6.72,18904519.0,127603879.0,15:00:02,2026-09-02
sh601991,大唐发电,5.67,-0.19,-3.242,5.66,5.67,5.86,5.82,5.83,5.66,213862540.0,1220166018.0,15:34:59,2026-09-02
sh601992,金隅集团,1.39,-0.03,-2.113,1.39,1.4,1.42,1.41,1.42,1.38,52535218.0,73400005.0,15:34:59,2026-09-02
sh601995,中金公司,33.71,-0.94,-2.713,33.7,33.71,34.65,34.51,34.58,33.7,22594266.0,767213406.0,15:34:59,2026-09-02
sh601996,丰林集团,2.8,0.09,3.321,2.8,2.81,2.71,2.72,2.84,2.65,36537655.0,100323050.0,15:34:59,2026-09-02
sh601997,贵阳银行,5.59,-0.03,-0.534,5.59,5.6,5.62,5.6,5.65,5.57,50206240.0,281465536.0,15:00:04,2026-09-02
sh601998,中信银行,8.86,0.05,0.568,8.86,8.87,8.81,8.81,8.92,8.77,55208456.0,488692719.0,15:34:59,2026-09-02
sh601999,出版传媒,6.45,0.06,0.939,6.44,6.45,6.39,6.34,6.49,6.32,11038961.0,70843834.0,15:34:59,2026-09-02
sh603000,人民网,16.85,-0.38,-2.205,16.85,16.86,17.23,17.06,17.26,16.85,14359544.0,243392190.0,15:34:59,2026-09-02
sh603001,奥康国际,9.21,0.32,3.6,9.21,9.22,8.89,8.88,9.78,8.88,39551332.0,375199625.0,15:34:59,2026-09-02
sh603002,宏昌电子,16.52,-0.23,-1.373,16.52,16.53,16.75,16.45,16.98,16.3,54734943.0,909348678.0,15:34:59,2026-09-02
sh603004,鼎龙科技,19.2,-0.07,-0.363,19.15,19.2,19.27,19.13,19.25,18.96,1131000.0,21611400.0,15:00:03,2026-09-02
sh603005,晶方科技,29.47,-0.59,-1.963,29.46,29.47,30.06,29.71,29.8,29.16,19716638.0,579795233.0,15:34:59,2026-09-02
sh603006,联明股份,10.97,0.0,0.0,10.96,10.97,10.97,11.01,11.04,10.72,2544264.0,27700556.0,15:00:02,2026-09-02
sh603007,顺景科技,5.16,0.04,0.781,5.15,5.16,5.12,5.08,5.19,5.02,36410318.0,186159166.0,15:34:59,2026-09-02
sh603008,ST喜临门,8.74,-0.06,-0.682,8.73,8.74,8.8,8.88,8.98,8.63,6913000.0,60962981.0,15:34:59,2026-09-02
sh603009,北特科技,46.19,-0.7,-1.493,46.19,46.2,46.89,46.5,46.7,45.9,3261900.0,150898395.0,15:34:59,2026-09-02
sh603010,万盛股份,11.62,-0.21,-1.775,11.61,11.62,11.83,11.8,11.8,11.5,5178000.0,60010457.0,15:34:59,2026-09-02
sh603011,合锻智能,25.7,-0.08,-0.31,25.7,25.71,25.78,25.33,26.43,24.92,57012174.0,1472831515.0,15:34:59,2026-09-02
sh603012,创力集团,10.16,-0.24,-2.308,10.15,10.16,10.4,10.41,10.48,9.89,36917564.0,373430211.0,15:34:59,2026-09-02
sh603013,亚普股份,14.72,-0.07,-0.473,14.71,14.72,14.79,14.68,14.78,14.55,4398551.0,64418141.0,15:34:59,2026-09-02
sh603014,威高血净,31.65,-0.08,-0.252,31.65,31.66,31.73,31.46,31.81,31.2,1071060.0,33749850.0,15:34:59,2026-09-02
sh603015,弘讯科技,11.22,-0.14,-1.232,11.22,11.23,11.36,11.3,11.3,11.13,3880668.0,43495267.0,15:34:59,2026-09-02
sh603016,新宏泰,35.2,2.28,6.926,35.2,35.22,32.92,32.59,35.29,32.2,10567100.0,356672978.0,15:34:59,2026-09-02
sh603017,中衡设计,10.09,-0.02,-0.198,10.09,10.1,10.11,10.09,10.15,9.99,3476600.0,35019273.0,15:34:59,2026-09-02
sh603018,华设集团,5.29,-0.03,-0.564,5.28,5.29,5.32,5.33,5.33,5.22,5919298.0,31148059.0,15:00:02,2026-09-02
sh603019,中科曙光,85.29,-1.38,-1.592,85.29,85.3,86.67,85.39,86.26,84.81,23219087.0,1983582596.0,15:34:59,2026-09-02
sh603020,爱普股份,10.26,-0.23,-2.193,10.24,10.26,10.49,10.4,10.49,10.14,6398680.0,65581201.0,15:00:04,2026-09-02
sh603021,*ST华鹏,5.92,-0.04,-0.671,5.91,5.92,5.96,6.1,6.16,5.87,9636780.0,58052955.0,15:34:59,2026-09-02
sh603022,新通联,9.28,-0.05,-0.536,9.28,9.29,9.33,9.39,9.39,9.2,2666600.0,24724796.0,15:00:04,2026-09-02
sh603023,威帝股份,4.38,0.0,0.0,4.38,4.39,4.38,4.35,4.4,4.26,7716300.0,33415259.0,15:00:04,2026-09-02
sh603025,大豪科技,13.45,-0.33,-2.395,13.45,13.46,13.78,13.61,13.65,13.3,8333082.0,111880693.0,15:34:59,2026-09-02
sh603026,石大胜华,61.66,-0.94,-1.502,61.65,61.66,62.6,62.01,62.3,60.82,5409031.0,332536724.0,15:34:59,2026-09-02
sh603027,千禾味业,7.38,-0.14,-1.862,7.38,7.39,7.52,7.48,7.5,7.36,17923392.0,132791538.0,15:34:59,2026-09-02
sh603028,赛福天,7.14,-0.16,-2.192,7.14,7.15,7.3,7.19,7.27,7.03,6762400.0,48139951.0,15:00:04,2026-09-02
sh603029,天鹅股份,16.95,-0.5,-2.865,16.95,16.96,17.45,17.31,17.93,16.68,11304500.0,193245540.0,15:34:59,2026-09-02
sh603030,全筑股份,2.14,-0.03,-1.382,2.14,2.15,2.17,2.16,2.17,2.11,27681100.0,59121397.0,15:00:04,2026-09-02
sh603031,安孚科技,39.16,-0.29,-0.735,39.16,39.19,39.45,38.9,39.77,38.58,4869980.0,190785712.0,15:34:59,2026-09-02
sh603032,德新科技,19.44,-0.28,-1.42,19.44,19.45,19.72,19.53,19.83,19.15,6806919.0,132478174.0,15:34:59,2026-09-02
sh603033,三维股份,7.68,0.04,0.524,7.67,7.68,7.64,7.52,7.69,7.5,6055569.0,46069425.0,15:34:59,2026-09-02
sh603035,常熟汽饰,10.82,-0.1,-0.916,10.82,10.83,10.92,10.87,10.89,10.74,2831585.0,30565075.0,15:00:04,2026-09-02
sh603036,如通股份,15.66,0.0,0.0,15.66,15.68,15.66,15.52,16.0,15.31,8624200.0,134859123.0,15:34:59,2026-09-02
sh603037,凯众股份,10.54,0.06,0.573,10.54,10.55,10.48,10.45,10.58,10.31,2660412.0,27819663.0,15:00:03,2026-09-02
sh603038,华立股份,17.49,-0.01,-0.057,17.48,17.49,17.5,17.4,17.65,17.15,7026127.0,122160765.0,15:34:59,2026-09-02
sh603039,泛微网络,39.71,-1.9,-4.566,39.7,39.71,41.61,40.61,41.87,39.6,15108101.0,607447393.0,15:34:59,2026-09-02
sh603040,新坐标,49.28,0.13,0.264,49.28,49.31,49.15,48.71,50.75,47.2,2323178.0,113867156.0,15:34:59,2026-09-02
sh603041,美思德,11.58,-0.03,-0.258,11.58,11.61,11.61,11.55,11.67,11.4,1916020.0,22123870.0,15:00:03,2026-09-02
sh603042,华脉科技,14.45,0.12,0.837,14.45,14.46,14.33,14.27,14.6,14.06,8093588.0,116131403.0,15:34:59,2026-09-02
sh603043,广州酒家,13.75,-0.21,-1.504,13.73,13.75,13.96,13.95,13.97,13.62,2958499.0,40739161.0,15:34:59,2026-09-02
sh603045,福达合金,53.58,-2.77,-4.916,53.58,53.59,56.35,55.18,55.3,53.01,9821706.0,530057999.0,15:34:59,2026-09-02
sh603048,浙江黎明,24.59,-0.02,-0.081,24.59,24.62,24.61,24.75,24.8,24.0,2167508.0,52974275.0,15:00:02,2026-09-02
sh603049,中策橡胶,50.32,-0.76,-1.488,50.3,50.32,51.08,50.8,50.93,50.06,2060902.0,103899660.0,15:34:59,2026-09-02
sh603050,科林电气,18.12,0.04,0.221,18.1,18.12,18.08,17.9,18.18,17.81,2047433.0,36890567.0,15:34:59,2026-09-02
sh603051,鹿山新材,21.26,-0.27,-1.254,21.25,21.27,21.53,21.3,21.42,20.97,2417401.0,51315484.0,15:34:59,2026-09-02
sh603052,可川科技,57.51,-0.84,-1.44,57.51,57.53,58.35,56.93,59.0,56.93,3348117.0,194201208.0,15:34:59,2026-09-02
sh603053,成都燃气,8.94,0.05,0.562,8.93,8.94,8.89,8.89,8.96,8.84,3270799.0,29184854.0,15:34:59,2026-09-02
sh603055,台华新材,9.56,-0.13,-1.342,9.56,9.57,9.69,9.61,9.68,9.42,10564400.0,101042196.0,15:00:03,2026-09-02
sh603057,紫燕食品,20.07,-0.15,-0.742,20.05,20.07,20.22,20.13,20.26,19.47,1893229.0,37493991.0,15:00:03,2026-09-02
sh603058,永吉股份,9.82,-0.16,-1.603,9.81,9.82,9.98,9.86,9.94,9.52,21458730.0,209506799.0,15:34:59,2026-09-02
sh603059,倍加洁,25.33,0.16,0.636,25.28,25.33,25.17,25.05,25.5,24.7,902725.0,22723273.0,15:00:02,2026-09-02
sh603060,国检集团,5.6,-0.05,-0.885,5.6,5.61,5.65,5.65,5.65,5.55,4500288.0,25160420.0,15:00:02,2026-09-02
sh603061,金海通,325.0,-7.04,-2.12,325.0,325.5,332.04,323.61,333.0,318.65,2832100.0,920377256.0,15:34:59,2026-09-02
sh603062,麦加芯彩,39.29,-0.53,-1.331,39.29,39.3,39.82,39.99,41.23,38.5,700399.0,27898159.0,15:00:03,2026-09-02
sh603063,禾望电气,31.1,-0.38,-1.207,31.1,31.12,31.48,31.11,31.35,30.67,9417766.0,292191056.0,15:34:59,2026-09-02
sh603065,宿迁联盛,15.9,-0.36,-2.214,15.9,15.91,16.26,15.7,16.58,15.0,27586100.0,433152003.0,15:34:59,2026-09-02
sh603066,音飞储存,9.16,-0.09,-0.973,9.16,9.17,9.25,9.2,9.23,9.09,3519000.0,32181790.0,15:00:04,2026-09-02
sh603067,振华股份,32.7,-1.28,-3.767,32.7,32.71,33.98,33.5,34.14,32.66,19530318.0,646087551.0,15:34:59,2026-09-02
sh603068,博通集成,41.28,0.81,2.001,41.27,41.28,40.47,40.47,41.8,40.15,12577050.0,517755478.0,15:34:59,2026-09-02
sh603069,海汽集团,13.4,-0.11,-0.814,13.4,13.41,13.51,13.51,13.53,13.18,2718973.0,36319562.0,15:00:04,2026-09-02
sh603070,万控智造,12.0,-0.09,-0.744,11.99,12.0,12.09,12.1,12.13,11.9,2131750.0,25550102.0,15:00:03,2026-09-02
sh603071,物产环能,12.55,-0.11,-0.869,12.54,12.55,12.66,12.7,12.77,12.55,2847621.0,35976009.0,15:00:03,2026-09-02
sh603072,天和磁材,32.12,-0.14,-0.434,32.11,32.12,32.26,31.96,32.34,31.51,1827288.0,58166450.0,15:34:59,2026-09-02
sh603073,彩蝶实业,17.17,-0.09,-0.521,17.17,17.24,17.26,17.26,17.33,16.86,1346400.0,22990004.0,15:00:03,2026-09-02
sh603075,热威股份,19.53,0.05,0.257,19.53,19.55,19.48,19.48,19.68,19.32,1725661.0,33688219.0,15:34:59,2026-09-02
sh603076,乐惠国际,21.06,0.14,0.669,21.05,21.06,20.92,20.92,21.08,20.4,1783100.0,37037834.0,15:00:05,2026-09-02
sh603077,和邦生物,2.35,-0.08,-3.292,2.34,2.35,2.43,2.43,2.45,2.32,313546101.0,738096129.0,15:34:59,2026-09-02
sh603078,江化微,33.5,-0.63,-1.846,33.5,33.51,34.13,33.6,34.02,33.27,15791838.0,530163446.0,15:34:59,2026-09-02
sh603079,圣达生物,12.95,-0.52,-3.86,12.94,12.95,13.47,13.4,13.4,12.89,8392200.0,109216272.0,15:34:59,2026-09-02
sh603080,新疆火炬,20.5,-0.03,-0.146,20.5,20.52,20.53,20.6,20.8,20.37,2477300.0,50900941.0,15:34:59,2026-09-02
sh603081,大丰实业,9.99,0.0,0.0,9.98,9.99,9.99,9.91,10.04,9.87,2931200.0,29202870.0,15:00:02,2026-09-02
sh603082,北自科技,44.82,-0.78,-1.711,44.81,44.82,45.6,44.79,47.18,44.6,8144570.0,373610349.0,15:34:59,2026-09-02
sh603083,剑桥科技,180.0,-4.52,-2.45,179.99,180.0,184.52,180.51,187.5,179.28,14579435.0,2652828167.0,15:34:59,2026-09-02
sh603085,天成自控,10.25,-0.02,-0.195,10.25,10.26,10.27,10.15,10.32,10.15,3814560.0,39057844.0,15:00:03,2026-09-02
sh603086,先达股份,6.3,-0.24,-3.67,6.3,6.31,6.54,6.4,6.54,6.24,34354950.0,217632356.0,15:34:59,2026-09-02
sh603087,甘李药业,69.6,-1.47,-2.068,69.6,69.61,71.07,70.37,71.78,69.09,6927460.0,485990604.0,15:34:59,2026-09-02
sh603088,宁波精达,10.23,-0.11,-1.064,10.23,10.24,10.34,10.28,10.4,10.12,8237700.0,84613032.0,15:34:59,2026-09-02
sh603089,正裕工业,10.3,-0.11,-1.057,10.29,10.3,10.41,10.24,10.38,9.98,8340657.0,84764366.0,15:34:59,2026-09-02
sh603090,宏盛股份,40.32,0.63,1.587,40.3,40.32,39.69,39.41,41.04,38.7,11108702.0,445873439.0,15:34:59,2026-09-02
sh603091,众鑫股份,51.66,-0.07,-0.135,51.66,51.69,51.73,51.52,52.13,51.23,499460.0,25803188.0,15:34:59,2026-09-02
sh603092,德力佳,42.14,-0.71,-1.657,42.13,42.14,42.85,42.45,42.56,41.93,927146.0,39054715.0,15:34:59,2026-09-02
sh603093,南华期货,13.53,-0.34,-2.451,13.53,13.54,13.87,13.76,13.97,13.3,21715240.0,294396425.0,15:34:59,2026-09-02
sh603095,越剑智能,15.62,-0.93,-5.619,15.62,15.63,16.55,16.11,16.36,15.51,11003260.0,173501286.0,15:34:59,2026-09-02
sh603096,新经典,15.65,-0.21,-1.324,15.63,15.68,15.86,15.79,15.91,15.51,2392999.0,37480429.0,15:00:04,2026-09-02
sh603097,江苏华辰,19.44,-0.26,-1.32,19.44,19.45,19.7,19.79,19.79,19.16,1305470.0,25304817.0,15:00:04,2026-09-02
sh603098,森特股份,10.82,0.08,0.745,10.81,10.82,10.74,10.76,10.85,10.44,5538982.0,59132703.0,15:34:59,2026-09-02
sh603099,长白山,39.44,-0.47,-1.178,39.44,39.45,39.91,39.92,40.15,38.75,6062032.0,239721366.0,15:34:59,2026-09-02
sh603100,川仪股份,18.7,-0.16,-0.848,18.69,18.7,18.86,18.78,18.84,18.54,3737804.0,69700157.0,15:34:59,2026-09-02
sh603101,汇嘉时代,7.69,-0.08,-1.03,7.68,7.69,7.77,7.72,7.78,7.57,9851079.0,75404849.0,15:34:59,2026-09-02
sh603102,百合股份,38.74,-1.7,-4.204,38.73,38.74,40.44,39.47,40.3,38.55,2492100.0,97297689.0,15:00:03,2026-09-02
sh603103,横店影视,15.58,-0.4,-2.503,15.57,15.58,15.98,15.84,16.1,15.54,6120312.0,96045736.0,15:34:59,2026-09-02
sh603105,芯能科技,7.76,-0.12,-1.523,7.76,7.77,7.88,7.76,7.88,7.72,14500777.0,113009571.0,15:34:59,2026-09-02
sh603106,恒银科技,8.16,-0.05,-0.609,8.16,8.17,8.21,8.1,8.25,8.04,25759242.0,210338304.0,15:34:59,2026-09-02
sh603107,上海汽配,12.13,-0.04,-0.329,12.13,12.14,12.17,12.1,12.16,12.01,1324600.0,15989615.0,15:34:59,2026-09-02
sh603108,润达医疗,10.02,0.01,0.1,10.01,10.02,10.01,10.0,10.09,9.86,12535574.0,125178482.0,15:34:59,2026-09-02
sh603109,神驰机电,17.5,0.1,0.575,17.49,17.5,17.4,17.21,17.6,17.21,1744900.0,30405403.0,15:34:59,2026-09-02
sh603110,东方材料,24.71,1.01,4.262,24.7,24.71,23.7,23.6,25.16,23.17,15249000.0,370446656.0,15:34:59,2026-09-02
sh603111,康尼机电,6.33,0.0,0.0,6.32,6.33,6.33,6.33,6.36,6.25,6357900.0,40151898.0,15:00:04,2026-09-02
sh603112,华翔股份,16.89,0.56,3.429,16.88,16.89,16.33,16.23,17.15,15.85,21395377.0,358425078.0,15:34:59,2026-09-02
sh603113,金能科技,5.75,-0.31,-5.116,5.74,5.75,6.06,6.05,6.12,5.68,45422549.0,262995869.0,15:34:59,2026-09-02
sh603115,海星股份,77.47,-0.93,-1.186,77.47,77.48,78.4,77.0,80.0,71.77,13624670.0,1026954812.0,15:34:59,2026-09-02
sh603116,红蜻蜓,6.5,-0.01,-0.154,6.49,6.5,6.51,6.48,6.56,6.41,3988600.0,25862775.0,15:00:04,2026-09-02
sh603117,万林物流,4.11,-0.01,-0.243,4.11,4.12,4.12,4.12,4.14,4.05,7050820.0,28828767.0,15:00:02,2026-09-02
sh603118,共进股份,17.62,-0.29,-1.619,17.62,17.63,17.91,17.51,18.06,17.5,75713983.0,1345225744.0,15:34:59,2026-09-02
sh603119,浙江荣泰,50.05,-0.36,-0.714,50.05,50.1,50.41,49.76,50.85,49.2,5573540.0,279890355.0,15:34:59,2026-09-02
sh603120,肯特催化,45.93,0.06,0.131,45.93,45.94,45.87,45.49,46.32,45.32,1053638.0,48415103.0,15:34:59,2026-09-02
sh603121,华培动力,13.95,0.43,3.18,13.94,13.95,13.52,13.51,14.13,13.29,11719170.0,162289086.0,15:00:03,2026-09-02
sh603122,合富中国,12.2,-0.17,-1.374,12.2,12.21,12.37,12.24,12.37,12.01,10693130.0,130410066.0,15:34:59,2026-09-02
sh603123,翠微股份,10.42,-0.02,-0.192,10.42,10.43,10.44,10.28,11.07,10.09,99425053.0,1050158717.0,15:34:59,2026-09-02
sh603124,江南新材,118.2,-0.5,-0.421,118.2,118.36,118.7,117.5,119.45,115.01,2737962.0,320596641.0,15:00:04,2026-09-02
sh603125,常青科技,22.81,-0.27,-1.17,22.8,22.81,23.08,22.88,23.05,22.6,2402237.0,54813875.0,15:00:03,2026-09-02
sh603126,中材节能,6.44,0.12,1.899,6.44,6.45,6.32,6.33,6.6,6.31,16979602.0,109202259.0,15:34:59,2026-09-02
sh603127,昭衍新药,44.6,-0.58,-1.284,44.6,44.61,45.18,45.18,45.66,44.03,28770270.0,1286180444.0,15:34:59,2026-09-02
sh603128,华贸物流,5.62,-0.03,-0.531,5.62,5.63,5.65,5.63,5.67,5.61,10738299.0,60528022.0,15:34:59,2026-09-02
sh603129,春风动力,295.8,-7.7,-2.537,295.8,295.88,303.5,300.5,302.97,293.0,992281.0,294337131.0,15:34:59,2026-09-02
sh603130,云中马,38.65,-0.68,-1.729,38.65,38.67,39.33,39.02,39.53,38.42,709500.0,27538046.0,15:00:00,2026-09-02
sh603131,上海沪工,14.63,-0.06,-0.408,14.63,14.64,14.69,14.55,14.72,14.49,3710274.0,54161405.0,15:34:59,2026-09-02
sh603132,金徽股份,20.2,-0.49,-2.368,20.18,20.2,20.69,20.21,20.71,19.39,12461729.0,249463179.0,15:34:59,2026-09-02
sh603135,中重科技,9.21,-0.09,-0.968,9.21,9.22,9.3,9.2,9.28,9.1,5634245.0,51925198.0,15:00:02,2026-09-02
sh603136,天目湖,9.5,0.04,0.423,9.49,9.5,9.46,9.46,9.55,9.31,4893400.0,46382296.0,15:00:03,2026-09-02
sh603137,恒尚节能,20.8,-1.25,-5.669,20.8,20.81,22.05,21.15,21.57,20.5,16752845.0,350078971.0,15:34:59,2026-09-02
sh603138,海量数据,13.18,-0.13,-0.977,13.18,13.19,13.31,13.18,13.32,13.01,3739613.0,49235936.0,15:00:01,2026-09-02
sh603139,康惠股份,37.09,0.93,2.572,37.09,37.1,36.16,36.05,38.75,35.98,4577700.0,171150297.0,15:34:59,2026-09-02
sh603150,万朗磁塑,56.5,3.1,5.805,56.5,56.51,53.4,54.19,57.14,53.0,2570993.0,142865785.0,15:34:59,2026-09-02
sh603151,邦基科技,16.99,-0.31,-1.792,16.98,16.99,17.3,17.47,17.47,16.64,3699516.0,62672578.0,15:00:03,2026-09-02
sh603153,上海建科,13.3,-0.14,-1.042,13.3,13.32,13.44,13.36,13.47,13.22,1313335.0,17474820.0,15:00:04,2026-09-02
sh603155,新亚强,13.89,0.09,0.652,13.88,13.89,13.8,13.67,14.07,13.51,8525729.0,118056555.0,15:34:59,2026-09-02
sh603156,养元饮品,40.26,-1.16,-2.801,40.26,40.27,41.42,40.58,41.2,40.0,10171886.0,411261078.0,15:34:59,2026-09-02
sh603158,腾龙股份,11.26,0.12,1.077,11.26,11.27,11.14,11.03,11.38,10.9,15314796.0,171835455.0,15:34:59,2026-09-02
sh603159,上海亚虹,22.8,-0.4,-1.724,22.8,22.84,23.2,23.01,23.44,22.4,2439200.0,55867327.0,15:00:03,2026-09-02
sh603160,汇顶科技,52.75,1.09,2.11,52.75,52.76,51.66,51.26,53.15,50.7,8498683.0,442576524.0,15:34:59,2026-09-02
sh603161,科华控股,16.24,0.35,2.203,16.23,16.24,15.89,15.81,16.36,15.45,5161198.0,82508354.0,15:00:02,2026-09-02
sh603162,海通发展,12.1,-0.27,-2.183,12.09,12.1,12.37,12.38,12.47,11.65,33720389.0,402087077.0,15:34:59,2026-09-02
sh603163,圣晖集成,77.01,-1.35,-1.723,77.01,77.02,78.36,77.2,77.75,76.03,1406459.0,108178065.0,15:34:59,2026-09-02
sh603165,荣晟环保,14.96,0.16,1.081,14.95,14.96,14.8,14.89,15.1,14.72,7001700.0,104627825.0,15:34:59,2026-09-02
sh603166,福达股份,10.98,-0.33,-2.918,10.98,10.99,11.31,11.25,11.25,10.83,13342909.0,146400550.0,15:00:04,2026-09-02
sh603167,渤海轮渡,8.15,-0.05,-0.61,8.15,8.16,8.2,8.19,8.19,8.13,2457700.0,20038992.0,15:34:59,2026-09-02
sh603168,莎普爱思,5.93,-0.03,-0.503,5.93,5.95,5.96,5.94,6.08,5.85,8203982.0,48727419.0,15:00:03,2026-09-02
sh603169,兰石重装,6.59,-0.02,-0.303,6.58,6.59,6.61,6.62,6.67,6.48,11334398.0,74677400.0,15:00:02,2026-09-02
sh603170,宝立食品,12.46,-0.12,-0.954,12.46,12.48,12.58,12.56,12.56,12.35,2011799.0,25049445.0,15:00:04,2026-09-02
sh603171,税友股份,45.08,-0.59,-1.292,45.08,45.09,45.67,45.5,46.3,45.0,7078660.0,321042723.0,15:34:59,2026-09-02
sh603172,万丰股份,19.08,-0.21,-1.089,19.07,19.08,19.29,19.16,19.49,18.93,3073500.0,58776998.0,15:34:59,2026-09-02
sh603173,福斯达,30.0,-1.19,-3.815,29.99,30.0,31.19,31.01,31.19,29.98,1273100.0,38522418.0,15:00:02,2026-09-02
sh603175,超颖电子,89.82,-1.76,-1.922,89.82,89.83,91.58,90.21,91.18,89.0,1058016.0,95179409.0,15:00:01,2026-09-02
sh603176,汇通集团,5.52,0.1,1.845,5.51,5.52,5.42,5.5,5.54,5.37,6209068.0,33936583.0,15:34:59,2026-09-02
sh603177,德创环保,11.27,-0.08,-0.705,11.27,11.28,11.35,11.48,11.5,11.23,3970100.0,44920243.0,15:00:02,2026-09-02
sh603178,圣龙股份,17.72,-0.09,-0.505,17.72,17.73,17.81,17.72,18.0,17.61,12145211.0,216147883.0,15:34:59,2026-09-02
sh603179,新泉股份,40.5,1.1,2.792,40.5,40.52,39.4,39.1,41.66,38.59,32274770.0,1310640165.0,15:34:59,2026-09-02
sh603180,金牌家居,15.96,0.05,0.314,15.95,15.96,15.91,15.92,16.01,15.73,1270768.0,20206146.0,15:00:02,2026-09-02
sh603181,皇马科技,13.08,-0.07,-0.532,13.08,13.09,13.15,13.14,13.22,12.85,4741466.0,61594324.0,15:00:02,2026-09-02
sh603182,嘉华股份,13.9,-0.22,-1.558,13.88,13.91,14.12,14.09,14.2,13.75,2933200.0,40738770.0,15:34:59,2026-09-02
sh603183,建研院,4.87,0.04,0.828,4.86,4.87,4.83,4.83,4.89,4.71,10917470.0,52475786.0,15:34:59,2026-09-02
sh603185,弘元绿能,14.71,-0.34,-2.259,14.7,14.71,15.05,14.94,14.97,14.5,8455372.0,124343637.0,15:34:59,2026-09-02
sh603186,华正新材,181.31,10.24,5.986,181.31,181.32,171.07,169.46,184.49,169.46,25318285.0,4533974996.0,15:34:59,2026-09-02
sh603187,海容冷链,10.94,-0.18,-1.619,10.94,10.95,11.12,11.04,11.05,10.94,5280546.0,57934757.0,15:34:59,2026-09-02
sh603188,亚邦股份,4.85,-0.22,-4.339,4.85,4.86,5.07,5.0,5.18,4.83,27825500.0,136826002.0,15:34:59,2026-09-02
sh603189,*ST网达,9.5,0.03,0.317,9.49,9.5,9.47,9.49,9.57,9.4,1524500.0,14468697.0,15:00:04,2026-09-02
sh603190,亚通精工,16.78,-0.25,-1.468,16.78,16.81,17.03,16.9,16.92,16.5,1798009.0,30065755.0,15:00:03,2026-09-02
sh603191,望变电气,14.52,-0.59,-3.905,14.52,14.53,15.11,14.91,15.04,14.52,9789056.0,143621059.0,15:34:59,2026-09-02
sh603192,汇得科技,20.86,0.03,0.144,20.86,20.87,20.83,20.83,21.3,20.65,1804300.0,37817303.0,15:00:03,2026-09-02
sh603193,润本股份,21.14,-0.08,-0.377,21.13,21.14,21.22,21.16,21.44,20.99,2302400.0,48830883.0,15:00:05,2026-09-02
sh603194,中力股份,34.3,-0.16,-0.464,34.27,34.3,34.46,34.43,34.6,33.86,1171631.0,40075545.0,15:00:03,2026-09-02
sh603195,公牛集团,38.61,-0.23,-0.592,38.61,38.62,38.84,38.84,38.84,38.43,2722125.0,105022251.0,15:00:03,2026-09-02
sh603196,璞源材料,19.15,-0.25,-1.289,19.15,19.16,19.4,19.26,19.38,19.02,1158709.0,22228457.0,15:00:03,2026-09-02
sh603197,保隆科技,30.39,-0.15,-0.491,30.38,30.39,30.54,30.28,30.64,29.91,3581138.0,107915965.0,15:00:03,2026-09-02
sh603198,迎驾贡酒,40.28,-0.85,-2.067,40.27,40.28,41.13,40.82,42.1,40.22,4976116.0,203521706.0,15:34:59,2026-09-02
sh603199,九华旅游,35.03,0.39,1.126,35.02,35.03,34.64,34.42,35.44,34.2,4376263.0,152856757.0,15:00:03,2026-09-02
sh603200,上海洗霸,41.62,-1.2,-2.802,41.61,41.62,42.82,42.01,42.5,40.73,10666894.0,442594100.0,15:34:59,2026-09-02
sh603201,常润股份,15.8,-0.05,-0.315,15.79,15.8,15.85,15.77,15.93,15.71,3990358.0,63122131.0,15:00:05,2026-09-02
sh603202,天有为,53.32,0.14,0.263,53.31,53.32,53.18,53.33,53.47,52.4,867753.0,46033754.0,15:34:59,2026-09-02
sh603203,快克智能,42.73,-0.63,-1.453,42.72,42.73,43.36,42.7,43.58,42.4,5446565.0,233492788.0,15:34:59,2026-09-02
sh603205,健尔康,22.97,-0.49,-2.089,22.96,22.97,23.46,23.38,23.57,22.9,1201960.0,27776788.0,15:00:03,2026-09-02
sh603206,嘉环科技,14.2,0.03,0.212,14.2,14.21,14.17,14.05,14.3,14.03,2715100.0,38457880.0,15:00:04,2026-09-02
sh603207,小方制药,27.94,2.54,10.0,27.94,0.0,25.4,27.0,27.94,26.97,13192660.0,365592007.0,15:34:59,2026-09-02
sh603208,江山欧派,11.64,-0.19,-1.606,11.63,11.64,11.83,11.78,11.82,11.52,1091360.0,12687535.0,15:00:04,2026-09-02
sh603209,兴通股份,14.2,-0.11,-0.769,14.19,14.2,14.31,14.43,14.55,14.15,3668500.0,52214738.0,15:34:59,2026-09-02
sh603210,泰鸿万立,13.89,0.08,0.579,13.88,13.89,13.81,13.71,13.93,13.63,2905014.0,40058447.0,15:34:59,2026-09-02
sh603211,晋拓股份,21.08,-0.57,-2.633,21.08,21.09,21.65,21.38,21.43,20.96,4999510.0,105529638.0,15:34:59,2026-09-02
sh603212,赛伍技术,11.25,-0.29,-2.513,11.25,11.26,11.54,11.43,11.44,11.0,6633505.0,74712730.0,15:34:59,2026-09-02
sh603213,镇洋发展,13.98,-0.06,-0.427,13.98,13.99,14.04,14.05,14.05,13.91,1700664.0,23757460.0,15:00:03,2026-09-02
sh603214,爱婴室,14.12,-0.07,-0.493,14.12,14.14,14.19,14.19,14.22,13.82,2114600.0,29729277.0,15:00:05,2026-09-02
sh603215,比依股份,14.68,-0.08,-0.542,14.67,14.68,14.76,14.66,14.71,14.41,937822.0,13679657.0,15:00:05,2026-09-02
sh603216,梦天家居,24.09,2.19,10.0,24.09,0.0,21.9,21.9,24.09,21.47,11297800.0,259540018.0,15:34:59,2026-09-02
sh603217,元利科技,30.34,-0.24,-0.785,30.34,30.36,30.58,30.08,30.79,30.03,4275607.0,129997634.0,15:34:59,2026-09-02
sh603218,日月股份,9.28,-0.08,-0.855,9.27,9.28,9.36,9.32,9.33,9.17,5377482.0,49659399.0,15:34:59,2026-09-02
sh603219,富佳股份,13.21,-0.33,-2.437,13.21,13.22,13.54,13.45,13.54,13.11,2892000.0,38325622.0,15:34:59,2026-09-02
sh603220,中贝通信,18.43,-0.08,-0.432,18.43,18.45,18.51,18.25,18.65,18.16,12553555.0,231675799.0,15:34:59,2026-09-02
sh603221,爱丽家居,33.37,2.82,9.231,33.36,33.37,30.55,32.0,33.61,31.47,27477377.0,901875690.0,15:34:59,2026-09-02
sh603222,济民健康,8.18,0.0,0.0,8.17,8.18,8.18,8.11,8.24,8.05,8656200.0,70421145.0,15:34:59,2026-09-02
sh603223,恒通股份,10.18,-0.14,-1.357,10.18,10.19,10.32,10.33,10.4,10.18,5643035.0,57784714.0,15:34:59,2026-09-02
sh603225,新凤鸣,19.96,-0.55,-2.682,19.95,19.96,20.51,20.55,20.55,19.52,15157187.0,301592976.0,15:34:59,2026-09-02
sh603226,菲林格尔,36.1,-0.63,-1.715,36.1,36.14,36.73,36.6,36.88,35.52,3314300.0,119741367.0,15:34:59,2026-09-02
sh603227,雪峰科技,7.74,-0.06,-0.769,7.73,7.74,7.8,7.78,7.88,7.71,6080600.0,47132849.0,15:00:04,2026-09-02
sh603228,景旺电子,88.81,-0.49,-0.549,88.8,88.81,89.3,88.21,90.46,87.5,22807590.0,2026963626.0,15:34:59,2026-09-02
sh603229,奥翔药业,7.91,0.1,1.28,7.91,7.92,7.81,7.81,8.03,7.73,6557040.0,51653935.0,15:34:59,2026-09-02
sh603230,内蒙新华,9.48,-0.16,-1.66,9.47,9.48,9.64,9.63,9.76,9.37,5079459.0,48220385.0,15:00:03,2026-09-02
sh603231,索宝蛋白,16.8,-0.03,-0.178,16.76,16.8,16.83,16.69,16.8,16.43,2333379.0,38772596.0,15:34:59,2026-09-02
sh603232,格尔软件,15.59,-0.1,-0.637,15.58,15.59,15.69,15.6,15.69,15.31,5020200.0,77978282.0,15:34:59,2026-09-02
sh603233,大参林,18.08,-0.33,-1.793,18.08,18.1,18.41,18.42,18.64,18.0,6506254.0,118505173.0,15:34:59,2026-09-02
sh603235,天新药业,24.44,0.36,1.495,24.42,24.44,24.08,24.08,24.5,24.04,850085.0,20650594.0,15:34:59,2026-09-02
sh603236,移远通信,63.6,1.01,1.614,63.59,63.6,62.59,61.79,65.92,61.36,24352039.0,1556636111.0,15:34:59,2026-09-02
sh603237,五芳斋,16.01,0.13,0.819,16.0,16.01,15.88,15.94,16.12,15.6,6294960.0,100073154.0,15:34:59,2026-09-02
sh603238,诺邦股份,12.6,-0.05,-0.395,12.54,12.6,12.65,12.65,12.67,12.3,3224815.0,40173818.0,15:00:03,2026-09-02
sh603239,浙江仙通,14.58,0.05,0.344,14.58,14.59,14.53,14.4,14.64,14.19,2607100.0,37514956.0,15:34:59,2026-09-02
sh603248,锡华科技,18.18,-0.14,-0.764,18.18,18.19,18.32,18.18,18.25,17.92,1945415.0,35160697.0,15:00:02,2026-09-02
sh603255,鼎际得,32.82,1.21,3.828,32.81,32.82,31.61,31.59,32.85,31.16,2490000.0,80157027.0,15:34:59,2026-09-02
sh603256,宏和科技,136.3,-2.3,-1.659,136.29,136.3,138.6,134.64,141.32,134.64,13470055.0,1859455528.0,15:34:59,2026-09-02
sh603257,中国瑞林,64.88,-0.81,-1.233,64.86,64.88,65.69,65.23,65.49,62.83,1303586.0,83547484.0,15:34:59,2026-09-02
sh603258,电魂网络,13.55,-0.1,-0.733,13.55,13.57,13.65,13.56,13.67,13.4,2485000.0,33611003.0,15:34:59,2026-09-02
sh603259,药明康德,155.99,1.59,1.03,155.98,155.99,154.4,154.55,157.7,151.7,42107011.0,6532139629.0,15:34:59,2026-09-02
sh603260,合盛硅业,33.51,-1.01,-2.926,33.51,33.52,34.52,34.3,34.3,33.5,6993252.0,235689227.0,15:34:59,2026-09-02
sh603261,立航科技,56.35,-0.33,-0.582,56.35,56.36,56.68,57.42,58.18,55.3,2640100.0,149080976.0,15:34:59,2026-09-02
sh603262,技源集团,20.1,0.23,1.158,20.1,20.11,19.87,19.88,20.28,19.8,6402022.0,128569782.0,15:34:59,2026-09-02
sh603266,天龙股份,16.54,0.0,0.0,16.54,16.55,16.54,16.38,16.65,16.24,2650500.0,43597063.0,15:00:02,2026-09-02
sh603267,鸿远电子,48.41,-0.55,-1.123,48.4,48.41,48.96,48.5,48.85,47.96,3776444.0,182905762.0,15:34:59,2026-09-02
sh603268,松发股份,183.55,0.07,0.038,183.52,183.55,183.48,182.1,188.3,181.0,4662656.0,860493113.0,15:34:59,2026-09-02
sh603269,海鸥股份,27.41,2.07,8.169,27.41,27.45,25.34,24.76,27.48,24.45,87916941.0,2305908240.0,15:34:59,2026-09-02
sh603270,金帝股份,31.77,2.89,10.007,31.77,0.0,28.88,28.88,31.77,28.2,15879437.0,487265091.0,15:34:59,2026-09-02
sh603271,永杰新材,41.28,-0.88,-2.087,41.27,41.28,42.16,42.16,42.16,41.06,1492595.0,61589537.0,15:34:59,2026-09-02
sh603272,*ST联翔,17.38,1.14,7.02,17.38,17.39,16.24,16.16,17.82,16.16,6430200.0,109524418.0,15:34:59,2026-09-02
sh603273,天元智能,14.88,-0.18,-1.195,14.88,14.9,15.06,15.06,15.06,14.78,1848300.0,27507437.0,15:34:59,2026-09-02
sh603275,众辰科技,37.02,-0.09,-0.243,37.02,37.03,37.11,36.77,37.2,36.37,584556.0,21520345.0,15:34:59,2026-09-02
sh603276,恒兴新材,16.32,0.22,1.366,16.31,16.32,16.1,16.05,16.34,15.8,3281820.0,52786725.0,15:00:02,2026-09-02
sh603277,银都股份,11.3,-0.64,-5.36,11.3,11.31,11.94,11.8,11.87,11.3,4122804.0,47508710.0,15:34:59,2026-09-02
sh603278,大业股份,9.38,0.09,0.969,9.37,9.38,9.29,9.21,9.48,9.1,8081300.0,75155403.0,15:34:59,2026-09-02
sh603279,景津装备,11.27,-0.17,-1.486,11.27,11.28,11.44,11.36,11.4,11.2,7176770.0,80858134.0,15:34:59,2026-09-02
sh603280,南方路机,27.25,0.32,1.188,27.25,27.26,26.93,26.67,27.66,26.44,3074200.0,83110542.0,15:34:59,2026-09-02
sh603281,江瀚新材,19.04,-0.38,-1.957,19.04,19.05,19.42,19.38,19.38,18.92,2442615.0,46561276.0,15:34:59,2026-09-02
sh603282,亚光股份,17.11,-0.21,-1.212,17.09,17.11,17.32,17.3,17.32,16.9,1878500.0,32121181.0,15:00:03,2026-09-02
sh603283,赛腾股份,46.57,-0.58,-1.23,46.57,46.58,47.15,46.44,47.29,46.2,11324311.0,529028860.0,15:34:59,2026-09-02
sh603284,林平发展,42.0,-0.32,-0.756,42.0,42.02,42.32,41.95,42.36,41.62,854241.0,35926032.0,15:34:59,2026-09-02
sh603285,键邦股份,31.79,-1.31,-3.958,31.79,31.8,33.1,32.81,32.81,31.44,4575843.0,146119364.0,15:34:59,2026-09-02
sh603286,日盈电子,46.12,-0.18,-0.389,46.12,46.13,46.3,46.18,46.92,45.29,3506400.0,162181977.0,15:34:59,2026-09-02
sh603288,海天味业,33.87,-0.13,-0.382,33.87,33.88,34.0,34.08,34.23,33.65,12376041.0,418533631.0,15:34:59,2026-09-02
sh603289,泰瑞机器,9.05,0.13,1.457,9.04,9.05,8.92,8.94,9.1,8.81,4484185.0,40229453.0,15:34:59,2026-09-02
sh603290,斯达半导,86.16,-2.34,-2.644,86.16,86.17,88.5,87.5,87.62,85.3,5097319.0,439345003.0,15:34:59,2026-09-02
sh603291,联合水务,9.04,0.01,0.111,9.03,9.04,9.03,9.04,9.16,8.92,3859700.0,34881908.0,15:00:02,2026-09-02
sh603293,埃泰克,38.73,-0.72,-1.825,38.73,38.74,39.45,39.26,39.93,38.47,5901171.0,229576515.0,15:34:59,2026-09-02
sh603296,华勤技术,79.84,0.62,0.783,79.84,79.85,79.22,78.21,80.68,78.03,15906232.0,1266737947.0,15:34:59,2026-09-02
sh603297,永新光学,111.38,-2.34,-2.058,111.38,111.4,113.72,113.7,115.58,109.0,2130779.0,239548982.0,15:34:59,2026-09-02
sh603298,杭叉集团,25.84,-0.5,-1.898,25.84,25.85,26.34,26.34,26.43,25.64,3674636.0,94890092.0,15:00:03,2026-09-02
sh603299,苏盐井神,8.96,-0.06,-0.665,8.95,8.96,9.02,9.02,9.05,8.87,3988208.0,35600461.0,15:00:05,2026-09-02
sh603300,海南华铁,4.9,-0.08,-1.606,4.9,4.91,4.98,4.93,4.97,4.84,30583756.0,149450004.0,15:34:59,2026-09-02
sh603301,振德医疗,78.98,-2.37,-2.913,78.8,78.98,81.35,81.45,81.6,78.27,1577559.0,125023142.0,15:34:59,2026-09-02
sh603303,得邦照明,24.88,-0.32,-1.27,24.88,24.92,25.2,25.05,25.22,24.5,1694280.0,42088925.0,15:34:59,2026-09-02
sh603305,旭升集团,11.3,-0.06,-0.528,11.29,11.3,11.36,11.26,11.33,11.11,13135359.0,147341077.0,15:34:59,2026-09-02
sh603306,华懋科技,75.51,-0.62,-0.814,75.45,75.51,76.13,75.16,77.0,74.31,5901987.0,445560561.0,15:34:59,2026-09-02
sh603307,扬州金泉,25.15,-0.1,-0.396,25.15,25.18,25.25,25.0,25.4,24.67,1037900.0,25988571.0,15:00:03,2026-09-02
sh603308,应流股份,42.4,-2.8,-6.195,42.4,42.41,45.2,43.92,44.62,42.36,31190290.0,1337132861.0,15:34:59,2026-09-02
sh603309,维力医疗,11.4,-0.11,-0.956,11.39,11.4,11.51,11.49,11.51,11.35,2165400.0,24737771.0,15:00:03,2026-09-02
sh603310,巍华新材,14.44,-0.19,-1.299,14.44,14.45,14.63,14.61,14.61,14.43,1579707.0,22878391.0,15:00:04,2026-09-02
sh603311,金海高科,26.6,-0.3,-1.115,26.6,26.61,26.9,26.1,27.19,26.1,2426800.0,64787316.0,15:00:02,2026-09-02
sh603312,西典新能,32.2,-0.5,-1.529,32.2,32.35,32.7,32.51,33.2,31.88,925900.0,29988472.0,15:34:59,2026-09-02
sh603313,梦百合,6.49,-0.15,-2.259,6.49,6.5,6.64,6.6,6.69,6.48,20939420.0,136998190.0,15:34:59,2026-09-02
sh603315,福鞍股份,11.92,-0.07,-0.584,11.92,11.93,11.99,11.89,12.01,11.76,7909900.0,94256632.0,15:34:59,2026-09-02
sh603316,诚邦股份,13.69,-0.17,-1.227,13.69,13.7,13.86,13.63,13.89,13.39,6095900.0,82819771.0,15:34:59,2026-09-02
sh603317,天味食品,13.19,-0.09,-0.678,13.18,13.19,13.28,13.21,13.26,12.97,8675515.0,113824297.0,15:34:59,2026-09-02
sh603318,水发燃气,10.14,0.26,2.632,10.14,10.15,9.88,10.2,10.55,9.9,82578593.0,842412846.0,15:34:59,2026-09-02
sh603319,美湖股份,29.68,0.84,2.913,29.68,29.69,28.84,28.5,29.88,28.3,21651939.0,634240035.0,15:34:59,2026-09-02
sh603320,迪贝电气,18.22,0.52,2.938,18.21,18.22,17.7,17.52,18.34,17.45,4691265.0,84834386.0,15:34:59,2026-09-02
sh603321,梅轮电梯,6.66,-0.04,-0.597,6.65,6.66,6.7,6.69,6.7,6.59,3065800.0,20350185.0,15:00:03,2026-09-02
sh603322,超讯科技,25.25,-0.5,-1.942,25.25,25.26,25.75,25.5,25.65,25.2,3471400.0,88025056.0,15:00:01,2026-09-02
sh603323,苏农银行,4.48,-0.03,-0.665,4.46,4.48,4.51,4.5,4.53,4.45,44252685.0,198152793.0,15:00:01,2026-09-02
sh603324,盛剑科技,25.86,-0.4,-1.523,25.86,25.89,26.26,26.0,26.23,25.56,2879557.0,74350417.0,15:34:59,2026-09-02
sh603325,博隆技术,55.5,-0.47,-0.84,55.5,55.6,55.97,55.97,55.97,55.02,274000.0,15205312.0,15:00:05,2026-09-02
sh603326,我乐家居,7.55,0.15,2.027,7.55,7.56,7.4,7.39,7.67,7.35,5795408.0,43545031.0,15:00:03,2026-09-02
sh603327,福蓉科技,9.51,-0.29,-2.959,9.51,9.52,9.8,9.8,10.5,9.43,67824167.0,667235220.0,15:34:59,2026-09-02
sh603328,依顿电子,10.82,-0.12,-1.097,10.82,10.83,10.94,10.83,10.9,10.73,8880700.0,96004342.0,15:34:59,2026-09-02
sh603329,上海雅仕,10.45,-0.17,-1.601,10.45,10.51,10.62,10.6,10.6,10.36,2884350.0,30107119.0,15:00:03,2026-09-02
sh603330,天洋新材,11.49,0.29,2.589,11.49,11.5,11.2,11.22,12.0,11.22,91625290.0,1067409715.0,15:34:59,2026-09-02
sh603331,百达精工,12.78,0.02,0.157,12.76,12.78,12.76,12.76,12.92,12.63,3592800.0,45890219.0,15:34:59,2026-09-02
sh603332,苏州龙杰,12.07,-0.16,-1.308,12.07,12.08,12.23,12.24,12.3,11.96,3434600.0,41380890.0,15:00:02,2026-09-02
sh603333,福华尚纬,10.31,0.25,2.485,10.31,10.32,10.06,9.95,10.44,9.95,20487800.0,210102622.0,15:34:59,2026-09-02
sh603334,丰倍生物,32.36,-0.24,-0.736,32.33,32.36,32.6,32.44,32.74,32.18,1175660.0,38070634.0,15:00:01,2026-09-02
sh603335,迪生力,6.55,-0.08,-1.207,6.55,6.56,6.63,6.56,6.62,6.44,9769732.0,63676110.0,15:34:59,2026-09-02
sh603336,宏辉果蔬,9.61,0.28,3.001,9.6,9.61,9.33,9.29,10.26,9.1,34044800.0,332979411.0,15:34:59,2026-09-02
sh603337,杰克科技,38.27,-0.1,-0.261,38.27,38.3,38.37,38.14,38.35,37.55,1823200.0,69178956.0,15:34:59,2026-09-02
sh603338,浙江鼎力,57.55,-0.5,-0.861,57.51,57.57,58.05,57.47,58.24,56.4,3541600.0,202953818.0,15:34:59,2026-09-02
sh603339,四方科技,15.46,-0.62,-3.856,15.45,15.46,16.08,16.05,16.08,15.32,31255288.0,484574367.0,15:34:59,2026-09-02
sh603341,龙旗科技,37.15,-0.24,-0.642,37.14,37.15,37.39,37.05,37.42,36.82,4851458.0,180045472.0,15:34:59,2026-09-02
sh603344,星德胜,25.01,1.21,5.084,25.01,25.02,23.8,23.57,25.69,23.48,5809162.0,144267129.0,15:34:59,2026-09-02
sh603345,安井食品,75.8,0.02,0.026,75.8,75.82,75.78,75.56,76.35,74.35,6411003.0,484186003.0,15:34:59,2026-09-02
sh603348,文灿股份,14.74,-0.08,-0.54,14.74,14.75,14.82,14.71,14.96,14.51,2894917.0,42542028.0,15:34:59,2026-09-02
sh603350,安乃达,28.64,-0.07,-0.244,28.55,28.64,28.71,28.55,28.8,28.21,456426.0,13027358.0,15:00:02,2026-09-02
sh603351,威尔药业,26.17,-0.44,-1.654,26.17,26.24,26.61,26.45,26.61,26.1,716400.0,18802140.0,15:00:03,2026-09-02
sh603352,至信股份,26.55,0.12,0.454,26.54,26.55,26.43,26.33,26.55,26.01,1305310.0,34388208.0,15:34:59,2026-09-02
sh603353,和顺石油,34.6,1.83,5.584,34.59,34.6,32.77,33.87,34.8,31.8,10240010.0,342734827.0,15:34:59,2026-09-02
sh603355,莱克电气,27.39,-0.66,-2.353,27.31,27.39,28.05,27.89,27.89,26.91,2240900.0,61008456.0,15:00:01,2026-09-02
sh603356,华菱精工,17.43,0.01,0.057,17.4,17.43,17.42,17.48,17.6,17.2,2574700.0,44858455.0,15:00:05,2026-09-02
sh603357,设计总院,6.08,-0.05,-0.816,6.08,6.1,6.13,6.11,6.13,6.03,3587344.0,21773051.0,15:00:03,2026-09-02
sh603358,华达科技,51.07,0.12,0.236,51.06,51.07,50.95,49.0,52.5,49.0,15109475.0,771731849.0,15:34:59,2026-09-02
sh603359,*ST东珠,2.47,0.04,1.646,2.46,2.47,2.43,2.4,2.55,2.39,11059200.0,27373001.0,15:00:05,2026-09-02
sh603360,百傲化学,13.4,-0.11,-0.814,13.39,13.4,13.51,13.35,13.48,13.18,7864922.0,104808287.0,15:34:59,2026-09-02
sh603363,傲农生物,3.13,0.07,2.288,3.13,3.14,3.06,3.1,3.31,3.08,97418276.0,307013606.0,15:34:59,2026-09-02
sh603365,水星家纺,17.28,-0.15,-0.861,17.27,17.28,17.43,17.34,17.49,17.17,1242300.0,21516040.0,15:00:02,2026-09-02
sh603366,日出东方,7.84,0.12,1.554,7.84,7.85,7.72,7.73,8.12,7.62,42479007.0,334318011.0,15:34:59,2026-09-02
sh603367,辰欣药业,14.9,-0.1,-0.667,14.89,14.9,15.0,14.96,15.1,14.88,7481625.0,112058307.0,15:34:59,2026-09-02
sh603368,柳药集团,15.62,-0.26,-1.637,15.62,15.63,15.88,15.84,15.87,15.62,3042701.0,47801688.0,15:34:59,2026-09-02
sh603369,今世缘,29.65,-0.2,-0.67,29.65,29.66,29.85,29.63,30.3,29.58,9878817.0,295040940.0,15:34:59,2026-09-02
sh603370,华新精科,32.25,-0.61,-1.856,32.25,32.32,32.86,32.52,32.85,31.88,685213.0,22084944.0,15:00:03,2026-09-02
sh603373,安邦护卫,41.93,-1.05,-2.443,41.92,41.93,42.98,43.8,43.8,41.65,1372980.0,57961184.0,15:00:03,2026-09-02
sh603375,盛景微,43.33,3.94,10.003,43.33,0.0,39.39,39.0,43.33,38.58,3556342.0,148700747.0,15:34:59,2026-09-02
sh603376,大明电子,29.24,0.76,2.669,29.23,29.24,28.48,28.67,31.0,28.32,9710158.0,285599570.0,15:34:59,2026-09-02
sh603377,ST东时,3.05,0.13,4.452,3.04,3.05,2.92,2.89,3.1,2.89,7229657.0,21703326.0,15:00:03,2026-09-02
sh603378,*ST亚士,6.45,0.24,3.865,6.44,6.45,6.21,6.21,6.48,6.01,6815994.0,42885986.0,15:34:59,2026-09-02
sh603379,三美股份,58.5,-0.68,-1.149,58.5,58.55,59.18,58.97,59.11,57.71,5216398.0,305130491.0,15:34:59,2026-09-02
sh603380,易德龙,33.7,-0.5,-1.462,33.7,33.71,34.2,34.05,34.17,33.48,2351800.0,79469193.0,15:34:59,2026-09-02
sh603381,永臻股份,15.12,-0.13,-0.852,15.11,15.12,15.25,15.2,15.22,14.86,3291040.0,49424824.0,15:00:02,2026-09-02
sh603382,海阳科技,20.03,0.01,0.05,20.03,20.04,20.02,19.85,20.14,19.52,2532300.0,50183715.0,15:34:59,2026-09-02
sh603383,顶点软件,28.38,-0.52,-1.799,28.37,28.38,28.9,28.65,28.86,28.13,2509089.0,71283643.0,15:34:59,2026-09-02
sh603385,惠达卫浴,5.78,-0.11,-1.868,5.78,5.79,5.89,5.89,5.89,5.7,5139660.0,29773948.0,15:00:04,2026-09-02
sh603386,骏亚科技,14.05,-0.18,-1.265,14.05,14.06,14.23,14.07,14.16,13.96,3852200.0,54200832.0,15:00:01,2026-09-02
sh603387,基蛋生物,9.39,-0.13,-1.366,9.39,9.4,9.52,9.48,9.51,9.33,5996736.0,56302596.0,15:00:03,2026-09-02
sh603389,亚振家居,44.55,0.87,1.992,44.54,44.55,43.68,43.5,45.88,42.67,3113000.0,139171496.0,15:00:04,2026-09-02
sh603390,通达电气,10.26,0.0,0.0,10.25,10.26,10.26,10.17,10.28,10.02,4795400.0,48701152.0,15:00:04,2026-09-02
sh603391,力聚热能,72.8,-0.68,-0.925,72.8,72.91,73.48,73.26,73.79,72.01,1254872.0,91483147.0,15:00:03,2026-09-02
sh603392,万泰生物,28.16,-1.11,-3.792,28.15,28.16,29.27,29.1,29.3,28.13,8345721.0,237047852.0,15:34:59,2026-09-02
sh603393,新天然气,26.0,-0.35,-1.328,26.0,26.01,26.35,26.88,26.91,25.94,10358249.0,273066571.0,15:34:59,2026-09-02
sh603395,红四方,27.81,-3.09,-10.0,0.0,27.81,30.9,29.63,29.85,27.81,20607349.0,581623317.0,15:34:59,2026-09-02
sh603396,金辰股份,29.61,-0.73,-2.406,29.61,29.63,30.34,30.0,30.35,29.57,6622838.0,197577691.0,15:34:59,2026-09-02
sh603398,*ST沐邦,10.5,0.19,1.843,10.5,10.51,10.31,10.3,10.82,10.06,4869100.0,50744830.0,15:34:59,2026-09-02
sh603399,永杉锂业,14.41,-0.48,-3.224,14.4,14.41,14.89,14.7,14.73,14.17,34926431.0,502031215.0,15:34:59,2026-09-02
sh603400,华之杰,48.38,2.28,4.946,48.38,48.39,46.1,45.39,49.0,44.92,4983946.0,236577508.0,15:34:59,2026-09-02
sh603402,陕西旅游,77.78,4.38,5.967,77.78,77.8,73.4,73.93,77.85,71.12,5802958.0,440859157.0,15:34:59,2026-09-02
sh603406,天富龙,30.12,-1.06,-3.4,30.11,30.12,31.18,30.93,31.14,29.9,3506549.0,105895689.0,15:34:59,2026-09-02
sh603407,长裕集团,54.78,-0.49,-0.887,54.78,54.79,55.27,54.3,55.12,53.87,2671476.0,145470668.0,15:34:59,2026-09-02
sh603408,建霖家居,12.1,-0.08,-0.657,12.09,12.1,12.18,12.18,12.33,12.05,4435300.0,54060908.0,15:34:59,2026-09-02
sh603409,汇通控股,18.63,0.17,0.921,18.63,18.64,18.46,18.38,18.7,18.15,2065589.0,38016794.0,15:34:59,2026-09-02
sh603416,信捷电气,47.34,-0.65,-1.354,47.33,47.34,47.99,47.47,47.77,47.12,969100.0,45951570.0,15:34:59,2026-09-02
sh603418,友升股份,44.94,-0.41,-0.904,44.93,44.94,45.35,45.1,45.29,44.7,746771.0,33577221.0,15:00:03,2026-09-02
sh603421,鼎信通讯,6.05,-0.02,-0.329,6.04,6.05,6.07,6.06,6.07,5.94,5471260.0,32856960.0,15:34:59,2026-09-02
sh603429,*ST集友,9.32,0.3,3.326,9.31,9.32,9.02,8.89,9.47,8.83,4450400.0,41112533.0,15:00:05,2026-09-02
sh603435,嘉德利,50.4,-0.74,-1.447,50.3,50.4,51.14,50.67,50.96,49.8,1796205.0,90525012.0,15:34:59,2026-09-02
sh603439,三力制药,11.93,-0.16,-1.323,11.92,11.93,12.09,12.01,12.09,11.76,4226700.0,50223687.0,15:00:01,2026-09-02
sh603444,吉比特,378.57,-8.91,-2.299,378.5,378.65,387.48,385.58,388.99,378.02,1554300.0,592936853.0,15:34:59,2026-09-02
sh603456,九洲药业,15.05,-0.15,-0.987,15.04,15.05,15.2,15.25,15.28,14.99,15698122.0,237127847.0,15:34:59,2026-09-02
sh603458,勘设股份,9.83,0.24,2.503,9.83,9.84,9.59,9.53,10.03,9.43,16208577.0,159066625.0,15:34:59,2026-09-02
sh603459,红板科技,87.88,-3.73,-4.072,87.87,87.88,91.61,91.14,92.8,87.82,10808757.0,965717877.0,15:34:59,2026-09-02
sh603466,风语筑,12.06,0.12,1.005,12.06,12.07,11.94,11.8,12.38,11.7,92293515.0,1111099058.0,15:34:59,2026-09-02
sh603468,津富士达,23.96,0.31,1.311,23.95,23.96,23.65,23.56,24.2,23.29,4430690.0,105024880.0,15:34:59,2026-09-02
sh603477,巨星农牧,15.1,-0.32,-2.075,15.1,15.11,15.42,15.47,15.5,15.03,9947099.0,151246246.0,15:34:59,2026-09-02
sh603486,科沃斯,50.93,-2.46,-4.608,50.92,50.93,53.39,53.1,53.21,50.91,7461036.0,385654658.0,15:34:59,2026-09-02
sh603488,展鹏科技,8.45,0.1,1.198,8.44,8.45,8.35,8.35,8.65,8.15,11064380.0,92620384.0,15:00:03,2026-09-02
sh603489,八方股份,28.01,-0.62,-2.166,28.01,28.02,28.63,28.54,28.85,28.01,2028765.0,57250737.0,15:34:59,2026-09-02
sh603496,恒为科技,22.84,-0.57,-2.435,22.83,22.84,23.41,23.17,23.34,22.65,8386851.0,191944404.0,15:34:59,2026-09-02
sh603499,翔港科技,13.26,0.08,0.607,13.26,13.28,13.18,13.15,13.45,12.91,5130368.0,68042737.0,15:34:59,2026-09-02
sh603500,祥和实业,9.67,-0.12,-1.226,9.67,9.68,9.79,9.71,9.81,9.5,6550680.0,63175823.0,15:34:59,2026-09-02
sh603501,豪威集团,80.61,-2.24,-2.704,80.61,80.62,82.85,82.18,82.39,80.38,13157902.0,1065923998.0,15:34:59,2026-09-02
sh603505,金石资源,15.67,-0.23,-1.447,15.67,15.68,15.9,15.78,15.78,15.55,6541092.0,102478374.0,15:34:59,2026-09-02
sh603506,南都物业,11.48,-0.03,-0.261,11.48,11.49,11.51,11.41,11.59,11.28,5843000.0,66599656.0,15:00:02,2026-09-02
sh603507,振江股份,22.8,-0.43,-1.851,22.79,22.8,23.23,23.03,23.03,22.68,4060087.0,92707561.0,15:00:05,2026-09-02
sh603508,思维列控,21.27,-0.18,-0.839,21.27,21.28,21.45,21.38,21.46,21.13,2525456.0,53667252.0,15:34:59,2026-09-02
sh603511,爱慕股份,12.84,-0.11,-0.849,12.84,12.85,12.95,12.91,12.94,12.7,1680200.0,21536938.0,15:00:02,2026-09-02
sh603515,欧普照明,15.33,-0.26,-1.668,15.32,15.33,15.59,15.57,15.58,15.3,1436905.0,22087419.0,15:00:04,2026-09-02
sh603516,淳中科技,92.2,-1.48,-1.58,92.2,92.21,93.68,92.7,94.2,91.52,2869224.0,265943818.0,15:34:59,2026-09-02
sh603517,ST绝味,12.07,0.01,0.083,12.07,12.08,12.06,11.96,12.1,11.86,4073400.0,48858444.0,15:34:59,2026-09-02
sh603518,锦泓集团,8.21,-0.05,-0.605,8.19,8.21,8.26,8.21,8.27,8.09,5472400.0,44658834.0,15:00:03,2026-09-02
sh603519,立霸股份,16.16,-0.96,-5.607,16.16,16.17,17.12,16.96,17.47,16.14,13270831.0,220695234.0,15:34:59,2026-09-02
sh603520,司太立,8.86,-0.07,-0.784,8.86,8.87,8.93,8.92,8.92,8.81,5208284.0,46109405.0,15:00:01,2026-09-02
sh603527,众源新材,10.06,-0.05,-0.495,10.05,10.06,10.11,9.96,10.12,9.9,5999100.0,59963560.0,15:34:59,2026-09-02
sh603528,多伦科技,6.48,-0.07,-1.069,6.47,6.48,6.55,6.51,6.53,6.39,8468100.0,54751032.0,15:00:03,2026-09-02
sh603529,爱玛科技,21.76,-0.28,-1.27,21.75,21.76,22.04,22.04,22.17,21.72,3233800.0,70572332.0,15:34:59,2026-09-02
sh603530,神马电力,50.39,4.58,9.998,50.39,0.0,45.81,45.42,50.39,44.63,8040019.0,393086567.0,15:34:59,2026-09-02
sh603533,掌阅科技,24.15,-0.7,-2.817,24.14,24.15,24.85,24.85,25.8,24.15,85099671.0,2126083544.0,15:34:59,2026-09-02
sh603535,嘉诚国际,6.42,-0.02,-0.311,6.42,6.43,6.44,6.46,6.49,6.34,3805000.0,24388186.0,15:00:03,2026-09-02
sh603536,惠发食品,9.74,-0.18,-1.815,9.74,9.75,9.92,9.83,9.91,9.62,4611000.0,44916278.0,15:00:04,2026-09-02
sh603538,美诺华,25.9,-0.4,-1.521,25.9,25.91,26.3,26.3,26.44,25.85,20849964.0,543426605.0,15:34:59,2026-09-02
sh603551,奥普科技,9.5,-0.01,-0.105,9.48,9.5,9.51,9.52,9.53,9.38,2629800.0,24868670.0,15:34:59,2026-09-02
sh603556,海兴电力,24.3,-0.5,-2.016,24.28,24.3,24.8,24.88,24.91,24.16,3595700.0,87438813.0,15:34:59,2026-09-02
sh603557,*ST起步,3.26,-0.08,-2.395,3.26,3.27,3.34,3.31,3.31,3.23,5870200.0,19123843.0,15:34:59,2026-09-02
sh603558,健盛集团,12.07,-0.07,-0.577,12.07,12.09,12.14,12.17,12.2,11.88,3192500.0,38415242.0,15:00:03,2026-09-02
sh603559,中通国脉,10.69,-0.23,-2.106,10.69,10.7,10.92,10.5,11.32,10.5,45768784.0,500394661.0,15:34:59,2026-09-02
sh603565,中谷物流,12.51,-0.2,-1.574,12.51,12.52,12.71,12.71,12.81,12.51,21545908.0,271649711.0,15:34:59,2026-09-02
sh603566,普莱柯,10.43,-0.12,-1.137,10.43,10.45,10.55,10.53,10.55,10.43,1945400.0,20360770.0,15:34:59,2026-09-02
sh603567,珍宝岛,5.69,-0.04,-0.698,5.68,5.69,5.73,5.7,5.73,5.61,24401565.0,138299854.0,15:34:59,2026-09-02
sh603568,伟明环保,14.7,0.4,2.797,14.7,14.71,14.3,14.25,14.87,14.0,17550726.0,253209579.0,15:34:59,2026-09-02
sh603569,长久物流,5.98,-0.07,-1.157,5.98,5.99,6.05,6.04,6.05,5.96,2556800.0,15331717.0,15:00:03,2026-09-02
sh603577,汇金通,10.48,-0.04,-0.38,10.47,10.48,10.52,10.55,10.6,10.36,4065800.0,42732081.0,15:34:59,2026-09-02
sh603578,三星新材,13.14,-0.24,-1.794,13.14,13.15,13.38,13.36,13.45,13.1,1935184.0,25548766.0,15:00:03,2026-09-02
sh603579,荣泰健康,18.19,-0.07,-0.383,18.18,18.19,18.26,18.33,18.33,17.84,2720480.0,49105667.0,15:00:04,2026-09-02
sh603580,艾艾精工,75.0,-7.8,-9.42,75.0,75.01,82.8,80.3,82.8,74.66,10542610.0,810739536.0,15:34:59,2026-09-02
sh603583,捷昌驱动,26.72,1.22,4.784,26.71,26.72,25.5,25.25,26.87,25.1,14470470.0,381439940.0,15:34:59,2026-09-02
sh603585,苏利股份,10.96,-0.26,-2.317,10.95,10.96,11.22,11.22,11.28,10.73,10802470.0,117959962.0,15:34:59,2026-09-02
sh603586,金麒麟,14.14,0.22,1.58,14.14,14.15,13.92,14.0,14.49,13.76,3282800.0,46486558.0,15:00:05,2026-09-02
sh603587,地素时尚,13.21,0.25,1.929,13.2,13.21,12.96,12.95,13.28,12.81,6420414.0,84369062.0,15:00:03,2026-09-02
sh603588,高能环境,15.4,0.59,3.984,15.4,15.41,14.81,14.61,15.65,14.39,69558713.0,1050085620.0,15:34:59,2026-09-02
sh603589,口子窖,19.13,-0.23,-1.188,19.09,19.13,19.36,19.32,19.43,19.05,3563382.0,68419286.0,15:34:59,2026-09-02
sh603590,康辰药业,29.93,-0.56,-1.837,29.93,29.96,30.49,30.32,30.45,29.87,2296075.0,68890435.0,15:34:59,2026-09-02
sh603595,ST东尼,30.24,2.75,10.004,30.24,0.0,27.49,27.48,30.24,27.48,4921700.0,142337844.0,15:34:59,2026-09-02
sh603596,伯特利,30.09,0.25,0.838,30.09,30.1,29.84,29.56,30.29,29.2,28554081.0,853257344.0,15:34:59,2026-09-02
sh603598,引力传媒,18.14,-0.65,-3.459,18.13,18.14,18.79,18.21,18.69,18.01,22345629.0,408320829.0,15:34:59,2026-09-02
sh603599,广信股份,10.14,-0.34,-3.244,10.14,10.15,10.48,10.55,10.67,10.12,22361128.0,229561914.0,15:34:59,2026-09-02
sh603600,永艺股份,10.08,0.02,0.199,10.08,10.09,10.06,10.04,10.19,9.99,4211100.0,42494424.0,15:34:59,2026-09-02
sh603601,再升科技,9.24,0.16,1.762,9.24,9.25,9.08,8.95,9.39,8.87,100733758.0,929954384.0,15:34:59,2026-09-02
sh603602,纵横通信,12.06,0.02,0.166,12.05,12.06,12.04,11.91,12.1,11.85,2648085.0,31776675.0,15:00:02,2026-09-02
sh603605,珀莱雅,62.8,0.18,0.287,62.8,62.81,62.62,62.11,63.77,62.09,6095629.0,383702571.0,15:34:59,2026-09-02
sh603606,东方电缆,32.99,-0.86,-2.541,32.98,32.99,33.85,33.72,33.72,32.99,13255611.0,439080995.0,15:34:59,2026-09-02
sh603607,京华激光,22.15,-0.29,-1.292,22.15,22.16,22.44,22.3,22.41,21.87,2643900.0,58284822.0,15:34:59,2026-09-02
sh603608,天创时尚,20.86,1.02,5.141,20.86,20.87,19.84,20.24,21.26,19.3,26085199.0,533246152.0,15:34:59,2026-09-02
sh603609,禾丰股份,6.49,-0.06,-0.916,6.48,6.49,6.55,6.53,6.56,6.46,3359650.0,21829796.0,15:00:02,2026-09-02
sh603610,麒盛科技,14.66,0.07,0.48,14.66,14.67,14.59,14.54,14.92,14.29,5687000.0,82995385.0,15:34:59,2026-09-02
sh603611,诺力股份,16.28,-0.19,-1.154,16.28,16.29,16.47,16.41,16.45,16.23,1732700.0,28251270.0,15:00:03,2026-09-02
sh603612,索通发展,16.96,-0.35,-2.022,16.96,16.97,17.31,17.2,17.2,16.79,9330400.0,158124904.0,15:34:59,2026-09-02
sh603613,国联股份,19.18,-0.47,-2.392,19.18,19.19,19.65,19.8,19.8,19.12,8573084.0,164957079.0,15:34:59,2026-09-02
sh603615,茶花股份,18.2,-0.4,-2.151,18.19,18.2,18.6,18.53,18.53,18.02,3465600.0,63160198.0,15:34:59,2026-09-02
sh603616,韩建河山,5.96,0.13,2.23,5.96,5.97,5.83,5.85,6.09,5.7,23956406.0,141853121.0,15:34:59,2026-09-02
sh603617,君禾股份,7.17,0.02,0.28,7.16,7.17,7.15,7.09,7.21,7.01,4859118.0,34580000.0,15:34:59,2026-09-02
sh603618,杭电股份,37.22,3.38,9.988,37.22,0.0,33.84,33.0,37.22,33.0,132277853.0,4721845065.0,15:34:59,2026-09-02
sh603619,中曼石油,23.22,-0.82,-3.411,23.22,23.23,24.04,24.93,25.38,23.09,58698747.0,1405625614.0,15:34:59,2026-09-02
sh603626,科森科技,19.48,-0.45,-2.258,19.48,19.49,19.93,19.73,19.98,19.4,27127200.0,531003011.0,15:34:59,2026-09-02
sh603628,清源股份,10.02,-0.05,-0.497,10.01,10.02,10.07,10.12,10.15,9.9,6771400.0,67721118.0,15:34:59,2026-09-02
sh603629,利通电子,115.01,1.43,1.259,115.0,115.01,113.58,109.5,118.06,109.5,28698956.0,3257336778.0,15:34:59,2026-09-02
sh603630,拉芳家化,14.71,0.31,2.153,14.71,14.72,14.4,14.31,14.83,14.2,7762630.0,113181793.0,15:34:59,2026-09-02
sh603633,徕木股份,6.73,-0.02,-0.296,6.73,6.74,6.75,6.66,6.82,6.59,6238885.0,41686550.0,15:00:04,2026-09-02
sh603636,南威软件,7.18,-0.04,-0.554,7.18,7.19,7.22,7.14,7.23,7.08,11341233.0,81097057.0,15:34:59,2026-09-02
sh603637,镇海股份,14.72,-0.37,-2.452,14.71,14.72,15.09,14.96,15.15,14.6,10857390.0,161518489.0,15:34:59,2026-09-02
sh603638,艾迪精密,18.72,-0.77,-3.951,18.72,18.73,19.49,19.3,19.3,18.59,10226315.0,192450230.0,15:34:59,2026-09-02
sh603639,海利尔,10.77,-0.24,-2.18,10.76,10.77,11.01,11.01,11.07,10.71,2232800.0,24089090.0,15:34:59,2026-09-02
sh603648,畅联股份,9.42,-0.03,-0.317,9.42,9.43,9.45,9.39,9.46,9.31,2003700.0,18789563.0,15:00:03,2026-09-02
sh603650,彤程新材,59.86,-0.85,-1.4,59.85,59.86,60.71,60.44,60.96,59.47,7422357.0,446012262.0,15:34:59,2026-09-02
sh603655,朗博科技,29.86,-0.5,-1.647,29.85,29.86,30.36,30.06,30.34,29.43,1212900.0,36190176.0,15:00:01,2026-09-02
sh603656,泰禾智能,17.43,-0.29,-1.637,17.43,17.45,17.72,17.66,17.69,17.36,1185200.0,20694493.0,15:34:59,2026-09-02
sh603657,春光科技,25.28,0.44,1.771,25.27,25.28,24.84,24.6,25.3,24.25,2973800.0,74023915.0,15:34:59,2026-09-02
sh603658,安图生物,32.95,-0.14,-0.423,32.94,32.95,33.09,33.08,33.48,32.7,2952320.0,97882662.0,15:00:01,2026-09-02
sh603659,璞泰来,22.48,-0.48,-2.091,22.48,22.49,22.96,22.85,22.85,22.23,20369799.0,456331047.0,15:34:59,2026-09-02
sh603660,苏州科达,10.52,-0.24,-2.23,10.52,10.53,10.76,10.62,10.68,10.31,15956658.0,167052785.0,15:34:59,2026-09-02
sh603661,恒林股份,30.21,-0.8,-2.58,30.21,30.22,31.01,30.78,30.81,30.09,1168093.0,35436217.0,15:00:04,2026-09-02
sh603662,柯力传感,50.87,-0.46,-0.896,50.86,50.87,51.33,51.0,51.38,50.2,2651600.0,134747607.0,15:34:59,2026-09-02
sh603663,三祥新材,40.98,-0.78,-1.868,40.97,40.98,41.76,41.0,41.77,40.73,13349933.0,549236246.0,15:34:59,2026-09-02
sh603665,康隆达,22.56,2.05,9.995,22.56,0.0,20.51,20.5,22.56,20.15,5505212.0,118037570.0,15:00:03,2026-09-02
sh603666,亿嘉和,24.65,-0.68,-2.685,24.65,24.66,25.33,25.09,25.19,24.57,3481760.0,86231217.0,15:00:02,2026-09-02
sh603667,五洲新春,50.38,-0.52,-1.022,50.38,50.39,50.9,50.6,51.19,49.81,7796600.0,393678689.0,15:34:59,2026-09-02
sh603668,天马科技,11.38,0.39,3.549,11.37,11.38,10.99,10.9,11.63,10.75,13453910.0,150670021.0,15:34:59,2026-09-02
sh603669,灵康药业,5.41,0.03,0.558,5.41,5.42,5.38,5.36,5.44,5.27,13628900.0,72956502.0,15:34:59,2026-09-02
sh603676,卫信康,9.18,-0.1,-1.078,9.18,9.19,9.28,9.26,9.26,9.14,1730299.0,15890377.0,15:00:03,2026-09-02
sh603677,奇精机械,13.92,-0.1,-0.713,13.91,13.92,14.02,13.97,14.08,13.79,1165340.0,16240352.0,15:00:04,2026-09-02
sh603678,火炬电子,45.19,-0.92,-1.995,45.19,45.2,46.11,45.77,46.55,44.96,12321995.0,561008421.0,15:34:59,2026-09-02
sh603679,华体科技,22.02,-0.95,-4.136,22.02,22.03,22.97,22.66,22.66,21.45,7689519.0,169042612.0,15:34:59,2026-09-02
sh603680,今创集团,10.2,-0.28,-2.672,10.19,10.2,10.48,10.31,10.32,9.96,8834800.0,89300832.0,15:34:59,2026-09-02
sh603681,永冠新材,18.1,-0.17,-0.93,18.1,18.11,18.27,18.11,18.19,17.71,4627109.0,83155061.0,15:00:03,2026-09-02
sh603682,锦和商管,11.1,0.07,0.635,11.1,11.11,11.03,11.01,11.26,10.71,10344600.0,114104910.0,15:00:03,2026-09-02
sh603683,晶华新材,16.9,-0.37,-2.142,16.9,16.91,17.27,17.07,17.66,16.81,23742020.0,405408619.0,15:34:59,2026-09-02
sh603685,晨丰科技,27.79,1.72,6.598,27.78,27.79,26.07,26.17,28.5,26.17,6492397.0,179163108.0,15:34:59,2026-09-02
sh603686,福龙马,13.26,0.01,0.075,13.26,13.27,13.25,13.18,13.3,12.93,10831892.0,142119902.0,15:34:59,2026-09-02
sh603687,大胜达,16.4,0.1,0.613,16.39,16.4,16.3,16.39,17.37,16.11,45488575.0,758549175.0,15:34:59,2026-09-02
sh603688,石英股份,48.05,-1.19,-2.417,48.04,48.05,49.24,48.5,48.86,47.51,10401004.0,500737051.0,15:34:59,2026-09-02
sh603689,皖天然气,7.85,0.03,0.384,7.84,7.85,7.82,7.83,7.91,7.78,5860100.0,46071163.0,15:00:04,2026-09-02
sh603690,至纯科技,24.26,0.16,0.664,24.25,24.26,24.1,23.77,24.55,23.5,16074523.0,386276269.0,15:34:59,2026-09-02
sh603693,江苏新能,11.26,-0.07,-0.618,11.26,11.27,11.33,11.33,11.33,11.18,2997655.0,33683366.0,15:00:05,2026-09-02
sh603696,安记食品,13.85,-0.55,-3.819,13.84,13.85,14.4,14.29,14.54,13.8,16106019.0,224916464.0,15:34:59,2026-09-02
sh603697,有友食品,9.59,-0.01,-0.104,9.59,9.6,9.6,9.51,9.72,9.48,4693320.0,45056149.0,15:00:03,2026-09-02
sh603698,航天工程,21.95,0.01,0.046,21.94,21.95,21.94,21.83,22.1,21.64,8208293.0,179577811.0,15:34:59,2026-09-02
sh603699,纽威股份,45.51,-2.88,-5.952,45.51,45.52,48.39,47.91,47.91,45.08,6648228.0,306271687.0,15:34:59,2026-09-02
sh603700,宁水集团,11.72,-0.13,-1.097,11.72,11.73,11.85,11.83,11.83,11.57,4546800.0,53125254.0,15:00:02,2026-09-02
sh603701,德宏股份,21.23,1.93,10.0,21.23,0.0,19.3,19.34,21.23,19.1,8735144.0,178621472.0,15:00:04,2026-09-02
sh603703,盛洋科技,10.64,0.14,1.333,10.63,10.64,10.5,10.41,10.69,10.37,10977249.0,115732743.0,15:34:59,2026-09-02
sh603706,东方环宇,17.51,-0.11,-0.624,17.51,17.52,17.62,17.63,17.76,17.5,1508900.0,26544229.0,15:34:59,2026-09-02
sh603707,健友股份,7.97,-0.4,-4.779,7.97,7.98,8.37,8.3,8.32,7.95,19035437.0,153318814.0,15:00:04,2026-09-02
sh603708,家家悦,9.42,-0.15,-1.567,9.41,9.42,9.57,9.49,9.62,9.35,6448599.0,60752159.0,15:34:59,2026-09-02
sh603709,中源家居,12.52,-0.13,-1.028,12.51,12.52,12.65,12.6,12.67,12.35,3735352.0,46513383.0,15:34:59,2026-09-02
sh603711,香飘飘,11.74,-0.16,-1.345,11.74,11.75,11.9,11.78,11.89,11.63,5256799.0,61651658.0,15:34:59,2026-09-02
sh603712,七一二,11.83,0.06,0.51,11.82,11.83,11.77,11.7,11.87,11.6,11179997.0,131435927.0,15:34:59,2026-09-02
sh603713,密尔克卫,60.7,-1.22,-1.97,60.69,60.7,61.92,61.95,62.0,59.88,1802708.0,108976272.0,15:34:59,2026-09-02
sh603716,塞力医疗,16.85,-0.72,-4.098,16.85,16.86,17.57,17.56,17.56,16.84,10853500.0,185325264.0,15:34:59,2026-09-02
sh603717,天域生物,6.65,-0.02,-0.3,6.64,6.65,6.67,6.68,6.68,6.52,5958173.0,39371642.0,15:00:03,2026-09-02
sh603718,*ST海利,3.25,0.03,0.932,3.24,3.25,3.22,3.2,3.28,3.19,8700300.0,28172538.0,15:00:05,2026-09-02
sh603719,良品铺子,9.48,-0.21,-2.167,9.48,9.49,9.69,9.68,9.72,9.42,3807700.0,36239591.0,15:34:59,2026-09-02
sh603721,中广天择,21.49,0.48,2.285,21.49,21.5,21.01,21.01,23.11,20.31,30210531.0,665011862.0,15:34:59,2026-09-02
sh603722,阿科力,30.96,0.71,2.347,30.93,30.96,30.25,30.1,30.99,29.5,1928300.0,58427120.0,15:34:59,2026-09-02
sh603725,天安新材,10.51,-0.33,-3.044,10.51,10.52,10.84,10.8,10.8,10.37,12001400.0,126142113.0,15:34:59,2026-09-02
sh603726,朗迪集团,24.22,-0.25,-1.022,24.21,24.22,24.47,24.23,24.45,24.03,2617400.0,63450071.0,15:00:02,2026-09-02
sh603727,博迈科,17.5,-0.9,-4.891,17.5,17.51,18.4,18.77,18.88,17.5,4550700.0,81798216.0,15:34:59,2026-09-02
sh603728,鸣志电器,48.5,-1.45,-2.903,48.5,48.6,49.95,49.5,49.6,48.5,3795846.0,185962801.0,15:34:59,2026-09-02
sh603729,ST龙韵,12.2,0.0,0.0,12.14,12.2,12.2,12.18,12.23,11.91,1584500.0,19104028.0,15:34:59,2026-09-02
sh603730,岱美股份,10.57,0.24,2.323,10.56,10.57,10.33,10.12,10.68,10.12,13746242.0,143851977.0,15:34:59,2026-09-02
sh603733,仙鹤股份,19.05,-0.89,-4.463,19.04,19.05,19.94,19.77,19.88,19.01,14637204.0,281808455.0,15:34:59,2026-09-02
sh603737,三棵树,23.76,-0.45,-1.859,23.76,23.77,24.21,24.0,24.09,23.64,5866213.0,139718867.0,15:34:59,2026-09-02
sh603738,泰晶科技,36.13,-1.3,-3.473,36.12,36.13,37.43,36.23,37.1,36.06,18770111.0,682690959.0,15:34:59,2026-09-02
sh603739,蔚蓝生物,12.88,-0.22,-1.679,12.88,12.9,13.1,12.97,13.09,12.82,4267200.0,55181828.0,15:34:59,2026-09-02
sh603755,日辰股份,24.9,-0.24,-0.955,24.9,24.99,25.14,25.0,25.57,24.51,2297700.0,57592231.0,15:00:04,2026-09-02
sh603757,大元泵业,72.22,2.63,3.779,72.21,72.22,69.59,68.35,74.39,67.32,14302227.0,1028566602.0,15:34:59,2026-09-02
sh603758,秦安股份,11.91,-0.38,-3.092,11.91,11.92,12.29,12.03,12.33,11.8,18569012.0,222636079.0,15:34:59,2026-09-02
sh603759,海天股份,7.65,0.02,0.262,7.64,7.65,7.63,7.61,7.68,7.5,3939724.0,29904258.0,15:34:59,2026-09-02
sh603766,隆鑫通用,14.73,-0.17,-1.141,14.72,14.73,14.9,14.9,14.97,14.54,8066050.0,118290040.0,15:00:00,2026-09-02
sh603767,中马传动,14.17,0.15,1.07,14.16,14.17,14.02,14.05,14.2,13.76,4244200.0,59428648.0,15:34:59,2026-09-02
sh603768,常青股份,11.9,0.04,0.337,11.89,11.9,11.86,11.76,11.94,11.66,2440918.0,28837905.0,15:00:03,2026-09-02
sh603773,沃格光电,87.85,-2.14,-2.378,87.85,87.86,89.99,88.51,89.6,86.93,9662090.0,850035050.0,15:34:59,2026-09-02
sh603776,永安行,20.42,-0.46,-2.203,20.42,20.44,20.88,20.87,20.95,20.29,2788613.0,57472673.0,15:00:03,2026-09-02
sh603777,来伊份,14.0,-0.06,-0.427,13.99,14.0,14.06,13.88,14.36,13.85,9056171.0,127527791.0,15:00:02,2026-09-02
sh603778,国晟科技,10.75,0.98,10.031,10.75,0.0,9.77,9.7,10.75,9.58,80708678.0,837168603.0,15:34:59,2026-09-02
sh603779,威龙股份,8.42,0.08,0.959,8.41,8.42,8.34,8.34,8.56,8.25,15912675.0,134158370.0,15:34:59,2026-09-02
sh603786,科博达,39.4,-0.85,-2.112,39.4,39.42,40.25,39.98,39.98,38.95,2483100.0,97806974.0,15:00:02,2026-09-02
sh603787,新日股份,10.46,0.03,0.288,10.43,10.46,10.43,10.43,10.47,10.26,2379700.0,24716290.0,15:00:03,2026-09-02
sh603788,宁波高发,13.79,-0.14,-1.005,13.76,13.79,13.93,13.88,13.91,13.68,849660.0,11685578.0,15:00:03,2026-09-02
sh603789,ST星农,6.28,-0.09,-1.413,6.26,6.28,6.37,6.34,6.36,6.22,4054361.0,25396335.0,15:00:04,2026-09-02
sh603790,雅运股份,23.75,-0.42,-1.738,23.69,23.75,24.17,23.89,24.31,23.37,2418846.0,57153263.0,15:34:59,2026-09-02
sh603797,联泰环保,4.88,0.01,0.205,4.87,4.88,4.87,4.85,4.94,4.83,9212036.0,44910996.0,15:34:59,2026-09-02
sh603798,康普顿,13.14,-0.15,-1.129,13.14,13.15,13.29,13.29,13.31,12.92,2413160.0,31557172.0,15:34:59,2026-09-02
sh603799,华友钴业,37.94,-1.19,-3.041,37.94,37.95,39.13,38.75,38.75,37.73,48856893.0,1857669074.0,15:34:59,2026-09-02
sh603800,洪田股份,59.3,-1.88,-3.073,59.29,59.3,61.18,60.6,61.86,59.01,4109684.0,246664072.0,15:34:59,2026-09-02
sh603801,志邦家居,6.41,-0.07,-1.08,6.41,6.42,6.48,6.39,6.5,6.23,22263564.0,141510945.0,15:34:59,2026-09-02
sh603803,瑞斯康达,11.15,-0.21,-1.849,11.15,11.16,11.36,10.88,11.25,10.88,17346126.0,192813034.0,15:34:59,2026-09-02
sh603806,福斯特,14.31,-0.71,-4.727,14.31,14.32,15.02,14.92,14.92,14.29,29977565.0,434689396.0,15:34:59,2026-09-02
sh603808,歌力思,8.83,-0.06,-0.675,8.83,8.85,8.89,8.87,8.93,8.78,3358600.0,29731209.0,15:00:02,2026-09-02
sh603809,豪能股份,8.97,-0.02,-0.222,8.96,8.97,8.99,8.94,8.98,8.8,6333699.0,56295873.0,15:34:59,2026-09-02
sh603810,丰山集团,12.57,-0.17,-1.334,12.55,12.57,12.74,12.73,12.73,12.45,1396200.0,17551176.0,15:00:03,2026-09-02
sh603811,诚意药业,7.25,-0.08,-1.091,7.25,7.26,7.33,7.33,7.34,7.2,4847990.0,35136128.0,15:00:04,2026-09-02
sh603813,原尚股份,28.73,-0.23,-0.794,28.73,28.74,28.96,29.0,29.0,28.1,541000.0,15452036.0,15:00:04,2026-09-02
sh603815,交建股份,5.49,-0.03,-0.543,5.49,5.5,5.52,5.51,5.53,5.4,6110700.0,33396592.0,15:34:59,2026-09-02
sh603816,顾家家居,22.78,-0.97,-4.084,22.77,22.78,23.75,23.73,23.74,22.52,7544462.0,172506269.0,15:34:59,2026-09-02
sh603817,海峡环保,5.81,-0.01,-0.172,5.8,5.81,5.82,5.79,5.81,5.69,9153028.0,52641666.0,15:34:59,2026-09-02
sh603818,曲美家居,3.96,0.07,1.799,3.95,3.96,3.89,3.85,3.99,3.72,34885926.0,134532737.0,15:00:03,2026-09-02
sh603819,神力股份,16.19,0.65,4.183,16.19,16.2,15.54,15.62,16.66,15.22,11081992.0,177403184.0,15:00:03,2026-09-02
sh603822,ST嘉澳,66.72,4.0,6.378,66.72,66.73,62.72,62.51,67.12,61.95,1803280.0,117234111.0,15:34:59,2026-09-02
sh603823,百合花,58.3,-2.61,-4.285,58.29,58.3,60.91,59.8,60.7,58.0,19228612.0,1131800151.0,15:34:59,2026-09-02
sh603825,ST华扬,8.64,-0.06,-0.69,8.64,8.65,8.7,8.64,8.75,8.6,2139500.0,18595374.0,15:00:05,2026-09-02
sh603826,坤彩科技,15.78,-0.3,-1.866,15.77,15.78,16.08,16.08,16.09,15.68,6399400.0,101080832.0,15:34:59,2026-09-02
sh603828,*ST利达,5.08,0.03,0.594,5.07,5.08,5.05,5.06,5.12,4.99,1275100.0,6447794.0,15:00:03,2026-09-02
sh603829,洛凯股份,15.79,-0.11,-0.692,15.78,15.79,15.9,15.82,15.88,15.5,2439600.0,38297476.0,15:34:59,2026-09-02
sh603833,欧派家居,30.95,-1.24,-3.852,30.95,30.96,32.19,32.07,32.22,30.82,4523244.0,141022154.0,15:34:59,2026-09-02
sh603836,海程邦达,9.53,0.03,0.316,9.51,9.53,9.5,9.55,9.55,9.4,3212371.0,30412024.0,15:00:05,2026-09-02
sh603838,*ST四通,11.57,-0.09,-0.772,11.57,11.58,11.66,11.28,11.97,11.28,1351700.0,15816518.0,15:00:04,2026-09-02
sh603839,安正时尚,7.22,0.34,4.942,7.21,7.22,6.88,6.91,7.28,6.9,12550450.0,89359493.0,15:34:59,2026-09-02
sh603843,*ST正平,7.38,0.04,0.545,7.38,7.39,7.34,7.32,7.42,7.25,10282300.0,75270539.0,15:34:59,2026-09-02
sh603848,好太太,13.88,-0.18,-1.28,13.87,13.88,14.06,13.98,14.01,13.78,1976900.0,27492695.0,15:34:59,2026-09-02
sh603855,华荣股份,16.74,0.0,0.0,16.72,16.74,16.74,16.66,16.81,16.59,1220700.0,20421558.0,15:00:00,2026-09-02
sh603856,东宏股份,11.77,-0.01,-0.085,11.77,11.78,11.78,11.79,11.83,11.56,3200700.0,37476770.0,15:34:59,2026-09-02
sh603858,步长制药,14.83,-0.22,-1.462,14.82,14.83,15.05,15.03,15.04,14.79,4339075.0,64402002.0,15:00:03,2026-09-02
sh603859,能科科技,37.85,-0.79,-2.045,37.85,37.86,38.64,38.01,38.66,37.8,4503148.0,171619899.0,15:34:59,2026-09-02
sh603860,中公高科,27.18,-0.14,-0.512,27.17,27.18,27.32,27.32,27.32,26.91,790950.0,21433292.0,15:00:02,2026-09-02
sh603861,白云电器,11.65,0.0,0.0,11.64,11.65,11.65,11.63,11.68,11.43,4983900.0,57724737.0,15:34:59,2026-09-02
sh603863,松炀资源,12.82,-0.04,-0.311,12.82,12.83,12.86,12.88,12.9,12.6,2787900.0,35549326.0,15:34:59,2026-09-02
sh603866,桃李面包,4.31,-0.1,-2.268,4.31,4.32,4.41,4.38,4.4,4.29,13293626.0,57421108.0,15:00:04,2026-09-02
sh603867,新化股份,30.42,0.79,2.666,30.41,30.42,29.63,29.57,30.61,29.34,5835295.0,174931474.0,15:34:59,2026-09-02
sh603868,飞科电器,31.79,0.12,0.379,31.79,31.8,31.67,31.61,32.0,31.19,1230700.0,38920996.0,15:00:02,2026-09-02
sh603869,ST智知,8.98,0.08,0.899,8.97,8.98,8.9,8.84,8.98,8.73,862840.0,7620117.0,15:34:59,2026-09-02
sh603871,嘉友国际,13.74,-0.05,-0.363,13.72,13.74,13.79,13.82,13.92,13.44,12487880.0,170727072.0,15:34:59,2026-09-02
sh603876,鼎胜新材,20.26,-1.47,-6.765,20.25,20.26,21.73,21.6,21.68,20.09,32186626.0,662360931.0,15:34:59,2026-09-02
sh603877,太平鸟,12.98,0.08,0.62,12.97,12.98,12.9,12.85,13.01,12.71,1653100.0,21304133.0,15:00:03,2026-09-02
sh603878,武进不锈,5.24,0.05,0.963,5.24,5.25,5.19,5.17,5.29,5.07,12659200.0,65475250.0,15:34:59,2026-09-02
sh603879,永悦科技,5.44,-0.02,-0.366,5.43,5.44,5.46,5.41,5.46,5.32,7189792.0,38762833.0,15:00:05,2026-09-02
sh603880,南卫股份,9.76,0.14,1.455,9.76,9.77,9.62,9.59,9.97,9.5,11780720.0,115013550.0,15:34:59,2026-09-02
sh603881,数据港,24.83,-0.47,-1.858,24.83,24.84,25.3,24.8,25.2,24.7,21373473.0,531214474.0,15:34:59,2026-09-02
sh603882,金域医学,26.61,-0.71,-2.599,26.6,26.61,27.32,27.31,27.32,26.58,5754329.0,154215751.0,15:34:59,2026-09-02
sh603883,老百姓,13.16,-0.11,-0.829,13.15,13.16,13.27,13.2,13.31,13.0,10633476.0,139600895.0,15:34:59,2026-09-02
sh603885,吉祥航空,10.09,-0.05,-0.493,10.08,10.09,10.14,10.0,10.1,9.92,15694823.0,157099113.0,15:34:59,2026-09-02
sh603886,元祖股份,12.93,-0.08,-0.615,12.93,12.94,13.01,12.91,13.06,12.67,4949200.0,63791021.0,15:34:59,2026-09-02
sh603887,城地香江,9.68,-0.03,-0.309,9.68,9.69,9.71,9.54,9.82,9.52,27715930.0,267964726.0,15:34:59,2026-09-02
sh603888,新华网,16.47,-0.29,-1.73,16.47,16.48,16.76,16.59,16.82,16.44,7461463.0,123434698.0,15:34:59,2026-09-02
sh603889,新澳股份,6.22,0.11,1.8,6.21,6.22,6.11,6.15,6.31,6.09,16254882.0,101016991.0,15:34:59,2026-09-02
sh603890,春秋电子,19.62,0.95,5.088,19.62,19.63,18.67,18.49,19.99,18.49,70518691.0,1360085280.0,15:34:59,2026-09-02
sh603893,瑞芯微,197.49,-6.11,-3.001,197.49,197.5,203.6,201.04,207.8,197.3,18483481.0,3727282619.0,15:34:59,2026-09-02
sh603895,天永智能,27.35,0.28,1.034,27.33,27.35,27.07,26.87,27.63,26.8,1161700.0,31806365.0,15:34:59,2026-09-02
sh603896,寿仙谷,14.92,-0.46,-2.991,14.91,14.92,15.38,15.25,15.37,14.82,3048605.0,45779045.0,15:34:59,2026-09-02
sh603897,长城科技,29.96,-0.43,-1.415,29.95,29.96,30.39,30.03,30.46,29.28,7922679.0,236434223.0,15:34:59,2026-09-02
sh603898,好莱客,11.64,0.23,2.016,11.62,11.64,11.41,11.3,12.15,11.15,7752400.0,90813535.0,15:34:59,2026-09-02
sh603899,晨光股份,22.6,-0.51,-2.207,22.6,22.62,23.11,23.11,23.11,22.3,5995200.0,135308298.0,15:00:04,2026-09-02
sh603900,莱绅通灵,7.11,-0.06,-0.837,7.11,7.12,7.17,7.02,7.17,6.81,33889236.0,236504616.0,15:34:59,2026-09-02
sh603901,永创智能,10.25,0.22,2.193,10.25,10.26,10.03,10.14,10.55,9.99,28026674.0,290264024.0,15:34:59,2026-09-02
sh603903,中持股份,14.01,-0.07,-0.497,14.01,14.05,14.08,13.91,14.5,13.81,6009900.0,84778478.0,15:34:59,2026-09-02
sh603906,龙蟠科技,18.62,-0.41,-2.154,18.62,18.63,19.03,18.9,18.9,18.37,13245720.0,246332843.0,15:34:59,2026-09-02
sh603908,牧高笛,19.92,-0.03,-0.15,19.92,19.99,19.95,19.82,20.06,19.57,1126200.0,22285304.0,15:00:03,2026-09-02
sh603909,建发合诚,9.83,-0.08,-0.807,9.83,9.84,9.91,9.91,9.94,9.74,2380800.0,23409869.0,15:00:04,2026-09-02
sh603912,佳力图,9.2,0.13,1.433,9.19,9.2,9.07,8.9,9.25,8.9,19912703.0,182320212.0,15:34:59,2026-09-02
sh603915,国茂股份,13.92,-0.2,-1.416,13.91,13.92,14.12,13.97,14.06,13.81,4819186.0,67004040.0,15:34:59,2026-09-02
sh603916,苏博特,11.22,-0.43,-3.691,11.22,11.23,11.65,11.45,11.52,11.05,11215236.0,125531649.0,15:34:59,2026-09-02
sh603917,合力科技,13.59,0.27,2.027,13.58,13.59,13.32,13.33,13.65,13.22,4521000.0,60903974.0,15:34:59,2026-09-02
sh603918,金桥信息,11.58,-0.07,-0.601,11.57,11.58,11.65,11.5,11.69,11.45,11319332.0,130879913.0,15:34:59,2026-09-02
sh603919,金徽酒,17.49,-0.02,-0.114,17.49,17.5,17.51,17.34,17.97,17.34,5871775.0,102925342.0,15:34:59,2026-09-02
sh603920,世运电路,37.61,-0.01,-0.027,37.6,37.61,37.62,37.01,38.25,37.01,15356300.0,578205034.0,15:34:59,2026-09-02
sh603922,ST金鸿顺,14.6,-0.4,-2.667,14.6,14.65,15.0,14.86,14.97,14.6,1197240.0,17636733.0,15:00:04,2026-09-02
sh603926,铁流股份,17.14,0.02,0.117,17.14,17.15,17.12,16.96,17.18,16.77,5079936.0,86354350.0,15:34:59,2026-09-02
sh603927,中科软,14.15,-0.1,-0.702,14.14,14.15,14.25,14.2,14.25,13.98,7429996.0,104863264.0,15:00:04,2026-09-02
sh603928,兴业股份,11.8,-0.25,-2.075,11.8,11.81,12.05,11.9,11.96,11.69,7716640.0,91097740.0,15:34:59,2026-09-02
sh603929,亚翔集成,156.0,-1.43,-0.908,155.95,156.0,157.43,155.32,157.0,153.87,3036900.0,472087569.0,15:34:59,2026-09-02
sh603931,格林达,34.41,-0.61,-1.742,34.4,34.42,35.02,34.63,34.67,33.99,3065340.0,105179497.0,15:34:59,2026-09-02
sh603933,睿能科技,19.27,-0.11,-0.568,19.25,19.27,19.38,19.19,19.39,18.94,2246900.0,43023116.0,15:34:59,2026-09-02
sh603936,博敏电子,16.97,-0.6,-3.415,16.96,16.97,17.57,17.27,17.47,16.95,30171682.0,516073689.0,15:34:59,2026-09-02
sh603937,丽岛新材,11.9,-0.11,-0.916,11.89,11.9,12.01,11.98,11.99,11.68,2827500.0,33373357.0,15:00:05,2026-09-02
sh603938,三孚股份,42.81,-0.99,-2.26,42.81,42.82,43.8,42.84,44.06,42.59,14006147.0,604981292.0,15:34:59,2026-09-02
sh603939,益丰药房,22.67,-0.27,-1.177,22.65,22.67,22.94,23.0,23.06,22.5,12371790.0,281088669.0,15:00:03,2026-09-02
sh603948,建业股份,19.96,-0.03,-0.15,19.93,19.96,19.99,19.91,20.05,19.65,975900.0,19381979.0,15:00:03,2026-09-02
sh603949,雪龙集团,14.61,0.25,1.741,14.6,14.61,14.36,14.3,14.74,14.16,3654100.0,53007434.0,15:34:59,2026-09-02
sh603950,长源东谷,66.15,2.26,3.537,66.14,66.15,63.89,63.88,68.6,62.8,10494256.0,696742580.0,15:34:59,2026-09-02
sh603955,大千生态,20.76,0.43,2.115,20.76,20.81,20.33,20.45,21.08,20.2,2673520.0,55307461.0,15:00:03,2026-09-02
sh603956,威派格,6.18,0.0,0.0,6.18,6.19,6.18,6.11,6.2,6.02,13434665.0,82195368.0,15:34:59,2026-09-02
sh603958,哈森股份,23.85,2.17,10.009,23.85,0.0,21.68,21.5,23.85,21.03,32631529.0,743688712.0,15:34:59,2026-09-02
sh603959,ST百利,4.21,-0.01,-0.237,4.2,4.21,4.22,4.21,4.27,4.17,6236100.0,26247101.0,15:34:59,2026-09-02
sh603960,克来机电,16.08,-0.29,-1.772,16.07,16.08,16.37,16.36,16.39,16.0,3316808.0,53440744.0,15:00:03,2026-09-02
sh603966,法兰泰克,7.49,-0.08,-1.057,7.48,7.49,7.57,7.55,7.57,7.39,9601391.0,71603383.0,15:34:59,2026-09-02
sh603967,中创物流,11.6,-0.11,-0.939,11.59,11.6,11.71,11.71,11.73,11.5,2719280.0,31532581.0,15:00:05,2026-09-02
sh603968,醋化股份,10.93,-0.09,-0.817,10.92,10.93,11.02,11.02,11.03,10.8,2134300.0,23270685.0,15:34:59,2026-09-02
sh603969,银龙股份,7.65,-0.15,-1.923,7.65,7.66,7.8,7.75,7.76,7.61,9324531.0,71482035.0,15:34:59,2026-09-02
sh603970,中农立华,11.27,-0.36,-3.095,11.26,11.27,11.63,11.53,11.53,11.15,5384100.0,60801047.0,15:34:59,2026-09-02
sh603976,正川股份,32.45,1.01,3.212,32.45,32.46,31.44,31.37,33.88,31.1,9322525.0,303161854.0,15:34:59,2026-09-02
sh603977,国泰集团,11.62,0.04,0.345,11.61,11.62,11.58,11.51,11.67,11.24,8921180.0,102558465.0,15:34:59,2026-09-02
sh603978,深圳新星,22.61,2.06,10.024,22.61,0.0,20.55,20.28,22.61,20.28,18727343.0,415413229.0,15:34:59,2026-09-02
sh603979,金诚信,78.84,-3.36,-4.088,78.78,78.84,82.2,81.24,81.99,77.5,8006246.0,632711999.0,15:34:59,2026-09-02
sh603980,吉华集团,7.31,-0.61,-7.702,7.31,7.32,7.92,7.99,8.15,7.29,113187489.0,856274202.0,15:34:59,2026-09-02
sh603982,泉峰汽车,6.36,0.0,0.0,6.36,6.38,6.36,6.37,6.41,6.26,3877480.0,24559235.0,15:00:04,2026-09-02
sh603983,丸美生物,30.92,1.85,6.364,30.91,30.92,29.07,28.75,31.21,28.75,8921000.0,270031438.0,15:34:59,2026-09-02
sh603985,恒润股份,17.81,0.12,0.678,17.81,17.82,17.69,17.42,18.0,17.38,10073865.0,178731667.0,15:34:59,2026-09-02
sh603986,兆易创新,388.86,-4.14,-1.053,388.86,388.87,393.0,388.0,395.95,387.45,20951274.0,8192429911.0,15:34:59,2026-09-02
sh603987,康德莱,7.64,-0.06,-0.779,7.63,7.64,7.7,7.68,7.68,7.56,3624000.0,27588116.0,15:34:59,2026-09-02
sh603988,中电电机,19.44,-0.35,-1.769,19.44,19.45,19.79,19.69,19.69,19.22,3928400.0,76484859.0,15:34:59,2026-09-02
sh603989,艾华集团,29.12,-0.73,-2.446,29.12,29.13,29.85,29.26,29.98,28.8,23976846.0,700198349.0,15:34:59,2026-09-02
sh603990,麦迪科技,22.11,-0.99,-4.286,22.11,22.12,23.1,23.0,23.02,22.0,16928796.0,379867670.0,15:34:59,2026-09-02
sh603991,领先股份,145.75,2.36,1.646,145.75,145.79,143.39,142.5,147.13,140.65,2820860.0,407191149.0,15:00:02,2026-09-02
sh603992,松霖科技,20.94,-0.52,-2.423,20.94,20.96,21.46,21.31,21.38,20.67,3562067.0,74307674.0,15:34:59,2026-09-02
sh603993,洛阳钼业,18.46,-0.6,-3.148,18.45,18.46,19.06,18.6,18.64,18.23,206029782.0,3791401799.0,15:34:59,2026-09-02
sh603995,甬金股份,25.3,-0.05,-0.197,25.29,25.3,25.35,25.2,25.5,24.63,4226899.0,106064719.0,15:00:05,2026-09-02
sh603997,继峰股份,11.26,-0.03,-0.266,11.25,11.26,11.29,11.22,11.27,11.01,14591061.0,162595050.0,15:34:59,2026-09-02
sh603998,方盛制药,11.14,-0.09,-0.801,11.14,11.15,11.23,11.17,11.35,11.1,17023500.0,190869632.0,15:34:59,2026-09-02
sh603999,读者传媒,5.86,-0.04,-0.678,5.86,5.88,5.9,5.88,5.93,5.8,6545640.0,38372982.0,15:00:03,2026-09-02
sh605001,威奥股份,6.2,0.37,6.346,6.19,6.2,5.83,5.84,6.28,5.75,17563030.0,106591395.0,15:34:59,2026-09-02
sh605003,众望布艺,23.57,0.13,0.555,23.5,23.57,23.44,23.73,23.73,23.02,1318400.0,30878528.0,15:00:02,2026-09-02
sh605005,合兴股份,16.1,-0.14,-0.862,16.1,16.12,16.24,16.24,16.25,16.05,942800.0,15222641.0,15:00:02,2026-09-02
sh605006,山东玻纤,15.96,1.45,9.993,15.96,0.0,14.51,14.36,15.96,14.15,61680458.0,962478368.0,15:34:59,2026-09-02
sh605007,五洲特纸,15.32,-0.39,-2.482,15.32,15.33,15.71,15.6,15.69,15.22,3776228.0,58009787.0,15:34:59,2026-09-02
sh605008,长鸿高科,13.52,0.18,1.349,13.52,13.53,13.34,13.22,13.53,13.16,5800760.0,77492022.0,15:34:59,2026-09-02
sh605009,豪悦护理,25.1,0.01,0.04,25.07,25.1,25.09,24.88,25.25,24.8,1057598.0,26470137.0,15:00:03,2026-09-02
sh605011,杭州热电,16.83,0.02,0.119,16.83,16.84,16.81,16.88,16.93,16.55,3442400.0,57791476.0,15:00:03,2026-09-02
sh605016,百龙创园,21.24,0.67,3.257,21.23,21.24,20.57,20.5,21.73,20.5,8846939.0,186959409.0,15:34:59,2026-09-02
sh605018,长华集团,11.87,-0.14,-1.166,11.87,11.88,12.01,11.9,11.98,11.75,2249200.0,26736396.0,15:00:04,2026-09-02
sh605020,永和股份,32.85,-0.28,-0.845,32.84,32.85,33.13,32.8,33.26,32.59,8436245.0,277305747.0,15:34:59,2026-09-02
sh605028,世茂能源,24.02,-0.55,-2.239,24.02,24.06,24.57,24.83,24.83,23.94,1250600.0,30245115.0,15:34:59,2026-09-02
sh605033,美邦股份,20.2,-0.4,-1.942,20.2,20.21,20.6,20.48,20.6,19.84,5139500.0,103587944.0,15:34:59,2026-09-02
sh605050,福然德,10.63,-0.13,-1.208,10.63,10.64,10.76,10.72,10.73,10.51,2144699.0,22772976.0,15:00:04,2026-09-02
sh605055,迎丰股份,9.59,-0.46,-4.577,9.59,9.6,10.05,10.0,10.06,9.59,8169100.0,80359768.0,15:00:01,2026-09-02
sh605056,咸亨国际,13.78,-0.13,-0.935,13.77,13.78,13.91,13.83,13.89,13.6,3578800.0,49208273.0,15:34:59,2026-09-02
sh605058,澳弘电子,27.61,-0.08,-0.289,27.6,27.61,27.69,27.41,27.78,27.19,1533800.0,42167973.0,15:00:04,2026-09-02
sh605060,联德股份,40.7,-0.82,-1.975,40.69,40.7,41.52,41.0,41.33,40.18,3381433.0,137609754.0,15:00:05,2026-09-02
sh605066,天正电气,7.15,-0.04,-0.556,7.14,7.15,7.19,7.12,7.18,7.07,5087450.0,36300274.0,15:00:05,2026-09-02
sh605068,明新旭腾,21.36,0.98,4.809,21.36,21.37,20.38,20.68,21.69,20.49,13831600.0,292254183.0,15:34:59,2026-09-02
sh605069,正和生态,10.8,0.11,1.029,10.8,10.81,10.69,10.69,10.85,10.48,3504100.0,37408581.0,15:00:03,2026-09-02
sh605077,华康股份,11.12,-0.11,-0.98,11.11,11.12,11.23,11.17,11.23,10.92,4332600.0,47797783.0,15:34:59,2026-09-02
sh605080,浙江自然,23.36,0.11,0.473,23.35,23.36,23.25,23.17,23.5,22.9,1847700.0,42910919.0,15:34:59,2026-09-02
sh605086,龙高股份,25.15,-0.79,-3.045,25.15,25.19,25.94,25.81,25.98,25.09,1871700.0,47518879.0,15:00:02,2026-09-02
sh605088,冠盛股份,19.85,-0.11,-0.551,19.85,19.86,19.96,19.83,19.99,19.44,3312200.0,65162065.0,15:00:04,2026-09-02
sh605089,味知香,21.63,0.05,0.232,21.63,21.68,21.58,21.3,22.09,20.97,2431808.0,52264405.0,15:34:59,2026-09-02
sh605090,九丰能源,33.53,-0.36,-1.062,33.53,33.54,33.89,34.29,34.63,33.5,8152863.0,275772047.0,15:34:59,2026-09-02
sh605098,行动教育,55.81,-1.66,-2.888,55.81,55.98,57.47,57.28,57.77,55.62,850100.0,47922830.0,15:00:03,2026-09-02
sh605099,共创草坪,30.12,-1.09,-3.492,30.11,30.12,31.21,30.9,30.9,30.1,1647083.0,50026423.0,15:34:59,2026-09-02
sh605100,华丰股份,32.91,0.92,2.876,32.9,32.91,31.99,31.7,33.99,31.09,4461886.0,143845159.0,15:00:05,2026-09-02
sh605108,同庆楼,13.29,0.06,0.454,13.29,13.3,13.23,13.23,13.35,13.09,4492200.0,59516935.0,15:34:59,2026-09-02
sh605111,新洁能,55.4,-1.34,-2.362,55.39,55.4,56.74,55.58,56.19,55.09,8963966.0,497746049.0,15:34:59,2026-09-02
sh605116,奥锐特,19.88,-0.2,-0.996,19.87,19.88,20.08,20.0,20.08,19.75,1928100.0,38323428.0,15:00:03,2026-09-02
sh605117,德业股份,85.5,0.14,0.164,85.49,85.5,85.36,85.69,87.25,85.1,15216246.0,1308017016.0,15:34:59,2026-09-02
sh605118,力鼎光电,34.44,3.13,9.997,34.44,0.0,31.31,31.16,34.44,30.43,13915667.0,458238171.0,15:34:59,2026-09-02
sh605122,四方新材,11.91,-0.02,-0.168,11.9,11.91,11.93,11.93,11.94,11.7,1674640.0,19808933.0,15:00:02,2026-09-02
sh605123,派克新材,81.05,1.89,2.388,81.04,81.05,79.16,78.81,81.41,77.86,2540456.0,204101083.0,15:34:59,2026-09-02
sh605128,上海沿浦,25.28,0.16,0.637,25.27,25.28,25.12,24.77,25.42,24.59,5566254.0,139680804.0,15:34:59,2026-09-02
sh605133,嵘泰股份,26.38,-0.23,-0.864,26.38,26.4,26.61,26.31,26.65,25.98,3725530.0,97979196.0,15:34:59,2026-09-02
sh605136,丽人丽妆,8.61,0.02,0.233,8.6,8.61,8.59,8.56,8.75,8.45,8625900.0,74195500.0,15:34:59,2026-09-02
sh605138,盛泰集团,6.13,-0.25,-3.918,6.13,6.14,6.38,6.4,6.42,6.05,11961700.0,73548730.0,15:34:59,2026-09-02
sh605151,西上海,19.3,0.06,0.312,19.26,19.3,19.24,19.27,19.36,18.84,1514800.0,28892881.0,15:00:05,2026-09-02
sh605155,西大门,14.46,-0.01,-0.069,14.44,14.46,14.47,14.47,14.66,14.16,1640580.0,23557041.0,15:00:04,2026-09-02
sh605158,华达新材,8.03,-0.18,-2.192,8.02,8.03,8.21,8.23,8.29,7.98,9041090.0,73188146.0,15:00:05,2026-09-02
sh605162,新中港,10.2,-0.72,-6.593,10.2,10.22,10.92,10.52,10.6,10.0,31928230.0,328345786.0,15:34:59,2026-09-02
sh605166,聚合顺,9.0,-0.02,-0.222,8.99,9.0,9.02,8.96,9.1,8.68,8430900.0,75083679.0,15:34:59,2026-09-02
sh605167,利柏特,15.34,0.76,5.213,15.34,15.35,14.58,14.45,15.65,14.45,19329394.0,295524908.0,15:34:59,2026-09-02
sh605168,三人行,48.86,-0.07,-0.143,48.86,48.89,48.93,48.65,49.56,47.71,4769029.0,231451184.0,15:00:03,2026-09-02
sh605169,洪通燃气,12.71,0.05,0.395,12.7,12.71,12.66,12.94,12.95,12.56,7331642.0,93288821.0,15:00:03,2026-09-02
sh605177,东亚药业,23.44,0.64,2.807,23.42,23.44,22.8,23.06,23.71,22.26,7510700.0,175094038.0,15:34:59,2026-09-02
sh605178,时空科技,67.35,-0.15,-0.222,67.34,67.35,67.5,65.11,67.9,65.02,2748300.0,183384247.0,15:34:59,2026-09-02
sh605179,一鸣食品,31.2,-3.47,-10.009,0.0,31.2,34.67,31.2,31.2,31.2,3972400.0,123938880.0,15:34:59,2026-09-02
sh605180,华生科技,13.32,-0.01,-0.075,13.32,13.35,13.33,13.26,13.43,13.12,1980800.0,26326599.0,15:34:59,2026-09-02
sh605183,确成股份,15.83,0.2,1.28,15.83,15.84,15.63,15.61,16.0,15.33,4316556.0,68187470.0,15:34:59,2026-09-02
sh605186,健麾信息,26.66,0.02,0.075,26.66,26.68,26.64,26.49,27.13,26.2,1495400.0,39732897.0,15:00:04,2026-09-02
sh605188,国光连锁,15.17,0.19,1.268,15.16,15.17,14.98,15.61,16.36,15.1,43936998.0,687822064.0,15:34:59,2026-09-02
sh605189,富春染织,14.03,-0.91,-6.091,14.02,14.03,14.94,14.6,14.66,13.8,15287888.0,215752703.0,15:34:59,2026-09-02
sh605196,华通线缆,34.15,-0.36,-1.043,34.14,34.15,34.51,34.22,34.39,32.71,8790315.0,295157155.0,15:34:59,2026-09-02
sh605198,安德利,66.08,-1.37,-2.031,66.07,66.08,67.45,66.75,67.09,65.4,1622600.0,107122481.0,15:00:03,2026-09-02
sh605199,ST葫芦娃,6.03,-0.05,-0.822,6.03,6.04,6.08,6.05,6.1,6.01,1048400.0,6333942.0,15:34:59,2026-09-02
sh605208,永茂泰,14.78,0.12,0.819,14.78,14.79,14.66,14.53,14.94,14.35,8656615.0,127485668.0,15:00:04,2026-09-02
sh605218,伟时电子,14.23,-0.87,-5.762,14.23,14.24,15.1,14.6,14.77,13.84,8202284.0,116604805.0,15:00:03,2026-09-02
sh605222,起帆电缆,21.18,-0.1,-0.47,21.18,21.19,21.28,21.05,21.66,21.0,6930837.0,147370226.0,15:34:59,2026-09-02
sh605228,神通科技,10.87,0.26,2.451,10.86,10.87,10.61,10.6,11.0,10.46,6268450.0,67512429.0,15:34:59,2026-09-02
sh605255,天普股份,65.0,-0.87,-1.321,64.72,65.0,65.87,65.01,65.71,64.66,500500.0,32526212.0,15:34:59,2026-09-02
sh605258,协和电子,30.1,-0.55,-1.794,30.09,30.1,30.65,30.35,30.73,30.0,2143583.0,64818053.0,15:34:59,2026-09-02
sh605259,绿田机械,17.92,-0.06,-0.334,17.91,17.92,17.98,17.99,17.99,17.74,857600.0,15305656.0,15:00:04,2026-09-02
sh605266,健之佳,15.95,-0.13,-0.808,15.94,15.95,16.08,16.15,16.15,15.75,2011245.0,32025096.0,15:00:03,2026-09-02
sh605268,王力安防,9.8,0.03,0.307,9.8,9.81,9.77,9.77,9.83,9.65,3218800.0,31442984.0,15:34:59,2026-09-02
sh605277,新亚电子,17.5,0.45,2.639,17.49,17.5,17.05,16.8,17.64,16.58,22945540.0,396392154.0,15:34:59,2026-09-02
sh605286,同力天启,26.61,-1.19,-4.281,26.61,26.62,27.8,27.2,27.62,26.36,6038600.0,161747959.0,15:34:59,2026-09-02
sh605287,德才股份,39.07,-1.03,-2.569,39.07,39.09,40.1,39.1,40.24,38.92,6026450.0,237064927.0,15:34:59,2026-09-02
sh605288,凯迪股份,65.76,-0.83,-1.246,65.76,65.79,66.59,66.61,69.36,63.82,3315120.0,222692445.0,15:34:59,2026-09-02
sh605289,罗曼股份,104.8,0.8,0.769,104.8,104.81,104.0,102.77,107.4,101.68,2802730.0,293280124.0,15:34:59,2026-09-02
sh605296,神农集团,33.15,-0.15,-0.45,33.15,33.16,33.3,33.08,33.95,32.95,3090260.0,103153611.0,15:34:59,2026-09-02
sh605298,必得科技,47.4,-1.41,-2.889,47.39,47.4,48.81,48.81,48.81,47.34,726900.0,34769237.0,15:00:04,2026-09-02
sh605299,舒华体育,13.16,-0.1,-0.754,13.16,13.17,13.26,13.2,13.31,13.0,10533600.0,138778956.0,15:34:59,2026-09-02
sh605300,佳禾食品,10.51,-0.22,-2.05,10.51,10.53,10.73,10.95,11.3,10.4,24676656.0,265331535.0,15:34:59,2026-09-02
sh605303,园林股份,25.01,0.39,1.584,25.0,25.01,24.62,24.38,25.55,24.15,4424200.0,111181201.0,15:34:59,2026-09-02
sh605305,中际联合,31.67,-0.94,-2.883,31.67,31.68,32.61,32.4,32.61,31.67,4962252.0,158497626.0,15:34:59,2026-09-02
sh605318,法狮龙,78.11,0.22,0.282,78.1,78.11,77.89,77.12,78.9,76.11,926055.0,72109121.0,15:00:04,2026-09-02
sh605319,无锡振华,27.73,0.92,3.432,27.72,27.73,26.81,26.81,27.98,26.65,6939572.0,191046890.0,15:34:59,2026-09-02
sh605333,沪光股份,17.93,-0.28,-1.538,17.92,17.93,18.21,18.01,18.08,17.4,5833058.0,103727975.0,15:34:59,2026-09-02
sh605336,*ST帅电,12.25,0.57,4.88,12.24,12.25,11.68,11.6,12.28,11.46,2474678.0,29848913.0,15:34:59,2026-09-02
sh605337,李子园,9.37,-0.2,-2.09,9.36,9.37,9.57,9.5,9.54,9.3,3456268.0,32367963.0,15:00:02,2026-09-02
sh605338,巴比食品,18.78,-0.17,-0.897,18.77,18.78,18.95,18.94,18.94,18.56,1796900.0,33672319.0,15:34:59,2026-09-02
sh605339,南侨食品,13.78,-0.11,-0.792,13.78,13.8,13.89,13.76,13.86,13.63,1544400.0,21225709.0,15:00:05,2026-09-02
sh605358,立昂微,41.75,-0.36,-0.855,41.75,41.76,42.11,41.56,42.09,40.93,20884083.0,867394294.0,15:34:59,2026-09-02
sh605365,立达信,15.27,-0.39,-2.49,15.27,15.28,15.66,15.68,16.25,15.26,20495323.0,317101919.0,15:34:59,2026-09-02
sh605366,宏柏新材,7.95,-0.05,-0.625,7.94,7.95,8.0,7.92,8.05,7.76,20079529.0,158649691.0,15:00:02,2026-09-02
sh605368,蓝天燃气,7.09,0.03,0.425,7.09,7.1,7.06,7.06,7.14,6.97,6543820.0,46214125.0,15:34:59,2026-09-02
sh605369,拱东医疗,16.37,-0.33,-1.976,16.37,16.38,16.7,16.5,16.69,16.05,2205876.0,35997857.0,15:00:02,2026-09-02
sh605376,博迁新材,139.01,-2.07,-1.467,139.0,139.01,141.08,139.33,141.13,137.26,7756073.0,1079678164.0,15:34:59,2026-09-02
sh605377,华旺科技,8.16,-0.13,-1.568,8.16,8.17,8.29,8.27,8.28,8.13,6421107.0,52499693.0,15:34:59,2026-09-02
sh605378,野马电池,14.59,-0.12,-0.816,14.59,14.6,14.71,14.72,14.72,14.41,1112396.0,16158160.0,15:34:59,2026-09-02
sh605388,均瑶健康,6.14,-0.17,-2.694,6.13,6.14,6.31,6.28,6.3,6.11,7626800.0,47003218.0,15:34:59,2026-09-02
sh605389,长龄液压,67.2,-2.41,-3.462,67.2,67.31,69.61,69.6,69.6,67.1,812132.0,55149657.0,15:34:59,2026-09-02
sh605398,新炬网络,22.04,0.51,2.369,22.03,22.04,21.53,21.38,22.4,21.2,3209120.0,70567197.0,15:34:59,2026-09-02
sh605399,晨光新材,11.52,0.4,3.597,11.51,11.52,11.12,11.13,11.68,10.99,6019903.0,68571151.0,15:34:59,2026-09-02
sh605488,福莱新材,28.3,-0.84,-2.883,28.29,28.3,29.14,29.0,29.0,28.3,3302340.0,94449594.0,15:34:59,2026-09-02
sh605499,东鹏饮料,120.12,-2.61,-2.127,120.12,120.13,122.73,123.0,123.5,120.03,5451067.0,659500118.0,15:34:59,2026-09-02
sh605500,森林包装,7.4,-0.1,-1.333,7.4,7.42,7.5,7.51,7.58,7.36,7178450.0,53396408.0,15:34:59,2026-09-02
sh605507,国邦医药,15.5,0.06,0.389,15.49,15.5,15.44,15.4,15.56,15.23,2708799.0,41770253.0,15:34:59,2026-09-02
sh605555,德昌股份,12.68,-0.01,-0.079,12.68,12.69,12.69,12.6,12.75,12.43,3544740.0,44588045.0,15:00:00,2026-09-02
sh605566,福莱蒽特,29.44,0.43,1.482,29.43,29.44,29.01,28.5,30.5,28.5,8343510.0,247657035.0,15:34:59,2026-09-02
sh605567,春雪食品,9.66,-0.19,-1.929,9.66,9.67,9.85,9.8,9.89,9.57,3946700.0,38167580.0,15:34:59,2026-09-02
sh605577,龙版传媒,12.85,1.17,10.017,12.85,0.0,11.68,11.85,12.85,11.29,26659320.0,325715262.0,15:34:59,2026-09-02
sh605580,恒盛能源,18.57,0.67,3.743,18.57,18.58,17.9,17.72,19.02,17.56,9458640.0,174987963.0,15:34:59,2026-09-02
sh605588,冠石科技,46.48,-0.6,-1.274,46.43,46.49,47.08,46.5,46.94,45.9,829300.0,38465163.0,15:00:00,2026-09-02
sh605589,圣泉集团,38.93,0.27,0.698,38.92,38.93,38.66,37.81,39.46,37.81,23363410.0,908358172.0,15:34:59,2026-09-02
sh605598,上海港湾,26.65,0.19,0.718,26.65,26.66,26.46,26.35,27.05,26.01,2531000.0,67280092.0,15:00:03,2026-09-02
sh605599,菜百股份,14.66,-0.31,-2.071,14.66,14.69,14.97,14.72,14.77,14.12,9549500.0,138290442.0,15:34:59,2026-09-02
sh688001,华兴源创,49.66,-1.94,-3.76,49.64,49.66,51.6,51.0,51.35,49.22,5468596.0,273261662.0,15:34:59,2026-09-02
sh688002,睿创微纳,180.25,-0.74,-0.409,180.22,180.25,180.99,180.5,182.65,174.83,9702435.0,1736551853.0,15:00:04,2026-09-02
sh688003,天准科技,76.63,-1.25,-1.605,76.61,76.63,77.88,76.4,77.76,75.51,4078386.0,311804914.0,15:34:59,2026-09-02
sh688004,博汇科技,22.3,-1.1,-4.701,22.3,22.41,23.4,23.17,23.28,22.26,1687788.0,37999020.0,15:00:02,2026-09-02
sh688005,容百科技,24.72,-0.86,-3.362,24.72,24.73,25.58,25.28,25.32,24.63,11996620.0,297412720.0,15:34:59,2026-09-02
sh688006,杭可科技,21.18,-0.34,-1.58,21.17,21.18,21.52,21.25,21.4,20.8,8045356.0,169300137.0,15:34:59,2026-09-02
sh688007,光峰科技,10.77,-0.02,-0.185,10.77,10.78,10.79,10.64,10.84,10.5,4120566.0,43911434.0,15:00:02,2026-09-02
sh688008,澜起科技,193.1,-5.25,-2.647,193.1,193.11,198.35,194.39,196.34,190.18,24939690.0,4819548761.0,15:34:59,2026-09-02
sh688009,中国通号,4.92,-0.07,-1.403,4.92,4.93,4.99,4.97,4.98,4.92,17938239.0,88629741.0,15:34:59,2026-09-02
sh688010,福光股份,26.69,-0.33,-1.221,26.68,26.69,27.02,26.41,27.0,26.39,2719281.0,72531339.0,15:00:03,2026-09-02
sh688011,新光光电,82.81,1.35,1.657,82.76,82.81,81.46,80.55,83.33,78.8,1989578.0,162121240.0,15:00:02,2026-09-02
sh688012,中微公司,343.88,-6.64,-1.894,343.88,343.9,350.52,346.0,350.97,341.3,11215119.0,3873833514.0,15:34:59,2026-09-02
sh688013,天臣医疗,25.0,-0.4,-1.575,24.97,25.0,25.4,25.27,25.51,24.89,942547.0,23720470.0,15:00:00,2026-09-02
sh688015,交控科技,16.8,-0.03,-0.178,16.8,16.83,16.83,16.85,16.95,16.57,1376036.0,23067197.0,15:00:04,2026-09-02
sh688016,心脉医疗,86.57,-2.27,-2.555,86.57,86.6,88.84,88.88,88.88,86.53,1890533.0,164842416.0,15:34:59,2026-09-02
sh688017,绿的谐波,285.0,-5.02,-1.731,285.0,285.06,290.02,288.0,290.2,283.5,4016086.0,1150361347.0,15:34:59,2026-09-02
sh688018,乐鑫科技,117.81,-6.21,-5.007,117.81,117.85,124.02,123.62,123.8,117.57,4770268.0,572628664.0,15:34:59,2026-09-02
sh688019,安集科技,225.6,-1.42,-0.625,225.6,225.74,227.02,223.78,229.06,220.22,3740204.0,840186280.0,15:34:59,2026-09-02
sh688020,方邦股份,117.24,-2.05,-1.719,117.24,117.3,119.29,116.21,119.18,113.5,4512112.0,524192556.0,15:00:05,2026-09-02
sh688021,奥福科技,20.95,-0.18,-0.852,20.85,20.95,21.13,20.92,21.19,20.66,1167775.0,24357044.0,15:00:05,2026-09-02
sh688022,ST瀚川,8.85,0.02,0.227,8.84,8.85,8.83,8.83,8.89,8.76,1166135.0,10291574.0,15:00:03,2026-09-02
sh688023,安恒信息,40.58,-1.72,-4.066,40.55,40.58,42.3,42.38,42.46,40.42,3070733.0,125188799.0,15:00:02,2026-09-02
sh688025,杰普特,378.0,-6.31,-1.642,378.0,378.28,384.31,380.5,385.96,375.74,2014720.0,765397245.0,15:34:59,2026-09-02
sh688026,洁特生物,18.6,0.66,3.679,18.57,18.6,17.94,17.76,18.75,17.35,8102387.0,146558840.0,15:00:04,2026-09-02
sh688027,国盾量子,369.82,-8.78,-2.319,369.82,369.95,378.6,373.68,375.57,368.08,907487.0,336689646.0,15:34:59,2026-09-02
sh688028,沃尔德,93.28,-1.12,-1.186,93.28,93.3,94.4,92.31,97.41,92.05,5480962.0,518267246.0,15:00:03,2026-09-02
sh688029,南微医学,77.55,-1.21,-1.536,77.47,77.55,78.76,78.09,79.9,76.81,1455973.0,112873601.0,15:00:03,2026-09-02
sh688030,山石网科,16.99,-0.45,-2.58,16.99,17.0,17.44,17.3,17.3,16.86,2843504.0,48444761.0,15:00:03,2026-09-02
sh688031,星环科技,108.92,-3.5,-3.113,108.92,108.93,112.42,110.16,112.53,108.88,4094088.0,451677349.0,15:34:59,2026-09-02
sh688032,禾迈股份,70.98,-0.88,-1.225,70.98,71.05,71.86,71.1,72.32,69.94,1344970.0,95250051.0,15:00:03,2026-09-02
sh688033,*ST天宜,6.64,0.01,0.151,6.63,6.64,6.63,6.61,6.75,6.45,6288866.0,41251601.0,15:00:04,2026-09-02
sh688035,德邦科技,65.31,-2.13,-3.158,65.3,65.31,67.44,66.34,66.79,64.64,4254708.0,278894901.0,15:34:59,2026-09-02
sh688036,传音控股,56.21,-1.98,-3.403,56.2,56.21,58.19,57.78,58.87,56.08,12210434.0,692559742.0,15:34:59,2026-09-02
sh688037,芯源微,341.29,-0.71,-0.208,341.22,341.29,342.0,334.9,350.65,331.0,3342652.0,1142863935.0,15:34:59,2026-09-02
sh688038,中科通达,18.7,-0.3,-1.579,18.7,18.74,19.0,18.92,19.68,18.51,2604834.0,49163382.0,15:00:04,2026-09-02
sh688039,当虹科技,33.6,-0.9,-2.609,33.59,33.6,34.5,34.41,34.41,33.44,2198413.0,74264179.0,15:34:59,2026-09-02
sh688041,海光信息,247.21,-3.22,-1.286,247.21,247.22,250.43,247.39,249.85,243.6,13956935.0,3442189235.0,15:34:59,2026-09-02
sh688045,必易微,56.23,-0.81,-1.42,56.21,56.23,57.04,56.3,57.7,55.83,1766828.0,99757213.0,15:00:03,2026-09-02
sh688046,药康生物,31.12,-0.05,-0.16,31.12,31.16,31.17,31.31,31.95,30.61,9626465.0,301145251.0,15:34:59,2026-09-02
sh688047,龙芯中科,103.36,-2.44,-2.306,103.36,103.42,105.8,104.21,105.0,103.04,2259748.0,234281850.0,15:34:59,2026-09-02
sh688048,长光华芯,277.6,-2.4,-0.857,277.52,277.6,280.0,273.19,280.18,269.28,6460122.0,1778596042.0,15:34:59,2026-09-02
sh688049,炬芯科技,43.29,-1.26,-2.828,43.28,43.29,44.55,43.82,44.5,42.92,6078448.0,264887332.0,15:34:59,2026-09-02
sh688050,爱博医疗,39.59,-0.87,-2.15,39.56,39.59,40.46,40.41,40.43,39.27,1938829.0,76701424.0,15:34:59,2026-09-02
sh688051,佳华科技,25.18,-0.24,-0.944,25.17,25.18,25.42,25.11,25.27,24.52,1077257.0,26890722.0,15:00:03,2026-09-02
sh688052,纳芯微,242.32,-5.47,-2.208,241.0,242.32,247.79,243.38,247.57,240.5,1949159.0,473795570.0,15:00:02,2026-09-02
sh688053,ST思科瑞,39.83,-0.06,-0.15,39.65,39.83,39.89,39.3,40.15,39.3,599146.0,23846196.0,15:00:01,2026-09-02
sh688055,龙腾光电,3.79,-0.02,-0.525,3.79,3.8,3.81,3.78,3.84,3.72,8824279.0,33355177.0,15:34:59,2026-09-02
sh688056,莱伯泰科,40.99,-0.44,-1.062,40.86,40.99,41.43,41.26,42.09,40.28,902718.0,37244196.0,15:34:59,2026-09-02
sh688057,金达莱,18.41,0.0,0.0,18.41,18.42,18.41,18.25,18.68,17.92,2632496.0,48217746.0,15:00:03,2026-09-02
sh688058,宝兰德,25.13,-0.22,-0.868,25.13,25.15,25.35,25.28,25.66,24.9,1265912.0,31942809.0,15:00:05,2026-09-02
sh688059,华锐精密,86.21,1.71,2.024,86.21,86.26,84.5,83.66,86.96,82.45,3309010.0,280522170.0,15:00:05,2026-09-02
sh688060,云涌科技,36.37,0.08,0.22,36.31,36.37,36.29,35.93,36.58,35.53,334460.0,12104292.0,15:00:03,2026-09-02
sh688061,灿瑞科技,46.5,1.57,3.494,46.45,46.5,44.93,44.7,46.5,43.22,3335866.0,149619303.0,15:34:59,2026-09-02
sh688062,迈威生物,27.53,-0.34,-1.22,27.53,27.54,27.87,28.19,28.39,27.25,6029017.0,167307857.0,15:34:59,2026-09-02
sh688063,派能科技,41.86,-0.74,-1.737,41.85,41.86,42.6,42.4,42.4,41.42,4010895.0,167574014.0,15:34:59,2026-09-02
sh688065,凯赛生物,41.88,-0.19,-0.452,41.88,41.9,42.07,41.95,42.15,41.46,2854972.0,119288511.0,15:34:59,2026-09-02
sh688066,*ST航图,8.19,-0.01,-0.122,8.18,8.19,8.2,8.09,8.42,8.05,5698190.0,47194286.0,15:00:03,2026-09-02
sh688067,爱威科技,23.99,-0.41,-1.68,23.93,23.99,24.4,24.47,24.47,23.6,1193329.0,28518127.0,15:00:04,2026-09-02
sh688068,热景生物,93.44,-1.56,-1.642,93.4,93.44,95.0,95.0,95.0,92.4,1510282.0,140680674.0,15:34:59,2026-09-02
sh688069,德林海,38.0,0.23,0.609,38.0,38.01,37.77,37.77,38.5,37.2,1637674.0,62009702.0,15:00:03,2026-09-02
sh688070,纵横股份,36.76,0.79,2.196,36.73,36.76,35.97,36.02,37.03,35.23,1980468.0,71877377.0,15:00:03,2026-09-02
sh688071,华依科技,34.49,-0.67,-1.906,34.45,34.49,35.16,34.57,35.39,34.3,1663039.0,57872056.0,15:00:03,2026-09-02
sh688072,拓荆科技,644.31,-6.2,-0.953,644.12,644.31,650.51,645.15,656.56,636.01,3227773.0,2091061285.0,15:34:59,2026-09-02
sh688073,毕得医药,60.42,-0.66,-1.081,60.4,60.42,61.08,61.0,61.8,59.5,3537690.0,214959929.0,15:00:04,2026-09-02
sh688075,安旭生物,29.25,-0.45,-1.515,29.21,29.25,29.7,29.54,29.86,29.21,365630.0,10729825.0,15:00:02,2026-09-02
sh688076,ST诺泰,28.45,0.13,0.459,28.45,28.47,28.32,28.24,28.69,28.18,1934640.0,55051651.0,15:00:03,2026-09-02
sh688077,大地熊,27.36,-0.67,-2.39,27.36,27.37,28.03,28.0,28.0,26.82,1995013.0,54258840.0,15:00:03,2026-09-02
sh688078,龙软科技,25.9,0.0,0.0,25.9,25.93,25.9,25.64,26.01,25.18,1381202.0,35359800.0,15:00:03,2026-09-02
sh688079,美迪凯,15.22,-0.39,-2.498,15.21,15.22,15.61,15.33,15.5,15.07,8874727.0,135404830.0,15:00:04,2026-09-02
sh688080,映翰通,37.91,-0.29,-0.759,37.8,37.91,38.2,37.98,38.15,37.6,765989.0,28980282.0,15:00:03,2026-09-02
sh688081,兴图新科,27.23,-0.61,-2.191,27.23,27.27,27.84,27.65,28.3,26.86,1734285.0,47112408.0,15:00:03,2026-09-02
sh688082,盛美上海,283.14,-1.67,-0.586,283.14,283.19,284.81,281.98,287.98,278.0,3790683.0,1074170855.0,15:34:59,2026-09-02
sh688083,中望软件,51.56,-1.73,-3.246,51.55,51.56,53.29,52.74,53.39,51.38,1814382.0,94320693.0,15:00:04,2026-09-02
sh688084,晶品特装,47.7,4.02,9.203,47.65,47.7,43.68,43.46,48.22,43.33,3652481.0,169064548.0,15:34:59,2026-09-02
sh688085,三友医疗,13.25,-0.02,-0.151,13.22,13.25,13.27,13.21,13.26,13.01,1659964.0,21786330.0,15:00:03,2026-09-02
sh688087,英科再生,38.73,-0.33,-0.845,38.73,38.8,39.06,38.67,39.45,37.48,1520869.0,58255625.0,15:00:05,2026-09-02
sh688088,虹软科技,30.29,-0.76,-2.448,30.27,30.29,31.05,30.68,30.84,30.05,3998122.0,121258216.0,15:34:59,2026-09-02
sh688089,ST嘉必优,8.59,0.14,1.657,8.59,8.6,8.45,8.45,8.84,8.25,2658982.0,22839995.0,15:34:59,2026-09-02
sh688090,瑞松科技,66.72,-0.41,-0.611,66.68,66.72,67.13,66.11,67.28,63.59,6531846.0,428098356.0,15:00:05,2026-09-02
sh688091,上海谊众,40.01,-0.44,-1.088,40.0,40.01,40.45,40.28,40.58,39.51,2698039.0,108007485.0,15:34:59,2026-09-02
sh688092,爱科科技,23.23,0.33,1.441,23.23,23.25,22.9,22.79,23.25,22.5,978990.0,22401491.0,15:00:03,2026-09-02
sh688093,世华科技,21.8,-0.43,-1.934,21.8,21.81,22.23,22.09,22.15,21.73,1217736.0,26606325.0,15:00:04,2026-09-02
sh688095,福昕软件,61.86,-1.67,-2.629,61.86,61.88,63.53,62.1,63.48,61.83,2939746.0,183743533.0,15:34:59,2026-09-02
sh688096,京源环保,8.69,-0.16,-1.808,8.68,8.69,8.85,8.75,8.81,8.52,6154903.0,53409742.0,15:34:59,2026-09-02
sh688097,博众精工,45.7,-0.62,-1.339,45.66,45.7,46.32,46.27,46.27,44.86,5381510.0,244578076.0,15:00:04,2026-09-02
sh688098,申联生物,8.27,-0.13,-1.548,8.26,8.27,8.4,8.43,8.46,8.25,1409869.0,11694605.0,15:00:02,2026-09-02
sh688099,晶晨股份,92.44,-4.06,-4.207,92.41,92.44,96.5,95.95,96.1,92.25,8743572.0,817241831.0,15:34:59,2026-09-02
sh688100,威胜信息,25.96,-0.36,-1.368,25.86,25.96,26.32,26.28,26.28,25.79,2373698.0,61559854.0,15:00:04,2026-09-02
sh688101,三达膜,14.68,-0.41,-2.717,14.67,14.68,15.09,15.03,15.03,14.67,2177956.0,32236674.0,15:00:05,2026-09-02
sh688102,斯瑞新材,31.51,-0.53,-1.654,31.5,31.51,32.04,31.6,32.1,31.28,7968867.0,251893487.0,15:34:59,2026-09-02
sh688103,国力电子,71.26,-2.41,-3.271,71.25,71.26,73.67,72.68,72.85,70.4,2296988.0,163969159.0,15:00:03,2026-09-02
sh688105,诺唯赞,20.06,-0.45,-2.194,20.05,20.06,20.51,20.64,20.79,20.02,7397940.0,149859333.0,15:00:03,2026-09-02
sh688106,金宏气体,25.99,-0.66,-2.477,25.99,26.0,26.65,26.33,26.41,25.9,11257898.0,293896713.0,15:34:59,2026-09-02
sh688107,安路科技,29.6,-0.97,-3.173,29.6,29.63,30.57,30.09,30.75,29.6,4968162.0,148478166.0,15:00:03,2026-09-02
sh688108,赛诺医疗,16.24,-0.16,-0.976,16.23,16.24,16.4,16.41,16.58,16.22,6003874.0,98032991.0,15:34:59,2026-09-02
sh688109,品茗科技,74.08,-1.52,-2.011,74.06,74.08,75.6,74.74,75.8,73.5,725023.0,53789485.0,15:00:02,2026-09-02
sh688110,东芯股份,116.4,-1.6,-1.356,116.39,116.4,118.0,116.0,118.19,115.8,12580333.0,1469060847.0,15:34:59,2026-09-02
sh688111,金山办公,238.4,-8.96,-3.622,238.4,238.41,247.36,244.0,246.0,238.0,5105672.0,1230671848.0,15:34:59,2026-09-02
sh688112,鼎阳科技,66.5,-2.09,-3.047,66.5,66.63,68.59,68.0,68.99,66.36,2298672.0,154786170.0,15:00:02,2026-09-02
sh688113,联测科技,36.05,-0.37,-1.016,36.03,36.05,36.42,36.02,36.38,35.71,520918.0,18750309.0,15:00:04,2026-09-02
sh688114,华大智造,59.51,-1.44,-2.363,59.51,59.53,60.95,60.71,61.12,59.05,6698861.0,401120144.0,15:34:59,2026-09-02
sh688115,思林杰,60.9,-2.0,-3.18,60.9,61.01,62.9,64.0,64.0,60.52,1081425.0,66707036.0,15:00:03,2026-09-02
sh688116,天奈科技,34.87,0.73,2.138,34.85,34.87,34.14,34.0,35.39,33.71,10586235.0,366691894.0,15:34:59,2026-09-02
sh688117,圣诺生物,23.8,-0.11,-0.46,23.8,23.81,23.91,23.81,24.05,23.63,5018912.0,119718989.0,15:00:03,2026-09-02
sh688118,普元信息,20.74,-0.16,-0.766,20.73,20.74,20.9,20.92,20.95,20.37,1739080.0,35906986.0,15:00:02,2026-09-02
sh688119,中钢洛耐,3.97,0.01,0.253,3.96,3.97,3.96,3.94,3.99,3.9,9335840.0,36901207.0,15:00:03,2026-09-02
sh688120,华海清科,250.38,-3.5,-1.379,250.1,250.38,253.88,249.1,254.0,245.0,5941791.0,1481177541.0,15:34:59,2026-09-02
sh688121,*ST卓然,1.78,-0.03,-1.657,1.77,1.78,1.81,1.8,1.82,1.78,3748671.0,6734122.0,15:00:03,2026-09-02
sh688122,西部超导,49.38,-0.3,-0.604,49.38,49.39,49.68,49.36,49.66,48.61,6092199.0,299500871.0,15:34:59,2026-09-02
sh688123,聚辰股份,130.05,-4.51,-3.352,130.0,130.05,134.56,131.87,133.66,129.03,4387177.0,574145001.0,15:34:59,2026-09-02
sh688125,安达智能,121.95,-0.74,-0.603,121.95,122.04,122.69,121.28,123.14,119.43,930206.0,112843921.0,15:00:01,2026-09-02
sh688126,沪硅产业,23.45,-0.64,-2.657,23.44,23.45,24.09,23.8,24.0,23.36,38143236.0,899040254.0,15:34:59,2026-09-02
sh688127,蓝特光学,65.3,-0.91,-1.374,65.28,65.3,66.21,65.45,65.88,64.03,5901769.0,383186084.0,15:34:59,2026-09-02
sh688128,中国电研,22.27,-0.44,-1.937,22.26,22.27,22.71,22.5,22.6,22.15,1442605.0,32143506.0,15:00:04,2026-09-02
sh688129,东来技术,22.31,-0.87,-3.753,22.21,22.31,23.18,22.94,23.03,21.8,1573612.0,35017707.0,15:00:02,2026-09-02
sh688130,晶华微,23.45,-0.53,-2.21,23.43,23.45,23.98,23.89,23.9,23.33,1436444.0,33743619.0,15:00:02,2026-09-02
sh688131,皓元医药,92.11,0.01,0.011,92.01,92.11,92.1,92.07,93.63,90.91,3682860.0,339802471.0,15:00:05,2026-09-02
sh688132,邦彦技术,15.03,-0.41,-2.655,15.03,15.04,15.44,15.19,15.83,14.86,4886900.0,74564115.0,15:00:04,2026-09-02
sh688133,泰坦科技,20.52,-1.22,-5.612,20.52,20.53,21.74,21.53,21.59,20.08,9042305.0,185573865.0,15:00:04,2026-09-02
sh688135,利扬芯片,27.76,-0.16,-0.573,27.75,27.76,27.92,27.41,28.28,27.27,8467842.0,236029287.0,15:34:59,2026-09-02
sh688136,科兴制药,20.78,-0.39,-1.842,20.78,20.79,21.17,21.09,21.39,20.76,4072527.0,85103590.0,15:00:03,2026-09-02
sh688137,近岸蛋白,72.72,0.23,0.317,72.72,72.77,72.49,74.47,76.66,71.01,6120458.0,453880236.0,15:34:59,2026-09-02
sh688138,清溢光电,36.18,-0.64,-1.738,36.18,36.19,36.82,35.9,36.65,34.86,7756771.0,277892593.0,15:34:59,2026-09-02
sh688139,海尔生物,31.05,-0.42,-1.335,31.05,31.1,31.47,31.64,31.64,30.92,2682484.0,83721841.0,15:34:59,2026-09-02
sh688141,杰华特,117.38,-4.62,-3.787,117.34,117.38,122.0,120.57,120.57,117.0,8249732.0,978427367.0,15:34:59,2026-09-02
sh688143,长盈通,174.56,7.56,4.527,174.56,174.6,167.0,161.01,179.92,161.0,14532104.0,2507399108.0,15:34:59,2026-09-02
sh688146,中船特气,232.0,-5.02,-2.118,232.0,232.08,237.02,232.1,235.5,227.77,9555121.0,2210976804.0,15:34:59,2026-09-02
sh688147,微导纳米,115.35,-5.33,-4.417,115.29,115.35,120.68,119.34,120.24,114.31,8765242.0,1022331479.0,15:34:59,2026-09-02
sh688148,芳源股份,6.18,-0.06,-0.962,6.18,6.19,6.24,6.19,6.23,6.1,12075278.0,74310378.0,15:00:03,2026-09-02
sh688150,莱特光电,37.61,-1.16,-2.992,37.61,37.62,38.77,38.0,38.27,36.93,6552835.0,245942878.0,15:34:59,2026-09-02
sh688151,华强科技,16.98,0.53,3.222,16.98,16.99,16.45,16.4,17.52,16.35,8099759.0,138679728.0,15:34:59,2026-09-02
sh688152,麒麟信安,36.92,-2.19,-5.6,36.92,36.93,39.11,38.0,38.96,36.7,6347942.0,237382054.0,15:34:59,2026-09-02
sh688153,唯捷创芯,26.4,-1.46,-5.24,26.4,26.42,27.86,27.39,27.5,26.36,5595634.0,149328142.0,15:34:59,2026-09-02
sh688155,先惠技术,51.41,-0.42,-0.81,51.4,51.41,51.83,51.1,51.87,51.0,2122862.0,109047056.0,15:00:03,2026-09-02
sh688156,路德科技,22.21,2.47,12.513,22.21,22.22,19.74,19.74,23.69,19.49,10615972.0,236570032.0,15:34:59,2026-09-02
sh688157,松井股份,19.24,0.17,0.891,19.24,19.25,19.07,19.07,19.39,18.82,2809367.0,53803347.0,15:00:04,2026-09-02
sh688158,优刻得,30.54,-0.36,-1.165,30.54,30.56,30.9,30.6,30.89,29.98,12681443.0,384609456.0,15:34:59,2026-09-02
sh688159,有方科技,35.28,-0.29,-0.815,35.26,35.28,35.57,35.4,35.59,34.68,2779805.0,97803118.0,15:00:03,2026-09-02
sh688160,步科股份,98.53,-0.88,-0.885,98.53,98.6,99.41,98.02,99.85,97.11,612848.0,60102622.0,15:00:01,2026-09-02
sh688161,威高骨科,21.68,-0.32,-1.455,21.68,21.72,22.0,21.77,21.95,21.62,939814.0,20433923.0,15:00:02,2026-09-02
sh688162,巨一科技,24.91,0.12,0.484,24.91,24.92,24.79,24.51,25.17,24.26,1242165.0,30866995.0,15:00:04,2026-09-02
sh688163,赛伦生物,34.73,-0.99,-2.772,34.67,34.73,35.72,35.52,35.6,34.2,941780.0,32759426.0,15:00:04,2026-09-02
sh688165,埃夫特,15.78,-0.34,-2.109,15.78,15.79,16.12,16.04,16.04,15.73,4060121.0,64167388.0,15:00:03,2026-09-02
sh688166,博瑞医药,34.22,-2.25,-6.169,34.22,34.23,36.47,36.42,36.47,34.15,13076631.0,453744960.0,15:34:59,2026-09-02
sh688167,炬光科技,278.97,-6.04,-2.119,278.95,278.97,285.01,277.24,288.59,271.0,8211186.0,2285598581.0,15:34:59,2026-09-02
sh688168,安博通,35.7,-0.64,-1.761,35.68,35.7,36.34,36.13,36.17,35.3,2121731.0,75838885.0,15:00:02,2026-09-02
sh688169,石头科技,129.05,-4.53,-3.391,129.05,129.09,133.58,131.58,133.45,128.94,6239587.0,819060446.0,15:34:59,2026-09-02
sh688170,德龙激光,52.38,0.33,0.634,52.28,52.38,52.05,51.18,52.8,50.19,3763281.0,192686211.0,15:34:59,2026-09-02
sh688171,纬德信息,25.43,-1.02,-3.856,25.42,25.43,26.45,26.14,26.23,25.26,1589319.0,40660359.0,15:00:02,2026-09-02
sh688172,燕东微,46.71,-1.42,-2.95,46.7,46.71,48.13,47.56,47.9,46.01,16006192.0,747685319.0,15:34:59,2026-09-02
sh688173,希荻微,13.87,-0.02,-0.144,13.87,13.88,13.89,13.72,14.25,13.62,8801945.0,122572274.0,15:00:03,2026-09-02
sh688175,高凌信息,18.85,-0.23,-1.205,18.85,18.9,19.08,18.65,19.21,18.65,2538379.0,47959978.0,15:00:03,2026-09-02
sh688176,亚虹医药,12.18,0.18,1.5,12.17,12.18,12.0,12.0,12.29,11.82,11947497.0,144608370.0,15:34:59,2026-09-02
sh688177,百奥泰,17.65,-0.16,-0.898,17.61,17.65,17.81,17.81,17.87,17.35,2978402.0,52461715.0,15:00:01,2026-09-02
sh688178,万德斯,28.58,-0.41,-1.414,28.58,28.67,28.99,29.09,29.09,28.09,1149385.0,32768975.0,15:00:04,2026-09-02
sh688179,阿拉丁,19.18,-0.77,-3.86,19.18,19.19,19.95,19.52,19.52,18.9,7865204.0,150404148.0,15:34:59,2026-09-02
sh688180,君实生物,33.08,-0.19,-0.571,33.08,33.09,33.27,33.31,33.83,32.53,10538174.0,349904121.0,15:34:59,2026-09-02
sh688181,八亿时空,36.71,-0.91,-2.419,36.7,36.71,37.62,37.15,37.28,36.57,2664404.0,98271169.0,15:34:59,2026-09-02
sh688182,灿勤科技,27.72,-0.48,-1.702,27.7,27.72,28.2,28.0,28.2,27.49,3247885.0,90093249.0,15:00:02,2026-09-02
sh688183,生益电子,124.86,2.22,1.81,124.86,124.87,122.64,120.0,127.45,119.99,22925800.0,2861771227.0,15:34:59,2026-09-02
sh688184,ST帕瓦,11.22,0.01,0.089,11.18,11.22,11.21,11.16,11.28,11.05,434772.0,4859536.0,15:00:03,2026-09-02
sh688185,康希诺,72.25,-3.55,-4.683,72.2,72.25,75.8,78.0,81.0,72.0,13279605.0,1024043717.0,15:34:59,2026-09-02
sh688186,广大特材,14.19,0.07,0.496,14.19,14.2,14.12,14.06,14.2,13.73,2949553.0,41053813.0,15:34:59,2026-09-02
sh688187,时代电气,46.15,-0.76,-1.62,46.14,46.15,46.91,46.51,46.57,45.88,3627276.0,167590725.0,15:00:03,2026-09-02
sh688188,柏楚电子,95.47,-3.29,-3.331,95.47,95.5,98.76,98.01,98.2,95.34,2032396.0,195886432.0,15:34:59,2026-09-02
sh688189,ST南新,6.86,-0.02,-0.291,6.85,6.86,6.88,6.85,6.96,6.79,2901456.0,19886975.0,15:00:04,2026-09-02
sh688190,云路股份,73.0,0.17,0.233,73.0,73.01,72.83,72.33,73.33,70.94,706654.0,50909323.0,15:00:01,2026-09-02
sh688191,智洋创新,20.25,-0.29,-1.412,20.25,20.26,20.54,20.2,20.73,20.0,4350561.0,87945936.0,15:00:03,2026-09-02
sh688192,迪哲医药,57.34,-0.51,-0.882,57.28,57.34,57.85,57.86,58.77,57.22,4415153.0,255532696.0,15:34:59,2026-09-02
sh688193,仁度生物,48.94,-1.09,-2.179,48.92,48.94,50.03,49.54,50.4,48.94,474959.0,23452774.0,15:00:03,2026-09-02
sh688195,腾景科技,186.0,-2.35,-1.248,186.0,186.28,188.35,184.82,193.26,181.78,11100144.0,2071627248.0,15:34:59,2026-09-02
sh688196,卓越新能,35.1,0.1,0.286,35.1,35.16,35.0,35.33,36.16,34.5,2609367.0,92576575.0,15:34:59,2026-09-02
sh688197,首药控股,31.99,-0.43,-1.326,31.99,32.02,32.42,32.4,32.6,31.43,2640408.0,84489210.0,15:34:59,2026-09-02
sh688198,佰仁医疗,72.93,1.34,1.872,72.93,73.0,71.59,71.49,73.39,70.64,620357.0,44516691.0,15:00:02,2026-09-02
sh688199,久日新材,23.76,-0.14,-0.586,23.7,23.76,23.9,23.64,23.9,23.46,2631887.0,62277822.0,15:00:05,2026-09-02
sh688200,华峰测控,381.45,-7.35,-1.89,380.81,381.45,388.8,389.38,389.38,374.0,2651733.0,1012215187.0,15:00:04,2026-09-02
sh688201,ST信安,7.53,-0.05,-0.66,7.52,7.53,7.58,7.52,7.59,7.46,2194990.0,16524998.0,15:00:04,2026-09-02
sh688202,美迪西,93.96,-0.6,-0.635,93.96,93.99,94.56,94.56,96.79,93.01,5647212.0,535112199.0,15:34:59,2026-09-02
sh688203,海正生材,14.01,-0.37,-2.573,14.01,14.04,14.38,14.25,14.6,13.88,5865181.0,82880651.0,15:34:59,2026-09-02
sh688205,德科立,173.3,-1.9,-1.084,173.29,173.3,175.2,172.99,175.69,166.74,9888014.0,1698182393.0,15:34:59,2026-09-02
sh688206,概伦电子,41.5,0.19,0.46,41.43,41.5,41.31,41.04,41.8,40.46,6431502.0,265226207.0,15:34:59,2026-09-02
sh688207,格灵深瞳,17.42,-0.46,-2.573,17.42,17.44,17.88,17.58,17.8,17.16,9239474.0,160898978.0,15:00:05,2026-09-02
sh688208,道通科技,25.8,-0.09,-0.348,25.79,25.8,25.89,25.67,25.9,25.3,5444985.0,139274768.0,15:34:59,2026-09-02
sh688209,英集芯,30.06,-0.18,-0.595,30.05,30.06,30.24,30.01,30.5,29.42,19719229.0,588907024.0,15:34:59,2026-09-02
sh688210,统联精密,34.27,0.22,0.646,34.27,34.28,34.05,33.88,34.84,33.51,6610037.0,225957580.0,15:00:00,2026-09-02
sh688211,中科微至,30.98,-0.42,-1.338,30.95,30.98,31.4,31.55,31.55,30.73,498359.0,15446599.0,15:00:04,2026-09-02
sh688212,澳华内镜,30.22,-0.28,-0.918,30.21,30.22,30.5,30.35,31.1,30.0,1809428.0,55150886.0,15:00:04,2026-09-02
sh688213,思特威,94.3,-2.5,-2.583,94.3,94.31,96.8,95.88,96.49,94.2,5314385.0,505979398.0,15:34:59,2026-09-02
sh688215,瑞晟智能,46.7,2.0,4.474,46.7,46.71,44.7,44.25,47.2,44.17,1473678.0,67797183.0,15:00:02,2026-09-02
sh688216,气派科技,30.75,-0.14,-0.453,30.73,30.75,30.89,30.62,30.95,30.21,2842477.0,87043867.0,15:00:03,2026-09-02
sh688217,睿昂基因,25.3,0.02,0.079,25.3,25.4,25.28,25.05,25.3,24.78,614322.0,15345832.0,15:00:04,2026-09-02
sh688218,江苏北人,40.53,-0.27,-0.662,40.5,40.53,40.8,40.35,40.56,38.88,2221113.0,88779080.0,15:00:03,2026-09-02
sh688219,会通股份,10.54,-0.12,-1.126,10.54,10.55,10.66,10.59,10.62,10.51,3830770.0,40449571.0,15:34:59,2026-09-02
sh688220,翱捷科技,94.69,-3.11,-3.18,94.69,94.7,97.8,96.86,96.86,93.11,6992979.0,661619987.0,15:34:59,2026-09-02
sh688221,前沿生物,17.01,-0.46,-2.633,17.01,17.02,17.47,17.54,17.54,16.99,13810536.0,236822082.0,15:34:59,2026-09-02
sh688222,成都先导,32.37,-0.06,-0.185,32.37,32.38,32.43,32.47,32.98,31.7,16871672.0,548364962.0,15:34:59,2026-09-02
sh688223,晶科能源,4.05,-0.09,-2.174,4.05,4.06,4.14,4.12,4.13,4.05,58853361.0,239613936.0,15:34:59,2026-09-02
sh688225,亚信安全,12.58,-0.33,-2.556,12.57,12.58,12.91,12.9,12.9,12.38,5798994.0,72724738.0,15:00:00,2026-09-02
sh688226,威腾电气,28.92,0.38,1.331,28.92,28.96,28.54,28.37,29.07,28.19,4393274.0,126216094.0,15:00:02,2026-09-02
sh688227,品高股份,77.03,3.71,5.06,77.03,77.06,73.32,71.01,78.85,71.01,5354213.0,409239905.0,15:34:59,2026-09-02
sh688228,开普云,80.6,-2.03,-2.457,80.6,80.7,82.63,83.0,83.0,80.55,1573491.0,128248752.0,15:00:05,2026-09-02
sh688229,博睿数据,68.46,3.33,5.113,68.45,68.46,65.13,64.47,69.18,63.13,1461488.0,97935834.0,15:34:59,2026-09-02
sh688230,芯导科技,58.03,-1.06,-1.794,58.03,58.29,59.09,58.79,59.04,57.6,1034217.0,60206979.0,15:00:01,2026-09-02
sh688231,隆达股份,33.63,1.96,6.189,33.63,33.65,31.67,31.0,33.84,30.13,7621027.0,246970794.0,15:34:59,2026-09-02
sh688232,新点软件,18.19,-0.46,-2.466,18.18,18.19,18.65,18.56,18.66,18.15,2065325.0,37771352.0,15:00:05,2026-09-02
sh688233,神工股份,95.5,-2.99,-3.036,95.5,95.51,98.49,96.0,97.1,94.26,5828610.0,558256820.0,15:34:59,2026-09-02
sh688234,天岳先进,101.2,-3.26,-3.121,101.15,101.2,104.46,102.78,104.14,100.11,6919712.0,703836636.0,15:00:02,2026-09-02
sh688235,百济神州,268.21,1.52,0.57,268.21,268.23,266.69,268.0,271.0,263.13,3107441.0,832406352.0,15:34:59,2026-09-02
sh688236,春立医疗,13.98,-0.26,-1.826,13.96,13.98,14.24,14.19,14.24,13.95,2776647.0,39112052.0,15:00:04,2026-09-02
sh688237,超卓航科,54.7,-0.56,-1.013,54.62,54.7,55.26,55.4,55.4,53.55,989539.0,53838279.0,15:00:00,2026-09-02
sh688238,和元生物,6.64,-0.13,-1.92,6.64,6.65,6.77,6.79,6.82,6.6,15034255.0,100517855.0,15:00:05,2026-09-02
sh688239,航宇科技,51.8,0.3,0.583,51.8,51.81,51.5,51.51,52.65,50.41,8173235.0,424163494.0,15:34:59,2026-09-02
sh688244,永信至诚,15.23,-0.25,-1.615,15.23,15.3,15.48,15.4,15.4,15.0,1588502.0,24151725.0,15:00:02,2026-09-02
sh688246,嘉和美康,17.56,-0.41,-2.282,17.56,17.58,17.97,17.95,17.98,17.44,1884913.0,33290204.0,15:00:03,2026-09-02
sh688247,宣泰医药,9.23,-0.1,-1.072,9.22,9.23,9.33,9.33,9.33,9.15,3617222.0,33436641.0,15:00:02,2026-09-02
sh688248,南网科技,40.39,-0.86,-2.085,40.38,40.39,41.25,40.91,40.91,40.22,2599941.0,105239768.0,15:34:59,2026-09-02
sh688249,晶合集成,36.02,-1.23,-3.302,36.02,36.03,37.25,36.55,36.85,35.73,17514815.0,633323980.0,15:34:59,2026-09-02
sh688251,井松智能,21.15,-0.07,-0.33,21.14,21.15,21.22,21.22,21.61,20.78,2065423.0,43603358.0,15:34:59,2026-09-02
sh688252,天德钰,21.16,0.18,0.858,21.15,21.16,20.98,20.85,21.44,20.66,5177421.0,109265785.0,15:00:00,2026-09-02
sh688253,英诺特,56.92,1.02,1.825,56.92,56.97,55.9,55.72,57.6,54.51,1528361.0,85807746.0,15:00:00,2026-09-02
sh688255,凯尔达,26.04,-0.31,-1.176,26.03,26.04,26.35,26.25,26.35,25.77,3038778.0,79009931.0,15:00:02,2026-09-02
sh688256,寒武纪,1108.0,-1.0,-0.09,1108.0,1108.01,1109.0,1087.81,1130.0,1084.9,7713243.0,8524081542.0,15:34:59,2026-09-02
sh688257,新锐股份,52.7,-1.37,-2.534,52.69,52.7,54.07,52.81,53.88,52.0,11073780.0,585809637.0,15:34:59,2026-09-02
sh688258,卓易信息,96.38,-2.84,-2.862,96.38,96.99,99.22,98.0,98.9,96.3,2006904.0,195242487.0,15:34:59,2026-09-02
sh688259,创耀科技,31.26,-0.2,-0.636,31.25,31.26,31.46,31.14,31.68,30.91,1487012.0,46391363.0,15:00:02,2026-09-02
sh688260,昀冢科技,94.0,-2.95,-3.043,94.0,94.03,96.95,93.77,97.88,92.87,3623781.0,342442810.0,15:34:59,2026-09-02
sh688261,东微半导,68.76,-1.29,-1.842,68.76,68.77,70.05,69.0,69.47,68.2,2557119.0,175867385.0,15:34:59,2026-09-02
sh688262,国芯科技,27.79,-0.31,-1.103,27.78,27.79,28.1,27.8,28.0,27.37,6362139.0,175904346.0,15:00:02,2026-09-02
sh688265,南模生物,41.3,-0.1,-0.242,41.29,41.3,41.4,40.92,41.4,38.93,3398567.0,135956645.0,15:34:59,2026-09-02
sh688266,泽璟制药,113.71,-0.79,-0.69,113.71,113.77,114.5,114.9,116.42,112.99,2986543.0,341484411.0,15:34:59,2026-09-02
sh688267,中触媒,19.19,-0.07,-0.363,19.19,19.21,19.26,19.16,19.4,18.89,1592794.0,30520838.0,15:00:03,2026-09-02
sh688268,华特气体,137.56,-4.04,-2.853,137.56,137.57,141.6,139.66,141.6,136.18,4856085.0,670846655.0,15:34:59,2026-09-02
sh688269,凯立新材,27.53,-0.4,-1.432,27.52,27.53,27.93,27.72,27.75,27.16,1272924.0,34859723.0,15:00:04,2026-09-02
sh688270,ST臻镭,57.6,0.11,0.191,57.57,57.6,57.49,56.9,58.55,56.42,3647798.0,209919742.0,15:00:03,2026-09-02
sh688271,联影医疗,104.23,-1.47,-1.391,104.22,104.23,105.7,105.7,106.3,103.81,3602849.0,376273368.0,15:34:59,2026-09-02
sh688272,富吉瑞,29.64,0.69,2.383,29.64,29.65,28.95,28.66,29.98,28.53,1469558.0,42832161.0,15:00:04,2026-09-02
sh688273,麦澜德,29.28,-0.68,-2.27,29.28,29.37,29.96,29.53,30.13,28.79,1228909.0,35920804.0,15:00:02,2026-09-02
sh688275,万润新能,73.9,-2.89,-3.764,73.9,73.98,76.79,76.13,76.13,73.52,4138229.0,307992605.0,15:00:03,2026-09-02
sh688276,百克生物,16.24,-0.28,-1.695,16.23,16.24,16.52,16.66,16.77,16.2,2636901.0,43104483.0,15:00:02,2026-09-02
sh688277,天智航,15.1,-0.43,-2.769,15.1,15.11,15.53,15.43,15.46,15.08,3807601.0,57898847.0,15:00:04,2026-09-02
sh688278,特宝生物,54.92,-1.86,-3.276,54.92,54.93,56.78,56.64,56.89,54.82,3619527.0,200447111.0,15:34:59,2026-09-02
sh688279,峰岹科技,190.0,-3.0,-1.554,189.98,190.0,193.0,190.11,192.49,187.06,1378218.0,261091319.0,15:34:59,2026-09-02
sh688280,精进电动,5.5,0.05,0.917,5.5,5.51,5.45,5.41,5.55,5.32,9794064.0,53251763.0,15:00:02,2026-09-02
sh688281,华秦科技,51.04,0.58,1.149,51.03,51.04,50.46,50.01,51.68,49.71,3331984.0,169312047.0,15:34:59,2026-09-02
sh688282,理工导航,57.49,1.68,3.01,57.41,57.49,55.81,55.45,58.6,54.64,1108527.0,63266716.0,15:00:03,2026-09-02
sh688283,坤恒顺维,27.65,0.08,0.29,27.64,27.65,27.57,27.46,28.1,26.88,2149463.0,59067405.0,15:00:04,2026-09-02
sh688285,高铁电气,7.66,-0.06,-0.777,7.66,7.68,7.72,7.72,7.73,7.57,2148846.0,16437334.0,15:00:04,2026-09-02
sh688286,敏芯股份,49.2,-0.19,-0.385,49.18,49.2,49.39,48.51,51.0,48.51,4499183.0,222430809.0,15:34:59,2026-09-02
sh688288,鸿泉技术,19.85,-0.2,-0.998,19.85,19.9,20.05,20.05,20.5,19.56,2805091.0,55675782.0,15:00:02,2026-09-02
sh688289,圣湘生物,15.73,-0.08,-0.506,15.72,15.73,15.81,15.69,15.83,15.58,4438411.0,69577500.0,15:00:03,2026-09-02
sh688290,景业智能,63.66,-0.77,-1.195,63.63,63.66,64.43,64.5,64.58,63.11,313087.0,19942262.0,15:00:04,2026-09-02
sh688291,金橙子,41.23,0.15,0.365,41.22,41.23,41.08,40.55,41.77,39.98,2128294.0,86760379.0,15:34:59,2026-09-02
sh688292,浩瀚深度,18.67,0.49,2.695,18.67,18.7,18.18,18.0,19.18,17.91,4415003.0,82268147.0,15:00:05,2026-09-02
sh688293,奥浦迈,55.88,2.32,4.332,55.87,55.88,53.56,53.84,58.44,53.3,5842483.0,329622234.0,15:34:59,2026-09-02
sh688295,中复神鹰,38.54,-0.36,-0.925,38.53,38.54,38.9,38.55,38.88,38.15,2897596.0,111630673.0,15:34:59,2026-09-02
sh688296,和达科技,25.47,0.69,2.785,25.47,25.49,24.78,24.65,26.26,24.17,6991164.0,178788089.0,15:00:04,2026-09-02
sh688297,中无人机,42.7,0.57,1.353,42.69,42.7,42.13,42.19,43.68,41.9,20406659.0,873003820.0,15:34:59,2026-09-02
sh688298,东方生物,19.16,-0.31,-1.592,19.13,19.16,19.47,19.85,19.85,19.13,1363182.0,26211272.0,15:00:01,2026-09-02
sh688299,长阳科技,12.88,-0.16,-1.227,12.87,12.88,13.04,12.96,13.02,12.67,3024304.0,38687761.0,15:00:03,2026-09-02
sh688300,联瑞新材,177.05,0.89,0.505,177.05,177.06,176.16,172.9,184.37,172.9,14037011.0,2514979845.0,15:34:59,2026-09-02
sh688301,奕瑞科技,92.63,-1.87,-1.979,92.57,92.63,94.5,93.79,95.57,92.18,4455701.0,414916030.0,15:00:03,2026-09-02
sh688302,海创药业,32.26,-0.65,-1.975,32.25,32.26,32.91,33.1,33.1,31.95,1942782.0,62683936.0,15:34:59,2026-09-02
sh688303,大全能源,16.76,-0.28,-1.643,16.75,16.76,17.04,17.0,17.04,16.68,6687903.0,112324547.0,15:34:59,2026-09-02
sh688305,科德数控,57.14,-0.83,-1.432,57.14,57.15,57.97,57.69,58.25,57.05,2388166.0,137326582.0,15:34:59,2026-09-02
sh688306,均普智能,8.6,-0.15,-1.714,8.6,8.62,8.75,8.67,8.76,8.55,4369531.0,37613622.0,15:00:03,2026-09-02
sh688307,中润光学,46.36,-0.59,-1.257,46.31,46.36,46.95,46.06,46.87,45.18,4712720.0,216616934.0,15:34:59,2026-09-02
sh688308,欧科亿,86.78,-3.72,-4.11,86.78,86.79,90.5,88.01,88.47,85.17,7960739.0,693290253.0,15:34:59,2026-09-02
sh688309,恒誉科技,80.95,1.95,2.468,80.95,80.96,79.0,79.0,81.18,77.33,2218549.0,176558419.0,15:00:04,2026-09-02
sh688310,迈得医疗,15.05,-0.07,-0.463,15.04,15.05,15.12,15.09,15.23,14.75,1834777.0,27437482.0,15:00:02,2026-09-02
sh688311,盟升电子,23.36,0.01,0.043,23.36,23.38,23.35,23.19,23.61,23.06,3264331.0,76331907.0,15:34:59,2026-09-02
sh688312,燕麦科技,44.35,-0.73,-1.619,44.35,44.37,45.08,44.38,44.93,43.85,4590025.0,203629533.0,15:00:01,2026-09-02
sh688313,仕佳光子,148.14,-2.65,-1.757,148.11,148.14,150.79,145.83,149.8,144.02,14233879.0,2092975864.0,15:34:59,2026-09-02
sh688314,康拓医疗,31.68,-0.21,-0.659,31.54,31.68,31.89,31.83,32.24,31.24,653924.0,20673448.0,15:00:01,2026-09-02
sh688315,诺禾致源,14.34,-0.34,-2.316,14.33,14.34,14.68,14.73,14.74,14.25,5454783.0,78662565.0,15:00:04,2026-09-02
sh688316,青云科技,48.3,0.28,0.583,48.3,48.31,48.02,48.1,49.89,47.9,2427799.0,118037890.0,15:34:59,2026-09-02
sh688317,之江生物,17.01,-0.32,-1.847,17.01,17.03,17.33,17.25,17.32,17.0,1338664.0,22845082.0,15:00:03,2026-09-02
sh688318,财富趋势,86.16,-1.34,-1.531,86.16,86.18,87.5,85.6,88.1,84.66,6976461.0,602435878.0,15:34:59,2026-09-02
sh688319,欧林生物,28.56,0.6,2.146,28.5,28.56,27.96,28.0,28.83,27.66,6096775.0,171939608.0,15:00:03,2026-09-02
sh688320,禾川科技,33.34,-0.61,-1.797,33.29,33.34,33.95,33.83,34.05,33.18,2518869.0,84137951.0,15:00:04,2026-09-02
sh688321,微芯生物,24.87,-0.6,-2.356,24.86,24.87,25.47,25.4,25.48,24.82,10407044.0,260973252.0,15:34:59,2026-09-02
sh688322,奥比中光,96.42,-0.78,-0.802,96.42,96.43,97.2,96.0,98.16,94.09,6882178.0,660114831.0,15:34:59,2026-09-02
sh688323,瑞华泰,25.5,-0.32,-1.239,25.49,25.5,25.82,25.11,26.19,25.11,9422370.0,240728222.0,15:34:59,2026-09-02
sh688325,赛微微电,110.1,-3.0,-2.653,109.8,110.1,113.1,111.48,112.97,107.8,854377.0,93944880.0,15:34:59,2026-09-02
sh688326,经纬恒润,62.77,-1.83,-2.833,62.68,62.77,64.6,64.01,64.01,62.05,1413262.0,88582183.0,15:00:04,2026-09-02
sh688327,云从科技,10.36,-0.32,-2.996,10.35,10.36,10.68,10.53,10.65,10.29,16317092.0,169512408.0,15:34:59,2026-09-02
sh688328,深科达,79.68,-0.92,-1.141,79.68,79.69,80.6,79.01,81.28,78.6,4507028.0,359004839.0,15:34:59,2026-09-02
sh688329,艾隆科技,22.82,-0.21,-0.912,22.76,22.82,23.03,22.73,23.45,22.35,1527816.0,34713079.0,15:00:03,2026-09-02
sh688330,宏力达,37.5,-0.7,-1.832,37.48,37.5,38.2,38.0,38.8,37.4,2760778.0,104756189.0,15:00:01,2026-09-02
sh688331,荣昌生物,123.57,3.92,3.276,123.52,123.57,119.65,120.5,126.18,118.72,8739780.0,1073929236.0,15:34:59,2026-09-02
sh688332,中科蓝讯,97.68,3.23,3.42,97.67,97.68,94.45,93.15,98.56,93.15,6439213.0,623056696.0,15:34:59,2026-09-02
sh688333,铂力特,115.0,2.0,1.77,114.9,115.0,113.0,114.77,120.49,111.08,14563825.0,1688960141.0,15:34:59,2026-09-02
sh688334,西高院,18.3,-0.17,-0.92,18.3,18.31,18.47,18.41,18.41,18.22,1246189.0,22796658.0,15:00:04,2026-09-02
sh688335,复洁科技,20.17,-0.08,-0.395,20.17,20.19,20.25,20.1,20.3,19.81,2302609.0,46200305.0,15:00:04,2026-09-02
sh688336,三生国健,41.61,-0.32,-0.763,41.6,41.61,41.93,42.0,42.88,41.4,5633304.0,236755274.0,15:34:59,2026-09-02
sh688337,普源精电,41.23,-0.75,-1.787,41.23,41.24,41.98,41.45,41.78,40.9,2701940.0,111547371.0,15:00:02,2026-09-02
sh688338,赛科希德,31.41,-1.34,-4.092,31.4,31.41,32.75,32.51,32.51,31.15,1858267.0,58614227.0,15:00:05,2026-09-02
sh688339,亿华通,17.72,0.01,0.056,17.72,17.73,17.71,17.71,17.84,17.4,2234569.0,39523932.0,15:34:59,2026-09-02
sh688343,云天励飞,57.47,-0.05,-0.087,57.47,57.48,57.52,56.58,58.7,56.15,9198998.0,526233162.0,15:34:59,2026-09-02
sh688345,博力威,50.97,-0.91,-1.754,50.97,51.13,51.88,51.76,51.96,50.53,1037839.0,52915624.0,15:34:59,2026-09-02
sh688347,华虹宏力,243.2,-7.13,-2.848,243.17,243.2,250.33,241.0,249.58,240.86,10692349.0,2614682485.0,15:34:59,2026-09-02
sh688348,昱能科技,30.54,-0.49,-1.579,30.54,30.63,31.03,30.83,30.98,30.36,904528.0,27668856.0,15:00:03,2026-09-02
sh688349,三一重能,13.23,-0.06,-0.451,13.23,13.24,13.29,13.19,13.32,13.03,6606328.0,86894088.0,15:34:59,2026-09-02
sh688350,富淼科技,28.37,-0.59,-2.037,28.37,28.49,28.96,28.92,29.22,28.02,1508700.0,42998401.0,15:00:03,2026-09-02
sh688351,微电生理,18.48,0.77,4.348,18.47,18.48,17.71,17.63,18.67,17.44,11299939.0,206865103.0,15:34:59,2026-09-02
sh688352,颀中科技,17.54,0.29,1.681,17.51,17.54,17.25,17.04,17.66,16.51,19210018.0,327933895.0,15:34:59,2026-09-02
sh688353,华盛锂电,83.3,-1.61,-1.896,83.25,83.3,84.91,83.89,84.19,82.78,2739960.0,228414456.0,15:34:59,2026-09-02
sh688355,明志科技,17.58,-0.35,-1.952,17.58,17.59,17.93,18.04,18.04,17.32,1511795.0,26472166.0,15:00:03,2026-09-02
sh688356,键凯科技,83.7,-4.4,-4.994,83.63,83.7,88.1,90.78,92.0,83.3,7606796.0,660726890.0,15:34:59,2026-09-02
sh688357,建龙微纳,26.46,-0.49,-1.818,26.46,26.56,26.95,26.75,27.0,26.27,529273.0,14015044.0,15:00:03,2026-09-02
sh688358,祥生医疗,28.28,-0.85,-2.918,28.26,28.28,29.13,29.13,29.14,28.05,970643.0,27481880.0,15:00:02,2026-09-02
sh688359,三孚新科,91.24,-1.5,-1.617,91.21,91.24,92.74,91.62,92.48,89.52,3387639.0,307780000.0,15:00:03,2026-09-02
sh688360,德马科技,15.2,-0.05,-0.328,15.19,15.2,15.25,15.22,15.37,14.87,2786705.0,42004038.0,15:00:02,2026-09-02
sh688361,中科飞测,337.4,-11.86,-3.396,337.37,337.4,349.26,344.08,348.0,333.61,5396786.0,1832962620.0,15:34:59,2026-09-02
sh688362,甬矽电子,59.56,-1.78,-2.902,59.55,59.56,61.34,59.95,60.5,58.9,14664661.0,874915098.0,15:34:59,2026-09-02
sh688363,华熙生物,35.4,-0.27,-0.757,35.38,35.4,35.67,35.62,35.62,35.03,1982142.0,69953594.0,15:34:59,2026-09-02
sh688365,光云科技,15.08,-0.38,-2.458,15.08,15.1,15.46,15.05,15.35,14.94,11371513.0,171762650.0,15:34:59,2026-09-02
sh688366,昊海生科,30.1,-0.01,-0.033,30.06,30.1,30.11,30.09,30.21,29.8,506388.0,15187097.0,15:00:02,2026-09-02
sh688367,工大高科,30.62,0.22,0.724,30.62,30.63,30.4,30.2,30.96,29.53,1095190.0,33351291.0,15:00:02,2026-09-02
sh688368,晶丰明源,151.99,-0.56,-0.367,151.98,151.99,152.55,147.24,155.88,147.24,4910474.0,750093292.0,15:00:02,2026-09-02
sh688369,致远互联,20.39,-0.34,-1.64,20.39,20.4,20.73,20.41,20.73,20.0,3380445.0,68987003.0,15:00:03,2026-09-02
sh688370,丛麟科技,23.76,-0.33,-1.37,23.76,23.77,24.09,24.09,24.09,23.32,668401.0,15744397.0,15:00:02,2026-09-02
sh688371,菲沃泰,25.93,-1.43,-5.227,25.93,25.96,27.36,26.65,27.14,25.8,9220257.0,241634407.0,15:00:02,2026-09-02
sh688372,伟测科技,123.14,-5.08,-3.962,123.14,123.17,128.22,124.99,126.99,120.55,7057205.0,869671165.0,15:34:59,2026-09-02
sh688373,盟科药业,5.85,0.11,1.916,5.85,5.86,5.74,5.75,5.87,5.5,24876520.0,142326919.0,15:00:02,2026-09-02
sh688375,国博电子,73.78,-1.09,-1.456,73.6,73.78,74.87,73.28,75.68,73.28,2783386.0,206530359.0,15:00:05,2026-09-02
sh688376,美埃科技,64.44,-1.25,-1.903,64.37,64.44,65.69,64.56,65.2,63.05,1375040.0,88377578.0,15:00:05,2026-09-02
sh688377,迪威尔,19.03,0.18,0.955,19.03,19.04,18.85,19.0,19.18,18.34,2593452.0,48564815.0,15:00:04,2026-09-02
sh688378,奥来德,44.1,-1.99,-4.318,44.1,44.13,46.09,46.01,46.09,44.0,9145168.0,409037959.0,15:34:59,2026-09-02
sh688379,华光新材,56.27,0.02,0.036,56.27,56.29,56.25,55.54,58.15,54.62,3285312.0,185928332.0,15:00:05,2026-09-02
sh688380,中微半导,39.28,-0.9,-2.24,39.27,39.28,40.18,39.58,39.77,39.05,6195334.0,243908859.0,15:34:59,2026-09-02
sh688381,帝奥微,36.69,0.99,2.773,36.68,36.69,35.7,35.01,37.39,34.64,10349155.0,370921957.0,15:34:59,2026-09-02
sh688382,益方生物,19.59,-0.23,-1.16,19.58,19.59,19.82,19.7,20.24,19.21,9549105.0,187842404.0,15:34:59,2026-09-02
sh688383,新益昌,125.28,-4.21,-3.251,125.28,125.3,129.49,131.3,131.3,124.01,1225259.0,154661661.0,15:00:04,2026-09-02
sh688385,复旦微电,55.29,-0.49,-0.878,55.29,55.3,55.78,55.3,56.14,54.7,11224567.0,620654947.0,15:34:59,2026-09-02
sh688386,泛亚微透,51.7,0.51,0.996,51.69,51.7,51.19,50.5,52.12,49.8,2648442.0,135535254.0,15:34:59,2026-09-02
sh688387,信科移动,13.07,-0.23,-1.729,13.07,13.08,13.3,13.08,13.36,12.84,28024117.0,366884273.0,15:34:59,2026-09-02
sh688388,嘉元科技,27.96,-0.65,-2.272,27.95,27.96,28.61,28.12,28.25,27.63,22507726.0,627818924.0,15:34:59,2026-09-02
sh688389,普门科技,11.22,-0.09,-0.796,11.22,11.24,11.31,11.26,11.37,11.08,1922004.0,21561436.0,15:00:03,2026-09-02
sh688390,固德威,60.77,-1.57,-2.518,60.75,60.77,62.34,62.29,62.29,60.1,7168862.0,435783018.0,15:00:02,2026-09-02
sh688391,钜泉科技,26.06,-0.13,-0.496,26.06,26.08,26.19,26.01,26.27,25.72,1169753.0,30340960.0,15:00:04,2026-09-02
sh688392,骄成超声,174.99,-3.5,-1.961,174.99,175.0,178.49,177.5,177.78,172.0,2819945.0,492445050.0,15:00:02,2026-09-02
sh688393,安必平,20.69,-0.16,-0.767,20.69,20.77,20.85,20.8,20.98,20.39,1475180.0,30497408.0,15:00:02,2026-09-02
sh688395,正弦电气,23.81,0.35,1.492,23.78,23.81,23.46,23.25,23.87,23.16,1286991.0,30351204.0,15:00:02,2026-09-02
sh688396,华润微,56.92,-1.67,-2.85,56.91,56.92,58.59,57.7,57.71,56.7,13505258.0,771777166.0,15:34:59,2026-09-02
sh688398,赛特新材,20.29,-0.01,-0.049,20.29,20.37,20.3,20.16,20.4,19.73,1312013.0,26320077.0,15:00:04,2026-09-02
sh688399,硕世生物,27.18,-0.33,-1.2,27.18,27.19,27.51,27.27,27.74,26.9,1072279.0,29130816.0,15:00:02,2026-09-02
sh688400,凌云光,44.85,-0.8,-1.752,44.84,44.85,45.65,44.74,45.3,44.4,6603871.0,296076584.0,15:00:05,2026-09-02
sh688401,路维光电,64.92,-0.76,-1.157,64.92,64.94,65.68,64.5,65.43,63.6,3156931.0,203609667.0,15:00:05,2026-09-02
sh688403,汇成股份,24.75,-0.59,-2.328,24.74,24.75,25.34,24.8,25.38,24.2,40972916.0,1013911890.0,15:34:59,2026-09-02
sh688408,中信博,23.45,-1.04,-4.247,23.44,23.45,24.49,24.78,24.78,23.43,4950776.0,117903310.0,15:34:59,2026-09-02
sh688409,富创精密,188.61,-3.39,-1.766,188.56,188.61,192.0,190.49,191.84,184.5,5708153.0,1072827778.0,15:34:59,2026-09-02
sh688410,山外山,10.41,0.32,3.171,10.4,10.41,10.09,10.03,10.47,9.94,12937910.0,131940776.0,15:00:03,2026-09-02
sh688411,海博思创,179.8,-3.1,-1.695,179.78,179.8,182.9,181.87,184.85,179.5,2354544.0,428172280.0,15:34:59,2026-09-02
sh688416,恒烁股份,74.13,-1.47,-1.944,74.1,74.13,75.6,74.64,75.5,73.6,3137492.0,233424584.0,15:00:05,2026-09-02
sh688418,震有科技,32.27,-0.04,-0.124,32.27,32.3,32.31,31.53,32.59,31.5,2031375.0,65338278.0,15:00:04,2026-09-02
sh688419,耐科装备,49.99,-1.1,-2.153,49.96,49.99,51.09,49.88,51.05,49.0,3285212.0,164295609.0,15:34:59,2026-09-02
sh688420,美腾科技,22.42,-0.29,-1.277,22.41,22.42,22.71,22.51,22.7,22.06,619608.0,13864807.0,15:00:03,2026-09-02
sh688425,铁建重工,4.03,-0.05,-1.225,4.02,4.03,4.08,4.07,4.09,4.02,15026739.0,60614407.0,15:34:59,2026-09-02
sh688426,康为世纪,21.47,0.21,0.988,21.37,21.47,21.26,21.24,21.82,20.6,2122130.0,45587805.0,15:00:02,2026-09-02
sh688428,诺诚健华,28.83,0.46,1.621,28.83,28.84,28.37,28.52,29.88,28.01,13146963.0,380796622.0,15:00:02,2026-09-02
sh688429,时创能源,10.53,0.35,3.438,10.53,10.55,10.18,10.8,10.8,9.98,3760939.0,39185376.0,15:00:03,2026-09-02
sh688432,有研硅,45.22,0.0,0.0,0.0,0.0,45.22,0.0,0.0,0.0,0.0,0.0,15:35:44,2026-09-02
sh688433,华曙高科,112.9,2.77,2.515,112.9,112.94,110.13,109.96,118.0,108.01,8346566.0,947826038.0,15:34:59,2026-09-02
sh688435,英方软件,30.1,-0.7,-2.273,30.1,30.13,30.8,30.67,30.67,29.89,1565390.0,47254302.0,15:00:03,2026-09-02
sh688439,振华风光,39.43,-0.15,-0.379,39.41,39.43,39.58,39.25,39.53,38.91,1471177.0,57699769.0,15:00:02,2026-09-02
sh688443,智翔金泰,23.09,0.09,0.391,23.05,23.09,23.0,23.0,23.41,22.64,3111393.0,71540718.0,15:00:03,2026-09-02
sh688448,磁谷科技,69.0,3.6,5.505,68.99,69.0,65.4,65.44,69.75,65.44,3875717.0,265327795.0,15:34:59,2026-09-02
sh688449,联芸科技,63.35,-1.73,-2.658,63.31,63.35,65.08,63.99,64.78,62.91,5950330.0,377997483.0,15:34:59,2026-09-02
sh688450,光格科技,33.39,-0.23,-0.684,33.39,33.43,33.62,33.28,33.72,32.81,966491.0,32170208.0,15:00:02,2026-09-02
sh688455,科捷智能,16.48,-0.19,-1.14,16.48,16.5,16.67,16.12,16.86,16.12,2340404.0,38736956.0,15:00:01,2026-09-02
sh688456,有研粉材,73.55,-1.43,-1.907,73.51,73.55,74.98,73.96,74.54,72.98,4928227.0,363188378.0,15:34:59,2026-09-02
sh688458,美芯晟,36.81,1.67,4.752,36.81,36.82,35.14,34.7,37.2,34.46,2961071.0,106403890.0,15:34:59,2026-09-02
sh688459,哈铁科技,8.09,-0.08,-0.979,8.09,8.1,8.17,8.12,8.16,8.01,1698263.0,13699495.0,15:00:03,2026-09-02
sh688466,金科环境,14.56,0.12,0.831,14.56,14.57,14.44,14.44,14.69,14.12,1204995.0,17381360.0,15:00:04,2026-09-02
sh688468,科美诊断,6.43,-0.04,-0.618,6.42,6.43,6.47,6.48,6.49,6.35,2092737.0,13421448.0,15:00:04,2026-09-02
sh688469,芯联集成,8.5,-0.22,-2.523,8.49,8.5,8.72,8.67,8.69,8.49,82875148.0,710875674.0,15:34:59,2026-09-02
sh688472,阿特斯,8.82,-0.13,-1.453,8.82,8.83,8.95,8.96,9.01,8.82,30530524.0,270869619.0,15:34:59,2026-09-02
sh688475,萤石网络,29.04,-1.12,-3.714,29.01,29.04,30.16,29.88,30.39,28.98,4260481.0,124744871.0,15:00:05,2026-09-02
sh688478,晶升股份,44.0,-1.49,-3.275,44.0,44.04,45.49,44.59,44.81,43.32,4311728.0,189771985.0,15:34:59,2026-09-02
sh688479,友车科技,32.67,-0.47,-1.418,32.61,32.67,33.14,32.98,32.99,32.05,1350103.0,43779590.0,15:00:04,2026-09-02
sh688480,赛恩斯,72.02,-1.04,-1.423,72.02,72.03,73.06,72.8,72.88,70.01,1126353.0,80729894.0,15:00:03,2026-09-02
sh688484,南芯科技,34.87,-1.28,-3.541,34.86,34.87,36.15,35.81,35.92,34.5,7988841.0,279093569.0,15:34:59,2026-09-02
sh688485,九州一轨,88.6,-1.49,-1.654,88.6,88.65,90.09,91.88,92.61,85.0,5932244.0,525729961.0,15:34:59,2026-09-02
sh688486,龙迅股份,41.3,-0.75,-1.784,41.3,41.31,42.05,41.91,41.91,40.92,2889871.0,119205746.0,15:34:59,2026-09-02
sh688488,艾迪药业,15.8,-0.52,-3.186,15.8,15.82,16.32,16.28,16.34,15.6,5854226.0,93273812.0,15:34:59,2026-09-02
sh688489,三未信安,24.15,-0.58,-2.345,24.15,24.17,24.73,24.6,24.8,24.15,1180872.0,28688278.0,15:00:04,2026-09-02
sh688496,*ST清越,0.92,-0.01,-1.075,0.91,0.92,0.93,0.93,0.93,0.9,5225846.0,4757162.0,15:00:03,2026-09-02
sh688498,源杰科技,1481.0,-1.0,-0.067,1480.8,1481.0,1482.0,1456.09,1501.02,1440.03,2652773.0,3902760898.0,15:34:59,2026-09-02
sh688499,利元亨,33.34,-0.69,-2.028,33.33,33.34,34.03,33.75,33.75,32.96,2306282.0,76769632.0,15:34:59,2026-09-02
sh688500,慧辰股份,35.22,-1.71,-4.63,35.22,35.28,36.93,36.31,37.15,35.0,2941856.0,104615826.0,15:00:04,2026-09-02
sh688501,青达环保,14.05,-0.43,-2.97,14.05,14.06,14.48,14.54,14.54,13.88,2464660.0,34630405.0,15:00:02,2026-09-02
sh688502,茂莱光学,423.0,-1.01,-0.238,422.88,423.0,424.01,422.15,437.87,415.5,1175137.0,501482093.0,15:34:59,2026-09-02
sh688503,聚和材料,68.24,-1.51,-2.165,68.24,68.25,69.75,67.7,69.98,66.16,12508303.0,847658109.0,15:34:59,2026-09-02
sh688505,复旦张江,8.06,-0.25,-3.008,8.05,8.06,8.31,8.26,8.31,8.03,6247696.0,50620072.0,15:34:59,2026-09-02
sh688506,百利天恒,253.53,-6.47,-2.488,253.34,253.53,260.0,259.0,260.2,251.0,1615933.0,412266321.0,15:00:03,2026-09-02
sh688507,索辰科技,147.2,-3.24,-2.154,147.2,147.22,150.44,148.69,150.9,145.54,2346538.0,347159709.0,15:34:59,2026-09-02
sh688508,芯朋微,84.28,-1.0,-1.173,84.27,84.28,85.28,83.94,87.0,81.81,5466411.0,459265968.0,15:34:59,2026-09-02
sh688509,正元地信,4.32,-0.06,-1.37,4.32,4.34,4.38,4.38,4.38,4.29,3785630.0,16373877.0,15:00:04,2026-09-02
sh688510,航亚科技,24.02,-0.2,-0.826,24.02,24.04,24.22,24.0,24.42,23.95,4201528.0,101532277.0,15:34:59,2026-09-02
sh688511,天微电子,23.37,0.57,2.5,23.3,23.37,22.8,22.6,23.5,22.45,1736129.0,40195354.0,15:00:03,2026-09-02
sh688512,慧智微,13.2,-0.1,-0.752,13.2,13.21,13.3,13.17,13.33,12.9,8258670.0,108362377.0,15:00:03,2026-09-02
sh688513,苑东生物,44.09,-0.61,-1.365,44.06,44.09,44.7,44.56,44.96,43.92,1164662.0,51688733.0,15:00:02,2026-09-02
sh688515,裕太微,145.5,-3.84,-2.571,145.45,145.5,149.34,146.01,147.81,144.61,2091389.0,305132991.0,15:00:04,2026-09-02
sh688516,奥特维,43.17,-1.15,-2.595,43.17,43.19,44.32,44.0,44.0,42.77,5287093.0,228641454.0,15:34:59,2026-09-02
sh688517,金冠电气,16.51,0.43,2.674,16.51,16.52,16.08,15.95,16.65,15.71,3173331.0,51352836.0,15:00:03,2026-09-02
sh688518,联赢激光,20.7,-0.16,-0.767,20.7,20.71,20.86,20.62,20.81,20.28,6919351.0,142127243.0,15:34:59,2026-09-02
sh688519,南亚新材,291.52,1.52,0.524,291.51,291.52,290.0,279.0,299.8,279.0,4411118.0,1290568845.0,15:34:59,2026-09-02
sh688520,神州细胞,34.68,-0.34,-0.971,34.66,34.68,35.02,35.03,35.3,34.32,2368554.0,81964478.0,15:00:03,2026-09-02
sh688521,芯原股份,193.6,1.2,0.624,193.59,193.6,192.4,188.0,197.92,186.5,18042563.0,3455661619.0,15:34:59,2026-09-02
sh688522,纳睿雷达,18.93,0.13,0.691,18.92,18.93,18.8,18.65,19.08,18.52,3423612.0,64514982.0,15:34:59,2026-09-02
sh688523,航天环宇,41.07,-0.37,-0.893,41.06,41.07,41.44,41.0,41.57,40.51,2655493.0,108925089.0,15:00:04,2026-09-02
sh688525,佰维存储,222.28,-5.42,-2.38,222.27,222.28,227.7,223.12,225.9,221.33,11582915.0,2583724917.0,15:34:59,2026-09-02
sh688526,科前生物,12.68,-0.29,-2.236,12.68,12.7,12.97,13.09,13.09,12.65,1870587.0,23816190.0,15:00:04,2026-09-02
sh688528,秦川物联,10.61,-0.19,-1.759,10.6,10.61,10.8,10.66,10.66,10.33,2436090.0,25538779.0,15:00:05,2026-09-02
sh688529,豪森智能,15.79,0.03,0.19,15.79,15.83,15.76,15.67,16.08,15.58,1710182.0,27137934.0,15:00:03,2026-09-02
sh688530,欧莱新材,56.88,-1.27,-2.184,56.88,56.9,58.15,55.63,57.57,55.63,5639845.0,319017848.0,15:00:00,2026-09-02
sh688531,日联科技,132.59,1.65,1.26,132.58,132.59,130.94,129.5,133.88,128.0,2987898.0,391714769.0,15:34:59,2026-09-02
sh688533,上声电子,20.69,-0.15,-0.72,20.62,20.69,20.84,20.85,20.93,20.35,1161996.0,23832378.0,15:00:02,2026-09-02
sh688535,华海诚科,97.8,-2.6,-2.59,97.8,97.81,100.4,98.38,99.6,96.51,4689467.0,459059744.0,15:34:59,2026-09-02
sh688536,思瑞浦,298.0,-5.54,-1.825,297.75,298.0,303.54,300.06,302.0,294.04,2526559.0,754461062.0,15:34:59,2026-09-02
sh688538,和辉光电,2.22,-0.03,-1.333,2.22,2.23,2.25,2.26,2.26,2.21,73796901.0,164565743.0,15:34:59,2026-09-02
sh688539,高华科技,23.8,-0.07,-0.293,23.8,23.86,23.87,23.79,24.05,23.3,2569316.0,60729528.0,15:00:05,2026-09-02
sh688543,国科军工,45.01,3.63,8.772,45.0,45.01,41.38,41.65,46.88,41.48,21712202.0,956782814.0,15:34:59,2026-09-02
sh688545,兴福电子,76.19,0.89,1.182,76.19,76.2,75.3,74.5,78.3,72.88,8041218.0,604464664.0,15:34:59,2026-09-02
sh688548,广钢气体,30.83,-0.82,-2.591,30.82,30.83,31.65,31.0,31.63,30.52,19891079.0,613984584.0,15:34:59,2026-09-02
sh688549,中巨芯,22.9,-0.42,-1.801,22.89,22.9,23.32,22.76,23.13,22.65,36799389.0,841691114.0,15:34:59,2026-09-02
sh688550,瑞联新材,38.4,-0.6,-1.538,38.37,38.4,39.0,38.41,38.75,38.08,1590370.0,60921232.0,15:00:02,2026-09-02
sh688551,科威尔,36.56,-0.89,-2.377,36.56,36.6,37.45,36.71,37.35,36.03,4930336.0,180045923.0,15:34:59,2026-09-02
sh688552,航天南湖,32.41,0.62,1.95,32.38,32.41,31.79,31.82,33.4,31.64,8557920.0,278317781.0,15:34:59,2026-09-02
sh688553,汇宇制药,11.6,-0.22,-1.861,11.56,11.6,11.82,11.77,11.87,11.54,5491462.0,64227638.0,15:00:03,2026-09-02
sh688556,高测股份,7.68,-0.1,-1.285,7.68,7.69,7.78,7.75,7.75,7.58,15640776.0,119907914.0,15:00:02,2026-09-02
sh688557,兰剑智能,20.7,-0.13,-0.624,20.7,20.79,20.83,20.7,20.93,20.4,1340993.0,27704072.0,15:00:05,2026-09-02
sh688558,国盛智科,32.28,-0.52,-1.585,32.26,32.28,32.8,32.48,32.73,31.9,991930.0,31975688.0,15:00:04,2026-09-02
sh688559,海目星,53.78,-0.63,-1.158,53.77,53.78,54.41,54.11,55.97,53.11,10200770.0,554706525.0,15:34:59,2026-09-02
sh688560,明冠新材,12.36,-0.12,-0.962,12.36,12.37,12.48,12.47,12.47,12.18,1964496.0,24197777.0,15:00:05,2026-09-02
sh688561,奇安信,27.07,-0.66,-2.38,27.05,27.07,27.73,27.18,27.66,26.95,6883474.0,186589957.0,15:00:03,2026-09-02
sh688562,航天软件,14.6,0.11,0.759,14.6,14.61,14.49,14.4,14.81,14.31,3228061.0,47093399.0,15:34:59,2026-09-02
sh688563,航材股份,50.15,0.1,0.2,50.02,50.15,50.05,49.9,50.55,49.59,1379650.0,69170076.0,15:00:01,2026-09-02
sh688565,力源科技,11.63,-0.15,-1.273,11.63,11.68,11.78,11.72,11.83,11.37,1196782.0,13893924.0,15:00:04,2026-09-02
sh688566,吉贝尔,25.7,0.17,0.666,25.69,25.7,25.53,25.46,25.99,25.23,1370788.0,35183263.0,15:00:04,2026-09-02
sh688567,孚能科技,9.11,-0.22,-2.358,9.11,9.12,9.33,9.29,9.29,9.08,8934925.0,81601976.0,15:34:59,2026-09-02
sh688568,中科星图,31.76,-0.19,-0.595,31.76,31.78,31.95,31.75,32.3,31.38,7157861.0,228135034.0,15:34:59,2026-09-02
sh688569,铁科轨道,18.99,-0.33,-1.708,18.97,18.99,19.32,19.01,19.48,18.89,1358740.0,25851946.0,15:00:03,2026-09-02
sh688570,天玛智控,14.87,-0.15,-0.999,14.87,14.88,15.02,14.92,15.05,14.84,706027.0,10520072.0,15:00:03,2026-09-02
sh688571,杭华股份,8.76,0.06,0.69,8.75,8.76,8.7,8.72,8.83,8.47,6809907.0,58972455.0,15:34:59,2026-09-02
sh688573,信宇人,16.69,0.16,0.968,16.65,16.69,16.53,16.53,16.7,16.2,1763182.0,29027127.0,15:00:04,2026-09-02
sh688575,亚辉龙,10.17,-0.32,-3.051,10.17,10.18,10.49,10.4,10.49,10.12,13334876.0,136998099.0,15:00:03,2026-09-02
sh688576,西山科技,39.61,-0.89,-2.198,39.57,39.61,40.5,40.55,40.55,39.4,586220.0,23344529.0,15:00:04,2026-09-02
sh688577,浙海德曼,42.8,-0.53,-1.223,42.62,42.8,43.33,42.8,43.49,41.97,999476.0,42755350.0,15:00:03,2026-09-02
sh688578,XD艾力斯,110.06,2.16,2.002,110.06,110.09,107.9,109.0,111.79,107.45,5611414.0,617422463.0,15:34:59,2026-09-02
sh688579,地纬智能,8.21,-0.07,-0.845,8.2,8.21,8.28,8.25,8.28,8.08,3070664.0,25115761.0,15:00:02,2026-09-02
sh688580,伟思医疗,44.41,-1.05,-2.31,44.41,44.45,45.46,45.03,45.39,44.21,1158891.0,51659258.0,15:00:02,2026-09-02
sh688581,安杰思,51.28,-0.84,-1.612,51.28,51.3,52.12,52.09,52.09,51.1,372206.0,19121326.0,15:00:04,2026-09-02
sh688582,芯动联科,41.77,0.21,0.505,41.75,41.77,41.56,41.06,42.38,40.88,3629349.0,150953985.0,15:00:04,2026-09-02
sh688583,思看科技,82.35,-2.24,-2.648,82.35,82.4,84.59,84.0,84.32,81.7,1519433.0,126055356.0,15:34:59,2026-09-02
sh688584,上海合晶,26.56,-0.58,-2.137,26.53,26.56,27.14,26.75,26.82,25.93,10573744.0,279537998.0,15:34:59,2026-09-02
sh688585,上纬新材,146.48,-4.52,-2.993,146.48,146.49,151.0,149.11,152.0,145.5,2574688.0,382030189.0,15:34:59,2026-09-02
sh688586,江航装备,11.31,-0.14,-1.223,11.3,11.31,11.45,11.34,11.51,11.25,4894885.0,55552538.0,15:00:03,2026-09-02
sh688588,凌志软件,9.42,-0.24,-2.484,9.41,9.42,9.66,9.6,9.6,9.28,4413799.0,41516040.0,15:00:03,2026-09-02
sh688589,力合微,20.07,-0.35,-1.714,20.07,20.12,20.42,20.2,20.44,19.95,2926271.0,58955634.0,15:00:04,2026-09-02
sh688590,新致软件,12.54,-0.26,-2.031,12.52,12.54,12.8,12.61,12.7,12.4,4504746.0,56369381.0,15:00:03,2026-09-02
sh688591,泰凌微,29.87,-0.74,-2.418,29.85,29.87,30.61,30.31,30.62,29.79,3810219.0,114557966.0,15:34:59,2026-09-02
sh688592,司南导航,24.13,-0.03,-0.124,24.13,24.15,24.16,24.12,24.36,23.7,781722.0,18793447.0,15:00:02,2026-09-02
sh688593,新相微,30.89,0.0,0.0,30.89,30.91,30.89,30.48,31.33,29.93,13491526.0,416733565.0,15:34:59,2026-09-02
sh688595,芯海科技,29.79,-0.54,-1.78,29.77,29.79,30.33,30.12,30.13,29.58,2322969.0,69224992.0,15:34:59,2026-09-02
sh688596,正帆科技,65.75,-0.85,-1.276,65.73,65.75,66.6,65.27,69.86,64.18,21924739.0,1457408507.0,15:34:59,2026-09-02
sh688597,煜邦电力,6.63,0.02,0.303,6.62,6.63,6.61,6.56,6.68,6.47,4462270.0,29327914.0,15:00:02,2026-09-02
sh688598,金博股份,33.81,-0.99,-2.845,33.8,33.81,34.8,34.0,34.36,33.36,9186090.0,310649213.0,15:00:03,2026-09-02
sh688599,天合光能,11.53,-0.54,-4.474,11.53,11.54,12.07,12.01,12.04,11.51,41093482.0,480426703.0,15:34:59,2026-09-02
sh688600,皖仪科技,29.16,-0.61,-2.049,29.15,29.16,29.77,29.5,29.77,28.91,2180566.0,63761930.0,15:34:59,2026-09-02
sh688601,力芯微,61.78,-2.11,-3.303,61.78,61.84,63.89,63.34,65.28,61.0,6445235.0,403656128.0,15:34:59,2026-09-02
sh688602,康鹏科技,6.89,-0.12,-1.712,6.89,6.9,7.01,6.95,7.01,6.81,3252805.0,22400535.0,15:00:05,2026-09-02
sh688603,天承科技,115.49,3.12,2.777,115.48,115.49,112.37,110.11,118.4,108.35,5750338.0,664573974.0,15:34:59,2026-09-02
sh688605,先锋精科,73.2,-0.96,-1.294,73.2,73.24,74.16,72.75,75.99,70.84,5969475.0,435580254.0,15:34:59,2026-09-02
sh688606,奥泰生物,46.09,-0.59,-1.264,46.02,46.09,46.68,46.7,46.83,46.0,235964.0,10904997.0,15:34:59,2026-09-02
sh688607,康众医疗,39.91,-0.97,-2.373,39.91,39.99,40.88,40.71,40.96,39.72,1177123.0,47127798.0,15:00:03,2026-09-02
sh688608,恒玄科技,103.92,-3.29,-3.069,103.92,103.94,107.21,105.61,108.03,103.8,2649591.0,279627775.0,15:34:59,2026-09-02
sh688609,九联科技,9.16,-0.07,-0.758,9.16,9.17,9.23,9.2,9.26,9.11,9769829.0,89755777.0,15:00:04,2026-09-02
sh688610,埃科光电,157.51,-3.64,-2.259,157.51,157.89,161.15,158.53,161.8,156.53,1084960.0,172222421.0,15:34:59,2026-09-02
sh688611,杭州柯林,63.4,0.04,0.063,63.4,63.49,63.36,63.0,63.99,61.0,1326694.0,83152300.0,15:00:01,2026-09-02
sh688612,威迈斯,33.7,-0.25,-0.736,33.68,33.7,33.95,33.95,33.95,32.69,1987947.0,66153754.0,15:00:04,2026-09-02
sh688613,奥精医疗,16.67,1.05,6.722,16.66,16.67,15.62,15.48,16.93,15.31,7817728.0,127039185.0,15:34:59,2026-09-02
sh688615,合合信息,96.0,-2.37,-2.409,96.0,96.01,98.37,97.0,97.0,95.08,3197968.0,306686007.0,15:34:59,2026-09-02
sh688616,西力科技,11.24,-0.07,-0.619,11.24,11.3,11.31,11.2,11.35,11.1,1582081.0,17760912.0,15:00:05,2026-09-02
sh688617,惠泰医疗,245.2,-4.49,-1.798,245.2,245.45,249.69,249.69,252.87,244.58,1066685.0,264081023.0,15:00:00,2026-09-02
sh688618,三旺通信,30.4,-0.48,-1.554,30.4,30.41,30.88,30.39,30.8,29.86,1566412.0,47532133.0,15:00:04,2026-09-02
sh688619,罗普特,15.04,-0.41,-2.654,15.0,15.04,15.45,15.66,15.66,14.94,4873912.0,74035875.0,15:00:03,2026-09-02
sh688620,安凯微,16.16,-0.48,-2.885,16.16,16.17,16.64,16.42,16.86,16.12,13597779.0,223210722.0,15:34:59,2026-09-02
sh688621,阳光诺和,70.29,2.71,4.01,70.25,70.29,67.58,66.98,71.93,66.61,6091446.0,429428152.0,15:00:03,2026-09-02
sh688622,*ST禾信,86.45,-4.22,-4.654,86.45,86.58,90.67,90.0,90.69,85.0,412945.0,36069237.0,15:00:02,2026-09-02
sh688623,双元科技,56.8,-0.74,-1.286,56.8,56.94,57.54,56.7,57.88,56.22,446049.0,25368943.0,15:00:01,2026-09-02
sh688625,呈和科技,54.78,0.23,0.422,54.76,54.78,54.55,54.02,55.24,53.1,3726135.0,201613851.0,15:00:05,2026-09-02
sh688626,翔宇医疗,40.88,-1.56,-3.676,40.88,40.91,42.44,42.2,42.31,40.68,1893348.0,77751734.0,15:00:01,2026-09-02
sh688627,精智达,483.42,8.42,1.773,483.42,483.49,475.0,454.95,494.8,454.95,4813149.0,2313867955.0,15:34:59,2026-09-02
sh688628,优利德,77.77,-1.85,-2.324,77.52,77.77,79.62,78.31,79.6,77.3,2174484.0,170351341.0,15:34:59,2026-09-02
sh688629,华丰科技,126.49,-3.98,-3.051,126.48,126.49,130.47,129.05,130.0,125.0,9547759.0,1211186906.0,15:34:59,2026-09-02
sh688630,芯碁微装,389.41,-14.59,-3.611,389.41,389.5,404.0,398.0,401.88,389.0,3673393.0,1446526452.0,15:34:59,2026-09-02
sh688631,莱斯信息,40.64,-0.76,-1.836,40.64,40.65,41.4,41.12,41.58,40.2,2066185.0,84009575.0,15:00:04,2026-09-02
sh688633,星球石墨,23.15,-0.43,-1.824,23.15,23.16,23.58,23.42,23.45,22.91,3952929.0,91376359.0,15:00:04,2026-09-02
sh688635,长进光子,275.56,-6.04,-2.145,275.56,275.57,281.6,276.0,280.0,271.59,1063766.0,293378188.0,15:34:59,2026-09-02
sh688636,智明达,20.54,0.23,1.132,20.53,20.54,20.31,20.2,21.0,20.03,6240986.0,128102591.0,15:00:04,2026-09-02
sh688638,誉辰智能,33.63,-0.48,-1.407,33.63,33.71,34.11,33.8,34.14,33.33,377441.0,12710482.0,15:00:05,2026-09-02
sh688639,华恒生物,17.22,-0.39,-2.215,17.22,17.26,17.61,17.54,17.71,17.13,4784934.0,82813359.0,15:34:59,2026-09-02
sh688646,逸飞激光,73.5,2.19,3.071,73.48,73.5,71.31,70.0,75.51,69.86,2370628.0,173835475.0,15:00:05,2026-09-02
sh688648,中邮科技,33.8,-1.0,-2.874,33.8,33.82,34.8,34.81,34.95,33.7,2409748.0,82489312.0,15:00:03,2026-09-02
sh688651,盛邦安全,22.95,-0.34,-1.46,22.95,22.98,23.29,23.26,23.28,22.72,1413669.0,32501084.0,15:00:03,2026-09-02
sh688652,京仪装备,133.9,-4.1,-2.971,133.73,133.9,138.0,133.38,136.0,131.2,4242048.0,565713435.0,15:34:59,2026-09-02
sh688653,康希通信,13.79,-0.19,-1.359,13.79,13.8,13.98,13.76,13.93,13.7,7998673.0,110448870.0,15:34:59,2026-09-02
sh688655,迅捷兴,41.84,-1.74,-3.993,41.84,41.85,43.58,42.46,44.36,41.7,7424271.0,316621737.0,15:00:02,2026-09-02
sh688656,浩欧博,107.55,6.64,6.58,107.55,107.61,100.91,102.0,110.2,100.0,1333708.0,141784809.0,15:00:05,2026-09-02
sh688657,浩辰软件,33.04,-0.07,-0.211,33.04,33.05,33.11,33.39,33.64,32.37,846428.0,27926910.0,15:00:02,2026-09-02
sh688658,悦康药业,13.26,-0.36,-2.643,13.26,13.27,13.62,13.59,13.77,13.23,14319282.0,192293727.0,15:34:59,2026-09-02
sh688659,元琛科技,10.6,0.02,0.189,10.54,10.6,10.58,10.37,10.62,10.31,1984900.0,20786221.0,15:00:04,2026-09-02
sh688660,电气风电,7.61,-0.06,-0.782,7.6,7.61,7.67,7.6,7.65,7.45,11590738.0,87360632.0,15:34:59,2026-09-02
sh688661,和林微纳,102.4,-1.41,-1.358,102.4,102.42,103.81,102.06,103.58,100.1,2325668.0,236832797.0,15:00:04,2026-09-02
sh688662,富信科技,83.43,-2.0,-2.341,83.41,83.43,85.43,83.72,85.0,82.4,6297757.0,527117898.0,15:34:59,2026-09-02
sh688663,新风光,52.52,-0.65,-1.222,52.52,52.53,53.17,52.86,53.48,51.62,1752782.0,91572581.0,15:00:03,2026-09-02
sh688665,四方光电,44.61,-0.48,-1.065,44.61,44.76,45.09,44.43,45.7,44.33,245901.0,10975053.0,15:00:02,2026-09-02
sh688667,菱电电控,91.99,2.92,3.278,91.99,92.0,89.07,89.6,92.42,87.06,609777.0,54972702.0,15:00:04,2026-09-02
sh688668,鼎通科技,255.85,5.5,2.197,255.85,255.86,250.35,243.0,259.28,243.0,4257200.0,1081342487.0,15:00:03,2026-09-02
sh688669,聚石化学,73.66,-2.37,-3.117,73.5,73.66,76.03,75.67,77.68,73.1,3393691.0,256735840.0,15:34:59,2026-09-02
sh688670,金迪克,15.93,-0.38,-2.33,15.86,15.93,16.31,16.17,16.53,15.66,1560560.0,24778073.0,15:00:05,2026-09-02
sh688671,碧兴物联,25.03,-0.19,-0.753,24.97,25.03,25.22,25.37,25.37,24.66,999761.0,24966823.0,15:00:02,2026-09-02
sh688676,金盘科技,63.95,-0.51,-0.791,63.94,63.95,64.46,63.6,64.83,62.8,7272868.0,465433918.0,15:34:59,2026-09-02
sh688677,海泰新光,82.5,-3.0,-3.509,82.5,82.51,85.5,84.26,85.48,79.52,7646369.0,628288055.0,15:00:03,2026-09-02
sh688678,福立旺,20.36,-0.49,-2.35,20.34,20.36,20.85,20.61,20.98,20.1,13384354.0,273093036.0,15:00:03,2026-09-02
sh688679,通源环境,42.19,-0.48,-1.125,42.18,42.19,42.67,42.24,43.13,40.87,3858978.0,162383784.0,15:00:03,2026-09-02
sh688680,海优新材,32.86,-0.28,-0.845,32.8,32.86,33.14,32.83,33.24,31.99,2122933.0,69135438.0,15:00:00,2026-09-02
sh688681,科汇股份,16.46,-0.12,-0.724,16.41,16.46,16.58,16.58,16.59,16.17,1861564.0,30561557.0,15:00:03,2026-09-02
sh688682,霍莱沃,31.35,0.15,0.481,31.35,31.36,31.2,30.82,31.59,30.68,1026236.0,31992781.0,15:00:04,2026-09-02
sh688683,莱尔科技,28.9,-0.63,-2.133,28.9,28.91,29.53,29.53,29.53,28.54,859108.0,24832871.0,15:00:02,2026-09-02
sh688685,迈信林,37.57,-0.86,-2.238,37.56,37.57,38.43,38.3,38.3,37.0,3080772.0,116250995.0,15:34:59,2026-09-02
sh688686,奥普特,148.65,-2.89,-1.907,148.57,148.65,151.54,148.51,156.66,146.65,2349692.0,355933137.0,15:34:59,2026-09-02
sh688687,凯因科技,17.93,-0.28,-1.538,17.93,17.95,18.21,18.12,18.25,17.9,1506024.0,27144738.0,15:00:02,2026-09-02
sh688689,银河微电,38.3,-0.76,-1.946,38.3,38.31,39.06,38.68,38.88,37.66,3492853.0,133304603.0,15:34:59,2026-09-02
sh688690,纳微科技,35.3,-0.49,-1.369,35.3,35.31,35.79,35.79,36.09,35.17,9011225.0,320220185.0,15:34:59,2026-09-02
sh688691,灿芯股份,63.89,-0.63,-0.976,63.87,63.89,64.52,63.57,64.37,63.04,2419506.0,153942830.0,15:34:59,2026-09-02
sh688692,达梦数据,207.2,-4.98,-2.347,207.19,207.2,212.18,210.0,210.06,206.65,925207.0,192217321.0,15:34:59,2026-09-02
sh688693,锴威特,73.91,-1.17,-1.558,73.91,73.99,75.08,73.51,74.88,72.51,1268278.0,93332172.0,15:00:03,2026-09-02
sh688695,中创股份,20.15,-0.27,-1.322,20.08,20.15,20.42,20.21,20.23,19.82,854904.0,17132705.0,15:00:02,2026-09-02
sh688696,极米科技,83.7,0.4,0.48,83.7,83.71,83.3,83.3,85.52,80.8,2354134.0,196755752.0,15:34:59,2026-09-02
sh688697,纽威数控,14.85,-0.45,-2.941,14.85,14.86,15.3,15.3,15.3,14.76,7368059.0,110101455.0,15:00:03,2026-09-02
sh688698,伟创电气,42.0,-0.38,-0.897,41.95,42.0,42.38,41.9,42.37,41.6,2060018.0,86374444.0,15:00:02,2026-09-02
sh688699,明微电子,59.6,-1.03,-1.699,59.56,59.6,60.63,60.0,60.56,59.2,2002180.0,119605254.0,15:00:03,2026-09-02
sh688700,东威科技,57.29,-1.52,-2.585,57.28,57.29,58.81,57.0,58.6,56.94,8827569.0,507191077.0,15:34:59,2026-09-02
sh688701,卓锦股份,9.5,-0.03,-0.315,9.48,9.5,9.53,9.43,9.58,9.34,2517896.0,23804767.0,15:00:04,2026-09-02
sh688702,盛科通信,362.41,-6.81,-1.844,362.4,362.41,369.22,359.65,369.99,354.28,4553826.0,1649423949.0,15:34:59,2026-09-02
sh688707,振华新材,10.4,-0.13,-1.235,10.39,10.4,10.53,10.42,10.49,10.23,6419866.0,66444480.0,15:00:02,2026-09-02
sh688708,佳驰科技,40.65,0.54,1.346,40.64,40.65,40.11,40.11,41.7,39.48,2097271.0,85113841.0,15:00:02,2026-09-02
sh688709,成都华微,24.67,-0.71,-2.797,24.66,24.67,25.38,25.01,25.38,24.56,4325843.0,107231580.0,15:34:59,2026-09-02
sh688710,益诺思,79.7,-2.04,-2.496,79.7,79.79,81.74,82.74,84.48,79.55,3932748.0,320957367.0,15:00:04,2026-09-02
sh688711,宏微科技,24.16,-0.74,-2.972,24.16,24.17,24.9,24.56,24.69,23.95,6251597.0,151450742.0,15:34:59,2026-09-02
sh688712,北芯生命,31.9,-0.48,-1.482,31.9,31.91,32.38,32.4,32.46,31.84,1254417.0,40151208.0,15:00:02,2026-09-02
sh688716,中研股份,27.88,0.15,0.541,27.87,27.88,27.73,27.67,28.1,27.41,1486788.0,41321532.0,15:00:01,2026-09-02
sh688717,艾罗能源,45.49,-1.53,-3.254,45.49,45.53,47.02,46.61,46.61,45.18,4760349.0,217299802.0,15:34:59,2026-09-02
sh688718,唯赛勃,14.38,0.34,2.422,14.35,14.38,14.04,13.97,14.57,13.9,2413931.0,34368372.0,15:00:03,2026-09-02
sh688719,爱科赛博,50.62,-1.16,-2.24,50.62,50.64,51.78,51.09,52.14,49.8,3324959.0,169059827.0,15:00:00,2026-09-02
sh688720,艾森股份,60.1,-1.99,-3.205,60.1,60.25,62.09,61.0,62.0,59.58,3052558.0,184617975.0,15:00:03,2026-09-02
sh688721,龙图光罩,38.85,-0.2,-0.512,38.85,38.86,39.05,38.66,39.15,37.9,2816031.0,108144363.0,15:00:01,2026-09-02
sh688722,同益中,14.77,0.22,1.512,14.77,14.78,14.55,14.42,14.82,14.37,4445463.0,65105477.0,15:00:02,2026-09-02
sh688726,拉普拉斯,43.75,-1.13,-2.518,43.74,43.75,44.88,44.45,44.78,43.53,4459510.0,196057082.0,15:34:59,2026-09-02
sh688727,恒坤新材,47.7,-1.15,-2.354,47.69,47.7,48.85,47.95,48.45,47.18,2026187.0,96705516.0,15:34:59,2026-09-02
sh688728,格科微,14.52,-0.29,-1.958,14.51,14.52,14.81,14.68,14.78,14.48,16236352.0,236343728.0,15:34:59,2026-09-02
sh688729,屹唐股份,23.0,-0.67,-2.831,23.0,23.01,23.67,23.29,23.33,22.9,19854304.0,458111974.0,15:34:59,2026-09-02
sh688733,壹石通,29.07,-0.48,-1.624,29.07,29.1,29.55,29.67,29.75,28.9,4400515.0,128676633.0,15:34:59,2026-09-02
sh688737,中自科技,17.55,-0.04,-0.227,17.55,17.56,17.59,17.46,17.85,17.17,1486779.0,25982989.0,15:00:03,2026-09-02
sh688739,成大生物,20.49,-0.39,-1.868,20.48,20.49,20.88,20.84,20.88,20.47,1701118.0,34962191.0,15:00:03,2026-09-02
sh688750,金天钛业,14.63,0.17,1.176,14.63,14.64,14.46,14.35,14.84,14.26,4310783.0,62856027.0,15:34:59,2026-09-02
sh688755,汉邦科技,26.9,-0.58,-2.111,26.87,26.9,27.48,27.22,27.45,26.76,851228.0,22978102.0,15:34:59,2026-09-02
sh688757,胜科纳米,29.28,-0.37,-1.248,29.28,29.3,29.65,29.22,29.79,29.05,5177477.0,152020095.0,15:00:03,2026-09-02
sh688758,赛分科技,27.37,0.0,0.0,27.36,27.37,27.37,27.7,28.87,27.3,10108466.0,283478962.0,15:34:59,2026-09-02
sh688759,必贝特,23.67,-0.65,-2.673,23.67,23.68,24.32,24.36,24.45,23.55,3736834.0,89226752.0,15:00:04,2026-09-02
sh688765,禾元生物,37.05,-0.52,-1.384,37.05,37.06,37.57,37.44,37.9,36.92,2359368.0,88042132.0,15:34:59,2026-09-02
sh688766,普冉股份,388.5,-10.0,-2.509,388.48,388.5,398.5,391.12,399.28,387.6,5267176.0,2066627349.0,15:34:59,2026-09-02
sh688767,博拓生物,37.93,-1.02,-2.619,37.89,37.93,38.95,38.57,38.97,37.61,1846698.0,70575962.0,15:00:04,2026-09-02
sh688768,容知日新,42.2,-0.88,-2.043,42.2,42.34,43.08,42.72,42.95,40.79,1031035.0,42879686.0,15:00:03,2026-09-02
sh688772,珠海冠宇,15.71,0.16,1.029,15.71,15.72,15.55,15.41,16.15,15.33,26576222.0,419891500.0,15:34:59,2026-09-02
sh688775,影石创新,113.28,-3.78,-3.229,113.28,113.29,117.06,116.03,116.79,112.22,3826483.0,435437714.0,15:34:59,2026-09-02
sh688776,国光电气,47.86,-0.37,-0.767,47.84,47.86,48.23,48.42,48.42,47.2,1190663.0,56785412.0,15:34:59,2026-09-02
sh688777,中控技术,90.88,-5.12,-5.333,90.85,90.88,96.0,94.13,95.87,90.05,12380409.0,1140794086.0,15:34:59,2026-09-02
sh688778,厦钨新能,44.4,-1.0,-2.203,44.39,44.4,45.4,44.92,45.35,43.54,7112152.0,314563201.0,15:34:59,2026-09-02
sh688779,五矿新能,7.81,-0.22,-2.74,7.8,7.81,8.03,7.96,8.0,7.73,20662945.0,161262351.0,15:34:59,2026-09-02
sh688781,视涯科技,43.16,1.13,2.689,43.16,43.19,42.03,41.23,44.8,41.2,3135874.0,136404715.0,15:00:04,2026-09-02
sh688783,西安奕材,28.93,-0.55,-1.866,28.92,28.93,29.48,28.67,29.24,28.41,13664371.0,393863680.0,15:34:59,2026-09-02
sh688785,恒运昌,277.1,14.41,5.486,277.09,277.1,262.69,261.0,278.44,255.21,732310.0,197414428.0,15:34:59,2026-09-02
sh688786,悦安新材,25.89,-0.35,-1.334,25.89,25.9,26.24,26.01,26.21,25.62,3418177.0,88496922.0,15:34:59,2026-09-02
sh688787,海天瑞声,95.0,-3.16,-3.219,95.0,95.03,98.16,96.03,97.97,94.58,1786907.0,171241626.0,15:00:03,2026-09-02
sh688788,科思科技,31.35,0.77,2.518,31.34,31.35,30.58,30.38,32.32,30.03,4847296.0,151913598.0,15:00:03,2026-09-02
sh688789,宏华数科,42.0,-3.3,-7.285,42.0,42.01,45.3,44.8,44.82,41.9,3056053.0,130534465.0,15:34:59,2026-09-02
sh688790,昂瑞微,110.22,-3.28,-2.89,110.22,110.24,113.5,110.0,113.33,109.7,706867.0,78206186.0,15:00:03,2026-09-02
sh688793,倍轻松,18.77,-0.17,-0.898,18.77,18.78,18.94,18.77,18.93,18.44,1651139.0,30797503.0,15:00:04,2026-09-02
sh688795,摩尔线程,532.99,0.79,0.148,532.57,532.99,532.2,522.25,536.38,520.23,662521.0,349637508.0,15:34:59,2026-09-02
sh688796,百奥赛图,126.1,4.78,3.94,126.07,126.1,121.32,121.29,127.96,118.56,4177341.0,520376557.0,15:34:59,2026-09-02
sh688797,臻宝科技,280.01,-8.99,-3.111,280.01,280.1,289.0,284.0,287.53,278.0,1996931.0,562425206.0,15:34:59,2026-09-02
sh688798,艾为电子,65.6,0.6,0.923,65.57,65.6,65.0,64.68,66.3,64.2,4313763.0,281723634.0,15:34:59,2026-09-02
sh688799,华纳药厂,48.05,-0.68,-1.395,48.05,48.06,48.73,48.79,48.88,47.36,1827747.0,87867817.0,15:00:03,2026-09-02
sh688800,瑞可达,60.3,-1.7,-2.742,60.3,60.35,62.0,60.8,61.5,59.8,7448846.0,449995946.0,15:00:00,2026-09-02
sh688802,沐曦股份,664.15,-8.58,-1.275,664.15,664.19,672.73,659.0,669.6,645.68,905216.0,595389929.0,15:34:59,2026-09-02
sh688805,健信超导,43.14,0.15,0.349,43.14,43.15,42.99,42.85,43.5,41.42,1817568.0,77144249.0,15:00:02,2026-09-02
sh688806,泰诺麦博,23.09,-0.32,-1.367,23.08,23.09,23.41,23.3,23.3,22.52,2957427.0,68001469.0,15:34:59,2026-09-02
sh688807,优迅股份,307.0,-6.0,-1.917,306.98,307.0,313.0,305.0,312.88,300.0,1452506.0,443197299.0,15:00:01,2026-09-02
sh688808,联讯仪器,2399.8,0.8,0.033,2399.79,2399.8,2399.0,2380.0,2518.0,2350.0,920367.0,2237132216.0,15:34:59,2026-09-02
sh688809,强一股份,447.38,-1.12,-0.25,447.38,447.67,448.5,444.27,454.84,436.0,1028208.0,456150207.0,15:34:59,2026-09-02
sh688811,有研复材,20.91,-0.37,-1.739,20.9,20.91,21.28,21.19,21.19,20.71,3891024.0,81114833.0,15:34:59,2026-09-02
sh688813,泰金新能,108.8,-3.7,-3.289,108.79,108.8,112.5,110.66,112.38,108.05,2292642.0,251052393.0,15:00:01,2026-09-02
sh688816,易思维,48.87,-1.48,-2.939,48.86,48.87,50.35,49.51,49.99,48.81,555528.0,27292784.0,15:00:03,2026-09-02
sh688818,电科蓝天,44.5,-0.71,-1.57,44.49,44.5,45.21,45.0,45.35,44.35,4295300.0,192367643.0,15:00:03,2026-09-02
sh688819,天能股份,21.26,-0.36,-1.665,21.25,21.26,21.62,21.48,21.64,21.16,1804848.0,38370732.0,15:00:04,2026-09-02
sh688820,盛合晶微,128.91,-0.54,-0.417,128.91,128.93,129.45,125.0,131.39,125.0,6652523.0,859921348.0,15:34:59,2026-09-02
sh688825,长鑫科技,54.32,-2.18,-3.858,54.32,54.33,56.5,55.55,55.88,54.0,243949672.0,13357687463.0,15:34:59,2026-09-02
sh688826,频准激光,784.01,-30.34,-3.726,784.01,784.6,814.35,790.0,812.0,778.18,1067215.0,843238709.0,15:34:59,2026-09-02
sh688828,国仪公司,95.33,-1.23,-1.274,95.33,95.4,96.56,95.01,98.99,94.79,2788496.0,267671036.0,15:34:59,2026-09-02
sh688835,高凯技术,278.87,13.67,5.155,278.55,278.87,265.2,257.0,284.86,245.11,3445201.0,927926526.0,15:34:59,2026-09-02
sh688836,宇树科技,546.02,-25.08,-4.392,546.02,546.03,571.1,557.0,562.84,545.0,4145915.0,2277873469.0,15:34:59,2026-09-02
sh688981,中芯国际,122.55,-3.56,-2.823,122.55,122.56,126.11,124.58,124.58,122.0,28545334.0,3518403461.0,15:34:59,2026-09-02
sz000001,平安银行,11.91,-0.01,-0.084,11.9,11.91,11.92,11.92,11.99,11.85,89224752.0,1063261810.0,15:36:00,2026-09-02
sz000002,万 科Ａ,3.08,-0.08,-2.532,3.08,3.09,3.16,3.12,3.15,3.06,153533940.0,473280965.0,15:35:15,2026-09-02
sz000006,深振业Ａ,7.04,-0.16,-2.222,7.03,7.04,7.2,7.08,7.17,6.95,15645283.0,109827947.0,15:35:30,2026-09-02
sz000007,全新好,12.93,0.07,0.544,12.93,12.94,12.86,12.81,13.16,12.66,9409500.0,121212909.0,15:35:45,2026-09-02
sz000008,神州高铁,2.53,-0.03,-1.172,2.53,2.54,2.56,2.56,2.57,2.52,25893600.0,65704202.0,15:36:00,2026-09-02
sz000009,中国宝安,7.2,0.01,0.139,7.19,7.2,7.19,7.15,7.22,7.06,20279580.0,145132193.0,15:35:15,2026-09-02
sz000010,*ST美丽,1.65,-0.02,-1.198,1.65,1.66,1.67,1.66,1.7,1.63,15083100.0,24934833.0,15:35:30,2026-09-02
sz000011,深物业A,8.69,-0.47,-5.131,8.69,8.7,9.16,8.81,9.12,8.39,41658187.0,359811524.0,15:35:45,2026-09-02
sz000012,南 玻Ａ,3.74,-0.02,-0.532,3.73,3.74,3.76,3.74,3.74,3.69,15635400.0,58021581.0,15:36:00,2026-09-02
sz000014,沙河股份,10.76,-0.19,-1.735,10.76,10.78,10.95,10.96,11.12,10.62,7663269.0,82528717.0,15:35:15,2026-09-02
sz000016,*ST康佳A,2.46,0.0,0.0,2.45,2.46,2.46,2.45,2.46,2.45,140183729.0,344125560.0,15:35:30,2026-09-02
sz000017,深中华A,11.75,0.0,0.0,11.74,11.75,11.75,11.32,11.78,11.32,106791383.0,1240198199.0,15:35:45,2026-09-02
sz000019,深粮控股,7.18,-0.74,-9.343,7.16,7.18,7.92,8.08,8.14,7.13,61608914.0,453755737.0,15:36:00,2026-09-02
sz000020,深华发Ａ,12.63,-0.42,-3.218,12.63,12.64,13.05,12.88,13.05,12.6,7610108.0,97046168.0,15:35:15,2026-09-02
sz000021,深科技,35.54,-0.99,-2.71,35.53,35.54,36.53,35.96,35.99,35.35,45614743.0,1626172466.0,15:35:30,2026-09-02
sz000025,特 力Ａ,15.53,-1.08,-6.502,15.52,15.53,16.61,16.31,16.38,15.36,18854275.0,296128546.0,15:35:45,2026-09-02
sz000026,飞亚达,19.82,-0.34,-1.687,19.82,19.83,20.16,19.96,20.0,19.48,6295150.0,124065535.0,15:36:00,2026-09-02
sz000027,深圳能源,6.31,-0.07,-1.097,6.31,6.32,6.38,6.38,6.39,6.29,20637191.0,130455505.0,15:35:15,2026-09-02
sz000028,国药一致,20.03,-0.09,-0.447,20.02,20.03,20.12,20.1,20.15,19.95,1594594.0,31904774.0,15:35:30,2026-09-02
sz000029,深深房Ａ,21.96,-0.31,-1.392,21.96,21.97,22.27,22.58,22.96,21.78,3940000.0,86949291.0,15:35:45,2026-09-02
sz000030,富奥股份,4.07,-0.01,-0.245,4.06,4.07,4.08,4.07,4.08,4.01,8357209.0,33796791.0,15:36:00,2026-09-02
sz000031,大悦城,2.22,-0.05,-2.203,2.22,2.23,2.27,2.25,2.26,2.16,54390168.0,119540860.0,15:35:15,2026-09-02
sz000032,深桑达Ａ,14.44,-0.29,-1.969,14.43,14.44,14.73,14.55,14.65,14.25,21960263.0,316886254.0,15:35:30,2026-09-02
sz000034,神州数码,23.68,-0.16,-0.671,23.68,23.69,23.84,23.55,23.87,23.37,15026733.0,354665741.0,15:35:45,2026-09-02
sz000035,中国天楹,4.75,-0.12,-2.464,4.75,4.76,4.87,4.85,4.88,4.7,31881700.0,151660801.0,15:36:00,2026-09-02
sz000036,华联控股,3.94,-0.06,-1.5,3.94,3.95,4.0,3.98,3.99,3.88,25157713.0,98664992.0,15:35:15,2026-09-02
sz000037,深南电A,9.34,-0.31,-3.212,9.34,9.35,9.65,9.62,9.62,9.34,11989300.0,112826937.0,15:35:30,2026-09-02
sz000039,中集集团,8.62,-0.42,-4.646,8.62,8.63,9.04,9.0,9.03,8.59,38159643.0,332105503.0,15:35:45,2026-09-02
sz000042,中洲控股,8.71,0.0,0.0,8.71,8.72,8.71,8.71,8.78,8.51,6725701.0,58044250.0,15:36:00,2026-09-02
sz000045,深纺织Ａ,11.08,-0.22,-1.947,11.07,11.08,11.3,11.24,11.3,11.02,5632876.0,62697006.0,15:35:15,2026-09-02
sz000048,京基智农,22.93,-0.32,-1.376,22.91,22.93,23.25,23.04,23.38,22.7,11638007.0,267310440.0,15:35:30,2026-09-02
sz000049,德赛电池,23.13,-0.22,-0.942,23.13,23.14,23.35,23.28,23.28,23.05,4796793.0,110994395.0,15:35:45,2026-09-02
sz000050,深天马Ａ,6.62,-0.14,-2.071,6.61,6.62,6.76,6.7,6.73,6.58,17629300.0,116747758.0,15:36:00,2026-09-02
sz000055,方大集团,3.6,-0.05,-1.37,3.59,3.6,3.65,3.63,3.63,3.56,8098603.0,29082966.0,15:35:15,2026-09-02
sz000056,*ST皇庭,2.33,0.11,4.955,2.32,2.33,2.22,2.28,2.44,2.24,43663900.0,101774382.0,15:35:30,2026-09-02
sz000058,深 赛 格,7.08,-0.05,-0.701,7.07,7.08,7.13,7.1,7.12,6.99,5491452.0,38716648.0,15:35:45,2026-09-02
sz000059,华锦股份,5.88,-0.13,-2.163,5.88,5.89,6.01,6.2,6.25,5.85,117881341.0,703796791.0,15:36:00,2026-09-02
sz000060,中金岭南,6.59,-0.25,-3.655,6.59,6.6,6.84,6.67,6.67,6.49,132740272.0,873107413.0,15:35:15,2026-09-02
sz000061,农 产 品,6.22,-0.44,-6.607,6.22,6.23,6.66,6.6,6.62,6.21,52003510.0,328914135.0,15:35:30,2026-09-02
sz000062,深圳华强,24.64,0.23,0.942,24.64,24.65,24.41,24.15,25.0,24.15,48806690.0,1206596207.0,15:35:45,2026-09-02
sz000063,中兴通讯,33.49,-0.79,-2.305,33.48,33.49,34.28,34.69,34.89,33.29,104805031.0,3537357675.0,15:36:00,2026-09-02
sz000065,北方国际,9.82,-0.27,-2.676,9.81,9.82,10.09,10.0,10.02,9.79,23295354.0,230170980.0,15:35:15,2026-09-02
sz000066,中国长城,14.41,-0.1,-0.689,14.41,14.42,14.51,14.34,14.54,14.25,44185041.0,635841531.0,15:35:30,2026-09-02
sz000068,华控赛格,3.24,-0.01,-0.308,3.24,3.25,3.25,3.26,3.26,3.2,9969160.0,32207882.0,15:35:45,2026-09-02
sz000069,华侨城Ａ,1.81,-0.01,-0.549,1.81,1.82,1.82,1.82,1.83,1.76,60699222.0,108772045.0,15:36:00,2026-09-02
sz000070,特发信息,15.54,-0.12,-0.766,15.54,15.55,15.66,15.35,15.74,15.31,33996409.0,529464466.0,15:35:15,2026-09-02
sz000078,ST海王,1.42,-0.05,-3.401,1.42,1.43,1.47,1.43,1.45,1.41,84194445.0,120092828.0,15:35:30,2026-09-02
sz000088,盐 田 港,4.54,-0.05,-1.089,4.54,4.55,4.59,4.58,4.58,4.51,16802832.0,76437706.0,15:35:45,2026-09-02
sz000089,深圳机场,6.53,-0.12,-1.805,6.53,6.54,6.65,6.63,6.67,6.52,11497100.0,75344498.0,15:36:00,2026-09-02
sz000090,天健集团,3.51,-0.03,-0.847,3.51,3.52,3.54,3.52,3.55,3.48,14728538.0,51713214.0,15:35:15,2026-09-02
sz000096,广聚能源,8.37,0.02,0.24,8.36,8.37,8.35,8.42,8.47,8.26,7960801.0,66457558.0,15:35:30,2026-09-02
sz000099,中信海直,13.83,-0.1,-0.718,13.82,13.83,13.93,13.86,13.93,13.61,6961542.0,95789097.0,15:35:45,2026-09-02
sz000100,TCL科技,4.89,-0.11,-2.2,4.88,4.89,5.0,4.96,4.98,4.85,383062255.0,1874491427.0,15:36:00,2026-09-02
sz000151,中成股份,10.29,0.04,0.39,10.29,10.3,10.25,10.2,10.38,10.05,6073900.0,61989903.0,15:35:15,2026-09-02
sz000153,丰原药业,6.34,-0.07,-1.092,6.34,6.35,6.41,6.36,6.43,6.33,12656820.0,80593418.0,15:35:30,2026-09-02
sz000155,川能动力,12.25,-0.35,-2.778,12.25,12.26,12.6,12.55,12.55,12.13,34102231.0,418377913.0,15:35:45,2026-09-02
sz000156,华数传媒,6.95,-0.16,-2.25,6.95,6.96,7.11,7.02,7.13,6.93,9733449.0,67983545.0,15:36:00,2026-09-02
sz000157,中联重科,6.59,-0.14,-2.08,6.59,6.6,6.73,6.69,6.71,6.58,51515599.0,340997222.0,15:35:15,2026-09-02
sz000158,常山北明,13.81,-0.07,-0.504,13.81,13.82,13.88,13.92,14.35,13.69,117238430.0,1643836876.0,15:35:30,2026-09-02
sz000159,国际实业,5.83,-0.13,-2.181,5.83,5.84,5.96,5.94,5.97,5.81,8451500.0,49521778.0,15:35:45,2026-09-02
sz000166,申万宏源,4.52,-0.06,-1.31,4.52,4.53,4.58,4.56,4.58,4.51,58936377.0,267431773.0,15:36:00,2026-09-02
sz000301,东方盛虹,13.81,-0.64,-4.429,13.81,13.82,14.45,14.57,14.64,13.79,37710341.0,528680373.0,15:35:15,2026-09-02
sz000333,美的集团,86.98,-0.51,-0.583,86.95,86.98,87.49,87.37,87.89,86.68,12320101.0,1070635834.0,15:35:30,2026-09-02
sz000338,潍柴动力,25.88,-1.47,-5.375,25.87,25.88,27.35,27.1,27.2,25.84,105425460.0,2754848201.0,15:35:45,2026-09-02
sz000400,许继电气,21.06,-0.43,-2.001,21.06,21.07,21.49,21.4,21.45,21.04,9495425.0,200561808.0,15:36:00,2026-09-02
sz000401,金隅冀东,3.54,-0.08,-2.21,3.54,3.55,3.62,3.61,3.61,3.52,12006290.0,42610780.0,15:35:15,2026-09-02
sz000402,金 融 街,2.53,-0.03,-1.172,2.53,2.54,2.56,2.55,2.57,2.47,65470276.0,164562552.0,15:35:30,2026-09-02
sz000403,派林生物,10.21,-0.2,-1.921,10.2,10.21,10.41,10.41,10.42,10.17,5895140.0,60267466.0,15:35:45,2026-09-02
sz000404,长虹华意,7.07,-0.07,-0.98,7.07,7.08,7.14,7.12,7.12,7.04,6848609.0,48463327.0,15:36:00,2026-09-02
sz000407,胜利股份,4.32,0.01,0.232,4.31,4.32,4.31,4.34,4.39,4.26,20522196.0,88486372.0,15:35:15,2026-09-02
sz000408,藏格矿业,76.15,-2.78,-3.522,76.15,76.18,78.93,77.47,77.84,75.64,11889576.0,909359699.0,15:35:30,2026-09-02
sz000409,云鼎科技,9.23,-0.16,-1.704,9.22,9.23,9.39,9.3,9.51,9.2,12052250.0,112200461.0,15:35:45,2026-09-02
sz000410,沈阳机床,5.31,0.05,0.951,5.31,5.32,5.26,5.22,5.34,5.17,19955273.0,105198539.0,15:36:00,2026-09-02
sz000411,英特集团,10.03,-0.13,-1.28,10.03,10.04,10.16,10.1,10.14,10.0,3492019.0,35137607.0,15:35:15,2026-09-02
sz000415,渤海租赁,4.43,-0.14,-3.063,4.43,4.44,4.57,4.56,4.56,4.36,75503272.0,334957767.0,15:35:30,2026-09-02
sz000417,合百集团,5.88,-0.15,-2.488,5.88,5.89,6.03,5.99,6.01,5.81,27358425.0,161451793.0,15:35:45,2026-09-02
sz000419,通程控股,5.1,-0.03,-0.585,5.09,5.1,5.13,5.12,5.12,5.03,6279700.0,31890171.0,15:36:00,2026-09-02
sz000420,吉林化纤,3.72,-0.05,-1.326,3.71,3.72,3.77,3.76,3.77,3.69,37822588.0,140537954.0,15:35:15,2026-09-02
sz000421,南京公用,5.91,0.06,1.026,5.91,5.92,5.85,5.88,5.94,5.8,12741340.0,74889252.0,15:35:30,2026-09-02
sz000422,湖北宜化,12.75,-0.25,-1.923,12.74,12.75,13.0,13.06,13.14,12.6,28105175.0,358620592.0,15:35:45,2026-09-02
sz000423,东阿阿胶,47.42,-0.17,-0.357,47.41,47.42,47.59,47.77,47.77,47.15,3664600.0,173499436.0,15:36:00,2026-09-02
sz000425,徐工机械,7.97,-0.27,-3.277,7.97,7.98,8.24,8.1,8.16,7.89,153557335.0,1227937996.0,15:35:15,2026-09-02
sz000426,兴业银锡,38.02,-1.26,-3.208,38.02,38.03,39.28,37.51,38.47,36.4,74537819.0,2786495768.0,15:35:30,2026-09-02
sz000428,华天酒店,4.44,-0.15,-3.268,4.44,4.45,4.59,4.58,4.6,4.38,68688140.0,307474851.0,15:35:45,2026-09-02
sz000429,粤高速Ａ,13.26,-0.02,-0.151,13.25,13.26,13.28,13.28,13.3,13.11,7318284.0,96564674.0,15:36:00,2026-09-02
sz000430,张家界,7.22,0.08,1.12,7.21,7.22,7.14,7.13,7.42,7.02,22664096.0,164123426.0,15:35:15,2026-09-02
sz000488,ST晨鸣,1.92,-0.02,-1.031,1.92,1.93,1.94,1.93,1.94,1.92,5090468.0,9800887.0,15:35:30,2026-09-02
sz000498,山东路桥,4.94,-0.08,-1.594,4.93,4.94,5.02,5.01,5.03,4.93,10514200.0,52064739.0,15:35:45,2026-09-02
sz000501,武商集团,7.38,-0.04,-0.539,7.38,7.39,7.42,7.38,7.44,7.26,11668596.0,85701066.0,15:36:00,2026-09-02
sz000503,国新健康,7.17,-0.21,-2.846,7.17,7.18,7.38,7.32,7.39,7.15,13944226.0,100782613.0,15:35:15,2026-09-02
sz000504,南华生物,8.15,-0.12,-1.451,8.14,8.15,8.27,8.26,8.31,8.07,3630400.0,29546492.0,15:35:30,2026-09-02
sz000505,京粮控股,7.09,-0.65,-8.398,7.08,7.09,7.74,8.51,8.51,6.98,122648808.0,921721082.0,15:35:45,2026-09-02
sz000506,招金黄金,21.08,1.01,5.032,21.08,21.09,20.07,19.41,21.2,18.93,100400882.0,2015723992.0,15:36:00,2026-09-02
sz000507,珠海港,5.06,-0.03,-0.589,5.05,5.06,5.09,5.08,5.1,5.03,9150427.0,46216842.0,15:35:15,2026-09-02
sz000509,华塑控股,3.54,0.04,1.143,3.53,3.54,3.5,3.47,3.55,3.42,17550488.0,61350739.0,15:35:30,2026-09-02
sz000510,新金路,17.06,-0.25,-1.444,17.05,17.06,17.31,17.01,17.25,16.61,22559169.0,383107202.0,15:35:45,2026-09-02
sz000513,丽珠集团,26.55,-0.15,-0.562,26.55,26.56,26.7,26.66,26.78,26.46,3651751.0,96939968.0,15:36:00,2026-09-02
sz000514,渝 开 发,4.21,-0.02,-0.473,4.21,4.22,4.23,4.19,4.29,4.1,24777830.0,103525378.0,15:35:15,2026-09-02
sz000516,国际医学,4.08,-0.07,-1.687,4.08,4.09,4.15,4.14,4.14,4.08,14248450.0,58376608.0,15:35:30,2026-09-02
sz000517,荣安地产,2.25,0.04,1.81,2.25,2.26,2.21,2.19,2.3,2.15,44622208.0,99984815.0,15:35:45,2026-09-02
sz000518,四环生物,3.94,-0.04,-1.005,3.94,3.95,3.98,3.96,3.99,3.88,32839308.0,129124588.0,15:36:00,2026-09-02
sz000519,中兵红箭,15.62,0.98,6.694,15.62,15.63,14.64,14.5,15.66,14.45,136046305.0,2090407457.0,15:35:15,2026-09-02
sz000520,凤凰航运,4.19,-0.04,-0.946,4.19,4.2,4.23,4.5,4.65,4.18,87547049.0,381587123.0,15:35:30,2026-09-02
sz000521,长虹美菱,4.85,-0.04,-0.818,4.84,4.85,4.89,4.87,4.88,4.82,4186300.0,20278368.0,15:35:45,2026-09-02
sz000523,红棉股份,3.36,-0.1,-2.89,3.35,3.36,3.46,3.47,3.48,3.34,64290640.0,217301342.0,15:36:00,2026-09-02
sz000524,岭南控股,10.54,0.03,0.285,10.54,10.55,10.51,10.46,10.6,10.38,12252050.0,128692089.0,15:35:15,2026-09-02
sz000525,红太阳,4.72,-0.16,-3.279,4.71,4.72,4.88,4.87,4.88,4.7,34642583.0,164686245.0,15:35:30,2026-09-02
sz000526,学大教育,37.41,-0.69,-1.811,37.41,37.42,38.1,37.88,38.46,36.77,4461813.0,167234384.0,15:35:45,2026-09-02
sz000528,柳 工,7.83,-0.12,-1.509,7.82,7.83,7.95,7.93,7.94,7.81,26795794.0,209949060.0,15:36:00,2026-09-02
sz000529,广弘控股,5.01,-0.1,-1.957,5.0,5.01,5.11,5.08,5.1,4.99,5655300.0,28408266.0,15:35:15,2026-09-02
sz000530,冰山冷热,5.38,0.15,2.868,5.37,5.38,5.23,5.33,5.46,5.2,44218382.0,236016833.0,15:35:30,2026-09-02
sz000531,穗恒运Ａ,5.59,-0.06,-1.062,5.59,5.6,5.65,5.62,5.67,5.59,5080694.0,28468911.0,15:35:45,2026-09-02
sz000532,华金资本,11.55,-0.09,-0.773,11.55,11.56,11.64,11.6,11.65,11.41,4996673.0,57672130.0,15:36:00,2026-09-02
sz000533,顺钠股份,11.88,0.07,0.593,11.88,11.89,11.81,11.69,12.12,11.66,66033537.0,785127877.0,15:35:15,2026-09-02
sz000534,万泽股份,22.6,-0.51,-2.207,22.6,22.61,23.11,22.9,22.91,22.38,11055489.0,249882468.0,15:35:30,2026-09-02
sz000536,华映科技,3.76,-0.2,-5.051,3.76,3.77,3.96,3.73,3.85,3.71,168396585.0,634495874.0,15:35:45,2026-09-02
sz000537,绿发电力,7.49,-0.1,-1.318,7.49,7.5,7.59,7.55,7.59,7.46,11339293.0,85086686.0,15:36:00,2026-09-02
sz000538,云南白药,50.6,-0.08,-0.158,50.6,50.61,50.68,50.68,50.85,50.47,5705394.0,288902380.0,15:35:15,2026-09-02
sz000539,粤电力Ａ,5.16,-0.08,-1.527,5.15,5.16,5.24,5.23,5.25,5.14,28805153.0,148984923.0,15:35:30,2026-09-02
sz000541,佛山照明,4.95,-0.04,-0.802,4.95,4.96,4.99,4.98,4.98,4.92,4354202.0,21540286.0,15:35:45,2026-09-02
sz000543,皖能电力,7.35,0.0,0.0,7.35,7.36,7.35,7.34,7.36,7.28,14646762.0,107393273.0,15:36:00,2026-09-02
sz000544,中原环保,7.34,-0.06,-0.811,7.34,7.35,7.4,7.39,7.4,7.29,2456201.0,18021181.0,15:35:15,2026-09-02
sz000545,金浦钛业,2.13,-0.24,-10.127,0.0,2.13,2.37,2.18,2.24,2.13,186112810.0,402312705.0,15:35:30,2026-09-02
sz000546,金圆股份,4.74,-0.1,-2.066,4.73,4.74,4.84,4.8,4.83,4.69,9861901.0,46653377.0,15:35:45,2026-09-02
sz000547,航天发展,14.39,0.02,0.139,14.39,14.4,14.37,14.27,14.5,14.18,44826263.0,644178570.0,15:36:00,2026-09-02
sz000548,湖南投资,4.6,-0.04,-0.862,4.6,4.61,4.64,4.63,4.63,4.54,4782212.0,21887696.0,15:35:15,2026-09-02
sz000550,江铃汽车,16.6,-0.29,-1.717,16.59,16.6,16.89,16.8,16.99,16.55,4077328.0,67929460.0,15:35:30,2026-09-02
sz000551,创元科技,12.27,-0.23,-1.84,12.26,12.27,12.5,12.39,12.41,12.22,10471299.0,128720945.0,15:35:45,2026-09-02
sz000552,甘肃能化,2.61,-0.11,-4.044,2.6,2.61,2.72,2.74,2.77,2.6,110701971.0,293051621.0,15:36:00,2026-09-02
sz000553,安道麦A,5.64,-0.17,-2.926,5.64,5.65,5.81,5.99,6.05,5.59,14120373.0,80926704.0,15:35:15,2026-09-02
sz000554,泰山石油,6.65,-0.08,-1.189,6.65,6.66,6.73,6.97,7.01,6.62,38519000.0,261908260.0,15:35:30,2026-09-02
sz000555,神州信息,11.04,-0.17,-1.517,11.03,11.04,11.21,11.15,11.15,10.86,14254300.0,156703591.0,15:35:45,2026-09-02
sz000557,西部创业,3.74,-0.03,-0.796,3.73,3.74,3.77,3.77,3.78,3.71,6564804.0,24483804.0,15:36:00,2026-09-02
sz000558,天府文旅,3.87,0.01,0.259,3.87,3.88,3.86,3.85,3.92,3.78,53300951.0,205937509.0,15:35:15,2026-09-02
sz000559,万向钱潮,11.12,-0.1,-0.891,11.12,11.13,11.22,11.11,11.21,11.01,17857248.0,198220270.0,15:35:30,2026-09-02
sz000560,我爱我家,3.18,-0.01,-0.313,3.17,3.18,3.19,3.09,3.33,2.87,844439730.0,2561084677.0,15:35:45,2026-09-02
sz000561,烽火电子,7.96,0.05,0.632,7.95,7.96,7.91,7.88,8.03,7.88,11384000.0,90679532.0,15:36:00,2026-09-02
sz000563,陕国投Ａ,3.04,-0.04,-1.299,3.03,3.04,3.08,3.07,3.09,3.02,44489860.0,135325995.0,15:35:15,2026-09-02
sz000564,供销大集,1.63,-0.03,-1.807,1.63,1.64,1.66,1.7,1.75,1.63,1111654843.0,1866123328.0,15:35:30,2026-09-02
sz000565,渝三峡Ａ,6.48,-0.02,-0.308,6.48,6.49,6.5,6.46,6.55,6.41,16367406.0,106144625.0,15:35:45,2026-09-02
sz000566,海南海药,4.98,-0.1,-1.969,4.98,4.99,5.08,5.12,5.15,4.94,59528580.0,297099262.0,15:36:00,2026-09-02
sz000567,海德股份,6.91,-0.18,-2.539,6.9,6.91,7.09,6.96,7.07,6.83,46157053.0,319904988.0,15:35:15,2026-09-02
sz000568,泸州老窖,77.82,-0.86,-1.093,77.82,77.83,78.68,78.33,79.1,77.72,5055620.0,396010550.0,15:35:30,2026-09-02
sz000570,苏常柴Ａ,5.29,-0.02,-0.377,5.28,5.29,5.31,5.27,5.32,5.24,9260501.0,48869319.0,15:35:45,2026-09-02
sz000571,新大洲A,6.0,-0.13,-2.121,5.99,6.0,6.13,6.1,6.13,5.94,17656900.0,105906974.0,15:36:00,2026-09-02
sz000572,海马汽车,3.95,-0.02,-0.504,3.94,3.95,3.97,3.98,3.99,3.88,28040329.0,110050595.0,15:35:15,2026-09-02
sz000573,粤宏远Ａ,3.84,-0.06,-1.538,3.83,3.84,3.9,3.87,3.9,3.78,16235300.0,62102111.0,15:35:30,2026-09-02
sz000576,甘化科工,8.59,0.14,1.657,8.59,8.6,8.45,8.41,9.12,8.35,55071939.0,481809779.0,15:35:45,2026-09-02
sz000581,威孚高科,18.17,-0.18,-0.981,18.16,18.17,18.35,18.35,18.35,18.1,5779300.0,104975918.0,15:36:00,2026-09-02
sz000582,北部湾港,11.4,0.05,0.441,11.39,11.4,11.35,11.28,11.55,11.02,38841730.0,440584746.0,15:35:15,2026-09-02
sz000586,汇源通信,13.76,-0.07,-0.506,13.75,13.76,13.83,13.61,13.89,13.59,6962700.0,95934164.0,15:35:30,2026-09-02
sz000589,贵州轮胎,4.36,-0.06,-1.357,4.36,4.37,4.42,4.41,4.42,4.35,25071460.0,109756617.0,15:35:45,2026-09-02
sz000590,古汉医药,9.52,-0.04,-0.418,9.52,9.53,9.56,9.45,9.58,9.4,3235159.0,30667218.0,15:36:00,2026-09-02
sz000591,太阳能,4.27,-0.06,-1.386,4.26,4.27,4.33,4.32,4.33,4.26,29717000.0,127177052.0,15:35:15,2026-09-02
sz000592,平潭发展,6.92,-0.05,-0.717,6.91,6.92,6.97,6.98,7.11,6.68,219022807.0,1512376773.0,15:35:30,2026-09-02
sz000593,德龙汇能,21.53,-0.9,-4.012,21.53,21.54,22.43,22.4,22.63,21.43,15064622.0,330368441.0,15:35:45,2026-09-02
sz000595,新能股份,5.76,0.02,0.348,5.76,5.77,5.74,5.7,6.09,5.66,39058300.0,228230221.0,15:36:00,2026-09-02
sz000596,古井贡酒,97.73,-3.15,-3.123,97.73,97.75,100.88,100.0,100.87,97.18,6703869.0,657871219.0,15:35:15,2026-09-02
sz000597,东北制药,4.87,-0.07,-1.417,4.86,4.87,4.94,4.93,4.94,4.84,11897100.0,57957447.0,15:35:30,2026-09-02
sz000598,兴蓉环境,7.33,-0.06,-0.812,7.33,7.34,7.39,7.39,7.43,7.28,13800600.0,101144266.0,15:35:45,2026-09-02
sz000599,青岛双星,4.77,-0.1,-2.053,4.76,4.77,4.87,4.87,4.87,4.73,7956496.0,37992302.0,15:36:00,2026-09-02
sz000600,建投能源,7.39,-0.14,-1.859,7.38,7.39,7.53,7.5,7.5,7.37,18761791.0,139001567.0,15:35:15,2026-09-02
sz000601,韶能股份,6.08,-0.1,-1.618,6.08,6.09,6.18,6.12,6.16,6.07,20420262.0,124429202.0,15:35:30,2026-09-02
sz000603,盛达资源,35.9,-0.5,-1.374,35.89,35.9,36.4,34.82,36.18,33.67,51456327.0,1791939007.0,15:35:45,2026-09-02
sz000605,渤海股份,6.07,-0.04,-0.655,6.07,6.08,6.11,6.1,6.1,5.98,4131086.0,24942634.0,15:36:00,2026-09-02
sz000607,华媒控股,3.86,-0.07,-1.781,3.86,3.88,3.93,3.9,3.95,3.83,14004700.0,54198562.0,15:35:15,2026-09-02
sz000608,阳光股份,7.59,0.34,4.69,7.58,7.59,7.25,7.46,7.66,7.3,45292315.0,339127091.0,15:35:30,2026-09-02
sz000609,*ST中迪,9.79,0.17,1.767,9.79,9.8,9.62,9.55,9.87,9.4,6934900.0,66585245.0,15:35:45,2026-09-02
sz000610,*ST西旅,7.65,0.22,2.961,7.65,7.66,7.43,7.43,7.78,7.36,20719175.0,157005560.0,15:36:00,2026-09-02
sz000612,焦作万方,11.1,-0.31,-2.717,11.1,11.11,11.41,11.32,11.38,10.98,33491636.0,372546285.0,15:35:15,2026-09-02
sz000615,*ST美谷,3.29,-0.02,-0.604,3.28,3.29,3.31,3.29,3.32,3.28,3953170.0,13030839.0,15:35:30,2026-09-02
sz000617,中油资本,7.31,-0.12,-1.615,7.31,7.32,7.43,7.43,7.51,7.3,104023310.0,765797596.0,15:35:45,2026-09-02
sz000619,海螺新材,5.09,-0.05,-0.973,5.09,5.1,5.14,5.09,5.12,5.0,6372700.0,32231552.0,15:36:00,2026-09-02
sz000620,盈新发展,3.11,-0.1,-3.115,3.11,3.12,3.21,3.15,3.16,3.08,219451036.0,684097723.0,15:35:15,2026-09-02
sz000623,吉林敖东,18.23,-0.48,-2.565,18.23,18.24,18.71,18.6,18.66,18.23,12895855.0,236365541.0,15:35:30,2026-09-02
sz000625,长安汽车,7.06,-0.06,-0.843,7.06,7.07,7.12,7.1,7.12,7.04,28729204.0,202955443.0,15:35:45,2026-09-02
sz000626,远大控股,8.97,-0.35,-3.755,8.96,8.97,9.32,9.34,9.41,8.93,32287402.0,293087155.0,15:36:00,2026-09-02
sz000628,高新发展,54.79,4.98,9.998,54.79,0.0,49.81,49.69,54.79,49.36,17455563.0,928956463.0,15:35:15,2026-09-02
sz000629,钒钛股份,3.02,-0.05,-1.629,3.01,3.02,3.07,3.05,3.06,3.0,92706164.0,279722189.0,15:35:30,2026-09-02
sz000630,铜陵有色,6.46,-0.21,-3.148,6.45,6.46,6.67,6.52,6.56,6.4,297190878.0,1919010321.0,15:35:45,2026-09-02
sz000631,顺发恒能,2.99,-0.02,-0.664,2.99,3.0,3.01,2.99,3.0,2.95,9147800.0,27220975.0,15:36:00,2026-09-02
sz000632,ST三木,4.08,-0.04,-0.971,4.07,4.08,4.12,4.15,4.27,4.08,18379500.0,76622045.0,15:35:15,2026-09-02
sz000633,合金投资,5.49,-0.08,-1.436,5.48,5.49,5.57,5.52,5.53,5.39,7283900.0,39767017.0,15:35:30,2026-09-02
sz000635,英 力 特,7.94,0.72,9.972,7.94,0.0,7.22,7.94,7.94,7.94,10318900.0,81932066.0,15:35:45,2026-09-02
sz000636,风华高科,49.78,-2.09,-4.029,49.78,49.79,51.87,50.04,51.3,48.87,113669671.0,5677439350.0,15:36:00,2026-09-02
sz000637,茂化实华,4.32,-0.03,-0.69,4.3,4.32,4.35,4.4,4.44,4.25,8523900.0,36775904.0,15:35:15,2026-09-02
sz000639,ST西王,1.58,-0.08,-4.819,1.58,1.59,1.66,1.64,1.65,1.58,58580556.0,93799413.0,15:35:30,2026-09-02
sz000650,仁和药业,5.44,-0.09,-1.627,5.43,5.44,5.53,5.52,5.52,5.42,17753400.0,96666955.0,15:35:45,2026-09-02
sz000651,格力电器,38.48,-0.07,-0.182,38.48,38.49,38.55,38.63,38.76,38.45,30620704.0,1181562331.0,15:36:00,2026-09-02
sz000652,泰达股份,3.52,-0.04,-1.124,3.51,3.52,3.56,3.53,3.54,3.48,10330941.0,36228716.0,15:35:15,2026-09-02
sz000655,金岭矿业,7.34,-0.12,-1.609,7.33,7.34,7.46,7.47,7.47,7.22,7333443.0,53534153.0,15:35:30,2026-09-02
sz000656,金科股份,1.24,-0.02,-1.587,1.23,1.24,1.26,1.25,1.26,1.22,162042987.0,200482370.0,15:35:45,2026-09-02
sz000657,中钨高新,59.77,-2.56,-4.107,59.77,59.78,62.33,60.47,61.0,59.3,55546407.0,3332275152.0,15:36:00,2026-09-02
sz000659,珠海中富,2.96,0.02,0.68,2.95,2.96,2.94,2.91,2.99,2.89,28994072.0,85413472.0,15:35:15,2026-09-02
sz000661,长春高新,74.2,-0.88,-1.172,74.19,74.2,75.08,75.37,76.45,73.94,4438784.0,331155816.0,15:35:30,2026-09-02
sz000663,永安林业,6.1,-0.15,-2.4,6.09,6.1,6.25,6.23,6.28,6.06,14319000.0,87716362.0,15:35:45,2026-09-02
sz000665,湖北广电,4.17,-0.07,-1.651,4.17,4.18,4.24,4.22,4.27,4.17,26164900.0,109782185.0,15:36:00,2026-09-02
sz000668,荣丰控股,21.76,-0.84,-3.717,21.76,21.79,22.6,22.99,22.99,21.73,2878300.0,63670597.0,15:35:15,2026-09-02
sz000669,ST金鸿,4.3,0.01,0.233,4.29,4.3,4.29,4.29,4.37,4.22,4022800.0,17278305.0,15:35:30,2026-09-02
sz000670,盈方微,7.4,0.3,4.225,7.39,7.4,7.1,7.0,7.66,6.88,82002022.0,599592718.0,15:35:45,2026-09-02
sz000672,上峰材料,14.57,-0.12,-0.817,14.56,14.57,14.69,14.5,14.69,14.34,12913337.0,187867611.0,15:36:00,2026-09-02
sz000676,智度股份,7.07,-0.12,-1.669,7.07,7.08,7.19,7.16,7.18,7.01,62035456.0,439178947.0,15:35:15,2026-09-02
sz000677,ST海龙,1.83,-0.06,-3.175,1.83,1.84,1.89,1.87,1.9,1.82,32640476.0,60184279.0,15:35:30,2026-09-02
sz000678,襄阳轴承,9.24,0.1,1.094,9.24,9.25,9.14,9.06,9.31,9.03,12049446.0,110694809.0,15:35:45,2026-09-02
sz000679,大连友谊,6.38,-0.09,-1.391,6.38,6.4,6.47,6.43,6.48,6.27,6104000.0,38855700.0,15:36:00,2026-09-02
sz000680,山推股份,10.4,-0.29,-2.713,10.4,10.41,10.69,10.65,10.65,10.38,12941755.0,135091287.0,15:35:15,2026-09-02
sz000681,视觉中国,17.0,-0.62,-3.519,16.99,17.0,17.62,17.31,17.63,16.93,32144016.0,551374353.0,15:35:30,2026-09-02
sz000682,东方电子,11.22,-0.26,-2.265,11.21,11.22,11.48,11.43,11.46,11.15,13621124.0,152786169.0,15:35:45,2026-09-02
sz000683,博源化工,6.12,-0.19,-3.011,6.11,6.12,6.31,6.34,6.34,6.03,106457732.0,649810867.0,15:36:00,2026-09-02
sz000685,中山公用,11.3,-0.13,-1.137,11.29,11.3,11.43,11.43,11.45,11.29,14180012.0,161078478.0,15:35:15,2026-09-02
sz000686,东北证券,8.06,-0.15,-1.827,8.06,8.07,8.21,8.17,8.25,8.03,18745331.0,151472686.0,15:35:30,2026-09-02
sz000688,国城矿业,28.76,-1.14,-3.813,28.75,28.76,29.9,29.45,29.49,28.06,24168625.0,692158549.0,15:35:45,2026-09-02
sz000690,宝新能源,4.87,-0.1,-2.012,4.86,4.87,4.97,4.94,4.97,4.85,47427950.0,232425683.0,15:36:00,2026-09-02
sz000691,亚太实业,10.34,-0.17,-1.618,10.34,10.35,10.51,10.4,10.51,10.18,5855000.0,60428989.0,15:35:15,2026-09-02
sz000692,惠天热电,4.42,0.07,1.609,4.41,4.42,4.35,4.48,4.58,4.31,46995361.0,208561759.0,15:35:30,2026-09-02
sz000695,滨海能源,14.71,-0.26,-1.737,14.7,14.71,14.97,14.88,14.97,14.61,8613768.0,126994505.0,15:35:45,2026-09-02
sz000697,炼石航空,9.05,0.3,3.429,9.05,9.06,8.75,8.62,9.14,8.62,17672286.0,159206955.0,15:36:00,2026-09-02
sz000698,ST沈化,3.69,-0.03,-0.806,3.69,3.7,3.72,3.72,3.73,3.66,3403960.0,12545249.0,15:35:15,2026-09-02
sz000700,模塑科技,11.42,0.02,0.175,11.41,11.42,11.4,11.3,11.71,11.16,35438038.0,405944856.0,15:35:30,2026-09-02
sz000701,厦门信达,5.2,-0.02,-0.383,5.2,5.21,5.22,5.2,5.25,5.09,12922100.0,66632064.0,15:35:45,2026-09-02
sz000702,正虹科技,5.82,-0.09,-1.523,5.81,5.82,5.91,5.9,5.93,5.73,6906800.0,40068769.0,15:36:00,2026-09-02
sz000703,恒逸石化,18.52,-0.46,-2.424,18.51,18.52,18.98,19.31,19.43,18.46,85868073.0,1614450668.0,15:35:15,2026-09-02
sz000705,浙江震元,7.2,-0.11,-1.505,7.2,7.21,7.31,7.31,7.31,7.16,3779400.0,27256788.0,15:35:30,2026-09-02
sz000707,双环科技,4.71,-0.05,-1.05,4.71,4.72,4.76,4.75,4.77,4.64,6578223.0,30862724.0,15:35:45,2026-09-02
sz000708,中信特钢,13.67,0.0,0.0,13.66,13.67,13.67,13.66,13.71,13.42,15264500.0,207252676.0,15:36:00,2026-09-02
sz000709,河钢股份,2.1,-0.03,-1.408,2.1,2.11,2.13,2.12,2.13,2.09,86491121.0,181781917.0,15:35:15,2026-09-02
sz000710,贝瑞基因,9.04,-0.11,-1.202,9.03,9.04,9.15,9.13,9.2,9.02,13879764.0,125913889.0,15:35:30,2026-09-02
sz000711,京蓝科技,6.08,-0.4,-6.173,6.08,6.09,6.48,6.5,6.54,6.06,173478989.0,1075965126.0,15:35:45,2026-09-02
sz000712,锦龙股份,13.16,-0.34,-2.519,13.16,13.17,13.5,13.31,13.39,12.51,157166429.0,2040218756.0,15:36:00,2026-09-02
sz000713,国投丰乐,6.43,-0.71,-9.944,0.0,6.43,7.14,7.0,7.0,6.43,52461248.0,342148816.0,15:35:15,2026-09-02
sz000715,中兴商业,5.73,0.01,0.175,5.72,5.73,5.72,5.72,5.75,5.62,10856996.0,61800762.0,15:35:30,2026-09-02
sz000716,黑芝麻,5.4,-0.51,-8.629,5.4,5.41,5.91,5.81,5.91,5.37,119630533.0,661007565.0,15:35:45,2026-09-02
sz000717,中南股份,2.29,-0.06,-2.553,2.29,2.3,2.35,2.34,2.35,2.27,21435100.0,49176554.0,15:36:00,2026-09-02
sz000718,苏宁环球,1.98,-0.02,-1.0,1.98,1.99,2.0,1.98,2.01,1.95,25732499.0,50769447.0,15:35:15,2026-09-02
sz000719,中原传媒,11.87,-0.25,-2.063,11.86,11.87,12.12,12.11,12.16,11.85,4524033.0,54013448.0,15:35:30,2026-09-02
sz000720,新能泰山,3.9,0.01,0.257,3.89,3.9,3.89,3.85,3.93,3.82,25999900.0,101161816.0,15:35:45,2026-09-02
sz000721,西安饮食,7.3,-0.29,-3.821,7.29,7.3,7.59,7.53,7.55,7.21,62514704.0,459071384.0,15:36:00,2026-09-02
sz000722,湖南发展,12.86,-0.23,-1.757,12.86,12.87,13.09,12.95,13.18,12.8,8443990.0,108971570.0,15:35:15,2026-09-02
sz000723,美锦能源,3.84,-0.15,-3.759,3.84,3.85,3.99,4.05,4.13,3.84,145341418.0,569720315.0,15:35:30,2026-09-02
sz000725,京东方Ａ,5.79,-0.12,-2.03,5.78,5.79,5.91,5.83,5.84,5.78,809226561.0,4698369576.0,15:35:45,2026-09-02
sz000726,鲁 泰Ａ,5.95,-0.09,-1.49,5.95,5.96,6.04,6.02,6.04,5.93,4986100.0,29711087.0,15:36:00,2026-09-02
sz000727,冠捷科技,2.29,-0.06,-2.553,2.29,2.3,2.35,2.34,2.34,2.28,94571534.0,218331111.0,15:35:15,2026-09-02
sz000728,国元证券,7.71,-0.17,-2.157,7.7,7.71,7.88,7.88,7.92,7.69,31092132.0,241141558.0,15:35:30,2026-09-02
sz000729,燕京啤酒,11.29,-0.2,-1.741,11.28,11.29,11.49,11.5,11.5,11.24,16854249.0,190790339.0,15:35:45,2026-09-02
sz000731,四川美丰,7.21,0.13,1.836,7.21,7.22,7.08,7.1,7.46,6.99,50532208.0,367079429.0,15:36:00,2026-09-02
sz000733,振华科技,41.19,-0.06,-0.145,41.18,41.19,41.25,40.85,41.55,40.7,8291464.0,340941541.0,15:35:15,2026-09-02
sz000735,罗 牛 山,5.67,-0.23,-3.898,5.67,5.68,5.9,5.82,5.86,5.65,47252271.0,270142684.0,15:35:30,2026-09-02
sz000736,中交发展,4.66,-0.02,-0.427,4.66,4.67,4.68,4.62,4.76,4.51,37476017.0,173612071.0,15:35:45,2026-09-02
sz000737,北方铜业,14.93,-0.45,-2.926,14.92,14.93,15.38,14.99,15.08,14.55,81223377.0,1205019419.0,15:36:00,2026-09-02
sz000738,航发控制,19.0,0.1,0.529,18.99,19.0,18.9,18.86,19.15,18.75,16221249.0,307683634.0,15:35:15,2026-09-02
sz000739,普洛药业,21.42,-0.42,-1.923,21.42,21.43,21.84,21.84,21.87,21.33,10590674.0,228445506.0,15:35:30,2026-09-02
sz000750,国海证券,3.8,-0.07,-1.809,3.79,3.8,3.87,3.86,3.86,3.79,54912462.0,209053639.0,15:35:45,2026-09-02
sz000751,锌业股份,5.14,-0.14,-2.652,5.14,5.15,5.28,5.16,5.2,4.98,73237859.0,373181563.0,15:36:00,2026-09-02
sz000752,*ST西发,8.43,0.01,0.119,8.42,8.43,8.42,8.41,8.47,8.28,2108806.0,17688676.0,15:35:15,2026-09-02
sz000753,漳州发展,4.94,-0.03,-0.604,4.94,4.95,4.97,4.97,4.99,4.87,12550000.0,61868936.0,15:35:30,2026-09-02
sz000755,山西高速,4.82,-0.09,-1.833,4.81,4.82,4.91,4.9,4.9,4.78,5229782.0,25196505.0,15:35:45,2026-09-02
sz000756,新华制药,13.29,-0.32,-2.351,13.28,13.29,13.61,13.5,13.57,13.29,6778887.0,90685463.0,15:36:00,2026-09-02
sz000757,浩物股份,4.5,0.01,0.223,4.5,4.52,4.49,4.46,4.52,4.42,8203000.0,36663923.0,15:35:15,2026-09-02
sz000758,中色股份,6.27,-0.17,-2.64,6.27,6.28,6.44,6.34,6.34,6.15,33803168.0,210959378.0,15:35:30,2026-09-02
sz000759,中百集团,6.2,-0.18,-2.821,6.2,6.21,6.38,6.51,6.55,6.15,63879613.0,398799715.0,15:35:45,2026-09-02
sz000761,本钢板材,2.35,-0.03,-1.261,2.34,2.35,2.38,2.38,2.39,2.31,19299897.0,45159277.0,15:36:00,2026-09-02
sz000762,西藏矿业,22.75,-0.43,-1.855,22.74,22.75,23.18,22.9,22.9,22.31,12537706.0,283196342.0,15:35:15,2026-09-02
sz000766,通化金马,16.34,-0.08,-0.487,16.33,16.34,16.42,16.46,16.46,16.16,7012067.0,114005303.0,15:35:30,2026-09-02
sz000767,晋控电力,3.39,-0.07,-2.023,3.39,3.4,3.46,3.44,3.46,3.38,60429664.0,205446532.0,15:35:45,2026-09-02
sz000768,中航西飞,23.02,0.4,1.768,23.01,23.02,22.62,22.64,23.66,22.64,71010853.0,1642734737.0,15:36:00,2026-09-02
sz000776,广发证券,21.4,-0.5,-2.283,21.4,21.41,21.9,21.8,21.88,21.38,58430004.0,1258097255.0,15:35:15,2026-09-02
sz000777,中核科技,17.02,-0.16,-0.931,17.02,17.03,17.18,17.01,17.15,16.91,4015202.0,68410161.0,15:35:30,2026-09-02
sz000778,新兴铸管,3.68,-0.04,-1.075,3.67,3.68,3.72,3.71,3.72,3.65,54125638.0,198821525.0,15:35:45,2026-09-02
sz000779,甘咨询,10.08,-0.06,-0.592,10.07,10.08,10.14,9.95,10.53,9.47,82162940.0,810307924.0,15:36:00,2026-09-02
sz000782,恒申新材,7.69,-0.04,-0.517,7.68,7.69,7.73,7.7,7.76,7.61,12073447.0,92733371.0,15:35:15,2026-09-02
sz000783,长江证券,8.88,-0.33,-3.583,8.88,8.89,9.21,9.14,9.14,8.87,112720431.0,1008285514.0,15:35:30,2026-09-02
sz000785,居然智家,2.31,-0.02,-0.858,2.3,2.31,2.33,2.32,2.34,2.27,50092939.0,115085481.0,15:35:45,2026-09-02
sz000786,北新建材,16.64,-0.37,-2.175,16.64,16.65,17.01,16.95,16.98,16.48,21348500.0,355116788.0,15:36:00,2026-09-02
sz000788,北大医药,5.67,-0.1,-1.733,5.67,5.68,5.77,5.73,5.78,5.64,12437850.0,70713710.0,15:35:15,2026-09-02
sz000789,万年青,4.15,-0.06,-1.425,4.15,4.16,4.21,4.18,4.21,4.12,3643734.0,15106209.0,15:35:30,2026-09-02
sz000790,华神科技,4.18,-0.1,-2.336,4.17,4.18,4.28,4.26,4.27,4.14,15449843.0,64769390.0,15:35:45,2026-09-02
sz000791,甘肃能源,7.2,-0.09,-1.235,7.2,7.21,7.29,7.28,7.29,7.17,12927208.0,93155722.0,15:36:00,2026-09-02
sz000792,盐湖股份,26.94,-0.91,-3.268,26.93,26.94,27.85,27.55,27.55,26.65,70135967.0,1891262147.0,15:35:15,2026-09-02
sz000793,ST华闻,2.07,-0.05,-2.358,2.07,2.08,2.12,2.11,2.11,2.07,12147900.0,25307960.0,15:35:30,2026-09-02
sz000795,英洛华,8.55,-0.15,-1.724,8.54,8.55,8.7,8.62,8.63,8.47,12354469.0,105484217.0,15:35:45,2026-09-02
sz000796,凯撒旅业,4.39,-0.03,-0.679,4.39,4.4,4.42,4.41,4.52,4.33,86854307.0,384315554.0,15:36:00,2026-09-02
sz000797,中国武夷,2.53,-0.04,-1.556,2.53,2.54,2.57,2.56,2.58,2.47,44947340.0,112764999.0,15:35:15,2026-09-02
sz000798,中水渔业,9.39,-0.61,-6.1,9.38,9.39,10.0,10.0,10.0,9.35,30826520.0,293599299.0,15:35:30,2026-09-02
sz000799,酒鬼酒,38.88,-0.59,-1.495,38.88,38.89,39.47,39.0,39.55,38.8,5385921.0,210198619.0,15:35:45,2026-09-02
sz000800,一汽解放,6.11,-0.07,-1.133,6.09,6.11,6.18,6.15,6.17,6.07,11656000.0,71127497.0,15:36:00,2026-09-02
sz000801,四川九洲,12.54,-0.13,-1.026,12.53,12.54,12.67,12.5,12.66,12.23,23620501.0,293705133.0,15:35:15,2026-09-02
sz000802,北京文化,4.09,-0.18,-4.215,4.08,4.09,4.27,4.23,4.25,4.08,104582200.0,432351206.0,15:35:30,2026-09-02
sz000803,山高环能,7.55,0.13,1.752,7.54,7.55,7.42,7.39,7.6,7.3,10792670.0,80497731.0,15:35:45,2026-09-02
sz000807,云铝股份,26.57,-0.49,-1.811,26.56,26.57,27.06,26.93,27.22,26.14,56836916.0,1508687530.0,15:36:00,2026-09-02
sz000809,和展能源,3.43,-0.05,-1.437,3.43,3.44,3.48,3.46,3.47,3.38,13591102.0,46438280.0,15:35:15,2026-09-02
sz000810,创维数字,10.01,0.03,0.301,10.0,10.01,9.98,9.92,10.06,9.83,13242300.0,131907661.0,15:35:30,2026-09-02
sz000811,冰轮环境,37.71,-1.08,-2.784,37.7,37.71,38.79,38.14,39.11,37.4,42343349.0,1610803342.0,15:35:45,2026-09-02
sz000812,陕西金叶,3.8,-0.07,-1.809,3.79,3.8,3.87,3.83,3.86,3.74,20915727.0,79190751.0,15:36:00,2026-09-02
sz000813,德展健康,3.28,-0.09,-2.671,3.27,3.28,3.37,3.36,3.37,3.26,28275800.0,93113037.0,15:35:15,2026-09-02
sz000815,美利云,16.76,0.17,1.025,16.76,16.77,16.59,16.32,16.98,16.21,62125476.0,1032745636.0,15:35:30,2026-09-02
sz000816,智慧农业,2.95,-0.1,-3.279,2.95,2.96,3.05,3.03,3.05,2.91,54907377.0,161979350.0,15:35:45,2026-09-02
sz000818,航锦科技,12.53,0.01,0.08,12.53,12.54,12.52,12.38,12.6,12.31,12322000.0,153659112.0,15:36:00,2026-09-02
sz000819,岳阳兴长,12.37,-0.14,-1.119,12.37,12.39,12.51,12.69,12.69,12.26,4509065.0,55894946.0,15:35:15,2026-09-02
sz000820,神雾节能,3.7,0.01,0.271,3.7,3.71,3.69,3.7,3.75,3.65,18071200.0,66932773.0,15:35:30,2026-09-02
sz000821,ST京机,7.48,0.03,0.403,7.47,7.48,7.45,7.43,7.48,7.32,6608700.0,48977269.0,15:35:45,2026-09-02
sz000822,山东海化,4.45,-0.11,-2.412,4.45,4.46,4.56,4.56,4.57,4.43,13079620.0,58454263.0,15:36:00,2026-09-02
sz000823,超声电子,15.09,-0.32,-2.077,15.08,15.09,15.41,15.25,15.39,14.98,27162085.0,411258251.0,15:35:15,2026-09-02
sz000825,太钢不锈,3.52,-0.05,-1.401,3.51,3.52,3.57,3.54,3.57,3.49,31072250.0,109158735.0,15:35:30,2026-09-02
sz000826,*ST启环,1.87,-0.03,-1.579,1.86,1.87,1.9,1.9,1.9,1.85,12200020.0,22848039.0,15:35:45,2026-09-02
sz000828,东莞控股,10.13,-0.1,-0.978,10.11,10.13,10.23,10.18,10.24,10.07,5151794.0,52140101.0,15:36:00,2026-09-02
sz000829,天音控股,9.17,0.01,0.109,9.17,9.18,9.16,9.11,9.23,9.03,22903211.0,209453639.0,15:35:15,2026-09-02
sz000830,鲁西化工,12.76,-0.48,-3.625,12.76,12.77,13.24,13.4,13.42,12.63,50862671.0,654191510.0,15:35:30,2026-09-02
sz000831,中国稀土,58.35,-1.46,-2.441,58.34,58.35,59.81,59.0,59.3,56.96,26824124.0,1555086140.0,15:35:45,2026-09-02
sz000833,粤桂股份,20.34,-0.71,-3.373,20.33,20.34,21.05,21.25,21.29,20.16,21805431.0,448233235.0,15:36:00,2026-09-02
sz000837,秦川机床,10.09,0.0,0.0,10.08,10.09,10.09,10.04,10.13,9.94,11663800.0,117344596.0,15:35:15,2026-09-02
sz000838,*ST发展,2.8,-0.12,-4.11,2.79,2.8,2.92,2.85,2.92,2.78,35775900.0,101282783.0,15:35:30,2026-09-02
sz000839,国安股份,2.75,-0.07,-2.482,2.74,2.75,2.82,2.8,2.81,2.74,45709900.0,125847128.0,15:35:45,2026-09-02
sz000848,承德露露,8.42,0.0,0.0,8.41,8.42,8.42,8.38,8.44,8.3,13169400.0,110295740.0,15:36:00,2026-09-02
sz000850,华茂股份,4.28,-0.07,-1.609,4.27,4.28,4.35,4.3,4.34,4.26,9335027.0,40029879.0,15:35:15,2026-09-02
sz000852,石化机械,6.06,0.55,9.982,6.06,0.0,5.51,5.82,6.06,5.68,58184155.0,348293126.0,15:35:30,2026-09-02
sz000856,冀东装备,8.88,-0.04,-0.448,8.88,8.89,8.92,8.85,8.92,8.73,4838400.0,42717269.0,15:35:45,2026-09-02
sz000858,五 粮 液,70.82,-1.01,-1.406,70.81,70.82,71.83,71.61,71.76,70.81,26220484.0,1864459060.0,15:36:00,2026-09-02
sz000859,国风新材,8.85,-0.37,-4.013,8.85,8.86,9.22,9.04,9.09,8.83,33956783.0,302509189.0,15:35:15,2026-09-02
sz000860,顺鑫农业,10.59,-0.25,-2.306,10.58,10.59,10.84,10.82,10.83,10.54,9219470.0,98347650.0,15:35:30,2026-09-02
sz000862,银星能源,5.31,-0.04,-0.748,5.3,5.31,5.35,5.36,5.37,5.28,10032764.0,53431487.0,15:35:45,2026-09-02
sz000863,三湘印象,4.26,0.05,1.188,4.25,4.26,4.21,4.22,4.28,4.1,17420294.0,73107726.0,15:36:00,2026-09-02
sz000868,安凯客车,3.61,-0.05,-1.366,3.61,3.62,3.66,3.62,3.65,3.57,7137000.0,25743115.0,15:35:15,2026-09-02
sz000869,张 裕Ａ,16.22,0.0,0.0,16.16,16.22,16.22,16.19,16.35,16.12,1571099.0,25450937.0,15:35:30,2026-09-02
sz000875,电投绿能,4.88,-0.12,-2.4,4.87,4.88,5.0,5.01,5.01,4.86,39286905.0,192717396.0,15:35:45,2026-09-02
sz000876,新 希 望,7.06,-0.15,-2.08,7.06,7.07,7.21,7.2,7.23,7.06,35922666.0,255757443.0,15:36:00,2026-09-02
sz000877,天山股份,3.71,-0.07,-1.852,3.7,3.71,3.78,3.75,3.79,3.68,12608600.0,46712112.0,15:35:15,2026-09-02
sz000878,云南铜业,17.5,-0.18,-1.018,17.5,17.51,17.68,17.2,17.62,17.0,55376436.0,957887302.0,15:35:30,2026-09-02
sz000880,潍柴重机,22.9,-0.01,-0.044,22.9,22.91,22.91,22.66,23.68,22.4,11574898.0,267002893.0,15:35:45,2026-09-02
sz000881,中广核技,6.7,-0.01,-0.149,6.7,6.71,6.71,6.71,6.73,6.64,5541306.0,37079484.0,15:36:00,2026-09-02
sz000882,华联股份,1.54,-0.01,-0.645,1.54,1.55,1.55,1.55,1.57,1.52,52066264.0,80141804.0,15:35:15,2026-09-02
sz000883,湖北能源,4.52,-0.01,-0.221,4.51,4.52,4.53,4.52,4.54,4.46,25467554.0,114924563.0,15:35:30,2026-09-02
sz000885,城发环境,12.1,-0.14,-1.144,12.1,12.11,12.24,12.23,12.23,12.07,3377404.0,40935656.0,15:35:45,2026-09-02
sz000886,海南高速,4.71,-0.09,-1.875,4.71,4.72,4.8,4.75,4.79,4.71,13200234.0,62558732.0,15:36:00,2026-09-02
sz000887,中鼎股份,21.32,0.66,3.195,21.32,21.33,20.66,20.44,21.45,20.07,38498792.0,805239402.0,15:35:15,2026-09-02
sz000888,峨眉山Ａ,10.49,0.12,1.157,10.49,10.5,10.37,10.32,10.56,10.23,19102241.0,199308127.0,15:35:30,2026-09-02
sz000889,中嘉博创,4.07,0.0,0.0,4.07,4.08,4.07,4.03,4.11,4.0,28922720.0,117232408.0,15:35:45,2026-09-02
sz000890,法尔胜,9.14,-0.02,-0.218,9.14,9.15,9.16,8.82,9.42,8.68,88641994.0,804596372.0,15:36:00,2026-09-02
sz000892,欢瑞世纪,5.2,0.47,9.937,5.2,0.0,4.73,5.2,5.2,5.2,21780049.0,113256255.0,15:35:15,2026-09-02
sz000893,亚钾国际,48.03,-0.53,-1.091,48.02,48.03,48.56,48.5,48.7,46.5,16267169.0,772917945.0,15:35:30,2026-09-02
sz000895,双汇发展,23.75,-0.19,-0.794,23.75,23.76,23.94,23.95,24.12,23.72,14983298.0,357684298.0,15:35:45,2026-09-02
sz000897,津滨发展,1.88,-0.01,-0.529,1.87,1.88,1.89,1.88,1.9,1.84,33827610.0,63149697.0,15:36:00,2026-09-02
sz000898,鞍钢股份,2.05,-0.03,-1.442,2.04,2.05,2.08,2.08,2.08,2.02,47496402.0,96859238.0,15:35:15,2026-09-02
sz000899,赣能股份,9.37,-0.11,-1.16,9.36,9.37,9.48,9.46,9.52,9.32,9412971.0,88364519.0,15:35:30,2026-09-02
sz000900,现代投资,3.64,-0.05,-1.355,3.64,3.65,3.69,3.68,3.69,3.63,14385200.0,52486000.0,15:35:45,2026-09-02
sz000901,航天科技,14.29,0.06,0.422,14.28,14.29,14.23,14.23,14.39,14.08,13862824.0,197726124.0,15:36:00,2026-09-02
sz000902,新洋丰,14.24,-0.26,-1.793,14.21,14.24,14.5,14.56,14.57,13.99,13342316.0,189353333.0,15:35:15,2026-09-02
sz000903,ST云动,1.89,-0.02,-1.047,1.89,1.9,1.91,1.9,1.91,1.88,10743980.0,20352325.0,15:35:30,2026-09-02
sz000905,厦门港务,8.9,0.01,0.112,8.89,8.9,8.89,8.9,8.98,8.78,9190928.0,81724262.0,15:35:45,2026-09-02
sz000906,浙商中拓,6.01,0.07,1.178,6.0,6.01,5.94,5.93,6.06,5.9,16319798.0,97788789.0,15:36:00,2026-09-02
sz000908,石药景峰,6.5,0.03,0.464,6.49,6.5,6.47,6.45,6.53,6.41,11380130.0,73711909.0,15:35:15,2026-09-02
sz000909,*ST数源,4.7,0.19,4.213,4.69,4.7,4.51,4.5,4.8,4.43,8667100.0,40189894.0,15:35:30,2026-09-02
sz000910,大亚圣象,5.49,-0.04,-0.723,5.48,5.49,5.53,5.5,5.53,5.4,4023700.0,21943856.0,15:35:45,2026-09-02
sz000911,*ST广糖,5.53,0.1,1.842,5.53,5.54,5.43,5.44,5.96,5.44,22342786.0,127336114.0,15:36:00,2026-09-02
sz000912,泸天化,4.38,-0.3,-6.41,4.37,4.38,4.68,4.6,4.66,4.29,120448800.0,530096788.0,15:35:15,2026-09-02
sz000913,钱江摩托,11.11,-0.29,-2.544,11.1,11.11,11.4,11.35,11.35,11.02,5461000.0,60773217.0,15:35:30,2026-09-02
sz000915,华特达因,25.33,-0.13,-0.511,25.3,25.33,25.46,25.46,25.46,25.21,1501701.0,38019502.0,15:35:45,2026-09-02
sz000917,电广传媒,7.26,-0.27,-3.586,7.26,7.27,7.53,7.5,7.53,7.26,41992915.0,308385643.0,15:36:00,2026-09-02
sz000919,金陵药业,6.7,-0.16,-2.332,6.69,6.7,6.86,6.82,6.86,6.68,12043900.0,80970697.0,15:35:15,2026-09-02
sz000920,沃顿科技,11.51,-0.09,-0.776,11.51,11.52,11.6,11.51,11.58,11.39,4451201.0,51125594.0,15:35:30,2026-09-02
sz000921,海信家电,26.45,-0.23,-0.862,26.45,26.5,26.68,26.45,26.8,26.08,5329964.0,141003021.0,15:35:45,2026-09-02
sz000922,佳电股份,11.89,-0.23,-1.898,11.88,11.89,12.12,12.1,12.1,11.88,5550975.0,66259510.0,15:36:00,2026-09-02
sz000923,河钢资源,16.37,-0.59,-3.479,16.37,16.38,16.96,16.6,16.7,16.1,16233165.0,265465963.0,15:35:15,2026-09-02
sz000925,众合科技,8.73,-0.42,-4.59,8.73,8.74,9.15,9.01,9.04,8.72,56235186.0,495488694.0,15:35:30,2026-09-02
sz000926,福星股份,2.21,-0.02,-0.897,2.2,2.21,2.23,2.22,2.24,2.14,35143455.0,76541570.0,15:35:45,2026-09-02
sz000927,中国铁物,2.51,-0.04,-1.569,2.5,2.51,2.55,2.55,2.55,2.49,41536322.0,104240397.0,15:35:00,2026-09-02
sz000928,中钢国际,5.46,-0.05,-0.907,5.45,5.46,5.51,5.5,5.52,5.44,16394200.0,89764280.0,15:35:15,2026-09-02
sz000929,兰州黄河,9.43,-0.05,-0.527,9.42,9.43,9.48,9.44,9.52,9.26,2355300.0,22106354.0,15:35:30,2026-09-02
sz000930,中粮科技,4.96,-0.26,-4.981,4.96,4.97,5.22,5.19,5.21,4.94,40422352.0,203328970.0,15:35:45,2026-09-02
sz000931,中 关 村,4.74,-0.14,-2.869,4.74,4.75,4.88,4.91,4.98,4.69,53683234.0,256610845.0,15:35:00,2026-09-02
sz000932,华菱钢铁,3.6,-0.09,-2.439,3.6,3.61,3.69,3.68,3.69,3.58,96382131.0,347978285.0,15:35:15,2026-09-02
sz000933,神火股份,27.15,-0.34,-1.237,27.15,27.16,27.49,27.48,27.78,26.84,36005879.0,979197636.0,15:35:30,2026-09-02
sz000935,四川双马,22.28,-0.71,-3.088,22.27,22.28,22.99,22.9,22.95,21.8,4683814.0,103978609.0,15:35:45,2026-09-02
sz000936,华西股份,5.62,-0.1,-1.748,5.61,5.62,5.72,5.68,5.73,5.6,18127919.0,102204687.0,15:35:00,2026-09-02
sz000937,冀中能源,5.03,-0.29,-5.451,5.03,5.04,5.32,5.35,5.39,5.01,57153870.0,294353259.0,15:35:15,2026-09-02
sz000938,紫光股份,37.99,-0.33,-0.861,37.99,38.0,38.32,38.0,38.71,37.65,136986541.0,5224029461.0,15:35:30,2026-09-02
sz000948,南天信息,14.68,0.13,0.893,14.68,14.69,14.55,14.45,15.02,14.3,13338915.0,195949364.0,15:35:45,2026-09-02
sz000949,新乡化纤,7.93,0.08,1.019,7.92,7.93,7.85,8.0,8.09,7.81,69796165.0,552736010.0,15:35:00,2026-09-02
sz000950,重药控股,5.46,-0.06,-1.087,5.46,5.47,5.52,5.54,5.58,5.45,20373236.0,111819726.0,15:35:15,2026-09-02
sz000951,中国重汽,21.12,-0.35,-1.63,21.11,21.12,21.47,21.36,21.45,21.01,9007686.0,190484058.0,15:35:30,2026-09-02
sz000952,广济药业,6.52,-0.11,-1.659,6.52,6.53,6.63,6.55,6.62,6.43,6798600.0,44305492.0,15:35:45,2026-09-02
sz000953,中哲精化,6.26,-0.06,-0.949,6.25,6.26,6.32,6.32,6.35,6.19,5671401.0,35410221.0,15:35:00,2026-09-02
sz000955,欣龙控股,4.34,-0.03,-0.686,4.34,4.35,4.37,4.35,4.38,4.27,7054301.0,30519387.0,15:35:15,2026-09-02
sz000957,中通客车,10.22,-0.1,-0.969,10.22,10.23,10.32,10.3,10.44,10.12,12385500.0,127158128.0,15:35:30,2026-09-02
sz000958,电投产融,5.26,-0.02,-0.379,5.26,5.27,5.28,5.28,5.3,5.24,10290985.0,54198981.0,15:35:45,2026-09-02
sz000959,首钢股份,3.65,-0.11,-2.926,3.64,3.65,3.76,3.73,3.75,3.61,29745966.0,108621204.0,15:35:00,2026-09-02
sz000960,锡业股份,34.3,-1.17,-3.299,34.3,34.31,35.47,34.41,34.63,33.27,42177638.0,1434193684.0,15:35:15,2026-09-02
sz000962,东方钽业,53.52,-1.03,-1.888,53.51,53.52,54.55,53.49,54.5,52.63,12717397.0,680148426.0,15:35:30,2026-09-02
sz000963,华东医药,27.13,-0.25,-0.913,27.13,27.14,27.38,27.39,27.48,27.11,14804941.0,404052724.0,15:35:45,2026-09-02
sz000965,天保基建,3.4,-0.04,-1.163,3.39,3.4,3.44,3.38,3.42,3.29,63419511.0,212567174.0,15:35:00,2026-09-02
sz000966,长源电力,4.05,-0.03,-0.735,4.04,4.05,4.08,4.06,4.08,4.02,22895400.0,92583730.0,15:35:15,2026-09-02
sz000967,盈峰环境,8.41,-0.05,-0.591,8.4,8.41,8.46,8.38,8.43,8.23,43461340.0,362460413.0,15:35:30,2026-09-02
sz000968,蓝焰控股,7.3,-0.08,-1.084,7.3,7.31,7.38,7.56,7.66,7.25,53605065.0,398643065.0,15:35:45,2026-09-02
sz000969,安泰科技,17.37,-0.33,-1.864,17.36,17.37,17.7,17.5,17.5,17.18,19450387.0,337151634.0,15:35:00,2026-09-02
sz000970,中科三环,11.76,-0.3,-2.488,11.75,11.76,12.06,11.96,11.97,11.7,28414324.0,334871380.0,15:35:15,2026-09-02
sz000972,中基健康,3.8,-0.13,-3.308,3.79,3.8,3.93,3.93,3.93,3.78,15435600.0,59111264.0,15:35:30,2026-09-02
sz000973,佛塑科技,12.29,-0.57,-4.432,12.28,12.29,12.86,12.71,12.74,12.16,42828760.0,529536224.0,15:35:45,2026-09-02
sz000975,山金国际,26.48,0.08,0.303,26.48,26.49,26.4,25.6,26.73,25.11,48464071.0,1255988557.0,15:35:00,2026-09-02
sz000977,浪潮信息,85.69,0.09,0.105,85.69,85.7,85.6,85.64,87.5,84.8,82385749.0,7076118849.0,15:35:15,2026-09-02
sz000978,桂林旅游,6.55,0.13,2.025,6.55,6.56,6.42,6.44,6.75,6.29,31340694.0,205314999.0,15:35:30,2026-09-02
sz000980,众泰汽车,1.72,-0.02,-1.149,1.71,1.72,1.74,1.74,1.74,1.68,84186800.0,143439817.0,15:35:45,2026-09-02
sz000981,山子高科,2.72,-0.06,-2.158,2.71,2.72,2.78,2.75,2.75,2.69,181174131.0,490960847.0,15:35:00,2026-09-02
sz000983,山西焦煤,6.97,-0.28,-3.862,6.96,6.97,7.25,7.38,7.4,6.95,101314640.0,716881528.0,15:35:15,2026-09-02
sz000985,大庆华科,17.5,0.49,2.881,17.5,17.51,17.01,17.21,18.71,16.72,9863260.0,176264348.0,15:35:30,2026-09-02
sz000987,越秀资本,7.65,-0.18,-2.299,7.64,7.65,7.83,7.76,7.79,7.63,30393947.0,233087126.0,15:35:45,2026-09-02
sz000988,华工科技,99.3,-2.23,-2.196,99.29,99.3,101.53,100.03,101.0,98.54,28416552.0,2826600120.0,15:35:00,2026-09-02
sz000989,九芝堂,9.05,-0.14,-1.523,9.04,9.05,9.19,9.11,9.18,9.01,15110400.0,136820085.0,15:35:15,2026-09-02
sz000990,诚志股份,6.69,-0.14,-2.05,6.68,6.69,6.83,6.93,6.93,6.67,52866697.0,357048617.0,15:35:30,2026-09-02
sz000993,闽东电力,10.26,0.19,1.887,10.26,10.27,10.07,10.07,10.26,9.98,9543620.0,96860891.0,15:35:45,2026-09-02
sz000995,皇台酒业,11.32,-0.22,-1.906,11.32,11.33,11.54,11.46,11.69,11.28,7563400.0,86327088.0,15:35:00,2026-09-02
sz000997,新 大 陆,20.65,-0.26,-1.243,20.65,20.66,20.91,20.52,20.95,20.43,20335853.0,420511040.0,15:35:15,2026-09-02
sz000998,隆平高科,9.39,-0.58,-5.817,9.39,9.4,9.97,9.88,9.88,9.15,112301829.0,1057671034.0,15:35:30,2026-09-02
sz000999,华润三九,24.14,-0.27,-1.106,24.14,24.15,24.41,24.21,24.36,24.12,6011679.0,145546944.0,15:35:45,2026-09-02
sz001201,东瑞股份,12.32,-0.15,-1.203,12.31,12.32,12.47,12.43,12.51,12.28,3341040.0,41343122.0,15:35:00,2026-09-02
sz001202,炬申股份,14.51,0.06,0.415,14.51,14.52,14.45,14.38,14.67,14.16,1927260.0,27771453.0,15:35:15,2026-09-02
sz001203,大中矿业,26.07,-1.65,-5.952,26.06,26.07,27.72,27.48,27.53,25.67,22559500.0,590703073.0,15:35:30,2026-09-02
sz001205,盛航股份,14.69,-0.02,-0.136,14.68,14.69,14.71,14.71,14.75,14.51,1742740.0,25490628.0,15:35:45,2026-09-02
sz001206,依依股份,16.67,0.07,0.422,16.66,16.67,16.6,16.51,16.77,16.37,2957962.0,49165230.0,15:35:00,2026-09-02
sz001207,联科科技,18.11,0.33,1.856,18.1,18.11,17.78,17.65,18.2,17.51,6894580.0,124109411.0,15:35:15,2026-09-02
sz001208,华菱线缆,14.13,0.14,1.001,14.12,14.13,13.99,13.83,14.25,13.8,10594000.0,149421802.0,15:35:30,2026-09-02
sz001209,洪兴股份,18.68,0.19,1.028,18.67,18.68,18.49,18.58,18.88,18.33,2696400.0,50157779.0,15:35:45,2026-09-02
sz001210,金房能源,29.88,1.06,3.678,29.87,29.88,28.82,28.8,29.92,27.9,7093976.0,206124155.0,15:35:00,2026-09-02
sz001211,双枪科技,24.1,0.37,1.559,24.09,24.1,23.73,23.7,24.6,23.41,3907543.0,93589184.0,15:35:15,2026-09-02
sz001212,中旗新材,33.99,0.45,1.342,33.98,33.99,33.54,33.09,34.43,32.71,3612282.0,122399975.0,15:35:30,2026-09-02
sz001213,中铁特货,3.54,-0.03,-0.84,3.53,3.54,3.57,3.57,3.57,3.52,6954700.0,24592492.0,15:35:45,2026-09-02
sz001215,千味央厨,30.26,-0.49,-1.593,30.25,30.26,30.75,30.3,30.7,30.0,1393900.0,42154009.0,15:35:00,2026-09-02
sz001216,华瓷股份,15.0,0.16,1.078,14.99,15.0,14.84,14.82,15.05,14.66,2437791.0,36294316.0,15:35:15,2026-09-02
sz001217,华尔泰,10.57,-0.19,-1.766,10.56,10.57,10.76,10.77,10.77,10.48,4689200.0,49714633.0,15:35:30,2026-09-02
sz001218,丽臣实业,24.38,-0.33,-1.335,24.38,24.4,24.71,24.47,24.69,24.04,1497019.0,36304172.0,15:35:45,2026-09-02
sz001219,青岛食品,12.88,-0.18,-1.378,12.87,12.88,13.06,12.97,13.04,12.78,1935400.0,24944083.0,15:35:00,2026-09-02
sz001220,世盟股份,32.06,-0.29,-0.896,32.05,32.06,32.35,32.05,32.32,31.82,641983.0,20584436.0,15:35:15,2026-09-02
sz001221,悍高集团,39.98,-0.31,-0.769,39.98,39.99,40.29,40.27,40.68,39.13,4370360.0,174430541.0,15:35:30,2026-09-02
sz001222,源飞宠物,14.86,-0.05,-0.335,14.86,14.87,14.91,14.89,15.0,14.73,3354140.0,49885923.0,15:35:45,2026-09-02
sz001223,欧克科技,39.09,-0.25,-0.635,39.09,39.14,39.34,39.03,39.3,38.4,1091472.0,42355266.0,15:35:00,2026-09-02
sz001225,和泰机电,46.6,-0.2,-0.427,46.6,46.61,46.8,46.5,47.28,46.08,782900.0,36550580.0,15:35:15,2026-09-02
sz001226,拓山重工,48.03,-0.15,-0.311,48.0,48.03,48.18,47.68,49.0,47.52,695100.0,33431018.0,15:35:30,2026-09-02
sz001227,兰州银行,2.16,-0.02,-0.917,2.15,2.16,2.18,2.18,2.19,2.14,83101764.0,179648108.0,15:35:45,2026-09-02
sz001228,永泰运,28.75,-0.16,-0.553,28.73,28.75,28.91,28.66,29.03,28.15,2807600.0,80249483.0,15:35:00,2026-09-02
sz001229,魅视科技,37.53,-0.37,-0.976,37.53,37.55,37.9,37.32,37.8,36.5,3776860.0,140348115.0,15:35:15,2026-09-02
sz001230,劲旅环境,20.75,-0.86,-3.98,20.75,20.76,21.61,21.7,21.71,20.39,8820472.0,183800187.0,15:35:30,2026-09-02
sz001231,农心科技,22.47,-0.12,-0.531,22.43,22.47,22.59,22.47,22.75,22.17,1801400.0,40366245.0,15:35:45,2026-09-02
sz001232,嘉立创,167.8,0.27,0.161,167.8,167.98,167.53,166.65,171.3,165.01,3645581.0,612338584.0,15:35:00,2026-09-02
sz001233,海安集团,45.17,-0.97,-2.102,45.17,45.19,46.14,45.88,45.98,44.88,833073.0,37655220.0,15:35:15,2026-09-02
sz001234,泰慕士,23.61,0.31,1.33,23.61,23.62,23.3,23.35,23.88,23.07,1922199.0,45184609.0,15:35:30,2026-09-02
sz001236,弘业期货,8.15,-0.2,-2.395,8.15,8.16,8.35,8.25,8.42,8.08,13838406.0,113292788.0,15:35:45,2026-09-02
sz001237,惠康科技,52.08,0.01,0.019,52.06,52.08,52.07,51.51,52.35,51.3,1115799.0,57909751.0,15:35:00,2026-09-02
sz001238,浙江正特,25.25,-0.15,-0.591,25.17,25.25,25.4,25.52,25.52,24.67,543200.0,13598188.0,15:35:15,2026-09-02
sz001239,永达股份,12.38,-0.02,-0.161,12.38,12.41,12.4,12.42,12.45,12.2,1230853.0,15196076.0,15:35:30,2026-09-02
sz001248,华润新能,12.14,-0.13,-1.059,12.13,12.14,12.27,12.24,12.25,12.13,29637532.0,360709118.0,15:35:45,2026-09-02
sz001255,博菲电气,27.7,0.36,1.317,27.68,27.7,27.34,27.42,28.0,26.94,1419201.0,39086333.0,15:35:00,2026-09-02
sz001256,炜冈科技,22.95,-0.34,-1.46,22.94,22.95,23.29,23.26,23.27,22.75,2181997.0,50182405.0,15:35:15,2026-09-02
sz001257,盛龙股份,24.61,-0.41,-1.639,24.61,24.62,25.02,24.55,24.8,24.26,8126340.0,199134618.0,15:35:30,2026-09-02
sz001258,立新能源,12.52,-1.28,-9.275,12.52,12.53,13.8,13.81,14.02,12.5,139128469.0,1813032579.0,15:35:45,2026-09-02
sz001259,利仁科技,45.5,-0.74,-1.6,45.5,45.53,46.24,46.26,46.78,44.88,1211300.0,55038775.0,15:35:00,2026-09-02
sz001260,坤泰股份,18.58,-0.06,-0.322,18.58,18.59,18.64,18.45,18.7,18.35,1969500.0,36490352.0,15:35:15,2026-09-02
sz001266,宏英智能,32.72,-0.76,-2.27,32.72,32.78,33.48,33.15,33.33,32.38,1964280.0,64358057.0,15:35:30,2026-09-02
sz001267,汇绿生态,36.76,-1.26,-3.314,36.75,36.76,38.02,37.24,37.82,36.18,22155319.0,814110752.0,15:35:45,2026-09-02
sz001268,联合精密,25.73,-0.66,-2.501,25.73,25.74,26.39,26.31,26.31,25.52,3802140.0,98017756.0,15:35:00,2026-09-02
sz001269,欧晶科技,19.35,-0.17,-0.871,19.32,19.35,19.52,19.42,19.57,19.19,1141200.0,22050911.0,15:35:15,2026-09-02
sz001270,铖昌科技,98.52,-1.27,-1.273,98.51,98.52,99.79,98.01,101.37,97.61,4168410.0,414273833.0,15:35:30,2026-09-02
sz001277,速达股份,31.77,-0.68,-2.096,31.77,31.78,32.45,32.18,32.55,31.69,3803380.0,121592158.0,15:35:45,2026-09-02
sz001278,一彬科技,18.22,1.66,10.024,18.22,0.0,16.56,16.45,18.22,16.31,3536729.0,61707944.0,15:35:00,2026-09-02
sz001279,强邦新材,26.26,0.11,0.421,26.25,26.26,26.15,25.93,26.32,25.76,797900.0,20789828.0,15:35:15,2026-09-02
sz001280,中国铀业,66.31,-1.75,-2.571,66.31,66.32,68.06,67.18,68.0,65.58,4892853.0,325113752.0,15:35:30,2026-09-02
sz001282,三联锻造,16.23,0.08,0.495,16.22,16.23,16.15,16.06,16.38,15.76,1810400.0,29036183.0,15:35:45,2026-09-02
sz001283,豪鹏科技,48.23,1.08,2.291,48.22,48.23,47.15,46.8,48.9,46.23,4003562.0,192835999.0,15:35:00,2026-09-02
sz001285,瑞立科密,43.83,-0.35,-0.792,43.83,43.89,44.18,43.95,44.16,43.56,1047015.0,45872553.0,15:35:15,2026-09-02
sz001286,陕西能源,9.53,-0.13,-1.346,9.52,9.53,9.66,9.65,9.66,9.47,21067292.0,200841700.0,15:35:30,2026-09-02
sz001287,中电港,22.32,-0.61,-2.66,22.31,22.32,22.93,22.7,22.8,22.24,11580026.0,259582028.0,15:35:45,2026-09-02
sz001288,运机集团,29.11,-0.07,-0.24,29.1,29.11,29.18,29.18,29.64,28.56,5087230.0,148162149.0,15:35:00,2026-09-02
sz001289,龙源电力,15.07,-0.15,-0.986,15.07,15.08,15.22,15.19,15.19,15.06,3099416.0,46830859.0,15:35:15,2026-09-02
sz001296,长江材料,20.4,0.17,0.84,20.39,20.4,20.23,19.92,20.63,19.88,4779223.0,97444550.0,15:35:30,2026-09-02
sz001298,好上好,18.61,-0.44,-2.31,18.61,18.62,19.05,18.9,19.16,18.61,12487734.0,234911603.0,15:35:45,2026-09-02
sz001299,美能能源,10.33,0.2,1.974,10.32,10.33,10.13,10.02,11.07,10.02,16346680.0,170508868.0,15:35:00,2026-09-02
sz001300,三柏硕,12.44,0.14,1.138,12.44,12.45,12.3,12.31,12.59,12.0,5659009.0,69777777.0,15:35:15,2026-09-02
sz001301,尚太科技,56.77,-0.19,-0.334,56.74,56.78,56.96,56.21,57.68,55.88,5639460.0,319861545.0,15:35:30,2026-09-02
sz001306,夏厦精密,54.77,0.49,0.903,54.77,54.78,54.28,54.0,55.18,53.58,424917.0,23166850.0,15:35:45,2026-09-02
sz001308,康冠科技,18.37,-0.17,-0.917,18.36,18.37,18.54,18.34,18.6,18.25,1537006.0,28262987.0,15:35:00,2026-09-02
sz001309,德明利,412.93,-5.11,-1.222,412.92,412.93,418.04,408.51,420.8,408.5,7750542.0,3204456080.0,15:35:15,2026-09-02
sz001311,多利科技,17.49,0.16,0.923,17.49,17.5,17.33,17.14,17.65,17.01,4161885.0,72281311.0,15:35:30,2026-09-02
sz001312,福恩股份,17.91,0.14,0.788,17.9,17.91,17.77,17.68,18.0,17.51,2431789.0,43360210.0,15:35:45,2026-09-02
sz001313,粤海饲料,8.07,-0.2,-2.418,8.06,8.07,8.27,8.18,8.23,7.99,17252800.0,139208396.0,15:35:00,2026-09-02
sz001314,亿道信息,53.09,0.34,0.645,53.09,53.1,52.75,52.0,53.78,51.99,3453700.0,183067583.0,15:35:15,2026-09-02
sz001316,润贝航科,27.09,0.21,0.781,27.09,27.1,26.88,26.8,27.55,26.37,3958940.0,106717011.0,15:35:30,2026-09-02
sz001317,三羊马,52.68,-1.92,-3.516,52.67,52.68,54.6,54.08,54.51,52.65,3902122.0,208352261.0,15:35:45,2026-09-02
sz001318,阳光乳业,11.71,-0.26,-2.172,11.71,11.72,11.97,11.89,11.97,11.68,3584764.0,42181268.0,15:35:00,2026-09-02
sz001319,铭科精技,20.41,0.08,0.394,20.41,20.42,20.33,20.3,20.58,20.04,1405800.0,28533840.0,15:35:15,2026-09-02
sz001322,箭牌家居,6.62,-0.15,-2.216,6.62,6.64,6.77,6.77,6.77,6.56,3354500.0,22265167.0,15:35:30,2026-09-02
sz001323,慕思股份,19.43,0.18,0.935,19.43,19.45,19.25,19.2,19.61,19.12,1692570.0,32939100.0,15:35:45,2026-09-02
sz001324,长青科技,19.36,0.03,0.155,19.35,19.36,19.33,19.14,19.44,18.85,3078700.0,59100069.0,15:35:00,2026-09-02
sz001325,元创股份,40.19,-1.07,-2.593,40.18,40.19,41.26,41.25,41.31,40.16,1054132.0,42685084.0,15:35:15,2026-09-02
sz001326,联域股份,73.4,6.67,9.996,73.4,0.0,66.73,66.06,73.4,64.69,3050600.0,210246986.0,15:35:30,2026-09-02
sz001328,登康口腔,29.78,0.69,2.372,29.76,29.78,29.09,28.79,29.97,28.79,1903188.0,56338904.0,15:35:45,2026-09-02
sz001330,博纳影业,5.76,-0.41,-6.645,5.76,5.77,6.17,6.15,6.2,5.72,215508586.0,1269251182.0,15:35:00,2026-09-02
sz001331,胜通能源,42.61,-1.03,-2.36,42.6,42.64,43.64,43.23,43.35,42.19,3371321.0,143634220.0,15:35:15,2026-09-02
sz001332,锡装股份,27.55,-0.46,-1.642,27.55,27.6,28.01,27.89,27.97,27.35,1377718.0,37956003.0,15:35:30,2026-09-02
sz001333,光华股份,20.71,-0.12,-0.576,20.68,20.71,20.83,20.63,20.78,20.4,1341000.0,27668085.0,15:35:45,2026-09-02
sz001335,信凯科技,33.32,0.34,1.031,33.32,33.35,32.98,32.98,34.0,32.39,1346260.0,44692054.0,15:35:00,2026-09-02
sz001336,楚环科技,19.06,0.14,0.74,19.04,19.06,18.92,18.92,19.1,18.61,1846000.0,34857209.0,15:35:15,2026-09-02
sz001337,四川黄金,52.93,-0.65,-1.213,52.92,52.93,53.58,52.08,53.15,50.0,17233890.0,888712465.0,15:35:30,2026-09-02
sz001338,永顺泰,9.15,-0.2,-2.139,9.14,9.15,9.35,9.24,9.33,9.1,8670800.0,79540737.0,15:35:45,2026-09-02
sz001339,智微智能,78.1,-0.4,-0.51,78.1,78.11,78.5,77.77,79.0,76.02,5090699.0,394979657.0,15:35:00,2026-09-02
sz001356,富岭股份,9.45,-0.09,-0.943,9.45,9.46,9.54,9.5,9.5,9.35,4786814.0,45100183.0,15:35:15,2026-09-02
sz001358,兴欣新材,24.79,-0.26,-1.038,24.78,24.79,25.05,24.83,24.94,24.46,1280689.0,31634725.0,15:35:30,2026-09-02
sz001359,平安电工,84.95,-1.12,-1.301,84.95,84.97,86.07,84.0,86.0,83.08,2250534.0,190732569.0,15:35:45,2026-09-02
sz001360,南矿集团,17.6,-0.24,-1.345,17.6,17.61,17.84,17.5,17.66,17.18,4762203.0,82865872.0,15:35:00,2026-09-02
sz001365,天海电子,35.54,0.14,0.395,35.54,35.55,35.4,35.1,35.98,35.04,3720331.0,132172508.0,15:35:15,2026-09-02
sz001366,播恩集团,14.5,1.32,10.015,14.5,0.0,13.18,13.05,14.5,12.88,8675731.0,121655961.0,15:35:30,2026-09-02
sz001367,海森药业,20.78,0.03,0.145,20.76,20.78,20.75,20.58,20.98,20.42,1882773.0,38947411.0,15:35:45,2026-09-02
sz001368,通达创智,23.76,-0.08,-0.336,23.76,23.79,23.84,23.61,23.98,23.3,1411792.0,33429822.0,15:35:00,2026-09-02
sz001369,双欣材料,12.84,0.16,1.262,12.84,12.85,12.68,12.57,13.17,12.5,16569167.0,213980249.0,15:35:15,2026-09-02
sz001373,翔腾新材,30.03,0.04,0.133,30.03,30.1,29.99,29.53,30.49,29.53,1169800.0,34947750.0,15:35:30,2026-09-02
sz001376,百通能源,11.46,0.01,0.087,11.45,11.46,11.45,11.47,11.56,11.29,15226215.0,174409601.0,15:35:45,2026-09-02
sz001378,德冠新材,20.35,-0.08,-0.392,20.35,20.37,20.43,20.37,20.49,19.88,2501499.0,50499737.0,15:35:00,2026-09-02
sz001379,腾达科技,16.4,0.09,0.552,16.4,16.41,16.31,16.29,16.49,16.01,2021000.0,32931527.0,15:35:15,2026-09-02
sz001380,华纬科技,17.91,0.11,0.618,17.9,17.91,17.8,17.74,18.01,17.55,1404323.0,25016275.0,15:35:30,2026-09-02
sz001382,新亚电缆,17.06,0.35,2.095,17.05,17.06,16.71,16.67,17.11,16.42,4411723.0,74698624.0,15:35:45,2026-09-02
sz001386,马可波罗,16.2,-0.6,-3.571,16.2,16.22,16.8,16.7,16.77,16.2,4736953.0,77546081.0,15:35:00,2026-09-02
sz001387,雪祺电气,12.28,0.03,0.245,12.28,12.29,12.25,12.21,12.35,12.06,2445100.0,29821612.0,15:35:15,2026-09-02
sz001388,信通电子,22.06,0.22,1.007,22.06,22.07,21.84,21.6,22.52,21.4,6200044.0,137114484.0,15:35:30,2026-09-02
sz001389,广合科技,155.32,-1.19,-0.76,155.32,155.33,156.51,154.86,156.66,153.0,3626488.0,561531096.0,15:35:45,2026-09-02
sz001390,古麒绒材,17.53,-0.04,-0.228,17.49,17.53,17.57,17.57,17.65,17.36,2046488.0,35872302.0,15:35:00,2026-09-02
sz001391,国货航,4.07,-0.05,-1.214,4.07,4.08,4.12,4.1,4.12,4.07,17920900.0,73103598.0,15:35:15,2026-09-02
sz001393,维通利,43.59,1.14,2.686,43.59,43.6,42.45,42.15,44.44,41.65,4178920.0,180141846.0,15:35:30,2026-09-02
sz001395,亚联机械,30.68,0.22,0.722,30.68,30.69,30.46,30.39,30.97,30.22,1948922.0,59746650.0,15:35:45,2026-09-02
sz001396,誉帆科技,33.4,0.64,1.954,33.37,33.41,32.76,32.7,33.78,32.25,1341983.0,44409492.0,15:35:00,2026-09-02
sz001399,惠科股份,21.93,-0.5,-2.229,21.93,21.94,22.43,22.23,22.25,21.88,18647365.0,410673623.0,15:35:15,2026-09-02
sz001400,江顺科技,85.21,0.88,1.044,85.21,85.22,84.33,83.89,88.28,83.3,3475072.0,299028245.0,15:35:30,2026-09-02
sz001696,宗申动力,16.2,0.8,5.195,16.2,16.21,15.4,15.3,16.4,15.2,87270252.0,1376549540.0,15:35:45,2026-09-02
sz001872,招商港口,23.93,-0.64,-2.605,23.92,23.93,24.57,24.5,24.55,23.93,2735144.0,66042880.0,15:35:00,2026-09-02
sz001896,豫能控股,11.7,-0.22,-1.846,11.7,11.71,11.92,11.77,11.96,11.56,32886929.0,383636909.0,15:35:15,2026-09-02
sz001914,招商积余,8.84,-0.05,-0.562,8.83,8.84,8.89,8.85,8.89,8.71,10333898.0,90915253.0,15:35:30,2026-09-02
sz001965,招商公路,9.89,0.0,0.0,9.89,9.9,9.89,9.83,9.93,9.82,10395202.0,102640546.0,15:35:45,2026-09-02
sz001979,招商蛇口,6.49,0.04,0.62,6.49,6.5,6.45,6.4,6.54,6.32,130350152.0,837120241.0,15:35:00,2026-09-02
sz002001,新 和 成,26.65,-0.47,-1.733,26.64,26.65,27.12,27.01,27.05,26.5,20686254.0,551073668.0,15:35:15,2026-09-02
sz002003,伟星股份,12.05,-0.14,-1.148,12.04,12.05,12.19,12.14,12.16,11.77,13629649.0,162824991.0,15:35:30,2026-09-02
sz002004,华邦健康,4.48,-0.1,-2.183,4.47,4.48,4.58,4.57,4.59,4.47,25940194.0,116682508.0,15:35:45,2026-09-02
sz002005,德豪润达,2.48,-0.02,-0.8,2.48,2.49,2.5,2.5,2.51,2.46,13016801.0,32359427.0,15:35:00,2026-09-02
sz002006,精工科技,13.35,-0.1,-0.743,13.34,13.35,13.45,13.38,13.4,13.2,4197711.0,55916200.0,15:35:15,2026-09-02
sz002007,华兰生物,12.96,-0.13,-0.993,12.95,12.96,13.09,13.09,13.12,12.86,10344651.0,133789368.0,15:35:30,2026-09-02
sz002008,大族激光,93.39,-1.21,-1.279,93.38,93.39,94.6,95.5,95.5,91.0,47549364.0,4425615969.0,15:35:45,2026-09-02
sz002009,天奇股份,16.4,-0.11,-0.666,16.39,16.4,16.51,16.44,16.52,16.18,5527376.0,90411321.0,15:35:00,2026-09-02
sz002010,传化智联,4.61,-0.13,-2.743,4.6,4.61,4.74,4.73,4.74,4.58,25412293.0,117508670.0,15:35:15,2026-09-02
sz002011,盾安环境,10.28,0.0,0.0,10.28,10.29,10.28,10.25,10.38,10.13,9689474.0,99492484.0,15:35:30,2026-09-02
sz002012,凯恩股份,7.35,0.07,0.962,7.35,7.36,7.28,7.24,7.38,7.18,9179819.0,67155834.0,15:35:45,2026-09-02
sz002014,永新股份,11.45,-0.08,-0.694,11.45,11.47,11.53,11.39,11.52,11.36,3001320.0,34374079.0,15:35:00,2026-09-02
sz002015,协鑫能科,17.05,-0.37,-2.124,17.05,17.06,17.42,17.42,17.74,16.95,190687950.0,3302057577.0,15:35:15,2026-09-02
sz002016,世荣兆业,4.67,-0.05,-1.059,4.66,4.67,4.72,4.71,4.71,4.59,9918305.0,46044146.0,15:35:30,2026-09-02
sz002017,东信和平,16.92,0.42,2.545,16.92,16.93,16.5,16.14,17.29,15.88,75194702.0,1261233548.0,15:35:45,2026-09-02
sz002019,亿帆医药,9.8,-0.12,-1.21,9.79,9.8,9.92,9.9,9.91,9.77,6665668.0,65337759.0,15:35:00,2026-09-02
sz002020,京新药业,12.82,-0.15,-1.157,12.81,12.82,12.97,12.98,12.99,12.76,6913780.0,88668399.0,15:35:15,2026-09-02
sz002021,中捷资源,2.73,0.0,0.0,2.73,2.74,2.73,2.71,2.75,2.68,25390803.0,69020503.0,15:35:30,2026-09-02
sz002022,科华生物,5.8,-0.05,-0.855,5.8,5.81,5.85,5.85,5.89,5.76,4477100.0,26018214.0,15:35:45,2026-09-02
sz002023,海特高新,10.01,-0.08,-0.793,10.01,10.02,10.09,10.0,10.17,9.99,10733929.0,108108572.0,15:35:00,2026-09-02
sz002024,ST易购,1.17,-0.02,-1.681,1.17,1.18,1.19,1.19,1.19,1.17,19974370.0,23570022.0,15:35:15,2026-09-02
sz002025,航天电器,66.42,-0.38,-0.569,66.4,66.42,66.8,66.59,67.4,64.8,12093534.0,801800701.0,15:35:30,2026-09-02
sz002026,山东威达,11.95,-0.03,-0.25,11.94,11.95,11.98,11.91,12.23,11.85,9229000.0,110544314.0,15:35:45,2026-09-02
sz002027,分众传媒,4.85,-0.11,-2.218,4.85,4.86,4.96,4.95,4.97,4.85,148937865.0,727557012.0,15:35:00,2026-09-02
sz002028,思源电气,141.64,1.34,0.955,141.64,141.65,140.3,139.68,145.88,138.6,13207924.0,1886712612.0,15:35:15,2026-09-02
sz002029,七 匹 狼,9.21,-0.1,-1.074,9.21,9.22,9.31,9.21,9.46,9.06,24997537.0,231559131.0,15:35:30,2026-09-02
sz002030,达安基因,5.47,-0.07,-1.264,5.47,5.48,5.54,5.53,5.54,5.46,14040554.0,77196174.0,15:35:45,2026-09-02
sz002031,巨轮智能,5.19,-0.16,-2.991,5.18,5.19,5.35,5.25,5.3,5.17,70554694.0,367908474.0,15:35:00,2026-09-02
sz002032,苏 泊 尔,39.54,-0.56,-1.397,39.53,39.54,40.1,40.12,40.12,39.39,2548100.0,100762613.0,15:35:15,2026-09-02
sz002033,丽江股份,9.26,0.13,1.424,9.25,9.26,9.13,9.13,9.34,9.02,41203950.0,380295068.0,15:35:30,2026-09-02
sz002034,旺能环境,14.61,0.07,0.481,14.6,14.61,14.54,14.5,14.67,14.37,5889448.0,85667502.0,15:35:45,2026-09-02
sz002035,华帝股份,4.62,-0.08,-1.702,4.62,4.63,4.7,4.69,4.7,4.59,16057668.0,74179245.0,15:35:00,2026-09-02
sz002036,联创电子,7.08,-0.21,-2.881,7.07,7.08,7.29,7.21,7.23,7.04,26275449.0,186414091.0,15:35:15,2026-09-02
sz002037,保利联合,7.05,-0.02,-0.283,7.05,7.06,7.07,7.01,7.08,6.9,3919700.0,27399506.0,15:35:30,2026-09-02
sz002038,双鹭药业,6.05,-0.07,-1.144,6.04,6.05,6.12,6.16,6.19,6.04,28753040.0,175521895.0,15:35:45,2026-09-02
sz002039,黔源电力,19.54,0.08,0.411,19.51,19.54,19.46,19.48,19.65,19.33,5276294.0,103028506.0,15:35:00,2026-09-02
sz002040,南 京 港,8.85,-0.1,-1.117,8.84,8.85,8.95,9.0,9.26,8.82,28107856.0,254689358.0,15:35:15,2026-09-02
sz002041,登海种业,10.87,-1.01,-8.502,10.87,10.88,11.88,11.75,11.75,10.69,85751474.0,936797740.0,15:35:30,2026-09-02
sz002042,华孚时尚,4.01,-0.07,-1.716,4.0,4.01,4.08,4.07,4.1,3.99,28221635.0,113516723.0,15:35:45,2026-09-02
sz002043,兔 宝 宝,12.5,-0.01,-0.08,12.5,12.51,12.51,12.43,12.59,12.24,7996052.0,99356305.0,15:35:00,2026-09-02
sz002044,美年健康,4.71,-0.04,-0.842,4.71,4.72,4.75,4.75,4.78,4.67,57035317.0,268562137.0,15:35:15,2026-09-02
sz002045,国光电器,9.46,-0.06,-0.63,9.46,9.47,9.52,9.59,9.65,9.35,38966964.0,369401251.0,15:35:30,2026-09-02
sz002046,国机精工,51.04,-0.74,-1.429,51.03,51.04,51.78,51.43,52.38,50.31,6357890.0,325643331.0,15:35:45,2026-09-02
sz002047,宝鹰股份,3.43,-0.02,-0.58,3.43,3.44,3.45,3.41,3.47,3.37,27785600.0,95070333.0,15:35:00,2026-09-02
sz002048,宁波华翔,19.25,-0.32,-1.635,19.24,19.25,19.57,19.39,19.5,19.05,10452161.0,201090404.0,15:35:15,2026-09-02
sz002049,紫光国微,62.6,-0.75,-1.184,62.6,62.61,63.35,62.58,63.03,62.35,8703132.0,545515218.0,15:35:30,2026-09-02
sz002050,三花智控,35.62,-0.34,-0.945,35.61,35.62,35.96,35.57,35.75,35.4,28108643.0,999247838.0,15:35:45,2026-09-02
sz002051,中工国际,8.41,-0.24,-2.775,8.41,8.42,8.65,8.52,8.57,8.39,17911725.0,151263852.0,15:35:00,2026-09-02
sz002052,同洲电子,8.8,-0.13,-1.456,8.8,8.81,8.93,8.82,8.88,8.6,9491600.0,83013161.0,15:35:15,2026-09-02
sz002053,云南能投,9.34,-0.08,-0.849,9.33,9.34,9.42,9.45,9.46,9.24,4531649.0,42135126.0,15:35:30,2026-09-02
sz002054,德美化工,7.45,-0.04,-0.534,7.44,7.45,7.49,7.5,7.56,7.4,9589937.0,71529284.0,15:35:45,2026-09-02
sz002055,ST得润,6.06,-0.11,-1.783,6.05,6.06,6.17,6.14,6.14,6.04,8025400.0,48779236.0,15:35:00,2026-09-02
sz002056,横店东磁,19.95,-0.57,-2.778,19.95,19.96,20.52,20.28,20.35,19.88,19514591.0,390592843.0,15:35:15,2026-09-02
sz002057,中钢天源,8.89,-0.09,-1.002,8.88,8.89,8.98,8.91,8.93,8.77,11336462.0,100395790.0,15:35:30,2026-09-02
sz002058,紫竹高科,16.67,-0.27,-1.594,16.67,16.69,16.94,16.69,17.1,16.61,1892900.0,31721356.0,15:35:45,2026-09-02
sz002059,云南旅游,5.25,0.48,10.063,5.25,0.0,4.77,4.76,5.25,4.73,71025589.0,368884408.0,15:35:00,2026-09-02
sz002060,广东建工,3.21,-0.04,-1.231,3.2,3.21,3.25,3.25,3.25,3.19,11696014.0,37469522.0,15:35:15,2026-09-02
sz002061,浙江交科,3.47,-0.05,-1.42,3.46,3.47,3.52,3.53,3.54,3.45,15730833.0,54582250.0,15:35:30,2026-09-02
sz002062,宏润建设,8.49,0.3,3.663,8.48,8.49,8.19,8.19,8.53,8.08,26512992.0,221869137.0,15:35:45,2026-09-02
sz002063,远光软件,5.57,0.0,0.0,5.57,5.58,5.57,5.55,5.6,5.46,24477199.0,135496455.0,15:35:00,2026-09-02
sz002064,华峰化学,11.68,-0.32,-2.667,11.68,11.69,12.0,11.92,12.1,11.56,37772046.0,441680440.0,15:35:15,2026-09-02
sz002065,东华软件,6.96,-0.14,-1.972,6.95,6.96,7.1,7.02,7.08,6.95,26697816.0,186423045.0,15:35:30,2026-09-02
sz002066,瑞泰科技,22.15,0.02,0.09,22.15,22.16,22.13,22.11,22.3,21.75,2699700.0,59663041.0,15:35:45,2026-09-02
sz002067,景兴纸业,4.23,-0.11,-2.535,4.23,4.24,4.34,4.3,4.3,4.19,32384618.0,137143168.0,15:35:00,2026-09-02
sz002068,黑猫股份,8.05,0.0,0.0,8.04,8.05,8.05,8.0,8.11,7.93,16627345.0,133455726.0,15:35:15,2026-09-02
sz002069,獐子岛,3.77,-0.04,-1.05,3.77,3.78,3.81,3.83,3.85,3.72,13751553.0,51784900.0,15:35:30,2026-09-02
sz002072,凯瑞德,9.06,-0.02,-0.22,9.06,9.07,9.08,8.92,9.12,8.85,19323808.0,174216416.0,15:35:45,2026-09-02
sz002073,软控股份,5.98,-0.05,-0.829,5.97,5.98,6.03,6.03,6.04,5.9,14182638.0,84465537.0,15:35:00,2026-09-02
sz002074,国轩高科,26.03,-0.63,-2.363,26.02,26.03,26.66,26.46,26.59,26.01,15243319.0,398011816.0,15:35:15,2026-09-02
sz002075,沙钢股份,3.7,-0.04,-1.07,3.69,3.7,3.74,3.72,3.73,3.64,24754935.0,90929798.0,15:35:30,2026-09-02
sz002076,星光股份,2.17,-0.02,-0.913,2.17,2.18,2.19,2.18,2.2,2.14,24777100.0,53667994.0,15:35:45,2026-09-02
sz002077,大港股份,12.57,-0.07,-0.554,12.56,12.57,12.64,12.5,12.68,12.38,15295601.0,191337015.0,15:35:00,2026-09-02
sz002078,太阳纸业,14.79,-0.11,-0.738,14.79,14.8,14.9,14.87,15.18,14.73,19919800.0,295623695.0,15:35:15,2026-09-02
sz002079,苏州固锝,9.1,-0.15,-1.622,9.1,9.11,9.25,9.16,9.19,9.05,17856731.0,162582042.0,15:35:30,2026-09-02
sz002080,中材科技,50.79,-0.06,-0.118,50.78,50.79,50.85,50.1,51.87,49.89,37402821.0,1910426684.0,15:35:45,2026-09-02
sz002081,金 螳 螂,5.34,-0.35,-6.151,5.33,5.34,5.69,5.64,5.68,5.26,346070117.0,1862172539.0,15:35:00,2026-09-02
sz002082,ST万邦,9.11,-0.23,-2.463,9.1,9.11,9.34,9.31,9.31,9.02,7460255.0,67973510.0,15:35:15,2026-09-02
sz002083,孚日股份,10.31,-0.07,-0.674,10.3,10.31,10.38,10.28,10.37,10.12,20305117.0,207946843.0,15:35:30,2026-09-02
sz002084,海鸥住工,7.12,0.1,1.425,7.11,7.12,7.02,7.08,7.55,6.88,214443095.0,1539638603.0,15:35:45,2026-09-02
sz002085,万丰奥威,10.61,0.01,0.094,10.61,10.62,10.6,10.49,10.66,10.37,23705700.0,249629000.0,15:35:00,2026-09-02
sz002086,东方海洋,2.15,-0.06,-2.715,2.14,2.15,2.21,2.22,2.22,2.13,57960824.0,124993935.0,15:35:15,2026-09-02
sz002088,鲁阳节能,8.12,-0.07,-0.855,8.1,8.12,8.19,8.15,8.27,8.05,2516243.0,20403312.0,15:35:30,2026-09-02
sz002090,金智科技,9.29,-0.11,-1.17,9.28,9.29,9.4,9.39,9.41,9.19,4988700.0,46280089.0,15:35:45,2026-09-02
sz002091,江苏国泰,7.72,-0.07,-0.899,7.72,7.73,7.79,7.79,7.8,7.66,9594311.0,73980298.0,15:35:00,2026-09-02
sz002092,中泰化学,4.8,-0.09,-1.84,4.8,4.81,4.89,4.93,4.97,4.69,72493532.0,346375667.0,15:35:15,2026-09-02
sz002093,国脉科技,7.03,0.01,0.142,7.03,7.04,7.02,6.95,7.09,6.86,9513921.0,66294496.0,15:35:30,2026-09-02
sz002094,青岛金王,5.7,-0.05,-0.87,5.69,5.7,5.75,5.7,5.78,5.6,54662589.0,311355741.0,15:35:45,2026-09-02
sz002095,生 意 宝,14.92,-0.11,-0.732,14.92,14.93,15.03,15.0,15.0,14.74,2679575.0,39842894.0,15:35:00,2026-09-02
sz002096,易普力,9.57,-0.19,-1.947,9.56,9.57,9.76,9.76,9.76,9.48,5206600.0,49783451.0,15:35:15,2026-09-02
sz002097,山河智能,7.5,0.07,0.942,7.49,7.5,7.43,7.39,7.54,7.29,23988827.0,178346118.0,15:35:30,2026-09-02
sz002098,浔兴股份,8.05,0.2,2.548,8.05,8.06,7.85,7.87,8.12,7.87,15929600.0,127718569.0,15:35:45,2026-09-02
sz002099,海翔药业,5.43,-0.17,-3.036,5.43,5.44,5.6,5.61,5.65,5.36,21060555.0,114614938.0,15:35:00,2026-09-02
sz002100,天康生物,7.85,-0.12,-1.506,7.84,7.85,7.97,7.94,8.05,7.84,27569587.0,218244523.0,15:35:15,2026-09-02
sz002101,广东鸿图,8.92,-0.01,-0.112,8.91,8.92,8.93,8.91,8.93,8.77,3698833.0,32762468.0,15:35:30,2026-09-02
sz002102,ST能特,2.43,0.05,2.101,2.42,2.43,2.38,2.38,2.44,2.35,13830100.0,33212406.0,15:35:45,2026-09-02
sz002103,广博股份,6.87,-0.08,-1.151,6.87,6.88,6.95,6.96,7.0,6.83,10065760.0,69304874.0,15:35:00,2026-09-02
sz002104,恒宝股份,13.51,1.23,10.016,13.51,0.0,12.28,12.32,13.51,11.93,139664533.0,1771733395.0,15:35:15,2026-09-02
sz002105,信隆健康,6.28,-0.08,-1.258,6.27,6.28,6.36,6.3,6.37,6.22,5816100.0,36559744.0,15:35:30,2026-09-02
sz002106,莱宝高科,10.93,0.52,4.995,10.92,10.94,10.41,10.28,11.12,10.27,42505283.0,457878824.0,15:35:45,2026-09-02
sz002107,沃华医药,7.07,-0.3,-4.071,7.07,7.08,7.37,7.2,7.3,7.04,43076844.0,306962834.0,15:35:00,2026-09-02
sz002108,沧州明珠,4.44,-0.04,-0.893,4.44,4.45,4.48,4.46,4.48,4.4,21191548.0,93907881.0,15:35:15,2026-09-02
sz002109,ST兴化,2.89,-0.05,-1.701,2.88,2.89,2.94,2.96,3.0,2.86,10479400.0,30526139.0,15:35:30,2026-09-02
sz002110,三钢闽光,3.03,-0.06,-1.942,3.02,3.03,3.09,3.08,3.09,2.99,23115042.0,69798799.0,15:35:45,2026-09-02
sz002111,威海广泰,9.75,-0.07,-0.713,9.75,9.76,9.82,9.76,9.86,9.7,9170876.0,89640781.0,15:35:00,2026-09-02
sz002112,三变科技,15.51,0.15,0.977,15.5,15.51,15.36,15.22,15.58,15.03,18396745.0,283830863.0,15:35:15,2026-09-02
sz002114,罗平锌电,7.78,-0.19,-2.384,7.78,7.79,7.97,7.85,7.97,7.68,10020801.0,78066241.0,15:35:30,2026-09-02
sz002115,三维通信,10.81,-0.22,-1.995,10.81,10.82,11.03,10.9,10.97,10.77,33030665.0,358086406.0,15:35:45,2026-09-02
sz002116,中国海诚,7.3,-0.02,-0.273,7.29,7.3,7.32,7.3,7.32,7.2,2264300.0,16433957.0,15:35:00,2026-09-02
sz002117,东港股份,8.4,-0.05,-0.592,8.39,8.4,8.45,8.38,8.45,8.31,9808940.0,82197023.0,15:35:15,2026-09-02
sz002119,康强电子,22.69,-0.32,-1.391,22.69,22.7,23.01,22.61,22.95,22.4,14987600.0,339157415.0,15:35:30,2026-09-02
sz002120,韵达股份,6.82,-0.09,-1.302,6.82,6.83,6.91,6.88,6.91,6.8,30912103.0,211202418.0,15:35:45,2026-09-02
sz002121,科陆电子,5.0,-0.12,-2.344,4.99,5.0,5.12,5.09,5.09,4.94,19812256.0,98879166.0,15:35:00,2026-09-02
sz002122,ST汇洲,2.8,-0.02,-0.709,2.8,2.81,2.82,2.81,2.82,2.8,7856447.0,22086097.0,15:35:15,2026-09-02
sz002123,梦网科技,8.34,-0.09,-1.068,8.33,8.34,8.43,8.41,8.45,8.24,17231200.0,143503994.0,15:35:30,2026-09-02
sz002124,天邦食品,2.27,-0.08,-3.404,2.27,2.28,2.35,2.34,2.36,2.26,101228649.0,233004825.0,15:35:45,2026-09-02
sz002125,湘潭电化,12.38,-0.35,-2.749,12.38,12.39,12.73,12.61,12.61,12.27,20772122.0,257460466.0,15:35:00,2026-09-02
sz002126,银轮股份,43.07,1.16,2.768,43.07,43.08,41.91,41.5,43.66,41.03,20036777.0,856677220.0,15:35:15,2026-09-02
sz002127,南极电商,3.0,-0.07,-2.28,2.99,3.0,3.07,3.05,3.09,2.99,39531793.0,119161232.0,15:35:30,2026-09-02
sz002128,电投能源,29.31,-0.04,-0.136,29.31,29.32,29.35,29.43,29.88,28.85,14633629.0,428854618.0,15:35:45,2026-09-02
sz002129,TCL中环,9.3,-0.27,-2.821,9.3,9.31,9.57,9.46,9.5,9.27,62928561.0,588520560.0,15:35:00,2026-09-02
sz002130,沃尔核材,16.67,-0.23,-1.361,16.66,16.67,16.9,16.73,16.85,16.3,31415150.0,520563837.0,15:35:15,2026-09-02
sz002131,利欧股份,4.79,-0.31,-6.078,4.79,4.8,5.1,4.9,4.96,4.77,644923440.0,3119734689.0,15:35:30,2026-09-02
sz002132,恒星科技,4.38,-0.13,-2.882,4.37,4.38,4.51,4.45,4.45,4.36,50405786.0,221289825.0,15:35:45,2026-09-02
sz002133,广宇集团,2.86,-0.12,-4.027,2.85,2.86,2.98,2.96,2.97,2.78,54556901.0,155101988.0,15:35:00,2026-09-02
sz002134,天津普林,23.65,1.15,5.111,23.64,23.65,22.5,22.18,23.79,22.02,15562926.0,358271451.0,15:35:15,2026-09-02
sz002135,东南网架,6.49,-0.11,-1.667,6.48,6.49,6.6,6.6,6.6,6.35,16522680.0,106697428.0,15:35:30,2026-09-02
sz002136,安 纳 达,13.03,-0.1,-0.762,13.03,13.05,13.13,13.06,13.23,12.81,4581112.0,59549886.0,15:35:45,2026-09-02
sz002137,实益达,7.81,-0.11,-1.389,7.81,7.82,7.92,7.83,7.86,7.75,10037700.0,78389462.0,15:35:00,2026-09-02
sz002138,顺络电子,45.68,-0.82,-1.763,45.67,45.68,46.5,45.8,46.4,45.1,18724572.0,854912238.0,15:35:15,2026-09-02
sz002139,拓邦股份,9.45,-0.16,-1.665,9.45,9.46,9.61,9.57,9.57,9.37,10447200.0,98567887.0,15:35:30,2026-09-02
sz002140,东华科技,9.27,0.02,0.216,9.27,9.28,9.25,9.43,9.5,9.21,8157677.0,75849297.0,15:35:45,2026-09-02
sz002141,贤丰控股,6.78,-0.16,-2.305,6.78,6.79,6.94,6.91,6.93,6.67,122932697.0,832491270.0,15:35:00,2026-09-02
sz002142,宁波银行,34.3,0.0,0.0,34.3,34.31,34.3,34.42,34.5,34.09,26457863.0,907761204.0,15:35:15,2026-09-02
sz002144,宏达高科,11.43,0.0,0.0,11.42,11.43,11.43,11.42,11.47,11.25,2195800.0,24978018.0,15:35:30,2026-09-02
sz002145,钛能化学,4.33,-0.06,-1.367,4.32,4.33,4.39,4.38,4.4,4.3,34669854.0,150067834.0,15:35:45,2026-09-02
sz002146,荣盛发展,1.18,-0.02,-1.667,1.18,1.19,1.2,1.2,1.22,1.16,121450818.0,143128026.0,15:35:00,2026-09-02
sz002148,北纬科技,6.53,-0.01,-0.153,6.53,6.55,6.54,6.46,6.57,6.46,8726879.0,56889865.0,15:35:15,2026-09-02
sz002149,西部材料,35.16,0.24,0.687,35.15,35.16,34.92,34.5,35.45,34.13,16368800.0,572153320.0,15:35:30,2026-09-02
sz002150,正泰电源,20.7,-0.75,-3.497,20.7,20.71,21.45,21.29,21.29,20.69,6439400.0,135203362.0,15:35:45,2026-09-02
sz002151,北斗星通,28.73,-0.24,-0.828,28.72,28.73,28.97,28.71,29.04,28.56,8113934.0,233595657.0,15:35:00,2026-09-02
sz002152,广电运通,9.85,-0.04,-0.404,9.84,9.85,9.89,9.82,9.9,9.68,16962500.0,166248996.0,15:35:15,2026-09-02
sz002153,石基信息,7.93,-0.14,-1.735,7.93,7.94,8.07,7.99,8.04,7.88,17182908.0,136530857.0,15:35:30,2026-09-02
sz002154,报 喜 鸟,4.06,-0.07,-1.695,4.06,4.07,4.13,4.1,4.12,4.02,26055986.0,105644529.0,15:35:45,2026-09-02
sz002155,湖南黄金,26.21,-0.24,-0.907,26.2,26.21,26.45,25.73,26.39,24.99,81282709.0,2083092255.0,15:35:00,2026-09-02
sz002156,通富微电,59.7,-1.68,-2.737,59.69,59.7,61.38,60.12,60.79,59.54,54134014.0,3250647237.0,15:35:15,2026-09-02
sz002157,正邦科技,3.1,0.03,0.977,3.09,3.1,3.07,3.07,3.14,3.04,192149481.0,593162315.0,15:35:30,2026-09-02
sz002158,汉钟精机,27.97,1.16,4.327,27.97,27.98,26.81,26.85,28.72,26.21,20298593.0,562961113.0,15:35:45,2026-09-02
sz002159,三特索道,14.1,-0.06,-0.424,14.09,14.1,14.16,14.23,14.29,13.95,4398700.0,62144984.0,15:35:00,2026-09-02
sz002160,常铝股份,4.13,-0.01,-0.242,4.11,4.13,4.14,4.1,4.14,4.04,12790740.0,52299006.0,15:35:15,2026-09-02
sz002161,远 望 谷,6.9,-0.1,-1.429,6.9,6.91,7.0,7.0,7.02,6.86,19028000.0,132253001.0,15:35:30,2026-09-02
sz002162,悦心健康,4.1,-0.06,-1.442,4.1,4.12,4.16,4.12,4.15,4.07,7840910.0,32125600.0,15:35:45,2026-09-02
sz002163,海南发展,8.72,0.03,0.345,8.71,8.72,8.69,8.68,8.82,8.52,22309366.0,193924394.0,15:35:00,2026-09-02
sz002164,宁波东力,10.92,0.04,0.368,10.91,10.92,10.88,10.88,11.04,10.75,7101600.0,77354397.0,15:35:15,2026-09-02
sz002165,红 宝 丽,8.39,-0.72,-7.903,8.38,8.39,9.11,8.81,8.81,8.3,167378359.0,1426305948.0,15:35:30,2026-09-02
sz002166,莱茵生物,6.84,-0.09,-1.299,6.83,6.84,6.93,6.86,6.89,6.78,8949107.0,61060570.0,15:35:45,2026-09-02
sz002167,东方锆业,15.98,-0.37,-2.263,15.97,15.98,16.35,16.03,16.12,15.6,34991272.0,555139398.0,15:35:00,2026-09-02
sz002168,ST惠程,3.76,-0.04,-1.053,3.75,3.76,3.8,3.82,3.82,3.74,3106180.0,11674067.0,15:35:15,2026-09-02
sz002169,智光电气,12.63,-0.43,-3.292,12.63,12.64,13.06,12.9,12.98,12.6,22144659.0,282687808.0,15:35:30,2026-09-02
sz002170,芭田股份,11.63,-0.13,-1.105,11.63,11.64,11.76,11.85,11.92,11.55,25741901.0,301019632.0,15:35:45,2026-09-02
sz002171,楚江新材,9.97,-0.05,-0.499,9.97,9.98,10.02,9.91,10.05,9.75,32017618.0,317250502.0,15:35:00,2026-09-02
sz002172,澳洋健康,4.51,-0.23,-4.852,4.5,4.51,4.74,4.7,4.73,4.45,164487604.0,748603834.0,15:35:15,2026-09-02
sz002173,创新医疗,18.55,-0.48,-2.522,18.55,18.56,19.03,18.92,18.98,18.4,20265965.0,376806205.0,15:35:30,2026-09-02
sz002174,游族网络,11.62,-0.05,-0.428,11.61,11.62,11.67,11.55,11.65,11.32,24581370.0,282341998.0,15:35:45,2026-09-02
sz002175,*ST东智,2.69,0.03,1.128,2.68,2.69,2.66,2.64,2.7,2.61,18158100.0,48307183.0,15:35:00,2026-09-02
sz002176,江特电机,8.86,-0.29,-3.169,8.86,8.87,9.15,9.06,9.07,8.79,50563161.0,448462781.0,15:35:15,2026-09-02
sz002177,御银股份,6.11,-0.07,-1.133,6.1,6.11,6.18,6.1,6.19,5.99,31363822.0,191060206.0,15:35:30,2026-09-02
sz002178,延华智能,4.72,-0.04,-0.84,4.71,4.72,4.76,4.74,4.75,4.67,8926093.0,42074834.0,15:35:45,2026-09-02
sz002179,中航光电,34.32,-0.58,-1.662,34.32,34.33,34.9,34.56,34.66,34.0,17474072.0,599050431.0,15:35:00,2026-09-02
sz002180,奔图科技,17.18,-0.1,-0.579,17.18,17.19,17.28,17.16,17.27,16.88,7998175.0,135953096.0,15:35:15,2026-09-02
sz002181,粤 传 媒,9.81,0.23,2.401,9.81,9.82,9.58,9.39,10.28,9.29,164885815.0,1623231246.0,15:35:30,2026-09-02
sz002182,宝武镁业,12.11,-0.06,-0.493,12.11,12.12,12.17,12.05,12.2,11.84,14453370.0,173558417.0,15:35:45,2026-09-02
sz002183,怡 亚 通,4.45,-0.13,-2.838,4.45,4.46,4.58,4.48,4.5,4.37,48525900.0,215292043.0,15:35:00,2026-09-02
sz002184,海得控制,10.19,-0.04,-0.391,10.19,10.2,10.23,10.16,10.25,10.08,2727975.0,27720125.0,15:35:15,2026-09-02
sz002185,华天科技,16.05,-0.47,-2.845,16.05,16.06,16.52,16.36,16.37,15.95,130542812.0,2102213848.0,15:35:30,2026-09-02
sz002186,全 聚 德,9.69,-0.14,-1.424,9.69,9.7,9.83,9.71,9.83,9.6,4031676.0,39130070.0,15:35:45,2026-09-02
sz002187,广百股份,5.69,-0.09,-1.557,5.69,5.7,5.78,5.78,5.8,5.62,13473300.0,76732690.0,15:35:00,2026-09-02
sz002188,中天服务,5.75,-0.04,-0.691,5.75,5.76,5.79,5.74,5.78,5.63,9761400.0,55623628.0,15:35:15,2026-09-02
sz002189,中光学,20.44,0.76,3.862,20.43,20.44,19.68,19.47,20.58,19.44,9619014.0,195794344.0,15:35:30,2026-09-02
sz002190,成飞集成,26.4,0.12,0.457,26.39,26.4,26.28,26.32,27.65,26.3,29012791.0,784471664.0,15:35:45,2026-09-02
sz002191,劲嘉股份,3.65,-0.05,-1.351,3.64,3.65,3.7,3.67,3.68,3.64,8255600.0,30161394.0,15:35:00,2026-09-02
sz002192,融捷股份,69.25,-2.44,-3.404,69.24,69.25,71.69,71.32,71.6,68.0,16844445.0,1165238902.0,15:35:15,2026-09-02
sz002193,ST如意,5.39,-0.04,-0.737,5.39,5.41,5.43,5.37,5.5,5.25,5561903.0,29835929.0,15:35:30,2026-09-02
sz002194,武汉凡谷,9.98,-0.08,-0.795,9.98,9.99,10.06,9.92,10.05,9.89,13572113.0,135098390.0,15:35:45,2026-09-02
sz002195,岩山科技,6.41,-0.16,-2.435,6.4,6.41,6.57,6.49,6.53,6.37,82391730.0,528754149.0,15:35:00,2026-09-02
sz002196,方正电机,10.59,-0.06,-0.563,10.58,10.59,10.65,10.54,10.68,10.44,8081000.0,85324245.0,15:35:15,2026-09-02
sz002197,证通电子,7.07,0.0,0.0,7.07,7.08,7.07,7.0,7.11,6.92,18070800.0,126979176.0,15:35:30,2026-09-02
sz002198,ST嘉应,3.61,0.03,0.838,3.6,3.61,3.58,3.54,3.61,3.51,4571700.0,16246326.0,15:35:45,2026-09-02
sz002199,东晶电子,12.15,-0.21,-1.699,12.15,12.16,12.36,12.2,12.24,12.0,3112600.0,37776278.0,15:35:00,2026-09-02
sz002200,交投生态,7.12,-0.07,-0.974,7.11,7.12,7.19,7.24,7.25,7.03,4018106.0,28468962.0,15:35:15,2026-09-02
sz002201,九鼎新材,9.22,0.84,10.024,9.22,0.0,8.38,8.3,9.22,8.25,42577062.0,386601794.0,15:35:30,2026-09-02
sz002202,金风科技,17.8,-0.39,-2.144,17.8,17.81,18.19,18.06,18.06,17.77,66421289.0,1186999991.0,15:35:45,2026-09-02
sz002203,海亮股份,19.5,0.8,4.278,19.49,19.5,18.7,18.3,19.6,18.01,33652388.0,640901422.0,15:35:00,2026-09-02
sz002204,大连重工,5.19,-0.06,-1.143,5.18,5.19,5.25,5.24,5.24,5.17,15993055.0,82892630.0,15:35:15,2026-09-02
sz002205,国统股份,11.02,0.0,0.0,11.02,11.08,11.02,10.95,11.12,10.76,3194200.0,35058073.0,15:35:30,2026-09-02
sz002206,海 利 得,5.32,-0.06,-1.115,5.31,5.32,5.38,5.35,5.38,5.25,9736600.0,51643762.0,15:35:45,2026-09-02
sz002207,*ST准油,6.0,-0.1,-1.639,6.0,6.01,6.1,6.22,6.32,5.95,14272400.0,87226993.0,15:35:00,2026-09-02
sz002208,合肥城建,10.31,-0.23,-2.182,10.31,10.32,10.54,10.37,10.48,10.15,33077916.0,340051732.0,15:35:15,2026-09-02
sz002209,达 意 隆,13.68,0.04,0.293,13.68,13.69,13.64,13.64,13.85,13.46,6655900.0,90963572.0,15:35:30,2026-09-02
sz002210,飞马国际,2.32,-0.04,-1.695,2.32,2.33,2.36,2.34,2.36,2.29,45394927.0,105141986.0,15:35:45,2026-09-02
sz002211,ST宏达,4.0,-0.05,-1.235,4.0,4.01,4.05,4.03,4.05,3.95,5841800.0,23320909.0,15:35:00,2026-09-02
sz002212,天融信,6.67,-0.15,-2.199,6.66,6.67,6.82,6.68,6.76,6.65,64002214.0,428198647.0,15:35:15,2026-09-02
sz002213,大为股份,29.08,-0.31,-1.055,29.07,29.08,29.39,28.95,29.35,28.65,5882820.0,170888886.0,15:35:30,2026-09-02
sz002214,大立科技,16.19,0.4,2.533,16.19,16.2,15.79,15.69,16.35,15.59,10577778.0,169412914.0,15:35:45,2026-09-02
sz002215,诺 普 信,10.19,-0.23,-2.207,10.19,10.2,10.42,10.42,10.44,10.14,27288033.0,279330452.0,15:35:00,2026-09-02
sz002216,三全食品,11.86,-0.1,-0.836,11.85,11.86,11.96,11.93,12.04,11.8,6276953.0,74691130.0,15:35:15,2026-09-02
sz002217,ST合力泰,1.46,-0.02,-1.351,1.45,1.46,1.48,1.47,1.48,1.45,73966300.0,108094376.0,15:35:30,2026-09-02
sz002218,拓日新能,4.03,0.01,0.249,4.03,4.04,4.02,4.0,4.06,3.96,24217565.0,97359031.0,15:35:45,2026-09-02
sz002219,新里程,2.17,-0.06,-2.691,2.16,2.17,2.23,2.23,2.24,2.16,85025600.0,185374025.0,15:35:00,2026-09-02
sz002221,东华能源,5.8,-0.14,-2.357,5.79,5.8,5.94,6.0,6.0,5.76,22057716.0,128522966.0,15:35:15,2026-09-02
sz002222,福晶科技,66.59,-0.96,-1.421,66.59,66.6,67.55,66.65,67.96,66.1,14866806.0,992602135.0,15:35:30,2026-09-02
sz002223,鱼跃医疗,25.96,-0.19,-0.727,25.95,25.96,26.15,26.01,26.35,25.84,5038499.0,130777183.0,15:35:45,2026-09-02
sz002224,三 力 士,3.7,-0.04,-1.07,3.7,3.71,3.74,3.74,3.74,3.68,8530900.0,31619100.0,15:35:00,2026-09-02
sz002225,濮耐股份,3.67,-0.04,-1.078,3.67,3.68,3.71,3.69,3.7,3.62,16020500.0,58703568.0,15:35:15,2026-09-02
sz002226,江南化工,5.24,-0.08,-1.504,5.23,5.24,5.32,5.31,5.31,5.17,21696308.0,113406024.0,15:35:30,2026-09-02
sz002227,*ST特迅,6.85,0.02,0.293,6.84,6.85,6.83,6.74,6.88,6.69,1371102.0,9316400.0,15:35:45,2026-09-02
sz002228,合兴包装,3.2,-0.03,-0.929,3.19,3.2,3.23,3.22,3.23,3.18,14720457.0,47038731.0,15:35:00,2026-09-02
sz002229,鸿博股份,12.09,-0.06,-0.494,12.09,12.1,12.15,12.06,12.25,11.93,40175179.0,485044710.0,15:35:15,2026-09-02
sz002230,科大讯飞,39.42,-0.8,-1.989,39.41,39.42,40.22,39.9,39.99,39.41,21560082.0,853376539.0,15:35:30,2026-09-02
sz002232,启明信息,14.73,0.05,0.341,14.73,14.74,14.68,14.55,14.8,14.49,4185300.0,61446120.0,15:35:45,2026-09-02
sz002233,塔牌集团,7.04,-0.17,-2.358,7.03,7.04,7.21,7.17,7.2,7.02,10213400.0,72355638.0,15:35:00,2026-09-02
sz002234,民和股份,8.16,-0.18,-2.158,8.15,8.16,8.34,8.27,8.38,8.12,5241436.0,42922124.0,15:35:15,2026-09-02
sz002235,安妮股份,8.8,-0.28,-3.084,8.8,8.81,9.08,8.97,9.0,8.75,20116198.0,178172004.0,15:35:30,2026-09-02
sz002236,大华股份,16.39,-0.2,-1.206,16.38,16.39,16.59,16.48,16.65,16.3,24393486.0,400612329.0,15:35:45,2026-09-02
sz002237,恒邦股份,15.0,-0.08,-0.531,14.99,15.0,15.08,14.79,15.13,14.19,38563913.0,564321487.0,15:35:00,2026-09-02
sz002238,天威视讯,6.62,-0.14,-2.071,6.62,6.63,6.76,6.68,6.77,6.61,6150576.0,40871659.0,15:35:15,2026-09-02
sz002239,奥特佳,2.6,-0.01,-0.383,2.59,2.6,2.61,2.6,2.61,2.55,45404106.0,117192152.0,15:35:30,2026-09-02
sz002240,盛新锂能,30.15,-1.38,-4.377,30.14,30.15,31.53,31.0,31.1,29.92,34935505.0,1058033315.0,15:35:45,2026-09-02
sz002241,歌尔股份,24.14,0.21,0.878,24.13,24.14,23.93,23.73,24.45,23.69,87389048.0,2107217680.0,15:35:00,2026-09-02
sz002242,九阳股份,8.35,-0.26,-3.02,8.35,8.36,8.61,8.55,8.59,8.35,4120606.0,34722289.0,15:35:15,2026-09-02
sz002243,力合科创,7.43,-0.14,-1.849,7.42,7.43,7.57,7.5,7.53,7.35,10756027.0,79737241.0,15:35:30,2026-09-02
sz002244,滨江集团,8.46,0.1,1.196,8.46,8.47,8.36,8.26,8.55,8.02,44801279.0,370934662.0,15:35:45,2026-09-02
sz002245,蔚蓝锂芯,17.33,-0.57,-3.184,17.33,17.34,17.9,17.55,17.58,17.11,58026735.0,1003325076.0,15:35:00,2026-09-02
sz002246,北化股份,21.2,0.36,1.727,21.2,21.21,20.84,20.76,21.33,20.7,17012309.0,357914821.0,15:35:15,2026-09-02
sz002247,聚力文化,2.49,-0.02,-0.797,2.49,2.5,2.51,2.5,2.51,2.45,15868900.0,39308990.0,15:35:30,2026-09-02
sz002248,华东数控,10.0,-0.16,-1.575,9.99,10.0,10.16,10.03,10.09,9.9,14076704.0,140648711.0,15:35:45,2026-09-02
sz002249,大洋电机,6.6,-0.11,-1.639,6.6,6.61,6.71,6.67,6.68,6.58,26092637.0,172540823.0,15:35:00,2026-09-02
sz002250,联化科技,15.74,0.55,3.621,15.74,15.75,15.19,15.35,15.93,15.29,26270686.0,412433788.0,15:35:15,2026-09-02
sz002251,步步高,3.76,-0.11,-2.842,3.76,3.77,3.87,3.85,3.9,3.75,96270723.0,365208600.0,15:35:30,2026-09-02
sz002252,上海莱士,4.91,-0.07,-1.406,4.9,4.91,4.98,4.98,4.99,4.89,40300300.0,198218557.0,15:35:45,2026-09-02
sz002253,川大智胜,10.12,-0.04,-0.394,10.12,10.16,10.16,10.15,10.22,10.02,4230200.0,42803960.0,15:35:00,2026-09-02
sz002254,泰和新材,13.02,-0.03,-0.23,13.02,13.03,13.05,12.92,13.08,12.75,18257785.0,235874764.0,15:35:15,2026-09-02
sz002255,海陆重工,7.96,0.02,0.252,7.95,7.96,7.94,7.88,7.98,7.78,9507696.0,75230384.0,15:35:30,2026-09-02
sz002256,兆新股份,3.35,-0.05,-1.471,3.35,3.36,3.4,3.38,3.4,3.33,26797454.0,89834398.0,15:35:45,2026-09-02
sz002258,利尔化学,14.6,-0.18,-1.218,14.59,14.6,14.78,14.62,14.9,14.36,18518085.0,270355802.0,15:35:00,2026-09-02
sz002259,升达林业,4.39,0.05,1.152,4.38,4.39,4.34,4.38,4.42,4.27,13014900.0,56647976.0,15:35:15,2026-09-02
sz002261,拓维信息,25.47,-0.8,-3.045,25.47,25.48,26.27,25.79,25.9,25.43,37495916.0,959275891.0,15:35:30,2026-09-02
sz002262,恩华药业,22.5,-0.47,-2.046,22.49,22.5,22.97,22.77,23.15,22.47,7163056.0,162267162.0,15:35:45,2026-09-02
sz002263,大东南,3.23,-0.01,-0.309,3.22,3.23,3.24,3.23,3.24,3.18,36208300.0,116542221.0,15:35:00,2026-09-02
sz002264,新 华 都,6.85,-0.13,-1.862,6.84,6.85,6.98,6.9,6.98,6.79,16876800.0,115590731.0,15:35:15,2026-09-02
sz002265,建设工业,21.44,1.95,10.005,21.44,0.0,19.49,19.3,21.44,19.26,17861910.0,377639477.0,15:35:30,2026-09-02
sz002266,浙富控股,4.79,-0.1,-2.045,4.78,4.79,4.89,4.86,4.87,4.77,83422582.0,400045610.0,15:35:45,2026-09-02
sz002267,陕天然气,7.32,-0.01,-0.136,7.31,7.32,7.33,7.34,7.38,7.28,8120824.0,59464855.0,15:35:00,2026-09-02
sz002268,电科网安,14.11,-0.13,-0.913,14.1,14.11,14.24,14.12,14.24,13.96,6489936.0,91320387.0,15:35:15,2026-09-02
sz002269,美邦服饰,1.5,0.0,0.0,1.5,1.51,1.5,1.5,1.51,1.47,51237629.0,76530971.0,15:35:30,2026-09-02
sz002270,华明装备,19.01,-0.54,-2.762,19.01,19.02,19.55,19.4,19.49,18.93,9243916.0,176180247.0,15:35:45,2026-09-02
sz002271,东方雨虹,10.6,-0.36,-3.285,10.6,10.61,10.96,10.86,10.9,10.51,74643758.0,792147945.0,15:35:00,2026-09-02
sz002272,川润股份,16.95,0.14,0.833,16.95,16.96,16.81,16.65,17.12,16.48,20528260.0,347248054.0,15:35:15,2026-09-02
sz002273,水晶光电,25.69,-0.31,-1.192,25.69,25.7,26.0,25.67,26.01,25.48,22757462.0,585617204.0,15:35:30,2026-09-02
sz002274,华昌化工,7.12,0.65,10.046,7.12,0.0,6.47,7.12,7.12,6.71,92888099.0,657312773.0,15:35:45,2026-09-02
sz002275,桂林三金,12.41,-0.12,-0.958,12.41,12.42,12.53,12.51,12.51,12.38,1965095.0,24402179.0,15:35:00,2026-09-02
sz002276,万马股份,10.41,-0.01,-0.096,10.41,10.42,10.42,10.4,10.45,10.22,11582381.0,119801541.0,15:35:15,2026-09-02
sz002277,友阿股份,6.15,-0.11,-1.757,6.14,6.15,6.26,6.17,6.22,6.09,21359300.0,130811944.0,15:35:30,2026-09-02
sz002278,神开股份,8.88,0.5,5.967,8.88,8.89,8.38,8.55,9.22,8.42,60069415.0,539777614.0,15:35:45,2026-09-02
sz002279,久其软件,7.11,-0.01,-0.14,7.1,7.11,7.12,7.04,7.27,7.0,52846990.0,375464667.0,15:35:00,2026-09-02
sz002281,光迅科技,173.44,-7.28,-4.028,173.43,173.44,180.72,176.0,178.0,170.76,25568186.0,4438969924.0,15:35:15,2026-09-02
sz002282,博深股份,6.23,0.01,0.161,6.22,6.23,6.22,6.2,6.27,6.17,3029700.0,18830219.0,15:35:30,2026-09-02
sz002283,天润工业,8.14,-0.07,-0.853,8.14,8.15,8.21,8.07,8.3,8.0,25188600.0,205343150.0,15:35:45,2026-09-02
sz002284,亚太股份,10.39,0.17,1.663,10.38,10.39,10.22,10.0,10.39,9.86,40689118.0,413927554.0,15:35:00,2026-09-02
sz002285,世联行,2.34,-0.04,-1.681,2.33,2.34,2.38,2.32,2.38,2.24,90436781.0,208097447.0,15:35:15,2026-09-02
sz002286,保龄宝,8.27,-0.17,-2.014,8.27,8.28,8.44,8.39,8.43,8.2,9510500.0,78749419.0,15:35:30,2026-09-02
sz002287,奇正藏药,20.12,-0.22,-1.082,20.09,20.12,20.34,20.26,20.41,20.02,1576176.0,31709350.0,15:35:45,2026-09-02
sz002289,宇顺电子,36.73,-1.48,-3.873,36.72,36.73,38.21,37.9,37.91,36.7,4039990.0,149650385.0,15:35:00,2026-09-02
sz002290,禾盛新材,63.94,-0.52,-0.807,63.93,63.94,64.46,63.82,64.8,62.65,4239211.0,270639775.0,15:35:15,2026-09-02
sz002291,遥望科技,5.91,-0.1,-1.664,5.91,5.92,6.01,5.85,6.23,5.8,125328289.0,751102668.0,15:35:30,2026-09-02
sz002292,奥飞娱乐,8.55,-0.25,-2.841,8.55,8.56,8.8,8.7,8.85,8.49,56534352.0,486384938.0,15:35:45,2026-09-02
sz002293,罗莱生活,11.42,-0.16,-1.382,11.42,11.44,11.58,11.55,11.58,11.36,3436280.0,39305942.0,15:35:00,2026-09-02
sz002294,信立泰,31.46,-0.41,-1.286,31.46,31.47,31.87,31.89,31.9,31.41,9848710.0,311272444.0,15:35:15,2026-09-02
sz002295,精艺股份,9.99,-0.63,-5.932,9.98,9.99,10.62,10.16,10.29,9.71,25537299.0,253833037.0,15:35:30,2026-09-02
sz002296,辉煌科技,9.22,-0.05,-0.539,9.22,9.23,9.27,9.18,9.28,9.14,5230800.0,48189588.0,15:35:45,2026-09-02
sz002297,博云新材,20.0,1.82,10.011,20.0,0.0,18.18,17.88,20.0,17.85,68868950.0,1316296278.0,15:35:00,2026-09-02
sz002298,中电鑫龙,8.65,0.43,5.231,8.64,8.65,8.22,8.16,8.72,8.07,65955132.0,562132568.0,15:35:15,2026-09-02
sz002299,圣农发展,16.27,-0.3,-1.811,16.26,16.27,16.57,16.53,16.53,16.19,10148899.0,165479612.0,15:35:30,2026-09-02
sz002300,太阳电缆,7.63,0.69,9.942,7.63,0.0,6.94,6.89,7.63,6.86,56783429.0,423822601.0,15:35:45,2026-09-02
sz002301,齐心集团,8.07,-0.12,-1.465,8.06,8.07,8.19,8.1,8.28,8.06,20218984.0,165239181.0,15:35:00,2026-09-02
sz002302,西部建设,4.76,-0.06,-1.245,4.76,4.77,4.82,4.77,4.81,4.73,4598700.0,21889889.0,15:35:15,2026-09-02
sz002303,美盈森,5.41,-0.15,-2.698,5.4,5.41,5.56,5.5,5.55,5.4,38871816.0,212332936.0,15:35:30,2026-09-02
sz002304,洋河股份,38.85,-0.61,-1.546,38.85,38.87,39.46,39.46,39.59,38.8,4109199.0,160638281.0,15:35:45,2026-09-02
sz002305,*ST南置,2.09,-0.02,-0.948,2.09,2.1,2.11,2.1,2.11,2.08,10422800.0,21812033.0,15:35:00,2026-09-02
sz002306,ST云网,2.25,0.09,4.167,2.24,2.25,2.16,2.14,2.29,2.13,18935544.0,42082556.0,15:35:15,2026-09-02
sz002307,北新路桥,3.03,-0.07,-2.258,3.03,3.04,3.1,3.07,3.1,3.02,19172600.0,58315644.0,15:35:30,2026-09-02
sz002309,中利集团,3.05,-0.01,-0.327,3.05,3.06,3.06,3.04,3.06,2.99,75908325.0,229979148.0,15:35:45,2026-09-02
sz002310,东方新能,2.34,-0.02,-0.847,2.34,2.35,2.36,2.36,2.37,2.32,41386661.0,96816842.0,15:35:00,2026-09-02
sz002311,海大集团,46.3,-0.31,-0.665,46.3,46.31,46.61,46.61,47.37,46.2,6819774.0,318165679.0,15:35:15,2026-09-02
sz002312,川发龙蟒,8.53,-0.23,-2.626,8.53,8.54,8.76,8.75,8.84,8.48,33944384.0,292554622.0,15:35:30,2026-09-02
sz002313,日海智能,8.85,-0.06,-0.673,8.85,8.86,8.91,8.8,9.0,8.79,7175400.0,63427042.0,15:35:45,2026-09-02
sz002314,南山控股,2.22,-0.02,-0.893,2.21,2.22,2.24,2.22,2.24,2.17,25078961.0,55153114.0,15:35:00,2026-09-02
sz002315,焦点科技,25.88,-0.5,-1.895,25.87,25.88,26.38,26.18,26.3,25.7,5373379.0,139271327.0,15:35:15,2026-09-02
sz002316,亚联发展,4.53,-0.07,-1.522,4.53,4.54,4.6,4.57,4.57,4.47,9975800.0,45057832.0,15:35:30,2026-09-02
sz002317,众生药业,24.43,-0.38,-1.532,24.43,24.44,24.81,24.9,25.07,24.13,16262273.0,399619797.0,15:35:45,2026-09-02
sz002318,久立特材,20.15,-0.58,-2.798,20.15,20.17,20.73,20.64,20.69,19.94,10879788.0,220114391.0,15:35:00,2026-09-02
sz002319,乐通股份,10.89,0.12,1.114,10.88,10.89,10.77,10.67,10.95,10.48,7456000.0,80044450.0,15:35:15,2026-09-02
sz002320,海峡股份,6.88,-0.04,-0.578,6.88,6.89,6.92,7.0,7.0,6.78,47175763.0,323802838.0,15:35:30,2026-09-02
sz002321,华英农业,2.11,-0.06,-2.765,2.11,2.12,2.17,2.17,2.17,2.08,31810200.0,66935860.0,15:35:45,2026-09-02
sz002322,理工能科,12.89,-0.01,-0.078,12.88,12.89,12.9,12.9,13.15,12.77,11169100.0,145226759.0,15:35:00,2026-09-02
sz002323,*ST雅博,1.29,0.0,0.0,1.28,1.29,1.29,1.28,1.29,1.27,19228000.0,24644858.0,15:35:15,2026-09-02
sz002324,普利特,9.28,-0.05,-0.536,9.28,9.29,9.33,9.26,9.33,9.13,15123138.0,139791203.0,15:35:30,2026-09-02
sz002326,永太科技,17.98,-0.36,-1.963,17.97,17.98,18.34,18.19,18.32,17.84,18495668.0,332505767.0,15:35:45,2026-09-02
sz002327,富安娜,6.34,-0.05,-0.782,6.34,6.36,6.39,6.38,6.4,6.31,4786100.0,30321184.0,15:35:00,2026-09-02
sz002328,新朋股份,9.18,0.32,3.612,9.18,9.19,8.86,8.74,9.46,8.66,129431259.0,1175559330.0,15:35:15,2026-09-02
sz002329,皇氏集团,4.0,-0.06,-1.478,4.0,4.01,4.06,4.0,4.05,3.88,37911499.0,151191909.0,15:35:30,2026-09-02
sz002330,得利斯,4.15,-0.08,-1.891,4.15,4.16,4.23,4.22,4.24,4.09,12944200.0,53732131.0,15:35:45,2026-09-02
sz002331,皖通科技,7.19,-0.11,-1.507,7.18,7.19,7.3,7.21,7.27,7.08,9150898.0,65608870.0,15:35:00,2026-09-02
sz002332,仙琚制药,8.71,-0.33,-3.65,8.7,8.71,9.04,8.8,8.9,8.69,34373569.0,301067603.0,15:35:15,2026-09-02
sz002333,罗普斯金,5.64,-0.08,-1.399,5.64,5.65,5.72,5.68,5.71,5.63,9318300.0,52725442.0,15:35:30,2026-09-02
sz002334,英威腾,6.76,-0.02,-0.295,6.76,6.77,6.78,6.72,6.8,6.65,6822640.0,45890566.0,15:35:45,2026-09-02
sz002335,科华数据,29.97,-0.13,-0.432,29.97,29.98,30.1,29.71,30.22,29.33,11533989.0,344228643.0,15:35:00,2026-09-02
sz002337,赛象科技,4.8,-0.02,-0.415,4.8,4.81,4.82,4.78,4.82,4.72,7046034.0,33624542.0,15:35:15,2026-09-02
sz002338,奥普光电,41.85,0.07,0.168,41.84,41.85,41.78,41.51,42.07,40.91,3414572.0,142094248.0,15:35:30,2026-09-02
sz002339,积成电子,7.6,-0.01,-0.131,7.59,7.6,7.61,7.65,7.65,7.47,9235975.0,69917095.0,15:35:45,2026-09-02
sz002340,格林美,6.43,-0.08,-1.229,6.42,6.43,6.51,6.48,6.48,6.4,64605225.0,414861028.0,15:35:00,2026-09-02
sz002342,巨力索具,7.95,0.16,2.054,7.94,7.95,7.79,7.73,8.03,7.66,62830810.0,497549541.0,15:35:15,2026-09-02
sz002343,慈文传媒,5.49,-0.12,-2.139,5.48,5.49,5.61,5.58,5.67,5.43,18946040.0,104574206.0,15:35:30,2026-09-02
sz002344,海宁皮城,4.07,-0.01,-0.245,4.07,4.08,4.08,4.09,4.1,4.01,7565033.0,30658956.0,15:35:45,2026-09-02
sz002345,潮宏基,9.4,-0.5,-5.051,9.4,9.41,9.9,9.73,9.81,9.27,28766663.0,271109422.0,15:35:00,2026-09-02
sz002346,柘中股份,19.37,-0.48,-2.418,19.37,19.38,19.85,19.62,19.74,19.37,5864600.0,114357225.0,15:35:15,2026-09-02
sz002347,泰尔股份,6.28,0.0,0.0,6.27,6.28,6.28,6.26,6.3,6.2,8624100.0,53949515.0,15:35:30,2026-09-02
sz002348,高乐股份,10.74,-0.45,-4.021,10.74,10.75,11.19,11.13,11.13,10.68,15281600.0,165254467.0,15:35:45,2026-09-02
sz002349,精华制药,7.99,-0.37,-4.426,7.99,8.0,8.36,8.34,8.47,7.94,98553033.0,801495329.0,15:35:00,2026-09-02
sz002350,北京科锐,15.08,0.21,1.412,15.08,15.09,14.87,14.85,15.35,14.6,14576306.0,220667041.0,15:35:15,2026-09-02
sz002351,漫步者,10.35,0.06,0.583,10.35,10.36,10.29,10.22,10.37,10.2,8088529.0,83462741.0,15:35:30,2026-09-02
sz002352,顺丰控股,31.96,-0.17,-0.529,31.95,31.96,32.13,32.01,32.12,31.74,14427540.0,460286576.0,15:35:45,2026-09-02
sz002353,杰瑞股份,123.57,-3.93,-3.082,123.56,123.58,127.5,126.88,127.63,123.01,12887184.0,1601191438.0,15:35:00,2026-09-02
sz002354,天娱数科,8.01,-0.35,-4.187,8.01,8.02,8.36,8.0,8.34,7.95,371829485.0,3010434656.0,15:35:15,2026-09-02
sz002355,兴民智通,4.99,-0.07,-1.383,4.99,5.0,5.06,4.99,5.04,4.93,14313700.0,71212477.0,15:35:30,2026-09-02
sz002356,鹏飞绿能,2.85,0.0,0.0,2.84,2.85,2.85,2.84,2.87,2.81,13646490.0,38756654.0,15:35:45,2026-09-02
sz002357,富临运业,11.38,0.07,0.619,11.37,11.38,11.31,11.28,11.4,11.08,6785400.0,76270540.0,15:35:00,2026-09-02
sz002358,森源电气,5.39,0.02,0.372,5.39,5.4,5.37,5.32,5.42,5.26,11982200.0,64116958.0,15:35:15,2026-09-02
sz002360,ST同德,5.85,-0.02,-0.341,5.85,5.87,5.87,5.87,5.91,5.76,3143400.0,18414135.0,15:35:30,2026-09-02
sz002361,神剑股份,11.04,0.42,3.955,11.04,11.05,10.62,10.45,11.32,10.4,171971139.0,1893577291.0,15:35:45,2026-09-02
sz002362,汉王科技,16.61,-0.21,-1.249,16.6,16.61,16.82,16.65,16.86,16.46,5083776.0,84240206.0,15:35:00,2026-09-02
sz002363,隆基机械,6.99,0.0,0.0,6.98,6.99,6.99,6.94,7.02,6.88,5155250.0,35804755.0,15:35:15,2026-09-02
sz002364,中恒电气,36.0,-0.78,-2.121,35.99,36.0,36.78,36.11,36.47,35.56,16891068.0,606483161.0,15:35:30,2026-09-02
sz002365,永安药业,15.24,-0.56,-3.544,15.23,15.24,15.8,15.57,16.15,15.24,39411020.0,617459786.0,15:35:45,2026-09-02
sz002366,融发核电,5.89,-0.26,-4.228,5.88,5.89,6.15,6.08,6.14,5.86,79782355.0,477333448.0,15:35:00,2026-09-02
sz002367,康力电梯,5.82,-0.18,-3.0,5.81,5.82,6.0,5.93,6.05,5.74,19007500.0,110697064.0,15:35:15,2026-09-02
sz002368,太极股份,14.12,-0.28,-1.944,14.12,14.13,14.4,14.29,14.43,14.02,6001300.0,84908096.0,15:35:30,2026-09-02
sz002369,卓翼科技,6.43,-0.03,-0.464,6.42,6.43,6.46,6.34,6.49,6.34,18839546.0,121152328.0,15:35:45,2026-09-02
sz002370,亚太药业,5.45,-0.05,-0.909,5.44,5.45,5.5,5.5,5.51,5.4,11152200.0,60684780.0,15:35:00,2026-09-02
sz002371,北方华创,667.0,-0.7,-0.105,666.77,667.0,667.7,660.0,671.53,650.2,5902998.0,3896696271.0,15:35:15,2026-09-02
sz002372,伟星新材,8.72,-0.15,-1.691,8.71,8.72,8.87,8.84,8.85,8.62,10916099.0,94873450.0,15:35:30,2026-09-02
sz002373,千方科技,7.83,-0.23,-2.854,7.83,7.84,8.06,8.0,8.09,7.83,13898476.0,109697220.0,15:35:45,2026-09-02
sz002374,中锐股份,3.16,-0.05,-1.558,3.16,3.17,3.21,3.18,3.2,3.12,13392630.0,42179612.0,15:35:00,2026-09-02
sz002375,亚厦股份,3.9,-0.05,-1.266,3.9,3.91,3.95,3.9,3.94,3.85,25076698.0,97308149.0,15:35:15,2026-09-02
sz002376,新北洋,6.8,-0.08,-1.163,6.8,6.81,6.88,6.85,6.87,6.75,10689104.0,72793856.0,15:35:30,2026-09-02
sz002377,国创高新,2.81,-0.02,-0.707,2.8,2.81,2.83,2.86,2.88,2.77,25538400.0,71624463.0,15:35:45,2026-09-02
sz002378,章源钨业,24.1,-0.63,-2.548,24.09,24.1,24.73,24.3,24.3,23.6,19907643.0,476831468.0,15:35:00,2026-09-02
sz002379,宏桥控股,18.28,-0.42,-2.246,18.27,18.28,18.7,18.6,18.93,17.88,44231267.0,810731648.0,15:35:15,2026-09-02
sz002380,科远智慧,28.6,-0.26,-0.901,28.6,28.61,28.86,28.58,28.76,28.2,3618031.0,103121837.0,15:35:30,2026-09-02
sz002381,双箭股份,5.62,-0.06,-1.056,5.62,5.63,5.68,5.68,5.68,5.56,3654100.0,20505028.0,15:35:45,2026-09-02
sz002382,蓝帆医疗,5.97,-0.08,-1.322,5.96,5.97,6.05,6.0,6.02,5.92,8477401.0,50569300.0,15:35:00,2026-09-02
sz002383,合众思壮,7.31,0.01,0.137,7.3,7.31,7.3,7.26,7.34,7.25,10411000.0,76092837.0,15:35:15,2026-09-02
sz002384,东山精密,183.43,-5.26,-2.788,183.43,183.44,188.69,185.06,186.78,181.2,44668651.0,8209103732.0,15:35:30,2026-09-02
sz002385,大北农,3.33,-0.2,-5.666,3.32,3.33,3.53,3.44,3.44,3.31,211829431.0,709696012.0,15:35:45,2026-09-02
sz002386,天原股份,5.96,-0.07,-1.161,5.96,5.97,6.03,5.99,6.02,5.9,15863299.0,94557500.0,15:35:00,2026-09-02
sz002387,维信诺,7.16,-0.14,-1.918,7.16,7.17,7.3,7.2,7.28,7.11,13051902.0,93523800.0,15:35:15,2026-09-02
sz002388,新亚制程,6.5,-0.12,-1.813,6.49,6.5,6.62,6.55,6.61,6.45,26027300.0,169954973.0,15:35:30,2026-09-02
sz002389,航天彩虹,19.12,0.15,0.791,19.11,19.12,18.97,18.82,19.34,18.8,36982819.0,706021972.0,15:35:45,2026-09-02
sz002390,信邦制药,3.06,-0.05,-1.608,3.05,3.06,3.11,3.1,3.12,3.03,28214600.0,86182629.0,15:35:00,2026-09-02
sz002391,长青股份,5.42,-0.1,-1.812,5.41,5.42,5.52,5.47,5.52,5.34,8481846.0,45768386.0,15:35:15,2026-09-02
sz002392,北京利尔,8.02,-0.03,-0.373,8.01,8.02,8.05,7.98,8.09,7.93,10456803.0,83736765.0,15:35:30,2026-09-02
sz002393,力生制药,14.09,-0.23,-1.606,14.08,14.09,14.32,14.26,14.3,14.06,2710679.0,38259442.0,15:35:45,2026-09-02
sz002394,联发股份,10.98,0.03,0.274,10.96,10.98,10.95,11.05,11.12,10.9,6597750.0,72493613.0,15:35:00,2026-09-02
sz002395,双象股份,13.4,-0.28,-2.047,13.39,13.4,13.68,13.55,13.68,13.3,11370517.0,152664578.0,15:35:15,2026-09-02
sz002396,星网锐捷,39.83,0.08,0.201,39.82,39.83,39.75,39.56,41.95,38.36,135734235.0,5412692361.0,15:35:30,2026-09-02
sz002397,梦洁股份,3.75,-0.01,-0.266,3.75,3.76,3.76,3.73,3.8,3.63,19651800.0,73414814.0,15:35:45,2026-09-02
sz002398,垒知集团,4.26,-0.02,-0.467,4.26,4.27,4.28,4.26,4.29,4.21,8525600.0,36107434.0,15:35:00,2026-09-02
sz002399,海普瑞,9.97,-0.11,-1.091,9.96,9.97,10.08,9.96,10.08,9.91,4488328.0,44809543.0,15:35:15,2026-09-02
sz002400,省广集团,6.76,-0.19,-2.734,6.75,6.76,6.95,6.83,6.92,6.69,86659788.0,586581193.0,15:35:30,2026-09-02
sz002401,中远海科,12.41,-0.1,-0.799,12.4,12.41,12.51,12.43,12.5,12.33,2625286.0,32570862.0,15:35:45,2026-09-02
sz002402,和而泰,19.07,-0.19,-0.987,19.06,19.07,19.26,19.15,19.18,18.9,12859508.0,244726856.0,15:35:00,2026-09-02
sz002403,爱仕达,9.32,-0.04,-0.427,9.32,9.33,9.36,9.35,9.36,9.18,2795000.0,25923148.0,15:35:15,2026-09-02
sz002404,嘉欣丝绸,5.85,-0.03,-0.51,5.85,5.86,5.88,5.85,5.9,5.77,6977380.0,40682980.0,15:35:30,2026-09-02
sz002405,四维图新,6.34,-0.11,-1.705,6.33,6.34,6.45,6.4,6.41,6.28,28276796.0,178936750.0,15:35:45,2026-09-02
sz002406,远东传动,6.82,0.01,0.147,6.82,6.83,6.81,6.78,6.87,6.72,10846877.0,73714166.0,15:35:00,2026-09-02
sz002407,多氟多,33.7,-1.16,-3.328,33.7,33.71,34.86,33.88,34.77,33.7,76526136.0,2608008288.0,15:35:15,2026-09-02
sz002408,齐翔腾达,5.44,-0.13,-2.334,5.44,5.45,5.57,5.59,5.62,5.39,28508020.0,155422347.0,15:35:30,2026-09-02
sz002409,雅克科技,130.84,-3.39,-2.526,130.84,130.85,134.23,131.32,133.22,129.64,12775448.0,1675995343.0,15:35:45,2026-09-02
sz002410,广联达,8.68,-0.23,-2.581,8.67,8.68,8.91,8.83,8.87,8.66,22355818.0,194920044.0,15:35:00,2026-09-02
sz002412,汉森制药,10.26,-0.9,-8.065,10.26,10.27,11.16,10.7,10.85,10.12,107435745.0,1116030133.0,15:35:15,2026-09-02
sz002413,雷科防务,8.25,0.1,1.227,8.24,8.25,8.15,8.08,8.27,8.06,49188543.0,403419599.0,15:35:30,2026-09-02
sz002414,高德红外,12.83,-0.15,-1.156,12.83,12.84,12.98,12.86,13.1,12.77,72486500.0,936655344.0,15:35:45,2026-09-02
sz002415,海康威视,35.18,-0.74,-2.06,35.18,35.19,35.92,35.64,35.93,35.18,44358880.0,1572601550.0,15:35:00,2026-09-02
sz002416,爱施德,9.89,0.29,3.021,9.88,9.89,9.6,9.55,10.01,9.4,34849744.0,339575813.0,15:35:15,2026-09-02
sz002418,康盛股份,5.81,0.13,2.289,5.81,5.82,5.68,5.59,6.1,5.31,402902319.0,2294800524.0,15:35:30,2026-09-02
sz002419,天虹股份,4.81,0.03,0.628,4.8,4.81,4.78,4.75,4.83,4.72,16652411.0,79720106.0,15:35:45,2026-09-02
sz002420,毅昌科技,6.3,-0.04,-0.631,6.3,6.32,6.34,6.31,6.34,6.23,7039531.0,44157991.0,15:35:00,2026-09-02
sz002421,达实智能,3.45,-0.05,-1.429,3.44,3.45,3.5,3.46,3.49,3.38,191003800.0,657046939.0,15:35:15,2026-09-02
sz002422,科伦药业,41.75,0.92,2.253,41.74,41.75,40.83,40.87,42.09,40.45,24979051.0,1040698609.0,15:35:30,2026-09-02
sz002423,中粮资本,9.7,-0.32,-3.194,9.7,9.71,10.02,9.97,10.0,9.66,31229648.0,305540802.0,15:35:45,2026-09-02
sz002424,ST百灵,4.6,-0.07,-1.499,4.6,4.62,4.67,4.68,4.68,4.6,6681900.0,30923396.0,15:35:00,2026-09-02
sz002425,凯撒文化,3.39,-0.21,-5.833,3.39,3.4,3.6,3.5,3.55,3.37,105850188.0,362769153.0,15:35:15,2026-09-02
sz002426,胜利精密,2.76,-0.06,-2.128,2.76,2.77,2.82,2.79,2.82,2.74,66456727.0,184116682.0,15:35:30,2026-09-02
sz002427,尤夫股份,5.0,-0.13,-2.534,5.0,5.01,5.13,5.13,5.16,4.96,28297500.0,141614659.0,15:35:45,2026-09-02
sz002428,云南锗业,92.23,-2.67,-2.813,92.23,92.24,94.9,94.09,95.36,92.05,36102422.0,3356145906.0,15:35:00,2026-09-02
sz002429,兆驰股份,8.05,-0.14,-1.709,8.04,8.05,8.19,8.1,8.13,7.98,46418260.0,373575822.0,15:35:15,2026-09-02
sz002430,杭氧股份,26.66,-0.23,-0.855,26.65,26.66,26.89,26.98,27.3,26.61,19495988.0,524048923.0,15:35:30,2026-09-02
sz002431,ST棕榈,1.4,0.0,0.0,1.39,1.4,1.4,1.41,1.41,1.37,14127401.0,19632250.0,15:35:45,2026-09-02
sz002432,九安医疗,68.2,-0.96,-1.388,68.2,68.21,69.16,68.45,69.0,67.81,10616745.0,725194532.0,15:35:00,2026-09-02
sz002434,万里扬,5.87,0.02,0.342,5.87,5.88,5.85,5.85,5.89,5.75,10813547.0,62967049.0,15:35:15,2026-09-02
sz002436,兴森科技,33.97,-0.58,-1.679,33.97,33.98,34.55,33.99,34.4,33.39,57961738.0,1962358836.0,15:35:30,2026-09-02
sz002437,誉衡药业,4.53,0.18,4.138,4.52,4.53,4.35,4.25,4.75,4.23,683444456.0,3115965215.0,15:35:45,2026-09-02
sz002438,江苏神通,13.69,-0.14,-1.012,13.69,13.7,13.83,13.68,13.84,13.54,4391100.0,60029695.0,15:35:00,2026-09-02
sz002439,启明星辰,13.21,-0.36,-2.653,13.2,13.21,13.57,13.41,13.46,13.21,16160208.0,214530355.0,15:35:15,2026-09-02
sz002440,闰土股份,13.55,-0.57,-4.037,13.55,13.56,14.12,14.07,14.54,13.34,63150855.0,866475483.0,15:35:30,2026-09-02
sz002441,众业达,8.44,0.02,0.238,8.43,8.44,8.42,8.51,8.54,8.35,6312950.0,53284696.0,15:35:45,2026-09-02
sz002442,龙星科技,5.3,-0.06,-1.119,5.3,5.31,5.36,5.32,5.37,5.25,8869703.0,47000179.0,15:35:00,2026-09-02
sz002443,金洲管道,10.53,0.36,3.54,10.53,10.54,10.17,10.08,10.64,9.84,29697212.0,306983303.0,15:35:15,2026-09-02
sz002444,巨星科技,29.8,-0.49,-1.618,29.8,29.81,30.29,30.0,30.24,29.12,9902283.0,294584658.0,15:35:30,2026-09-02
sz002445,中南文化,3.26,-0.18,-5.233,3.25,3.26,3.44,3.41,3.42,3.24,117703444.0,388151726.0,15:35:45,2026-09-02
sz002446,盛路通信,8.42,-0.02,-0.237,8.41,8.42,8.44,8.43,8.49,8.34,14425890.0,121425056.0,15:35:00,2026-09-02
sz002448,中原内配,11.7,-0.32,-2.662,11.7,11.71,12.02,11.87,11.99,11.61,17374200.0,203939777.0,15:35:15,2026-09-02
sz002449,国星光电,6.71,-0.01,-0.149,6.7,6.71,6.72,6.66,6.73,6.64,9663534.0,64658837.0,15:35:30,2026-09-02
sz002451,摩恩电气,8.14,0.06,0.743,8.13,8.14,8.08,7.98,8.24,7.94,26289563.0,212818035.0,15:35:45,2026-09-02
sz002452,长高电气,11.49,-0.14,-1.204,11.48,11.49,11.63,11.56,11.56,11.32,9718474.0,111267403.0,15:35:00,2026-09-02
sz002453,华软科技,4.61,-0.02,-0.432,4.6,4.61,4.63,4.59,4.64,4.55,6748102.0,31031734.0,15:35:15,2026-09-02
sz002454,松芝股份,5.19,0.04,0.777,5.19,5.2,5.15,5.15,5.23,5.1,10224796.0,52894240.0,15:35:30,2026-09-02
sz002455,百川股份,7.99,0.01,0.125,7.99,8.0,7.98,7.92,8.05,7.85,46207221.0,366910763.0,15:35:45,2026-09-02
sz002456,欧菲光,7.71,-0.28,-3.504,7.7,7.71,7.99,7.9,7.95,7.68,91179655.0,708310568.0,15:35:00,2026-09-02
sz002457,青龙管业,12.2,0.54,4.631,12.2,12.21,11.66,11.51,12.82,11.35,60587101.0,733630077.0,15:35:15,2026-09-02
sz002458,益生股份,8.85,-0.55,-5.851,8.85,8.86,9.4,9.23,9.25,8.82,66683858.0,595240165.0,15:35:30,2026-09-02
sz002459,晶澳科技,6.81,-0.22,-3.129,6.81,6.82,7.03,7.0,7.06,6.81,39063457.0,268273758.0,15:35:45,2026-09-02
sz002460,赣锋锂业,50.23,-2.3,-4.378,50.23,50.24,52.53,51.51,51.57,49.8,42189426.0,2125917869.0,15:35:00,2026-09-02
sz002461,珠江啤酒,8.67,-0.18,-2.034,8.67,8.68,8.85,8.78,8.85,8.66,4204798.0,36650324.0,15:35:15,2026-09-02
sz002462,嘉事堂,12.36,-0.13,-1.041,12.35,12.36,12.49,12.51,12.54,12.31,2645000.0,32748720.0,15:35:30,2026-09-02
sz002463,沪电股份,118.39,-2.33,-1.93,118.39,118.4,120.72,119.06,120.6,118.1,31694458.0,3779697450.0,15:35:45,2026-09-02
sz002465,海格通信,10.1,-0.09,-0.883,10.1,10.11,10.19,10.1,10.22,10.06,30228335.0,305945827.0,15:35:00,2026-09-02
sz002466,天齐锂业,47.08,-2.14,-4.348,47.08,47.09,49.22,48.3,48.3,46.85,44257072.0,2096391103.0,15:35:15,2026-09-02
sz002467,二六三,4.85,-0.03,-0.615,4.84,4.85,4.88,4.84,4.89,4.77,35390924.0,170984315.0,15:35:30,2026-09-02
sz002468,申通快递,14.0,-0.08,-0.568,13.99,14.0,14.08,14.0,14.12,13.84,13327469.0,186586818.0,15:35:45,2026-09-02
sz002469,三维化学,6.38,-0.3,-4.491,6.37,6.38,6.68,6.64,6.66,6.38,19292695.0,124829393.0,15:35:00,2026-09-02
sz002470,金正大,2.17,-0.15,-6.466,2.17,2.18,2.32,2.43,2.45,2.13,407249263.0,900526704.0,15:35:15,2026-09-02
sz002471,中超控股,5.6,0.11,2.004,5.6,5.61,5.49,5.45,5.68,5.42,69606795.0,389100344.0,15:35:30,2026-09-02
sz002472,双环传动,34.95,-0.37,-1.048,34.94,34.95,35.32,35.0,35.13,34.75,10191395.0,356090200.0,15:35:45,2026-09-02
sz002474,榕基软件,6.56,-0.04,-0.606,6.56,6.57,6.6,6.51,6.6,6.46,20091400.0,131445566.0,15:35:00,2026-09-02
sz002475,立讯精密,57.08,0.16,0.281,57.07,57.08,56.92,56.7,57.9,56.41,91912942.0,5259112015.0,15:35:15,2026-09-02
sz002476,新叶股份,5.11,0.01,0.196,5.11,5.12,5.1,5.12,5.15,5.06,6855000.0,34993483.0,15:35:30,2026-09-02
sz002478,常宝股份,7.1,-0.16,-2.204,7.1,7.11,7.26,7.2,7.3,7.04,39402846.0,281343377.0,15:35:45,2026-09-02
sz002479,富春环保,6.1,-0.05,-0.813,6.1,6.11,6.15,6.14,6.16,6.04,16972000.0,103293882.0,15:35:00,2026-09-02
sz002480,新筑股份,5.43,-0.05,-0.912,5.43,5.45,5.48,5.44,5.49,5.38,4957140.0,26838395.0,15:35:15,2026-09-02
sz002481,双塔食品,4.29,-0.1,-2.278,4.28,4.29,4.39,4.39,4.4,4.27,12991300.0,56033079.0,15:35:30,2026-09-02
sz002482,广田集团,1.32,-0.04,-2.941,1.32,1.33,1.36,1.36,1.36,1.32,45045000.0,60049015.0,15:35:45,2026-09-02
sz002483,润邦股份,5.51,0.02,0.364,5.51,5.52,5.49,5.46,5.53,5.4,9869298.0,54039240.0,15:35:00,2026-09-02
sz002484,江海股份,55.87,-3.59,-6.038,55.87,55.88,59.46,58.11,58.9,55.0,55064528.0,3095994050.0,15:35:15,2026-09-02
sz002485,ST雪发,5.87,-0.17,-2.815,5.87,5.88,6.04,6.01,6.06,5.82,3143900.0,18607019.0,15:35:30,2026-09-02
sz002486,嘉麟杰,3.09,-0.01,-0.323,3.08,3.09,3.1,3.1,3.16,3.07,41835300.0,129589132.0,15:35:45,2026-09-02
sz002487,大金重工,33.25,-0.95,-2.778,33.25,33.26,34.2,33.99,34.14,33.22,19231929.0,644184464.0,15:35:00,2026-09-02
sz002488,金固股份,8.02,-0.2,-2.433,8.01,8.02,8.22,8.18,8.19,7.96,13835769.0,110850825.0,15:35:15,2026-09-02
sz002489,浙江永强,2.83,-0.03,-1.049,2.82,2.83,2.86,2.85,2.86,2.8,16404516.0,46324783.0,15:35:30,2026-09-02
sz002490,山东墨龙,8.69,0.33,3.947,8.68,8.69,8.36,9.2,9.2,8.48,126402439.0,1115354480.0,15:35:45,2026-09-02
sz002491,通鼎互联,21.46,0.31,1.466,21.45,21.46,21.15,20.74,21.99,20.71,149983210.0,3212548923.0,15:35:00,2026-09-02
sz002492,恒基达鑫,6.08,0.02,0.33,6.08,6.1,6.06,6.12,6.22,5.87,10656206.0,64043854.0,15:35:15,2026-09-02
sz002493,荣盛石化,14.36,-0.28,-1.913,14.36,14.37,14.64,14.88,14.88,14.31,53792600.0,781090649.0,15:35:30,2026-09-02
sz002494,华斯股份,4.94,-0.03,-0.604,4.93,4.94,4.97,4.97,4.97,4.84,7862300.0,38564219.0,15:35:45,2026-09-02
sz002495,佳隆股份,2.42,-0.05,-2.024,2.42,2.43,2.47,2.46,2.47,2.4,19425400.0,47077321.0,15:35:00,2026-09-02
sz002496,辉丰股份,2.19,-0.05,-2.232,2.18,2.19,2.24,2.22,2.26,2.15,32415520.0,70983057.0,15:35:15,2026-09-02
sz002497,雅化集团,18.0,-0.75,-4.0,18.0,18.01,18.75,18.4,18.41,17.77,41568913.0,747664293.0,15:35:30,2026-09-02
sz002498,汉缆股份,6.52,0.18,2.839,6.52,6.53,6.34,6.3,6.66,6.21,116346715.0,757620106.0,15:35:45,2026-09-02
sz002500,山西证券,5.38,-0.08,-1.465,5.37,5.38,5.46,5.43,5.47,5.33,25934480.0,139400667.0,15:35:00,2026-09-02
sz002501,*ST利源,1.3,0.0,0.0,1.29,1.3,1.3,1.3,1.3,1.28,14399700.0,18597609.0,15:35:15,2026-09-02
sz002506,协鑫集成,2.64,-0.07,-2.583,2.63,2.64,2.71,2.71,2.72,2.62,190023288.0,503246299.0,15:35:30,2026-09-02
sz002507,涪陵榨菜,11.19,-0.1,-0.886,11.19,11.2,11.29,11.29,11.32,11.15,8891698.0,99446352.0,15:35:45,2026-09-02
sz002508,老板电器,15.72,-0.22,-1.38,15.72,15.73,15.94,15.92,15.93,15.65,5654982.0,88904529.0,15:35:00,2026-09-02
sz002510,天汽模,5.78,0.06,1.049,5.77,5.78,5.72,5.67,5.97,5.63,33864917.0,196610402.0,15:35:15,2026-09-02
sz002511,中顺洁柔,7.08,-0.11,-1.53,7.07,7.08,7.19,7.18,7.18,7.06,7915762.0,56131410.0,15:35:30,2026-09-02
sz002512,ST达华,4.19,0.08,1.946,4.18,4.19,4.11,4.09,4.23,4.06,24856900.0,103030390.0,15:35:45,2026-09-02
sz002513,蓝丰生化,5.53,-0.11,-1.95,5.53,5.54,5.64,5.59,5.63,5.44,7707600.0,42512541.0,15:35:00,2026-09-02
sz002514,*ST宝馨,2.27,0.21,10.194,2.27,0.0,2.06,2.07,2.27,2.07,68861404.0,151134508.0,15:35:15,2026-09-02
sz002515,金字火腿,7.51,-0.51,-6.359,7.51,7.52,8.02,7.88,7.89,7.26,138716742.0,1033484337.0,15:35:30,2026-09-02
sz002516,旷达科技,5.43,-0.08,-1.452,5.42,5.43,5.51,5.47,5.48,5.38,8431733.0,45653505.0,15:35:45,2026-09-02
sz002517,恺英网络,16.75,-0.22,-1.296,16.75,16.76,16.97,16.81,17.23,16.7,41500808.0,702048389.0,15:35:00,2026-09-02
sz002518,科士达,35.7,0.72,2.058,35.7,35.72,34.98,34.61,36.33,33.94,17403632.0,617643205.0,15:35:15,2026-09-02
sz002519,银河电子,5.79,0.1,1.757,5.79,5.8,5.69,5.65,5.93,5.64,91582973.0,532850945.0,15:35:30,2026-09-02
sz002520,日发精机,6.5,0.03,0.464,6.49,6.5,6.47,6.47,6.55,6.42,32911380.0,213924235.0,15:35:45,2026-09-02
sz002521,齐峰新材,6.73,-0.07,-1.029,6.73,6.74,6.8,6.77,6.85,6.7,3870900.0,26063477.0,15:35:00,2026-09-02
sz002522,浙江众成,5.34,0.03,0.565,5.34,5.35,5.31,5.28,5.38,5.25,25194399.0,134100619.0,15:35:15,2026-09-02
sz002523,天桥起重,3.61,-0.03,-0.824,3.61,3.62,3.64,3.66,3.66,3.59,22834112.0,82705938.0,15:35:30,2026-09-02
sz002524,光正眼科,4.07,-0.06,-1.453,4.07,4.08,4.13,4.11,4.13,4.03,10871800.0,44305868.0,15:35:45,2026-09-02
sz002526,山东矿机,2.75,0.0,0.0,2.75,2.76,2.75,2.74,2.77,2.71,19516428.0,53594950.0,15:35:00,2026-09-02
sz002527,新时达,11.19,0.0,0.0,11.19,11.2,11.19,11.11,11.24,11.01,4172053.0,46489995.0,15:35:15,2026-09-02
sz002528,*ST英飞,7.6,0.3,4.11,7.6,7.61,7.3,7.3,7.67,7.19,34626099.0,260792574.0,15:35:30,2026-09-02
sz002529,海源复材,7.25,0.01,0.138,7.24,7.25,7.24,7.18,7.25,7.12,3020500.0,21727006.0,15:35:45,2026-09-02
sz002530,金财互联,7.51,-0.02,-0.266,7.5,7.51,7.53,7.46,7.55,7.41,11716747.0,87836735.0,15:35:00,2026-09-02
sz002531,天顺风能,6.17,-0.12,-1.908,6.17,6.18,6.29,6.28,6.28,6.15,23061777.0,142831628.0,15:35:15,2026-09-02
sz002532,天山铝业,12.94,-0.24,-1.821,12.93,12.94,13.18,13.11,13.24,12.75,63833819.0,823560581.0,15:35:30,2026-09-02
sz002533,金杯电工,11.39,-0.04,-0.35,11.39,11.4,11.43,11.37,11.46,11.19,4334099.0,49098266.0,15:35:45,2026-09-02
sz002534,西子洁能,16.92,0.03,0.178,16.91,16.92,16.89,16.64,16.98,16.09,17121067.0,285075121.0,15:35:00,2026-09-02
sz002535,林州重机,2.58,-0.05,-1.901,2.58,2.59,2.63,2.61,2.64,2.55,11568004.0,29871685.0,15:35:15,2026-09-02
sz002536,飞龙股份,58.07,5.28,10.002,58.07,0.0,52.79,51.51,58.07,51.51,57804275.0,3259697785.0,15:35:30,2026-09-02
sz002537,海联金汇,6.34,-0.05,-0.782,6.34,6.35,6.39,6.32,6.39,6.22,32497148.0,205273746.0,15:35:45,2026-09-02
sz002538,ST司特,7.04,-0.1,-1.401,7.04,7.05,7.14,7.14,7.16,6.99,8334800.0,58788856.0,15:35:00,2026-09-02
sz002539,云图控股,13.29,-0.41,-2.993,13.28,13.29,13.7,13.68,13.74,13.16,20551366.0,274082375.0,15:35:15,2026-09-02
sz002540,亚太科技,5.18,-0.07,-1.333,5.17,5.18,5.25,5.23,5.25,5.11,10116230.0,52213355.0,15:35:30,2026-09-02
sz002541,鸿路钢构,20.83,-0.37,-1.745,20.82,20.83,21.2,21.0,21.15,20.25,11716989.0,242349501.0,15:35:45,2026-09-02
sz002542,*ST中岩,1.64,-0.05,-2.959,1.63,1.64,1.69,1.67,1.69,1.63,21830500.0,36126830.0,15:35:00,2026-09-02
sz002543,万和电气,7.49,0.2,2.743,7.49,7.5,7.29,7.26,7.83,7.1,20220689.0,150606542.0,15:35:15,2026-09-02
sz002544,普天科技,16.26,-0.02,-0.123,16.25,16.26,16.28,16.18,16.34,15.99,5818434.0,94138746.0,15:35:30,2026-09-02
sz002545,东方铁塔,17.56,-0.57,-3.144,17.55,17.56,18.13,18.03,18.08,17.15,23208617.0,406236849.0,15:35:45,2026-09-02
sz002546,新联电子,7.95,-0.08,-0.996,7.94,7.95,8.03,8.0,8.02,7.88,11157300.0,88656562.0,15:35:00,2026-09-02
sz002547,*ST春兴,2.68,-0.08,-2.899,2.68,2.69,2.76,2.75,2.81,2.68,25198603.0,68689845.0,15:35:15,2026-09-02
sz002548,金新农,4.29,-0.13,-2.941,4.28,4.29,4.42,4.38,4.38,4.25,24004829.0,103157647.0,15:35:30,2026-09-02
sz002549,凯美特气,14.02,-0.27,-1.889,14.02,14.03,14.29,14.13,14.21,14.0,12368764.0,174041875.0,15:35:45,2026-09-02
sz002550,千红制药,6.64,-0.09,-1.337,6.63,6.64,6.73,6.7,6.71,6.6,10517616.0,69806199.0,15:35:00,2026-09-02
sz002551,尚荣医疗,3.35,-0.06,-1.76,3.35,3.36,3.41,3.39,3.41,3.33,9684530.0,32515508.0,15:35:15,2026-09-02
sz002552,宝鼎科技,47.92,-2.13,-4.256,47.92,47.94,50.05,48.96,49.16,47.08,22130498.0,1064180090.0,15:35:30,2026-09-02
sz002553,南方精工,16.7,0.95,6.032,16.69,16.7,15.75,15.67,16.86,15.52,21991028.0,360206830.0,15:35:45,2026-09-02
sz002554,惠博普,2.97,-0.02,-0.669,2.97,2.98,2.99,3.11,3.14,2.95,46200800.0,138913712.0,15:35:00,2026-09-02
sz002555,三七互娱,18.23,-0.41,-2.2,18.23,18.24,18.64,18.5,18.74,18.23,21788063.0,400068078.0,15:35:15,2026-09-02
sz002556,辉隆股份,5.3,-0.2,-3.636,5.3,5.31,5.5,5.45,5.47,5.28,20777745.0,110973601.0,15:35:30,2026-09-02
sz002557,洽洽食品,18.82,-0.18,-0.947,18.81,18.82,19.0,18.94,19.0,18.6,5050664.0,94775860.0,15:35:45,2026-09-02
sz002558,巨人网络,26.1,-0.85,-3.154,26.09,26.1,26.95,26.5,27.08,26.07,54027930.0,1428466124.0,15:35:00,2026-09-02
sz002559,亚威股份,9.04,-0.09,-0.986,9.03,9.04,9.13,9.04,9.11,8.93,14631300.0,132038470.0,15:35:15,2026-09-02
sz002560,通达股份,6.31,0.1,1.61,6.3,6.31,6.21,6.18,6.34,6.13,26331109.0,165269265.0,15:35:30,2026-09-02
sz002561,徐家汇,7.12,-0.03,-0.42,7.11,7.12,7.15,7.17,7.25,7.06,5065500.0,36100940.0,15:35:45,2026-09-02
sz002562,兄弟科技,4.94,-0.07,-1.397,4.93,4.94,5.01,4.97,4.97,4.89,21475500.0,105702197.0,15:35:00,2026-09-02
sz002563,森马服饰,5.96,-0.03,-0.501,5.96,5.97,5.99,5.95,6.01,5.91,17344235.0,103199437.0,15:35:15,2026-09-02
sz002564,天沃科技,4.59,0.03,0.658,4.58,4.59,4.56,4.55,4.63,4.47,8061772.0,36736623.0,15:35:30,2026-09-02
sz002565,顺灏股份,8.64,0.04,0.465,8.64,8.65,8.6,8.52,8.73,8.46,39388370.0,339748620.0,15:35:45,2026-09-02
sz002566,益盛药业,7.1,-0.1,-1.389,7.1,7.11,7.2,7.19,7.25,7.01,9512271.0,67446430.0,15:35:00,2026-09-02
sz002567,唐人神,3.8,-0.08,-2.062,3.79,3.8,3.88,3.88,3.88,3.79,19520153.0,74582414.0,15:35:15,2026-09-02
sz002568,百润股份,17.51,-0.53,-2.938,17.51,17.52,18.04,17.86,18.05,17.48,12003516.0,211882087.0,15:35:30,2026-09-02
sz002569,*ST步森,10.8,-0.27,-2.439,10.8,10.81,11.07,11.05,11.05,10.71,1621800.0,17525317.0,15:35:45,2026-09-02
sz002570,贝因美,4.66,-0.1,-2.101,4.66,4.67,4.76,4.73,4.76,4.63,15084800.0,70518315.0,15:35:00,2026-09-02
sz002571,德力股份,10.73,-0.01,-0.093,10.73,10.75,10.74,10.69,10.81,10.53,2972900.0,31816937.0,15:35:15,2026-09-02
sz002572,索菲亚,7.82,-0.28,-3.457,7.81,7.82,8.1,8.08,8.09,7.78,14758611.0,115946444.0,15:35:30,2026-09-02
sz002573,清新环境,3.28,-0.03,-0.906,3.28,3.29,3.31,3.3,3.32,3.25,10856266.0,35578327.0,15:35:45,2026-09-02
sz002574,明牌珠宝,5.27,0.06,1.152,5.27,5.28,5.21,5.16,5.63,5.1,28239201.0,148726676.0,15:35:00,2026-09-02
sz002575,群兴玩具,5.55,-0.01,-0.18,5.54,5.55,5.56,5.48,5.61,5.43,25453698.0,140918512.0,15:35:15,2026-09-02
sz002576,通达动力,14.86,0.04,0.27,14.85,14.86,14.82,14.77,14.91,14.64,2186450.0,32370934.0,15:35:30,2026-09-02
sz002577,雷柏科技,19.49,-0.16,-0.814,19.48,19.49,19.65,19.45,19.78,19.15,4801241.0,93576177.0,15:35:45,2026-09-02
sz002578,闽发铝业,4.28,0.15,3.632,4.27,4.28,4.13,4.11,4.29,4.03,41576300.0,173296800.0,15:35:00,2026-09-02
sz002579,中京电子,13.83,-0.25,-1.776,13.82,13.83,14.08,13.8,14.01,13.63,28998030.0,400418767.0,15:35:15,2026-09-02
sz002580,圣阳股份,21.92,0.32,1.481,21.92,21.93,21.6,21.19,22.44,20.75,82965376.0,1807410114.0,15:35:30,2026-09-02
sz002581,*ST未名,5.13,-0.09,-1.724,5.12,5.13,5.22,5.23,5.24,5.01,4807800.0,24641370.0,15:35:45,2026-09-02
sz002582,好想你,10.25,-0.46,-4.295,10.25,10.26,10.71,10.72,10.73,10.23,24857849.0,256951975.0,15:35:00,2026-09-02
sz002583,海能达,8.67,-0.02,-0.23,8.66,8.67,8.69,8.58,8.71,8.56,21594369.0,186671304.0,15:35:15,2026-09-02
sz002584,西陇科学,8.39,0.01,0.119,8.38,8.39,8.38,8.29,8.46,8.26,19675121.0,164321136.0,15:35:30,2026-09-02
sz002585,双星新材,9.3,-0.27,-2.821,9.3,9.31,9.57,9.38,9.48,9.22,39066171.0,364481673.0,15:35:45,2026-09-02
sz002586,围海股份,4.18,-0.16,-3.687,4.18,4.2,4.34,4.3,4.33,4.11,10820300.0,45281501.0,15:35:00,2026-09-02
sz002587,奥拓电子,5.65,-0.01,-0.177,5.65,5.66,5.66,5.64,5.69,5.6,10590815.0,59833425.0,15:35:15,2026-09-02
sz002588,史丹利,7.97,-0.36,-4.322,7.97,7.98,8.33,8.33,8.35,7.95,23729423.0,190883180.0,15:35:30,2026-09-02
sz002589,瑞康医药,3.34,-0.16,-4.571,3.34,3.35,3.5,3.49,3.49,3.32,155591787.0,523143501.0,15:35:45,2026-09-02
sz002590,万安科技,10.16,0.01,0.099,10.16,10.17,10.15,10.03,10.24,10.0,7099100.0,71957760.0,15:35:00,2026-09-02
sz002591,恒大高新,6.65,-0.04,-0.598,6.65,6.67,6.69,6.64,6.7,6.53,9033654.0,59763457.0,15:35:15,2026-09-02
sz002592,ST八菱,6.79,0.06,0.892,6.76,6.79,6.73,6.71,6.83,6.63,4176300.0,28125565.0,15:35:30,2026-09-02
sz002593,日上集团,4.61,-0.02,-0.432,4.61,4.62,4.63,4.62,4.64,4.55,8047000.0,36931918.0,15:35:45,2026-09-02
sz002594,比亚迪,86.8,-1.91,-2.153,86.8,86.81,88.71,88.48,89.0,86.6,34679998.0,3029600050.0,15:35:00,2026-09-02
sz002595,豪迈科技,42.95,-0.34,-0.785,42.94,42.95,43.29,42.99,43.45,42.53,5491096.0,235886465.0,15:35:15,2026-09-02
sz002596,海南瑞泽,3.42,-0.02,-0.581,3.42,3.43,3.44,3.43,3.45,3.35,16601342.0,56538151.0,15:35:30,2026-09-02
sz002597,金禾实业,20.44,-0.57,-2.713,20.44,20.45,21.01,21.0,21.0,20.43,4718800.0,97094904.0,15:35:45,2026-09-02
sz002598,ST章鼓,7.05,-0.02,-0.283,7.05,7.06,7.07,7.02,7.1,7.0,1482400.0,10460134.0,15:35:00,2026-09-02
sz002599,盛通股份,5.97,-0.04,-0.666,5.97,5.98,6.01,5.95,6.04,5.88,9342260.0,55634779.0,15:35:15,2026-09-02
sz002600,领益智造,12.69,0.17,1.358,12.69,12.7,12.52,12.6,12.8,12.59,122598752.0,1558953096.0,15:35:30,2026-09-02
sz002601,龙佰集团,15.59,-0.67,-4.121,15.59,15.6,16.26,16.28,16.35,15.52,24798000.0,389917503.0,15:35:45,2026-09-02
sz002602,世纪华通,14.03,0.18,1.3,14.02,14.03,13.85,13.96,14.54,13.87,159577652.0,2272941767.0,15:35:00,2026-09-02
sz002603,以岭药业,15.75,-0.29,-1.808,15.75,15.76,16.04,16.0,16.08,15.73,13067380.0,206831194.0,15:35:15,2026-09-02
sz002605,姚记科技,17.3,-0.29,-1.649,17.29,17.3,17.59,17.51,17.61,17.23,4471500.0,77574284.0,15:35:30,2026-09-02
sz002606,大连电瓷,12.84,-0.28,-2.134,12.84,12.85,13.12,13.0,13.09,12.76,15720643.0,202185129.0,15:35:45,2026-09-02
sz002607,中公教育,2.08,-0.05,-2.347,2.08,2.09,2.13,2.12,2.12,2.07,114575000.0,238941046.0,15:35:00,2026-09-02
sz002608,江苏国信,7.17,-0.02,-0.278,7.16,7.17,7.19,7.16,7.22,7.1,10673200.0,76296948.0,15:35:15,2026-09-02
sz002609,捷顺科技,7.96,-0.04,-0.5,7.96,7.97,8.0,7.96,8.07,7.91,4790371.0,38138705.0,15:35:30,2026-09-02
sz002611,东方精工,14.97,-0.11,-0.729,14.96,14.97,15.08,15.0,15.1,14.85,14200399.0,212660999.0,15:35:45,2026-09-02
sz002612,朗姿股份,16.46,0.75,4.774,16.46,16.47,15.71,15.71,17.12,15.55,22426801.0,369403210.0,15:35:00,2026-09-02
sz002613,北玻股份,3.52,0.02,0.571,3.52,3.53,3.5,3.49,3.53,3.44,19045030.0,66568573.0,15:35:15,2026-09-02
sz002614,奥佳华,5.69,-0.04,-0.698,5.69,5.7,5.73,5.74,5.75,5.59,14068300.0,79579527.0,15:35:30,2026-09-02
sz002615,哈尔斯,6.63,-0.13,-1.923,6.62,6.63,6.76,6.7,6.78,6.56,8138600.0,53877358.0,15:35:45,2026-09-02
sz002616,长青集团,4.97,0.01,0.202,4.97,4.98,4.96,4.95,4.99,4.87,9528637.0,46995667.0,15:35:00,2026-09-02
sz002617,露笑科技,6.13,-0.14,-2.233,6.13,6.14,6.27,6.18,6.2,6.1,51054384.0,313701142.0,15:35:15,2026-09-02
sz002620,*ST瑞和,5.86,0.1,1.736,5.85,5.86,5.76,5.75,5.96,5.64,7887100.0,45944290.0,15:35:30,2026-09-02
sz002622,皓宸医疗,2.66,-0.05,-1.845,2.66,2.67,2.71,2.71,2.71,2.64,18867400.0,50289232.0,15:35:45,2026-09-02
sz002623,亚玛顿,15.76,-0.12,-0.756,15.75,15.76,15.88,15.8,15.96,15.47,2701653.0,42373627.0,15:35:00,2026-09-02
sz002624,完美世界,10.81,-0.17,-1.548,10.8,10.81,10.98,10.82,11.06,10.72,35299099.0,383124116.0,15:35:15,2026-09-02
sz002625,光启技术,28.35,0.21,0.746,28.35,28.36,28.14,28.01,28.65,27.85,22000232.0,622185443.0,15:35:30,2026-09-02
sz002626,金达威,16.45,-0.46,-2.72,16.45,16.51,16.91,16.8,16.9,16.45,3788283.0,62874313.0,15:35:45,2026-09-02
sz002627,三峡旅游,7.3,0.04,0.551,7.3,7.31,7.26,7.22,7.36,7.17,18754600.0,136727574.0,15:35:00,2026-09-02
sz002628,成都路桥,5.46,-0.08,-1.444,5.46,5.47,5.54,5.54,5.59,5.42,24379728.0,133978240.0,15:35:15,2026-09-02
sz002629,仁智股份,4.86,-0.09,-1.818,4.85,4.86,4.95,5.0,5.05,4.82,12829919.0,62708651.0,15:35:30,2026-09-02
sz002630,*ST华西,1.67,0.0,0.0,1.66,1.67,1.67,1.67,1.67,1.64,6905600.0,11436864.0,15:35:45,2026-09-02
sz002631,德尔未来,10.13,-0.22,-2.126,10.13,10.14,10.35,10.29,10.5,9.86,34838733.0,354367394.0,15:35:00,2026-09-02
sz002632,道明光学,9.88,0.9,10.022,9.88,0.0,8.98,9.4,9.88,9.3,36608849.0,358957509.0,15:35:15,2026-09-02
sz002633,申科股份,14.97,-0.04,-0.266,14.97,15.01,15.01,14.99,15.08,14.78,1428600.0,21367467.0,15:35:30,2026-09-02
sz002634,*ST棒杰,4.14,-0.01,-0.241,4.13,4.14,4.15,4.15,4.19,4.01,4546300.0,18746843.0,15:35:45,2026-09-02
sz002635,安洁科技,15.58,-0.11,-0.701,15.58,15.59,15.69,15.51,15.78,15.41,13696426.0,213798172.0,15:35:00,2026-09-02
sz002636,金安国纪,70.4,-2.51,-3.443,70.4,70.41,72.91,71.97,73.26,70.1,47070900.0,3359028488.0,15:35:15,2026-09-02
sz002637,赞宇科技,11.97,-0.13,-1.074,11.96,11.97,12.1,12.0,12.17,11.75,21253000.0,253975471.0,15:35:30,2026-09-02
sz002638,勤上股份,4.61,-0.1,-2.123,4.61,4.62,4.71,4.65,4.75,4.55,42703045.0,198285246.0,15:35:45,2026-09-02
sz002639,雪人集团,13.27,1.21,10.033,13.27,0.0,12.06,12.11,13.27,11.89,66969593.0,858562000.0,15:35:00,2026-09-02
sz002640,跨境通,3.47,-0.04,-1.14,3.47,3.48,3.51,3.49,3.5,3.42,67175200.0,232103779.0,15:35:15,2026-09-02
sz002641,公元股份,3.99,-0.02,-0.499,3.98,3.99,4.01,3.98,4.03,3.95,8348350.0,33201796.0,15:35:30,2026-09-02
sz002642,荣联科技,7.39,-0.01,-0.135,7.38,7.39,7.4,7.34,7.41,7.27,8452850.0,62159367.0,15:35:45,2026-09-02
sz002643,万润股份,12.91,-0.21,-1.601,12.9,12.91,13.12,12.99,13.04,12.83,12819644.0,165517048.0,15:35:00,2026-09-02
sz002644,佛慈制药,8.62,-0.19,-2.157,8.61,8.62,8.81,8.76,8.84,8.61,6183700.0,53624588.0,15:35:15,2026-09-02
sz002645,华宏科技,18.38,-0.36,-1.921,18.38,18.39,18.74,18.47,18.59,18.15,16723040.0,306681148.0,15:35:30,2026-09-02
sz002646,天佑德酒,7.19,0.12,1.697,7.19,7.2,7.07,7.08,7.5,7.04,20632873.0,149553980.0,15:35:45,2026-09-02
sz002647,仁东控股,11.86,0.07,0.594,11.85,11.86,11.79,11.7,12.0,11.49,16408000.0,193773992.0,15:35:00,2026-09-02
sz002648,卫星化学,27.49,-1.13,-3.948,27.48,27.49,28.62,29.0,29.1,27.23,54223326.0,1507027754.0,15:35:15,2026-09-02
sz002649,博彦科技,9.9,-0.2,-1.98,9.9,9.91,10.1,9.97,10.01,9.84,12439677.0,123439191.0,15:35:30,2026-09-02
sz002650,ST加加,5.96,-0.05,-0.832,5.95,5.96,6.01,5.95,6.01,5.94,1923314.0,11458728.0,15:35:45,2026-09-02
sz002651,利君股份,9.02,0.25,2.851,9.01,9.02,8.77,8.8,9.65,8.73,58914285.0,539874210.0,15:35:00,2026-09-02
sz002652,扬子新材,4.19,0.03,0.721,4.18,4.19,4.16,4.16,4.21,4.09,10906880.0,45305505.0,15:35:15,2026-09-02
sz002653,海思科,66.8,0.27,0.406,66.79,66.8,66.53,66.85,67.3,65.51,4293316.0,285945293.0,15:35:30,2026-09-02
sz002654,万润科技,13.64,-0.15,-1.088,13.63,13.64,13.79,13.58,13.78,13.4,26837245.0,365139060.0,15:35:45,2026-09-02
sz002655,共达电声,37.62,-0.59,-1.544,37.62,37.63,38.21,37.75,38.35,36.9,17219800.0,645956706.0,15:35:00,2026-09-02
sz002656,摩登大道,3.01,-0.02,-0.66,3.01,3.02,3.03,3.05,3.08,2.99,10673100.0,32184789.0,15:35:15,2026-09-02
sz002657,中科金财,16.52,-0.11,-0.661,16.52,16.53,16.63,16.4,16.74,16.25,10081800.0,166492782.0,15:35:30,2026-09-02
sz002658,雪迪龙,7.67,-0.12,-1.54,7.67,7.68,7.79,7.7,7.73,7.62,4267198.0,32710897.0,15:35:45,2026-09-02
sz002659,凯文教育,4.77,0.02,0.421,4.76,4.77,4.75,4.71,4.79,4.64,16417500.0,77730878.0,15:35:00,2026-09-02
sz002660,茂硕电源,8.29,0.4,5.07,8.29,8.3,7.89,7.77,8.68,7.69,47959857.0,393903291.0,15:35:15,2026-09-02
sz002661,克明食品,7.95,-0.23,-2.812,7.94,7.95,8.18,8.21,8.21,7.9,5463849.0,43550727.0,15:35:30,2026-09-02
sz002662,峰璟股份,3.36,0.04,1.205,3.36,3.37,3.32,3.31,3.38,3.26,14359300.0,47773890.0,15:35:45,2026-09-02
sz002663,普邦股份,1.74,-0.02,-1.136,1.74,1.75,1.76,1.76,1.76,1.72,21017137.0,36523444.0,15:35:00,2026-09-02
sz002664,信质集团,15.39,-0.13,-0.838,15.39,15.4,15.52,15.55,15.55,15.21,3027935.0,46512304.0,15:35:15,2026-09-02
sz002666,德联集团,4.25,-0.05,-1.163,4.25,4.26,4.3,4.27,4.3,4.19,9475900.0,40083493.0,15:35:30,2026-09-02
sz002667,*ST威领,18.22,-0.16,-0.871,18.21,18.22,18.38,18.37,18.47,18.16,9988100.0,182423678.0,15:35:45,2026-09-02
sz002668,TCL智家,9.55,-0.02,-0.209,9.54,9.55,9.57,9.57,9.87,9.3,22448492.0,215330256.0,15:35:00,2026-09-02
sz002669,康达新材,12.01,0.02,0.167,12.01,12.02,11.99,11.94,12.12,11.85,6872800.0,82320994.0,15:35:15,2026-09-02
sz002670,国盛证券,12.2,-0.37,-2.944,12.19,12.2,12.57,12.51,12.65,12.17,45371620.0,560230770.0,15:35:30,2026-09-02
sz002671,龙泉股份,4.07,0.0,0.0,4.07,4.08,4.07,4.06,4.09,3.98,10391200.0,41915189.0,15:35:45,2026-09-02
sz002672,东江环保,3.77,-0.03,-0.789,3.76,3.77,3.8,3.78,3.82,3.73,5385391.0,20235686.0,15:35:00,2026-09-02
sz002673,西部证券,6.87,-0.13,-1.857,6.87,6.88,7.0,6.98,7.01,6.86,28687510.0,198099642.0,15:35:15,2026-09-02
sz002674,兴业科技,24.45,-0.11,-0.448,24.45,24.46,24.56,24.24,24.88,23.93,10970495.0,266992883.0,15:35:30,2026-09-02
sz002675,东诚药业,12.94,-0.16,-1.221,12.93,12.94,13.1,13.04,13.1,12.91,4910915.0,63729240.0,15:35:45,2026-09-02
sz002676,顺威股份,5.26,-0.07,-1.313,5.26,5.27,5.33,5.3,5.33,5.22,8439200.0,44353584.0,15:35:00,2026-09-02
sz002677,浙江美大,6.78,-0.01,-0.147,6.78,6.79,6.79,6.79,6.83,6.65,4476600.0,30139680.0,15:35:15,2026-09-02
sz002678,珠江钢琴,5.18,-0.07,-1.333,5.18,5.19,5.25,5.24,5.24,5.1,9133230.0,47196338.0,15:35:30,2026-09-02
sz002679,福建金森,12.24,-0.67,-5.19,12.24,12.25,12.91,14.2,14.2,11.63,46105050.0,579003416.0,15:35:45,2026-09-02
sz002681,奋达科技,5.16,-0.01,-0.193,5.16,5.17,5.17,5.2,5.22,5.07,63951877.0,329628872.0,15:35:00,2026-09-02
sz002682,龙洲股份,5.15,0.05,0.98,5.14,5.15,5.1,5.12,5.18,5.02,22345200.0,114543639.0,15:35:15,2026-09-02
sz002683,广东宏大,30.8,0.16,0.522,30.79,30.8,30.64,30.47,31.43,30.07,10569498.0,326462053.0,15:35:30,2026-09-02
sz002685,华东重机,5.55,-0.03,-0.538,5.55,5.56,5.58,5.55,5.58,5.48,18499899.0,102399731.0,15:35:45,2026-09-02
sz002686,亿利达,6.79,-0.12,-1.737,6.79,6.8,6.91,6.8,6.87,6.74,17543600.0,119279725.0,15:35:00,2026-09-02
sz002687,乔治白,6.29,-0.15,-2.329,6.28,6.29,6.44,6.44,6.48,6.29,10160624.0,64628559.0,15:35:15,2026-09-02
sz002688,金河生物,5.3,-0.13,-2.394,5.3,5.31,5.43,5.44,5.46,5.26,18761004.0,99823329.0,15:35:30,2026-09-02
sz002689,ST远智,2.94,0.02,0.685,2.93,2.94,2.92,2.9,2.95,2.9,4322210.0,12679867.0,15:35:45,2026-09-02
sz002690,美亚光电,16.22,-0.07,-0.43,16.2,16.22,16.29,16.28,16.34,16.04,3912445.0,63346182.0,15:35:00,2026-09-02
sz002691,*ST冀凯,4.65,0.04,0.868,4.64,4.65,4.61,4.6,4.72,4.57,2041702.0,9490043.0,15:35:15,2026-09-02
sz002692,远程股份,4.29,-0.01,-0.233,4.28,4.29,4.3,4.28,4.33,4.25,9603950.0,41197133.0,15:35:30,2026-09-02
sz002693,双成药业,8.88,-0.27,-2.951,8.88,8.89,9.15,9.03,9.06,8.86,10191300.0,90883618.0,15:35:45,2026-09-02
sz002694,*ST顾地,2.48,-0.04,-1.587,2.48,2.49,2.52,2.51,2.51,2.43,3484700.0,8581291.0,15:35:00,2026-09-02
sz002695,煌上煌,10.61,-0.39,-3.545,10.6,10.61,11.0,11.0,11.01,10.59,6715787.0,72036609.0,15:35:15,2026-09-02
sz002696,百洋股份,6.68,-0.6,-8.242,6.67,6.68,7.28,7.83,7.83,6.55,55787555.0,381220203.0,15:35:30,2026-09-02
sz002697,红旗连锁,4.75,-0.02,-0.419,4.75,4.76,4.77,4.81,4.91,4.72,36894260.0,176578066.0,15:35:45,2026-09-02
sz002698,博实股份,12.28,-0.23,-1.839,12.27,12.28,12.51,12.48,12.57,12.25,7115746.0,87611839.0,15:35:00,2026-09-02
sz002700,万憬能源,6.58,0.07,1.075,6.57,6.58,6.51,6.48,6.61,6.44,5544500.0,36310992.0,15:35:15,2026-09-02
sz002701,奥瑞金,4.44,-0.04,-0.893,4.43,4.44,4.48,4.47,4.48,4.38,24581886.0,108457310.0,15:35:30,2026-09-02
sz002702,海欣食品,5.18,-0.14,-2.632,5.17,5.18,5.32,5.29,5.29,5.15,24390300.0,126635461.0,15:35:45,2026-09-02
sz002703,浙江世宝,17.62,-0.62,-3.399,17.62,17.63,18.24,17.05,17.82,17.04,79100530.0,1389561550.0,15:35:00,2026-09-02
sz002705,新宝股份,11.05,-0.19,-1.69,11.04,11.05,11.24,11.22,11.22,10.99,4375400.0,48377077.0,15:35:15,2026-09-02
sz002706,良信股份,9.19,-0.06,-0.649,9.18,9.19,9.25,9.18,9.25,9.05,19393418.0,177700331.0,15:35:30,2026-09-02
sz002707,众信旅游,5.66,-0.04,-0.702,5.66,5.67,5.7,5.66,5.73,5.58,26964267.0,152891373.0,15:35:45,2026-09-02
sz002708,光洋股份,14.16,1.29,10.023,14.16,0.0,12.87,12.92,14.16,12.71,62331190.0,860937537.0,15:35:00,2026-09-02
sz002709,天赐材料,34.44,-1.17,-3.286,34.43,34.44,35.61,35.2,35.23,34.14,45960133.0,1589522156.0,15:35:15,2026-09-02
sz002712,思美传媒,5.08,-0.11,-2.119,5.07,5.08,5.19,5.17,5.2,5.0,20520550.0,104208255.0,15:35:30,2026-09-02
sz002713,东易日盛,9.53,0.08,0.847,9.52,9.53,9.45,9.3,9.67,9.19,12943648.0,122214180.0,15:35:45,2026-09-02
sz002714,牧原股份,42.03,-0.37,-0.873,42.02,42.03,42.4,42.3,42.61,41.95,30321658.0,1279399074.0,15:35:00,2026-09-02
sz002715,登云股份,14.35,-0.17,-1.171,14.34,14.35,14.52,14.44,14.48,14.1,3173551.0,45260459.0,15:35:15,2026-09-02
sz002716,湖南白银,10.75,-0.1,-0.922,10.75,10.76,10.85,10.29,10.84,10.06,264072826.0,2750396918.0,15:35:30,2026-09-02
sz002717,*ST岭南,1.0,-0.01,-0.99,1.0,1.01,1.01,1.01,1.02,0.99,28912600.0,28979249.0,15:35:45,2026-09-02
sz002718,友邦吊顶,83.19,-2.47,-2.883,82.82,83.19,85.66,84.73,85.42,82.72,662200.0,55519341.0,15:35:00,2026-09-02
sz002719,ST麦趣,6.77,-0.14,-2.026,6.76,6.77,6.91,6.88,6.9,6.7,4097400.0,27747388.0,15:35:15,2026-09-02
sz002721,金一文化,3.06,-0.12,-3.774,3.05,3.06,3.18,3.08,3.11,2.98,224213501.0,681390940.0,15:35:30,2026-09-02
sz002722,物产金轮,13.31,-0.18,-1.334,13.28,13.31,13.49,13.4,13.45,13.22,2561553.0,34108873.0,15:35:45,2026-09-02
sz002723,小崧股份,8.01,0.08,1.009,8.0,8.01,7.93,7.92,8.11,7.8,7229500.0,57642272.0,15:35:00,2026-09-02
sz002724,海洋王,7.07,-0.08,-1.119,7.07,7.08,7.15,7.1,7.19,7.02,17712464.0,125879573.0,15:35:15,2026-09-02
sz002725,跃岭股份,11.68,0.02,0.172,11.67,11.68,11.66,11.6,11.78,11.49,3366300.0,39178534.0,15:35:30,2026-09-02
sz002726,ST龙大,2.6,0.03,1.167,2.6,2.61,2.57,2.54,2.6,2.46,66233452.0,167359785.0,15:35:45,2026-09-02
sz002727,一心堂,11.25,-0.08,-0.706,11.24,11.25,11.33,11.35,11.36,11.17,5876099.0,66120820.0,15:35:00,2026-09-02
sz002728,特一药业,8.99,-0.12,-1.317,8.99,9.0,9.11,9.1,9.1,8.97,8945172.0,80718372.0,15:35:15,2026-09-02
sz002729,好利科技,14.17,-0.12,-0.84,14.16,14.17,14.29,14.08,14.4,14.08,4874946.0,69323381.0,15:35:30,2026-09-02
sz002730,电光科技,23.26,-0.3,-1.273,23.26,23.27,23.56,23.39,23.6,23.11,5162914.0,120598629.0,15:35:45,2026-09-02
sz002731,*ST萃华,0.0,0.0,0.0,0.0,0.0,0.77,0.0,0.0,0.0,0.0,0.0,15:35:00,2026-09-02
sz002732,燕塘乳业,14.27,-0.19,-1.314,14.26,14.27,14.46,14.46,14.47,14.13,1390600.0,19819441.0,15:35:15,2026-09-02
sz002733,雄韬股份,18.38,0.16,0.878,18.37,18.38,18.22,18.1,18.62,17.82,10814500.0,197742414.0,15:35:30,2026-09-02
sz002734,利民股份,16.57,-0.12,-0.719,16.57,16.58,16.69,16.55,16.88,16.4,11764441.0,195178014.0,15:35:45,2026-09-02
sz002735,王子新材,12.1,0.28,2.369,12.09,12.1,11.82,11.72,12.33,11.62,25085400.0,303620926.0,15:35:00,2026-09-02
sz002736,国信证券,10.18,-0.15,-1.452,10.17,10.18,10.33,10.3,10.34,10.15,24515229.0,250783932.0,15:35:15,2026-09-02
sz002737,葵花药业,11.81,-0.08,-0.673,11.81,11.82,11.89,11.78,11.88,11.67,6179313.0,72800353.0,15:35:30,2026-09-02
sz002738,中矿资源,49.3,-2.75,-5.283,49.3,49.31,52.05,50.94,50.96,48.66,27291762.0,1348894864.0,15:35:45,2026-09-02
sz002739,儒意电影,8.34,-0.25,-2.91,8.33,8.34,8.59,8.53,8.58,8.33,50443090.0,422872240.0,15:35:00,2026-09-02
sz002741,光华科技,24.1,-0.26,-1.067,24.09,24.1,24.36,24.11,24.34,23.82,14563869.0,350662830.0,15:35:15,2026-09-02
sz002742,冀衡医药,5.03,-0.56,-10.018,0.0,5.03,5.59,5.15,5.32,5.03,100732610.0,518077039.0,15:35:30,2026-09-02
sz002743,富煌钢构,5.09,-0.16,-3.048,5.08,5.09,5.25,5.2,5.26,5.03,18163900.0,92906327.0,15:35:45,2026-09-02
sz002745,木林森,11.03,-0.46,-4.003,11.03,11.04,11.49,11.28,11.3,10.9,50093445.0,553961094.0,15:35:00,2026-09-02
sz002746,仙坛股份,6.62,-0.1,-1.488,6.61,6.62,6.72,6.72,6.72,6.55,16701260.0,110592433.0,15:35:15,2026-09-02
sz002747,埃斯顿,30.41,-0.6,-1.935,30.4,30.41,31.01,30.47,30.88,30.14,26262692.0,799035263.0,15:35:30,2026-09-02
sz002748,世龙实业,12.41,0.1,0.812,12.41,12.42,12.31,12.24,12.5,12.13,5005100.0,61723070.0,15:35:45,2026-09-02
sz002749,国光股份,8.7,-0.21,-2.357,8.7,8.71,8.91,8.84,8.9,8.7,3720613.0,32535201.0,15:35:00,2026-09-02
sz002752,昇兴股份,6.13,-0.05,-0.809,6.12,6.13,6.18,6.15,6.16,6.08,9457035.0,57856167.0,15:35:15,2026-09-02
sz002753,永东股份,6.87,-0.01,-0.145,6.87,6.88,6.88,6.81,6.91,6.8,3850864.0,26377408.0,15:35:30,2026-09-02
sz002755,奥赛康,11.4,-0.52,-4.362,11.4,11.41,11.92,11.9,11.95,11.39,15928906.0,184167636.0,15:35:45,2026-09-02
sz002756,永兴材料,44.2,-1.15,-2.536,44.19,44.2,45.35,44.78,44.86,43.4,9813281.0,431943615.0,15:35:00,2026-09-02
sz002757,南兴股份,17.97,0.16,0.898,17.97,17.98,17.81,17.55,18.0,17.53,22885828.0,407741832.0,15:35:15,2026-09-02
sz002758,浙农股份,8.91,-0.39,-4.194,8.91,8.92,9.3,9.12,9.25,8.86,21074397.0,188294890.0,15:35:30,2026-09-02
sz002759,ST天际,15.85,-0.82,-4.919,15.84,15.85,16.67,16.22,16.45,15.8,20733906.0,331683796.0,15:35:45,2026-09-02
sz002760,凤形股份,18.57,-0.54,-2.826,18.57,18.58,19.11,18.93,18.97,18.3,5239600.0,97121853.0,15:35:00,2026-09-02
sz002761,浙江建投,7.38,-0.08,-1.072,7.38,7.39,7.46,7.43,7.43,7.29,9362378.0,68836953.0,15:35:15,2026-09-02
sz002762,金发拉比,9.35,-0.06,-0.638,9.34,9.35,9.41,9.33,9.48,9.26,4428375.0,41455197.0,15:35:30,2026-09-02
sz002763,汇洁股份,7.65,-0.1,-1.29,7.64,7.65,7.75,7.74,7.75,7.63,4626160.0,35459596.0,15:35:45,2026-09-02
sz002765,蓝黛科技,7.42,0.33,4.654,7.42,7.43,7.09,7.05,7.78,6.96,32928036.0,242970360.0,15:35:00,2026-09-02
sz002766,索菱股份,4.39,-0.04,-0.903,4.38,4.39,4.43,4.36,4.4,4.31,18292600.0,79699332.0,15:35:15,2026-09-02
sz002767,先锋电子,18.27,-0.11,-0.598,18.27,18.29,18.38,18.32,18.46,17.96,1906600.0,34769642.0,15:35:30,2026-09-02
sz002768,国恩股份,62.5,-1.43,-2.237,62.5,62.55,63.93,63.01,63.63,61.32,6513722.0,406260887.0,15:35:45,2026-09-02
sz002769,普路通,7.87,0.02,0.255,7.87,7.88,7.85,7.74,8.13,7.57,36821500.0,289403769.0,15:35:00,2026-09-02
sz002771,真视通,14.1,0.25,1.805,14.1,14.11,13.85,13.69,14.23,13.67,11435839.0,160333353.0,15:35:15,2026-09-02
sz002772,众兴菌业,11.24,-0.77,-6.411,11.24,11.25,12.01,11.69,11.72,11.21,27529510.0,312945926.0,15:35:30,2026-09-02
sz002773,康弘药业,20.31,-0.17,-0.83,20.31,20.32,20.48,20.44,20.53,20.18,4018177.0,81484752.0,15:35:45,2026-09-02
sz002774,快意电梯,15.35,-0.45,-2.848,15.34,15.35,15.8,15.8,15.8,15.29,5512800.0,85178218.0,15:35:00,2026-09-02
sz002775,文科股份,3.67,-0.03,-0.811,3.66,3.67,3.7,3.7,3.7,3.59,8854500.0,32285019.0,15:35:15,2026-09-02
sz002777,久远银海,13.08,-0.09,-0.683,13.07,13.08,13.17,13.03,13.14,12.93,4329534.0,56462923.0,15:35:30,2026-09-02
sz002778,中晟高科,16.59,-0.01,-0.06,16.58,16.59,16.6,16.51,16.81,16.34,1963120.0,32375864.0,15:35:45,2026-09-02
sz002779,中坚科技,73.85,-2.9,-3.779,73.85,73.87,76.75,76.2,76.2,73.81,2037948.0,151982721.0,15:35:00,2026-09-02
sz002780,三夫户外,14.28,0.06,0.422,14.28,14.29,14.22,14.13,14.41,14.0,5893300.0,83686683.0,15:35:15,2026-09-02
sz002782,可立克,15.41,0.04,0.26,15.4,15.41,15.37,15.1,15.56,15.06,8677259.0,133667284.0,15:35:30,2026-09-02
sz002783,凯龙股份,8.14,0.02,0.246,8.14,8.15,8.12,8.11,8.21,8.03,8051009.0,65395458.0,15:35:45,2026-09-02
sz002785,万里石,36.71,2.55,7.465,36.71,36.72,34.16,34.16,36.85,33.72,13700296.0,493360758.0,15:35:00,2026-09-02
sz002786,银宝山新,8.12,0.01,0.123,8.11,8.12,8.11,8.06,8.13,8.0,5971550.0,48181675.0,15:35:15,2026-09-02
sz002787,华源控股,22.18,-0.14,-0.627,22.18,22.19,22.32,22.07,22.56,21.73,9178000.0,203520457.0,15:35:30,2026-09-02
sz002788,鹭燕医药,10.89,-0.15,-1.359,10.88,10.89,11.04,11.0,11.04,10.83,6275699.0,68445237.0,15:35:45,2026-09-02
sz002789,*ST建艺,11.72,0.2,1.736,11.7,11.72,11.52,11.43,11.82,11.32,2992960.0,34723472.0,15:35:00,2026-09-02
sz002790,瑞尔特,6.61,0.19,2.96,6.59,6.61,6.42,6.38,6.62,6.33,9796100.0,63760661.0,15:35:15,2026-09-02
sz002791,坚朗五金,14.71,-0.22,-1.474,14.71,14.72,14.93,14.83,14.91,14.49,3145815.0,46060115.0,15:35:30,2026-09-02
sz002792,通宇通讯,29.95,-0.22,-0.729,29.94,29.95,30.17,29.76,30.45,29.68,10894776.0,326660578.0,15:35:45,2026-09-02
sz002793,罗欣药业,4.86,-0.09,-1.818,4.85,4.86,4.95,4.94,4.96,4.84,22309500.0,108782229.0,15:35:00,2026-09-02
sz002795,永和智控,7.25,-0.15,-2.027,7.25,7.26,7.4,7.38,7.4,7.11,11760500.0,85140773.0,15:35:15,2026-09-02
sz002796,世嘉科技,29.3,0.02,0.068,29.3,29.31,29.28,28.99,29.63,28.62,6008003.0,175256138.0,15:35:30,2026-09-02
sz002797,第一创业,6.53,-0.13,-1.952,6.52,6.53,6.66,6.61,6.63,6.51,51940971.0,340346912.0,15:35:45,2026-09-02
sz002798,帝欧水华,6.38,0.03,0.472,6.38,6.39,6.35,6.32,6.4,6.15,10884400.0,68601262.0,15:35:00,2026-09-02
sz002799,环球印务,7.03,-0.04,-0.566,7.03,7.04,7.07,7.1,7.11,6.95,4120200.0,28894778.0,15:35:15,2026-09-02
sz002800,天顺股份,15.38,-0.11,-0.71,15.36,15.38,15.49,15.49,15.5,15.14,3505180.0,53616331.0,15:35:30,2026-09-02
sz002801,微光股份,27.72,-0.08,-0.288,27.68,27.72,27.8,27.6,27.85,27.34,865020.0,23802472.0,15:35:45,2026-09-02
sz002802,洪汇新材,12.6,-0.05,-0.395,12.6,12.63,12.65,12.65,12.75,12.48,2486362.0,31345698.0,15:35:00,2026-09-02
sz002803,吉宏股份,20.58,-0.01,-0.049,20.58,20.59,20.59,20.5,20.78,20.1,11931432.0,244597349.0,15:35:15,2026-09-02
sz002805,丰元股份,18.14,-0.4,-2.157,18.13,18.14,18.54,18.35,18.35,17.97,7503490.0,136042518.0,15:35:30,2026-09-02
sz002806,华锋股份,14.96,0.16,1.081,14.96,14.97,14.8,14.77,15.07,14.6,6718656.0,99855328.0,15:35:45,2026-09-02
sz002807,江阴银行,4.16,-0.05,-1.188,4.15,4.16,4.21,4.2,4.21,4.13,50014899.0,208383427.0,15:35:00,2026-09-02
sz002809,红墙股份,8.9,-0.1,-1.111,8.9,8.91,9.0,9.0,9.05,8.82,6324291.0,56275315.0,15:35:15,2026-09-02
sz002810,山东赫达,21.04,-0.68,-3.131,21.04,21.05,21.72,21.42,21.7,20.91,4264304.0,90131650.0,15:35:30,2026-09-02
sz002811,郑中设计,14.54,0.73,5.286,14.54,14.55,13.81,13.73,14.73,13.69,18718881.0,268967069.0,15:35:45,2026-09-02
sz002812,恩捷股份,50.17,-2.02,-3.87,50.16,50.17,52.19,51.6,51.71,49.6,19135277.0,962707548.0,15:35:00,2026-09-02
sz002813,路畅科技,21.8,0.0,0.0,21.8,21.83,21.8,21.8,21.92,21.37,1699200.0,36818736.0,15:35:15,2026-09-02
sz002815,崇达技术,14.48,-0.02,-0.138,14.48,14.49,14.5,14.34,14.62,14.23,27779318.0,401117481.0,15:35:30,2026-09-02
sz002816,*ST和科,23.77,-0.66,-2.702,23.76,23.77,24.43,24.23,24.3,23.69,2136000.0,51034844.0,15:35:45,2026-09-02
sz002817,黄山胶囊,6.83,-0.05,-0.727,6.83,6.86,6.88,6.87,6.91,6.75,4077120.0,27836259.0,15:35:00,2026-09-02
sz002818,富森美,10.79,-0.07,-0.645,10.79,10.8,10.86,10.82,10.87,10.71,3394900.0,36635087.0,15:35:15,2026-09-02
sz002819,东方中科,21.57,-0.05,-0.231,21.56,21.57,21.62,21.37,21.84,21.37,2564350.0,55529508.0,15:35:30,2026-09-02
sz002820,桂发祥,10.12,-0.27,-2.599,10.11,10.12,10.39,10.3,10.34,10.03,13768109.0,139438184.0,15:35:45,2026-09-02
sz002821,凯莱英,164.6,3.72,2.312,164.6,164.62,160.88,161.0,166.66,157.87,11373852.0,1859240771.0,15:35:00,2026-09-02
sz002822,ST中装,3.1,-0.01,-0.322,3.08,3.1,3.11,3.08,3.12,3.07,4094790.0,12659569.0,15:35:15,2026-09-02
sz002823,凯中精密,13.22,0.06,0.456,13.2,13.22,13.16,13.06,13.25,12.91,3651855.0,47920582.0,15:35:30,2026-09-02
sz002824,和胜股份,25.67,0.66,2.639,25.66,25.67,25.01,24.87,26.0,24.51,18261992.0,461725138.0,15:35:45,2026-09-02
sz002825,纳尔股份,9.9,0.62,6.681,9.9,9.91,9.28,9.3,10.15,9.16,19184777.0,187391833.0,15:35:00,2026-09-02
sz002826,易明医药,17.96,0.45,2.57,17.95,17.96,17.51,17.34,18.36,17.33,7434562.0,131992087.0,15:35:15,2026-09-02
sz002827,高争民爆,60.15,-1.62,-2.623,60.15,60.16,61.77,61.04,61.27,58.88,11737763.0,703798355.0,15:35:30,2026-09-02
sz002828,贝肯能源,12.24,-0.27,-2.158,12.24,12.25,12.51,12.57,12.95,11.96,30509040.0,376280652.0,15:35:45,2026-09-02
sz002829,星网宇达,21.57,0.0,0.0,21.57,21.58,21.57,21.35,21.75,21.25,9018360.0,194628075.0,15:35:00,2026-09-02
sz002830,名雕股份,15.04,0.18,1.211,15.04,15.05,14.86,14.79,15.73,14.71,10410920.0,159035408.0,15:35:15,2026-09-02
sz002831,裕同科技,26.58,0.27,1.026,26.58,26.6,26.31,26.05,26.94,25.58,7490655.0,196980123.0,15:35:30,2026-09-02
sz002832,比音勒芬,25.3,0.19,0.757,25.29,25.3,25.11,25.15,25.37,24.55,7650883.0,191977743.0,15:35:45,2026-09-02
sz002833,弘亚数控,18.53,-0.5,-2.627,18.53,18.55,19.03,18.91,18.91,18.44,4420489.0,82152289.0,15:35:00,2026-09-02
sz002835,同为股份,13.29,-0.02,-0.15,13.28,13.29,13.31,13.29,13.38,13.11,2139200.0,28320966.0,15:35:15,2026-09-02
sz002836,新宏泽,10.06,0.01,0.1,10.05,10.06,10.05,10.03,10.11,9.8,3305644.0,32988181.0,15:35:30,2026-09-02
sz002837,英维克,66.23,0.33,0.501,66.22,66.23,65.9,64.51,67.79,64.48,61396538.0,4087197933.0,15:35:45,2026-09-02
sz002838,道恩股份,25.09,-0.17,-0.673,25.09,25.1,25.26,25.0,25.4,24.65,5028632.0,125457145.0,15:35:00,2026-09-02
sz002839,张家港行,4.37,-0.04,-0.907,4.36,4.37,4.41,4.4,4.42,4.35,31299750.0,137300666.0,15:35:15,2026-09-02
sz002840,华统股份,8.77,0.0,0.0,8.76,8.77,8.77,8.89,9.29,8.73,32236606.0,289698372.0,15:35:30,2026-09-02
sz002841,视源股份,49.65,1.63,3.394,49.64,49.65,48.02,47.82,50.48,47.45,12935766.0,640344606.0,15:35:45,2026-09-02
sz002842,翔鹭钨业,34.45,-2.0,-5.487,34.45,34.46,36.45,35.04,35.14,34.08,27160154.0,938275486.0,15:35:00,2026-09-02
sz002843,泰嘉股份,16.91,0.43,2.609,16.91,16.92,16.48,16.34,17.0,16.24,10541257.0,176766086.0,15:35:15,2026-09-02
sz002845,同兴达,13.76,-0.07,-0.506,13.75,13.76,13.83,13.75,13.85,13.68,6525300.0,89920852.0,15:35:30,2026-09-02
sz002846,英联股份,10.96,-0.1,-0.904,10.95,10.96,11.06,11.05,11.05,10.79,3786300.0,41238093.0,15:35:45,2026-09-02
sz002847,盐津铺子,44.7,-0.36,-0.799,44.7,44.73,45.06,44.6,45.05,44.4,2008285.0,89693468.0,15:35:00,2026-09-02
sz002848,高斯贝尔,13.99,0.0,0.0,13.98,13.99,13.99,13.85,14.09,13.84,3119600.0,43500434.0,15:35:15,2026-09-02
sz002849,威星智能,17.73,-0.59,-3.221,17.72,17.73,18.32,18.01,18.31,17.72,9931330.0,177875547.0,15:35:30,2026-09-02
sz002850,科达利,167.4,-3.83,-2.237,167.4,167.42,171.23,169.68,170.37,166.1,2519284.0,422353442.0,15:35:45,2026-09-02
sz002851,麦格米特,118.55,-5.71,-4.595,118.55,118.56,124.26,121.88,125.0,118.27,25786057.0,3101869049.0,15:35:00,2026-09-02
sz002852,道道全,8.47,-0.34,-3.859,8.47,8.48,8.81,8.95,8.96,8.45,17478204.0,150235626.0,15:35:15,2026-09-02
sz002853,皮阿诺,21.96,-0.8,-3.515,21.95,21.96,22.76,22.71,22.71,21.8,1764900.0,39147992.0,15:35:30,2026-09-02
sz002855,捷荣技术,19.01,1.3,7.34,19.0,19.01,17.71,17.01,19.48,16.71,53358051.0,967309031.0,15:35:45,2026-09-02
sz002856,*ST美芝,18.18,-1.11,-5.754,18.15,18.18,19.29,19.07,19.82,17.8,7432312.0,139470588.0,15:35:00,2026-09-02
sz002857,三晖电气,19.38,-0.24,-1.223,19.38,19.41,19.62,19.56,19.79,19.29,1437900.0,27969502.0,15:35:15,2026-09-02
sz002858,力盛体育,12.31,-0.08,-0.646,12.31,12.32,12.39,12.28,12.46,12.12,4658306.0,57156145.0,15:35:30,2026-09-02
sz002859,洁美科技,63.99,0.77,1.218,63.99,64.0,63.22,62.47,64.55,61.58,11953859.0,758384242.0,15:35:45,2026-09-02
sz002860,星帅尔,18.17,0.54,3.063,18.16,18.17,17.63,17.75,18.37,17.34,15347082.0,276905188.0,15:35:00,2026-09-02
sz002861,瀛通通讯,16.34,0.01,0.061,16.34,16.35,16.33,16.19,16.5,16.16,3984710.0,65040196.0,15:35:15,2026-09-02
sz002862,实丰文化,14.75,-0.56,-3.658,14.74,14.75,15.31,15.0,15.88,14.56,10223234.0,151500763.0,15:35:30,2026-09-02
sz002863,今飞凯达,4.91,0.03,0.615,4.9,4.91,4.88,4.84,4.95,4.81,12534486.0,61034533.0,15:35:45,2026-09-02
sz002864,盘龙药业,21.94,-0.51,-2.272,21.93,21.94,22.45,22.45,22.45,21.8,2396560.0,52615488.0,15:35:00,2026-09-02
sz002865,钧达股份,38.59,-0.65,-1.656,38.59,38.6,39.24,38.93,39.14,38.48,5235740.0,202626644.0,15:35:15,2026-09-02
sz002866,传艺科技,14.82,-0.23,-1.528,14.81,14.82,15.05,14.9,14.98,14.69,4051600.0,60014324.0,15:35:30,2026-09-02
sz002867,周大生,10.74,-0.06,-0.556,10.73,10.74,10.8,10.73,10.8,10.63,10463384.0,111867592.0,15:35:45,2026-09-02
sz002868,绿康生化,22.34,-0.93,-3.997,22.33,22.34,23.27,23.27,23.48,22.08,3826585.0,86053576.0,15:35:00,2026-09-02
sz002869,金溢科技,16.72,-0.24,-1.415,16.71,16.72,16.96,16.88,16.88,16.51,2162708.0,36112531.0,15:35:15,2026-09-02
sz002870,香山股份,0.0,0.0,0.0,0.0,0.0,53.0,0.0,0.0,0.0,0.0,0.0,15:35:30,2026-09-02
sz002871,伟隆股份,19.82,0.93,4.923,19.76,19.82,18.89,18.65,20.06,18.36,8647160.0,169024646.0,15:35:45,2026-09-02
sz002872,ST天圣,6.03,0.08,1.345,6.02,6.03,5.95,5.97,6.12,5.91,5076050.0,30471538.0,15:35:00,2026-09-02
sz002873,新天药业,8.62,-0.11,-1.26,8.62,8.63,8.73,8.65,8.72,8.48,5673200.0,48715567.0,15:35:15,2026-09-02
sz002875,安奈儿,14.08,-0.07,-0.495,14.07,14.08,14.15,14.12,14.34,13.88,9027500.0,127019842.0,15:35:30,2026-09-02
sz002876,三利谱,29.95,-0.33,-1.09,29.94,29.95,30.28,29.9,30.26,29.52,3209800.0,95752117.0,15:35:45,2026-09-02
sz002877,智能自控,7.6,0.07,0.93,7.59,7.6,7.53,7.54,7.62,7.43,4120900.0,31065592.0,15:35:00,2026-09-02
sz002878,元隆雅图,13.18,0.09,0.688,13.17,13.18,13.09,12.88,13.26,12.8,7845879.0,102361683.0,15:35:15,2026-09-02
sz002879,长缆科技,16.83,0.21,1.264,16.83,16.84,16.62,16.35,16.94,16.31,8985859.0,150323447.0,15:35:30,2026-09-02
sz002880,卫光生物,21.74,-0.71,-3.163,21.74,21.75,22.45,22.4,22.4,21.48,3673539.0,79811589.0,15:35:45,2026-09-02
sz002881,美格智能,43.98,-0.77,-1.721,43.98,43.99,44.75,43.88,44.61,43.45,8623588.0,379311708.0,15:35:00,2026-09-02
sz002882,金龙羽,23.92,0.15,0.631,23.92,23.93,23.77,23.53,24.64,23.1,29469743.0,701770510.0,15:35:15,2026-09-02
sz002883,*ST中设,9.58,0.01,0.104,9.55,9.58,9.57,9.57,9.58,9.5,536340.0,5108145.0,15:35:30,2026-09-02
sz002884,凌霄泵业,15.92,-0.05,-0.313,15.9,15.92,15.97,15.98,15.98,15.8,1735793.0,27554200.0,15:35:45,2026-09-02
sz002885,京泉华,27.23,-0.27,-0.982,27.23,27.24,27.5,27.0,27.54,26.86,9828567.0,267327801.0,15:35:00,2026-09-02
sz002886,沃特股份,30.84,2.8,9.986,30.84,0.0,28.04,28.05,30.84,28.04,39263963.0,1157777808.0,15:35:15,2026-09-02
sz002887,绿茵生态,9.73,-0.03,-0.307,9.73,9.75,9.76,9.73,10.19,9.53,7304875.0,71858077.0,15:35:30,2026-09-02
sz002888,惠威科技,21.3,0.33,1.574,21.3,21.31,20.97,20.84,21.68,20.38,5201020.0,110372158.0,15:35:45,2026-09-02
sz002889,东方嘉盛,12.36,-0.09,-0.723,12.35,12.36,12.45,12.33,12.42,12.26,2672070.0,32945168.0,15:35:00,2026-09-02
sz002890,弘宇股份,16.26,0.96,6.275,16.25,16.26,15.3,15.17,16.4,15.17,7004183.0,111674648.0,15:35:15,2026-09-02
sz002891,中宠股份,28.38,-0.02,-0.07,28.38,28.39,28.4,28.29,28.59,28.06,5730606.0,162544723.0,15:35:30,2026-09-02
sz002892,科力尔,9.16,-0.02,-0.218,9.15,9.16,9.18,9.12,9.2,9.02,4145819.0,37793071.0,15:35:45,2026-09-02
sz002893,京能热力,11.17,1.02,10.049,11.17,0.0,10.15,10.26,11.17,10.26,44794542.0,491117767.0,15:35:00,2026-09-02
sz002895,川恒股份,33.52,-0.47,-1.383,33.5,33.53,33.99,34.03,34.06,32.78,5191700.0,173003460.0,15:35:15,2026-09-02
sz002896,中大力德,63.14,-1.14,-1.773,63.14,63.15,64.28,63.5,63.88,62.9,4946238.0,312664646.0,15:35:30,2026-09-02
sz002897,意华股份,57.46,-0.85,-1.458,57.46,57.47,58.31,57.84,58.08,56.38,6057804.0,346271888.0,15:35:45,2026-09-02
sz002899,英派斯,19.15,-0.66,-3.332,19.15,19.16,19.81,19.61,19.61,18.66,4998442.0,95416192.0,15:35:00,2026-09-02
sz002900,哈三联,12.73,-0.3,-2.302,12.73,12.74,13.03,12.94,13.13,12.57,11830800.0,150762733.0,15:35:15,2026-09-02
sz002901,大博医疗,40.81,-0.62,-1.497,40.81,40.82,41.43,41.34,41.34,40.81,1398248.0,57278721.0,15:35:30,2026-09-02
sz002902,铭普光磁,26.04,-0.62,-2.326,26.04,26.05,26.66,26.14,26.58,25.97,10731500.0,281014345.0,15:35:45,2026-09-02
sz002903,宇环数控,29.03,-1.17,-3.874,29.03,29.04,30.2,29.89,29.96,29.01,12202269.0,357541327.0,15:35:00,2026-09-02
sz002905,金逸影视,8.28,-0.09,-1.075,8.28,8.29,8.37,8.25,8.48,8.2,9104340.0,75494997.0,15:35:15,2026-09-02
sz002906,华阳集团,28.7,1.4,5.128,28.69,28.7,27.3,27.18,29.01,26.76,17310832.0,484504513.0,15:35:30,2026-09-02
sz002907,华森制药,14.57,-0.5,-3.318,14.57,14.58,15.07,14.91,15.09,14.43,12942399.0,189517005.0,15:35:45,2026-09-02
sz002908,德生科技,7.46,0.07,0.947,7.45,7.46,7.39,7.35,7.49,7.29,6137870.0,45468597.0,15:35:00,2026-09-02
sz002909,集泰股份,7.28,0.66,9.97,7.28,0.0,6.62,7.28,7.28,7.28,26407809.0,192248850.0,15:35:15,2026-09-02
sz002910,庄园牧场,10.33,-0.27,-2.547,10.32,10.33,10.6,10.53,10.59,10.19,8254695.0,84982551.0,15:35:30,2026-09-02
sz002911,佛燃能源,11.46,0.0,0.0,11.45,11.46,11.46,11.48,11.6,11.32,6095230.0,69910197.0,15:35:45,2026-09-02
sz002912,中新赛克,20.19,0.06,0.298,20.19,20.2,20.13,19.95,20.33,19.71,2728660.0,54579308.0,15:35:00,2026-09-02
sz002913,奥士康,61.56,-0.42,-0.678,61.56,61.58,61.98,62.05,62.6,60.55,3957800.0,243126074.0,15:35:15,2026-09-02
sz002915,中欣氟材,18.53,-0.4,-2.113,18.53,18.54,18.93,18.88,18.88,18.48,10959289.0,204471516.0,15:35:30,2026-09-02
sz002916,深南电路,348.39,-5.95,-1.679,348.39,348.4,354.34,348.0,353.81,345.01,3928277.0,1371852311.0,15:35:45,2026-09-02
sz002917,金奥博,10.64,0.01,0.094,10.64,10.65,10.63,10.61,10.68,10.46,3126448.0,33077466.0,15:35:00,2026-09-02
sz002918,蒙娜丽莎,11.22,-0.49,-4.184,11.22,11.23,11.71,11.48,11.75,11.06,28420263.0,319854517.0,15:35:15,2026-09-02
sz002919,名臣健康,17.4,0.04,0.23,17.4,17.42,17.36,17.35,17.48,16.96,2850447.0,49183415.0,15:35:30,2026-09-02
sz002920,德赛西威,90.53,-1.82,-1.971,90.53,90.54,92.35,91.03,91.42,88.7,8292813.0,746631660.0,15:35:45,2026-09-02
sz002921,联诚精密,22.35,-0.47,-2.06,22.35,22.36,22.82,22.78,22.83,22.11,5679631.0,127439224.0,15:35:00,2026-09-02
sz002922,伊戈尔,23.66,-0.38,-1.581,23.65,23.66,24.04,23.6,23.94,23.4,9562854.0,226206609.0,15:35:15,2026-09-02
sz002923,润都股份,11.05,-0.14,-1.251,11.05,11.06,11.19,11.1,11.22,11.01,4613942.0,51137806.0,15:35:30,2026-09-02
sz002925,盈趣科技,23.75,0.64,2.769,23.74,23.75,23.11,22.88,23.8,21.9,19669416.0,449412020.0,15:35:45,2026-09-02
sz002926,华西证券,8.6,-0.13,-1.489,8.59,8.6,8.73,8.68,8.7,8.54,17226145.0,148023624.0,15:35:00,2026-09-02
sz002927,泰永长征,16.83,0.06,0.358,16.83,16.85,16.77,17.11,17.33,16.66,7443454.0,126074202.0,15:35:15,2026-09-02
sz002928,华夏航空,6.18,-0.11,-1.749,6.18,6.19,6.29,6.21,6.23,6.14,16603287.0,102577605.0,15:35:30,2026-09-02
sz002929,润建股份,51.79,-0.39,-0.747,51.78,51.79,52.18,51.24,52.39,50.63,6319688.0,325250925.0,15:35:45,2026-09-02
sz002930,宏川智慧,9.69,0.15,1.572,9.68,9.69,9.54,9.54,9.9,9.47,13757831.0,133819197.0,15:35:00,2026-09-02
sz002931,锋龙股份,44.6,-0.67,-1.48,44.6,44.61,45.27,44.6,45.18,44.1,3933140.0,175481046.0,15:35:15,2026-09-02
sz002932,*ST明德,15.53,0.15,0.975,15.53,15.54,15.38,15.37,15.61,15.31,975862.0,15103911.0,15:35:30,2026-09-02
sz002933,新兴装备,27.67,0.35,1.281,27.67,27.68,27.32,27.28,27.87,27.05,2588500.0,71604809.0,15:35:45,2026-09-02
sz002935,天奥电子,15.95,0.07,0.441,15.93,15.95,15.88,15.74,16.09,15.69,4459200.0,71016819.0,15:35:00,2026-09-02
sz002936,郑州银行,1.79,-0.02,-1.105,1.79,1.8,1.81,1.8,1.82,1.78,88322989.0,158465857.0,15:35:15,2026-09-02
sz002937,兴瑞科技,30.12,-0.39,-1.278,30.11,30.12,30.51,29.97,30.93,29.61,5715828.0,172998642.0,15:35:30,2026-09-02
sz002938,鹏鼎控股,85.8,-2.42,-2.743,85.8,85.81,88.22,87.19,87.67,85.71,12451992.0,1076800397.0,15:35:45,2026-09-02
sz002939,长城证券,8.06,-0.14,-1.707,8.05,8.06,8.2,8.15,8.16,8.03,20877103.0,168425467.0,15:35:00,2026-09-02
sz002940,昂利康,26.03,1.32,5.342,26.02,26.03,24.71,24.72,26.54,24.21,13937766.0,353540962.0,15:35:15,2026-09-02
sz002941,新疆交建,11.03,-0.22,-1.956,11.02,11.03,11.25,11.17,11.2,10.97,9693538.0,107052203.0,15:35:30,2026-09-02
sz002942,新农股份,19.88,-2.21,-10.005,0.0,19.88,22.09,21.1,21.5,19.88,15869030.0,320611988.0,15:35:45,2026-09-02
sz002943,宇晶股份,33.05,-0.33,-0.989,33.05,33.06,33.38,33.0,34.55,32.56,13010969.0,434890853.0,15:35:00,2026-09-02
sz002945,华林证券,15.2,-0.84,-5.237,15.19,15.2,16.04,15.37,15.8,15.16,44660215.0,685579769.0,15:35:15,2026-09-02
sz002946,新乳业,15.07,-0.14,-0.92,15.05,15.07,15.21,15.17,15.24,14.99,6662500.0,100596367.0,15:35:30,2026-09-02
sz002947,恒铭达,67.75,3.48,5.415,67.74,67.75,64.27,64.5,69.06,64.27,15138148.0,1018796824.0,15:35:45,2026-09-02
sz002948,青岛银行,6.3,0.0,0.0,6.29,6.3,6.3,6.3,6.37,6.24,39690600.0,250230699.0,15:35:00,2026-09-02
sz002949,华阳国际,13.11,-0.15,-1.131,13.1,13.11,13.26,13.13,13.27,12.9,13125550.0,171245467.0,15:35:15,2026-09-02
sz002950,奥美医疗,9.02,-0.21,-2.275,9.02,9.03,9.23,9.22,9.22,9.02,4529400.0,41084020.0,15:35:30,2026-09-02
sz002951,金时科技,15.88,-0.29,-1.793,15.88,15.89,16.17,15.99,16.05,15.7,3569900.0,56661948.0,15:35:45,2026-09-02
sz002952,亚世光电,21.45,0.11,0.515,21.45,21.46,21.34,21.23,21.94,21.11,12961612.0,278783158.0,15:35:00,2026-09-02
sz002953,日丰股份,11.07,0.11,1.004,11.07,11.08,10.96,10.82,11.43,10.73,23517141.0,259318961.0,15:35:15,2026-09-02
sz002955,鸿合科技,40.01,0.89,2.275,40.01,40.02,39.12,39.67,40.65,38.25,10568360.0,421710225.0,15:35:30,2026-09-02
sz002956,西麦食品,16.64,-0.33,-1.945,16.64,16.67,16.97,16.82,16.91,16.61,3321140.0,55460299.0,15:35:45,2026-09-02
sz002957,科瑞技术,38.92,-0.45,-1.143,38.91,38.93,39.37,38.2,39.25,38.2,9784277.0,379182556.0,15:35:00,2026-09-02
sz002958,青农商行,2.99,-0.04,-1.32,2.98,2.99,3.03,3.02,3.04,2.97,80740620.0,241450736.0,15:35:15,2026-09-02
sz002959,小熊电器,32.7,-0.4,-1.208,32.63,32.7,33.1,32.91,32.96,32.4,533100.0,17373189.0,15:35:30,2026-09-02
sz002960,青鸟智控,8.61,-0.04,-0.462,8.6,8.61,8.65,8.63,8.63,8.51,5131383.0,44066951.0,15:35:45,2026-09-02
sz002961,瑞达期货,20.02,-0.48,-2.341,20.01,20.02,20.5,20.2,20.49,19.89,6713200.0,134754959.0,15:35:00,2026-09-02
sz002962,五方光电,13.05,-0.08,-0.609,13.05,13.06,13.13,12.95,13.13,12.88,4577032.0,59512939.0,15:35:15,2026-09-02
sz002963,豪尔赛,20.06,0.36,1.827,20.06,20.08,19.7,19.78,21.67,19.34,19907000.0,410449081.0,15:35:30,2026-09-02
sz002965,祥鑫科技,31.23,0.25,0.807,31.22,31.23,30.98,30.68,31.48,30.18,8533218.0,264781190.0,15:35:45,2026-09-02
sz002966,苏州银行,9.04,-0.02,-0.221,9.02,9.04,9.06,9.09,9.19,8.99,37005477.0,335172839.0,15:35:00,2026-09-02
sz002967,广电计量,17.33,-0.29,-1.646,17.33,17.34,17.62,17.55,17.6,17.24,2673050.0,46347663.0,15:35:15,2026-09-02
sz002968,新大正,9.79,0.03,0.307,9.79,9.8,9.76,9.76,9.86,9.56,4462900.0,43309775.0,15:35:30,2026-09-02
sz002969,嘉美包装,12.19,-0.26,-2.088,12.19,12.2,12.45,12.27,12.32,11.98,18235600.0,221432004.0,15:35:45,2026-09-02
sz002970,锐明技术,46.95,-1.21,-2.512,46.95,46.96,48.16,47.32,47.88,46.71,2964485.0,139956111.0,15:35:00,2026-09-02
sz002971,和远气体,43.52,-0.19,-0.435,43.52,43.53,43.71,43.09,45.6,42.77,23418850.0,1035316766.0,15:35:15,2026-09-02
sz002972,科安达,12.62,-0.02,-0.158,12.61,12.62,12.64,12.45,12.79,12.31,3960140.0,49832574.0,15:35:30,2026-09-02
sz002973,侨银股份,12.78,0.21,1.671,12.78,12.79,12.57,12.59,13.01,12.46,8433829.0,108182491.0,15:35:45,2026-09-02
sz002975,博杰股份,97.43,-4.17,-4.104,97.43,97.44,101.6,98.0,100.0,95.5,14062531.0,1370944671.0,15:35:00,2026-09-02
sz002976,瑞玛精密,24.82,0.14,0.567,24.8,24.82,24.68,24.33,25.09,24.11,3906080.0,96271910.0,15:35:15,2026-09-02
sz002977,*ST天箭,21.68,0.39,1.832,21.68,21.69,21.29,21.16,21.8,21.0,1281202.0,27497283.0,15:35:30,2026-09-02
sz002978,安宁股份,26.3,-0.47,-1.756,26.28,26.3,26.77,26.62,26.63,26.01,2321359.0,60932690.0,15:35:45,2026-09-02
sz002979,雷赛智能,54.28,-1.12,-2.022,54.26,54.28,55.4,54.0,54.99,53.9,5742950.0,312558019.0,15:35:00,2026-09-02
sz002980,华盛昌,96.96,-3.01,-3.011,96.95,96.96,99.97,98.39,99.15,96.23,5354360.0,521442410.0,15:35:15,2026-09-02
sz002981,朝阳科技,24.1,0.11,0.459,24.09,24.1,23.99,24.0,24.22,23.7,1917920.0,46119017.0,15:35:30,2026-09-02
sz002982,湘佳股份,12.82,-0.17,-1.309,12.82,12.83,12.99,12.98,12.99,12.75,3071292.0,39462942.0,15:35:45,2026-09-02
sz002983,芯瑞达,21.43,-0.37,-1.697,21.43,21.45,21.8,21.73,21.86,21.28,1917205.0,41289943.0,15:35:00,2026-09-02
sz002984,森麒麟,13.68,-0.34,-2.425,13.67,13.68,14.02,13.95,13.98,13.6,11003923.0,151032587.0,15:35:15,2026-09-02
sz002985,北摩高科,27.16,0.01,0.037,27.15,27.16,27.15,27.13,27.41,27.06,4514654.0,122853915.0,15:35:30,2026-09-02
sz002986,宇新股份,14.19,-0.06,-0.421,14.19,14.23,14.25,14.27,14.47,13.86,5905324.0,83319815.0,15:35:45,2026-09-02
sz002987,京北方,12.09,-0.15,-1.225,12.08,12.09,12.24,12.13,12.23,11.92,15640311.0,188800397.0,15:35:00,2026-09-02
sz002988,豪美新材,23.37,-0.58,-2.422,23.37,23.38,23.95,23.7,23.77,23.0,4469700.0,104013085.0,15:35:15,2026-09-02
sz002989,中天精装,23.2,-0.32,-1.361,23.2,23.21,23.52,23.13,23.6,22.8,4434008.0,102598158.0,15:35:30,2026-09-02
sz002990,盛视科技,47.38,-0.03,-0.063,47.35,47.38,47.41,46.55,47.99,46.35,5111500.0,241614721.0,15:35:45,2026-09-02
sz002991,甘源食品,38.93,0.16,0.413,38.92,38.93,38.77,38.86,39.18,38.65,1238500.0,48167025.0,15:35:00,2026-09-02
sz002992,宝明科技,33.21,-0.67,-1.978,33.2,33.21,33.88,33.7,33.7,33.18,1135110.0,37879596.0,15:35:15,2026-09-02
sz002993,奥海科技,37.5,-0.65,-1.704,37.5,37.51,38.15,38.05,38.05,37.0,4538112.0,169752670.0,15:35:30,2026-09-02
sz002995,天地在线,18.37,-0.39,-2.079,18.37,18.38,18.76,18.51,19.08,18.3,11268400.0,208766993.0,15:35:45,2026-09-02
sz002996,顺博合金,6.28,-0.09,-1.413,6.27,6.28,6.37,6.33,6.34,6.19,9762560.0,60922910.0,15:35:00,2026-09-02
sz002997,瑞鹄模具,28.81,0.13,0.453,28.81,28.82,28.68,28.66,28.91,28.36,2828874.0,80960486.0,15:35:15,2026-09-02
sz002998,优彩资源,8.58,0.01,0.117,8.57,8.58,8.57,8.54,8.64,8.33,11146800.0,94914533.0,15:35:30,2026-09-02
sz002999,天禾股份,7.33,0.67,10.06,7.33,0.0,6.66,6.64,7.33,6.53,53231309.0,387163821.0,15:35:45,2026-09-02
sz003000,劲仔食品,9.74,-0.08,-0.815,9.74,9.75,9.82,9.81,9.85,9.7,4420900.0,43121321.0,15:35:00,2026-09-02
sz003001,中岩大地,16.39,0.01,0.061,16.38,16.39,16.38,16.16,16.53,16.06,4032089.0,65849524.0,15:35:15,2026-09-02
sz003002,壶化股份,16.8,-0.01,-0.059,16.79,16.8,16.81,16.66,16.96,16.32,2617900.0,43638586.0,15:35:30,2026-09-02
sz003003,天元股份,11.45,0.02,0.175,11.45,11.46,11.43,11.37,11.5,11.26,2885492.0,32852296.0,15:35:45,2026-09-02
sz003004,声迅股份,72.73,0.49,0.678,72.69,72.73,72.24,72.24,73.4,70.09,952276.0,68710653.0,15:35:00,2026-09-02
sz003005,竞业达,20.0,1.82,10.011,20.0,0.0,18.18,20.0,20.0,20.0,4392131.0,87842620.0,15:35:15,2026-09-02
sz003006,百亚股份,14.39,0.23,1.624,14.38,14.39,14.16,14.13,14.44,14.05,7160204.0,102220762.0,15:35:30,2026-09-02
sz003007,直真科技,39.7,-0.28,-0.7,39.7,39.71,39.98,39.74,39.87,38.95,1325300.0,52279484.0,15:35:45,2026-09-02
sz003008,开普检测,20.34,0.08,0.395,20.33,20.34,20.26,20.24,20.37,20.01,1246590.0,25169801.0,15:35:00,2026-09-02
sz003009,中天火箭,47.81,0.65,1.378,47.81,47.82,47.16,46.8,49.5,46.72,6134655.0,295439084.0,15:35:15,2026-09-02
sz003010,若羽臣,32.21,1.27,4.105,32.2,32.21,30.94,30.8,32.3,30.3,13169542.0,416761237.0,15:35:30,2026-09-02
sz003011,海象新材,20.78,-0.14,-0.669,20.75,20.78,20.92,20.7,20.89,20.43,1693492.0,35019498.0,15:35:45,2026-09-02
sz003012,东鹏控股,4.73,-0.11,-2.273,4.72,4.73,4.84,4.81,4.84,4.69,9760000.0,46159239.0,15:35:00,2026-09-02
sz003013,地铁设计,16.7,0.78,4.899,16.69,16.7,15.92,15.92,16.98,15.82,12021722.0,198057210.0,15:35:15,2026-09-02
sz003015,日久光电,12.27,-0.13,-1.048,12.26,12.27,12.4,12.26,12.37,12.2,2886000.0,35474297.0,15:35:30,2026-09-02
sz003016,欣贺股份,7.22,-0.04,-0.551,7.22,7.23,7.26,7.21,7.26,7.12,3530200.0,25417044.0,15:35:45,2026-09-02
sz003017,大洋生物,23.25,-0.09,-0.386,23.25,23.28,23.34,23.2,23.38,23.0,1938820.0,44921815.0,15:35:00,2026-09-02
sz003018,金富科技,51.3,0.69,1.363,51.3,51.31,50.61,50.39,52.52,49.6,27189053.0,1398128989.0,15:35:15,2026-09-02
sz003019,宸展光电,27.91,0.51,1.861,27.91,27.93,27.4,27.33,28.09,27.03,4023575.0,111312682.0,15:35:30,2026-09-02
sz003020,立方制药,18.1,-0.2,-1.093,18.1,18.11,18.3,18.19,18.3,17.94,3212051.0,58158081.0,15:35:45,2026-09-02
sz003021,兆威机电,72.07,-1.56,-2.119,72.06,72.08,73.63,73.0,73.8,72.02,2658400.0,192851195.0,15:35:00,2026-09-02
sz003022,联泓新科,19.41,-0.53,-2.658,19.41,19.43,19.94,19.8,19.85,19.39,8049950.0,157042595.0,15:35:15,2026-09-02
sz003023,彩虹集团,26.98,0.18,0.672,26.98,27.01,26.8,26.81,27.57,26.1,3350800.0,89718401.0,15:35:30,2026-09-02
sz003025,思进智能,12.41,0.05,0.405,12.4,12.41,12.36,12.3,12.45,12.21,2849100.0,35132276.0,15:35:45,2026-09-02
sz003026,中晶科技,28.32,-0.46,-1.598,28.32,28.33,28.78,28.3,28.56,27.92,4407546.0,124458169.0,15:35:00,2026-09-02
sz003027,同兴科技,17.25,-0.09,-0.519,17.25,17.27,17.34,17.3,17.4,17.05,1388250.0,23885299.0,15:35:15,2026-09-02
sz003028,振邦智能,23.72,0.56,2.418,23.71,23.72,23.16,23.37,24.05,22.68,1911250.0,44948068.0,15:35:30,2026-09-02
sz003029,吉大正元,17.38,0.02,0.115,17.37,17.39,17.36,17.33,17.48,17.1,2679261.0,46391019.0,15:35:45,2026-09-02
sz003030,祖名股份,24.2,0.32,1.34,24.19,24.2,23.88,23.88,24.45,23.55,3741800.0,90217230.0,15:35:00,2026-09-02
sz003031,中瓷电子,118.92,-3.26,-2.668,118.92,118.93,122.18,119.5,121.3,117.5,7672789.0,914723008.0,15:35:15,2026-09-02
sz003032,传智教育,12.0,0.22,1.868,12.0,12.01,11.78,11.33,12.0,11.08,70658990.0,825337291.0,15:35:30,2026-09-02
sz003033,征和工业,67.41,-0.82,-1.202,67.41,67.42,68.23,67.9,68.73,66.0,824141.0,55455497.0,15:35:45,2026-09-02
sz003035,南网能源,5.78,0.01,0.173,5.77,5.78,5.77,5.73,5.8,5.67,36709304.0,211216803.0,15:35:00,2026-09-02
sz003036,泰坦股份,56.5,0.91,1.637,56.5,56.51,55.59,53.97,56.99,53.97,10812171.0,600396379.0,15:35:15,2026-09-02
sz003037,三和管桩,5.91,0.05,0.853,5.91,5.92,5.86,5.81,6.03,5.76,8157240.0,48201857.0,15:35:30,2026-09-02
sz003038,鑫铂股份,11.07,-0.06,-0.539,11.07,11.09,11.13,11.09,11.14,10.9,2570340.0,28337312.0,15:35:45,2026-09-02
sz003039,顺控发展,13.77,1.25,9.984,13.77,0.0,12.52,12.46,13.77,12.18,19854510.0,258174121.0,15:35:00,2026-09-02
sz003040,楚天龙,21.12,1.54,7.865,21.11,21.12,19.58,19.6,21.54,19.18,147688983.0,3051835571.0,15:35:15,2026-09-02
sz003041,真爱美家,39.04,-0.25,-0.636,39.03,39.05,39.29,38.85,39.47,37.67,1454200.0,56109184.0,15:35:30,2026-09-02
sz003042,中农联合,14.65,-0.32,-2.138,14.64,14.65,14.97,14.98,15.24,14.48,8166087.0,120865209.0,15:35:45,2026-09-02
sz003043,华亚智能,72.6,-6.15,-7.81,72.6,72.7,78.75,77.01,77.66,72.2,6623569.0,490923706.0,15:35:00,2026-09-02
sz003816,中国广核,4.33,0.02,0.464,4.32,4.33,4.31,4.31,4.37,4.27,108459499.0,468478626.0,15:35:15,2026-09-02
sz300001,特锐德,33.75,-0.4,-1.171,33.73,33.75,34.15,34.01,34.08,33.34,10529238.0,354968506.0,15:35:15,2026-09-02
sz300002,神州泰岳,8.13,-0.13,-1.574,8.12,8.13,8.26,8.2,8.28,8.12,26942668.0,220607907.0,15:35:30,2026-09-02
sz300003,乐普医疗,11.82,-0.17,-1.418,11.81,11.82,11.99,11.95,11.97,11.77,12759720.0,150836852.0,15:35:45,2026-09-02
sz300004,南风股份,8.92,0.2,2.294,8.91,8.92,8.72,8.64,9.18,8.58,36850216.0,329271477.0,15:35:00,2026-09-02
sz300005,探路者,10.71,-0.17,-1.563,10.71,10.72,10.88,10.69,10.87,10.58,27073904.0,289862405.0,15:35:15,2026-09-02
sz300006,莱美药业,5.57,-0.13,-2.281,5.57,5.58,5.7,5.75,5.79,5.52,32072367.0,179382843.0,15:35:30,2026-09-02
sz300007,汉威科技,31.12,-0.63,-1.984,31.11,31.12,31.75,31.4,31.6,31.1,5458338.0,170753824.0,15:35:45,2026-09-02
sz300008,天海防务,6.35,-0.01,-0.157,6.34,6.35,6.36,6.3,6.42,6.3,65307050.0,415917695.0,15:35:00,2026-09-02
sz300009,安科生物,8.46,-0.09,-1.053,8.45,8.46,8.55,8.6,8.63,8.42,28330146.0,240751598.0,15:35:15,2026-09-02
sz300010,ST豆神,3.69,0.05,1.374,3.69,3.7,3.64,3.7,3.98,3.61,164498154.0,626573445.0,15:35:30,2026-09-02
sz300011,鼎汉技术,6.2,0.0,0.0,6.2,6.21,6.2,6.16,6.23,6.09,4907200.0,30293332.0,15:35:45,2026-09-02
sz300012,华测检测,14.54,-0.62,-4.09,14.54,14.55,15.16,15.01,15.02,14.51,30345033.0,446280948.0,15:35:00,2026-09-02
sz300013,新宁物流,4.28,0.01,0.234,4.27,4.28,4.27,4.28,4.32,4.24,14343500.0,61314170.0,15:35:15,2026-09-02
sz300014,亿纬锂能,51.05,-1.45,-2.762,51.05,51.06,52.5,52.05,52.05,50.91,26424613.0,1354439868.0,15:35:30,2026-09-02
sz300015,爱尔眼科,8.3,0.01,0.121,8.3,8.31,8.29,8.27,8.4,8.26,54985940.0,458571336.0,15:35:45,2026-09-02
sz300016,北陆药业,8.6,-0.16,-1.826,8.6,8.61,8.76,8.75,8.75,8.53,26998992.0,232299843.0,15:35:00,2026-09-02
sz300017,网宿科技,16.15,-0.24,-1.464,16.14,16.15,16.39,16.11,16.44,15.87,137190926.0,2217910598.0,15:35:15,2026-09-02
sz300018,中元股份,12.03,-0.16,-1.313,12.03,12.04,12.19,12.1,12.43,12.03,10066912.0,122503475.0,15:35:30,2026-09-02
sz300019,硅宝科技,14.43,-0.13,-0.893,14.42,14.43,14.56,14.43,14.57,14.36,2561716.0,37044052.0,15:35:45,2026-09-02
sz300020,ST银江,3.71,-0.01,-0.269,3.71,3.72,3.72,3.7,3.76,3.66,14344500.0,53322046.0,15:35:00,2026-09-02
sz300021,大禹节水,4.08,-0.09,-2.158,4.07,4.08,4.17,4.15,4.18,4.02,31088800.0,126595349.0,15:35:15,2026-09-02
sz300022,吉峰科技,8.26,-0.1,-1.196,8.26,8.27,8.36,8.27,8.38,8.15,11279701.0,92801923.0,15:35:30,2026-09-02
sz300024,机器人,14.27,-0.28,-1.924,14.27,14.28,14.55,14.44,14.49,14.23,17413658.0,248950080.0,15:35:45,2026-09-02
sz300025,华星创业,6.1,0.22,3.741,6.09,6.1,5.88,5.84,6.13,5.77,33654616.0,202912194.0,15:35:00,2026-09-02
sz300026,红日药业,3.34,-0.06,-1.765,3.34,3.35,3.4,3.4,3.42,3.33,41471867.0,138920235.0,15:35:15,2026-09-02
sz300027,ST华谊,1.79,-0.02,-1.105,1.79,1.8,1.81,1.8,1.8,1.78,16514295.0,29560634.0,15:35:30,2026-09-02
sz300030,阳普医疗,6.94,-0.05,-0.715,6.94,6.95,6.99,6.88,6.99,6.84,5353000.0,37041584.0,15:35:45,2026-09-02
sz300031,宝通科技,20.8,-0.47,-2.21,20.8,20.81,21.27,21.03,21.2,20.57,11255284.0,233843007.0,15:35:00,2026-09-02
sz300032,金龙机电,3.98,0.05,1.272,3.97,3.98,3.93,3.9,3.99,3.88,18473417.0,72787794.0,15:35:15,2026-09-02
sz300033,同花顺,217.16,-9.87,-4.347,217.16,217.17,227.03,225.0,225.2,217.08,13973961.0,3069601746.0,15:35:30,2026-09-02
sz300034,钢研高纳,16.3,0.0,0.0,16.3,16.31,16.3,16.18,16.46,16.12,11386300.0,185489263.0,15:35:45,2026-09-02
sz300035,中科电气,12.9,-0.38,-2.861,12.89,12.9,13.28,13.2,13.29,12.86,11277533.0,145797830.0,15:35:00,2026-09-02
sz300036,超图软件,10.72,-0.22,-2.011,10.72,10.73,10.94,10.87,10.95,10.61,8427480.0,90242592.0,15:35:15,2026-09-02
sz300037,新宙邦,62.28,-2.38,-3.681,62.27,62.28,64.66,63.7,64.01,62.06,9121089.0,571523124.0,15:35:30,2026-09-02
sz300039,上海凯宝,5.4,-0.21,-3.743,5.4,5.41,5.61,5.56,5.61,5.4,30172200.0,164129394.0,15:35:45,2026-09-02
sz300040,九洲集团,5.74,-0.06,-1.034,5.73,5.74,5.8,5.77,5.85,5.68,15265500.0,87742134.0,15:35:00,2026-09-02
sz300041,回天新材,11.29,0.37,3.388,11.29,11.3,10.92,10.93,11.44,10.86,36448782.0,409946756.0,15:35:15,2026-09-02
sz300042,朗科科技,38.72,-0.76,-1.925,38.72,38.73,39.48,38.8,39.24,38.52,5649546.0,219384940.0,15:35:30,2026-09-02
sz300043,星辉娱乐,4.61,-0.12,-2.537,4.61,4.62,4.73,4.68,4.77,4.6,32859000.0,152785651.0,15:35:45,2026-09-02
sz300044,*ST赛为,5.44,0.08,1.493,5.44,5.45,5.36,5.3,5.52,5.3,16691592.0,90405279.0,15:35:00,2026-09-02
sz300045,华力创通,12.34,-0.18,-1.438,12.34,12.35,12.52,12.45,12.45,12.26,11145278.0,137718563.0,15:35:15,2026-09-02
sz300046,台基股份,24.45,-0.06,-0.245,24.45,24.46,24.51,24.27,24.66,24.16,3648700.0,89146705.0,15:35:30,2026-09-02
sz300047,天源迪科,9.56,-0.07,-0.727,9.55,9.56,9.63,9.55,9.65,9.37,13877568.0,131986014.0,15:35:45,2026-09-02
sz300048,合康新能,5.16,-0.06,-1.149,5.16,5.17,5.22,5.21,5.22,5.15,6516626.0,33693959.0,15:35:00,2026-09-02
sz300049,福瑞医科,40.99,0.38,0.936,40.98,40.99,40.61,40.5,41.6,39.9,5421942.0,220593470.0,15:35:15,2026-09-02
sz300050,世纪鼎利,6.93,0.1,1.464,6.93,6.94,6.83,6.83,7.02,6.69,38520800.0,264822103.0,15:35:30,2026-09-02
sz300051,琏升科技,8.12,-0.19,-2.286,8.11,8.12,8.31,8.27,8.29,8.11,10010800.0,81777342.0,15:35:45,2026-09-02
sz300052,中青宝,11.19,0.11,0.993,11.18,11.19,11.08,10.9,11.66,10.9,20437343.0,229879098.0,15:35:00,2026-09-02
sz300053,航宇微,12.28,-0.11,-0.888,12.27,12.28,12.39,12.23,12.39,12.2,8693400.0,106882709.0,15:35:15,2026-09-02
sz300054,鼎龙股份,68.73,-0.64,-0.923,68.72,68.73,69.37,67.82,69.66,67.5,14889767.0,1023648083.0,15:35:30,2026-09-02
sz300055,万邦达,6.05,-0.05,-0.82,6.04,6.05,6.1,6.26,6.32,5.94,28475488.0,172507684.0,15:35:45,2026-09-02
sz300056,中创环保,8.62,0.05,0.583,8.61,8.62,8.57,8.55,8.68,8.43,6517200.0,55769195.0,15:35:00,2026-09-02
sz300057,万顺新材,6.65,-0.2,-2.92,6.64,6.65,6.85,6.77,6.77,6.58,26580733.0,176643113.0,15:35:15,2026-09-02
sz300058,蓝色光标,13.55,-0.48,-3.421,13.55,13.56,14.03,13.75,14.01,13.4,278449505.0,3793867020.0,15:35:30,2026-09-02
sz300059,东方财富,18.91,-0.49,-2.526,18.91,18.92,19.4,19.26,19.37,18.9,203053135.0,3865085025.0,15:35:45,2026-09-02
sz300061,旗天科技,6.43,-0.17,-2.576,6.43,6.44,6.6,6.52,6.63,6.37,24919546.0,160954083.0,15:35:00,2026-09-02
sz300062,中能电气,6.42,-0.1,-1.534,6.41,6.42,6.52,6.4,6.49,6.29,28676833.0,182594996.0,15:35:15,2026-09-02
sz300063,天龙集团,9.05,-0.35,-3.723,9.05,9.06,9.4,9.3,9.48,9.03,46660250.0,427130263.0,15:35:30,2026-09-02
sz300065,海兰信,15.65,-0.04,-0.255,15.65,15.66,15.69,15.55,15.79,15.49,22978663.0,359765344.0,15:35:45,2026-09-02
sz300066,三川智慧,4.93,-0.11,-2.183,4.93,4.94,5.04,5.0,5.0,4.91,10641143.0,52577491.0,15:35:00,2026-09-02
sz300067,安诺其,5.65,-0.07,-1.224,5.64,5.65,5.72,5.62,5.74,5.59,50480151.0,285076679.0,15:35:15,2026-09-02
sz300068,ST南都,4.14,-0.06,-1.429,4.14,4.15,4.2,4.15,4.29,4.14,35181200.0,148383128.0,15:35:30,2026-09-02
sz300069,金利华电,25.88,-0.2,-0.767,25.88,25.89,26.08,25.75,26.26,25.59,5523100.0,143363578.0,15:35:45,2026-09-02
sz300070,碧水源,3.46,-0.06,-1.705,3.46,3.47,3.52,3.52,3.52,3.44,30956599.0,107128432.0,15:35:00,2026-09-02
sz300071,福石控股,4.35,-0.16,-3.548,4.35,4.36,4.51,4.45,4.6,4.33,110276485.0,488010838.0,15:35:15,2026-09-02
sz300072,海新能科,3.79,0.07,1.882,3.78,3.79,3.72,3.73,3.83,3.7,44123307.0,166559235.0,15:35:30,2026-09-02
sz300073,当升科技,38.99,-1.11,-2.768,38.99,39.0,40.1,39.7,39.87,38.83,9727628.0,380468321.0,15:35:45,2026-09-02
sz300074,华平股份,3.9,-0.03,-0.763,3.89,3.9,3.93,3.93,3.93,3.82,15650461.0,60533847.0,15:35:00,2026-09-02
sz300075,数字政通,11.12,-0.13,-1.156,11.11,11.12,11.25,11.12,11.25,11.02,9186458.0,101992344.0,15:35:15,2026-09-02
sz300076,*ST宁视,4.58,0.03,0.659,4.57,4.58,4.55,4.53,4.62,4.49,5426200.0,24688904.0,15:35:30,2026-09-02
sz300077,国民技术,20.94,-0.17,-0.805,20.94,20.95,21.11,21.35,21.58,20.68,35659950.0,750068399.0,15:35:45,2026-09-02
sz300078,思创智联,3.17,-0.07,-2.16,3.17,3.18,3.24,3.2,3.23,3.16,18197800.0,57881353.0,15:35:00,2026-09-02
sz300079,数码视讯,5.02,-0.24,-4.563,5.02,5.03,5.26,5.19,5.26,5.01,73957358.0,376347603.0,15:35:15,2026-09-02
sz300080,易成新能,3.75,-0.06,-1.575,3.74,3.75,3.81,3.8,3.8,3.71,12208013.0,45701511.0,15:35:30,2026-09-02
sz300081,ST恒信,3.48,0.0,0.0,3.47,3.48,3.48,3.46,3.52,3.38,9508153.0,32892622.0,15:35:45,2026-09-02
sz300082,奥克股份,8.59,-0.29,-3.266,8.58,8.59,8.88,8.85,8.86,8.57,12466706.0,107961169.0,15:35:00,2026-09-02
sz300083,创世纪,13.39,-0.01,-0.075,13.39,13.4,13.4,13.12,13.63,13.05,57301475.0,767983331.0,15:35:15,2026-09-02
sz300084,海默科技,10.24,-0.07,-0.679,10.24,10.25,10.31,10.53,10.6,10.18,11885181.0,122854571.0,15:35:30,2026-09-02
sz300085,银之杰,32.24,-0.6,-1.827,32.24,32.25,32.84,32.21,32.85,31.42,49848961.0,1604111604.0,15:35:45,2026-09-02
sz300086,康芝药业,6.73,-0.13,-1.895,6.72,6.73,6.86,6.9,6.9,6.66,12721500.0,85613957.0,15:35:00,2026-09-02
sz300087,ST荃银,5.9,-0.42,-6.646,5.9,5.91,6.32,6.23,6.26,5.86,34216311.0,204594577.0,15:35:15,2026-09-02
sz300088,长信科技,6.93,-0.12,-1.702,6.92,6.93,7.05,6.95,6.97,6.85,66812718.0,461317901.0,15:35:30,2026-09-02
sz300091,*ST金灵,2.52,-0.01,-0.395,2.52,2.53,2.53,2.53,2.53,2.49,3777600.0,9479466.0,15:35:45,2026-09-02
sz300092,科新机电,12.05,-0.03,-0.248,12.05,12.06,12.08,11.95,12.15,11.92,3001600.0,36135375.0,15:35:00,2026-09-02
sz300093,金刚光伏,23.72,0.27,1.151,23.71,23.72,23.45,23.3,24.06,22.97,6245400.0,147467010.0,15:35:15,2026-09-02
sz300094,国联水产,3.06,-0.18,-5.556,3.06,3.07,3.24,3.17,3.2,3.05,86686708.0,268499719.0,15:35:30,2026-09-02
sz300095,华伍股份,8.73,0.14,1.63,8.73,8.74,8.59,8.58,8.79,8.49,11956800.0,104238999.0,15:35:45,2026-09-02
sz300096,ST易联众,8.71,-0.1,-1.135,8.69,8.71,8.81,8.71,8.81,8.65,1230309.0,10702441.0,15:35:00,2026-09-02
sz300097,智云股份,10.18,-0.1,-0.973,10.18,10.19,10.28,10.25,10.3,9.9,12866430.0,130018939.0,15:35:15,2026-09-02
sz300098,高新兴,4.6,-0.08,-1.709,4.6,4.61,4.68,4.64,4.67,4.58,28239476.0,130220802.0,15:35:30,2026-09-02
sz300099,尤洛卡,6.15,0.06,0.985,6.14,6.15,6.09,6.07,6.29,6.03,17897183.0,110322022.0,15:35:45,2026-09-02
sz300100,双林股份,21.53,-0.12,-0.554,21.52,21.53,21.65,21.56,21.67,21.21,3917706.0,83919500.0,15:35:00,2026-09-02
sz300101,振芯科技,14.54,-0.05,-0.343,14.53,14.54,14.59,14.5,14.65,14.35,5435454.0,78891712.0,15:35:15,2026-09-02
sz300102,乾照光电,17.91,0.06,0.336,17.91,17.92,17.85,17.61,18.09,17.55,16416221.0,293118716.0,15:35:30,2026-09-02
sz300103,达刚控股,8.93,0.14,1.593,8.92,8.93,8.79,8.8,9.09,8.62,9117800.0,81211886.0,15:35:45,2026-09-02
sz300105,龙源技术,7.82,0.05,0.644,7.81,7.82,7.77,7.78,8.08,7.72,25018903.0,196977560.0,15:35:00,2026-09-02
sz300106,西部牧业,11.22,-0.17,-1.493,11.22,11.23,11.39,11.32,11.6,11.05,15058390.0,168570553.0,15:35:15,2026-09-02
sz300107,建新股份,7.21,-0.08,-1.097,7.21,7.22,7.29,7.2,7.32,7.15,15505434.0,111919232.0,15:35:30,2026-09-02
sz300109,新开源,13.78,0.01,0.073,13.77,13.78,13.77,13.78,13.96,13.49,15010250.0,205921329.0,15:35:45,2026-09-02
sz300110,华仁药业,2.88,-0.07,-2.373,2.88,2.89,2.95,2.93,2.96,2.86,22357527.0,64585814.0,15:35:00,2026-09-02
sz300111,向日葵,3.12,-0.06,-1.887,3.11,3.12,3.18,3.19,3.2,3.09,28581800.0,89235435.0,15:35:15,2026-09-02
sz300112,万讯自控,9.0,-0.5,-5.263,8.99,9.0,9.5,9.33,9.38,8.95,19313174.0,176228865.0,15:35:30,2026-09-02
sz300113,顺网科技,16.83,-0.16,-0.942,16.83,16.84,16.99,16.78,17.02,16.59,13449243.0,225760665.0,15:35:45,2026-09-02
sz300115,长盈精密,23.91,-0.25,-1.035,23.9,23.91,24.16,24.03,24.16,23.68,18311617.0,437875494.0,15:35:00,2026-09-02
sz300118,东方日升,9.41,-0.29,-2.99,9.41,9.42,9.7,9.62,9.64,9.4,18369030.0,173845155.0,15:35:15,2026-09-02
sz300119,瑞普生物,17.84,0.31,1.768,17.83,17.84,17.53,17.58,18.02,17.43,6666976.0,118233627.0,15:35:30,2026-09-02
sz300120,经纬辉开,7.79,-0.23,-2.868,7.79,7.8,8.02,7.77,7.94,7.66,38326735.0,299297232.0,15:35:45,2026-09-02
sz300121,阳谷华泰,9.65,-0.18,-1.831,9.65,9.66,9.83,9.75,9.78,9.55,8123059.0,78475697.0,15:35:00,2026-09-02
sz300122,智飞生物,13.64,-0.48,-3.399,13.64,13.65,14.12,14.29,14.29,13.6,44493893.0,615426165.0,15:35:15,2026-09-02
sz300123,ST亚光,5.07,0.1,2.012,5.06,5.07,4.97,4.93,5.22,4.9,44860431.0,228486879.0,15:35:30,2026-09-02
sz300124,汇川技术,60.0,-0.95,-1.559,60.0,60.01,60.95,60.88,60.89,59.86,14382953.0,866548509.0,15:35:45,2026-09-02
sz300125,聆达股份,9.49,-0.2,-2.064,9.49,9.5,9.69,9.64,9.64,9.45,5577589.0,53134022.0,15:35:00,2026-09-02
sz300126,锐奇股份,6.84,0.03,0.441,6.84,6.85,6.81,6.74,6.89,6.71,4484117.0,30509182.0,15:35:15,2026-09-02
sz300127,银河磁体,24.26,-0.42,-1.702,24.26,24.28,24.68,24.4,24.48,23.94,3394100.0,82194750.0,15:35:30,2026-09-02
sz300128,锦富技术,5.19,0.06,1.17,5.19,5.2,5.13,5.08,5.24,5.03,45190268.0,233543580.0,15:35:45,2026-09-02
sz300129,泰胜风能,7.43,-0.1,-1.328,7.43,7.44,7.53,7.43,7.5,7.37,12008900.0,89182155.0,15:35:00,2026-09-02
sz300130,新国都,20.0,-0.3,-1.478,19.99,20.0,20.3,20.16,20.3,19.8,11124896.0,222465621.0,15:35:15,2026-09-02
sz300131,英唐智控,16.01,-0.52,-3.146,16.01,16.02,16.53,16.25,16.29,15.82,47411432.0,760253655.0,15:35:30,2026-09-02
sz300132,诺斯贝尔,6.36,0.03,0.474,6.36,6.37,6.33,6.28,6.46,6.2,15257300.0,96555757.0,15:35:45,2026-09-02
sz300133,华策影视,7.52,-0.23,-2.968,7.51,7.52,7.75,7.81,7.87,7.51,100903255.0,768454033.0,15:35:00,2026-09-02
sz300134,大富科技,8.82,0.03,0.341,8.82,8.83,8.79,8.71,8.91,8.7,11337700.0,100136957.0,15:35:15,2026-09-02
sz300135,宝利国际,3.57,-0.05,-1.381,3.56,3.57,3.62,3.67,3.71,3.54,24634400.0,88429419.0,15:35:30,2026-09-02
sz300136,信维通信,58.07,-0.97,-1.643,58.07,58.08,59.04,58.08,58.8,57.5,25228629.0,1465784203.0,15:35:45,2026-09-02
sz300137,先河环保,11.6,-0.12,-1.024,11.6,11.62,11.72,11.57,11.74,11.36,11383840.0,131600020.0,15:35:00,2026-09-02
sz300138,晨光生物,11.81,-0.19,-1.583,11.8,11.81,12.0,11.9,11.96,11.69,6934500.0,81727253.0,15:35:15,2026-09-02
sz300139,晓程科技,51.5,0.18,0.351,51.49,51.5,51.32,49.56,51.99,48.64,43211448.0,2177485999.0,15:35:30,2026-09-02
sz300140,节能环境,5.41,-0.09,-1.636,5.41,5.42,5.5,5.5,5.5,5.38,10013600.0,54240442.0,15:35:45,2026-09-02
sz300141,和顺电气,10.41,0.11,1.068,10.4,10.41,10.3,10.31,10.48,10.14,5932523.0,61348862.0,15:35:00,2026-09-02
sz300142,沃森生物,13.19,-0.43,-3.157,13.18,13.19,13.62,13.79,13.89,13.16,106849363.0,1436416390.0,15:35:15,2026-09-02
sz300143,盈康生命,7.78,-0.04,-0.512,7.77,7.78,7.82,7.88,7.96,7.73,10748834.0,84279351.0,15:35:30,2026-09-02
sz300144,宋城演艺,6.06,0.0,0.0,6.05,6.06,6.06,6.04,6.14,6.0,49439600.0,300522252.0,15:35:45,2026-09-02
sz300145,南方泵业,4.94,0.1,2.066,4.94,4.95,4.84,4.8,5.0,4.72,126568154.0,621246367.0,15:35:00,2026-09-02
sz300146,汤臣倍健,9.78,-0.15,-1.511,9.77,9.78,9.93,9.88,9.94,9.75,8949238.0,87700141.0,15:35:15,2026-09-02
sz300147,*ST香雪,6.28,0.03,0.48,6.28,6.29,6.25,6.26,6.43,6.16,9541700.0,60228415.0,15:35:30,2026-09-02
sz300148,天舟文化,3.59,-0.08,-2.18,3.58,3.59,3.67,3.66,3.68,3.56,29510076.0,106287274.0,15:35:45,2026-09-02
sz300149,睿智医药,9.12,-0.15,-1.618,9.11,9.12,9.27,9.31,9.32,9.06,16638145.0,152548599.0,15:35:00,2026-09-02
sz300150,世纪瑞尔,4.4,-0.03,-0.677,4.4,4.43,4.43,4.4,4.45,4.33,6793900.0,29830626.0,15:35:15,2026-09-02
sz300151,昌红科技,15.92,-0.21,-1.302,15.92,15.93,16.13,15.98,16.11,15.62,7503470.0,119324868.0,15:35:30,2026-09-02
sz300152,*ST动力,1.75,-0.01,-0.568,1.74,1.75,1.76,1.74,1.77,1.72,12093700.0,21070195.0,15:35:45,2026-09-02
sz300153,科泰电源,21.82,-0.3,-1.356,21.81,21.82,22.12,22.1,22.1,21.52,5249340.0,114085797.0,15:35:00,2026-09-02
sz300154,瑞凌股份,13.21,1.18,9.809,13.2,13.21,12.03,12.27,13.7,11.88,22415820.0,287213758.0,15:35:15,2026-09-02
sz300155,安居宝,4.65,-0.02,-0.428,4.65,4.66,4.67,4.67,4.7,4.55,12844900.0,59414454.0,15:35:30,2026-09-02
sz300157,新锦动力,4.18,0.02,0.481,4.18,4.19,4.16,4.28,4.44,4.16,107673774.0,462051439.0,15:35:45,2026-09-02
sz300158,振东制药,5.51,-0.13,-2.305,5.5,5.51,5.64,5.54,5.75,5.47,42945048.0,240342291.0,15:35:00,2026-09-02
sz300159,新研股份,3.07,-0.11,-3.459,3.07,3.08,3.18,3.16,3.19,3.07,52007883.0,161912211.0,15:35:15,2026-09-02
sz300160,秀强股份,4.49,0.02,0.447,4.49,4.5,4.47,4.45,4.51,4.4,6971600.0,31124740.0,15:35:30,2026-09-02
sz300161,华中数控,26.71,-0.5,-1.838,26.71,26.74,27.21,27.0,27.05,26.58,2192400.0,58702294.0,15:35:45,2026-09-02
sz300162,雷曼光电,7.79,-0.06,-0.764,7.78,7.79,7.85,7.76,7.85,7.69,12728300.0,99079426.0,15:35:00,2026-09-02
sz300163,先锋新材,7.76,-0.01,-0.129,7.76,7.77,7.77,7.7,7.85,7.07,65533246.0,491965478.0,15:35:15,2026-09-02
sz300164,通源石油,10.75,0.12,1.129,10.75,10.76,10.63,11.17,11.77,10.71,203957501.0,2285714206.0,15:35:30,2026-09-02
sz300165,天瑞仪器,5.45,-0.04,-0.729,5.45,5.46,5.49,5.44,5.5,5.38,10988500.0,59797035.0,15:35:45,2026-09-02
sz300166,东方国信,12.73,-0.21,-1.623,12.72,12.73,12.94,12.75,12.85,12.52,27680986.0,351007943.0,15:35:00,2026-09-02
sz300167,ST迪威迅,4.12,0.02,0.488,4.11,4.12,4.1,4.07,4.17,4.04,3207000.0,13174410.0,15:35:15,2026-09-02
sz300168,万达信息,5.05,-0.12,-2.321,5.05,5.06,5.17,5.13,5.16,5.03,16649637.0,84473814.0,15:35:30,2026-09-02
sz300169,天晟新材,5.83,-0.13,-2.181,5.83,5.84,5.96,5.91,5.98,5.77,13967322.0,81741739.0,15:35:45,2026-09-02
sz300170,汉得信息,16.7,-0.53,-3.076,16.7,16.71,17.23,17.03,17.1,16.69,47238863.0,794871905.0,15:35:00,2026-09-02
sz300171,东富龙,14.38,-0.65,-4.325,14.38,14.39,15.03,14.85,14.95,14.37,14834141.0,216500442.0,15:35:15,2026-09-02
sz300172,中电环保,4.71,-0.04,-0.842,4.71,4.72,4.75,4.71,4.73,4.65,9294130.0,43588856.0,15:35:30,2026-09-02
sz300173,ST福能,3.35,-0.03,-0.888,3.35,3.36,3.38,3.35,3.4,3.34,4781100.0,16085945.0,15:35:45,2026-09-02
sz300174,元力股份,17.95,-0.49,-2.657,17.95,17.96,18.44,18.26,18.37,17.72,11742474.0,210717821.0,15:35:00,2026-09-02
sz300175,朗源股份,6.0,-0.06,-0.99,6.0,6.01,6.06,6.02,6.13,5.98,6770400.0,40918121.0,15:35:15,2026-09-02
sz300176,鸿特科技,4.67,-0.1,-2.096,4.67,4.68,4.77,4.71,4.74,4.6,20242839.0,94159905.0,15:35:30,2026-09-02
sz300177,中海达,6.56,-0.05,-0.756,6.56,6.57,6.61,6.6,6.61,6.53,7650800.0,50238135.0,15:35:45,2026-09-02
sz300179,四方达,35.28,-0.36,-1.01,35.28,35.29,35.64,35.01,37.6,34.77,49308615.0,1780745720.0,15:35:00,2026-09-02
sz300180,华峰超纤,4.82,-0.09,-1.833,4.81,4.82,4.91,4.87,4.88,4.73,52051860.0,249572750.0,15:35:15,2026-09-02
sz300181,佐力药业,13.51,-0.25,-1.817,13.51,13.52,13.76,13.71,13.71,13.5,13024236.0,176571591.0,15:35:30,2026-09-02
sz300182,捷成股份,5.26,-0.25,-4.537,5.25,5.26,5.51,5.38,5.5,5.23,201997579.0,1074043776.0,15:35:45,2026-09-02
sz300183,东软载波,10.78,-0.04,-0.37,10.78,10.79,10.82,10.7,10.85,10.68,2494300.0,26865965.0,15:35:00,2026-09-02
sz300184,力源信息,12.11,-0.18,-1.465,12.11,12.12,12.29,12.14,12.22,11.95,31893148.0,385263557.0,15:35:15,2026-09-02
sz300185,通裕重工,2.7,-0.03,-1.099,2.7,2.71,2.73,2.73,2.73,2.69,42092397.0,113745578.0,15:35:30,2026-09-02
sz300187,永清环保,4.77,-0.05,-1.037,4.76,4.77,4.82,4.81,4.81,4.74,5390200.0,25721931.0,15:35:45,2026-09-02
sz300188,国投智能,10.34,-0.23,-2.176,10.34,10.35,10.57,10.5,10.6,10.33,8024584.0,83488419.0,15:35:00,2026-09-02
sz300189,神农种业,6.69,-0.86,-11.391,6.69,6.7,7.55,7.1,7.27,6.67,372215175.0,2557589746.0,15:35:15,2026-09-02
sz300190,维尔利,3.78,-0.02,-0.526,3.77,3.78,3.8,3.79,3.81,3.72,10023700.0,37684404.0,15:35:30,2026-09-02
sz300191,潜能恒信,36.27,-1.03,-2.761,36.26,36.27,37.3,36.93,38.75,35.91,28091625.0,1044334834.0,15:35:45,2026-09-02
sz300192,科德教育,18.42,1.48,8.737,18.41,18.42,16.94,16.9,18.48,16.74,39698922.0,706932683.0,15:35:00,2026-09-02
sz300193,佳士科技,8.28,0.03,0.364,8.28,8.29,8.25,8.21,8.31,8.16,5330600.0,43904810.0,15:35:15,2026-09-02
sz300194,福安药业,3.94,-0.08,-1.99,3.93,3.94,4.02,4.0,4.03,3.93,17259500.0,68323586.0,15:35:30,2026-09-02
sz300195,长荣股份,6.4,-0.02,-0.312,6.4,6.41,6.42,6.36,6.51,6.24,19682300.0,125064811.0,15:35:45,2026-09-02
sz300196,长海股份,16.83,0.02,0.119,16.82,16.83,16.81,16.51,17.0,16.45,10229800.0,172256365.0,15:35:00,2026-09-02
sz300197,节能铁汉,2.0,-0.13,-6.103,2.0,2.01,2.13,2.1,2.15,2.0,137308999.0,279741793.0,15:35:15,2026-09-02
sz300198,*ST纳川,2.39,0.0,0.0,2.39,2.4,2.39,2.39,2.43,2.38,5377820.0,12909476.0,15:35:30,2026-09-02
sz300199,翰宇药业,22.85,-0.1,-0.436,22.85,22.86,22.95,22.95,23.0,22.39,24224357.0,550814271.0,15:35:45,2026-09-02
sz300200,高盟新材,8.78,0.03,0.343,8.78,8.79,8.75,8.69,8.82,8.64,7590500.0,66329906.0,15:35:00,2026-09-02
sz300201,海伦哲,13.65,-0.35,-2.5,13.64,13.65,14.0,13.89,13.89,13.59,16279618.0,223552476.0,15:35:15,2026-09-02
sz300203,聚光科技,12.92,0.01,0.077,12.91,12.92,12.91,12.81,13.12,12.72,4836933.0,62298038.0,15:35:30,2026-09-02
sz300204,舒泰神,21.02,-0.3,-1.407,21.01,21.02,21.32,21.32,21.59,21.02,12911624.0,274841833.0,15:35:45,2026-09-02
sz300205,*ST天喻,5.01,0.03,0.602,5.0,5.01,4.98,4.94,5.02,4.9,2274237.0,11308998.0,15:35:00,2026-09-02
sz300206,理邦仪器,11.91,0.07,0.591,11.9,11.91,11.84,11.79,11.99,11.73,6837862.0,81190570.0,15:35:15,2026-09-02
sz300207,欣旺达,16.98,-0.25,-1.451,16.97,16.98,17.23,17.1,17.1,16.83,27114865.0,459094595.0,15:35:30,2026-09-02
sz300209,行云科技,34.4,0.83,2.472,34.4,34.41,33.57,33.03,35.18,32.6,59298240.0,2012279200.0,15:35:45,2026-09-02
sz300210,森远股份,8.16,-0.16,-1.923,8.15,8.16,8.32,8.26,8.3,8.1,4702920.0,38417202.0,15:35:00,2026-09-02
sz300211,*ST亿通,7.48,-0.13,-1.708,7.47,7.48,7.61,7.56,7.58,7.46,1653000.0,12395457.0,15:35:15,2026-09-02
sz300212,*ST易录,8.33,0.39,4.912,8.32,8.33,7.94,7.86,8.36,7.81,13672768.0,110848679.0,15:35:30,2026-09-02
sz300213,佳讯飞鸿,6.59,0.04,0.611,6.58,6.59,6.55,6.48,6.63,6.43,10555200.0,69141982.0,15:35:45,2026-09-02
sz300214,日科化学,11.61,-0.46,-3.811,11.61,11.62,12.07,11.84,12.26,11.53,37458827.0,441664485.0,15:35:00,2026-09-02
sz300215,电科院,6.49,-0.08,-1.218,6.49,6.5,6.57,6.52,6.54,6.42,13904000.0,90222646.0,15:35:15,2026-09-02
sz300217,东方电热,4.28,0.01,0.234,4.28,4.29,4.27,4.24,4.33,4.19,21956500.0,93651035.0,15:35:30,2026-09-02
sz300218,安利股份,13.19,0.11,0.841,13.19,13.2,13.08,13.08,13.29,12.9,2875400.0,37684815.0,15:35:45,2026-09-02
sz300219,鸿利智汇,7.12,-0.04,-0.559,7.11,7.12,7.16,7.1,7.14,7.02,11528108.0,81601273.0,15:35:00,2026-09-02
sz300220,金运激光,11.65,0.1,0.866,11.65,11.66,11.55,11.55,11.85,11.44,3205400.0,37371609.0,15:35:15,2026-09-02
sz300221,银禧科技,13.61,-0.17,-1.234,13.6,13.61,13.78,13.52,13.75,13.42,10047200.0,136430911.0,15:35:30,2026-09-02
sz300222,科大智能,10.13,-0.13,-1.267,10.13,10.14,10.26,10.16,10.24,10.06,11828289.0,119979982.0,15:35:45,2026-09-02
sz300223,君正股份,132.37,-2.42,-1.795,132.36,132.37,134.79,132.9,134.29,131.0,18336510.0,2425532911.0,15:35:00,2026-09-02
sz300224,正海磁材,11.38,-0.19,-1.642,11.38,11.39,11.57,11.5,11.52,11.31,10026722.0,114129805.0,15:35:15,2026-09-02
sz300225,金力泰,7.21,-0.15,-2.038,7.2,7.21,7.36,7.28,7.36,7.0,14814045.0,105737831.0,15:35:30,2026-09-02
sz300226,上海钢联,16.93,-0.32,-1.855,16.93,16.94,17.25,17.06,17.19,16.8,5724417.0,97077022.0,15:35:45,2026-09-02
sz300227,光韵达,13.4,-0.26,-1.903,13.4,13.41,13.66,13.49,13.66,13.32,17875900.0,240532079.0,15:35:00,2026-09-02
sz300228,富瑞特装,7.1,0.0,0.0,7.1,7.11,7.1,7.08,7.21,7.06,17156460.0,122431456.0,15:35:15,2026-09-02
sz300229,拓尔思,13.63,-0.4,-2.851,13.62,13.63,14.03,13.83,14.13,13.59,23365427.0,320774739.0,15:35:30,2026-09-02
sz300230,永利股份,4.43,-0.01,-0.225,4.42,4.43,4.44,4.41,4.44,4.38,6601284.0,29092260.0,15:35:45,2026-09-02
sz300231,银信科技,8.54,-0.07,-0.813,8.54,8.55,8.61,8.52,8.6,8.44,8528630.0,72661567.0,15:35:00,2026-09-02
sz300232,洲明科技,5.67,-0.01,-0.176,5.66,5.67,5.68,5.63,5.74,5.63,16265620.0,92764676.0,15:35:15,2026-09-02
sz300233,金城医药,13.36,-0.12,-0.89,13.36,13.4,13.48,13.36,13.6,13.25,7043138.0,94212165.0,15:35:30,2026-09-02
sz300234,开尔新材,10.22,0.14,1.389,10.21,10.22,10.08,10.07,10.37,9.85,10458375.0,105816209.0,15:35:45,2026-09-02
sz300235,方直科技,11.28,-0.09,-0.792,11.28,11.29,11.37,11.27,11.37,11.14,3724550.0,41884526.0,15:35:00,2026-09-02
sz300236,上海新阳,84.65,-1.06,-1.237,84.64,84.65,85.71,84.61,85.5,83.67,4018000.0,339169719.0,15:35:15,2026-09-02
sz300237,ST美晨,2.21,-0.03,-1.339,2.21,2.22,2.24,2.22,2.25,2.18,27401600.0,60820247.0,15:35:30,2026-09-02
sz300238,冠昊生物,11.87,0.17,1.453,11.87,11.88,11.7,11.55,11.98,11.55,8152700.0,96648774.0,15:35:45,2026-09-02
sz300239,东宝生物,5.13,-0.06,-1.156,5.12,5.13,5.19,5.19,5.21,5.09,6048293.0,31047703.0,15:35:00,2026-09-02
sz300240,飞力达,6.18,-0.11,-1.749,6.18,6.19,6.29,6.27,6.29,6.16,7974200.0,49400179.0,15:35:15,2026-09-02
sz300241,瑞丰光电,5.89,-0.04,-0.675,5.88,5.89,5.93,5.88,5.94,5.84,12485500.0,73526937.0,15:35:30,2026-09-02
sz300242,佳云科技,4.16,-0.1,-2.347,4.16,4.17,4.26,4.2,4.26,4.12,13854700.0,57673348.0,15:35:45,2026-09-02
sz300243,瑞丰高材,16.33,-0.37,-2.216,16.33,16.34,16.7,16.2,16.7,16.09,14472380.0,236168005.0,15:35:00,2026-09-02
sz300244,迪安诊断,17.85,-0.51,-2.778,17.84,17.85,18.36,18.3,18.37,17.85,18584334.0,334564622.0,15:35:15,2026-09-02
sz300245,ST天玑,6.15,-0.11,-1.757,6.14,6.15,6.26,6.22,6.25,6.08,7181244.0,44185284.0,15:35:30,2026-09-02
sz300246,宝莱特,15.6,0.66,4.418,15.6,15.61,14.94,14.9,15.99,14.78,15502948.0,241226217.0,15:35:45,2026-09-02
sz300247,融捷健康,3.81,-0.06,-1.55,3.8,3.81,3.87,3.85,3.87,3.78,10890000.0,41504410.0,15:35:00,2026-09-02
sz300248,新开普,9.07,-0.14,-1.52,9.07,9.08,9.21,9.08,9.18,8.93,10735394.0,97173080.0,15:35:15,2026-09-02
sz300249,依米康,13.67,-0.05,-0.364,13.67,13.68,13.72,13.46,13.95,13.45,16282978.0,224053302.0,15:35:30,2026-09-02
sz300250,初灵信息,16.48,-0.24,-1.435,16.48,16.49,16.72,16.68,16.88,16.31,10697200.0,176906489.0,15:35:45,2026-09-02
sz300251,光线传媒,11.23,-0.42,-3.605,11.22,11.23,11.65,11.53,11.66,11.22,41429751.0,469659741.0,15:35:00,2026-09-02
sz300252,金信诺,12.65,0.8,6.751,12.65,12.66,11.85,11.71,12.78,11.66,66309268.0,818317969.0,15:35:15,2026-09-02
sz300253,卫宁健康,7.1,-0.13,-1.798,7.1,7.11,7.23,7.21,7.27,7.09,36556461.0,260814494.0,15:35:30,2026-09-02
sz300254,仟源医药,8.78,-0.28,-3.091,8.78,8.79,9.06,8.99,9.03,8.77,8688144.0,76717137.0,15:35:45,2026-09-02
sz300255,常山药业,23.18,-0.43,-1.821,23.17,23.18,23.61,23.5,23.6,23.1,13631567.0,317739985.0,15:35:00,2026-09-02
sz300256,星星科技,2.94,-0.1,-3.289,2.94,2.95,3.04,2.98,3.01,2.93,43946000.0,129961592.0,15:35:15,2026-09-02
sz300257,开山股份,18.15,0.05,0.276,18.15,18.16,18.1,19.61,20.38,18.05,34852188.0,666889285.0,15:35:30,2026-09-02
sz300258,精锻科技,9.43,-0.04,-0.422,9.43,9.45,9.47,9.4,9.54,9.26,5035845.0,47244604.0,15:35:45,2026-09-02
sz300259,新天科技,4.36,-0.09,-2.022,4.36,4.37,4.45,4.43,4.43,4.34,16781020.0,73403502.0,15:35:00,2026-09-02
sz300260,新莱应材,56.12,-0.69,-1.215,56.12,56.14,56.81,56.0,57.6,55.03,17782741.0,998837867.0,15:35:15,2026-09-02
sz300261,雅本化学,4.99,-0.07,-1.383,4.98,4.99,5.06,5.08,5.09,4.94,9807602.0,48854432.0,15:35:30,2026-09-02
sz300263,隆华科技,10.09,-0.13,-1.272,10.09,10.1,10.22,10.1,10.22,9.97,29406344.0,296757234.0,15:35:45,2026-09-02
sz300264,佳创视讯,6.51,-0.07,-1.064,6.5,6.51,6.58,6.51,6.57,6.41,9438280.0,61171716.0,15:35:00,2026-09-02
sz300265,通光线缆,13.78,0.1,0.731,13.78,13.79,13.68,13.55,13.93,13.4,16017165.0,219864265.0,15:35:15,2026-09-02
sz300266,兴源环境,1.92,-0.02,-1.031,1.92,1.93,1.94,1.94,1.96,1.89,16410300.0,31457831.0,15:35:30,2026-09-02
sz300267,尔康制药,3.33,-0.06,-1.77,3.32,3.33,3.39,3.36,3.38,3.29,26238204.0,87163226.0,15:35:45,2026-09-02
sz300268,佳沃食品,12.95,-0.4,-2.996,12.89,12.95,13.35,13.29,13.3,12.8,4052699.0,52589362.0,15:35:00,2026-09-02
sz300269,联建光电,5.14,-0.02,-0.388,5.14,5.15,5.16,5.13,5.17,5.07,11043300.0,56574674.0,15:35:15,2026-09-02
sz300270,中威电子,11.67,-0.09,-0.765,11.66,11.67,11.76,11.6,11.76,11.23,11022300.0,127038626.0,15:35:30,2026-09-02
sz300271,华宇软件,5.83,-0.11,-1.852,5.82,5.83,5.94,5.85,5.92,5.81,10577831.0,61824204.0,15:35:45,2026-09-02
sz300272,开能健康,5.87,-0.09,-1.51,5.86,5.87,5.96,5.91,5.94,5.81,6751256.0,39505556.0,15:35:00,2026-09-02
sz300274,阳光电源,86.4,-2.93,-3.28,86.39,86.4,89.33,89.28,89.3,86.38,54169126.0,4712731255.0,15:35:15,2026-09-02
sz300275,梅安森,9.21,-0.09,-0.968,9.21,9.22,9.3,9.3,9.34,9.17,3999900.0,36941087.0,15:35:30,2026-09-02
sz300276,三丰智能,6.42,-0.03,-0.465,6.41,6.42,6.45,6.39,6.46,6.36,14309666.0,91687723.0,15:35:45,2026-09-02
sz300277,汽轮科技,12.13,-0.32,-2.57,12.13,12.14,12.45,12.31,12.39,12.09,12903772.0,156999341.0,15:35:00,2026-09-02
sz300278,华昌达,3.69,-0.08,-2.122,3.68,3.69,3.77,3.74,3.75,3.66,14725843.0,54460795.0,15:35:15,2026-09-02
sz300279,和晶科技,5.93,-0.07,-1.167,5.93,5.94,6.0,6.0,6.0,5.87,9848300.0,58435670.0,15:35:30,2026-09-02
sz300281,金明精机,6.68,0.0,0.0,6.68,6.69,6.68,6.7,6.75,6.52,7878700.0,52445130.0,15:35:45,2026-09-02
sz300283,温州宏丰,12.95,-0.14,-1.07,12.94,12.95,13.09,12.9,13.07,12.77,18475921.0,238563439.0,15:35:00,2026-09-02
sz300284,苏交科,5.24,-0.09,-1.689,5.23,5.24,5.33,5.3,5.32,5.2,10022129.0,52405188.0,15:35:15,2026-09-02
sz300285,国瓷材料,62.7,-1.31,-2.047,62.7,62.71,64.01,62.95,63.78,62.0,51647555.0,3246988039.0,15:35:30,2026-09-02
sz300286,安科瑞,19.69,-0.3,-1.501,19.69,19.7,19.99,19.63,19.88,19.52,2699400.0,53109009.0,15:35:45,2026-09-02
sz300287,飞利信,3.73,-0.07,-1.842,3.73,3.74,3.8,3.75,3.79,3.71,28414100.0,106190753.0,15:35:00,2026-09-02
sz300288,朗玛信息,10.2,-0.12,-1.163,10.2,10.21,10.32,10.27,10.32,10.12,2727846.0,27840093.0,15:35:15,2026-09-02
sz300289,利德曼,5.96,-0.06,-0.997,5.96,5.97,6.02,6.02,6.03,5.93,4608300.0,27477670.0,15:35:30,2026-09-02
sz300290,ST荣科,5.78,-0.1,-1.701,5.78,5.79,5.88,5.85,5.93,5.75,13261250.0,77299213.0,15:35:45,2026-09-02
sz300291,百纳千成,5.32,-0.22,-3.971,5.32,5.33,5.54,5.52,5.55,5.29,48953100.0,262626338.0,15:35:00,2026-09-02
sz300292,吴通控股,4.39,-0.05,-1.126,4.39,4.4,4.44,4.39,4.43,4.34,36027600.0,157686848.0,15:35:15,2026-09-02
sz300293,蓝英装备,15.08,-0.16,-1.05,15.07,15.08,15.24,15.26,15.26,14.95,2459400.0,37142052.0,15:35:30,2026-09-02
sz300294,博雅生物,14.55,-0.34,-2.283,14.55,14.56,14.89,14.86,14.87,14.52,5477821.0,80014191.0,15:35:45,2026-09-02
sz300295,*ST三六,12.3,-0.25,-1.992,12.3,12.33,12.55,12.41,12.6,12.3,2251100.0,28074954.0,15:35:00,2026-09-02
sz300296,利亚德,5.09,-0.08,-1.547,5.08,5.09,5.17,5.15,5.15,5.07,29291268.0,149154824.0,15:35:15,2026-09-02
sz300298,三诺生物,15.94,-0.14,-0.871,15.93,15.94,16.08,16.02,16.11,15.83,2773400.0,44145372.0,15:35:30,2026-09-02
sz300299,富春股份,5.63,-0.13,-2.257,5.62,5.63,5.76,5.68,5.75,5.59,20926800.0,117887838.0,15:35:45,2026-09-02
sz300300,海峡创新,7.96,0.06,0.759,7.96,7.97,7.9,7.79,8.14,7.68,47001931.0,372883161.0,15:35:00,2026-09-02
sz300301,ST长方,3.61,0.07,1.977,3.6,3.61,3.54,3.55,3.65,3.51,12719900.0,45520315.0,15:35:15,2026-09-02
sz300302,同有科技,28.54,-0.75,-2.561,28.53,28.54,29.29,28.69,28.92,28.3,14341668.0,409884307.0,15:35:30,2026-09-02
sz300303,聚飞光电,6.98,-0.09,-1.273,6.97,6.98,7.07,7.02,7.03,6.88,28248608.0,196515072.0,15:35:45,2026-09-02
sz300304,云意电气,11.59,0.57,5.172,11.59,11.6,11.02,10.93,11.74,10.78,29489531.0,335544753.0,15:35:00,2026-09-02
sz300305,裕兴股份,6.52,0.05,0.773,6.51,6.52,6.47,6.47,6.54,6.39,9106400.0,58916233.0,15:35:15,2026-09-02
sz300306,远方信息,10.55,-0.08,-0.753,10.55,10.56,10.63,10.51,10.66,10.45,1973699.0,20815269.0,15:35:30,2026-09-02
sz300307,慈星股份,7.41,-0.03,-0.403,7.4,7.41,7.44,7.35,7.47,7.29,12198000.0,90150375.0,15:35:45,2026-09-02
sz300308,中际旭创,822.4,-36.9,-4.294,822.4,822.43,859.3,840.01,848.0,814.06,26669930.0,22060175707.0,15:35:00,2026-09-02
sz300310,宜通世纪,4.55,-0.04,-0.871,4.54,4.55,4.59,4.54,4.58,4.46,17680820.0,79995624.0,15:35:15,2026-09-02
sz300311,任子行,5.58,-0.04,-0.712,5.58,5.59,5.62,5.54,5.62,5.45,29595600.0,163820738.0,15:35:30,2026-09-02
sz300313,天山生物,14.58,-0.56,-3.699,14.56,14.58,15.14,14.8,14.99,13.8,33522001.0,481136774.0,15:35:45,2026-09-02
sz300314,戴维医疗,11.73,-0.19,-1.594,11.72,11.73,11.92,11.8,11.9,11.6,5790300.0,67992662.0,15:35:00,2026-09-02
sz300315,掌趣科技,4.1,-0.06,-1.442,4.09,4.1,4.16,4.11,4.18,4.05,69072603.0,282550409.0,15:35:15,2026-09-02
sz300316,晶盛机电,43.03,0.49,1.152,43.02,43.03,42.54,42.03,43.92,41.91,11659629.0,503753319.0,15:35:30,2026-09-02
sz300317,珈伟新能,4.18,-0.09,-2.108,4.18,4.19,4.27,4.23,4.29,4.17,35058000.0,147503639.0,15:35:45,2026-09-02
sz300318,博晖创新,5.08,-0.11,-2.119,5.08,5.09,5.19,5.16,5.18,5.06,7233800.0,36905571.0,15:35:00,2026-09-02
sz300319,麦捷科技,19.45,-0.65,-3.234,19.45,19.46,20.1,19.6,19.92,19.35,72821500.0,1423488341.0,15:35:15,2026-09-02
sz300320,海达股份,8.34,-0.11,-1.302,8.34,8.35,8.45,8.39,8.43,8.31,3815800.0,31841610.0,15:35:30,2026-09-02
sz300321,同大股份,34.17,1.29,3.923,34.17,34.18,32.88,32.71,36.36,32.36,4845600.0,166979792.0,15:35:45,2026-09-02
sz300322,硕贝德,17.69,-0.21,-1.173,17.69,17.7,17.9,17.57,17.87,17.51,14032505.0,248206155.0,15:35:00,2026-09-02
sz300323,华灿光电,11.19,-0.31,-2.696,11.19,11.2,11.5,11.36,11.38,11.12,43255295.0,485580794.0,15:35:15,2026-09-02
sz300324,旋极信息,3.68,-0.07,-1.867,3.68,3.69,3.75,3.71,3.74,3.64,27456783.0,101026046.0,15:35:30,2026-09-02
sz300326,ST凯利,6.26,-0.05,-0.792,6.26,6.27,6.31,6.27,6.3,6.23,4884500.0,30606981.0,15:35:45,2026-09-02
sz300327,中颖电子,24.59,-0.21,-0.847,24.58,24.59,24.8,24.6,24.83,24.42,7230128.0,177858768.0,15:35:00,2026-09-02
sz300328,宜安科技,16.17,-0.62,-3.693,16.17,16.18,16.79,16.64,17.07,16.0,66586464.0,1095104068.0,15:35:15,2026-09-02
sz300329,海伦钢琴,12.38,-0.1,-0.801,12.37,12.38,12.48,12.48,12.49,12.18,2017341.0,24882378.0,15:35:30,2026-09-02
sz300331,苏大维格,47.59,-0.6,-1.245,47.59,47.6,48.19,47.52,48.91,47.06,7847137.0,374907391.0,15:35:45,2026-09-02
sz300332,天壕能源,5.1,-0.03,-0.585,5.09,5.1,5.13,5.21,5.28,5.07,49007902.0,253885063.0,15:35:00,2026-09-02
sz300333,兆日科技,12.2,-0.35,-2.789,12.2,12.21,12.55,12.17,12.33,11.93,39028749.0,473564592.0,15:35:15,2026-09-02
sz300334,津膜科技,8.0,-0.19,-2.32,8.0,8.02,8.19,8.14,8.22,7.93,7151300.0,57368139.0,15:35:30,2026-09-02
sz300335,迪森股份,5.73,0.01,0.175,5.72,5.73,5.72,5.68,5.76,5.64,11008401.0,62788696.0,15:35:45,2026-09-02
sz300337,银邦股份,10.08,-0.13,-1.273,10.07,10.08,10.21,10.08,10.2,9.96,19611911.0,197819446.0,15:35:00,2026-09-02
sz300338,*ST开元,3.24,0.05,1.567,3.22,3.24,3.19,3.16,3.3,3.16,5711500.0,18403416.0,15:35:15,2026-09-02
sz300339,润和软件,35.82,-1.26,-3.398,35.81,35.82,37.08,36.2,36.52,35.81,20101546.0,725144878.0,15:35:30,2026-09-02
sz300340,科恒股份,9.14,-0.04,-0.436,9.13,9.14,9.18,9.1,9.2,8.98,4571900.0,41578369.0,15:35:45,2026-09-02
sz300341,麦克奥迪,13.12,-0.16,-1.205,13.1,13.12,13.28,13.18,13.25,12.88,3573100.0,46744666.0,15:35:00,2026-09-02
sz300342,天银机电,32.56,-0.18,-0.55,32.55,32.56,32.74,32.31,32.99,31.91,8464838.0,275590997.0,15:35:15,2026-09-02
sz300343,联创股份,5.7,-0.17,-2.896,5.7,5.71,5.87,5.85,5.85,5.69,16841094.0,96533926.0,15:35:30,2026-09-02
sz300345,华民股份,7.63,-0.29,-3.662,7.62,7.63,7.92,7.84,7.89,7.6,38594121.0,297749794.0,15:35:45,2026-09-02
sz300346,南大光电,52.59,-1.15,-2.14,52.58,52.59,53.74,52.79,53.23,52.37,17746859.0,935433038.0,15:35:00,2026-09-02
sz300347,泰格医药,50.19,-1.21,-2.354,50.19,50.2,51.4,51.4,51.86,50.0,9964308.0,504108144.0,15:35:15,2026-09-02
sz300348,长亮科技,10.23,-0.14,-1.35,10.23,10.24,10.37,10.25,10.36,10.06,15884904.0,162030029.0,15:35:30,2026-09-02
sz300349,金卡智能,10.34,-0.16,-1.524,10.33,10.34,10.5,10.45,10.45,10.21,4232300.0,43662895.0,15:35:45,2026-09-02
sz300350,华鹏飞,4.5,-0.04,-0.881,4.5,4.51,4.54,4.51,4.54,4.44,9461700.0,42519385.0,15:35:00,2026-09-02
sz300351,永贵电器,14.55,0.07,0.483,14.55,14.56,14.48,14.3,14.7,14.22,5813964.0,84127267.0,15:35:15,2026-09-02
sz300352,ST信源,2.74,0.12,4.58,2.74,2.75,2.62,2.58,2.8,2.58,49205600.0,134146420.0,15:35:30,2026-09-02
sz300353,东土科技,16.92,-0.82,-4.622,16.92,16.93,17.74,17.6,17.61,16.9,17515377.0,299600631.0,15:35:45,2026-09-02
sz300354,东华测试,27.8,-0.04,-0.144,27.8,27.84,27.84,27.69,27.98,27.42,1183581.0,32789057.0,15:35:00,2026-09-02
sz300355,蒙草生态,2.97,0.02,0.678,2.97,2.98,2.95,2.94,3.04,2.9,40216916.0,119857979.0,15:35:15,2026-09-02
sz300357,我武生物,22.8,0.04,0.176,22.79,22.8,22.76,22.77,22.95,22.46,7014745.0,159338683.0,15:35:30,2026-09-02
sz300358,楚天科技,8.66,-0.28,-3.132,8.66,8.67,8.94,8.86,8.88,8.64,22566990.0,196544334.0,15:35:45,2026-09-02
sz300359,全通教育,4.31,-0.05,-1.147,4.3,4.31,4.36,4.35,4.38,4.22,13037800.0,55890732.0,15:35:00,2026-09-02
sz300360,炬华科技,11.56,-0.11,-0.943,11.56,11.57,11.67,11.65,11.65,11.45,4197194.0,48371868.0,15:35:15,2026-09-02
sz300363,博腾股份,18.81,-0.29,-1.518,18.81,18.82,19.1,19.1,19.23,18.64,15028309.0,283260670.0,15:35:30,2026-09-02
sz300364,中文在线,26.28,-2.03,-7.171,26.27,26.28,28.31,27.7,28.0,26.14,129199320.0,3466296779.0,15:35:45,2026-09-02
sz300365,恒华科技,4.87,0.0,0.0,4.87,4.88,4.87,4.84,4.89,4.77,8458000.0,40946128.0,15:35:00,2026-09-02
sz300366,ST创意,5.42,0.03,0.557,5.41,5.42,5.39,5.36,5.49,5.35,6670600.0,36200616.0,15:35:15,2026-09-02
sz300368,汇金股份,9.97,-0.07,-0.697,9.97,9.98,10.04,9.78,10.28,9.69,75605000.0,753426542.0,15:35:30,2026-09-02
sz300369,绿盟科技,7.44,-0.22,-2.872,7.44,7.45,7.66,7.49,7.63,7.42,31067908.0,232397588.0,15:35:45,2026-09-02
sz300370,安控科技,2.3,0.05,2.222,2.29,2.3,2.25,2.25,2.34,2.24,39217438.0,89925022.0,15:35:00,2026-09-02
sz300371,汇中股份,10.51,-0.04,-0.379,10.51,10.52,10.55,10.45,10.62,10.41,2679946.0,28186406.0,15:35:15,2026-09-02
sz300373,扬杰科技,87.99,-2.04,-2.266,87.98,87.99,90.03,88.85,89.97,87.85,10145198.0,898335467.0,15:35:30,2026-09-02
sz300374,中铁装配,11.23,0.0,0.0,11.23,11.25,11.23,11.16,11.32,11.01,3048100.0,34061396.0,15:35:45,2026-09-02
sz300375,鹏翎股份,4.3,0.03,0.703,4.29,4.3,4.27,4.25,4.31,4.21,12133504.0,51632537.0,15:35:00,2026-09-02
sz300376,易事特,4.45,0.02,0.451,4.45,4.46,4.43,4.42,4.48,4.33,17405140.0,76894757.0,15:35:15,2026-09-02
sz300377,赢时胜,15.18,-0.21,-1.365,15.18,15.19,15.39,15.13,15.46,15.0,32554803.0,495266454.0,15:35:30,2026-09-02
sz300378,鼎捷数智,38.72,-0.84,-2.123,38.72,38.73,39.56,39.66,39.75,37.82,26238140.0,1011175478.0,15:35:45,2026-09-02
sz300380,安硕信息,30.89,-1.3,-4.039,30.88,30.89,32.19,31.78,32.48,30.68,5782372.0,180130919.0,15:35:00,2026-09-02
sz300381,溢多利,5.6,-0.11,-1.926,5.59,5.6,5.71,5.68,5.7,5.52,12677578.0,70654932.0,15:35:15,2026-09-02
sz300382,斯莱克,17.44,-0.33,-1.857,17.44,17.45,17.77,17.77,17.87,17.26,18854190.0,330395287.0,15:35:30,2026-09-02
sz300383,光环新网,12.15,-0.19,-1.54,12.15,12.16,12.34,12.18,12.25,12.09,31313064.0,380682016.0,15:35:45,2026-09-02
sz300384,三联虹普,12.13,-0.28,-2.256,12.11,12.13,12.41,12.39,12.39,12.07,2922300.0,35511221.0,15:35:00,2026-09-02
sz300385,ST雪浪,14.1,1.0,7.634,14.1,14.11,13.1,13.0,14.58,12.9,9545902.0,130864631.0,15:35:15,2026-09-02
sz300386,飞天诚信,12.64,-0.21,-1.634,12.64,12.65,12.85,12.67,12.85,12.41,21332949.0,269226789.0,15:35:30,2026-09-02
sz300387,富邦科技,7.75,-0.15,-1.899,7.74,7.75,7.9,7.84,7.9,7.68,10484650.0,81226519.0,15:35:45,2026-09-02
sz300388,节能国祯,7.02,-0.08,-1.127,7.02,7.03,7.1,7.09,7.09,6.95,4312261.0,30201700.0,15:35:00,2026-09-02
sz300389,艾比森,12.84,-0.1,-0.773,12.83,12.84,12.94,12.88,12.96,12.78,2762700.0,35543800.0,15:35:15,2026-09-02
sz300390,天华新能,59.74,-2.02,-3.271,59.74,59.75,61.76,60.26,60.94,59.3,25012153.0,1498916008.0,15:35:30,2026-09-02
sz300393,中来股份,6.21,-0.06,-0.957,6.21,6.22,6.27,6.22,6.25,6.11,12857800.0,79561424.0,15:35:45,2026-09-02
sz300394,天孚通信,250.0,-1.77,-0.703,250.0,250.01,251.77,247.86,255.69,237.8,41634547.0,10214252789.0,15:35:00,2026-09-02
sz300395,菲利华,94.32,0.16,0.17,94.31,94.32,94.16,93.58,94.85,91.12,24826748.0,2320089588.0,15:35:15,2026-09-02
sz300396,ST迪瑞,7.26,-0.08,-1.09,7.26,7.27,7.34,7.3,7.33,7.2,1397400.0,10125198.0,15:35:30,2026-09-02
sz300397,天和防务,11.25,0.16,1.443,11.24,11.25,11.09,10.98,11.32,10.93,24478745.0,274026934.0,15:35:45,2026-09-02
sz300398,飞凯材料,33.91,-1.09,-3.114,33.9,33.91,35.0,34.17,34.36,33.6,24601047.0,834896427.0,15:35:00,2026-09-02
sz300399,天利科技,20.4,-0.96,-4.494,20.4,20.41,21.36,21.05,21.36,20.36,16555380.0,340803543.0,15:35:15,2026-09-02
sz300400,劲拓股份,29.66,-0.29,-0.968,29.65,29.66,29.95,29.66,30.07,29.05,5981200.0,177226888.0,15:35:30,2026-09-02
sz300401,花园生物,14.28,-0.21,-1.449,14.28,14.29,14.49,14.41,14.7,14.21,15462786.0,221976434.0,15:35:45,2026-09-02
sz300402,宝色股份,15.37,0.01,0.065,15.36,15.37,15.36,15.36,15.68,15.26,3111400.0,48163599.0,15:35:00,2026-09-02
sz300403,汉宇集团,9.28,-0.01,-0.108,9.28,9.29,9.29,9.22,9.39,9.17,5895700.0,54632356.0,15:35:15,2026-09-02
sz300404,博济医药,12.68,-0.29,-2.236,12.68,12.69,12.97,12.91,12.94,12.58,25106560.0,318777706.0,15:35:30,2026-09-02
sz300405,科隆股份,5.99,-0.07,-1.155,5.99,6.0,6.06,6.01,6.06,5.91,7836943.0,46834956.0,15:35:45,2026-09-02
sz300406,九强生物,11.73,-0.12,-1.013,11.73,11.74,11.85,11.8,11.85,11.66,3553888.0,41699256.0,15:35:00,2026-09-02
sz300407,凯发电气,11.85,0.07,0.594,11.84,11.85,11.78,11.78,11.91,11.6,4118300.0,48447572.0,15:35:15,2026-09-02
sz300408,三环集团,107.87,-1.35,-1.236,107.87,107.88,109.22,107.14,109.42,106.1,33329213.0,3591543082.0,15:35:30,2026-09-02
sz300409,道氏技术,17.57,-0.43,-2.389,17.56,17.57,18.0,17.8,17.8,17.36,13783865.0,241418242.0,15:35:45,2026-09-02
sz300410,正业科技,8.09,-0.06,-0.736,8.09,8.1,8.15,8.06,8.16,7.99,10313500.0,83277166.0,15:35:00,2026-09-02
sz300411,金盾股份,8.45,0.41,5.1,8.44,8.45,8.04,7.98,8.61,7.95,18924900.0,157533849.0,15:35:15,2026-09-02
sz300412,迦南科技,4.66,-0.06,-1.271,4.66,4.67,4.72,4.7,4.71,4.62,9294409.0,43289192.0,15:35:30,2026-09-02
sz300413,芒果超媒,20.52,0.14,0.687,20.52,20.59,20.38,21.5,21.87,20.52,251201317.0,5302315689.0,15:35:45,2026-09-02
sz300414,中光防雷,11.53,0.5,4.533,11.53,11.54,11.03,10.85,11.96,10.85,25371502.0,291823695.0,15:35:00,2026-09-02
sz300415,伊之密,19.25,-0.47,-2.383,19.25,19.27,19.72,19.67,19.67,19.19,4570007.0,88147489.0,15:35:15,2026-09-02
sz300416,苏试试验,14.37,-0.13,-0.897,14.36,14.37,14.5,14.42,14.47,14.28,7588268.0,109013740.0,15:35:30,2026-09-02
sz300417,南华仪器,12.06,-0.03,-0.248,12.05,12.06,12.09,12.0,12.15,11.89,2874320.0,34518949.0,15:35:45,2026-09-02
sz300418,昆仑万维,44.38,-1.56,-3.396,44.38,44.39,45.94,45.0,45.7,44.01,79549214.0,3557581042.0,15:35:00,2026-09-02
sz300419,ST浩丰,9.46,0.14,1.502,9.45,9.46,9.32,9.32,9.69,9.13,6797700.0,64068108.0,15:35:15,2026-09-02
sz300420,五洋自控,8.49,-0.07,-0.818,8.48,8.49,8.56,8.46,8.8,8.37,80936330.0,692708389.0,15:35:30,2026-09-02
sz300421,力星股份,16.8,-0.02,-0.119,16.8,16.81,16.82,16.64,16.99,16.61,3152780.0,52887189.0,15:35:45,2026-09-02
sz300422,博世科,4.22,-0.03,-0.706,4.22,4.24,4.25,4.22,4.25,4.14,9456500.0,39692753.0,15:35:00,2026-09-02
sz300423,昇辉科技,5.92,0.05,0.852,5.91,5.92,5.87,5.86,5.95,5.79,9069600.0,53525935.0,15:35:15,2026-09-02
sz300424,航新科技,13.75,0.11,0.806,13.74,13.75,13.64,13.56,13.9,13.44,10091060.0,138064011.0,15:35:30,2026-09-02
sz300425,中建环能,4.14,-0.03,-0.719,4.14,4.15,4.17,4.17,4.17,4.09,7517300.0,31014108.0,15:35:45,2026-09-02
sz300426,华智数媒,7.34,-0.37,-4.799,7.33,7.34,7.71,7.71,7.83,7.26,36154800.0,267982670.0,15:35:00,2026-09-02
sz300427,红相股份,6.61,-0.06,-0.9,6.6,6.61,6.67,6.56,6.73,6.53,20773500.0,137516409.0,15:35:15,2026-09-02
sz300428,立中集团,20.08,-0.23,-1.132,20.05,20.08,20.31,20.24,20.3,19.91,6169956.0,123727098.0,15:35:30,2026-09-02
sz300429,强力新材,11.34,-0.07,-0.613,11.34,11.35,11.41,11.35,11.57,11.25,13573288.0,154886845.0,15:35:45,2026-09-02
sz300430,*ST益通,4.72,0.03,0.64,4.71,4.72,4.69,4.68,4.76,4.59,8688900.0,40854086.0,15:35:00,2026-09-02
sz300432,富临精工,13.79,-0.63,-4.369,13.79,13.8,14.42,14.23,14.26,13.77,43791602.0,610858982.0,15:35:15,2026-09-02
sz300433,蓝思科技,36.91,-0.39,-1.046,36.91,36.92,37.3,37.0,37.82,36.78,62618234.0,2336860061.0,15:35:30,2026-09-02
sz300434,金石亚药,11.37,0.06,0.531,11.36,11.37,11.31,11.31,11.5,11.1,13823400.0,156501294.0,15:35:45,2026-09-02
sz300435,中泰股份,17.12,-0.01,-0.058,17.12,17.13,17.13,16.98,17.24,16.91,6016001.0,102849790.0,15:35:00,2026-09-02
sz300436,广生堂,89.95,-0.87,-0.958,89.95,89.97,90.82,91.0,91.03,89.5,2222926.0,200241627.0,15:35:15,2026-09-02
sz300437,清水源,11.52,-0.27,-2.29,11.51,11.52,11.79,11.9,11.9,11.36,8339184.0,96100493.0,15:35:30,2026-09-02
sz300438,鹏辉能源,56.2,-1.4,-2.431,56.2,56.21,57.6,57.0,57.02,55.51,12607117.0,707703053.0,15:35:45,2026-09-02
sz300439,美康生物,9.4,-0.17,-1.776,9.4,9.41,9.57,9.51,9.55,9.4,2506261.0,23653322.0,15:35:00,2026-09-02
sz300440,运达科技,20.27,0.05,0.247,20.26,20.27,20.22,20.13,20.32,19.76,7747200.0,155181755.0,15:35:15,2026-09-02
sz300441,鲍斯股份,7.07,0.06,0.856,7.07,7.08,7.01,6.98,7.16,6.96,9119600.0,64635250.0,15:35:30,2026-09-02
sz300442,润泽科技,64.41,-0.54,-0.831,64.41,64.42,64.95,63.98,65.11,63.5,14401746.0,924590649.0,15:35:45,2026-09-02
sz300443,金雷股份,18.74,-0.52,-2.7,18.74,18.75,19.26,19.16,19.36,18.7,4780400.0,89965411.0,15:35:00,2026-09-02
sz300444,双杰电气,9.26,-0.06,-0.644,9.26,9.27,9.32,9.26,9.32,9.1,18663000.0,172208967.0,15:35:15,2026-09-02
sz300445,康斯特,18.44,-0.21,-1.126,18.44,18.47,18.65,18.45,18.63,18.31,1659246.0,30600576.0,15:35:30,2026-09-02
sz300446,航天智造,13.39,0.04,0.3,13.39,13.4,13.35,13.31,13.48,13.18,6102098.0,81394680.0,15:35:45,2026-09-02
sz300447,全信股份,14.55,0.23,1.606,14.53,14.55,14.32,14.17,14.64,14.17,5246100.0,76042614.0,15:35:00,2026-09-02
sz300448,浩云科技,5.89,0.0,0.0,5.89,5.9,5.89,5.82,5.95,5.69,13432629.0,78158013.0,15:35:15,2026-09-02
sz300449,汉邦高科,7.39,0.0,0.0,7.39,7.4,7.39,7.41,7.49,7.28,6522399.0,48179220.0,15:35:30,2026-09-02
sz300450,先导智能,31.93,-0.88,-2.682,31.93,31.94,32.81,32.44,32.45,31.71,26477122.0,846448885.0,15:35:45,2026-09-02
sz300451,创业慧康,3.58,-0.05,-1.377,3.57,3.58,3.63,3.6,3.63,3.54,18332552.0,65584924.0,15:35:00,2026-09-02
sz300452,山河药辅,13.12,0.14,1.079,13.12,13.13,12.98,12.95,13.19,12.81,7183300.0,93660232.0,15:35:15,2026-09-02
sz300453,三鑫医疗,9.3,-0.2,-2.105,9.3,9.31,9.5,9.45,9.46,9.19,10201995.0,94825074.0,15:35:30,2026-09-02
sz300454,深信服,130.35,-4.64,-3.437,130.35,130.36,134.99,131.69,134.99,130.1,9962532.0,1308951054.0,15:35:45,2026-09-02
sz300455,航天智装,17.79,-0.08,-0.448,17.77,17.79,17.87,17.7,17.97,17.62,3876644.0,68988238.0,15:35:00,2026-09-02
sz300456,赛微电子,39.59,-0.09,-0.227,39.59,39.6,39.68,38.91,41.38,38.68,62926327.0,2525547243.0,15:35:15,2026-09-02
sz300457,赢合科技,20.88,-0.52,-2.43,20.88,20.89,21.4,21.2,21.33,20.78,7778564.0,162626165.0,15:35:30,2026-09-02
sz300458,全志科技,33.4,-0.54,-1.591,33.4,33.41,33.94,33.37,34.25,33.37,38099388.0,1287167117.0,15:35:45,2026-09-02
sz300459,汤姆猫,3.76,-0.12,-3.093,3.75,3.76,3.88,3.86,3.89,3.75,130601557.0,495275300.0,15:35:00,2026-09-02
sz300460,ST惠伦,8.91,0.13,1.481,8.9,8.91,8.78,8.71,9.01,8.65,3720200.0,33041855.0,15:35:15,2026-09-02
sz300461,田中精机,31.59,-0.57,-1.772,31.54,31.59,32.16,31.63,32.43,31.44,3650400.0,116269385.0,15:35:30,2026-09-02
sz300462,ST华铭,11.76,-0.09,-0.759,11.74,11.76,11.85,11.77,11.94,11.65,421200.0,4953267.0,15:35:45,2026-09-02
sz300463,迈克生物,9.21,-0.14,-1.497,9.2,9.21,9.35,9.35,9.36,9.19,4077612.0,37642782.0,15:35:00,2026-09-02
sz300464,星徽股份,8.09,0.23,2.926,8.08,8.09,7.86,7.78,8.13,7.45,22121900.0,172261744.0,15:35:15,2026-09-02
sz300465,高伟达,12.32,-0.27,-2.145,12.31,12.32,12.59,12.4,12.45,11.94,16392020.0,199996906.0,15:35:30,2026-09-02
sz300466,赛摩智能,7.5,-0.06,-0.794,7.49,7.5,7.56,7.51,7.59,7.42,5226817.0,39073173.0,15:35:45,2026-09-02
sz300467,迅游科技,35.68,-0.37,-1.026,35.68,35.69,36.05,35.85,36.58,35.53,4480400.0,161948057.0,15:35:00,2026-09-02
sz300468,四方精创,24.43,-0.11,-0.448,24.43,24.44,24.54,23.99,25.61,23.61,65546978.0,1609699259.0,15:35:15,2026-09-02
sz300469,信息发展,53.03,0.46,0.875,53.02,53.03,52.57,52.0,53.56,51.01,3234906.0,171190726.0,15:35:30,2026-09-02
sz300470,中密控股,27.68,-0.44,-1.565,27.68,27.69,28.12,28.0,28.07,27.63,1715668.0,47585688.0,15:35:45,2026-09-02
sz300471,厚普股份,9.96,0.1,1.014,9.95,9.96,9.86,9.91,10.13,9.87,7995745.0,80168469.0,15:35:00,2026-09-02
sz300472,*ST新元,0.0,0.0,0.0,0.0,0.0,7.22,0.0,0.0,0.0,0.0,0.0,15:35:15,2026-09-02
sz300473,德尔股份,27.11,-0.18,-0.66,27.11,27.12,27.29,27.03,27.35,26.7,5660120.0,152913073.0,15:35:30,2026-09-02
sz300474,景嘉微,50.46,-1.0,-1.943,50.46,50.47,51.46,50.96,51.25,50.36,4142837.0,209900822.0,15:35:45,2026-09-02
sz300475,香农芯创,167.8,-1.85,-1.09,167.79,167.8,169.65,166.04,173.9,165.04,26975040.0,4570335435.0,15:35:00,2026-09-02
sz300476,胜宏科技,225.18,-7.8,-3.348,225.17,225.18,232.98,229.0,231.33,224.04,23048401.0,5229124585.0,15:35:15,2026-09-02
sz300477,ST合纵,2.61,-0.05,-1.88,2.61,2.62,2.66,2.64,2.67,2.58,14595743.0,38182120.0,15:35:30,2026-09-02
sz300478,杭州高新,32.36,0.88,2.795,32.35,32.36,31.48,31.12,32.68,29.63,5834810.0,182792823.0,15:35:45,2026-09-02
sz300479,神思电子,15.42,0.01,0.065,15.41,15.42,15.41,15.3,15.65,15.15,5073514.0,78288354.0,15:35:00,2026-09-02
sz300480,光力科技,29.78,-0.57,-1.878,29.78,29.79,30.35,29.97,30.33,29.68,8322900.0,249034651.0,15:35:15,2026-09-02
sz300481,濮阳惠成,14.19,-0.21,-1.458,14.18,14.19,14.4,14.25,14.33,14.08,6105492.0,86628486.0,15:35:30,2026-09-02
sz300482,万孚生物,16.55,-0.16,-0.958,16.54,16.55,16.71,16.67,16.71,16.42,3847850.0,63585891.0,15:35:45,2026-09-02
sz300483,首华燃气,24.3,-0.47,-1.897,24.29,24.3,24.77,24.99,25.68,24.23,20588152.0,513770238.0,15:35:00,2026-09-02
sz300484,蓝海华腾,12.85,-0.07,-0.542,12.84,12.85,12.92,13.0,13.0,12.62,2428880.0,30968837.0,15:35:15,2026-09-02
sz300485,赛升药业,8.62,-0.12,-1.373,8.61,8.62,8.74,8.74,8.74,8.55,4675200.0,40321043.0,15:35:30,2026-09-02
sz300486,东杰智能,17.93,0.17,0.957,17.92,17.93,17.76,17.5,18.2,17.43,9024131.0,161323876.0,15:35:45,2026-09-02
sz300487,蓝晓科技,59.88,-0.91,-1.497,59.87,59.88,60.79,60.19,60.69,59.5,4161840.0,249348015.0,15:35:00,2026-09-02
sz300488,恒锋工具,31.6,-0.11,-0.347,31.59,31.6,31.71,31.4,31.91,31.05,2544483.0,80365172.0,15:35:15,2026-09-02
sz300489,光智科技,229.35,-4.05,-1.735,229.32,229.35,233.4,228.4,237.09,218.18,11741750.0,2665113648.0,15:35:30,2026-09-02
sz300490,华自科技,11.07,-0.18,-1.6,11.07,11.09,11.25,11.14,11.17,10.93,9691700.0,107136975.0,15:35:45,2026-09-02
sz300491,通合科技,33.87,-0.05,-0.147,33.87,33.88,33.92,33.9,34.2,32.81,9103140.0,306506017.0,15:35:00,2026-09-02
sz300492,华图山鼎,23.79,-0.35,-1.45,23.79,23.8,24.14,24.09,24.2,23.5,3190874.0,75806427.0,15:35:15,2026-09-02
sz300493,润欣科技,13.1,-0.17,-1.281,13.1,13.11,13.27,13.16,13.28,13.03,8874000.0,116442737.0,15:35:30,2026-09-02
sz300494,盛天网络,8.38,-0.18,-2.103,8.38,8.39,8.56,8.45,8.6,8.36,8233260.0,69365016.0,15:35:45,2026-09-02
sz300496,中科创达,58.93,-0.51,-0.858,58.93,58.95,59.44,58.8,60.17,58.46,10025442.0,593974194.0,15:35:00,2026-09-02
sz300497,富祥股份,17.31,0.16,0.933,17.3,17.31,17.15,16.97,17.59,16.86,21487756.0,369966044.0,15:35:15,2026-09-02
sz300498,温氏股份,14.49,0.05,0.346,14.49,14.5,14.44,14.46,14.75,14.42,58233657.0,850089985.0,15:35:30,2026-09-02
sz300499,高澜股份,32.43,-0.01,-0.031,32.43,32.44,32.44,31.57,33.28,31.57,27722332.0,906780074.0,15:35:45,2026-09-02
sz300500,启迪设计,9.88,0.01,0.101,9.88,9.9,9.87,9.81,9.98,9.71,3631900.0,35811215.0,15:35:00,2026-09-02
sz300501,海顺新材,10.4,0.08,0.775,10.4,10.43,10.32,10.25,10.49,10.06,3913478.0,40271182.0,15:35:15,2026-09-02
sz300502,新易盛,386.7,-16.11,-3.999,386.68,386.7,402.81,393.0,395.0,378.56,35634250.0,13737044897.0,15:35:30,2026-09-02
sz300503,昊志机电,65.89,-2.14,-3.146,65.88,65.89,68.03,67.0,67.25,65.89,7581544.0,502694638.0,15:35:45,2026-09-02
sz300504,天邑股份,17.8,-0.27,-1.494,17.8,17.81,18.07,17.87,18.0,17.67,6916706.0,123191315.0,15:35:00,2026-09-02
sz300505,川金诺,20.7,-0.75,-3.497,20.7,20.71,21.45,21.7,21.8,20.57,26420911.0,553863335.0,15:35:15,2026-09-02
sz300506,名家汇,5.22,0.06,1.163,5.22,5.23,5.16,5.15,5.4,5.11,27085567.0,142658475.0,15:35:30,2026-09-02
sz300507,苏奥传感,6.66,0.03,0.452,6.65,6.66,6.63,6.61,6.7,6.53,7165100.0,47466620.0,15:35:45,2026-09-02
sz300508,维宏股份,39.68,-0.74,-1.831,39.68,39.7,40.42,39.74,40.34,38.89,2226728.0,87829520.0,15:35:00,2026-09-02
sz300509,新美星,9.32,-0.03,-0.321,9.31,9.32,9.35,9.26,9.39,9.15,4386550.0,40694153.0,15:35:15,2026-09-02
sz300510,金冠股份,3.54,0.01,0.283,3.54,3.55,3.53,3.54,3.57,3.45,22766185.0,80121977.0,15:35:30,2026-09-02
sz300511,雪榕生物,5.39,-0.37,-6.424,5.39,5.4,5.76,5.76,5.79,5.33,67092763.0,365132078.0,15:35:45,2026-09-02
sz300512,中亚股份,7.56,0.13,1.75,7.55,7.56,7.43,7.37,7.6,7.29,4902300.0,36672216.0,15:35:00,2026-09-02
sz300513,恒实科技,7.72,-0.01,-0.129,7.71,7.72,7.73,7.69,7.76,7.6,4816408.0,36943479.0,15:35:15,2026-09-02
sz300514,友讯达,10.48,-0.07,-0.664,10.48,10.49,10.55,10.47,10.55,10.38,1807000.0,18909462.0,15:35:30,2026-09-02
sz300515,三德科技,16.37,0.12,0.738,16.37,16.38,16.25,16.18,16.49,15.97,4283412.0,69717863.0,15:35:45,2026-09-02
sz300516,久之洋,35.14,-0.24,-0.678,35.14,35.15,35.38,35.13,36.06,34.9,9334824.0,330558060.0,15:35:00,2026-09-02
sz300517,海波重科,11.0,-0.13,-1.168,11.0,11.04,11.13,11.07,11.14,10.83,3287667.0,36138113.0,15:35:15,2026-09-02
sz300518,新迅达,26.01,0.5,1.96,26.01,26.02,25.51,25.16,26.2,24.9,9525888.0,245373743.0,15:35:30,2026-09-02
sz300519,新光药业,14.56,-0.54,-3.576,14.56,14.57,15.1,14.96,15.0,14.53,3841400.0,56201355.0,15:35:45,2026-09-02
sz300520,科大国创,24.15,-0.26,-1.065,24.14,24.15,24.41,24.08,24.37,23.82,4929320.0,118768455.0,15:35:00,2026-09-02
sz300521,爱司凯,25.91,0.41,1.608,25.91,25.93,25.5,25.5,26.05,25.1,2966480.0,76008130.0,15:35:15,2026-09-02
sz300522,世名科技,13.83,0.05,0.363,13.83,13.84,13.78,13.6,14.24,13.45,13296023.0,184605169.0,15:35:30,2026-09-02
sz300523,辰安科技,20.79,-0.64,-2.986,20.78,20.79,21.43,21.8,21.8,20.71,3888804.0,81375249.0,15:35:45,2026-09-02
sz300525,博思软件,8.38,-0.11,-1.296,8.37,8.38,8.49,8.43,8.48,8.25,10874967.0,90792521.0,15:35:00,2026-09-02
sz300527,ST应急,8.4,-0.08,-0.943,8.39,8.4,8.48,8.47,8.54,8.4,11272831.0,95483313.0,15:35:15,2026-09-02
sz300528,幸福蓝海,13.12,-0.45,-3.316,13.11,13.12,13.57,13.32,13.6,13.02,10364779.0,137125224.0,15:35:30,2026-09-02
sz300529,健帆生物,15.45,-0.3,-1.905,15.45,15.46,15.75,15.71,15.78,15.42,6241592.0,96613751.0,15:35:45,2026-09-02
sz300530,领湃科技,21.22,0.07,0.331,21.21,21.22,21.15,21.0,22.5,20.99,11154301.0,242130747.0,15:35:00,2026-09-02
sz300531,优博讯,16.95,-0.04,-0.235,16.94,16.95,16.99,16.75,17.08,16.58,8889100.0,149651117.0,15:35:15,2026-09-02
sz300532,今天国际,7.5,0.15,2.041,7.49,7.5,7.35,7.26,7.52,7.26,18270275.0,135705557.0,15:35:30,2026-09-02
sz300533,冰川网络,14.88,-0.26,-1.717,14.88,14.89,15.14,14.91,15.28,14.81,6286010.0,94275904.0,15:35:45,2026-09-02
sz300534,陇神戎发,13.56,-0.41,-2.935,13.56,13.57,13.97,13.9,14.01,13.47,42143750.0,574303943.0,15:35:00,2026-09-02
sz300535,达威股份,16.75,-0.29,-1.702,16.75,16.77,17.04,16.8,17.0,16.58,2054605.0,34409159.0,15:35:15,2026-09-02
sz300536,农尚环境,9.23,0.34,3.825,9.22,9.23,8.89,8.81,9.26,8.8,10002140.0,90896540.0,15:35:30,2026-09-02
sz300537,广信材料,19.99,-0.22,-1.089,19.99,20.0,20.21,19.92,20.14,19.81,3922000.0,78330086.0,15:35:45,2026-09-02
sz300538,同益股份,15.38,-0.27,-1.725,15.38,15.46,15.65,15.69,15.69,15.3,3481300.0,53810021.0,15:35:00,2026-09-02
sz300539,横河精密,18.17,-0.09,-0.493,18.16,18.17,18.26,18.17,18.46,17.93,4489300.0,81744301.0,15:35:15,2026-09-02
sz300540,蜀道装备,27.35,-0.05,-0.182,27.34,27.35,27.4,27.11,28.05,27.03,8975560.0,246474924.0,15:35:30,2026-09-02
sz300541,先进数通,10.09,-0.1,-0.981,10.09,10.1,10.19,10.11,10.19,9.97,5115500.0,51552031.0,15:35:45,2026-09-02
sz300542,新晨科技,13.43,0.03,0.224,13.42,13.43,13.4,13.18,13.51,13.1,13404495.0,178909308.0,15:35:00,2026-09-02
sz300543,朗科智能,7.95,-0.11,-1.365,7.95,7.96,8.06,8.01,8.03,7.86,3728331.0,29650733.0,15:35:15,2026-09-02
sz300545,联得装备,30.0,-0.58,-1.897,30.0,30.01,30.58,30.3,30.6,29.9,6983400.0,210542450.0,15:35:30,2026-09-02
sz300546,雄帝科技,18.71,0.23,1.245,18.7,18.71,18.48,18.2,19.04,17.8,14515899.0,269359575.0,15:35:45,2026-09-02
sz300547,川环科技,27.26,0.13,0.479,27.26,27.27,27.13,26.8,27.76,26.6,5887800.0,161363808.0,15:35:00,2026-09-02
sz300548,长芯博创,202.48,-2.99,-1.455,202.47,202.48,205.47,204.0,204.99,198.01,8942864.0,1801580248.0,15:35:15,2026-09-02
sz300549,优德精密,15.1,0.05,0.332,15.09,15.1,15.05,15.0,15.19,14.8,1886100.0,28348984.0,15:35:30,2026-09-02
sz300550,和仁科技,13.79,-1.12,-7.512,13.79,13.8,14.91,14.92,15.0,13.65,14384674.0,201086417.0,15:35:45,2026-09-02
sz300551,古鳌科技,11.77,0.25,2.17,11.77,11.78,11.52,11.41,11.87,11.27,18455355.0,215175584.0,15:35:00,2026-09-02
sz300552,万集科技,22.53,-0.3,-1.314,22.52,22.53,22.83,22.12,22.64,21.99,7457378.0,166613488.0,15:35:15,2026-09-02
sz300553,集智股份,46.45,-0.97,-2.046,46.45,46.47,47.42,46.76,47.05,45.6,4555668.0,210509841.0,15:35:30,2026-09-02
sz300554,三超新材,21.61,-0.26,-1.189,21.61,21.62,21.87,21.85,21.85,21.45,2010093.0,43479766.0,15:35:45,2026-09-02
sz300555,ST路通,12.87,0.03,0.234,12.87,12.88,12.84,12.77,12.87,12.72,708250.0,9079119.0,15:35:00,2026-09-02
sz300556,丝路视觉,16.99,0.03,0.177,16.98,16.99,16.96,17.05,17.25,16.75,5325948.0,90293461.0,15:35:15,2026-09-02
sz300557,理工光科,27.51,-0.63,-2.239,27.51,27.52,28.14,27.88,27.98,27.46,2667839.0,73804769.0,15:35:30,2026-09-02
sz300558,贝达药业,47.86,-1.76,-3.547,47.86,47.88,49.62,49.62,49.75,47.71,11099942.0,537570924.0,15:35:45,2026-09-02
sz300559,佳发教育,11.21,-0.08,-0.709,11.2,11.21,11.29,11.26,11.44,11.05,5367241.0,60072907.0,15:35:00,2026-09-02
sz300560,中富通,18.2,-0.39,-2.098,18.19,18.2,18.59,18.59,18.74,17.81,10743300.0,193678014.0,15:35:15,2026-09-02
sz300561,汇金科技,16.74,-0.44,-2.561,16.74,16.75,17.18,16.92,17.1,16.66,20363500.0,342766941.0,15:35:30,2026-09-02
sz300562,乐心医疗,18.74,-0.23,-1.212,18.74,18.75,18.97,18.45,18.95,18.16,17321905.0,321605020.0,15:35:45,2026-09-02
sz300563,神宇股份,26.91,0.79,3.025,26.91,26.92,26.12,26.0,27.47,25.79,9172287.0,245509799.0,15:35:00,2026-09-02
sz300564,筑博设计,12.72,-0.06,-0.469,12.72,12.79,12.78,12.76,12.84,12.41,2827000.0,35835092.0,15:35:15,2026-09-02
sz300565,科信技术,10.16,-0.02,-0.196,10.16,10.17,10.18,10.2,10.2,10.0,4560200.0,46135358.0,15:35:30,2026-09-02
sz300566,激智科技,24.89,-0.71,-2.773,24.89,24.9,25.6,24.75,25.09,24.42,14141992.0,349892839.0,15:35:45,2026-09-02
sz300567,精测电子,197.56,-2.89,-1.442,197.53,197.56,200.45,195.65,199.47,192.16,5669516.0,1114330784.0,15:35:00,2026-09-02
sz300568,星源材质,13.9,-0.4,-2.797,13.89,13.9,14.3,13.94,14.09,13.66,45646007.0,633556805.0,15:35:15,2026-09-02
sz300569,天能重工,4.69,-0.08,-1.677,4.69,4.7,4.77,4.74,4.76,4.67,7245935.0,34031009.0,15:35:30,2026-09-02
sz300570,太辰光,189.04,-4.77,-2.461,189.04,189.09,193.81,191.02,192.99,185.69,11098480.0,2090369547.0,15:35:45,2026-09-02
sz300571,平治信息,29.59,-0.38,-1.268,29.59,29.61,29.97,29.54,30.0,29.2,4452650.0,131678958.0,15:35:00,2026-09-02
sz300572,安车检测,24.11,1.93,8.702,24.1,24.11,22.18,22.0,24.16,21.73,9613700.0,225029756.0,15:35:15,2026-09-02
sz300573,兴齐眼药,37.73,-0.78,-2.025,37.72,37.73,38.51,38.39,38.39,37.44,4877946.0,184011309.0,15:35:30,2026-09-02
sz300575,中旗股份,6.19,-0.1,-1.59,6.19,6.2,6.29,6.22,6.29,6.11,12300712.0,76054037.0,15:35:45,2026-09-02
sz300576,容大感光,28.7,-0.46,-1.578,28.69,28.7,29.16,28.76,29.01,28.47,8970180.0,257729259.0,15:35:00,2026-09-02
sz300577,开润股份,19.93,-0.06,-0.3,19.93,19.97,19.99,19.78,20.15,19.5,3022756.0,59813393.0,15:35:15,2026-09-02
sz300578,会畅科技,16.58,0.01,0.06,16.58,16.59,16.57,16.41,16.75,16.27,4702600.0,77449330.0,15:35:30,2026-09-02
sz300579,数字认证,23.61,-0.06,-0.253,23.6,23.61,23.67,23.6,23.84,22.99,5417317.0,127470896.0,15:35:45,2026-09-02
sz300580,贝斯特,19.36,-0.09,-0.463,19.36,19.37,19.45,19.24,19.53,18.96,5909869.0,114050008.0,15:35:00,2026-09-02
sz300581,晨曦航空,10.84,0.28,2.652,10.84,10.85,10.56,10.51,11.23,10.45,41833461.0,458915546.0,15:35:15,2026-09-02
sz300582,英飞特,12.24,-0.89,-6.778,12.24,12.25,13.13,12.8,13.2,12.16,20766867.0,258424881.0,15:35:30,2026-09-02
sz300583,赛托生物,14.08,-0.85,-5.693,14.08,14.1,14.93,14.89,14.92,14.03,9856400.0,140925400.0,15:35:45,2026-09-02
sz300584,海辰药业,31.18,-0.98,-3.047,31.18,31.19,32.16,31.9,32.07,31.07,3111450.0,97468780.0,15:35:00,2026-09-02
sz300585,奥联电子,16.34,0.0,0.0,16.28,16.34,16.34,16.14,16.39,16.02,3398514.0,55132180.0,15:35:15,2026-09-02
sz300586,美联新材,9.39,0.0,0.0,9.38,9.39,9.39,9.28,9.49,9.21,13887533.0,129803849.0,15:35:30,2026-09-02
sz300587,天铁科技,4.97,-0.08,-1.584,4.96,4.97,5.05,5.02,5.08,4.95,20930969.0,104780114.0,15:35:45,2026-09-02
sz300588,熙菱信息,24.53,0.8,3.371,24.53,24.56,23.73,23.5,24.84,23.39,8035300.0,195137444.0,15:35:00,2026-09-02
sz300589,江龙船艇,14.0,0.34,2.489,14.0,14.01,13.66,13.55,14.65,13.5,42942711.0,608658696.0,15:35:15,2026-09-02
sz300590,移为通信,11.26,-0.12,-1.054,11.26,11.27,11.38,11.25,11.34,11.17,9535336.0,107403862.0,15:35:30,2026-09-02
sz300591,万里马,7.67,0.01,0.131,7.67,7.68,7.66,7.59,7.82,7.5,17758750.0,136385467.0,15:35:45,2026-09-02
sz300592,华凯易佰,16.64,-0.03,-0.18,16.64,16.66,16.67,16.47,16.92,16.36,11467164.0,190989772.0,15:35:00,2026-09-02
sz300593,新雷能,31.26,1.0,3.305,31.26,31.27,30.26,29.61,31.48,29.5,20861774.0,642846026.0,15:35:15,2026-09-02
sz300594,ST朗进,14.87,-0.01,-0.067,14.84,14.87,14.88,14.79,14.96,14.58,1269900.0,18769956.0,15:35:30,2026-09-02
sz300595,欧普康视,10.97,-0.2,-1.791,10.97,10.98,11.17,11.08,11.14,10.93,6829740.0,75081512.0,15:35:45,2026-09-02
sz300596,利安隆,40.21,-0.55,-1.349,40.2,40.21,40.76,40.36,40.82,39.98,2484400.0,99985489.0,15:35:00,2026-09-02
sz300597,吉大通信,8.16,0.05,0.617,8.16,8.17,8.11,8.11,8.21,8.01,4211100.0,34207990.0,15:35:15,2026-09-02
sz300598,诚迈科技,34.03,-0.83,-2.381,34.03,34.04,34.86,34.02,34.6,33.8,11442458.0,390521543.0,15:35:30,2026-09-02
sz300599,雄塑科技,12.05,0.05,0.417,12.04,12.05,12.0,11.86,12.14,11.46,8591300.0,101791752.0,15:35:45,2026-09-02
sz300600,国瑞科技,10.42,0.17,1.659,10.42,10.43,10.25,10.21,10.48,10.2,8456900.0,87759179.0,15:35:00,2026-09-02
sz300601,康泰生物,12.95,0.02,0.155,12.95,12.96,12.93,13.05,13.11,12.68,26246631.0,340552476.0,15:35:15,2026-09-02
sz300602,飞荣达,45.48,-0.61,-1.323,45.46,45.48,46.09,46.1,46.26,44.8,20395522.0,927338387.0,15:35:30,2026-09-02
sz300603,立昂技术,8.19,0.0,0.0,8.19,8.2,8.19,8.08,8.24,8.07,10746500.0,87728877.0,15:35:45,2026-09-02
sz300604,长川科技,272.6,-11.67,-4.105,272.6,272.61,284.27,277.0,280.8,265.3,19046945.0,5228130866.0,15:35:00,2026-09-02
sz300605,恒锋信息,10.72,-0.09,-0.833,10.71,10.72,10.81,10.71,10.79,10.52,5837000.0,62296569.0,15:35:15,2026-09-02
sz300606,金太阳,36.68,0.22,0.603,36.68,36.69,36.46,35.85,37.94,35.52,6670100.0,247600580.0,15:35:30,2026-09-02
sz300607,拓斯达,34.66,-1.35,-3.749,34.65,34.66,36.01,37.0,37.37,34.58,35635722.0,1267163914.0,15:35:45,2026-09-02
sz300608,思特奇,10.18,-0.12,-1.165,10.18,10.19,10.3,10.26,10.26,10.05,5826500.0,59179906.0,15:35:00,2026-09-02
sz300609,汇纳科技,25.05,-0.53,-2.072,25.04,25.05,25.58,25.4,25.4,24.75,2038300.0,51009072.0,15:35:15,2026-09-02
sz300610,晨化股份,10.82,0.09,0.839,10.79,10.82,10.73,10.65,10.85,10.5,3611300.0,38499625.0,15:35:30,2026-09-02
sz300611,美力科技,26.34,-0.18,-0.679,26.3,26.34,26.52,26.35,26.59,26.05,4248050.0,111993361.0,15:35:45,2026-09-02
sz300612,宣亚国际,12.61,-0.11,-0.865,12.61,12.62,12.72,12.62,12.94,12.43,6381223.0,80292630.0,15:35:00,2026-09-02
sz300613,富瀚微,77.13,-1.35,-1.72,77.13,77.14,78.48,77.61,79.25,76.95,12353683.0,962189751.0,15:35:15,2026-09-02
sz300614,百川畅银,10.96,-0.15,-1.35,10.96,10.97,11.11,11.0,11.03,10.8,1669894.0,18201123.0,15:35:30,2026-09-02
sz300615,欣天科技,14.5,-0.37,-2.488,14.5,14.51,14.87,14.96,15.15,14.32,13547706.0,197818348.0,15:35:45,2026-09-02
sz300616,尚品宅配,10.6,-0.2,-1.852,10.6,10.63,10.8,10.64,10.76,10.45,3467100.0,36767843.0,15:35:00,2026-09-02
sz300617,安靠智电,38.0,-0.17,-0.445,37.98,38.0,38.17,37.75,38.32,37.3,2374400.0,89843744.0,15:35:15,2026-09-02
sz300618,寒锐钴业,33.52,-0.75,-2.189,33.51,33.52,34.27,33.93,33.93,33.05,4634472.0,154851254.0,15:35:30,2026-09-02
sz300619,金银河,27.27,1.02,3.886,27.27,27.29,26.25,26.21,28.28,26.11,14105480.0,388756837.0,15:35:45,2026-09-02
sz300620,光库科技,284.0,-9.4,-3.204,283.91,284.0,293.4,288.76,289.64,280.08,8797213.0,2499527369.0,15:35:00,2026-09-02
sz300621,维业股份,7.49,0.01,0.134,7.49,7.5,7.48,7.42,7.52,7.32,4433354.0,32956859.0,15:35:15,2026-09-02
sz300622,博士眼镜,16.08,0.0,0.0,16.08,16.09,16.08,15.95,16.58,15.87,19229008.0,312081886.0,15:35:30,2026-09-02
sz300623,捷捷微电,29.54,-0.26,-0.872,29.54,29.55,29.8,29.57,29.86,29.16,13770385.0,406103869.0,15:35:45,2026-09-02
sz300624,万兴科技,55.5,-0.82,-1.456,55.5,55.52,56.32,55.89,56.8,54.9,18836684.0,1048545800.0,15:35:00,2026-09-02
sz300625,三雄极光,9.81,-0.02,-0.203,9.81,9.85,9.83,9.87,9.9,9.65,1554899.0,15203505.0,15:35:15,2026-09-02
sz300626,华瑞股份,27.26,-0.32,-1.16,27.26,27.28,27.58,27.24,27.49,26.7,4389000.0,118768719.0,15:35:30,2026-09-02
sz300627,华测导航,28.19,-0.17,-0.599,28.19,28.2,28.36,28.13,28.54,27.93,6503587.0,183720804.0,15:35:45,2026-09-02
sz300628,亿联网络,41.27,-0.45,-1.079,41.27,41.29,41.72,41.41,42.46,41.01,9321932.0,387047893.0,15:35:00,2026-09-02
sz300629,新劲刚,18.14,-0.01,-0.055,18.14,18.15,18.15,18.01,18.36,17.96,6603790.0,120262026.0,15:35:15,2026-09-02
sz300631,久吾高科,21.85,0.15,0.691,21.8,21.85,21.7,21.7,22.14,21.33,1817900.0,39459400.0,15:35:30,2026-09-02
sz300632,光莆股份,17.75,-0.19,-1.059,17.74,17.75,17.94,17.74,17.98,17.48,6421800.0,113777508.0,15:35:45,2026-09-02
sz300633,开立医疗,19.52,-0.39,-1.959,19.51,19.52,19.91,19.9,19.9,19.44,2807900.0,54914385.0,15:35:00,2026-09-02
sz300634,彩讯股份,20.18,-0.3,-1.465,20.18,20.19,20.48,20.2,20.35,19.98,9456738.0,190552416.0,15:35:15,2026-09-02
sz300635,中达安,12.8,-0.08,-0.621,12.8,12.81,12.88,12.85,12.88,12.57,3110600.0,39537279.0,15:35:30,2026-09-02
sz300636,同和药业,6.92,-0.11,-1.565,6.92,6.93,7.03,6.98,7.0,6.88,4587302.0,31741914.0,15:35:45,2026-09-02
sz300637,扬帆新材,9.68,-0.13,-1.325,9.68,9.7,9.81,9.78,9.79,9.6,4025900.0,39067942.0,15:35:00,2026-09-02
sz300638,广和通,20.07,0.18,0.905,20.07,20.08,19.89,19.73,20.46,19.6,13812905.0,276867900.0,15:35:15,2026-09-02
sz300639,凯普生物,6.07,-0.07,-1.14,6.06,6.07,6.14,6.11,6.13,5.98,9335225.0,56412941.0,15:35:30,2026-09-02
sz300640,德艺文创,7.1,0.16,2.305,7.09,7.1,6.94,6.95,7.13,6.78,12778700.0,89790176.0,15:35:45,2026-09-02
sz300641,正丹股份,14.19,-0.35,-2.407,14.18,14.19,14.54,14.49,14.54,14.11,6238000.0,88742714.0,15:35:00,2026-09-02
sz300642,透景生命,19.2,-1.15,-5.651,19.19,19.2,20.35,19.97,20.1,18.57,37109901.0,706402175.0,15:35:15,2026-09-02
sz300643,万通智控,18.15,-0.03,-0.165,18.14,18.15,18.18,17.99,18.23,17.7,2856200.0,51344997.0,15:35:30,2026-09-02
sz300644,南京聚隆,20.98,0.18,0.865,20.98,20.99,20.8,20.72,21.15,20.46,2078300.0,43210629.0,15:35:45,2026-09-02
sz300645,正元智慧,14.19,-0.02,-0.141,14.19,14.2,14.21,14.18,14.38,13.99,3878990.0,54952742.0,15:35:00,2026-09-02
sz300647,超频三,8.26,-0.15,-1.784,8.25,8.26,8.41,8.52,8.97,7.99,115676991.0,967888607.0,15:35:15,2026-09-02
sz300648,星云股份,39.28,-0.7,-1.751,39.28,39.29,39.98,39.54,39.8,38.9,1326300.0,52150362.0,15:35:30,2026-09-02
sz300649,杭州园林,27.08,0.04,0.148,27.08,27.11,27.04,26.89,28.28,26.33,6443417.0,176147726.0,15:35:45,2026-09-02
sz300650,太龙股份,11.96,-0.02,-0.167,11.96,11.99,11.98,12.0,12.29,11.88,4554045.0,54847239.0,15:35:00,2026-09-02
sz300651,金陵体育,17.35,-0.08,-0.459,17.32,17.35,17.43,17.27,17.52,16.99,3393800.0,58599400.0,15:35:15,2026-09-02
sz300652,雷迪克,28.07,-0.09,-0.32,28.05,28.07,28.16,28.16,28.29,27.57,1273290.0,35434115.0,15:35:30,2026-09-02
sz300653,正海生物,15.25,-0.15,-0.974,15.22,15.25,15.4,15.21,15.34,15.04,1660798.0,25188783.0,15:35:45,2026-09-02
sz300654,世纪天鸿,9.78,-0.25,-2.493,9.78,9.79,10.03,10.0,10.07,9.78,6665000.0,65717042.0,15:35:00,2026-09-02
sz300655,晶瑞电材,12.57,-0.31,-2.407,12.57,12.58,12.88,12.75,12.75,12.54,24698629.0,311492858.0,15:35:15,2026-09-02
sz300656,民德电子,24.61,-0.17,-0.686,24.61,24.64,24.78,24.5,25.05,24.14,3697964.0,90863343.0,15:35:30,2026-09-02
sz300657,弘信电子,35.31,-0.45,-1.258,35.3,35.31,35.76,35.1,35.5,34.6,16748687.0,587909219.0,15:35:45,2026-09-02
sz300658,延江股份,10.35,-0.12,-1.146,10.35,10.36,10.47,10.37,10.43,10.11,6908260.0,70879627.0,15:35:00,2026-09-02
sz300659,中孚信息,10.49,-0.06,-0.569,10.49,10.5,10.55,10.44,10.55,10.35,3421000.0,35778647.0,15:35:15,2026-09-02
sz300660,江苏雷利,24.65,-0.01,-0.041,24.64,24.65,24.66,24.5,24.74,24.26,3778362.0,92533522.0,15:35:30,2026-09-02
sz300661,圣邦股份,110.73,-1.85,-1.643,110.73,110.75,112.58,111.28,111.73,108.47,8863491.0,974407423.0,15:35:45,2026-09-02
sz300662,科锐国际,21.5,0.98,4.776,21.5,21.51,20.52,20.33,21.67,20.22,9118935.0,192487113.0,15:35:00,2026-09-02
sz300663,科蓝软件,8.68,-0.04,-0.459,8.68,8.69,8.72,8.66,8.8,8.4,27916850.0,239967643.0,15:35:15,2026-09-02
sz300664,鹏鹞环保,4.77,-0.01,-0.209,4.77,4.78,4.78,4.76,4.8,4.72,7053229.0,33574119.0,15:35:30,2026-09-02
sz300665,飞鹿股份,9.72,-0.14,-1.42,9.72,9.73,9.86,9.76,9.83,9.51,7495300.0,72395773.0,15:35:45,2026-09-02
sz300666,江丰电子,225.44,-3.38,-1.477,225.44,225.49,228.82,223.66,228.3,221.0,7766294.0,1742616627.0,15:35:00,2026-09-02
sz300667,必创科技,14.91,-0.11,-0.732,14.9,14.91,15.02,14.82,15.0,14.75,3496400.0,52047718.0,15:35:15,2026-09-02
sz300668,杰恩股份,31.9,-0.77,-2.357,31.9,31.93,32.67,32.25,32.37,31.63,2453800.0,78446638.0,15:35:30,2026-09-02
sz300669,沪宁股份,23.63,-0.3,-1.254,23.63,23.67,23.93,24.09,24.38,23.61,1783100.0,42628935.0,15:35:45,2026-09-02
sz300670,大烨智能,7.4,0.25,3.497,7.39,7.4,7.15,7.1,7.55,7.03,17655650.0,130082836.0,15:35:00,2026-09-02
sz300671,富满微,53.47,-1.33,-2.427,53.47,53.48,54.8,53.53,54.23,52.9,8017090.0,429353936.0,15:35:15,2026-09-02
sz300672,国科微,184.72,7.18,4.044,184.72,184.73,177.54,175.0,188.5,173.95,14047730.0,2599168218.0,15:35:30,2026-09-02
sz300673,佩蒂股份,14.45,0.8,5.861,14.45,14.46,13.65,13.56,14.63,13.56,9708420.0,138474856.0,15:35:45,2026-09-02
sz300674,宇信科技,17.51,-0.25,-1.408,17.5,17.51,17.76,17.5,17.71,17.26,20795301.0,363586821.0,15:35:00,2026-09-02
sz300675,建科院,13.5,-0.11,-0.808,13.46,13.5,13.61,13.55,13.62,13.32,2309400.0,31142637.0,15:35:15,2026-09-02
sz300676,华大基因,37.8,-0.91,-2.351,37.8,37.81,38.71,38.51,38.8,37.72,7285848.0,276680198.0,15:35:30,2026-09-02
sz300677,英科医疗,55.29,-2.21,-3.843,55.26,55.29,57.5,57.45,58.0,55.0,8672380.0,483879622.0,15:35:45,2026-09-02
sz300678,中科信息,22.94,-0.38,-1.63,22.93,22.94,23.32,23.02,23.29,22.71,4556511.0,104397077.0,15:35:00,2026-09-02
sz300679,电连技术,46.31,-1.21,-2.546,46.31,46.32,47.52,46.5,46.88,45.4,16834574.0,777643208.0,15:35:15,2026-09-02
sz300680,隆盛科技,20.31,0.29,1.449,20.31,20.32,20.02,19.9,20.45,19.62,6947496.0,138785269.0,15:35:30,2026-09-02
sz300681,英搏尔,20.8,-0.15,-0.716,20.8,20.81,20.95,20.54,20.95,20.4,6496728.0,134481413.0,15:35:45,2026-09-02
sz300682,朗新科技,9.5,-0.18,-1.86,9.5,9.51,9.68,9.58,9.64,9.42,9714900.0,92112780.0,15:35:00,2026-09-02
sz300683,海特生物,25.13,-0.39,-1.528,25.13,25.15,25.52,25.32,25.41,24.88,3247566.0,81547803.0,15:35:15,2026-09-02
sz300684,中石科技,88.64,-6.56,-6.891,88.64,88.67,95.2,95.0,95.99,88.01,28837530.0,2616857650.0,15:35:30,2026-09-02
sz300685,艾德生物,17.18,-0.17,-0.98,17.17,17.18,17.35,17.38,17.39,17.11,5009640.0,86324621.0,15:35:45,2026-09-02
sz300686,智动力,15.09,-0.09,-0.593,15.09,15.1,15.18,14.9,15.3,14.75,5408400.0,81255421.0,15:35:00,2026-09-02
sz300687,赛意信息,29.62,-0.4,-1.332,29.62,29.63,30.02,29.71,30.01,29.14,16702178.0,492876040.0,15:35:15,2026-09-02
sz300688,创业黑马,30.74,-0.91,-2.875,30.69,30.74,31.65,31.65,31.65,30.5,6449100.0,198790529.0,15:35:30,2026-09-02
sz300689,澄天伟业,54.0,-0.6,-1.099,53.97,54.0,54.6,54.5,54.99,53.1,1641556.0,88571889.0,15:35:45,2026-09-02
sz300690,双一科技,23.66,-0.29,-1.211,23.65,23.66,23.95,23.7,23.95,23.48,5913255.0,140022547.0,15:35:00,2026-09-02
sz300691,联合光电,14.98,-0.07,-0.465,14.97,14.98,15.05,14.92,15.08,14.83,2910300.0,43539056.0,15:35:15,2026-09-02
sz300692,中赋科技,9.25,0.2,2.21,9.24,9.25,9.05,9.07,9.27,8.95,19044080.0,174269241.0,15:35:30,2026-09-02
sz300693,盛弘股份,39.47,-0.49,-1.226,39.47,39.48,39.96,39.61,39.9,39.07,7574685.0,298822644.0,15:35:45,2026-09-02
sz300694,蠡湖股份,10.72,-0.09,-0.833,10.71,10.72,10.81,10.78,10.84,10.58,2954200.0,31602101.0,15:35:00,2026-09-02
sz300695,兆丰股份,50.42,-0.46,-0.904,50.42,50.48,50.88,50.38,51.38,49.28,1907800.0,96416670.0,15:35:15,2026-09-02
sz300696,爱乐达,21.08,0.17,0.813,21.08,21.09,20.91,20.76,21.78,20.69,9050084.0,192739738.0,15:35:30,2026-09-02
sz300697,电工合金,15.12,-0.13,-0.852,15.11,15.12,15.25,14.99,15.34,14.55,14012144.0,209550005.0,15:35:45,2026-09-02
sz300698,万马科技,26.94,-0.35,-1.283,26.93,26.94,27.29,26.77,27.18,26.7,2331800.0,62780203.0,15:35:00,2026-09-02
sz300699,光威复材,24.28,-0.04,-0.164,24.27,24.28,24.32,24.27,24.56,23.97,9725200.0,235918186.0,15:35:15,2026-09-02
sz300700,岱勒新材,20.06,0.15,0.753,20.05,20.06,19.91,19.56,20.22,19.46,6191523.0,122855542.0,15:35:30,2026-09-02
sz300701,森霸传感,10.23,-0.09,-0.872,10.23,10.25,10.32,10.28,10.36,10.16,2746637.0,28124699.0,15:35:45,2026-09-02
sz300702,天宇股份,21.77,0.03,0.138,21.76,21.77,21.74,22.0,22.04,21.48,1703400.0,37023015.0,15:35:00,2026-09-02
sz300703,创源股份,13.95,-0.18,-1.274,13.95,13.96,14.13,14.13,14.13,13.75,3171986.0,44155434.0,15:35:15,2026-09-02
sz300705,九典制药,11.1,-0.13,-1.158,11.1,11.11,11.23,11.17,11.19,11.02,4265300.0,47383925.0,15:35:30,2026-09-02
sz300706,阿石创,48.84,-0.8,-1.612,48.84,48.85,49.64,49.0,49.31,48.21,4598960.0,224343017.0,15:35:45,2026-09-02
sz300707,威唐工业,12.29,-0.01,-0.081,12.28,12.29,12.3,12.26,12.33,12.05,2589230.0,31555432.0,15:35:00,2026-09-02
sz300708,聚灿光电,8.58,0.3,3.623,8.57,8.58,8.28,8.22,8.68,8.17,41124068.0,349946293.0,15:35:15,2026-09-02
sz300709,精研科技,45.2,0.17,0.378,45.19,45.2,45.03,45.84,46.8,44.9,22137910.0,1015087056.0,15:35:30,2026-09-02
sz300710,万隆光电,31.22,-0.22,-0.7,31.22,31.24,31.44,30.86,31.85,30.84,3455000.0,108686240.0,15:35:45,2026-09-02
sz300711,广哈通信,18.7,-0.12,-0.638,18.69,18.7,18.82,18.31,19.09,18.24,7031664.0,132190349.0,15:35:00,2026-09-02
sz300712,永福股份,20.08,-0.25,-1.23,20.07,20.08,20.33,20.2,20.35,19.92,1143200.0,22947120.0,15:35:15,2026-09-02
sz300713,英可瑞,13.61,-0.04,-0.293,13.6,13.61,13.65,13.63,13.69,13.39,1912300.0,25895695.0,15:35:30,2026-09-02
sz300715,凯伦股份,14.04,-0.39,-2.703,14.04,14.05,14.43,14.58,14.58,14.04,6371200.0,90272036.0,15:35:45,2026-09-02
sz300716,*ST泉为,18.73,-0.05,-0.266,18.73,18.79,18.78,18.78,19.0,18.53,1244050.0,23340701.0,15:35:00,2026-09-02
sz300717,华信新材,19.03,0.23,1.223,19.02,19.03,18.8,18.8,19.24,18.4,2763900.0,52114792.0,15:35:15,2026-09-02
sz300718,长盛轴承,55.29,-1.3,-2.297,55.29,55.3,56.59,55.07,55.89,55.0,4286551.0,237056096.0,15:35:30,2026-09-02
sz300719,安达维尔,12.61,0.17,1.367,12.61,12.62,12.44,12.4,12.75,12.4,6582100.0,83060644.0,15:35:45,2026-09-02
sz300720,海川智能,66.72,-3.07,-4.399,66.72,66.73,69.79,68.11,69.2,66.0,10049253.0,674359160.0,15:35:00,2026-09-02
sz300721,怡达股份,22.3,-0.65,-2.832,22.29,22.3,22.95,22.72,23.07,22.13,5689200.0,127622601.0,15:35:15,2026-09-02
sz300722,新余国科,23.05,0.81,3.642,23.05,23.06,22.24,22.02,23.31,22.01,11261722.0,258266541.0,15:35:30,2026-09-02
sz300723,一品红,36.9,0.83,2.301,36.9,36.91,36.07,35.79,38.06,35.76,12478512.0,464229792.0,15:35:45,2026-09-02
sz300724,捷佳伟创,53.89,-1.51,-2.726,53.89,53.9,55.4,55.02,55.02,53.8,6103844.0,330068095.0,15:35:00,2026-09-02
sz300725,药石科技,43.44,-0.86,-1.941,43.43,43.44,44.3,44.5,44.74,43.2,14300881.0,626128399.0,15:35:15,2026-09-02
sz300726,宏达电子,52.49,-1.56,-2.886,52.48,52.49,54.05,53.51,53.76,52.07,8575705.0,452768309.0,15:35:30,2026-09-02
sz300727,润禾材料,30.6,0.58,1.932,30.6,30.61,30.02,30.07,30.93,29.84,5297262.0,161248008.0,15:35:45,2026-09-02
sz300729,乐歌股份,10.71,0.0,0.0,10.71,10.72,10.71,10.66,10.77,10.52,2622220.0,27990178.0,15:35:00,2026-09-02
sz300730,科创信息,11.75,-0.09,-0.76,11.73,11.75,11.84,11.75,11.85,11.58,3290750.0,38543053.0,15:35:15,2026-09-02
sz300731,科创新源,47.59,1.74,3.795,47.59,47.6,45.85,45.74,48.79,45.35,11022021.0,525952220.0,15:35:30,2026-09-02
sz300732,设研院,6.12,0.02,0.328,6.11,6.12,6.1,6.09,6.14,5.98,7826054.0,47467935.0,15:35:45,2026-09-02
sz300733,西菱动力,13.77,-0.01,-0.073,13.75,13.77,13.78,13.7,13.89,13.58,3496658.0,48022172.0,15:35:00,2026-09-02
sz300735,光弘科技,20.26,-0.35,-1.698,20.26,20.27,20.61,20.31,20.87,20.19,10604610.0,216294997.0,15:35:15,2026-09-02
sz300736,百邦科技,30.34,-0.75,-2.412,30.34,30.35,31.09,30.6,30.61,29.89,6207500.0,187710747.0,15:35:30,2026-09-02
sz300737,科顺股份,4.77,-0.13,-2.653,4.77,4.78,4.9,4.87,4.88,4.71,20106582.0,95915905.0,15:35:45,2026-09-02
sz300738,奥飞数据,19.95,-0.23,-1.14,19.95,19.96,20.18,19.9,20.17,19.82,26641669.0,531699079.0,15:35:00,2026-09-02
sz300739,明阳电路,22.58,-0.31,-1.354,22.57,22.58,22.89,22.5,22.87,22.48,4747901.0,107476385.0,15:35:15,2026-09-02
sz300740,水羊股份,22.9,-0.75,-3.171,22.9,22.92,23.65,23.55,23.85,22.84,25643830.0,599248157.0,15:35:30,2026-09-02
sz300741,华宝股份,15.38,0.38,2.533,15.37,15.38,15.0,14.9,15.44,14.85,4765370.0,72416887.0,15:35:45,2026-09-02
sz300743,天地数码,14.98,-0.06,-0.399,14.98,14.99,15.04,14.93,15.07,14.78,2381797.0,35544963.0,15:35:00,2026-09-02
sz300745,欣锐科技,28.1,-0.21,-0.742,28.1,28.12,28.31,27.91,28.64,27.61,5647892.0,158618759.0,15:35:15,2026-09-02
sz300746,汉嘉数智,14.67,-0.15,-1.012,14.67,14.68,14.82,14.79,14.82,14.39,3926200.0,57210105.0,15:35:30,2026-09-02
sz300747,锐科激光,37.38,-0.48,-1.268,37.38,37.39,37.86,37.09,37.86,37.04,12851974.0,480217610.0,15:35:45,2026-09-02
sz300748,金力永磁,25.85,-0.64,-2.416,25.84,25.85,26.49,26.23,26.23,25.54,17493802.0,451142390.0,15:35:00,2026-09-02
sz300749,顶固集创,25.09,-0.22,-0.869,25.08,25.09,25.31,25.14,25.28,24.7,2000700.0,49975741.0,15:35:15,2026-09-02
sz300750,宁德时代,348.29,-9.81,-2.739,348.29,348.3,358.1,355.98,356.5,347.55,27806728.0,9720135917.0,15:35:30,2026-09-02
sz300751,迈为股份,205.09,-2.02,-0.975,205.09,205.49,207.11,205.18,208.5,199.37,5331697.0,1087678951.0,15:35:45,2026-09-02
sz300752,隆利科技,11.38,-0.16,-1.386,11.37,11.38,11.54,11.35,11.5,11.3,3991382.0,45482626.0,15:35:00,2026-09-02
sz300753,爱朋医疗,22.44,-0.4,-1.751,22.44,22.45,22.84,22.5,22.82,21.97,5162130.0,115112020.0,15:35:15,2026-09-02
sz300755,华致酒行,11.29,-0.18,-1.569,11.28,11.29,11.47,11.36,11.47,11.19,3163717.0,35827566.0,15:35:30,2026-09-02
sz300756,金马游乐,29.65,-0.3,-1.002,29.65,29.69,29.95,29.9,30.17,29.32,2102460.0,62531794.0,15:35:45,2026-09-02
sz300757,罗博特科,582.7,20.2,3.591,582.69,582.7,562.5,560.64,593.9,550.0,7395973.0,4247483376.0,15:35:00,2026-09-02
sz300758,七彩化学,11.73,-0.55,-4.479,11.73,11.74,12.28,12.05,12.17,11.56,18301451.0,215702866.0,15:35:15,2026-09-02
sz300759,康龙化成,42.05,-0.55,-1.291,42.05,42.06,42.6,42.6,42.99,41.59,38021383.0,1609238196.0,15:35:30,2026-09-02
sz300760,迈瑞医疗,167.92,-1.16,-0.686,167.9,167.92,169.08,168.36,169.54,166.3,8492598.0,1427502652.0,15:35:45,2026-09-02
sz300761,立华股份,20.48,0.28,1.386,20.46,20.48,20.2,20.22,20.68,20.12,8849383.0,180967861.0,15:35:00,2026-09-02
sz300762,上海瀚讯,28.29,-0.38,-1.325,28.29,28.3,28.67,28.29,28.62,28.05,11081896.0,313359740.0,15:35:15,2026-09-02
sz300763,锦浪科技,57.88,-1.65,-2.772,57.88,57.89,59.53,58.96,59.06,57.86,6834201.0,398871812.0,15:35:30,2026-09-02
sz300765,石药创新,44.5,-0.04,-0.09,44.5,44.51,44.54,44.63,46.49,44.5,25190848.0,1144856187.0,15:35:45,2026-09-02
sz300766,每日互动,22.29,-0.3,-1.328,22.29,22.3,22.59,22.2,22.71,22.15,15749079.0,352208754.0,15:35:00,2026-09-02
sz300767,震安科技,18.91,-0.16,-0.839,18.89,18.91,19.07,18.91,19.06,18.63,4719938.0,88992206.0,15:35:15,2026-09-02
sz300768,迪普科技,15.0,-0.13,-0.859,14.99,15.0,15.13,15.0,15.09,14.87,3912936.0,58559126.0,15:35:30,2026-09-02
sz300769,德方纳米,42.93,-1.53,-3.441,42.92,42.93,44.46,43.98,43.98,42.68,9924064.0,427290479.0,15:35:45,2026-09-02
sz300770,新媒股份,34.91,-0.77,-2.158,34.91,34.94,35.68,35.41,35.68,34.7,2625700.0,91955281.0,15:35:00,2026-09-02
sz300771,智莱科技,11.83,-0.17,-1.417,11.83,11.85,12.0,11.88,11.99,11.75,3941660.0,46735396.0,15:35:15,2026-09-02
sz300772,运达股份,9.27,-0.26,-2.728,9.27,9.28,9.53,9.46,9.5,9.27,16483893.0,153744014.0,15:35:30,2026-09-02
sz300773,拉卡拉,16.11,-0.35,-2.126,16.1,16.11,16.46,16.18,16.4,15.91,57483728.0,926749868.0,15:35:45,2026-09-02
sz300774,倍杰特,11.03,-0.2,-1.781,11.03,11.04,11.23,11.07,11.11,10.74,5805089.0,63476670.0,15:35:00,2026-09-02
sz300775,三角防务,21.76,-0.27,-1.226,21.75,21.76,22.03,22.0,22.16,21.71,13252900.0,289944403.0,15:35:15,2026-09-02
sz300776,帝尔激光,107.6,-1.61,-1.474,107.6,107.61,109.21,107.72,109.3,106.0,4054965.0,436668048.0,15:35:30,2026-09-02
sz300777,中简科技,23.35,0.06,0.258,23.35,23.36,23.29,23.15,23.57,22.95,5493270.0,127805323.0,15:35:45,2026-09-02
sz300778,新城市,10.87,-0.08,-0.731,10.86,10.88,10.95,10.95,10.95,10.63,3678780.0,39779432.0,15:35:00,2026-09-02
sz300779,惠城环保,58.41,-3.02,-4.916,58.4,58.41,61.43,60.4,60.4,55.8,12217686.0,708264717.0,15:35:15,2026-09-02
sz300780,德恩精工,19.69,-0.1,-0.505,19.69,19.7,19.79,19.72,19.92,19.39,3467200.0,68255547.0,15:35:30,2026-09-02
sz300781,因赛集团,28.44,-0.68,-2.335,28.44,28.45,29.12,28.88,29.42,28.28,6052449.0,173152644.0,15:35:45,2026-09-02
sz300782,卓胜微,73.5,-2.02,-2.675,73.5,73.51,75.52,74.5,74.92,73.38,6887295.0,509084321.0,15:35:00,2026-09-02
sz300783,三只松鼠,17.59,-0.24,-1.346,17.59,17.6,17.83,17.78,17.85,17.51,5306774.0,93589343.0,15:35:15,2026-09-02
sz300784,利安科技,42.64,0.36,0.851,42.6,42.64,42.28,41.9,42.78,41.5,728700.0,30785650.0,15:35:30,2026-09-02
sz300785,值得买,35.78,-0.67,-1.838,35.77,35.78,36.45,35.82,36.6,35.38,10259178.0,368311204.0,15:35:45,2026-09-02
sz300786,国林科技,14.81,-0.18,-1.201,14.81,14.82,14.99,14.9,14.91,14.65,5512900.0,81473885.0,15:35:00,2026-09-02
sz300787,海能实业,10.29,-0.02,-0.194,10.29,10.3,10.31,10.24,10.46,10.17,4459000.0,45891517.0,15:35:15,2026-09-02
sz300788,中信出版,24.85,-0.53,-2.088,24.85,24.87,25.38,25.13,25.43,24.68,3269000.0,81494714.0,15:35:30,2026-09-02
sz300789,唐源电气,17.02,-0.26,-1.505,17.02,17.04,17.28,17.28,17.35,16.9,2728705.0,46600875.0,15:35:45,2026-09-02
sz300790,宇瞳光学,18.85,0.04,0.213,18.84,18.85,18.81,18.59,19.05,18.4,13099060.0,246407477.0,15:35:00,2026-09-02
sz300791,仙乐健康,18.01,0.16,0.896,18.0,18.01,17.85,17.9,18.14,17.73,1859572.0,33336884.0,15:35:15,2026-09-02
sz300792,壹网壹创,26.09,-1.09,-4.01,26.09,26.1,27.18,26.99,27.92,26.05,25070802.0,667808471.0,15:35:30,2026-09-02
sz300793,佳禾智能,11.91,0.02,0.168,11.9,11.91,11.89,11.82,11.98,11.79,5114280.0,60904309.0,15:35:45,2026-09-02
sz300795,米奥会展,13.06,-0.5,-3.687,13.06,13.07,13.56,13.3,13.64,12.81,20043734.0,263038648.0,15:35:00,2026-09-02
sz300796,贝斯美,7.12,-0.1,-1.385,7.11,7.12,7.22,7.19,7.19,7.05,5665254.0,40271626.0,15:35:15,2026-09-02
sz300797,钢研纳克,13.42,-0.3,-2.187,13.42,13.43,13.72,13.55,13.66,13.38,4647602.0,62653309.0,15:35:30,2026-09-02
sz300798,锦鸡股份,8.99,-0.48,-5.069,8.99,9.0,9.47,9.39,9.59,8.68,60939241.0,550037907.0,15:35:45,2026-09-02
sz300800,力合科技,10.36,-0.07,-0.671,10.36,10.41,10.43,10.33,10.45,10.23,2157900.0,22323985.0,15:35:00,2026-09-02
sz300801,泰和科技,22.36,-0.51,-2.23,22.36,22.37,22.87,22.6,22.61,22.13,2949700.0,65911855.0,15:35:15,2026-09-02
sz300802,矩子科技,22.91,-0.67,-2.841,22.91,22.93,23.58,23.3,23.41,22.91,5141162.0,118815167.0,15:35:30,2026-09-02
sz300803,指南针,84.16,-2.39,-2.761,84.16,84.17,86.55,85.2,85.89,83.66,13949257.0,1180338867.0,15:35:45,2026-09-02
sz300804,广康生化,45.15,0.74,1.666,45.13,45.15,44.41,44.4,46.19,43.88,905600.0,40735978.0,15:35:00,2026-09-02
sz300805,电声股份,8.56,-0.18,-2.059,8.56,8.57,8.74,8.63,8.72,8.48,10031515.0,86029196.0,15:35:15,2026-09-02
sz300806,斯迪克,47.55,0.19,0.401,47.55,47.56,47.36,46.08,48.3,45.76,18300762.0,865619786.0,15:35:30,2026-09-02
sz300807,天迈科技,39.05,-0.36,-0.913,39.05,39.18,39.41,39.34,39.39,38.82,783779.0,30679709.0,15:35:45,2026-09-02
sz300808,久量股份,21.37,0.88,4.295,21.37,21.38,20.49,20.66,22.8,20.66,6812500.0,148147741.0,15:35:00,2026-09-02
sz300809,华辰装备,24.16,0.07,0.291,24.15,24.16,24.09,23.69,24.37,23.6,3277411.0,78962605.0,15:35:15,2026-09-02
sz300810,中科海讯,25.26,-0.13,-0.512,25.26,25.27,25.39,25.3,25.61,24.96,2583700.0,65269894.0,15:35:30,2026-09-02
sz300811,铂科新材,73.21,-2.45,-3.238,73.21,73.22,75.66,74.74,74.74,72.6,9279105.0,681502339.0,15:35:45,2026-09-02
sz300812,易天股份,19.2,-0.22,-1.133,19.19,19.2,19.42,19.1,19.32,18.94,3505604.0,67135888.0,15:35:00,2026-09-02
sz300813,泰林生物,20.85,-0.45,-2.113,20.81,20.85,21.3,20.89,21.21,20.72,1979700.0,41404340.0,15:35:15,2026-09-02
sz300814,中富电路,128.85,-0.92,-0.709,128.85,128.87,129.77,128.27,131.8,127.0,4139833.0,535284173.0,15:35:30,2026-09-02
sz300815,玉禾田,15.36,-0.29,-1.853,15.35,15.36,15.65,15.55,15.58,15.26,4285720.0,65904008.0,15:35:45,2026-09-02
sz300816,艾可蓝,64.98,-3.4,-4.972,64.96,64.98,68.38,66.81,66.97,63.0,5448667.0,351877083.0,15:35:00,2026-09-02
sz300817,双飞集团,16.8,-0.19,-1.118,16.79,16.8,16.99,16.81,17.2,16.53,3585144.0,60437619.0,15:35:15,2026-09-02
sz300818,耐普矿机,18.4,-0.31,-1.657,18.39,18.4,18.71,18.72,18.85,18.1,2833160.0,52098927.0,15:35:30,2026-09-02
sz300819,聚杰微纤,45.5,0.05,0.11,45.5,45.53,45.45,44.73,47.44,44.73,3560700.0,164819054.0,15:35:45,2026-09-02
sz300820,英杰电气,57.21,-1.44,-2.455,57.2,57.21,58.65,58.0,58.59,57.11,3880810.0,223213726.0,15:35:00,2026-09-02
sz300821,东岳硅材,15.45,-0.46,-2.891,15.45,15.46,15.91,15.64,15.83,15.43,37298704.0,581005177.0,15:35:15,2026-09-02
sz300822,贝仕达克,12.03,-0.28,-2.275,12.03,12.04,12.31,12.14,12.4,11.95,7179165.0,86637756.0,15:35:30,2026-09-02
sz300823,建科智能,15.15,0.0,0.0,15.15,15.16,15.15,15.01,15.18,14.88,2885600.0,43373888.0,15:35:45,2026-09-02
sz300824,北鼎股份,7.94,-0.06,-0.75,7.94,7.95,8.0,7.96,8.0,7.84,3014806.0,23888788.0,15:35:00,2026-09-02
sz300825,阿尔特,12.17,0.04,0.33,12.16,12.17,12.13,11.95,12.33,11.83,24578293.0,297869421.0,15:35:15,2026-09-02
sz300826,测绘股份,14.86,-0.14,-0.933,14.86,14.88,15.0,15.0,15.0,14.55,3410452.0,50388150.0,15:35:30,2026-09-02
sz300827,上能电气,24.06,-0.54,-2.195,24.06,24.07,24.6,24.5,24.5,24.05,5819489.0,140535001.0,15:35:45,2026-09-02
sz300828,锐新科技,16.43,-0.12,-0.725,16.43,16.44,16.55,16.73,16.73,16.27,3051800.0,50151623.0,15:35:00,2026-09-02
sz300829,金丹科技,15.74,-0.28,-1.748,15.74,15.75,16.02,15.63,16.08,15.2,8178377.0,126782235.0,15:35:15,2026-09-02
sz300830,金现代,8.41,-0.03,-0.355,8.4,8.41,8.44,8.34,8.47,8.26,7648700.0,64024559.0,15:35:30,2026-09-02
sz300831,ST派瑞,15.2,0.04,0.264,15.2,15.23,15.16,15.1,15.69,15.04,3841097.0,59068946.0,15:35:45,2026-09-02
sz300832,新产业,50.65,-0.05,-0.099,50.65,50.68,50.7,50.5,51.32,50.33,4205920.0,213981557.0,15:35:00,2026-09-02
sz300833,浩洋股份,41.17,-1.22,-2.878,41.17,41.18,42.39,41.63,42.38,41.0,1513483.0,62970496.0,15:35:15,2026-09-02
sz300834,星辉环材,39.62,-0.41,-1.024,39.62,39.63,40.03,33.23,40.9,33.23,2084768.0,81901514.0,15:35:30,2026-09-02
sz300835,龙磁科技,160.37,-0.58,-0.36,160.36,160.37,160.95,159.0,161.48,156.07,1477841.0,234809504.0,15:35:45,2026-09-02
sz300836,佰奥智能,49.03,-0.71,-1.427,49.03,49.07,49.74,49.03,49.64,47.7,1387458.0,67554225.0,15:35:00,2026-09-02
sz300837,浙矿股份,23.42,-0.16,-0.679,23.42,23.43,23.58,23.4,23.62,22.93,1441700.0,33465303.0,15:35:15,2026-09-02
sz300838,浙江力诺,14.84,0.1,0.678,14.83,14.84,14.74,14.57,14.91,14.57,3274200.0,48286436.0,15:35:30,2026-09-02
sz300839,博汇股份,12.55,-0.3,-2.335,12.54,12.55,12.85,13.0,13.54,12.33,23398576.0,301714793.0,15:35:45,2026-09-02
sz300840,酷特智能,20.31,-0.24,-1.168,20.31,20.32,20.55,20.55,20.71,20.08,7050564.0,143638485.0,15:35:00,2026-09-02
sz300841,康华生物,50.9,-1.84,-3.489,50.9,50.91,52.74,52.98,52.98,50.88,3508404.0,180615212.0,15:35:15,2026-09-02
sz300842,帝科股份,64.2,-2.48,-3.719,64.2,64.22,66.68,65.35,66.07,63.6,4351924.0,281281343.0,15:35:30,2026-09-02
sz300843,胜蓝股份,126.4,-0.6,-0.472,126.4,126.45,127.0,124.98,129.72,124.2,5486035.0,695445020.0,15:35:45,2026-09-02
sz300844,山水比德,24.78,-0.42,-1.667,24.78,24.83,25.2,24.94,25.12,24.5,1302948.0,32235328.0,15:35:00,2026-09-02
sz300845,捷安高科,13.63,-0.01,-0.073,13.63,13.64,13.64,13.54,14.07,13.4,7861702.0,107846477.0,15:35:15,2026-09-02
sz300846,首都在线,19.72,0.28,1.44,19.72,19.73,19.44,19.17,20.0,19.12,22952379.0,448558736.0,15:35:30,2026-09-02
sz300847,中船汉光,14.21,0.0,0.0,14.21,14.22,14.21,14.0,14.32,13.98,3818350.0,54330828.0,15:35:45,2026-09-02
sz300848,美瑞新材,12.02,0.05,0.418,12.02,12.03,11.97,11.95,12.06,11.73,2612447.0,31194871.0,15:35:00,2026-09-02
sz300849,锦盛新材,23.1,1.02,4.62,23.09,23.1,22.08,22.03,23.24,21.66,3847600.0,87339086.0,15:35:15,2026-09-02
sz300850,新强联,27.12,-0.26,-0.95,27.11,27.12,27.38,27.49,27.98,27.06,17755582.0,489448758.0,15:35:30,2026-09-02
sz300851,交大思诺,24.5,-0.1,-0.407,24.47,24.5,24.6,24.51,24.65,24.12,778500.0,19037757.0,15:35:45,2026-09-02
sz300852,四会富仕,44.39,-0.94,-2.074,44.39,44.4,45.33,44.88,45.0,43.91,4227668.0,188048454.0,15:35:00,2026-09-02
sz300853,申昊科技,28.5,0.64,2.297,28.5,28.51,27.86,27.88,28.95,27.09,4683620.0,132452858.0,15:35:15,2026-09-02
sz300854,中兰环保,17.66,0.24,1.378,17.65,17.66,17.42,17.3,17.85,17.04,3831112.0,66738513.0,15:35:30,2026-09-02
sz300855,图南股份,35.2,0.73,2.118,35.17,35.2,34.47,34.15,35.45,33.8,8137463.0,283844090.0,15:35:45,2026-09-02
sz300856,科思股份,10.78,-0.09,-0.828,10.77,10.78,10.87,10.81,10.87,10.53,5651237.0,60283636.0,15:35:00,2026-09-02
sz300857,协创数据,262.05,7.56,2.971,262.03,262.05,254.49,247.0,266.66,246.08,21518659.0,5572557755.0,15:35:15,2026-09-02
sz300858,科拓生物,14.39,-0.38,-2.573,14.39,14.41,14.77,14.67,14.75,14.38,2645587.0,38222448.0,15:35:30,2026-09-02
sz300859,西域旅游,29.4,0.78,2.725,29.4,29.41,28.62,28.31,29.99,28.1,11542878.0,339387329.0,15:35:45,2026-09-02
sz300860,锋尚文化,27.83,-0.08,-0.287,27.83,27.84,27.91,27.7,27.96,27.33,1297957.0,35915427.0,15:35:00,2026-09-02
sz300861,美畅股份,16.29,-0.29,-1.749,16.28,16.29,16.58,16.42,16.49,16.12,7544973.0,122934522.0,15:35:15,2026-09-02
sz300862,蓝盾光电,51.07,-0.36,-0.7,51.06,51.07,51.43,51.43,52.88,50.52,16543405.0,854435615.0,15:35:30,2026-09-02
sz300863,卡倍亿,41.8,-0.74,-1.74,41.8,41.81,42.54,42.27,42.32,41.21,3906972.0,163295662.0,15:35:45,2026-09-02
sz300864,南大环境,24.6,-0.18,-0.726,24.6,24.61,24.78,24.68,25.19,24.33,2949337.0,72516372.0,15:35:00,2026-09-02
sz300865,大宏立,33.05,0.37,1.132,33.04,33.05,32.68,32.61,33.76,32.34,3543200.0,117511242.0,15:35:15,2026-09-02
sz300866,安克创新,129.0,0.6,0.467,128.95,129.0,128.4,126.6,132.1,126.6,5063359.0,659347131.0,15:35:30,2026-09-02
sz300867,圣元环保,17.57,-0.28,-1.569,17.56,17.57,17.85,17.7,17.77,17.41,4079103.0,71762602.0,15:35:45,2026-09-02
sz300868,杰美特,85.72,-2.34,-2.657,85.72,85.79,88.06,88.59,88.59,84.73,2167400.0,186246185.0,15:35:00,2026-09-02
sz300869,康泰医学,11.39,-0.15,-1.3,11.39,11.41,11.54,11.48,11.56,11.33,2295176.0,26187102.0,15:35:15,2026-09-02
sz300870,欧陆通,194.55,-3.45,-1.742,194.55,194.58,198.0,196.87,197.97,191.57,5716797.0,1113137257.0,15:35:30,2026-09-02
sz300871,回盛生物,22.85,-0.56,-2.392,22.85,22.86,23.41,23.3,23.58,22.73,4753330.0,109613507.0,15:35:45,2026-09-02
sz300872,天阳科技,15.72,-0.26,-1.627,15.71,15.72,15.98,15.71,15.93,15.49,9223597.0,144572300.0,15:35:00,2026-09-02
sz300873,海晨股份,15.77,-0.15,-0.942,15.77,15.8,15.92,15.69,15.95,15.57,6939788.0,109499757.0,15:35:15,2026-09-02
sz300875,捷强装备,35.02,1.34,3.979,35.02,35.03,33.68,33.68,36.71,33.63,12696688.0,452156628.0,15:35:30,2026-09-02
sz300876,蒙泰高新,15.92,-0.03,-0.188,15.92,15.93,15.95,15.86,16.15,15.52,4957625.0,78622387.0,15:35:45,2026-09-02
sz300877,金春股份,28.18,1.8,6.823,28.17,28.18,26.38,26.23,28.3,25.55,4373283.0,119327386.0,15:35:00,2026-09-02
sz300878,维康药业,32.75,0.16,0.491,32.75,32.76,32.59,32.82,32.82,32.05,1933440.0,62882702.0,15:35:15,2026-09-02
sz300879,大叶股份,17.36,0.1,0.579,17.36,17.37,17.26,17.01,17.39,16.82,2627000.0,45036543.0,15:35:30,2026-09-02
sz300880,迦南智能,20.64,-0.17,-0.817,20.64,20.65,20.81,20.45,20.93,20.25,2968428.0,61000610.0,15:35:45,2026-09-02
sz300881,盛德鑫泰,32.12,-0.4,-1.23,32.12,32.15,32.52,32.42,32.46,31.35,1037980.0,33066493.0,15:35:00,2026-09-02
sz300882,万胜智能,14.28,-0.15,-1.04,14.28,14.3,14.43,14.38,14.43,14.12,1644400.0,23523334.0,15:35:15,2026-09-02
sz300883,龙利得,6.75,-0.04,-0.589,6.75,6.76,6.79,6.71,6.79,6.66,5190400.0,34896722.0,15:35:30,2026-09-02
sz300884,狄耐克,13.43,-0.16,-1.177,13.43,13.44,13.59,13.5,13.7,13.36,4615852.0,62194153.0,15:35:45,2026-09-02
sz300885,海昌新材,19.6,-0.15,-0.759,19.59,19.6,19.75,19.56,19.77,19.35,2070684.0,40473978.0,15:35:00,2026-09-02
sz300886,华业香料,24.2,-0.54,-2.183,24.2,24.21,24.74,24.66,24.88,23.89,2711400.0,65842728.0,15:35:15,2026-09-02
sz300887,谱尼测试,7.31,-0.08,-1.083,7.31,7.32,7.39,7.29,7.36,7.2,9465474.0,68920875.0,15:35:30,2026-09-02
sz300888,稳健医疗,29.41,-0.01,-0.034,29.39,29.41,29.42,29.42,29.42,29.04,2820124.0,82480818.0,15:35:45,2026-09-02
sz300889,爱克股份,25.28,0.65,2.639,25.27,25.28,24.63,24.41,25.41,23.81,10450213.0,261500421.0,15:35:00,2026-09-02
sz300890,翔丰华,26.55,-0.18,-0.673,26.54,26.55,26.73,26.47,26.71,26.16,4463177.0,117884819.0,15:35:15,2026-09-02
sz300891,惠云钛业,7.56,-0.05,-0.657,7.54,7.56,7.61,7.56,7.6,7.46,5446341.0,41051800.0,15:35:30,2026-09-02
sz300892,品渥食品,23.77,-0.73,-2.98,23.77,23.78,24.5,24.11,24.39,23.55,2850150.0,67904053.0,15:35:45,2026-09-02
sz300893,松原安全,14.59,-0.11,-0.748,14.59,14.6,14.7,14.71,14.74,14.35,2163580.0,31382012.0,15:35:00,2026-09-02
sz300894,火星人,11.31,-0.06,-0.528,11.31,11.32,11.37,11.25,11.37,11.12,3985315.0,44841532.0,15:35:15,2026-09-02
sz300895,铜牛信息,54.88,1.61,3.022,54.88,54.89,53.27,52.45,55.5,52.33,6842820.0,373131469.0,15:35:30,2026-09-02
sz300896,爱美客,92.8,-1.04,-1.108,92.79,92.8,93.84,93.51,93.95,92.15,2044301.0,190078603.0,15:35:45,2026-09-02
sz300897,山科智能,16.57,0.22,1.346,16.57,16.58,16.35,16.35,16.63,16.07,1904611.0,31299941.0,15:35:00,2026-09-02
sz300898,熊猫乳品,20.64,-0.61,-2.871,20.62,20.64,21.25,21.01,21.09,20.44,3111267.0,64310944.0,15:35:15,2026-09-02
sz300899,上海凯鑫,31.46,-0.39,-1.224,31.3,31.46,31.85,31.51,31.83,31.02,653200.0,20507104.0,15:35:30,2026-09-02
sz300900,广联航空,23.87,-0.87,-3.517,23.87,23.88,24.74,24.31,24.54,23.76,18061384.0,436752110.0,15:35:45,2026-09-02
sz300901,中胤时尚,19.51,-0.63,-3.128,19.51,19.53,20.14,19.98,20.01,19.22,8163393.0,160079870.0,15:35:00,2026-09-02
sz300902,国安达,16.59,-0.36,-2.124,16.58,16.59,16.95,16.92,16.92,16.57,2458100.0,41006924.0,15:35:15,2026-09-02
sz300903,科翔股份,88.12,-1.38,-1.542,88.12,88.13,89.5,88.09,91.49,86.83,20083589.0,1790653100.0,15:35:30,2026-09-02
sz300904,威力传动,41.66,-0.68,-1.606,41.64,41.66,42.34,42.47,42.51,41.21,515160.0,21467024.0,15:35:45,2026-09-02
sz300905,宝丽迪,36.49,0.02,0.055,36.48,36.49,36.47,36.07,36.98,35.82,3324442.0,121137133.0,15:35:00,2026-09-02
sz300906,日月明,31.29,-0.36,-1.137,31.29,31.3,31.65,32.19,32.19,31.1,905209.0,28402751.0,15:35:15,2026-09-02
sz300907,康平科技,51.25,-0.57,-1.1,51.25,51.3,51.82,51.6,53.2,51.03,2667800.0,138133212.0,15:35:30,2026-09-02
sz300908,仲景食品,25.57,-0.15,-0.583,25.56,25.57,25.72,25.5,25.72,25.3,1550408.0,39520634.0,15:35:45,2026-09-02
sz300909,汇创达,58.31,-0.08,-0.137,58.3,58.33,58.39,57.8,58.84,56.67,3043574.0,176201803.0,15:35:00,2026-09-02
sz300910,瑞丰新材,29.77,0.0,0.0,29.77,29.78,29.77,29.46,30.27,29.37,6599987.0,196285140.0,15:35:15,2026-09-02
sz300911,亿田智能,30.24,1.26,4.348,30.24,30.25,28.98,29.08,30.7,28.15,27396882.0,805430995.0,15:35:30,2026-09-02
sz300912,凯龙高科,20.91,-0.12,-0.571,20.9,20.91,21.03,20.86,21.94,20.5,3928256.0,82151804.0,15:35:45,2026-09-02
sz300913,兆龙互连,36.01,0.6,1.694,36.0,36.01,35.41,35.06,36.47,34.76,7344879.0,262899492.0,15:35:00,2026-09-02
sz300915,海融科技,20.44,-0.41,-1.966,20.44,20.49,20.85,20.6,21.0,20.02,1742594.0,35556466.0,15:35:15,2026-09-02
sz300916,朗特智能,24.67,-0.31,-1.241,24.67,24.69,24.98,24.68,24.9,23.6,3934954.0,96143590.0,15:35:30,2026-09-02
sz300917,特发服务,28.74,-2.06,-6.688,28.74,28.75,30.8,29.48,29.53,27.55,22472992.0,641305060.0,15:35:45,2026-09-02
sz300918,南山智尚,10.66,0.0,0.0,10.66,10.67,10.66,10.65,10.72,10.43,4412925.0,46690169.0,15:35:00,2026-09-02
sz300919,中伟新材,38.9,-1.2,-2.993,38.9,38.91,40.1,39.85,39.86,38.71,9563299.0,373202011.0,15:35:15,2026-09-02
sz300920,润阳科技,34.55,0.48,1.409,34.51,34.55,34.07,33.87,35.26,33.31,3054640.0,105517759.0,15:35:30,2026-09-02
sz300921,南凌科技,16.0,-0.11,-0.683,16.0,16.01,16.11,15.9,16.1,15.8,5561861.0,88684138.0,15:35:45,2026-09-02
sz300922,天秦装备,20.9,1.71,8.911,20.89,20.9,19.19,18.92,21.79,18.91,29488478.0,614530870.0,15:35:00,2026-09-02
sz300923,研奥股份,25.13,-0.17,-0.672,25.13,25.17,25.3,25.3,25.76,25.04,1121500.0,28272099.0,15:35:15,2026-09-02
sz300925,法本信息,14.85,-0.26,-1.721,14.84,14.85,15.11,15.0,15.03,14.68,5346200.0,79241531.0,15:35:30,2026-09-02
sz300926,博俊科技,17.93,-0.29,-1.592,17.92,17.93,18.22,18.22,18.23,17.73,2785441.0,49838930.0,15:35:45,2026-09-02
sz300927,江天化学,32.07,-2.85,-8.162,32.07,32.1,34.92,34.5,35.54,30.81,31683608.0,1032505437.0,15:35:00,2026-09-02
sz300928,华安鑫创,26.02,-0.15,-0.573,26.0,26.02,26.17,26.04,26.28,25.5,1733900.0,44929687.0,15:35:15,2026-09-02
sz300929,华骐环保,16.78,-1.21,-6.726,16.77,16.78,17.99,17.87,18.1,16.49,8165068.0,138584666.0,15:35:30,2026-09-02
sz300930,屹通新材,26.04,-0.22,-0.838,26.04,26.07,26.26,26.04,26.38,25.59,925908.0,24036939.0,15:35:45,2026-09-02
sz300931,通用电梯,15.48,-0.29,-1.839,15.48,15.51,15.77,15.74,15.93,15.39,4626300.0,72099342.0,15:35:00,2026-09-02
sz300932,三友联众,11.15,0.09,0.814,11.14,11.15,11.06,11.01,11.25,10.87,11909879.0,131900834.0,15:35:15,2026-09-02
sz300933,中辰股份,6.72,-0.07,-1.031,6.71,6.72,6.79,6.7,6.84,6.66,9419317.0,63457470.0,15:35:30,2026-09-02
sz300935,盈建科,30.44,-0.18,-0.588,30.4,30.44,30.62,30.44,30.77,29.98,1619021.0,49178734.0,15:35:45,2026-09-02
sz300936,中英科技,77.6,-2.4,-3.0,77.59,77.6,80.0,78.3,83.05,77.28,4774483.0,376865424.0,15:35:00,2026-09-02
sz300937,药易购,25.53,-0.48,-1.845,25.52,25.53,26.01,26.3,26.3,25.11,5579294.0,143010841.0,15:35:15,2026-09-02
sz300938,信测标准,26.43,-0.53,-1.966,26.43,26.45,26.96,26.65,26.75,26.25,5457944.0,144516874.0,15:35:30,2026-09-02
sz300939,秋田微,64.7,0.5,0.779,64.67,64.7,64.2,63.44,65.59,62.66,1939400.0,124405367.0,15:35:45,2026-09-02
sz300940,南极光,14.37,0.21,1.483,14.36,14.37,14.16,14.18,14.87,14.1,7461284.0,107960150.0,15:35:00,2026-09-02
sz300941,创识科技,16.01,0.16,1.009,16.01,16.02,15.85,15.6,16.4,15.51,7478578.0,119390283.0,15:35:15,2026-09-02
sz300942,易瑞生物,6.7,-0.07,-1.034,6.69,6.7,6.77,6.66,6.76,6.63,5501494.0,36709911.0,15:35:30,2026-09-02
sz300943,春晖智控,33.7,1.21,3.724,33.7,33.71,32.49,32.17,34.49,31.36,12892489.0,432600726.0,15:35:45,2026-09-02
sz300945,曼卡龙,13.09,-0.39,-2.893,13.09,13.1,13.48,13.31,13.42,12.75,22168354.0,288915636.0,15:35:00,2026-09-02
sz300946,恒而达,37.47,-0.18,-0.478,37.47,37.5,37.65,37.18,37.74,36.91,639837.0,23892702.0,15:35:15,2026-09-02
sz300947,德必集团,14.9,-0.13,-0.865,14.9,14.91,15.03,14.86,15.16,14.4,7043980.0,103499332.0,15:35:30,2026-09-02
sz300948,冠中生态,21.64,0.24,1.121,21.64,21.66,21.4,21.27,21.93,21.1,3029415.0,65491147.0,15:35:45,2026-09-02
sz300949,奥雅股份,23.95,0.01,0.042,23.88,23.95,23.94,23.83,23.99,23.3,1213980.0,28743203.0,15:35:00,2026-09-02
sz300950,德固特,19.28,1.8,10.297,19.28,19.29,17.48,17.33,19.96,17.12,10104575.0,190593479.0,15:35:15,2026-09-02
sz300951,博硕科技,77.05,0.85,1.115,77.04,77.05,76.2,75.76,77.81,73.0,4303616.0,328624312.0,15:35:30,2026-09-02
sz300952,恒辉安防,16.61,0.15,0.911,16.6,16.61,16.46,16.48,16.69,16.16,2660000.0,43733103.0,15:35:45,2026-09-02
sz300953,震裕科技,88.6,-1.69,-1.872,88.59,88.6,90.29,89.3,89.84,88.01,3397784.0,301894960.0,15:35:00,2026-09-02
sz300955,嘉亨家化,29.93,0.13,0.436,29.93,29.94,29.8,29.84,30.41,29.02,1585100.0,47036924.0,15:35:15,2026-09-02
sz300956,英力股份,11.79,0.14,1.202,11.77,11.79,11.65,11.55,11.84,11.52,4334566.0,50650993.0,15:35:30,2026-09-02
sz300957,贝泰妮,33.27,0.46,1.402,33.27,33.28,32.81,32.77,33.56,32.43,9667973.0,320192418.0,15:35:45,2026-09-02
sz300958,建工修复,12.76,-0.09,-0.7,12.75,12.76,12.85,12.85,12.92,12.63,2203300.0,28096004.0,15:35:00,2026-09-02
sz300959,线上线下,94.2,-0.96,-1.009,94.2,94.27,95.16,94.0,95.43,91.91,1829075.0,171391894.0,15:35:15,2026-09-02
sz300960,通业科技,17.26,-0.03,-0.174,17.26,17.29,17.29,17.11,17.38,17.05,1366088.0,23541133.0,15:35:30,2026-09-02
sz300961,深水海纳,12.6,0.19,1.531,12.59,12.6,12.41,12.35,12.69,12.26,4523000.0,56532418.0,15:35:45,2026-09-02
sz300962,中金辐照,13.43,-0.21,-1.54,13.42,13.43,13.64,13.62,13.62,13.41,1754300.0,23636487.0,15:35:00,2026-09-02
sz300963,中洲特材,11.77,0.08,0.684,11.77,11.78,11.69,11.62,11.86,11.46,6814535.0,79744124.0,15:35:15,2026-09-02
sz300964,本川智能,57.02,-1.11,-1.91,57.02,57.03,58.13,57.0,57.8,56.81,2662237.0,152420270.0,15:35:30,2026-09-02
sz300965,恒宇信通,44.66,0.46,1.041,44.62,44.66,44.2,44.0,45.13,43.73,871200.0,38701153.0,15:35:45,2026-09-02
sz300966,共同药业,23.87,-0.21,-0.872,23.86,23.95,24.08,24.05,24.13,23.5,1960600.0,46803488.0,15:35:00,2026-09-02
sz300967,晓鸣股份,17.46,-0.45,-2.513,17.45,17.46,17.91,17.99,17.99,17.41,6297887.0,110506015.0,15:35:15,2026-09-02
sz300968,格林精密,11.02,0.22,2.037,11.02,11.03,10.8,10.9,11.99,10.71,32550508.0,368957582.0,15:35:30,2026-09-02
sz300969,恒帅股份,82.28,0.7,0.858,82.26,82.28,81.58,81.0,84.98,80.8,3816226.0,317954950.0,15:35:45,2026-09-02
sz300970,华绿生物,19.57,-2.41,-10.965,19.57,19.58,21.98,20.78,20.78,19.19,31492392.0,620411600.0,15:35:00,2026-09-02
sz300971,博亚精工,18.25,-0.02,-0.109,18.23,18.25,18.27,18.08,18.28,17.91,2241120.0,40519011.0,15:35:15,2026-09-02
sz300972,万辰集团,183.25,-0.05,-0.027,183.25,183.29,183.3,183.29,184.49,179.74,1391866.0,253333089.0,15:35:30,2026-09-02
sz300973,立高食品,26.93,0.47,1.776,26.92,26.94,26.46,26.45,27.3,25.84,5191100.0,138515165.0,15:35:45,2026-09-02
sz300975,商络电子,25.02,-0.6,-2.342,25.02,25.03,25.62,25.17,25.35,24.87,25762244.0,645604742.0,15:35:00,2026-09-02
sz300976,达瑞电子,56.88,0.03,0.053,56.88,56.89,56.85,56.09,57.39,55.26,3505107.0,198311918.0,15:35:15,2026-09-02
sz300977,深圳瑞捷,18.85,0.67,3.685,18.85,18.86,18.18,18.47,19.28,17.96,5708846.0,106560124.0,15:35:30,2026-09-02
sz300978,东箭科技,8.97,-0.08,-0.884,8.97,8.98,9.05,9.02,9.03,8.93,2825250.0,25351122.0,15:35:45,2026-09-02
sz300979,华利集团,32.91,-0.62,-1.849,32.9,32.91,33.53,33.51,33.6,32.88,1396610.0,46401380.0,15:35:00,2026-09-02
sz300980,祥源新材,23.83,-0.25,-1.038,23.83,23.86,24.08,23.96,24.08,23.5,3126150.0,74578455.0,15:35:15,2026-09-02
sz300981,中红医疗,15.95,-0.19,-1.177,15.95,15.96,16.14,15.94,16.42,15.86,15336407.0,246529783.0,15:35:30,2026-09-02
sz300982,苏文电能,15.13,0.0,0.0,15.12,15.13,15.13,15.09,15.18,14.83,1884073.0,28301689.0,15:35:45,2026-09-02
sz300983,尤安设计,40.53,-0.67,-1.626,40.5,40.53,41.2,41.0,41.0,39.77,854255.0,34395189.0,15:35:00,2026-09-02
sz300984,金沃股份,31.25,-0.73,-2.283,31.25,31.3,31.98,31.47,31.95,31.22,2012690.0,63371076.0,15:35:15,2026-09-02
sz300985,致远新能,36.15,-1.55,-4.111,36.15,36.16,37.7,37.32,37.59,36.12,3235471.0,118768983.0,15:35:30,2026-09-02
sz300986,志特新材,12.06,-0.61,-4.815,12.06,12.07,12.67,12.28,12.41,11.97,37113277.0,449104126.0,15:35:45,2026-09-02
sz300987,川网传媒,14.14,-0.22,-1.532,14.14,14.15,14.36,14.22,14.53,14.05,4223406.0,59916656.0,15:35:00,2026-09-02
sz300988,津荣天宇,15.73,0.01,0.064,15.72,15.73,15.72,15.72,15.87,15.42,4219136.0,66050623.0,15:35:15,2026-09-02
sz300989,蕾奥规划,14.47,-0.23,-1.565,14.47,14.48,14.7,14.79,14.79,14.3,3791700.0,55095290.0,15:35:30,2026-09-02
sz300990,同飞股份,97.9,-2.9,-2.877,97.9,97.91,100.8,98.02,102.44,97.78,9836237.0,981788730.0,15:35:45,2026-09-02
sz300991,创益通,27.72,-0.21,-0.752,27.72,27.74,27.93,27.6,27.94,27.31,1265400.0,34925048.0,15:35:00,2026-09-02
sz300992,泰福泵业,26.74,0.01,0.037,26.72,26.74,26.73,26.74,26.93,25.8,2131072.0,56354059.0,15:35:15,2026-09-02
sz300993,玉马科技,10.14,0.0,0.0,10.11,10.14,10.14,10.08,10.15,9.97,2169745.0,21829615.0,15:35:30,2026-09-02
sz300994,久祺股份,11.6,0.09,0.782,11.6,11.61,11.51,11.55,11.71,11.27,3023259.0,34822247.0,15:35:45,2026-09-02
sz300995,奇德新材,27.0,-0.09,-0.332,26.96,27.0,27.09,26.84,27.17,26.51,1168300.0,31296990.0,15:35:00,2026-09-02
sz300996,普联软件,13.82,-0.54,-3.76,13.82,13.83,14.36,14.1,14.16,13.78,25484557.0,354512451.0,15:35:15,2026-09-02
sz300997,欢乐家,16.95,-0.95,-5.307,16.95,16.97,17.9,17.77,18.1,16.82,15584478.0,268580025.0,15:35:30,2026-09-02
sz300998,宁波方正,29.04,0.74,2.615,29.04,29.05,28.3,28.28,29.2,27.63,3151164.0,90010867.0,15:35:45,2026-09-02
sz300999,金龙鱼,26.19,-1.09,-3.996,26.19,26.2,27.28,27.24,27.32,26.19,17460468.0,464600473.0,15:35:00,2026-09-02
sz301000,肇民科技,24.12,-0.09,-0.372,24.12,24.13,24.21,24.01,24.32,23.76,1991300.0,47911625.0,15:35:15,2026-09-02
sz301001,凯淳股份,25.73,-0.06,-0.233,25.68,25.73,25.79,25.75,25.98,25.29,1475111.0,37773701.0,15:35:30,2026-09-02
sz301002,崧盛股份,28.03,-0.11,-0.391,28.02,28.03,28.14,27.79,28.3,27.55,4147200.0,116064674.0,15:35:45,2026-09-02
sz301003,江苏博云,61.95,1.97,3.284,61.91,61.95,59.98,59.72,62.87,57.21,3675000.0,219570230.0,15:35:00,2026-09-02
sz301004,嘉益股份,34.76,-1.31,-3.632,34.76,34.8,36.07,36.05,36.27,34.7,656700.0,23064007.0,15:35:15,2026-09-02
sz301005,超捷股份,67.08,-0.7,-1.033,67.04,67.08,67.78,67.0,67.9,66.04,5124756.0,342870410.0,15:35:30,2026-09-02
sz301006,迈拓股份,14.17,-0.01,-0.071,14.15,14.17,14.18,14.1,14.23,13.89,1055851.0,14860861.0,15:35:45,2026-09-02
sz301007,德迈仕,31.3,0.85,2.791,31.3,31.31,30.45,30.47,31.48,30.01,3357291.0,104001390.0,15:35:00,2026-09-02
sz301008,宏昌科技,40.6,1.04,2.629,40.6,40.61,39.56,38.84,41.4,38.68,8703425.0,351119290.0,15:35:15,2026-09-02
sz301009,可靠股份,9.21,-0.08,-0.861,9.21,9.22,9.29,9.2,9.29,9.11,2605099.0,23982071.0,15:35:30,2026-09-02
sz301010,晶雪节能,18.23,0.12,0.663,18.19,18.23,18.11,17.95,18.35,17.86,1249500.0,22625395.0,15:35:45,2026-09-02
sz301011,华立科技,15.31,-0.09,-0.584,15.28,15.31,15.4,15.31,15.49,15.02,2081856.0,31682629.0,15:35:00,2026-09-02
sz301012,扬电科技,25.44,1.83,7.751,25.43,25.44,23.61,24.46,26.23,24.38,19354361.0,491762181.0,15:35:15,2026-09-02
sz301013,利和兴,37.55,-0.61,-1.599,37.55,37.56,38.16,37.8,38.12,37.28,10223437.0,385009648.0,15:35:30,2026-09-02
sz301015,百洋医药,24.05,-0.11,-0.455,24.04,24.05,24.16,24.0,24.24,23.8,3555140.0,85508977.0,15:35:45,2026-09-02
sz301016,雷尔伟,14.02,-0.19,-1.337,14.01,14.02,14.21,14.2,14.41,13.86,6314956.0,89090888.0,15:35:00,2026-09-02
sz301017,漱玉平民,13.29,-0.29,-2.135,13.29,13.3,13.58,13.47,13.54,13.26,4159700.0,55526958.0,15:35:15,2026-09-02
sz301018,申菱环境,106.82,1.35,1.28,106.82,106.83,105.47,103.93,109.08,103.71,18011751.0,1931959963.0,15:35:30,2026-09-02
sz301019,宁波色母,15.57,0.01,0.064,15.56,15.57,15.56,15.46,15.62,15.23,1346481.0,20799813.0,15:35:45,2026-09-02
sz301020,密封科技,21.56,-0.21,-0.965,21.56,21.61,21.77,21.67,21.85,21.22,1367171.0,29469821.0,15:35:00,2026-09-02
sz301021,英诺激光,72.59,-1.13,-1.533,72.55,72.59,73.72,72.82,74.8,71.5,7850523.0,573525387.0,15:35:15,2026-09-02
sz301022,海泰科,23.7,0.07,0.296,23.7,23.71,23.63,23.64,23.84,23.08,1430869.0,33569933.0,15:35:30,2026-09-02
sz301023,奕帆传动,29.03,0.07,0.242,29.01,29.03,28.96,28.63,29.56,28.63,1114200.0,32357821.0,15:35:45,2026-09-02
sz301024,霍普股份,33.08,-0.32,-0.958,33.07,33.08,33.4,33.63,33.63,32.74,971100.0,32169731.0,15:35:00,2026-09-02
sz301025,读客文化,9.85,-0.02,-0.203,9.84,9.85,9.87,9.82,10.02,9.7,9278800.0,91139507.0,15:35:15,2026-09-02
sz301026,浩通科技,20.33,-0.5,-2.4,20.32,20.33,20.83,20.5,20.5,19.57,7512159.0,150463083.0,15:35:30,2026-09-02
sz301027,华蓝集团,20.72,-0.43,-2.033,20.72,20.73,21.15,21.22,21.22,20.62,2511200.0,52210225.0,15:35:45,2026-09-02
sz301028,鼎熔岩,13.65,-0.1,-0.727,13.65,13.67,13.75,13.58,13.76,13.49,3406220.0,46362032.0,15:35:00,2026-09-02
sz301029,怡合达,25.41,-0.07,-0.275,25.41,25.43,25.48,25.24,25.54,25.02,5771602.0,146111174.0,15:35:15,2026-09-02
sz301030,*ST仕净,7.83,0.13,1.688,7.83,7.84,7.7,7.67,7.97,7.49,7962760.0,61578161.0,15:35:30,2026-09-02
sz301031,中熔电气,94.5,0.11,0.117,94.5,94.53,94.39,93.5,95.16,92.21,1728560.0,162403118.0,15:35:45,2026-09-02
sz301032,新柴股份,10.45,-0.1,-0.948,10.44,10.45,10.55,10.44,10.52,10.34,2459600.0,25663792.0,15:35:00,2026-09-02
sz301033,迈普医学,53.53,-0.56,-1.035,53.53,53.56,54.09,53.28,54.07,53.02,814221.0,43579020.0,15:35:15,2026-09-02
sz301035,润丰股份,55.88,-2.5,-4.282,55.85,55.88,58.38,57.99,59.06,55.4,3046434.0,171552085.0,15:35:30,2026-09-02
sz301036,双乐股份,23.11,0.05,0.217,23.09,23.14,23.06,22.91,23.2,22.7,850268.0,19525900.0,15:35:45,2026-09-02
sz301037,保立佳,13.45,-0.14,-1.03,13.45,13.49,13.59,13.65,13.65,13.25,1748321.0,23474444.0,15:35:00,2026-09-02
sz301038,深水规院,17.6,0.14,0.802,17.6,17.61,17.46,17.22,17.89,17.18,4684199.0,81984972.0,15:35:15,2026-09-02
sz301039,中集车辆,7.85,-0.19,-2.363,7.84,7.85,8.04,8.02,8.09,7.76,19582397.0,154500980.0,15:35:30,2026-09-02
sz301040,中环海陆,28.61,-0.54,-1.852,28.61,28.62,29.15,29.1,29.2,28.41,2472400.0,71220822.0,15:35:45,2026-09-02
sz301041,金百泽,28.98,-0.22,-0.753,28.97,29.0,29.2,28.92,29.48,28.71,3756101.0,108833124.0,15:35:00,2026-09-02
sz301042,安联锐视,32.44,-0.53,-1.608,32.4,32.44,32.97,32.57,32.8,32.04,2858773.0,92631286.0,15:35:15,2026-09-02
sz301043,绿岛风,47.35,3.04,6.861,47.35,47.36,44.31,44.66,47.85,43.68,1706500.0,78962015.0,15:35:30,2026-09-02
sz301045,天禄科技,62.9,-2.47,-3.778,62.9,62.92,65.37,64.12,64.9,62.7,1973119.0,125514815.0,15:35:45,2026-09-02
sz301046,能辉科技,25.73,1.09,4.424,25.73,25.74,24.64,24.51,25.8,24.1,4644971.0,117178903.0,15:35:00,2026-09-02
sz301047,义翘神州,94.57,-2.02,-2.091,94.57,94.59,96.59,97.64,98.2,94.0,5282466.0,504348470.0,15:35:15,2026-09-02
sz301048,金鹰重工,9.12,-0.08,-0.87,9.12,9.13,9.2,9.17,9.18,9.04,3165319.0,28829425.0,15:35:30,2026-09-02
sz301049,超越科技,21.03,-0.12,-0.567,20.94,21.05,21.15,21.15,21.2,20.6,938800.0,19572368.0,15:35:45,2026-09-02
sz301050,雷电微力,29.72,-0.01,-0.034,29.7,29.72,29.73,29.58,30.04,29.28,2182625.0,64741175.0,15:35:00,2026-09-02
sz301051,信濠光电,18.29,0.25,1.386,18.28,18.29,18.04,17.75,18.39,17.18,9361514.0,166804273.0,15:35:15,2026-09-02
sz301052,果麦文化,25.81,-0.76,-2.86,25.81,25.82,26.57,26.53,26.7,25.67,7495262.0,194906369.0,15:35:30,2026-09-02
sz301053,远信工业,37.5,-1.74,-4.434,37.47,37.5,39.24,38.7,39.12,37.5,2700180.0,103430761.0,15:35:45,2026-09-02
sz301055,张小泉,27.53,0.04,0.146,27.52,27.53,27.49,27.23,27.72,27.02,2999890.0,82083654.0,15:35:00,2026-09-02
sz301056,森赫股份,14.4,-0.1,-0.69,14.39,14.4,14.5,14.36,14.8,14.28,7582500.0,110291328.0,15:35:15,2026-09-02
sz301057,汇隆新材,22.67,-0.24,-1.048,22.67,22.69,22.91,22.9,22.9,22.1,2162330.0,48587335.0,15:35:30,2026-09-02
sz301058,中粮科工,8.82,-0.33,-3.607,8.82,8.83,9.15,9.06,9.15,8.81,12576900.0,111947374.0,15:35:45,2026-09-02
sz301059,金三江,12.42,0.13,1.058,12.42,12.43,12.29,12.15,12.5,12.1,3265080.0,40338861.0,15:35:00,2026-09-02
sz301060,兰卫医学,10.83,-0.14,-1.276,10.82,10.83,10.97,10.96,11.09,10.77,11733206.0,127384620.0,15:35:15,2026-09-02
sz301061,匠心家居,35.93,-1.35,-3.621,35.93,35.95,37.28,37.22,37.49,35.91,2105839.0,76491813.0,15:35:30,2026-09-02
sz301062,上海艾录,7.59,0.19,2.568,7.58,7.59,7.4,7.36,7.63,7.3,7938800.0,59229214.0,15:35:45,2026-09-02
sz301063,海锅股份,18.52,-0.01,-0.054,18.52,18.53,18.53,18.42,18.61,18.23,1510700.0,27880772.0,15:35:00,2026-09-02
sz301065,本立科技,20.34,-0.01,-0.049,20.31,20.34,20.35,20.25,20.36,20.05,1119800.0,22642639.0,15:35:15,2026-09-02
sz301066,万事利,12.97,0.34,2.692,12.97,12.98,12.63,12.43,13.28,12.36,11996547.0,155729631.0,15:35:30,2026-09-02
sz301067,显盈科技,31.82,1.68,5.574,31.82,31.86,30.14,29.84,32.25,29.51,4388065.0,136235977.0,15:35:45,2026-09-02
sz301068,大地海洋,26.64,-0.7,-2.56,26.59,26.64,27.34,27.12,27.57,26.38,1508223.0,40437681.0,15:35:00,2026-09-02
sz301069,凯盛新材,16.51,-0.31,-1.843,16.51,16.52,16.82,16.73,16.73,16.42,3786841.0,62592121.0,15:35:15,2026-09-02
sz301070,开勒股份,62.89,0.09,0.143,62.89,62.91,62.8,62.7,63.18,61.0,1202135.0,74826805.0,15:35:30,2026-09-02
sz301071,力量钻石,59.75,-0.43,-0.715,59.75,59.76,60.18,59.09,62.46,58.72,19483130.0,1183367972.0,15:35:45,2026-09-02
sz301072,中捷精工,43.31,-2.52,-5.499,43.31,43.32,45.83,45.82,45.82,43.0,2460170.0,107958760.0,15:35:00,2026-09-02
sz301073,君亭酒店,20.15,0.05,0.249,20.15,20.16,20.1,20.01,20.44,19.65,8613923.0,173252649.0,15:35:15,2026-09-02
sz301075,多瑞医药,60.38,2.36,4.068,60.38,60.4,58.02,57.99,61.1,56.92,1693101.0,100724325.0,15:35:30,2026-09-02
sz301076,新瀚新材,22.72,0.06,0.265,22.72,22.75,22.66,22.22,22.97,22.21,5476060.0,124457650.0,15:35:45,2026-09-02
sz301077,星华新材,22.11,0.36,1.655,22.11,22.12,21.75,21.54,22.22,21.25,3881915.0,84817443.0,15:35:00,2026-09-02
sz301078,孩子王,7.26,-0.2,-2.681,7.25,7.26,7.46,7.38,7.44,7.24,19337000.0,141145336.0,15:35:15,2026-09-02
sz301079,邵阳液压,29.58,1.32,4.671,29.56,29.58,28.26,28.27,30.45,27.9,6471903.0,189845470.0,15:35:30,2026-09-02
sz301080,百普赛斯,84.65,5.06,6.358,84.65,84.66,79.59,80.6,86.45,78.39,19483233.0,1619266065.0,15:35:45,2026-09-02
sz301081,严牌股份,15.89,-0.12,-0.75,15.89,15.9,16.01,15.76,16.0,15.59,4469016.0,70640814.0,15:35:00,2026-09-02
sz301082,久盛电气,10.33,0.12,1.175,10.33,10.34,10.21,10.11,10.34,10.05,10069337.0,103206888.0,15:35:15,2026-09-02
sz301083,百胜智能,14.37,-0.06,-0.416,14.36,14.4,14.43,14.34,14.45,14.16,1510500.0,21619029.0,15:35:30,2026-09-02
sz301085,亚康股份,61.49,0.53,0.869,61.48,61.49,60.96,60.0,61.62,59.58,3556111.0,215305400.0,15:35:45,2026-09-02
sz301086,鸿富瀚,136.82,6.82,5.246,136.82,136.85,130.0,128.08,137.7,127.67,6028538.0,802538287.0,15:35:00,2026-09-02
sz301087,可孚医疗,47.05,-2.57,-5.179,47.05,47.08,49.62,49.0,49.13,46.41,2909488.0,137696901.0,15:35:15,2026-09-02
sz301088,戎美股份,13.48,-0.16,-1.173,13.48,13.5,13.64,13.5,13.68,13.29,2161800.0,29126961.0,15:35:30,2026-09-02
sz301089,拓新药业,23.36,-0.19,-0.807,23.35,23.36,23.55,23.55,23.6,23.16,1344402.0,31353886.0,15:35:45,2026-09-02
sz301090,华润材料,7.14,-0.1,-1.381,7.14,7.15,7.24,7.23,7.3,7.13,8785700.0,63211258.0,15:35:00,2026-09-02
sz301091,深城交,18.78,-0.07,-0.371,18.76,18.78,18.85,18.68,18.85,18.35,3819340.0,71243457.0,15:35:15,2026-09-02
sz301092,争光股份,44.21,-0.38,-0.852,44.2,44.21,44.59,44.15,46.98,43.9,4743994.0,214149540.0,15:35:30,2026-09-02
sz301093,华兰股份,68.5,-2.09,-2.961,68.5,68.52,70.59,70.7,71.2,67.96,4945832.0,340980549.0,15:35:45,2026-09-02
sz301095,广立微,73.95,-2.6,-3.396,73.95,73.98,76.55,75.58,76.4,73.87,4303781.0,320936433.0,15:35:00,2026-09-02
sz301096,百诚医药,43.36,-0.27,-0.619,43.35,43.41,43.63,43.1,44.26,42.87,2284837.0,99468594.0,15:35:15,2026-09-02
sz301097,天益医疗,34.61,1.35,4.059,34.6,34.61,33.26,33.0,34.96,33.0,1483957.0,50462001.0,15:35:30,2026-09-02
sz301098,金埔园林,9.17,-0.08,-0.865,9.17,9.18,9.25,9.18,9.23,9.04,5379181.0,49171605.0,15:35:45,2026-09-02
sz301099,雅创电子,49.45,-0.63,-1.258,49.43,49.45,50.08,49.2,49.86,48.85,3867163.0,190985555.0,15:35:00,2026-09-02
sz301100,风光股份,16.1,-0.09,-0.556,16.1,16.11,16.19,16.12,16.21,15.88,865700.0,13882578.0,15:35:15,2026-09-02
sz301101,明月镜片,30.72,0.21,0.688,30.71,30.72,30.51,30.6,31.59,30.22,4428289.0,137214646.0,15:35:30,2026-09-02
sz301102,兆讯传媒,9.7,-0.14,-1.423,9.67,9.7,9.84,9.71,9.92,9.55,2090193.0,20189763.0,15:35:45,2026-09-02
sz301103,何氏眼科,16.58,-0.13,-0.778,16.58,16.62,16.71,16.57,16.68,16.42,1578277.0,26130245.0,15:35:00,2026-09-02
sz301105,鸿铭股份,48.07,0.27,0.565,48.07,48.11,47.8,47.4,48.76,47.02,597558.0,28753148.0,15:35:15,2026-09-02
sz301106,骏成科技,19.16,-1.04,-5.149,19.16,19.17,20.2,20.0,20.0,18.88,6858415.0,132051307.0,15:35:30,2026-09-02
sz301107,瑜欣电子,22.74,-0.36,-1.558,22.74,22.75,23.1,23.1,23.1,22.5,1901092.0,43211788.0,15:35:45,2026-09-02
sz301108,洁雅股份,38.62,-1.21,-3.038,38.6,38.62,39.83,39.62,39.62,38.0,1301992.0,50113376.0,15:35:00,2026-09-02
sz301109,军信股份,12.87,-0.15,-1.152,12.87,12.88,13.02,12.97,12.98,12.79,4669210.0,60061191.0,15:35:15,2026-09-02
sz301110,青木科技,36.85,-1.03,-2.719,36.85,36.86,37.88,37.37,37.97,36.81,4727333.0,175593469.0,15:35:30,2026-09-02
sz301111,粤万年青,22.14,-0.45,-1.992,22.13,22.14,22.59,22.33,22.51,21.96,5842365.0,129450403.0,15:35:45,2026-09-02
sz301112,信邦智能,30.93,0.49,1.61,30.88,30.93,30.44,30.26,31.2,29.71,974700.0,29734395.0,15:35:00,2026-09-02
sz301113,雅艺科技,17.68,-0.04,-0.226,17.61,17.68,17.72,17.55,17.77,17.38,983466.0,17275084.0,15:35:15,2026-09-02
sz301115,联检科技,31.04,0.02,0.064,31.04,31.05,31.02,30.79,31.36,30.11,4049245.0,125041268.0,15:35:30,2026-09-02
sz301116,益客食品,9.56,-0.26,-2.648,9.56,9.57,9.82,9.72,9.8,9.49,5003500.0,47818923.0,15:35:45,2026-09-02
sz301117,ST佳缘,15.23,0.71,4.89,15.22,15.23,14.52,14.49,15.39,14.49,8962080.0,134529779.0,15:35:00,2026-09-02
sz301118,恒光股份,24.11,-0.11,-0.454,24.11,24.12,24.22,24.22,24.68,23.75,2714500.0,65181923.0,15:35:15,2026-09-02
sz301119,正强股份,26.0,0.22,0.853,26.0,26.01,25.78,25.52,27.25,25.0,5585910.0,145683138.0,15:35:30,2026-09-02
sz301120,新特电气,14.94,0.06,0.403,14.94,14.95,14.88,14.73,15.08,14.58,5985450.0,88966327.0,15:35:45,2026-09-02
sz301121,紫建电子,37.0,0.15,0.407,36.96,37.0,36.85,36.5,37.37,35.93,1673753.0,61584617.0,15:35:00,2026-09-02
sz301122,采纳股份,41.22,1.04,2.588,41.22,41.27,40.18,40.29,42.0,39.0,4867310.0,199441465.0,15:35:15,2026-09-02
sz301123,奕东电子,76.83,-0.2,-0.26,76.83,76.84,77.03,75.57,79.5,75.19,8020152.0,623353312.0,15:35:30,2026-09-02
sz301125,腾亚精工,13.91,-0.23,-1.627,13.91,13.93,14.14,14.07,14.07,13.66,3208283.0,44505325.0,15:35:45,2026-09-02
sz301126,达嘉维康,10.44,-0.18,-1.695,10.44,10.46,10.62,10.52,10.58,10.35,2888400.0,30145487.0,15:35:00,2026-09-02
sz301127,武汉天源,17.15,-0.74,-4.136,17.14,17.15,17.89,17.72,17.75,17.08,27602376.0,477835485.0,15:35:15,2026-09-02
sz301128,强瑞技术,120.44,4.21,3.622,120.42,120.44,116.23,113.3,121.6,112.26,9758136.0,1157032783.0,15:35:30,2026-09-02
sz301129,瑞纳智能,23.74,-0.32,-1.33,23.74,23.75,24.06,23.8,23.95,23.41,2552225.0,60544937.0,15:35:45,2026-09-02
sz301130,西点药业,28.51,-1.78,-5.877,28.51,28.52,30.29,29.3,29.8,28.3,8073459.0,232402830.0,15:35:00,2026-09-02
sz301131,聚赛龙,34.45,-0.17,-0.491,34.4,34.45,34.62,34.48,34.61,33.95,800700.0,27461412.0,15:35:15,2026-09-02
sz301132,满坤科技,38.57,-0.52,-1.33,38.56,38.57,39.09,38.89,38.9,38.13,2922199.0,112574792.0,15:35:30,2026-09-02
sz301133,金钟股份,30.91,-0.21,-0.675,30.91,30.95,31.12,30.68,31.34,30.53,1323439.0,40881999.0,15:35:45,2026-09-02
sz301135,瑞德智能,17.7,-0.03,-0.169,17.67,17.71,17.73,17.7,17.8,17.32,1479420.0,26024404.0,15:35:00,2026-09-02
sz301136,招标股份,12.11,0.12,1.001,12.11,12.12,11.99,11.82,12.25,11.75,5376200.0,64487476.0,15:35:15,2026-09-02
sz301137,哈焊华通,32.57,0.38,1.18,32.56,32.57,32.19,31.6,32.85,31.47,4010838.0,130369121.0,15:35:30,2026-09-02
sz301138,华研精机,29.43,0.25,0.857,29.42,29.43,29.18,28.91,29.6,28.82,1306453.0,38237255.0,15:35:45,2026-09-02
sz301139,*ST元道,0.0,0.0,0.0,0.0,0.0,3.31,0.0,0.0,0.0,0.0,0.0,15:35:00,2026-09-02
sz301141,中科磁业,39.1,-0.79,-1.98,39.09,39.1,39.89,39.61,39.61,38.33,1604545.0,62420587.0,15:35:15,2026-09-02
sz301148,嘉戎技术,51.57,-0.68,-1.301,51.57,51.58,52.25,51.9,52.19,50.89,581000.0,29845106.0,15:35:30,2026-09-02
sz301149,隆华新材,8.74,0.06,0.691,8.73,8.74,8.68,8.66,8.76,8.61,10515558.0,91367700.0,15:35:45,2026-09-02
sz301150,中一科技,37.2,-0.92,-2.413,37.19,37.2,38.12,37.26,37.82,37.06,10444177.0,390278444.0,15:35:00,2026-09-02
sz301151,冠龙节能,22.3,0.77,3.576,22.29,22.3,21.53,21.09,22.49,20.88,14374595.0,315052499.0,15:35:15,2026-09-02
sz301152,天力锂能,22.8,-0.55,-2.355,22.79,22.8,23.35,22.75,23.23,22.5,8753000.0,199519348.0,15:35:30,2026-09-02
sz301153,中科江南,18.15,-0.23,-1.251,18.13,18.15,18.38,18.22,18.34,18.0,2870947.0,52084763.0,15:35:45,2026-09-02
sz301155,海力风电,38.76,-0.81,-2.047,38.76,38.77,39.57,39.5,39.54,38.59,1795860.0,69646755.0,15:35:00,2026-09-02
sz301156,美农生物,12.16,-0.28,-2.251,12.15,12.16,12.44,12.41,12.48,12.03,6552040.0,79461342.0,15:35:15,2026-09-02
sz301157,华塑科技,61.87,0.99,1.626,61.86,61.87,60.88,60.31,62.64,59.43,865056.0,53400502.0,15:35:30,2026-09-02
sz301158,德石股份,16.33,1.07,7.012,16.33,16.34,15.26,15.61,17.79,15.61,23127044.0,385087926.0,15:35:45,2026-09-02
sz301159,三维天地,32.51,-0.59,-1.782,32.51,32.52,33.1,33.0,33.01,32.21,1654400.0,53909717.0,15:35:00,2026-09-02
sz301160,翔楼新材,47.2,-1.61,-3.299,47.2,47.21,48.81,48.24,48.63,47.1,3202119.0,152248869.0,15:35:15,2026-09-02
sz301161,唯万密封,29.38,0.03,0.102,29.38,29.39,29.35,29.0,29.66,28.87,2994950.0,87765827.0,15:35:30,2026-09-02
sz301162,国能日新,36.81,-0.94,-2.49,36.81,36.86,37.75,37.77,37.77,36.66,1251470.0,46212940.0,15:35:45,2026-09-02
sz301163,宏德股份,23.8,-0.13,-0.543,23.8,23.86,23.93,23.73,23.95,23.35,1066693.0,25241012.0,15:35:00,2026-09-02
sz301165,锐捷网络,120.9,1.53,1.282,120.9,120.91,119.37,117.5,125.0,117.5,15818259.0,1917334342.0,15:35:15,2026-09-02
sz301166,优宁维,28.9,-0.5,-1.701,28.9,28.92,29.4,29.32,29.5,28.9,1534200.0,44587164.0,15:35:30,2026-09-02
sz301167,建研设计,14.0,0.0,0.0,14.0,14.02,14.0,14.01,14.07,13.79,2695145.0,37546437.0,15:35:45,2026-09-02
sz301168,通灵股份,41.19,-0.11,-0.266,40.99,41.19,41.3,41.49,41.55,40.81,1040164.0,42847183.0,15:35:00,2026-09-02
sz301169,零点有数,54.94,0.09,0.164,54.94,54.95,54.85,54.0,55.27,53.3,1369000.0,74427430.0,15:35:15,2026-09-02
sz301170,锡南科技,23.1,-0.06,-0.259,23.1,23.17,23.16,23.12,23.23,22.73,835000.0,19203119.0,15:35:30,2026-09-02
sz301171,易点天下,35.5,-1.27,-3.454,35.49,35.5,36.77,36.81,37.68,35.35,58035845.0,2101692049.0,15:35:45,2026-09-02
sz301172,君逸数码,18.3,0.19,1.049,18.3,18.31,18.11,17.91,18.66,17.64,10031474.0,181895505.0,15:35:00,2026-09-02
sz301173,毓恬冠佳,33.98,-0.56,-1.621,33.82,33.98,34.54,34.42,34.54,33.46,809473.0,27425805.0,15:35:15,2026-09-02
sz301175,中科环保,5.73,0.0,0.0,5.72,5.73,5.73,5.72,5.74,5.67,15298327.0,87320659.0,15:35:30,2026-09-02
sz301176,逸豪新材,44.32,-1.28,-2.807,44.31,44.32,45.6,45.0,45.35,43.95,3604900.0,160343078.0,15:35:45,2026-09-02
sz301177,迪阿股份,24.83,-0.4,-1.585,24.82,24.83,25.23,24.52,24.88,23.7,5166028.0,125376297.0,15:35:00,2026-09-02
sz301178,天亿马,33.62,-0.4,-1.176,33.62,33.63,34.02,33.52,34.31,33.33,1533380.0,51568163.0,15:35:15,2026-09-02
sz301179,泽宇智能,20.21,0.04,0.198,20.21,20.22,20.17,20.12,20.77,20.03,6264421.0,127752944.0,15:35:30,2026-09-02
sz301180,万祥科技,12.27,0.01,0.082,12.25,12.27,12.26,12.29,12.65,12.11,4508911.0,55370873.0,15:35:45,2026-09-02
sz301181,标榜股份,24.18,0.46,1.939,24.18,24.2,23.72,23.62,24.49,23.35,2096760.0,50362774.0,15:35:00,2026-09-02
sz301182,凯旺科技,67.4,-1.98,-2.854,67.4,67.42,69.38,68.39,69.0,67.03,1772634.0,120018457.0,15:35:15,2026-09-02
sz301183,东田微,220.88,-3.62,-1.612,220.88,220.96,224.5,220.41,227.0,217.7,2620001.0,579998809.0,15:35:30,2026-09-02
sz301185,鸥玛软件,17.64,0.0,0.0,17.63,17.64,17.64,17.51,17.78,17.41,2004016.0,35246790.0,15:35:45,2026-09-02
sz301186,超达装备,36.1,-0.66,-1.795,36.1,36.16,36.76,36.35,36.65,35.75,1051979.0,38030874.0,15:35:00,2026-09-02
sz301187,欧圣电气,14.75,-0.09,-0.606,14.74,14.75,14.84,14.62,14.81,14.51,1567699.0,22987584.0,15:35:15,2026-09-02
sz301188,力诺药包,34.84,-0.77,-2.162,34.84,34.85,35.61,35.28,35.29,34.18,9624667.0,333277501.0,15:35:30,2026-09-02
sz301189,奥尼电子,60.24,6.24,11.556,60.23,60.24,54.0,53.03,61.77,52.9,11326429.0,662779591.0,15:35:45,2026-09-02
sz301190,善水科技,19.59,-1.08,-5.225,19.58,19.59,20.67,20.36,20.36,19.57,8910576.0,176599642.0,15:35:00,2026-09-02
sz301191,菲菱科思,87.54,0.89,1.027,87.53,87.54,86.65,85.4,89.1,84.2,3761770.0,326241643.0,15:35:15,2026-09-02
sz301192,泰祥股份,20.09,-0.33,-1.616,20.09,20.12,20.42,20.23,20.34,19.67,1436350.0,28800386.0,15:35:30,2026-09-02
sz301193,家联科技,20.48,0.37,1.84,20.47,20.48,20.11,20.07,20.63,19.82,5162747.0,104572534.0,15:35:45,2026-09-02
sz301195,北路智控,26.38,-0.43,-1.604,26.38,26.39,26.81,26.7,26.74,26.27,782100.0,20673103.0,15:35:00,2026-09-02
sz301196,唯科科技,87.01,-2.99,-3.322,87.01,87.06,90.0,88.8,89.4,86.0,4718339.0,412834614.0,15:35:15,2026-09-02
sz301197,工大科雅,26.92,0.9,3.459,26.9,26.92,26.02,25.69,26.93,25.53,4097900.0,108487207.0,15:35:30,2026-09-02
sz301198,喜悦智行,13.37,-0.08,-0.595,13.37,13.41,13.45,13.39,13.49,13.14,2694200.0,35922038.0,15:35:45,2026-09-02
sz301199,迈赫股份,18.25,0.25,1.389,18.25,18.26,18.0,17.8,18.35,17.71,1966051.0,35631104.0,15:35:00,2026-09-02
sz301200,大族数控,260.6,-7.4,-2.761,260.6,260.7,268.0,262.6,266.46,258.43,1870635.0,489831932.0,15:35:15,2026-09-02
sz301201,诚达药业,36.23,0.01,0.028,36.12,36.23,36.22,36.04,36.5,35.5,4302551.0,155015160.0,15:35:30,2026-09-02
sz301202,朗威股份,36.32,-0.36,-0.981,36.32,36.36,36.68,36.29,36.74,35.87,1058350.0,38514699.0,15:35:45,2026-09-02
sz301203,国泰环保,34.7,0.11,0.318,34.7,34.71,34.59,34.3,34.93,34.06,568900.0,19599032.0,15:35:00,2026-09-02
sz301205,联特科技,284.7,-13.48,-4.521,284.6,284.7,298.18,290.74,293.6,282.22,5326874.0,1528467303.0,15:35:15,2026-09-02
sz301206,三元生物,23.51,-0.59,-2.448,23.5,23.51,24.1,23.93,23.98,23.5,1232899.0,29122843.0,15:35:30,2026-09-02
sz301207,华兰疫苗,17.23,-0.29,-1.655,17.23,17.24,17.52,17.5,17.5,17.13,4460541.0,76918599.0,15:35:45,2026-09-02
sz301208,中亦科技,31.51,-0.45,-1.408,31.51,31.55,31.96,31.5,31.9,31.16,1642280.0,51730382.0,15:35:00,2026-09-02
sz301209,联合化学,59.18,-0.15,-0.253,59.18,59.2,59.33,59.37,61.38,57.86,2637116.0,157192523.0,15:35:15,2026-09-02
sz301210,金杨精密,25.64,1.14,4.653,25.63,25.64,24.5,24.19,25.84,23.92,4730523.0,118154318.0,15:35:30,2026-09-02
sz301211,亨迪药业,11.95,-0.11,-0.912,11.95,11.96,12.06,11.98,12.11,11.82,10103608.0,121139364.0,15:35:45,2026-09-02
sz301212,联盛化学,26.15,0.16,0.616,26.15,26.16,25.99,25.69,26.2,25.38,2050967.0,52573976.0,15:35:00,2026-09-02
sz301213,观想科技,42.18,1.22,2.979,42.16,42.18,40.96,40.79,43.68,40.36,2923978.0,122626485.0,15:35:15,2026-09-02
sz301215,中汽股份,5.42,-0.04,-0.733,5.41,5.42,5.46,5.41,5.44,5.36,6156859.0,33214031.0,15:35:30,2026-09-02
sz301216,万凯新材,19.23,-0.7,-3.512,19.22,19.23,19.93,19.86,20.55,19.1,43268054.0,856820768.0,15:35:45,2026-09-02
sz301217,铜冠铜箔,108.89,-5.34,-4.675,108.89,108.9,114.23,108.51,111.65,107.0,22938499.0,2508734721.0,15:35:00,2026-09-02
sz301218,华是科技,53.03,-2.58,-4.639,53.0,53.03,55.61,56.01,57.01,51.15,18743702.0,992315063.0,15:35:15,2026-09-02
sz301219,腾远钴业,43.81,-1.19,-2.644,43.81,43.82,45.0,44.42,44.42,43.11,6120791.0,266960559.0,15:35:30,2026-09-02
sz301220,亚香股份,27.2,-0.63,-2.264,27.19,27.2,27.83,27.9,27.9,26.95,909800.0,24789686.0,15:35:45,2026-09-02
sz301221,光庭信息,29.18,-0.37,-1.252,29.14,29.18,29.55,29.21,29.37,28.91,1561159.0,45465277.0,15:35:00,2026-09-02
sz301222,浙江恒威,24.35,-0.3,-1.217,24.35,24.37,24.65,24.22,24.66,23.9,1676140.0,40443455.0,15:35:15,2026-09-02
sz301223,中荣股份,17.48,-0.12,-0.682,17.45,17.48,17.6,17.56,17.61,17.35,938600.0,16410940.0,15:35:30,2026-09-02
sz301225,恒勃股份,58.17,1.82,3.23,58.15,58.17,56.35,56.43,59.56,55.8,2579160.0,149179658.0,15:35:45,2026-09-02
sz301226,祥明智能,29.4,-0.62,-2.065,29.4,29.41,30.02,29.98,30.46,29.25,2164951.0,64004121.0,15:35:00,2026-09-02
sz301227,森鹰窗业,33.82,0.79,2.392,33.8,33.82,33.03,33.03,34.26,32.82,2220660.0,74803447.0,15:35:15,2026-09-02
sz301228,实朴检测,64.92,-3.45,-5.046,64.92,65.0,68.37,67.53,68.58,64.62,3078552.0,202212357.0,15:35:30,2026-09-02
sz301229,纽泰格,12.58,0.04,0.319,12.54,12.58,12.54,12.43,12.62,12.33,2681436.0,33437064.0,15:35:45,2026-09-02
sz301230,泓博医药,30.15,-0.65,-2.11,30.14,30.15,30.8,30.9,31.2,29.82,10963007.0,331915441.0,15:35:00,2026-09-02
sz301231,荣信文化,30.15,-0.32,-1.05,30.15,30.17,30.47,30.02,30.53,29.56,10514552.0,315497190.0,15:35:15,2026-09-02
sz301232,飞沃科技,100.7,-1.64,-1.603,100.7,100.72,102.34,100.15,103.47,99.6,2540687.0,257100152.0,15:35:30,2026-09-02
sz301233,盛帮股份,32.82,-0.12,-0.364,32.82,32.95,32.94,32.94,33.17,32.39,1051260.0,34508652.0,15:35:45,2026-09-02
sz301234,五洲医疗,104.93,4.27,4.242,104.93,104.94,100.66,103.0,106.99,101.0,1760258.0,183581615.0,15:35:00,2026-09-02
sz301235,华康洁净,47.13,2.05,4.547,47.13,47.14,45.08,44.18,47.95,43.1,11688004.0,534341200.0,15:35:15,2026-09-02
sz301236,软通动力,37.41,-0.81,-2.119,37.41,37.42,38.22,37.5,37.97,37.12,14459526.0,541718283.0,15:35:30,2026-09-02
sz301237,和顺科技,38.95,0.15,0.387,38.95,38.98,38.8,38.77,39.98,37.98,2675703.0,104508999.0,15:35:45,2026-09-02
sz301238,瑞泰新材,15.95,-0.27,-1.665,15.94,15.95,16.22,16.02,16.15,15.81,7193043.0,114470780.0,15:35:00,2026-09-02
sz301239,普瑞眼科,33.51,0.0,0.0,33.51,33.52,33.51,33.2,33.57,32.8,1912883.0,63589049.0,15:35:15,2026-09-02
sz301246,宏源药业,18.48,-0.43,-2.274,18.47,18.48,18.91,18.75,18.84,18.39,6751480.0,125063653.0,15:35:30,2026-09-02
sz301248,杰创智能,56.88,-0.93,-1.609,56.88,56.9,57.81,56.77,57.8,55.55,3024214.0,171303137.0,15:35:45,2026-09-02
sz301251,威尔高,55.23,1.17,2.164,55.22,55.24,54.06,52.99,56.2,52.6,7672992.0,421472638.0,15:35:00,2026-09-02
sz301252,同星科技,35.77,0.46,1.303,35.77,35.79,35.31,35.0,36.06,34.63,2873100.0,102451565.0,15:35:15,2026-09-02
sz301255,通力科技,20.22,0.11,0.547,20.22,20.24,20.11,20.11,20.35,19.78,1032360.0,20726734.0,15:35:30,2026-09-02
sz301256,华融化学,10.68,-0.47,-4.215,10.67,10.68,11.15,11.0,11.3,10.5,18304903.0,196938929.0,15:35:45,2026-09-02
sz301257,普蕊斯,38.29,-0.6,-1.543,38.29,38.3,38.89,38.61,38.74,37.3,3905236.0,148126643.0,15:35:00,2026-09-02
sz301258,富士莱,25.98,-0.49,-1.851,25.98,26.08,26.47,26.41,26.43,25.71,833000.0,21656804.0,15:35:15,2026-09-02
sz301259,艾布鲁,22.32,0.56,2.574,22.31,22.32,21.76,21.5,22.6,21.13,6128854.0,133911172.0,15:35:30,2026-09-02
sz301260,格力博,12.23,-0.15,-1.212,12.23,12.24,12.38,12.25,12.34,12.1,3014076.0,36841737.0,15:35:45,2026-09-02
sz301261,恒工精密,54.73,-0.6,-1.084,54.73,54.74,55.33,54.6,55.27,53.92,964475.0,52613086.0,15:35:00,2026-09-02
sz301262,海看股份,20.8,-0.7,-3.256,20.8,20.81,21.5,21.39,21.61,20.66,15520479.0,325956792.0,15:35:15,2026-09-02
sz301263,泰恩康,19.02,-0.55,-2.81,19.02,19.03,19.57,19.39,19.39,18.88,3245091.0,61781221.0,15:35:30,2026-09-02
sz301265,华新科技,19.33,0.17,0.887,19.33,19.34,19.16,18.97,19.38,18.32,7703900.0,144298341.0,15:35:45,2026-09-02
sz301266,宇邦新材,0.0,0.0,0.0,0.0,0.0,24.97,0.0,0.0,0.0,0.0,0.0,15:35:00,2026-09-02
sz301267,华厦眼科,15.08,-0.13,-0.855,15.07,15.08,15.21,15.22,15.23,15.05,3966646.0,59891448.0,15:35:15,2026-09-02
sz301268,铭利达,13.01,-0.19,-1.439,13.01,13.02,13.2,13.1,13.24,12.87,2784907.0,36218750.0,15:35:30,2026-09-02
sz301269,华大九天,94.09,-3.52,-3.606,94.09,94.1,97.61,96.7,96.8,94.04,5203058.0,494212310.0,15:35:45,2026-09-02
sz301270,汉仪股份,31.95,-0.55,-1.692,31.95,31.96,32.5,32.05,32.49,31.66,1644300.0,52478905.0,15:35:00,2026-09-02
sz301272,英华特,35.37,0.08,0.227,35.37,35.5,35.29,35.04,35.7,34.7,708300.0,24981382.0,15:35:15,2026-09-02
sz301273,瑞晨环保,38.39,-0.11,-0.286,38.29,38.39,38.5,38.05,38.93,37.4,2021960.0,77164403.0,15:35:30,2026-09-02
sz301275,汉朔科技,42.66,-0.07,-0.164,42.65,42.66,42.73,42.5,42.94,42.06,3725341.0,158419685.0,15:35:45,2026-09-02
sz301276,嘉曼服饰,18.89,-0.23,-1.203,18.89,18.91,19.12,19.02,19.2,18.82,1861320.0,35278579.0,15:35:00,2026-09-02
sz301277,新天地,10.17,-0.22,-2.117,10.17,10.18,10.39,10.36,10.36,10.12,3399819.0,34682623.0,15:35:15,2026-09-02
sz301278,快可电子,29.04,0.08,0.276,29.0,29.04,28.96,28.77,29.3,28.68,1319416.0,38175235.0,15:35:30,2026-09-02
sz301279,金道科技,21.94,0.79,3.735,21.94,21.95,21.15,21.07,22.22,21.0,3256321.0,70678405.0,15:35:45,2026-09-02
sz301280,珠城科技,42.23,-0.17,-0.401,42.22,42.23,42.4,42.0,42.57,41.55,1133908.0,47796240.0,15:35:00,2026-09-02
sz301281,科源制药,45.44,-0.22,-0.482,45.44,45.45,45.66,45.22,46.5,44.92,1791100.0,81502221.0,15:35:15,2026-09-02
sz301282,金禄电子,36.15,-0.43,-1.176,36.15,36.16,36.58,36.0,37.18,35.6,12426478.0,449888115.0,15:35:30,2026-09-02
sz301283,聚胶股份,25.01,-0.29,-1.146,25.01,25.06,25.3,25.25,25.29,24.76,1268419.0,31689523.0,15:35:45,2026-09-02
sz301285,鸿日达,88.14,-2.53,-2.79,88.14,88.27,90.67,89.58,91.18,87.66,1923212.0,170510348.0,15:35:00,2026-09-02
sz301286,侨源股份,45.15,-1.54,-3.298,45.15,45.16,46.69,45.99,46.3,44.7,1548631.0,70076242.0,15:35:15,2026-09-02
sz301287,康力源,44.26,1.46,3.411,44.22,44.26,42.8,42.8,44.6,42.8,1296700.0,57208742.0,15:35:30,2026-09-02
sz301288,清研环境,17.57,0.06,0.343,17.52,17.57,17.51,17.42,17.68,17.03,1264000.0,22033842.0,15:35:45,2026-09-02
sz301289,国缆检测,44.98,-0.26,-0.575,44.97,44.98,45.24,45.0,45.19,44.45,926818.0,41564895.0,15:35:00,2026-09-02
sz301290,东星医疗,28.51,-0.36,-1.247,28.51,28.56,28.87,28.68,28.73,28.15,981000.0,27910527.0,15:35:15,2026-09-02
sz301291,明阳电气,32.1,-1.14,-3.43,32.1,32.11,33.24,33.03,33.03,32.06,5127321.0,166268409.0,15:35:30,2026-09-02
sz301292,海科新源,61.66,-1.07,-1.706,61.66,61.68,62.73,61.99,62.47,61.18,4029110.0,248765227.0,15:35:45,2026-09-02
sz301293,三博脑科,52.62,-0.25,-0.473,52.61,52.62,52.87,52.46,53.0,51.52,4580386.0,239300542.0,15:35:00,2026-09-02
sz301295,美硕科技,38.75,0.74,1.947,38.73,38.75,38.01,37.87,39.48,37.5,2013707.0,77296055.0,15:35:15,2026-09-02
sz301296,新巨丰,6.54,-0.03,-0.457,6.53,6.54,6.57,6.53,6.57,6.44,2741577.0,17795665.0,15:35:30,2026-09-02
sz301297,富乐德,39.29,-0.59,-1.479,39.29,39.3,39.88,39.5,40.88,39.1,16073175.0,638884006.0,15:35:45,2026-09-02
sz301298,东利机械,13.12,-0.04,-0.304,13.12,13.18,13.16,13.08,13.22,12.89,1495600.0,19587013.0,15:35:00,2026-09-02
sz301299,卓创资讯,45.57,-0.78,-1.683,45.57,45.6,46.35,45.61,46.4,45.26,1252650.0,57248395.0,15:35:15,2026-09-02
sz301300,远翔新材,34.12,-0.41,-1.187,34.12,34.13,34.53,34.35,34.35,33.72,716900.0,24355407.0,15:35:30,2026-09-02
sz301301,川宁生物,8.49,-0.29,-3.303,8.48,8.49,8.78,8.72,8.75,8.46,13532258.0,115806850.0,15:35:45,2026-09-02
sz301302,华如科技,22.67,0.58,2.626,22.66,22.67,22.09,21.87,23.0,21.77,8888848.0,199812599.0,15:35:00,2026-09-02
sz301303,真兰仪表,14.0,-0.07,-0.498,13.99,14.0,14.07,14.01,14.09,13.83,1938880.0,27047115.0,15:35:15,2026-09-02
sz301305,朗坤科技,24.88,0.11,0.444,24.88,24.89,24.77,24.55,25.45,24.51,4868300.0,122059110.0,15:35:30,2026-09-02
sz301306,西测测试,99.55,-1.65,-1.63,99.55,99.6,101.2,100.69,105.0,99.3,3755062.0,381714045.0,15:35:45,2026-09-02
sz301307,美利信,55.0,-2.76,-4.778,54.98,55.0,57.76,56.32,59.78,54.74,12587968.0,711930546.0,15:35:00,2026-09-02
sz301308,江波龙,362.3,-6.88,-1.864,362.29,362.3,369.18,361.1,366.99,360.74,6873165.0,2494468044.0,15:35:15,2026-09-02
sz301309,万得凯,32.63,0.56,1.746,32.6,32.63,32.07,32.0,32.97,31.65,1805000.0,58721679.0,15:35:30,2026-09-02
sz301310,鑫宏业,52.98,0.75,1.436,52.97,53.0,52.23,51.99,54.3,51.02,5761028.0,304971144.0,15:35:45,2026-09-02
sz301311,昆船智能,13.9,-0.07,-0.501,13.86,13.9,13.97,13.94,13.98,13.79,1978800.0,27455884.0,15:35:00,2026-09-02
sz301312,智立方,77.65,0.2,0.258,77.65,77.69,77.45,76.0,79.29,75.3,4413796.0,343023043.0,15:35:15,2026-09-02
sz301313,凡拓数创,33.32,-0.66,-1.942,33.32,33.4,33.98,33.59,33.99,33.2,2865562.0,96065691.0,15:35:30,2026-09-02
sz301314,科瑞思,45.7,0.17,0.373,45.59,45.7,45.53,45.53,45.88,44.8,697200.0,31667429.0,15:35:45,2026-09-02
sz301315,威士顿,40.98,-0.62,-1.49,40.98,40.99,41.6,40.79,41.62,40.14,2192631.0,89313512.0,15:35:00,2026-09-02
sz301316,慧博云通,37.38,-0.1,-0.267,37.38,37.39,37.48,36.5,37.5,35.71,9854190.0,360624439.0,15:35:15,2026-09-02
sz301317,鑫磊股份,46.17,0.62,1.361,46.17,46.18,45.55,45.0,47.37,44.02,3490248.0,160921515.0,15:35:30,2026-09-02
sz301318,维海德,21.6,0.03,0.139,21.58,21.6,21.57,21.67,21.67,21.23,911250.0,19546978.0,15:35:45,2026-09-02
sz301319,唯特偶,96.0,-2.74,-2.775,96.0,96.01,98.74,96.8,98.41,95.0,6376837.0,614530269.0,15:35:00,2026-09-02
sz301320,豪江智能,14.02,0.0,0.0,13.99,14.02,14.02,13.9,14.07,13.75,1757818.0,24460855.0,15:35:15,2026-09-02
sz301321,翰博高新,41.17,0.21,0.513,41.17,41.18,40.96,40.8,41.8,39.5,4066094.0,166382265.0,15:35:30,2026-09-02
sz301322,绿通科技,40.37,0.15,0.373,40.37,40.39,40.22,40.22,40.64,38.94,2076655.0,82544898.0,15:35:45,2026-09-02
sz301323,新莱福,68.57,1.27,1.887,68.5,68.57,67.3,67.1,69.29,66.0,1483667.0,100413561.0,15:35:00,2026-09-02
sz301325,曼恩斯特,30.09,-0.46,-1.506,30.08,30.09,30.55,30.2,30.48,29.81,1210252.0,36361458.0,15:35:15,2026-09-02
sz301326,捷邦科技,107.94,2.24,2.119,107.94,107.99,105.7,105.24,109.5,101.58,2302373.0,244340080.0,15:35:30,2026-09-02
sz301327,华宝新能,42.31,-0.66,-1.536,42.29,42.31,42.97,42.81,42.81,42.03,791732.0,33460235.0,15:35:45,2026-09-02
sz301328,维峰电子,52.7,-0.85,-1.587,52.67,52.7,53.55,52.4,53.27,51.1,2739506.0,142824991.0,15:35:00,2026-09-02
sz301329,信音电子,20.04,-0.14,-0.694,20.03,20.04,20.18,19.85,20.25,19.83,4192830.0,83881631.0,15:35:15,2026-09-02
sz301330,熵基科技,25.74,-0.25,-0.962,25.71,25.74,25.99,25.62,25.95,25.42,3211868.0,82410745.0,15:35:30,2026-09-02
sz301331,恩威医药,21.82,-0.25,-1.133,21.81,21.82,22.07,21.98,21.98,21.47,1249807.0,27186313.0,15:35:45,2026-09-02
sz301332,德尔玛,8.0,-0.1,-1.235,8.0,8.02,8.1,8.03,8.07,7.95,3279700.0,26238971.0,15:35:00,2026-09-02
sz301333,诺思格,52.1,-0.65,-1.232,52.1,52.19,52.75,52.89,53.28,51.85,1814576.0,95176847.0,15:35:15,2026-09-02
sz301335,天元宠物,23.96,0.38,1.612,23.96,24.0,23.58,23.5,24.12,23.24,2645880.0,62596952.0,15:35:30,2026-09-02
sz301336,趣睡科技,41.35,-0.15,-0.361,41.35,41.41,41.5,41.19,41.84,40.44,1318490.0,54338373.0,15:35:45,2026-09-02
sz301337,亚华电子,26.41,-0.17,-0.64,26.41,26.42,26.58,26.3,26.69,26.08,712400.0,18747470.0,15:35:00,2026-09-02
sz301338,凯格精机,96.0,-0.5,-0.518,95.99,96.0,96.5,94.98,97.27,94.18,3493516.0,334856246.0,15:35:15,2026-09-02
sz301339,通行宝,11.07,-0.29,-2.553,11.07,11.08,11.36,11.23,11.31,11.0,5381581.0,59789787.0,15:35:30,2026-09-02
sz301345,涛涛车业,225.79,-10.71,-4.529,225.78,225.79,236.5,234.95,236.4,224.5,1177641.0,268512403.0,15:35:45,2026-09-02
sz301348,蓝箭电子,21.51,-0.19,-0.876,21.51,21.52,21.7,21.44,21.65,21.27,4944577.0,106261633.0,15:35:00,2026-09-02
sz301349,信德新材,43.46,0.34,0.788,43.46,43.47,43.12,42.82,44.1,42.26,3391236.0,147267845.0,15:35:15,2026-09-02
sz301353,普莱得,19.56,0.07,0.359,19.53,19.56,19.49,19.29,19.64,19.21,1215616.0,23619740.0,15:35:30,2026-09-02
sz301355,南王科技,10.52,-0.02,-0.19,10.51,10.52,10.54,10.45,10.59,10.32,3009600.0,31425708.0,15:35:45,2026-09-02
sz301356,天振股份,21.03,-0.37,-1.729,21.03,21.06,21.4,21.16,21.39,20.85,1251864.0,26408235.0,15:35:00,2026-09-02
sz301357,北方长龙,106.3,12.97,13.897,106.25,106.3,93.33,92.36,111.78,92.36,10578102.0,1110116142.0,15:35:15,2026-09-02
sz301358,湖南裕能,58.2,-2.08,-3.451,58.19,58.2,60.28,59.5,59.77,57.62,14913310.0,869574517.0,15:35:30,2026-09-02
sz301359,东南电子,19.05,-0.53,-2.707,19.05,19.08,19.58,19.29,19.53,18.83,3300811.0,63034608.0,15:35:45,2026-09-02
sz301360,荣旗科技,55.3,-0.71,-1.268,55.3,55.33,56.01,56.0,56.25,54.37,1500084.0,83214465.0,15:35:00,2026-09-02
sz301361,众智科技,27.24,0.1,0.368,27.24,27.27,27.14,27.01,27.44,26.63,985176.0,26653179.0,15:35:15,2026-09-02
sz301362,民爆光电,106.4,-1.21,-1.124,106.4,106.42,107.61,105.46,107.5,103.85,2206561.0,233691402.0,15:35:30,2026-09-02
sz301363,美好医疗,16.27,-0.39,-2.341,16.27,16.28,16.66,16.46,16.66,16.21,5762331.0,94121765.0,15:35:45,2026-09-02
sz301365,矩阵股份,39.09,-1.03,-2.567,39.09,39.1,40.12,39.97,39.97,38.79,2153952.0,84554910.0,15:35:00,2026-09-02
sz301366,一博科技,54.08,-1.02,-1.851,54.08,54.09,55.1,54.31,54.79,53.6,5099290.0,276665446.0,15:35:15,2026-09-02
sz301367,瑞迈特,47.4,0.5,1.066,47.38,47.4,46.9,46.7,48.17,46.41,2652111.0,126012061.0,15:35:30,2026-09-02
sz301368,丰立智能,38.6,-0.1,-0.258,38.6,38.62,38.7,38.41,38.85,37.95,885612.0,34050616.0,15:35:45,2026-09-02
sz301369,联动科技,128.5,-3.19,-2.422,128.5,128.55,131.69,129.0,131.65,126.78,1449125.0,186161528.0,15:35:00,2026-09-02
sz301370,国科恒泰,8.79,-0.06,-0.678,8.79,8.8,8.85,8.8,8.83,8.72,2644100.0,23214634.0,15:35:15,2026-09-02
sz301371,敷尔佳,21.47,-0.08,-0.371,21.47,21.48,21.55,21.45,21.62,21.1,3429100.0,73375171.0,15:35:30,2026-09-02
sz301372,科净源,31.19,0.2,0.645,31.19,31.2,30.99,30.87,31.85,30.41,1601400.0,49894087.0,15:35:45,2026-09-02
sz301373,凌玮科技,104.2,-1.93,-1.819,104.15,104.2,106.13,105.0,110.06,101.0,6515570.0,684666089.0,15:35:00,2026-09-02
sz301376,致欧科技,22.22,-0.23,-1.024,22.21,22.22,22.45,22.02,22.48,21.93,4343500.0,96259149.0,15:35:15,2026-09-02
sz301377,鼎泰高科,387.9,-0.23,-0.059,387.81,387.9,388.13,383.54,394.78,380.0,2498075.0,969352050.0,15:35:30,2026-09-02
sz301378,通达海,25.59,-0.31,-1.197,25.59,25.6,25.9,25.73,25.9,25.12,1668034.0,42568863.0,15:35:45,2026-09-02
sz301379,天山电子,20.85,-0.47,-2.205,20.84,20.85,21.32,21.0,21.19,20.63,8141635.0,169650859.0,15:35:00,2026-09-02
sz301380,挖金客,32.72,0.0,0.0,32.72,32.73,32.72,32.69,32.88,31.82,3774530.0,122301027.0,15:35:15,2026-09-02
sz301381,赛维时代,23.25,-0.18,-0.768,23.25,23.26,23.43,23.23,23.49,22.8,5065257.0,117478363.0,15:35:30,2026-09-02
sz301382,蜂助手,37.86,-0.19,-0.499,37.86,37.87,38.05,37.48,38.42,37.19,7103556.0,268274891.0,15:35:45,2026-09-02
sz301383,天键股份,24.09,-0.17,-0.701,24.09,24.11,24.26,24.25,24.46,23.86,1009600.0,24385119.0,15:35:00,2026-09-02
sz301386,未来电器,20.67,0.08,0.389,20.67,20.7,20.59,20.5,20.81,20.35,1195700.0,24612541.0,15:35:15,2026-09-02
sz301387,光大同创,55.28,-0.62,-1.109,55.26,55.28,55.9,55.9,56.46,54.21,1507379.0,83351189.0,15:35:30,2026-09-02
sz301388,欣灵电气,26.02,0.15,0.58,26.01,26.02,25.87,26.04,26.57,25.61,2007118.0,52034162.0,15:35:45,2026-09-02
sz301389,隆扬电子,56.48,-0.72,-1.259,56.47,56.48,57.2,56.15,58.5,55.48,7263529.0,411747260.0,15:35:00,2026-09-02
sz301390,经纬股份,34.56,1.36,4.096,34.56,34.6,33.2,33.14,34.8,32.72,1374000.0,46756482.0,15:35:15,2026-09-02
sz301391,卡莱特,47.06,-1.22,-2.527,47.06,47.08,48.28,47.6,48.17,46.53,2080519.0,98062210.0,15:35:30,2026-09-02
sz301392,汇成真空,177.12,4.12,2.382,177.0,177.13,173.0,168.01,182.5,161.84,6631993.0,1150609777.0,15:35:45,2026-09-02
sz301393,昊帆生物,56.7,-0.84,-1.46,56.67,56.7,57.54,57.5,57.78,56.07,2042377.0,116397532.0,15:35:00,2026-09-02
sz301395,仁信新材,12.2,0.06,0.494,12.2,12.23,12.14,12.08,12.32,11.87,3174952.0,38493606.0,15:35:15,2026-09-02
sz301396,宏景科技,177.03,1.75,0.998,177.01,177.03,175.28,172.0,179.7,170.0,11110747.0,1944185010.0,15:35:30,2026-09-02
sz301397,溯联股份,24.6,-0.3,-1.205,24.6,24.61,24.9,24.69,24.84,24.07,2537060.0,62261649.0,15:35:45,2026-09-02
sz301398,星源卓镁,35.69,0.32,0.905,35.68,35.69,35.37,34.93,36.97,34.93,2276599.0,82079013.0,15:35:00,2026-09-02
sz301399,英特科技,21.5,-0.9,-4.018,21.5,21.51,22.4,21.73,22.51,21.22,11714287.0,253768234.0,15:35:15,2026-09-02
sz301408,华人健康,14.63,-0.26,-1.746,14.63,14.64,14.89,14.89,14.9,14.52,6367562.0,93186556.0,15:35:30,2026-09-02
sz301413,安培龙,58.18,-0.92,-1.557,58.18,58.2,59.1,58.51,58.7,57.28,1758539.0,101983777.0,15:35:45,2026-09-02
sz301418,协昌科技,35.5,-0.06,-0.169,35.42,35.5,35.56,35.3,35.9,34.73,1233001.0,43417168.0,15:35:00,2026-09-02
sz301419,阿莱德,36.22,-1.22,-3.259,36.22,36.23,37.44,36.93,37.02,35.88,5133503.0,186671182.0,15:35:15,2026-09-02
sz301421,波长光电,77.04,-0.38,-0.491,77.04,77.05,77.42,76.26,78.43,75.2,3058657.0,235609258.0,15:35:30,2026-09-02
sz301428,世纪恒通,28.5,-0.37,-1.282,28.49,28.5,28.87,28.51,28.76,28.18,1837933.0,52361617.0,15:35:45,2026-09-02
sz301429,森泰股份,17.8,0.03,0.169,17.8,17.83,17.77,17.66,17.88,17.44,1244700.0,22009023.0,15:35:00,2026-09-02
sz301439,泓淋电力,15.68,0.58,3.841,15.67,15.68,15.1,15.37,15.68,15.1,16098930.0,248199465.0,15:35:15,2026-09-02
sz301446,福事特,37.89,0.27,0.718,37.88,37.95,37.62,37.63,38.28,37.15,662050.0,25050009.0,15:35:30,2026-09-02
sz301448,开创电气,43.77,-0.51,-1.152,43.77,43.79,44.28,43.69,44.53,42.11,1345990.0,58108846.0,15:35:45,2026-09-02
sz301449,天溯计量,44.82,-0.38,-0.841,44.81,44.82,45.2,44.89,45.18,43.34,2014478.0,88991743.0,15:35:00,2026-09-02
sz301456,盘古智能,23.43,-0.42,-1.761,23.43,23.44,23.85,23.73,23.73,23.33,1070173.0,25129361.0,15:35:15,2026-09-02
sz301458,钧崴电子,36.57,-0.91,-2.428,36.55,36.57,37.48,36.74,37.16,36.4,3980257.0,146023636.0,15:35:30,2026-09-02
sz301459,丰茂股份,32.16,0.08,0.249,32.15,32.16,32.08,31.99,32.17,31.6,856201.0,27316127.0,15:35:45,2026-09-02
sz301468,博盈特焊,32.41,-0.54,-1.639,32.4,32.41,32.95,32.7,32.81,32.05,2856015.0,92599567.0,15:35:00,2026-09-02
sz301469,恒达新材,28.87,-0.33,-1.13,28.82,28.87,29.2,29.04,29.21,28.5,1043627.0,29982827.0,15:35:15,2026-09-02
sz301479,弘景光电,48.37,-0.27,-0.555,48.37,48.38,48.64,48.0,48.76,47.68,943488.0,45485423.0,15:35:30,2026-09-02
sz301486,致尚科技,170.95,0.55,0.323,170.95,170.96,170.4,167.0,174.77,166.0,3889566.0,660266157.0,15:35:45,2026-09-02
sz301487,盟固利,15.91,-0.39,-2.393,15.9,15.91,16.3,16.1,16.1,15.62,12963778.0,205071060.0,15:35:00,2026-09-02
sz301488,豪恩汽电,98.3,-0.78,-0.787,98.18,98.3,99.08,97.48,99.99,96.51,1038508.0,101792358.0,15:35:15,2026-09-02
sz301489,思泉新材,117.0,-0.35,-0.298,116.94,117.0,117.35,115.69,118.9,114.31,4054832.0,473345054.0,15:35:30,2026-09-02
sz301491,汉桑科技,40.06,0.49,1.238,40.06,40.07,39.57,39.56,40.28,39.2,923877.0,36770193.0,15:35:45,2026-09-02
sz301498,乖宝宠物,39.4,0.3,0.767,39.4,39.42,39.1,39.11,39.69,38.79,4180000.0,164333346.0,15:35:00,2026-09-02
sz301499,维科精密,25.36,-0.09,-0.354,25.36,25.37,25.45,25.41,25.5,25.02,890093.0,22514198.0,15:35:15,2026-09-02
sz301500,飞南资源,25.0,-1.28,-4.871,25.0,25.01,26.28,25.48,25.97,24.65,18678680.0,469951824.0,15:35:30,2026-09-02
sz301501,恒鑫生活,28.36,0.25,0.889,28.33,28.36,28.11,27.95,28.54,27.65,1077310.0,30382206.0,15:35:45,2026-09-02
sz301502,华阳智能,50.63,-0.1,-0.197,50.35,50.63,50.73,50.0,50.75,48.65,931800.0,46432618.0,15:35:00,2026-09-02
sz301503,智迪科技,23.81,0.82,3.567,23.78,23.81,22.99,22.73,24.49,22.46,3117605.0,73474677.0,15:35:15,2026-09-02
sz301505,苏州规划,16.62,0.33,2.026,16.62,16.63,16.29,16.22,16.7,16.01,3203148.0,52544220.0,15:35:30,2026-09-02
sz301507,民生健康,12.6,-0.5,-3.817,12.59,12.6,13.1,12.83,13.19,12.56,6368429.0,80983842.0,15:35:45,2026-09-02
sz301508,中机认检,24.93,0.2,0.809,24.92,24.93,24.73,24.7,25.01,24.46,1161100.0,28761066.0,15:35:00,2026-09-02
sz301509,金凯生科,28.85,-0.45,-1.536,28.85,28.88,29.3,29.06,29.23,28.6,1997119.0,57653572.0,15:35:15,2026-09-02
sz301510,固高科技,27.88,-0.92,-3.194,27.88,27.89,28.8,28.4,28.58,27.78,7979271.0,223685732.0,15:35:30,2026-09-02
sz301511,德福科技,90.75,-1.89,-2.04,90.75,90.76,92.64,90.06,92.5,88.5,31326060.0,2827604248.0,15:35:45,2026-09-02
sz301512,智信精密,31.98,-0.17,-0.529,31.98,32.1,32.15,32.0,32.36,31.66,859920.0,27505190.0,15:35:00,2026-09-02
sz301513,尚水智能,45.7,-0.93,-1.994,45.7,45.72,46.63,46.4,46.4,45.1,769533.0,35034148.0,15:35:15,2026-09-02
sz301515,港通医疗,19.81,0.05,0.253,19.81,19.83,19.76,19.76,19.86,19.33,1056657.0,20729986.0,15:35:30,2026-09-02
sz301516,中远通,16.91,-0.19,-1.111,16.9,16.91,17.1,16.93,17.2,16.85,8048462.0,136384845.0,15:35:45,2026-09-02
sz301517,陕西华达,38.5,-0.03,-0.078,38.5,38.52,38.53,38.07,38.98,37.88,1645375.0,63295997.0,15:35:00,2026-09-02
sz301518,长华化学,25.13,-1.04,-3.974,25.12,25.13,26.17,26.23,26.52,25.02,2344754.0,59576672.0,15:35:15,2026-09-02
sz301519,舜禹股份,12.31,-0.13,-1.045,12.3,12.34,12.44,12.34,12.48,12.1,1979394.0,24311168.0,15:35:30,2026-09-02
sz301520,万邦医药,59.3,-4.5,-7.053,59.29,59.3,63.8,62.0,62.94,57.21,10116994.0,602746865.0,15:35:45,2026-09-02
sz301522,上大股份,23.51,0.12,0.513,23.5,23.51,23.39,23.4,23.62,22.98,2803418.0,65420769.0,15:35:00,2026-09-02
sz301525,儒竞科技,39.3,0.05,0.127,39.3,39.31,39.25,39.31,39.72,38.5,977920.0,38265096.0,15:35:15,2026-09-02
sz301526,国际复材,27.85,-0.3,-1.066,27.84,27.85,28.15,27.48,28.75,27.19,115553547.0,3253720339.0,15:35:30,2026-09-02
sz301528,多浦乐,55.83,-0.26,-0.464,55.83,55.84,56.09,55.53,56.26,54.63,848125.0,47233753.0,15:35:45,2026-09-02
sz301529,福赛科技,113.12,-0.53,-0.466,113.12,113.18,113.65,112.02,117.48,111.38,2277415.0,262577661.0,15:35:00,2026-09-02
sz301531,春光集团,48.43,-1.09,-2.201,48.43,48.46,49.52,49.08,49.08,47.82,1735708.0,83977486.0,15:35:15,2026-09-02
sz301533,威马农机,29.6,-1.26,-4.083,29.6,29.61,30.86,30.14,30.65,29.1,4606418.0,135674728.0,15:35:30,2026-09-02
sz301535,浙江华远,14.62,0.05,0.343,14.61,14.62,14.57,14.41,14.73,14.13,2979234.0,43004031.0,15:35:45,2026-09-02
sz301536,星宸科技,129.89,-3.21,-2.412,129.88,129.9,133.1,131.81,134.68,129.8,13483650.0,1772047195.0,15:35:00,2026-09-02
sz301538,骏鼎达,41.0,-0.26,-0.63,40.99,41.0,41.26,41.25,41.33,40.46,1576548.0,64407470.0,15:35:15,2026-09-02
sz301539,宏鑫科技,15.36,0.05,0.327,15.36,15.37,15.31,15.31,15.45,15.09,1416500.0,21668686.0,15:35:30,2026-09-02
sz301548,崇德科技,54.99,-0.85,-1.522,54.93,54.99,55.84,55.21,55.57,54.56,1092004.0,60081856.0,15:35:45,2026-09-02
sz301550,斯菱智驱,85.89,-1.36,-1.559,85.89,85.9,87.25,86.8,88.81,85.01,5420071.0,470513445.0,15:35:00,2026-09-02
sz301551,无线传媒,21.72,-0.2,-0.912,21.71,21.72,21.92,21.67,22.05,21.36,6821225.0,148191203.0,15:35:15,2026-09-02
sz301552,科力装备,26.48,-0.64,-2.36,26.47,26.48,27.12,26.51,27.66,26.01,3005145.0,80770961.0,15:35:30,2026-09-02
sz301555,惠柏新材,35.28,-0.36,-1.01,35.28,35.29,35.64,35.04,35.76,34.89,1619480.0,57152731.0,15:35:45,2026-09-02
sz301556,托普云农,64.77,-4.11,-5.967,64.76,64.77,68.88,69.29,69.29,64.44,3769008.0,247818822.0,15:35:00,2026-09-02
sz301557,常友科技,87.8,0.3,0.343,87.8,87.91,87.5,87.0,88.2,86.06,346860.0,30260993.0,15:35:15,2026-09-02
sz301558,三态股份,6.66,-0.08,-1.187,6.66,6.67,6.74,6.69,6.76,6.63,4197700.0,27997606.0,15:35:30,2026-09-02
sz301559,中集环科,13.21,-0.13,-0.975,13.21,13.22,13.34,13.28,13.28,13.1,961000.0,12676830.0,15:35:45,2026-09-02
sz301560,众捷汽车,24.32,0.75,3.182,24.31,24.32,23.57,23.46,24.88,23.19,2620497.0,63357833.0,15:35:00,2026-09-02
sz301563,云汉芯城,118.92,-1.72,-1.426,118.92,118.93,120.64,119.54,119.73,117.61,928734.0,110345378.0,15:35:15,2026-09-02
sz301565,中仑新材,20.44,0.46,2.302,20.44,20.45,19.98,19.91,20.7,19.77,6976292.0,142540634.0,15:35:30,2026-09-02
sz301566,达利凯普,24.35,-0.41,-1.656,24.34,24.35,24.76,24.26,24.55,24.0,11279503.0,273885546.0,15:35:45,2026-09-02
sz301567,贝隆精密,37.96,0.86,2.318,37.96,37.98,37.1,37.9,39.35,37.3,3008944.0,114777065.0,15:35:00,2026-09-02
sz301568,思泰克,66.73,-0.91,-1.345,66.71,66.73,67.64,66.88,67.63,65.68,3033116.0,202025061.0,15:35:15,2026-09-02
sz301571,国科天成,67.96,0.83,1.236,67.96,67.97,67.13,66.85,68.8,65.67,4243469.0,286434022.0,15:35:30,2026-09-02
sz301575,艾芬达,27.31,0.17,0.626,27.29,27.31,27.14,26.85,27.42,26.65,838243.0,22710172.0,15:35:45,2026-09-02
sz301577,美信科技,56.68,-0.72,-1.254,56.68,56.7,57.4,56.48,57.59,55.7,868195.0,49126795.0,15:35:00,2026-09-02
sz301578,辰奕智能,24.43,0.09,0.37,24.42,24.43,24.34,24.36,24.59,24.0,1056744.0,25785548.0,15:35:15,2026-09-02
sz301580,爱迪特,55.48,0.4,0.726,55.46,55.48,55.08,54.51,57.0,53.95,5526943.0,309295849.0,15:35:30,2026-09-02
sz301581,黄山谷捷,37.38,-0.18,-0.479,37.33,37.38,37.56,37.79,37.79,36.92,516500.0,19322363.0,15:35:45,2026-09-02
sz301583,托伦斯,118.64,-2.1,-1.739,118.63,118.64,120.74,118.01,119.89,118.01,2710864.0,322008296.0,15:35:00,2026-09-02
sz301584,建发致新,21.12,-0.38,-1.767,21.12,21.13,21.5,21.4,21.46,21.08,1323600.0,28043295.0,15:35:15,2026-09-02
sz301585,蓝宇股份,28.13,0.29,1.042,28.11,28.13,27.84,27.75,28.5,27.51,1311680.0,36881975.0,15:35:30,2026-09-02
sz301586,佳力奇,32.0,0.56,1.781,31.99,32.0,31.44,31.32,32.1,30.93,1619800.0,51499162.0,15:35:45,2026-09-02
sz301587,中瑞股份,21.39,-0.1,-0.465,21.39,21.4,21.49,21.21,21.56,21.05,2511725.0,53463864.0,15:35:00,2026-09-02
sz301588,美新科技,28.33,-0.03,-0.106,28.33,28.36,28.36,28.01,28.78,27.5,3050579.0,85694399.0,15:35:15,2026-09-02
sz301589,诺瓦星云,143.5,-1.7,-1.171,143.3,143.5,145.2,144.0,144.88,142.35,410700.0,58855082.0,15:35:30,2026-09-02
sz301590,优优绿能,71.72,-0.46,-0.637,71.72,71.75,72.18,71.49,72.02,70.6,438784.0,31327209.0,15:35:45,2026-09-02
sz301591,肯特股份,54.22,1.51,2.865,54.22,54.23,52.71,52.8,57.96,51.66,21114547.0,1165130893.0,15:35:00,2026-09-02
sz301592,六九一二,108.46,2.2,2.07,108.46,108.47,106.26,105.2,109.35,103.1,2349154.0,251333248.0,15:35:15,2026-09-02
sz301595,太力科技,37.55,-1.0,-2.594,37.55,37.57,38.55,38.4,38.4,37.54,738112.0,27938728.0,15:35:30,2026-09-02
sz301596,瑞迪智驱,47.61,-0.48,-0.998,47.6,47.61,48.09,47.42,48.08,46.9,962173.0,45552494.0,15:35:45,2026-09-02
sz301598,博科测试,52.88,0.0,0.0,52.88,52.89,52.88,52.44,53.1,52.02,833400.0,43891683.0,15:35:00,2026-09-02
sz301599,理奇智能,32.7,-0.9,-2.679,32.7,32.71,33.6,33.01,33.25,32.5,2958625.0,96960505.0,15:35:15,2026-09-02
sz301600,慧翰股份,83.3,-1.6,-1.885,83.26,83.3,84.9,84.89,84.89,82.66,563039.0,47063555.0,15:35:30,2026-09-02
sz301601,惠通科技,16.48,-0.03,-0.182,16.47,16.48,16.51,16.29,16.5,16.08,2059588.0,33592230.0,15:35:45,2026-09-02
sz301602,超研股份,16.54,-0.32,-1.898,16.53,16.54,16.86,16.86,16.86,16.39,3639559.0,60179432.0,15:35:00,2026-09-02
sz301603,乔锋智能,130.43,0.64,0.493,130.37,130.43,129.79,129.0,133.58,126.11,1882111.0,245391492.0,15:35:15,2026-09-02
sz301606,绿联科技,55.14,4.16,8.16,55.13,55.14,50.98,51.5,57.86,51.05,11013236.0,613557383.0,15:35:30,2026-09-02
sz301607,富特科技,38.27,-1.77,-4.421,38.27,38.28,40.04,39.34,39.57,38.02,12573834.0,485983376.0,15:35:45,2026-09-02
sz301608,博实结,45.21,0.0,0.0,45.21,45.27,45.21,45.0,45.51,44.07,1428041.0,63914541.0,15:35:00,2026-09-02
sz301609,山大电力,32.43,-0.12,-0.369,32.43,32.44,32.55,32.57,32.72,32.03,1314900.0,42691829.0,15:35:15,2026-09-02
sz301611,珂玛科技,92.98,-1.68,-1.775,92.98,93.0,94.66,92.8,94.18,91.32,6179680.0,573366097.0,15:35:30,2026-09-02
sz301613,新铝时代,36.27,-0.51,-1.387,36.27,36.33,36.78,36.24,36.77,36.02,540949.0,19611449.0,15:35:45,2026-09-02
sz301616,浙江华业,36.07,0.13,0.362,36.07,36.08,35.94,35.96,36.45,35.51,460300.0,16515943.0,15:35:00,2026-09-02
sz301617,博苑新材,50.98,0.0,0.0,50.98,50.99,50.98,50.9,51.38,50.06,1046319.0,53175221.0,15:35:15,2026-09-02
sz301618,长联科技,32.51,-0.43,-1.305,32.51,32.55,32.94,32.55,32.94,32.23,1121866.0,36546275.0,15:35:30,2026-09-02
sz301622,英思特,39.02,-0.25,-0.637,38.96,39.02,39.27,39.15,39.15,38.18,1088000.0,42065802.0,15:35:45,2026-09-02
sz301626,苏州天脉,253.66,2.96,1.181,253.66,253.7,250.7,249.5,257.2,242.92,1691884.0,424888432.0,15:35:00,2026-09-02
sz301628,强达电路,104.23,0.55,0.53,104.23,104.25,103.68,104.27,109.66,101.72,3128345.0,327594116.0,15:35:15,2026-09-02
sz301629,矽电股份,303.88,8.86,3.003,303.86,303.88,295.02,292.93,308.68,287.8,1742580.0,525620910.0,15:35:30,2026-09-02
sz301630,同宇新材,191.5,-3.65,-1.87,191.49,191.5,195.15,192.45,198.92,191.4,1758369.0,341961528.0,15:35:45,2026-09-02
sz301631,壹连科技,60.91,-0.19,-0.311,60.91,60.92,61.1,60.4,61.01,59.53,1486651.0,89677322.0,15:35:00,2026-09-02
sz301632,广东建科,13.57,-0.13,-0.949,13.56,13.57,13.7,13.56,13.63,13.41,3205942.0,43258578.0,15:35:15,2026-09-02
sz301633,港迪技术,60.21,-0.51,-0.84,60.08,60.21,60.72,60.7,60.81,58.71,953700.0,57125452.0,15:35:30,2026-09-02
sz301636,泽润新能,40.3,0.2,0.499,40.3,40.38,40.1,40.35,40.6,39.42,944100.0,37843374.0,15:35:45,2026-09-02
sz301638,南网数字,21.67,-0.42,-1.901,21.66,21.67,22.09,21.95,21.95,21.57,6666215.0,144623232.0,15:35:00,2026-09-02
sz301655,绿控传动,26.0,-2.25,-7.965,26.0,26.01,28.25,27.49,27.49,25.88,14030711.0,368451300.0,15:35:15,2026-09-02
sz301656,联合动力,14.93,-0.15,-0.995,14.93,14.95,15.08,15.05,15.08,14.87,3384131.0,50606442.0,15:35:30,2026-09-02
sz301658,首航新能,22.56,-0.39,-1.699,22.53,22.56,22.95,22.82,22.82,22.23,3142900.0,70681391.0,15:35:45,2026-09-02
sz301662,宏工科技,65.29,-5.47,-7.73,65.28,65.29,70.76,69.5,69.57,65.23,4988642.0,331545618.0,15:35:00,2026-09-02
sz301665,泰禾股份,23.26,-0.5,-2.104,23.26,23.27,23.76,23.48,23.76,22.8,3407159.0,78866479.0,15:35:15,2026-09-02
sz301666,大普微,426.01,-12.94,-2.948,426.01,426.02,438.95,425.24,430.68,418.6,2297977.0,976063080.0,15:35:30,2026-09-02
sz301667,纳百川,61.95,0.75,1.225,61.94,61.95,61.2,61.2,62.02,60.3,1867744.0,114579207.0,15:35:45,2026-09-02
sz301668,昊创瑞通,36.62,1.48,4.212,36.62,36.63,35.14,35.47,36.7,34.66,2812968.0,101271579.0,15:35:00,2026-09-02
sz301669,高特电子,26.8,-0.61,-2.225,26.8,26.81,27.41,27.16,27.3,26.68,3721788.0,99949013.0,15:35:15,2026-09-02
sz301677,欣兴工具,53.24,-0.52,-0.967,53.24,53.25,53.76,53.12,53.78,52.77,1618013.0,86121131.0,15:35:30,2026-09-02
sz301678,新恒汇,44.88,-0.18,-0.399,44.86,44.88,45.06,44.48,45.17,44.2,1346264.0,60089392.0,15:35:45,2026-09-02
sz301680,固德电材,96.01,-3.19,-3.216,96.01,96.02,99.2,97.45,100.28,95.94,975404.0,94416869.0,15:35:00,2026-09-02
sz301682,宏明电子,107.0,-1.5,-1.382,107.0,107.02,108.5,107.05,108.08,106.33,784643.0,84093703.0,15:35:15,2026-09-02
sz301683,慧谷新材,99.0,-0.35,-0.352,99.0,99.01,99.35,98.9,99.37,97.32,441569.0,43460244.0,15:35:30,2026-09-02
sz301687,新广益,52.2,2.51,5.051,52.19,52.2,49.69,49.1,53.53,48.89,7045330.0,367956697.0,15:35:45,2026-09-02
sz301688,N格林,53.82,27.49,104.406,53.82,53.83,26.33,59.0,72.0,52.66,20210303.0,1205493199.0,15:35:00,2026-09-02
sz301696,三瑞智能,95.7,-1.1,-1.136,95.7,95.73,96.8,95.6,96.18,94.01,1046258.0,99673060.0,15:35:15,2026-09-02
sz301697,C贝特利,32.08,-3.82,-10.641,32.08,32.09,35.9,31.12,33.78,30.98,24734523.0,790092096.0,15:35:30,2026-09-02
sz301707,展芯股份,78.4,0.54,0.694,78.4,78.46,77.86,76.9,80.88,76.5,5304704.0,421610286.0,15:35:45,2026-09-02
sz301717,超纯应材,341.03,-8.9,-2.543,341.03,341.06,349.93,346.32,352.15,338.5,2681440.0,921510369.0,15:35:00,2026-09-02
sz302132,中航成飞,63.4,2.64,4.345,63.39,63.4,60.76,60.3,65.91,60.3,27960369.0,1774102084.0,15:35:15,2026-09-02
