代码,名称,最新价,涨跌额,涨跌幅,买入,卖出,昨收,今开,最高,最低,成交量,成交额,时间戳,date
bj920000,安徽凤凰,14.53,0.03,0.207,14.49,14.53,14.5,14.5,14.6,14.31,617886.0,8910006.0,15:30:00,2026-09-07
bj920001,纬达光电,11.62,0.04,0.345,11.61,11.62,11.58,11.59,11.88,11.5,1165799.0,13564707.0,15:30:00,2026-09-07
bj920002,万达轴承,53.84,1.28,2.435,53.83,53.84,52.56,52.0,54.69,52.0,1067233.0,57301789.0,15:30:00,2026-09-07
bj920003,中诚咨询,15.98,-0.14,-0.868,15.97,15.98,16.12,16.1,16.2,15.86,626452.0,10015822.0,15:30:00,2026-09-07
bj920005,鼎佳精密,24.68,-0.07,-0.283,24.68,24.75,24.75,24.65,25.09,24.51,429473.0,10607913.0,15:30:00,2026-09-07
bj920006,晟楠科技,19.69,-0.71,-3.48,19.69,19.74,20.4,20.14,20.49,19.36,5934759.0,117276438.0,15:30:00,2026-09-07
bj920007,酉立智能,34.54,-0.01,-0.029,34.54,34.68,34.55,34.44,35.23,34.35,96353.0,3339700.0,15:30:00,2026-09-07
bj920008,成电光信,21.37,-0.63,-2.864,21.34,21.37,22.0,22.28,22.28,21.14,1321355.0,28418405.0,15:30:00,2026-09-07
bj920009,丹娜生物,36.55,-0.43,-1.163,36.55,36.65,36.98,37.07,37.08,36.09,300777.0,10952067.0,15:30:00,2026-09-07
bj920010,凯添燃气,9.41,-0.11,-1.155,9.4,9.41,9.52,9.7,9.75,9.27,5184425.0,48845524.0,15:30:00,2026-09-07
bj920011,晨光电机,18.59,-0.05,-0.268,18.58,18.59,18.64,18.57,18.88,18.4,788604.0,14603533.0,15:30:00,2026-09-07
bj920012,创达新材,49.87,-1.05,-2.062,49.86,49.87,50.92,40.73,51.73,40.73,1352699.0,66150286.0,15:30:00,2026-09-07
bj920014,特瑞斯,8.95,-0.15,-1.648,8.94,8.95,9.1,9.11,9.14,8.89,1350448.0,12114103.0,15:30:00,2026-09-07
bj920015,锦华新材,39.38,1.07,2.793,39.38,39.39,38.31,38.61,39.39,38.05,1334051.0,51793400.0,15:30:00,2026-09-07
bj920016,中草香料,14.3,-0.18,-1.243,14.28,14.3,14.48,14.63,14.8,14.16,1054063.0,15123199.0,15:30:00,2026-09-07
bj920017,星昊医药,16.44,-0.04,-0.243,16.44,16.45,16.48,16.61,16.61,16.38,1056151.0,17358097.0,15:30:00,2026-09-07
bj920018,宏远股份,15.53,-0.08,-0.512,15.53,15.56,15.61,15.85,15.87,15.48,1098733.0,17103904.0,15:30:00,2026-09-07
bj920019,铜冠矿建,15.48,0.14,0.913,15.47,15.48,15.34,15.46,15.49,15.1,1621557.0,24758501.0,15:30:00,2026-09-07
bj920020,泰凯英,15.0,-0.08,-0.531,14.97,15.0,15.08,15.19,15.19,14.87,346835.0,5194561.0,15:30:00,2026-09-07
bj920021,流金科技,9.01,-0.18,-1.959,9.01,9.02,9.19,8.94,9.24,8.6,52142697.0,464002449.0,15:30:00,2026-09-07
bj920022,世昌股份,19.65,0.06,0.306,19.56,19.65,19.59,19.8,19.86,19.38,133563.0,2617375.0,15:30:00,2026-09-07
bj920023,*ST田野,1.54,0.01,0.654,1.53,1.54,1.53,1.52,1.54,1.52,2880718.0,4401117.0,15:30:00,2026-09-07
bj920026,卓兆点胶,20.64,0.38,1.876,20.64,20.65,20.26,20.13,21.11,20.13,2216945.0,45533644.0,15:30:00,2026-09-07
bj920027,交大铁发,12.06,-0.01,-0.083,12.02,12.06,12.07,12.15,12.2,11.94,762393.0,9197562.0,15:30:00,2026-09-07
bj920028,新恒泰,14.68,0.1,0.686,14.68,14.7,14.58,14.59,14.77,14.37,990530.0,14458839.0,15:30:00,2026-09-07
bj920029,开发科技,34.27,0.79,2.36,34.27,34.28,33.48,33.62,34.38,33.17,1008785.0,34260906.0,15:30:00,2026-09-07
bj920030,德众汽车,4.93,0.02,0.407,4.91,4.93,4.91,4.93,4.98,4.83,1340659.0,6558778.0,15:30:00,2026-09-07
bj920033,康普化学,14.2,-0.24,-1.662,14.2,14.25,14.44,14.45,14.62,14.18,609863.0,8733488.0,15:30:00,2026-09-07
bj920035,精创电气,25.25,0.2,0.798,25.2,25.25,25.05,24.99,25.96,24.72,776050.0,19572942.0,15:30:00,2026-09-07
bj920036,觅睿科技,32.45,-1.09,-3.25,32.45,32.47,33.54,33.2,34.01,32.01,1519682.0,49821519.0,15:30:00,2026-09-07
bj920037,广信科技,39.8,0.26,0.658,39.79,39.8,39.54,39.55,40.29,39.1,701604.0,27841817.0,15:30:00,2026-09-07
bj920038,森合高科,34.54,-0.96,-2.704,34.54,34.55,35.5,35.31,35.5,34.3,2237069.0,77597229.0,15:30:00,2026-09-07
bj920039,国义招标,8.24,-0.21,-2.485,8.23,8.24,8.45,8.38,8.44,8.21,1517911.0,12581013.0,15:30:00,2026-09-07
bj920045,蘅东光,549.5,87.2,18.862,549.5,549.88,462.3,479.0,555.1,473.0,2367578.0,1224840083.0,15:30:00,2026-09-07
bj920046,亿能电力,20.46,-0.24,-1.159,20.45,20.46,20.7,20.85,20.85,20.08,2731304.0,55458863.0,15:30:00,2026-09-07
bj920047,诺思兰德,16.24,0.05,0.309,16.23,16.24,16.19,16.19,16.55,16.06,2506925.0,40726600.0,15:30:00,2026-09-07
bj920050,爱伦医疗,28.8,-0.3,-1.031,28.61,28.8,29.1,29.01,29.27,28.52,213020.0,6141648.0,15:30:00,2026-09-07
bj920055,隆源股份,26.66,-0.52,-1.913,26.66,26.67,27.18,27.19,27.19,26.58,339341.0,9079079.0,15:30:00,2026-09-07
bj920056,能之光,16.1,1.1,7.333,16.1,16.12,15.0,15.45,17.89,15.43,3748989.0,61355481.0,15:30:00,2026-09-07
bj920057,百甲科技,5.09,-0.04,-0.78,5.09,5.1,5.13,5.12,5.19,4.99,1511042.0,7640811.0,15:30:00,2026-09-07
bj920058,华洋赛车,29.58,-1.22,-3.961,29.57,29.58,30.8,30.77,31.44,29.28,502619.0,15115150.0,15:30:00,2026-09-07
bj920059,双英集团,13.64,0.0,0.0,13.64,13.65,13.64,13.56,13.72,13.38,2991100.0,40527425.0,15:30:00,2026-09-07
bj920060,万源通,23.5,1.53,6.964,23.42,23.5,21.97,22.18,23.58,22.0,4903132.0,113241414.0,15:30:00,2026-09-07
bj920061,西磁科技,18.45,-0.16,-0.86,18.45,18.47,18.61,18.55,18.9,18.34,785085.0,14573273.0,15:30:00,2026-09-07
bj920062,科润智控,7.54,-0.06,-0.789,7.54,7.56,7.6,7.68,7.69,7.49,1254966.0,9497936.0,15:30:00,2026-09-07
bj920065,千岸科技,36.25,-0.8,-2.159,36.24,36.25,37.05,37.08,37.7,35.9,3019299.0,109636648.0,15:30:00,2026-09-07
bj920066,科拜尔,18.1,-0.32,-1.737,18.1,18.17,18.42,18.42,18.78,18.02,392191.0,7172096.0,15:30:00,2026-09-07
bj920068,天工股份,17.01,0.8,4.935,17.0,17.01,16.21,16.46,17.15,16.39,2731167.0,46046677.0,15:30:00,2026-09-07
bj920069,普昂医疗,33.22,-0.06,-0.18,33.2,33.22,33.28,33.28,33.39,33.0,258863.0,8582204.0,15:30:00,2026-09-07
bj920071,金钛股份,26.01,-2.03,-7.24,26.01,26.02,28.04,27.21,28.0,24.26,18537218.0,473347669.0,15:30:00,2026-09-07
bj920072,科莱瑞迪,24.5,-0.09,-0.366,24.5,24.51,24.59,24.78,24.78,24.3,696806.0,17030871.0,15:30:00,2026-09-07
bj920075,柏星龙,20.05,-1.27,-5.957,20.03,20.05,21.32,23.0,23.5,19.51,8797439.0,183710521.0,15:30:00,2026-09-07
bj920076,国亮新材,13.0,-0.13,-0.99,13.0,13.02,13.13,13.1,13.2,12.92,634592.0,8247617.0,15:30:00,2026-09-07
bj920077,吉林碳谷,14.12,-0.16,-1.12,14.12,14.13,14.28,14.27,14.27,13.93,4680760.0,65882041.0,15:30:00,2026-09-07
bj920078,族兴新材,19.98,0.25,1.267,19.98,19.99,19.73,19.6,20.0,19.4,1495538.0,29442366.0,15:30:00,2026-09-07
bj920079,乔路铭,13.56,-0.19,-1.382,13.55,13.56,13.75,13.85,13.85,13.5,3782177.0,51277434.0,15:30:00,2026-09-07
bj920080,奥美森,22.34,-0.19,-0.843,22.34,22.35,22.53,22.28,22.66,22.1,540630.0,12020506.0,15:30:00,2026-09-07
bj920081,欧伦电气,43.7,0.34,0.784,43.66,43.7,43.36,43.5,43.77,42.98,903798.0,39124571.0,15:30:00,2026-09-07
bj920082,方正阀门,8.44,0.01,0.119,8.41,8.44,8.43,8.68,8.68,8.35,813843.0,6870754.0,15:30:00,2026-09-07
bj920083,金戈新材,38.34,1.62,4.412,38.33,38.34,36.72,37.22,38.88,36.2,4068204.0,154022700.0,15:30:00,2026-09-07
bj920086,科马材料,20.79,-0.39,-1.841,20.79,20.9,21.18,21.46,21.51,20.75,912606.0,19108612.0,15:30:00,2026-09-07
bj920087,秋乐种业,20.28,1.26,6.625,20.27,20.28,19.02,19.0,21.0,19.0,22935257.0,463741475.0,15:30:00,2026-09-07
bj920088,科力股份,46.25,1.34,2.984,46.23,46.25,44.91,45.2,46.62,44.35,4331234.0,197887569.0,15:30:00,2026-09-07
bj920089,禾昌聚合,10.44,0.02,0.192,10.42,10.44,10.42,10.55,10.64,10.33,1222809.0,12774212.0,15:30:00,2026-09-07
bj920090,*ST同辉,3.65,0.05,1.389,3.65,3.66,3.6,3.59,3.79,3.59,1153845.0,4192296.0,15:30:00,2026-09-07
bj920091,大鹏工业,29.64,-0.28,-0.936,29.45,29.64,29.92,29.92,30.59,29.24,488986.0,14526269.0,15:30:00,2026-09-07
bj920092,汉鑫科技,27.89,-1.99,-6.66,27.89,27.9,29.88,28.7,29.15,27.79,3830504.0,108398648.0,15:30:00,2026-09-07
bj920093,信胜科技,19.8,-0.14,-0.702,19.79,19.8,19.94,19.83,20.2,19.57,2526291.0,49915040.0,15:30:00,2026-09-07
bj920096,嘉晨智能,34.9,0.38,1.101,34.9,34.94,34.52,34.63,35.45,34.2,785417.0,27453180.0,15:30:00,2026-09-07
bj920098,科隆新材,19.7,-0.08,-0.404,19.65,19.7,19.78,20.01,20.01,19.09,2198657.0,42691125.0,15:30:00,2026-09-07
bj920099,瑞华技术,17.88,-0.42,-2.295,17.83,17.88,18.3,18.24,18.26,17.7,881355.0,15746917.0,15:30:00,2026-09-07
bj920100,三协电机,33.19,0.44,1.344,33.17,33.19,32.75,33.5,34.75,32.1,3459071.0,116310063.0,15:30:00,2026-09-07
bj920101,志高机械,16.93,-0.08,-0.47,16.93,16.95,17.01,17.19,17.19,16.82,263326.0,4459679.0,15:30:00,2026-09-07
bj920106,林泰新材,37.45,-0.86,-2.245,37.44,37.45,38.31,38.66,38.67,37.05,732179.0,27490232.0,15:30:00,2026-09-07
bj920107,恒兴股份,20.52,-0.13,-0.63,20.52,20.53,20.65,20.65,20.77,20.44,1093657.0,22454003.0,15:30:00,2026-09-07
bj920108,宏海科技,9.24,-0.06,-0.645,9.21,9.24,9.3,9.5,9.5,9.16,739943.0,6858320.0,15:30:00,2026-09-07
bj920110,雷特科技,26.84,-0.36,-1.324,26.67,26.84,27.2,27.11,27.47,26.5,292443.0,7872403.0,15:30:00,2026-09-07
bj920111,聚星科技,28.42,0.04,0.141,28.42,28.43,28.38,28.23,28.57,28.13,1638196.0,46420608.0,15:30:00,2026-09-07
bj920112,巴兰仕,15.68,-0.37,-2.305,15.67,15.68,16.05,16.06,16.16,15.41,850316.0,13359327.0,15:30:00,2026-09-07
bj920116,星图测控,45.4,-0.1,-0.22,45.39,45.4,45.5,45.26,45.68,44.72,1398977.0,63150470.0,15:30:00,2026-09-07
bj920117,龙鑫智能,28.38,0.51,1.83,28.37,28.38,27.87,28.0,28.66,27.51,2779875.0,78281901.0,15:30:00,2026-09-07
bj920118,太湖远大,21.98,0.04,0.182,21.91,21.98,21.94,21.85,22.19,21.73,652878.0,14289691.0,15:30:00,2026-09-07
bj920119,美德乐,56.99,1.62,2.926,56.98,56.99,55.37,55.41,57.18,55.16,623363.0,35241517.0,15:30:00,2026-09-07
bj920121,江天科技,28.81,-0.52,-1.773,28.8,28.87,29.33,29.6,29.8,28.7,258816.0,7505391.0,15:30:00,2026-09-07
bj920122,中纺标,24.51,-0.62,-2.467,24.51,24.52,25.13,25.2,25.55,24.31,1076042.0,26640016.0,15:30:00,2026-09-07
bj920123,芭薇股份,11.71,-0.09,-0.763,11.71,11.72,11.8,11.69,12.0,11.56,1691759.0,19785485.0,15:30:00,2026-09-07
bj920124,南特科技,12.35,-0.1,-0.803,12.35,12.39,12.45,12.55,12.55,12.29,736270.0,9105148.0,15:30:00,2026-09-07
bj920125,鸿仕达,135.26,7.21,5.631,135.26,135.3,128.05,129.55,139.5,129.48,2167447.0,292168654.0,15:30:00,2026-09-07
bj920126,永大股份,10.58,-0.14,-1.306,10.58,10.59,10.72,10.75,10.79,10.49,2045686.0,21656563.0,15:30:00,2026-09-07
bj920128,胜业电气,18.83,0.45,2.448,18.83,18.84,18.38,18.61,19.11,18.26,1681799.0,31361999.0,15:30:00,2026-09-07
bj920130,立方控股,18.34,-0.25,-1.345,18.34,18.35,18.59,18.07,18.55,17.79,3584869.0,65236852.0,15:30:00,2026-09-07
bj920132,泰鹏智能,9.36,-0.09,-0.952,9.36,9.39,9.45,9.37,9.68,9.23,703667.0,6604474.0,15:30:00,2026-09-07
bj920136,永励精密,22.09,0.19,0.868,22.08,22.09,21.9,21.91,22.33,21.72,1675722.0,36838144.0,15:30:00,2026-09-07
bj920138,杰理科技,34.36,-1.89,-5.214,34.36,34.39,36.25,36.46,36.57,34.23,6474165.0,226384198.0,15:30:00,2026-09-07
bj920139,华岭股份,15.38,0.29,1.922,15.38,15.39,15.09,15.33,15.5,15.17,3292176.0,50642514.0,15:30:00,2026-09-07
bj920145,恒合股份,10.63,-0.27,-2.477,10.63,10.67,10.9,11.02,11.03,10.5,604255.0,6471143.0,15:30:00,2026-09-07
bj920146,华阳变速,5.41,-0.05,-0.916,5.41,5.43,5.46,5.5,5.61,5.31,2855262.0,15478248.0,15:30:00,2026-09-07
bj920149,旭杰科技,9.05,0.02,0.221,9.05,9.06,9.03,9.03,9.23,8.9,1411554.0,12823344.0,15:30:00,2026-09-07
bj920152,昆工科技,13.19,-0.36,-2.657,13.19,13.2,13.55,13.66,13.82,13.03,1238856.0,16434932.0,15:30:00,2026-09-07
bj920156,海昌智能,36.96,-0.28,-0.752,36.96,37.06,37.24,37.87,37.88,36.74,1016004.0,37583724.0,15:30:00,2026-09-07
bj920158,长江能科,8.6,-0.05,-0.578,8.6,8.62,8.65,8.8,8.8,8.49,2170336.0,18633836.0,15:30:00,2026-09-07
bj920159,农大科技,36.25,4.02,12.473,36.24,36.25,32.23,32.23,36.5,32.23,4076769.0,141539069.0,15:30:00,2026-09-07
bj920160,北矿检测,19.61,-0.34,-1.704,19.61,19.63,19.95,19.9,20.11,19.55,424746.0,8362409.0,15:30:00,2026-09-07
bj920161,龙辰科技,22.55,0.25,1.121,22.55,22.56,22.3,22.48,22.68,22.19,1941878.0,43631477.0,15:30:00,2026-09-07
bj920163,方大新材,10.88,0.08,0.741,10.85,10.88,10.8,10.87,10.98,10.67,612948.0,6645993.0,15:30:00,2026-09-07
bj920165,珈凯生物,36.4,-1.07,-2.856,36.38,36.4,37.47,37.3,37.35,36.25,1205327.0,44096993.0,15:30:00,2026-09-07
bj920166,海圣医疗,20.35,-0.17,-0.828,20.35,20.36,20.52,20.46,20.73,20.18,243810.0,4959953.0,15:30:00,2026-09-07
bj920167,同享科技,14.6,-0.12,-0.815,14.59,14.6,14.72,14.82,14.89,14.45,1375197.0,20121181.0,15:30:00,2026-09-07
bj920168,通宝光电,16.06,-0.01,-0.062,16.06,16.08,16.07,16.09,16.19,15.98,403005.0,6468278.0,15:30:00,2026-09-07
bj920169,七丰精工,22.08,0.11,0.501,22.06,22.08,21.97,21.97,22.34,21.52,3031465.0,66443568.0,15:30:00,2026-09-07
bj920171,志晟信息,17.13,-0.8,-4.462,17.12,17.13,17.93,17.25,17.7,16.9,4012341.0,69089017.0,15:30:00,2026-09-07
bj920174,五新智能,33.7,-0.58,-1.692,33.7,33.75,34.28,34.1,34.1,33.27,1687597.0,56743232.0,15:30:00,2026-09-07
bj920175,东方碳素,8.04,0.0,0.0,8.04,8.05,8.04,8.05,8.13,7.86,1378734.0,11000702.0,15:30:00,2026-09-07
bj920176,维琪科技,68.24,-1.34,-1.926,68.24,68.5,69.58,68.03,73.61,67.97,2884911.0,201913710.0,15:30:00,2026-09-07
bj920177,恒道科技,24.19,-0.11,-0.453,24.08,24.19,24.3,24.44,24.44,23.91,262296.0,6311380.0,15:30:00,2026-09-07
bj920178,锐翔智能,95.07,8.73,10.111,95.06,95.07,86.34,88.0,98.8,87.0,2082207.0,195098980.0,15:30:00,2026-09-07
bj920179,凯德石英,54.8,2.25,4.282,54.77,54.8,52.55,53.2,54.89,53.0,3057468.0,166050164.0,15:30:00,2026-09-07
bj920180,爱得科技,11.88,-0.03,-0.252,11.88,11.9,11.91,11.95,12.04,11.7,419780.0,4953341.0,15:30:00,2026-09-07
bj920181,赛英电子,70.96,1.1,1.575,70.96,71.0,69.86,70.84,71.99,69.58,401224.0,28427767.0,15:30:00,2026-09-07
bj920183,海菲曼,31.9,0.3,0.949,31.89,31.9,31.6,31.58,32.15,31.36,488021.0,15505453.0,15:30:00,2026-09-07
bj920184,国源科技,12.54,-0.45,-3.464,12.53,12.54,12.99,12.91,13.2,12.31,4664835.0,58787504.0,15:30:00,2026-09-07
bj920185,贝特瑞,21.25,-0.08,-0.375,21.22,21.25,21.33,21.22,21.44,20.92,3787748.0,80093938.0,15:30:00,2026-09-07
bj920186,中科仪,76.41,2.23,3.006,76.41,76.42,74.18,75.26,76.76,74.18,4066740.0,306933962.0,15:30:00,2026-09-07
bj920187,通领科技,17.92,-0.17,-0.94,17.92,17.96,18.09,18.12,18.13,17.83,467198.0,8373414.0,15:30:00,2026-09-07
bj920188,悦龙科技,22.73,-0.47,-2.026,22.72,22.73,23.2,23.06,23.34,22.54,1045852.0,23799933.0,15:30:00,2026-09-07
bj920189,康美特,22.1,-0.04,-0.181,22.1,22.11,22.14,22.03,22.7,21.81,6522169.0,144803283.0,15:30:00,2026-09-07
bj920190,雷神科技,26.28,-0.32,-1.203,26.28,26.29,26.6,26.6,26.89,26.05,4758934.0,125749954.0,15:30:00,2026-09-07
bj920191,瑞尔竞达,9.08,0.0,0.0,9.07,9.08,9.08,9.1,9.15,9.04,707037.0,6417080.0,15:30:00,2026-09-07
bj920193,吉和昌,31.4,0.62,2.014,31.38,31.4,30.78,31.0,31.64,30.7,2317744.0,72432976.0,15:30:00,2026-09-07
bj920195,三祥科技,13.25,0.01,0.076,13.22,13.25,13.24,13.3,13.35,13.11,538804.0,7116370.0,15:30:00,2026-09-07
bj920198,微创光电,8.14,-0.13,-1.572,8.12,8.14,8.27,8.33,8.37,8.03,2053778.0,16681145.0,15:30:00,2026-09-07
bj920199,倍益康,26.23,-0.01,-0.038,26.22,26.23,26.24,26.5,26.5,25.86,753658.0,19688382.0,15:30:00,2026-09-07
bj920200,振宏股份,26.23,-0.02,-0.076,26.1,26.23,26.25,26.3,26.46,26.03,768805.0,20087173.0,15:30:00,2026-09-07
bj920204,沪江材料,13.69,-0.02,-0.146,13.67,13.69,13.71,13.67,13.79,13.47,470861.0,6413181.0,15:30:00,2026-09-07
bj920206,彩客科技,44.49,-0.21,-0.47,44.49,44.5,44.7,44.3,45.9,42.28,1917261.0,85407939.0,15:30:00,2026-09-07
bj920207,众诚科技,22.64,-0.54,-2.33,22.64,22.65,23.18,23.15,23.5,22.34,2543077.0,57668731.0,15:30:00,2026-09-07
bj920208,青矩技术,13.13,-0.13,-0.98,13.13,13.14,13.26,13.26,13.38,12.87,4338706.0,56376101.0,15:30:00,2026-09-07
bj920211,新睿电子,99.21,1.62,1.66,99.19,99.21,97.59,96.55,100.58,96.55,359831.0,35640264.0,15:30:00,2026-09-07
bj920212,智新电子,11.7,-0.63,-5.109,11.69,11.7,12.33,12.2,12.39,11.47,6607259.0,77313339.0,15:30:00,2026-09-07
bj920218,新天力,15.62,-0.25,-1.575,15.6,15.62,15.87,15.93,16.11,15.48,855662.0,13362611.0,15:30:00,2026-09-07
bj920220,朗信电气,42.9,-0.57,-1.311,42.88,42.9,43.47,43.6,43.9,42.28,1008270.0,43005148.0,15:30:00,2026-09-07
bj920221,易实精密,13.15,-0.11,-0.83,13.14,13.15,13.26,13.39,13.39,13.02,1028983.0,13518375.0,15:30:00,2026-09-07
bj920222,益坤电气,29.1,0.16,0.553,29.1,29.12,28.94,28.1,29.64,28.01,3717442.0,106847413.0,15:30:00,2026-09-07
bj920223,荣亿精密,16.16,-0.94,-5.497,16.16,16.17,17.1,16.9,17.24,15.92,11825560.0,193108359.0,15:30:00,2026-09-07
bj920225,利通科技,17.36,-0.24,-1.364,17.35,17.36,17.6,17.66,17.73,17.02,4709079.0,81740311.0,15:30:00,2026-09-07
bj920227,美登科技,50.59,-1.1,-2.128,50.59,50.6,51.69,51.38,52.39,50.1,571117.0,29087404.0,15:30:00,2026-09-07
bj920230,欧康医药,10.85,-0.01,-0.092,10.84,10.85,10.86,10.86,10.95,10.71,696772.0,7517681.0,15:30:00,2026-09-07
bj920237,力佳科技,11.93,-0.13,-1.078,11.9,11.93,12.06,12.1,12.25,11.77,774466.0,9264131.0,15:30:00,2026-09-07
bj920238,长鹰硬科,68.2,1.02,1.518,68.19,68.2,67.18,67.4,68.36,66.3,1429226.0,96311471.0,15:30:00,2026-09-07
bj920239,长虹能源,21.87,-0.03,-0.137,21.86,21.87,21.9,21.81,22.18,21.55,1150433.0,25084634.0,15:30:00,2026-09-07
bj920242,建邦科技,14.27,-0.28,-1.924,14.27,14.32,14.55,14.52,14.67,14.2,398353.0,5713525.0,15:30:00,2026-09-07
bj920245,威博液压,14.35,-0.15,-1.034,14.3,14.35,14.5,14.34,14.5,14.06,951524.0,13544780.0,15:30:00,2026-09-07
bj920247,华密新材,15.01,0.16,1.077,15.01,15.02,14.85,15.02,15.23,14.81,1886932.0,28329160.0,15:30:00,2026-09-07
bj920249,利尔达,9.42,0.03,0.319,9.42,9.43,9.39,9.59,9.66,9.36,3844637.0,36373952.0,15:30:00,2026-09-07
bj920252,天宏锂电,15.65,-0.21,-1.324,15.61,15.65,15.86,15.8,15.86,15.55,1316578.0,20605297.0,15:30:00,2026-09-07
bj920258,聚仁新材,11.34,-0.06,-0.526,11.33,11.34,11.4,11.45,11.47,11.28,1983020.0,22452750.0,15:30:00,2026-09-07
bj920260,中寰股份,8.61,0.05,0.584,8.5,8.61,8.56,8.56,8.62,8.45,810032.0,6918930.0,15:30:00,2026-09-07
bj920261,一诺威,14.0,0.1,0.719,14.0,14.01,13.9,13.86,14.08,13.7,1647687.0,22877091.0,15:30:00,2026-09-07
bj920262,太湖雪,15.37,-0.1,-0.646,15.37,15.38,15.47,15.4,15.75,15.08,1747602.0,26713756.0,15:30:00,2026-09-07
bj920263,中航泰达,7.1,-0.2,-2.74,7.09,7.1,7.3,7.31,7.31,7.08,1166042.0,8359365.0,15:30:00,2026-09-07
bj920266,生物谷,7.38,-0.01,-0.135,7.36,7.38,7.39,7.44,7.45,7.32,1576813.0,11606159.0,15:30:00,2026-09-07
bj920267,鑫汇科,16.9,0.06,0.356,16.89,16.9,16.84,16.99,17.08,16.62,1020532.0,17212931.0,15:30:00,2026-09-07
bj920269,N杰锋,41.25,10.55,34.365,41.25,41.26,30.7,45.0,48.86,41.22,8393159.0,375949274.0,15:30:00,2026-09-07
bj920270,天铭科技,12.19,-0.24,-1.931,12.19,12.2,12.43,12.4,12.59,12.12,850191.0,10409574.0,15:30:00,2026-09-07
bj920271,邦德股份,9.55,0.0,0.0,9.4,9.55,9.55,9.47,9.58,9.36,902839.0,8518884.0,15:30:00,2026-09-07
bj920273,一致魔芋,20.49,0.5,2.501,20.46,20.49,19.99,19.98,20.94,19.4,5327717.0,108779855.0,15:30:00,2026-09-07
bj920274,宏裕包材,17.21,-0.36,-2.049,17.2,17.21,17.57,17.42,17.93,17.03,2417529.0,42168841.0,15:30:00,2026-09-07
bj920275,驱动力,7.33,0.08,1.103,7.26,7.33,7.25,7.17,7.49,7.11,3737949.0,27259688.0,15:30:00,2026-09-07
bj920278,鹿得医疗,6.58,-0.01,-0.152,6.52,6.58,6.59,6.59,6.67,6.45,1204471.0,7858647.0,15:30:00,2026-09-07
bj920284,灵鸽科技,17.07,-0.31,-1.784,17.06,17.07,17.38,17.4,17.6,16.99,1891664.0,32468759.0,15:30:00,2026-09-07
bj920288,华大海天,18.72,-0.18,-0.952,18.72,18.74,18.9,18.9,19.2,18.51,3003752.0,56373001.0,15:30:00,2026-09-07
bj920289,华汇智能,28.24,-9.26,-24.693,28.23,28.24,37.5,30.0,31.76,28.2,8540887.0,248571228.0,15:30:00,2026-09-07
bj920299,灿能电力,15.02,-0.23,-1.508,15.01,15.02,15.25,15.25,15.37,14.96,881949.0,13301737.0,15:30:00,2026-09-07
bj920300,辰光医疗,9.99,-0.16,-1.576,9.99,10.02,10.15,10.32,10.32,9.95,1162635.0,11661877.0,15:30:00,2026-09-07
bj920304,迪尔化工,10.25,-0.06,-0.582,10.24,10.25,10.31,10.21,10.61,10.16,4241290.0,43867058.0,15:30:00,2026-09-07
bj920339,恒太照明,10.61,-0.09,-0.841,10.61,10.63,10.7,10.69,10.76,10.56,836946.0,8896856.0,15:30:00,2026-09-07
bj920344,三元基因,20.52,-0.28,-1.346,20.51,20.52,20.8,20.96,21.0,20.31,2325759.0,47704703.0,15:30:00,2026-09-07
bj920346,威贸电子,15.85,-0.27,-1.675,15.8,15.85,16.12,16.0,16.16,15.7,780495.0,12363670.0,15:30:00,2026-09-07
bj920351,华光源海,14.09,-0.27,-1.88,14.09,14.1,14.36,14.66,14.78,13.81,2537740.0,35778333.0,15:30:00,2026-09-07
bj920357,雅葆轩,15.99,0.52,3.361,15.99,16.0,15.47,15.65,16.14,15.38,3401040.0,53983930.0,15:30:00,2026-09-07
bj920363,莱赛激光,10.66,-0.14,-1.296,10.66,10.7,10.8,10.8,10.96,10.56,1967516.0,21012837.0,15:30:00,2026-09-07
bj920367,新赣江,26.63,0.24,0.909,26.63,26.64,26.39,26.12,26.66,25.46,3562423.0,93354420.0,15:30:00,2026-09-07
bj920368,连城数控,23.51,0.1,0.427,23.5,23.51,23.41,23.62,23.78,23.12,2823080.0,66121269.0,15:30:00,2026-09-07
bj920370,新安洁,3.04,0.0,0.0,3.04,3.05,3.04,3.05,3.19,3.03,2644144.0,8130804.0,15:30:00,2026-09-07
bj920371,欧福蛋业,7.89,0.16,2.07,7.89,7.9,7.73,7.69,8.13,7.61,6945287.0,54936388.0,15:30:00,2026-09-07
bj920374,云里物里,15.87,-0.28,-1.734,15.87,15.93,16.15,16.08,16.41,15.81,831304.0,13274012.0,15:30:00,2026-09-07
bj920375,派诺科技,6.87,-0.06,-0.866,6.87,6.88,6.93,7.0,7.04,6.83,1877096.0,12962662.0,15:30:00,2026-09-07
bj920378,泰德股份,7.36,-0.09,-1.208,7.36,7.37,7.45,7.58,7.58,7.3,475736.0,3509878.0,15:30:00,2026-09-07
bj920392,佳合科技,14.73,-0.46,-3.028,14.73,14.74,15.19,15.28,15.31,14.32,2433008.0,35612132.0,15:30:00,2026-09-07
bj920394,民士达,46.69,1.73,3.848,46.69,46.77,44.96,45.37,47.65,44.97,1885436.0,87591981.0,15:30:00,2026-09-07
bj920395,朗鸿科技,7.34,-0.02,-0.272,7.33,7.34,7.36,7.34,7.6,7.24,950095.0,6971876.0,15:30:00,2026-09-07
bj920396,常辅股份,20.17,0.04,0.199,20.16,20.17,20.13,20.11,20.18,19.72,1095141.0,21839720.0,15:30:00,2026-09-07
bj920402,硅烷科技,9.01,0.15,1.693,9.0,9.01,8.86,8.93,9.1,8.87,4751581.0,42678672.0,15:30:00,2026-09-07
bj920403,康农种业,24.98,1.21,5.09,24.97,24.98,23.77,23.75,25.96,23.75,8710388.0,216838293.0,15:30:00,2026-09-07
bj920405,海希通讯,16.0,-0.05,-0.312,15.99,16.0,16.05,16.0,16.12,15.61,477891.0,7612585.0,15:30:00,2026-09-07
bj920407,驰诚股份,11.41,-0.22,-1.892,11.41,11.44,11.63,11.75,11.77,11.35,655359.0,7543456.0,15:30:00,2026-09-07
bj920414,欧普泰,8.55,-0.13,-1.498,8.53,8.55,8.68,8.69,8.76,8.36,1924531.0,16379787.0,15:30:00,2026-09-07
bj920415,恒拓开源,9.65,-0.28,-2.82,9.65,9.67,9.93,9.92,10.09,9.62,2403964.0,23473819.0,15:30:00,2026-09-07
bj920418,苏轴股份,18.6,-0.42,-2.208,18.59,18.6,19.02,19.02,19.12,18.19,2090915.0,38938327.0,15:30:00,2026-09-07
bj920419,路斯股份,12.2,0.25,2.092,12.2,12.23,11.95,11.9,12.43,11.88,2860684.0,34663341.0,15:30:00,2026-09-07
bj920422,润普食品,10.14,0.01,0.099,10.14,10.16,10.13,10.22,10.64,10.05,4072759.0,41854996.0,15:30:00,2026-09-07
bj920425,乐创技术,14.87,0.05,0.337,14.85,14.87,14.82,14.83,14.95,14.71,1548813.0,22954189.0,15:30:00,2026-09-07
bj920427,华维设计,8.95,-0.13,-1.432,8.95,8.96,9.08,9.1,9.18,8.82,959874.0,8584702.0,15:30:00,2026-09-07
bj920429,康比特,11.36,-0.12,-1.045,11.34,11.36,11.48,11.47,11.73,11.25,2604911.0,29830256.0,15:30:00,2026-09-07
bj920433,大唐药业,4.96,0.0,0.0,4.95,4.96,4.96,4.96,5.0,4.91,1523707.0,7550170.0,15:30:00,2026-09-07
bj920436,大地电气,12.3,-0.21,-1.679,12.3,12.31,12.51,12.23,12.73,12.05,4187475.0,51739321.0,15:30:00,2026-09-07
bj920438,戈碧迦,98.52,2.26,2.348,98.52,98.55,96.26,99.0,102.49,96.89,4508448.0,449935130.0,15:30:00,2026-09-07
bj920445,龙竹科技,7.48,-0.17,-2.222,7.45,7.48,7.65,7.42,7.64,7.37,3969482.0,29633141.0,15:30:00,2026-09-07
bj920454,同心传动,11.75,-0.01,-0.085,11.66,11.75,11.76,11.72,11.91,11.52,1119944.0,13084812.0,15:30:00,2026-09-07
bj920455,汇隆活塞,6.78,-0.14,-2.023,6.78,6.79,6.92,6.89,7.1,6.73,1214119.0,8298670.0,15:30:00,2026-09-07
bj920469,富恒新材,6.34,-0.07,-1.092,6.33,6.34,6.41,6.49,6.49,6.25,3468963.0,21940272.0,15:30:00,2026-09-07
bj920471,美邦科技,12.58,0.06,0.479,12.58,12.59,12.52,12.44,12.74,12.27,2022164.0,25226467.0,15:30:00,2026-09-07
bj920475,三友科技,12.43,-0.17,-1.349,12.43,12.44,12.6,12.5,12.75,12.34,847485.0,10571753.0,15:30:00,2026-09-07
bj920476,海能技术,23.06,0.05,0.217,23.06,23.09,23.01,23.64,23.64,22.74,1563584.0,35957529.0,15:30:00,2026-09-07
bj920478,峆一药业,10.22,-0.05,-0.487,10.22,10.23,10.27,10.35,10.45,10.05,1514956.0,15389621.0,15:30:00,2026-09-07
bj920489,佳先股份,12.66,0.09,0.716,12.66,12.67,12.57,12.65,12.78,12.54,1263727.0,15968495.0,15:30:00,2026-09-07
bj920491,奥迪威,22.94,0.22,0.968,22.93,22.94,22.72,22.53,23.28,22.51,2181907.0,50207449.0,15:30:00,2026-09-07
bj920493,并行科技,118.42,-0.07,-0.059,118.42,118.65,118.49,119.92,119.92,117.32,1229228.0,145498003.0,15:30:00,2026-09-07
bj920496,许昌智能,6.56,-0.08,-1.205,6.56,6.58,6.64,6.79,6.79,6.5,1995516.0,13225254.0,15:30:00,2026-09-07
bj920504,博迅生物,18.96,-0.08,-0.42,18.82,18.96,19.04,19.04,19.33,18.63,532077.0,10103380.0,15:30:00,2026-09-07
bj920505,九菱科技,28.05,-0.45,-1.579,28.05,28.07,28.5,28.73,28.73,27.2,875262.0,24522460.0,15:30:00,2026-09-07
bj920508,殷图网联,15.57,-0.22,-1.393,15.57,15.58,15.79,15.75,16.2,15.38,539386.0,8427046.0,15:30:00,2026-09-07
bj920509,同惠电子,21.86,0.2,0.923,21.86,21.87,21.66,21.76,22.18,21.27,3669053.0,79571256.0,15:30:00,2026-09-07
bj920510,丰光精密,21.55,0.45,2.133,21.54,21.55,21.1,21.16,22.22,21.0,5983739.0,130131399.0,15:30:00,2026-09-07
bj920519,万德股份,11.1,-0.11,-0.981,11.06,11.1,11.21,11.28,11.28,10.94,1130204.0,12517488.0,15:30:00,2026-09-07
bj920522,纳科诺尔,18.97,-0.15,-0.785,18.95,18.97,19.12,18.99,19.36,18.65,5593135.0,106029337.0,15:30:00,2026-09-07
bj920523,德瑞锂电,15.43,-0.09,-0.58,15.42,15.43,15.52,15.53,15.68,15.24,655736.0,10093626.0,15:30:00,2026-09-07
bj920526,凯华材料,20.44,0.44,2.2,20.43,20.44,20.0,20.2,20.88,20.12,1631211.0,33276632.0,15:30:00,2026-09-07
bj920527,夜光明,15.95,0.18,1.141,15.92,15.95,15.77,15.66,16.49,15.53,1894737.0,30283846.0,15:30:00,2026-09-07
bj920533,骏创科技,20.19,0.35,1.764,20.19,20.2,19.84,19.72,20.79,19.68,3331746.0,67655279.0,15:30:00,2026-09-07
bj920541,铁大科技,10.13,-0.13,-1.267,10.1,10.13,10.26,10.28,10.33,10.02,839392.0,8513002.0,15:30:00,2026-09-07
bj920547,无锡晶海,19.3,-0.39,-1.981,19.26,19.3,19.69,19.67,19.71,19.13,685787.0,13290150.0,15:30:00,2026-09-07
bj920553,凯腾精工,7.27,-0.06,-0.819,7.27,7.28,7.33,7.49,7.49,7.22,914486.0,6647070.0,15:30:00,2026-09-07
bj920556,雅达股份,6.98,-0.08,-1.133,6.98,6.99,7.06,7.04,7.08,6.9,1777000.0,12408392.0,15:30:00,2026-09-07
bj920564,天润科技,15.3,0.8,5.517,15.29,15.3,14.5,14.4,15.99,14.37,3802607.0,57841493.0,15:30:00,2026-09-07
bj920566,梓橦宫,9.73,-0.07,-0.714,9.73,9.74,9.8,9.82,9.82,9.68,1289484.0,12548837.0,15:30:00,2026-09-07
bj920570,坤博精工,25.44,-0.26,-1.012,25.44,25.45,25.7,25.56,25.7,25.0,800508.0,20223199.0,15:30:00,2026-09-07
bj920571,国航远洋,9.96,0.03,0.302,9.96,9.97,9.93,10.24,10.24,9.65,25839283.0,255452998.0,15:30:00,2026-09-07
bj920575,*ST康乐,4.83,0.09,1.899,4.83,4.84,4.74,4.73,4.87,4.73,3497968.0,16870351.0,15:30:00,2026-09-07
bj920576,天力复合,39.74,-0.68,-1.682,39.74,39.75,40.42,39.9,40.27,39.1,1483551.0,58766482.0,15:30:00,2026-09-07
bj920578,巨能股份,17.65,0.39,2.26,17.65,17.66,17.26,17.27,17.86,17.2,1073669.0,18847785.0,15:30:00,2026-09-07
bj920579,机科股份,14.86,-0.17,-1.131,14.86,14.87,15.03,14.97,15.0,14.65,770191.0,11397413.0,15:30:00,2026-09-07
bj920580,科创新材,11.39,-0.1,-0.87,11.38,11.39,11.49,11.5,11.62,11.25,953824.0,10835609.0,15:30:00,2026-09-07
bj920592,华信永道,27.33,-0.37,-1.336,27.32,27.33,27.7,27.0,27.97,26.18,7155771.0,193285644.0,15:30:00,2026-09-07
bj920593,鼎智科技,24.49,0.27,1.115,24.43,24.49,24.22,24.47,24.72,24.18,1872716.0,45852944.0,15:30:00,2026-09-07
bj920599,同力股份,18.47,0.21,1.15,18.46,18.47,18.26,18.3,18.53,18.12,3357893.0,61796878.0,15:30:00,2026-09-07
bj920608,丰安股份,14.81,0.04,0.271,14.81,14.85,14.77,14.75,15.47,14.59,1277013.0,19112069.0,15:30:00,2026-09-07
bj920627,力王股份,14.47,-0.16,-1.094,14.47,14.52,14.63,14.96,14.96,14.35,1345703.0,19562920.0,15:30:00,2026-09-07
bj920634,新威凌,17.83,0.29,1.653,17.83,17.85,17.54,17.6,17.83,17.21,2025706.0,35578177.0,15:30:00,2026-09-07
bj920639,晨光电缆,6.35,-0.07,-1.09,6.34,6.35,6.42,6.47,6.47,6.28,1915943.0,12150529.0,15:30:00,2026-09-07
bj920640,富士达,26.34,-0.05,-0.189,26.34,26.35,26.39,26.16,26.52,25.9,2694873.0,70611555.0,15:30:00,2026-09-07
bj920641,格利尔,14.17,0.02,0.141,14.16,14.17,14.15,14.2,14.27,14.06,1125094.0,15942644.0,15:30:00,2026-09-07
bj920642,通易航天,10.35,-0.24,-2.266,10.34,10.35,10.59,10.54,10.62,10.24,2681411.0,27766045.0,15:30:00,2026-09-07
bj920651,天罡股份,25.38,-0.24,-0.937,25.38,25.45,25.62,25.5,25.67,25.22,308542.0,7835307.0,15:30:00,2026-09-07
bj920656,海昇药业,15.1,-0.32,-2.075,15.08,15.1,15.42,15.42,15.55,15.01,637421.0,9670866.0,15:30:00,2026-09-07
bj920662,方盛股份,21.26,-0.2,-0.932,21.26,21.28,21.46,21.05,21.42,20.71,2609902.0,55138075.0,15:30:00,2026-09-07
bj920663,明阳科技,13.38,-0.19,-1.4,13.3,13.38,13.57,13.57,13.73,13.21,575031.0,7706809.0,15:30:00,2026-09-07
bj920665,科强股份,9.15,0.1,1.105,9.14,9.15,9.05,9.18,9.24,9.02,1133824.0,10324340.0,15:30:00,2026-09-07
bj920670,数字人,13.21,-0.15,-1.123,13.21,13.24,13.36,13.36,13.47,13.1,1205299.0,15908348.0,15:30:00,2026-09-07
bj920675,秉扬科技,7.85,0.03,0.384,7.85,7.86,7.82,7.93,7.94,7.73,1180679.0,9249985.0,15:30:00,2026-09-07
bj920679,前进科技,16.08,-0.27,-1.651,16.07,16.08,16.35,16.48,16.56,15.86,418428.0,6746289.0,15:30:00,2026-09-07
bj920682,球冠电缆,6.0,-0.05,-0.826,6.0,6.01,6.05,6.06,6.06,5.94,2107708.0,12601429.0,15:30:00,2026-09-07
bj920685,新芝生物,12.67,0.14,1.117,12.67,12.69,12.53,12.65,12.79,12.42,1243092.0,15669345.0,15:30:00,2026-09-07
bj920689,克莱特,20.77,-0.18,-0.859,20.77,20.81,20.95,20.95,21.03,20.5,504855.0,10459006.0,15:30:00,2026-09-07
bj920690,捷众科技,16.45,0.13,0.797,16.44,16.45,16.32,16.27,16.47,16.13,725720.0,11851211.0,15:30:00,2026-09-07
bj920693,阿为特,25.01,-0.1,-0.398,24.95,25.01,25.11,25.1,25.22,24.5,710429.0,17667487.0,15:30:00,2026-09-07
bj920694,中裕科技,16.71,-0.09,-0.536,16.71,16.79,16.8,16.8,16.94,16.68,660704.0,11083648.0,15:30:00,2026-09-07
bj920699,海达尔,73.81,3.35,4.754,73.68,73.81,70.46,71.16,74.58,69.5,558203.0,40830309.0,15:30:00,2026-09-07
bj920701,豪声电子,12.47,-0.01,-0.08,12.47,12.5,12.48,12.36,12.57,12.17,1289614.0,15931768.0,15:30:00,2026-09-07
bj920703,广厦环能,10.41,0.11,1.068,10.37,10.41,10.3,10.3,10.51,10.3,458615.0,4780585.0,15:30:00,2026-09-07
bj920706,铁拓机械,15.36,-0.44,-2.785,15.36,15.38,15.8,15.27,15.76,15.2,2833318.0,43571756.0,15:30:00,2026-09-07
bj920717,瑞星股份,7.31,0.05,0.689,7.3,7.31,7.26,7.27,7.45,7.13,1168808.0,8516001.0,15:30:00,2026-09-07
bj920718,合肥高科,10.78,0.24,2.277,10.78,10.79,10.54,10.5,10.91,10.3,2070195.0,22104553.0,15:30:00,2026-09-07
bj920719,宁新新材,7.46,-0.04,-0.533,7.44,7.46,7.5,7.55,7.57,7.37,1029907.0,7678779.0,15:30:00,2026-09-07
bj920720,吉冈精密,9.59,-0.17,-1.742,9.58,9.59,9.76,9.65,9.81,9.54,1465429.0,14103801.0,15:30:00,2026-09-07
bj920725,惠丰钻石,84.75,2.44,2.964,84.75,84.76,82.31,83.0,88.88,79.5,6889562.0,579988963.0,15:30:00,2026-09-07
bj920726,朱老六,17.97,0.47,2.686,17.96,17.97,17.5,18.17,18.77,17.72,5468892.0,99563653.0,15:30:00,2026-09-07
bj920729,永顺生物,7.42,0.04,0.542,7.42,7.43,7.38,7.36,7.62,7.22,3388700.0,25151502.0,15:30:00,2026-09-07
bj920735,德源药业,26.47,0.18,0.685,26.46,26.47,26.29,26.13,26.5,25.9,1737840.0,45553090.0,15:30:00,2026-09-07
bj920748,路桥信息,36.35,1.65,4.755,36.35,36.37,34.7,33.01,37.8,32.66,5906009.0,204897445.0,15:30:00,2026-09-07
bj920751,惠同新材,16.09,0.06,0.374,16.04,16.09,16.03,16.01,16.22,15.84,528980.0,8462058.0,15:30:00,2026-09-07
bj920753,天纺标,16.0,-0.22,-1.356,15.99,16.0,16.22,16.55,16.69,15.88,829918.0,13352056.0,15:30:00,2026-09-07
bj920765,美之高,12.18,-0.2,-1.616,12.12,12.18,12.38,12.5,12.5,12.11,1003196.0,12264855.0,15:30:00,2026-09-07
bj920768,拾比佰,7.5,0.01,0.134,7.49,7.5,7.49,7.5,7.57,7.43,1059560.0,7934230.0,15:30:00,2026-09-07
bj920770,艾能聚,10.57,-0.11,-1.03,10.57,10.58,10.68,10.79,10.85,10.38,2261218.0,23871935.0,15:30:00,2026-09-07
bj920779,武汉蓝电,24.39,-0.31,-1.255,24.38,24.39,24.7,25.12,25.12,24.28,1020942.0,24962317.0,15:30:00,2026-09-07
bj920781,瑞奇智造,5.98,-0.05,-0.829,5.98,6.02,6.03,6.03,6.08,5.92,1613368.0,9652930.0,15:30:00,2026-09-07
bj920786,骑士乳业,8.69,0.43,5.206,8.68,8.69,8.26,8.52,8.69,8.3,19558370.0,166941105.0,15:30:00,2026-09-07
bj920790,联迪信息,26.39,-0.94,-3.439,26.39,26.4,27.33,27.15,27.8,26.2,4261483.0,113579781.0,15:30:00,2026-09-07
bj920792,东和新材,9.82,-0.1,-1.008,9.78,9.82,9.92,9.92,10.01,9.59,1126159.0,10926096.0,15:30:00,2026-09-07
bj920799,艾融软件,36.22,-0.65,-1.763,36.21,36.22,36.87,35.98,37.73,35.5,8787861.0,317827190.0,15:30:00,2026-09-07
bj920802,保丽洁,11.31,-0.07,-0.615,11.26,11.31,11.38,11.38,11.56,11.08,720828.0,8119539.0,15:30:00,2026-09-07
bj920806,云星宇,10.72,-0.13,-1.198,10.71,10.72,10.85,10.75,10.95,10.57,2616739.0,28007878.0,15:30:00,2026-09-07
bj920807,奔朗新材,9.6,-0.05,-0.518,9.59,9.6,9.65,9.73,9.8,9.39,3781023.0,36328523.0,15:30:00,2026-09-07
bj920808,曙光数创,64.37,0.99,1.562,64.37,64.38,63.38,62.91,66.19,62.03,3666790.0,234779977.0,15:30:00,2026-09-07
bj920809,安达科技,7.5,-0.05,-0.662,7.5,7.52,7.55,7.52,7.63,7.43,5986429.0,44881838.0,15:30:00,2026-09-07
bj920810,春光智能,9.2,0.04,0.437,9.2,9.21,9.16,9.34,9.36,9.1,1032195.0,9499208.0,15:30:00,2026-09-07
bj920819,颖泰生物,3.29,0.06,1.858,3.29,3.3,3.23,3.25,3.34,3.21,8602939.0,28276810.0,15:30:00,2026-09-07
bj920821,则成电子,23.59,5.44,29.972,23.59,0.0,18.15,18.29,23.59,18.27,14950160.0,329178044.0,15:30:00,2026-09-07
bj920826,盖世食品,10.6,0.92,9.504,10.6,10.61,9.68,9.9,11.49,9.81,16707797.0,177104039.0,15:30:00,2026-09-07
bj920832,齐鲁华信,6.63,-0.07,-1.045,6.63,6.67,6.7,6.88,6.88,6.6,1127745.0,7573189.0,15:30:00,2026-09-07
bj920833,美心翼申,11.01,0.04,0.365,11.01,11.02,10.97,10.93,11.1,10.92,791222.0,8696156.0,15:30:00,2026-09-07
bj920834,三维装备,9.89,0.14,1.436,9.88,9.89,9.75,9.75,9.94,9.58,2000962.0,19531680.0,15:30:00,2026-09-07
bj920837,华原股份,10.48,0.08,0.769,10.47,10.48,10.4,10.54,10.69,10.34,656742.0,6859562.0,15:30:00,2026-09-07
bj920839,万通液压,25.37,0.35,1.399,25.36,25.37,25.02,25.23,25.43,24.9,671221.0,16906345.0,15:30:00,2026-09-07
bj920855,浙江大农,15.2,0.1,0.662,15.19,15.2,15.1,14.96,15.84,14.96,4468896.0,68789404.0,15:30:00,2026-09-07
bj920856,浩淼科技,11.98,-0.12,-0.992,11.98,11.99,12.1,12.15,12.36,11.82,1415596.0,17038676.0,15:30:00,2026-09-07
bj920857,泓禧科技,20.7,-0.7,-3.271,20.7,20.77,21.4,21.31,21.4,20.7,609311.0,12837051.0,15:30:00,2026-09-07
bj920866,绿亨科技,7.42,0.26,3.631,7.42,7.43,7.16,7.18,7.57,7.18,9263063.0,68644782.0,15:30:00,2026-09-07
bj920870,恒进感应,12.28,0.1,0.821,12.28,12.29,12.18,12.15,12.35,12.01,1036740.0,12602447.0,15:30:00,2026-09-07
bj920871,派特尔,11.4,-0.26,-2.23,11.39,11.4,11.66,11.69,11.79,11.28,1315854.0,15074313.0,15:30:00,2026-09-07
bj920873,中设咨询,7.22,-0.02,-0.276,7.21,7.22,7.24,7.19,7.28,7.12,1855232.0,13335320.0,15:30:00,2026-09-07
bj920876,慧为智能,17.6,-0.4,-2.222,17.6,17.7,18.0,18.1,18.34,17.31,2899545.0,51776075.0,15:30:00,2026-09-07
bj920879,基康技术,13.38,-0.02,-0.149,13.37,13.38,13.4,13.47,13.49,13.25,721455.0,9617594.0,15:30:00,2026-09-07
bj920885,星辰科技,12.84,-0.22,-1.685,12.84,12.85,13.06,13.04,13.13,12.64,2055498.0,26341804.0,15:30:00,2026-09-07
bj920892,广咨国际,11.43,-0.25,-2.14,11.43,11.44,11.68,11.59,11.77,11.34,1965070.0,22535460.0,15:30:00,2026-09-07
bj920895,花溪科技,28.3,0.78,2.834,28.3,28.31,27.52,27.8,29.87,26.8,8436388.0,240483139.0,15:30:00,2026-09-07
bj920896,旺成科技,13.3,0.16,1.218,13.18,13.3,13.14,13.29,13.54,12.92,917174.0,12090156.0,15:30:00,2026-09-07
bj920906,舜宇精工,16.58,-0.22,-1.31,16.57,16.58,16.8,16.8,16.9,16.45,804871.0,13361395.0,15:30:00,2026-09-07
bj920914,远航精密,17.2,-0.19,-1.093,17.19,17.2,17.39,17.35,17.58,17.12,708487.0,12242482.0,15:30:00,2026-09-07
bj920924,广脉科技,15.05,-0.1,-0.66,15.05,15.06,15.15,15.16,15.3,14.95,1077403.0,16239380.0,15:30:00,2026-09-07
bj920925,锦好医疗,12.01,-0.12,-0.989,12.0,12.01,12.13,12.01,12.18,11.95,1069894.0,12857629.0,15:30:00,2026-09-07
bj920926,鸿智科技,10.63,-0.17,-1.574,10.63,10.69,10.8,10.77,10.9,10.55,667058.0,7112684.0,15:30:00,2026-09-07
bj920931,无锡鼎邦,10.81,-0.09,-0.826,10.81,10.84,10.9,11.0,11.12,10.77,654835.0,7140082.0,15:30:00,2026-09-07
bj920932,科达自控,11.35,-0.2,-1.732,11.32,11.35,11.55,11.53,11.67,11.23,1548298.0,17653264.0,15:30:00,2026-09-07
bj920942,恒立钻具,18.68,-0.33,-1.736,18.68,18.69,19.01,19.2,19.2,18.43,1206939.0,22561934.0,15:30:00,2026-09-07
bj920943,优机股份,15.41,-0.45,-2.837,15.41,15.44,15.86,15.92,16.08,15.33,1878939.0,29173458.0,15:30:00,2026-09-07
bj920946,森萱医药,10.3,0.04,0.39,10.29,10.3,10.26,10.2,10.35,10.13,4244240.0,43357481.0,15:30:00,2026-09-07
bj920950,迅安科技,13.61,-0.05,-0.366,13.49,13.61,13.66,13.62,13.92,13.44,150967.0,2055663.0,15:30:00,2026-09-07
bj920953,国子软件,23.79,-0.01,-0.042,23.78,23.79,23.8,23.53,24.17,23.22,2052196.0,48339355.0,15:30:00,2026-09-07
bj920957,汉维科技,10.16,-0.14,-1.359,10.15,10.16,10.3,10.28,10.47,10.05,1096716.0,11171182.0,15:30:00,2026-09-07
bj920961,创远信科,21.82,0.04,0.184,21.81,21.82,21.78,21.96,22.01,21.41,1970498.0,42809183.0,15:30:00,2026-09-07
bj920964,润农节水,5.64,0.11,1.989,5.64,5.65,5.53,5.51,5.79,5.5,10574217.0,59680842.0,15:30:00,2026-09-07
bj920970,大禹生物,8.31,0.73,9.631,8.31,8.32,7.58,7.56,8.48,7.41,21814886.0,175052477.0,15:30:00,2026-09-07
bj920971,天马新材,27.07,0.33,1.234,27.06,27.07,26.74,27.32,27.48,26.75,3172307.0,85986431.0,15:30:00,2026-09-07
bj920974,凯大催化,6.49,-0.06,-0.916,6.45,6.49,6.55,6.53,6.58,6.41,1200185.0,7777393.0,15:30:00,2026-09-07
bj920976,视声智能,20.19,-0.07,-0.346,20.19,20.24,20.26,20.26,20.53,20.0,939602.0,19028552.0,15:30:00,2026-09-07
bj920978,开特股份,20.16,0.17,0.85,20.16,20.17,19.99,19.91,20.28,19.8,1194833.0,23978139.0,15:30:00,2026-09-07
bj920981,晶赛科技,30.37,0.99,3.37,30.37,30.38,29.38,29.76,30.99,29.33,2765634.0,84092172.0,15:30:00,2026-09-07
bj920982,锦波生物,121.86,0.86,0.711,121.86,121.96,121.0,121.0,123.0,119.77,557463.0,67679919.0,15:30:00,2026-09-07
bj920985,海泰新能,4.88,-0.09,-1.811,4.88,4.9,4.97,4.97,4.98,4.83,2753969.0,13436102.0,15:30:00,2026-09-07
bj920992,中科美菱,11.9,-0.05,-0.418,11.9,11.91,11.95,11.91,12.04,11.75,519904.0,6170167.0,15:30:00,2026-09-07
sh600000,浦发银行,9.23,-0.2,-2.121,9.23,9.24,9.43,9.43,9.46,9.19,86711332.0,806326225.0,15:34:59,2026-09-07
sh600004,白云机场,7.87,-0.02,-0.253,7.87,7.88,7.89,7.86,7.93,7.84,10150930.0,80044287.0,15:34:59,2026-09-07
sh600006,东风股份,5.32,-0.04,-0.746,5.32,5.34,5.36,5.37,5.38,5.3,10659302.0,56854866.0,15:34:59,2026-09-07
sh600007,中国国贸,19.01,0.06,0.317,19.01,19.02,18.95,18.93,19.06,18.84,2555901.0,48520069.0,15:00:03,2026-09-07
sh600008,首创环保,2.79,-0.01,-0.357,2.79,2.8,2.8,2.8,2.81,2.78,65055741.0,181591186.0,15:34:59,2026-09-07
sh600009,上海机场,23.85,-0.02,-0.084,23.84,23.85,23.87,23.88,24.03,23.74,9117661.0,217796295.0,15:34:59,2026-09-07
sh600010,包钢股份,2.19,-0.02,-0.905,2.19,2.2,2.21,2.21,2.22,2.18,321671512.0,705684728.0,15:34:59,2026-09-07
sh600011,华能国际,6.84,-0.02,-0.292,6.83,6.84,6.86,6.86,6.88,6.78,57176460.0,390071357.0,15:34:59,2026-09-07
sh600012,皖通高速,16.8,0.29,1.757,16.8,16.81,16.51,16.53,16.96,16.48,7332019.0,122668631.0,15:34:59,2026-09-07
sh600015,华夏银行,6.25,-0.07,-1.108,6.24,6.25,6.32,6.33,6.35,6.22,114835016.0,719152877.0,15:34:59,2026-09-07
sh600016,民生银行,3.6,-0.01,-0.277,3.6,3.61,3.61,3.62,3.63,3.57,268416784.0,966087449.0,15:34:59,2026-09-07
sh600017,日照港,2.84,-0.01,-0.351,2.84,2.85,2.85,2.85,2.86,2.83,29157472.0,82967524.0,15:34:59,2026-09-07
sh600018,上港集团,5.4,-0.03,-0.552,5.4,5.41,5.43,5.41,5.47,5.38,59887587.0,324406788.0,15:34:59,2026-09-07
sh600019,宝钢股份,5.75,-0.11,-1.877,5.74,5.75,5.86,5.86,5.87,5.74,138119103.0,799127113.0,15:34:59,2026-09-07
sh600020,中原高速,3.9,0.0,0.0,3.9,3.91,3.9,3.9,3.91,3.87,9526135.0,37101767.0,15:00:04,2026-09-07
sh600021,上海电力,13.39,-0.08,-0.594,13.39,13.4,13.47,13.46,13.52,13.36,17099943.0,229066060.0,15:34:59,2026-09-07
sh600022,山东钢铁,1.32,-0.02,-1.493,1.32,1.33,1.34,1.33,1.34,1.32,56347049.0,74695397.0,15:34:59,2026-09-07
sh600023,浙能电力,4.85,-0.03,-0.615,4.85,4.86,4.88,4.89,4.9,4.84,46499853.0,225788952.0,15:34:59,2026-09-07
sh600025,华能水电,9.58,-0.18,-1.844,9.58,9.59,9.76,9.76,9.78,9.5,39911700.0,382781107.0,15:00:02,2026-09-07
sh600026,中远海能,19.75,-0.59,-2.901,19.75,19.76,20.34,20.97,21.05,19.68,68496226.0,1374276472.0,15:34:59,2026-09-07
sh600027,华电国际,4.82,-0.02,-0.413,4.81,4.82,4.84,4.83,4.86,4.76,84004247.0,403473391.0,15:34:59,2026-09-07
sh600028,中国石化,5.37,-0.11,-2.007,5.37,5.38,5.48,5.48,5.49,5.34,242715532.0,1309239572.0,15:34:59,2026-09-07
sh600029,南方航空,5.03,0.0,0.0,5.02,5.03,5.03,5.01,5.04,5.0,45387665.0,227879883.0,15:34:59,2026-09-07
sh600030,中信证券,27.67,-0.32,-1.143,27.67,27.68,27.99,28.05,28.13,27.63,96800594.0,2688456520.0,15:34:59,2026-09-07
sh600031,三一重工,19.89,-0.11,-0.55,19.88,19.89,20.0,19.99,20.1,19.76,43613594.0,866928170.0,15:34:59,2026-09-07
sh600032,浙江新能,6.74,0.01,0.149,6.74,6.75,6.73,6.72,6.77,6.7,8856642.0,59679141.0,15:34:59,2026-09-07
sh600033,福建高速,3.64,0.0,0.0,3.64,3.65,3.64,3.61,3.66,3.58,31949902.0,115627692.0,15:00:04,2026-09-07
sh600035,楚天高速,3.72,0.01,0.27,3.71,3.72,3.71,3.7,3.73,3.69,13489362.0,50068332.0,15:00:04,2026-09-07
sh600036,招商银行,41.07,-0.62,-1.487,41.07,41.08,41.69,41.65,41.76,41.03,73868255.0,3048586986.0,15:34:59,2026-09-07
sh600037,歌华有线,7.16,0.1,1.416,7.15,7.16,7.06,7.07,7.23,7.02,21614698.0,153802329.0,15:00:04,2026-09-07
sh600038,中直股份,27.43,-0.52,-1.86,27.43,27.44,27.95,27.95,28.0,27.4,5799943.0,159878488.0,15:34:59,2026-09-07
sh600039,四川路桥,9.23,0.07,0.764,9.23,9.24,9.16,9.11,9.3,9.11,26288520.0,242673239.0,15:00:01,2026-09-07
sh600048,保利发展,5.21,-0.04,-0.762,5.2,5.21,5.25,5.22,5.29,5.17,164975519.0,860024102.0,15:34:59,2026-09-07
sh600050,中国联通,4.22,-0.03,-0.706,4.22,4.23,4.25,4.26,4.28,4.21,106870629.0,452219288.0,15:34:59,2026-09-07
sh600051,宁波联合,6.35,0.06,0.954,6.35,6.36,6.29,6.31,6.39,6.28,4709700.0,29914060.0,15:00:04,2026-09-07
sh600052,东望时代,3.94,0.02,0.51,3.94,3.95,3.92,3.92,4.0,3.91,9297800.0,36865380.0,15:00:03,2026-09-07
sh600053,*ST九鼎,7.92,0.12,1.538,7.91,7.92,7.8,7.83,7.97,7.8,1528600.0,12043784.0,15:00:05,2026-09-07
sh600054,黄山旅游,11.7,0.16,1.386,11.7,11.71,11.54,11.57,11.77,11.48,10484599.0,122299743.0,15:34:59,2026-09-07
sh600055,万东医疗,10.76,-0.12,-1.103,10.76,10.79,10.88,11.09,11.09,10.75,4794900.0,51939740.0,15:34:59,2026-09-07
sh600056,中国医药,9.05,-0.01,-0.11,9.05,9.06,9.06,9.06,9.08,9.02,6462096.0,58501498.0,15:34:59,2026-09-07
sh600057,厦门象屿,6.47,-0.05,-0.767,6.47,6.48,6.52,6.56,6.65,6.46,17429292.0,113642144.0,15:34:59,2026-09-07
sh600058,五矿发展,9.68,-0.1,-1.022,9.68,9.7,9.78,9.8,9.81,9.61,4688300.0,45553900.0,15:34:59,2026-09-07
sh600059,古越龙山,8.92,-0.27,-2.938,8.92,8.93,9.19,9.37,9.46,8.9,63832846.0,581817160.0,15:34:59,2026-09-07
sh600060,海信视像,28.21,-0.39,-1.364,28.21,28.22,28.6,28.59,28.71,28.02,10515695.0,297504327.0,15:34:59,2026-09-07
sh600061,国投资本,6.46,-0.07,-1.072,6.45,6.46,6.53,6.56,6.56,6.44,37100750.0,240165535.0,15:34:59,2026-09-07
sh600062,华润双鹤,16.13,0.11,0.687,16.12,16.13,16.02,16.06,16.15,16.02,5007405.0,80550993.0,15:34:59,2026-09-07
sh600063,皖维高新,5.57,0.0,0.0,5.57,5.58,5.57,5.57,5.61,5.52,23988296.0,133598423.0,15:34:59,2026-09-07
sh600064,南京高科,7.6,-0.07,-0.913,7.59,7.6,7.67,7.66,7.72,7.58,13851626.0,105667619.0,15:34:59,2026-09-07
sh600066,宇通客车,28.43,-0.25,-0.872,28.43,28.44,28.68,28.55,28.74,27.8,15618150.0,441996273.0,15:34:59,2026-09-07
sh600067,冠城新材,2.89,0.03,1.049,2.88,2.89,2.86,2.86,2.91,2.86,15921806.0,45951543.0,15:34:59,2026-09-07
sh600071,凤凰光学,16.69,0.09,0.542,16.68,16.69,16.6,16.6,16.89,16.4,2737200.0,45527538.0,15:34:59,2026-09-07
sh600072,中船科技,8.95,-0.12,-1.323,8.95,8.96,9.07,9.07,9.18,8.92,21079882.0,189858302.0,15:34:59,2026-09-07
sh600073,光明肉业,5.79,0.01,0.173,5.79,5.8,5.78,5.75,5.83,5.73,11420600.0,66026768.0,15:00:02,2026-09-07
sh600075,新疆天业,4.93,-0.03,-0.605,4.93,4.94,4.96,5.0,5.0,4.86,29597895.0,145615110.0,15:34:59,2026-09-07
sh600076,康欣新材,2.85,-0.32,-10.095,0.0,2.85,3.17,2.85,2.85,2.85,5905000.0,16829250.0,15:34:59,2026-09-07
sh600078,澄星股份,10.66,-0.11,-1.021,10.65,10.66,10.77,10.67,10.79,10.6,14298591.0,152617643.0,15:34:59,2026-09-07
sh600079,ST人福,18.86,0.13,0.694,18.86,18.87,18.73,18.79,18.99,18.72,6217300.0,117387372.0,15:34:59,2026-09-07
sh600080,ST金花,5.05,0.2,4.124,5.03,5.05,4.85,4.93,5.13,4.93,7219600.0,36359537.0,15:34:59,2026-09-07
sh600081,东风科技,10.44,-0.18,-1.695,10.44,10.45,10.62,10.6,10.61,10.36,2587846.0,27075164.0,15:00:03,2026-09-07
sh600082,ST海泰,3.03,0.04,1.338,3.02,3.03,2.99,2.97,3.03,2.96,4582754.0,13754905.0,15:34:59,2026-09-07
sh600084,*ST尼雅,4.32,0.01,0.232,4.31,4.32,4.31,4.3,4.33,4.25,2375500.0,10200515.0,15:00:03,2026-09-07
sh600085,同仁堂,24.17,0.03,0.124,24.17,24.18,24.14,24.1,24.25,24.01,4284348.0,103380494.0,15:34:59,2026-09-07
sh600088,中视传媒,12.4,-0.1,-0.8,12.4,12.41,12.5,12.4,12.68,12.23,10543075.0,130424195.0,15:34:59,2026-09-07
sh600089,特变电工,18.94,0.06,0.318,18.94,18.95,18.88,18.93,19.06,18.8,47814646.0,904036809.0,15:34:59,2026-09-07
sh600094,大名城,4.0,0.03,0.756,4.0,4.01,3.97,3.97,4.03,3.93,19370500.0,77333439.0,15:00:03,2026-09-07
sh600095,湘财股份,9.63,-0.54,-5.31,9.63,9.64,10.17,9.87,10.1,9.52,118465199.0,1145184828.0,15:34:59,2026-09-07
sh600096,云天化,30.34,-0.46,-1.494,30.34,30.35,30.8,30.8,30.88,30.23,24775412.0,753303049.0,15:34:59,2026-09-07
sh600097,开创国际,9.61,0.27,2.891,9.61,9.62,9.34,9.31,9.63,9.31,6683201.0,63756716.0,15:34:59,2026-09-07
sh600098,广州发展,6.19,0.08,1.309,6.19,6.2,6.11,6.13,6.21,6.11,23420200.0,144585148.0,15:34:59,2026-09-07
sh600099,林海股份,9.36,0.05,0.537,9.36,9.37,9.31,9.3,9.47,9.28,3059205.0,28720308.0,15:34:59,2026-09-07
sh600100,同方股份,6.81,-0.06,-0.873,6.81,6.82,6.87,6.89,6.9,6.77,16642288.0,113675016.0,15:34:59,2026-09-07
sh600101,明星电力,7.81,-0.05,-0.636,7.8,7.81,7.86,7.87,7.89,7.79,6117769.0,47810292.0,15:34:59,2026-09-07
sh600103,青山纸业,3.91,0.36,10.141,3.91,0.0,3.55,3.6,3.91,3.49,492747614.0,1875462404.0,15:34:59,2026-09-07
sh600104,上汽集团,10.58,0.11,1.051,10.58,10.59,10.47,10.47,10.6,10.44,41165893.0,432857721.0,15:34:59,2026-09-07
sh600105,永鼎股份,38.99,1.83,4.925,38.99,39.0,37.16,37.53,39.2,37.2,101730016.0,3911495419.0,15:34:59,2026-09-07
sh600106,重庆路桥,4.6,-0.03,-0.648,4.6,4.61,4.63,4.6,4.63,4.55,10283891.0,47262791.0,15:00:05,2026-09-07
sh600107,*ST尔雅,6.26,0.02,0.321,6.26,6.27,6.24,6.24,6.34,6.13,989500.0,6216626.0,15:00:05,2026-09-07
sh600108,亚盛集团,4.8,0.44,10.092,4.8,0.0,4.36,4.8,4.8,4.8,21173577.0,101633170.0,15:34:59,2026-09-07
sh600109,国金证券,8.63,-0.11,-1.259,8.62,8.63,8.74,8.79,8.8,8.62,28690321.0,248898704.0,15:00:03,2026-09-07
sh600110,诺德股份,11.37,0.34,3.083,11.37,11.38,11.03,11.0,11.52,10.94,141833967.0,1603879387.0,15:34:59,2026-09-07
sh600111,北方稀土,38.8,0.13,0.336,38.8,38.81,38.67,38.51,38.9,38.41,22549861.0,873247698.0,15:34:59,2026-09-07
sh600113,浙江东日,29.71,0.0,0.0,29.71,29.72,29.71,29.71,30.8,29.58,5967069.0,178993492.0,15:34:59,2026-09-07
sh600114,东睦股份,29.98,1.1,3.809,29.97,29.98,28.88,29.1,30.18,28.93,17626077.0,522558773.0,15:34:59,2026-09-07
sh600115,中国东航,3.5,0.01,0.287,3.5,3.51,3.49,3.48,3.53,3.47,134216142.0,469480772.0,15:34:59,2026-09-07
sh600116,三峡水利,6.2,-0.08,-1.274,6.2,6.21,6.28,6.27,6.29,6.18,14765390.0,91894091.0,15:00:02,2026-09-07
sh600117,西宁特钢,2.27,-0.02,-0.873,2.27,2.28,2.29,2.29,2.29,2.25,10355100.0,23517868.0,15:34:59,2026-09-07
sh600118,中国卫星,57.72,0.1,0.174,57.72,57.73,57.62,57.67,57.93,57.04,16268367.0,935909386.0,15:34:59,2026-09-07
sh600119,*ST长投,5.05,0.01,0.198,5.05,5.07,5.04,5.05,5.07,5.0,1837000.0,9271791.0,15:00:03,2026-09-07
sh600120,浙江东方,4.91,-0.01,-0.203,4.91,4.92,4.92,4.96,4.99,4.9,31607921.0,155805006.0,15:34:59,2026-09-07
sh600121,郑州煤电,4.94,-0.18,-3.516,4.94,4.95,5.12,4.81,5.0,4.7,231367504.0,1127843578.0,15:34:59,2026-09-07
sh600123,兰花科创,6.99,-0.06,-0.851,6.99,7.0,7.05,7.01,7.12,6.95,18913882.0,132652172.0,15:34:59,2026-09-07
sh600125,铁龙物流,5.41,-0.02,-0.368,5.41,5.42,5.43,5.44,5.45,5.38,8554390.0,46250137.0,15:34:59,2026-09-07
sh600126,杭钢股份,6.29,0.01,0.159,6.28,6.29,6.28,6.29,6.32,6.25,28976580.0,182232894.0,15:34:59,2026-09-07
sh600127,金健米业,13.53,1.23,10.0,13.53,0.0,12.3,13.23,13.53,12.8,137951902.0,1833838422.0,15:34:59,2026-09-07
sh600128,苏豪弘业,8.6,0.1,1.176,8.6,8.61,8.5,8.51,8.65,8.47,3740300.0,32084912.0,15:00:02,2026-09-07
sh600129,太极集团,13.93,0.13,0.942,13.93,13.94,13.8,13.85,14.03,13.77,8195600.0,114252808.0,15:34:59,2026-09-07
sh600130,波导股份,4.64,0.07,1.532,4.64,4.65,4.57,4.64,4.68,4.57,23524000.0,108514812.0,15:34:59,2026-09-07
sh600131,国网信通,14.93,0.05,0.336,14.93,14.94,14.88,15.13,15.22,14.83,10314400.0,154595595.0,15:34:59,2026-09-07
sh600132,重庆啤酒,40.04,0.06,0.15,40.04,40.05,39.98,40.04,40.28,39.7,2198700.0,87803957.0,15:34:59,2026-09-07
sh600133,东湖高新,8.34,-0.09,-1.068,8.34,8.35,8.43,8.39,8.45,8.34,12087300.0,101181148.0,15:34:59,2026-09-07
sh600135,乐凯胶片,7.45,-0.02,-0.268,7.45,7.47,7.47,7.49,7.56,7.45,4641700.0,34749404.0,15:00:02,2026-09-07
sh600136,ST明诚,1.5,0.02,1.351,1.5,1.51,1.48,1.48,1.51,1.47,10698500.0,15988116.0,15:34:59,2026-09-07
sh600137,浪莎股份,18.05,0.11,0.613,18.02,18.05,17.94,17.85,18.24,17.42,1516402.0,27436626.0,15:00:03,2026-09-07
sh600138,中青旅,7.47,0.15,2.049,7.47,7.48,7.32,7.34,7.48,7.28,17128498.0,127147577.0,15:34:59,2026-09-07
sh600141,兴发集团,30.24,0.05,0.166,30.24,30.25,30.19,30.08,30.33,29.72,17190991.0,517210150.0,15:34:59,2026-09-07
sh600143,金发科技,13.78,0.09,0.657,13.78,13.79,13.69,13.68,13.87,13.68,17917258.0,247034410.0,15:34:59,2026-09-07
sh600148,长春一东,16.36,-0.81,-4.718,16.35,16.36,17.17,16.7,17.0,15.45,6585836.0,107550492.0,15:34:59,2026-09-07
sh600149,廊坊发展,5.11,-0.06,-1.161,5.11,5.12,5.17,5.16,5.16,5.09,7400538.0,37892093.0,15:34:59,2026-09-07
sh600150,中国船舶,38.38,0.91,2.429,38.38,38.39,37.47,37.74,38.82,37.5,231954554.0,8847109788.0,15:34:59,2026-09-07
sh600151,航天机电,9.55,-0.29,-2.947,9.55,9.56,9.84,9.77,9.83,9.52,24132700.0,232075879.0,15:34:59,2026-09-07
sh600152,维科技术,8.13,0.05,0.619,8.13,8.14,8.08,8.08,8.2,7.98,9253000.0,75130790.0,15:34:59,2026-09-07
sh600153,建发股份,8.34,-0.13,-1.535,8.34,8.35,8.47,8.47,8.53,8.29,23716902.0,198946004.0,15:34:59,2026-09-07
sh600155,华创云信,6.2,-0.03,-0.482,6.2,6.21,6.23,6.25,6.31,6.18,30492100.0,190082704.0,15:00:03,2026-09-07
sh600156,华升股份,9.02,0.34,3.917,9.02,9.03,8.68,8.64,9.13,8.63,19731640.0,176882824.0,15:34:59,2026-09-07
sh600157,永泰能源,1.55,0.0,0.0,1.54,1.55,1.55,1.55,1.56,1.54,218371417.0,337720503.0,15:34:59,2026-09-07
sh600158,中体产业,7.36,-0.01,-0.136,7.35,7.36,7.37,7.37,7.42,7.3,24714485.0,181632559.0,15:34:59,2026-09-07
sh600159,大龙地产,2.79,0.06,2.198,2.78,2.79,2.73,2.72,2.81,2.7,27362900.0,75885584.0,15:00:03,2026-09-07
sh600160,巨化股份,37.95,0.03,0.079,37.95,37.96,37.92,38.0,38.27,37.51,16713173.0,632646285.0,15:34:59,2026-09-07
sh600161,天坛生物,12.25,-0.03,-0.244,12.25,12.26,12.28,12.29,12.33,12.21,6119700.0,75073372.0,15:34:59,2026-09-07
sh600162,香江控股,5.0,0.31,6.61,5.0,5.01,4.69,4.71,5.03,4.66,183325916.0,894784858.0,15:34:59,2026-09-07
sh600163,中闽能源,5.18,-0.08,-1.521,5.18,5.19,5.26,5.26,5.3,5.17,13425511.0,69875090.0,15:34:59,2026-09-07
sh600165,宁科生物,3.14,0.0,0.0,3.13,3.14,3.14,3.12,3.17,3.11,10903500.0,34277860.0,15:34:59,2026-09-07
sh600166,福田汽车,2.9,0.0,0.0,2.89,2.9,2.9,2.88,2.92,2.87,85776142.0,248785130.0,15:34:59,2026-09-07
sh600167,联美控股,5.86,0.06,1.034,5.85,5.86,5.8,5.68,5.89,5.68,12468298.0,72516595.0,15:00:03,2026-09-07
sh600168,武汉控股,4.45,0.0,0.0,4.44,4.45,4.45,4.45,4.47,4.42,4082019.0,18155980.0,15:34:59,2026-09-07
sh600169,ST太重,2.16,0.03,1.408,2.15,2.16,2.13,2.13,2.16,2.13,7132100.0,15335368.0,15:00:03,2026-09-07
sh600170,上海建工,2.27,-0.01,-0.439,2.26,2.27,2.28,2.28,2.29,2.26,97213410.0,220600404.0,15:34:59,2026-09-07
sh600171,上海贝岭,22.75,0.07,0.309,22.75,22.76,22.68,22.68,22.94,22.59,7363147.0,167681923.0,15:34:59,2026-09-07
sh600172,黄河旋风,15.89,0.1,0.633,15.89,15.9,15.79,15.49,16.2,14.86,243138292.0,3815177039.0,15:34:59,2026-09-07
sh600173,卧龙新能,6.22,0.05,0.81,6.22,6.23,6.17,6.16,6.24,6.11,3610100.0,22383813.0,15:34:59,2026-09-07
sh600176,中国巨石,41.7,1.52,3.783,41.7,41.71,40.18,40.45,42.05,40.3,174289309.0,7199937674.0,15:34:59,2026-09-07
sh600177,雅戈尔,8.19,-0.03,-0.365,8.19,8.2,8.22,8.21,8.26,8.12,24923855.0,203892674.0,15:34:59,2026-09-07
sh600178,东安动力,10.11,0.01,0.099,10.1,10.11,10.1,10.24,10.29,9.99,7477489.0,75422283.0,15:34:59,2026-09-07
sh600179,安通控股,4.6,-0.02,-0.433,4.6,4.61,4.62,4.63,4.68,4.59,33466075.0,154725191.0,15:34:59,2026-09-07
sh600180,*ST瑞茂,1.51,0.07,4.861,1.5,1.51,1.44,1.43,1.51,1.43,16859500.0,25113630.0,15:34:59,2026-09-07
sh600182,S佳通,13.02,-0.01,-0.077,13.02,13.03,13.03,13.08,13.09,12.99,1256200.0,16365888.0,15:00:04,2026-09-07
sh600183,生益科技,148.15,10.65,7.745,148.14,148.15,137.5,140.25,149.25,139.8,83935644.0,12168893729.0,15:34:59,2026-09-07
sh600184,光电股份,18.06,0.26,1.461,18.05,18.06,17.8,17.8,18.18,17.6,12123900.0,217954371.0,15:34:59,2026-09-07
sh600185,珠免集团,5.43,-0.05,-0.912,5.42,5.43,5.48,5.28,5.6,5.27,104950930.0,572952609.0,15:34:59,2026-09-07
sh600186,莲花控股,12.55,0.67,5.64,12.54,12.55,11.88,11.69,12.72,11.42,299012723.0,3675668000.0,15:34:59,2026-09-07
sh600187,*ST国中,1.34,0.01,0.752,1.33,1.34,1.33,1.33,1.35,1.33,14714800.0,19643606.0,15:34:59,2026-09-07
sh600188,兖矿能源,20.78,-0.78,-3.618,20.78,20.79,21.56,21.48,21.58,20.58,55489988.0,1159350724.0,15:34:59,2026-09-07
sh600189,泉阳泉,8.0,0.04,0.503,7.99,8.0,7.96,7.96,8.01,7.88,6574960.0,52353188.0,15:34:59,2026-09-07
sh600191,华资实业,10.5,0.15,1.449,10.49,10.5,10.35,10.4,10.77,10.36,12386625.0,131153810.0,15:34:59,2026-09-07
sh600192,长城电工,7.16,-0.11,-1.513,7.16,7.17,7.27,7.26,7.29,7.1,6323666.0,45238884.0,15:34:59,2026-09-07
sh600195,中牧股份,7.04,0.14,2.029,7.03,7.04,6.9,6.92,7.05,6.87,10861536.0,75967904.0,15:34:59,2026-09-07
sh600196,复星医药,22.65,0.31,1.388,22.64,22.65,22.34,22.55,22.75,22.46,17797523.0,402577802.0,15:34:59,2026-09-07
sh600197,伊力特,9.75,0.05,0.515,9.74,9.75,9.7,9.68,9.78,9.62,3245401.0,31494875.0,15:34:59,2026-09-07
sh600198,大唐电信,7.58,0.04,0.531,7.58,7.59,7.54,7.54,7.62,7.49,11172202.0,84508575.0,15:34:59,2026-09-07
sh600199,金种子酒,7.47,-0.06,-0.797,7.46,7.47,7.53,7.43,7.56,7.39,23906575.0,177778453.0,15:34:59,2026-09-07
sh600201,生物股份,12.3,0.0,0.0,12.3,12.32,12.3,12.35,12.41,12.24,9095406.0,112190423.0,15:34:59,2026-09-07
sh600202,哈空调,5.17,0.06,1.174,5.17,5.18,5.11,5.13,5.21,5.08,4939702.0,25427126.0,15:00:05,2026-09-07
sh600203,福日电子,10.83,-0.17,-1.545,10.83,10.84,11.0,10.83,11.01,10.72,30272253.0,329524759.0,15:34:59,2026-09-07
sh600206,有研新材,46.65,1.43,3.162,46.65,46.66,45.22,45.82,46.99,45.3,57363633.0,2663272461.0,15:34:59,2026-09-07
sh600207,安彩高科,4.49,0.08,1.814,4.48,4.49,4.41,4.4,4.5,4.39,11103801.0,49605330.0,15:34:59,2026-09-07
sh600208,衢州发展,2.89,-0.02,-0.687,2.89,2.9,2.91,2.91,2.92,2.89,51240417.0,148716120.0,15:34:59,2026-09-07
sh600210,紫江企业,6.15,0.04,0.655,6.15,6.16,6.11,6.13,6.22,6.06,23517300.0,144316757.0,15:34:59,2026-09-07
sh600211,西藏药业,38.19,0.13,0.342,38.19,38.2,38.06,38.25,38.7,38.05,2334809.0,89234235.0,15:34:59,2026-09-07
sh600212,绿能慧充,6.43,0.06,0.942,6.42,6.43,6.37,6.35,6.46,6.33,9128781.0,58352720.0,15:34:59,2026-09-07
sh600215,派斯林,6.72,0.01,0.149,6.72,6.73,6.71,6.79,6.82,6.65,5526300.0,37209808.0,15:34:59,2026-09-07
sh600216,浙江医药,12.77,0.09,0.71,12.76,12.77,12.68,12.68,12.92,12.62,12473176.0,159401085.0,15:34:59,2026-09-07
sh600217,中再资环,3.23,-0.02,-0.615,3.22,3.23,3.25,3.23,3.25,3.21,10273200.0,33077240.0,15:34:59,2026-09-07
sh600218,全柴动力,7.92,0.21,2.724,7.92,7.93,7.71,7.72,7.94,7.72,6258907.0,49129367.0,15:34:59,2026-09-07
sh600219,南山铝业,4.87,-0.05,-1.016,4.87,4.88,4.92,4.92,4.97,4.85,112000080.0,547809122.0,15:34:59,2026-09-07
sh600221,海航控股,1.3,0.0,0.0,1.29,1.3,1.3,1.3,1.31,1.29,110757577.0,143694325.0,15:34:59,2026-09-07
sh600222,太龙药业,8.48,-0.02,-0.235,8.47,8.48,8.5,8.55,8.69,8.4,12754708.0,108332955.0,15:34:59,2026-09-07
sh600223,福瑞达,5.69,0.01,0.176,5.69,5.7,5.68,5.68,5.71,5.63,5199500.0,29491010.0,15:00:04,2026-09-07
sh600226,亨通股份,5.84,0.13,2.277,5.84,5.85,5.71,5.72,5.88,5.71,84003991.0,488937114.0,15:34:59,2026-09-07
sh600227,赤天化,4.51,0.22,5.128,4.51,4.52,4.29,4.31,4.7,4.29,282906252.0,1270317608.0,15:34:59,2026-09-07
sh600228,返利科技,9.92,-0.38,-3.689,9.91,9.92,10.3,10.21,10.47,9.51,43396400.0,431598191.0,15:34:59,2026-09-07
sh600229,城市传媒,5.55,0.17,3.16,5.53,5.55,5.38,5.37,5.6,5.35,15371041.0,84136281.0,15:34:59,2026-09-07
sh600230,沧州大化,14.45,-0.17,-1.163,14.43,14.45,14.62,14.67,14.7,14.28,7762600.0,112036460.0,15:34:59,2026-09-07
sh600231,凌钢股份,1.74,-0.01,-0.571,1.73,1.74,1.75,1.75,1.76,1.71,16562642.0,28637620.0,15:00:04,2026-09-07
sh600232,金鹰股份,6.56,-0.06,-0.906,6.56,6.57,6.62,6.65,6.65,6.53,5442100.0,35820617.0,15:00:04,2026-09-07
sh600233,圆通速递,16.89,-0.09,-0.53,16.88,16.89,16.98,16.98,17.06,16.66,22029351.0,370135318.0,15:34:59,2026-09-07
sh600234,科新发展,21.49,-0.7,-3.155,21.49,21.5,22.19,22.19,22.98,20.4,6727000.0,143807473.0,15:34:59,2026-09-07
sh600235,民丰特纸,5.88,0.0,0.0,5.88,5.89,5.88,5.87,5.9,5.82,3201400.0,18795571.0,15:34:59,2026-09-07
sh600236,桂冠电力,9.56,-0.32,-3.239,9.56,9.57,9.88,9.87,9.87,9.49,18170236.0,174743196.0,15:34:59,2026-09-07
sh600237,铜峰电子,8.33,0.23,2.84,8.33,8.34,8.1,8.15,8.38,8.13,22557300.0,186872698.0,15:34:59,2026-09-07
sh600238,ST椰岛,4.74,-0.08,-1.66,4.73,4.74,4.82,4.78,4.81,4.72,3815703.0,18107315.0,15:34:59,2026-09-07
sh600239,ST云城,1.44,0.0,0.0,1.44,1.45,1.44,1.43,1.45,1.42,8126830.0,11692687.0,15:34:59,2026-09-07
sh600241,时代万恒,7.49,0.02,0.268,7.48,7.49,7.47,7.5,7.59,7.41,3043600.0,22832257.0,15:00:02,2026-09-07
sh600243,*ST海华,3.64,0.0,0.0,3.64,3.65,3.64,3.64,3.67,3.57,4194300.0,15171303.0,15:00:03,2026-09-07
sh600246,万通发展,12.81,0.87,7.286,12.8,12.81,11.94,12.1,12.96,12.05,119625577.0,1503107262.0,15:34:59,2026-09-07
sh600248,陕建股份,2.9,0.0,0.0,2.9,2.91,2.9,2.91,2.92,2.89,15003458.0,43600063.0,15:00:03,2026-09-07
sh600249,两面针,5.4,0.08,1.504,5.39,5.4,5.32,5.32,5.46,5.3,8419150.0,45389386.0,15:34:59,2026-09-07
sh600250,南京商旅,10.1,0.29,2.956,10.1,10.11,9.81,9.81,10.14,9.6,22334700.0,223248716.0,15:34:59,2026-09-07
sh600251,冠农股份,11.28,0.45,4.155,11.28,11.29,10.83,10.95,11.42,10.87,37494609.0,420636326.0,15:34:59,2026-09-07
sh600252,中恒集团,2.24,0.02,0.901,2.24,2.25,2.22,2.22,2.26,2.21,33901034.0,76128329.0,15:34:59,2026-09-07
sh600255,鑫科材料,3.44,0.04,1.176,3.44,3.45,3.4,3.39,3.45,3.36,55674271.0,190491758.0,15:34:59,2026-09-07
sh600256,广汇能源,6.7,-0.01,-0.149,6.7,6.71,6.71,6.7,6.85,6.58,146028970.0,977744502.0,15:34:59,2026-09-07
sh600257,大湖股份,6.07,0.18,3.056,6.07,6.08,5.89,5.98,6.11,5.95,25351154.0,153475462.0,15:34:59,2026-09-07
sh600258,首旅酒店,12.05,0.1,0.837,12.04,12.05,11.95,11.95,12.16,11.92,19794203.0,238800853.0,15:34:59,2026-09-07
sh600259,中稀有色,77.76,0.77,1.0,77.76,77.77,76.99,76.99,78.08,75.77,5641959.0,436558997.0,15:34:59,2026-09-07
sh600261,阳光照明,3.23,0.02,0.623,3.22,3.23,3.21,3.2,3.24,3.2,5822625.0,18788331.0,15:00:02,2026-09-07
sh600262,北方股份,15.35,-0.13,-0.84,15.35,15.36,15.48,15.52,15.6,15.28,4101862.0,63110433.0,15:00:00,2026-09-07
sh600265,*ST景谷,23.1,0.09,0.391,23.09,23.1,23.01,23.02,23.25,22.88,476900.0,11014840.0,15:00:05,2026-09-07
sh600266,城建发展,4.25,-0.05,-1.163,4.25,4.26,4.3,4.27,4.3,4.23,26452020.0,112683067.0,15:34:59,2026-09-07
sh600267,海正药业,11.61,-0.03,-0.258,11.61,11.62,11.64,11.6,11.67,11.57,14799500.0,171949900.0,15:34:59,2026-09-07
sh600268,国电南自,10.54,-0.04,-0.378,10.53,10.54,10.58,10.63,10.67,10.48,8033600.0,84804807.0,15:34:59,2026-09-07
sh600269,赣粤高速,4.0,0.08,2.041,3.99,4.0,3.92,3.92,4.0,3.91,29086413.0,115253998.0,15:34:59,2026-09-07
sh600271,航天信息,6.82,-0.06,-0.872,6.81,6.82,6.88,6.88,6.9,6.77,10613342.0,72266710.0,15:34:59,2026-09-07
sh600272,开开实业,17.46,-0.11,-0.626,17.46,17.47,17.57,17.8,17.88,17.22,39539267.0,694867805.0,15:34:59,2026-09-07
sh600273,嘉化能源,6.69,-0.03,-0.446,6.69,6.7,6.72,6.73,6.75,6.68,11956887.0,80132457.0,15:00:03,2026-09-07
sh600276,恒瑞医药,46.26,0.24,0.522,46.26,46.27,46.02,46.02,46.33,45.71,39419658.0,1815380899.0,15:34:59,2026-09-07
sh600278,东方创业,6.6,0.03,0.457,6.6,6.61,6.57,6.54,6.65,6.51,4588160.0,30272164.0,15:00:02,2026-09-07
sh600279,重庆港,4.39,-0.02,-0.454,4.39,4.4,4.41,4.42,4.44,4.38,5328750.0,23445427.0,15:00:02,2026-09-07
sh600280,中央商场,3.43,0.31,9.936,3.43,0.0,3.12,3.15,3.43,3.13,39696900.0,132823251.0,15:34:59,2026-09-07
sh600281,华阳新材,4.84,0.05,1.044,4.83,4.84,4.79,4.79,4.86,4.74,9346610.0,44962680.0,15:34:59,2026-09-07
sh600282,南钢股份,4.66,-0.08,-1.688,4.66,4.67,4.74,4.74,4.75,4.66,39127520.0,183466291.0,15:34:59,2026-09-07
sh600283,钱江水利,8.21,0.05,0.613,8.2,8.21,8.16,8.12,8.27,8.12,2631614.0,21596953.0,15:00:04,2026-09-07
sh600284,浦东建设,5.2,-0.02,-0.383,5.19,5.2,5.22,5.2,5.25,5.19,9173279.0,47844945.0,15:34:59,2026-09-07
sh600285,羚锐制药,19.52,-0.09,-0.459,19.52,19.53,19.61,19.67,19.67,19.46,4874500.0,95248744.0,15:34:59,2026-09-07
sh600287,苏豪时尚,5.09,0.07,1.394,5.08,5.09,5.02,5.04,5.12,5.0,3957700.0,20085676.0,15:00:02,2026-09-07
sh600288,大恒科技,11.19,0.03,0.269,11.18,11.19,11.16,11.15,11.27,11.09,16178430.0,180997094.0,15:34:59,2026-09-07
sh600289,ST信通,4.25,-0.02,-0.468,4.25,4.26,4.27,4.28,4.3,4.24,1092002.0,4651619.0,15:34:59,2026-09-07
sh600292,电投水电,11.9,-0.15,-1.245,11.9,11.91,12.05,12.08,12.12,11.87,10388018.0,123983295.0,15:34:59,2026-09-07
sh600293,三峡新材,2.94,0.02,0.685,2.93,2.94,2.92,2.94,2.95,2.91,19262489.0,56486955.0,15:34:59,2026-09-07
sh600295,鄂尔多斯,13.62,-1.09,-7.41,13.62,13.63,14.71,14.2,14.29,13.44,24093944.0,329924780.0,15:34:59,2026-09-07
sh600298,安琪酵母,41.61,-0.37,-0.881,41.61,41.64,41.98,41.83,42.29,41.23,5859800.0,244037587.0,15:00:03,2026-09-07
sh600299,安迪苏,8.62,0.05,0.583,8.62,8.63,8.57,8.53,8.75,8.5,32708114.0,283040099.0,15:34:59,2026-09-07
sh600300,维维股份,3.33,0.06,1.835,3.32,3.33,3.27,3.28,3.34,3.27,41666501.0,138194853.0,15:34:59,2026-09-07
sh600301,华锡有色,44.73,-0.24,-0.534,44.73,44.76,44.97,44.95,45.31,44.2,5899403.0,264614882.0,15:34:59,2026-09-07
sh600302,ST标准,6.89,-0.04,-0.577,6.89,6.9,6.93,6.88,7.07,6.72,7447854.0,51262169.0,15:34:59,2026-09-07
sh600303,曙光股份,3.0,0.0,0.0,3.0,3.01,3.0,2.97,3.04,2.97,13216500.0,39755756.0,15:34:59,2026-09-07
sh600305,恒顺醋业,6.89,0.07,1.026,6.89,6.9,6.82,6.83,6.92,6.8,7909440.0,54419844.0,15:34:59,2026-09-07
sh600307,酒钢宏兴,1.49,0.01,0.676,1.49,1.5,1.48,1.48,1.5,1.47,26453300.0,39370694.0,15:34:59,2026-09-07
sh600308,华泰股份,3.35,0.08,2.446,3.34,3.35,3.27,3.27,3.42,3.25,17309560.0,57628350.0,15:34:59,2026-09-07
sh600309,万华化学,76.74,-0.92,-1.185,76.74,76.75,77.66,77.66,77.66,75.79,25121076.0,1922126073.0,15:34:59,2026-09-07
sh600310,广西能源,4.46,-0.02,-0.446,4.46,4.47,4.48,4.48,4.49,4.43,26660073.0,119044271.0,15:34:59,2026-09-07
sh600312,平高电气,20.29,-0.09,-0.442,20.28,20.29,20.38,20.39,20.71,19.92,24462711.0,494567071.0,15:34:59,2026-09-07
sh600313,农发种业,7.8,0.49,6.703,7.79,7.8,7.31,7.34,7.8,7.34,157796921.0,1202243393.0,15:34:59,2026-09-07
sh600315,上海家化,18.65,0.03,0.161,18.63,18.65,18.62,18.6,18.72,18.38,7423006.0,138029328.0,15:34:59,2026-09-07
sh600316,洪都航空,31.75,-0.64,-1.976,31.75,31.76,32.39,32.11,32.31,31.44,13722446.0,436103807.0,15:34:59,2026-09-07
sh600318,新力金融,7.12,-0.22,-2.997,7.12,7.13,7.34,7.39,7.45,7.11,41551347.0,299439934.0,15:34:59,2026-09-07
sh600319,亚星化学,6.54,0.02,0.307,6.54,6.55,6.52,6.53,6.6,6.48,3033100.0,19869615.0,15:00:02,2026-09-07
sh600320,振华重工,4.09,-0.04,-0.969,4.09,4.1,4.13,4.15,4.15,4.07,34851179.0,142787427.0,15:34:59,2026-09-07
sh600322,津投城开,2.74,0.0,0.0,2.73,2.74,2.74,2.73,2.75,2.7,16198943.0,44202808.0,15:34:59,2026-09-07
sh600323,瀚蓝环境,29.54,-0.45,-1.501,29.54,29.6,29.99,30.07,30.11,29.22,6825247.0,201382869.0,15:34:59,2026-09-07
sh600325,华发股份,2.57,-0.06,-2.281,2.57,2.58,2.63,2.6,2.65,2.56,81342230.0,211056762.0,15:34:59,2026-09-07
sh600326,西藏天路,7.44,-0.11,-1.457,7.44,7.45,7.55,7.54,7.55,7.41,26208130.0,195196176.0,15:34:59,2026-09-07
sh600327,大东方,4.11,0.16,4.051,4.1,4.11,3.95,3.98,4.12,3.97,26600100.0,108301187.0,15:34:59,2026-09-07
sh600328,中盐化工,6.34,-0.05,-0.782,6.34,6.35,6.39,6.36,6.4,6.31,8805470.0,55952140.0,15:34:59,2026-09-07
sh600329,达仁堂,35.49,-0.47,-1.307,35.49,35.5,35.96,35.97,36.17,35.44,2735520.0,97631136.0,15:34:59,2026-09-07
sh600330,天通股份,28.89,2.63,10.015,28.89,0.0,26.26,27.37,28.89,27.11,78387425.0,2239423721.0,15:34:59,2026-09-07
sh600331,宏达股份,12.51,-0.14,-1.107,12.51,12.52,12.65,12.68,12.78,12.44,25217208.0,315799076.0,15:34:59,2026-09-07
sh600332,白云山,20.15,-0.09,-0.445,20.15,20.16,20.24,20.24,20.31,20.1,6712098.0,135234549.0,15:34:59,2026-09-07
sh600333,长春燃气,6.77,-0.05,-0.733,6.77,6.78,6.82,6.85,6.86,6.75,7825008.0,53088686.0,15:34:59,2026-09-07
sh600335,国机汽车,5.21,0.03,0.579,5.21,5.22,5.18,5.19,5.24,5.14,10798507.0,56114034.0,15:00:04,2026-09-07
sh600336,澳柯玛,6.61,-0.01,-0.151,6.61,6.62,6.62,6.62,6.76,6.46,8553600.0,56301009.0,15:34:59,2026-09-07
sh600337,ST美克,3.16,-0.01,-0.315,3.16,3.17,3.17,3.16,3.22,3.09,10441000.0,33005606.0,15:00:05,2026-09-07
sh600338,西藏珠峰,13.29,-0.19,-1.409,13.29,13.3,13.48,13.35,13.4,13.16,27840800.0,369979320.0,15:34:59,2026-09-07
sh600339,中油工程,3.35,-0.01,-0.298,3.35,3.36,3.36,3.36,3.38,3.31,41922000.0,140227386.0,15:00:00,2026-09-07
sh600340,*ST华幸,1.08,0.0,0.0,1.07,1.08,1.08,1.08,1.08,1.07,22402600.0,24109237.0,15:34:59,2026-09-07
sh600343,航天动力,18.17,-0.07,-0.384,18.16,18.17,18.24,18.25,18.28,18.02,10461004.0,189755394.0,15:34:59,2026-09-07
sh600345,长江通信,51.25,4.66,10.002,51.25,0.0,46.59,47.0,51.25,46.81,15369245.0,761110333.0,15:34:59,2026-09-07
sh600346,恒力石化,18.23,-0.79,-4.154,18.23,18.24,19.02,19.0,19.09,18.11,30050882.0,554842964.0,15:34:59,2026-09-07
sh600348,华阳股份,8.72,-0.17,-1.912,8.72,8.73,8.89,8.92,8.93,8.7,24030530.0,210897883.0,15:34:59,2026-09-07
sh600350,山东高速,10.19,0.02,0.197,10.19,10.2,10.17,10.18,10.22,10.06,11723357.0,118806279.0,15:34:59,2026-09-07
sh600351,亚宝药业,6.69,0.03,0.45,6.69,6.7,6.66,6.65,6.71,6.63,10598810.0,70779929.0,15:34:59,2026-09-07
sh600352,浙江龙盛,12.22,-0.3,-2.396,12.22,12.23,12.52,12.42,12.58,12.15,53169737.0,653144486.0,15:34:59,2026-09-07
sh600353,旭光电子,33.09,1.84,5.888,33.08,33.09,31.25,31.9,33.66,31.51,58480210.0,1920350957.0,15:34:59,2026-09-07
sh600354,敦煌种业,9.53,0.87,10.046,9.53,0.0,8.66,9.03,9.53,9.0,60736217.0,569165445.0,15:34:59,2026-09-07
sh600356,恒丰纸业,9.13,0.28,3.164,9.13,9.14,8.85,8.91,9.25,8.88,6962996.0,63450200.0,15:00:03,2026-09-07
sh600358,国旅联合,5.26,0.01,0.19,5.26,5.27,5.25,5.25,5.34,5.22,7482101.0,39496398.0,15:00:03,2026-09-07
sh600359,新农开发,7.88,0.42,5.63,7.88,7.89,7.46,7.51,8.18,7.5,42942190.0,337212480.0,15:34:59,2026-09-07
sh600360,华微电子,9.83,0.17,1.76,9.82,9.83,9.66,9.76,9.92,9.72,30179630.0,296137187.0,15:34:59,2026-09-07
sh600361,创新新材,3.62,-0.01,-0.275,3.62,3.63,3.63,3.63,3.64,3.59,30075709.0,108859484.0,15:34:59,2026-09-07
sh600362,江西铜业,46.02,0.16,0.349,46.02,46.03,45.86,45.86,46.19,45.16,39912773.0,1827871087.0,15:34:59,2026-09-07
sh600363,联创光电,16.37,0.06,0.368,16.37,16.38,16.31,16.29,16.57,16.18,26474470.0,432425050.0,15:34:59,2026-09-07
sh600365,ST通葡,2.89,0.03,1.049,2.88,2.89,2.86,2.86,2.9,2.83,1962800.0,5641636.0,15:00:04,2026-09-07
sh600366,宁波韵升,11.27,0.02,0.178,11.26,11.27,11.25,11.24,11.35,11.17,15530911.0,174987948.0,15:34:59,2026-09-07
sh600367,XD红星发,36.03,0.88,2.504,36.02,36.03,35.15,35.16,36.49,34.84,28777317.0,1037038690.0,15:34:59,2026-09-07
sh600368,五洲交通,4.36,0.02,0.461,4.36,4.37,4.34,4.39,4.4,4.31,28070581.0,122289111.0,15:34:59,2026-09-07
sh600369,西南证券,4.06,-0.06,-1.456,4.06,4.07,4.12,4.13,4.14,4.06,39064400.0,159750559.0,15:00:03,2026-09-07
sh600370,*ST三房,1.52,-0.01,-0.654,1.52,1.53,1.53,1.51,1.53,1.5,13118700.0,19883960.0,15:34:59,2026-09-07
sh600371,万向德农,15.07,1.37,10.0,15.07,0.0,13.7,14.23,15.07,14.04,83588679.0,1222131039.0,15:34:59,2026-09-07
sh600372,中航机载,11.3,-0.15,-1.31,11.3,11.31,11.45,11.43,11.5,11.23,26325624.0,297737333.0,15:34:59,2026-09-07
sh600373,中文传媒,7.56,0.14,1.887,7.56,7.57,7.42,7.45,7.62,7.41,15718689.0,118151192.0,15:34:59,2026-09-07
sh600375,汉马科技,3.84,0.01,0.261,3.84,3.85,3.83,3.84,3.86,3.8,12293200.0,47064530.0,15:34:59,2026-09-07
sh600376,首开股份,3.34,0.01,0.3,3.34,3.35,3.33,3.32,3.35,3.28,41174601.0,136888508.0,15:34:59,2026-09-07
sh600377,宁沪高速,12.49,0.07,0.564,12.48,12.49,12.42,12.46,12.54,12.32,12570601.0,156211488.0,15:34:59,2026-09-07
sh600378,昊华科技,47.57,1.82,3.978,47.57,47.58,45.75,46.88,48.04,45.79,63454274.0,2981285126.0,15:34:59,2026-09-07
sh600379,宝光股份,14.69,0.36,2.512,14.69,14.7,14.33,14.28,14.8,14.28,11604657.0,168978770.0,15:34:59,2026-09-07
sh600380,健康元,9.54,0.38,4.148,9.53,9.54,9.16,9.38,9.57,9.32,32086853.0,302897062.0,15:34:59,2026-09-07
sh600381,*ST春天,4.15,-0.16,-3.712,4.12,4.15,4.31,4.29,4.32,4.04,9116296.0,37657373.0,15:34:59,2026-09-07
sh600382,广东明珠,6.36,-0.2,-3.049,6.35,6.36,6.56,6.49,6.53,6.33,11685978.0,74674908.0,15:34:59,2026-09-07
sh600383,金地集团,2.37,-0.02,-0.837,2.36,2.37,2.39,2.38,2.41,2.35,92878875.0,220638907.0,15:34:59,2026-09-07
sh600386,北巴传媒,3.59,0.03,0.843,3.58,3.59,3.56,3.56,3.64,3.55,6660100.0,23891140.0,15:00:04,2026-09-07
sh600388,紫金龙净,19.09,0.08,0.421,19.09,19.1,19.01,19.01,19.25,18.85,14507400.0,276699500.0,15:34:59,2026-09-07
sh600389,江山股份,18.8,0.09,0.481,18.8,18.81,18.71,18.66,19.0,18.51,7935919.0,148623622.0,15:34:59,2026-09-07
sh600390,五矿资本,4.94,-0.09,-1.789,4.94,4.95,5.03,5.04,5.05,4.94,43276353.0,215252285.0,15:34:59,2026-09-07
sh600391,航发科技,37.96,0.05,0.132,37.95,37.96,37.91,37.83,38.2,36.41,16308374.0,608977773.0,15:34:59,2026-09-07
sh600392,盛和资源,21.85,0.12,0.552,21.84,21.85,21.73,21.61,21.95,21.51,26583191.0,579652892.0,15:34:59,2026-09-07
sh600395,盘江股份,5.22,-0.14,-2.612,5.22,5.23,5.36,5.32,5.33,5.15,37233150.0,194147053.0,15:34:59,2026-09-07
sh600396,华电辽能,13.78,0.14,1.026,13.77,13.78,13.64,13.66,13.91,13.43,90889502.0,1241504369.0,15:34:59,2026-09-07
sh600397,江钨装备,17.57,0.79,4.708,17.57,17.58,16.78,16.73,18.1,16.5,93429784.0,1632150029.0,15:34:59,2026-09-07
sh600398,海澜之家,5.88,-0.02,-0.339,5.88,5.89,5.9,5.92,5.98,5.87,48472822.0,287557419.0,15:34:59,2026-09-07
sh600399,抚顺特钢,4.53,0.05,1.116,4.53,4.54,4.48,4.48,4.56,4.41,37135208.0,166755865.0,15:34:59,2026-09-07
sh600400,红豆股份,3.15,0.29,10.14,3.15,0.0,2.86,2.88,3.15,2.87,62241123.0,190737079.0,15:34:59,2026-09-07
sh600403,大有能源,6.59,0.06,0.919,6.59,6.6,6.53,6.35,6.62,6.35,74144816.0,483156385.0,15:34:59,2026-09-07
sh600405,动力源,5.06,0.01,0.198,5.06,5.08,5.05,5.11,5.11,4.99,13952631.0,70721758.0,15:00:02,2026-09-07
sh600406,国电南瑞,22.69,-0.02,-0.088,22.68,22.69,22.71,22.77,22.77,22.56,25056910.0,567217766.0,15:34:59,2026-09-07
sh600408,安泰集团,3.06,0.01,0.328,3.05,3.06,3.05,3.03,3.08,3.0,36070560.0,109746768.0,15:34:59,2026-09-07
sh600409,三友化工,6.93,-0.24,-3.347,6.93,6.94,7.17,7.15,7.15,6.84,29769814.0,207777687.0,15:34:59,2026-09-07
sh600410,华胜天成,14.7,0.18,1.24,14.7,14.71,14.52,14.55,14.74,14.18,61458558.0,893355238.0,15:34:59,2026-09-07
sh600415,小商品城,13.06,-0.06,-0.457,13.06,13.07,13.12,13.0,13.1,12.73,53218994.0,687898177.0,15:34:59,2026-09-07
sh600416,湘电股份,8.54,-0.11,-1.272,8.54,8.55,8.65,8.68,8.68,8.5,9955837.0,85171064.0,15:34:59,2026-09-07
sh600418,江淮汽车,20.62,0.0,0.0,20.62,20.63,20.62,21.1,21.97,20.55,80675294.0,1691392696.0,15:34:59,2026-09-07
sh600419,天润乳业,9.26,0.14,1.535,9.25,9.26,9.12,9.12,9.36,9.09,9700300.0,89446666.0,15:34:59,2026-09-07
sh600420,国药现代,8.47,-0.02,-0.236,8.47,8.48,8.49,8.5,8.52,8.45,4849100.0,41117779.0,15:00:00,2026-09-07
sh600422,昆药集团,8.47,-0.02,-0.236,8.47,8.48,8.49,8.49,8.52,8.45,3508985.0,29778396.0,15:34:59,2026-09-07
sh600423,*ST柳化,2.83,-0.03,-1.049,2.83,2.84,2.86,2.86,2.87,2.82,3101900.0,8801164.0,15:34:59,2026-09-07
sh600425,青松建化,3.73,0.01,0.269,3.72,3.73,3.72,3.73,3.75,3.69,10515501.0,39144053.0,15:00:02,2026-09-07
sh600426,华鲁恒升,20.32,-0.51,-2.448,20.31,20.32,20.83,20.92,20.93,20.2,43722350.0,891852190.0,15:34:59,2026-09-07
sh600428,中远海特,11.35,-0.31,-2.659,11.35,11.36,11.66,11.65,11.75,11.32,30476963.0,349327933.0,15:34:59,2026-09-07
sh600429,三元股份,4.83,0.13,2.766,4.83,4.84,4.7,4.7,4.85,4.7,15403935.0,73906031.0,15:34:59,2026-09-07
sh600433,冠豪高新,3.36,0.0,0.0,3.36,3.37,3.36,3.36,3.4,3.35,19776294.0,66724739.0,15:34:59,2026-09-07
sh600435,北方导航,11.35,-0.24,-2.071,11.35,11.36,11.59,11.51,11.57,11.27,26638770.0,303062944.0,15:34:59,2026-09-07
sh600436,片仔癀,122.68,-1.07,-0.865,122.67,122.68,123.75,124.4,124.91,122.45,2011954.0,247414053.0,15:00:02,2026-09-07
sh600438,通威股份,11.67,0.28,2.458,11.66,11.67,11.39,11.36,11.69,11.33,34208632.0,396039393.0,15:34:59,2026-09-07
sh600439,ST瑞贝卡,1.94,0.0,0.0,1.94,1.95,1.94,1.94,1.96,1.93,7301200.0,14186165.0,15:00:02,2026-09-07
sh600444,国机通用,14.35,0.09,0.631,14.35,14.39,14.26,14.32,14.45,14.19,2129941.0,30600441.0,15:00:03,2026-09-07
sh600446,金证股份,11.01,-0.17,-1.521,11.01,11.02,11.18,11.15,11.26,10.95,15485706.0,170877612.0,15:00:03,2026-09-07
sh600448,华纺股份,3.03,0.0,0.0,3.03,3.04,3.03,3.02,3.07,3.01,10599940.0,32225933.0,15:00:01,2026-09-07
sh600449,宁夏建材,12.59,0.02,0.159,12.59,12.6,12.57,12.53,12.73,12.42,7175110.0,90389974.0,15:34:59,2026-09-07
sh600452,涪陵电力,9.06,0.01,0.11,9.05,9.06,9.05,9.07,9.1,8.99,17664823.0,159488983.0,15:34:59,2026-09-07
sh600455,博通股份,24.82,0.03,0.121,24.82,24.86,24.79,24.79,25.25,24.79,1265712.0,31684739.0,15:00:04,2026-09-07
sh600456,宝钛股份,26.61,-0.14,-0.523,26.61,26.62,26.75,26.75,26.82,26.4,4168200.0,110765045.0,15:34:59,2026-09-07
sh600458,时代新材,11.61,0.1,0.869,11.6,11.61,11.51,11.52,11.63,11.43,10358633.0,119459169.0,15:34:59,2026-09-07
sh600459,贵研铂业,19.96,-0.1,-0.499,19.96,19.98,20.06,20.01,20.21,19.8,10616439.0,212111601.0,15:34:59,2026-09-07
sh600460,士兰微,30.96,0.62,2.044,30.96,30.97,30.34,30.76,31.21,30.44,57748443.0,1782479563.0,15:34:59,2026-09-07
sh600461,洪城环境,8.89,-0.03,-0.336,8.89,8.9,8.92,8.93,8.94,8.87,10605715.0,94370653.0,15:00:02,2026-09-07
sh600463,空港股份,8.49,0.06,0.712,8.47,8.49,8.43,8.39,8.56,8.36,3071300.0,26080094.0,15:00:03,2026-09-07
sh600467,好当家,2.53,0.08,3.265,2.52,2.53,2.45,2.47,2.54,2.47,62994245.0,158511807.0,15:34:59,2026-09-07
sh600468,百利电气,6.3,0.0,0.0,6.3,6.31,6.3,6.31,6.33,6.2,22423700.0,140367703.0,15:34:59,2026-09-07
sh600469,风神股份,5.21,0.0,0.0,5.21,5.22,5.21,5.23,5.25,5.19,7678274.0,40025201.0,15:00:04,2026-09-07
sh600470,六国化工,6.13,0.08,1.322,6.12,6.13,6.05,6.06,6.18,6.0,18682334.0,114134564.0,15:34:59,2026-09-07
sh600475,华光环能,15.54,0.65,4.365,15.53,15.54,14.89,15.19,15.57,15.01,13625095.0,208949243.0,15:34:59,2026-09-07
sh600476,*ST湘邮,9.96,-0.25,-2.449,9.96,9.97,10.21,10.28,10.28,9.96,1955702.0,19642736.0,15:00:05,2026-09-07
sh600477,杭萧钢构,2.47,-0.01,-0.403,2.47,2.48,2.48,2.47,2.5,2.46,22157272.0,54965741.0,15:34:59,2026-09-07
sh600478,科力远,4.76,0.0,0.0,4.76,4.77,4.76,4.76,4.8,4.74,15771329.0,75247349.0,15:00:04,2026-09-07
sh600479,千金药业,13.86,0.71,5.399,13.86,13.87,13.15,12.9,14.46,12.71,108352910.0,1494441366.0,15:34:59,2026-09-07
sh600480,凌云股份,8.32,0.09,1.094,8.32,8.33,8.23,8.23,8.39,8.23,10155922.0,84515705.0,15:34:59,2026-09-07
sh600481,双良节能,4.34,0.13,3.088,4.33,4.34,4.21,4.22,4.34,4.19,39174036.0,167680955.0,15:34:59,2026-09-07
sh600482,中国动力,35.04,2.06,6.246,35.04,35.05,32.98,33.07,35.08,32.65,30026752.0,1019177538.0,15:34:59,2026-09-07
sh600483,福能股份,10.95,-0.17,-1.529,10.95,10.96,11.12,11.1,11.19,10.83,10972418.0,120497763.0,15:34:59,2026-09-07
sh600486,扬农化工,56.08,0.22,0.394,56.08,56.09,55.86,56.42,56.57,55.56,4191428.0,235224547.0,15:34:59,2026-09-07
sh600487,亨通光电,64.0,1.78,2.861,63.99,64.0,62.22,62.99,64.64,62.22,140685365.0,8934349208.0,15:34:59,2026-09-07
sh600488,津药药业,5.21,0.06,1.165,5.2,5.21,5.15,5.18,5.21,5.12,23468501.0,121838999.0,15:34:59,2026-09-07
sh600489,中金黄金,25.07,-0.53,-2.07,25.07,25.08,25.6,25.05,25.43,24.93,51788907.0,1304185145.0,15:34:59,2026-09-07
sh600490,鹏欣资源,7.49,-0.23,-2.979,7.49,7.5,7.72,7.61,7.64,7.46,40197304.0,303631050.0,15:34:59,2026-09-07
sh600491,ST龙元,1.67,0.07,4.375,1.66,1.67,1.6,1.58,1.68,1.58,61785446.0,100845466.0,15:34:59,2026-09-07
sh600493,凤竹纺织,6.42,0.04,0.627,6.41,6.42,6.38,6.43,6.47,6.35,5043700.0,32321910.0,15:00:05,2026-09-07
sh600495,晋西车轴,4.11,-0.05,-1.202,4.1,4.11,4.16,4.17,4.18,4.09,8098835.0,33302482.0,15:34:59,2026-09-07
sh600496,精工钢构,3.33,-0.01,-0.299,3.32,3.33,3.34,3.35,3.35,3.3,24025100.0,79890757.0,15:00:02,2026-09-07
sh600497,驰宏锌锗,9.86,0.02,0.203,9.86,9.87,9.84,9.84,9.89,9.71,79919305.0,785352508.0,15:34:59,2026-09-07
sh600498,烽火通信,38.99,1.19,3.148,38.99,39.0,37.8,38.36,39.29,38.0,60132420.0,2331458996.0,15:34:59,2026-09-07
sh600499,科达制造,14.59,0.0,0.0,14.58,14.59,14.59,14.5,14.68,14.4,17872600.0,260264780.0,15:34:59,2026-09-07
sh600500,中化国际,5.5,0.11,2.041,5.49,5.5,5.39,5.43,5.57,5.43,87336524.0,481338343.0,15:34:59,2026-09-07
sh600501,航天晨光,14.78,-0.29,-1.924,14.77,14.78,15.07,15.08,15.08,14.72,5713895.0,84686206.0,15:34:59,2026-09-07
sh600502,安徽建工,4.4,-0.06,-1.345,4.4,4.41,4.46,4.47,4.48,4.39,32289000.0,142520027.0,15:34:59,2026-09-07
sh600503,华丽家族,2.22,0.01,0.452,2.22,2.23,2.21,2.2,2.23,2.2,21712500.0,48104958.0,15:00:02,2026-09-07
sh600505,西昌电力,10.54,-0.06,-0.566,10.53,10.54,10.6,10.65,10.65,10.49,3637700.0,38363047.0,15:34:59,2026-09-07
sh600506,统一股份,17.95,-0.51,-2.763,17.95,17.97,18.46,19.0,19.18,17.75,39330159.0,715277252.0,15:34:59,2026-09-07
sh600507,方大特钢,4.21,-0.05,-1.174,4.21,4.22,4.26,4.27,4.27,4.2,19493353.0,82368027.0,15:34:59,2026-09-07
sh600508,上海能源,11.37,0.15,1.337,11.36,11.37,11.22,11.32,11.48,11.05,41684177.0,470399058.0,15:34:59,2026-09-07
sh600509,天富能源,7.39,-0.06,-0.805,7.39,7.4,7.45,7.46,7.48,7.37,12425302.0,92268367.0,15:34:59,2026-09-07
sh600510,黑牡丹,6.8,0.01,0.147,6.79,6.8,6.79,6.79,6.84,6.69,5040174.0,34088710.0,15:00:04,2026-09-07
sh600511,国药股份,26.88,-0.17,-0.628,26.88,26.89,27.05,27.0,27.13,26.76,3817800.0,102705816.0,15:34:59,2026-09-07
sh600512,腾达建设,2.1,0.02,0.962,2.1,2.11,2.08,2.09,2.11,2.07,22415500.0,46890439.0,15:00:05,2026-09-07
sh600513,联环药业,15.31,-0.26,-1.67,15.3,15.31,15.57,15.41,15.67,15.22,8201577.0,125915417.0,15:34:59,2026-09-07
sh600515,海南机场,2.83,0.02,0.712,2.82,2.83,2.81,2.81,2.84,2.79,80892120.0,228156180.0,15:34:59,2026-09-07
sh600516,方大炭素,5.18,-0.03,-0.576,5.18,5.19,5.21,5.19,5.21,5.16,28002749.0,145142927.0,15:34:59,2026-09-07
sh600517,国网英大,5.03,-0.02,-0.396,5.03,5.04,5.05,5.08,5.08,4.99,25802900.0,129733066.0,15:00:04,2026-09-07
sh600518,康美药业,1.38,0.0,0.0,1.38,1.39,1.38,1.38,1.4,1.37,99983002.0,138549046.0,15:34:59,2026-09-07
sh600519,贵州茅台,1316.01,-13.99,-1.052,1316.01,1316.02,1330.0,1324.0,1333.6,1312.66,2524962.0,3336029501.0,15:34:59,2026-09-07
sh600520,三佳科技,25.23,0.78,3.19,25.23,25.24,24.45,25.0,25.98,24.91,9162001.0,231144010.0,15:34:59,2026-09-07
sh600521,华海药业,15.75,-0.24,-1.501,15.74,15.75,15.99,15.96,15.96,15.63,19306424.0,304368444.0,15:34:59,2026-09-07
sh600522,中天科技,32.72,1.02,3.218,32.71,32.72,31.7,32.1,32.85,31.97,126332020.0,4104714812.0,15:34:59,2026-09-07
sh600523,贵航股份,12.04,-0.22,-1.794,12.04,12.05,12.26,12.17,12.33,11.97,4903220.0,59266390.0,15:34:59,2026-09-07
sh600525,长园集团,5.07,-0.03,-0.588,5.06,5.07,5.1,5.08,5.13,5.05,18659320.0,94739207.0,15:34:59,2026-09-07
sh600526,菲达环保,4.68,0.03,0.645,4.67,4.68,4.65,4.67,4.69,4.63,5789600.0,26946911.0,15:34:59,2026-09-07
sh600527,江南高纤,2.26,0.0,0.0,2.26,2.27,2.26,2.25,2.28,2.24,27930120.0,63131060.0,15:00:04,2026-09-07
sh600528,中铁工业,6.94,-0.02,-0.287,6.94,6.95,6.96,6.95,6.98,6.93,5791197.0,40280191.0,15:34:59,2026-09-07
sh600529,山东药玻,18.83,-0.27,-1.414,18.83,18.84,19.1,19.1,19.15,18.75,7936151.0,150133638.0,15:34:59,2026-09-07
sh600530,ST交昂,3.93,0.03,0.769,3.92,3.93,3.9,3.9,3.94,3.86,2660600.0,10388486.0,15:34:59,2026-09-07
sh600531,豫光金铅,12.77,-0.31,-2.37,12.77,12.78,13.08,12.91,12.98,12.75,32091729.0,411572709.0,15:34:59,2026-09-07
sh600533,栖霞建设,2.26,0.01,0.444,2.26,2.27,2.25,2.25,2.29,2.23,13858300.0,31319412.0,15:00:04,2026-09-07
sh600535,天士力,14.62,-0.11,-0.747,14.62,14.64,14.73,14.75,14.87,14.6,11047854.0,161883433.0,15:00:04,2026-09-07
sh600536,中国软件,33.58,0.08,0.239,33.58,33.59,33.5,33.48,33.7,32.97,16332405.0,544869928.0,15:34:59,2026-09-07
sh600537,*ST亿晶,2.18,0.03,1.395,2.17,2.18,2.15,2.14,2.2,2.12,20012500.0,43326458.0,15:34:59,2026-09-07
sh600538,国发股份,5.19,0.02,0.387,5.19,5.2,5.17,5.16,5.33,5.11,11845900.0,61947249.0,15:34:59,2026-09-07
sh600539,狮头股份,14.1,0.02,0.142,14.09,14.1,14.08,14.08,14.24,13.83,11935877.0,167470329.0,15:34:59,2026-09-07
sh600540,新赛股份,6.72,0.61,9.984,6.72,0.0,6.11,6.09,6.72,5.93,185103190.0,1194789393.0,15:34:59,2026-09-07
sh600543,*ST莫高,4.39,0.07,1.62,4.37,4.39,4.32,4.35,4.41,4.3,1964910.0,8581453.0,15:34:59,2026-09-07
sh600545,卓郎智能,4.11,0.04,0.983,4.11,4.12,4.07,4.08,4.28,4.08,60247210.0,249904689.0,15:34:59,2026-09-07
sh600546,山煤国际,12.96,-0.21,-1.595,12.96,12.97,13.17,13.23,13.31,12.8,24600067.0,320270569.0,15:34:59,2026-09-07
sh600547,山东黄金,36.45,-1.45,-3.826,36.45,36.46,37.9,37.04,37.65,36.38,62314162.0,2296222586.0,15:34:59,2026-09-07
sh600548,深高速,8.5,0.03,0.354,8.5,8.51,8.47,8.5,8.55,8.38,4182500.0,35386658.0,15:34:59,2026-09-07
sh600549,厦门钨业,50.3,1.51,3.095,50.3,50.31,48.79,49.58,50.58,49.22,33723152.0,1685156633.0,15:34:59,2026-09-07
sh600550,保变电气,10.97,-0.13,-1.171,10.97,10.98,11.1,11.2,11.2,10.94,19758480.0,217384879.0,15:34:59,2026-09-07
sh600551,时代出版,8.15,0.1,1.242,8.15,8.16,8.05,8.04,8.4,7.94,62850034.0,511750218.0,15:34:59,2026-09-07
sh600552,凯盛科技,17.13,0.51,3.069,17.13,17.14,16.62,16.78,17.26,16.71,36390229.0,619398615.0,15:34:59,2026-09-07
sh600556,天下秀,4.92,0.04,0.82,4.91,4.92,4.88,4.87,4.96,4.8,43560860.0,213980935.0,15:34:59,2026-09-07
sh600557,康缘药业,12.55,0.03,0.24,12.54,12.55,12.52,12.52,12.66,12.47,3844500.0,48305419.0,15:34:59,2026-09-07
sh600558,大西洋,4.79,-0.01,-0.208,4.79,4.8,4.8,4.79,4.83,4.75,6606650.0,31654780.0,15:00:04,2026-09-07
sh600559,老白干酒,11.65,-0.04,-0.342,11.64,11.65,11.69,11.64,11.72,11.55,9427600.0,109490626.0,15:00:02,2026-09-07
sh600560,金自天正,11.51,0.07,0.612,11.48,11.51,11.44,11.34,11.6,11.34,1851300.0,21283750.0,15:00:01,2026-09-07
sh600561,江西长运,6.16,0.03,0.489,6.16,6.17,6.13,6.07,6.19,6.07,3423062.0,21038352.0,15:34:59,2026-09-07
sh600562,国睿科技,28.1,-1.17,-3.997,28.09,28.1,29.27,29.4,29.58,27.65,19968053.0,563195839.0,15:34:59,2026-09-07
sh600563,法拉电子,126.33,2.85,2.308,126.33,126.34,123.48,124.8,127.28,124.6,2699960.0,340885857.0,15:34:59,2026-09-07
sh600566,济川药业,25.74,0.0,0.0,25.74,25.76,25.74,25.72,25.9,25.51,5576151.0,143328548.0,15:34:59,2026-09-07
sh600567,山鹰国际,1.35,0.01,0.746,1.34,1.35,1.34,1.34,1.35,1.34,20245308.0,27244837.0,15:34:59,2026-09-07
sh600568,ST中珠,2.23,0.06,2.765,2.22,2.23,2.17,2.16,2.24,2.15,13381291.0,29672657.0,15:00:05,2026-09-07
sh600569,安阳钢铁,1.8,-0.03,-1.639,1.8,1.81,1.83,1.82,1.83,1.79,16959056.0,30654374.0,15:00:04,2026-09-07
sh600570,恒生电子,21.59,-0.44,-1.997,21.58,21.59,22.03,22.3,22.3,21.46,31195226.0,675717085.0,15:34:59,2026-09-07
sh600571,信雅达,10.9,-0.13,-1.179,10.9,10.91,11.03,11.14,11.19,10.79,7076700.0,77100233.0,15:00:03,2026-09-07
sh600572,康恩贝,4.37,-0.02,-0.456,4.37,4.38,4.39,4.35,4.41,4.34,34095055.0,149359982.0,15:34:59,2026-09-07
sh600573,惠泉啤酒,10.3,0.14,1.378,10.29,10.3,10.16,10.15,10.3,10.08,6164300.0,63057873.0,15:34:59,2026-09-07
sh600575,淮河能源,3.27,-0.02,-0.608,3.27,3.28,3.29,3.3,3.31,3.26,28206800.0,92455496.0,15:34:59,2026-09-07
sh600576,祥源文旅,5.94,0.2,3.484,5.94,5.95,5.74,5.75,6.15,5.73,32461020.0,192428946.0,15:34:59,2026-09-07
sh600577,精达股份,8.01,0.03,0.376,8.01,8.02,7.98,7.93,8.08,7.91,35608450.0,285399197.0,15:34:59,2026-09-07
sh600578,京能电力,5.38,-0.03,-0.555,5.38,5.39,5.41,5.42,5.43,5.35,41149800.0,221332959.0,15:34:59,2026-09-07
sh600579,中化装备,6.95,-0.02,-0.287,6.95,6.96,6.97,6.98,7.01,6.93,2711700.0,18895611.0,15:00:04,2026-09-07
sh600580,卧龙电驱,28.85,0.21,0.733,28.85,28.86,28.64,28.64,29.17,28.58,19455532.0,561753612.0,15:34:59,2026-09-07
sh600581,*ST八钢,2.44,0.01,0.412,2.43,2.44,2.43,2.42,2.45,2.4,5404200.0,13142983.0,15:00:05,2026-09-07
sh600582,天地科技,4.7,-0.04,-0.844,4.7,4.71,4.74,4.73,4.76,4.7,18870049.0,89100945.0,15:00:02,2026-09-07
sh600583,海油工程,6.03,-0.12,-1.951,6.03,6.04,6.15,6.13,6.15,6.0,22715177.0,137694514.0,15:34:59,2026-09-07
sh600584,长电科技,69.0,1.64,2.435,68.99,69.0,67.36,68.59,69.49,67.66,82169643.0,5642632845.0,15:34:59,2026-09-07
sh600585,海螺水泥,17.83,-0.05,-0.28,17.83,17.84,17.88,17.87,17.99,17.75,23795300.0,425303861.0,15:34:59,2026-09-07
sh600586,金晶科技,4.12,-0.01,-0.242,4.12,4.13,4.13,4.14,4.16,4.11,9162043.0,37855432.0,15:00:02,2026-09-07
sh600587,新华医疗,12.63,-0.04,-0.316,12.63,12.64,12.67,12.71,12.71,12.61,3371373.0,42672428.0,15:00:04,2026-09-07
sh600588,用友网络,10.02,-0.17,-1.668,10.02,10.03,10.19,10.15,10.29,9.9,75647121.0,757378567.0,15:34:59,2026-09-07
sh600589,大位科技,8.17,0.03,0.369,8.16,8.17,8.14,8.28,8.28,8.0,72152383.0,584765669.0,15:34:59,2026-09-07
sh600590,泰豪科技,8.61,-0.09,-1.034,8.6,8.61,8.7,8.7,8.78,8.55,17623656.0,151763841.0,15:34:59,2026-09-07
sh600592,龙溪股份,15.2,0.24,1.604,15.19,15.2,14.96,15.0,15.44,14.89,8483929.0,129390609.0,15:34:59,2026-09-07
sh600593,大连圣亚,41.25,-0.11,-0.266,41.25,41.26,41.36,41.15,41.6,40.92,4440376.0,183176600.0,15:34:59,2026-09-07
sh600594,益佰制药,3.72,-0.01,-0.268,3.72,3.73,3.73,3.7,3.78,3.68,25077633.0,93755238.0,15:34:59,2026-09-07
sh600595,中孚实业,6.24,-0.12,-1.887,6.24,6.25,6.36,6.33,6.34,6.2,88186743.0,550064868.0,15:34:59,2026-09-07
sh600596,新安股份,10.98,-0.04,-0.363,10.98,10.99,11.02,11.06,11.12,10.93,35032253.0,385368206.0,15:34:59,2026-09-07
sh600597,光明乳业,7.09,0.03,0.425,7.09,7.1,7.06,7.01,7.13,7.01,9913118.0,70259811.0,15:34:59,2026-09-07
sh600598,北大荒,13.31,0.2,1.526,13.3,13.31,13.11,13.16,13.43,13.13,49244354.0,655756840.0,15:34:59,2026-09-07
sh600600,青岛啤酒,51.47,-0.02,-0.039,51.47,51.48,51.49,51.48,51.74,51.08,3286483.0,168523876.0,15:34:59,2026-09-07
sh600601,方正科技,13.97,0.88,6.723,13.97,13.98,13.09,13.58,14.09,13.27,392783452.0,5382320782.0,15:34:59,2026-09-07
sh600602,云赛智联,17.99,0.1,0.559,17.99,18.0,17.89,17.77,18.05,17.63,16429003.0,293953148.0,15:34:59,2026-09-07
sh600603,广汇物流,4.79,-0.05,-1.033,4.79,4.81,4.84,4.83,4.87,4.77,12295496.0,59234007.0,15:34:59,2026-09-07
sh600604,市北高新,4.82,-0.04,-0.823,4.81,4.82,4.86,4.84,4.86,4.75,18920500.0,90897043.0,15:34:59,2026-09-07
sh600605,汇通能源,28.33,0.3,1.07,28.3,28.33,28.03,28.03,28.61,27.77,4493810.0,126200324.0,15:34:59,2026-09-07
sh600606,绿地控股,1.32,-0.02,-1.493,1.32,1.33,1.34,1.34,1.35,1.31,121043298.0,160404879.0,15:34:59,2026-09-07
sh600609,金杯汽车,3.37,0.02,0.597,3.37,3.38,3.35,3.36,3.39,3.31,16421027.0,55159283.0,15:34:59,2026-09-07
sh600610,中毅达,8.68,0.13,1.52,8.68,8.69,8.55,8.54,8.89,8.43,55139869.0,479959569.0,15:34:59,2026-09-07
sh600611,大众交通,5.01,0.0,0.0,5.01,5.02,5.01,5.04,5.24,4.99,205779463.0,1042262510.0,15:34:59,2026-09-07
sh600612,老凤祥,34.0,0.2,0.592,33.98,34.0,33.8,33.8,34.13,33.41,1458100.0,49370538.0,15:00:04,2026-09-07
sh600613,神奇制药,9.41,0.39,4.324,9.41,9.42,9.02,8.97,9.59,8.88,111502941.0,1033267700.0,15:34:59,2026-09-07
sh600615,鑫源智造,9.82,0.14,1.446,9.8,9.82,9.68,9.74,9.88,9.66,1813200.0,17730796.0,15:00:04,2026-09-07
sh600616,金枫酒业,4.53,-0.09,-1.948,4.53,4.54,4.62,4.57,4.66,4.52,30329392.0,138350204.0,15:34:59,2026-09-07
sh600617,国新能源,3.33,-0.03,-0.893,3.32,3.33,3.36,3.39,3.4,3.29,23435203.0,78132955.0,15:34:59,2026-09-07
sh600618,氯碱化工,10.34,-0.12,-1.147,10.34,10.36,10.46,10.5,10.5,10.31,5607644.0,58114220.0,15:00:02,2026-09-07
sh600619,海立股份,13.71,-0.01,-0.073,13.71,13.72,13.72,13.63,13.85,13.55,10794417.0,148256256.0,15:34:59,2026-09-07
sh600620,天宸股份,4.45,0.02,0.451,4.45,4.46,4.43,4.42,4.48,4.4,4138000.0,18381202.0,15:00:03,2026-09-07
sh600621,华鑫股份,13.47,-0.28,-2.036,13.46,13.47,13.75,13.9,13.9,13.42,13460900.0,182600498.0,15:34:59,2026-09-07
sh600622,光大嘉宝,2.47,0.01,0.407,2.47,2.48,2.46,2.41,2.52,2.39,46671300.0,115113967.0,15:34:59,2026-09-07
sh600623,华谊集团,8.47,-0.13,-1.512,8.47,8.48,8.6,8.56,8.65,8.44,14430751.0,122887766.0,15:00:01,2026-09-07
sh600624,ST复华,4.69,-0.03,-0.636,4.68,4.69,4.72,4.7,4.75,4.62,5112783.0,23946857.0,15:34:59,2026-09-07
sh600626,申达股份,3.65,0.06,1.671,3.65,3.66,3.59,3.61,3.67,3.58,9820826.0,35619489.0,15:00:03,2026-09-07
sh600628,新世界,6.57,0.13,2.019,6.56,6.57,6.44,6.4,6.57,6.4,13802037.0,89965669.0,15:34:59,2026-09-07
sh600629,华建集团,17.87,-0.5,-2.722,17.86,17.87,18.37,18.43,18.79,17.5,60496850.0,1091111504.0,15:34:59,2026-09-07
sh600630,龙头股份,7.09,0.04,0.567,7.08,7.09,7.05,7.02,7.12,7.0,7237590.0,51160588.0,15:34:59,2026-09-07
sh600633,浙数文化,10.57,0.1,0.955,10.57,10.58,10.47,10.5,10.62,10.46,14713101.0,154995867.0,15:34:59,2026-09-07
sh600635,大众公用,4.71,-0.01,-0.212,4.71,4.72,4.72,4.7,4.74,4.68,24475537.0,115158233.0,15:34:59,2026-09-07
sh600637,东方明珠,8.65,0.17,2.005,8.65,8.66,8.48,8.65,8.72,8.52,46263084.0,398085664.0,15:34:59,2026-09-07
sh600638,新黄浦,5.06,0.0,0.0,5.06,5.07,5.06,5.09,5.12,5.03,10105500.0,51167106.0,15:00:05,2026-09-07
sh600639,浦东金桥,9.48,-0.1,-1.044,9.48,9.49,9.58,9.57,9.63,9.47,3644100.0,34712407.0,15:00:04,2026-09-07
sh600640,国脉文化,11.2,-0.01,-0.089,11.2,11.22,11.21,11.17,11.33,11.12,6284596.0,70460564.0,15:34:59,2026-09-07
sh600641,先导基电,31.07,1.43,4.825,31.07,31.08,29.64,30.0,31.42,29.7,48110627.0,1480392679.0,15:34:59,2026-09-07
sh600642,申能股份,8.47,-0.1,-1.167,8.47,8.48,8.57,8.59,8.6,8.43,17216934.0,146222970.0,15:00:02,2026-09-07
sh600643,爱建集团,4.15,-0.02,-0.48,4.15,4.16,4.17,4.18,4.2,4.14,15178865.0,63294320.0,15:34:59,2026-09-07
sh600644,乐山电力,9.01,-0.14,-1.53,9.01,9.02,9.15,9.14,9.23,9.0,15799300.0,142994578.0,15:34:59,2026-09-07
sh600645,中源协和,18.62,0.0,0.0,18.62,18.63,18.62,18.6,18.77,18.51,4804100.0,89665084.0,15:34:59,2026-09-07
sh600648,外高桥,9.27,-0.06,-0.643,9.26,9.27,9.33,9.34,9.36,9.22,1998700.0,18510991.0,15:00:04,2026-09-07
sh600649,城投控股,4.01,-0.05,-1.232,4.01,4.02,4.06,4.08,4.09,3.98,28101043.0,113133085.0,15:00:03,2026-09-07
sh600650,锦江在线,10.98,-0.17,-1.525,10.98,10.99,11.15,11.06,11.3,10.91,9620600.0,106174164.0,15:34:59,2026-09-07
sh600651,飞乐音响,5.52,-0.03,-0.541,5.51,5.52,5.55,5.53,5.59,5.51,11412389.0,63280901.0,15:34:59,2026-09-07
sh600653,申华控股,1.75,0.03,1.744,1.74,1.75,1.72,1.71,1.75,1.71,19169880.0,33275175.0,15:34:59,2026-09-07
sh600654,中安科,3.22,-0.04,-1.227,3.21,3.22,3.26,3.22,3.25,3.18,69924514.0,223732549.0,15:34:59,2026-09-07
sh600655,豫园股份,4.56,0.02,0.441,4.56,4.57,4.54,4.53,4.6,4.52,17654588.0,80548022.0,15:00:03,2026-09-07
sh600657,信达地产,3.33,-0.17,-4.857,3.33,3.34,3.5,3.31,3.43,3.2,202670403.0,668017205.0,15:34:59,2026-09-07
sh600658,电子城,4.23,0.06,1.439,4.23,4.24,4.17,4.16,4.26,4.12,14501225.0,60974145.0,15:34:59,2026-09-07
sh600660,福耀玻璃,55.75,-1.58,-2.756,55.75,55.76,57.33,57.2,57.67,55.51,13229653.0,741341694.0,15:34:59,2026-09-07
sh600661,昂立教育,8.81,0.01,0.114,8.8,8.81,8.8,8.79,8.94,8.74,5994604.0,52916063.0,15:00:03,2026-09-07
sh600662,外服控股,4.27,-0.01,-0.234,4.27,4.28,4.28,4.28,4.3,4.26,9617530.0,41153929.0,15:00:04,2026-09-07
sh600663,陆家嘴,9.02,-0.07,-0.77,9.02,9.03,9.09,9.1,9.14,8.93,17513666.0,158558351.0,15:00:02,2026-09-07
sh600664,哈药股份,8.0,0.22,2.828,7.99,8.0,7.78,7.68,8.16,7.61,382252598.0,3043780596.0,15:34:59,2026-09-07
sh600665,天地源,3.58,-0.07,-1.918,3.58,3.59,3.65,3.6,3.63,3.56,12273500.0,44078954.0,15:00:03,2026-09-07
sh600666,奥瑞德,3.49,-0.01,-0.286,3.49,3.5,3.5,3.5,3.52,3.47,46553424.0,162641357.0,15:34:59,2026-09-07
sh600667,太极实业,17.96,0.74,4.297,17.95,17.96,17.22,17.56,18.23,17.46,180842299.0,3238764654.0,15:34:59,2026-09-07
sh600668,尖峰集团,7.47,-0.01,-0.134,7.47,7.48,7.48,7.55,7.55,7.45,2444560.0,18287499.0,15:00:04,2026-09-07
sh600671,天目药业,21.85,-0.03,-0.137,21.84,21.85,21.88,21.71,22.2,21.53,2203049.0,48250595.0,15:34:59,2026-09-07
sh600673,东阳光,31.66,1.13,3.701,31.65,31.66,30.53,30.53,31.8,30.5,22392226.0,704162841.0,15:34:59,2026-09-07
sh600674,川投能源,15.61,-0.15,-0.952,15.6,15.61,15.76,15.76,15.8,15.48,22502096.0,350795070.0,15:34:59,2026-09-07
sh600675,中华企业,2.3,-0.02,-0.862,2.3,2.31,2.32,2.32,2.32,2.29,35565047.0,81905662.0,15:34:59,2026-09-07
sh600676,久事动娱,6.67,-0.06,-0.892,6.67,6.68,6.73,6.72,6.75,6.63,6418981.0,42816647.0,15:34:59,2026-09-07
sh600678,ST金顶,6.04,-0.22,-3.514,6.04,6.05,6.26,6.27,6.36,5.98,15195401.0,93309710.0,15:34:59,2026-09-07
sh600679,上海凤凰,10.21,0.06,0.591,10.2,10.21,10.15,10.18,10.28,10.14,2393900.0,24418563.0,15:34:59,2026-09-07
sh600681,百川能源,3.51,0.01,0.286,3.5,3.51,3.5,3.51,3.53,3.48,17711303.0,61995776.0,15:34:59,2026-09-07
sh600682,南京新百,5.72,0.11,1.961,5.72,5.73,5.61,5.61,5.77,5.6,12796487.0,73083401.0,15:34:59,2026-09-07
sh600683,京投发展,9.96,0.41,4.293,9.96,9.97,9.55,9.65,10.19,9.55,35191923.0,349637325.0,15:34:59,2026-09-07
sh600684,珠江股份,3.61,-0.05,-1.366,3.61,3.62,3.66,3.67,3.69,3.6,22359378.0,81475196.0,15:34:59,2026-09-07
sh600685,中船防务,27.25,-0.19,-0.692,27.25,27.26,27.44,27.33,27.59,26.95,18402666.0,500663007.0,15:34:59,2026-09-07
sh600686,金龙汽车,11.04,-0.32,-2.817,11.04,11.05,11.36,11.21,11.6,11.02,21722900.0,242347134.0,15:34:59,2026-09-07
sh600688,上海石化,2.84,-0.04,-1.389,2.84,2.85,2.88,2.88,2.89,2.83,66767301.0,190530570.0,15:34:59,2026-09-07
sh600689,上海三毛,12.5,-0.16,-1.264,12.49,12.5,12.66,12.66,13.2,12.3,7125100.0,89245083.0,15:00:03,2026-09-07
sh600690,海尔智家,21.61,-0.39,-1.773,21.61,21.62,22.0,21.99,22.1,21.44,36523109.0,789249313.0,15:34:59,2026-09-07
sh600691,潞化科技,3.05,0.04,1.329,3.05,3.06,3.01,2.96,3.06,2.92,94116774.0,283910249.0,15:34:59,2026-09-07
sh600692,亚通股份,6.6,0.13,2.009,6.58,6.6,6.47,6.46,6.64,6.46,6813862.0,44691398.0,15:34:59,2026-09-07
sh600693,东百集团,11.49,0.56,5.124,11.49,11.5,10.93,10.91,11.76,10.91,157845439.0,1800041467.0,15:34:59,2026-09-07
sh600694,大商股份,14.98,0.08,0.537,14.98,14.99,14.9,15.0,15.03,14.8,6515950.0,97347338.0,15:34:59,2026-09-07
sh600697,欧亚集团,11.56,0.34,3.03,11.56,11.57,11.22,11.22,11.61,11.19,5613568.0,64501992.0,15:34:59,2026-09-07
sh600698,湖南天雁,7.84,-0.07,-0.885,7.84,7.85,7.91,8.22,8.26,7.7,74236415.0,586683223.0,15:34:59,2026-09-07
sh600699,均胜电子,19.57,0.45,2.354,19.56,19.57,19.12,19.1,19.78,19.05,27856804.0,542718270.0,15:34:59,2026-09-07
sh600702,舍得酒业,35.98,0.32,0.897,35.98,35.99,35.66,35.6,36.08,35.27,6158045.0,219962330.0,15:34:59,2026-09-07
sh600703,三安光电,13.05,-0.18,-1.361,13.05,13.06,13.23,13.17,13.33,12.85,129169581.0,1682271002.0,15:34:59,2026-09-07
sh600704,物产中大,4.95,0.0,0.0,4.94,4.95,4.95,4.96,4.98,4.93,34872209.0,172722079.0,15:00:04,2026-09-07
sh600706,曲江文旅,8.82,0.19,2.202,8.82,8.83,8.63,8.76,8.85,8.55,10832616.0,94960007.0,15:34:59,2026-09-07
sh600707,彩虹股份,8.73,0.26,3.07,8.73,8.74,8.47,8.55,8.85,8.54,82681146.0,720461107.0,15:34:59,2026-09-07
sh600708,光明地产,3.07,0.03,0.987,3.07,3.08,3.04,3.03,3.08,3.0,11761645.0,35791432.0,15:00:03,2026-09-07
sh600710,苏美达,10.71,0.01,0.093,10.7,10.71,10.7,10.74,10.82,10.59,9742100.0,104426196.0,15:34:59,2026-09-07
sh600711,盛屯矿业,11.6,0.08,0.694,11.59,11.6,11.52,11.34,11.64,11.28,78787945.0,899688514.0,15:34:59,2026-09-07
sh600712,南宁百货,5.97,0.2,3.466,5.96,5.97,5.77,5.75,6.07,5.75,25642500.0,152396634.0,15:34:59,2026-09-07
sh600713,南京医药,5.27,0.01,0.19,5.26,5.27,5.26,5.25,5.29,5.23,5895620.0,31001170.0,15:00:02,2026-09-07
sh600714,金瑞矿业,23.01,1.53,7.123,23.01,23.02,21.48,21.0,23.5,20.6,46196705.0,1031076474.0,15:34:59,2026-09-07
sh600715,文投控股,1.74,0.04,2.353,1.73,1.74,1.7,1.69,1.75,1.69,44195084.0,76159556.0,15:34:59,2026-09-07
sh600716,凤凰股份,3.71,0.03,0.815,3.71,3.72,3.68,3.7,3.73,3.63,5004327.0,18460832.0,15:00:04,2026-09-07
sh600717,天津港,4.33,-0.03,-0.688,4.33,4.34,4.36,4.36,4.37,4.32,15864864.0,68844459.0,15:00:03,2026-09-07
sh600718,东软集团,8.05,-0.07,-0.862,8.05,8.06,8.12,8.1,8.25,8.01,8626000.0,69567622.0,15:00:02,2026-09-07
sh600719,大连热电,7.6,0.15,2.013,7.59,7.6,7.45,7.47,7.6,7.32,9930480.0,73989560.0,15:34:59,2026-09-07
sh600720,中交设计,5.22,0.02,0.385,5.21,5.22,5.2,5.18,5.23,5.15,7111512.0,36960464.0,15:34:59,2026-09-07
sh600721,百花医药,12.02,0.08,0.67,12.01,12.02,11.94,11.68,12.14,11.5,88105196.0,1050393863.0,15:34:59,2026-09-07
sh600722,金牛化工,17.97,0.77,4.477,17.96,17.97,17.2,17.23,18.4,15.88,145733933.0,2517489607.0,15:34:59,2026-09-07
sh600724,宁波富达,5.15,0.01,0.195,5.14,5.15,5.14,5.15,5.18,5.02,9221300.0,47066114.0,15:34:59,2026-09-07
sh600725,云维股份,3.28,0.0,0.0,3.27,3.28,3.28,3.28,3.3,3.25,9463177.0,30976576.0,15:34:59,2026-09-07
sh600726,华电能源,5.34,-0.01,-0.187,5.33,5.34,5.35,5.38,5.4,5.3,50980644.0,272478847.0,15:34:59,2026-09-07
sh600727,鲁北化工,7.73,0.01,0.13,7.72,7.73,7.72,7.71,7.81,7.62,10829148.0,83556040.0,15:00:03,2026-09-07
sh600728,佳都科技,4.67,-0.07,-1.477,4.67,4.68,4.74,4.75,4.77,4.67,21213789.0,99712226.0,15:00:04,2026-09-07
sh600729,重百集团,19.9,0.38,1.947,19.9,19.91,19.52,19.52,19.95,19.52,6058119.0,120092426.0,15:34:59,2026-09-07
sh600730,*ST高科,9.49,0.03,0.317,9.49,9.5,9.46,9.46,9.65,9.3,5631200.0,53459859.0,15:34:59,2026-09-07
sh600731,湖南海利,5.94,0.1,1.712,5.93,5.94,5.84,5.88,5.95,5.85,6291120.0,37148177.0,15:00:04,2026-09-07
sh600732,爱旭股份,11.07,0.2,1.84,11.06,11.07,10.87,10.89,11.1,10.78,16440875.0,180251680.0,15:34:59,2026-09-07
sh600733,北汽蓝谷,4.92,-0.01,-0.203,4.92,4.93,4.93,4.91,4.99,4.91,48597700.0,239951480.0,15:34:59,2026-09-07
sh600734,*ST实达,1.77,0.04,2.312,1.76,1.77,1.73,1.74,1.77,1.73,28897951.0,50696259.0,15:34:59,2026-09-07
sh600735,ST新华锦,5.95,0.01,0.168,5.95,5.96,5.94,6.06,6.08,5.94,2937300.0,17616643.0,15:00:03,2026-09-07
sh600736,苏州高新,6.68,-0.04,-0.595,6.68,6.69,6.72,6.71,6.73,6.66,14796769.0,98972023.0,15:34:59,2026-09-07
sh600737,中粮糖业,16.51,0.9,5.766,16.51,16.52,15.61,15.97,17.17,15.82,147241006.0,2420438942.0,15:34:59,2026-09-07
sh600738,丽尚国潮,4.48,0.11,2.517,4.47,4.48,4.37,4.35,4.49,4.35,16596701.0,73672159.0,15:00:03,2026-09-07
sh600739,辽宁成大,10.75,-0.17,-1.557,10.75,10.76,10.92,10.91,10.94,10.75,14321795.0,154745671.0,15:34:59,2026-09-07
sh600740,山西焦化,3.81,-0.07,-1.804,3.81,3.82,3.88,3.86,3.87,3.78,27440263.0,104778188.0,15:34:59,2026-09-07
sh600741,华域汽车,15.39,-0.19,-1.22,15.38,15.39,15.58,15.59,15.65,15.35,16699615.0,257474108.0,15:34:59,2026-09-07
sh600742,富维股份,7.81,0.05,0.644,7.81,7.83,7.76,7.8,7.85,7.74,3125971.0,24383725.0,15:00:03,2026-09-07
sh600743,华远控股,2.13,0.0,0.0,2.13,2.14,2.13,2.13,2.15,2.11,23926030.0,50882823.0,15:34:59,2026-09-07
sh600744,华银电力,6.2,-0.01,-0.161,6.19,6.2,6.21,6.21,6.24,6.17,32700545.0,202683690.0,15:34:59,2026-09-07
sh600745,*ST闻泰,18.1,-0.03,-0.165,18.09,18.1,18.13,18.0,18.25,17.9,25275164.0,457497346.0,15:34:59,2026-09-07
sh600746,江苏索普,7.18,0.03,0.42,7.18,7.19,7.15,7.16,7.22,7.05,11798500.0,84147739.0,15:00:04,2026-09-07
sh600748,上实发展,3.86,0.0,0.0,3.85,3.86,3.86,3.84,3.88,3.8,10680400.0,41114041.0,15:00:03,2026-09-07
sh600749,西藏旅游,15.64,0.15,0.968,15.64,15.65,15.49,15.5,15.8,15.23,20382400.0,317848540.0,15:34:59,2026-09-07
sh600750,华润江中,23.22,-0.22,-0.939,23.22,23.23,23.44,23.45,23.64,23.15,4168262.0,96940253.0,15:34:59,2026-09-07
sh600751,海航科技,3.09,-0.02,-0.643,3.09,3.1,3.11,3.13,3.13,3.08,20514292.0,63698410.0,15:34:59,2026-09-07
sh600753,ST海钦,11.17,0.34,3.139,11.15,11.17,10.83,10.87,11.37,10.87,2129256.0,23822781.0,15:00:04,2026-09-07
sh600754,锦江酒店,19.74,0.15,0.766,19.74,19.75,19.59,19.51,19.96,19.43,17620394.0,347777366.0,15:34:59,2026-09-07
sh600755,厦门国贸,5.79,0.02,0.347,5.79,5.8,5.77,5.78,5.82,5.75,16541863.0,95685240.0,15:00:02,2026-09-07
sh600756,浪潮软件,14.35,-0.25,-1.712,14.34,14.35,14.6,14.5,14.68,14.22,8030316.0,115313158.0,15:34:59,2026-09-07
sh600757,长江传媒,7.38,0.05,0.682,7.37,7.38,7.33,7.31,7.39,7.29,9948200.0,73106599.0,15:00:04,2026-09-07
sh600758,辽宁能源,3.64,-0.03,-0.817,3.64,3.65,3.67,3.66,3.69,3.61,40548186.0,147739126.0,15:34:59,2026-09-07
sh600759,ST洲际,2.55,0.02,0.791,2.54,2.55,2.53,2.53,2.57,2.5,97950633.0,247446792.0,15:34:59,2026-09-07
sh600760,中航沈飞,47.11,-1.15,-2.383,47.11,47.12,48.26,48.15,48.15,46.88,17483883.0,826700974.0,15:34:59,2026-09-07
sh600761,安徽合力,16.28,-0.1,-0.611,16.28,16.29,16.38,16.36,16.47,16.27,7588981.0,123912567.0,15:00:00,2026-09-07
sh600763,通策医疗,35.17,-0.34,-0.957,35.17,35.18,35.51,35.44,35.69,35.07,5641320.0,198859919.0,15:34:59,2026-09-07
sh600764,中国海防,18.28,-0.43,-2.298,18.28,18.29,18.71,18.62,18.76,18.26,7193300.0,132278257.0,15:34:59,2026-09-07
sh600765,中航重机,13.46,-0.25,-1.823,13.46,13.47,13.71,13.71,13.71,13.43,17839284.0,240656652.0,15:00:01,2026-09-07
sh600768,富邦新材,15.0,-0.01,-0.067,15.0,15.01,15.01,15.02,15.28,14.92,2809900.0,42410351.0,15:34:59,2026-09-07
sh600769,祥龙电业,15.37,0.48,3.224,15.36,15.37,14.89,14.89,15.47,14.89,7762004.0,118755004.0,15:34:59,2026-09-07
sh600770,综艺股份,5.59,0.51,10.039,5.59,0.0,5.08,5.08,5.59,5.08,42010293.0,225266753.0,15:34:59,2026-09-07
sh600771,广誉远,13.86,0.13,0.947,13.85,13.86,13.73,13.79,13.92,13.68,5444600.0,75244856.0,15:34:59,2026-09-07
sh600773,西藏城投,10.88,0.14,1.304,10.88,10.89,10.74,10.66,10.98,10.51,19333918.0,208661178.0,15:34:59,2026-09-07
sh600774,汉商集团,8.0,0.29,3.761,8.0,8.01,7.71,7.71,8.03,7.65,6783168.0,53840420.0,15:00:04,2026-09-07
sh600775,南京熊猫,9.88,0.0,0.0,9.88,9.89,9.88,9.86,9.92,9.78,9656312.0,95198764.0,15:34:59,2026-09-07
sh600776,东方通信,12.95,-0.14,-1.07,12.94,12.95,13.09,13.09,13.18,12.83,18257782.0,236263544.0,15:34:59,2026-09-07
sh600777,新潮能源,4.04,0.0,0.0,4.03,4.04,4.04,4.05,4.07,4.0,14839500.0,59743691.0,15:34:59,2026-09-07
sh600778,友好集团,5.95,0.18,3.12,5.95,5.96,5.77,5.79,6.03,5.77,14940559.0,88682856.0,15:34:59,2026-09-07
sh600779,水井坊,27.21,0.02,0.074,27.2,27.21,27.19,27.05,27.27,26.88,1575068.0,42661163.0,15:34:59,2026-09-07
sh600780,通宝能源,6.23,-0.1,-1.58,6.23,6.24,6.33,6.33,6.36,6.21,10742659.0,67289192.0,15:00:02,2026-09-07
sh600782,新钢股份,2.75,-0.05,-1.786,2.75,2.76,2.8,2.8,2.8,2.75,33508370.0,92807762.0,15:34:59,2026-09-07
sh600783,鲁信创投,16.02,0.47,3.023,16.01,16.02,15.55,15.5,16.17,15.41,16213980.0,257623154.0,15:34:59,2026-09-07
sh600784,鲁银投资,7.51,-0.07,-0.923,7.51,7.52,7.58,7.48,7.64,7.4,15575800.0,117079237.0,15:34:59,2026-09-07
sh600785,新华百货,12.54,1.14,10.0,12.54,0.0,11.4,11.14,12.54,11.13,74681280.0,905511067.0,15:34:59,2026-09-07
sh600787,中储股份,4.59,0.0,0.0,4.59,4.6,4.59,4.59,4.61,4.56,12913549.0,59271112.0,15:34:59,2026-09-07
sh600789,鲁抗医药,7.63,0.05,0.66,7.63,7.64,7.58,7.6,7.65,7.54,11884259.0,90316128.0,15:34:59,2026-09-07
sh600790,轻纺城,3.43,0.01,0.292,3.43,3.44,3.42,3.43,3.45,3.41,14835009.0,50989856.0,15:34:59,2026-09-07
sh600791,京能置业,8.01,0.73,10.027,8.01,0.0,7.28,7.21,8.01,7.21,23546265.0,184844814.0,15:34:59,2026-09-07
sh600792,云煤能源,4.06,0.08,2.01,4.06,4.07,3.98,4.03,4.09,3.95,41195730.0,165976005.0,15:34:59,2026-09-07
sh600793,宜宾纸业,15.52,0.29,1.904,15.52,15.53,15.23,15.07,15.54,15.02,4565400.0,70073920.0,15:00:02,2026-09-07
sh600794,保税科技,3.27,0.0,0.0,3.27,3.28,3.27,3.26,3.3,3.25,10498700.0,34359242.0,15:00:04,2026-09-07
sh600795,国电电力,5.28,-0.09,-1.676,5.27,5.28,5.37,5.37,5.39,5.25,114542869.0,606388649.0,15:34:59,2026-09-07
sh600796,钱江生化,5.26,0.07,1.349,5.25,5.26,5.19,5.2,5.27,5.16,4994195.0,26147326.0,15:00:02,2026-09-07
sh600797,浙大网新,6.88,-0.08,-1.149,6.88,6.89,6.96,6.95,6.96,6.84,14924500.0,102656895.0,15:34:59,2026-09-07
sh600798,宁波海运,3.43,0.06,1.78,3.43,3.44,3.37,3.4,3.45,3.36,29367609.0,100493760.0,15:34:59,2026-09-07
sh600800,渤海化学,3.45,0.03,0.877,3.45,3.46,3.42,3.44,3.49,3.41,12923036.0,44677228.0,15:00:03,2026-09-07
sh600801,华新建材,24.44,-0.36,-1.452,24.44,24.45,24.8,24.6,25.18,24.4,12126040.0,299956898.0,15:34:59,2026-09-07
sh600802,福建水泥,5.22,0.01,0.192,5.22,5.24,5.21,5.04,5.53,4.92,55139293.0,284920811.0,15:34:59,2026-09-07
sh600803,新奥股份,19.23,-0.03,-0.156,19.2,19.23,19.26,19.28,19.65,19.17,14958055.0,289220163.0,15:00:04,2026-09-07
sh600805,悦达投资,4.59,0.05,1.101,4.58,4.59,4.54,4.58,4.67,4.55,8134780.0,37335848.0,15:00:04,2026-09-07
sh600807,济高发展,2.69,0.0,0.0,2.69,2.7,2.69,2.69,2.72,2.66,11353435.0,30539321.0,15:00:05,2026-09-07
sh600808,马钢股份,2.55,-0.03,-1.163,2.55,2.56,2.58,2.58,2.6,2.55,50148005.0,128691465.0,15:00:05,2026-09-07
sh600809,山西汾酒,123.05,0.49,0.4,123.05,123.06,122.56,122.0,123.79,121.47,6651612.0,813772113.0,15:34:59,2026-09-07
sh600810,神马股份,6.51,-0.04,-0.611,6.5,6.51,6.55,6.56,6.57,6.44,6432632.0,41709411.0,15:34:59,2026-09-07
sh600812,华北制药,4.71,0.02,0.426,4.71,4.72,4.69,4.7,4.74,4.67,7565700.0,35625230.0,15:00:04,2026-09-07
sh600814,杭州解百,7.62,0.42,5.833,7.61,7.62,7.2,7.11,7.84,7.11,36666077.0,273900772.0,15:34:59,2026-09-07
sh600815,厦工股份,4.02,-0.04,-0.985,4.02,4.03,4.06,4.06,4.07,3.84,83314740.0,330805114.0,15:34:59,2026-09-07
sh600816,建元信托,2.48,-0.02,-0.8,2.48,2.49,2.5,2.5,2.51,2.47,74678995.0,185586302.0,15:34:59,2026-09-07
sh600817,宇通重工,9.95,0.02,0.201,9.94,9.95,9.93,9.93,10.0,9.88,1447524.0,14409978.0,15:00:04,2026-09-07
sh600818,ST中路,7.74,0.3,4.032,7.74,7.75,7.44,7.44,7.8,7.44,4154443.0,31977018.0,15:34:59,2026-09-07
sh600819,耀皮玻璃,5.86,-0.12,-2.007,5.85,5.86,5.98,6.04,6.04,5.85,10428197.0,61541645.0,15:34:59,2026-09-07
sh600820,隧道股份,5.44,-0.01,-0.183,5.44,5.45,5.45,5.44,5.5,5.43,21756730.0,118866364.0,15:00:02,2026-09-07
sh600821,金开新能,6.09,0.05,0.828,6.09,6.1,6.04,6.07,6.12,6.03,43189503.0,262189987.0,15:34:59,2026-09-07
sh600822,上海物贸,8.79,0.33,3.901,8.79,8.8,8.46,8.49,9.08,8.48,9680499.0,85358891.0,15:34:59,2026-09-07
sh600824,益民集团,3.87,0.1,2.653,3.86,3.87,3.77,3.78,3.88,3.75,18496890.0,70989603.0,15:34:59,2026-09-07
sh600825,新华传媒,5.31,0.0,0.0,0.0,0.0,5.31,0.0,0.0,0.0,0.0,0.0,15:00:04,2026-09-07
sh600826,兰生股份,7.67,-0.04,-0.519,7.67,7.69,7.71,7.68,7.72,7.63,2865392.0,22016944.0,15:34:59,2026-09-07
sh600827,百联股份,7.98,0.14,1.786,7.98,7.99,7.84,7.83,8.0,7.82,18408083.0,145930286.0,15:34:59,2026-09-07
sh600828,茂业商业,5.08,0.11,2.213,5.08,5.09,4.97,4.82,5.3,4.81,113028669.0,576921137.0,15:34:59,2026-09-07
sh600829,人民同泰,10.14,0.06,0.595,10.14,10.15,10.08,10.1,10.3,10.03,13550396.0,137707496.0,15:34:59,2026-09-07
sh600830,香溢融通,9.51,-0.28,-2.86,9.51,9.52,9.79,9.7,9.83,9.25,62502602.0,590154043.0,15:34:59,2026-09-07
sh600831,广电网络,3.45,0.05,1.471,3.44,3.45,3.4,3.4,3.46,3.37,14969300.0,51118759.0,15:00:05,2026-09-07
sh600833,第一医药,10.67,0.05,0.471,10.67,10.68,10.62,10.66,10.73,10.56,3966800.0,42314251.0,15:34:59,2026-09-07
sh600834,申通地铁,7.84,-0.13,-1.631,7.84,7.85,7.97,7.93,8.02,7.67,4387701.0,34522132.0,15:00:02,2026-09-07
sh600835,上海机电,18.5,0.45,2.493,18.5,18.52,18.05,18.0,18.96,18.0,7350437.0,136999932.0,15:34:59,2026-09-07
sh600838,上海九百,8.95,0.41,4.801,8.94,8.95,8.54,8.47,8.95,8.42,33230788.0,292715810.0,15:34:59,2026-09-07
sh600839,四川长虹,6.94,-0.01,-0.144,6.94,6.95,6.95,6.95,7.0,6.88,46866472.0,325031724.0,15:34:59,2026-09-07
sh600841,动力新科,5.79,-0.01,-0.172,5.79,5.8,5.8,5.81,5.84,5.77,7893000.0,45864535.0,15:34:59,2026-09-07
sh600843,上工申贝,7.2,0.02,0.279,7.2,7.21,7.18,7.25,7.25,7.14,4479300.0,32199809.0,15:34:59,2026-09-07
sh600844,金煤科技,3.59,-0.07,-1.913,3.59,3.6,3.66,3.67,3.69,3.57,57761100.0,208316227.0,15:34:59,2026-09-07
sh600845,宝信软件,17.23,-0.18,-1.034,17.23,17.24,17.41,17.45,17.55,17.2,10911408.0,188837158.0,15:34:59,2026-09-07
sh600846,同济科技,11.83,0.08,0.681,11.83,11.85,11.75,11.82,11.94,11.66,3209748.0,38026481.0,15:00:00,2026-09-07
sh600847,万里股份,12.77,0.09,0.71,12.77,12.79,12.68,12.65,12.94,12.57,1670700.0,21381537.0,15:00:02,2026-09-07
sh600848,上海临港,8.6,-0.05,-0.578,8.6,8.61,8.65,8.61,8.7,8.56,6847212.0,58973277.0,15:00:03,2026-09-07
sh600850,电科数字,14.44,-0.15,-1.028,14.44,14.45,14.59,14.6,14.76,14.4,7544848.0,109423846.0,15:00:03,2026-09-07
sh600851,海欣股份,8.49,-0.01,-0.118,8.49,8.5,8.5,8.48,8.66,8.48,6926687.0,59191365.0,15:34:59,2026-09-07
sh600853,龙建股份,3.37,-0.01,-0.296,3.37,3.38,3.38,3.39,3.4,3.36,7160340.0,24168287.0,15:00:00,2026-09-07
sh600854,春兰股份,4.75,0.0,0.0,4.74,4.75,4.75,4.75,4.77,4.7,5410100.0,25667790.0,15:34:59,2026-09-07
sh600855,航天长峰,12.77,-0.25,-1.92,12.77,12.78,13.02,13.0,13.06,12.73,5994178.0,76863746.0,15:00:00,2026-09-07
sh600857,宁波中百,22.86,2.08,10.01,22.86,0.0,20.78,20.85,22.86,20.41,18651795.0,410465761.0,15:00:02,2026-09-07
sh600858,银座股份,5.22,0.13,2.554,5.21,5.22,5.09,5.09,5.24,5.07,9670540.0,50155848.0,15:34:59,2026-09-07
sh600859,王府井,10.3,0.17,1.678,10.3,10.31,10.13,10.1,10.33,10.08,23791531.0,244302035.0,15:34:59,2026-09-07
sh600860,京城股份,8.44,-0.05,-0.589,8.44,8.46,8.49,8.52,8.56,8.36,4190900.0,35384285.0,15:34:59,2026-09-07
sh600861,北京人力,13.05,0.01,0.077,13.05,13.06,13.04,13.09,13.16,12.97,1671751.0,21847944.0,15:00:00,2026-09-07
sh600862,中航高科,18.16,-0.41,-2.208,18.16,18.17,18.57,18.57,18.6,18.16,15241630.0,278400745.0,15:34:59,2026-09-07
sh600863,华能蒙电,4.65,-0.07,-1.483,4.65,4.66,4.72,4.75,4.77,4.62,87232221.0,407684146.0,15:34:59,2026-09-07
sh600864,哈投股份,5.71,-0.07,-1.211,5.7,5.71,5.78,5.78,5.79,5.68,29703259.0,169889894.0,15:34:59,2026-09-07
sh600865,百大集团,12.49,1.14,10.044,12.49,0.0,11.35,12.47,12.49,12.47,17623450.0,220018385.0,15:34:59,2026-09-07
sh600866,星湖科技,4.42,0.04,0.913,4.42,4.43,4.38,4.39,4.46,4.37,24847202.0,109729376.0,15:34:59,2026-09-07
sh600867,通化东宝,7.98,-0.04,-0.499,7.98,7.99,8.02,8.02,8.03,7.97,10967116.0,87728495.0,15:34:59,2026-09-07
sh600868,梅雁吉祥,2.81,0.0,0.0,2.81,2.82,2.81,2.8,2.83,2.79,20675343.0,58049826.0,15:34:59,2026-09-07
sh600869,远东股份,20.88,-0.32,-1.509,20.87,20.88,21.2,20.98,21.11,20.01,241552872.0,4983835560.0,15:34:59,2026-09-07
sh600871,石化油服,2.23,0.02,0.905,2.23,2.24,2.21,2.22,2.24,2.2,100496576.0,223249368.0,15:34:59,2026-09-07
sh600872,中炬高新,18.45,-0.06,-0.324,18.45,18.46,18.51,18.5,18.78,18.27,8628273.0,159183432.0,15:34:59,2026-09-07
sh600873,梅花生物,7.78,-0.04,-0.512,7.78,7.8,7.82,7.82,7.85,7.72,22037600.0,171271751.0,15:34:59,2026-09-07
sh600874,创业环保,5.62,0.01,0.178,5.62,5.63,5.61,5.63,5.65,5.59,6304700.0,35431724.0,15:34:59,2026-09-07
sh600875,东方电气,24.99,-0.08,-0.319,24.98,24.99,25.07,25.09,25.18,24.66,26163062.0,650697033.0,15:34:59,2026-09-07
sh600876,凯盛新能,7.12,0.07,0.993,7.12,7.13,7.05,7.07,7.14,7.01,2171200.0,15412317.0,15:00:03,2026-09-07
sh600877,电科芯片,11.94,-0.08,-0.666,11.94,11.95,12.02,12.1,12.13,11.94,10260284.0,123167325.0,15:34:59,2026-09-07
sh600879,航天电子,14.26,-0.12,-0.834,14.26,14.27,14.38,14.39,14.46,14.2,46588500.0,665400730.0,15:34:59,2026-09-07
sh600880,博瑞传播,4.16,0.05,1.217,4.16,4.17,4.11,4.14,4.18,4.09,19810523.0,82229231.0,15:34:59,2026-09-07
sh600881,亚泰集团,1.88,0.02,1.075,1.87,1.88,1.86,1.85,1.89,1.83,75600288.0,141558941.0,15:34:59,2026-09-07
sh600882,妙可蓝多,20.86,-0.31,-1.464,20.86,20.87,21.17,21.17,21.43,20.83,5682200.0,119361615.0,15:34:59,2026-09-07
sh600883,博闻科技,8.12,0.14,1.754,8.11,8.12,7.98,7.98,8.19,7.9,5120701.0,41526591.0,15:00:05,2026-09-07
sh600884,杉杉股份,11.55,0.0,0.0,11.55,11.56,11.55,11.55,11.6,11.48,20245582.0,233755538.0,15:34:59,2026-09-07
sh600885,宏发股份,34.81,-0.91,-2.548,34.81,34.82,35.72,35.72,36.04,34.75,18104620.0,641760379.0,15:34:59,2026-09-07
sh600886,国投电力,14.25,0.0,0.0,14.25,14.26,14.25,14.25,14.36,14.11,31947203.0,454201773.0,15:34:59,2026-09-07
sh600887,伊利股份,26.61,-0.25,-0.931,26.61,26.62,26.86,26.83,27.02,26.43,67414502.0,1796711297.0,15:34:59,2026-09-07
sh600888,新疆众和,9.98,0.11,1.114,9.97,9.98,9.87,9.87,10.03,9.82,29559454.0,293787605.0,15:34:59,2026-09-07
sh600889,*ST京化,13.84,0.1,0.728,13.83,13.84,13.74,13.74,13.94,13.63,1469900.0,20265098.0,15:34:59,2026-09-07
sh600892,大晟文化,4.83,-0.08,-1.629,4.83,4.84,4.91,4.73,5.07,4.71,135533000.0,658696586.0,15:34:59,2026-09-07
sh600893,航发动力,38.98,-1.06,-2.647,38.98,38.99,40.04,40.1,40.11,38.7,35225462.0,1375862005.0,15:34:59,2026-09-07
sh600894,广日股份,7.44,0.01,0.135,7.43,7.44,7.43,7.47,7.48,7.4,2492500.0,18538421.0,15:00:04,2026-09-07
sh600895,张江高科,29.4,-0.42,-1.408,29.39,29.4,29.82,29.75,29.81,29.21,15951322.0,468924508.0,15:34:59,2026-09-07
sh600897,厦门空港,15.59,0.11,0.711,15.59,15.6,15.48,15.47,15.61,15.36,3514767.0,54556410.0,15:34:59,2026-09-07
sh600900,长江电力,27.85,-0.57,-2.006,27.85,27.86,28.42,28.4,28.47,27.78,159765966.0,4468951082.0,15:34:59,2026-09-07
sh600901,江苏金租,6.69,-0.05,-0.742,6.68,6.69,6.74,6.74,6.76,6.63,31183314.0,208201984.0,15:34:59,2026-09-07
sh600903,贵州燃气,6.59,-0.16,-2.37,6.58,6.59,6.75,6.76,6.8,6.56,56929180.0,377201905.0,15:34:59,2026-09-07
sh600905,三峡能源,3.68,0.0,0.0,3.68,3.69,3.68,3.68,3.69,3.67,41259355.0,151757607.0,15:34:59,2026-09-07
sh600906,财达证券,6.5,-0.16,-2.402,6.5,6.51,6.66,6.67,6.69,6.49,38805495.0,254512018.0,15:34:59,2026-09-07
sh600908,无锡银行,5.75,-0.06,-1.033,5.74,5.75,5.81,5.81,5.84,5.7,22022919.0,126503667.0,15:00:01,2026-09-07
sh600909,华安证券,8.1,-0.15,-1.818,8.1,8.11,8.25,8.28,8.4,8.08,126830622.0,1036946234.0,15:34:59,2026-09-07
sh600916,中国黄金,7.91,-0.16,-1.983,7.91,7.92,8.07,8.0,8.06,7.9,29527000.0,234461256.0,15:34:59,2026-09-07
sh600917,重庆燃气,4.92,0.02,0.408,4.91,4.92,4.9,4.91,4.92,4.87,4370400.0,21389459.0,15:34:59,2026-09-07
sh600918,中泰证券,5.58,-0.09,-1.587,5.58,5.59,5.67,5.68,5.7,5.57,41155200.0,230918021.0,15:34:59,2026-09-07
sh600919,江苏银行,12.15,-0.13,-1.059,12.15,12.16,12.28,12.28,12.33,12.05,108417989.0,1316621699.0,15:34:59,2026-09-07
sh600925,苏能股份,4.2,0.0,0.0,4.19,4.2,4.2,4.2,4.21,4.16,8798100.0,36770628.0,15:34:59,2026-09-07
sh600926,杭州银行,17.04,-0.21,-1.217,17.04,17.06,17.25,17.27,17.35,16.9,45897249.0,781689110.0,15:34:59,2026-09-07
sh600927,永安期货,12.71,-0.17,-1.32,12.71,12.72,12.88,12.9,12.95,12.68,7494600.0,95553909.0,15:34:59,2026-09-07
sh600928,西安银行,3.51,-0.07,-1.955,3.51,3.52,3.58,3.58,3.59,3.51,25333343.0,89487128.0,15:00:04,2026-09-07
sh600929,雪天盐业,6.04,0.0,0.0,0.0,0.0,6.04,0.0,0.0,0.0,0.0,0.0,15:35:44,2026-09-07
sh600930,华电新能,3.89,-0.02,-0.512,3.89,3.9,3.91,3.9,3.92,3.88,70343200.0,273835438.0,15:34:59,2026-09-07
sh600933,爱柯迪,13.59,0.13,0.966,13.58,13.59,13.46,13.46,13.66,13.34,6629265.0,89821833.0,15:00:04,2026-09-07
sh600935,华塑股份,2.33,0.01,0.431,2.33,2.34,2.32,2.32,2.34,2.31,12564619.0,29199764.0,15:34:59,2026-09-07
sh600936,北投科技,5.37,-0.08,-1.468,5.37,5.38,5.45,5.59,5.6,5.24,86730204.0,471332319.0,15:34:59,2026-09-07
sh600938,中国海油,33.12,-0.29,-0.868,33.11,33.12,33.41,33.44,33.65,32.53,44531383.0,1469411246.0,15:34:59,2026-09-07
sh600939,重庆建工,2.69,-0.01,-0.37,2.69,2.7,2.7,2.72,2.72,2.66,9584267.0,25801405.0,15:00:03,2026-09-07
sh600941,中国移动,98.7,-1.6,-1.595,98.7,98.71,100.3,100.18,100.39,98.0,9708589.0,957869661.0,15:34:59,2026-09-07
sh600955,维远股份,12.69,0.0,0.0,12.69,12.7,12.69,12.69,12.75,12.6,2053685.0,26031484.0,15:00:02,2026-09-07
sh600956,新天绿能,7.15,0.0,0.0,7.15,7.16,7.15,7.16,7.18,7.09,5531203.0,39468022.0,15:34:59,2026-09-07
sh600958,东方证券,9.18,-0.09,-0.971,9.17,9.18,9.27,9.27,9.34,9.16,48380768.0,445366764.0,15:34:59,2026-09-07
sh600959,江苏有线,3.17,0.03,0.955,3.16,3.17,3.14,3.14,3.18,3.12,31780860.0,100090582.0,15:34:59,2026-09-07
sh600960,渤海汽车,4.03,-0.01,-0.248,4.03,4.04,4.04,4.01,4.07,3.99,7618900.0,30741367.0,15:00:04,2026-09-07
sh600961,株冶集团,25.25,-0.12,-0.473,25.25,25.26,25.37,25.16,25.43,24.87,26171449.0,659324621.0,15:34:59,2026-09-07
sh600962,国投中鲁,25.22,-0.57,-2.21,25.21,25.22,25.79,25.8,26.0,25.0,4456900.0,112738796.0,15:34:59,2026-09-07
sh600963,岳阳林纸,3.48,0.05,1.458,3.48,3.49,3.43,3.43,3.52,3.4,30073120.0,104298879.0,15:00:01,2026-09-07
sh600965,*ST福成,2.92,0.01,0.344,2.91,2.92,2.91,2.91,3.0,2.89,7384460.0,21722784.0,15:34:59,2026-09-07
sh600966,博汇纸业,4.83,0.06,1.258,4.82,4.83,4.77,4.79,4.88,4.73,11350100.0,54579906.0,15:34:59,2026-09-07
sh600967,内蒙一机,13.34,-0.32,-2.343,13.34,13.35,13.66,13.66,13.76,13.24,104306271.0,1400858517.0,15:34:59,2026-09-07
sh600968,海油发展,3.9,-0.05,-1.266,3.9,3.91,3.95,3.96,3.97,3.88,42639500.0,167444804.0,15:34:59,2026-09-07
sh600969,郴电国际,10.27,0.09,0.884,10.26,10.27,10.18,10.15,10.45,9.96,24023200.0,246221545.0,15:34:59,2026-09-07
sh600970,中材国际,7.75,-0.05,-0.641,7.75,7.76,7.8,7.8,7.85,7.73,10737365.0,83409205.0,15:00:04,2026-09-07
sh600971,恒源煤电,8.71,-0.23,-2.573,8.71,8.72,8.94,8.81,8.95,8.68,16981427.0,149023110.0,15:00:03,2026-09-07
sh600973,宝胜股份,6.03,-0.04,-0.659,6.02,6.03,6.07,6.07,6.08,5.99,11452037.0,69042391.0,15:34:59,2026-09-07
sh600975,新五丰,5.9,0.31,5.546,5.9,5.91,5.59,5.7,6.14,5.62,121827428.0,710589886.0,15:34:59,2026-09-07
sh600976,健民集团,27.89,-0.16,-0.57,27.88,27.89,28.05,27.93,28.08,27.83,1204500.0,33665913.0,15:00:04,2026-09-07
sh600977,中国电影,13.02,0.33,2.6,13.02,13.03,12.69,12.8,13.1,12.74,37214931.0,482224420.0,15:34:59,2026-09-07
sh600979,广安爱众,3.94,-0.02,-0.505,3.93,3.94,3.96,3.96,3.96,3.91,14174728.0,55838876.0,15:34:59,2026-09-07
sh600980,北矿科技,19.37,0.09,0.467,19.36,19.37,19.28,19.5,19.52,19.14,2002300.0,38803083.0,15:00:04,2026-09-07
sh600981,苏豪汇鸿,2.49,0.01,0.403,2.48,2.49,2.48,2.47,2.5,2.45,16381100.0,40512975.0,15:00:03,2026-09-07
sh600982,宁波能源,4.83,-0.05,-1.025,4.83,4.84,4.88,4.87,4.89,4.81,14667103.0,70938962.0,15:34:59,2026-09-07
sh600983,惠而浦,7.58,-0.03,-0.394,7.57,7.58,7.61,7.64,7.64,7.55,707901.0,5369157.0,15:00:03,2026-09-07
sh600984,建设机械,3.76,0.05,1.348,3.75,3.76,3.71,3.7,3.79,3.65,36530149.0,136243230.0,15:34:59,2026-09-07
sh600985,淮北矿业,16.72,-0.32,-1.878,16.72,16.73,17.04,16.95,17.15,16.48,31514231.0,526412305.0,15:34:59,2026-09-07
sh600986,浙文互联,7.52,-0.04,-0.529,7.51,7.52,7.56,7.53,7.65,7.47,56928490.0,428495282.0,15:34:59,2026-09-07
sh600987,航民股份,6.53,0.01,0.153,6.52,6.53,6.52,6.53,6.55,6.48,5584195.0,36388095.0,15:00:04,2026-09-07
sh600988,赤峰黄金,44.48,-1.21,-2.648,44.48,44.49,45.69,44.5,45.6,44.25,41245907.0,1851247125.0,15:34:59,2026-09-07
sh600989,宝丰能源,23.41,-0.99,-4.057,23.41,23.42,24.4,24.39,24.49,23.31,72488726.0,1716784148.0,15:34:59,2026-09-07
sh600990,四创电子,18.62,-0.27,-1.429,18.62,18.63,18.89,18.85,18.91,18.59,2960369.0,55350436.0,15:00:03,2026-09-07
sh600992,贵绳股份,10.03,0.05,0.501,10.03,10.04,9.98,9.9,10.1,9.9,3154500.0,31559784.0,15:34:59,2026-09-07
sh600993,马应龙,22.85,-0.21,-0.911,22.85,22.86,23.06,23.06,23.18,22.8,3560883.0,81708113.0,15:34:59,2026-09-07
sh600995,南网储能,12.4,-0.08,-0.641,12.4,12.41,12.48,12.49,12.53,12.34,8684830.0,107867901.0,15:34:59,2026-09-07
sh600996,贵广网络,7.1,0.02,0.282,7.1,7.11,7.08,7.07,7.12,7.01,11120367.0,78680123.0,15:34:59,2026-09-07
sh600997,开滦股份,5.41,-0.1,-1.815,5.41,5.42,5.51,5.49,5.54,5.35,10407255.0,56453845.0,15:34:59,2026-09-07
sh600998,九州通,5.07,0.02,0.396,5.07,5.08,5.05,5.06,5.1,5.02,39124064.0,198524272.0,15:34:59,2026-09-07
sh600999,招商证券,18.07,-0.47,-2.535,18.07,18.08,18.54,18.56,18.64,18.07,72762206.0,1324180959.0,15:34:59,2026-09-07
sh601000,唐山港,4.55,-0.14,-2.985,4.55,4.56,4.69,4.68,4.71,4.54,50385834.0,231412284.0,15:34:59,2026-09-07
sh601001,晋控煤业,16.38,-0.44,-2.616,16.38,16.39,16.82,16.67,16.88,16.2,19074691.0,313207172.0,15:34:59,2026-09-07
sh601002,晋亿实业,5.36,-0.04,-0.741,5.35,5.36,5.4,5.41,5.42,5.3,10513746.0,56195093.0,15:34:59,2026-09-07
sh601003,柳钢股份,3.74,-0.03,-0.796,3.74,3.75,3.77,3.74,3.78,3.71,20375099.0,76272567.0,15:34:59,2026-09-07
sh601005,重庆钢铁,1.2,0.0,0.0,1.2,1.21,1.2,1.2,1.21,1.2,31368253.0,37758252.0,15:34:59,2026-09-07
sh601006,大秦铁路,4.79,-0.04,-0.828,4.79,4.8,4.83,4.84,4.84,4.77,110342667.0,529696358.0,15:34:59,2026-09-07
sh601007,金陵饭店,7.24,0.14,1.972,7.23,7.24,7.1,7.05,7.28,7.05,10517800.0,75770753.0,15:34:59,2026-09-07
sh601008,连云港,4.49,0.02,0.447,4.48,4.49,4.47,4.48,4.51,4.44,9962200.0,44658477.0,15:34:59,2026-09-07
sh601009,南京银行,11.93,-0.05,-0.417,11.93,11.94,11.98,11.97,12.03,11.74,67290478.0,798516075.0,15:34:59,2026-09-07
sh601010,ST文峰,1.53,0.02,1.325,1.52,1.53,1.51,1.51,1.54,1.5,11567350.0,17645148.0,15:34:59,2026-09-07
sh601011,宝泰隆,2.88,-0.02,-0.69,2.88,2.89,2.9,2.88,2.9,2.84,39944777.0,114786895.0,15:34:59,2026-09-07
sh601012,隆基绿能,11.88,0.11,0.935,11.88,11.89,11.77,11.8,11.91,11.69,51910150.0,613953695.0,15:34:59,2026-09-07
sh601015,陕西黑猫,3.62,-0.05,-1.362,3.62,3.63,3.67,3.6,3.65,3.56,56098874.0,202161925.0,15:34:59,2026-09-07
sh601016,节能风电,3.33,-0.01,-0.299,3.33,3.34,3.34,3.34,3.35,3.31,52333568.0,174171109.0,15:34:59,2026-09-07
sh601018,宁波港,3.46,-0.01,-0.288,3.46,3.47,3.47,3.46,3.48,3.44,41518150.0,143669160.0,15:34:59,2026-09-07
sh601019,山东出版,7.15,0.03,0.421,7.14,7.15,7.12,7.1,7.19,7.03,13798464.0,97915064.0,15:34:59,2026-09-07
sh601020,华钰矿业,22.0,-0.61,-2.698,22.0,22.01,22.61,22.55,22.55,21.93,20797437.0,460307204.0,15:34:59,2026-09-07
sh601021,春秋航空,44.22,0.33,0.752,44.22,44.23,43.89,43.64,44.35,43.55,5274671.0,232800723.0,15:34:59,2026-09-07
sh601022,宁波远洋,8.39,0.04,0.479,8.38,8.39,8.35,8.43,8.44,8.33,5871400.0,49189654.0,15:00:03,2026-09-07
sh601026,道生天合,14.75,-0.03,-0.203,14.75,14.77,14.78,14.72,14.85,14.68,2258518.0,33328728.0,15:34:59,2026-09-07
sh601033,永兴股份,14.57,-0.06,-0.41,14.57,14.59,14.63,14.65,14.75,14.52,3335250.0,48649531.0,15:00:03,2026-09-07
sh601038,一拖股份,14.82,0.23,1.576,14.81,14.82,14.59,14.71,15.04,14.6,13183600.0,195946522.0,15:34:59,2026-09-07
sh601058,赛轮轮胎,14.35,-1.01,-6.576,14.35,14.36,15.36,15.2,15.32,14.24,98150010.0,1431884790.0,15:34:59,2026-09-07
sh601059,信达证券,17.05,-0.07,-0.409,17.05,17.06,17.12,17.07,17.16,16.9,7979900.0,135816741.0,15:34:59,2026-09-07
sh601061,中信金属,11.33,-0.21,-1.82,11.33,11.34,11.54,11.49,11.58,11.29,11632900.0,132469464.0,15:34:59,2026-09-07
sh601065,江盐集团,6.88,0.0,0.0,6.88,6.89,6.88,6.87,6.91,6.85,3156300.0,21715053.0,15:34:59,2026-09-07
sh601066,中信建投,24.85,-0.43,-1.701,24.85,24.86,25.28,25.27,25.42,24.78,17517434.0,437059165.0,15:34:59,2026-09-07
sh601068,中铝国际,4.53,-0.02,-0.44,4.53,4.55,4.55,4.55,4.58,4.51,6758000.0,30664266.0,15:34:59,2026-09-07
sh601069,西部黄金,29.4,-0.6,-2.0,29.39,29.4,30.0,29.59,30.06,29.37,15122331.0,448778664.0,15:34:59,2026-09-07
sh601077,渝农商行,6.73,-0.19,-2.746,6.73,6.74,6.92,6.91,6.94,6.68,78196810.0,528486963.0,15:34:59,2026-09-07
sh601083,锦江航运,13.14,-0.09,-0.68,13.13,13.14,13.23,13.26,13.4,12.96,11640309.0,153037717.0,15:00:03,2026-09-07
sh601086,国芳集团,13.92,1.27,10.04,13.92,0.0,12.65,12.93,13.92,12.93,59130624.0,808732967.0,15:34:59,2026-09-07
sh601088,中国神华,46.09,-1.52,-3.193,46.09,46.1,47.61,47.5,47.76,45.22,47517719.0,2189300176.0,15:34:59,2026-09-07
sh601089,福元医药,16.08,-0.2,-1.229,16.08,16.09,16.28,16.28,16.33,16.07,2127500.0,34376607.0,15:00:05,2026-09-07
sh601096,宏盛华源,4.17,-0.02,-0.477,4.17,4.18,4.19,4.19,4.2,4.14,13540596.0,56454378.0,15:00:04,2026-09-07
sh601098,中南传媒,10.23,0.07,0.689,10.22,10.23,10.16,10.17,10.28,10.08,12059369.0,122478933.0,15:34:59,2026-09-07
sh601099,太平洋,3.53,-0.05,-1.397,3.53,3.54,3.58,3.58,3.61,3.53,113383700.0,402713111.0,15:34:59,2026-09-07
sh601100,恒立液压,101.03,2.0,2.02,101.03,101.04,99.03,98.9,101.77,98.73,5932016.0,597635715.0,15:34:59,2026-09-07
sh601101,昊华能源,13.37,-0.49,-3.535,13.37,13.38,13.86,13.67,13.79,13.1,35090354.0,469210470.0,15:34:59,2026-09-07
sh601106,中国一重,3.01,-0.02,-0.66,3.01,3.02,3.03,3.05,3.06,3.0,54667700.0,164961406.0,15:34:59,2026-09-07
sh601107,四川成渝,5.79,0.0,0.0,5.79,5.8,5.79,5.77,5.82,5.71,9054300.0,52166197.0,15:00:00,2026-09-07
sh601108,财通证券,8.51,-0.24,-2.743,8.51,8.52,8.75,8.77,8.79,8.5,73721617.0,632478373.0,15:34:59,2026-09-07
sh601111,中国国航,5.86,0.0,0.0,5.86,5.87,5.86,5.83,5.88,5.8,45518077.0,266067056.0,15:34:59,2026-09-07
sh601112,振石股份,15.58,0.11,0.711,15.58,15.59,15.47,15.57,15.62,15.45,2654026.0,41288616.0,15:00:02,2026-09-07
sh601113,华鼎股份,3.48,0.01,0.288,3.47,3.48,3.47,3.48,3.5,3.45,8185100.0,28497306.0,15:00:03,2026-09-07
sh601116,三江购物,11.84,0.48,4.225,11.84,11.85,11.36,11.31,11.85,11.28,40438582.0,471461067.0,15:34:59,2026-09-07
sh601117,中国化学,7.32,-0.1,-1.348,7.31,7.32,7.42,7.4,7.42,7.3,81993099.0,600879844.0,15:34:59,2026-09-07
sh601118,海南橡胶,7.2,0.17,2.418,7.2,7.21,7.03,7.43,7.73,7.08,252358920.0,1871865095.0,15:34:59,2026-09-07
sh601121,宝地矿业,7.24,0.0,0.0,7.23,7.24,7.24,7.25,7.3,7.12,10359500.0,74984492.0,15:34:59,2026-09-07
sh601123,C马矿,17.07,-0.47,-2.68,17.06,17.07,17.54,17.21,17.47,16.89,27722967.0,473606158.0,15:34:59,2026-09-07
sh601126,四方股份,41.29,0.34,0.83,41.29,41.3,40.95,41.77,41.97,40.8,19162906.0,791122017.0,15:34:59,2026-09-07
sh601127,赛力斯,49.24,-0.28,-0.565,49.24,49.25,49.52,49.5,50.12,49.11,13803772.0,681411416.0,15:34:59,2026-09-07
sh601128,常熟银行,6.33,-0.09,-1.402,6.33,6.34,6.42,6.43,6.44,6.3,51322764.0,325795878.0,15:34:59,2026-09-07
sh601133,柏诚股份,23.67,0.39,1.675,23.67,23.69,23.28,23.4,23.94,23.4,7231200.0,171220034.0,15:00:02,2026-09-07
sh601136,首创证券,15.64,0.1,0.644,15.63,15.64,15.54,15.45,16.5,15.41,45763837.0,728553961.0,15:34:59,2026-09-07
sh601137,博威合金,20.7,0.12,0.583,20.7,20.71,20.58,20.62,20.89,20.35,11083699.0,229035854.0,15:34:59,2026-09-07
sh601138,工业富联,66.57,2.88,4.522,66.57,66.58,63.69,64.6,66.88,64.6,174347550.0,11506069535.0,15:34:59,2026-09-07
sh601139,深圳燃气,6.41,-0.04,-0.62,6.41,6.42,6.45,6.45,6.47,6.37,14201030.0,91027021.0,15:34:59,2026-09-07
sh601155,新城控股,12.15,-0.01,-0.082,12.15,12.16,12.16,12.2,12.38,11.97,23643867.0,287654606.0,15:00:04,2026-09-07
sh601156,东航物流,18.96,-0.29,-1.506,18.96,18.97,19.25,19.29,19.42,18.64,12407190.0,235490421.0,15:34:59,2026-09-07
sh601158,重庆水务,4.1,-0.02,-0.485,4.09,4.1,4.12,4.12,4.13,4.08,6589377.0,26989688.0,15:34:59,2026-09-07
sh601162,天风证券,3.76,-0.07,-1.828,3.75,3.76,3.83,3.83,3.85,3.75,187421240.0,708989318.0,15:34:59,2026-09-07
sh601163,三角轮胎,12.36,-0.08,-0.643,12.36,12.37,12.44,12.44,12.45,12.35,2509764.0,31055603.0,15:00:04,2026-09-07
sh601166,兴业银行,18.05,-0.17,-0.933,18.05,18.06,18.22,18.24,18.34,18.01,101810363.0,1846708297.0,15:34:59,2026-09-07
sh601168,西部矿业,38.63,-0.16,-0.412,38.62,38.63,38.79,38.73,38.77,38.08,27009444.0,1038591217.0,15:34:59,2026-09-07
sh601169,北京银行,5.48,-0.12,-2.143,5.48,5.49,5.6,5.6,5.6,5.46,228786027.0,1258173776.0,15:34:59,2026-09-07
sh601177,杭齿前进,13.91,-0.07,-0.501,13.91,13.92,13.98,13.98,14.08,13.88,5352400.0,74726627.0,15:34:59,2026-09-07
sh601179,中国西电,12.51,-0.09,-0.714,12.51,12.52,12.6,12.64,12.67,12.45,56692374.0,709416959.0,15:34:59,2026-09-07
sh601186,中国铁建,6.07,-0.04,-0.655,6.07,6.08,6.11,6.11,6.12,6.06,30425700.0,184849688.0,15:34:59,2026-09-07
sh601187,厦门银行,7.1,-0.1,-1.389,7.1,7.11,7.2,7.21,7.25,7.08,26252184.0,187292778.0,15:00:02,2026-09-07
sh601188,龙江交通,2.94,-0.01,-0.339,2.94,2.95,2.95,2.95,2.96,2.92,10591860.0,31100386.0,15:00:04,2026-09-07
sh601198,东兴证券,14.0,-0.17,-1.2,14.0,14.01,14.17,14.16,14.17,13.95,21246303.0,298113097.0,15:34:59,2026-09-07
sh601199,江南水务,5.79,-0.06,-1.026,5.79,5.8,5.85,5.83,5.93,5.78,7412000.0,43109386.0,15:34:59,2026-09-07
sh601200,上海环境,6.94,-0.02,-0.287,6.94,6.95,6.96,6.97,6.99,6.93,5180713.0,36061537.0,15:34:59,2026-09-07
sh601208,东材科技,49.18,3.05,6.612,49.18,49.19,46.13,47.26,49.74,46.8,65027709.0,3175505808.0,15:34:59,2026-09-07
sh601211,国泰海通,17.48,-0.39,-2.182,17.48,17.49,17.87,17.88,17.98,17.46,91875485.0,1618829236.0,15:34:59,2026-09-07
sh601212,白银有色,7.0,-0.3,-4.11,7.0,7.01,7.3,7.08,7.2,6.93,319071891.0,2257902915.0,15:34:59,2026-09-07
sh601216,君正集团,4.78,-0.04,-0.83,4.78,4.79,4.82,4.82,4.89,4.75,62179843.0,298519196.0,15:34:59,2026-09-07
sh601218,吉鑫科技,4.49,-0.01,-0.222,4.49,4.5,4.5,4.51,4.54,4.48,10953382.0,49354718.0,15:34:59,2026-09-07
sh601222,林洋能源,5.96,0.03,0.506,5.96,5.97,5.93,5.92,5.98,5.87,24454300.0,144998962.0,15:34:59,2026-09-07
sh601225,陕西煤业,25.69,-0.55,-2.096,25.68,25.69,26.24,26.05,26.24,25.26,50480644.0,1293877788.0,15:34:59,2026-09-07
sh601226,华电科工,6.47,-0.01,-0.154,6.46,6.47,6.48,6.5,6.52,6.43,6330171.0,40925186.0,15:34:59,2026-09-07
sh601228,广州港,3.11,-0.01,-0.321,3.11,3.12,3.12,3.11,3.13,3.09,18468200.0,57415177.0,15:34:59,2026-09-07
sh601229,上海银行,9.48,-0.13,-1.353,9.48,9.49,9.61,9.62,9.65,9.43,60008886.0,569743513.0,15:34:59,2026-09-07
sh601231,环旭电子,26.0,1.27,5.135,25.99,26.0,24.73,25.25,26.27,25.22,33648367.0,874700970.0,15:34:59,2026-09-07
sh601233,桐昆股份,24.92,-1.08,-4.154,24.91,24.92,26.0,25.81,25.96,24.7,54196519.0,1360513676.0,15:34:59,2026-09-07
sh601236,红塔证券,7.01,-0.1,-1.406,7.01,7.02,7.11,7.11,7.15,7.0,18202918.0,128494634.0,15:00:01,2026-09-07
sh601238,广汽集团,5.14,-0.03,-0.58,5.14,5.15,5.17,5.17,5.19,5.12,20053300.0,103268280.0,15:34:59,2026-09-07
sh601279,英利汽车,3.43,0.04,1.18,3.43,3.44,3.39,3.4,3.46,3.37,10605967.0,36243685.0,15:00:05,2026-09-07
sh601288,农业银行,6.81,-0.15,-2.155,6.81,6.82,6.96,7.0,7.02,6.79,362760210.0,2490748812.0,15:34:59,2026-09-07
sh601298,青岛港,9.28,0.07,0.76,9.26,9.28,9.21,9.2,9.28,9.14,10157500.0,93613994.0,15:34:59,2026-09-07
sh601311,骆驼股份,7.68,0.02,0.261,7.68,7.69,7.66,7.66,7.69,7.61,7682700.0,58871912.0,15:34:59,2026-09-07
sh601318,中国平安,56.36,-1.88,-3.228,56.36,56.37,58.24,58.24,58.45,56.18,111728897.0,6354283611.0,15:34:59,2026-09-07
sh601319,中国人保,7.85,-0.14,-1.752,7.84,7.85,7.99,7.98,8.13,7.83,132878822.0,1053400405.0,15:34:59,2026-09-07
sh601326,秦港股份,3.54,-0.04,-1.117,3.54,3.55,3.58,3.58,3.59,3.52,20667887.0,73211064.0,15:00:04,2026-09-07
sh601328,交通银行,7.32,-0.1,-1.348,7.32,7.33,7.42,7.42,7.46,7.29,165670786.0,1219302125.0,15:34:59,2026-09-07
sh601330,绿色动力,8.01,0.09,1.136,8.01,8.02,7.92,7.9,8.01,7.84,21303900.0,169256001.0,15:34:59,2026-09-07
sh601333,广深铁路,3.14,0.01,0.319,3.14,3.15,3.13,3.15,3.17,3.11,89868012.0,282045782.0,15:34:59,2026-09-07
sh601336,新华保险,60.68,-1.57,-2.522,60.68,60.69,62.25,62.8,62.81,60.55,25854103.0,1582782580.0,15:34:59,2026-09-07
sh601339,百隆东方,7.44,-0.08,-1.064,7.44,7.45,7.52,7.52,7.64,7.4,10236300.0,76426957.0,15:00:03,2026-09-07
sh601360,三六零,8.97,-0.01,-0.111,8.96,8.97,8.98,8.97,9.06,8.89,86575161.0,773753742.0,15:34:59,2026-09-07
sh601366,利群股份,3.88,0.08,2.105,3.87,3.88,3.8,3.78,3.9,3.77,19168300.0,74062653.0,15:34:59,2026-09-07
sh601368,绿城水务,4.52,-0.01,-0.221,4.52,4.53,4.53,4.53,4.55,4.49,3919900.0,17731045.0,15:00:04,2026-09-07
sh601369,陕鼓动力,8.53,-0.02,-0.234,8.53,8.54,8.55,8.57,8.64,8.52,7752422.0,66437117.0,15:34:59,2026-09-07
sh601375,中原证券,4.06,-0.08,-1.932,4.06,4.07,4.14,4.15,4.16,4.05,51867074.0,212124189.0,15:00:01,2026-09-07
sh601377,兴业证券,5.91,-0.05,-0.839,5.9,5.91,5.96,5.97,5.99,5.86,79912479.0,472141395.0,15:34:59,2026-09-07
sh601388,怡球资源,3.37,-0.03,-0.882,3.36,3.37,3.4,3.39,3.39,3.34,23754652.0,80011497.0,15:34:59,2026-09-07
sh601390,中国中铁,4.35,-0.04,-0.911,4.34,4.35,4.39,4.39,4.4,4.33,94578162.0,411391694.0,15:34:59,2026-09-07
sh601398,工商银行,7.97,-0.16,-1.968,7.97,7.98,8.13,8.15,8.2,7.95,341549255.0,2743356399.0,15:34:59,2026-09-07
sh601399,国机重装,3.18,-0.02,-0.625,3.17,3.18,3.2,3.2,3.22,3.16,48121260.0,152897826.0,15:34:59,2026-09-07
sh601456,国联民生,8.82,-0.11,-1.232,8.82,8.83,8.93,8.96,8.98,8.81,24569600.0,217806749.0,15:00:02,2026-09-07
sh601500,通用股份,3.94,-0.02,-0.505,3.94,3.95,3.96,3.96,3.98,3.93,11662700.0,46118573.0,15:00:04,2026-09-07
sh601512,中新集团,8.53,-0.06,-0.698,8.53,8.54,8.59,8.57,8.68,8.47,3440900.0,29486861.0,15:00:02,2026-09-07
sh601515,衢州东峰,3.31,-0.01,-0.301,3.31,3.32,3.32,3.33,3.34,3.29,9757224.0,32375799.0,15:00:04,2026-09-07
sh601518,吉林高速,2.85,-0.03,-1.042,2.84,2.85,2.88,2.88,2.88,2.83,13575600.0,38613527.0,15:34:59,2026-09-07
sh601519,大智慧,8.74,-0.21,-2.346,8.74,8.75,8.95,8.97,9.0,8.74,37662594.0,332772726.0,15:34:59,2026-09-07
sh601528,瑞丰银行,5.13,-0.05,-0.965,5.13,5.14,5.18,5.17,5.2,5.12,12899200.0,66419780.0,15:00:03,2026-09-07
sh601555,东吴证券,8.37,-0.1,-1.181,8.37,8.38,8.47,8.48,8.5,8.36,35135609.0,295579956.0,15:34:59,2026-09-07
sh601566,九牧王,10.69,0.18,1.713,10.69,10.7,10.51,10.2,10.92,10.2,51935209.0,552026437.0,15:34:59,2026-09-07
sh601567,三星电气,13.47,0.08,0.597,13.47,13.48,13.39,13.4,13.5,13.26,21224848.0,283701451.0,15:34:59,2026-09-07
sh601568,北元化工,3.8,-0.01,-0.262,3.8,3.81,3.81,3.81,3.83,3.79,15896990.0,60630235.0,15:00:03,2026-09-07
sh601577,长沙银行,9.99,-0.06,-0.597,9.98,9.99,10.05,10.03,10.08,9.82,27222471.0,270220864.0,15:00:04,2026-09-07
sh601579,会稽山,23.7,-0.37,-1.537,23.7,23.71,24.07,24.49,25.68,23.2,42304564.0,1018704138.0,15:34:59,2026-09-07
sh601588,北辰实业,1.77,0.0,0.0,1.77,1.78,1.77,1.76,1.78,1.74,26698328.0,47060722.0,15:00:03,2026-09-07
sh601595,上海电影,20.63,1.88,10.027,20.63,0.0,18.75,18.8,20.63,18.62,20472931.0,407571744.0,15:34:59,2026-09-07
sh601598,中国外运,6.56,0.05,0.768,6.56,6.57,6.51,6.51,6.62,6.46,16575934.0,108655972.0,15:34:59,2026-09-07
sh601599,浙文影业,3.32,0.02,0.606,3.31,3.32,3.3,3.28,3.33,3.27,22563600.0,74507142.0,15:34:59,2026-09-07
sh601600,中国铝业,9.54,-0.13,-1.344,9.54,9.55,9.67,9.63,9.64,9.48,124516064.0,1188403967.0,15:34:59,2026-09-07
sh601601,中国太保,33.22,-0.99,-2.894,33.22,33.23,34.21,34.4,34.47,33.1,48541332.0,1626648498.0,15:34:59,2026-09-07
sh601606,长城军工,33.91,-0.9,-2.585,33.91,33.92,34.81,34.82,34.94,33.81,42465261.0,1447956845.0,15:34:59,2026-09-07
sh601607,上海医药,16.55,-0.07,-0.421,16.55,16.56,16.62,16.6,16.68,16.43,8316316.0,137221652.0,15:00:05,2026-09-07
sh601608,中信重工,4.79,-0.01,-0.208,4.79,4.8,4.8,4.81,4.82,4.76,25422252.0,121773319.0,15:34:59,2026-09-07
sh601609,金田股份,13.31,-0.03,-0.225,13.3,13.31,13.34,13.34,13.48,13.01,49179421.0,649525146.0,15:34:59,2026-09-07
sh601611,中国核建,10.72,0.12,1.132,10.72,10.73,10.6,10.65,10.76,10.53,19841522.0,210860240.0,15:34:59,2026-09-07
sh601615,明阳智能,9.35,0.04,0.43,9.35,9.36,9.31,9.32,9.48,9.25,41755806.0,391434949.0,15:34:59,2026-09-07
sh601616,广电电气,3.83,0.01,0.262,3.83,3.84,3.82,3.83,3.85,3.8,9065980.0,34702265.0,15:00:04,2026-09-07
sh601618,中国中冶,2.54,-0.01,-0.392,2.54,2.55,2.55,2.55,2.56,2.53,65405917.0,166582865.0,15:34:59,2026-09-07
sh601619,嘉泽新能,4.11,-0.05,-1.202,4.11,4.12,4.16,4.2,4.23,4.09,24134890.0,99577714.0,15:34:59,2026-09-07
sh601628,中国人寿,38.45,-0.72,-1.838,38.45,38.46,39.17,39.18,39.47,38.27,44212721.0,1712104052.0,15:34:59,2026-09-07
sh601633,长城汽车,14.95,0.01,0.067,14.94,14.95,14.94,14.94,15.0,14.78,11425670.0,169759729.0,15:34:59,2026-09-07
sh601636,旗滨集团,5.91,0.1,1.721,5.91,5.92,5.81,5.82,5.99,5.77,59373279.0,351025872.0,15:34:59,2026-09-07
sh601658,邮储银行,5.39,-0.03,-0.554,5.39,5.4,5.42,5.43,5.46,5.32,266970291.0,1434723829.0,15:34:59,2026-09-07
sh601665,齐鲁银行,7.05,-0.16,-2.219,7.05,7.06,7.21,7.19,7.23,6.99,84278069.0,595506628.0,15:00:03,2026-09-07
sh601666,平煤股份,9.17,-0.13,-1.398,9.16,9.17,9.3,9.29,9.31,8.96,34503421.0,314535514.0,15:34:59,2026-09-07
sh601668,中国建筑,4.35,-0.05,-1.136,4.34,4.35,4.4,4.39,4.41,4.34,220626657.0,962295610.0,15:34:59,2026-09-07
sh601669,中国电建,4.63,0.0,0.0,4.63,4.64,4.63,4.65,4.66,4.62,62754703.0,290982359.0,15:34:59,2026-09-07
sh601677,明泰铝业,16.31,-0.34,-2.042,16.31,16.32,16.65,16.62,16.62,16.31,19520101.0,320523639.0,15:34:59,2026-09-07
sh601678,滨化股份,6.0,-0.01,-0.166,6.0,6.01,6.01,6.01,6.05,5.89,73748984.0,439955223.0,15:34:59,2026-09-07
sh601686,友发集团,5.21,-0.03,-0.573,5.21,5.22,5.24,5.24,5.25,5.18,3400744.0,17693571.0,15:00:04,2026-09-07
sh601688,华泰证券,19.37,-0.19,-0.971,19.37,19.38,19.56,19.6,19.67,19.37,46016677.0,895219976.0,15:34:59,2026-09-07
sh601689,拓普集团,47.06,1.24,2.706,47.06,47.07,45.82,45.93,47.75,45.9,23176874.0,1090298516.0,15:34:59,2026-09-07
sh601696,中银证券,11.93,-0.19,-1.568,11.93,11.94,12.12,12.15,12.23,11.91,45834663.0,550854756.0,15:34:59,2026-09-07
sh601698,中国卫通,23.98,-0.02,-0.083,23.98,23.99,24.0,24.0,24.1,23.7,14691977.0,350933824.0,15:34:59,2026-09-07
sh601699,潞安环能,16.0,-0.5,-3.03,16.0,16.01,16.5,16.47,16.6,15.85,32482033.0,523386449.0,15:34:59,2026-09-07
sh601700,风范股份,7.16,-0.52,-6.771,7.16,7.17,7.68,7.46,7.46,6.95,138135296.0,991250110.0,15:34:59,2026-09-07
sh601702,华峰铝业,15.27,-0.48,-3.048,15.27,15.28,15.75,15.73,15.73,15.23,8477800.0,130688424.0,15:34:59,2026-09-07
sh601717,中创智领,14.33,-0.14,-0.968,14.33,14.34,14.47,14.47,14.6,14.32,12810152.0,184533050.0,15:00:04,2026-09-07
sh601718,ST际华,2.03,0.01,0.495,2.03,2.04,2.02,2.02,2.05,2.0,22603710.0,45813910.0,15:34:59,2026-09-07
sh601727,上海电气,6.71,0.08,1.207,6.7,6.71,6.63,6.7,6.72,6.63,54962781.0,366496086.0,15:34:59,2026-09-07
sh601728,中国电信,6.34,-0.04,-0.627,6.34,6.35,6.38,6.38,6.41,6.3,79437487.0,504089658.0,15:34:59,2026-09-07
sh601766,中国中车,6.22,-0.03,-0.48,6.22,6.23,6.25,6.23,6.27,6.17,96144230.0,596677060.0,15:34:59,2026-09-07
sh601777,千里科技,8.1,0.03,0.372,8.1,8.11,8.07,7.99,8.15,7.99,19304300.0,156512098.0,15:34:59,2026-09-07
sh601778,晶科科技,3.59,0.01,0.279,3.59,3.6,3.58,3.61,3.62,3.56,62638616.0,224924976.0,15:34:59,2026-09-07
sh601788,光大证券,14.47,-0.18,-1.229,14.47,14.48,14.65,14.7,14.75,14.44,21503571.0,312207569.0,15:34:59,2026-09-07
sh601789,宁波建工,4.3,-0.03,-0.693,4.3,4.31,4.33,4.33,4.35,4.28,21259400.0,91304206.0,15:34:59,2026-09-07
sh601798,蓝科高新,7.71,-0.08,-1.027,7.71,7.72,7.79,7.77,7.85,7.7,4691040.0,36295652.0,15:00:04,2026-09-07
sh601799,星宇股份,79.28,2.96,3.878,79.28,79.29,76.32,76.58,80.2,76.58,7636631.0,606337047.0,15:34:59,2026-09-07
sh601800,中国交建,5.95,-0.02,-0.335,5.95,5.96,5.97,5.97,5.99,5.93,25722868.0,153122538.0,15:34:59,2026-09-07
sh601801,皖新传媒,5.4,0.16,3.053,5.4,5.41,5.24,5.26,5.42,5.26,16999500.0,90597757.0,15:34:59,2026-09-07
sh601808,中海油服,12.44,-0.06,-0.48,12.43,12.44,12.5,12.51,12.58,12.34,10560355.0,131452473.0,15:34:59,2026-09-07
sh601811,新华文轩,11.8,0.31,2.698,11.8,11.81,11.49,11.49,11.83,11.43,5687567.0,66260718.0,15:34:59,2026-09-07
sh601816,京沪高铁,4.84,-0.06,-1.224,4.84,4.85,4.9,4.91,4.93,4.83,150577500.0,732003933.0,15:34:59,2026-09-07
sh601818,光大银行,3.01,-0.04,-1.311,3.01,3.02,3.05,3.06,3.06,3.0,203347412.0,614344825.0,15:34:59,2026-09-07
sh601825,沪农商行,8.89,-0.12,-1.332,8.88,8.89,9.01,9.02,9.07,8.83,22553800.0,200976626.0,15:00:02,2026-09-07
sh601827,三峰环境,8.12,0.08,0.995,8.11,8.12,8.04,8.06,8.12,8.02,4621000.0,37317979.0,15:00:04,2026-09-07
sh601828,美凯龙,2.25,0.05,2.273,2.24,2.25,2.2,2.2,2.26,2.19,72176519.0,160624017.0,15:34:59,2026-09-07
sh601838,成都银行,19.4,-0.09,-0.462,19.4,19.44,19.49,19.47,19.55,19.27,23350075.0,452401939.0,15:34:59,2026-09-07
sh601857,中国石油,11.02,-0.15,-1.343,11.02,11.03,11.17,11.2,11.28,10.89,132264958.0,1462336605.0,15:34:59,2026-09-07
sh601858,中国科传,22.04,0.54,2.512,22.04,22.05,21.5,21.47,22.32,21.36,12430383.0,271265586.0,15:34:59,2026-09-07
sh601860,紫金银行,2.61,-0.03,-1.136,2.6,2.61,2.64,2.63,2.64,2.6,51048200.0,133427481.0,15:00:02,2026-09-07
sh601865,福莱特,9.98,0.08,0.808,9.98,9.99,9.9,9.91,10.14,9.87,13354847.0,133861735.0,15:34:59,2026-09-07
sh601866,中远海发,2.44,0.0,0.0,2.44,2.45,2.44,2.44,2.45,2.42,60371397.0,147173593.0,15:34:59,2026-09-07
sh601868,中国能建,2.47,-0.01,-0.403,2.47,2.48,2.48,2.48,2.49,2.47,109207001.0,270287114.0,15:34:59,2026-09-07
sh601869,长飞光纤,400.51,21.71,5.731,400.51,400.53,378.8,390.0,404.0,383.38,12472456.0,4912282839.0,15:34:59,2026-09-07
sh601872,招商轮船,18.69,-0.51,-2.656,18.69,18.7,19.2,19.7,20.05,18.53,123818948.0,2367461871.0,15:34:59,2026-09-07
sh601877,正泰电器,25.76,-0.11,-0.425,25.76,25.77,25.87,25.88,26.22,25.67,16603503.0,428727117.0,15:34:59,2026-09-07
sh601878,浙商证券,9.36,-0.11,-1.162,9.36,9.37,9.47,9.5,9.5,9.35,21823950.0,205137775.0,15:34:59,2026-09-07
sh601880,辽港股份,1.45,-0.02,-1.361,1.45,1.46,1.47,1.46,1.47,1.45,48839267.0,71079753.0,15:00:04,2026-09-07
sh601881,中国银河,12.28,-0.15,-1.207,12.28,12.29,12.43,12.45,12.48,12.25,23381860.0,287974476.0,15:34:59,2026-09-07
sh601882,海天精工,23.35,0.72,3.182,23.34,23.35,22.63,22.76,23.5,22.2,12346700.0,283641495.0,15:34:59,2026-09-07
sh601886,江河集团,13.75,0.29,2.155,13.75,13.76,13.46,13.52,14.0,13.46,18348700.0,251256957.0,15:34:59,2026-09-07
sh601888,中国中免,54.83,0.23,0.421,54.83,54.84,54.6,54.55,55.15,54.06,27389476.0,1499250650.0,15:34:59,2026-09-07
sh601890,亚星锚链,9.11,-0.04,-0.437,9.1,9.11,9.15,9.15,9.35,8.98,38915172.0,354153788.0,15:34:59,2026-09-07
sh601898,中煤能源,14.53,-0.65,-4.282,14.53,14.54,15.18,15.1,15.2,14.31,56044756.0,819066811.0,15:34:59,2026-09-07
sh601899,紫金矿业,32.87,-0.48,-1.439,32.87,32.88,33.35,32.7,33.22,32.61,149559680.0,4930784380.0,15:34:59,2026-09-07
sh601900,南方传媒,12.62,0.17,1.365,12.62,12.63,12.45,12.32,12.75,12.32,15726734.0,197622380.0,15:34:59,2026-09-07
sh601901,方正证券,6.86,-0.06,-0.867,6.86,6.87,6.92,6.93,6.96,6.85,39098300.0,268868880.0,15:34:59,2026-09-07
sh601908,京运通,2.97,0.0,0.0,2.97,2.98,2.97,2.97,2.99,2.95,17860400.0,53102541.0,15:34:59,2026-09-07
sh601916,浙商银行,2.94,-0.03,-1.01,2.93,2.94,2.97,2.97,2.98,2.92,155533361.0,456798779.0,15:34:59,2026-09-07
sh601918,新集能源,10.31,-0.17,-1.622,10.31,10.32,10.48,10.4,10.58,10.26,33207006.0,344208240.0,15:34:59,2026-09-07
sh601919,中远海控,16.0,-0.06,-0.374,16.0,16.01,16.06,16.11,16.26,15.9,85322579.0,1373990052.0,15:34:59,2026-09-07
sh601921,XD浙版传,7.59,0.16,2.153,7.58,7.59,7.43,7.43,7.6,7.42,10973600.0,82519166.0,15:34:59,2026-09-07
sh601928,凤凰传媒,8.78,0.13,1.503,8.77,8.78,8.65,8.63,8.83,8.6,14502720.0,126337820.0,15:34:59,2026-09-07
sh601929,吉视传媒,2.56,0.04,1.587,2.56,2.57,2.52,2.5,2.58,2.5,133514082.0,339658232.0,15:34:59,2026-09-07
sh601933,永辉超市,3.29,0.13,4.114,3.28,3.29,3.16,3.16,3.3,3.15,332544569.0,1080548495.0,15:34:59,2026-09-07
sh601939,建设银行,10.71,-0.27,-2.459,10.7,10.71,10.98,11.0,11.04,10.66,136632368.0,1472395287.0,15:34:59,2026-09-07
sh601949,中国出版,6.41,0.58,9.949,6.41,0.0,5.83,6.11,6.41,5.88,129565767.0,794651255.0,15:34:59,2026-09-07
sh601952,苏垦农发,9.63,0.31,3.326,9.63,9.64,9.32,9.32,9.68,9.3,38317222.0,365553202.0,15:34:59,2026-09-07
sh601956,东贝集团,5.02,0.02,0.4,5.01,5.02,5.0,4.99,5.04,4.97,4620500.0,23121935.0,15:00:02,2026-09-07
sh601958,金钼股份,21.09,0.11,0.524,21.09,21.1,20.98,21.17,21.18,20.88,18007401.0,378868472.0,15:34:59,2026-09-07
sh601963,重庆银行,11.06,-0.28,-2.469,11.06,11.09,11.34,11.34,11.37,11.06,12682755.0,141580117.0,15:34:59,2026-09-07
sh601965,中国汽研,13.82,-0.23,-1.637,13.82,13.83,14.05,14.05,14.1,13.75,6684400.0,92651592.0,15:34:59,2026-09-07
sh601966,玲珑轮胎,10.72,-0.03,-0.279,10.72,10.73,10.75,10.78,10.79,10.66,7176538.0,76892661.0,15:00:03,2026-09-07
sh601968,宝钢包装,4.63,-0.01,-0.216,4.63,4.64,4.64,4.64,4.68,4.59,7289000.0,33801050.0,15:00:03,2026-09-07
sh601969,海南矿业,9.42,-0.1,-1.05,9.42,9.43,9.52,9.52,9.55,9.41,11523649.0,108995753.0,15:34:59,2026-09-07
sh601975,招商南油,4.45,-0.03,-0.67,4.45,4.46,4.48,4.52,4.57,4.42,183110756.0,821500925.0,15:34:59,2026-09-07
sh601985,中国核电,8.91,-0.17,-1.872,8.91,8.92,9.08,9.09,9.13,8.88,109569673.0,980656258.0,15:34:59,2026-09-07
sh601988,中国银行,6.44,-0.13,-1.979,6.43,6.44,6.57,6.59,6.62,6.42,288777341.0,1871318928.0,15:34:59,2026-09-07
sh601990,南京证券,6.79,-0.06,-0.876,6.79,6.8,6.85,6.86,6.88,6.78,20716800.0,141318400.0,15:34:59,2026-09-07
sh601991,大唐发电,5.6,0.02,0.358,5.59,5.6,5.58,5.6,5.6,5.52,129306935.0,720413710.0,15:34:59,2026-09-07
sh601992,金隅集团,1.4,-0.01,-0.709,1.4,1.41,1.41,1.41,1.42,1.4,22748400.0,31995801.0,15:34:59,2026-09-07
sh601995,中金公司,33.45,-0.45,-1.327,33.45,33.46,33.9,34.05,34.07,33.37,19827061.0,665310070.0,15:34:59,2026-09-07
sh601996,丰林集团,2.86,0.04,1.418,2.86,2.87,2.82,2.82,2.87,2.79,25204600.0,71589588.0,15:34:59,2026-09-07
sh601997,贵阳银行,5.54,-0.08,-1.423,5.53,5.54,5.62,5.63,5.64,5.52,61677734.0,342560871.0,15:34:59,2026-09-07
sh601998,中信银行,8.74,-0.15,-1.687,8.74,8.75,8.89,8.9,8.93,8.68,76042244.0,666940153.0,15:34:59,2026-09-07
sh601999,出版传媒,7.29,0.14,1.958,7.29,7.3,7.15,6.8,7.46,6.77,67267070.0,476575318.0,15:34:59,2026-09-07
sh603000,人民网,17.1,0.34,2.029,17.09,17.1,16.76,16.8,17.16,16.68,18614333.0,314971942.0,15:34:59,2026-09-07
sh603001,奥康国际,9.22,0.25,2.787,9.22,9.23,8.97,8.97,9.26,8.86,12232200.0,111156576.0,15:34:59,2026-09-07
sh603002,宏昌电子,16.32,1.21,8.008,16.32,16.33,15.11,15.2,16.62,15.12,99176872.0,1592122812.0,15:34:59,2026-09-07
sh603004,鼎龙科技,19.05,0.06,0.316,19.04,19.05,18.99,19.65,19.65,18.91,1713909.0,32821867.0,15:34:59,2026-09-07
sh603005,晶方科技,29.15,0.25,0.865,29.15,29.16,28.9,29.26,29.45,28.6,23793281.0,693235827.0,15:34:59,2026-09-07
sh603006,联明股份,11.24,0.44,4.074,11.24,11.25,10.8,10.86,11.3,10.75,4430900.0,49165032.0,15:34:59,2026-09-07
sh603007,顺景科技,5.14,0.0,0.0,5.14,5.15,5.14,5.18,5.22,5.13,19466141.0,100550115.0,15:34:59,2026-09-07
sh603008,ST喜临门,8.97,0.07,0.787,8.97,8.98,8.9,8.97,8.98,8.85,4603700.0,41063258.0,15:34:59,2026-09-07
sh603009,北特科技,48.84,4.44,10.0,48.84,0.0,44.4,44.66,48.84,44.64,14251530.0,682690390.0,15:34:59,2026-09-07
sh603010,万盛股份,11.42,-0.18,-1.552,11.42,11.44,11.6,11.64,11.76,11.4,6023000.0,69519193.0,15:34:59,2026-09-07
sh603011,合锻智能,26.33,2.13,8.802,26.32,26.33,24.2,24.39,26.62,24.18,67525418.0,1736962829.0,15:34:59,2026-09-07
sh603012,创力集团,10.11,0.03,0.298,10.11,10.12,10.08,10.19,10.88,10.03,50426394.0,522479440.0,15:34:59,2026-09-07
sh603013,亚普股份,14.84,0.03,0.203,14.84,14.85,14.81,14.83,14.94,14.71,3121500.0,46307302.0,15:00:04,2026-09-07
sh603014,威高血净,31.26,-0.08,-0.255,31.24,31.26,31.34,31.32,31.46,31.06,888006.0,27788425.0,15:00:04,2026-09-07
sh603015,弘讯科技,10.9,-0.02,-0.183,10.9,10.93,10.92,10.92,11.08,10.81,2975121.0,32472408.0,15:34:59,2026-09-07
sh603016,新宏泰,32.18,-0.82,-2.485,32.18,32.19,33.0,33.18,33.26,31.85,5657600.0,182761653.0,15:34:59,2026-09-07
sh603017,中衡设计,10.04,0.09,0.905,10.04,10.05,9.95,10.0,10.09,9.92,2998100.0,30043642.0,15:00:02,2026-09-07
sh603018,华设集团,5.33,0.02,0.377,5.32,5.33,5.31,5.33,5.34,5.26,5936188.0,31485617.0,15:00:03,2026-09-07
sh603019,中科曙光,83.38,0.69,0.834,83.38,83.39,82.69,83.0,83.56,81.88,20930739.0,1735339334.0,15:34:59,2026-09-07
sh603020,爱普股份,10.41,0.19,1.859,10.4,10.41,10.22,10.4,10.72,10.32,6855200.0,71633841.0,15:34:59,2026-09-07
sh603021,*ST华鹏,5.91,0.1,1.721,5.91,5.92,5.81,5.8,5.97,5.62,4840800.0,28239700.0,15:00:03,2026-09-07
sh603022,新通联,9.17,0.02,0.219,9.17,9.19,9.15,9.14,9.27,9.1,2215350.0,20357704.0,15:00:03,2026-09-07
sh603023,威帝股份,4.2,-0.11,-2.552,4.19,4.2,4.31,4.27,4.3,4.17,15009654.0,63345704.0,15:34:59,2026-09-07
sh603025,大豪科技,13.53,0.1,0.745,13.53,13.54,13.43,13.45,13.72,13.43,7085428.0,95991340.0,15:34:59,2026-09-07
sh603026,石大胜华,61.31,0.7,1.155,61.31,61.33,60.61,60.6,62.28,59.82,4930541.0,302688598.0,15:34:59,2026-09-07
sh603027,千禾味业,7.56,0.06,0.8,7.55,7.56,7.5,7.47,7.56,7.45,12856079.0,96759060.0,15:34:59,2026-09-07
sh603028,赛福天,7.14,0.14,2.0,7.13,7.14,7.0,6.95,7.16,6.95,4162690.0,29568236.0,15:00:04,2026-09-07
sh603029,天鹅股份,17.21,0.54,3.239,17.21,17.22,16.67,17.1,17.36,16.81,6070100.0,103736471.0,15:00:03,2026-09-07
sh603030,全筑股份,2.24,0.12,5.66,2.23,2.24,2.12,2.13,2.33,2.12,91837900.0,206159665.0,15:34:59,2026-09-07
sh603031,安孚科技,42.19,2.75,6.973,42.19,42.2,39.44,39.44,42.6,39.44,15823330.0,658307970.0,15:34:59,2026-09-07
sh603032,德新科技,19.57,0.36,1.874,19.56,19.57,19.21,19.2,19.74,19.05,7778933.0,151572837.0,15:34:59,2026-09-07
sh603033,三维股份,7.32,-0.1,-1.348,7.32,7.33,7.42,7.45,7.49,7.31,4581371.0,33897719.0,15:34:59,2026-09-07
sh603035,常熟汽饰,10.78,0.02,0.186,10.78,10.79,10.76,10.71,10.81,10.59,3777326.0,40492601.0,15:00:03,2026-09-07
sh603036,如通股份,13.89,-0.26,-1.837,13.89,13.9,14.15,14.09,14.15,13.71,7898600.0,109692419.0,15:34:59,2026-09-07
sh603037,凯众股份,10.35,0.03,0.291,10.35,10.36,10.32,10.26,10.44,10.25,2710400.0,28080912.0,15:00:03,2026-09-07
sh603038,华立股份,16.13,0.01,0.062,16.13,16.16,16.12,16.12,16.29,15.9,5190400.0,83408115.0,15:00:01,2026-09-07
sh603039,泛微网络,38.64,-0.96,-2.424,38.64,38.65,39.6,39.67,40.28,38.36,15831200.0,615516107.0,15:34:59,2026-09-07
sh603040,新坐标,50.46,1.38,2.812,50.46,50.49,49.08,49.8,50.99,49.01,1871024.0,94326941.0,15:34:59,2026-09-07
sh603041,美思德,11.36,0.09,0.799,11.36,11.39,11.27,11.25,11.51,11.2,2418700.0,27548923.0,15:00:04,2026-09-07
sh603042,华脉科技,15.43,1.4,9.979,15.43,0.0,14.03,14.04,15.43,14.03,11150892.0,166435009.0,15:34:59,2026-09-07
sh603043,广州酒家,14.1,0.18,1.293,14.1,14.11,13.92,13.92,14.17,13.87,5274354.0,74297405.0,15:34:59,2026-09-07
sh603045,福达合金,50.32,0.34,0.68,50.32,50.33,49.98,49.0,50.88,48.8,8491486.0,424457193.0,15:34:59,2026-09-07
sh603048,浙江黎明,23.71,0.06,0.254,23.71,23.74,23.65,23.53,24.13,23.52,1705764.0,40618333.0,15:00:03,2026-09-07
sh603049,中策橡胶,48.08,-2.09,-4.166,48.08,48.1,50.17,50.26,50.26,48.03,4601500.0,224400017.0,15:00:03,2026-09-07
sh603050,科林电气,18.32,-0.18,-0.973,18.32,18.33,18.5,18.55,18.64,18.08,2996684.0,54727953.0,15:34:59,2026-09-07
sh603051,鹿山新材,21.14,-0.04,-0.189,21.12,21.14,21.18,21.15,21.36,21.06,2880960.0,61053934.0,15:00:02,2026-09-07
sh603052,可川科技,58.3,3.22,5.846,58.29,58.3,55.08,55.99,59.15,55.54,4738800.0,272896363.0,15:34:59,2026-09-07
sh603053,成都燃气,8.83,-0.04,-0.451,8.82,8.83,8.87,8.89,8.89,8.79,1574400.0,13883149.0,15:34:59,2026-09-07
sh603055,台华新材,9.43,0.05,0.533,9.43,9.45,9.38,9.42,9.55,9.26,7958888.0,75287643.0,15:00:03,2026-09-07
sh603057,紫燕食品,20.55,-0.14,-0.677,20.52,20.55,20.69,20.72,20.76,20.0,2657572.0,54239507.0,15:34:59,2026-09-07
sh603058,永吉股份,9.77,-0.33,-3.267,9.77,9.78,10.1,10.01,10.16,9.74,19006800.0,187896894.0,15:34:59,2026-09-07
sh603059,倍加洁,25.39,0.37,1.479,25.32,25.39,25.02,25.04,25.39,24.6,1090300.0,27396476.0,15:34:59,2026-09-07
sh603060,国检集团,5.57,0.0,0.0,5.57,5.58,5.57,5.62,5.64,5.54,4088122.0,22753706.0,15:34:59,2026-09-07
sh603061,金海通,322.51,14.2,4.606,322.5,322.51,308.31,315.0,324.94,309.0,3436956.0,1095380637.0,15:34:59,2026-09-07
sh603062,麦加芯彩,37.57,-0.61,-1.598,37.57,37.68,38.18,38.18,38.26,37.39,285300.0,10800454.0,15:00:00,2026-09-07
sh603063,禾望电气,31.7,0.76,2.456,31.69,31.7,30.94,30.93,32.06,30.73,17919625.0,563858061.0,15:34:59,2026-09-07
sh603065,宿迁联盛,14.61,0.26,1.812,14.61,14.62,14.35,14.5,14.78,14.24,21473190.0,313649220.0,15:34:59,2026-09-07
sh603066,音飞储存,9.22,0.09,0.986,9.21,9.22,9.13,9.13,9.24,9.12,3821800.0,35120110.0,15:34:59,2026-09-07
sh603067,振华股份,38.15,1.2,3.248,38.14,38.15,36.95,37.02,39.6,36.89,61491926.0,2361280540.0,15:34:59,2026-09-07
sh603068,博通集成,39.42,-0.28,-0.705,39.42,39.43,39.7,40.01,40.08,38.75,8611100.0,338312511.0,15:34:59,2026-09-07
sh603069,海汽集团,13.98,0.1,0.72,13.98,13.99,13.88,13.92,14.19,13.76,5758676.0,80114557.0,15:00:03,2026-09-07
sh603070,万控智造,11.89,0.08,0.677,11.88,11.89,11.81,12.0,12.0,11.78,1642366.0,19469171.0,15:00:03,2026-09-07
sh603071,物产环能,12.63,-0.06,-0.473,12.62,12.63,12.69,12.69,12.72,12.56,2062300.0,26001031.0,15:34:59,2026-09-07
sh603072,天和磁材,31.7,0.09,0.285,31.7,31.71,31.61,31.71,31.77,31.37,1004000.0,31752863.0,15:34:59,2026-09-07
sh603073,彩蝶实业,17.14,0.16,0.942,17.14,17.15,16.98,17.08,17.23,16.87,1233100.0,21122717.0,15:00:04,2026-09-07
sh603075,热威股份,19.03,-0.12,-0.627,19.02,19.03,19.15,19.15,19.3,19.02,1366100.0,26094562.0,15:00:03,2026-09-07
sh603076,乐惠国际,21.02,0.15,0.719,21.01,21.02,20.87,21.03,21.17,20.82,1129499.0,23729762.0,15:00:03,2026-09-07
sh603077,和邦生物,2.3,0.0,0.0,2.3,2.31,2.3,2.31,2.33,2.28,118839309.0,273827175.0,15:34:59,2026-09-07
sh603078,江化微,32.69,1.16,3.679,32.69,32.7,31.53,31.94,33.11,31.57,16059558.0,519595540.0,15:34:59,2026-09-07
sh603079,圣达生物,13.08,0.2,1.553,13.08,13.09,12.88,12.82,13.17,12.79,5011692.0,65402004.0,15:34:59,2026-09-07
sh603080,新疆火炬,20.29,-0.28,-1.361,20.29,20.3,20.57,20.7,20.72,20.2,1411700.0,28701638.0,15:00:05,2026-09-07
sh603081,大丰实业,9.94,-0.11,-1.095,9.94,9.97,10.05,10.05,10.07,9.94,2411400.0,24089113.0,15:34:59,2026-09-07
sh603082,北自科技,46.91,3.06,6.978,46.9,46.91,43.85,43.85,47.13,43.8,7180765.0,329612185.0,15:34:59,2026-09-07
sh603083,剑桥科技,207.21,18.84,10.002,207.21,0.0,188.37,206.0,207.21,202.34,17157124.0,3544718637.0,15:34:59,2026-09-07
sh603085,天成自控,10.03,-0.1,-0.987,10.02,10.03,10.13,10.24,10.25,10.0,4677100.0,47109099.0,15:34:59,2026-09-07
sh603086,先达股份,6.26,0.11,1.789,6.25,6.26,6.15,6.15,6.29,6.15,15064300.0,93996996.0,15:34:59,2026-09-07
sh603087,甘李药业,69.12,-0.98,-1.398,69.12,69.13,70.1,69.85,69.85,69.0,4668004.0,323833893.0,15:34:59,2026-09-07
sh603088,宁波精达,10.23,0.0,0.0,10.23,10.24,10.23,10.23,10.28,10.1,6507600.0,66402361.0,15:00:03,2026-09-07
sh603089,正裕工业,9.8,0.1,1.031,9.79,9.8,9.7,9.68,9.92,9.65,4522535.0,44301239.0,15:34:59,2026-09-07
sh603090,宏盛股份,42.83,0.38,0.895,42.82,42.83,42.45,42.53,43.4,41.26,10632800.0,452664996.0,15:34:59,2026-09-07
sh603091,众鑫股份,50.0,-1.9,-3.661,49.99,50.0,51.9,51.68,51.91,49.87,821246.0,41681902.0,15:34:59,2026-09-07
sh603092,德力佳,42.18,0.5,1.2,42.17,42.18,41.68,41.77,42.3,41.22,1065993.0,44602068.0,15:34:59,2026-09-07
sh603093,南华期货,13.14,-0.35,-2.595,13.13,13.14,13.49,13.42,13.78,13.11,16906400.0,224841083.0,15:34:59,2026-09-07
sh603095,越剑智能,14.98,-0.3,-1.963,14.98,14.99,15.28,15.25,15.58,14.88,8202239.0,123806763.0,15:34:59,2026-09-07
sh603096,新经典,15.84,0.13,0.827,15.84,15.85,15.71,15.63,16.05,15.63,2259519.0,35773704.0,15:00:02,2026-09-07
sh603097,江苏华辰,19.21,0.21,1.105,19.21,19.23,19.0,19.19,19.37,18.92,1591485.0,30465413.0,15:00:04,2026-09-07
sh603098,森特股份,11.26,0.41,3.779,11.26,11.27,10.85,10.8,11.29,10.71,7779310.0,85818878.0,15:34:59,2026-09-07
sh603099,长白山,39.04,0.54,1.403,39.04,39.05,38.5,38.61,39.29,38.52,6276348.0,244660343.0,15:34:59,2026-09-07
sh603100,川仪股份,18.81,-0.1,-0.529,18.81,18.83,18.91,18.97,19.07,18.7,3401073.0,64238910.0,15:00:02,2026-09-07
sh603101,汇嘉时代,7.89,0.2,2.601,7.89,7.9,7.69,7.73,7.93,7.69,11290342.0,88750938.0,15:34:59,2026-09-07
sh603102,百合股份,38.38,-0.32,-0.827,38.38,38.4,38.7,38.72,39.19,38.36,1675000.0,64875938.0,15:00:03,2026-09-07
sh603103,横店影视,16.16,0.21,1.317,16.16,16.17,15.95,15.96,16.27,15.81,6447234.0,103831926.0,15:34:59,2026-09-07
sh603105,芯能科技,7.77,-0.16,-2.018,7.77,7.78,7.93,7.98,8.0,7.73,14148797.0,110141504.0,15:34:59,2026-09-07
sh603106,恒银科技,7.95,-0.13,-1.609,7.95,7.96,8.08,8.13,8.17,7.94,20136333.0,160916050.0,15:34:59,2026-09-07
sh603107,上海汽配,12.13,0.08,0.664,12.12,12.13,12.05,12.05,12.26,12.01,1488276.0,18077064.0,15:34:59,2026-09-07
sh603108,润达医疗,9.85,-0.02,-0.203,9.85,9.86,9.87,9.87,9.95,9.79,10673898.0,105031551.0,15:34:59,2026-09-07
sh603109,神驰机电,17.38,0.01,0.058,17.38,17.39,17.37,17.27,17.56,17.27,888108.0,15479905.0,15:00:04,2026-09-07
sh603110,东方材料,24.49,-1.41,-5.444,24.49,24.5,25.9,25.96,26.15,23.99,16077394.0,395472762.0,15:34:59,2026-09-07
sh603111,康尼机电,6.26,-0.01,-0.159,6.25,6.26,6.27,6.34,6.34,6.23,4630000.0,29050332.0,15:00:05,2026-09-07
sh603112,华翔股份,17.34,0.93,5.667,17.33,17.34,16.41,16.5,17.48,16.35,15887087.0,270493331.0,15:34:59,2026-09-07
sh603113,金能科技,5.39,-0.21,-3.75,5.38,5.39,5.6,5.55,5.55,5.35,30180442.0,163459904.0,15:34:59,2026-09-07
sh603115,海星股份,81.94,4.26,5.484,81.94,81.95,77.68,77.69,84.48,77.3,10685820.0,864618423.0,15:34:59,2026-09-07
sh603116,红蜻蜓,6.33,-0.04,-0.628,6.31,6.33,6.37,6.42,6.44,6.3,4353240.0,27649137.0,15:34:59,2026-09-07
sh603117,万林物流,4.13,0.06,1.474,4.13,4.14,4.07,4.1,4.17,4.07,7548520.0,31174511.0,15:00:04,2026-09-07
sh603118,共进股份,17.89,1.63,10.025,17.89,0.0,16.26,17.0,17.89,17.0,36543009.0,646068504.0,15:34:59,2026-09-07
sh603119,浙江荣泰,51.65,4.7,10.011,51.65,0.0,46.95,47.39,51.65,47.39,12604170.0,641019318.0,15:34:59,2026-09-07
sh603120,肯特催化,48.38,2.66,5.818,48.37,48.38,45.72,45.8,48.81,45.7,3195420.0,152906864.0,15:34:59,2026-09-07
sh603121,华培动力,13.41,0.06,0.449,13.41,13.42,13.35,13.36,13.62,13.11,5909900.0,79259769.0,15:34:59,2026-09-07
sh603122,合富中国,13.76,0.2,1.475,13.75,13.76,13.56,14.08,14.75,13.5,64138201.0,888023403.0,15:34:59,2026-09-07
sh603123,翠微股份,11.76,0.58,5.188,11.76,11.77,11.18,11.41,12.29,10.84,126419416.0,1461587197.0,15:34:59,2026-09-07
sh603124,江南新材,131.13,11.92,9.999,131.13,0.0,119.21,120.34,131.13,118.0,9881048.0,1267317209.0,15:34:59,2026-09-07
sh603125,常青科技,22.78,-0.02,-0.088,22.78,22.8,22.8,22.85,23.05,22.6,3091837.0,70610838.0,15:34:59,2026-09-07
sh603126,中材节能,6.3,-0.05,-0.787,6.3,6.31,6.35,6.32,6.35,6.26,5228600.0,32999000.0,15:00:04,2026-09-07
sh603127,昭衍新药,42.82,-0.12,-0.279,42.82,42.83,42.94,42.95,43.39,42.5,17384095.0,745893808.0,15:34:59,2026-09-07
sh603128,华贸物流,5.69,0.09,1.607,5.68,5.69,5.6,5.62,5.7,5.59,12309826.0,69782933.0,15:34:59,2026-09-07
sh603129,春风动力,288.6,-7.94,-2.678,288.6,288.75,296.54,294.0,297.49,288.2,1112002.0,324691112.0,15:34:59,2026-09-07
sh603130,云中马,38.35,0.17,0.445,38.34,38.35,38.18,38.23,39.33,37.7,1001896.0,38588256.0,15:00:02,2026-09-07
sh603131,上海沪工,14.42,-0.13,-0.893,14.42,14.43,14.55,14.52,14.62,14.37,4046150.0,58570752.0,15:00:05,2026-09-07
sh603132,金徽股份,19.88,0.14,0.709,19.88,19.89,19.74,19.5,20.22,19.5,6199700.0,123340287.0,15:34:59,2026-09-07
sh603135,中重科技,9.12,0.11,1.221,9.12,9.13,9.01,9.02,9.18,9.0,6538820.0,59620407.0,15:34:59,2026-09-07
sh603136,天目湖,9.57,0.19,2.026,9.57,9.58,9.38,9.42,9.59,9.37,4217618.0,40193214.0,15:34:59,2026-09-07
sh603137,恒尚节能,20.24,0.13,0.646,20.24,20.25,20.11,20.17,20.57,20.01,8408817.0,170154207.0,15:34:59,2026-09-07
sh603138,海量数据,14.75,-0.58,-3.783,14.75,14.76,15.33,14.36,15.05,14.36,31951835.0,467991815.0,15:34:59,2026-09-07
sh603139,康惠股份,37.34,0.78,2.133,37.33,37.34,36.56,36.56,37.5,36.4,2261000.0,84085582.0,15:34:59,2026-09-07
sh603150,万朗磁塑,69.49,2.98,4.481,69.42,69.49,66.51,69.1,73.13,66.58,7285543.0,504393688.0,15:34:59,2026-09-07
sh603151,邦基科技,18.39,0.26,1.434,18.39,18.4,18.13,19.45,19.45,17.67,11327587.0,209851863.0,15:34:59,2026-09-07
sh603153,上海建科,13.39,0.12,0.904,13.39,13.4,13.27,13.24,13.41,13.21,1569900.0,20951093.0,15:00:04,2026-09-07
sh603155,新亚强,13.59,0.12,0.891,13.59,13.6,13.47,13.5,13.68,13.4,6652616.0,90433818.0,15:34:59,2026-09-07
sh603156,养元饮品,41.2,0.77,1.905,41.2,41.21,40.43,40.86,41.68,40.8,10160749.0,419592482.0,15:34:59,2026-09-07
sh603158,腾龙股份,11.19,0.07,0.629,11.18,11.19,11.12,11.12,11.3,11.0,13141000.0,146600486.0,15:34:59,2026-09-07
sh603159,上海亚虹,22.42,0.11,0.493,22.36,22.42,22.31,22.6,22.6,21.96,2235380.0,49780047.0,15:00:02,2026-09-07
sh603160,汇顶科技,52.84,0.79,1.518,52.83,52.84,52.05,52.26,53.26,51.33,6208050.0,324816106.0,15:34:59,2026-09-07
sh603161,科华控股,17.86,0.61,3.536,17.85,17.86,17.25,17.25,17.99,17.1,12323269.0,217195793.0,15:34:59,2026-09-07
sh603162,海通发展,14.13,-0.51,-3.484,14.13,14.14,14.64,15.13,15.47,13.73,108949097.0,1550127475.0,15:34:59,2026-09-07
sh603163,圣晖集成,77.83,1.63,2.139,77.83,77.85,76.2,77.0,78.57,76.5,1662615.0,129055448.0,15:34:59,2026-09-07
sh603165,荣晟环保,15.0,0.21,1.42,15.0,15.01,14.79,14.81,15.05,14.78,8666626.0,129661670.0,15:34:59,2026-09-07
sh603166,福达股份,11.28,0.22,1.989,11.27,11.28,11.06,11.06,11.56,11.02,11890623.0,135257675.0,15:34:59,2026-09-07
sh603167,渤海轮渡,8.15,0.0,0.0,8.15,8.16,8.15,8.14,8.17,8.13,1888100.0,15384884.0,15:34:59,2026-09-07
sh603168,莎普爱思,6.01,0.15,2.56,6.0,6.01,5.86,5.86,6.04,5.84,7682461.0,45907451.0,15:00:05,2026-09-07
sh603169,兰石重装,6.51,-0.1,-1.513,6.51,6.52,6.61,6.56,6.64,6.48,9659075.0,63016511.0,15:34:59,2026-09-07
sh603170,宝立食品,12.85,-0.02,-0.155,12.85,12.86,12.87,12.87,12.98,12.75,2481600.0,31943749.0,15:00:05,2026-09-07
sh603171,税友股份,43.7,-1.12,-2.499,43.7,43.71,44.82,44.78,45.44,43.13,8666173.0,380319882.0,15:34:59,2026-09-07
sh603172,万丰股份,18.74,-0.13,-0.689,18.72,18.74,18.87,18.76,19.1,18.69,1493493.0,28136592.0,15:00:02,2026-09-07
sh603173,福斯达,30.24,0.15,0.499,30.24,30.3,30.09,30.25,30.44,29.91,608100.0,18360684.0,15:34:59,2026-09-07
sh603175,超颖电子,90.71,2.71,3.08,90.7,90.71,88.0,88.0,90.91,88.0,1303333.0,117622466.0,15:34:59,2026-09-07
sh603176,汇通集团,5.44,-0.05,-0.911,5.44,5.48,5.49,5.44,5.59,5.43,4027500.0,22019357.0,15:00:02,2026-09-07
sh603177,德创环保,10.78,0.22,2.083,10.77,10.78,10.56,10.7,10.9,10.56,6996800.0,74917496.0,15:00:04,2026-09-07
sh603178,圣龙股份,17.5,0.0,0.0,17.5,17.51,17.5,17.45,17.67,17.43,7525600.0,131997947.0,15:34:59,2026-09-07
sh603179,新泉股份,41.64,2.19,5.551,41.63,41.64,39.45,40.58,43.0,40.17,34974326.0,1459905607.0,15:34:59,2026-09-07
sh603180,金牌家居,15.99,0.26,1.653,15.96,15.99,15.73,15.8,16.03,15.64,982300.0,15631977.0,15:34:59,2026-09-07
sh603181,皇马科技,12.75,0.0,0.0,12.75,12.76,12.75,12.8,12.9,12.72,3438023.0,44005603.0,15:00:03,2026-09-07
sh603182,嘉华股份,13.98,0.26,1.895,13.98,13.99,13.72,13.72,14.05,13.68,2672200.0,37223317.0,15:00:04,2026-09-07
sh603183,建研院,4.9,0.02,0.41,4.89,4.9,4.88,4.87,4.94,4.82,12547267.0,61216321.0,15:00:03,2026-09-07
sh603185,弘元绿能,15.16,0.38,2.571,15.16,15.17,14.78,14.86,15.65,14.8,14139056.0,214929956.0,15:34:59,2026-09-07
sh603186,华正新材,186.09,16.92,10.002,186.09,0.0,169.17,174.2,186.09,172.64,20506371.0,3716928466.0,15:34:59,2026-09-07
sh603187,海容冷链,11.05,0.05,0.455,11.04,11.05,11.0,11.04,11.07,10.94,2987757.0,32921650.0,15:34:59,2026-09-07
sh603188,亚邦股份,4.96,0.08,1.639,4.95,4.96,4.88,4.88,5.0,4.82,15716700.0,77167772.0,15:34:59,2026-09-07
sh603189,*ST网达,9.96,0.14,1.426,9.96,9.97,9.82,9.84,10.33,9.82,3861450.0,38887582.0,15:00:02,2026-09-07
sh603190,亚通精工,16.68,0.07,0.421,16.66,16.68,16.61,16.62,16.68,16.4,1413840.0,23333730.0,15:34:59,2026-09-07
sh603191,望变电气,15.73,-0.07,-0.443,15.72,15.73,15.8,15.64,15.74,15.35,17448760.0,272004011.0,15:34:59,2026-09-07
sh603192,汇得科技,20.89,1.9,10.005,20.89,0.0,18.99,18.89,20.89,18.82,4461109.0,90171163.0,15:34:59,2026-09-07
sh603193,润本股份,21.5,-0.34,-1.557,21.48,21.5,21.84,21.84,21.84,21.22,3363171.0,72174813.0,15:34:59,2026-09-07
sh603194,中力股份,33.84,-0.45,-1.312,33.84,33.87,34.29,34.3,34.49,33.81,1060100.0,36093327.0,15:34:59,2026-09-07
sh603195,公牛集团,38.66,-0.64,-1.628,38.66,38.7,39.3,39.0,39.2,38.6,3656579.0,141770449.0,15:34:59,2026-09-07
sh603196,璞源材料,18.93,0.08,0.424,18.92,18.93,18.85,18.85,19.21,18.77,1227258.0,23304520.0,15:00:00,2026-09-07
sh603197,保隆科技,30.2,-0.07,-0.231,30.2,30.21,30.27,30.1,30.46,29.92,2219790.0,67160737.0,15:00:03,2026-09-07
sh603198,迎驾贡酒,40.99,-0.06,-0.146,40.99,41.0,41.05,41.05,41.09,40.38,4094083.0,166682077.0,15:34:59,2026-09-07
sh603199,九华旅游,34.56,0.47,1.379,34.56,34.57,34.09,33.99,34.66,33.96,2021000.0,69558765.0,15:34:59,2026-09-07
sh603200,上海洗霸,40.3,-0.8,-1.946,40.3,40.31,41.1,40.79,41.0,40.09,7425620.0,299629333.0,15:34:59,2026-09-07
sh603201,常润股份,15.59,0.02,0.128,15.59,15.6,15.57,15.5,15.65,15.39,2420746.0,37662587.0,15:00:02,2026-09-07
sh603202,天有为,53.4,0.79,1.502,53.4,53.41,52.61,52.63,53.43,52.49,840211.0,44562706.0,15:34:59,2026-09-07
sh603203,快克智能,43.59,2.59,6.317,43.58,43.59,41.0,41.98,44.07,41.3,9692917.0,418177450.0,15:34:59,2026-09-07
sh603205,健尔康,22.48,0.01,0.045,22.48,22.5,22.47,22.48,22.76,22.28,674822.0,15134095.0,15:34:59,2026-09-07
sh603206,嘉环科技,13.89,-0.14,-0.998,13.89,13.9,14.03,14.02,14.14,13.83,2536800.0,35338951.0,15:00:03,2026-09-07
sh603207,小方制药,25.41,0.19,0.753,25.4,25.41,25.22,25.11,25.57,24.97,7162826.0,181231663.0,15:34:59,2026-09-07
sh603208,江山欧派,11.52,0.16,1.408,11.52,11.53,11.36,11.43,11.6,11.35,1436700.0,16504845.0,15:00:04,2026-09-07
sh603209,兴通股份,14.48,-0.07,-0.481,14.47,14.48,14.55,14.64,14.69,14.19,5863018.0,84228428.0,15:00:04,2026-09-07
sh603210,泰鸿万立,13.53,-0.03,-0.221,13.52,13.53,13.56,13.51,13.63,13.45,1723463.0,23326021.0,15:00:04,2026-09-07
sh603211,晋拓股份,20.9,0.12,0.577,20.9,20.91,20.78,20.69,21.2,20.69,3897279.0,81851626.0,15:34:59,2026-09-07
sh603212,赛伍技术,11.16,0.01,0.09,11.16,11.17,11.15,11.15,11.27,11.1,5655200.0,63285331.0,15:34:59,2026-09-07
sh603213,镇洋发展,13.8,-0.05,-0.361,13.79,13.8,13.85,13.87,13.88,13.75,1143800.0,15779429.0,15:00:05,2026-09-07
sh603214,爱婴室,13.92,0.03,0.216,13.92,13.93,13.89,13.89,14.07,13.68,2539200.0,35459665.0,15:00:05,2026-09-07
sh603215,比依股份,14.78,0.44,3.068,14.75,14.78,14.34,14.33,14.92,14.33,1626700.0,23962620.0,15:00:02,2026-09-07
sh603216,梦天家居,22.16,0.06,0.271,22.16,22.17,22.1,21.99,22.53,21.6,10239943.0,226247246.0,15:34:59,2026-09-07
sh603217,元利科技,29.16,0.16,0.552,29.13,29.16,29.0,29.09,29.3,28.0,5670040.0,163599227.0,15:34:59,2026-09-07
sh603218,日月股份,9.22,-0.02,-0.216,9.22,9.23,9.24,9.26,9.28,9.21,4324800.0,39959196.0,15:00:04,2026-09-07
sh603219,富佳股份,13.22,0.2,1.536,13.21,13.22,13.02,13.03,13.33,13.0,2796460.0,36891671.0,15:34:59,2026-09-07
sh603220,中贝通信,18.61,0.28,1.528,18.61,18.62,18.33,18.42,18.74,18.26,15194275.0,281346785.0,15:34:59,2026-09-07
sh603221,爱丽家居,28.16,0.58,2.103,28.15,28.16,27.58,27.58,28.19,26.58,15404581.0,423736641.0,15:34:59,2026-09-07
sh603222,济民健康,8.09,0.04,0.497,8.08,8.09,8.05,8.0,8.17,7.96,7070173.0,57067242.0,15:00:02,2026-09-07
sh603223,恒通股份,10.62,0.33,3.207,10.62,10.63,10.29,10.29,10.7,10.1,15519654.0,163516068.0,15:00:02,2026-09-07
sh603225,新凤鸣,18.81,-1.13,-5.667,18.81,18.82,19.94,19.88,20.07,18.7,20228100.0,386095180.0,15:34:59,2026-09-07
sh603226,菲林格尔,34.54,0.06,0.174,34.54,34.56,34.48,34.7,35.16,33.82,4184500.0,144788770.0,15:34:59,2026-09-07
sh603227,雪峰科技,7.68,-0.02,-0.26,7.68,7.69,7.7,7.78,7.79,7.67,5044430.0,38884274.0,15:00:05,2026-09-07
sh603228,景旺电子,105.97,9.63,9.996,105.97,0.0,96.34,98.98,105.97,98.55,50535836.0,5269098174.0,15:34:59,2026-09-07
sh603229,奥翔药业,7.88,0.09,1.155,7.88,7.89,7.79,7.71,7.95,7.71,4717232.0,37006699.0,15:00:04,2026-09-07
sh603230,内蒙新华,9.95,0.15,1.531,9.95,9.96,9.8,9.7,10.1,9.59,14175001.0,138759004.0,15:34:59,2026-09-07
sh603231,索宝蛋白,16.86,0.17,1.019,16.85,16.86,16.69,16.57,16.86,16.57,2231400.0,37400019.0,15:34:59,2026-09-07
sh603232,格尔软件,15.58,-0.36,-2.258,15.58,15.59,15.94,15.8,15.92,15.5,6532658.0,102091794.0,15:34:59,2026-09-07
sh603233,大参林,18.41,-0.38,-2.022,18.41,18.42,18.79,18.81,18.92,18.41,5601557.0,104025970.0,15:34:59,2026-09-07
sh603235,天新药业,25.3,0.5,2.016,25.29,25.3,24.8,24.8,25.51,24.6,1545379.0,38995557.0,15:34:59,2026-09-07
sh603236,移远通信,63.22,1.05,1.689,63.21,63.22,62.17,63.0,63.63,61.73,12563254.0,788530828.0,15:34:59,2026-09-07
sh603237,五芳斋,16.14,-0.09,-0.555,16.14,16.15,16.23,16.15,16.4,16.05,3867234.0,62601880.0,15:34:59,2026-09-07
sh603238,诺邦股份,12.37,-0.07,-0.563,12.37,12.39,12.44,12.43,12.47,12.27,2067800.0,25597079.0,15:00:05,2026-09-07
sh603239,浙江仙通,14.4,0.15,1.053,14.38,14.4,14.25,14.29,14.49,14.21,2568500.0,36927461.0,15:00:03,2026-09-07
sh603248,锡华科技,17.68,-0.06,-0.338,17.68,17.69,17.74,17.74,17.9,17.6,1880522.0,33390410.0,15:00:02,2026-09-07
sh603255,鼎际得,31.73,1.23,4.033,31.73,31.74,30.5,30.5,32.2,29.94,1928499.0,59808349.0,15:00:02,2026-09-07
sh603256,宏和科技,123.82,3.13,2.593,123.82,123.83,120.69,120.0,126.65,118.73,25652595.0,3181706092.0,15:34:59,2026-09-07
sh603257,中国瑞林,71.38,-0.28,-0.391,71.36,71.39,71.66,72.42,73.43,70.18,3565220.0,254449672.0,15:00:01,2026-09-07
sh603258,电魂网络,13.91,0.21,1.533,13.9,13.91,13.7,13.7,14.14,13.59,4101100.0,57176447.0,15:34:59,2026-09-07
sh603259,药明康德,153.25,-0.58,-0.377,153.25,153.26,153.83,152.93,155.36,152.38,23783087.0,3649463414.0,15:34:59,2026-09-07
sh603260,合盛硅业,32.69,-0.2,-0.608,32.69,32.7,32.89,32.8,33.1,32.63,6311833.0,206850143.0,15:34:59,2026-09-07
sh603261,立航科技,56.4,-1.32,-2.287,56.38,56.4,57.72,57.47,58.57,55.88,1824800.0,103502230.0,15:34:59,2026-09-07
sh603262,技源集团,19.04,-0.18,-0.937,19.04,19.05,19.22,19.34,19.37,18.86,3459921.0,66145637.0,15:34:59,2026-09-07
sh603266,天龙股份,16.4,-0.21,-1.264,16.39,16.4,16.61,16.6,16.71,16.37,2417800.0,39916276.0,15:34:59,2026-09-07
sh603267,鸿远电子,48.01,0.51,1.074,48.01,48.02,47.5,47.64,48.3,47.45,4110454.0,196766852.0,15:34:59,2026-09-07
sh603268,松发股份,193.65,1.05,0.545,193.64,193.65,192.6,191.01,196.0,190.26,3878251.0,748337882.0,15:34:59,2026-09-07
sh603269,海鸥股份,26.9,-0.51,-1.861,26.89,26.9,27.41,27.39,27.84,26.31,51723245.0,1393748942.0,15:34:59,2026-09-07
sh603270,金帝股份,33.69,0.32,0.959,33.69,33.7,33.37,33.6,35.27,32.8,23748696.0,808463139.0,15:34:59,2026-09-07
sh603271,永杰新材,40.71,-0.33,-0.804,40.7,40.71,41.04,41.18,41.18,40.23,1305543.0,52971608.0,15:00:04,2026-09-07
sh603272,*ST联翔,17.66,-0.7,-3.813,17.66,17.67,18.36,18.36,18.54,17.25,4520603.0,79482425.0,15:34:59,2026-09-07
sh603273,天元智能,14.85,0.29,1.992,14.84,14.85,14.56,14.85,14.92,14.5,1757800.0,25997242.0,15:00:02,2026-09-07
sh603275,众辰科技,36.89,0.63,1.737,36.85,36.89,36.26,36.27,36.94,36.27,706984.0,26010570.0,15:00:02,2026-09-07
sh603276,恒兴新材,16.6,0.27,1.653,16.58,16.6,16.33,16.33,16.75,16.24,2392345.0,39594792.0,15:34:59,2026-09-07
sh603277,银都股份,11.43,0.08,0.705,11.42,11.43,11.35,11.34,11.43,11.21,1950090.0,22103356.0,15:00:03,2026-09-07
sh603278,大业股份,9.43,0.22,2.389,9.42,9.43,9.21,9.21,9.54,9.19,7854902.0,73921409.0,15:34:59,2026-09-07
sh603279,景津装备,11.39,0.03,0.264,11.39,11.4,11.36,11.4,11.41,11.29,5043451.0,57298600.0,15:34:59,2026-09-07
sh603280,南方路机,27.16,-0.29,-1.056,27.15,27.16,27.45,27.36,27.45,26.87,2094151.0,56861630.0,15:34:59,2026-09-07
sh603281,江瀚新材,18.89,-0.01,-0.053,18.89,18.9,18.9,19.0,19.07,18.84,1614692.0,30572913.0,15:34:59,2026-09-07
sh603282,亚光股份,16.66,-0.02,-0.12,16.66,16.67,16.68,16.59,16.87,16.48,1499340.0,25009169.0,15:00:03,2026-09-07
sh603283,赛腾股份,45.55,1.85,4.233,45.55,45.56,43.7,44.5,45.88,44.15,17204771.0,779811569.0,15:34:59,2026-09-07
sh603284,林平发展,40.93,-0.55,-1.326,40.92,40.93,41.48,41.55,41.74,40.87,1303488.0,53724532.0,15:34:59,2026-09-07
sh603285,键邦股份,31.66,0.23,0.732,31.66,31.67,31.43,31.56,32.06,30.9,2832200.0,89251460.0,15:34:59,2026-09-07
sh603286,日盈电子,47.36,4.31,10.012,47.36,0.0,43.05,43.81,47.36,43.1,6704800.0,307505988.0,15:34:59,2026-09-07
sh603288,海天味业,34.2,-0.2,-0.581,34.2,34.21,34.4,34.39,34.63,33.9,13360461.0,456083683.0,15:34:59,2026-09-07
sh603289,泰瑞机器,9.53,0.51,5.654,9.53,9.54,9.02,9.07,9.56,8.98,9285102.0,86909238.0,15:34:59,2026-09-07
sh603290,斯达半导,86.4,0.8,0.935,86.4,86.41,85.6,86.51,87.07,85.7,3278657.0,283487510.0,15:34:59,2026-09-07
sh603291,联合水务,8.91,0.0,0.0,8.91,8.92,8.91,8.94,9.0,8.82,2235400.0,19952402.0,15:00:04,2026-09-07
sh603293,埃泰克,38.36,-0.08,-0.208,38.35,38.36,38.44,37.94,38.59,37.83,1874896.0,71738569.0,15:34:59,2026-09-07
sh603296,华勤技术,78.25,2.27,2.988,78.25,78.26,75.98,76.68,78.5,75.7,14212565.0,1099936963.0,15:34:59,2026-09-07
sh603297,永新光学,108.33,0.78,0.725,108.33,108.34,107.55,108.22,110.22,107.0,1207411.0,131109466.0,15:34:59,2026-09-07
sh603298,杭叉集团,25.3,-0.34,-1.326,25.29,25.3,25.64,25.65,25.8,25.25,4190140.0,106417429.0,15:34:59,2026-09-07
sh603299,苏盐井神,8.85,-0.08,-0.896,8.85,8.86,8.93,8.93,8.94,8.83,3952713.0,35056409.0,15:00:03,2026-09-07
sh603300,海南华铁,4.85,-0.05,-1.02,4.84,4.85,4.9,4.9,4.93,4.83,33346400.0,161995140.0,15:00:01,2026-09-07
sh603301,振德医疗,79.94,-1.29,-1.588,79.93,79.94,81.23,81.2,81.65,79.69,1187400.0,95325587.0,15:34:59,2026-09-07
sh603303,得邦照明,24.61,-0.16,-0.646,24.61,24.65,24.77,24.65,25.1,24.19,2243900.0,55399863.0,15:00:03,2026-09-07
sh603305,旭升集团,11.42,0.18,1.601,11.42,11.43,11.24,11.23,11.54,11.2,17264831.0,196798110.0,15:34:59,2026-09-07
sh603306,华懋科技,75.71,4.14,5.785,75.71,75.73,71.57,72.55,76.35,71.83,10488535.0,783356221.0,15:34:59,2026-09-07
sh603307,扬州金泉,25.05,0.24,0.967,24.99,25.05,24.81,24.94,25.09,24.65,855170.0,21313677.0,15:00:03,2026-09-07
sh603308,应流股份,42.53,-1.29,-2.944,42.53,42.54,43.82,44.7,45.0,42.08,24961039.0,1069692519.0,15:34:59,2026-09-07
sh603309,维力医疗,11.32,0.05,0.444,11.32,11.33,11.27,11.28,11.4,11.22,2182100.0,24663790.0,15:34:59,2026-09-07
sh603310,巍华新材,14.51,0.09,0.624,14.5,14.51,14.42,14.47,14.51,14.4,932423.0,13488273.0,15:34:59,2026-09-07
sh603311,金海高科,29.37,2.67,10.0,29.37,0.0,26.7,26.92,29.37,26.5,4696800.0,133892709.0,15:34:59,2026-09-07
sh603312,西典新能,32.75,0.76,2.376,32.75,32.78,31.99,32.01,33.05,31.83,972223.0,31827314.0,15:00:02,2026-09-07
sh603313,梦百合,6.82,0.39,6.065,6.81,6.82,6.43,6.43,6.95,6.39,37863398.0,254608289.0,15:34:59,2026-09-07
sh603315,福鞍股份,11.63,-0.08,-0.683,11.62,11.63,11.71,11.71,11.78,11.55,4625200.0,53849805.0,15:00:02,2026-09-07
sh603316,诚邦股份,13.58,0.26,1.952,13.58,13.59,13.32,13.46,13.8,13.41,6190200.0,84411896.0,15:34:59,2026-09-07
sh603317,天味食品,13.48,-0.07,-0.517,13.48,13.49,13.55,13.55,13.69,13.34,8058525.0,108513673.0,15:34:59,2026-09-07
sh603318,水发燃气,9.08,-0.26,-2.784,9.07,9.08,9.34,9.3,9.34,9.0,43821324.0,397699274.0,15:34:59,2026-09-07
sh603319,美湖股份,30.51,1.35,4.63,30.51,30.52,29.16,29.3,30.85,29.3,19327098.0,586647192.0,15:34:59,2026-09-07
sh603320,迪贝电气,18.02,0.26,1.464,18.01,18.02,17.76,17.75,18.37,17.75,2467160.0,44473335.0,15:34:59,2026-09-07
sh603321,梅轮电梯,6.94,0.47,7.264,6.94,6.95,6.47,6.47,7.01,6.46,11860321.0,80573266.0,15:34:59,2026-09-07
sh603322,超讯科技,28.76,1.6,5.891,28.76,28.77,27.16,27.25,28.93,26.85,9616800.0,270302325.0,15:34:59,2026-09-07
sh603323,苏农银行,4.48,-0.05,-1.104,4.48,4.49,4.53,4.54,4.56,4.46,42581736.0,191427679.0,15:00:02,2026-09-07
sh603324,盛剑科技,26.18,0.68,2.667,26.17,26.18,25.5,25.75,27.5,25.73,4002307.0,105449656.0,15:00:04,2026-09-07
sh603325,博隆技术,54.46,0.06,0.11,54.46,54.47,54.4,54.23,54.76,54.23,146369.0,7982770.0,15:00:04,2026-09-07
sh603326,我乐家居,7.77,0.21,2.778,7.75,7.77,7.56,7.58,7.79,7.55,4008200.0,30839855.0,15:34:59,2026-09-07
sh603327,福蓉科技,9.23,0.04,0.435,9.23,9.24,9.19,9.21,9.44,9.18,21966432.0,203503309.0,15:34:59,2026-09-07
sh603328,依顿电子,11.06,0.58,5.534,11.06,11.07,10.48,10.51,11.12,10.51,24858133.0,272196550.0,15:34:59,2026-09-07
sh603329,上海雅仕,10.25,-0.07,-0.678,10.24,10.25,10.32,10.4,10.4,10.23,2744230.0,28275573.0,15:00:02,2026-09-07
sh603330,天洋新材,10.89,0.35,3.321,10.89,10.9,10.54,10.65,11.4,10.47,68610957.0,740868991.0,15:34:59,2026-09-07
sh603331,百达精工,12.65,0.11,0.877,12.64,12.65,12.54,12.54,12.78,12.41,3103200.0,39216806.0,15:00:04,2026-09-07
sh603332,苏州龙杰,11.83,0.06,0.51,11.82,11.83,11.77,11.77,11.93,11.69,3134900.0,37042938.0,15:34:59,2026-09-07
sh603333,福华尚纬,9.9,-0.02,-0.202,9.9,9.91,9.92,9.9,9.94,9.68,11720600.0,115332973.0,15:34:59,2026-09-07
sh603334,丰倍生物,31.05,-0.06,-0.193,31.04,31.05,31.11,31.0,31.28,30.88,882388.0,27400801.0,15:34:59,2026-09-07
sh603335,迪生力,6.41,-0.01,-0.156,6.41,6.42,6.42,6.5,6.51,6.37,8368100.0,53864813.0,15:34:59,2026-09-07
sh603336,宏辉果蔬,9.37,0.23,2.516,9.36,9.37,9.14,9.16,9.42,9.14,16814875.0,156989920.0,15:34:59,2026-09-07
sh603337,杰克科技,37.23,-0.73,-1.923,37.22,37.23,37.96,38.21,38.21,37.18,3213400.0,120483681.0,15:34:59,2026-09-07
sh603338,浙江鼎力,58.96,1.05,1.813,58.96,58.97,57.91,58.07,59.08,57.53,3304024.0,193737985.0,15:00:02,2026-09-07
sh603339,四方科技,12.58,0.04,0.319,12.57,12.58,12.54,12.46,12.79,12.41,13879236.0,175141289.0,15:34:59,2026-09-07
sh603341,龙旗科技,37.85,0.54,1.447,37.85,37.86,37.31,37.37,37.9,36.84,8472651.0,316824871.0,15:34:59,2026-09-07
sh603344,星德胜,24.44,0.28,1.159,24.44,24.45,24.16,24.19,24.8,24.12,2034472.0,49682774.0,15:00:03,2026-09-07
sh603345,安井食品,76.23,-0.4,-0.522,76.23,76.24,76.63,76.62,77.5,75.9,5272307.0,402950405.0,15:34:59,2026-09-07
sh603348,文灿股份,14.52,-0.19,-1.292,14.51,14.52,14.71,14.66,14.71,14.47,2133600.0,31075456.0,15:34:59,2026-09-07
sh603350,安乃达,28.42,0.16,0.566,28.42,28.44,28.26,28.26,28.65,28.05,430900.0,12262318.0,15:00:04,2026-09-07
sh603351,威尔药业,25.64,-0.05,-0.195,25.64,25.66,25.69,25.69,25.95,25.41,707000.0,18150625.0,15:00:04,2026-09-07
sh603352,至信股份,25.72,-0.23,-0.886,25.72,25.78,25.95,26.03,26.08,25.5,718934.0,18519396.0,15:34:59,2026-09-07
sh603353,和顺石油,34.51,0.58,1.709,34.51,34.54,33.93,33.5,35.4,32.67,10394881.0,354083814.0,15:34:59,2026-09-07
sh603355,莱克电气,30.07,2.73,9.985,30.07,0.0,27.34,27.51,30.07,27.45,6166158.0,183127697.0,15:00:02,2026-09-07
sh603356,华菱精工,16.91,0.24,1.44,16.9,16.91,16.67,16.76,17.0,16.56,2427200.0,40954614.0,15:00:03,2026-09-07
sh603357,设计总院,6.11,0.01,0.164,6.09,6.11,6.1,6.09,6.13,6.07,2991736.0,18247407.0,15:00:02,2026-09-07
sh603358,华达科技,47.08,0.68,1.466,47.08,47.09,46.4,47.07,48.49,45.99,10638916.0,504254830.0,15:34:59,2026-09-07
sh603359,*ST东珠,2.49,0.09,3.75,2.48,2.49,2.4,2.41,2.52,2.39,7406360.0,18211434.0,15:34:59,2026-09-07
sh603360,百傲化学,13.2,0.17,1.305,13.19,13.2,13.03,13.02,13.38,13.0,7609400.0,100728620.0,15:34:59,2026-09-07
sh603363,傲农生物,3.21,-0.07,-2.134,3.21,3.22,3.28,3.26,3.31,3.18,114957500.0,371331713.0,15:34:59,2026-09-07
sh603365,水星家纺,16.75,-0.15,-0.888,16.74,16.75,16.9,16.9,16.99,16.72,1670100.0,28038568.0,15:00:04,2026-09-07
sh603366,日出东方,7.64,-0.19,-2.427,7.63,7.64,7.83,7.79,7.82,7.56,27518243.0,209980712.0,15:34:59,2026-09-07
sh603367,辰欣药业,14.51,0.03,0.207,14.51,14.52,14.48,14.46,14.6,14.46,3125470.0,45397255.0,15:34:59,2026-09-07
sh603368,柳药集团,15.78,0.1,0.638,15.77,15.78,15.68,15.66,15.78,15.6,2853268.0,44797735.0,15:34:59,2026-09-07
sh603369,今世缘,30.85,-0.05,-0.162,30.84,30.85,30.9,30.71,31.04,30.29,10993921.0,337055181.0,15:34:59,2026-09-07
sh603370,华新精科,30.21,-1.9,-5.917,30.2,30.21,32.11,30.5,32.54,30.0,3076985.0,93870024.0,15:00:03,2026-09-07
sh603373,安邦护卫,40.53,-0.17,-0.418,40.53,40.55,40.7,40.95,41.16,40.4,1135720.0,46252713.0,15:34:59,2026-09-07
sh603375,盛景微,45.62,2.22,5.115,45.61,45.62,43.4,43.18,46.39,43.18,3690130.0,165965332.0,15:34:59,2026-09-07
sh603376,大明电子,27.88,-0.06,-0.215,27.87,27.88,27.94,27.95,28.16,27.62,2488997.0,69256826.0,15:34:59,2026-09-07
sh603377,ST东时,3.06,0.05,1.661,3.05,3.06,3.01,3.02,3.1,3.02,3877660.0,11841653.0,15:34:59,2026-09-07
sh603378,*ST亚士,7.06,-0.23,-3.155,7.05,7.06,7.29,7.14,7.45,6.88,18387522.0,130885423.0,15:34:59,2026-09-07
sh603379,XD三美股,58.49,0.45,0.775,58.46,58.49,58.04,58.39,58.75,57.39,3986994.0,232147644.0,15:34:59,2026-09-07
sh603380,易德龙,34.87,1.65,4.967,34.87,34.88,33.22,33.57,35.45,33.5,6137700.0,213031840.0,15:00:02,2026-09-07
sh603381,永臻股份,14.91,-0.1,-0.666,14.91,14.93,15.01,15.08,15.08,14.73,3172846.0,47400936.0,15:34:59,2026-09-07
sh603382,海阳科技,19.59,0.18,0.927,19.59,19.6,19.41,19.52,19.8,19.42,2436061.0,47732506.0,15:34:59,2026-09-07
sh603383,顶点软件,28.85,-0.4,-1.368,28.84,28.85,29.25,29.42,29.55,28.46,4823155.0,139108894.0,15:34:59,2026-09-07
sh603385,惠达卫浴,5.75,0.07,1.232,5.73,5.75,5.68,5.71,5.84,5.67,3574100.0,20593821.0,15:00:05,2026-09-07
sh603386,骏亚科技,14.42,0.55,3.965,14.42,14.43,13.87,13.9,14.55,13.87,7110644.0,101942940.0,15:00:03,2026-09-07
sh603387,基蛋生物,9.22,-0.05,-0.539,9.22,9.23,9.27,9.22,9.39,9.17,5222620.0,48152670.0,15:34:59,2026-09-07
sh603389,亚振家居,44.0,-0.17,-0.385,44.0,44.01,44.17,44.01,45.39,43.6,1860500.0,82493764.0,15:00:05,2026-09-07
sh603390,通达电气,11.3,0.19,1.71,11.29,11.3,11.11,11.54,11.74,10.97,39201289.0,441725583.0,15:34:59,2026-09-07
sh603391,力聚热能,71.0,0.52,0.738,71.0,71.19,70.48,70.14,71.89,68.24,2160399.0,151944816.0,15:34:59,2026-09-07
sh603392,万泰生物,27.44,-0.23,-0.831,27.44,27.45,27.67,27.8,27.82,27.24,5479080.0,150079571.0,15:34:59,2026-09-07
sh603393,新天然气,26.69,0.08,0.301,26.69,26.7,26.61,26.59,26.8,26.27,5148100.0,136453248.0,15:34:59,2026-09-07
sh603395,红四方,29.77,2.71,10.015,29.77,0.0,27.06,27.06,29.77,27.06,18891054.0,548068279.0,15:34:59,2026-09-07
sh603396,金辰股份,29.08,0.22,0.762,29.08,29.09,28.86,29.08,29.2,28.48,4636350.0,134201726.0,15:34:59,2026-09-07
sh603398,*ST沐邦,10.69,0.3,2.887,10.68,10.69,10.39,10.3,10.85,10.3,6645080.0,70997350.0,15:34:59,2026-09-07
sh603399,永杉锂业,13.91,0.06,0.433,13.9,13.91,13.85,13.73,13.91,13.53,24741126.0,340923442.0,15:34:59,2026-09-07
sh603400,华之杰,53.21,-0.39,-0.728,53.21,53.23,53.6,53.44,55.0,51.85,4889139.0,259499976.0,15:34:59,2026-09-07
sh603402,陕西旅游,74.05,1.28,1.759,74.05,74.06,72.77,72.86,74.98,72.0,3698614.0,272874392.0,15:34:59,2026-09-07
sh603406,天富龙,30.09,0.64,2.173,30.09,30.1,29.45,29.5,30.1,29.02,2438114.0,72520574.0,15:34:59,2026-09-07
sh603407,长裕集团,53.39,1.08,2.065,53.39,53.4,52.31,52.37,53.5,52.0,2931315.0,155104159.0,15:34:59,2026-09-07
sh603408,建霖家居,12.16,0.18,1.503,12.14,12.16,11.98,11.98,12.21,11.91,2742900.0,33271517.0,15:00:03,2026-09-07
sh603409,汇通控股,18.15,0.04,0.221,18.15,18.17,18.11,18.26,18.26,18.0,1136568.0,20631170.0,15:00:04,2026-09-07
sh603416,信捷电气,48.56,1.43,3.034,48.55,48.57,47.13,47.1,49.2,47.08,2363042.0,114159338.0,15:34:59,2026-09-07
sh603418,友升股份,46.1,2.08,4.725,46.09,46.1,44.02,44.11,47.49,43.96,3250417.0,150672057.0,15:34:59,2026-09-07
sh603421,鼎信通讯,5.9,0.03,0.511,5.89,5.9,5.87,5.91,5.93,5.82,6603200.0,38869391.0,15:34:59,2026-09-07
sh603429,*ST集友,8.85,-0.35,-3.804,8.84,8.85,9.2,9.1,9.1,8.8,3045240.0,27123676.0,15:00:05,2026-09-07
sh603435,嘉德利,48.51,1.01,2.126,48.51,48.52,47.5,48.0,48.77,47.3,1864227.0,89837846.0,15:34:59,2026-09-07
sh603439,三力制药,12.76,0.53,4.334,12.76,12.77,12.23,12.23,12.99,12.12,11332950.0,144515039.0,15:34:59,2026-09-07
sh603444,吉比特,405.07,5.17,1.293,405.07,405.15,399.9,407.13,408.5,399.8,2620886.0,1060716161.0,15:34:59,2026-09-07
sh603448,N天博,83.48,20.83,33.248,83.48,83.49,62.65,94.69,110.11,83.38,16741336.0,1554328112.0,15:34:59,2026-09-07
sh603456,九洲药业,14.97,-0.1,-0.664,14.97,14.98,15.07,15.01,15.06,14.88,13819363.0,206756344.0,15:34:59,2026-09-07
sh603458,勘设股份,10.44,0.47,4.714,10.43,10.44,9.97,9.97,10.83,9.96,27493709.0,287500551.0,15:34:59,2026-09-07
sh603459,红板科技,89.35,4.06,4.76,89.34,89.35,85.29,86.86,91.18,85.88,11465431.0,1017180354.0,15:34:59,2026-09-07
sh603466,风语筑,12.19,-0.2,-1.614,12.18,12.19,12.39,12.16,12.25,11.9,66206445.0,799230137.0,15:34:59,2026-09-07
sh603468,津富士达,23.35,-0.02,-0.086,23.34,23.35,23.37,23.37,23.43,23.31,1707857.0,39862843.0,15:00:03,2026-09-07
sh603477,巨星农牧,16.26,0.07,0.432,16.26,16.27,16.19,16.1,16.36,15.87,17903725.0,289640622.0,15:34:59,2026-09-07
sh603486,科沃斯,52.64,0.42,0.804,52.64,52.65,52.22,52.22,52.87,51.72,3497419.0,183525230.0,15:34:59,2026-09-07
sh603488,展鹏科技,8.09,0.04,0.497,8.09,8.1,8.05,8.15,8.15,8.0,4284300.0,34695900.0,15:00:02,2026-09-07
sh603489,八方股份,27.9,-0.24,-0.853,27.89,27.9,28.14,28.14,28.22,27.6,1663642.0,46450404.0,15:34:59,2026-09-07
sh603496,恒为科技,22.74,0.38,1.699,22.73,22.74,22.36,22.36,22.9,22.3,6116034.0,138652465.0,15:34:59,2026-09-07
sh603499,翔港科技,14.11,0.38,2.768,14.11,14.12,13.73,13.8,14.15,13.68,6548750.0,91639566.0,15:34:59,2026-09-07
sh603500,祥和实业,9.64,0.16,1.688,9.62,9.64,9.48,9.55,9.74,9.48,3897105.0,37454865.0,15:34:59,2026-09-07
sh603501,豪威集团,81.08,0.83,1.034,81.08,81.09,80.25,81.0,81.74,79.8,18109138.0,1462100684.0,15:34:59,2026-09-07
sh603505,金石资源,15.34,0.01,0.065,15.34,15.35,15.33,15.34,15.42,15.19,5914528.0,90643111.0,15:34:59,2026-09-07
sh603506,南都物业,11.62,0.15,1.308,11.62,11.63,11.47,11.35,11.77,11.35,4174100.0,48562734.0,15:00:04,2026-09-07
sh603507,振江股份,22.53,0.12,0.535,22.52,22.53,22.41,22.47,22.7,22.27,3579744.0,80576823.0,15:00:03,2026-09-07
sh603508,思维列控,21.34,-0.01,-0.047,21.34,21.35,21.35,21.4,21.46,21.31,1774650.0,37910837.0,15:00:03,2026-09-07
sh603511,爱慕股份,12.69,0.0,0.0,12.66,12.69,12.69,12.69,12.73,12.58,1077200.0,13633096.0,15:00:04,2026-09-07
sh603515,欧普照明,15.58,0.11,0.711,15.57,15.58,15.47,15.45,15.61,15.41,1087198.0,16883453.0,15:34:59,2026-09-07
sh603516,淳中科技,93.03,-0.14,-0.15,93.03,93.05,93.17,93.98,94.5,92.88,3639535.0,340959735.0,15:34:59,2026-09-07
sh603517,ST绝味,11.95,-0.05,-0.417,11.95,11.97,12.0,12.04,12.06,11.93,3417200.0,40947119.0,15:34:59,2026-09-07
sh603518,锦泓集团,8.13,0.01,0.123,8.12,8.13,8.12,8.15,8.21,8.08,4777550.0,38916544.0,15:34:59,2026-09-07
sh603519,立霸股份,15.15,-0.45,-2.885,15.14,15.15,15.6,15.55,15.58,15.1,6112200.0,93406506.0,15:34:59,2026-09-07
sh603520,司太立,8.74,-0.04,-0.456,8.74,8.75,8.78,8.78,8.86,8.72,5066660.0,44516735.0,15:34:59,2026-09-07
sh603527,众源新材,9.97,0.13,1.321,9.97,9.98,9.84,9.88,10.04,9.82,4362569.0,43468377.0,15:34:59,2026-09-07
sh603528,多伦科技,6.33,-0.03,-0.472,6.33,6.34,6.36,6.37,6.39,6.28,7387000.0,46779912.0,15:34:59,2026-09-07
sh603529,爱玛科技,21.4,-0.29,-1.337,21.4,21.41,21.69,21.73,21.88,21.36,3783200.0,81384981.0,15:34:59,2026-09-07
sh603530,神马电力,50.0,1.0,2.041,50.0,50.01,49.0,49.2,50.98,48.9,6420000.0,321456787.0,15:34:59,2026-09-07
sh603533,掌阅科技,24.7,0.7,2.917,24.69,24.7,24.0,24.43,24.77,23.8,47720839.0,1167220809.0,15:34:59,2026-09-07
sh603535,嘉诚国际,6.49,0.09,1.406,6.48,6.49,6.4,6.41,6.49,6.35,3846630.0,24802819.0,15:34:59,2026-09-07
sh603536,惠发食品,10.63,0.59,5.876,10.63,10.64,10.04,10.5,11.04,10.24,24296343.0,257801664.0,15:34:59,2026-09-07
sh603538,美诺华,27.46,0.14,0.512,27.45,27.46,27.32,27.4,27.8,27.11,33939021.0,932918010.0,15:34:59,2026-09-07
sh603551,奥普科技,9.58,0.01,0.104,9.58,9.59,9.57,9.52,9.6,9.49,1840500.0,17580008.0,15:00:03,2026-09-07
sh603556,海兴电力,24.81,-0.39,-1.548,24.8,24.81,25.2,25.35,25.49,24.79,4552980.0,113481181.0,15:34:59,2026-09-07
sh603557,*ST起步,3.27,0.04,1.238,3.26,3.27,3.23,3.23,3.33,3.13,8017900.0,26239107.0,15:00:03,2026-09-07
sh603558,健盛集团,11.98,-0.26,-2.124,11.98,12.0,12.24,12.37,12.39,11.96,3055100.0,36951341.0,15:00:02,2026-09-07
sh603559,中通国脉,10.79,0.22,2.081,10.79,10.8,10.57,10.71,10.8,10.33,24225600.0,256366164.0,15:34:59,2026-09-07
sh603565,中谷物流,12.23,-0.17,-1.371,12.23,12.24,12.4,12.38,12.5,12.14,22780418.0,278864845.0,15:34:59,2026-09-07
sh603566,普莱柯,10.69,0.09,0.849,10.68,10.69,10.6,10.69,10.76,10.61,3557000.0,38026739.0,15:34:59,2026-09-07
sh603567,珍宝岛,5.58,0.06,1.087,5.58,5.59,5.52,5.5,5.63,5.5,21572418.0,120470665.0,15:34:59,2026-09-07
sh603568,伟明环保,14.2,-0.23,-1.594,14.2,14.21,14.43,14.46,14.54,14.11,9016354.0,128675254.0,15:34:59,2026-09-07
sh603569,长久物流,5.95,-0.04,-0.668,5.94,5.95,5.99,6.0,6.0,5.92,3867500.0,23003541.0,15:00:02,2026-09-07
sh603577,汇金通,10.2,-0.08,-0.778,10.18,10.2,10.28,10.26,10.38,10.1,3003340.0,30636122.0,15:00:02,2026-09-07
sh603578,三星新材,12.68,0.2,1.603,12.66,12.68,12.48,12.48,12.84,12.41,2493000.0,31612446.0,15:00:05,2026-09-07
sh603579,荣泰健康,18.33,0.11,0.604,18.32,18.33,18.22,18.12,18.37,18.07,2046030.0,37325909.0,15:34:59,2026-09-07
sh603580,艾艾精工,67.26,-1.36,-1.982,67.25,67.26,68.62,69.75,70.0,66.06,7938880.0,535798253.0,15:34:59,2026-09-07
sh603583,捷昌驱动,26.74,0.52,1.983,26.74,26.75,26.22,25.98,26.95,25.96,6368617.0,169265895.0,15:34:59,2026-09-07
sh603585,苏利股份,10.78,0.12,1.126,10.77,10.78,10.66,10.62,10.85,10.58,3634284.0,39042610.0,15:34:59,2026-09-07
sh603586,金麒麟,13.94,0.06,0.432,13.94,13.96,13.88,13.8,14.04,13.8,1371000.0,19142422.0,15:34:59,2026-09-07
sh603587,地素时尚,13.53,0.54,4.157,13.53,13.54,12.99,13.21,13.56,13.13,10041823.0,134870950.0,15:00:04,2026-09-07
sh603588,高能环境,15.09,0.38,2.583,15.08,15.09,14.71,14.8,15.2,14.65,43781683.0,655934017.0,15:34:59,2026-09-07
sh603589,口子窖,19.37,-0.03,-0.155,19.36,19.37,19.4,19.4,19.5,19.26,3709200.0,71767455.0,15:34:59,2026-09-07
sh603590,康辰药业,30.27,0.24,0.799,30.27,30.29,30.03,30.03,30.4,29.81,1262103.0,37979943.0,15:00:02,2026-09-07
sh603595,ST东尼,30.87,0.99,3.313,30.86,30.87,29.88,30.45,31.34,30.0,2590800.0,79471642.0,15:34:59,2026-09-07
sh603596,伯特利,30.13,0.17,0.567,30.13,30.14,29.96,29.62,30.35,29.6,23290882.0,698011620.0,15:34:59,2026-09-07
sh603598,引力传媒,18.6,-0.17,-0.906,18.6,18.61,18.77,18.65,18.75,18.11,30088059.0,556427855.0,15:34:59,2026-09-07
sh603599,广信股份,10.77,0.0,0.0,10.77,10.78,10.77,10.82,11.08,10.72,19927381.0,216634795.0,15:34:59,2026-09-07
sh603600,永艺股份,10.36,-0.04,-0.385,10.36,10.37,10.4,10.35,10.52,10.26,4949500.0,51287901.0,15:00:04,2026-09-07
sh603601,再升科技,9.04,-0.03,-0.331,9.03,9.04,9.07,9.05,9.09,8.92,39394719.0,354912450.0,15:34:59,2026-09-07
sh603602,纵横通信,11.81,-0.03,-0.253,11.81,11.82,11.84,11.85,11.95,11.73,2045701.0,24168691.0,15:00:04,2026-09-07
sh603605,珀莱雅,61.6,-1.44,-2.284,61.59,61.6,63.04,63.04,63.62,61.6,5166700.0,321408615.0,15:34:59,2026-09-07
sh603606,东方电缆,33.89,-0.18,-0.528,33.89,33.9,34.07,34.3,34.3,33.65,11720921.0,397564104.0,15:34:59,2026-09-07
sh603607,京华激光,22.58,0.57,2.59,22.58,22.59,22.01,21.96,22.95,21.96,5128000.0,116231050.0,15:34:59,2026-09-07
sh603608,天创时尚,23.05,2.1,10.024,23.05,0.0,20.95,21.0,23.05,20.95,21754624.0,485555345.0,15:34:59,2026-09-07
sh603609,禾丰股份,6.96,0.25,3.726,6.96,6.97,6.71,6.85,7.03,6.75,15274490.0,105311499.0,15:34:59,2026-09-07
sh603610,麒盛科技,14.26,0.1,0.706,14.26,14.27,14.16,14.13,14.4,14.0,3647355.0,51859408.0,15:00:04,2026-09-07
sh603611,诺力股份,16.3,-0.03,-0.184,16.3,16.31,16.33,16.3,16.38,16.16,1151082.0,18735116.0,15:00:05,2026-09-07
sh603612,索通发展,16.68,-0.29,-1.709,16.68,16.69,16.97,16.98,17.05,16.61,9479190.0,158785068.0,15:34:59,2026-09-07
sh603613,国联股份,19.91,-0.77,-3.723,19.91,19.93,20.68,20.5,20.7,19.91,27244504.0,547627372.0,15:34:59,2026-09-07
sh603615,茶花股份,18.29,0.19,1.05,18.28,18.29,18.1,18.1,18.35,18.05,2641521.0,48078101.0,15:34:59,2026-09-07
sh603616,韩建河山,5.83,0.03,0.517,5.83,5.84,5.8,6.09,6.1,5.81,21017500.0,124336429.0,15:34:59,2026-09-07
sh603617,君禾股份,7.05,0.07,1.003,7.05,7.06,6.98,6.98,7.1,6.95,5624272.0,39604222.0,15:34:59,2026-09-07
sh603618,杭电股份,36.96,0.5,1.371,36.96,36.97,36.46,36.77,37.4,35.29,94275007.0,3455690741.0,15:34:59,2026-09-07
sh603619,中曼石油,22.64,-0.14,-0.615,22.63,22.64,22.78,22.98,22.99,22.27,18743745.0,422827785.0,15:34:59,2026-09-07
sh603626,科森科技,19.72,1.79,9.983,19.72,0.0,17.93,18.3,19.72,18.29,30553807.0,596844331.0,15:34:59,2026-09-07
sh603628,清源股份,10.85,0.99,10.041,10.85,0.0,9.86,9.94,10.85,9.84,18189093.0,193102668.0,15:00:04,2026-09-07
sh603629,利通电子,111.38,3.03,2.796,111.38,111.39,108.35,110.4,112.9,107.8,25380962.0,2813850825.0,15:34:59,2026-09-07
sh603630,拉芳家化,14.59,-0.02,-0.137,14.59,14.6,14.61,14.61,14.75,14.45,5093500.0,74129808.0,15:34:59,2026-09-07
sh603633,徕木股份,6.62,-0.03,-0.451,6.62,6.63,6.65,6.65,6.7,6.57,4686273.0,31052748.0,15:00:02,2026-09-07
sh603636,南威软件,7.12,0.02,0.282,7.12,7.13,7.1,7.08,7.15,6.99,8382500.0,59134176.0,15:34:59,2026-09-07
sh603637,镇海股份,14.97,0.29,1.975,14.97,14.98,14.68,14.8,15.01,14.4,7144190.0,104661980.0,15:34:59,2026-09-07
sh603638,艾迪精密,18.46,-0.03,-0.162,18.46,18.47,18.49,18.45,18.76,18.4,6251287.0,115900755.0,15:34:59,2026-09-07
sh603639,海利尔,10.77,0.11,1.032,10.77,10.79,10.66,10.65,10.81,10.63,1375346.0,14798421.0,15:00:04,2026-09-07
sh603648,畅联股份,9.57,0.24,2.572,9.56,9.57,9.33,9.38,9.57,9.31,3178900.0,30077770.0,15:34:59,2026-09-07
sh603650,彤程新材,58.81,1.65,2.887,58.81,58.82,57.16,57.6,59.16,56.94,11899202.0,694197163.0,15:34:59,2026-09-07
sh603655,朗博科技,31.15,1.9,6.496,31.15,31.18,29.25,29.35,31.83,29.17,2618000.0,80841867.0,15:34:59,2026-09-07
sh603656,泰禾智能,17.31,0.1,0.581,17.31,17.32,17.21,17.28,17.36,17.08,952000.0,16399389.0,15:00:03,2026-09-07
sh603657,春光科技,26.61,1.36,5.386,26.6,26.61,25.25,25.26,26.79,25.26,2552100.0,66034294.0,15:34:59,2026-09-07
sh603658,安图生物,32.51,-0.47,-1.425,32.51,32.52,32.98,33.3,33.3,32.5,2097765.0,68537669.0,15:34:59,2026-09-07
sh603659,璞泰来,22.36,-0.09,-0.401,22.36,22.37,22.45,22.47,22.54,22.22,16180688.0,361677210.0,15:34:59,2026-09-07
sh603660,苏州科达,10.05,-0.13,-1.277,10.05,10.06,10.18,10.25,10.25,9.97,18319788.0,185001223.0,15:34:59,2026-09-07
sh603661,恒林股份,31.36,0.58,1.884,31.34,31.36,30.78,30.65,31.46,30.53,1869309.0,57991960.0,15:34:59,2026-09-07
sh603662,柯力传感,50.8,0.55,1.095,50.8,50.81,50.25,50.38,51.47,50.06,3120389.0,159118790.0,15:34:59,2026-09-07
sh603663,三祥新材,40.11,1.91,5.0,40.11,40.12,38.2,38.69,40.39,38.26,17642045.0,699774117.0,15:34:59,2026-09-07
sh603665,康隆达,22.13,-0.09,-0.405,22.12,22.13,22.22,22.22,22.32,21.64,2986900.0,65792237.0,15:00:02,2026-09-07
sh603666,亿嘉和,25.62,-0.06,-0.234,25.6,25.62,25.68,25.71,26.04,25.1,3563979.0,91016401.0,15:34:59,2026-09-07
sh603667,五洲新春,51.13,2.28,4.667,51.13,51.14,48.85,49.0,52.25,49.0,22264576.0,1139453027.0,15:34:59,2026-09-07
sh603668,天马科技,13.12,1.19,9.975,13.12,0.0,11.93,12.04,13.12,11.7,29560029.0,375507858.0,15:34:59,2026-09-07
sh603669,灵康药业,5.27,0.05,0.958,5.27,5.28,5.22,5.25,5.42,5.2,21255544.0,113183322.0,15:00:04,2026-09-07
sh603676,卫信康,9.03,-0.05,-0.551,9.02,9.03,9.08,9.03,9.11,8.99,1200500.0,10832705.0,15:00:02,2026-09-07
sh603677,奇精机械,13.61,0.09,0.666,13.6,13.61,13.52,13.47,13.75,13.37,1125000.0,15258177.0,15:00:01,2026-09-07
sh603678,火炬电子,45.44,1.85,4.244,45.44,45.45,43.59,43.91,45.94,43.8,18044587.0,810312494.0,15:34:59,2026-09-07
sh603679,华体科技,23.77,2.16,9.995,23.77,0.0,21.61,22.28,23.77,21.63,12774162.0,297958910.0,15:34:59,2026-09-07
sh603680,今创集团,9.96,-0.06,-0.599,9.95,9.96,10.02,10.1,10.1,9.92,3041100.0,30319084.0,15:34:59,2026-09-07
sh603681,永冠新材,18.43,-0.2,-1.074,18.42,18.43,18.63,18.82,18.93,18.15,8056597.0,148510684.0,15:34:59,2026-09-07
sh603682,锦和商管,10.8,0.17,1.599,10.8,10.81,10.63,10.62,10.95,10.51,11171100.0,120697855.0,15:34:59,2026-09-07
sh603683,晶华新材,16.3,0.31,1.939,16.3,16.31,15.99,15.95,16.76,15.92,19750410.0,322092388.0,15:34:59,2026-09-07
sh603685,晨丰科技,27.86,0.09,0.324,27.86,27.87,27.77,27.69,28.66,27.69,2067300.0,58137897.0,15:00:00,2026-09-07
sh603686,福龙马,13.69,-0.03,-0.219,13.68,13.69,13.72,13.73,13.85,13.35,31412211.0,425834298.0,15:34:59,2026-09-07
sh603687,大胜达,16.31,0.06,0.369,16.31,16.33,16.25,16.25,16.46,15.83,18677467.0,303207409.0,15:34:59,2026-09-07
sh603688,石英股份,46.62,1.64,3.646,46.61,46.62,44.98,45.87,47.06,45.11,15941373.0,740969971.0,15:34:59,2026-09-07
sh603689,皖天然气,7.72,-0.03,-0.387,7.72,7.73,7.75,7.74,7.77,7.68,2899880.0,22398628.0,15:00:03,2026-09-07
sh603690,至纯科技,24.17,0.88,3.778,24.17,24.18,23.29,23.7,24.48,23.33,21264327.0,510327614.0,15:34:59,2026-09-07
sh603693,江苏新能,11.2,-0.03,-0.267,11.2,11.21,11.23,11.23,11.25,11.14,3145116.0,35183685.0,15:00:05,2026-09-07
sh603696,安记食品,16.64,1.51,9.98,16.64,0.0,15.13,16.14,16.64,16.14,15425664.0,255149129.0,15:34:59,2026-09-07
sh603697,有友食品,9.99,0.06,0.604,9.98,9.99,9.93,9.97,10.07,9.9,4512000.0,45028909.0,15:34:59,2026-09-07
sh603698,航天工程,21.53,-0.13,-0.6,21.53,21.54,21.66,21.66,21.79,21.46,7421100.0,160166977.0,15:34:59,2026-09-07
sh603699,纽威股份,44.47,-1.15,-2.521,44.47,44.49,45.62,45.67,46.0,44.2,5254394.0,235446884.0,15:34:59,2026-09-07
sh603700,宁水集团,12.24,0.62,5.336,12.23,12.24,11.62,11.65,12.33,11.62,9354520.0,113256913.0,15:34:59,2026-09-07
sh603701,德宏股份,20.12,-0.28,-1.373,20.12,20.14,20.4,20.2,20.35,19.84,4977985.0,100170313.0,15:34:59,2026-09-07
sh603703,盛洋科技,10.32,0.11,1.077,10.31,10.32,10.21,10.17,10.35,10.15,7783800.0,79889141.0,15:34:59,2026-09-07
sh603706,东方环宇,17.59,0.22,1.267,17.58,17.59,17.37,17.44,17.59,17.39,1152868.0,20166416.0,15:34:59,2026-09-07
sh603707,健友股份,7.81,-0.08,-1.014,7.81,7.82,7.89,7.9,7.91,7.76,11873250.0,92668898.0,15:34:59,2026-09-07
sh603708,家家悦,9.71,0.29,3.079,9.71,9.72,9.42,9.45,9.77,9.43,14224978.0,137738151.0,15:34:59,2026-09-07
sh603709,中源家居,12.5,0.17,1.379,12.5,12.55,12.33,12.33,12.64,12.25,3426510.0,42812036.0,15:00:04,2026-09-07
sh603711,香飘飘,11.9,0.22,1.884,11.89,11.9,11.68,11.67,11.92,11.65,4290300.0,50826000.0,15:34:59,2026-09-07
sh603712,七一二,11.72,-0.18,-1.513,11.72,11.73,11.9,11.94,11.97,11.66,8522499.0,100019130.0,15:34:59,2026-09-07
sh603713,密尔克卫,66.38,3.09,4.882,66.26,66.38,63.29,63.46,66.95,62.2,4019511.0,260474497.0,15:34:59,2026-09-07
sh603716,塞力医疗,17.62,0.29,1.673,17.61,17.62,17.33,17.33,17.63,16.99,9892099.0,170777938.0,15:34:59,2026-09-07
sh603717,天域生物,6.7,0.16,2.446,6.7,6.71,6.54,6.54,6.72,6.42,13708199.0,90612713.0,15:34:59,2026-09-07
sh603718,*ST海利,3.25,0.08,2.524,3.24,3.25,3.17,3.18,3.25,3.17,4725100.0,15231640.0,15:00:03,2026-09-07
sh603719,良品铺子,9.83,0.18,1.865,9.82,9.83,9.65,9.65,9.86,9.6,4816500.0,47092316.0,15:34:59,2026-09-07
sh603721,中广天择,20.68,-0.38,-1.804,20.68,20.69,21.06,20.24,21.0,20.01,17479907.0,359332456.0,15:34:59,2026-09-07
sh603722,阿科力,29.88,0.39,1.322,29.87,29.88,29.49,29.79,30.06,29.27,944000.0,28134088.0,15:00:04,2026-09-07
sh603725,天安新材,10.97,0.43,4.08,10.96,10.97,10.54,10.6,11.33,10.52,16838646.0,185842228.0,15:34:59,2026-09-07
sh603726,朗迪集团,24.32,0.02,0.082,24.31,24.32,24.3,24.3,24.66,24.11,2658700.0,64714134.0,15:34:59,2026-09-07
sh603727,博迈科,17.73,-0.44,-2.422,17.73,17.75,18.17,18.17,18.18,17.48,3286366.0,58266870.0,15:34:59,2026-09-07
sh603728,鸣志电器,51.28,1.15,2.294,51.27,51.28,50.13,50.38,52.24,50.15,10065636.0,515162070.0,15:34:59,2026-09-07
sh603729,ST龙韵,12.39,0.14,1.143,12.38,12.39,12.25,12.3,12.63,12.28,1162400.0,14487822.0,15:00:03,2026-09-07
sh603730,岱美股份,11.21,0.37,3.413,11.21,11.22,10.84,10.82,11.3,10.78,18003346.0,200620129.0,15:34:59,2026-09-07
sh603733,仙鹤股份,18.98,0.16,0.85,18.98,18.99,18.82,18.88,19.2,18.7,9217303.0,175162481.0,15:34:59,2026-09-07
sh603737,三棵树,23.77,-0.81,-3.295,23.77,23.78,24.58,24.49,24.85,23.6,10157854.0,243342527.0,15:34:59,2026-09-07
sh603738,泰晶科技,36.2,1.9,5.539,36.2,36.21,34.3,34.86,36.28,34.66,23904667.0,851291853.0,15:34:59,2026-09-07
sh603739,蔚蓝生物,13.04,0.32,2.516,13.04,13.05,12.72,12.75,13.08,12.7,4923460.0,63981371.0,15:34:59,2026-09-07
sh603755,日辰股份,24.97,-0.15,-0.597,24.93,24.97,25.12,25.44,25.44,24.56,1867346.0,46501326.0,15:00:04,2026-09-07
sh603757,大元泵业,72.88,0.47,0.649,72.87,72.88,72.41,70.4,74.5,69.01,15463763.0,1107639565.0,15:34:59,2026-09-07
sh603758,秦安股份,11.61,0.16,1.397,11.6,11.61,11.45,11.4,11.69,11.35,8622892.0,99701019.0,15:34:59,2026-09-07
sh603759,海天股份,7.45,-0.08,-1.062,7.45,7.46,7.53,7.53,7.55,7.44,3084200.0,23063811.0,15:34:59,2026-09-07
sh603766,隆鑫通用,14.35,-0.42,-2.844,14.35,14.36,14.77,14.77,14.95,14.35,13765150.0,199772836.0,15:00:04,2026-09-07
sh603767,中马传动,14.26,0.11,0.777,14.26,14.27,14.15,14.19,14.45,14.04,3618200.0,51620117.0,15:00:00,2026-09-07
sh603768,常青股份,11.66,0.03,0.258,11.65,11.66,11.63,11.71,11.78,11.55,2089100.0,24386146.0,15:00:04,2026-09-07
sh603773,沃格光电,90.05,5.82,6.91,90.04,90.05,84.23,86.32,92.65,86.32,24512201.0,2208473574.0,15:34:59,2026-09-07
sh603776,永安行,20.11,-0.11,-0.544,20.11,20.12,20.22,20.31,20.36,19.8,2166336.0,43372289.0,15:00:03,2026-09-07
sh603777,来伊份,14.28,0.23,1.637,14.28,14.29,14.05,14.0,14.4,14.0,7864953.0,111914307.0,15:34:59,2026-09-07
sh603778,国晟科技,10.5,-0.29,-2.688,10.5,10.51,10.79,10.77,10.93,10.43,72296600.0,763711545.0,15:34:59,2026-09-07
sh603779,威龙股份,8.48,0.1,1.193,8.47,8.48,8.38,8.4,8.49,8.3,10287225.0,86716669.0,15:34:59,2026-09-07
sh603786,科博达,39.77,0.25,0.633,39.77,39.78,39.52,39.43,39.84,39.18,1465162.0,58038977.0,15:34:59,2026-09-07
sh603787,新日股份,10.31,-0.01,-0.097,10.31,10.34,10.32,10.35,10.45,10.28,1628100.0,16844924.0,15:00:02,2026-09-07
sh603788,宁波高发,13.75,0.05,0.365,13.75,13.78,13.7,13.66,13.89,13.65,1041340.0,14365012.0,15:00:05,2026-09-07
sh603789,ST星农,6.2,0.07,1.142,6.2,6.22,6.13,6.13,6.31,6.13,2870750.0,17896011.0,15:34:59,2026-09-07
sh603790,雅运股份,23.19,-0.84,-3.496,23.19,23.2,24.03,23.98,24.22,23.1,3264300.0,77110718.0,15:34:59,2026-09-07
sh603797,联泰环保,4.79,0.0,0.0,4.78,4.79,4.79,4.79,4.83,4.76,6495488.0,31141225.0,15:34:59,2026-09-07
sh603798,康普顿,14.39,0.12,0.841,14.39,14.4,14.27,14.34,14.69,14.09,7242634.0,104479790.0,15:34:59,2026-09-07
sh603799,华友钴业,37.98,-0.09,-0.236,37.98,37.99,38.07,37.83,38.11,37.52,27908500.0,1056229039.0,15:34:59,2026-09-07
sh603800,洪田股份,57.65,1.5,2.671,57.62,57.65,56.15,56.55,58.78,56.19,4896000.0,282361525.0,15:34:59,2026-09-07
sh603801,志邦家居,6.37,0.1,1.595,6.36,6.37,6.27,6.25,6.43,6.2,17029700.0,107938128.0,15:34:59,2026-09-07
sh603803,瑞斯康达,11.2,0.4,3.704,11.2,11.21,10.8,10.9,11.4,10.9,17380768.0,194659013.0,15:34:59,2026-09-07
sh603806,福斯特,14.64,0.15,1.035,14.64,14.65,14.49,14.65,14.69,14.43,18916616.0,275434992.0,15:34:59,2026-09-07
sh603808,歌力思,8.84,0.16,1.843,8.83,8.84,8.68,8.64,8.88,8.6,4603595.0,40530470.0,15:00:04,2026-09-07
sh603809,豪能股份,8.85,-0.01,-0.113,8.85,8.86,8.86,8.83,8.96,8.83,5247617.0,46694840.0,15:00:02,2026-09-07
sh603810,丰山集团,12.43,0.23,1.885,12.42,12.43,12.2,12.25,12.55,12.1,1727800.0,21463242.0,15:00:02,2026-09-07
sh603811,诚意药业,7.17,-0.04,-0.555,7.17,7.19,7.21,7.21,7.25,7.16,3943652.0,28332658.0,15:00:03,2026-09-07
sh603813,原尚股份,27.66,0.11,0.399,27.65,27.66,27.55,27.55,28.33,27.03,622100.0,17296138.0,15:34:59,2026-09-07
sh603815,交建股份,5.42,0.0,0.0,5.42,5.43,5.42,5.41,5.47,5.4,4368800.0,23721228.0,15:00:04,2026-09-07
sh603816,顾家家居,23.32,-0.42,-1.769,23.32,23.33,23.74,23.64,23.95,23.11,6625780.0,154751971.0,15:34:59,2026-09-07
sh603817,海峡环保,5.9,0.04,0.683,5.89,5.9,5.86,5.86,5.97,5.82,12267200.0,72376679.0,15:34:59,2026-09-07
sh603818,曲美家居,3.68,-0.13,-3.412,3.68,3.69,3.81,3.8,3.85,3.55,36059700.0,133257249.0,15:00:01,2026-09-07
sh603819,神力股份,17.08,0.06,0.353,17.08,17.1,17.02,17.11,17.42,16.36,8814112.0,150211650.0,15:34:59,2026-09-07
sh603822,ST嘉澳,64.0,-2.48,-3.73,64.0,64.05,66.48,66.45,67.58,63.84,902080.0,59299798.0,15:34:59,2026-09-07
sh603823,百合花,58.04,5.28,10.008,58.04,0.0,52.76,53.38,58.04,53.38,13601422.0,777548475.0,15:34:59,2026-09-07
sh603825,ST华扬,8.39,-0.04,-0.474,8.39,8.4,8.43,8.49,8.56,8.35,2169000.0,18302610.0,15:34:59,2026-09-07
sh603826,坤彩科技,17.38,1.58,10.0,17.38,0.0,15.8,15.85,17.38,15.82,6683720.0,113823699.0,15:34:59,2026-09-07
sh603828,*ST利达,5.35,0.19,3.682,5.33,5.35,5.16,5.4,5.4,5.15,3700100.0,19538462.0,15:34:59,2026-09-07
sh603829,洛凯股份,15.77,0.15,0.96,15.74,15.77,15.62,15.62,15.82,15.41,2021700.0,31603839.0,15:34:59,2026-09-07
sh603833,欧派家居,31.32,0.02,0.064,31.32,31.33,31.3,31.28,31.45,30.87,2607000.0,81158457.0,15:34:59,2026-09-07
sh603836,海程邦达,9.46,0.1,1.068,9.45,9.46,9.36,9.36,9.48,9.28,2719320.0,25599897.0,15:00:04,2026-09-07
sh603838,*ST四通,11.93,0.1,0.845,11.91,11.93,11.83,11.88,12.81,11.83,5002000.0,61343899.0,15:00:05,2026-09-07
sh603839,安正时尚,6.92,-0.03,-0.432,6.92,6.93,6.95,6.95,7.04,6.83,5482268.0,37886399.0,15:34:59,2026-09-07
sh603843,*ST正平,7.18,0.01,0.139,7.17,7.18,7.17,7.06,7.26,7.04,8510620.0,60984949.0,15:34:59,2026-09-07
sh603848,好太太,13.88,0.32,2.36,13.87,13.88,13.56,13.71,13.95,13.56,2360400.0,32575476.0,15:34:59,2026-09-07
sh603855,华荣股份,17.33,0.27,1.583,17.33,17.34,17.06,17.13,17.64,17.13,2921901.0,50822347.0,15:00:04,2026-09-07
sh603856,东宏股份,11.73,0.0,0.0,11.73,11.74,11.73,11.73,11.77,11.62,2121900.0,24813710.0,15:34:59,2026-09-07
sh603858,步长制药,14.81,-0.04,-0.269,14.8,14.81,14.85,14.91,14.95,14.79,3292297.0,48835292.0,15:34:59,2026-09-07
sh603859,能科科技,38.2,0.35,0.925,38.19,38.2,37.85,37.82,38.42,37.65,4769700.0,181476860.0,15:34:59,2026-09-07
sh603860,中公高科,26.66,0.08,0.301,26.66,26.72,26.58,26.58,26.96,26.5,811000.0,21704381.0,15:00:04,2026-09-07
sh603861,白云电器,11.62,-0.07,-0.599,11.61,11.62,11.69,11.69,11.75,11.56,4802200.0,55876441.0,15:00:01,2026-09-07
sh603863,松炀资源,12.57,0.16,1.289,12.57,12.6,12.41,12.5,12.72,12.36,3489400.0,43974096.0,15:34:59,2026-09-07
sh603866,桃李面包,4.44,0.1,2.304,4.44,4.45,4.34,4.36,4.46,4.34,16591575.0,73380194.0,15:34:59,2026-09-07
sh603867,新化股份,30.46,1.38,4.746,30.45,30.46,29.08,29.36,30.75,28.8,12122949.0,361969962.0,15:34:59,2026-09-07
sh603868,飞科电器,32.02,0.33,1.041,32.02,32.03,31.69,31.79,32.08,31.42,754700.0,24014113.0,15:34:59,2026-09-07
sh603869,ST智知,9.02,0.03,0.334,8.99,9.02,8.99,8.96,9.05,8.91,613900.0,5514138.0,15:34:59,2026-09-07
sh603871,嘉友国际,13.94,-0.05,-0.357,13.93,13.94,13.99,13.89,14.07,13.77,10685687.0,148427256.0,15:34:59,2026-09-07
sh603876,鼎胜新材,20.16,0.34,1.715,20.15,20.16,19.82,19.83,20.19,19.58,16001060.0,320143774.0,15:34:59,2026-09-07
sh603877,太平鸟,12.79,0.1,0.788,12.78,12.79,12.69,12.65,12.83,12.55,1047800.0,13336347.0,15:00:04,2026-09-07
sh603878,武进不锈,5.11,-0.01,-0.195,5.11,5.12,5.12,5.14,5.17,5.02,7826916.0,40061021.0,15:00:05,2026-09-07
sh603879,永悦科技,5.27,0.03,0.573,5.27,5.28,5.24,5.25,5.34,5.23,7112026.0,37612480.0,15:34:59,2026-09-07
sh603880,南卫股份,10.23,0.56,5.791,10.23,10.24,9.67,9.68,10.27,9.44,12861139.0,127453860.0,15:34:59,2026-09-07
sh603881,数据港,25.12,0.4,1.618,25.11,25.12,24.72,24.66,25.27,24.54,22164651.0,552862327.0,15:34:59,2026-09-07
sh603882,金域医学,26.37,-0.33,-1.236,26.37,26.38,26.7,26.71,26.86,26.05,8270504.0,217338552.0,15:34:59,2026-09-07
sh603883,老百姓,13.7,0.23,1.707,13.7,13.71,13.47,13.48,13.74,13.43,13846267.0,188569672.0,15:34:59,2026-09-07
sh603885,吉祥航空,10.28,0.03,0.293,10.28,10.29,10.25,10.2,10.36,10.18,12266624.0,126103280.0,15:34:59,2026-09-07
sh603886,元祖股份,13.05,0.41,3.244,13.05,13.06,12.64,12.64,13.13,12.59,6215500.0,80632141.0,15:34:59,2026-09-07
sh603887,城地香江,9.63,-0.02,-0.207,9.63,9.64,9.65,9.63,9.7,9.52,21876236.0,210426773.0,15:34:59,2026-09-07
sh603888,新华网,16.75,0.19,1.147,16.74,16.75,16.56,16.62,16.78,16.48,7702647.0,128196869.0,15:34:59,2026-09-07
sh603889,新澳股份,6.13,-0.1,-1.605,6.12,6.13,6.23,6.24,6.27,6.11,9321275.0,57348588.0,15:34:59,2026-09-07
sh603890,春秋电子,18.87,-0.74,-3.774,18.86,18.87,19.61,19.4,19.55,18.3,49323138.0,929697486.0,15:34:59,2026-09-07
sh603893,瑞芯微,192.68,3.68,1.947,192.67,192.68,189.0,191.5,194.2,189.02,10624640.0,2040566113.0,15:34:59,2026-09-07
sh603895,天永智能,28.37,1.64,6.135,28.37,28.38,26.73,26.68,28.87,26.65,2192240.0,61116197.0,15:34:59,2026-09-07
sh603896,寿仙谷,14.86,-0.01,-0.067,14.86,14.87,14.87,14.87,14.93,14.79,876500.0,13009874.0,15:00:05,2026-09-07
sh603897,长城科技,31.32,1.51,5.065,31.32,31.33,29.81,29.9,32.08,29.58,18746390.0,583779229.0,15:34:59,2026-09-07
sh603898,好莱客,11.76,0.15,1.292,11.75,11.76,11.61,11.61,11.88,11.55,2008300.0,23589587.0,15:00:03,2026-09-07
sh603899,晨光股份,23.59,0.43,1.857,23.59,23.6,23.16,23.18,23.74,23.07,5814000.0,137074601.0,15:34:59,2026-09-07
sh603900,莱绅通灵,6.68,-0.28,-4.023,6.67,6.68,6.96,6.87,6.99,6.65,32062500.0,216902222.0,15:34:59,2026-09-07
sh603901,永创智能,9.83,-0.05,-0.506,9.82,9.83,9.88,9.89,10.05,9.79,8400525.0,83050127.0,15:34:59,2026-09-07
sh603903,中持股份,14.23,0.64,4.709,14.22,14.23,13.59,13.61,14.52,13.61,8979708.0,126783670.0,15:34:59,2026-09-07
sh603906,龙蟠科技,18.59,-0.11,-0.588,18.59,18.6,18.7,18.65,18.9,18.38,14879813.0,276327316.0,15:34:59,2026-09-07
sh603908,牧高笛,19.5,0.01,0.051,19.42,19.5,19.49,19.3,19.66,19.26,998194.0,19471582.0,15:00:04,2026-09-07
sh603909,建发合诚,9.85,0.01,0.102,9.85,9.88,9.84,9.8,9.99,9.66,2918200.0,28678271.0,15:00:03,2026-09-07
sh603912,佳力图,9.09,-0.06,-0.656,9.08,9.1,9.15,9.15,9.3,8.96,22704369.0,206802260.0,15:34:59,2026-09-07
sh603915,国茂股份,13.49,0.0,0.0,13.49,13.5,13.49,13.6,13.64,13.43,4616401.0,62472009.0,15:00:01,2026-09-07
sh603916,苏博特,11.22,0.02,0.179,11.22,11.23,11.2,11.18,11.43,11.04,11645953.0,130912002.0,15:34:59,2026-09-07
sh603917,合力科技,13.08,-0.14,-1.059,13.07,13.08,13.22,13.14,13.21,12.98,3032800.0,39715250.0,15:00:03,2026-09-07
sh603918,金桥信息,11.26,-0.08,-0.705,11.25,11.26,11.34,11.35,11.39,11.2,7949157.0,89530968.0,15:34:59,2026-09-07
sh603919,金徽酒,18.04,0.3,1.691,18.04,18.05,17.74,17.88,18.18,17.62,7485769.0,134755844.0,15:34:59,2026-09-07
sh603920,世运电路,38.6,2.67,7.431,38.59,38.6,35.93,36.25,39.0,36.13,33526590.0,1278425155.0,15:34:59,2026-09-07
sh603922,ST金鸿顺,14.15,0.02,0.142,14.14,14.15,14.13,14.22,14.8,14.03,798500.0,11505631.0,15:00:05,2026-09-07
sh603926,铁流股份,18.6,1.69,9.994,18.6,0.0,16.91,17.25,18.6,17.09,10906537.0,200340368.0,15:00:02,2026-09-07
sh603927,中科软,13.82,-0.19,-1.356,13.81,13.82,14.01,14.04,14.09,13.79,8244494.0,114372008.0,15:34:59,2026-09-07
sh603928,兴业股份,11.48,0.13,1.145,11.47,11.48,11.35,11.38,11.6,11.31,7529400.0,86303244.0,15:34:59,2026-09-07
sh603929,亚翔集成,156.0,5.74,3.82,155.99,156.0,150.26,152.17,157.5,151.17,3870932.0,598935179.0,15:34:59,2026-09-07
sh603931,格林达,34.19,0.86,2.58,34.19,34.2,33.33,33.43,34.55,33.43,3658311.0,125121687.0,15:00:02,2026-09-07
sh603933,睿能科技,19.23,0.23,1.211,19.22,19.23,19.0,19.25,19.37,18.82,2278740.0,43856565.0,15:00:00,2026-09-07
sh603936,博敏电子,17.58,1.6,10.013,17.58,0.0,15.98,16.2,17.58,16.14,51146062.0,875514365.0,15:34:59,2026-09-07
sh603937,丽岛新材,11.77,0.17,1.466,11.77,11.78,11.6,11.58,11.87,11.41,3751200.0,44097701.0,15:00:04,2026-09-07
sh603938,三孚股份,40.39,0.9,2.279,40.39,40.4,39.49,40.24,40.94,39.51,12197911.0,491579094.0,15:34:59,2026-09-07
sh603939,益丰药房,22.82,-0.08,-0.349,22.82,22.83,22.9,22.9,23.35,22.8,7393062.0,169617554.0,15:00:00,2026-09-07
sh603948,建业股份,19.85,0.19,0.966,19.85,19.87,19.66,19.96,19.99,19.63,996700.0,19785782.0,15:00:03,2026-09-07
sh603949,雪龙集团,14.62,-0.21,-1.416,14.62,14.63,14.83,14.83,14.88,14.52,2643600.0,38860366.0,15:34:59,2026-09-07
sh603950,长源东谷,64.37,-0.77,-1.182,64.37,64.38,65.14,66.3,67.78,62.81,7155021.0,462902830.0,15:34:59,2026-09-07
sh603955,大千生态,21.73,0.56,2.645,21.66,21.73,21.17,21.63,21.8,21.18,2269500.0,48819229.0,15:00:05,2026-09-07
sh603956,威派格,6.07,-0.02,-0.328,6.06,6.07,6.09,6.1,6.12,5.93,14222595.0,85797730.0,15:34:59,2026-09-07
sh603958,哈森股份,20.31,-0.4,-1.931,20.3,20.31,20.71,20.71,20.97,19.8,16409599.0,330071824.0,15:34:59,2026-09-07
sh603959,ST百利,4.36,0.03,0.693,4.35,4.36,4.33,4.35,4.41,4.33,4794936.0,20928690.0,15:00:02,2026-09-07
sh603960,克来机电,16.26,-0.08,-0.49,16.26,16.27,16.34,16.26,16.49,16.02,5202842.0,84522611.0,15:34:59,2026-09-07
sh603966,法兰泰克,7.39,0.0,0.0,7.39,7.4,7.39,7.39,7.42,7.3,5353199.0,39479250.0,15:34:59,2026-09-07
sh603967,中创物流,11.69,0.03,0.257,11.69,11.72,11.66,11.67,11.8,11.67,2436780.0,28592734.0,15:00:03,2026-09-07
sh603968,醋化股份,10.8,0.11,1.029,10.8,10.81,10.69,10.8,10.89,10.66,1957700.0,21136568.0,15:00:03,2026-09-07
sh603969,银龙股份,8.12,0.22,2.785,8.12,8.13,7.9,7.9,8.2,7.81,17322923.0,140049700.0,15:34:59,2026-09-07
sh603970,中农立华,11.53,0.39,3.501,11.52,11.53,11.14,11.07,11.83,11.07,7452620.0,85991525.0,15:34:59,2026-09-07
sh603976,正川股份,35.39,-0.43,-1.2,35.38,35.39,35.82,36.06,36.06,32.24,12928148.0,438523549.0,15:34:59,2026-09-07
sh603977,国泰集团,11.76,-0.04,-0.339,11.76,11.77,11.8,11.85,11.89,11.62,6160562.0,72520820.0,15:00:05,2026-09-07
sh603978,深圳新星,21.41,-0.49,-2.237,21.41,21.42,21.9,21.86,22.31,21.11,17516723.0,374794190.0,15:34:59,2026-09-07
sh603979,金诚信,78.45,-1.09,-1.37,78.45,78.46,79.54,78.83,79.99,77.18,7259465.0,568760662.0,15:34:59,2026-09-07
sh603980,吉华集团,7.65,-0.29,-3.652,7.65,7.66,7.94,7.85,7.93,7.36,76424700.0,576454056.0,15:34:59,2026-09-07
sh603982,泉峰汽车,6.31,0.02,0.318,6.31,6.32,6.29,6.32,6.36,6.23,4318720.0,27240320.0,15:00:04,2026-09-07
sh603983,丸美生物,34.09,0.81,2.434,34.09,34.11,33.28,33.45,34.67,33.0,6319497.0,215584727.0,15:34:59,2026-09-07
sh603985,恒润股份,17.6,-0.16,-0.901,17.6,17.61,17.76,17.84,18.03,17.55,8859155.0,157046602.0,15:34:59,2026-09-07
sh603986,兆易创新,385.44,13.56,3.646,385.43,385.44,371.88,382.81,386.26,380.3,34965554.0,13412085197.0,15:34:59,2026-09-07
sh603987,康德莱,7.58,0.01,0.132,7.57,7.58,7.57,7.56,7.6,7.51,2157800.0,16308812.0,15:00:03,2026-09-07
sh603988,中电电机,19.22,-0.13,-0.672,19.21,19.22,19.35,19.3,19.41,19.05,4248382.0,81829210.0,15:34:59,2026-09-07
sh603989,艾华集团,32.8,1.28,4.061,32.8,32.81,31.52,32.08,32.83,31.0,45489471.0,1461074422.0,15:34:59,2026-09-07
sh603990,麦迪科技,20.35,-0.38,-1.833,20.34,20.35,20.73,21.88,21.9,19.91,18082093.0,368250069.0,15:34:59,2026-09-07
sh603991,领先股份,167.36,7.76,4.862,167.36,167.37,159.6,159.6,167.97,157.6,5603301.0,914888424.0,15:34:59,2026-09-07
sh603992,松霖科技,20.42,-0.32,-1.543,20.42,20.43,20.74,20.74,20.96,20.28,5119368.0,105187645.0,15:00:03,2026-09-07
sh603993,洛阳钼业,18.37,-0.11,-0.595,18.37,18.38,18.48,18.35,18.55,18.27,115984822.0,2131701602.0,15:34:59,2026-09-07
sh603995,甬金股份,23.83,-0.9,-3.639,23.83,23.86,24.73,25.04,25.1,23.73,6879344.0,166293297.0,15:34:59,2026-09-07
sh603997,继峰股份,11.75,0.32,2.8,11.75,11.76,11.43,11.44,11.8,11.35,20782816.0,242100108.0,15:34:59,2026-09-07
sh603998,方盛制药,10.92,0.12,1.111,10.91,10.92,10.8,10.75,11.0,10.75,9454560.0,103158139.0,15:00:03,2026-09-07
sh603999,读者传媒,6.63,0.6,9.95,6.63,0.0,6.03,5.98,6.63,5.98,22592473.0,144016950.0,15:34:59,2026-09-07
sh605001,威奥股份,6.32,-0.01,-0.158,6.32,6.33,6.33,6.31,6.48,6.29,10771100.0,68799777.0,15:34:59,2026-09-07
sh605003,众望布艺,23.98,0.75,3.229,23.95,23.98,23.23,23.24,24.0,23.15,1650650.0,39212718.0,15:00:03,2026-09-07
sh605005,合兴股份,15.96,-0.02,-0.125,15.96,15.98,15.98,16.1,16.1,15.87,898717.0,14347031.0,15:00:04,2026-09-07
sh605006,山东玻纤,15.53,0.86,5.862,15.53,15.54,14.67,14.84,15.86,14.66,65040369.0,999350220.0,15:34:59,2026-09-07
sh605007,五洲特纸,14.78,-0.03,-0.203,14.77,14.78,14.81,14.79,14.97,14.42,6907200.0,101489196.0,15:34:59,2026-09-07
sh605008,长鸿高科,13.87,0.4,2.97,13.87,13.88,13.47,13.6,13.99,13.42,7317080.0,101018829.0,15:34:59,2026-09-07
sh605009,豪悦护理,24.96,0.02,0.08,24.95,24.96,24.94,25.1,25.16,24.82,789340.0,19745780.0,15:00:02,2026-09-07
sh605011,杭州热电,16.83,-0.32,-1.866,16.83,16.84,17.15,17.04,17.29,16.81,4002209.0,67663384.0,15:00:03,2026-09-07
sh605016,百龙创园,21.85,-0.4,-1.798,21.84,21.85,22.25,22.2,22.29,21.8,3803046.0,83592987.0,15:34:59,2026-09-07
sh605018,长华集团,11.72,-0.09,-0.762,11.72,11.73,11.81,11.81,12.04,11.7,2319900.0,27483569.0,15:00:03,2026-09-07
sh605020,永和股份,33.18,0.22,0.667,33.18,33.2,32.96,33.0,33.38,32.24,8319139.0,272902260.0,15:34:59,2026-09-07
sh605028,世茂能源,25.12,0.34,1.372,25.12,25.13,24.78,24.8,25.28,24.42,1263400.0,31486286.0,15:34:59,2026-09-07
sh605033,美邦股份,20.38,0.4,2.002,20.37,20.38,19.98,19.87,20.68,19.87,4955065.0,100951641.0,15:34:59,2026-09-07
sh605050,福然德,10.46,-0.02,-0.191,10.45,10.46,10.48,10.43,10.55,10.4,1336500.0,13978988.0,15:00:03,2026-09-07
sh605055,迎丰股份,9.62,0.16,1.691,9.62,9.63,9.46,9.52,9.74,9.31,3507700.0,33775009.0,15:00:04,2026-09-07
sh605056,咸亨国际,13.91,0.23,1.681,13.91,13.92,13.68,13.65,13.97,13.65,4217300.0,58544425.0,15:00:02,2026-09-07
sh605058,澳弘电子,28.54,1.07,3.895,28.54,28.55,27.47,27.53,28.65,27.53,2349408.0,66510333.0,15:34:59,2026-09-07
sh605060,联德股份,40.27,-0.71,-1.733,40.25,40.27,40.98,40.77,41.23,40.05,3318713.0,134635006.0,15:34:59,2026-09-07
sh605066,天正电气,6.94,-0.06,-0.857,6.94,6.95,7.0,7.0,7.05,6.93,4891575.0,34061596.0,15:34:59,2026-09-07
sh605068,明新旭腾,21.72,0.57,2.695,21.72,21.74,21.15,20.55,22.2,20.16,14102650.0,300413975.0,15:34:59,2026-09-07
sh605069,正和生态,10.66,-0.02,-0.187,10.66,10.68,10.68,10.71,10.77,10.57,2748080.0,29332885.0,15:34:59,2026-09-07
sh605077,华康股份,11.39,0.16,1.425,11.38,11.39,11.23,11.28,11.39,11.19,4061778.0,45979917.0,15:34:59,2026-09-07
sh605080,浙江自然,23.22,0.05,0.216,23.22,23.25,23.17,23.17,23.56,22.9,2047420.0,47447867.0,15:00:01,2026-09-07
sh605086,龙高股份,24.76,0.24,0.979,24.76,24.86,24.52,24.52,25.35,24.51,1116600.0,27812571.0,15:00:03,2026-09-07
sh605088,冠盛股份,21.97,-0.8,-3.513,21.97,21.98,22.77,22.57,23.19,21.87,17806959.0,395369357.0,15:34:59,2026-09-07
sh605089,味知香,21.8,0.41,1.917,21.8,21.81,21.39,21.39,21.94,21.37,1603224.0,34847169.0,15:00:03,2026-09-07
sh605090,九丰能源,33.12,-0.38,-1.134,33.12,33.13,33.5,33.8,33.8,32.89,6974880.0,231363781.0,15:34:59,2026-09-07
sh605098,XD行动教,54.37,-1.61,-2.876,54.37,54.56,55.98,56.0,56.0,53.63,1709832.0,93275636.0,15:34:59,2026-09-07
sh605099,共创草坪,29.96,0.21,0.706,29.95,29.96,29.75,29.67,30.24,29.59,1441389.0,43124839.0,15:34:59,2026-09-07
sh605100,华丰股份,33.82,1.26,3.87,33.81,33.82,32.56,32.89,34.99,32.58,7303289.0,248430880.0,15:00:05,2026-09-07
sh605108,同庆楼,13.55,0.3,2.264,13.54,13.55,13.25,13.3,13.58,13.2,4604144.0,62047701.0,15:34:59,2026-09-07
sh605111,新洁能,55.15,1.19,2.205,55.15,55.16,53.96,54.86,55.74,53.98,9726040.0,536674872.0,15:34:59,2026-09-07
sh605116,奥锐特,19.58,-0.06,-0.305,19.58,19.6,19.64,19.51,19.76,19.51,1802424.0,35395695.0,15:34:59,2026-09-07
sh605117,德业股份,85.19,-1.23,-1.423,85.19,85.2,86.42,86.43,86.7,84.8,8467818.0,721988824.0,15:34:59,2026-09-07
sh605118,力鼎光电,34.39,-0.39,-1.121,34.38,34.39,34.78,34.78,35.61,33.96,8175959.0,282605375.0,15:34:59,2026-09-07
sh605122,四方新材,11.81,0.11,0.94,11.81,11.84,11.7,11.67,11.87,11.6,1775130.0,20895913.0,15:00:04,2026-09-07
sh605123,派克新材,80.92,-0.55,-0.675,80.91,80.92,81.47,81.05,81.3,80.08,1543341.0,124588853.0,15:34:59,2026-09-07
sh605128,上海沿浦,25.46,-0.01,-0.039,25.46,25.47,25.47,25.59,25.79,25.1,3362442.0,85466143.0,15:34:59,2026-09-07
sh605133,嵘泰股份,25.23,0.47,1.898,25.23,25.24,24.76,24.89,25.39,24.51,4528190.0,113592205.0,15:00:03,2026-09-07
sh605136,丽人丽妆,8.69,-0.01,-0.115,8.69,8.7,8.7,8.63,8.76,8.59,8620543.0,74828442.0,15:34:59,2026-09-07
sh605138,盛泰集团,6.16,0.15,2.496,6.15,6.16,6.01,6.08,6.17,6.03,4440100.0,27201177.0,15:00:05,2026-09-07
sh605151,西上海,19.01,0.13,0.689,19.01,19.03,18.88,18.87,19.29,18.77,1446500.0,27622428.0,15:00:03,2026-09-07
sh605155,西大门,14.45,0.04,0.278,14.44,14.48,14.41,14.39,14.62,14.36,1482680.0,21515725.0,15:00:02,2026-09-07
sh605158,华达新材,7.9,0.05,0.637,7.9,7.91,7.85,7.83,7.97,7.78,5063090.0,39846902.0,15:00:05,2026-09-07
sh605162,新中港,10.26,-0.42,-3.933,10.26,10.27,10.68,10.5,10.59,10.1,25179130.0,258810805.0,15:34:59,2026-09-07
sh605166,聚合顺,8.6,-0.17,-1.938,8.6,8.63,8.77,8.66,8.86,8.53,7128300.0,61662793.0,15:00:03,2026-09-07
sh605167,利柏特,16.34,0.29,1.807,16.32,16.34,16.05,16.15,16.45,15.9,10936477.0,177590297.0,15:34:59,2026-09-07
sh605168,三人行,52.49,4.77,9.996,52.49,0.0,47.72,48.11,52.49,47.51,9658032.0,491569945.0,15:00:04,2026-09-07
sh605169,洪通燃气,12.8,0.18,1.426,12.8,12.81,12.62,12.62,12.84,12.52,4168468.0,52826683.0,15:00:03,2026-09-07
sh605177,东亚药业,20.05,-1.92,-8.739,20.05,20.08,21.97,21.76,22.81,19.92,17209649.0,354210508.0,15:34:59,2026-09-07
sh605178,时空科技,69.15,4.04,6.205,69.15,69.16,65.11,66.0,69.98,65.26,5066500.0,345928075.0,15:34:59,2026-09-07
sh605179,一鸣食品,27.43,-1.25,-4.358,27.42,27.43,28.68,26.8,28.0,26.65,24957157.0,685709402.0,15:34:59,2026-09-07
sh605180,华生科技,13.23,0.07,0.532,13.23,13.24,13.16,13.12,13.35,13.01,1394600.0,18422321.0,15:00:05,2026-09-07
sh605183,确成股份,15.85,0.27,1.733,15.84,15.85,15.58,15.73,15.99,15.47,2724014.0,42855041.0,15:34:59,2026-09-07
sh605186,健麾信息,25.64,0.02,0.078,25.6,25.64,25.62,25.75,25.93,25.14,1775100.0,45402327.0,15:34:59,2026-09-07
sh605188,国光连锁,14.88,0.58,4.056,14.88,14.89,14.3,14.26,15.55,14.25,33476885.0,501830978.0,15:34:59,2026-09-07
sh605189,富春染织,13.93,0.09,0.65,13.92,13.93,13.84,13.77,13.97,13.77,4718531.0,65629686.0,15:34:59,2026-09-07
sh605196,华通线缆,34.51,0.1,0.291,34.51,34.52,34.41,34.5,34.9,34.05,6738400.0,232652645.0,15:34:59,2026-09-07
sh605198,安德利,66.3,0.39,0.592,66.3,66.33,65.91,65.88,67.24,65.2,2203900.0,146124125.0,15:34:59,2026-09-07
sh605199,ST葫芦娃,6.1,0.14,2.349,6.08,6.1,5.96,6.36,6.36,6.03,1843200.0,11247202.0,15:00:04,2026-09-07
sh605208,永茂泰,15.12,0.4,2.717,15.11,15.12,14.72,14.8,15.12,14.4,8652500.0,128891877.0,15:34:59,2026-09-07
sh605218,伟时电子,14.92,0.83,5.891,14.91,14.92,14.09,14.15,15.08,14.13,5841347.0,85943941.0,15:34:59,2026-09-07
sh605222,起帆电缆,21.88,0.79,3.746,21.87,21.88,21.09,21.1,22.37,20.97,8923950.0,194027387.0,15:34:59,2026-09-07
sh605228,神通科技,10.65,-0.06,-0.56,10.65,10.66,10.71,10.72,10.77,10.63,3175162.0,33976882.0,15:34:59,2026-09-07
sh605255,天普股份,65.3,0.29,0.446,65.27,65.3,65.01,65.18,65.62,64.5,408000.0,26606879.0,15:00:03,2026-09-07
sh605258,协和电子,30.28,0.9,3.063,30.26,30.28,29.38,29.62,30.4,29.61,2631200.0,79340139.0,15:34:59,2026-09-07
sh605259,绿田机械,17.75,0.02,0.113,17.75,17.76,17.73,17.83,17.85,17.6,397460.0,7056983.0,15:00:05,2026-09-07
sh605266,健之佳,16.05,0.11,0.69,16.05,16.06,15.94,16.08,16.11,15.95,1286180.0,20638150.0,15:00:04,2026-09-07
sh605268,王力安防,9.74,0.09,0.933,9.74,9.75,9.65,9.6,9.74,9.6,1794700.0,17380924.0,15:34:59,2026-09-07
sh605277,新亚电子,16.8,-0.16,-0.943,16.8,16.81,16.96,16.6,16.98,16.48,13524834.0,226617795.0,15:34:59,2026-09-07
sh605286,同力天启,26.13,0.34,1.318,26.13,26.14,25.79,25.79,26.45,25.39,4314750.0,111644065.0,15:34:59,2026-09-07
sh605287,德才股份,38.44,0.08,0.209,38.43,38.44,38.36,37.88,38.75,37.7,3003040.0,114812340.0,15:34:59,2026-09-07
sh605288,凯迪股份,70.43,4.82,7.346,70.43,70.44,65.61,67.58,72.17,66.48,4633760.0,326608951.0,15:34:59,2026-09-07
sh605289,罗曼股份,103.51,0.76,0.74,103.5,103.51,102.75,104.0,106.35,103.06,2654218.0,277294505.0,15:34:59,2026-09-07
sh605296,神农集团,36.47,0.8,2.243,36.45,36.47,35.67,35.5,36.62,35.28,5650245.0,204524261.0,15:34:59,2026-09-07
sh605298,必得科技,47.95,-0.75,-1.54,47.95,47.97,48.7,48.7,49.3,47.95,721700.0,34917372.0,15:00:01,2026-09-07
sh605299,舒华体育,13.29,-0.16,-1.19,13.29,13.3,13.45,13.7,13.79,13.15,22150869.0,295941838.0,15:34:59,2026-09-07
sh605300,佳禾食品,10.49,0.17,1.647,10.49,10.5,10.32,10.25,10.52,10.22,10711934.0,111795479.0,15:34:59,2026-09-07
sh605303,园林股份,25.43,0.67,2.706,25.43,25.45,24.76,24.95,25.49,24.95,2472280.0,62426978.0,15:34:59,2026-09-07
sh605305,中际联合,31.78,0.59,1.892,31.77,31.78,31.19,31.27,31.79,31.01,4291566.0,135255328.0,15:34:59,2026-09-07
sh605318,法狮龙,77.46,-0.04,-0.052,77.46,77.53,77.5,77.56,79.0,76.3,913700.0,70610957.0,15:00:03,2026-09-07
sh605319,无锡振华,25.95,-0.28,-1.067,25.95,25.96,26.23,26.2,26.59,25.65,4073440.0,106077884.0,15:00:05,2026-09-07
sh605333,沪光股份,17.74,0.25,1.429,17.74,17.75,17.49,17.6,17.76,17.27,2798942.0,49338185.0,15:34:59,2026-09-07
sh605336,*ST帅电,11.99,0.14,1.181,11.99,12.0,11.85,11.66,12.13,11.65,1802673.0,21463509.0,15:00:03,2026-09-07
sh605337,李子园,9.66,0.2,2.114,9.65,9.66,9.46,9.49,9.66,9.46,4339271.0,41703689.0,15:34:59,2026-09-07
sh605338,巴比食品,19.54,0.19,0.982,19.53,19.54,19.35,19.47,19.67,19.34,1973997.0,38508097.0,15:34:59,2026-09-07
sh605339,南侨食品,14.1,0.57,4.213,14.09,14.1,13.53,13.67,14.33,13.58,4313700.0,60868910.0,15:34:59,2026-09-07
sh605358,立昂微,42.79,2.64,6.575,42.79,42.8,40.15,40.95,43.3,40.31,37520578.0,1579628687.0,15:34:59,2026-09-07
sh605365,立达信,15.23,-0.61,-3.851,15.23,15.24,15.84,15.73,15.96,15.14,18054197.0,278084410.0,15:34:59,2026-09-07
sh605366,宏柏新材,7.9,0.01,0.127,7.9,7.91,7.89,7.92,7.98,7.81,10859144.0,85997008.0,15:34:59,2026-09-07
sh605368,蓝天燃气,6.94,-0.04,-0.573,6.93,6.94,6.98,6.95,6.99,6.89,3954000.0,27390649.0,15:00:03,2026-09-07
sh605369,拱东医疗,16.64,-0.27,-1.597,16.64,16.67,16.91,17.0,17.32,16.62,1933930.0,32518811.0,15:00:03,2026-09-07
sh605376,博迁新材,137.2,3.96,2.972,137.2,137.21,133.24,133.9,138.38,133.05,12080855.0,1638190684.0,15:34:59,2026-09-07
sh605377,华旺科技,8.18,0.02,0.245,8.18,8.19,8.16,8.18,8.29,8.12,5603100.0,45989804.0,15:00:02,2026-09-07
sh605378,野马电池,14.36,-0.04,-0.278,14.35,14.36,14.4,14.39,14.54,14.32,1301349.0,18722630.0,15:00:03,2026-09-07
sh605388,均瑶健康,6.49,0.31,5.016,6.49,6.5,6.18,6.18,6.6,6.14,17889240.0,114761466.0,15:34:59,2026-09-07
sh605389,长龄液压,68.5,1.97,2.961,68.5,68.51,66.53,66.9,69.21,66.35,876040.0,59624303.0,15:34:59,2026-09-07
sh605398,新炬网络,27.99,1.33,4.989,27.99,28.0,26.66,26.66,29.32,24.79,20669071.0,544425713.0,15:34:59,2026-09-07
sh605399,晨光新材,11.32,0.02,0.177,11.31,11.32,11.3,11.26,11.48,11.2,2720413.0,30917534.0,15:34:59,2026-09-07
sh605488,福莱新材,29.94,2.72,9.993,29.94,0.0,27.22,27.31,29.94,27.27,11843318.0,344653911.0,15:34:59,2026-09-07
sh605499,东鹏饮料,121.98,1.57,1.304,121.97,121.98,120.41,120.5,122.15,118.81,3994400.0,480008687.0,15:34:59,2026-09-07
sh605500,森林包装,7.34,0.01,0.136,7.34,7.35,7.33,7.3,7.39,7.3,3035400.0,22272563.0,15:00:04,2026-09-07
sh605507,国邦医药,15.41,-0.17,-1.091,15.41,15.46,15.58,15.59,15.66,15.28,3411492.0,52546649.0,15:00:01,2026-09-07
sh605555,德昌股份,12.61,0.18,1.448,12.61,12.62,12.43,12.48,12.83,12.33,4598898.0,57878790.0,15:34:59,2026-09-07
sh605566,福莱蒽特,28.27,-0.07,-0.247,28.27,28.28,28.34,28.27,28.88,27.82,3743100.0,105824335.0,15:34:59,2026-09-07
sh605567,春雪食品,9.69,0.06,0.623,9.69,9.72,9.63,9.62,9.79,9.54,3919100.0,38004125.0,15:00:04,2026-09-07
sh605577,龙版传媒,17.11,1.56,10.032,17.11,0.0,15.55,16.56,17.11,16.56,14838460.0,250953708.0,15:34:59,2026-09-07
sh605580,恒盛能源,24.41,1.94,8.634,24.4,24.41,22.47,23.62,24.72,21.62,38520537.0,908780919.0,15:34:59,2026-09-07
sh605588,冠石科技,46.04,0.98,2.175,46.03,46.04,45.06,45.5,46.43,45.3,814239.0,37507692.0,15:00:04,2026-09-07
sh605589,圣泉集团,38.12,1.26,3.418,38.11,38.12,36.86,37.09,38.46,37.07,21155650.0,803045259.0,15:34:59,2026-09-07
sh605598,上海港湾,25.6,-0.63,-2.402,25.6,25.61,26.23,26.19,26.29,25.5,2979300.0,76524384.0,15:34:59,2026-09-07
sh605599,菜百股份,14.58,-0.32,-2.148,14.58,14.59,14.9,14.76,14.9,14.45,5367637.0,78353276.0,15:34:59,2026-09-07
sh688001,华兴源创,58.26,9.71,20.0,58.26,0.0,48.55,50.8,58.26,49.52,19315868.0,1092143572.0,15:34:59,2026-09-07
sh688002,睿创微纳,181.48,1.03,0.571,181.47,181.48,180.45,180.54,183.28,174.3,13040183.0,2335707484.0,15:34:59,2026-09-07
sh688003,天准科技,80.5,5.49,7.319,80.49,80.5,75.01,76.0,81.3,74.08,6089249.0,484509877.0,15:34:59,2026-09-07
sh688004,博汇科技,21.58,-0.22,-1.009,21.57,21.58,21.8,21.83,22.26,21.47,1855018.0,40315102.0,15:00:04,2026-09-07
sh688005,容百科技,24.62,0.09,0.367,24.62,24.63,24.53,24.48,24.76,24.47,6926185.0,170538736.0,15:00:02,2026-09-07
sh688006,杭可科技,20.56,0.03,0.146,20.56,20.57,20.53,20.54,20.75,20.45,6839843.0,140974375.0,15:00:03,2026-09-07
sh688007,光峰科技,10.71,0.11,1.038,10.71,10.72,10.6,10.63,10.79,10.55,4123807.0,44085368.0,15:34:59,2026-09-07
sh688008,澜起科技,197.82,10.12,5.392,197.81,197.82,187.7,194.88,198.6,192.71,38159931.0,7472378902.0,15:34:59,2026-09-07
sh688009,中国通号,4.91,-0.05,-1.008,4.9,4.91,4.96,4.96,4.97,4.9,25194844.0,124076822.0,15:34:59,2026-09-07
sh688010,福光股份,27.25,2.15,8.566,27.23,27.25,25.1,25.08,27.86,25.08,7078893.0,188006118.0,15:34:59,2026-09-07
sh688011,新光光电,79.98,2.2,2.828,79.8,79.98,77.78,77.43,81.04,77.43,1838633.0,146168315.0,15:34:59,2026-09-07
sh688012,中微公司,344.0,8.58,2.558,344.0,344.01,335.42,340.0,347.93,335.78,15801880.0,5417398960.0,15:34:59,2026-09-07
sh688013,天臣医疗,23.95,-0.64,-2.603,23.95,24.04,24.59,24.71,24.75,23.93,1663564.0,40328513.0,15:00:02,2026-09-07
sh688015,交控科技,16.7,-0.14,-0.831,16.7,16.71,16.84,16.99,16.99,16.51,1311156.0,21863619.0,15:34:59,2026-09-07
sh688016,心脉医疗,86.81,-0.27,-0.31,86.81,86.9,87.08,87.4,87.5,86.72,1047070.0,91132006.0,15:34:59,2026-09-07
sh688017,绿的谐波,294.96,15.16,5.418,294.96,294.97,279.8,280.32,299.93,278.0,9480914.0,2775275237.0,15:34:59,2026-09-07
sh688018,乐鑫科技,113.81,2.31,2.072,113.8,113.81,111.5,112.28,114.71,110.1,4106253.0,460955539.0,15:34:59,2026-09-07
sh688019,安集科技,219.65,7.15,3.365,219.64,219.65,212.5,216.87,222.92,215.0,4949014.0,1088660533.0,15:34:59,2026-09-07
sh688020,方邦股份,143.0,10.81,8.178,143.0,143.01,132.19,136.99,147.8,132.3,8547951.0,1217198339.0,15:34:59,2026-09-07
sh688021,奥福科技,20.54,0.42,2.087,20.54,20.61,20.12,20.52,20.8,20.13,1202007.0,24743095.0,15:00:03,2026-09-07
sh688022,ST瀚川,9.49,0.49,5.444,9.49,9.5,9.0,9.22,9.52,9.18,4447108.0,41725565.0,15:34:59,2026-09-07
sh688023,安恒信息,42.06,-1.01,-2.345,42.06,42.07,43.07,42.62,43.69,41.73,3669617.0,154911663.0,15:00:04,2026-09-07
sh688025,杰普特,406.5,45.21,12.513,406.5,406.6,361.29,367.79,408.76,365.0,4008596.0,1570844834.0,15:34:59,2026-09-07
sh688026,洁特生物,21.7,1.05,5.085,21.69,21.7,20.65,20.5,22.08,20.37,15341244.0,326114857.0,15:34:59,2026-09-07
sh688027,国盾量子,365.93,-4.57,-1.233,365.92,365.93,370.5,370.0,374.66,363.3,1289764.0,473316996.0,15:00:02,2026-09-07
sh688028,沃尔德,103.1,5.58,5.722,103.01,103.1,97.52,97.0,105.8,97.0,10020642.0,1022853640.0,15:34:59,2026-09-07
sh688029,南微医学,76.55,-1.26,-1.619,76.55,76.58,77.81,77.71,77.97,76.09,1455659.0,111580932.0,15:34:59,2026-09-07
sh688030,山石网科,16.75,-0.22,-1.296,16.74,16.75,16.97,16.98,17.09,16.74,3208927.0,54221282.0,15:00:02,2026-09-07
sh688031,星环科技,117.0,11.12,10.502,116.98,117.0,105.88,105.57,117.77,105.0,10914731.0,1226255574.0,15:34:59,2026-09-07
sh688032,禾迈股份,71.67,0.23,0.322,71.67,71.72,71.44,71.5,72.23,71.3,723945.0,51876106.0,15:00:03,2026-09-07
sh688033,*ST天宜,6.61,-0.1,-1.49,6.61,6.62,6.71,6.8,6.8,6.57,3852145.0,25548518.0,15:00:03,2026-09-07
sh688035,德邦科技,69.06,5.39,8.466,69.06,69.07,63.67,65.0,70.33,64.47,7718500.0,522121302.0,15:00:02,2026-09-07
sh688036,传音控股,54.8,-1.98,-3.487,54.79,54.8,56.78,56.52,56.98,54.68,12141897.0,669453761.0,15:34:59,2026-09-07
sh688037,芯源微,339.94,22.05,6.936,339.69,339.94,317.89,324.0,341.98,321.45,3769729.0,1252610357.0,15:34:59,2026-09-07
sh688038,中科通达,18.54,0.01,0.054,18.49,18.54,18.53,18.53,18.73,18.02,1608932.0,29616354.0,15:00:03,2026-09-07
sh688039,当虹科技,33.41,-0.64,-1.88,33.41,33.42,34.05,34.05,34.48,33.21,2280709.0,76494875.0,15:00:03,2026-09-07
sh688041,海光信息,242.71,-0.96,-0.394,242.71,242.72,243.67,246.0,246.94,234.06,23544828.0,5648127324.0,15:34:59,2026-09-07
sh688045,必易微,55.24,-0.04,-0.072,55.24,55.25,55.28,55.88,56.38,54.9,1687909.0,93690608.0,15:00:05,2026-09-07
sh688046,药康生物,31.22,0.51,1.661,31.2,31.22,30.71,30.66,31.22,30.51,5244082.0,162113378.0,15:34:59,2026-09-07
sh688047,龙芯中科,105.48,3.58,3.513,105.48,105.5,101.9,102.05,107.5,100.14,6166698.0,636919062.0,15:34:59,2026-09-07
sh688048,长光华芯,300.0,27.97,10.282,300.0,300.05,272.03,277.19,301.58,273.48,12307788.0,3566367169.0,15:34:59,2026-09-07
sh688049,炬芯科技,41.84,-0.05,-0.119,41.84,41.85,41.89,42.2,42.46,41.23,5825028.0,243181189.0,15:34:59,2026-09-07
sh688050,爱博医疗,39.86,0.53,1.348,39.85,39.86,39.33,39.49,40.07,39.24,1841708.0,73236003.0,15:34:59,2026-09-07
sh688051,佳华科技,25.38,0.61,2.463,25.34,25.38,24.77,24.9,25.5,24.35,1619421.0,40655579.0,15:34:59,2026-09-07
sh688052,纳芯微,242.61,2.61,1.088,242.61,242.7,240.0,240.31,247.32,238.0,2425793.0,587163102.0,15:34:59,2026-09-07
sh688053,ST思科瑞,39.38,0.68,1.757,39.37,39.38,38.7,38.8,39.49,38.52,436787.0,17085918.0,15:00:02,2026-09-07
sh688055,龙腾光电,3.71,0.01,0.27,3.71,3.72,3.7,3.69,3.73,3.69,5708060.0,21176397.0,15:34:59,2026-09-07
sh688056,莱伯泰科,41.33,1.13,2.811,41.25,41.33,40.2,41.06,41.6,40.28,856886.0,35271065.0,15:34:59,2026-09-07
sh688057,金达莱,18.98,0.86,4.746,18.95,18.98,18.12,18.21,19.06,18.17,6535713.0,122549535.0,15:00:03,2026-09-07
sh688058,宝兰德,24.85,-0.2,-0.798,24.85,24.9,25.05,25.1,25.5,24.53,1348417.0,33579341.0,15:00:03,2026-09-07
sh688059,华锐精密,89.33,4.7,5.554,89.31,89.33,84.63,84.8,91.41,84.65,6056977.0,537211087.0,15:00:04,2026-09-07
sh688060,云涌科技,37.92,2.04,5.686,37.92,37.94,35.88,36.21,38.6,36.08,789349.0,29602927.0,15:00:02,2026-09-07
sh688061,灿瑞科技,50.9,-0.5,-0.973,50.88,50.9,51.4,51.05,52.16,49.0,4663413.0,236957328.0,15:00:05,2026-09-07
sh688062,迈威生物,27.1,-0.32,-1.167,27.1,27.13,27.42,27.32,27.5,26.98,5373356.0,145865718.0,15:00:03,2026-09-07
sh688063,派能科技,42.0,0.23,0.551,42.0,42.02,41.77,42.0,42.23,41.67,3374908.0,141592257.0,15:00:04,2026-09-07
sh688065,凯赛生物,40.48,-0.94,-2.269,40.47,40.48,41.42,41.42,41.8,40.48,4546262.0,186074422.0,15:34:59,2026-09-07
sh688066,*ST航图,8.15,0.25,3.165,8.13,8.15,7.9,8.02,8.29,7.86,5035935.0,40525723.0,15:34:59,2026-09-07
sh688067,爱威科技,23.31,-0.16,-0.682,23.31,23.37,23.47,23.35,23.74,23.29,896193.0,21057467.0,15:00:03,2026-09-07
sh688068,热景生物,93.32,-0.98,-1.039,93.32,93.44,94.3,95.6,95.6,92.5,1340671.0,125335484.0,15:34:59,2026-09-07
sh688069,德林海,36.65,-1.77,-4.607,36.64,36.65,38.42,38.5,39.22,36.01,2978296.0,111127528.0,15:00:04,2026-09-07
sh688070,纵横股份,34.75,-1.3,-3.606,34.74,34.75,36.05,37.11,37.11,34.61,1904758.0,66972172.0,15:00:01,2026-09-07
sh688071,华依科技,33.56,0.56,1.697,33.56,33.68,33.0,33.76,34.37,33.11,1887998.0,63897157.0,15:00:04,2026-09-07
sh688072,拓荆科技,651.92,29.99,4.822,651.8,651.92,621.93,638.0,658.88,623.0,4136865.0,2668032230.0,15:34:59,2026-09-07
sh688073,毕得医药,59.44,0.85,1.451,59.44,59.45,58.59,58.06,59.79,58.01,1951777.0,115471595.0,15:00:04,2026-09-07
sh688075,安旭生物,29.79,0.49,1.672,29.79,29.8,29.3,29.38,29.85,29.24,508900.0,15064763.0,15:00:03,2026-09-07
sh688076,ST诺泰,28.77,0.01,0.035,28.76,28.77,28.76,28.76,29.25,28.72,2144909.0,62316611.0,15:34:59,2026-09-07
sh688077,大地熊,27.6,0.45,1.657,27.6,27.63,27.15,26.83,27.8,26.8,1768640.0,48677078.0,15:00:01,2026-09-07
sh688078,龙软科技,27.07,1.06,4.075,27.07,27.08,26.01,26.02,27.38,25.9,2379733.0,63757290.0,15:00:04,2026-09-07
sh688079,美迪凯,15.43,0.58,3.906,15.43,15.44,14.85,14.96,15.63,14.96,11045335.0,170331309.0,15:34:59,2026-09-07
sh688080,映翰通,36.87,0.05,0.136,36.86,36.87,36.82,37.11,37.19,36.64,684263.0,25252909.0,15:00:03,2026-09-07
sh688081,兴图新科,26.6,-0.81,-2.955,26.6,26.73,27.41,27.39,27.91,26.6,1709566.0,46008656.0,15:00:05,2026-09-07
sh688082,盛美上海,281.4,11.2,4.145,281.39,281.4,270.2,275.0,282.08,272.98,3424220.0,954063661.0,15:34:59,2026-09-07
sh688083,中望软件,53.17,1.42,2.744,53.15,53.17,51.75,54.34,54.5,52.15,3136869.0,166407929.0,15:34:59,2026-09-07
sh688084,晶品特装,45.84,-1.87,-3.92,45.84,45.92,47.71,47.56,47.82,45.74,1762579.0,81838444.0,15:34:59,2026-09-07
sh688085,三友医疗,13.31,-0.39,-2.847,13.31,13.32,13.7,13.7,13.84,13.24,3151407.0,42296271.0,15:00:00,2026-09-07
sh688087,英科再生,36.75,-1.4,-3.67,36.75,36.78,38.15,38.15,38.25,36.65,1279586.0,47830606.0,15:00:03,2026-09-07
sh688088,虹软科技,30.08,-0.1,-0.331,30.08,30.09,30.18,30.18,30.59,29.96,4360223.0,131608102.0,15:00:03,2026-09-07
sh688089,ST嘉必优,8.88,0.35,4.103,8.88,8.89,8.53,8.53,8.92,8.49,1872002.0,16424720.0,15:34:59,2026-09-07
sh688090,瑞松科技,71.5,4.51,6.732,71.48,71.5,66.99,68.12,71.88,66.88,10087902.0,711598670.0,15:00:04,2026-09-07
sh688091,上海谊众,39.88,-0.68,-1.677,39.87,39.88,40.56,40.23,41.0,39.75,2209244.0,88540977.0,15:00:04,2026-09-07
sh688092,爱科科技,22.69,-0.09,-0.395,22.69,22.7,22.78,22.64,22.84,22.46,556124.0,12621151.0,15:00:04,2026-09-07
sh688093,世华科技,21.75,0.32,1.493,21.75,21.76,21.43,21.54,21.91,21.31,2103223.0,45581363.0,15:00:00,2026-09-07
sh688095,福昕软件,63.57,0.57,0.905,63.56,63.57,63.0,62.72,64.24,61.7,3684492.0,231917024.0,15:00:04,2026-09-07
sh688096,京源环保,8.17,-0.02,-0.244,8.16,8.17,8.19,8.23,8.39,7.92,7745859.0,63480077.0,15:34:59,2026-09-07
sh688097,博众精工,46.38,2.0,4.507,46.35,46.38,44.38,45.2,46.96,44.43,7012957.0,323654405.0,15:34:59,2026-09-07
sh688098,申联生物,8.3,-0.05,-0.599,8.3,8.31,8.35,8.35,8.52,8.29,2775744.0,23271470.0,15:00:03,2026-09-07
sh688099,晶晨股份,91.2,0.38,0.418,91.2,91.22,90.82,91.2,92.37,90.46,7159297.0,654793884.0,15:34:59,2026-09-07
sh688100,威胜信息,25.84,-0.13,-0.501,25.84,25.9,25.97,26.34,26.34,25.67,2216163.0,57314106.0,15:00:02,2026-09-07
sh688101,三达膜,14.71,0.05,0.341,14.7,14.71,14.66,14.76,14.77,14.61,971429.0,14282469.0,15:00:02,2026-09-07
sh688102,斯瑞新材,32.48,1.82,5.936,32.48,32.49,30.66,30.59,32.65,30.41,16744270.0,530254397.0,15:34:59,2026-09-07
sh688103,国力电子,71.8,1.65,2.352,71.8,71.83,70.15,70.59,72.69,70.31,1663309.0,118908467.0,15:00:04,2026-09-07
sh688105,诺唯赞,19.62,0.12,0.615,19.61,19.62,19.5,19.5,19.85,19.46,4499428.0,88493899.0,15:00:04,2026-09-07
sh688106,金宏气体,26.09,0.44,1.715,26.09,26.1,25.65,26.0,26.48,25.7,12819798.0,334288432.0,15:34:59,2026-09-07
sh688107,安路科技,29.84,0.15,0.505,29.84,29.88,29.69,30.0,30.28,29.5,5285915.0,157498170.0,15:34:59,2026-09-07
sh688108,赛诺医疗,16.21,-0.29,-1.758,16.21,16.22,16.5,16.53,16.65,16.16,7772990.0,126305538.0,15:00:05,2026-09-07
sh688109,品茗科技,70.77,-0.08,-0.113,70.77,70.87,70.85,70.67,71.31,69.51,488262.0,34358360.0,15:00:04,2026-09-07
sh688110,东芯股份,116.06,3.12,2.763,116.06,116.07,112.94,116.0,116.93,113.83,14116148.0,1631587338.0,15:34:59,2026-09-07
sh688111,金山办公,239.53,-3.46,-1.424,239.53,239.58,242.99,242.0,243.57,237.76,4856986.0,1163919471.0,15:34:59,2026-09-07
sh688112,鼎阳科技,69.57,4.96,7.677,69.55,69.57,64.61,65.97,69.93,65.83,3506448.0,240271988.0,15:34:59,2026-09-07
sh688113,联测科技,36.06,-0.02,-0.055,36.06,36.07,36.08,35.94,36.24,35.56,467476.0,16835384.0,15:00:05,2026-09-07
sh688114,华大智造,57.22,-0.74,-1.277,57.22,57.26,57.96,58.04,58.54,56.9,5471529.0,314772302.0,15:34:59,2026-09-07
sh688115,思林杰,60.13,1.23,2.088,60.13,60.14,58.9,58.79,60.4,58.17,1442733.0,85864606.0,15:34:59,2026-09-07
sh688116,天奈科技,34.6,-0.26,-0.746,34.6,34.61,34.86,35.0,35.75,34.33,6240576.0,218086134.0,15:34:59,2026-09-07
sh688117,圣诺生物,23.56,-0.03,-0.127,23.56,23.58,23.59,23.48,23.83,23.48,2880337.0,68156078.0,15:00:02,2026-09-07
sh688118,普元信息,20.6,-0.4,-1.905,20.59,20.6,21.0,21.0,21.2,20.42,3216091.0,66318017.0,15:34:59,2026-09-07
sh688119,中钢洛耐,3.91,-0.02,-0.509,3.9,3.91,3.93,3.94,3.95,3.89,8232315.0,32254235.0,15:00:05,2026-09-07
sh688120,华海清科,246.2,2.71,1.113,246.2,246.54,243.49,245.01,252.85,240.11,8207720.0,2025476546.0,15:34:59,2026-09-07
sh688121,*ST卓然,1.73,0.01,0.581,1.73,1.74,1.72,1.76,1.79,1.73,3794558.0,6684415.0,15:34:59,2026-09-07
sh688122,西部超导,49.14,-0.34,-0.687,49.14,49.15,49.48,49.6,49.86,48.93,5804868.0,285834104.0,15:34:59,2026-09-07
sh688123,聚辰股份,137.79,12.53,10.003,137.79,137.8,125.26,130.0,142.13,128.52,11795584.0,1610898848.0,15:34:59,2026-09-07
sh688125,安达智能,122.58,5.22,4.448,122.53,122.58,117.36,119.52,123.83,118.5,915294.0,111717147.0,15:00:02,2026-09-07
sh688126,沪硅产业,23.13,0.54,2.39,23.13,23.14,22.59,22.88,23.35,22.53,42042136.0,965223711.0,15:34:59,2026-09-07
sh688127,蓝特光学,68.91,4.76,7.42,68.9,68.91,64.15,66.32,70.29,66.32,14892237.0,1027033490.0,15:34:59,2026-09-07
sh688128,中国电研,22.09,0.02,0.091,22.09,22.15,22.07,22.1,22.3,21.93,1600157.0,35394837.0,15:00:02,2026-09-07
sh688129,东来技术,21.83,0.19,0.878,21.83,21.88,21.64,21.49,22.85,21.49,1111024.0,24414645.0,15:00:04,2026-09-07
sh688130,晶华微,23.15,0.17,0.74,23.14,23.15,22.98,22.98,23.41,22.88,1213651.0,28148654.0,15:00:03,2026-09-07
sh688131,皓元医药,89.05,0.22,0.248,89.05,89.1,88.83,89.2,89.83,88.12,2424999.0,216039836.0,15:34:59,2026-09-07
sh688132,邦彦技术,16.13,0.17,1.065,16.13,16.14,15.96,15.92,16.27,15.61,2873657.0,45835852.0,15:00:03,2026-09-07
sh688133,泰坦科技,20.9,-0.21,-0.995,20.89,20.9,21.11,21.32,21.41,20.51,4376820.0,90985239.0,15:00:03,2026-09-07
sh688135,利扬芯片,29.49,2.14,7.824,29.48,29.49,27.35,27.35,29.74,27.35,15292566.0,439587501.0,15:34:59,2026-09-07
sh688136,科兴制药,21.1,0.76,3.736,21.09,21.1,20.34,20.46,21.32,20.35,5929600.0,123759009.0,15:34:59,2026-09-07
sh688137,近岸蛋白,61.57,-0.58,-0.933,61.56,61.57,62.15,61.0,63.32,60.99,4017429.0,248571867.0,15:34:59,2026-09-07
sh688138,清溢光电,34.3,0.71,2.114,34.29,34.3,33.59,33.5,34.51,33.5,6023533.0,205739729.0,15:34:59,2026-09-07
sh688139,海尔生物,31.5,0.7,2.273,31.5,31.56,30.8,30.8,31.93,30.65,4208299.0,132618662.0,15:00:01,2026-09-07
sh688141,杰华特,120.52,6.52,5.719,120.52,120.55,114.0,116.2,121.87,115.0,9862169.0,1180476336.0,15:34:59,2026-09-07
sh688143,长盈通,181.2,18.2,11.166,181.19,181.2,163.0,161.37,181.58,159.5,16606536.0,2856239449.0,15:34:59,2026-09-07
sh688146,中船特气,234.01,6.97,3.07,234.0,234.01,227.04,230.5,235.4,228.0,9505667.0,2211586346.0,15:34:59,2026-09-07
sh688147,微导纳米,105.83,4.94,4.896,105.82,105.83,100.89,102.9,107.48,101.0,9150895.0,963793004.0,15:34:59,2026-09-07
sh688148,芳源股份,6.07,0.0,0.0,6.07,6.08,6.07,6.1,6.14,6.04,10730446.0,65354203.0,15:00:03,2026-09-07
sh688150,莱特光电,38.79,1.98,5.379,38.79,38.86,36.81,37.58,39.13,36.58,7865138.0,303034853.0,15:34:59,2026-09-07
sh688151,华强科技,16.33,-0.31,-1.863,16.32,16.33,16.64,16.6,16.81,16.26,2497585.0,40927312.0,15:34:59,2026-09-07
sh688152,麒麟信安,36.49,0.13,0.358,36.48,36.49,36.36,37.09,37.09,35.81,4032648.0,146433652.0,15:34:59,2026-09-07
sh688153,唯捷创芯,25.31,-0.43,-1.671,25.31,25.33,25.74,26.14,26.14,25.26,3880981.0,99009462.0,15:34:59,2026-09-07
sh688155,先惠技术,50.2,-0.51,-1.006,50.2,50.23,50.71,50.5,50.97,49.63,2407541.0,120614455.0,15:00:02,2026-09-07
sh688156,路德科技,23.7,1.68,7.629,23.69,23.7,22.02,22.4,23.94,21.98,7568168.0,175617401.0,15:00:03,2026-09-07
sh688157,松井股份,19.88,0.55,2.845,19.88,19.91,19.33,19.47,20.0,19.14,3527958.0,69021964.0,15:00:04,2026-09-07
sh688158,优刻得,29.94,0.1,0.335,29.93,29.94,29.84,30.2,30.23,29.65,11168261.0,334662271.0,15:34:59,2026-09-07
sh688159,有方科技,34.62,-0.18,-0.517,34.62,34.68,34.8,34.62,35.32,34.4,2986036.0,103716639.0,15:00:02,2026-09-07
sh688160,步科股份,100.22,2.73,2.8,100.22,100.35,97.49,97.24,101.98,97.24,1500475.0,151338369.0,15:00:03,2026-09-07
sh688161,威高骨科,22.61,0.21,0.938,22.61,22.65,22.4,22.41,22.88,22.08,1509190.0,34045683.0,15:00:03,2026-09-07
sh688162,巨一科技,24.15,-0.09,-0.371,24.15,24.23,24.24,24.39,24.78,24.1,720930.0,17547559.0,15:00:04,2026-09-07
sh688163,赛伦生物,34.65,0.3,0.873,34.65,34.74,34.35,34.52,34.94,34.2,624691.0,21626337.0,15:00:04,2026-09-07
sh688165,埃夫特,15.58,0.21,1.366,15.58,15.63,15.37,15.37,15.81,15.33,4603995.0,71919786.0,15:00:02,2026-09-07
sh688166,博瑞医药,37.25,2.46,7.071,37.25,37.26,34.79,34.8,37.32,34.62,15904506.0,580532259.0,15:34:59,2026-09-07
sh688167,炬光科技,316.2,16.7,5.576,316.2,316.26,299.5,307.58,318.18,305.27,11344616.0,3545268650.0,15:34:59,2026-09-07
sh688168,安博通,36.18,-1.37,-3.648,36.18,36.19,37.55,37.37,37.9,35.03,6148909.0,220897097.0,15:00:01,2026-09-07
sh688169,石头科技,128.5,-3.5,-2.652,128.49,128.5,132.0,130.0,130.68,125.6,6746099.0,864510635.0,15:34:59,2026-09-07
sh688170,德龙激光,65.98,4.08,6.591,65.98,65.99,61.9,64.0,66.8,62.5,14283332.0,927385455.0,15:34:59,2026-09-07
sh688171,纬德信息,24.76,0.0,0.0,24.73,24.76,24.76,24.58,25.0,24.37,1490143.0,36812002.0,15:00:02,2026-09-07
sh688172,燕东微,45.11,1.02,2.313,45.1,45.11,44.09,44.97,45.6,44.36,14775580.0,665212773.0,15:34:59,2026-09-07
sh688173,希荻微,12.76,0.14,1.109,12.75,12.76,12.62,12.75,12.99,12.52,8293357.0,106073463.0,15:00:03,2026-09-07
sh688175,高凌信息,18.32,0.25,1.384,18.32,18.34,18.07,18.27,18.38,17.88,2082715.0,37925468.0,15:00:04,2026-09-07
sh688176,亚虹医药,13.14,0.14,1.077,13.13,13.14,13.0,13.18,13.19,12.67,13217647.0,171825297.0,15:00:02,2026-09-07
sh688177,百奥泰,17.27,-0.21,-1.201,17.27,17.29,17.48,17.5,17.62,17.23,1938659.0,33640938.0,15:00:04,2026-09-07
sh688178,万德斯,28.89,1.34,4.864,28.86,28.89,27.55,27.96,29.1,27.58,1219208.0,34945346.0,15:00:03,2026-09-07
sh688179,阿拉丁,19.06,0.42,2.253,19.06,19.08,18.64,18.8,19.38,18.55,5747001.0,109418873.0,15:00:03,2026-09-07
sh688180,君实生物,32.77,-0.72,-2.15,32.77,32.8,33.49,33.62,33.65,32.62,8477261.0,279471911.0,15:34:59,2026-09-07
sh688181,八亿时空,39.1,2.45,6.685,39.09,39.1,36.65,37.5,39.55,36.48,9359097.0,353321686.0,15:34:59,2026-09-07
sh688182,灿勤科技,27.51,1.01,3.811,27.51,27.52,26.5,26.75,27.84,26.67,5561347.0,152010602.0,15:00:04,2026-09-07
sh688183,生益电子,132.93,14.5,12.244,132.93,132.95,118.43,122.0,132.93,120.79,26001246.0,3368877907.0,15:34:59,2026-09-07
sh688184,ST帕瓦,11.04,0.08,0.73,11.02,11.04,10.96,10.96,11.15,10.94,401821.0,4435861.0,15:00:02,2026-09-07
sh688185,康希诺,68.0,-0.93,-1.349,68.0,68.01,68.93,68.1,68.93,67.53,6152649.0,418767251.0,15:34:59,2026-09-07
sh688186,广大特材,14.05,0.09,0.645,14.05,14.08,13.96,14.0,14.1,13.82,2045543.0,28686749.0,15:00:04,2026-09-07
sh688187,时代电气,46.77,0.44,0.95,46.77,46.78,46.33,46.46,47.17,46.4,4298526.0,201668443.0,15:34:59,2026-09-07
sh688188,柏楚电子,101.3,5.3,5.521,101.3,101.31,96.0,101.8,104.41,99.51,4266828.0,435396112.0,15:34:59,2026-09-07
sh688189,ST南新,6.75,0.04,0.596,6.75,6.76,6.71,6.72,6.78,6.66,1950812.0,13160224.0,15:00:04,2026-09-07
sh688190,云路股份,76.2,3.21,4.398,76.2,76.35,72.99,72.55,78.63,72.36,1681524.0,127041982.0,15:34:59,2026-09-07
sh688191,智洋创新,20.1,0.12,0.601,20.08,20.1,19.98,19.99,20.35,19.85,4509464.0,90634881.0,15:00:04,2026-09-07
sh688192,迪哲医药,56.64,-0.43,-0.753,56.64,56.65,57.07,56.72,57.85,56.24,3899959.0,222183759.0,15:34:59,2026-09-07
sh688193,仁度生物,47.08,-0.76,-1.589,47.08,47.18,47.84,47.64,48.66,47.08,617685.0,29341702.0,15:00:04,2026-09-07
sh688195,腾景科技,204.0,10.85,5.617,204.0,204.07,193.15,197.0,207.5,193.26,16249076.0,3248829360.0,15:34:59,2026-09-07
sh688196,卓越新能,35.38,-0.2,-0.562,35.36,35.38,35.58,35.5,36.18,34.87,1512133.0,53432585.0,15:00:03,2026-09-07
sh688197,首药控股,33.33,0.88,2.712,33.33,33.34,32.45,32.37,33.7,32.37,1940694.0,64543607.0,15:00:04,2026-09-07
sh688198,佰仁医疗,70.98,0.36,0.51,70.98,70.99,70.62,69.98,71.33,69.39,346053.0,24302202.0,15:00:03,2026-09-07
sh688199,久日新材,23.26,0.43,1.883,23.26,23.29,22.83,23.0,23.49,22.9,2461496.0,57172147.0,15:00:05,2026-09-07
sh688200,华峰测控,379.81,25.1,7.076,379.8,379.81,354.71,360.8,380.96,358.0,3837497.0,1428421174.0,15:34:59,2026-09-07
sh688201,ST信安,7.52,0.02,0.267,7.51,7.52,7.5,7.59,7.59,7.46,1369993.0,10301757.0,15:00:03,2026-09-07
sh688202,美迪西,91.5,-1.74,-1.866,91.5,91.53,93.24,93.0,93.48,90.78,4303775.0,394831595.0,15:34:59,2026-09-07
sh688203,海正生材,15.71,1.73,12.375,15.69,15.71,13.98,14.6,16.49,14.6,12724693.0,199026318.0,15:34:59,2026-09-07
sh688205,德科立,214.03,20.03,10.325,214.03,214.04,194.0,200.98,214.7,195.66,21229387.0,4363897180.0,15:34:59,2026-09-07
sh688206,概伦电子,40.0,0.38,0.959,40.0,40.03,39.62,40.66,42.27,39.08,12507198.0,509222642.0,15:34:59,2026-09-07
sh688207,格灵深瞳,18.4,1.2,6.977,18.4,18.42,17.2,17.22,18.57,17.22,12133521.0,217285119.0,15:34:59,2026-09-07
sh688208,道通科技,27.3,1.62,6.308,27.28,27.3,25.68,25.71,27.65,25.27,15783421.0,417508410.0,15:34:59,2026-09-07
sh688209,英集芯,33.61,-0.89,-2.58,33.6,33.61,34.5,34.8,36.05,32.77,38459967.0,1309823049.0,15:34:59,2026-09-07
sh688210,统联精密,32.34,-0.6,-1.821,32.34,32.36,32.94,32.45,33.35,32.3,3926363.0,128598044.0,15:00:02,2026-09-07
sh688211,中科微至,30.35,-0.3,-0.979,30.33,30.35,30.65,30.6,30.82,30.31,487019.0,14851438.0,15:00:03,2026-09-07
sh688212,澳华内镜,31.0,0.14,0.454,31.0,31.01,30.86,30.41,31.44,30.21,2229363.0,69181842.0,15:34:59,2026-09-07
sh688213,思特威,92.38,-0.59,-0.635,92.38,92.42,92.97,93.55,93.81,92.09,5131469.0,476304939.0,15:34:59,2026-09-07
sh688215,瑞晟智能,47.75,0.75,1.596,47.74,47.75,47.0,47.0,48.24,45.4,1280999.0,60744406.0,15:00:03,2026-09-07
sh688216,气派科技,30.42,0.51,1.705,30.42,30.43,29.91,30.45,30.8,29.7,3152156.0,95992648.0,15:00:04,2026-09-07
sh688217,睿昂基因,24.58,0.12,0.491,24.58,24.61,24.46,24.22,25.03,24.22,867835.0,21408641.0,15:00:05,2026-09-07
sh688218,江苏北人,40.27,0.57,1.436,40.27,40.28,39.7,40.22,40.83,39.41,1687405.0,68033566.0,15:00:05,2026-09-07
sh688219,会通股份,10.47,-0.09,-0.852,10.46,10.47,10.56,10.6,10.61,10.43,5212027.0,54695501.0,15:34:59,2026-09-07
sh688220,翱捷科技,93.86,2.31,2.523,93.86,93.89,91.55,92.74,94.92,91.93,6911491.0,647244502.0,15:34:59,2026-09-07
sh688221,前沿生物,17.03,-0.39,-2.239,17.02,17.03,17.42,17.3,17.3,16.7,16084659.0,273041111.0,15:34:59,2026-09-07
sh688222,成都先导,31.59,0.15,0.477,31.58,31.59,31.44,31.97,32.29,31.35,10721359.0,340046212.0,15:00:01,2026-09-07
sh688223,晶科能源,4.03,-0.03,-0.739,4.02,4.03,4.06,4.06,4.07,4.01,67718856.0,273503463.0,15:34:59,2026-09-07
sh688225,亚信安全,13.12,-0.24,-1.796,13.12,13.14,13.36,13.36,13.55,13.01,9725885.0,128096800.0,15:34:59,2026-09-07
sh688226,威腾电气,28.9,0.5,1.761,28.9,28.91,28.4,28.8,29.1,28.01,3894575.0,111534900.0,15:00:03,2026-09-07
sh688227,品高股份,73.35,2.27,3.194,73.33,73.35,71.08,71.0,73.98,70.29,2823307.0,203923844.0,15:00:00,2026-09-07
sh688228,开普云,81.2,-0.8,-0.976,81.19,81.2,82.0,81.61,82.53,80.27,1728806.0,140340067.0,15:00:03,2026-09-07
sh688229,博睿数据,66.1,0.14,0.212,66.1,66.18,65.96,65.08,67.13,65.0,799044.0,52674293.0,15:00:04,2026-09-07
sh688230,芯导科技,59.21,-0.54,-0.904,59.12,59.21,59.75,59.92,60.8,58.58,1536196.0,91165069.0,15:00:03,2026-09-07
sh688231,隆达股份,33.0,-1.0,-2.941,33.0,33.05,34.0,33.92,33.92,32.92,4170820.0,138620863.0,15:34:59,2026-09-07
sh688232,新点软件,18.14,-0.18,-0.983,18.14,18.16,18.32,18.3,18.52,18.12,2174679.0,39640967.0,15:00:05,2026-09-07
sh688233,神工股份,97.31,4.13,4.432,97.3,97.31,93.18,95.18,98.79,93.5,6899277.0,666014221.0,15:34:59,2026-09-07
sh688234,天岳先进,100.01,2.58,2.648,100.01,100.08,97.43,99.1,100.99,97.51,6518883.0,650998191.0,15:34:59,2026-09-07
sh688235,百济神州,265.03,-5.97,-2.203,265.03,265.08,271.0,268.06,269.64,263.5,2865779.0,760107736.0,15:34:59,2026-09-07
sh688236,春立医疗,13.97,-0.23,-1.62,13.97,14.02,14.2,14.41,14.41,13.97,2025904.0,28504977.0,15:34:59,2026-09-07
sh688237,超卓航科,58.09,0.83,1.45,58.07,58.09,57.26,58.0,60.33,57.85,1933097.0,113574763.0,15:00:05,2026-09-07
sh688238,和元生物,6.46,-0.03,-0.462,6.45,6.46,6.49,6.49,6.54,6.42,9524970.0,61696564.0,15:00:01,2026-09-07
sh688239,航宇科技,54.02,-0.66,-1.207,54.02,54.03,54.68,54.61,54.61,53.11,5807613.0,312268419.0,15:34:59,2026-09-07
sh688244,永信至诚,14.86,-0.36,-2.365,14.86,14.87,15.22,15.18,15.29,14.76,2415462.0,36064464.0,15:00:04,2026-09-07
sh688246,嘉和美康,17.14,-0.12,-0.695,17.14,17.16,17.26,17.35,17.74,17.09,2078464.0,35776765.0,15:00:05,2026-09-07
sh688247,宣泰医药,9.01,-0.1,-1.098,9.0,9.01,9.11,9.1,9.16,8.97,3286347.0,29729005.0,15:00:02,2026-09-07
sh688248,南网科技,44.43,1.74,4.076,44.43,44.44,42.69,43.33,44.98,43.0,5339397.0,236018445.0,15:34:59,2026-09-07
sh688249,晶合集成,35.98,0.91,2.595,35.98,35.99,35.07,35.5,36.25,35.0,15176169.0,543061830.0,15:34:59,2026-09-07
sh688251,井松智能,20.0,-0.07,-0.349,20.0,20.02,20.07,20.03,20.5,19.89,1415829.0,28629729.0,15:00:03,2026-09-07
sh688252,天德钰,21.48,0.61,2.923,21.48,21.5,20.87,21.1,21.71,21.1,5573830.0,119750159.0,15:34:59,2026-09-07
sh688253,英诺特,56.8,-0.29,-0.508,56.8,56.96,57.09,56.18,57.97,56.18,984490.0,55916589.0,15:00:03,2026-09-07
sh688255,凯尔达,26.17,0.53,2.067,26.17,26.18,25.64,25.71,26.36,25.5,2365056.0,61644289.0,15:00:03,2026-09-07
sh688256,寒武纪,1092.38,20.38,1.901,1092.38,1092.39,1072.0,1077.75,1104.99,1050.0,10202939.0,11026357487.0,15:34:59,2026-09-07
sh688257,新锐股份,52.8,1.69,3.307,52.8,52.81,51.11,51.44,53.5,51.2,13187994.0,693934434.0,15:34:59,2026-09-07
sh688258,卓易信息,94.99,0.54,0.572,94.99,95.0,94.45,94.45,96.6,93.13,2966824.0,280779911.0,15:34:59,2026-09-07
sh688259,创耀科技,31.5,0.1,0.318,31.47,31.5,31.4,31.86,31.86,31.26,835271.0,26287278.0,15:00:03,2026-09-07
sh688260,昀冢科技,94.0,4.43,4.946,93.99,94.0,89.57,90.49,94.89,90.0,4447220.0,414290406.0,15:34:59,2026-09-07
sh688261,东微半导,67.93,1.46,2.196,67.93,67.94,66.47,67.57,68.46,66.68,3214016.0,218036544.0,15:34:59,2026-09-07
sh688262,国芯科技,27.44,-0.09,-0.327,27.44,27.45,27.53,27.87,28.0,27.43,7615308.0,210782283.0,15:34:59,2026-09-07
sh688265,南模生物,38.72,0.48,1.255,38.72,38.74,38.24,38.07,39.19,38.07,1084401.0,41902269.0,15:00:05,2026-09-07
sh688266,泽璟制药,117.16,-0.83,-0.703,117.13,117.16,117.99,117.99,118.08,114.6,2384094.0,278054038.0,15:34:59,2026-09-07
sh688267,中触媒,19.61,0.74,3.922,19.6,19.61,18.87,18.87,19.76,18.79,1557464.0,30131217.0,15:34:59,2026-09-07
sh688268,华特气体,132.88,3.02,2.326,132.88,132.89,129.86,131.65,133.77,130.1,3696941.0,489987432.0,15:34:59,2026-09-07
sh688269,凯立新材,26.85,-0.15,-0.556,26.85,26.86,27.0,27.01,27.31,26.75,1524569.0,41133027.0,15:34:59,2026-09-07
sh688270,ST臻镭,56.29,-0.43,-0.758,56.29,56.3,56.72,56.66,56.99,55.75,4268719.0,240286256.0,15:34:59,2026-09-07
sh688271,联影医疗,107.24,-1.34,-1.234,107.24,107.26,108.58,108.34,109.22,107.01,3758352.0,405692559.0,15:34:59,2026-09-07
sh688272,富吉瑞,28.25,-0.02,-0.071,28.25,28.26,28.27,28.5,28.9,27.65,2121674.0,59911548.0,15:00:04,2026-09-07
sh688273,麦澜德,28.94,0.24,0.836,28.92,28.94,28.7,28.81,29.03,28.57,835493.0,24080715.0,15:00:03,2026-09-07
sh688275,万润新能,71.13,-0.45,-0.629,71.13,71.14,71.58,72.37,72.37,70.55,2695916.0,192331441.0,15:00:03,2026-09-07
sh688276,百克生物,16.16,0.16,1.0,16.15,16.16,16.0,16.01,16.2,15.92,1692780.0,27249346.0,15:00:03,2026-09-07
sh688277,天智航,15.21,0.39,2.632,15.21,15.22,14.82,14.75,15.55,14.68,5628347.0,85359407.0,15:00:03,2026-09-07
sh688278,特宝生物,57.12,0.16,0.281,57.12,57.13,56.96,56.88,57.49,56.37,1956650.0,111507028.0,15:00:05,2026-09-07
sh688279,峰岹科技,189.12,5.1,2.771,189.12,189.21,184.02,182.23,191.5,182.23,1621230.0,304962205.0,15:00:03,2026-09-07
sh688280,精进电动,5.34,-0.08,-1.476,5.34,5.35,5.42,5.39,5.47,5.34,6837259.0,36851516.0,15:00:04,2026-09-07
sh688281,华秦科技,49.73,-1.77,-3.437,49.73,49.8,51.5,51.3,51.8,49.06,3586455.0,179005366.0,15:34:59,2026-09-07
sh688282,理工导航,54.64,-0.62,-1.122,54.64,54.67,55.26,55.01,56.0,54.55,736473.0,40576493.0,15:00:04,2026-09-07
sh688283,坤恒顺维,27.16,0.16,0.593,27.16,27.17,27.0,27.09,27.49,26.96,711184.0,19344164.0,15:00:03,2026-09-07
sh688285,高铁电气,7.57,0.01,0.132,7.55,7.57,7.56,7.61,7.61,7.52,1369932.0,10362610.0,15:00:02,2026-09-07
sh688286,敏芯股份,48.26,2.26,4.913,48.26,48.28,46.0,46.4,48.34,46.4,4265609.0,204132646.0,15:34:59,2026-09-07
sh688288,鸿泉技术,18.9,-0.3,-1.563,18.89,18.9,19.2,19.15,19.28,18.79,1353742.0,25788422.0,15:00:04,2026-09-07
sh688289,圣湘生物,15.87,-0.11,-0.688,15.86,15.87,15.98,16.05,16.26,15.85,3396359.0,54141271.0,15:00:05,2026-09-07
sh688290,景业智能,63.6,0.25,0.395,63.45,63.6,63.35,63.35,66.0,63.01,961095.0,61837759.0,15:00:02,2026-09-07
sh688291,金橙子,44.4,1.35,3.136,44.39,44.4,43.05,45.3,45.8,43.05,4306787.0,191074825.0,15:34:59,2026-09-07
sh688292,浩瀚深度,18.34,-0.24,-1.292,18.32,18.34,18.58,18.51,18.88,18.13,2958740.0,54444266.0,15:00:02,2026-09-07
sh688293,奥浦迈,56.91,2.29,4.193,56.91,56.95,54.62,54.1,57.86,54.1,3757991.0,212161496.0,15:34:59,2026-09-07
sh688295,中复神鹰,38.02,-0.91,-2.338,38.01,38.02,38.93,38.4,38.83,37.77,5167005.0,196747200.0,15:34:59,2026-09-07
sh688296,和达科技,23.67,-0.2,-0.838,23.67,23.68,23.87,24.74,24.74,23.56,3367482.0,80548764.0,15:34:59,2026-09-07
sh688297,中无人机,43.49,0.95,2.233,43.48,43.49,42.54,42.55,45.4,42.2,19184918.0,839500227.0,15:34:59,2026-09-07
sh688298,东方生物,19.07,0.12,0.633,19.03,19.07,18.95,19.13,19.15,18.92,788638.0,15024576.0,15:00:03,2026-09-07
sh688299,长阳科技,12.92,0.04,0.311,12.92,12.94,12.88,12.85,13.1,12.81,3159115.0,40946929.0,15:00:05,2026-09-07
sh688300,联瑞新材,175.5,11.82,7.221,175.5,175.51,163.68,166.66,177.94,164.46,18353384.0,3138947429.0,15:34:59,2026-09-07
sh688301,奕瑞科技,93.94,3.24,3.572,93.9,93.94,90.7,90.3,95.34,90.0,4447904.0,415942505.0,15:00:02,2026-09-07
sh688302,海创药业,31.01,-0.37,-1.179,31.0,31.01,31.38,31.31,31.66,30.71,1606761.0,49781478.0,15:00:01,2026-09-07
sh688303,大全能源,17.09,0.33,1.969,17.08,17.09,16.76,16.84,17.26,16.71,9276472.0,158447504.0,15:34:59,2026-09-07
sh688305,科德数控,57.34,0.89,1.577,57.34,57.35,56.45,57.1,57.57,56.66,2004687.0,114747200.0,15:34:59,2026-09-07
sh688306,均普智能,8.58,0.02,0.234,8.58,8.59,8.56,8.56,8.74,8.56,5895454.0,50961239.0,15:00:00,2026-09-07
sh688307,中润光学,47.29,2.23,4.949,47.29,47.3,45.06,45.3,47.83,44.75,3622431.0,170191946.0,15:00:02,2026-09-07
sh688308,欧科亿,87.51,3.33,3.956,87.51,87.52,84.18,85.66,88.8,85.09,7638832.0,666074158.0,15:34:59,2026-09-07
sh688309,恒誉科技,78.77,-0.92,-1.154,78.6,78.77,79.69,80.3,80.3,78.15,1032209.0,81863536.0,15:00:02,2026-09-07
sh688310,迈得医疗,15.01,0.27,1.832,15.01,15.03,14.74,15.14,15.15,14.87,1125254.0,16903578.0,15:00:04,2026-09-07
sh688311,盟升电子,23.28,0.29,1.261,23.28,23.29,22.99,22.98,23.4,22.8,3203147.0,74171954.0,15:00:05,2026-09-07
sh688312,燕麦科技,50.5,5.7,12.723,50.5,50.51,44.8,45.51,50.9,44.81,10073523.0,493066946.0,15:34:59,2026-09-07
sh688313,仕佳光子,154.91,13.29,9.384,154.91,154.92,141.62,145.82,156.15,145.0,21977137.0,3338947054.0,15:34:59,2026-09-07
sh688314,康拓医疗,31.55,0.16,0.51,31.55,31.58,31.39,31.57,31.87,30.89,691982.0,21822951.0,15:34:59,2026-09-07
sh688315,诺禾致源,13.8,-0.15,-1.075,13.8,13.81,13.95,13.95,14.0,13.67,4512092.0,62237131.0,15:00:04,2026-09-07
sh688316,青云科技,46.53,-1.04,-2.186,46.53,46.55,47.57,47.5,47.94,46.18,1796810.0,83827853.0,15:34:59,2026-09-07
sh688317,之江生物,16.88,-0.05,-0.295,16.88,16.9,16.93,16.85,17.06,16.8,844625.0,14305612.0,15:00:04,2026-09-07
sh688318,财富趋势,86.0,-2.87,-3.229,86.0,86.04,88.87,88.77,90.5,85.1,9380112.0,814393447.0,15:34:59,2026-09-07
sh688319,欧林生物,27.4,-0.83,-2.94,27.4,27.45,28.23,28.18,28.47,26.7,8825821.0,241995054.0,15:00:02,2026-09-07
sh688320,禾川科技,33.47,0.78,2.386,33.47,33.5,32.69,32.94,33.94,32.69,2185975.0,73352437.0,15:00:04,2026-09-07
sh688321,微芯生物,25.35,0.17,0.675,25.35,25.36,25.18,25.35,25.53,25.0,5003315.0,126912447.0,15:00:04,2026-09-07
sh688322,奥比中光,95.79,3.62,3.928,95.77,95.79,92.17,93.09,98.19,92.58,7237748.0,695970110.0,15:34:59,2026-09-07
sh688323,瑞华泰,25.61,0.87,3.517,25.61,25.62,24.74,25.01,25.8,24.3,9032821.0,228874819.0,15:34:59,2026-09-07
sh688325,赛微微电,108.45,0.61,0.566,108.4,108.45,107.84,108.02,108.99,106.0,777199.0,83552695.0,15:00:00,2026-09-07
sh688326,经纬恒润,60.28,-1.34,-2.175,60.28,60.29,61.62,61.32,61.9,60.21,1344046.0,81580481.0,15:00:00,2026-09-07
sh688327,云从科技,10.21,-0.1,-0.97,10.21,10.22,10.31,10.36,10.42,10.17,16490069.0,169088289.0,15:00:04,2026-09-07
sh688328,深科达,79.75,4.35,5.769,79.7,79.75,75.4,77.98,81.66,76.88,7796871.0,623464462.0,15:34:59,2026-09-07
sh688329,艾隆科技,22.2,-0.21,-0.937,22.2,22.21,22.41,21.97,22.8,21.97,1183315.0,26495939.0,15:00:04,2026-09-07
sh688330,宏力达,36.67,-0.11,-0.299,36.67,36.75,36.78,36.9,37.16,36.25,1727960.0,63284347.0,15:00:03,2026-09-07
sh688331,荣昌生物,122.75,-1.49,-1.199,122.74,122.75,124.24,123.49,124.0,121.41,4212900.0,516155439.0,15:34:59,2026-09-07
sh688332,中科蓝讯,98.53,5.94,6.415,98.52,98.53,92.59,92.9,99.88,92.59,8472720.0,825334597.0,15:34:59,2026-09-07
sh688333,铂力特,111.0,1.91,1.751,111.0,111.03,109.09,111.03,117.5,110.06,13452069.0,1523226865.0,15:34:59,2026-09-07
sh688334,西高院,18.24,-0.16,-0.87,18.23,18.24,18.4,18.4,18.49,18.2,1379857.0,25215246.0,15:00:05,2026-09-07
sh688335,复洁科技,19.5,-0.3,-1.515,19.5,19.53,19.8,19.86,20.16,19.46,1660686.0,32805664.0,15:00:03,2026-09-07
sh688336,三生国健,41.9,-0.26,-0.617,41.89,41.9,42.16,42.38,42.38,41.6,3052602.0,127845878.0,15:34:59,2026-09-07
sh688337,普源精电,42.61,2.46,6.127,42.6,42.61,40.15,40.65,42.86,40.1,4304605.0,180180653.0,15:00:04,2026-09-07
sh688338,赛科希德,30.08,-0.49,-1.603,30.07,30.08,30.57,30.57,30.6,29.87,1278480.0,38450811.0,15:00:03,2026-09-07
sh688339,亿华通,17.91,0.33,1.877,17.91,17.94,17.58,17.7,18.23,17.42,2868413.0,51251596.0,15:34:59,2026-09-07
sh688343,云天励飞,56.24,-0.75,-1.316,56.24,56.25,56.99,57.45,57.56,55.83,8158775.0,461504736.0,15:34:59,2026-09-07
sh688345,博力威,53.06,0.45,0.855,53.04,53.06,52.61,51.17,54.01,51.17,1556906.0,82421841.0,15:00:02,2026-09-07
sh688347,华虹宏力,228.73,5.23,2.34,228.73,228.75,223.5,226.99,233.33,221.76,17418540.0,3968036928.0,15:34:59,2026-09-07
sh688348,昱能科技,31.48,0.63,2.042,31.47,31.48,30.85,31.22,31.58,30.76,1120052.0,35031472.0,15:00:05,2026-09-07
sh688349,三一重能,12.9,0.06,0.467,12.9,12.92,12.84,12.85,13.03,12.79,5888343.0,76049759.0,15:34:59,2026-09-07
sh688350,富淼科技,27.3,0.4,1.487,27.3,27.34,26.9,26.61,27.6,26.61,1178778.0,32021388.0,15:00:03,2026-09-07
sh688351,微电生理,17.97,-0.45,-2.443,17.97,17.98,18.42,18.38,18.58,17.91,4061470.0,73333348.0,15:00:04,2026-09-07
sh688352,颀中科技,17.16,0.75,4.57,17.15,17.16,16.41,16.6,17.44,16.46,19940609.0,339262009.0,15:34:59,2026-09-07
sh688353,华盛锂电,82.88,1.04,1.271,82.88,82.91,81.84,81.8,83.5,81.0,3029673.0,250518148.0,15:34:59,2026-09-07
sh688355,明志科技,17.09,-0.19,-1.1,17.07,17.09,17.28,17.38,17.38,17.05,1017204.0,17488937.0,15:00:05,2026-09-07
sh688356,键凯科技,80.44,0.64,0.802,80.44,80.45,79.8,79.7,80.6,78.38,2957574.0,235944901.0,15:34:59,2026-09-07
sh688357,建龙微纳,26.3,-0.23,-0.867,26.3,26.35,26.53,26.89,26.89,26.08,657990.0,17353672.0,15:00:02,2026-09-07
sh688358,祥生医疗,28.23,0.0,0.0,28.15,28.23,28.23,28.23,28.38,27.93,596148.0,16774907.0,15:00:04,2026-09-07
sh688359,三孚新科,96.79,7.27,8.121,96.79,96.87,89.52,89.9,97.28,89.9,4732379.0,450479867.0,15:00:04,2026-09-07
sh688360,德马科技,14.95,0.29,1.978,14.92,14.95,14.66,14.74,15.05,14.68,2808838.0,41982354.0,15:34:59,2026-09-07
sh688361,中科飞测,314.15,14.35,4.787,314.14,314.15,299.8,305.0,315.58,299.4,8526910.0,2643962821.0,15:34:59,2026-09-07
sh688362,甬矽电子,60.91,2.31,3.942,60.91,60.93,58.6,60.46,61.99,59.02,16788754.0,1018169817.0,15:34:59,2026-09-07
sh688363,华熙生物,35.17,-0.01,-0.028,35.16,35.17,35.18,35.17,35.46,34.9,1791134.0,62981692.0,15:34:59,2026-09-07
sh688365,光云科技,15.27,-0.12,-0.78,15.27,15.28,15.39,15.28,15.58,15.16,12734285.0,195045593.0,15:00:00,2026-09-07
sh688366,昊海生科,30.19,-0.01,-0.033,30.19,30.2,30.2,30.36,30.36,29.92,290911.0,8766167.0,15:00:04,2026-09-07
sh688367,工大高科,30.03,0.1,0.334,29.98,30.03,29.93,30.58,30.61,29.7,1083698.0,32663686.0,15:00:04,2026-09-07
sh688368,晶丰明源,150.7,4.09,2.79,150.7,150.73,146.61,150.6,151.99,144.44,3395288.0,506817743.0,15:34:59,2026-09-07
sh688369,致远互联,20.05,-0.32,-1.571,20.05,20.06,20.37,20.41,20.57,19.94,2941883.0,59253746.0,15:00:04,2026-09-07
sh688370,丛麟科技,23.79,0.41,1.754,23.79,23.84,23.38,23.43,23.95,23.28,323829.0,7668706.0,15:34:59,2026-09-07
sh688371,菲沃泰,26.48,1.79,7.25,26.45,26.48,24.69,25.01,26.85,24.82,8493022.0,222338787.0,15:00:02,2026-09-07
sh688372,伟测科技,116.77,2.27,1.983,116.76,116.77,114.5,116.6,120.3,115.19,8181058.0,962928524.0,15:34:59,2026-09-07
sh688373,盟科药业,5.62,0.07,1.261,5.62,5.63,5.55,5.56,5.66,5.51,10767776.0,59989621.0,15:34:59,2026-09-07
sh688375,国博电子,72.5,-0.67,-0.916,72.5,72.55,73.17,73.49,74.58,72.05,2295693.0,167469799.0,15:34:59,2026-09-07
sh688376,美埃科技,64.9,2.55,4.09,64.9,64.92,62.35,63.8,65.55,62.01,1461910.0,94244057.0,15:34:59,2026-09-07
sh688377,迪威尔,18.29,-0.71,-3.737,18.25,18.29,19.0,18.96,19.1,18.12,2705343.0,49782787.0,15:00:04,2026-09-07
sh688378,奥来德,44.9,2.81,6.676,44.89,44.9,42.09,42.95,45.26,42.0,9388157.0,413799393.0,15:34:59,2026-09-07
sh688379,华光新材,58.83,2.33,4.124,58.83,58.86,56.5,57.63,59.39,56.94,4202857.0,245540396.0,15:34:59,2026-09-07
sh688380,中微半导,39.05,0.71,1.852,39.05,39.06,38.34,38.91,39.45,38.64,6680253.0,261249917.0,15:34:59,2026-09-07
sh688381,帝奥微,38.07,2.59,7.3,38.0,38.07,35.48,36.0,38.3,35.98,12774728.0,479218355.0,15:34:59,2026-09-07
sh688382,益方生物,19.26,-0.23,-1.18,19.25,19.26,19.49,19.49,19.59,19.03,7347098.0,141530215.0,15:34:59,2026-09-07
sh688383,新益昌,129.47,8.49,7.018,129.45,129.47,120.98,123.55,131.9,121.0,2481141.0,318684810.0,15:34:59,2026-09-07
sh688385,复旦微电,54.95,0.63,1.16,54.95,54.96,54.32,54.83,55.4,53.85,12138803.0,664239269.0,15:34:59,2026-09-07
sh688386,泛亚微透,48.63,0.63,1.313,48.62,48.63,48.0,47.55,49.04,47.55,2342438.0,113611896.0,15:00:04,2026-09-07
sh688387,信科移动,12.43,-0.07,-0.56,12.43,12.44,12.5,12.6,12.76,12.26,39625937.0,493461615.0,15:34:59,2026-09-07
sh688388,嘉元科技,27.74,0.77,2.855,27.74,27.75,26.97,27.4,28.1,26.88,29398861.0,811946260.0,15:34:59,2026-09-07
sh688389,普门科技,11.32,0.14,1.252,11.32,11.33,11.18,11.2,11.37,11.17,1644711.0,18608065.0,15:34:59,2026-09-07
sh688390,固德威,60.52,-0.7,-1.143,60.52,60.53,61.22,61.34,61.42,59.71,8539211.0,515424513.0,15:34:59,2026-09-07
sh688391,钜泉科技,25.92,0.22,0.856,25.92,25.93,25.7,25.96,26.1,25.41,1241190.0,31939121.0,15:00:03,2026-09-07
sh688392,骄成超声,172.9,11.13,6.88,172.9,172.91,161.77,163.0,173.9,162.0,3674566.0,620473310.0,15:00:00,2026-09-07
sh688393,安必平,20.22,-0.06,-0.296,20.22,20.24,20.28,20.2,20.58,19.95,1410779.0,28455793.0,15:00:04,2026-09-07
sh688395,正弦电气,23.04,0.11,0.48,23.03,23.04,22.93,23.01,23.35,22.96,743474.0,17215076.0,15:00:04,2026-09-07
sh688396,华润微,57.92,1.37,2.423,57.92,57.93,56.55,57.5,58.72,57.32,14992876.0,869294258.0,15:34:59,2026-09-07
sh688398,赛特新材,20.41,0.58,2.925,20.38,20.41,19.83,19.8,20.71,19.8,1071623.0,21765318.0,15:00:03,2026-09-07
sh688399,硕世生物,26.8,-0.13,-0.483,26.8,26.86,26.93,27.2,27.21,26.6,1234365.0,33166636.0,15:00:03,2026-09-07
sh688400,凌云光,45.14,0.78,1.758,45.14,45.15,44.36,44.02,45.47,42.44,15086244.0,665458585.0,15:34:59,2026-09-07
sh688401,路维光电,65.5,2.15,3.394,65.49,65.5,63.35,63.74,66.33,63.74,3716263.0,242498064.0,15:34:59,2026-09-07
sh688403,汇成股份,25.52,1.66,6.957,25.52,25.54,23.86,24.26,25.77,23.02,78782329.0,1941365926.0,15:34:59,2026-09-07
sh688408,中信博,23.75,-0.11,-0.461,23.75,23.78,23.86,23.86,24.08,23.66,3587737.0,85499595.0,15:00:04,2026-09-07
sh688409,富创精密,184.77,5.67,3.166,184.7,184.77,179.1,182.48,187.31,180.24,5320932.0,978629987.0,15:34:59,2026-09-07
sh688410,山外山,9.89,-0.11,-1.1,9.88,9.89,10.0,10.0,10.03,9.73,9253188.0,91624094.0,15:34:59,2026-09-07
sh688411,海博思创,179.0,1.59,0.896,179.0,179.03,177.41,178.49,179.99,174.51,2671190.0,472910711.0,15:34:59,2026-09-07
sh688416,恒烁股份,76.84,5.93,8.363,76.83,76.84,70.91,72.97,77.5,72.96,7091984.0,535963355.0,15:34:59,2026-09-07
sh688418,震有科技,32.66,1.21,3.847,32.65,32.66,31.45,32.0,32.95,31.55,3392341.0,109939483.0,15:00:03,2026-09-07
sh688419,耐科装备,49.27,2.17,4.607,49.26,49.27,47.1,47.57,49.77,47.57,3551275.0,173446150.0,15:00:04,2026-09-07
sh688420,美腾科技,22.12,-0.1,-0.45,22.11,22.12,22.22,22.24,22.48,22.04,686870.0,15255693.0,15:00:04,2026-09-07
sh688425,铁建重工,4.04,-0.01,-0.247,4.04,4.05,4.05,4.05,4.06,4.03,11789325.0,47717879.0,15:34:59,2026-09-07
sh688426,康为世纪,21.25,0.25,1.19,21.25,21.29,21.0,21.23,21.57,20.75,1443290.0,30579897.0,15:00:04,2026-09-07
sh688428,诺诚健华,30.85,-0.86,-2.712,30.84,30.85,31.71,31.8,32.0,30.64,9544947.0,296343061.0,15:34:59,2026-09-07
sh688429,时创能源,10.55,0.53,5.289,10.55,10.56,10.02,10.22,10.59,9.96,2389510.0,24624373.0,15:00:02,2026-09-07
sh688432,有研硅,45.22,0.0,0.0,0.0,0.0,45.22,0.0,0.0,0.0,0.0,0.0,15:35:32,2026-09-07
sh688433,华曙高科,110.41,2.71,2.516,110.41,110.8,107.7,110.0,116.0,109.01,7052102.0,792064557.0,15:34:59,2026-09-07
sh688435,英方软件,37.63,4.7,14.273,37.63,37.65,32.93,33.41,39.5,33.41,11544110.0,433509732.0,15:34:59,2026-09-07
sh688439,振华风光,38.4,-0.23,-0.595,38.39,38.4,38.63,38.7,38.84,38.27,1471777.0,56657877.0,15:00:03,2026-09-07
sh688443,智翔金泰,22.97,-0.28,-1.204,22.97,23.0,23.25,23.26,23.28,22.96,2409701.0,55586325.0,15:34:59,2026-09-07
sh688448,磁谷科技,67.88,-1.12,-1.623,67.88,67.9,69.0,68.56,68.56,64.47,2243787.0,150318607.0,15:34:59,2026-09-07
sh688449,联芸科技,62.64,1.64,2.689,62.64,62.65,61.0,62.0,63.28,61.51,7381406.0,462033145.0,15:34:59,2026-09-07
sh688450,光格科技,32.96,0.26,0.795,32.95,32.96,32.7,33.34,33.61,32.53,1078768.0,35826662.0,15:00:04,2026-09-07
sh688455,科捷智能,16.9,0.49,2.986,16.9,16.91,16.41,16.7,17.23,16.34,2781053.0,46649526.0,15:00:04,2026-09-07
sh688456,有研粉材,74.52,3.49,4.913,74.52,74.53,71.03,72.38,75.22,71.38,5568278.0,409859617.0,15:34:59,2026-09-07
sh688458,美芯晟,37.06,1.11,3.088,37.06,37.07,35.95,36.6,37.41,35.7,2254377.0,82590758.0,15:00:04,2026-09-07
sh688459,哈铁科技,8.06,-0.02,-0.248,8.06,8.07,8.08,8.07,8.12,8.03,614695.0,4958672.0,15:00:02,2026-09-07
sh688466,金科环境,14.36,0.17,1.198,14.35,14.36,14.19,14.12,14.44,14.12,926779.0,13290064.0,15:00:02,2026-09-07
sh688468,科美诊断,6.35,0.03,0.475,6.35,6.36,6.32,6.34,6.4,6.32,1890523.0,12045648.0,15:00:03,2026-09-07
sh688469,芯联集成,8.5,0.2,2.41,8.49,8.5,8.3,8.37,8.53,8.34,89666671.0,756055912.0,15:34:59,2026-09-07
sh688472,阿特斯,8.68,-0.1,-1.139,8.68,8.69,8.78,8.78,8.83,8.66,32618153.0,283766550.0,15:34:59,2026-09-07
sh688475,萤石网络,28.7,-0.6,-2.048,28.7,28.71,29.3,29.23,29.48,28.4,5270481.0,151577591.0,15:34:59,2026-09-07
sh688478,晶升股份,43.0,1.45,3.49,42.99,43.0,41.55,42.31,43.47,41.81,3754336.0,160510272.0,15:00:03,2026-09-07
sh688479,友车科技,37.39,1.99,5.621,37.37,37.39,35.4,36.01,37.49,35.87,3674300.0,134998420.0,15:34:59,2026-09-07
sh688480,赛恩斯,70.6,0.49,0.699,70.59,70.6,70.11,70.2,71.29,70.12,539879.0,38180288.0,15:00:00,2026-09-07
sh688484,南芯科技,34.77,0.12,0.346,34.77,34.79,34.65,34.96,35.08,34.3,5608722.0,194411061.0,15:34:59,2026-09-07
sh688485,九州一轨,101.45,5.98,6.264,101.45,101.66,95.47,96.0,102.63,93.29,8377438.0,831764843.0,15:00:03,2026-09-07
sh688486,龙迅股份,40.7,0.23,0.568,40.69,40.7,40.47,41.0,41.11,39.97,3275925.0,133220380.0,15:34:59,2026-09-07
sh688488,艾迪药业,15.54,0.1,0.648,15.54,15.55,15.44,15.39,15.62,15.3,2933315.0,45339606.0,15:00:03,2026-09-07
sh688489,三未信安,24.0,-0.53,-2.161,24.0,24.06,24.53,24.45,24.59,23.91,1506505.0,36314874.0,15:00:03,2026-09-07
sh688496,*ST清越,0.96,0.07,7.865,0.96,0.97,0.89,0.9,1.05,0.9,10416803.0,10148092.0,15:34:59,2026-09-07
sh688498,源杰科技,1702.0,236.0,16.098,1701.77,1702.0,1466.0,1499.0,1706.0,1488.0,5639919.0,9004888392.0,15:34:59,2026-09-07
sh688499,利元亨,32.64,-0.03,-0.092,32.64,32.65,32.67,32.68,33.15,32.48,3315659.0,108657143.0,15:34:59,2026-09-07
sh688500,慧辰股份,33.71,-1.39,-3.96,33.67,33.71,35.1,34.75,35.07,33.6,1847083.0,63008758.0,15:00:05,2026-09-07
sh688501,青达环保,13.65,-0.01,-0.073,13.65,13.66,13.66,13.79,13.79,13.46,1886730.0,25657499.0,15:00:03,2026-09-07
sh688502,茂莱光学,432.45,25.95,6.384,432.4,432.45,406.5,410.0,434.85,406.5,1589958.0,674931786.0,15:34:59,2026-09-07
sh688503,聚和材料,67.8,3.73,5.822,67.8,67.81,64.07,65.32,68.6,64.47,13004341.0,873129803.0,15:34:59,2026-09-07
sh688505,复旦张江,7.84,-0.11,-1.384,7.84,7.85,7.95,7.92,7.94,7.81,5096484.0,40027441.0,15:00:02,2026-09-07
sh688506,百利天恒,253.0,-8.5,-3.25,253.0,253.55,261.5,260.15,263.57,251.13,1358596.0,344467961.0,15:34:59,2026-09-07
sh688507,索辰科技,151.28,4.28,2.912,151.23,151.28,147.0,149.98,153.98,149.98,3970300.0,604215171.0,15:34:59,2026-09-07
sh688508,芯朋微,86.52,3.63,4.379,86.52,86.56,82.89,83.81,87.87,83.58,6801159.0,588523906.0,15:34:59,2026-09-07
sh688509,正元地信,4.2,-0.04,-0.943,4.2,4.21,4.24,4.26,4.26,4.19,5803006.0,24484812.0,15:00:00,2026-09-07
sh688510,航亚科技,25.08,-1.08,-4.128,25.08,25.09,26.16,26.5,26.5,24.71,6552441.0,164452914.0,15:00:04,2026-09-07
sh688511,天微电子,23.36,0.34,1.477,23.36,23.38,23.02,23.53,24.09,23.11,1606292.0,37935172.0,15:00:03,2026-09-07
sh688512,慧智微,13.99,0.6,4.481,13.98,13.99,13.39,13.49,14.37,13.38,16139453.0,224854158.0,15:34:59,2026-09-07
sh688513,苑东生物,46.14,1.64,3.685,46.06,46.14,44.5,44.5,46.8,44.1,2262454.0,103370798.0,15:34:59,2026-09-07
sh688515,裕太微,145.74,3.82,2.692,145.71,145.74,141.92,145.5,147.94,143.37,2434165.0,355249432.0,15:34:59,2026-09-07
sh688516,奥特维,42.87,1.79,4.357,42.87,42.89,41.08,41.05,43.79,41.01,9816333.0,419243804.0,15:00:02,2026-09-07
sh688517,金冠电气,16.1,0.12,0.751,16.1,16.11,15.98,15.98,16.2,15.83,1312682.0,21086449.0,15:00:02,2026-09-07
sh688518,联赢激光,21.15,0.08,0.38,21.15,21.16,21.07,21.21,21.42,21.06,7068688.0,150010652.0,15:34:59,2026-09-07
sh688519,南亚新材,287.85,20.71,7.752,287.83,287.85,267.14,274.0,291.27,269.0,6051302.0,1713794595.0,15:34:59,2026-09-07
sh688520,神州细胞,33.89,-0.64,-1.853,33.89,33.92,34.53,34.55,34.66,33.8,1984556.0,67656109.0,15:34:59,2026-09-07
sh688521,芯原股份,185.78,2.01,1.094,185.78,185.79,183.77,186.0,187.92,181.08,14745102.0,2731089100.0,15:34:59,2026-09-07
sh688522,纳睿雷达,18.52,-0.21,-1.121,18.52,18.55,18.73,18.8,18.93,18.51,3632412.0,67826874.0,15:34:59,2026-09-07
sh688523,航天环宇,41.01,-0.02,-0.049,41.01,41.03,41.03,41.19,41.73,40.6,2790754.0,115112032.0,15:34:59,2026-09-07
sh688525,佰维存储,221.14,7.85,3.68,221.14,221.15,213.29,220.0,222.65,218.92,17251097.0,3809855763.0,15:34:59,2026-09-07
sh688526,科前生物,12.86,0.08,0.626,12.86,12.87,12.78,12.88,12.99,12.78,1547858.0,19954400.0,15:00:03,2026-09-07
sh688528,秦川物联,10.28,-0.02,-0.194,10.28,10.3,10.3,10.2,10.57,10.2,1738949.0,17950933.0,15:00:04,2026-09-07
sh688529,豪森智能,15.46,0.18,1.178,15.46,15.5,15.28,15.15,15.6,15.15,1201401.0,18580946.0,15:00:04,2026-09-07
sh688530,欧莱新材,56.89,2.99,5.547,56.88,56.89,53.9,54.66,57.44,54.66,6924100.0,389197752.0,15:34:59,2026-09-07
sh688531,日联科技,141.66,11.25,8.627,141.62,141.66,130.41,130.66,143.28,130.66,4881046.0,678347659.0,15:34:59,2026-09-07
sh688533,上声电子,20.29,0.17,0.845,20.29,20.3,20.12,20.17,20.45,20.0,672168.0,13624277.0,15:00:04,2026-09-07
sh688535,华海诚科,101.04,6.56,6.943,101.04,101.06,94.48,96.37,101.85,95.48,6116062.0,608441254.0,15:34:59,2026-09-07
sh688536,思瑞浦,303.82,10.92,3.728,303.82,303.95,292.9,298.9,307.99,293.58,2833690.0,858338360.0,15:00:02,2026-09-07
sh688538,和辉光电,2.2,-0.03,-1.345,2.2,2.21,2.23,2.23,2.24,2.2,67073178.0,148424454.0,15:34:59,2026-09-07
sh688539,高华科技,23.94,0.34,1.441,23.92,23.94,23.6,23.65,24.17,23.52,1690341.0,40355219.0,15:00:04,2026-09-07
sh688543,国科军工,41.79,-1.1,-2.565,41.79,41.8,42.89,43.0,43.0,41.55,8983872.0,376968606.0,15:34:59,2026-09-07
sh688545,兴福电子,75.36,3.86,5.399,75.34,75.36,71.5,72.6,75.7,72.04,8440710.0,627343164.0,15:34:59,2026-09-07
sh688548,广钢气体,29.7,0.93,3.233,29.69,29.7,28.77,29.08,30.3,28.92,29895350.0,889683822.0,15:34:59,2026-09-07
sh688549,中巨芯,22.28,0.53,2.437,22.27,22.28,21.75,22.02,22.49,21.85,50120911.0,1116972956.0,15:34:59,2026-09-07
sh688550,瑞联新材,37.0,0.73,2.013,37.0,37.01,36.27,36.51,37.2,36.13,2971386.0,108996450.0,15:34:59,2026-09-07
sh688551,科威尔,38.58,1.7,4.61,38.5,38.58,36.88,37.53,39.02,36.88,3934535.0,150122079.0,15:34:59,2026-09-07
sh688552,航天南湖,31.27,-0.66,-2.067,31.27,31.28,31.93,31.75,32.17,31.11,4467283.0,140470512.0,15:00:01,2026-09-07
sh688553,汇宇制药,11.66,-0.32,-2.671,11.66,11.67,11.98,11.97,11.99,11.55,11084204.0,129464776.0,15:00:05,2026-09-07
sh688556,高测股份,8.12,0.25,3.177,8.11,8.12,7.87,7.82,8.22,7.81,30551973.0,244237654.0,15:34:59,2026-09-07
sh688557,兰剑智能,20.3,-0.16,-0.782,20.3,20.33,20.46,20.52,20.67,20.26,1092448.0,22314891.0,15:34:59,2026-09-07
sh688558,国盛智科,32.27,0.87,2.771,32.27,32.28,31.4,31.37,32.5,31.37,1190589.0,38252318.0,15:00:03,2026-09-07
sh688559,海目星,53.45,-0.04,-0.075,53.45,53.47,53.49,54.13,54.7,53.37,10238170.0,552782805.0,15:34:59,2026-09-07
sh688560,明冠新材,12.35,0.13,1.064,12.34,12.35,12.22,12.28,12.38,12.11,2880475.0,35360946.0,15:00:02,2026-09-07
sh688561,奇安信,27.15,-0.66,-2.373,27.14,27.15,27.81,27.68,28.0,27.09,6785592.0,185774368.0,15:34:59,2026-09-07
sh688562,航天软件,14.7,0.07,0.478,14.69,14.7,14.63,14.68,14.8,14.38,3158954.0,46173968.0,15:34:59,2026-09-07
sh688563,航材股份,53.09,0.18,0.34,53.09,53.1,52.91,52.54,53.71,51.6,3368254.0,177319790.0,15:34:59,2026-09-07
sh688565,力源科技,11.6,0.06,0.52,11.55,11.6,11.54,11.42,11.76,11.42,1554076.0,18024580.0,15:34:59,2026-09-07
sh688566,吉贝尔,25.72,0.14,0.547,25.7,25.72,25.58,25.5,25.81,25.45,1044604.0,26744832.0,15:00:02,2026-09-07
sh688567,孚能科技,8.99,-0.03,-0.333,8.99,9.0,9.02,9.02,9.09,8.98,7733760.0,69784154.0,15:00:05,2026-09-07
sh688568,中科星图,30.69,-0.6,-1.918,30.69,30.71,31.29,31.19,31.52,30.56,7866747.0,243611476.0,15:34:59,2026-09-07
sh688569,铁科轨道,18.81,-0.04,-0.212,18.8,18.81,18.85,18.96,19.1,18.76,842762.0,15905611.0,15:00:05,2026-09-07
sh688570,天玛智控,14.77,0.0,0.0,14.77,14.78,14.77,14.76,14.82,14.66,595465.0,8777538.0,15:00:05,2026-09-07
sh688571,杭华股份,8.43,-0.01,-0.118,8.43,8.44,8.44,8.45,8.54,8.36,4543577.0,38336378.0,15:00:05,2026-09-07
sh688573,信宇人,16.51,-0.04,-0.242,16.51,16.55,16.55,16.55,16.7,16.37,1630780.0,26937954.0,15:00:05,2026-09-07
sh688575,亚辉龙,10.1,-0.01,-0.099,10.09,10.1,10.11,10.11,10.15,10.0,6856323.0,69117740.0,15:34:59,2026-09-07
sh688576,西山科技,39.44,0.01,0.025,39.44,39.45,39.43,39.48,39.98,39.36,313068.0,12417471.0,15:00:03,2026-09-07
sh688577,浙海德曼,43.38,0.36,0.837,43.38,43.39,43.02,43.88,44.0,42.12,1010985.0,43582554.0,15:34:59,2026-09-07
sh688578,艾力斯,108.06,-2.49,-2.252,108.06,108.07,110.55,110.61,110.99,108.06,3482517.0,379574015.0,15:34:59,2026-09-07
sh688579,地纬智能,8.03,-0.04,-0.496,8.03,8.06,8.07,8.12,8.18,8.0,2132985.0,17183128.0,15:00:04,2026-09-07
sh688580,伟思医疗,44.33,0.03,0.068,44.33,44.34,44.3,43.96,44.63,43.59,975418.0,42899861.0,15:34:59,2026-09-07
sh688581,安杰思,50.76,-0.3,-0.588,50.76,50.83,51.06,50.98,51.26,50.7,331372.0,16852509.0,15:00:02,2026-09-07
sh688582,芯动联科,39.96,-0.75,-1.842,39.95,39.96,40.71,40.72,41.12,39.88,4766916.0,192630380.0,15:34:59,2026-09-07
sh688583,思看科技,90.0,9.7,12.08,89.99,90.0,80.3,95.85,96.36,87.96,8917620.0,839544178.0,15:34:59,2026-09-07
sh688584,上海合晶,25.81,0.74,2.952,25.79,25.81,25.07,25.72,25.97,24.96,7565180.0,193680579.0,15:34:59,2026-09-07
sh688585,上纬新材,146.01,6.64,4.764,146.01,146.02,139.37,142.0,149.9,139.5,3445697.0,504689957.0,15:34:59,2026-09-07
sh688586,江航装备,11.09,-0.27,-2.377,11.09,11.1,11.36,11.31,11.35,10.97,6922653.0,76863227.0,15:34:59,2026-09-07
sh688588,凌志软件,9.34,-0.38,-3.909,9.34,9.36,9.72,9.73,9.83,9.33,8010336.0,75815604.0,15:34:59,2026-09-07
sh688589,力合微,19.72,-0.03,-0.152,19.72,19.73,19.75,19.82,20.04,19.67,2218257.0,43949987.0,15:00:05,2026-09-07
sh688590,新致软件,12.32,-0.2,-1.597,12.32,12.33,12.52,12.47,12.76,12.28,6226059.0,77008333.0,15:34:59,2026-09-07
sh688591,泰凌微,28.79,0.15,0.524,28.78,28.79,28.64,28.75,29.04,28.3,3615008.0,103870167.0,15:34:59,2026-09-07
sh688592,司南导航,23.73,-0.17,-0.711,23.73,23.75,23.9,24.0,24.33,23.54,887802.0,21246989.0,15:00:04,2026-09-07
sh688593,新相微,29.64,0.31,1.057,29.63,29.64,29.33,29.51,29.78,29.05,8575165.0,252700635.0,15:34:59,2026-09-07
sh688595,芯海科技,29.3,0.15,0.515,29.24,29.3,29.15,29.45,29.65,28.9,2263536.0,66186776.0,15:34:59,2026-09-07
sh688596,正帆科技,65.72,5.32,8.808,65.72,65.73,60.4,61.25,67.2,60.74,24175879.0,1566840057.0,15:34:59,2026-09-07
sh688597,煜邦电力,6.47,0.0,0.0,6.46,6.47,6.47,6.53,6.54,6.35,5349737.0,34538794.0,15:00:04,2026-09-07
sh688598,金博股份,34.08,2.29,7.204,34.07,34.08,31.79,32.18,34.24,31.86,11984653.0,400251207.0,15:34:59,2026-09-07
sh688599,天合光能,11.32,0.07,0.622,11.32,11.33,11.25,11.31,11.37,11.21,25666021.0,290090448.0,15:34:59,2026-09-07
sh688600,皖仪科技,33.89,0.79,2.387,33.89,33.91,33.1,33.2,34.63,33.12,9021161.0,304559170.0,15:34:59,2026-09-07
sh688601,力芯微,61.49,0.98,1.62,61.48,61.49,60.51,60.55,62.6,59.73,4769042.0,291535703.0,15:00:03,2026-09-07
sh688602,康鹏科技,6.77,-0.03,-0.441,6.76,6.77,6.8,6.86,6.86,6.74,2324838.0,15782980.0,15:00:02,2026-09-07
sh688603,天承科技,120.52,2.52,2.136,120.52,120.54,118.0,119.0,122.36,109.0,9294298.0,1090330601.0,15:34:59,2026-09-07
sh688605,先锋精科,72.72,2.67,3.812,72.72,72.79,70.05,71.99,73.33,70.58,3421210.0,246880379.0,15:34:59,2026-09-07
sh688606,奥泰生物,46.05,0.33,0.722,46.05,46.08,45.72,45.72,46.12,45.4,138199.0,6342577.0,15:00:04,2026-09-07
sh688607,康众医疗,40.03,1.36,3.517,39.93,40.03,38.67,38.36,40.2,38.36,1616863.0,63781574.0,15:00:03,2026-09-07
sh688608,恒玄科技,101.07,-2.48,-2.395,101.07,101.15,103.55,103.6,104.0,100.66,4634081.0,469809031.0,15:34:59,2026-09-07
sh688609,九联科技,9.09,0.28,3.178,9.08,9.09,8.81,8.87,9.13,8.78,12859068.0,115343757.0,15:34:59,2026-09-07
sh688610,埃科光电,155.92,6.46,4.322,155.9,155.92,149.46,150.95,157.33,149.75,1176148.0,181748807.0,15:00:05,2026-09-07
sh688611,杭州柯林,61.55,0.62,1.018,61.54,61.55,60.93,61.8,62.26,60.92,539957.0,33232999.0,15:00:02,2026-09-07
sh688612,威迈斯,38.6,-0.18,-0.464,38.59,38.6,38.78,39.5,39.56,38.2,5004129.0,194575502.0,15:34:59,2026-09-07
sh688613,奥精医疗,15.7,-0.09,-0.57,15.69,15.7,15.79,15.8,15.9,15.58,2486494.0,39100918.0,15:34:59,2026-09-07
sh688615,合合信息,94.88,-0.69,-0.722,94.88,94.9,95.57,95.0,96.28,93.37,3296356.0,312527016.0,15:34:59,2026-09-07
sh688616,西力科技,11.18,0.1,0.903,11.16,11.18,11.08,11.27,11.31,11.01,1785888.0,19885761.0,15:00:03,2026-09-07
sh688617,惠泰医疗,242.87,-8.54,-3.397,242.87,243.0,251.41,250.86,251.88,242.0,1282520.0,314105345.0,15:00:03,2026-09-07
sh688618,三旺通信,30.65,1.74,6.019,30.64,30.65,28.91,29.01,31.15,29.01,2487137.0,75464657.0,15:00:04,2026-09-07
sh688619,罗普特,14.55,-0.75,-4.902,14.54,14.55,15.3,15.11,15.38,14.34,4726297.0,69382158.0,15:34:59,2026-09-07
sh688620,安凯微,15.37,0.0,0.0,15.36,15.37,15.37,15.29,15.63,15.2,11334844.0,174676962.0,15:34:59,2026-09-07
sh688621,阳光诺和,71.16,0.51,0.722,71.1,71.16,70.65,71.85,72.97,69.0,5102461.0,363586854.0,15:00:02,2026-09-07
sh688622,*ST禾信,99.52,-0.48,-0.48,99.38,99.52,100.0,101.2,101.47,95.19,643375.0,63455875.0,15:00:04,2026-09-07
sh688623,双元科技,55.9,0.09,0.161,55.77,55.9,55.81,55.99,56.3,55.21,330559.0,18416483.0,15:00:04,2026-09-07
sh688625,呈和科技,56.38,3.95,7.534,56.33,56.38,52.43,52.89,56.86,52.45,6204799.0,344189495.0,15:34:59,2026-09-07
sh688626,翔宇医疗,39.86,-0.22,-0.549,39.86,39.87,40.08,40.0,40.3,39.55,1762628.0,70266863.0,15:00:04,2026-09-07
sh688627,精智达,491.0,49.42,11.192,490.99,491.0,441.58,463.35,494.07,458.03,6921302.0,3334351067.0,15:34:59,2026-09-07
sh688628,优利德,83.42,6.86,8.96,83.42,83.43,76.56,77.1,83.96,76.97,6607366.0,537283422.0,15:34:59,2026-09-07
sh688629,华丰科技,127.46,5.06,4.134,127.46,127.47,122.4,124.84,129.18,123.41,11122356.0,1410772147.0,15:34:59,2026-09-07
sh688630,芯碁微装,410.05,39.25,10.585,410.05,410.18,370.8,377.46,412.87,377.0,5251610.0,2103513992.0,15:34:59,2026-09-07
sh688631,莱斯信息,39.83,-0.57,-1.411,39.83,39.85,40.4,40.58,40.64,39.8,987765.0,39603283.0,15:00:02,2026-09-07
sh688633,星球石墨,22.77,-0.16,-0.698,22.77,22.78,22.93,23.06,23.06,22.56,2415217.0,54972126.0,15:00:04,2026-09-07
sh688635,长进光子,282.45,20.15,7.682,282.45,282.46,262.3,267.49,287.86,265.45,2391446.0,664656681.0,15:34:59,2026-09-07
sh688636,智明达,20.17,-0.24,-1.176,20.17,20.22,20.41,20.41,20.49,20.08,4955031.0,100318829.0,15:34:59,2026-09-07
sh688638,誉辰智能,33.1,0.35,1.069,33.1,33.12,32.75,32.82,33.98,32.82,522392.0,17466202.0,15:00:04,2026-09-07
sh688639,华恒生物,17.93,0.23,1.299,17.93,17.94,17.7,17.7,18.29,17.66,5606048.0,100962179.0,15:34:59,2026-09-07
sh688646,逸飞激光,76.7,1.12,1.482,76.66,76.7,75.58,77.35,77.55,75.2,1448928.0,111084638.0,15:34:59,2026-09-07
sh688648,中邮科技,32.64,-0.79,-2.363,32.64,32.65,33.43,33.62,33.62,32.2,2536833.0,82702630.0,15:34:59,2026-09-07
sh688651,盛邦安全,23.31,-0.5,-2.1,23.31,23.32,23.81,23.64,23.88,23.26,1314145.0,30814471.0,15:00:02,2026-09-07
sh688652,京仪装备,132.72,5.65,4.446,132.72,132.85,127.07,128.96,134.17,128.2,4016700.0,528633100.0,15:34:59,2026-09-07
sh688653,康希通信,13.53,0.06,0.445,13.53,13.54,13.47,13.61,13.75,13.49,8132207.0,110753104.0,15:34:59,2026-09-07
sh688655,迅捷兴,50.52,8.42,20.0,50.52,0.0,42.1,43.9,50.52,43.8,12760539.0,620997215.0,15:00:04,2026-09-07
sh688656,浩欧博,116.92,12.44,11.907,116.92,116.95,104.48,103.94,117.74,103.94,1568427.0,178544862.0,15:00:04,2026-09-07
sh688657,浩辰软件,33.53,1.35,4.195,33.52,33.53,32.18,32.26,34.1,32.18,1615547.0,53990751.0,15:00:02,2026-09-07
sh688658,悦康药业,13.27,-0.27,-1.994,13.26,13.27,13.54,13.4,13.45,13.16,11102023.0,147285124.0,15:34:59,2026-09-07
sh688659,元琛科技,9.86,-0.43,-4.179,9.86,9.88,10.29,10.09,10.29,9.84,2789937.0,27865982.0,15:00:02,2026-09-07
sh688660,电气风电,7.81,-0.61,-7.245,7.81,7.82,8.42,8.2,8.28,7.76,47063417.0,370537782.0,15:34:59,2026-09-07
sh688661,和林微纳,104.15,7.25,7.482,104.15,104.2,96.9,98.81,108.56,97.52,5253937.0,542397623.0,15:00:02,2026-09-07
sh688662,富信科技,85.37,5.87,7.384,85.37,85.38,79.5,80.55,86.5,80.5,9291141.0,779714770.0,15:34:59,2026-09-07
sh688663,新风光,55.55,1.17,2.152,55.53,55.55,54.38,54.88,56.55,53.9,3215592.0,178130577.0,15:00:05,2026-09-07
sh688665,四方光电,44.3,0.46,1.049,44.25,44.3,43.84,43.78,44.66,43.77,274240.0,12126612.0,15:00:01,2026-09-07
sh688667,菱电电控,91.19,2.69,3.04,91.18,91.19,88.5,88.11,92.05,88.05,653581.0,59365011.0,15:00:02,2026-09-07
sh688668,鼎通科技,265.6,14.17,5.636,265.6,265.62,251.43,252.98,271.0,252.68,4120354.0,1085497618.0,15:34:59,2026-09-07
sh688669,聚石化学,72.5,2.52,3.601,72.49,72.5,69.98,70.99,72.51,70.0,2136256.0,152154903.0,15:00:02,2026-09-07
sh688670,金迪克,16.79,0.82,5.135,16.79,16.81,15.97,15.45,17.1,15.32,2185610.0,36358093.0,15:00:03,2026-09-07
sh688671,碧兴物联,24.77,0.24,0.978,24.58,24.77,24.53,24.48,24.99,24.05,1085973.0,26843828.0,15:00:03,2026-09-07
sh688676,金盘科技,67.91,-0.59,-0.861,67.91,67.92,68.5,69.0,69.23,67.22,12453333.0,845472311.0,15:34:59,2026-09-07
sh688677,海泰新光,93.11,11.3,13.812,93.11,93.12,81.81,85.0,93.5,84.01,14414164.0,1290060685.0,15:34:59,2026-09-07
sh688678,福立旺,23.04,3.07,15.373,23.03,23.04,19.97,20.08,23.28,20.08,42297974.0,948356413.0,15:34:59,2026-09-07
sh688679,通源环境,42.6,1.35,3.273,42.6,42.62,41.25,41.2,43.11,40.55,3554093.0,149898118.0,15:00:04,2026-09-07
sh688680,海优新材,32.95,0.63,1.949,32.92,32.95,32.32,32.3,33.09,32.28,947847.0,31093297.0,15:00:03,2026-09-07
sh688681,科汇股份,15.93,-0.14,-0.871,15.92,15.93,16.07,16.07,16.23,15.8,1785571.0,28573481.0,15:00:02,2026-09-07
sh688682,霍莱沃,30.53,-0.21,-0.683,30.5,30.53,30.74,30.99,31.19,30.36,1017024.0,31264774.0,15:00:05,2026-09-07
sh688683,莱尔科技,29.38,0.91,3.196,29.36,29.38,28.47,28.66,29.7,28.54,1241884.0,36382065.0,15:00:04,2026-09-07
sh688685,迈信林,38.94,1.2,3.18,38.9,38.94,37.74,37.74,39.32,37.74,3054182.0,118366994.0,15:34:59,2026-09-07
sh688686,奥普特,152.18,9.45,6.621,152.18,152.24,142.73,144.56,157.42,144.56,2530925.0,386811750.0,15:00:05,2026-09-07
sh688687,凯因科技,17.73,-0.12,-0.672,17.73,17.75,17.85,17.84,18.06,17.7,1544325.0,27526831.0,15:00:03,2026-09-07
sh688689,银河微电,38.22,1.0,2.687,38.22,38.23,37.22,37.99,38.76,37.51,4865335.0,185383780.0,15:34:59,2026-09-07
sh688690,纳微科技,36.93,1.63,4.618,36.92,36.93,35.3,35.65,37.37,35.31,11403625.0,414326174.0,15:34:59,2026-09-07
sh688691,灿芯股份,62.5,1.3,2.124,62.49,62.5,61.2,61.58,63.2,61.16,2462631.0,153299624.0,15:34:59,2026-09-07
sh688692,达梦数据,212.8,-0.53,-0.248,212.78,212.8,213.33,213.5,215.0,209.8,1137657.0,240751182.0,15:34:59,2026-09-07
sh688693,锴威特,75.55,3.03,4.178,75.55,75.56,72.52,72.52,76.29,72.52,1827837.0,137394453.0,15:00:02,2026-09-07
sh688695,中创股份,19.8,-0.23,-1.148,19.8,19.82,20.03,19.83,20.45,19.75,1864698.0,37230998.0,15:00:04,2026-09-07
sh688696,极米科技,90.12,6.2,7.388,90.1,90.12,83.92,84.94,91.88,84.0,3081894.0,275093773.0,15:00:04,2026-09-07
sh688697,纽威数控,14.97,-0.11,-0.729,14.96,14.97,15.08,15.08,15.16,14.55,8214461.0,122219275.0,15:34:59,2026-09-07
sh688698,伟创电气,44.5,3.48,8.484,44.49,44.5,41.02,41.14,45.75,40.51,7969892.0,348622798.0,15:34:59,2026-09-07
sh688699,明微电子,58.62,1.44,2.518,58.6,58.62,57.18,58.18,59.27,57.8,2455458.0,143763479.0,15:34:59,2026-09-07
sh688700,东威科技,61.85,8.11,15.091,61.84,61.85,53.74,54.99,62.89,54.12,26802965.0,1604145407.0,15:34:59,2026-09-07
sh688701,卓锦股份,9.33,-0.02,-0.214,9.33,9.34,9.35,9.26,9.58,9.26,2425675.0,22738299.0,15:00:05,2026-09-07
sh688702,盛科通信,324.3,-0.5,-0.154,324.3,324.31,324.8,325.0,329.66,315.44,7924431.0,2562045922.0,15:34:59,2026-09-07
sh688707,振华新材,10.41,0.12,1.166,10.4,10.41,10.29,10.35,10.47,10.2,5727801.0,59282829.0,15:00:04,2026-09-07
sh688708,佳驰科技,39.75,-0.84,-2.069,39.75,39.76,40.59,40.59,40.83,39.55,1518667.0,60672936.0,15:34:59,2026-09-07
sh688709,成都华微,24.22,-0.06,-0.247,24.22,24.23,24.28,24.4,24.55,24.02,3169297.0,76953423.0,15:34:59,2026-09-07
sh688710,益诺思,78.87,-0.83,-1.041,78.81,78.87,79.7,79.06,80.14,78.09,2292735.0,181108284.0,15:34:59,2026-09-07
sh688711,宏微科技,24.6,1.05,4.459,24.58,24.6,23.55,23.98,24.69,23.8,6477928.0,157746657.0,15:34:59,2026-09-07
sh688712,北芯生命,31.07,-0.17,-0.544,31.07,31.08,31.24,31.19,31.34,30.91,1150117.0,35771442.0,15:00:02,2026-09-07
sh688716,中研股份,26.98,-0.03,-0.111,26.98,27.05,27.01,27.69,27.69,26.8,1120999.0,30515383.0,15:00:05,2026-09-07
sh688717,艾罗能源,45.6,0.1,0.22,45.6,45.62,45.5,45.28,45.87,45.05,4299106.0,196042615.0,15:00:00,2026-09-07
sh688718,唯赛勃,13.96,0.07,0.504,13.92,13.96,13.89,14.0,14.19,13.85,1590287.0,22276433.0,15:00:03,2026-09-07
sh688719,爱科赛博,54.49,1.29,2.425,54.49,54.5,53.2,53.88,55.26,52.04,5372846.0,290474845.0,15:34:59,2026-09-07
sh688720,艾森股份,60.47,2.92,5.074,60.44,60.47,57.55,58.5,61.38,57.89,4217032.0,252956625.0,15:34:59,2026-09-07
sh688721,龙图光罩,38.15,0.82,2.197,38.15,38.17,37.33,37.5,38.51,37.41,1980894.0,75287197.0,15:00:02,2026-09-07
sh688722,同益中,14.65,0.11,0.757,14.64,14.65,14.54,14.62,14.88,14.58,2005402.0,29534397.0,15:34:59,2026-09-07
sh688726,拉普拉斯,44.06,0.53,1.218,44.06,44.07,43.53,43.67,44.58,43.18,3839755.0,169246985.0,15:34:59,2026-09-07
sh688727,恒坤新材,46.69,1.19,2.615,46.68,46.69,45.5,46.0,47.16,45.88,2282648.0,106422390.0,15:34:59,2026-09-07
sh688728,格科微,14.17,-0.13,-0.909,14.17,14.18,14.3,14.42,14.51,14.05,25390713.0,362007176.0,15:34:59,2026-09-07
sh688729,屹唐股份,22.93,0.91,4.133,22.92,22.93,22.02,22.31,23.12,22.16,28876485.0,655868250.0,15:34:59,2026-09-07
sh688733,壹石通,28.82,0.71,2.526,28.82,28.83,28.11,28.3,29.15,28.3,3887900.0,111972887.0,15:00:02,2026-09-07
sh688737,中自科技,17.19,-0.33,-1.884,17.19,17.23,17.52,17.87,17.87,17.15,1593961.0,27646298.0,15:00:04,2026-09-07
sh688739,成大生物,20.44,0.0,0.0,20.44,20.45,20.44,20.45,20.51,20.38,1097957.0,22440935.0,15:00:02,2026-09-07
sh688750,金天钛业,14.44,-0.05,-0.345,14.44,14.46,14.49,14.4,14.55,14.33,1750417.0,25288343.0,15:00:00,2026-09-07
sh688755,汉邦科技,26.45,0.02,0.076,26.41,26.45,26.43,26.89,26.95,26.26,824286.0,21962136.0,15:00:02,2026-09-07
sh688757,胜科纳米,29.95,1.73,6.13,29.94,29.95,28.22,28.78,30.3,27.93,10682043.0,314851367.0,15:34:59,2026-09-07
sh688758,赛分科技,26.18,-0.22,-0.833,26.17,26.18,26.4,26.28,26.59,25.6,7309092.0,190047865.0,15:00:04,2026-09-07
sh688759,必贝特,22.6,-0.56,-2.418,22.6,22.62,23.16,23.32,23.32,22.45,3343360.0,76317904.0,15:00:04,2026-09-07
sh688765,禾元生物,38.08,1.48,4.044,38.07,38.08,36.6,37.0,39.09,36.73,4505936.0,172247360.0,15:00:04,2026-09-07
sh688766,普冉股份,397.29,30.03,8.177,397.22,397.29,367.26,389.0,398.06,385.0,10587422.0,4159996013.0,15:34:59,2026-09-07
sh688767,博拓生物,38.94,1.44,3.84,38.82,38.94,37.5,37.65,39.68,37.21,2572906.0,99342840.0,15:00:02,2026-09-07
sh688768,容知日新,42.8,-0.5,-1.155,42.68,42.8,43.3,43.95,43.95,42.32,489981.0,21109965.0,15:00:03,2026-09-07
sh688772,珠海冠宇,15.15,-0.45,-2.885,15.14,15.15,15.6,15.52,15.69,15.09,25375054.0,390640613.0,15:34:59,2026-09-07
sh688775,影石创新,106.19,-2.69,-2.471,106.15,106.19,108.88,109.44,109.48,105.55,3023521.0,322783633.0,15:34:59,2026-09-07
sh688776,国光电气,46.79,-0.45,-0.953,46.79,46.88,47.24,47.2,47.32,46.22,1393462.0,65236214.0,15:00:03,2026-09-07
sh688777,中控技术,89.6,-0.12,-0.134,89.6,89.66,89.72,89.74,92.5,88.66,11640281.0,1051216738.0,15:34:59,2026-09-07
sh688778,厦钨新能,45.13,-1.0,-2.168,45.12,45.13,46.13,46.19,46.37,45.08,4546504.0,206941348.0,15:34:59,2026-09-07
sh688779,五矿新能,7.63,-0.11,-1.421,7.63,7.64,7.74,7.75,7.8,7.62,15716830.0,120988806.0,15:34:59,2026-09-07
sh688781,视涯科技,40.33,-2.16,-5.084,40.33,40.34,42.49,42.01,42.51,39.0,3470780.0,139432233.0,15:00:04,2026-09-07
sh688783,西安奕材,27.97,0.61,2.23,27.97,27.98,27.36,27.79,28.23,27.51,16213781.0,452453782.0,15:34:59,2026-09-07
sh688785,恒运昌,301.36,20.48,7.291,301.36,301.54,280.88,286.63,305.99,286.0,1096402.0,330227655.0,15:34:59,2026-09-07
sh688786,悦安新材,26.53,1.44,5.739,26.53,26.54,25.09,25.6,26.65,25.21,5089922.0,132859869.0,15:00:01,2026-09-07
sh688787,海天瑞声,96.19,2.87,3.075,96.19,96.2,93.32,93.49,96.61,93.49,2198369.0,209569995.0,15:34:59,2026-09-07
sh688788,科思科技,30.84,0.26,0.85,30.73,30.84,30.58,30.53,31.12,29.99,2772968.0,84997039.0,15:34:59,2026-09-07
sh688789,宏华数科,42.67,0.17,0.4,42.66,42.67,42.5,42.65,43.32,42.33,1169050.0,50112100.0,15:00:03,2026-09-07
sh688790,昂瑞微,107.42,1.44,1.359,107.42,107.45,105.98,106.01,108.88,106.01,643327.0,69259355.0,15:00:03,2026-09-07
sh688793,倍轻松,18.48,0.03,0.163,18.45,18.48,18.45,18.57,18.66,18.17,1176701.0,21702720.0,15:00:02,2026-09-07
sh688795,摩尔线程,415.49,-103.86,-19.998,415.48,415.49,519.35,498.0,513.89,415.48,8242136.0,3467342041.0,15:34:59,2026-09-07
sh688796,百奥赛图,119.3,-0.59,-0.492,119.29,119.3,119.89,119.04,120.55,117.0,1489821.0,176303912.0,15:34:59,2026-09-07
sh688797,臻宝科技,273.54,9.24,3.496,273.54,273.56,264.3,269.0,276.0,265.11,2304528.0,625673090.0,15:34:59,2026-09-07
sh688798,艾为电子,62.35,-1.23,-1.935,62.35,62.36,63.58,63.97,64.63,61.95,4315772.0,270898545.0,15:34:59,2026-09-07
sh688799,华纳药厂,49.14,-0.88,-1.759,49.14,49.15,50.02,49.95,50.2,47.89,2504769.0,122131278.0,15:34:59,2026-09-07
sh688800,瑞可达,63.5,5.27,9.05,63.49,63.5,58.23,59.37,64.22,58.6,15836143.0,983844440.0,15:34:59,2026-09-07
sh688802,沐曦股份,570.08,-61.02,-9.669,570.08,570.09,631.1,635.0,635.0,546.99,2705499.0,1542153535.0,15:34:59,2026-09-07
sh688805,健信超导,41.91,0.52,1.256,41.9,41.91,41.39,41.49,42.05,40.96,1033454.0,42966355.0,15:34:59,2026-09-07
sh688806,泰诺麦博,22.89,-0.15,-0.651,22.89,22.9,23.04,23.0,23.48,22.71,3529378.0,81253784.0,15:00:03,2026-09-07
sh688807,优迅股份,338.0,24.0,7.643,338.0,338.01,314.0,319.58,341.8,318.0,2354967.0,784958160.0,15:34:59,2026-09-07
sh688808,联讯仪器,2656.9,191.9,7.785,2656.9,2657.0,2465.0,2468.0,2700.0,2468.0,1079483.0,2805754081.0,15:34:59,2026-09-07
sh688809,强一股份,440.02,34.99,8.639,440.0,440.02,405.03,416.66,442.0,406.0,2395559.0,1026856730.0,15:00:03,2026-09-07
sh688811,有研复材,20.29,0.23,1.147,20.28,20.29,20.06,20.12,20.41,20.01,2741620.0,55560216.0,15:00:02,2026-09-07
sh688813,泰金新能,122.77,20.46,19.998,122.77,0.0,102.31,108.03,122.77,106.0,8693303.0,1010064930.0,15:34:59,2026-09-07
sh688816,易思维,48.26,-0.02,-0.041,48.25,48.26,48.28,47.91,48.65,47.91,284941.0,13778541.0,15:00:03,2026-09-07
sh688818,电科蓝天,43.87,-0.04,-0.091,43.86,43.87,43.91,44.35,44.35,43.48,3929227.0,172286498.0,15:34:59,2026-09-07
sh688819,天能股份,21.32,-0.14,-0.652,21.31,21.32,21.46,21.5,21.52,21.26,1521874.0,32509183.0,15:34:59,2026-09-07
sh688820,盛合晶微,128.8,4.63,3.729,128.8,128.81,124.17,127.0,129.99,125.6,8405410.0,1076379665.0,15:34:59,2026-09-07
sh688825,长鑫科技,58.47,3.67,6.697,58.47,58.48,54.8,56.51,58.97,56.5,353839820.0,20492700668.0,15:34:59,2026-09-07
sh688826,频准激光,775.1,3.2,0.415,775.1,776.0,771.9,772.0,794.0,772.0,686374.0,538018796.0,15:34:59,2026-09-07
sh688828,国仪公司,93.15,2.15,2.363,93.14,93.15,91.0,91.9,94.57,91.0,2470157.0,229474758.0,15:34:59,2026-09-07
sh688835,高凯技术,290.03,19.03,7.022,290.01,290.03,271.0,277.48,296.98,271.57,2979751.0,863213896.0,15:34:59,2026-09-07
sh688836,宇树科技,536.35,6.05,1.141,536.3,536.35,530.3,530.3,542.66,520.08,3538063.0,1888163976.0,15:34:59,2026-09-07
sh688981,中芯国际,124.12,2.98,2.46,124.12,124.13,121.14,122.5,125.3,122.22,31314788.0,3874036002.0,15:34:59,2026-09-07
sz000001,平安银行,11.7,-0.19,-1.598,11.69,11.7,11.89,11.87,11.88,11.65,108727552.0,1275606340.0,15:36:00,2026-09-07
sz000002,万 科Ａ,3.19,-0.05,-1.543,3.19,3.2,3.24,3.21,3.24,3.17,140121595.0,448696886.0,15:35:15,2026-09-07
sz000006,深振业Ａ,7.11,0.1,1.427,7.1,7.11,7.01,6.98,7.15,6.95,11090467.0,78270729.0,15:35:30,2026-09-07
sz000007,全新好,11.5,-0.92,-7.407,11.49,11.5,12.42,12.33,12.5,11.36,20659150.0,243648981.0,15:35:45,2026-09-07
sz000008,神州高铁,2.49,0.0,0.0,2.49,2.5,2.49,2.5,2.51,2.48,14648656.0,36474601.0,15:36:00,2026-09-07
sz000009,中国宝安,7.06,-0.01,-0.141,7.06,7.07,7.07,7.06,7.12,7.03,12159316.0,86003977.0,15:35:15,2026-09-07
sz000010,*ST美丽,1.71,-0.01,-0.581,1.7,1.71,1.72,1.7,1.76,1.7,19048700.0,32750469.0,15:35:30,2026-09-07
sz000011,深物业A,8.63,0.13,1.529,8.63,8.64,8.5,8.46,8.66,8.33,20491780.0,174603130.0,15:35:45,2026-09-07
sz000012,南 玻Ａ,3.74,0.02,0.538,3.74,3.75,3.72,3.73,3.76,3.71,14664490.0,54924841.0,15:36:00,2026-09-07
sz000014,沙河股份,10.58,0.05,0.475,10.57,10.58,10.53,10.5,10.64,10.43,4592000.0,48535791.0,15:35:15,2026-09-07
sz000016,*ST康佳A,0.0,0.0,0.0,0.0,0.0,2.46,0.0,0.0,0.0,0.0,0.0,15:35:30,2026-09-07
sz000017,深中华A,8.99,-0.53,-5.567,8.98,8.99,9.52,9.0,9.18,8.86,91519114.0,824176773.0,15:35:45,2026-09-07
sz000019,深粮控股,7.38,0.25,3.506,7.37,7.38,7.13,7.13,7.42,7.13,33517212.0,245842382.0,15:36:00,2026-09-07
sz000020,深华发Ａ,12.45,0.17,1.384,12.44,12.45,12.28,12.28,12.53,12.26,4759700.0,59121688.0,15:35:15,2026-09-07
sz000021,深科技,35.29,0.77,2.231,35.29,35.3,34.52,34.95,35.59,34.75,54014897.0,1900677154.0,15:35:30,2026-09-07
sz000025,特 力Ａ,15.04,-0.36,-2.338,15.03,15.04,15.4,15.17,15.23,14.98,9233064.0,139218142.0,15:35:45,2026-09-07
sz000026,飞亚达,21.13,1.38,6.987,21.13,21.14,19.75,19.62,21.58,19.59,17277300.0,359930754.0,15:36:00,2026-09-07
sz000027,深圳能源,6.28,-0.04,-0.633,6.28,6.29,6.32,6.32,6.34,6.25,17860820.0,112204218.0,15:35:15,2026-09-07
sz000028,国药一致,20.34,0.15,0.743,20.34,20.36,20.19,20.19,20.4,20.12,2888524.0,58628574.0,15:35:30,2026-09-07
sz000029,深深房Ａ,22.86,0.7,3.159,22.86,22.9,22.16,22.19,23.03,22.02,5473092.0,123989903.0,15:35:45,2026-09-07
sz000030,富奥股份,4.06,0.01,0.247,4.06,4.07,4.05,4.06,4.07,4.03,6649640.0,26970816.0,15:36:00,2026-09-07
sz000031,大悦城,2.28,-0.02,-0.87,2.27,2.28,2.3,2.3,2.31,2.26,40086884.0,91532051.0,15:35:15,2026-09-07
sz000032,深桑达Ａ,14.18,0.19,1.358,14.17,14.18,13.99,14.08,14.27,13.92,23968926.0,338175063.0,15:35:30,2026-09-07
sz000034,神州数码,23.65,0.19,0.81,23.65,23.66,23.46,23.62,23.75,23.33,14521949.0,342537094.0,15:35:45,2026-09-07
sz000035,中国天楹,4.94,0.11,2.277,4.93,4.94,4.83,4.82,4.99,4.81,46553000.0,229004442.0,15:36:00,2026-09-07
sz000036,华联控股,3.93,-0.02,-0.506,3.92,3.93,3.95,3.95,3.97,3.91,19378868.0,76107895.0,15:35:15,2026-09-07
sz000037,深南电A,9.32,-0.01,-0.107,9.32,9.33,9.33,9.35,9.4,9.22,5761612.0,53523984.0,15:35:30,2026-09-07
sz000039,中集集团,9.41,0.02,0.213,9.4,9.42,9.39,9.38,9.47,9.23,29179318.0,273231887.0,15:35:45,2026-09-07
sz000042,中洲控股,8.69,-0.07,-0.799,8.68,8.69,8.76,8.73,8.78,8.63,4816301.0,41910025.0,15:36:00,2026-09-07
sz000045,深纺织Ａ,10.86,-0.1,-0.912,10.86,10.88,10.96,10.9,10.98,10.83,4455840.0,48576595.0,15:35:15,2026-09-07
sz000048,京基智农,22.14,-0.17,-0.762,22.14,22.15,22.31,22.22,22.46,21.7,13332073.0,294516782.0,15:35:30,2026-09-07
sz000049,德赛电池,22.99,-0.14,-0.605,22.99,23.0,23.13,23.19,23.21,22.89,5284094.0,121690911.0,15:35:45,2026-09-07
sz000050,深天马Ａ,6.6,0.01,0.152,6.59,6.6,6.59,6.62,6.66,6.58,15679182.0,103734503.0,15:36:00,2026-09-07
sz000055,方大集团,3.58,0.01,0.28,3.58,3.59,3.57,3.56,3.6,3.55,7353155.0,26312185.0,15:35:15,2026-09-07
sz000056,*ST皇庭,2.36,0.01,0.426,2.35,2.36,2.35,2.39,2.41,2.29,28282628.0,66495770.0,15:35:30,2026-09-07
sz000058,深 赛 格,7.23,0.0,0.0,7.23,7.24,7.23,7.23,7.28,7.11,11038852.0,79422800.0,15:35:45,2026-09-07
sz000059,华锦股份,5.59,-0.16,-2.783,5.59,5.6,5.75,5.75,5.76,5.57,52911638.0,297207675.0,15:36:00,2026-09-07
sz000060,中金岭南,6.45,-0.06,-0.922,6.44,6.45,6.51,6.47,6.5,6.42,75891401.0,489331836.0,15:35:15,2026-09-07
sz000061,农 产 品,6.49,0.16,2.528,6.49,6.5,6.33,6.32,6.54,6.32,32866179.0,212541220.0,15:35:30,2026-09-07
sz000062,深圳华强,24.05,0.28,1.178,24.05,24.06,23.77,23.98,24.2,23.77,24979991.0,601114790.0,15:35:45,2026-09-07
sz000063,中兴通讯,33.28,0.21,0.635,33.28,33.29,33.07,33.1,33.37,32.99,55577072.0,1843539677.0,15:36:00,2026-09-07
sz000065,北方国际,9.83,0.04,0.409,9.83,9.84,9.79,9.88,10.02,9.81,17000818.0,168321670.0,15:35:15,2026-09-07
sz000066,中国长城,14.79,0.56,3.935,14.79,14.8,14.23,14.35,14.99,14.21,120716342.0,1764704179.0,15:35:30,2026-09-07
sz000068,华控赛格,3.28,0.08,2.5,3.28,3.29,3.2,3.22,3.3,3.18,15321801.0,49843927.0,15:35:45,2026-09-07
sz000069,华侨城Ａ,1.82,-0.02,-1.087,1.82,1.83,1.84,1.84,1.86,1.81,64222985.0,117599385.0,15:36:00,2026-09-07
sz000070,特发信息,16.05,0.53,3.415,16.05,16.06,15.52,15.6,16.16,15.35,64870912.0,1029077638.0,15:35:15,2026-09-07
sz000078,ST海王,1.6,0.15,10.345,1.6,0.0,1.45,1.55,1.6,1.54,165128178.0,261753940.0,15:35:30,2026-09-07
sz000088,盐 田 港,4.55,0.02,0.442,4.55,4.56,4.53,4.52,4.57,4.5,23502049.0,106641878.0,15:35:45,2026-09-07
sz000089,深圳机场,6.63,-0.01,-0.151,6.63,6.64,6.64,6.62,6.69,6.58,20137284.0,133517689.0,15:36:00,2026-09-07
sz000090,天健集团,3.55,0.07,2.011,3.54,3.55,3.48,3.51,3.58,3.47,18437439.0,65078901.0,15:35:15,2026-09-07
sz000096,广聚能源,8.22,-0.07,-0.844,8.21,8.22,8.29,8.2,8.26,8.17,3451525.0,28334323.0,15:35:30,2026-09-07
sz000099,中信海直,13.73,-0.14,-1.009,13.72,13.73,13.87,13.88,13.96,13.71,5846718.0,80522624.0,15:35:45,2026-09-07
sz000100,TCL科技,4.81,0.01,0.208,4.81,4.82,4.8,4.82,4.84,4.78,288257060.0,1386874509.0,15:36:00,2026-09-07
sz000151,中成股份,10.25,0.04,0.392,10.25,10.26,10.21,10.2,10.27,10.11,3880400.0,39616532.0,15:35:15,2026-09-07
sz000153,丰原药业,6.27,0.05,0.804,6.27,6.28,6.22,6.24,6.3,6.21,7713901.0,48276521.0,15:35:30,2026-09-07
sz000155,川能动力,12.01,-0.01,-0.083,12.01,12.02,12.02,12.0,12.08,11.88,24816396.0,297443343.0,15:35:45,2026-09-07
sz000156,华数传媒,7.09,0.03,0.425,7.09,7.1,7.06,7.06,7.16,6.98,10779000.0,76145813.0,15:36:00,2026-09-07
sz000157,中联重科,6.64,0.02,0.302,6.64,6.65,6.62,6.61,6.65,6.6,23266904.0,154322647.0,15:35:15,2026-09-07
sz000158,常山北明,13.84,0.23,1.69,13.84,13.85,13.61,13.72,13.98,13.51,53619007.0,737728456.0,15:35:30,2026-09-07
sz000159,国际实业,5.7,0.0,0.0,5.7,5.72,5.7,5.75,5.75,5.65,5807775.0,33073390.0,15:35:45,2026-09-07
sz000166,申万宏源,4.52,-0.07,-1.525,4.51,4.52,4.59,4.59,4.6,4.51,94700866.0,429262792.0,15:36:00,2026-09-07
sz000301,东方盛虹,13.94,-0.68,-4.651,13.93,13.94,14.62,14.63,14.69,13.88,42686101.0,600483103.0,15:35:15,2026-09-07
sz000333,美的集团,86.27,-1.3,-1.485,86.27,86.28,87.57,87.54,87.7,85.96,22890520.0,1977895653.0,15:35:30,2026-09-07
sz000338,潍柴动力,27.54,0.69,2.57,27.53,27.54,26.85,27.12,27.74,26.55,90824738.0,2478843472.0,15:35:45,2026-09-07
sz000400,许继电气,21.94,0.02,0.091,21.94,21.95,21.92,22.07,22.25,21.75,14499905.0,318698988.0,15:36:00,2026-09-07
sz000401,金隅冀东,3.6,0.0,0.0,3.59,3.6,3.6,3.6,3.62,3.57,7034430.0,25302312.0,15:35:15,2026-09-07
sz000402,金 融 街,2.58,-0.02,-0.769,2.57,2.58,2.6,2.58,2.6,2.55,38371179.0,98821567.0,15:35:30,2026-09-07
sz000403,派林生物,10.44,0.09,0.87,10.44,10.45,10.35,10.35,10.63,10.32,6014700.0,63031933.0,15:35:45,2026-09-07
sz000404,长虹华意,7.08,0.03,0.426,7.08,7.09,7.05,7.07,7.1,7.04,3981255.0,28160980.0,15:36:00,2026-09-07
sz000407,胜利股份,4.21,-0.03,-0.708,4.2,4.21,4.24,4.22,4.25,4.2,9330500.0,39400648.0,15:35:15,2026-09-07
sz000408,藏格矿业,74.03,-1.59,-2.103,74.03,74.04,75.62,75.79,75.79,73.86,9359217.0,697481179.0,15:35:30,2026-09-07
sz000409,云鼎科技,9.1,-0.1,-1.087,9.1,9.11,9.2,9.17,9.21,9.01,6077800.0,55323918.0,15:35:45,2026-09-07
sz000410,沈阳机床,5.33,0.01,0.188,5.32,5.33,5.32,5.32,5.38,5.28,15040649.0,80301499.0,15:36:00,2026-09-07
sz000411,英特集团,10.16,-0.06,-0.587,10.15,10.16,10.22,10.19,10.23,10.1,3566433.0,36205680.0,15:35:15,2026-09-07
sz000415,渤海租赁,4.49,-0.07,-1.535,4.48,4.49,4.56,4.54,4.58,4.45,68168900.0,306254840.0,15:35:30,2026-09-07
sz000417,合百集团,6.88,0.58,9.206,6.87,6.88,6.3,6.21,6.89,6.18,105407913.0,694776095.0,15:35:45,2026-09-07
sz000419,通程控股,5.24,0.1,1.946,5.24,5.25,5.14,5.13,5.25,5.09,9477719.0,49268275.0,15:36:00,2026-09-07
sz000420,吉林化纤,3.73,-0.09,-2.356,3.73,3.74,3.82,3.83,3.84,3.72,80373292.0,301294079.0,15:35:15,2026-09-07
sz000421,南京公用,5.81,-0.01,-0.172,5.81,5.82,5.82,5.8,5.85,5.78,7203300.0,41869764.0,15:35:30,2026-09-07
sz000422,湖北宜化,12.46,0.02,0.161,12.46,12.47,12.44,12.51,12.54,12.39,12952347.0,161421031.0,15:35:45,2026-09-07
sz000423,东阿阿胶,47.26,-1.29,-2.657,47.26,47.27,48.55,48.4,48.89,47.15,7350983.0,349758818.0,15:36:00,2026-09-07
sz000425,徐工机械,8.31,0.17,2.088,8.31,8.32,8.14,8.19,8.41,8.09,168425993.0,1394171506.0,15:35:15,2026-09-07
sz000426,兴业银锡,37.43,-1.01,-2.627,37.43,37.44,38.44,38.0,38.3,37.19,40360141.0,1519687246.0,15:35:30,2026-09-07
sz000428,华天酒店,5.16,0.47,10.021,5.16,0.0,4.69,4.83,5.16,4.6,103366794.0,517332409.0,15:35:45,2026-09-07
sz000429,粤高速Ａ,12.91,-0.13,-0.997,12.91,12.92,13.04,12.85,13.04,12.75,11018038.0,141830333.0,15:36:00,2026-09-07
sz000430,张家界,8.15,0.5,6.536,8.14,8.15,7.65,7.52,8.42,7.52,56637341.0,455129446.0,15:35:15,2026-09-07
sz000488,ST晨鸣,1.94,0.03,1.571,1.93,1.94,1.91,1.91,1.95,1.91,10511460.0,20338617.0,15:35:30,2026-09-07
sz000498,山东路桥,4.94,-0.03,-0.604,4.94,4.95,4.97,4.98,4.98,4.93,7793400.0,38623958.0,15:35:45,2026-09-07
sz000501,武商集团,7.78,0.23,3.046,7.77,7.78,7.55,7.54,7.8,7.53,26869506.0,206941934.0,15:36:00,2026-09-07
sz000503,国新健康,6.96,-0.07,-0.996,6.95,6.96,7.03,7.07,7.12,6.94,11121700.0,77800459.0,15:35:15,2026-09-07
sz000504,南华生物,8.6,0.5,6.173,8.59,8.6,8.1,8.14,8.74,8.09,11085302.0,94495834.0,15:35:30,2026-09-07
sz000505,京粮控股,7.35,0.29,4.108,7.34,7.35,7.06,7.15,7.43,7.06,77020047.0,562139522.0,15:35:45,2026-09-07
sz000506,招金黄金,19.83,-0.81,-3.924,19.83,19.84,20.64,20.0,20.43,19.76,47036183.0,943652583.0,15:36:00,2026-09-07
sz000507,珠海港,5.04,-0.03,-0.592,5.04,5.05,5.07,5.06,5.08,5.02,7459786.0,37595502.0,15:35:15,2026-09-07
sz000509,华塑控股,3.52,-0.01,-0.283,3.51,3.52,3.53,3.55,3.55,3.49,15329200.0,53932796.0,15:35:30,2026-09-07
sz000510,新金路,17.08,1.08,6.75,17.08,17.09,16.0,15.95,17.28,15.71,59237753.0,994093120.0,15:35:45,2026-09-07
sz000513,丽珠集团,27.16,0.39,1.457,27.16,27.17,26.77,26.88,27.17,26.65,5074603.0,136884657.0,15:36:00,2026-09-07
sz000514,渝 开 发,4.29,0.03,0.704,4.28,4.29,4.26,4.25,4.32,4.22,12488836.0,53499808.0,15:35:15,2026-09-07
sz000516,国际医学,4.08,0.03,0.741,4.07,4.08,4.05,4.06,4.08,4.04,8964800.0,36433892.0,15:35:30,2026-09-07
sz000517,荣安地产,2.16,-0.03,-1.37,2.15,2.16,2.19,2.18,2.2,2.12,32477703.0,70143234.0,15:35:45,2026-09-07
sz000518,四环生物,3.83,-0.07,-1.795,3.82,3.83,3.9,3.9,3.99,3.81,48495002.0,187888781.0,15:36:00,2026-09-07
sz000519,中兵红箭,15.69,-0.11,-0.696,15.69,15.7,15.8,15.7,15.83,15.34,81112657.0,1258047935.0,15:35:15,2026-09-07
sz000520,凤凰航运,4.4,-0.04,-0.901,4.4,4.41,4.44,4.45,4.6,4.39,65995598.0,293720721.0,15:35:30,2026-09-07
sz000521,长虹美菱,4.93,0.02,0.407,4.92,4.93,4.91,4.93,4.95,4.88,5020565.0,24609847.0,15:35:45,2026-09-07
sz000523,红棉股份,3.6,0.23,6.825,3.59,3.6,3.37,3.39,3.71,3.36,138468100.0,496020011.0,15:36:00,2026-09-07
sz000524,岭南控股,10.4,0.21,2.061,10.39,10.4,10.19,10.19,10.46,10.15,10122165.0,104986049.0,15:35:15,2026-09-07
sz000525,红太阳,4.77,0.04,0.846,4.76,4.77,4.73,4.74,4.79,4.71,14212520.0,67648123.0,15:35:30,2026-09-07
sz000526,学大教育,37.35,0.21,0.565,37.35,37.36,37.14,37.2,37.87,36.8,3974100.0,148044866.0,15:35:45,2026-09-07
sz000528,柳 工,8.05,0.11,1.385,8.05,8.06,7.94,7.98,8.06,7.95,28951387.0,231569365.0,15:36:00,2026-09-07
sz000529,广弘控股,5.23,0.15,2.953,5.22,5.23,5.08,5.08,5.26,5.08,12218011.0,63548010.0,15:35:15,2026-09-07
sz000530,冰山冷热,5.28,-0.06,-1.124,5.28,5.29,5.34,5.26,5.35,5.25,18609843.0,98295585.0,15:35:30,2026-09-07
sz000531,穗恒运Ａ,5.62,0.0,0.0,5.61,5.62,5.62,5.63,5.63,5.59,3196300.0,17928880.0,15:35:45,2026-09-07
sz000532,华金资本,11.33,-0.21,-1.82,11.32,11.33,11.54,11.5,11.54,11.26,5294301.0,60084780.0,15:36:00,2026-09-07
sz000533,顺钠股份,12.0,-0.05,-0.415,11.99,12.0,12.05,12.07,12.27,11.73,66414334.0,793779612.0,15:35:15,2026-09-07
sz000534,万泽股份,23.87,-1.05,-4.213,23.87,23.91,24.92,24.92,24.99,23.78,21528304.0,519170247.0,15:35:30,2026-09-07
sz000536,华映科技,3.64,0.04,1.111,3.64,3.65,3.6,3.65,3.67,3.58,61981257.0,224774636.0,15:35:45,2026-09-07
sz000537,绿发电力,7.49,0.01,0.134,7.49,7.5,7.48,7.46,7.54,7.46,9384000.0,70363371.0,15:36:00,2026-09-07
sz000538,云南白药,50.57,-0.45,-0.882,50.56,50.57,51.02,51.01,51.01,50.1,9608338.0,484716791.0,15:35:15,2026-09-07
sz000539,粤电力Ａ,5.08,-0.05,-0.975,5.07,5.08,5.13,5.13,5.13,5.06,36331114.0,184940792.0,15:35:30,2026-09-07
sz000541,佛山照明,4.96,0.0,0.0,4.96,4.97,4.96,4.96,5.01,4.93,4479536.0,22232819.0,15:35:45,2026-09-07
sz000543,皖能电力,7.32,-0.08,-1.081,7.32,7.33,7.4,7.4,7.43,7.32,15176274.0,111580312.0,15:36:00,2026-09-07
sz000544,中原环保,7.36,-0.02,-0.271,7.35,7.36,7.38,7.39,7.45,7.32,3296000.0,24297871.0,15:35:15,2026-09-07
sz000545,金浦钛业,2.29,0.07,3.153,2.29,2.3,2.22,2.23,2.34,2.22,93297800.0,213247295.0,15:35:30,2026-09-07
sz000546,金圆股份,4.6,-0.03,-0.648,4.59,4.6,4.63,4.62,4.66,4.58,8505000.0,39276229.0,15:35:45,2026-09-07
sz000547,航天发展,14.35,-0.26,-1.78,14.35,14.36,14.61,14.78,14.79,14.25,56609281.0,813177516.0,15:36:00,2026-09-07
sz000548,湖南投资,4.66,0.03,0.648,4.66,4.67,4.63,4.64,4.68,4.61,5198600.0,24207243.0,15:35:15,2026-09-07
sz000550,江铃汽车,17.42,0.23,1.338,17.42,17.43,17.19,17.15,17.47,17.12,4504415.0,78275618.0,15:35:30,2026-09-07
sz000551,创元科技,12.24,0.1,0.824,12.24,12.25,12.14,12.19,12.29,12.07,9157402.0,111724612.0,15:35:45,2026-09-07
sz000552,甘肃能化,2.53,-0.03,-1.172,2.53,2.54,2.56,2.56,2.56,2.51,63826207.0,161723571.0,15:36:00,2026-09-07
sz000553,安道麦A,5.74,0.08,1.413,5.73,5.74,5.66,5.65,5.79,5.62,7898785.0,45227151.0,15:35:15,2026-09-07
sz000554,泰山石油,6.57,0.06,0.922,6.56,6.57,6.51,6.57,6.59,6.5,11865321.0,77723825.0,15:35:30,2026-09-07
sz000555,神州信息,10.9,-0.2,-1.802,10.89,10.9,11.1,11.07,11.1,10.84,14379785.0,157018682.0,15:35:45,2026-09-07
sz000557,西部创业,3.73,0.0,0.0,3.73,3.74,3.73,3.74,3.75,3.71,5810249.0,21690090.0,15:36:00,2026-09-07
sz000558,天府文旅,4.03,0.13,3.333,4.02,4.03,3.9,3.9,4.03,3.88,51981568.0,207144450.0,15:35:15,2026-09-07
sz000559,万向钱潮,11.04,0.13,1.192,11.03,11.04,10.91,10.9,11.18,10.76,33744019.0,372653856.0,15:35:30,2026-09-07
sz000560,我爱我家,3.13,-0.02,-0.635,3.13,3.14,3.15,3.11,3.37,3.0,782489804.0,2487272765.0,15:35:45,2026-09-07
sz000561,烽火电子,7.79,-0.07,-0.891,7.79,7.8,7.86,7.89,7.89,7.73,5993251.0,46677361.0,15:36:00,2026-09-07
sz000563,陕国投Ａ,2.99,-0.05,-1.645,2.99,3.0,3.04,3.05,3.06,2.99,52330959.0,157659122.0,15:35:15,2026-09-07
sz000564,供销大集,1.65,0.05,3.125,1.64,1.65,1.6,1.61,1.67,1.6,542658654.0,889948069.0,15:35:30,2026-09-07
sz000565,渝三峡Ａ,6.45,0.12,1.896,6.45,6.46,6.33,6.38,6.47,6.33,11642400.0,74706625.0,15:35:45,2026-09-07
sz000566,海南海药,4.92,0.04,0.82,4.91,4.92,4.88,4.9,4.92,4.82,38416255.0,187806319.0,15:36:00,2026-09-07
sz000567,海德股份,6.69,-0.03,-0.446,6.68,6.69,6.72,6.74,6.85,6.64,28454286.0,191293819.0,15:35:15,2026-09-07
sz000568,泸州老窖,79.3,-0.62,-0.776,79.3,79.31,79.92,79.6,80.3,78.66,7696425.0,609938971.0,15:35:30,2026-09-07
sz000570,苏常柴Ａ,5.23,0.03,0.577,5.22,5.23,5.2,5.18,5.26,5.18,6747900.0,35284755.0,15:35:45,2026-09-07
sz000571,新大洲A,5.95,0.01,0.168,5.95,5.96,5.94,5.96,6.0,5.92,12261531.0,73055410.0,15:36:00,2026-09-07
sz000572,海马汽车,3.97,0.06,1.535,3.97,3.98,3.91,3.9,4.01,3.89,36788274.0,145933822.0,15:35:15,2026-09-07
sz000573,粤宏远Ａ,3.82,0.01,0.262,3.81,3.82,3.81,3.8,3.83,3.78,10308600.0,39275753.0,15:35:30,2026-09-07
sz000576,甘化科工,8.32,-0.09,-1.07,8.31,8.32,8.41,8.43,8.45,8.3,16286588.0,136027192.0,15:35:45,2026-09-07
sz000581,威孚高科,18.05,-0.04,-0.221,18.05,18.06,18.09,18.1,18.13,17.96,5562100.0,100488067.0,15:36:00,2026-09-07
sz000582,北部湾港,12.08,-0.1,-0.821,12.08,12.09,12.18,12.36,12.62,11.88,85550693.0,1045106090.0,15:35:15,2026-09-07
sz000586,汇源通信,13.72,0.26,1.932,13.71,13.72,13.46,13.39,13.79,13.39,4787700.0,65280448.0,15:35:30,2026-09-07
sz000589,贵州轮胎,4.31,-0.04,-0.92,4.31,4.32,4.35,4.36,4.36,4.3,23893376.0,103174857.0,15:35:45,2026-09-07
sz000590,古汉医药,9.3,0.04,0.432,9.3,9.31,9.26,9.21,9.4,9.21,2966900.0,27684389.0,15:36:00,2026-09-07
sz000591,太阳能,4.31,0.07,1.651,4.3,4.31,4.24,4.27,4.31,4.26,44991400.0,193126534.0,15:35:15,2026-09-07
sz000592,平潭发展,7.87,0.38,5.073,7.87,7.88,7.49,8.11,8.23,7.76,526053582.0,4169067653.0,15:35:30,2026-09-07
sz000593,德龙汇能,21.92,-0.05,-0.228,21.91,21.92,21.97,21.98,22.49,21.62,10656433.0,233671721.0,15:35:45,2026-09-07
sz000595,新能股份,5.43,-0.17,-3.036,5.43,5.44,5.6,5.56,5.59,5.43,22986600.0,126205403.0,15:36:00,2026-09-07
sz000596,古井贡酒,101.0,-0.17,-0.168,100.99,101.0,101.17,100.8,101.35,99.16,4728846.0,474395917.0,15:35:15,2026-09-07
sz000597,东北制药,4.81,0.03,0.628,4.81,4.82,4.78,4.78,4.84,4.76,7464662.0,35867114.0,15:35:30,2026-09-07
sz000598,兴蓉环境,7.15,-0.07,-0.97,7.15,7.16,7.22,7.23,7.25,7.1,21834299.0,156168998.0,15:35:45,2026-09-07
sz000599,青岛双星,4.69,-0.04,-0.846,4.69,4.7,4.73,4.73,4.75,4.68,9213059.0,43407516.0,15:36:00,2026-09-07
sz000600,建投能源,7.38,-0.08,-1.072,7.38,7.39,7.46,7.46,7.47,7.37,15305879.0,113386954.0,15:35:15,2026-09-07
sz000601,韶能股份,6.16,-0.01,-0.162,6.15,6.16,6.17,6.2,6.22,6.14,16820857.0,103805239.0,15:35:30,2026-09-07
sz000603,盛达资源,35.36,-0.8,-2.212,35.36,35.37,36.16,36.06,36.17,34.9,35322799.0,1258802099.0,15:35:45,2026-09-07
sz000605,渤海股份,6.05,0.07,1.171,6.04,6.05,5.98,6.02,6.11,5.93,3907480.0,23666184.0,15:36:00,2026-09-07
sz000607,华媒控股,3.88,0.07,1.837,3.86,3.88,3.81,3.81,3.89,3.78,16739600.0,64298968.0,15:35:15,2026-09-07
sz000608,阳光股份,7.83,0.47,6.386,7.82,7.83,7.36,7.28,7.92,7.25,46894826.0,361614673.0,15:35:30,2026-09-07
sz000609,*ST中迪,9.64,0.0,0.0,9.62,9.64,9.64,9.55,9.72,9.46,3984100.0,38280624.0,15:35:45,2026-09-07
sz000610,*ST西旅,8.11,0.19,2.399,8.1,8.11,7.92,7.88,8.11,7.58,13956673.0,109825492.0,15:36:00,2026-09-07
sz000612,焦作万方,10.8,-0.23,-2.085,10.79,10.8,11.03,11.01,11.02,10.77,32332304.0,351350013.0,15:35:15,2026-09-07
sz000615,*ST美谷,3.36,0.04,1.205,3.35,3.36,3.32,3.32,3.4,3.32,8673110.0,29181756.0,15:35:30,2026-09-07
sz000617,中油资本,7.12,-0.22,-2.997,7.12,7.13,7.34,7.3,7.34,7.1,131610759.0,944482810.0,15:35:45,2026-09-07
sz000619,海螺新材,5.09,0.04,0.792,5.08,5.09,5.05,5.06,5.11,5.03,4837717.0,24584918.0,15:36:00,2026-09-07
sz000620,盈新发展,3.02,0.05,1.684,3.02,3.03,2.97,2.99,3.04,2.98,195717349.0,590070869.0,15:35:15,2026-09-07
sz000623,吉林敖东,18.17,-0.32,-1.731,18.17,18.18,18.49,18.5,18.55,18.17,13502747.0,247111756.0,15:35:30,2026-09-07
sz000625,长安汽车,7.11,-0.01,-0.14,7.1,7.11,7.12,7.1,7.15,7.09,32752134.0,232915284.0,15:35:45,2026-09-07
sz000626,远大控股,9.86,0.39,4.118,9.86,9.87,9.47,9.61,9.98,9.37,29652845.0,287621788.0,15:36:00,2026-09-07
sz000628,高新发展,53.38,-0.02,-0.037,53.38,53.4,53.4,53.4,53.97,52.62,12517614.0,665856259.0,15:35:15,2026-09-07
sz000629,钒钛股份,2.99,-0.01,-0.333,2.98,2.99,3.0,3.0,3.01,2.97,62719300.0,187273764.0,15:35:30,2026-09-07
sz000630,铜陵有色,6.38,-0.01,-0.156,6.38,6.39,6.39,6.37,6.4,6.28,148327773.0,942556276.0,15:35:45,2026-09-07
sz000631,顺发恒能,2.96,0.0,0.0,2.95,2.96,2.96,2.97,2.98,2.94,9610200.0,28478595.0,15:36:00,2026-09-07
sz000632,ST三木,4.06,-0.08,-1.932,4.06,4.07,4.14,4.12,4.13,4.0,13940200.0,56573204.0,15:35:15,2026-09-07
sz000633,合金投资,5.39,0.03,0.56,5.39,5.4,5.36,5.35,5.41,5.32,5863658.0,31516843.0,15:35:30,2026-09-07
sz000635,英 力 特,7.39,-0.3,-3.901,7.39,7.4,7.69,7.57,7.85,7.36,37290968.0,280300916.0,15:35:45,2026-09-07
sz000636,风华高科,50.45,2.04,4.214,50.44,50.45,48.41,48.9,50.9,48.2,85593941.0,4270234726.0,15:36:00,2026-09-07
sz000637,茂化实华,4.28,0.05,1.182,4.28,4.3,4.23,4.25,4.32,4.24,7425500.0,31831907.0,15:35:15,2026-09-07
sz000639,ST西王,1.7,0.04,2.41,1.7,1.71,1.66,1.65,1.74,1.64,56278500.0,95535102.0,15:35:30,2026-09-07
sz000650,仁和药业,5.36,-0.02,-0.372,5.36,5.37,5.38,5.36,5.39,5.35,12428625.0,66675444.0,15:35:45,2026-09-07
sz000651,格力电器,38.9,-0.08,-0.205,38.9,38.91,38.98,38.98,39.28,38.78,31411742.0,1224479114.0,15:36:00,2026-09-07
sz000652,泰达股份,3.51,0.02,0.573,3.5,3.51,3.49,3.49,3.51,3.47,8319306.0,29028396.0,15:35:15,2026-09-07
sz000655,金岭矿业,7.21,0.0,0.0,7.21,7.22,7.21,7.21,7.24,7.16,5444900.0,39177988.0,15:35:30,2026-09-07
sz000656,金科股份,1.24,-0.01,-0.8,1.23,1.24,1.25,1.24,1.25,1.23,127403167.0,157806797.0,15:35:45,2026-09-07
sz000657,中钨高新,60.0,2.36,4.094,59.99,60.0,57.64,58.0,60.28,57.46,55431950.0,3298645128.0,15:36:00,2026-09-07
sz000659,珠海中富,2.99,0.08,2.749,2.98,2.99,2.91,2.93,3.0,2.87,24360900.0,72037356.0,15:35:15,2026-09-07
sz000661,长春高新,73.08,-0.66,-0.895,73.08,73.1,73.74,73.6,74.1,72.85,3830322.0,280148125.0,15:35:30,2026-09-07
sz000663,永安林业,6.19,0.07,1.144,6.19,6.2,6.12,6.18,6.23,6.05,8723000.0,53761394.0,15:35:45,2026-09-07
sz000665,湖北广电,4.2,0.04,0.962,4.19,4.2,4.16,4.16,4.21,4.14,16800200.0,70199889.0,15:36:00,2026-09-07
sz000668,荣丰控股,21.68,-0.07,-0.322,21.67,21.68,21.75,22.29,22.29,21.35,1692100.0,36662371.0,15:35:15,2026-09-07
sz000669,ST金鸿,4.18,-0.13,-3.016,4.18,4.2,4.31,4.31,4.31,4.17,6317384.0,26710514.0,15:35:30,2026-09-07
sz000670,盈方微,7.04,0.06,0.86,7.03,7.04,6.98,7.06,7.09,6.97,23421600.0,164586104.0,15:35:45,2026-09-07
sz000672,上峰材料,15.03,0.14,0.94,15.03,15.04,14.89,14.98,15.25,14.84,18282106.0,274551706.0,15:36:00,2026-09-07
sz000676,智度股份,7.08,-0.02,-0.282,7.07,7.08,7.1,7.06,7.12,6.97,45097964.0,318134744.0,15:35:15,2026-09-07
sz000677,ST海龙,1.86,0.06,3.333,1.85,1.86,1.8,1.82,1.87,1.82,34199808.0,63100076.0,15:35:30,2026-09-07
sz000678,襄阳轴承,9.37,0.15,1.627,9.36,9.37,9.22,9.25,9.42,9.17,8945300.0,83464373.0,15:35:45,2026-09-07
sz000679,大连友谊,6.55,0.16,2.504,6.55,6.56,6.39,6.39,6.63,6.38,6105350.0,39817065.0,15:36:00,2026-09-07
sz000680,山推股份,10.6,0.0,0.0,10.59,10.6,10.6,10.6,10.81,10.56,18081783.0,193307228.0,15:35:15,2026-09-07
sz000681,视觉中国,17.68,0.49,2.85,17.68,17.69,17.19,17.21,17.87,16.99,47156191.0,821551653.0,15:35:30,2026-09-07
sz000682,东方电子,11.18,0.01,0.09,11.18,11.19,11.17,11.22,11.22,11.1,7277075.0,81279504.0,15:35:45,2026-09-07
sz000683,博源化工,6.16,-0.21,-3.297,6.16,6.17,6.37,6.3,6.34,6.14,104581273.0,649634409.0,15:36:00,2026-09-07
sz000685,中山公用,11.34,-0.09,-0.787,11.34,11.35,11.43,11.45,11.48,11.29,11936780.0,135362856.0,15:35:15,2026-09-07
sz000686,东北证券,7.98,-0.13,-1.603,7.98,7.99,8.11,8.11,8.14,7.98,20170455.0,162087815.0,15:35:30,2026-09-07
sz000688,国城矿业,27.58,-0.37,-1.324,27.58,27.59,27.95,27.8,28.04,27.28,15389055.0,425175880.0,15:35:45,2026-09-07
sz000690,宝新能源,4.98,0.03,0.606,4.98,4.99,4.95,4.95,4.99,4.92,48287382.0,239599131.0,15:36:00,2026-09-07
sz000691,亚太实业,10.06,0.01,0.1,10.05,10.06,10.05,10.05,10.22,9.86,5385800.0,54004541.0,15:35:15,2026-09-07
sz000692,惠天热电,4.23,-0.04,-0.937,4.23,4.24,4.27,4.26,4.31,4.21,13338500.0,56717463.0,15:35:30,2026-09-07
sz000695,滨海能源,14.2,-0.29,-2.001,14.2,14.21,14.49,14.47,14.6,14.14,5413300.0,77193275.0,15:35:45,2026-09-07
sz000697,炼石航空,9.12,-0.05,-0.545,9.11,9.12,9.17,9.08,9.17,8.94,7569900.0,68446565.0,15:36:00,2026-09-07
sz000698,ST沈化,3.65,0.02,0.551,3.65,3.66,3.63,3.64,3.67,3.63,1866200.0,6817468.0,15:35:15,2026-09-07
sz000700,模塑科技,11.7,0.6,5.405,11.7,11.71,11.1,11.1,11.99,11.1,71540703.0,837807096.0,15:35:30,2026-09-07
sz000701,厦门信达,5.21,-0.06,-1.139,5.21,5.22,5.27,5.2,5.27,5.18,16263700.0,84850338.0,15:35:45,2026-09-07
sz000702,正虹科技,6.42,0.16,2.556,6.42,6.43,6.26,6.2,6.82,6.1,57912151.0,369919222.0,15:36:00,2026-09-07
sz000703,恒逸石化,17.69,-0.24,-1.339,17.69,17.7,17.93,17.99,18.4,17.57,70396992.0,1256459376.0,15:35:15,2026-09-07
sz000705,浙江震元,7.27,0.06,0.832,7.24,7.27,7.21,7.19,7.27,7.19,4799600.0,34725667.0,15:35:30,2026-09-07
sz000707,双环科技,4.67,0.03,0.647,4.66,4.67,4.64,4.65,4.7,4.61,5755200.0,26798089.0,15:35:45,2026-09-07
sz000708,中信特钢,13.43,-0.16,-1.177,13.43,13.44,13.59,13.6,13.76,13.33,12531700.0,168960496.0,15:36:00,2026-09-07
sz000709,河钢股份,2.07,-0.03,-1.429,2.07,2.08,2.1,2.09,2.1,2.07,74652978.0,155355449.0,15:35:15,2026-09-07
sz000710,贝瑞基因,8.72,-0.03,-0.343,8.71,8.72,8.75,8.69,8.76,8.63,9327369.0,81128244.0,15:35:30,2026-09-07
sz000711,京蓝科技,5.61,-0.15,-2.604,5.61,5.62,5.76,5.7,5.73,5.35,145421593.0,802024993.0,15:35:45,2026-09-07
sz000712,锦龙股份,12.35,0.0,0.0,12.35,12.36,12.35,12.1,12.62,12.03,123638861.0,1520597140.0,15:36:00,2026-09-07
sz000713,国投丰乐,6.79,0.24,3.664,6.78,6.79,6.55,6.5,6.84,6.5,37327284.0,252035524.0,15:35:15,2026-09-07
sz000715,中兴商业,5.78,0.1,1.761,5.77,5.78,5.68,5.69,5.82,5.68,11093444.0,63957818.0,15:35:30,2026-09-07
sz000716,黑芝麻,5.72,0.26,4.762,5.72,5.73,5.46,5.59,5.73,5.49,79222800.0,448436073.0,15:35:45,2026-09-07
sz000717,中南股份,2.25,-0.02,-0.881,2.24,2.25,2.27,2.28,2.28,2.23,15190300.0,34137015.0,15:36:00,2026-09-07
sz000718,苏宁环球,2.0,0.01,0.503,1.99,2.0,1.99,1.98,2.01,1.97,19192199.0,38246827.0,15:35:15,2026-09-07
sz000719,中原传媒,12.32,-0.15,-1.203,12.32,12.33,12.47,12.47,12.48,12.25,6543600.0,80732923.0,15:35:30,2026-09-07
sz000720,新能泰山,3.78,-0.04,-1.047,3.78,3.79,3.82,3.8,3.82,3.76,18621100.0,70443599.0,15:35:45,2026-09-07
sz000721,西安饮食,7.59,0.36,4.979,7.59,7.6,7.23,7.19,7.6,7.18,52064740.0,387797101.0,15:36:00,2026-09-07
sz000722,湖南发展,13.16,-0.16,-1.201,13.16,13.17,13.32,13.36,13.55,13.09,13819789.0,182541936.0,15:35:15,2026-09-07
sz000723,美锦能源,3.73,-0.05,-1.323,3.72,3.73,3.78,3.75,3.77,3.68,69031853.0,256468403.0,15:35:30,2026-09-07
sz000725,京东方Ａ,5.68,0.07,1.248,5.67,5.68,5.61,5.66,5.72,5.61,917516889.0,5189110528.0,15:35:45,2026-09-07
sz000726,鲁 泰Ａ,5.9,-0.01,-0.169,5.9,5.91,5.91,5.91,5.94,5.89,3754700.0,22191351.0,15:36:00,2026-09-07
sz000727,冠捷科技,2.26,0.0,0.0,2.26,2.27,2.26,2.26,2.27,2.24,52932265.0,119577504.0,15:35:15,2026-09-07
sz000728,国元证券,7.72,-0.04,-0.515,7.72,7.73,7.76,7.76,7.81,7.7,31528221.0,244016076.0,15:35:30,2026-09-07
sz000729,燕京啤酒,11.14,-0.13,-1.154,11.13,11.14,11.27,11.26,11.32,11.04,22280086.0,248448086.0,15:35:45,2026-09-07
sz000731,四川美丰,7.46,-0.02,-0.267,7.45,7.46,7.48,7.36,7.53,7.24,19755919.0,145969148.0,15:36:00,2026-09-07
sz000733,振华科技,40.42,0.14,0.348,40.42,40.43,40.28,40.28,40.73,40.12,7111045.0,287213597.0,15:35:15,2026-09-07
sz000735,罗 牛 山,6.74,0.61,9.951,6.74,0.0,6.13,6.73,6.74,6.62,51307915.0,345449520.0,15:35:30,2026-09-07
sz000736,中交发展,4.71,0.0,0.0,4.71,4.72,4.71,4.65,4.77,4.64,23409800.0,110158069.0,15:35:45,2026-09-07
sz000737,北方铜业,14.33,-0.02,-0.139,14.33,14.34,14.35,14.28,14.44,14.13,45537557.0,650998084.0,15:36:00,2026-09-07
sz000738,航发控制,19.28,-0.3,-1.532,19.27,19.28,19.58,19.44,19.58,19.04,15760578.0,303307599.0,15:35:15,2026-09-07
sz000739,普洛药业,22.3,-0.05,-0.224,22.3,22.32,22.35,22.21,22.62,22.08,14924714.0,333103234.0,15:35:30,2026-09-07
sz000750,国海证券,3.79,-0.05,-1.302,3.79,3.8,3.84,3.83,3.85,3.78,61232600.0,232822241.0,15:35:45,2026-09-07
sz000751,锌业股份,4.91,-0.04,-0.808,4.91,4.92,4.95,4.91,4.93,4.85,32757100.0,160163023.0,15:36:00,2026-09-07
sz000752,*ST西发,8.88,-0.07,-0.782,8.88,8.89,8.95,8.98,9.08,8.81,3282000.0,29247739.0,15:35:15,2026-09-07
sz000753,漳州发展,5.09,-0.09,-1.737,5.08,5.09,5.18,5.12,5.16,5.03,45342195.0,230584394.0,15:35:30,2026-09-07
sz000755,山西高速,4.87,0.1,2.096,4.86,4.87,4.77,4.76,4.97,4.76,6515310.0,31567206.0,15:35:45,2026-09-07
sz000756,新华制药,13.16,-0.02,-0.152,13.15,13.16,13.18,13.14,13.26,13.12,3348442.0,44064182.0,15:36:00,2026-09-07
sz000757,浩物股份,4.33,0.02,0.464,4.32,4.33,4.31,4.32,4.37,4.28,8860800.0,38420980.0,15:35:15,2026-09-07
sz000758,中色股份,6.07,-0.11,-1.78,6.07,6.08,6.18,6.13,6.14,6.05,26412774.0,160760841.0,15:35:30,2026-09-07
sz000759,中百集团,7.0,0.64,10.063,7.0,0.0,6.36,6.29,7.0,6.29,124924062.0,857306705.0,15:35:45,2026-09-07
sz000761,本钢板材,2.3,-0.03,-1.288,2.3,2.31,2.33,2.32,2.34,2.28,15927008.0,36697762.0,15:36:00,2026-09-07
sz000762,西藏矿业,22.13,-0.05,-0.225,22.12,22.13,22.18,22.01,22.18,21.68,9350247.0,205888615.0,15:35:15,2026-09-07
sz000766,通化金马,16.77,0.3,1.821,16.77,16.78,16.47,16.59,16.88,16.42,11433523.0,190878961.0,15:35:30,2026-09-07
sz000767,晋控电力,3.37,-0.01,-0.296,3.37,3.38,3.38,3.37,3.39,3.36,43980466.0,148347721.0,15:35:45,2026-09-07
sz000768,中航西飞,23.28,-0.42,-1.772,23.27,23.28,23.7,23.48,23.63,22.91,38789647.0,898836008.0,15:36:00,2026-09-07
sz000776,广发证券,21.81,-0.39,-1.757,21.81,21.82,22.2,22.37,22.42,21.73,49130198.0,1076195707.0,15:35:15,2026-09-07
sz000777,中核科技,17.15,0.16,0.942,17.14,17.15,16.99,16.99,17.17,16.85,3791587.0,64678670.0,15:35:30,2026-09-07
sz000778,新兴铸管,3.66,-0.05,-1.348,3.66,3.67,3.71,3.72,3.73,3.65,61965428.0,227839622.0,15:35:45,2026-09-07
sz000779,甘咨询,10.33,-0.27,-2.547,10.33,10.34,10.6,10.47,10.73,10.25,62859864.0,658022798.0,15:36:00,2026-09-07
sz000782,恒申新材,7.57,0.07,0.933,7.57,7.58,7.5,7.5,7.66,7.46,8838600.0,67055347.0,15:35:15,2026-09-07
sz000783,长江证券,9.06,-0.2,-2.16,9.06,9.07,9.26,9.26,9.31,9.02,115308317.0,1049293750.0,15:35:30,2026-09-07
sz000785,居然智家,2.35,0.04,1.732,2.35,2.36,2.31,2.3,2.37,2.3,68690665.0,161262087.0,15:35:45,2026-09-07
sz000786,北新建材,16.3,0.02,0.123,16.3,16.31,16.28,16.25,16.5,16.24,18818015.0,308150009.0,15:36:00,2026-09-07
sz000788,北大医药,5.53,0.01,0.181,5.53,5.54,5.52,5.53,5.6,5.52,8828607.0,49032964.0,15:35:15,2026-09-07
sz000789,万年青,4.13,-0.04,-0.959,4.13,4.15,4.17,4.17,4.19,4.13,3636437.0,15083729.0,15:35:30,2026-09-07
sz000790,华神科技,4.16,0.06,1.463,4.16,4.17,4.1,4.09,4.18,4.09,10008463.0,41497631.0,15:35:45,2026-09-07
sz000791,甘肃能源,7.22,0.0,0.0,7.22,7.23,7.22,7.25,7.28,7.18,11720843.0,84627302.0,15:36:00,2026-09-07
sz000792,盐湖股份,26.28,-0.37,-1.388,26.27,26.28,26.65,26.47,26.61,26.11,50229297.0,1322290279.0,15:35:15,2026-09-07
sz000793,ST华闻,2.08,0.06,2.97,2.08,2.09,2.02,2.03,2.09,2.01,21169260.0,43805467.0,15:35:30,2026-09-07
sz000795,英洛华,8.46,-0.01,-0.118,8.45,8.46,8.47,8.46,8.51,8.43,8023700.0,67994021.0,15:35:45,2026-09-07
sz000796,凯撒旅业,4.5,0.13,2.975,4.49,4.5,4.37,4.32,4.5,4.32,87980300.0,392216886.0,15:36:00,2026-09-07
sz000797,中国武夷,2.6,0.02,0.775,2.59,2.6,2.58,2.57,2.63,2.55,27525281.0,71493100.0,15:35:15,2026-09-07
sz000798,中水渔业,11.15,1.01,9.961,11.15,0.0,10.14,10.68,11.15,10.47,24451403.0,266169753.0,15:35:30,2026-09-07
sz000799,酒鬼酒,39.49,0.11,0.279,39.48,39.49,39.38,39.1,39.5,38.98,5374717.0,211108363.0,15:35:45,2026-09-07
sz000800,一汽解放,6.02,-0.06,-0.987,6.02,6.03,6.08,6.07,6.09,6.01,15085867.0,91059357.0,15:36:00,2026-09-07
sz000801,四川九洲,12.6,-0.08,-0.631,12.59,12.6,12.68,12.67,12.78,12.55,12905268.0,163520940.0,15:35:15,2026-09-07
sz000802,北京文化,4.19,0.02,0.48,4.19,4.2,4.17,4.12,4.21,4.1,82558620.0,343595889.0,15:35:30,2026-09-07
sz000803,山高环能,7.38,-0.07,-0.94,7.38,7.39,7.45,7.5,7.51,7.37,6861000.0,50993973.0,15:35:45,2026-09-07
sz000807,云铝股份,26.79,-0.16,-0.594,26.78,26.79,26.95,26.82,26.94,26.55,38152498.0,1019311631.0,15:36:00,2026-09-07
sz000809,和展能源,3.39,0.02,0.593,3.39,3.4,3.37,3.35,3.41,3.33,12280450.0,41574792.0,15:35:15,2026-09-07
sz000810,创维数字,9.73,-0.02,-0.205,9.72,9.73,9.75,9.8,9.82,9.68,10654098.0,103809770.0,15:35:30,2026-09-07
sz000811,冰轮环境,37.88,1.68,4.641,37.87,37.88,36.2,36.5,38.49,35.71,40657806.0,1522341273.0,15:35:45,2026-09-07
sz000812,陕西金叶,3.88,0.05,1.305,3.87,3.88,3.83,3.76,4.01,3.68,47473215.0,183194674.0,15:36:00,2026-09-07
sz000813,德展健康,3.75,0.32,9.329,3.75,3.76,3.43,3.36,3.77,3.36,222376029.0,818068057.0,15:35:15,2026-09-07
sz000815,美利云,16.35,0.17,1.051,16.34,16.35,16.18,16.18,16.45,15.91,40548898.0,658876119.0,15:35:30,2026-09-07
sz000816,智慧农业,3.25,0.3,10.169,3.25,0.0,2.95,2.95,3.25,2.93,113527892.0,364425744.0,15:35:45,2026-09-07
sz000818,航锦科技,12.24,0.0,0.0,12.24,12.25,12.24,12.27,12.35,12.2,8469200.0,103746121.0,15:36:00,2026-09-07
sz000819,岳阳兴长,12.3,0.04,0.326,12.3,12.31,12.26,12.23,12.35,12.12,2779000.0,34077857.0,15:35:15,2026-09-07
sz000820,神雾节能,3.61,-0.04,-1.096,3.61,3.62,3.65,3.69,3.71,3.61,11462456.0,41829053.0,15:35:30,2026-09-07
sz000821,ST京机,7.37,-0.07,-0.941,7.37,7.38,7.44,7.44,7.44,7.36,4251999.0,31429835.0,15:35:45,2026-09-07
sz000822,山东海化,4.6,0.17,3.837,4.59,4.6,4.43,4.45,4.77,4.4,34829204.0,159716148.0,15:36:00,2026-09-07
sz000823,超声电子,15.94,1.45,10.007,15.94,0.0,14.49,14.72,15.94,14.71,53094447.0,833771189.0,15:35:15,2026-09-07
sz000825,太钢不锈,3.47,-0.05,-1.42,3.46,3.47,3.52,3.51,3.54,3.46,30672951.0,106932942.0,15:35:30,2026-09-07
sz000826,*ST启环,1.84,-0.02,-1.075,1.84,1.85,1.86,1.85,1.86,1.83,10939562.0,20154883.0,15:35:45,2026-09-07
sz000828,东莞控股,10.09,0.02,0.199,10.09,10.1,10.07,10.14,10.18,10.02,5301000.0,53524106.0,15:36:00,2026-09-07
sz000829,天音控股,9.05,0.05,0.556,9.05,9.06,9.0,8.97,9.08,8.88,16173833.0,145601639.0,15:35:15,2026-09-07
sz000830,鲁西化工,12.44,-0.3,-2.355,12.44,12.45,12.74,12.66,12.79,12.41,30780496.0,385581888.0,15:35:30,2026-09-07
sz000831,中国稀土,55.82,-0.39,-0.694,55.81,55.82,56.21,56.2,56.63,55.38,21183745.0,1183827308.0,15:35:45,2026-09-07
sz000833,粤桂股份,20.75,0.91,4.587,20.74,20.75,19.84,20.37,21.4,20.28,32358815.0,678065847.0,15:36:00,2026-09-07
sz000837,秦川机床,10.04,0.18,1.826,10.04,10.05,9.86,9.87,10.21,9.82,15048671.0,150909568.0,15:35:15,2026-09-07
sz000838,*ST发展,2.64,-0.15,-5.376,2.64,2.65,2.79,2.71,2.72,2.58,44903600.0,118372300.0,15:35:30,2026-09-07
sz000839,国安股份,2.83,0.08,2.909,2.82,2.83,2.75,2.76,2.87,2.71,87711903.0,245200183.0,15:35:45,2026-09-07
sz000848,承德露露,8.38,-0.04,-0.475,8.38,8.41,8.42,8.42,8.47,8.29,10498450.0,87849693.0,15:36:00,2026-09-07
sz000850,华茂股份,4.26,0.09,2.158,4.25,4.26,4.17,4.19,4.3,4.17,8324600.0,35450844.0,15:35:15,2026-09-07
sz000852,石化机械,5.64,0.06,1.075,5.64,5.65,5.58,5.58,5.68,5.55,22208700.0,124946032.0,15:35:30,2026-09-07
sz000856,冀东装备,8.73,0.03,0.345,8.71,8.73,8.7,8.74,8.83,8.61,3745100.0,32640693.0,15:35:45,2026-09-07
sz000858,五 粮 液,71.46,-0.52,-0.722,71.46,71.47,71.98,71.81,72.09,70.93,26219096.0,1870556656.0,15:36:00,2026-09-07
sz000859,国风新材,8.9,-0.05,-0.559,8.9,8.91,8.95,8.95,8.99,8.88,20687553.0,184582801.0,15:35:15,2026-09-07
sz000860,顺鑫农业,11.15,0.12,1.088,11.15,11.16,11.03,11.02,11.19,10.89,17657401.0,195593594.0,15:35:30,2026-09-07
sz000862,银星能源,5.29,0.04,0.762,5.28,5.29,5.25,5.25,5.3,5.23,7211737.0,38030642.0,15:35:45,2026-09-07
sz000863,三湘印象,4.24,0.07,1.679,4.23,4.24,4.17,4.18,4.28,4.15,14351144.0,60606139.0,15:36:00,2026-09-07
sz000868,安凯客车,3.56,0.0,0.0,3.55,3.56,3.56,3.55,3.59,3.53,6761000.0,24098110.0,15:35:15,2026-09-07
sz000869,张 裕Ａ,16.37,0.06,0.368,16.36,16.37,16.31,16.3,16.38,16.23,1210700.0,19768198.0,15:35:30,2026-09-07
sz000875,电投绿能,4.85,-0.01,-0.206,4.84,4.85,4.86,4.85,4.89,4.83,23919230.0,116012621.0,15:35:45,2026-09-07
sz000876,新 希 望,7.82,0.12,1.558,7.82,7.83,7.7,7.89,7.89,7.66,161626469.0,1261347617.0,15:36:00,2026-09-07
sz000877,天山股份,3.73,0.0,0.0,3.73,3.74,3.73,3.75,3.78,3.7,11528800.0,43045557.0,15:35:15,2026-09-07
sz000878,云南铜业,17.44,0.09,0.519,17.44,17.45,17.35,17.29,17.65,17.07,34062153.0,594931072.0,15:35:30,2026-09-07
sz000880,潍柴重机,25.57,1.27,5.226,25.57,25.58,24.3,24.21,25.6,24.14,25177250.0,632124398.0,15:35:45,2026-09-07
sz000881,中广核技,6.71,0.07,1.054,6.71,6.72,6.64,6.65,6.8,6.64,8354079.0,56289086.0,15:36:00,2026-09-07
sz000882,华联股份,1.56,0.02,1.299,1.56,1.57,1.54,1.54,1.57,1.53,52834768.0,82233083.0,15:35:15,2026-09-07
sz000883,湖北能源,4.48,-0.03,-0.665,4.47,4.48,4.51,4.53,4.54,4.44,39211507.0,175796601.0,15:35:30,2026-09-07
sz000885,城发环境,12.16,0.0,0.0,12.16,12.17,12.16,12.17,12.23,12.12,2462876.0,29951930.0,15:35:45,2026-09-07
sz000886,海南高速,4.84,0.06,1.255,4.84,4.85,4.78,4.79,4.86,4.76,14354201.0,69191758.0,15:36:00,2026-09-07
sz000887,中鼎股份,21.32,0.76,3.696,21.32,21.33,20.56,20.68,21.84,20.68,42599696.0,913206762.0,15:35:15,2026-09-07
sz000888,峨眉山Ａ,10.56,0.26,2.524,10.55,10.56,10.3,10.32,10.58,10.26,17281716.0,181430197.0,15:35:30,2026-09-07
sz000889,中嘉博创,3.95,-0.04,-1.003,3.95,3.96,3.99,4.0,4.03,3.94,25787894.0,102446589.0,15:35:45,2026-09-07
sz000890,法尔胜,8.33,-0.18,-2.115,8.33,8.34,8.51,8.51,8.61,8.32,38146301.0,319921951.0,15:36:00,2026-09-07
sz000892,欢瑞世纪,5.86,0.27,4.83,5.85,5.86,5.59,5.21,6.09,5.21,315958461.0,1782197544.0,15:35:15,2026-09-07
sz000893,亚钾国际,45.58,-2.83,-5.846,45.57,45.58,48.41,48.14,48.8,45.29,22911935.0,1062739905.0,15:35:30,2026-09-07
sz000895,双汇发展,24.0,-0.17,-0.703,24.0,24.01,24.17,24.15,24.16,23.84,11080505.0,265390687.0,15:35:45,2026-09-07
sz000897,津滨发展,1.88,0.0,0.0,1.88,1.89,1.88,1.88,1.9,1.87,23678280.0,44657307.0,15:36:00,2026-09-07
sz000898,鞍钢股份,2.03,-0.03,-1.456,2.03,2.04,2.06,2.06,2.06,2.02,40699022.0,82818042.0,15:35:15,2026-09-07
sz000899,赣能股份,9.35,-0.04,-0.426,9.34,9.35,9.39,9.39,9.41,9.29,7039055.0,65715268.0,15:35:30,2026-09-07
sz000900,现代投资,3.67,0.01,0.273,3.66,3.67,3.66,3.67,3.69,3.64,9822050.0,36026281.0,15:35:45,2026-09-07
sz000901,航天科技,14.1,-0.15,-1.053,14.1,14.11,14.25,14.25,14.32,14.09,11656026.0,165225615.0,15:36:00,2026-09-07
sz000902,新洋丰,14.36,0.03,0.209,14.36,14.38,14.33,14.39,14.4,14.2,6876423.0,98468057.0,15:35:15,2026-09-07
sz000903,ST云动,2.09,0.15,7.732,2.09,2.1,1.94,1.95,2.13,1.94,75890292.0,156995134.0,15:35:30,2026-09-07
sz000905,厦门港务,9.13,-0.09,-0.976,9.12,9.13,9.22,9.27,9.35,9.03,23383427.0,213895101.0,15:35:45,2026-09-07
sz000906,浙商中拓,6.19,0.09,1.475,6.18,6.19,6.1,6.11,6.25,6.05,14374639.0,88801287.0,15:36:00,2026-09-07
sz000908,石药景峰,6.32,0.07,1.12,6.32,6.33,6.25,6.27,6.42,6.23,12016500.0,75678909.0,15:35:15,2026-09-07
sz000909,*ST数源,4.53,0.05,1.116,4.53,4.54,4.48,4.49,4.62,4.49,2940500.0,13405126.0,15:35:30,2026-09-07
sz000910,大亚圣象,5.41,0.02,0.371,5.4,5.41,5.39,5.4,5.43,5.35,2928800.0,15811652.0,15:35:45,2026-09-07
sz000911,*ST广糖,6.05,0.23,3.952,6.05,6.06,5.82,5.93,6.3,5.93,20971500.0,128027528.0,15:36:00,2026-09-07
sz000912,泸天化,4.3,0.09,2.138,4.3,4.31,4.21,4.25,4.45,4.22,57467131.0,247683212.0,15:35:15,2026-09-07
sz000913,钱江摩托,11.16,-0.04,-0.357,11.16,11.17,11.2,11.27,11.27,11.13,3261257.0,36498092.0,15:35:30,2026-09-07
sz000915,华特达因,25.99,0.6,2.363,25.98,25.99,25.39,25.41,26.08,25.3,4535443.0,117391774.0,15:35:45,2026-09-07
sz000917,电广传媒,7.27,0.03,0.414,7.27,7.28,7.24,7.17,7.34,7.17,24365779.0,177064553.0,15:36:00,2026-09-07
sz000919,金陵药业,6.6,0.04,0.61,6.6,6.61,6.56,6.57,6.63,6.57,6677100.0,44065654.0,15:35:15,2026-09-07
sz000920,沃顿科技,11.31,-0.02,-0.177,11.31,11.32,11.33,11.29,11.42,11.2,5126600.0,58111502.0,15:35:30,2026-09-07
sz000921,海信家电,27.9,0.02,0.072,27.89,27.91,27.88,27.74,28.03,27.2,11182422.0,309558614.0,15:35:45,2026-09-07
sz000922,佳电股份,12.02,-0.08,-0.661,12.02,12.03,12.1,12.11,12.16,11.93,7309371.0,87928026.0,15:36:00,2026-09-07
sz000923,河钢资源,16.52,0.21,1.288,16.52,16.53,16.31,16.43,16.96,16.27,12378399.0,206457337.0,15:35:15,2026-09-07
sz000925,众合科技,8.63,0.1,1.172,8.63,8.64,8.53,8.57,8.66,8.51,26106244.0,224340834.0,15:35:30,2026-09-07
sz000926,福星股份,2.22,0.02,0.909,2.22,2.23,2.2,2.18,2.25,2.18,26080960.0,57817188.0,15:35:45,2026-09-07
sz000927,中国铁物,2.49,-0.01,-0.4,2.48,2.49,2.5,2.49,2.51,2.48,26970641.0,67205083.0,15:35:00,2026-09-07
sz000928,中钢国际,5.42,-0.01,-0.184,5.42,5.43,5.43,5.44,5.47,5.39,14599001.0,79355820.0,15:35:15,2026-09-07
sz000929,兰州黄河,9.95,0.3,3.109,9.94,9.95,9.65,9.72,10.06,9.69,6039000.0,59673459.0,15:35:30,2026-09-07
sz000930,中粮科技,5.3,0.15,2.913,5.3,5.31,5.15,5.19,5.39,5.16,47936343.0,254242377.0,15:35:45,2026-09-07
sz000931,中 关 村,4.59,0.06,1.325,4.58,4.59,4.53,4.54,4.6,4.51,25632592.0,117190873.0,15:35:00,2026-09-07
sz000932,华菱钢铁,3.57,-0.07,-1.923,3.56,3.57,3.64,3.63,3.64,3.56,98110252.0,352574412.0,15:35:15,2026-09-07
sz000933,神火股份,26.95,-0.41,-1.499,26.95,26.96,27.36,27.15,27.24,26.72,29481126.0,793544399.0,15:35:30,2026-09-07
sz000935,四川双马,21.66,0.0,0.0,21.66,21.7,21.66,21.7,22.24,21.66,3125899.0,68516375.0,15:35:45,2026-09-07
sz000936,华西股份,5.66,0.08,1.434,5.65,5.66,5.58,5.55,5.8,5.54,27513181.0,155672192.0,15:35:00,2026-09-07
sz000937,冀中能源,4.71,-0.14,-2.887,4.71,4.72,4.85,4.86,4.89,4.66,39073938.0,185122935.0,15:35:15,2026-09-07
sz000938,紫光股份,35.37,0.1,0.284,35.37,35.38,35.27,35.46,35.7,34.28,166530146.0,5837829558.0,15:35:30,2026-09-07
sz000948,南天信息,14.1,-0.39,-2.692,14.09,14.1,14.49,14.44,14.51,14.05,8753669.0,123952655.0,15:35:45,2026-09-07
sz000949,新乡化纤,7.57,-0.22,-2.824,7.57,7.58,7.79,7.69,7.75,7.55,53965388.0,410959865.0,15:35:00,2026-09-07
sz000950,重药控股,5.36,0.04,0.752,5.35,5.36,5.32,5.33,5.36,5.3,13450576.0,71750415.0,15:35:15,2026-09-07
sz000951,中国重汽,22.0,0.04,0.182,22.0,22.01,21.96,21.97,22.15,21.87,9024805.0,198580774.0,15:35:30,2026-09-07
sz000952,广济药业,6.69,0.26,4.044,6.68,6.69,6.43,6.4,6.72,6.38,9498127.0,62683890.0,15:35:45,2026-09-07
sz000953,中哲精化,6.16,0.07,1.149,6.16,6.17,6.09,6.09,6.19,6.08,6061200.0,37262556.0,15:35:00,2026-09-07
sz000955,欣龙控股,4.27,0.03,0.708,4.27,4.29,4.24,4.22,4.33,4.22,7331800.0,31406315.0,15:35:15,2026-09-07
sz000957,中通客车,10.18,-0.21,-2.021,10.18,10.19,10.39,10.32,10.39,10.16,14481432.0,148110850.0,15:35:30,2026-09-07
sz000958,电投产融,5.27,0.02,0.381,5.26,5.27,5.25,5.26,5.27,5.24,7861400.0,41351756.0,15:35:45,2026-09-07
sz000959,首钢股份,3.63,-0.09,-2.419,3.63,3.64,3.72,3.71,3.73,3.62,27376143.0,99937580.0,15:35:00,2026-09-07
sz000960,锡业股份,33.98,0.56,1.676,33.98,33.99,33.42,33.5,34.06,33.25,24578033.0,828551460.0,15:35:15,2026-09-07
sz000962,东方钽业,53.7,2.28,4.434,53.69,53.7,51.42,51.7,54.67,50.88,21662301.0,1154732755.0,15:35:30,2026-09-07
sz000963,华东医药,27.2,-0.17,-0.621,27.2,27.21,27.37,27.38,27.41,27.08,11206598.0,304397324.0,15:35:45,2026-09-07
sz000965,天保基建,3.33,-0.04,-1.187,3.33,3.34,3.37,3.32,3.37,3.29,30547747.0,101699539.0,15:35:00,2026-09-07
sz000966,长源电力,4.01,-0.01,-0.249,4.0,4.01,4.02,4.02,4.03,3.99,21841451.0,87529904.0,15:35:15,2026-09-07
sz000967,盈峰环境,8.07,0.02,0.248,8.07,8.08,8.05,8.06,8.23,8.0,61371699.0,497024289.0,15:35:30,2026-09-07
sz000968,蓝焰控股,7.23,-0.06,-0.823,7.22,7.23,7.29,7.28,7.33,7.16,17771692.0,128384639.0,15:35:45,2026-09-07
sz000969,安泰科技,17.43,0.42,2.469,17.42,17.43,17.01,16.98,17.44,16.81,20233389.0,348276839.0,15:35:00,2026-09-07
sz000970,中科三环,11.75,0.01,0.085,11.75,11.76,11.74,11.7,11.84,11.65,17873075.0,210137668.0,15:35:15,2026-09-07
sz000972,中基健康,3.86,0.04,1.047,3.85,3.86,3.82,3.83,3.9,3.82,9857565.0,38127345.0,15:35:30,2026-09-07
sz000973,佛塑科技,12.39,0.2,1.641,12.39,12.4,12.19,12.19,12.39,11.88,40356679.0,489308752.0,15:35:45,2026-09-07
sz000975,山金国际,25.8,-0.45,-1.714,25.79,25.8,26.25,25.73,26.23,25.48,31901347.0,825898849.0,15:35:00,2026-09-07
sz000977,浪潮信息,74.74,-2.98,-3.834,74.74,74.75,77.72,75.5,75.8,72.3,147996453.0,10940537182.0,15:35:15,2026-09-07
sz000978,桂林旅游,7.28,0.66,9.97,7.28,0.0,6.62,6.62,7.28,6.56,59267087.0,422379241.0,15:35:30,2026-09-07
sz000980,众泰汽车,1.67,0.04,2.454,1.66,1.67,1.63,1.62,1.74,1.6,204403600.0,342220751.0,15:35:45,2026-09-07
sz000981,山子高科,2.68,0.02,0.752,2.68,2.69,2.66,2.67,2.69,2.65,129227329.0,345927567.0,15:35:00,2026-09-07
sz000983,山西焦煤,6.62,-0.25,-3.639,6.61,6.62,6.87,6.83,6.85,6.56,113474124.0,753779369.0,15:35:15,2026-09-07
sz000985,大庆华科,18.03,0.72,4.159,18.03,18.04,17.31,17.32,18.04,17.18,5222500.0,92217640.0,15:35:30,2026-09-07
sz000987,越秀资本,7.53,-0.16,-2.081,7.53,7.54,7.69,7.71,7.73,7.51,37277628.0,282586957.0,15:35:45,2026-09-07
sz000988,华工科技,101.91,6.31,6.6,101.9,101.91,95.6,97.32,102.08,96.66,49175383.0,4915324371.0,15:35:00,2026-09-07
sz000989,九芝堂,8.91,-0.02,-0.224,8.9,8.91,8.93,8.89,8.93,8.85,9313100.0,82746671.0,15:35:15,2026-09-07
sz000990,诚志股份,6.53,0.06,0.927,6.53,6.54,6.47,6.5,6.57,6.47,29007344.0,189404228.0,15:35:30,2026-09-07
sz000993,闽东电力,10.46,-0.27,-2.516,10.45,10.46,10.73,10.59,10.68,10.35,16011414.0,167351214.0,15:35:45,2026-09-07
sz000995,皇台酒业,11.56,0.1,0.873,11.56,11.57,11.46,11.4,11.58,11.3,5765923.0,66153858.0,15:35:00,2026-09-07
sz000997,新 大 陆,21.07,-0.53,-2.454,21.06,21.07,21.6,21.37,21.65,21.05,30137843.0,639675123.0,15:35:15,2026-09-07
sz000998,隆平高科,9.68,0.29,3.088,9.68,9.69,9.39,9.4,9.89,9.4,76602550.0,742426697.0,15:35:30,2026-09-07
sz000999,华润三九,24.67,-0.23,-0.924,24.67,24.68,24.9,24.9,24.96,24.5,8794062.0,216993931.0,15:35:45,2026-09-07
sz001201,东瑞股份,13.09,0.25,1.947,13.09,13.1,12.84,12.85,13.15,12.85,10178118.0,132452945.0,15:35:00,2026-09-07
sz001202,炬申股份,14.37,0.07,0.49,14.35,14.38,14.3,14.3,14.43,14.23,1537242.0,22052309.0,15:35:15,2026-09-07
sz001203,大中矿业,25.81,-0.49,-1.863,25.81,25.82,26.3,26.14,26.27,25.73,11374482.0,295290522.0,15:35:30,2026-09-07
sz001205,盛航股份,14.6,-0.05,-0.341,14.6,14.62,14.65,14.58,14.7,14.5,3132577.0,45728702.0,15:35:45,2026-09-07
sz001206,依依股份,17.03,0.36,2.16,17.03,17.04,16.67,16.68,17.12,16.57,6030248.0,102384631.0,15:35:00,2026-09-07
sz001207,联科科技,17.51,-0.03,-0.171,17.51,17.52,17.54,17.64,17.64,17.27,2473280.0,43076404.0,15:35:15,2026-09-07
sz001208,华菱线缆,14.37,-0.48,-3.232,14.37,14.38,14.85,14.8,14.8,14.3,15618700.0,225349788.0,15:35:30,2026-09-07
sz001209,洪兴股份,18.54,0.11,0.597,18.54,18.55,18.43,18.55,18.73,18.42,1555200.0,28853465.0,15:35:45,2026-09-07
sz001210,金房能源,28.29,0.15,0.533,28.29,28.34,28.14,28.14,30.95,27.6,15598882.0,459404189.0,15:35:00,2026-09-07
sz001211,双枪科技,24.27,1.12,4.838,24.26,24.27,23.15,23.27,24.58,22.9,4056819.0,97137591.0,15:35:15,2026-09-07
sz001212,中旗新材,33.42,-0.09,-0.269,33.41,33.42,33.51,33.66,33.8,33.3,2120754.0,71074998.0,15:35:30,2026-09-07
sz001213,中铁特货,3.53,-0.01,-0.282,3.52,3.53,3.54,3.54,3.55,3.52,4582400.0,16168349.0,15:35:45,2026-09-07
sz001215,千味央厨,30.86,0.21,0.685,30.86,30.87,30.65,30.97,31.15,30.5,1467076.0,45330967.0,15:35:00,2026-09-07
sz001216,华瓷股份,15.06,0.09,0.601,15.06,15.08,14.97,14.97,15.19,14.83,2422200.0,36385960.0,15:35:15,2026-09-07
sz001217,华尔泰,10.39,0.02,0.193,10.39,10.41,10.37,10.36,10.5,10.36,1990600.0,20735613.0,15:35:30,2026-09-07
sz001218,丽臣实业,23.78,-0.18,-0.751,23.78,23.79,23.96,24.05,24.1,23.73,1060130.0,25362212.0,15:35:45,2026-09-07
sz001219,青岛食品,13.23,0.33,2.558,13.23,13.24,12.9,12.92,13.24,12.91,3622709.0,47502123.0,15:35:00,2026-09-07
sz001220,世盟股份,31.89,0.29,0.918,31.89,31.9,31.6,31.6,32.06,31.57,659593.0,21003431.0,15:35:15,2026-09-07
sz001221,悍高集团,39.28,-0.37,-0.933,39.28,39.29,39.65,39.51,39.77,38.87,2457385.0,96251827.0,15:35:30,2026-09-07
sz001222,源飞宠物,16.99,0.89,5.528,16.99,17.0,16.1,16.67,17.47,16.23,20251834.0,338957523.0,15:35:45,2026-09-07
sz001223,欧克科技,41.36,2.73,7.067,41.36,41.38,38.63,38.67,41.78,38.33,3067976.0,123800533.0,15:35:00,2026-09-07
sz001225,和泰机电,47.69,0.31,0.654,47.64,47.72,47.38,47.48,48.09,45.75,1238900.0,58420431.0,15:35:15,2026-09-07
sz001226,拓山重工,46.95,-0.47,-0.991,46.94,47.02,47.42,47.41,48.17,45.86,941900.0,44374931.0,15:35:30,2026-09-07
sz001227,兰州银行,2.14,-0.02,-0.926,2.13,2.14,2.16,2.16,2.17,2.13,56048559.0,120081857.0,15:35:45,2026-09-07
sz001228,永泰运,31.01,1.15,3.851,31.0,31.01,29.86,29.87,31.1,29.55,2649679.0,81210605.0,15:35:00,2026-09-07
sz001229,魅视科技,38.89,3.54,10.014,38.89,0.0,35.35,35.34,38.89,35.3,4821441.0,181330785.0,15:35:15,2026-09-07
sz001230,劲旅环境,19.74,0.08,0.407,19.74,19.75,19.66,19.75,20.05,19.52,4259112.0,84428328.0,15:35:30,2026-09-07
sz001231,农心科技,22.28,0.58,2.673,22.28,22.29,21.7,21.69,22.37,21.65,1965875.0,43554707.0,15:35:45,2026-09-07
sz001232,嘉立创,167.91,5.92,3.655,167.91,167.92,161.99,166.66,173.33,164.88,4888501.0,825153566.0,15:35:00,2026-09-07
sz001233,海安集团,43.38,-0.62,-1.409,43.38,43.4,44.0,44.2,44.3,43.38,920418.0,40139217.0,15:35:15,2026-09-07
sz001234,泰慕士,23.23,-0.04,-0.172,23.23,23.24,23.27,23.39,23.39,22.97,967600.0,22455051.0,15:35:30,2026-09-07
sz001236,弘业期货,8.02,-0.13,-1.595,8.02,8.03,8.15,8.16,8.18,8.0,10077093.0,81209282.0,15:35:45,2026-09-07
sz001237,惠康科技,50.93,-0.12,-0.235,50.93,50.94,51.05,51.3,51.3,50.51,991372.0,50462427.0,15:35:00,2026-09-07
sz001238,浙江正特,25.17,0.35,1.41,25.16,25.17,24.82,24.87,25.2,24.66,389540.0,9735331.0,15:35:15,2026-09-07
sz001239,永达股份,12.18,0.08,0.661,12.18,12.2,12.1,12.11,12.23,12.05,920800.0,11195593.0,15:35:30,2026-09-07
sz001248,华润新能,12.07,-0.01,-0.083,12.07,12.08,12.08,12.1,12.12,12.05,20927998.0,252697215.0,15:35:45,2026-09-07
sz001255,博菲电气,27.13,0.05,0.185,27.12,27.13,27.08,27.09,27.22,26.74,988129.0,26703262.0,15:35:00,2026-09-07
sz001256,炜冈科技,22.57,0.21,0.939,22.57,22.58,22.36,22.46,22.8,22.22,2199297.0,49548303.0,15:35:15,2026-09-07
sz001257,盛龙股份,24.33,0.32,1.333,24.32,24.33,24.01,24.0,24.34,23.87,6331165.0,152859239.0,15:35:30,2026-09-07
sz001258,立新能源,12.2,-0.09,-0.732,12.2,12.21,12.29,12.08,12.49,11.58,109671497.0,1313159766.0,15:35:45,2026-09-07
sz001259,利仁科技,46.8,1.35,2.97,46.75,46.8,45.45,45.1,47.82,45.1,1075319.0,50210373.0,15:35:00,2026-09-07
sz001260,坤泰股份,18.65,0.34,1.857,18.61,18.65,18.31,18.36,18.72,18.18,1943300.0,36123810.0,15:35:15,2026-09-07
sz001266,宏英智能,33.3,-0.22,-0.656,33.3,33.31,33.52,33.27,33.93,33.11,2287100.0,76748765.0,15:35:30,2026-09-07
sz001267,汇绿生态,38.71,3.52,10.003,38.71,0.0,35.19,35.7,38.71,35.69,40779229.0,1544601449.0,15:35:45,2026-09-07
sz001268,联合精密,26.02,1.26,5.089,26.01,26.02,24.76,24.81,26.22,24.6,3980724.0,102375891.0,15:35:00,2026-09-07
sz001269,欧晶科技,19.41,0.18,0.936,19.41,19.42,19.23,19.32,19.5,19.07,1070400.0,20711982.0,15:35:15,2026-09-07
sz001270,铖昌科技,96.76,0.65,0.676,96.76,96.77,96.11,96.23,97.7,95.56,3862395.0,372992333.0,15:35:30,2026-09-07
sz001277,速达股份,30.79,0.06,0.195,30.78,30.79,30.73,30.92,31.1,30.48,2050300.0,63121950.0,15:35:45,2026-09-07
sz001278,一彬科技,16.1,-0.69,-4.11,16.1,16.11,16.79,16.44,16.49,15.88,8991032.0,145190426.0,15:35:00,2026-09-07
sz001279,强邦新材,26.0,-0.34,-1.291,25.99,26.01,26.34,26.35,26.38,25.62,1055600.0,27440471.0,15:35:15,2026-09-07
sz001280,中国铀业,66.1,0.19,0.288,66.09,66.1,65.91,65.52,66.24,64.58,4861362.0,317995204.0,15:35:30,2026-09-07
sz001282,三联锻造,16.02,0.13,0.818,16.02,16.03,15.89,15.89,16.15,15.82,1478740.0,23694300.0,15:35:45,2026-09-07
sz001283,豪鹏科技,50.02,0.28,0.563,50.02,50.03,49.74,49.78,50.87,48.6,3992740.0,199272012.0,15:35:00,2026-09-07
sz001285,瑞立科密,44.25,-0.15,-0.338,44.23,44.25,44.4,44.46,44.75,44.02,998857.0,44305083.0,15:35:15,2026-09-07
sz001286,陕西能源,9.45,-0.13,-1.357,9.45,9.46,9.58,9.58,9.62,9.4,24143378.0,228827406.0,15:35:30,2026-09-07
sz001287,中电港,22.55,0.42,1.898,22.54,22.55,22.13,22.34,22.75,22.22,13110712.0,294758660.0,15:35:45,2026-09-07
sz001288,运机集团,30.28,1.54,5.358,30.28,30.29,28.74,28.76,30.48,28.76,6820434.0,203218484.0,15:35:00,2026-09-07
sz001289,龙源电力,15.12,-0.07,-0.461,15.11,15.12,15.19,15.22,15.24,15.05,3768503.0,56912162.0,15:35:15,2026-09-07
sz001296,长江材料,22.0,2.0,10.0,22.0,0.0,20.0,22.0,22.0,22.0,5632964.0,123925208.0,15:35:30,2026-09-07
sz001298,好上好,18.09,0.09,0.5,18.08,18.09,18.0,18.16,18.32,18.0,9019640.0,163798214.0,15:35:45,2026-09-07
sz001299,美能能源,10.85,-0.85,-7.265,10.84,10.85,11.7,10.86,11.35,10.53,28599987.0,309767296.0,15:35:00,2026-09-07
sz001300,三柏硕,12.17,-0.18,-1.457,12.16,12.17,12.35,12.28,12.51,12.14,6484600.0,79615592.0,15:35:15,2026-09-07
sz001301,尚太科技,54.01,-1.73,-3.104,54.01,54.02,55.74,55.31,55.73,53.65,5810499.0,315293629.0,15:35:30,2026-09-07
sz001306,夏厦精密,55.28,0.44,0.802,55.27,55.28,54.84,54.9,56.08,54.51,511400.0,28362864.0,15:35:45,2026-09-07
sz001308,康冠科技,17.79,0.02,0.113,17.79,17.8,17.77,17.86,17.93,17.71,1636979.0,29144329.0,15:35:00,2026-09-07
sz001309,德明利,403.98,12.68,3.24,403.98,403.99,391.3,401.12,407.8,398.5,10616047.0,4290201053.0,15:35:15,2026-09-07
sz001311,多利科技,18.03,0.8,4.643,18.02,18.03,17.23,17.3,18.13,17.19,7386859.0,131728404.0,15:35:30,2026-09-07
sz001312,福恩股份,17.54,-0.01,-0.057,17.54,17.55,17.55,17.53,17.62,17.36,1119701.0,19629402.0,15:35:45,2026-09-07
sz001313,粤海饲料,8.03,0.32,4.15,8.03,8.04,7.71,7.71,8.13,7.68,25378180.0,202354404.0,15:35:00,2026-09-07
sz001314,亿道信息,51.43,0.19,0.371,51.41,51.43,51.24,51.44,51.88,50.69,3306800.0,169809530.0,15:35:15,2026-09-07
sz001316,润贝航科,29.62,-0.56,-1.856,29.61,29.62,30.18,30.0,30.0,28.91,7845104.0,231055894.0,15:35:30,2026-09-07
sz001317,三羊马,53.87,0.03,0.056,53.87,53.89,53.84,53.84,54.5,52.9,3732026.0,200647229.0,15:35:45,2026-09-07
sz001318,阳光乳业,12.06,0.29,2.464,12.05,12.06,11.77,11.71,12.06,11.71,4007300.0,47947500.0,15:35:00,2026-09-07
sz001319,铭科精技,20.16,0.05,0.249,20.16,20.18,20.11,20.11,20.49,20.0,1475100.0,29832043.0,15:35:15,2026-09-07
sz001322,箭牌家居,6.51,0.02,0.308,6.51,6.52,6.49,6.49,6.52,6.28,3396069.0,21778954.0,15:35:30,2026-09-07
sz001323,慕思股份,18.75,-0.34,-1.781,18.74,18.75,19.09,18.99,19.07,18.67,1041583.0,19572624.0,15:35:45,2026-09-07
sz001324,长青科技,19.88,0.66,3.434,19.87,19.88,19.22,19.24,19.92,19.13,3784534.0,74282092.0,15:35:00,2026-09-07
sz001325,元创股份,40.13,0.64,1.621,40.08,40.13,39.49,39.69,40.2,39.3,608884.0,24265603.0,15:35:15,2026-09-07
sz001326,联域股份,72.21,1.78,2.527,72.21,72.28,70.43,71.84,73.28,70.5,2227800.0,160745918.0,15:35:30,2026-09-07
sz001328,登康口腔,30.52,0.21,0.693,30.52,30.54,30.31,30.38,30.55,29.41,2150903.0,64772519.0,15:35:45,2026-09-07
sz001330,博纳影业,6.35,0.58,10.052,6.35,0.0,5.77,6.01,6.35,5.84,222288465.0,1353107678.0,15:35:00,2026-09-07
sz001331,胜通能源,45.08,3.03,7.206,45.08,45.09,42.05,42.05,45.5,41.8,7883213.0,347514227.0,15:35:15,2026-09-07
sz001332,锡装股份,27.09,-0.2,-0.733,27.09,27.1,27.29,27.18,27.55,26.93,1333089.0,36229921.0,15:35:30,2026-09-07
sz001333,光华股份,20.19,0.13,0.648,20.17,20.19,20.06,20.06,20.28,19.9,1387800.0,27889486.0,15:35:45,2026-09-07
sz001335,信凯科技,32.73,-0.02,-0.061,32.64,32.73,32.75,32.64,32.89,32.14,521388.0,17019053.0,15:35:00,2026-09-07
sz001336,楚环科技,18.54,-0.05,-0.269,18.54,18.56,18.59,18.56,18.75,18.32,2179567.0,40435979.0,15:35:15,2026-09-07
sz001337,四川黄金,51.23,-1.97,-3.703,51.23,51.25,53.2,52.03,52.99,50.88,14037851.0,727144545.0,15:35:30,2026-09-07
sz001338,永顺泰,9.39,0.17,1.844,9.39,9.4,9.22,9.26,9.44,9.23,9582549.0,89910405.0,15:35:45,2026-09-07
sz001339,智微智能,76.7,2.12,2.843,76.69,76.7,74.58,75.0,77.17,74.48,5405037.0,411506969.0,15:35:00,2026-09-07
sz001356,富岭股份,9.4,0.03,0.32,9.39,9.4,9.37,9.31,9.44,9.25,3715728.0,34837696.0,15:35:15,2026-09-07
sz001358,兴欣新材,24.17,0.28,1.172,24.17,24.2,23.89,23.9,24.4,23.38,1476623.0,35495875.0,15:35:30,2026-09-07
sz001359,平安电工,83.51,3.74,4.688,83.5,83.51,79.77,79.9,84.85,79.27,4256632.0,352894296.0,15:35:45,2026-09-07
sz001360,南矿集团,19.2,0.59,3.17,19.2,19.23,18.61,18.8,19.34,18.2,9403886.0,176891025.0,15:35:00,2026-09-07
sz001365,天海电子,34.2,0.15,0.441,34.2,34.21,34.05,34.25,34.45,34.02,1608586.0,55150679.0,15:35:15,2026-09-07
sz001366,播恩集团,15.8,1.44,10.028,15.8,0.0,14.36,15.79,15.8,15.55,5590732.0,88316740.0,15:35:30,2026-09-07
sz001367,海森药业,20.42,0.03,0.147,20.41,20.42,20.39,20.47,20.6,20.39,1305400.0,26724653.0,15:35:45,2026-09-07
sz001368,通达创智,24.09,0.21,0.879,24.09,24.1,23.88,23.9,24.38,23.75,1203569.0,29053001.0,15:35:00,2026-09-07
sz001369,双欣材料,12.49,-0.01,-0.08,12.49,12.5,12.5,12.52,12.55,12.38,4217613.0,52609760.0,15:35:15,2026-09-07
sz001373,翔腾新材,29.14,0.47,1.639,29.14,29.21,28.67,28.95,29.4,28.64,1144459.0,33293196.0,15:35:30,2026-09-07
sz001376,百通能源,11.64,0.07,0.605,11.63,11.64,11.57,11.52,11.69,11.47,11201100.0,129897908.0,15:35:45,2026-09-07
sz001378,德冠新材,20.11,0.24,1.208,20.11,20.12,19.87,19.88,20.27,19.71,2093539.0,41960864.0,15:35:00,2026-09-07
sz001379,腾达科技,16.09,-0.03,-0.186,16.09,16.1,16.12,16.15,16.24,15.99,1112713.0,17965332.0,15:35:15,2026-09-07
sz001380,华纬科技,17.92,-0.03,-0.167,17.91,17.92,17.95,18.01,18.1,17.82,2147348.0,38516055.0,15:35:30,2026-09-07
sz001382,新亚电缆,17.0,-0.23,-1.335,17.0,17.01,17.23,17.21,17.32,16.74,3314975.0,56182844.0,15:35:45,2026-09-07
sz001386,马可波罗,16.54,0.52,3.246,16.54,16.55,16.02,16.06,16.63,15.92,5153045.0,84198711.0,15:35:00,2026-09-07
sz001387,雪祺电气,12.11,0.13,1.085,12.1,12.11,11.98,12.03,12.17,11.94,2483523.0,30014944.0,15:35:15,2026-09-07
sz001388,信通电子,21.26,0.24,1.142,21.26,21.27,21.02,21.02,21.29,20.85,3025683.0,63879735.0,15:35:30,2026-09-07
sz001389,广合科技,167.88,15.26,9.999,167.88,0.0,152.62,155.67,167.88,154.32,8716685.0,1421436891.0,15:35:45,2026-09-07
sz001390,古麒绒材,17.0,-0.19,-1.105,17.0,17.01,17.19,17.19,17.27,16.98,1732897.0,29666540.0,15:35:00,2026-09-07
sz001391,国货航,4.12,0.02,0.488,4.11,4.12,4.1,4.1,4.13,4.08,16828956.0,69131695.0,15:35:15,2026-09-07
sz001393,维通利,41.47,-0.38,-0.908,41.46,41.47,41.85,41.85,41.93,41.25,1924700.0,79914764.0,15:35:30,2026-09-07
sz001395,亚联机械,30.33,0.5,1.676,30.32,30.33,29.83,29.79,30.35,29.73,1187508.0,35775890.0,15:35:45,2026-09-07
sz001396,誉帆科技,32.88,0.26,0.797,32.88,32.91,32.62,33.3,33.41,32.56,588299.0,19378017.0,15:35:00,2026-09-07
sz001399,惠科股份,21.69,0.07,0.324,21.69,21.7,21.62,21.65,21.78,21.42,13493609.0,291546464.0,15:35:15,2026-09-07
sz001400,江顺科技,80.42,1.42,1.797,80.4,80.42,79.0,79.0,80.82,78.49,1928585.0,154000845.0,15:35:30,2026-09-07
sz001696,宗申动力,16.48,0.04,0.243,16.48,16.49,16.44,16.23,16.74,16.05,54234401.0,890420519.0,15:35:45,2026-09-07
sz001872,招商港口,23.19,-0.58,-2.44,23.18,23.19,23.77,23.85,23.88,22.98,4215308.0,98067551.0,15:35:00,2026-09-07
sz001896,豫能控股,11.57,0.03,0.26,11.57,11.58,11.54,11.58,11.66,11.5,26766700.0,309885745.0,15:35:15,2026-09-07
sz001914,招商积余,9.07,-0.11,-1.198,9.06,9.07,9.18,9.15,9.23,9.04,8675358.0,79161459.0,15:35:30,2026-09-07
sz001965,招商公路,9.78,-0.02,-0.204,9.78,9.79,9.8,9.77,9.82,9.65,16418303.0,159814134.0,15:35:45,2026-09-07
sz001979,招商蛇口,6.89,-0.08,-1.148,6.88,6.89,6.97,6.94,7.02,6.83,87255034.0,602926416.0,15:35:00,2026-09-07
sz002001,新 和 成,26.51,-0.35,-1.303,26.51,26.52,26.86,26.87,26.94,26.36,20801210.0,551419396.0,15:35:15,2026-09-07
sz002003,伟星股份,11.55,-0.68,-5.56,11.55,11.56,12.23,12.1,12.19,11.47,40680520.0,473821661.0,15:35:30,2026-09-07
sz002004,华邦健康,4.44,-0.01,-0.225,4.44,4.45,4.45,4.44,4.48,4.43,14479866.0,64556476.0,15:35:45,2026-09-07
sz002005,德豪润达,2.41,0.02,0.837,2.4,2.41,2.39,2.4,2.42,2.37,11011837.0,26374852.0,15:35:00,2026-09-07
sz002006,精工科技,14.29,0.79,5.852,14.29,14.3,13.5,13.51,14.47,13.5,20177742.0,285522764.0,15:35:15,2026-09-07
sz002007,华兰生物,13.05,0.01,0.077,13.05,13.06,13.04,13.04,13.16,12.98,8004600.0,104571853.0,15:35:30,2026-09-07
sz002008,大族激光,93.77,6.1,6.958,93.77,93.78,87.67,89.34,96.38,89.01,60950018.0,5697514275.0,15:35:45,2026-09-07
sz002009,天奇股份,16.35,0.05,0.307,16.34,16.35,16.3,16.3,16.62,16.21,8726000.0,143518066.0,15:35:00,2026-09-07
sz002010,传化智联,4.69,0.11,2.402,4.68,4.69,4.58,4.61,4.79,4.59,30631420.0,143996989.0,15:35:15,2026-09-07
sz002011,盾安环境,11.94,1.09,10.046,11.94,0.0,10.85,11.0,11.94,11.0,83175943.0,976147550.0,15:35:30,2026-09-07
sz002012,凯恩股份,7.2,0.12,1.695,7.2,7.21,7.08,7.08,7.3,7.01,12280454.0,87933867.0,15:35:45,2026-09-07
sz002014,永新股份,11.51,-0.03,-0.26,11.51,11.52,11.54,11.57,11.62,11.41,4714768.0,54435517.0,15:35:00,2026-09-07
sz002015,协鑫能科,17.19,0.02,0.116,17.19,17.2,17.17,17.2,17.35,16.61,113805394.0,1929708944.0,15:35:15,2026-09-07
sz002016,世荣兆业,4.72,-0.03,-0.632,4.72,4.73,4.75,4.76,4.77,4.7,9955525.0,47143062.0,15:35:30,2026-09-07
sz002017,东信和平,16.35,-0.71,-4.162,16.35,16.36,17.06,16.63,16.82,16.2,54047349.0,888089524.0,15:35:45,2026-09-07
sz002019,亿帆医药,9.69,0.04,0.415,9.69,9.7,9.65,9.68,9.77,9.61,5735750.0,55587892.0,15:35:00,2026-09-07
sz002020,京新药业,11.84,-0.84,-6.625,11.84,11.85,12.68,12.66,12.69,11.56,40699883.0,483650326.0,15:35:15,2026-09-07
sz002021,中捷资源,2.69,0.02,0.749,2.69,2.7,2.67,2.68,2.72,2.65,22349654.0,60182651.0,15:35:30,2026-09-07
sz002022,科华生物,5.77,0.04,0.698,5.76,5.77,5.73,5.73,5.77,5.69,3674000.0,21069953.0,15:35:45,2026-09-07
sz002023,海特高新,9.71,0.0,0.0,9.71,9.73,9.71,9.76,9.82,9.66,7524988.0,73310623.0,15:35:00,2026-09-07
sz002024,ST易购,1.18,0.0,0.0,1.18,1.19,1.18,1.18,1.19,1.17,10335369.0,12200844.0,15:35:15,2026-09-07
sz002025,航天电器,67.4,3.22,5.017,67.39,67.4,64.18,64.99,68.2,63.0,13962989.0,920559407.0,15:35:30,2026-09-07
sz002026,山东威达,12.36,0.92,8.042,12.35,12.36,11.44,11.7,12.39,11.5,21169415.0,256275459.0,15:35:45,2026-09-07
sz002027,分众传媒,4.88,0.0,0.0,4.88,4.89,4.88,4.89,4.91,4.8,182430796.0,885614742.0,15:35:00,2026-09-07
sz002028,思源电气,145.0,-2.2,-1.495,145.0,145.01,147.2,147.0,147.0,142.08,12168937.0,1757829559.0,15:35:15,2026-09-07
sz002029,七 匹 狼,9.07,0.08,0.89,9.07,9.08,8.99,8.99,9.15,8.9,12571100.0,113449734.0,15:35:30,2026-09-07
sz002030,达安基因,5.48,0.08,1.481,5.48,5.49,5.4,5.44,5.48,5.39,13350752.0,72755406.0,15:35:45,2026-09-07
sz002031,巨轮智能,5.44,0.08,1.493,5.44,5.45,5.36,5.32,5.58,5.29,138907417.0,753464111.0,15:35:00,2026-09-07
sz002032,苏 泊 尔,39.83,-0.19,-0.475,39.82,39.83,40.02,40.1,40.1,39.7,1837175.0,73294586.0,15:35:15,2026-09-07
sz002033,丽江股份,9.29,0.15,1.641,9.28,9.29,9.14,9.1,9.33,9.1,33176193.0,307105943.0,15:35:30,2026-09-07
sz002034,旺能环境,14.52,-0.31,-2.09,14.51,14.52,14.83,14.95,14.95,14.46,9926980.0,144565474.0,15:35:45,2026-09-07
sz002035,华帝股份,4.61,-0.01,-0.216,4.61,4.62,4.62,4.62,4.65,4.6,7129700.0,32904446.0,15:35:00,2026-09-07
sz002036,联创电子,6.84,-0.03,-0.437,6.83,6.84,6.87,6.78,6.87,6.73,40505118.0,275593855.0,15:35:15,2026-09-07
sz002037,保利联合,7.16,-0.03,-0.417,7.15,7.16,7.19,7.19,7.24,7.06,6376200.0,45548140.0,15:35:30,2026-09-07
sz002038,双鹭药业,5.93,0.05,0.85,5.92,5.93,5.88,5.88,5.94,5.86,13512070.0,79872671.0,15:35:45,2026-09-07
sz002039,黔源电力,19.2,-0.2,-1.031,19.2,19.21,19.4,19.39,19.44,19.08,5065446.0,97132838.0,15:35:00,2026-09-07
sz002040,南 京 港,8.92,-0.06,-0.668,8.92,8.93,8.98,8.99,9.07,8.9,11418700.0,102062571.0,15:35:15,2026-09-07
sz002041,登海种业,11.58,0.6,5.464,11.58,11.59,10.98,11.11,11.58,11.0,80009223.0,911108595.0,15:35:30,2026-09-07
sz002042,华孚时尚,3.91,-0.01,-0.255,3.91,3.92,3.92,3.9,3.97,3.86,20681364.0,80740730.0,15:35:45,2026-09-07
sz002043,兔 宝 宝,11.82,-0.91,-7.148,11.82,11.84,12.73,12.62,12.77,11.75,22533300.0,270914142.0,15:35:00,2026-09-07
sz002044,美年健康,4.63,0.02,0.434,4.63,4.64,4.61,4.6,4.67,4.58,43221440.0,200246596.0,15:35:15,2026-09-07
sz002045,国光电器,9.21,0.07,0.766,9.21,9.22,9.14,9.2,9.25,9.09,16223445.0,148923484.0,15:35:30,2026-09-07
sz002046,国机精工,51.61,0.68,1.335,51.61,51.62,50.93,51.0,52.5,50.21,8606509.0,442766569.0,15:35:45,2026-09-07
sz002047,宝鹰股份,3.46,0.03,0.875,3.46,3.47,3.43,3.38,3.61,3.36,39747300.0,139305725.0,15:35:00,2026-09-07
sz002048,宁波华翔,19.26,0.54,2.885,19.25,19.26,18.72,18.75,19.88,18.72,20239073.0,391898375.0,15:35:15,2026-09-07
sz002049,紫光国微,62.04,-0.04,-0.064,62.03,62.04,62.08,62.39,62.53,61.78,9011277.0,559588795.0,15:35:30,2026-09-07
sz002050,三花智控,36.5,1.04,2.933,36.49,36.5,35.46,35.4,36.8,35.38,56057051.0,2037772326.0,15:35:45,2026-09-07
sz002051,中工国际,8.55,0.01,0.117,8.54,8.55,8.54,8.56,8.68,8.51,17957296.0,154201692.0,15:35:00,2026-09-07
sz002052,同洲电子,8.81,0.15,1.732,8.8,8.81,8.66,8.64,8.87,8.63,7305600.0,63984433.0,15:35:15,2026-09-07
sz002053,云南能投,9.55,0.12,1.273,9.54,9.55,9.43,9.52,9.61,9.43,6336874.0,60461429.0,15:35:30,2026-09-07
sz002054,德美化工,7.23,-0.06,-0.823,7.23,7.24,7.29,7.27,7.32,7.2,9013490.0,65277956.0,15:35:45,2026-09-07
sz002055,ST得润,6.35,0.17,2.751,6.34,6.35,6.18,6.16,6.44,6.16,11525000.0,73033009.0,15:35:00,2026-09-07
sz002056,横店东磁,20.61,0.89,4.513,20.6,20.61,19.72,19.85,20.88,19.65,37436072.0,761378758.0,15:35:15,2026-09-07
sz002057,中钢天源,8.89,0.01,0.113,8.88,8.89,8.88,8.92,9.07,8.86,13884744.0,124015903.0,15:35:30,2026-09-07
sz002058,紫竹高科,16.38,-0.16,-0.967,16.38,16.4,16.54,16.54,16.65,16.3,2511800.0,41377262.0,15:35:45,2026-09-07
sz002059,云南旅游,6.07,0.4,7.055,6.06,6.07,5.67,5.77,6.18,5.6,191593928.0,1137642983.0,15:35:00,2026-09-07
sz002060,广东建工,3.17,-0.01,-0.314,3.17,3.18,3.18,3.17,3.19,3.16,11937000.0,37893546.0,15:35:15,2026-09-07
sz002061,浙江交科,3.47,0.0,0.0,3.46,3.47,3.47,3.47,3.5,3.45,13484886.0,46866429.0,15:35:30,2026-09-07
sz002062,宏润建设,8.87,0.57,6.867,8.86,8.87,8.3,8.3,8.94,8.25,32675342.0,282055779.0,15:35:45,2026-09-07
sz002063,远光软件,5.5,-0.07,-1.257,5.5,5.51,5.57,5.57,5.6,5.49,26784278.0,148031083.0,15:35:00,2026-09-07
sz002064,华峰化学,10.79,-0.43,-3.832,10.79,10.8,11.22,11.18,11.25,10.72,56849556.0,620075908.0,15:35:15,2026-09-07
sz002065,东华软件,6.92,-0.05,-0.717,6.92,6.93,6.97,6.97,7.0,6.89,29162423.0,201956786.0,15:35:30,2026-09-07
sz002066,瑞泰科技,21.68,0.09,0.417,21.66,21.68,21.59,21.64,21.85,21.39,2234104.0,48402993.0,15:35:45,2026-09-07
sz002067,景兴纸业,4.2,0.08,1.942,4.19,4.2,4.12,4.13,4.2,4.13,21967200.0,91740885.0,15:35:00,2026-09-07
sz002068,黑猫股份,8.27,0.13,1.597,8.27,8.28,8.14,8.2,8.35,8.15,31346001.0,259171871.0,15:35:15,2026-09-07
sz002069,獐子岛,3.89,0.1,2.639,3.89,3.9,3.79,3.83,3.94,3.8,20911257.0,81303980.0,15:35:30,2026-09-07
sz002072,凯瑞德,8.56,-0.34,-3.82,8.56,8.57,8.9,9.04,9.04,8.51,25215731.0,218833794.0,15:35:45,2026-09-07
sz002073,软控股份,5.85,0.0,0.0,5.85,5.86,5.85,5.88,5.88,5.81,10413100.0,60916276.0,15:35:00,2026-09-07
sz002074,国轩高科,25.99,0.04,0.154,25.98,25.99,25.95,26.05,26.14,25.77,11259162.0,292054793.0,15:35:15,2026-09-07
sz002075,沙钢股份,3.67,-0.03,-0.811,3.67,3.68,3.7,3.69,3.72,3.66,21543309.0,79372728.0,15:35:30,2026-09-07
sz002076,星光股份,2.17,0.03,1.402,2.16,2.17,2.14,2.13,2.18,2.12,19319402.0,41612359.0,15:35:45,2026-09-07
sz002077,大港股份,12.43,0.14,1.139,12.42,12.43,12.29,12.37,12.48,12.3,13527335.0,167742603.0,15:35:00,2026-09-07
sz002078,太阳纸业,14.56,-0.22,-1.488,14.56,14.58,14.78,14.77,14.85,14.55,18287548.0,267519510.0,15:35:15,2026-09-07
sz002079,苏州固锝,8.95,0.05,0.562,8.95,8.96,8.9,8.94,8.99,8.88,15890902.0,142066958.0,15:35:30,2026-09-07
sz002080,中材科技,50.2,2.76,5.818,50.2,50.21,47.44,48.47,50.69,47.8,43358992.0,2153615842.0,15:35:45,2026-09-07
sz002081,金 螳 螂,5.33,0.15,2.896,5.33,5.34,5.18,5.04,5.38,4.94,329805025.0,1717525534.0,15:35:00,2026-09-07
sz002082,ST万邦,9.45,0.18,1.942,9.45,9.46,9.27,9.2,9.57,9.12,8600600.0,80892923.0,15:35:15,2026-09-07
sz002083,孚日股份,9.97,0.07,0.707,9.96,9.97,9.9,9.95,9.98,9.82,21346510.0,211757242.0,15:35:30,2026-09-07
sz002084,海鸥住工,7.25,0.15,2.113,7.24,7.25,7.1,7.1,7.37,6.5,163525720.0,1129774638.0,15:35:45,2026-09-07
sz002085,万丰奥威,10.34,-0.11,-1.053,10.34,10.35,10.45,10.12,10.46,10.12,19446220.0,201501742.0,15:35:00,2026-09-07
sz002086,东方海洋,2.25,0.13,6.132,2.25,2.26,2.12,2.15,2.32,2.14,135660032.0,302843553.0,15:35:15,2026-09-07
sz002088,鲁阳节能,7.98,-0.01,-0.125,7.98,7.99,7.99,7.97,8.06,7.93,1146100.0,9149688.0,15:35:30,2026-09-07
sz002090,金智科技,9.3,0.0,0.0,9.29,9.3,9.3,9.29,9.35,9.22,5345380.0,49626726.0,15:35:45,2026-09-07
sz002091,江苏国泰,7.7,-0.01,-0.13,7.7,7.71,7.71,7.72,7.81,7.68,9886128.0,76543737.0,15:35:00,2026-09-07
sz002092,中泰化学,4.82,-0.03,-0.619,4.81,4.82,4.85,4.85,4.88,4.78,40767900.0,196263956.0,15:35:15,2026-09-07
sz002093,国脉科技,6.99,0.04,0.576,6.99,7.0,6.95,6.96,7.01,6.9,8406125.0,58464315.0,15:35:30,2026-09-07
sz002094,青岛金王,5.85,0.1,1.739,5.85,5.86,5.75,5.72,5.87,5.6,65072239.0,376329152.0,15:35:45,2026-09-07
sz002095,生 意 宝,14.83,0.0,0.0,14.81,14.83,14.83,14.97,15.03,14.73,2544200.0,37774120.0,15:35:00,2026-09-07
sz002096,易普力,9.53,-0.11,-1.141,9.53,9.54,9.64,9.6,9.67,9.5,3966920.0,37917463.0,15:35:15,2026-09-07
sz002097,山河智能,7.47,-0.01,-0.134,7.47,7.48,7.48,7.48,7.51,7.4,15641846.0,116519273.0,15:35:30,2026-09-07
sz002098,浔兴股份,8.18,0.19,2.378,8.18,8.19,7.99,8.0,8.24,7.94,10253300.0,83480637.0,15:35:45,2026-09-07
sz002099,海翔药业,5.47,0.06,1.109,5.47,5.48,5.41,5.38,5.51,5.36,13957090.0,75874951.0,15:35:00,2026-09-07
sz002100,天康生物,8.39,-0.02,-0.238,8.39,8.4,8.41,8.41,8.53,8.28,39874052.0,335438036.0,15:35:15,2026-09-07
sz002101,广东鸿图,8.74,0.01,0.115,8.74,8.75,8.73,8.73,8.83,8.7,2797605.0,24497108.0,15:35:30,2026-09-07
sz002102,ST能特,2.47,0.05,2.066,2.47,2.48,2.42,2.41,2.48,2.33,12900300.0,31440344.0,15:35:45,2026-09-07
sz002103,广博股份,6.87,0.01,0.146,6.86,6.87,6.86,6.83,6.88,6.77,6175360.0,42204062.0,15:35:00,2026-09-07
sz002104,恒宝股份,13.53,-0.52,-3.701,13.53,13.54,14.05,13.63,14.18,13.34,168642613.0,2302222623.0,15:35:15,2026-09-07
sz002105,信隆健康,6.25,0.08,1.297,6.25,6.26,6.17,6.17,6.3,6.15,6004000.0,37517164.0,15:35:30,2026-09-07
sz002106,莱宝高科,10.79,0.07,0.653,10.79,10.8,10.72,10.78,10.93,10.7,13821825.0,149258186.0,15:35:45,2026-09-07
sz002107,沃华医药,6.84,0.02,0.293,6.83,6.84,6.82,6.78,6.84,6.73,19120319.0,129765663.0,15:35:00,2026-09-07
sz002108,沧州明珠,4.32,-0.02,-0.461,4.32,4.33,4.34,4.34,4.36,4.29,16364774.0,70682214.0,15:35:15,2026-09-07
sz002109,ST兴化,2.83,0.03,1.071,2.82,2.83,2.8,2.81,2.84,2.78,3438400.0,9692387.0,15:35:30,2026-09-07
sz002110,三钢闽光,2.98,-0.06,-1.974,2.98,2.99,3.04,3.03,3.04,2.97,21735792.0,65361809.0,15:35:45,2026-09-07
sz002111,威海广泰,9.96,-0.08,-0.797,9.96,9.97,10.04,10.05,10.06,9.92,8501528.0,84749565.0,15:35:00,2026-09-07
sz002112,三变科技,15.29,-0.23,-1.482,15.29,15.3,15.52,15.7,15.8,15.23,11723873.0,179782886.0,15:35:15,2026-09-07
sz002114,罗平锌电,7.62,0.05,0.661,7.62,7.63,7.57,7.51,7.7,7.45,8119200.0,61904836.0,15:35:30,2026-09-07
sz002115,三维通信,10.67,-0.08,-0.744,10.67,10.68,10.75,10.76,10.81,10.58,33840219.0,359930561.0,15:35:45,2026-09-07
sz002116,中国海诚,7.38,0.06,0.82,7.37,7.38,7.32,7.43,7.48,7.3,5815940.0,42871791.0,15:35:00,2026-09-07
sz002117,东港股份,8.21,-0.07,-0.845,8.21,8.22,8.28,8.21,8.28,8.13,6994405.0,57340801.0,15:35:15,2026-09-07
sz002119,康强电子,22.85,0.96,4.386,22.84,22.85,21.89,22.28,22.98,21.96,30518714.0,689436702.0,15:35:30,2026-09-07
sz002120,韵达股份,6.87,0.0,0.0,6.87,6.88,6.87,6.87,6.9,6.81,29243000.0,200501118.0,15:35:45,2026-09-07
sz002121,科陆电子,4.94,0.02,0.407,4.94,4.95,4.92,4.88,4.98,4.86,15886771.0,78312994.0,15:35:00,2026-09-07
sz002122,ST汇洲,2.82,0.09,3.297,2.81,2.82,2.73,2.74,2.83,2.74,12525200.0,35036566.0,15:35:15,2026-09-07
sz002123,梦网科技,8.13,-0.11,-1.335,8.13,8.14,8.24,8.2,8.28,8.09,14923030.0,121717642.0,15:35:30,2026-09-07
sz002124,天邦食品,2.54,0.12,4.959,2.54,2.55,2.42,2.6,2.66,2.47,420891565.0,1086084398.0,15:35:45,2026-09-07
sz002125,湘潭电化,12.28,-0.01,-0.081,12.28,12.29,12.29,12.32,12.37,12.23,9571180.0,117673888.0,15:35:00,2026-09-07
sz002126,银轮股份,42.29,0.62,1.488,42.29,42.3,41.67,41.67,42.88,41.49,19211063.0,813317675.0,15:35:15,2026-09-07
sz002127,南极电商,3.01,0.03,1.007,3.01,3.02,2.98,2.96,3.03,2.95,33412552.0,100199818.0,15:35:30,2026-09-07
sz002128,电投能源,28.2,-1.05,-3.59,28.19,28.2,29.25,29.08,29.22,28.01,15775540.0,448595987.0,15:35:45,2026-09-07
sz002129,TCL中环,9.2,0.06,0.656,9.19,9.2,9.14,9.13,9.22,9.07,44047554.0,403832055.0,15:35:00,2026-09-07
sz002130,沃尔核材,17.19,0.02,0.116,17.18,17.19,17.17,17.25,17.33,17.02,28925452.0,496943219.0,15:35:15,2026-09-07
sz002131,利欧股份,4.79,-0.02,-0.416,4.78,4.79,4.81,4.76,4.81,4.65,431530870.0,2052892228.0,15:35:30,2026-09-07
sz002132,恒星科技,4.18,-0.01,-0.239,4.17,4.18,4.19,4.2,4.22,4.16,39591800.0,165667165.0,15:35:45,2026-09-07
sz002133,广宇集团,2.86,0.01,0.351,2.86,2.87,2.85,2.83,2.89,2.81,21155300.0,60543496.0,15:35:00,2026-09-07
sz002134,天津普林,22.37,0.1,0.449,22.36,22.37,22.27,22.27,22.75,22.05,11323899.0,254673728.0,15:35:15,2026-09-07
sz002135,东南网架,6.24,0.01,0.161,6.24,6.25,6.23,6.23,6.31,6.15,12457000.0,77549453.0,15:35:30,2026-09-07
sz002136,安 纳 达,12.73,0.02,0.157,12.71,12.73,12.71,12.62,12.82,12.59,4379000.0,55684018.0,15:35:45,2026-09-07
sz002137,实益达,7.8,0.11,1.43,7.79,7.8,7.69,7.64,7.88,7.64,13477100.0,104400403.0,15:35:00,2026-09-07
sz002138,顺络电子,48.94,4.45,10.002,48.94,0.0,44.49,44.89,48.94,44.8,42027157.0,2008762618.0,15:35:15,2026-09-07
sz002139,拓邦股份,9.32,-0.01,-0.107,9.32,9.33,9.33,9.31,9.39,9.27,8580041.0,80112257.0,15:35:30,2026-09-07
sz002140,东华科技,9.2,0.01,0.109,9.19,9.2,9.19,9.19,9.22,9.08,3592703.0,32921557.0,15:35:45,2026-09-07
sz002141,贤丰控股,6.63,0.25,3.918,6.63,6.64,6.38,6.5,6.66,6.45,126306500.0,833249481.0,15:35:00,2026-09-07
sz002142,宁波银行,34.13,-0.37,-1.072,34.12,34.13,34.5,34.4,34.45,33.72,30856994.0,1048771410.0,15:35:15,2026-09-07
sz002144,宏达高科,11.18,0.01,0.09,11.18,11.19,11.17,11.19,11.27,11.17,2189700.0,24549574.0,15:35:30,2026-09-07
sz002145,钛能化学,4.27,-0.01,-0.234,4.27,4.28,4.28,4.27,4.3,4.26,27831810.0,119102172.0,15:35:45,2026-09-07
sz002146,荣盛发展,1.2,0.0,0.0,1.2,1.21,1.2,1.2,1.22,1.18,95661500.0,114776084.0,15:35:00,2026-09-07
sz002148,北纬科技,6.46,0.03,0.467,6.45,6.46,6.43,6.43,6.52,6.4,6936392.0,44694333.0,15:35:15,2026-09-07
sz002149,西部材料,33.9,-0.1,-0.294,33.9,33.91,34.0,33.9,34.15,33.65,10746459.0,364675031.0,15:35:30,2026-09-07
sz002150,正泰电源,21.16,0.27,1.292,21.16,21.17,20.89,20.94,21.68,20.63,8336529.0,177618195.0,15:35:45,2026-09-07
sz002151,北斗星通,28.33,-0.15,-0.527,28.33,28.34,28.48,28.62,28.68,28.26,6954704.0,197622642.0,15:35:00,2026-09-07
sz002152,广电运通,9.63,-0.22,-2.234,9.63,9.64,9.85,9.8,9.84,9.59,27179344.0,262472383.0,15:35:15,2026-09-07
sz002153,石基信息,7.98,-0.06,-0.746,7.98,7.99,8.04,8.01,8.1,7.93,22203867.0,177595476.0,15:35:30,2026-09-07
sz002154,报 喜 鸟,4.06,-0.04,-0.976,4.06,4.07,4.1,4.08,4.11,4.03,21734900.0,88275987.0,15:35:45,2026-09-07
sz002155,湖南黄金,25.97,-0.81,-3.025,25.97,25.98,26.78,26.21,26.45,25.92,50828346.0,1327461178.0,15:35:00,2026-09-07
sz002156,通富微电,59.15,2.28,4.009,59.14,59.15,56.87,57.88,59.88,57.65,66352479.0,3893200683.0,15:35:15,2026-09-07
sz002157,正邦科技,3.22,0.0,0.0,3.22,3.23,3.22,3.19,3.26,3.17,254892031.0,823180365.0,15:35:30,2026-09-07
sz002158,汉钟精机,27.55,0.19,0.694,27.55,27.56,27.36,27.39,27.72,26.8,12614574.0,344203930.0,15:35:45,2026-09-07
sz002159,三特索道,14.21,0.17,1.211,14.21,14.23,14.04,13.99,14.34,13.96,3633600.0,51516208.0,15:35:00,2026-09-07
sz002160,常铝股份,4.06,0.01,0.247,4.06,4.07,4.05,4.04,4.08,4.01,11645204.0,47241882.0,15:35:15,2026-09-07
sz002161,远 望 谷,7.04,0.06,0.86,7.03,7.04,6.98,7.03,7.04,6.86,14885600.0,103721920.0,15:35:30,2026-09-07
sz002162,悦心健康,4.05,0.03,0.746,4.05,4.06,4.02,4.01,4.07,4.01,6620230.0,26803194.0,15:35:45,2026-09-07
sz002163,海南发展,8.91,-0.2,-2.195,8.91,8.92,9.11,9.02,9.07,8.81,39293680.0,350436615.0,15:35:00,2026-09-07
sz002164,宁波东力,10.89,0.16,1.491,10.88,10.89,10.73,10.65,11.15,10.65,8224793.0,89757970.0,15:35:15,2026-09-07
sz002165,红 宝 丽,8.12,0.35,4.505,8.12,8.13,7.77,7.89,8.2,7.76,106895294.0,860634513.0,15:35:30,2026-09-07
sz002166,莱茵生物,6.87,0.1,1.477,6.86,6.87,6.77,6.76,6.87,6.76,7526268.0,51486618.0,15:35:45,2026-09-07
sz002167,东方锆业,15.44,0.2,1.312,15.43,15.44,15.24,15.3,15.53,15.05,30537260.0,468341996.0,15:35:00,2026-09-07
sz002168,ST惠程,3.77,-0.01,-0.265,3.77,3.78,3.78,3.8,3.82,3.72,3270600.0,12368773.0,15:35:15,2026-09-07
sz002169,智光电气,12.5,-0.02,-0.16,12.49,12.5,12.52,12.45,12.58,12.37,14514800.0,181406530.0,15:35:30,2026-09-07
sz002170,芭田股份,11.72,-0.01,-0.085,11.72,11.73,11.73,11.79,11.79,11.6,18546500.0,216730097.0,15:35:45,2026-09-07
sz002171,楚江新材,10.2,-0.1,-0.971,10.2,10.21,10.3,10.29,10.29,10.1,43519501.0,442503069.0,15:35:00,2026-09-07
sz002172,澳洋健康,4.63,0.42,9.976,4.63,0.0,4.21,4.2,4.63,4.12,122751943.0,544855968.0,15:35:15,2026-09-07
sz002173,创新医疗,18.37,-0.03,-0.163,18.37,18.38,18.4,18.41,18.42,18.0,16366220.0,298379750.0,15:35:30,2026-09-07
sz002174,游族网络,12.22,0.04,0.328,12.21,12.22,12.18,12.2,12.38,12.02,29744665.0,363003856.0,15:35:45,2026-09-07
sz002175,*ST东智,2.58,-0.02,-0.769,2.58,2.59,2.6,2.6,2.62,2.57,12115500.0,31335348.0,15:35:00,2026-09-07
sz002176,江特电机,8.89,0.18,2.067,8.89,8.9,8.71,8.73,8.97,8.6,42285769.0,371371029.0,15:35:15,2026-09-07
sz002177,御银股份,6.0,-0.13,-2.121,5.99,6.0,6.13,6.06,6.13,5.95,42077319.0,253193554.0,15:35:30,2026-09-07
sz002178,延华智能,4.7,0.01,0.213,4.7,4.71,4.69,4.66,4.74,4.66,7991200.0,37594004.0,15:35:45,2026-09-07
sz002179,中航光电,34.15,-0.07,-0.205,34.15,34.16,34.22,34.25,34.39,33.89,15338604.0,522795452.0,15:35:00,2026-09-07
sz002180,奔图科技,16.7,-0.07,-0.417,16.7,16.71,16.77,16.83,16.91,16.51,8804351.0,146648841.0,15:35:15,2026-09-07
sz002181,粤 传 媒,9.79,0.29,3.053,9.79,9.8,9.5,9.41,9.8,9.35,91031877.0,878072949.0,15:35:30,2026-09-07
sz002182,宝武镁业,12.18,0.18,1.5,12.18,12.19,12.0,11.97,12.32,11.92,12276930.0,148972626.0,15:35:45,2026-09-07
sz002183,怡 亚 通,4.36,0.01,0.23,4.36,4.37,4.35,4.34,4.4,4.33,26679800.0,116569568.0,15:35:00,2026-09-07
sz002184,海得控制,10.04,0.02,0.2,10.03,10.04,10.02,9.98,10.13,9.98,2799400.0,28205067.0,15:35:15,2026-09-07
sz002185,华天科技,16.08,0.51,3.276,16.07,16.08,15.57,15.88,16.13,15.75,165898126.0,2652181699.0,15:35:30,2026-09-07
sz002186,全 聚 德,10.15,0.19,1.908,10.14,10.15,9.96,10.17,10.2,9.93,12366850.0,124498833.0,15:35:45,2026-09-07
sz002187,广百股份,5.93,0.18,3.13,5.93,5.94,5.75,5.74,5.94,5.72,23584578.0,138839124.0,15:35:00,2026-09-07
sz002188,中天服务,5.65,0.07,1.254,5.65,5.66,5.58,5.57,5.69,5.56,8584700.0,48523622.0,15:35:15,2026-09-07
sz002189,中光学,19.4,-0.44,-2.218,19.39,19.4,19.84,19.78,19.84,19.31,3607973.0,70215886.0,15:35:30,2026-09-07
sz002190,成飞集成,26.09,0.32,1.242,26.08,26.09,25.77,25.9,26.35,25.4,9384954.0,242736934.0,15:35:45,2026-09-07
sz002191,劲嘉股份,3.63,-0.01,-0.275,3.62,3.63,3.64,3.66,3.66,3.61,9103100.0,33062687.0,15:35:00,2026-09-07
sz002192,融捷股份,64.89,-0.54,-0.825,64.89,64.9,65.43,65.38,65.5,64.05,10703926.0,694860016.0,15:35:15,2026-09-07
sz002193,ST如意,5.1,0.01,0.196,5.1,5.11,5.09,5.0,5.14,4.98,3831600.0,19427217.0,15:35:30,2026-09-07
sz002194,武汉凡谷,10.07,0.11,1.104,10.06,10.07,9.96,9.9,10.09,9.84,18465234.0,184753611.0,15:35:45,2026-09-07
sz002195,岩山科技,6.31,-0.06,-0.942,6.31,6.32,6.37,6.34,6.41,6.29,80863008.0,512326415.0,15:35:00,2026-09-07
sz002196,方正电机,10.9,0.02,0.184,10.89,10.9,10.88,10.9,11.01,10.79,27774085.0,302812914.0,15:35:15,2026-09-07
sz002197,证通电子,7.02,-0.05,-0.707,7.02,7.03,7.07,7.02,7.1,6.95,18214914.0,127929588.0,15:35:30,2026-09-07
sz002198,ST嘉应,3.88,0.14,3.743,3.88,3.89,3.74,3.75,3.93,3.72,17624800.0,68132186.0,15:35:45,2026-09-07
sz002199,东晶电子,12.3,0.23,1.906,12.3,12.31,12.07,12.15,12.55,12.02,4085500.0,50549153.0,15:35:00,2026-09-07
sz002200,交投生态,7.05,0.01,0.142,7.02,7.05,7.04,7.03,7.19,7.02,3284400.0,23206869.0,15:35:15,2026-09-07
sz002201,九鼎新材,9.05,-0.22,-2.373,9.04,9.05,9.27,9.23,9.3,8.96,45941511.0,416152511.0,15:35:30,2026-09-07
sz002202,金风科技,17.65,0.16,0.915,17.65,17.66,17.49,17.51,17.71,17.38,50862173.0,893477663.0,15:35:45,2026-09-07
sz002203,海亮股份,19.16,0.32,1.699,19.16,19.17,18.84,18.83,19.4,18.73,14354058.0,275614041.0,15:35:00,2026-09-07
sz002204,大连重工,5.19,0.02,0.387,5.19,5.2,5.17,5.18,5.21,5.15,13914630.0,72149608.0,15:35:15,2026-09-07
sz002205,国统股份,11.06,0.0,0.0,11.06,11.07,11.06,11.04,11.15,10.88,3546799.0,39241669.0,15:35:30,2026-09-07
sz002206,海 利 得,5.22,-0.05,-0.949,5.22,5.23,5.27,5.27,5.3,5.21,9713800.0,50899358.0,15:35:45,2026-09-07
sz002207,*ST准油,5.91,0.01,0.169,5.9,5.91,5.9,5.89,5.95,5.86,4761700.0,28143750.0,15:35:00,2026-09-07
sz002208,合肥城建,10.26,0.1,0.984,10.25,10.26,10.16,10.16,10.32,10.16,19899405.0,204079777.0,15:35:15,2026-09-07
sz002209,达 意 隆,13.4,-0.06,-0.446,13.37,13.4,13.46,13.53,13.54,13.31,5758001.0,77222028.0,15:35:30,2026-09-07
sz002210,飞马国际,2.28,0.01,0.441,2.28,2.29,2.27,2.27,2.3,2.25,36414500.0,82896364.0,15:35:45,2026-09-07
sz002211,ST宏达,3.93,0.03,0.769,3.93,3.94,3.9,3.91,3.95,3.88,3257200.0,12758284.0,15:35:00,2026-09-07
sz002212,天融信,6.65,0.0,0.0,6.65,6.66,6.65,6.58,6.66,6.45,63548044.0,414943512.0,15:35:15,2026-09-07
sz002213,大为股份,28.15,0.28,1.005,28.15,28.16,27.87,28.33,28.54,28.02,8091670.0,228901549.0,15:35:30,2026-09-07
sz002214,大立科技,16.67,0.02,0.12,16.67,16.68,16.65,16.66,17.18,16.53,8128200.0,137339400.0,15:35:45,2026-09-07
sz002215,诺 普 信,10.59,-0.03,-0.282,10.59,10.6,10.62,10.6,10.89,10.56,25750078.0,275116782.0,15:35:00,2026-09-07
sz002216,三全食品,12.02,0.07,0.586,12.02,12.03,11.95,11.95,12.04,11.81,6769306.0,80939407.0,15:35:15,2026-09-07
sz002217,ST合力泰,1.45,0.0,0.0,1.45,1.46,1.45,1.45,1.46,1.44,54514400.0,79113405.0,15:35:30,2026-09-07
sz002218,拓日新能,4.0,0.02,0.503,4.0,4.01,3.98,3.98,4.02,3.94,17448193.0,69474938.0,15:35:45,2026-09-07
sz002219,新里程,2.15,0.02,0.939,2.14,2.15,2.13,2.13,2.16,2.11,54005228.0,115730739.0,15:35:00,2026-09-07
sz002221,东华能源,5.87,0.04,0.686,5.87,5.88,5.83,5.84,5.9,5.79,14825567.0,86594315.0,15:35:15,2026-09-07
sz002222,福晶科技,68.29,3.89,6.04,68.28,68.3,64.4,65.29,68.58,64.49,21196667.0,1425144309.0,15:35:30,2026-09-07
sz002223,鱼跃医疗,25.55,-0.24,-0.931,25.55,25.56,25.79,25.8,25.9,25.48,5915800.0,151451453.0,15:35:45,2026-09-07
sz002224,三 力 士,3.97,0.15,3.927,3.96,3.97,3.82,3.9,4.2,3.9,64890000.0,263609655.0,15:35:00,2026-09-07
sz002225,濮耐股份,3.66,0.04,1.105,3.65,3.66,3.62,3.62,3.68,3.6,17295500.0,62913690.0,15:35:15,2026-09-07
sz002226,江南化工,5.11,-0.05,-0.969,5.11,5.12,5.16,5.14,5.17,5.1,12016060.0,61645428.0,15:35:30,2026-09-07
sz002227,*ST特迅,6.77,0.06,0.894,6.77,6.78,6.71,6.71,6.83,6.71,1396500.0,9463774.0,15:35:45,2026-09-07
sz002228,合兴包装,3.24,0.02,0.621,3.24,3.25,3.22,3.27,3.28,3.2,29288604.0,94658700.0,15:35:00,2026-09-07
sz002229,鸿博股份,12.37,0.3,2.486,12.37,12.38,12.07,12.08,12.42,12.03,54013040.0,664053450.0,15:35:15,2026-09-07
sz002230,科大讯飞,39.44,-0.06,-0.152,39.44,39.45,39.5,39.49,39.55,39.2,18797792.0,739687399.0,15:35:30,2026-09-07
sz002232,启明信息,14.53,-0.27,-1.824,14.53,14.54,14.8,14.75,14.9,14.5,4077400.0,59500061.0,15:35:45,2026-09-07
sz002233,塔牌集团,7.12,0.03,0.423,7.11,7.12,7.09,7.09,7.19,7.02,10227703.0,72770834.0,15:35:00,2026-09-07
sz002234,民和股份,8.52,0.18,2.158,8.52,8.53,8.34,8.34,8.57,8.32,8233700.0,69785113.0,15:35:15,2026-09-07
sz002235,安妮股份,8.68,-0.06,-0.686,8.68,8.69,8.74,8.51,8.9,8.45,24928466.0,215414314.0,15:35:30,2026-09-07
sz002236,大华股份,16.28,-0.03,-0.184,16.28,16.29,16.31,16.41,16.42,16.22,23143843.0,376990703.0,15:35:45,2026-09-07
sz002237,恒邦股份,14.5,-0.46,-3.075,14.5,14.51,14.96,14.88,14.89,14.5,24196801.0,354507551.0,15:35:00,2026-09-07
sz002238,天威视讯,6.7,0.09,1.362,6.68,6.7,6.61,6.58,6.72,6.58,6239620.0,41439490.0,15:35:15,2026-09-07
sz002239,奥特佳,2.55,0.0,0.0,2.54,2.55,2.55,2.55,2.57,2.53,35294602.0,90075282.0,15:35:30,2026-09-07
sz002240,盛新锂能,29.26,-0.21,-0.713,29.26,29.27,29.47,29.45,29.5,28.95,20745405.0,606538205.0,15:35:45,2026-09-07
sz002241,歌尔股份,23.6,0.19,0.812,23.59,23.6,23.41,23.6,23.79,23.34,58046293.0,1369398807.0,15:35:00,2026-09-07
sz002242,九阳股份,8.59,0.23,2.751,8.59,8.6,8.36,8.51,8.81,8.37,8466475.0,73043223.0,15:35:15,2026-09-07
sz002243,力合科创,7.47,0.09,1.22,7.47,7.48,7.38,7.38,7.51,7.35,9181185.0,68247170.0,15:35:30,2026-09-07
sz002244,滨江集团,8.56,-0.17,-1.947,8.55,8.56,8.73,8.68,8.73,8.47,36155400.0,309171107.0,15:35:45,2026-09-07
sz002245,蔚蓝锂芯,18.23,1.37,8.126,18.22,18.23,16.86,16.86,18.29,16.86,99574124.0,1775477202.0,15:35:00,2026-09-07
sz002246,北化股份,21.48,0.13,0.609,21.48,21.49,21.35,21.24,21.68,21.18,11368991.0,243956843.0,15:35:15,2026-09-07
sz002247,聚力文化,2.48,0.02,0.813,2.48,2.49,2.46,2.46,2.5,2.44,18230300.0,45168960.0,15:35:30,2026-09-07
sz002248,华东数控,10.03,0.33,3.402,10.02,10.03,9.7,9.7,10.09,9.65,18393994.0,182892791.0,15:35:45,2026-09-07
sz002249,大洋电机,6.71,0.05,0.751,6.71,6.72,6.66,6.66,6.81,6.61,37559638.0,252151083.0,15:35:00,2026-09-07
sz002250,联化科技,14.84,-0.57,-3.699,14.84,14.85,15.41,15.43,15.47,14.76,19646300.0,293418271.0,15:35:15,2026-09-07
sz002251,步步高,3.93,0.13,3.421,3.93,3.94,3.8,3.8,3.97,3.79,147848823.0,579057858.0,15:35:30,2026-09-07
sz002252,上海莱士,4.94,0.02,0.407,4.94,4.95,4.92,4.94,4.96,4.91,30592436.0,151116622.0,15:35:45,2026-09-07
sz002253,川大智胜,10.44,0.0,0.0,10.44,10.45,10.44,10.52,10.59,10.35,5292000.0,55218344.0,15:35:00,2026-09-07
sz002254,泰和新材,12.62,-0.11,-0.864,12.62,12.64,12.73,12.71,12.8,12.59,12860860.0,163069901.0,15:35:15,2026-09-07
sz002255,海陆重工,7.88,-0.01,-0.127,7.87,7.88,7.89,7.9,7.94,7.83,5829400.0,45960959.0,15:35:30,2026-09-07
sz002256,兆新股份,3.34,0.04,1.212,3.34,3.35,3.3,3.29,3.38,3.28,31745087.0,106255355.0,15:35:45,2026-09-07
sz002258,利尔化学,14.96,0.1,0.673,14.95,14.96,14.86,14.9,15.06,14.55,30923110.0,458711023.0,15:35:00,2026-09-07
sz002259,升达林业,4.28,0.01,0.234,4.28,4.29,4.27,4.29,4.31,4.2,7551260.0,32190961.0,15:35:15,2026-09-07
sz002261,拓维信息,25.88,0.4,1.57,25.87,25.88,25.48,25.81,25.94,25.46,31310732.0,807282008.0,15:35:30,2026-09-07
sz002262,恩华药业,22.09,-0.47,-2.083,22.09,22.11,22.56,22.48,22.68,22.0,7826671.0,173976305.0,15:35:45,2026-09-07
sz002263,大东南,3.17,0.02,0.635,3.16,3.17,3.15,3.14,3.18,3.13,28381300.0,89750570.0,15:35:00,2026-09-07
sz002264,新 华 都,7.01,0.09,1.301,7.0,7.01,6.92,6.85,7.03,6.85,22734900.0,158219131.0,15:35:15,2026-09-07
sz002265,建设工业,20.8,-0.65,-3.03,20.8,20.81,21.45,21.45,21.6,20.76,25572353.0,536123562.0,15:35:30,2026-09-07
sz002266,浙富控股,4.75,-0.12,-2.464,4.75,4.76,4.87,4.87,4.87,4.74,75069957.0,358795070.0,15:35:45,2026-09-07
sz002267,陕天然气,7.35,0.02,0.273,7.34,7.35,7.33,7.34,7.38,7.27,7582200.0,55688274.0,15:35:00,2026-09-07
sz002268,电科网安,14.03,-0.19,-1.336,14.03,14.05,14.22,14.15,14.28,13.95,7536064.0,105953891.0,15:35:15,2026-09-07
sz002269,美邦服饰,1.49,0.02,1.361,1.48,1.49,1.47,1.47,1.5,1.46,40224600.0,59836012.0,15:35:30,2026-09-07
sz002270,华明装备,19.55,0.43,2.249,19.55,19.56,19.12,19.26,19.68,18.97,13734231.0,267233064.0,15:35:45,2026-09-07
sz002271,东方雨虹,10.84,-0.16,-1.455,10.83,10.84,11.0,10.95,10.99,10.76,46694827.0,506290139.0,15:35:00,2026-09-07
sz002272,川润股份,17.01,0.12,0.71,17.0,17.01,16.89,17.15,17.18,16.7,21860421.0,370994075.0,15:35:15,2026-09-07
sz002273,水晶光电,25.79,0.9,3.616,25.79,25.8,24.89,24.98,26.13,24.93,35684506.0,914128427.0,15:35:30,2026-09-07
sz002274,华昌化工,6.08,-0.04,-0.654,6.07,6.08,6.12,5.98,6.09,5.92,46292044.0,279089728.0,15:35:45,2026-09-07
sz002275,桂林三金,12.35,-0.01,-0.081,12.32,12.35,12.36,12.36,12.36,12.27,1582742.0,19495573.0,15:35:00,2026-09-07
sz002276,万马股份,10.28,-0.12,-1.154,10.27,10.28,10.4,10.35,10.37,10.25,10097402.0,104061871.0,15:35:15,2026-09-07
sz002277,友阿股份,6.07,0.05,0.831,6.06,6.07,6.02,5.96,6.11,5.94,22038400.0,133575748.0,15:35:30,2026-09-07
sz002278,神开股份,8.29,-0.05,-0.6,8.29,8.3,8.34,8.33,8.34,8.12,16495429.0,135969169.0,15:35:45,2026-09-07
sz002279,久其软件,7.05,-0.09,-1.261,7.05,7.06,7.14,7.13,7.14,7.01,35065581.0,247883909.0,15:35:00,2026-09-07
sz002281,光迅科技,184.47,16.77,10.0,184.47,0.0,167.7,173.1,184.47,173.1,42804672.0,7691316761.0,15:35:15,2026-09-07
sz002282,博深股份,6.2,0.04,0.649,6.19,6.2,6.16,6.18,6.24,6.15,2676600.0,16574372.0,15:35:30,2026-09-07
sz002283,天润工业,8.27,0.1,1.224,8.27,8.28,8.17,8.2,8.33,8.08,13377482.0,110008604.0,15:35:45,2026-09-07
sz002284,亚太股份,10.15,-0.1,-0.976,10.15,10.16,10.25,10.25,10.29,10.07,25059215.0,254250335.0,15:35:00,2026-09-07
sz002285,世联行,2.36,-0.01,-0.422,2.35,2.36,2.37,2.31,2.42,2.31,98862040.0,234030460.0,15:35:15,2026-09-07
sz002286,保龄宝,8.41,0.24,2.938,8.41,8.42,8.17,8.12,8.45,8.12,9597200.0,80340486.0,15:35:30,2026-09-07
sz002287,奇正藏药,19.91,0.01,0.05,19.91,19.93,19.9,19.93,20.04,19.85,1002289.0,19989884.0,15:35:45,2026-09-07
sz002289,宇顺电子,36.39,0.73,2.047,36.37,36.39,35.66,35.6,37.98,35.6,4473400.0,164250243.0,15:35:00,2026-09-07
sz002290,禾盛新材,68.05,6.19,10.006,68.05,0.0,61.86,62.0,68.05,62.0,12121999.0,802481825.0,15:35:15,2026-09-07
sz002291,遥望科技,5.82,0.04,0.692,5.81,5.82,5.78,5.73,5.84,5.73,36762700.0,212814678.0,15:35:30,2026-09-07
sz002292,奥飞娱乐,8.65,0.17,2.005,8.65,8.66,8.48,8.46,8.73,8.42,52990132.0,454700397.0,15:35:45,2026-09-07
sz002293,罗莱生活,11.21,-0.13,-1.146,11.2,11.21,11.34,11.34,11.38,11.11,4089780.0,45771094.0,15:35:00,2026-09-07
sz002294,信立泰,31.32,-0.1,-0.318,31.31,31.32,31.42,31.23,31.35,31.02,6780286.0,211368103.0,15:35:15,2026-09-07
sz002295,精艺股份,9.57,-0.16,-1.644,9.56,9.57,9.73,9.62,9.71,9.5,10008699.0,95836765.0,15:35:30,2026-09-07
sz002296,辉煌科技,9.09,0.03,0.331,9.09,9.1,9.06,9.12,9.13,9.0,4891100.0,44357420.0,15:35:45,2026-09-07
sz002297,博云新材,20.84,-0.48,-2.251,20.83,20.84,21.32,21.23,21.36,20.5,102074426.0,2130924043.0,15:35:00,2026-09-07
sz002298,中电鑫龙,8.4,-0.22,-2.552,8.4,8.41,8.62,8.54,8.55,8.3,35095476.0,294422056.0,15:35:15,2026-09-07
sz002299,圣农发展,17.25,-0.02,-0.116,17.24,17.25,17.27,17.18,17.33,16.98,12813482.0,219943135.0,15:35:30,2026-09-07
sz002300,太阳电缆,8.0,-0.03,-0.374,7.99,8.0,8.03,7.95,8.14,7.89,74154847.0,593197179.0,15:35:45,2026-09-07
sz002301,齐心集团,8.05,0.06,0.751,8.04,8.05,7.99,7.99,8.12,7.94,10938997.0,88183791.0,15:35:00,2026-09-07
sz002302,西部建设,4.78,0.0,0.0,4.77,4.78,4.78,4.79,4.81,4.75,5090900.0,24349929.0,15:35:15,2026-09-07
sz002303,美盈森,5.25,0.04,0.768,5.24,5.25,5.21,5.23,5.27,5.17,29155900.0,152246205.0,15:35:30,2026-09-07
sz002304,洋河股份,39.5,-0.09,-0.227,39.5,39.51,39.59,39.55,39.74,39.19,4212189.0,165816028.0,15:35:45,2026-09-07
sz002305,*ST南置,2.09,-0.01,-0.476,2.09,2.1,2.1,2.09,2.11,2.08,11242900.0,23559753.0,15:35:00,2026-09-07
sz002306,ST云网,2.33,-0.04,-1.688,2.32,2.33,2.37,2.4,2.5,2.3,31134700.0,75332585.0,15:35:15,2026-09-07
sz002307,北新路桥,3.13,0.06,1.954,3.12,3.13,3.07,3.1,3.15,3.07,33331581.0,104194150.0,15:35:30,2026-09-07
sz002309,中利集团,3.0,0.01,0.334,3.0,3.01,2.99,2.98,3.01,2.96,62964361.0,188488873.0,15:35:45,2026-09-07
sz002310,东方新能,2.31,0.01,0.435,2.31,2.32,2.3,2.3,2.32,2.28,39651565.0,91480663.0,15:35:00,2026-09-07
sz002311,海大集团,44.3,-0.32,-0.717,44.3,44.31,44.62,44.15,44.47,43.01,14311706.0,628557225.0,15:35:15,2026-09-07
sz002312,川发龙蟒,8.49,0.0,0.0,8.49,8.5,8.49,8.48,8.59,8.46,17395819.0,148212632.0,15:35:30,2026-09-07
sz002313,日海智能,8.64,0.05,0.582,8.64,8.65,8.59,8.59,8.73,8.56,5976869.0,51618258.0,15:35:45,2026-09-07
sz002314,南山控股,2.25,0.01,0.446,2.25,2.26,2.24,2.24,2.26,2.21,19707502.0,44270325.0,15:35:00,2026-09-07
sz002315,焦点科技,26.01,-0.45,-1.701,26.01,26.02,26.46,26.71,26.85,25.83,11827090.0,309642837.0,15:35:15,2026-09-07
sz002316,亚联发展,4.5,0.06,1.351,4.49,4.5,4.44,4.42,4.53,4.4,9824094.0,43953888.0,15:35:30,2026-09-07
sz002317,众生药业,25.03,0.39,1.583,25.03,25.04,24.64,24.5,25.29,24.46,15852200.0,396813935.0,15:35:45,2026-09-07
sz002318,久立特材,19.11,-0.67,-3.387,19.11,19.12,19.78,19.67,19.88,18.8,18123936.0,348529941.0,15:35:00,2026-09-07
sz002319,乐通股份,10.59,-0.03,-0.282,10.59,10.6,10.62,10.64,10.74,10.49,7642800.0,80873043.0,15:35:15,2026-09-07
sz002320,海峡股份,7.07,-0.02,-0.282,7.07,7.08,7.09,7.1,7.29,7.04,70310902.0,501864568.0,15:35:30,2026-09-07
sz002321,华英农业,2.21,0.07,3.271,2.21,2.22,2.14,2.15,2.22,2.13,61915900.0,135861861.0,15:35:45,2026-09-07
sz002322,理工能科,12.75,-0.01,-0.078,12.74,12.75,12.76,12.71,12.77,12.6,6094304.0,77281901.0,15:35:00,2026-09-07
sz002323,*ST雅博,1.27,0.01,0.794,1.26,1.27,1.26,1.27,1.27,1.26,12941800.0,16367228.0,15:35:15,2026-09-07
sz002324,普利特,9.44,0.43,4.772,9.43,9.44,9.01,9.03,9.7,8.97,42691483.0,399208280.0,15:35:30,2026-09-07
sz002326,永太科技,17.8,0.16,0.907,17.8,17.81,17.64,17.68,17.86,17.5,12550578.0,222884688.0,15:35:45,2026-09-07
sz002327,富安娜,6.37,0.07,1.111,6.36,6.37,6.3,6.3,6.37,6.27,6400500.0,40540222.0,15:35:00,2026-09-07
sz002328,新朋股份,9.56,-0.4,-4.016,9.55,9.56,9.96,9.84,9.95,9.41,113963267.0,1090458697.0,15:35:15,2026-09-07
sz002329,皇氏集团,4.04,0.15,3.856,4.04,4.05,3.89,3.89,4.04,3.89,38905300.0,155306903.0,15:35:30,2026-09-07
sz002330,得利斯,4.36,0.1,2.347,4.36,4.37,4.26,4.23,4.37,4.23,17616940.0,76219543.0,15:35:45,2026-09-07
sz002331,皖通科技,7.19,0.11,1.554,7.18,7.19,7.08,7.08,7.23,7.08,5941800.0,42575925.0,15:35:00,2026-09-07
sz002332,仙琚制药,8.64,-0.04,-0.461,8.64,8.65,8.68,8.68,8.72,8.63,10549600.0,91457148.0,15:35:15,2026-09-07
sz002333,罗普斯金,5.55,0.09,1.648,5.55,5.56,5.46,5.45,5.6,5.44,8206200.0,45303137.0,15:35:30,2026-09-07
sz002334,英威腾,6.71,-0.03,-0.445,6.71,6.72,6.74,6.68,6.76,6.68,12822408.0,86081245.0,15:35:45,2026-09-07
sz002335,科华数据,30.91,0.85,2.828,30.9,30.91,30.06,30.66,30.95,30.31,18657062.0,572909223.0,15:35:00,2026-09-07
sz002337,赛象科技,4.75,0.02,0.423,4.74,4.75,4.73,4.75,4.78,4.69,6199900.0,29424724.0,15:35:15,2026-09-07
sz002338,奥普光电,41.06,0.51,1.258,41.06,41.12,40.55,40.77,41.46,40.52,2884006.0,118297978.0,15:35:30,2026-09-07
sz002339,积成电子,7.57,0.02,0.265,7.56,7.57,7.55,7.6,7.6,7.5,6608752.0,49907715.0,15:35:45,2026-09-07
sz002340,格林美,6.41,-0.05,-0.774,6.41,6.42,6.46,6.42,6.44,6.36,53903379.0,345131034.0,15:35:00,2026-09-07
sz002342,巨力索具,7.74,-0.11,-1.401,7.74,7.75,7.85,7.89,7.9,7.74,27260500.0,212145034.0,15:35:15,2026-09-07
sz002343,慈文传媒,5.63,0.12,2.178,5.63,5.64,5.51,5.51,5.66,5.49,13399492.0,74682714.0,15:35:30,2026-09-07
sz002344,海宁皮城,4.09,0.02,0.491,4.09,4.1,4.07,4.06,4.1,4.03,6803593.0,27743837.0,15:35:45,2026-09-07
sz002345,潮宏基,9.36,-0.31,-3.206,9.36,9.37,9.67,9.53,9.65,9.33,27018200.0,254479787.0,15:35:00,2026-09-07
sz002346,柘中股份,18.83,0.2,1.074,18.83,18.84,18.63,18.68,18.98,18.5,5267413.0,98887181.0,15:35:15,2026-09-07
sz002347,泰尔股份,6.26,0.05,0.805,6.26,6.28,6.21,6.2,6.31,6.18,15269100.0,95452426.0,15:35:30,2026-09-07
sz002348,高乐股份,10.74,-0.1,-0.923,10.73,10.74,10.84,10.91,10.95,10.7,10487400.0,113299668.0,15:35:45,2026-09-07
sz002349,精华制药,7.65,-0.01,-0.131,7.65,7.66,7.66,7.6,7.66,7.5,36028085.0,272333502.0,15:35:00,2026-09-07
sz002350,北京科锐,14.54,-0.04,-0.274,14.53,14.54,14.58,14.58,14.78,14.2,9253809.0,133159109.0,15:35:15,2026-09-07
sz002351,漫步者,10.11,-0.03,-0.296,10.11,10.12,10.14,10.14,10.18,10.07,6346044.0,64299411.0,15:35:30,2026-09-07
sz002352,顺丰控股,31.75,-0.47,-1.459,31.75,31.76,32.22,32.15,32.3,31.61,22929690.0,728463281.0,15:35:45,2026-09-07
sz002353,杰瑞股份,125.36,-0.06,-0.048,125.36,125.39,125.42,127.5,127.7,123.58,21582914.0,2714855243.0,15:35:00,2026-09-07
sz002354,天娱数科,8.43,-0.02,-0.237,8.43,8.44,8.45,8.37,8.62,8.35,511361416.0,4321883754.0,15:35:15,2026-09-07
sz002355,兴民智通,4.92,-0.03,-0.606,4.91,4.92,4.95,4.93,4.95,4.86,11665300.0,57339641.0,15:35:30,2026-09-07
sz002356,鹏飞绿能,2.85,0.04,1.423,2.84,2.85,2.81,2.79,2.86,2.78,15580100.0,44123954.0,15:35:45,2026-09-07
sz002357,富临运业,11.45,0.15,1.327,11.44,11.45,11.3,11.31,11.45,11.18,5663500.0,64296856.0,15:35:00,2026-09-07
sz002358,森源电气,5.36,-0.02,-0.372,5.36,5.37,5.38,5.38,5.41,5.31,8937500.0,47825153.0,15:35:15,2026-09-07
sz002360,ST同德,5.62,-0.1,-1.748,5.61,5.62,5.72,5.69,5.69,5.6,4281200.0,24081403.0,15:35:30,2026-09-07
sz002361,神剑股份,10.36,-0.24,-2.264,10.36,10.37,10.6,10.49,10.55,10.3,73846585.0,766044734.0,15:35:45,2026-09-07
sz002362,汉王科技,16.22,0.05,0.309,16.21,16.22,16.17,16.05,16.27,16.05,3248890.0,52522352.0,15:35:00,2026-09-07
sz002363,隆基机械,6.9,-0.01,-0.145,6.9,6.91,6.91,6.9,6.95,6.86,3773930.0,26027942.0,15:35:15,2026-09-07
sz002364,中恒电气,38.35,0.91,2.431,38.35,38.36,37.44,38.37,38.78,37.2,36085444.0,1369793710.0,15:35:30,2026-09-07
sz002365,永安药业,14.62,0.28,1.953,14.62,14.63,14.34,14.38,14.83,14.08,24999303.0,360008047.0,15:35:45,2026-09-07
sz002366,融发核电,5.95,0.11,1.884,5.94,5.95,5.84,5.88,5.99,5.82,36507262.0,214947578.0,15:35:00,2026-09-07
sz002367,康力电梯,5.76,0.01,0.174,5.76,5.77,5.75,5.75,5.84,5.67,7884200.0,45309364.0,15:35:15,2026-09-07
sz002368,太极股份,13.92,-0.28,-1.972,13.92,13.94,14.2,14.2,14.37,13.89,9671960.0,135334870.0,15:35:30,2026-09-07
sz002369,卓翼科技,6.18,0.0,0.0,6.17,6.18,6.18,6.2,6.26,6.15,11006924.0,68169884.0,15:35:45,2026-09-07
sz002370,亚太药业,5.4,0.01,0.186,5.39,5.4,5.39,5.38,5.42,5.35,8693500.0,46886452.0,15:35:00,2026-09-07
sz002371,北方华创,660.65,22.48,3.523,660.65,660.66,638.17,652.21,667.86,652.02,8058141.0,5314211740.0,15:35:15,2026-09-07
sz002372,伟星新材,8.53,-0.14,-1.615,8.53,8.55,8.67,8.62,8.68,8.49,8051916.0,68846608.0,15:35:30,2026-09-07
sz002373,千方科技,7.64,-0.11,-1.419,7.64,7.65,7.75,7.72,7.79,7.63,12777783.0,98006103.0,15:35:45,2026-09-07
sz002374,中锐股份,3.14,0.02,0.641,3.13,3.14,3.12,3.11,3.15,3.1,11349925.0,35534902.0,15:35:00,2026-09-07
sz002375,亚厦股份,3.86,0.03,0.783,3.86,3.87,3.83,3.85,3.88,3.82,12309903.0,47464647.0,15:35:15,2026-09-07
sz002376,新北洋,6.64,-0.04,-0.599,6.63,6.64,6.68,6.67,6.7,6.61,8412557.0,55920342.0,15:35:30,2026-09-07
sz002377,国创高新,2.74,-0.01,-0.364,2.74,2.75,2.75,2.74,2.77,2.73,18394900.0,50563809.0,15:35:45,2026-09-07
sz002378,章源钨业,23.99,0.29,1.224,23.98,23.99,23.7,23.62,24.1,23.48,13423699.0,321014761.0,15:35:00,2026-09-07
sz002379,宏桥控股,18.61,-0.33,-1.742,18.61,18.62,18.94,18.77,18.84,18.38,32636834.0,605881739.0,15:35:15,2026-09-07
sz002380,科远智慧,28.25,-0.92,-3.154,28.25,28.27,29.17,29.13,29.32,28.12,5953447.0,169036129.0,15:35:30,2026-09-07
sz002381,双箭股份,5.6,0.0,0.0,5.6,5.62,5.6,5.61,5.63,5.51,3741582.0,20942889.0,15:35:45,2026-09-07
sz002382,蓝帆医疗,5.9,-0.05,-0.84,5.9,5.91,5.95,5.94,5.98,5.88,9107754.0,53965132.0,15:35:00,2026-09-07
sz002383,合众思壮,7.1,-0.08,-1.114,7.09,7.1,7.18,7.2,7.21,7.08,6415500.0,45640409.0,15:35:15,2026-09-07
sz002384,东山精密,190.55,11.88,6.649,190.55,190.56,178.67,185.01,191.22,182.13,73179215.0,13688993797.0,15:35:30,2026-09-07
sz002385,大北农,3.5,0.04,1.156,3.49,3.5,3.46,3.49,3.58,3.46,194227571.0,679692469.0,15:35:45,2026-09-07
sz002386,天原股份,5.87,0.01,0.171,5.86,5.87,5.86,5.86,5.88,5.79,12549114.0,73246017.0,15:35:00,2026-09-07
sz002387,维信诺,7.06,0.04,0.57,7.06,7.07,7.02,7.14,7.16,7.01,9273118.0,65462971.0,15:35:15,2026-09-07
sz002388,新亚制程,6.45,0.26,4.2,6.44,6.45,6.19,6.29,6.54,6.05,34314900.0,218456160.0,15:35:30,2026-09-07
sz002389,航天彩虹,19.1,0.12,0.632,19.09,19.1,18.98,18.85,19.4,18.66,21455905.0,408671567.0,15:35:45,2026-09-07
sz002390,信邦制药,3.01,0.01,0.333,3.01,3.02,3.0,3.01,3.03,3.0,13897505.0,41870647.0,15:35:00,2026-09-07
sz002391,长青股份,5.39,0.02,0.372,5.38,5.39,5.37,5.34,5.46,5.34,6744321.0,36284814.0,15:35:15,2026-09-07
sz002392,北京利尔,7.81,-0.06,-0.762,7.81,7.82,7.87,7.85,7.93,7.67,12660010.0,98577867.0,15:35:30,2026-09-07
sz002393,力生制药,13.97,-0.01,-0.072,13.97,13.98,13.98,13.98,14.07,13.94,1290755.0,18047968.0,15:35:45,2026-09-07
sz002394,联发股份,10.82,0.05,0.464,10.81,10.82,10.77,10.81,10.93,10.7,3507900.0,37914144.0,15:35:00,2026-09-07
sz002395,双象股份,13.32,0.12,0.909,13.31,13.32,13.2,13.24,13.4,13.17,5430091.0,72181788.0,15:35:15,2026-09-07
sz002396,星网锐捷,38.14,1.13,3.053,38.14,38.15,37.01,36.8,38.67,36.28,101573533.0,3817557429.0,15:35:30,2026-09-07
sz002397,梦洁股份,3.9,0.0,0.0,3.9,3.91,3.9,3.9,3.93,3.81,24108900.0,93521367.0,15:35:45,2026-09-07
sz002398,垒知集团,4.25,0.01,0.236,4.25,4.26,4.24,4.24,4.27,4.22,10640795.0,45225211.0,15:35:00,2026-09-07
sz002399,海普瑞,9.84,0.01,0.102,9.83,9.84,9.83,9.79,9.86,9.74,4028348.0,39520837.0,15:35:15,2026-09-07
sz002400,省广集团,6.8,0.06,0.89,6.8,6.81,6.74,6.72,6.83,6.7,70928687.0,480457970.0,15:35:30,2026-09-07
sz002401,中远海科,12.37,-0.07,-0.563,12.37,12.38,12.44,12.4,12.52,12.3,2978201.0,36894717.0,15:35:45,2026-09-07
sz002402,和而泰,18.86,0.04,0.213,18.85,18.86,18.82,18.82,18.99,18.76,13394003.0,252548862.0,15:35:00,2026-09-07
sz002403,爱仕达,12.41,1.13,10.018,12.41,0.0,11.28,12.3,12.41,11.07,40027335.0,473560152.0,15:35:15,2026-09-07
sz002404,嘉欣丝绸,5.86,-0.01,-0.17,5.86,5.87,5.87,5.85,5.92,5.84,7007251.0,41204425.0,15:35:30,2026-09-07
sz002405,四维图新,6.27,-0.06,-0.948,6.27,6.28,6.33,6.32,6.37,6.26,33816763.0,212789740.0,15:35:45,2026-09-07
sz002406,远东传动,6.76,-0.08,-1.17,6.75,6.76,6.84,6.81,6.83,6.71,11582400.0,78284915.0,15:35:00,2026-09-07
sz002407,多氟多,33.3,0.5,1.524,33.29,33.3,32.8,32.81,33.68,32.51,61106815.0,2028985304.0,15:35:15,2026-09-07
sz002408,齐翔腾达,5.42,-0.02,-0.368,5.42,5.43,5.44,5.57,5.73,5.41,30841824.0,170425325.0,15:35:30,2026-09-07
sz002409,雅克科技,131.0,4.38,3.459,131.0,131.01,126.62,128.72,131.99,128.0,13749782.0,1790352859.0,15:35:45,2026-09-07
sz002410,广联达,8.81,-0.05,-0.564,8.81,8.82,8.86,8.85,8.98,8.8,24683420.0,219056786.0,15:35:00,2026-09-07
sz002412,汉森制药,9.74,0.06,0.62,9.73,9.74,9.68,9.55,9.79,9.5,49707327.0,481446391.0,15:35:15,2026-09-07
sz002413,雷科防务,8.06,-0.06,-0.739,8.06,8.07,8.12,8.09,8.14,8.03,25132036.0,202759728.0,15:35:30,2026-09-07
sz002414,高德红外,12.49,-0.05,-0.399,12.49,12.5,12.54,12.55,12.6,12.38,43250777.0,539286409.0,15:35:45,2026-09-07
sz002415,海康威视,34.87,0.0,0.0,34.86,34.87,34.87,34.89,35.18,34.44,42722312.0,1483707867.0,15:35:00,2026-09-07
sz002416,爱施德,9.69,0.16,1.679,9.69,9.7,9.53,9.5,9.77,9.49,16381060.0,158340814.0,15:35:15,2026-09-07
sz002418,康盛股份,5.33,0.12,2.303,5.33,5.34,5.21,5.1,5.39,5.0,222050654.0,1162939510.0,15:35:30,2026-09-07
sz002419,天虹股份,4.88,0.1,2.092,4.88,4.89,4.78,4.75,4.89,4.75,17870547.0,86645165.0,15:35:45,2026-09-07
sz002420,毅昌科技,6.16,0.01,0.163,6.16,6.17,6.15,6.18,6.23,6.12,6109682.0,37766641.0,15:35:00,2026-09-07
sz002421,达实智能,3.38,0.0,0.0,3.37,3.38,3.38,3.38,3.4,3.32,99641561.0,335727682.0,15:35:15,2026-09-07
sz002422,科伦药业,41.54,-0.38,-0.906,41.54,41.55,41.92,41.93,41.98,41.15,11017700.0,457974558.0,15:35:30,2026-09-07
sz002423,中粮资本,9.7,-0.13,-1.322,9.7,9.71,9.83,9.75,9.86,9.67,18296269.0,178117210.0,15:35:45,2026-09-07
sz002424,ST百灵,4.64,0.05,1.089,4.63,4.64,4.59,4.59,4.67,4.58,7604000.0,35229659.0,15:35:00,2026-09-07
sz002425,凯撒文化,3.44,0.03,0.88,3.44,3.45,3.41,3.36,3.47,3.36,49352800.0,169394558.0,15:35:15,2026-09-07
sz002426,胜利精密,2.7,0.03,1.124,2.7,2.71,2.67,2.67,2.73,2.66,56424478.0,152733784.0,15:35:30,2026-09-07
sz002427,尤夫股份,4.98,0.06,1.22,4.97,4.98,4.92,4.94,5.0,4.9,17150842.0,85087396.0,15:35:45,2026-09-07
sz002428,云南锗业,92.0,4.91,5.638,91.99,92.0,87.09,88.78,92.55,88.2,52530236.0,4761641386.0,15:35:00,2026-09-07
sz002429,兆驰股份,7.96,0.11,1.401,7.95,7.96,7.85,7.89,8.03,7.89,40257197.0,320563641.0,15:35:15,2026-09-07
sz002430,杭氧股份,26.64,-0.65,-2.382,26.64,26.65,27.29,27.56,27.6,26.49,21339377.0,572176900.0,15:35:30,2026-09-07
sz002431,ST棕榈,1.39,0.0,0.0,1.38,1.39,1.39,1.38,1.4,1.37,10509789.0,14570520.0,15:35:45,2026-09-07
sz002432,九安医疗,69.6,2.0,2.959,69.59,69.6,67.6,67.28,70.5,66.6,21916242.0,1500079341.0,15:35:00,2026-09-07
sz002434,万里扬,5.82,0.0,0.0,5.82,5.83,5.82,5.8,5.87,5.78,8630200.0,50328635.0,15:35:15,2026-09-07
sz002436,兴森科技,36.75,3.34,9.997,36.75,0.0,33.41,34.08,36.75,33.95,109937074.0,3954318618.0,15:35:30,2026-09-07
sz002437,誉衡药业,3.95,0.01,0.254,3.94,3.95,3.94,3.87,4.01,3.8,326127498.0,1278396074.0,15:35:45,2026-09-07
sz002438,江苏神通,14.11,-0.42,-2.891,14.11,14.12,14.53,14.58,14.75,14.03,13521780.0,191793239.0,15:35:00,2026-09-07
sz002439,启明星辰,13.43,-0.07,-0.519,13.43,13.44,13.5,13.46,13.5,13.33,10479531.0,140536309.0,15:35:15,2026-09-07
sz002440,闰土股份,12.57,-0.73,-5.489,12.57,12.58,13.3,13.2,13.35,12.45,54160332.0,690469162.0,15:35:30,2026-09-07
sz002441,众业达,8.34,0.03,0.361,8.34,8.35,8.31,8.32,8.38,8.26,3318002.0,27642462.0,15:35:45,2026-09-07
sz002442,龙星科技,5.24,0.01,0.191,5.24,5.25,5.23,5.24,5.28,5.2,5088000.0,26681671.0,15:35:00,2026-09-07
sz002443,金洲管道,11.55,0.81,7.542,11.54,11.55,10.74,10.66,11.68,10.42,47047950.0,525270842.0,15:35:15,2026-09-07
sz002444,巨星科技,29.3,-1.25,-4.092,29.3,29.32,30.55,30.54,30.6,29.23,17840076.0,526772737.0,15:35:30,2026-09-07
sz002445,中南文化,3.22,0.04,1.258,3.21,3.22,3.18,3.19,3.23,3.16,67197625.0,214933911.0,15:35:45,2026-09-07
sz002446,盛路通信,8.07,-0.1,-1.224,8.06,8.07,8.17,8.16,8.22,8.04,18187953.0,147489290.0,15:35:00,2026-09-07
sz002448,中原内配,11.96,0.3,2.573,11.96,11.97,11.66,11.68,12.07,11.68,14865895.0,177351155.0,15:35:15,2026-09-07
sz002449,国星光电,6.58,0.05,0.766,6.57,6.58,6.53,6.53,6.6,6.5,7992714.0,52355952.0,15:35:30,2026-09-07
sz002451,摩恩电气,7.75,0.0,0.0,7.75,7.76,7.75,7.75,7.8,7.56,12034166.0,92360821.0,15:35:45,2026-09-07
sz002452,长高电气,12.22,0.41,3.472,12.22,12.23,11.81,11.78,12.3,11.77,27419966.0,333243143.0,15:35:00,2026-09-07
sz002453,华软科技,4.55,0.05,1.111,4.54,4.55,4.5,4.5,4.58,4.5,6889800.0,31285076.0,15:35:15,2026-09-07
sz002454,松芝股份,5.1,-0.01,-0.196,5.09,5.1,5.11,5.13,5.15,5.05,8615992.0,43975418.0,15:35:30,2026-09-07
sz002455,百川股份,7.74,0.03,0.389,7.73,7.74,7.71,7.62,7.79,7.62,19919307.0,153740005.0,15:35:45,2026-09-07
sz002456,欧菲光,7.53,0.02,0.266,7.53,7.54,7.51,7.55,7.57,7.43,58351681.0,437085706.0,15:35:00,2026-09-07
sz002457,青龙管业,12.12,0.06,0.498,12.12,12.13,12.06,12.1,12.33,11.87,32792425.0,396707994.0,15:35:15,2026-09-07
sz002458,益生股份,9.19,0.08,0.878,9.19,9.2,9.11,9.11,9.24,9.0,46198960.0,422998916.0,15:35:30,2026-09-07
sz002459,晶澳科技,6.86,0.13,1.932,6.86,6.87,6.73,6.74,6.86,6.7,31259430.0,212625742.0,15:35:45,2026-09-07
sz002460,赣锋锂业,48.86,-0.23,-0.469,48.85,48.86,49.09,48.21,49.06,48.09,23511008.0,1145929829.0,15:35:00,2026-09-07
sz002461,珠江啤酒,8.72,0.04,0.461,8.72,8.73,8.68,8.64,8.75,8.64,4427018.0,38527189.0,15:35:15,2026-09-07
sz002462,嘉事堂,12.4,0.11,0.895,12.4,12.41,12.29,12.28,12.41,12.24,1641900.0,20266081.0,15:35:30,2026-09-07
sz002463,沪电股份,122.65,11.15,10.0,122.65,0.0,111.5,113.61,122.65,113.5,80100147.0,9613926292.0,15:35:45,2026-09-07
sz002465,海格通信,9.96,-0.04,-0.4,9.96,9.97,10.0,9.99,10.05,9.92,33789300.0,336989487.0,15:35:00,2026-09-07
sz002466,天齐锂业,45.26,-0.09,-0.198,45.25,45.26,45.35,44.8,45.51,44.43,24723477.0,1115796001.0,15:35:15,2026-09-07
sz002467,二六三,4.77,-0.01,-0.209,4.77,4.78,4.78,4.75,4.82,4.75,20782470.0,99114146.0,15:35:30,2026-09-07
sz002468,申通快递,14.33,0.02,0.14,14.33,14.34,14.31,14.31,14.45,14.11,12807864.0,182922528.0,15:35:45,2026-09-07
sz002469,三维化学,6.43,0.11,1.741,6.43,6.44,6.32,6.34,6.59,6.31,13655700.0,87908563.0,15:35:00,2026-09-07
sz002470,金正大,2.3,0.21,10.048,2.3,0.0,2.09,2.1,2.3,2.09,353369304.0,790310930.0,15:35:15,2026-09-07
sz002471,中超控股,5.72,-0.07,-1.209,5.71,5.72,5.79,5.76,5.83,5.66,58638153.0,335703159.0,15:35:30,2026-09-07
sz002472,双环传动,37.62,-0.43,-1.13,37.62,37.63,38.05,38.22,38.95,37.12,52545809.0,2004118656.0,15:35:45,2026-09-07
sz002474,榕基软件,6.52,-0.04,-0.61,6.51,6.52,6.56,6.55,6.6,6.49,13223456.0,86295663.0,15:35:00,2026-09-07
sz002475,立讯精密,55.93,1.63,3.002,55.93,55.94,54.3,54.6,56.4,54.54,106146226.0,5910936143.0,15:35:15,2026-09-07
sz002476,新叶股份,5.29,0.15,2.918,5.28,5.29,5.14,5.16,5.32,5.1,14298479.0,74965045.0,15:35:30,2026-09-07
sz002478,常宝股份,6.86,-0.15,-2.14,6.85,6.86,7.01,6.99,7.1,6.84,24637369.0,171013041.0,15:35:45,2026-09-07
sz002479,富春环保,6.0,-0.05,-0.826,6.0,6.01,6.05,6.03,6.05,5.9,16564000.0,98957423.0,15:35:00,2026-09-07
sz002480,新筑股份,5.39,0.02,0.372,5.39,5.4,5.37,5.34,5.4,5.31,5588300.0,29931237.0,15:35:15,2026-09-07
sz002481,双塔食品,4.5,0.14,3.211,4.49,4.5,4.36,4.37,4.51,4.33,24531348.0,109454245.0,15:35:30,2026-09-07
sz002482,广田集团,1.34,0.02,1.515,1.34,1.35,1.32,1.33,1.35,1.32,37889916.0,50715501.0,15:35:45,2026-09-07
sz002483,润邦股份,6.02,0.55,10.055,6.02,0.0,5.47,5.54,6.02,5.52,48724554.0,288188835.0,15:35:00,2026-09-07
sz002484,江海股份,61.95,5.63,9.996,61.95,0.0,56.32,59.2,61.95,57.95,60643572.0,3662851549.0,15:35:15,2026-09-07
sz002485,ST雪发,5.84,0.05,0.864,5.83,5.84,5.79,5.79,5.84,5.75,1207900.0,7012148.0,15:35:30,2026-09-07
sz002486,嘉麟杰,3.0,0.01,0.334,3.0,3.01,2.99,2.97,3.02,2.96,20889700.0,62629848.0,15:35:45,2026-09-07
sz002487,大金重工,33.24,0.02,0.06,33.24,33.25,33.22,33.4,33.65,33.09,11665870.0,389674763.0,15:35:00,2026-09-07
sz002488,金固股份,8.1,-0.11,-1.34,8.1,8.11,8.21,8.21,8.27,8.1,13909650.0,113470035.0,15:35:15,2026-09-07
sz002489,浙江永强,2.8,0.0,0.0,2.8,2.81,2.8,2.79,2.82,2.78,11680868.0,32712815.0,15:35:30,2026-09-07
sz002490,山东墨龙,7.83,0.04,0.513,7.83,7.84,7.79,8.01,8.03,7.67,43482109.0,340094886.0,15:35:45,2026-09-07
sz002491,通鼎互联,21.1,0.72,3.533,21.1,21.11,20.38,20.67,21.29,20.4,121155613.0,2537370881.0,15:35:00,2026-09-07
sz002492,恒基达鑫,6.05,0.09,1.51,6.05,6.06,5.96,6.06,6.17,5.94,7131300.0,43209174.0,15:35:15,2026-09-07
sz002493,荣盛石化,13.99,-0.39,-2.712,13.99,14.0,14.38,14.38,14.65,13.97,41203894.0,582572028.0,15:35:30,2026-09-07
sz002494,华斯股份,4.86,0.06,1.25,4.86,4.87,4.8,4.8,4.92,4.77,9908200.0,48097242.0,15:35:45,2026-09-07
sz002495,佳隆股份,2.45,0.03,1.24,2.45,2.46,2.42,2.41,2.47,2.4,22455640.0,55058083.0,15:35:00,2026-09-07
sz002496,辉丰股份,2.22,0.06,2.778,2.21,2.22,2.16,2.14,2.23,2.14,31657840.0,69644473.0,15:35:15,2026-09-07
sz002497,雅化集团,17.73,-0.15,-0.839,17.73,17.74,17.88,17.75,17.86,17.52,23734422.0,420852046.0,15:35:30,2026-09-07
sz002498,汉缆股份,6.44,-0.17,-2.572,6.44,6.45,6.61,6.57,6.58,6.4,74918035.0,483799808.0,15:35:45,2026-09-07
sz002500,山西证券,5.34,-0.08,-1.476,5.34,5.35,5.42,5.42,5.45,5.33,28702980.0,154061248.0,15:35:00,2026-09-07
sz002501,*ST利源,1.27,0.0,0.0,1.27,1.28,1.27,1.26,1.28,1.26,14669755.0,18612762.0,15:35:15,2026-09-07
sz002506,协鑫集成,2.58,0.05,1.976,2.58,2.59,2.53,2.53,2.59,2.51,181690106.0,466639502.0,15:35:30,2026-09-07
sz002507,涪陵榨菜,11.41,0.06,0.529,11.41,11.42,11.35,11.37,11.46,11.36,9444609.0,107678503.0,15:35:45,2026-09-07
sz002508,老板电器,15.92,-0.13,-0.81,15.92,15.94,16.05,16.06,16.21,15.85,5643772.0,89964087.0,15:35:00,2026-09-07
sz002510,天汽模,5.69,-0.03,-0.524,5.68,5.69,5.72,5.68,5.73,5.65,11426400.0,65022992.0,15:35:15,2026-09-07
sz002511,中顺洁柔,7.25,0.14,1.969,7.25,7.26,7.11,7.14,7.27,7.11,12511454.0,90367368.0,15:35:30,2026-09-07
sz002512,ST达华,4.28,0.08,1.905,4.27,4.28,4.2,4.2,4.37,4.2,25643153.0,110191170.0,15:35:45,2026-09-07
sz002513,蓝丰生化,5.48,0.08,1.481,5.48,5.5,5.4,5.55,5.57,5.45,8685640.0,47902107.0,15:35:00,2026-09-07
sz002514,*ST宝馨,2.44,-0.09,-3.557,2.44,2.45,2.53,2.35,2.63,2.33,63414914.0,158805178.0,15:35:15,2026-09-07
sz002515,金字火腿,8.16,0.74,9.973,8.16,0.0,7.42,7.44,8.16,7.44,173730299.0,1385520768.0,15:35:30,2026-09-07
sz002516,旷达科技,5.88,0.47,8.688,5.88,5.89,5.41,5.45,5.95,5.43,78126812.0,454881443.0,15:35:45,2026-09-07
sz002517,恺英网络,17.63,0.22,1.264,17.63,17.64,17.41,17.5,17.9,17.41,82642022.0,1459034485.0,15:35:00,2026-09-07
sz002518,科士达,36.82,0.58,1.6,36.82,36.83,36.24,36.6,37.34,35.47,23959422.0,878634424.0,15:35:15,2026-09-07
sz002519,银河电子,5.66,-0.06,-1.049,5.66,5.67,5.72,5.73,5.74,5.61,28251800.0,159386073.0,15:35:30,2026-09-07
sz002520,日发精机,6.46,0.06,0.937,6.46,6.47,6.4,6.44,6.51,6.38,21028596.0,135757873.0,15:35:45,2026-09-07
sz002521,齐峰新材,6.59,0.01,0.152,6.59,6.6,6.58,6.59,6.64,6.56,2551900.0,16855660.0,15:35:00,2026-09-07
sz002522,浙江众成,5.22,0.03,0.578,5.21,5.22,5.19,5.18,5.25,5.16,12559373.0,65435885.0,15:35:15,2026-09-07
sz002523,天桥起重,3.57,-0.04,-1.108,3.56,3.57,3.61,3.64,3.66,3.55,17715458.0,63378207.0,15:35:30,2026-09-07
sz002524,光正眼科,4.11,0.05,1.232,4.1,4.11,4.06,4.04,4.12,4.02,12565300.0,51176978.0,15:35:45,2026-09-07
sz002526,山东矿机,2.72,-0.01,-0.366,2.72,2.73,2.73,2.73,2.74,2.7,15709308.0,42779562.0,15:35:00,2026-09-07
sz002527,新时达,11.37,0.32,2.896,11.36,11.37,11.05,11.03,11.41,10.95,7543560.0,84877084.0,15:35:15,2026-09-07
sz002528,*ST英飞,7.49,0.68,9.985,7.49,0.0,6.81,6.76,7.49,6.7,38183906.0,275237746.0,15:35:30,2026-09-07
sz002529,海源复材,7.01,-0.05,-0.708,7.0,7.01,7.06,7.05,7.15,7.0,3962400.0,27937890.0,15:35:45,2026-09-07
sz002530,金财互联,7.46,-0.07,-0.93,7.45,7.46,7.53,7.5,7.51,7.39,12276522.0,91377440.0,15:35:00,2026-09-07
sz002531,天顺风能,6.3,0.1,1.613,6.3,6.31,6.2,6.18,6.33,6.14,33024853.0,206924574.0,15:35:15,2026-09-07
sz002532,天山铝业,12.96,-0.17,-1.295,12.96,12.97,13.13,13.08,13.09,12.83,42729481.0,552942771.0,15:35:30,2026-09-07
sz002533,金杯电工,11.19,-0.07,-0.622,11.19,11.2,11.26,11.26,11.27,11.11,5344700.0,59732752.0,15:35:45,2026-09-07
sz002534,西子洁能,16.97,0.67,4.11,16.96,16.97,16.3,16.45,17.25,16.32,15760677.0,265594334.0,15:35:00,2026-09-07
sz002535,林州重机,2.59,0.07,2.778,2.58,2.59,2.52,2.56,2.62,2.55,22447293.0,58027712.0,15:35:15,2026-09-07
sz002536,飞龙股份,57.37,-0.89,-1.528,57.37,57.38,58.26,57.68,58.35,55.3,76343838.0,4364577768.0,15:35:30,2026-09-07
sz002537,海联金汇,6.4,-0.2,-3.03,6.39,6.4,6.6,6.56,6.6,6.37,80944126.0,520909028.0,15:35:45,2026-09-07
sz002538,ST司特,6.86,-0.09,-1.295,6.86,6.87,6.95,6.93,6.98,6.8,8329400.0,57141068.0,15:35:00,2026-09-07
sz002539,云图控股,13.05,-0.35,-2.612,13.05,13.06,13.4,13.35,13.65,13.0,15594100.0,205258974.0,15:35:15,2026-09-07
sz002540,亚太科技,5.23,0.09,1.751,5.22,5.23,5.14,5.17,5.24,5.11,9559500.0,49585319.0,15:35:30,2026-09-07
sz002541,鸿路钢构,20.35,-0.3,-1.453,20.35,20.36,20.65,20.74,20.85,20.22,8766815.0,179998426.0,15:35:45,2026-09-07
sz002542,*ST中岩,1.71,0.01,0.588,1.7,1.71,1.7,1.71,1.71,1.68,11784232.0,20007549.0,15:35:00,2026-09-07
sz002543,万和电气,7.36,-0.09,-1.208,7.36,7.37,7.45,7.38,7.47,7.31,9794200.0,72075432.0,15:35:15,2026-09-07
sz002544,普天科技,15.84,-0.12,-0.752,15.82,15.84,15.96,15.94,16.04,15.78,7315234.0,116025842.0,15:35:30,2026-09-07
sz002545,东方铁塔,17.43,-0.42,-2.353,17.43,17.44,17.85,17.75,17.86,17.38,18852818.0,330979416.0,15:35:45,2026-09-07
sz002546,新联电子,7.73,-0.2,-2.522,7.73,7.74,7.93,7.93,7.98,7.71,21207500.0,164976188.0,15:35:00,2026-09-07
sz002547,*ST春兴,2.66,0.06,2.308,2.66,2.67,2.6,2.61,2.7,2.59,22957600.0,60780732.0,15:35:15,2026-09-07
sz002548,金新农,4.57,-0.01,-0.218,4.57,4.58,4.58,4.55,4.69,4.49,74784492.0,341345450.0,15:35:30,2026-09-07
sz002549,凯美特气,13.83,0.01,0.072,13.83,13.84,13.82,13.82,13.95,13.76,11499157.0,159201233.0,15:35:45,2026-09-07
sz002550,千红制药,6.54,-0.02,-0.305,6.54,6.55,6.56,6.57,6.59,6.53,6795148.0,44517679.0,15:35:00,2026-09-07
sz002551,尚荣医疗,3.34,0.03,0.906,3.34,3.35,3.31,3.31,3.35,3.3,10223982.0,34054035.0,15:35:15,2026-09-07
sz002552,宝鼎科技,48.01,2.05,4.46,48.01,48.02,45.96,47.0,48.87,46.0,21928752.0,1048696017.0,15:35:30,2026-09-07
sz002553,南方精工,18.27,1.23,7.218,18.26,18.27,17.04,16.9,18.37,16.81,26073550.0,462858869.0,15:35:45,2026-09-07
sz002554,惠博普,2.89,0.01,0.347,2.89,2.9,2.88,2.88,2.91,2.86,12604200.0,36406357.0,15:35:00,2026-09-07
sz002555,三七互娱,18.85,0.18,0.964,18.84,18.85,18.67,18.71,19.25,18.68,51309937.0,973061160.0,15:35:15,2026-09-07
sz002556,辉隆股份,5.42,0.07,1.308,5.41,5.42,5.35,5.33,5.46,5.32,14951858.0,81047109.0,15:35:30,2026-09-07
sz002557,洽洽食品,19.23,0.28,1.478,19.23,19.24,18.95,18.97,19.26,18.87,7507896.0,143760140.0,15:35:45,2026-09-07
sz002558,巨人网络,27.49,-0.18,-0.651,27.48,27.49,27.67,27.68,28.26,27.19,70517274.0,1948711835.0,15:35:00,2026-09-07
sz002559,亚威股份,8.96,0.09,1.015,8.95,8.96,8.87,8.92,9.01,8.87,13364500.0,119799658.0,15:35:15,2026-09-07
sz002560,通达股份,6.19,-0.03,-0.482,6.18,6.19,6.22,6.26,6.26,6.16,16834780.0,104510287.0,15:35:30,2026-09-07
sz002561,徐家汇,7.72,0.44,6.044,7.72,7.73,7.28,7.28,7.88,7.25,22043037.0,168068061.0,15:35:45,2026-09-07
sz002562,兄弟科技,4.97,0.0,0.0,4.97,4.98,4.97,4.93,4.98,4.91,17027832.0,84268493.0,15:35:00,2026-09-07
sz002563,森马服饰,5.77,-0.07,-1.199,5.76,5.77,5.84,5.85,5.89,5.74,14130228.0,81865493.0,15:35:15,2026-09-07
sz002564,天沃科技,5.42,0.49,9.939,5.42,0.0,4.93,5.36,5.42,5.05,34366002.0,181942410.0,15:35:30,2026-09-07
sz002565,顺灏股份,8.56,-0.03,-0.349,8.55,8.56,8.59,8.68,8.68,8.51,26110546.0,223672632.0,15:35:45,2026-09-07
sz002566,益盛药业,7.05,0.04,0.571,7.05,7.08,7.01,7.02,7.08,6.97,4469500.0,31442733.0,15:35:00,2026-09-07
sz002567,唐人神,4.08,0.03,0.741,4.08,4.09,4.05,4.01,4.14,4.0,77459872.0,315567121.0,15:35:15,2026-09-07
sz002568,百润股份,18.16,0.07,0.387,18.15,18.16,18.09,18.05,18.21,17.9,8895536.0,160574185.0,15:35:30,2026-09-07
sz002569,*ST步森,11.16,-0.06,-0.535,11.13,11.16,11.22,11.23,11.3,11.03,1133000.0,12607454.0,15:35:45,2026-09-07
sz002570,贝因美,4.69,0.07,1.515,4.69,4.7,4.62,4.6,4.7,4.58,15056367.0,70331633.0,15:35:00,2026-09-07
sz002571,德力股份,11.82,0.19,1.634,11.81,11.82,11.63,11.41,11.89,11.11,11639000.0,135816192.0,15:35:15,2026-09-07
sz002572,索菲亚,7.94,-0.03,-0.376,7.94,7.95,7.97,7.96,8.03,7.92,8391675.0,66975333.0,15:35:30,2026-09-07
sz002573,清新环境,3.23,-0.02,-0.615,3.23,3.24,3.25,3.25,3.26,3.22,8734173.0,28317937.0,15:35:45,2026-09-07
sz002574,明牌珠宝,5.15,-0.04,-0.771,5.15,5.16,5.19,5.18,5.24,5.1,11146610.0,57469726.0,15:35:00,2026-09-07
sz002575,群兴玩具,5.54,0.04,0.727,5.54,5.55,5.5,5.43,5.62,5.39,25248100.0,139138796.0,15:35:15,2026-09-07
sz002576,通达动力,14.63,-0.03,-0.205,14.63,14.65,14.66,14.71,14.82,14.57,1658900.0,24361376.0,15:35:30,2026-09-07
sz002577,雷柏科技,19.24,-0.06,-0.311,19.23,19.24,19.3,19.19,19.37,19.08,2650400.0,50928339.0,15:35:45,2026-09-07
sz002578,闽发铝业,4.23,0.05,1.196,4.22,4.23,4.18,4.18,4.28,4.11,28541000.0,119955492.0,15:35:00,2026-09-07
sz002579,中京电子,15.51,1.41,10.0,15.51,0.0,14.1,14.5,15.51,14.22,94767581.0,1441138167.0,15:35:15,2026-09-07
sz002580,圣阳股份,22.48,-0.18,-0.794,22.48,22.49,22.66,22.32,23.28,22.01,89388037.0,2023548661.0,15:35:30,2026-09-07
sz002581,*ST未名,5.87,0.24,4.263,5.86,5.87,5.63,5.55,5.96,5.55,9819287.0,57272330.0,15:35:45,2026-09-07
sz002582,好想你,10.52,0.19,1.839,10.51,10.52,10.33,10.23,10.54,10.23,20131900.0,210660600.0,15:35:00,2026-09-07
sz002583,海能达,8.45,-0.04,-0.471,8.44,8.45,8.49,8.49,8.6,8.41,15408473.0,130631603.0,15:35:15,2026-09-07
sz002584,西陇科学,8.06,0.06,0.75,8.06,8.07,8.0,8.0,8.1,7.97,14224300.0,114565965.0,15:35:30,2026-09-07
sz002585,双星新材,9.13,0.26,2.931,9.12,9.13,8.87,8.92,9.13,8.83,35073629.0,316432599.0,15:35:45,2026-09-07
sz002586,围海股份,4.0,-0.03,-0.744,4.0,4.01,4.03,3.99,4.06,3.96,7493409.0,30074953.0,15:35:00,2026-09-07
sz002587,奥拓电子,5.56,0.01,0.18,5.55,5.56,5.55,5.56,5.58,5.52,7985573.0,44345099.0,15:35:15,2026-09-07
sz002588,史丹利,8.06,-0.02,-0.248,8.06,8.07,8.08,8.08,8.21,8.03,18734592.0,152197984.0,15:35:30,2026-09-07
sz002589,瑞康医药,3.26,0.04,1.242,3.25,3.26,3.22,3.22,3.28,3.21,65308478.0,212394042.0,15:35:45,2026-09-07
sz002590,万安科技,9.99,-0.04,-0.399,9.99,10.0,10.03,10.0,10.16,9.92,5480191.0,54911701.0,15:35:00,2026-09-07
sz002591,恒大高新,6.51,0.03,0.463,6.51,6.52,6.48,6.45,6.55,6.44,7999200.0,52000031.0,15:35:15,2026-09-07
sz002592,ST八菱,6.7,-0.01,-0.149,6.7,6.71,6.71,6.75,6.75,6.68,1679000.0,11268179.0,15:35:30,2026-09-07
sz002593,日上集团,4.56,-0.03,-0.654,4.56,4.57,4.59,4.59,4.6,4.55,8631800.0,39458128.0,15:35:45,2026-09-07
sz002594,比亚迪,86.51,-0.89,-1.018,86.5,86.51,87.4,86.89,87.34,86.2,21926512.0,1897313756.0,15:35:00,2026-09-07
sz002595,豪迈科技,41.36,-1.04,-2.453,41.36,41.37,42.4,42.4,42.68,41.09,6622183.0,274775637.0,15:35:15,2026-09-07
sz002596,海南瑞泽,3.4,0.0,0.0,3.4,3.41,3.4,3.44,3.44,3.37,15204100.0,51906898.0,15:35:30,2026-09-07
sz002597,金禾实业,21.2,0.13,0.617,21.2,21.21,21.07,21.24,21.49,21.03,5582600.0,118771296.0,15:35:45,2026-09-07
sz002598,ST章鼓,7.06,0.08,1.146,7.04,7.06,6.98,7.0,7.07,6.99,1689600.0,11885448.0,15:35:00,2026-09-07
sz002599,盛通股份,5.84,0.01,0.172,5.83,5.84,5.83,5.81,5.91,5.79,6254500.0,36474542.0,15:35:15,2026-09-07
sz002600,领益智造,12.65,0.02,0.158,12.65,12.66,12.63,12.68,12.76,12.58,69805304.0,885009651.0,15:35:30,2026-09-07
sz002601,龙佰集团,15.57,-0.28,-1.767,15.57,15.58,15.85,15.91,15.91,15.56,16789480.0,263542611.0,15:35:45,2026-09-07
sz002602,世纪华通,16.16,0.43,2.734,16.16,16.17,15.73,15.66,16.58,15.65,252278449.0,4084560356.0,15:35:00,2026-09-07
sz002603,以岭药业,15.76,-0.11,-0.693,15.76,15.77,15.87,15.87,15.89,15.7,11112032.0,175412497.0,15:35:15,2026-09-07
sz002605,姚记科技,17.59,0.23,1.325,17.59,17.6,17.36,17.36,17.71,17.36,5910036.0,103897132.0,15:35:30,2026-09-07
sz002606,大连电瓷,12.99,-0.15,-1.142,12.99,13.0,13.14,13.32,13.35,12.9,16356800.0,213033111.0,15:35:45,2026-09-07
sz002607,中公教育,2.05,0.02,0.985,2.05,2.06,2.03,2.03,2.06,2.02,104015228.0,212809039.0,15:35:00,2026-09-07
sz002608,江苏国信,7.34,-0.04,-0.542,7.33,7.34,7.38,7.32,7.39,7.26,17798900.0,130413080.0,15:35:15,2026-09-07
sz002609,捷顺科技,7.85,-0.01,-0.127,7.84,7.85,7.86,7.92,7.93,7.79,4903900.0,38441146.0,15:35:30,2026-09-07
sz002611,东方精工,14.82,0.05,0.339,14.81,14.82,14.77,14.71,14.96,14.69,11401606.0,169210630.0,15:35:45,2026-09-07
sz002612,朗姿股份,16.69,-0.09,-0.536,16.68,16.69,16.78,16.7,16.9,16.51,7377835.0,123209978.0,15:35:00,2026-09-07
sz002613,北玻股份,3.46,0.02,0.581,3.45,3.46,3.44,3.44,3.48,3.41,11663430.0,40207504.0,15:35:15,2026-09-07
sz002614,奥佳华,5.78,0.11,1.94,5.77,5.78,5.67,5.65,5.8,5.63,10317749.0,59419166.0,15:35:30,2026-09-07
sz002615,哈尔斯,6.49,-0.05,-0.765,6.49,6.5,6.54,6.56,6.58,6.47,6538500.0,42552467.0,15:35:45,2026-09-07
sz002616,长青集团,4.88,0.01,0.205,4.88,4.89,4.87,4.88,4.9,4.84,5767600.0,28098692.0,15:35:00,2026-09-07
sz002617,露笑科技,6.13,0.02,0.327,6.13,6.14,6.11,6.14,6.18,6.1,41714030.0,255851162.0,15:35:15,2026-09-07
sz002620,*ST瑞和,6.09,0.19,3.22,6.09,6.1,5.9,5.9,6.2,5.9,13584275.0,83143356.0,15:35:30,2026-09-07
sz002622,皓宸医疗,2.65,0.03,1.145,2.64,2.65,2.62,2.62,2.68,2.61,18844200.0,49889449.0,15:35:45,2026-09-07
sz002623,亚玛顿,16.0,0.52,3.359,16.0,16.01,15.48,15.5,16.11,15.35,3432400.0,54599156.0,15:35:00,2026-09-07
sz002624,完美世界,11.48,0.32,2.867,11.47,11.48,11.16,11.4,11.88,11.3,100538616.0,1166992992.0,15:35:15,2026-09-07
sz002625,光启技术,28.08,-0.31,-1.092,28.08,28.09,28.39,28.2,28.39,27.89,17503760.0,491122465.0,15:35:30,2026-09-07
sz002626,金达威,16.88,0.18,1.078,16.88,16.9,16.7,16.86,17.05,16.71,5162375.0,87116640.0,15:35:45,2026-09-07
sz002627,三峡旅游,7.33,0.14,1.947,7.33,7.34,7.19,7.13,7.35,7.13,15536944.0,113190598.0,15:35:00,2026-09-07
sz002628,成都路桥,5.3,0.12,2.317,5.3,5.31,5.18,5.18,5.31,5.17,17646200.0,92748921.0,15:35:15,2026-09-07
sz002629,仁智股份,4.87,0.07,1.458,4.87,4.88,4.8,4.86,4.92,4.77,8193300.0,39876908.0,15:35:30,2026-09-07
sz002630,*ST华西,1.69,0.01,0.595,1.68,1.69,1.68,1.67,1.7,1.67,6524080.0,10981807.0,15:35:45,2026-09-07
sz002631,德尔未来,11.2,0.19,1.726,11.2,11.21,11.01,11.05,11.39,10.89,28214785.0,316905916.0,15:35:00,2026-09-07
sz002632,道明光学,9.41,-0.12,-1.259,9.41,9.42,9.53,9.46,9.7,9.16,42846007.0,401920330.0,15:35:15,2026-09-07
sz002633,申科股份,14.73,0.08,0.546,14.73,14.75,14.65,14.85,14.97,14.6,1493000.0,22055217.0,15:35:30,2026-09-07
sz002634,*ST棒杰,4.23,0.05,1.196,4.22,4.23,4.18,4.14,4.25,4.12,4331060.0,18172607.0,15:35:45,2026-09-07
sz002635,安洁科技,15.26,0.33,2.21,15.26,15.27,14.93,15.03,15.36,14.85,13100733.0,199134697.0,15:35:00,2026-09-07
sz002636,金安国纪,68.05,3.44,5.324,68.04,68.05,64.61,66.0,68.84,64.71,50454090.0,3394533400.0,15:35:15,2026-09-07
sz002637,赞宇科技,12.78,0.4,3.231,12.78,12.79,12.38,12.48,12.9,12.39,32275642.0,409743161.0,15:35:30,2026-09-07
sz002638,勤上股份,4.25,-0.06,-1.392,4.25,4.26,4.31,4.3,4.38,4.22,37136416.0,159859414.0,15:35:45,2026-09-07
sz002639,雪人集团,14.0,-0.32,-2.235,14.0,14.01,14.32,13.9,14.23,13.64,102152887.0,1426270963.0,15:35:00,2026-09-07
sz002640,跨境通,3.5,0.05,1.449,3.49,3.5,3.45,3.45,3.52,3.42,76682994.0,267156847.0,15:35:15,2026-09-07
sz002641,公元股份,3.92,-0.01,-0.254,3.92,3.93,3.93,3.93,3.94,3.9,7232960.0,28331437.0,15:35:30,2026-09-07
sz002642,荣联科技,7.18,-0.09,-1.238,7.17,7.18,7.27,7.23,7.27,7.15,9593600.0,69027288.0,15:35:45,2026-09-07
sz002643,万润股份,12.72,0.12,0.952,12.72,12.73,12.6,12.66,12.8,12.59,10160420.0,129129882.0,15:35:00,2026-09-07
sz002644,佛慈制药,8.57,0.05,0.587,8.57,8.58,8.52,8.52,8.63,8.52,3765400.0,32270202.0,15:35:15,2026-09-07
sz002645,华宏科技,18.02,0.55,3.148,18.01,18.02,17.47,17.5,18.13,17.43,19430289.0,346837909.0,15:35:30,2026-09-07
sz002646,天佑德酒,7.23,0.04,0.556,7.23,7.24,7.19,7.14,7.25,7.09,7702702.0,55399295.0,15:35:45,2026-09-07
sz002647,仁东控股,11.47,0.02,0.175,11.47,11.49,11.45,11.35,11.59,11.25,15858800.0,180989461.0,15:35:00,2026-09-07
sz002648,卫星化学,27.01,-0.53,-1.924,27.0,27.02,27.54,27.55,27.73,26.95,35335265.0,960032895.0,15:35:15,2026-09-07
sz002649,博彦科技,9.77,-0.17,-1.71,9.76,9.77,9.94,9.95,9.99,9.71,15463962.0,151219555.0,15:35:30,2026-09-07
sz002650,ST加加,6.15,0.19,3.188,6.14,6.15,5.96,5.94,6.3,5.88,4559131.0,27823821.0,15:35:45,2026-09-07
sz002651,利君股份,8.58,-0.1,-1.152,8.57,8.58,8.68,8.68,8.68,8.52,15412861.0,132237723.0,15:35:00,2026-09-07
sz002652,扬子新材,4.41,0.24,5.755,4.41,4.42,4.17,4.17,4.51,4.11,29630420.0,128648529.0,15:35:15,2026-09-07
sz002653,海思科,68.73,-0.46,-0.665,68.72,68.74,69.19,69.0,69.6,67.2,5267218.0,360375167.0,15:35:30,2026-09-07
sz002654,万润科技,13.91,0.12,0.87,13.91,13.92,13.79,14.02,14.1,13.74,48839414.0,679928922.0,15:35:45,2026-09-07
sz002655,共达电声,38.85,1.14,3.023,38.85,38.86,37.71,38.42,39.22,36.6,30429599.0,1159442241.0,15:35:00,2026-09-07
sz002656,摩登大道,2.93,0.01,0.342,2.92,2.93,2.92,2.9,2.95,2.9,8621500.0,25247333.0,15:35:15,2026-09-07
sz002657,中科金财,16.22,-0.33,-1.994,16.22,16.23,16.55,16.27,16.52,16.15,11594291.0,188627522.0,15:35:30,2026-09-07
sz002658,雪迪龙,7.67,-0.13,-1.667,7.66,7.67,7.8,7.79,7.83,7.65,7046094.0,54247514.0,15:35:45,2026-09-07
sz002659,凯文教育,4.65,0.02,0.432,4.65,4.66,4.63,4.63,4.69,4.6,9821100.0,45673134.0,15:35:00,2026-09-07
sz002660,茂硕电源,7.95,0.13,1.662,7.95,7.96,7.82,7.94,8.4,7.76,26098200.0,209578174.0,15:35:15,2026-09-07
sz002661,克明食品,8.1,0.12,1.504,8.08,8.1,7.98,7.95,8.15,7.95,3875402.0,31265965.0,15:35:30,2026-09-07
sz002662,峰璟股份,3.3,0.0,0.0,3.29,3.3,3.3,3.29,3.33,3.28,8693500.0,28711713.0,15:35:45,2026-09-07
sz002663,普邦股份,1.75,0.02,1.156,1.74,1.75,1.73,1.73,1.76,1.72,18627700.0,32529135.0,15:35:00,2026-09-07
sz002664,信质集团,15.6,0.4,2.632,15.59,15.6,15.2,15.2,15.96,15.16,5006120.0,78103507.0,15:35:15,2026-09-07
sz002666,德联集团,4.26,0.04,0.948,4.25,4.26,4.22,4.24,4.29,4.21,8779300.0,37342742.0,15:35:30,2026-09-07
sz002667,*ST威领,18.05,0.03,0.166,18.05,18.06,18.02,18.02,18.15,17.95,13029113.0,235143600.0,15:35:45,2026-09-07
sz002668,TCL智家,9.11,-0.16,-1.726,9.1,9.11,9.27,9.28,9.31,9.08,13728800.0,125617473.0,15:35:00,2026-09-07
sz002669,康达新材,12.31,0.56,4.766,12.3,12.31,11.75,11.7,12.38,11.7,13719200.0,165976787.0,15:35:15,2026-09-07
sz002670,国盛证券,12.46,-0.27,-2.121,12.46,12.47,12.73,12.6,12.82,12.4,45241055.0,568014532.0,15:35:30,2026-09-07
sz002671,龙泉股份,4.03,0.01,0.249,4.03,4.04,4.02,4.0,4.06,3.99,8356300.0,33671479.0,15:35:45,2026-09-07
sz002672,东江环保,3.74,0.01,0.268,3.74,3.75,3.73,3.73,3.76,3.71,5167000.0,19315163.0,15:35:00,2026-09-07
sz002673,西部证券,6.9,-0.04,-0.576,6.9,6.91,6.94,6.91,7.0,6.89,31526521.0,218288286.0,15:35:15,2026-09-07
sz002674,兴业科技,20.93,-2.33,-10.017,0.0,20.93,23.26,20.93,20.93,20.93,1531400.0,32052202.0,15:35:30,2026-09-07
sz002675,东诚药业,12.72,-0.02,-0.157,12.72,12.73,12.74,12.74,12.88,12.66,5429895.0,69248756.0,15:35:45,2026-09-07
sz002676,顺威股份,5.2,-0.01,-0.192,5.2,5.21,5.21,5.21,5.25,5.19,6534000.0,34090520.0,15:35:00,2026-09-07
sz002677,浙江美大,6.59,0.02,0.304,6.59,6.6,6.57,6.57,6.64,6.5,3822400.0,25140935.0,15:35:15,2026-09-07
sz002678,珠江钢琴,4.8,0.07,1.48,4.8,4.82,4.73,4.73,4.83,4.63,27083500.0,128843793.0,15:35:30,2026-09-07
sz002679,福建金森,11.17,0.49,4.588,11.16,11.17,10.68,10.57,11.54,10.51,28299160.0,313570699.0,15:35:45,2026-09-07
sz002681,奋达科技,4.9,-0.06,-1.21,4.89,4.9,4.96,4.95,4.99,4.89,40122731.0,197867295.0,15:35:00,2026-09-07
sz002682,龙洲股份,5.28,0.09,1.734,5.27,5.28,5.19,5.19,5.31,5.18,26571825.0,139771395.0,15:35:15,2026-09-07
sz002683,广东宏大,30.17,-0.77,-2.489,30.16,30.17,30.94,30.76,31.17,30.13,8769300.0,266147418.0,15:35:30,2026-09-07
sz002685,华东重机,5.42,-0.01,-0.184,5.41,5.42,5.43,5.45,5.46,5.39,14855261.0,80481354.0,15:35:45,2026-09-07
sz002686,亿利达,6.55,0.01,0.153,6.55,6.56,6.54,6.54,6.62,6.44,12070711.0,78790177.0,15:35:00,2026-09-07
sz002687,乔治白,6.16,-0.02,-0.324,6.16,6.17,6.18,6.22,6.27,6.14,9616315.0,59527783.0,15:35:15,2026-09-07
sz002688,金河生物,5.34,0.06,1.136,5.34,5.35,5.28,5.29,5.39,5.29,12599100.0,67256122.0,15:35:30,2026-09-07
sz002689,ST远智,2.98,0.05,1.706,2.97,2.98,2.93,2.96,2.99,2.93,4568514.0,13534722.0,15:35:45,2026-09-07
sz002690,美亚光电,15.89,-0.15,-0.935,15.89,15.9,16.04,16.11,16.12,15.81,3623654.0,57694663.0,15:35:00,2026-09-07
sz002691,*ST冀凯,4.61,0.01,0.217,4.61,4.62,4.6,4.62,4.63,4.55,2167800.0,9956074.0,15:35:15,2026-09-07
sz002692,远程股份,4.31,0.06,1.412,4.3,4.31,4.25,4.22,4.33,4.21,9140600.0,39059848.0,15:35:30,2026-09-07
sz002693,双成药业,8.8,0.05,0.571,8.8,8.81,8.75,8.75,8.82,8.66,6878500.0,60354978.0,15:35:45,2026-09-07
sz002694,*ST顾地,2.6,0.08,3.175,2.59,2.6,2.52,2.51,2.65,2.46,3664100.0,9314494.0,15:35:00,2026-09-07
sz002695,煌上煌,10.5,-0.17,-1.593,10.48,10.5,10.67,10.66,10.74,10.46,8496621.0,90164461.0,15:35:15,2026-09-07
sz002696,百洋股份,7.03,0.37,5.556,7.02,7.03,6.66,6.66,7.12,6.66,36046926.0,249634965.0,15:35:30,2026-09-07
sz002697,红旗连锁,4.89,0.14,2.947,4.88,4.89,4.75,4.75,4.9,4.73,36296931.0,176046205.0,15:35:45,2026-09-07
sz002698,博实股份,11.97,0.03,0.251,11.97,11.98,11.94,11.96,12.08,11.91,7617750.0,91364960.0,15:35:00,2026-09-07
sz002700,万憬能源,6.51,-0.08,-1.214,6.51,6.52,6.59,6.59,6.61,6.49,4087400.0,26740519.0,15:35:15,2026-09-07
sz002701,奥瑞金,4.54,-0.01,-0.22,4.54,4.55,4.55,4.55,4.58,4.51,20317631.0,92379763.0,15:35:30,2026-09-07
sz002702,海欣食品,6.17,0.56,9.982,6.17,0.0,5.61,6.17,6.17,6.17,9484140.0,58517144.0,15:35:45,2026-09-07
sz002703,浙江世宝,16.86,-0.25,-1.461,16.86,16.87,17.11,17.4,17.54,16.59,69495211.0,1169998535.0,15:35:00,2026-09-07
sz002705,新宝股份,11.35,0.2,1.794,11.35,11.36,11.15,11.14,11.37,11.11,4296845.0,48466358.0,15:35:15,2026-09-07
sz002706,良信股份,9.5,-0.16,-1.656,9.5,9.51,9.66,9.66,9.77,9.35,34265346.0,324556966.0,15:35:30,2026-09-07
sz002707,众信旅游,5.68,0.13,2.342,5.67,5.68,5.55,5.54,5.7,5.52,23840216.0,134532263.0,15:35:45,2026-09-07
sz002708,光洋股份,16.8,1.53,10.02,16.8,0.0,15.27,14.99,16.8,14.97,56895292.0,932054974.0,15:35:00,2026-09-07
sz002709,天赐材料,34.0,0.17,0.503,33.99,34.0,33.83,33.83,34.13,33.5,30277266.0,1028262601.0,15:35:15,2026-09-07
sz002712,思美传媒,5.22,0.1,1.953,5.22,5.23,5.12,5.13,5.26,5.09,21646400.0,111900010.0,15:35:30,2026-09-07
sz002713,东易日盛,9.83,0.65,7.081,9.83,9.84,9.18,9.1,10.1,9.09,37946513.0,374609725.0,15:35:45,2026-09-07
sz002714,牧原股份,43.91,-0.06,-0.136,43.9,43.91,43.97,43.84,44.05,43.41,45024923.0,1971522143.0,15:35:00,2026-09-07
sz002715,登云股份,14.02,-0.01,-0.071,14.02,14.03,14.03,14.01,14.15,13.85,1870600.0,26249093.0,15:35:15,2026-09-07
sz002716,湖南白银,10.7,-0.52,-4.635,10.7,10.71,11.22,10.95,11.0,10.67,180022194.0,1946273480.0,15:35:30,2026-09-07
sz002717,*ST岭南,0.98,-0.02,-2.0,0.97,0.98,1.0,0.97,0.99,0.96,43086000.0,42176826.0,15:35:45,2026-09-07
sz002718,友邦吊顶,86.45,2.27,2.697,86.42,86.45,84.18,83.84,87.99,83.84,906800.0,78294808.0,15:35:00,2026-09-07
sz002719,ST麦趣,6.99,0.06,0.866,6.98,6.99,6.93,6.9,7.1,6.86,2621601.0,18359750.0,15:35:15,2026-09-07
sz002721,金一文化,2.98,-0.17,-5.397,2.98,2.99,3.15,3.0,3.07,2.95,269950600.0,810851258.0,15:35:30,2026-09-07
sz002722,物产金轮,13.19,0.03,0.228,13.19,13.2,13.16,13.21,13.22,13.05,2344300.0,30838346.0,15:35:45,2026-09-07
sz002723,小崧股份,7.89,0.07,0.895,7.89,7.9,7.82,7.82,8.03,7.78,4995450.0,39497684.0,15:35:00,2026-09-07
sz002724,海洋王,6.86,0.0,0.0,6.86,6.87,6.86,6.88,6.95,6.76,13586960.0,93122671.0,15:35:15,2026-09-07
sz002725,跃岭股份,11.38,-0.07,-0.611,11.38,11.39,11.45,11.46,11.56,11.32,3022600.0,34569785.0,15:35:30,2026-09-07
sz002726,ST龙大,2.84,0.13,4.797,2.83,2.84,2.71,2.7,2.86,2.67,83133571.0,232374360.0,15:35:45,2026-09-07
sz002727,一心堂,11.24,-0.02,-0.178,11.24,11.25,11.26,11.26,11.37,11.19,4617000.0,52069411.0,15:35:00,2026-09-07
sz002728,特一药业,9.06,0.09,1.003,9.05,9.06,8.97,9.02,9.14,8.93,10223280.0,92828859.0,15:35:15,2026-09-07
sz002729,好利科技,14.02,0.06,0.43,14.0,14.02,13.96,13.96,14.18,13.87,2652763.0,37221578.0,15:35:30,2026-09-07
sz002730,电光科技,24.29,1.46,6.395,24.29,24.3,22.83,22.98,24.76,22.98,14168400.0,342994324.0,15:35:45,2026-09-07
sz002731,*ST萃华,0.0,0.0,0.0,0.0,0.0,0.77,0.0,0.0,0.0,0.0,0.0,15:35:00,2026-09-07
sz002732,燕塘乳业,14.48,0.33,2.332,14.47,14.48,14.15,14.16,14.48,14.11,1821800.0,26133058.0,15:35:15,2026-09-07
sz002733,雄韬股份,18.62,0.41,2.252,18.61,18.62,18.21,18.21,18.76,18.21,14428231.0,268009403.0,15:35:30,2026-09-07
sz002734,利民股份,16.9,0.1,0.595,16.9,16.91,16.8,16.99,17.0,16.5,12225533.0,204809312.0,15:35:45,2026-09-07
sz002735,王子新材,11.94,0.03,0.252,11.94,11.95,11.91,11.81,11.99,11.73,9173200.0,109045887.0,15:35:00,2026-09-07
sz002736,国信证券,10.14,-0.12,-1.17,10.14,10.15,10.26,10.28,10.33,10.11,23787878.0,242487747.0,15:35:15,2026-09-07
sz002737,葵花药业,11.76,-0.07,-0.592,11.76,11.77,11.83,11.88,11.88,11.71,4085387.0,48032975.0,15:35:30,2026-09-07
sz002738,中矿资源,47.93,-0.46,-0.951,47.92,47.93,48.39,47.79,48.38,47.16,16552474.0,794015491.0,15:35:45,2026-09-07
sz002739,儒意电影,8.68,0.22,2.6,8.68,8.69,8.46,8.41,8.72,8.41,68059740.0,584001058.0,15:35:00,2026-09-07
sz002741,光华科技,23.79,0.94,4.114,23.78,23.79,22.85,23.07,23.98,22.8,17573400.0,414807836.0,15:35:15,2026-09-07
sz002742,冀衡医药,4.55,0.27,6.308,4.55,4.56,4.28,4.44,4.58,4.44,89304279.0,404412461.0,15:35:30,2026-09-07
sz002743,富煌钢构,0.0,0.0,0.0,0.0,0.0,4.89,0.0,0.0,0.0,0.0,0.0,15:35:45,2026-09-07
sz002745,木林森,11.19,0.43,3.996,11.19,11.2,10.76,10.91,11.21,10.8,52891285.0,584589882.0,15:35:00,2026-09-07
sz002746,仙坛股份,6.83,0.07,1.036,6.82,6.83,6.76,6.75,6.9,6.7,24972996.0,170220236.0,15:35:15,2026-09-07
sz002747,埃斯顿,30.58,0.7,2.343,30.58,30.59,29.88,29.89,31.01,29.64,32378357.0,989584828.0,15:35:30,2026-09-07
sz002748,世龙实业,12.23,0.09,0.741,12.23,12.24,12.14,12.07,12.28,12.02,3269300.0,39876948.0,15:35:45,2026-09-07
sz002749,国光股份,8.74,-0.02,-0.228,8.74,8.75,8.76,8.75,8.82,8.7,2328444.0,20371926.0,15:35:00,2026-09-07
sz002752,昇兴股份,6.23,0.03,0.484,6.22,6.23,6.2,6.21,6.29,6.19,10093835.0,62874602.0,15:35:15,2026-09-07
sz002753,永东股份,6.79,0.06,0.892,6.79,6.8,6.73,6.71,6.85,6.71,4498200.0,30582041.0,15:35:30,2026-09-07
sz002755,奥赛康,11.91,0.21,1.795,11.91,11.92,11.7,11.62,12.05,11.62,11689986.0,138436348.0,15:35:45,2026-09-07
sz002756,永兴材料,42.94,0.01,0.023,42.93,42.94,42.93,42.7,43.42,42.46,8486708.0,364552912.0,15:35:00,2026-09-07
sz002757,南兴股份,17.74,-0.35,-1.935,17.73,17.74,18.09,17.93,17.95,17.51,25450564.0,449991308.0,15:35:15,2026-09-07
sz002758,浙农股份,8.95,0.07,0.788,8.95,8.96,8.88,8.88,9.06,8.86,11443005.0,102767712.0,15:35:30,2026-09-07
sz002759,ST天际,15.93,-0.03,-0.188,15.92,15.93,15.96,15.82,16.1,15.65,12567951.0,200107291.0,15:35:45,2026-09-07
sz002760,凤形股份,17.99,0.16,0.897,17.98,17.99,17.83,17.91,18.14,17.78,3043000.0,54720777.0,15:35:00,2026-09-07
sz002761,浙江建投,7.51,-0.14,-1.83,7.51,7.52,7.65,7.51,7.67,7.48,19384056.0,146310946.0,15:35:15,2026-09-07
sz002762,金发拉比,9.32,0.19,2.081,9.32,9.33,9.13,9.18,9.5,9.08,6984788.0,65183063.0,15:35:30,2026-09-07
sz002763,汇洁股份,7.56,0.04,0.532,7.56,7.57,7.52,7.51,7.59,7.5,3869800.0,29252552.0,15:35:45,2026-09-07
sz002765,蓝黛科技,7.24,0.09,1.259,7.23,7.24,7.15,7.12,7.26,7.11,10349955.0,74562295.0,15:35:00,2026-09-07
sz002766,索菱股份,4.27,-0.05,-1.157,4.26,4.27,4.32,4.23,4.38,4.23,44231351.0,189240568.0,15:35:15,2026-09-07
sz002767,先锋电子,18.31,0.23,1.272,18.3,18.31,18.08,18.07,18.38,17.95,1335500.0,24375323.0,15:35:30,2026-09-07
sz002768,国恩股份,61.28,1.11,1.845,61.28,61.29,60.17,59.74,62.09,59.0,5683607.0,347538905.0,15:35:45,2026-09-07
sz002769,普路通,7.77,0.14,1.835,7.77,7.78,7.63,7.66,7.8,7.57,10848350.0,84050206.0,15:35:00,2026-09-07
sz002771,真视通,14.83,0.92,6.614,14.82,14.83,13.91,13.9,14.88,13.89,14169475.0,205313703.0,15:35:15,2026-09-07
sz002772,众兴菌业,11.96,0.36,3.103,11.96,11.97,11.6,11.53,12.15,11.46,21286712.0,254439387.0,15:35:30,2026-09-07
sz002773,康弘药业,20.15,-0.15,-0.739,20.15,20.16,20.3,20.24,20.32,20.1,3279000.0,66174525.0,15:35:45,2026-09-07
sz002774,快意电梯,15.62,0.13,0.839,15.62,15.65,15.49,15.5,15.81,15.28,7042400.0,109829964.0,15:35:00,2026-09-07
sz002775,文科股份,3.57,0.0,0.0,3.56,3.57,3.57,3.62,3.62,3.51,7524200.0,26952638.0,15:35:15,2026-09-07
sz002777,久远银海,12.82,-0.12,-0.927,12.82,12.83,12.94,12.9,12.96,12.76,4851275.0,62266699.0,15:35:30,2026-09-07
sz002778,中晟高科,16.88,0.18,1.078,16.88,16.9,16.7,16.67,17.28,16.55,3824110.0,64666473.0,15:35:45,2026-09-07
sz002779,中坚科技,81.51,0.79,0.979,81.51,81.56,80.72,80.0,82.82,79.77,3485622.0,284027995.0,15:35:00,2026-09-07
sz002780,三夫户外,13.99,-0.22,-1.548,13.99,14.0,14.21,14.22,14.22,13.93,6765510.0,95124746.0,15:35:15,2026-09-07
sz002782,可立克,15.74,0.5,3.281,15.74,15.75,15.24,15.34,15.81,15.26,8755600.0,136570092.0,15:35:30,2026-09-07
sz002783,凯龙股份,8.03,-0.02,-0.248,8.03,8.04,8.05,8.01,8.09,7.9,7037740.0,56306111.0,15:35:45,2026-09-07
sz002785,万里石,36.46,1.41,4.023,36.45,36.46,35.05,35.61,36.48,34.88,6298018.0,225697543.0,15:35:00,2026-09-07
sz002786,银宝山新,7.97,0.04,0.504,7.97,7.98,7.93,7.91,8.02,7.88,5288150.0,42164602.0,15:35:15,2026-09-07
sz002787,华源控股,23.68,0.25,1.067,23.68,23.69,23.43,23.33,23.88,22.86,24824856.0,580977054.0,15:35:30,2026-09-07
sz002788,鹭燕医药,11.54,0.58,5.292,11.54,11.55,10.96,10.96,11.8,10.95,22100564.0,253582486.0,15:35:45,2026-09-07
sz002789,*ST建艺,12.9,0.1,0.781,12.9,12.91,12.8,12.76,13.13,12.57,4450800.0,57359855.0,15:35:00,2026-09-07
sz002790,瑞尔特,6.35,-0.1,-1.55,6.35,6.37,6.45,6.45,6.48,6.34,3826204.0,24442251.0,15:35:15,2026-09-07
sz002791,坚朗五金,15.24,0.2,1.33,15.24,15.25,15.04,15.19,15.34,14.95,2720699.0,41311838.0,15:35:30,2026-09-07
sz002792,通宇通讯,30.06,-0.38,-1.248,30.06,30.07,30.44,30.05,30.49,29.76,21120918.0,635142636.0,15:35:45,2026-09-07
sz002793,罗欣药业,4.75,-0.02,-0.419,4.75,4.76,4.77,4.74,4.79,4.73,14854900.0,70621031.0,15:35:00,2026-09-07
sz002795,永和智控,7.18,-0.15,-2.046,7.18,7.19,7.33,7.4,7.68,7.14,24284700.0,178165208.0,15:35:15,2026-09-07
sz002796,世嘉科技,30.09,1.64,5.764,30.09,30.1,28.45,28.46,30.54,28.46,15335955.0,455204441.0,15:35:30,2026-09-07
sz002797,第一创业,6.46,-0.1,-1.524,6.46,6.47,6.56,6.54,6.6,6.45,52786174.0,343899698.0,15:35:45,2026-09-07
sz002798,帝欧水华,6.93,0.31,4.683,6.92,6.93,6.62,6.7,7.05,6.62,21391752.0,147754637.0,15:35:00,2026-09-07
sz002799,环球印务,6.96,0.05,0.724,6.96,6.97,6.91,6.97,7.02,6.87,4401779.0,30570340.0,15:35:15,2026-09-07
sz002800,天顺股份,15.07,-0.03,-0.199,15.06,15.07,15.1,15.21,15.26,15.03,2415880.0,36592599.0,15:35:30,2026-09-07
sz002801,微光股份,27.97,-0.01,-0.036,27.97,27.99,27.98,27.82,28.1,27.65,1039664.0,29004641.0,15:35:45,2026-09-07
sz002802,洪汇新材,12.41,0.06,0.486,12.39,12.41,12.35,12.27,12.54,12.27,1998839.0,24832371.0,15:35:00,2026-09-07
sz002803,吉宏股份,19.98,-0.83,-3.988,19.97,19.98,20.81,20.6,20.74,19.86,14002666.0,281506596.0,15:35:15,2026-09-07
sz002805,丰元股份,17.18,-0.27,-1.547,17.18,17.19,17.45,17.42,17.53,17.11,10074841.0,173738998.0,15:35:30,2026-09-07
sz002806,华锋股份,14.73,0.0,0.0,14.73,14.74,14.73,14.77,14.9,14.57,3783528.0,55851022.0,15:35:45,2026-09-07
sz002807,江阴银行,4.17,-0.05,-1.185,4.17,4.18,4.22,4.22,4.23,4.15,44444261.0,185532607.0,15:35:00,2026-09-07
sz002809,红墙股份,8.73,0.01,0.115,8.73,8.74,8.72,8.8,8.84,8.7,5795534.0,50797353.0,15:35:15,2026-09-07
sz002810,山东赫达,21.76,0.22,1.021,21.76,21.77,21.54,21.53,21.77,21.26,3891529.0,83810929.0,15:35:30,2026-09-07
sz002811,郑中设计,14.38,-0.54,-3.619,14.38,14.39,14.92,15.18,15.29,14.31,21387350.0,313512787.0,15:35:45,2026-09-07
sz002812,恩捷股份,48.2,-0.07,-0.145,48.2,48.21,48.27,48.27,48.52,47.51,12619784.0,608155156.0,15:35:00,2026-09-07
sz002813,路畅科技,21.99,0.27,1.243,21.96,21.99,21.72,21.78,22.05,21.68,1433500.0,31300257.0,15:35:15,2026-09-07
sz002815,崇达技术,16.01,1.46,10.034,16.01,0.0,14.55,14.84,16.01,14.69,85400671.0,1334323624.0,15:35:30,2026-09-07
sz002816,*ST和科,23.01,0.01,0.043,23.0,23.01,23.0,22.81,23.39,22.8,1113400.0,25743420.0,15:35:45,2026-09-07
sz002817,黄山胶囊,6.76,0.03,0.446,6.76,6.79,6.73,6.73,6.83,6.7,4313211.0,29225382.0,15:35:00,2026-09-07
sz002818,富森美,11.1,0.07,0.635,11.1,11.11,11.03,10.96,11.12,10.91,5595100.0,61647638.0,15:35:15,2026-09-07
sz002819,东方中科,21.6,0.1,0.465,21.59,21.6,21.5,21.5,21.64,21.22,2169100.0,46591325.0,15:35:30,2026-09-07
sz002820,桂发祥,10.61,0.35,3.411,10.6,10.61,10.26,10.26,10.65,10.22,15879700.0,167481115.0,15:35:45,2026-09-07
sz002821,凯莱英,166.6,3.58,2.196,166.6,166.61,163.02,161.18,167.49,161.18,6694707.0,1110107391.0,15:35:00,2026-09-07
sz002822,ST中装,3.1,0.0,0.0,3.09,3.1,3.1,3.07,3.12,3.06,4520541.0,14019913.0,15:35:15,2026-09-07
sz002823,凯中精密,13.18,0.09,0.688,13.18,13.19,13.09,13.13,13.23,13.06,2364700.0,31142613.0,15:35:30,2026-09-07
sz002824,和胜股份,26.86,1.2,4.677,26.86,26.87,25.66,25.8,27.15,25.56,21310706.0,567863570.0,15:35:45,2026-09-07
sz002825,纳尔股份,10.0,0.16,1.626,10.0,10.01,9.84,9.83,10.04,9.8,5564719.0,55462368.0,15:35:00,2026-09-07
sz002826,易明医药,17.93,0.22,1.242,17.92,17.93,17.71,17.83,18.0,17.67,3592471.0,64207540.0,15:35:15,2026-09-07
sz002827,高争民爆,71.05,4.9,7.407,71.05,71.06,66.15,67.0,71.8,65.01,24010999.0,1644408810.0,15:35:30,2026-09-07
sz002828,贝肯能源,12.07,0.14,1.174,12.07,12.08,11.93,11.99,12.34,11.91,13145750.0,159353524.0,15:35:45,2026-09-07
sz002829,星网宇达,20.81,-0.37,-1.747,20.8,20.81,21.18,20.97,21.38,20.67,5834200.0,121886030.0,15:35:00,2026-09-07
sz002830,名雕股份,15.26,0.26,1.733,15.26,15.27,15.0,15.04,15.31,14.95,3539600.0,53721518.0,15:35:15,2026-09-07
sz002831,裕同科技,27.81,0.28,1.017,27.8,27.81,27.53,27.36,28.0,26.75,14077736.0,386401041.0,15:35:30,2026-09-07
sz002832,比音勒芬,26.21,-0.39,-1.466,26.21,26.22,26.6,26.65,26.74,26.13,9029909.0,237964294.0,15:35:45,2026-09-07
sz002833,弘亚数控,19.15,0.4,2.133,19.14,19.15,18.75,18.81,19.2,18.72,5651905.0,107697048.0,15:35:00,2026-09-07
sz002835,同为股份,12.92,0.04,0.311,12.91,12.92,12.88,12.83,13.09,12.83,2137100.0,27719452.0,15:35:15,2026-09-07
sz002836,新宏泽,10.26,0.26,2.6,10.25,10.26,10.0,10.03,10.28,9.94,3303114.0,33503775.0,15:35:30,2026-09-07
sz002837,英维克,64.47,0.56,0.876,64.47,64.48,63.91,63.01,65.71,62.63,55156583.0,3553405611.0,15:35:45,2026-09-07
sz002838,道恩股份,25.6,0.86,3.476,25.59,25.6,24.74,24.9,25.72,24.7,7112866.0,180052157.0,15:35:00,2026-09-07
sz002839,张家港行,4.31,-0.1,-2.268,4.3,4.31,4.41,4.42,4.42,4.3,39594195.0,171794494.0,15:35:15,2026-09-07
sz002840,华统股份,9.1,-0.15,-1.622,9.1,9.11,9.25,9.13,9.25,8.99,29696900.0,271080670.0,15:35:30,2026-09-07
sz002841,视源股份,47.95,-0.9,-1.842,47.94,47.95,48.85,48.8,49.33,47.62,9068060.0,435606500.0,15:35:45,2026-09-07
sz002842,翔鹭钨业,34.64,0.5,1.465,34.64,34.65,34.14,34.2,34.77,33.85,16601067.0,572538824.0,15:35:00,2026-09-07
sz002843,泰嘉股份,16.67,0.47,2.901,16.66,16.67,16.2,16.51,16.8,16.34,8911600.0,148087292.0,15:35:15,2026-09-07
sz002845,同兴达,13.54,0.07,0.52,13.54,13.55,13.47,13.57,13.66,13.47,5256800.0,71401186.0,15:35:30,2026-09-07
sz002846,英联股份,11.02,-0.01,-0.091,11.02,11.03,11.03,11.04,11.1,10.93,5362165.0,59084627.0,15:35:45,2026-09-07
sz002847,盐津铺子,46.28,0.83,1.826,46.28,46.29,45.45,45.5,46.81,45.0,3534082.0,162291719.0,15:35:00,2026-09-07
sz002848,高斯贝尔,13.59,-0.21,-1.522,13.59,13.6,13.8,13.81,13.9,13.3,6109800.0,82633871.0,15:35:15,2026-09-07
sz002849,威星智能,17.33,-1.16,-6.274,17.33,17.35,18.49,18.41,18.55,17.26,15590408.0,276427491.0,15:35:30,2026-09-07
sz002850,科达利,178.83,6.53,3.79,178.83,178.88,172.3,173.0,181.22,172.99,4871297.0,870795815.0,15:35:45,2026-09-07
sz002851,麦格米特,132.03,10.86,8.963,132.02,132.03,121.17,123.99,132.2,123.0,37773972.0,4844088381.0,15:35:00,2026-09-07
sz002852,道道全,9.36,0.85,9.988,9.36,0.0,8.51,8.65,9.36,8.64,15544238.0,141894798.0,15:35:15,2026-09-07
sz002853,皮阿诺,21.87,-0.05,-0.228,21.85,21.87,21.92,22.1,22.22,21.7,1061900.0,23302080.0,15:35:30,2026-09-07
sz002855,捷荣技术,19.15,1.2,6.685,19.15,19.16,17.95,19.22,19.66,18.12,35532879.0,666157174.0,15:35:45,2026-09-07
sz002856,*ST美芝,21.7,1.35,6.634,21.69,21.7,20.35,22.39,22.39,21.01,11028960.0,240343131.0,15:35:00,2026-09-07
sz002857,三晖电气,18.76,-0.39,-2.037,18.76,18.77,19.15,19.15,19.24,18.69,2065700.0,39009801.0,15:35:15,2026-09-07
sz002858,力盛体育,12.15,-0.13,-1.059,12.15,12.17,12.28,12.05,12.27,11.88,8585200.0,104152226.0,15:35:30,2026-09-07
sz002859,洁美科技,62.83,1.39,2.262,62.83,62.84,61.44,61.4,63.38,61.2,12419210.0,775172626.0,15:35:45,2026-09-07
sz002860,星帅尔,17.78,0.13,0.737,17.78,17.79,17.65,17.63,17.97,17.46,7729003.0,137168686.0,15:35:00,2026-09-07
sz002861,瀛通通讯,15.86,-0.09,-0.564,15.86,15.88,15.95,16.02,16.23,15.78,4008020.0,63963607.0,15:35:15,2026-09-07
sz002862,实丰文化,16.05,0.01,0.062,16.04,16.05,16.04,15.86,16.39,15.28,19168784.0,300785502.0,15:35:30,2026-09-07
sz002863,今飞凯达,4.83,0.04,0.835,4.82,4.83,4.79,4.79,4.88,4.78,9114737.0,44046490.0,15:35:45,2026-09-07
sz002864,盘龙药业,21.46,-0.02,-0.093,21.46,21.47,21.48,21.35,21.71,21.32,1585560.0,34056043.0,15:35:00,2026-09-07
sz002865,钧达股份,38.31,0.08,0.209,38.31,38.33,38.23,38.48,38.68,38.11,5890700.0,226150974.0,15:35:15,2026-09-07
sz002866,传艺科技,14.52,0.15,1.044,14.52,14.53,14.37,14.37,14.57,14.3,3763700.0,54552652.0,15:35:30,2026-09-07
sz002867,周大生,10.74,-0.14,-1.287,10.73,10.74,10.88,10.87,10.88,10.7,10380774.0,111762620.0,15:35:45,2026-09-07
sz002868,绿康生化,25.69,-0.14,-0.542,25.54,25.69,25.83,25.7,26.87,24.9,11683742.0,298884136.0,15:35:00,2026-09-07
sz002869,金溢科技,16.2,-0.2,-1.22,16.2,16.21,16.4,16.06,16.42,16.06,3189450.0,51771911.0,15:35:15,2026-09-07
sz002870,香山股份,0.0,0.0,0.0,0.0,0.0,53.0,0.0,0.0,0.0,0.0,0.0,15:35:30,2026-09-07
sz002871,伟隆股份,19.59,-0.08,-0.407,19.59,19.6,19.67,19.7,19.83,18.86,6041894.0,116639113.0,15:35:45,2026-09-07
sz002872,ST天圣,5.93,0.12,2.065,5.92,5.93,5.81,5.84,5.93,5.8,2809150.0,16527296.0,15:35:00,2026-09-07
sz002873,新天药业,8.55,0.14,1.665,8.54,8.55,8.41,8.52,8.59,8.46,4955902.0,42265000.0,15:35:15,2026-09-07
sz002875,安奈儿,13.55,-0.07,-0.514,13.55,13.56,13.62,13.74,13.75,13.5,5656205.0,77036913.0,15:35:30,2026-09-07
sz002876,三利谱,29.95,0.25,0.842,29.94,29.95,29.7,30.0,30.32,29.5,1914513.0,57212012.0,15:35:45,2026-09-07
sz002877,智能自控,7.56,-0.04,-0.526,7.53,7.56,7.6,7.57,7.61,7.48,4213943.0,31765055.0,15:35:00,2026-09-07
sz002878,元隆雅图,13.11,0.04,0.306,13.11,13.12,13.07,13.05,13.25,12.92,4876400.0,63909747.0,15:35:15,2026-09-07
sz002879,长缆科技,16.73,-0.11,-0.653,16.73,16.74,16.84,16.64,16.84,16.54,7607799.0,127113430.0,15:35:30,2026-09-07
sz002880,卫光生物,23.18,0.98,4.414,23.18,23.19,22.2,22.2,23.29,21.8,6236763.0,141034914.0,15:35:45,2026-09-07
sz002881,美格智能,46.12,4.19,9.993,46.12,0.0,41.93,46.12,46.12,46.12,3039120.0,140164214.0,15:35:00,2026-09-07
sz002882,金龙羽,23.79,-0.51,-2.099,23.79,23.8,24.3,24.0,24.18,23.46,14533700.0,345274609.0,15:35:15,2026-09-07
sz002883,*ST中设,9.42,-0.04,-0.423,9.42,9.43,9.46,9.45,9.48,9.32,919420.0,8661985.0,15:35:30,2026-09-07
sz002884,凌霄泵业,15.97,0.06,0.377,15.96,15.97,15.91,15.99,15.99,15.81,1374606.0,21872611.0,15:35:45,2026-09-07
sz002885,京泉华,30.03,2.3,8.294,30.02,30.03,27.73,28.5,30.5,27.75,35632417.0,1047606077.0,15:35:00,2026-09-07
sz002886,沃特股份,26.52,1.41,5.615,26.52,26.53,25.11,25.45,26.77,24.61,54902325.0,1419866500.0,15:35:15,2026-09-07
sz002887,绿茵生态,9.38,0.1,1.078,9.37,9.38,9.28,9.28,9.74,9.22,6365099.0,60387763.0,15:35:30,2026-09-07
sz002888,惠威科技,20.71,-1.29,-5.864,20.7,20.71,22.0,21.54,21.98,20.03,8970170.0,185311529.0,15:35:45,2026-09-07
sz002889,东方嘉盛,12.14,-0.02,-0.164,12.14,12.16,12.16,12.15,12.25,12.07,2121660.0,25775195.0,15:35:00,2026-09-07
sz002890,弘宇股份,15.29,-0.3,-1.924,15.23,15.29,15.59,15.53,15.53,14.89,3569700.0,53969705.0,15:35:15,2026-09-07
sz002891,中宠股份,29.77,1.16,4.055,29.77,29.78,28.61,28.49,29.82,28.49,11858756.0,347537776.0,15:35:30,2026-09-07
sz002892,科力尔,9.19,0.16,1.772,9.18,9.19,9.03,9.09,9.36,9.06,8380728.0,77192758.0,15:35:45,2026-09-07
sz002893,京能热力,10.54,-0.05,-0.472,10.54,10.55,10.59,10.51,10.62,10.46,13322301.0,140178445.0,15:35:00,2026-09-07
sz002895,川恒股份,32.87,-0.73,-2.173,32.87,32.9,33.6,33.44,33.7,32.83,5010529.0,166196625.0,15:35:15,2026-09-07
sz002896,中大力德,63.58,0.95,1.517,63.58,63.59,62.63,62.64,64.5,62.6,6440360.0,410512316.0,15:35:30,2026-09-07
sz002897,意华股份,61.3,3.95,6.888,61.29,61.3,57.35,57.9,61.96,57.9,18675528.0,1129057682.0,15:35:45,2026-09-07
sz002899,英派斯,19.82,1.07,5.707,19.82,19.83,18.75,19.1,19.92,18.79,5623984.0,110485484.0,15:35:00,2026-09-07
sz002900,哈三联,12.31,0.07,0.572,12.31,12.32,12.24,12.24,12.35,12.13,7247200.0,88967354.0,15:35:15,2026-09-07
sz002901,大博医疗,40.82,-0.4,-0.97,40.82,40.83,41.22,41.01,41.35,40.67,1012750.0,41467414.0,15:35:30,2026-09-07
sz002902,铭普光磁,27.18,2.47,9.996,27.18,0.0,24.71,25.0,27.18,24.99,17407411.0,458622498.0,15:35:45,2026-09-07
sz002903,宇环数控,28.36,1.12,4.112,28.35,28.36,27.24,27.03,28.45,26.8,13354525.0,372405466.0,15:35:00,2026-09-07
sz002905,金逸影视,8.69,0.23,2.719,8.68,8.69,8.46,8.39,8.76,8.38,8362600.0,72124796.0,15:35:15,2026-09-07
sz002906,华阳集团,28.68,0.23,0.808,28.66,28.68,28.45,28.47,28.78,28.08,8414201.0,238738821.0,15:35:30,2026-09-07
sz002907,华森制药,14.21,-0.28,-1.932,14.21,14.22,14.49,14.5,14.54,14.13,8729999.0,124767135.0,15:35:45,2026-09-07
sz002908,德生科技,7.35,-0.04,-0.541,7.35,7.36,7.39,7.35,7.44,7.31,5650224.0,41571323.0,15:35:00,2026-09-07
sz002909,集泰股份,7.93,0.72,9.986,7.93,0.0,7.21,7.54,7.93,7.24,104663398.0,812185792.0,15:35:15,2026-09-07
sz002910,庄园牧场,10.49,0.33,3.248,10.49,10.5,10.16,10.23,10.52,10.11,7074135.0,73396578.0,15:35:30,2026-09-07
sz002911,佛燃能源,11.35,-0.16,-1.39,11.35,11.36,11.51,11.49,11.51,11.31,5248785.0,59644343.0,15:35:45,2026-09-07
sz002912,中新赛克,19.84,-0.16,-0.8,19.84,19.85,20.0,19.99,20.13,19.74,2111400.0,41959642.0,15:35:00,2026-09-07
sz002913,奥士康,65.11,4.11,6.738,65.11,65.12,61.0,62.01,65.5,62.0,9146241.0,584801027.0,15:35:15,2026-09-07
sz002915,中欣氟材,18.05,-0.01,-0.055,18.05,18.06,18.06,18.0,18.17,17.88,9670801.0,174204612.0,15:35:30,2026-09-07
sz002916,深南电路,364.98,33.18,10.0,364.98,0.0,331.8,338.0,364.98,336.0,9240879.0,3314184036.0,15:35:45,2026-09-07
sz002917,金奥博,10.54,-0.04,-0.378,10.54,10.55,10.58,10.57,10.64,10.5,2107800.0,22298171.0,15:35:00,2026-09-07
sz002918,蒙娜丽莎,10.91,-0.03,-0.274,10.91,10.92,10.94,10.98,11.14,10.9,11364400.0,124767481.0,15:35:15,2026-09-07
sz002919,名臣健康,18.13,0.0,0.0,18.13,18.15,18.13,18.18,18.5,17.98,3691400.0,67175452.0,15:35:30,2026-09-07
sz002920,德赛西威,88.56,0.56,0.636,88.55,88.56,88.0,88.18,89.3,87.0,6904891.0,609276308.0,15:35:45,2026-09-07
sz002921,联诚精密,21.85,-0.05,-0.228,21.84,21.85,21.9,22.33,22.49,21.8,4264549.0,93868390.0,15:35:00,2026-09-07
sz002922,伊戈尔,25.8,0.53,2.097,25.8,25.81,25.27,25.52,26.05,24.72,34399284.0,870731479.0,15:35:15,2026-09-07
sz002923,润都股份,11.13,0.02,0.18,11.12,11.13,11.11,11.11,11.24,11.04,5309836.0,59132220.0,15:35:30,2026-09-07
sz002925,盈趣科技,23.12,-0.21,-0.9,23.12,23.13,23.33,23.5,23.63,22.8,11202545.0,258825524.0,15:35:45,2026-09-07
sz002926,华西证券,8.49,-0.09,-1.049,8.48,8.49,8.58,8.62,8.64,8.47,16789100.0,143067093.0,15:35:00,2026-09-07
sz002927,泰永长征,17.77,0.44,2.539,17.76,17.77,17.33,17.47,18.01,17.33,6490400.0,115134185.0,15:35:15,2026-09-07
sz002928,华夏航空,6.42,-0.01,-0.156,6.41,6.42,6.43,6.38,6.46,6.34,19199786.0,122923866.0,15:35:30,2026-09-07
sz002929,润建股份,51.95,1.3,2.567,51.94,51.95,50.65,50.88,52.36,50.59,7580752.0,392080596.0,15:35:45,2026-09-07
sz002930,宏川智慧,9.49,0.0,0.0,9.49,9.5,9.49,9.49,9.54,9.4,6364392.0,60412743.0,15:35:00,2026-09-07
sz002931,锋龙股份,45.05,1.37,3.136,45.04,45.05,43.68,43.8,46.0,43.8,6527482.0,294337692.0,15:35:15,2026-09-07
sz002932,*ST明德,15.3,-0.21,-1.354,15.3,15.31,15.51,15.47,15.55,15.3,875991.0,13498315.0,15:35:30,2026-09-07
sz002933,新兴装备,27.52,-0.41,-1.468,27.52,27.54,27.93,27.8,27.93,27.44,1489500.0,41212239.0,15:35:45,2026-09-07
sz002935,天奥电子,15.7,-0.08,-0.507,15.7,15.72,15.78,15.78,15.83,15.64,3062900.0,48157967.0,15:35:00,2026-09-07
sz002936,郑州银行,1.78,-0.02,-1.111,1.77,1.78,1.8,1.8,1.81,1.77,73604174.0,131286464.0,15:35:15,2026-09-07
sz002937,兴瑞科技,29.33,1.29,4.601,29.33,29.34,28.04,28.25,29.38,28.05,9231250.0,266730069.0,15:35:30,2026-09-07
sz002938,鹏鼎控股,89.99,6.7,8.044,89.99,90.0,83.29,84.26,90.6,83.47,28040249.0,2471957909.0,15:35:45,2026-09-07
sz002939,长城证券,8.07,-0.06,-0.738,8.07,8.08,8.13,8.13,8.16,8.06,19639849.0,158913951.0,15:35:00,2026-09-07
sz002940,昂利康,25.95,-0.93,-3.46,25.95,25.96,26.88,26.66,27.17,25.85,22188513.0,579544345.0,15:35:15,2026-09-07
sz002941,新疆交建,11.01,0.03,0.273,11.01,11.03,10.98,10.93,11.06,10.91,6081248.0,66802988.0,15:35:30,2026-09-07
sz002942,新农股份,18.52,0.55,3.061,18.52,18.53,17.97,18.25,18.98,18.12,12528154.0,232231596.0,15:35:45,2026-09-07
sz002943,宇晶股份,31.02,0.02,0.065,31.01,31.02,31.0,31.29,32.18,30.77,10408673.0,327435465.0,15:35:00,2026-09-07
sz002945,华林证券,14.92,-0.21,-1.388,14.91,14.92,15.13,15.34,15.9,14.87,30911602.0,472274397.0,15:35:15,2026-09-07
sz002946,新乳业,15.52,-0.06,-0.385,15.52,15.54,15.58,15.55,15.72,15.45,5144600.0,80120141.0,15:35:30,2026-09-07
sz002947,恒铭达,66.75,-1.28,-1.882,66.75,66.77,68.03,68.05,68.54,65.69,13196728.0,882919688.0,15:35:45,2026-09-07
sz002948,青岛银行,6.22,-0.13,-2.047,6.22,6.23,6.35,6.36,6.38,6.16,52511342.0,327051475.0,15:35:00,2026-09-07
sz002949,华阳国际,14.05,-0.02,-0.142,14.05,14.1,14.07,14.32,14.58,13.64,18939300.0,265179350.0,15:35:15,2026-09-07
sz002950,奥美医疗,8.83,0.04,0.455,8.82,8.83,8.79,8.75,8.85,8.75,2941150.0,25914536.0,15:35:30,2026-09-07
sz002951,金时科技,16.38,0.56,3.54,16.38,16.39,15.82,15.83,16.71,15.54,7169100.0,116931588.0,15:35:45,2026-09-07
sz002952,亚世光电,21.22,-0.45,-2.077,21.22,21.23,21.67,21.57,21.88,21.2,11119500.0,238306405.0,15:35:00,2026-09-07
sz002953,日丰股份,10.68,0.18,1.714,10.68,10.69,10.5,10.55,10.75,10.45,12614781.0,134344232.0,15:35:15,2026-09-07
sz002955,鸿合科技,38.7,-0.23,-0.591,38.69,38.7,38.93,39.58,39.77,37.61,6822844.0,262634878.0,15:35:30,2026-09-07
sz002956,西麦食品,16.74,-0.03,-0.179,16.73,16.74,16.77,16.85,16.88,16.53,2789942.0,46551813.0,15:35:45,2026-09-07
sz002957,科瑞技术,40.92,3.72,10.0,40.92,0.0,37.2,38.07,40.92,37.6,20211785.0,805040609.0,15:35:00,2026-09-07
sz002958,青农商行,2.97,-0.04,-1.329,2.97,2.98,3.01,3.0,3.02,2.96,76848632.0,229126896.0,15:35:15,2026-09-07
sz002959,小熊电器,32.74,0.32,0.987,32.7,32.74,32.42,32.47,32.74,32.2,514898.0,16756218.0,15:35:30,2026-09-07
sz002960,青鸟智控,8.8,0.03,0.342,8.8,8.81,8.77,8.82,8.84,8.7,6877778.0,60438195.0,15:35:45,2026-09-07
sz002961,瑞达期货,19.93,-0.42,-2.064,19.93,19.94,20.35,20.38,20.43,19.91,7913595.0,158844524.0,15:35:00,2026-09-07
sz002962,五方光电,12.96,0.14,1.092,12.96,12.97,12.82,12.77,13.04,12.77,4631192.0,59928732.0,15:35:15,2026-09-07
sz002963,豪尔赛,22.15,2.01,9.98,22.15,0.0,20.14,20.28,22.15,20.2,12641476.0,274726809.0,15:35:30,2026-09-07
sz002965,祥鑫科技,30.63,0.66,2.202,30.62,30.63,29.97,30.0,31.13,29.8,12752622.0,390794438.0,15:35:45,2026-09-07
sz002966,苏州银行,8.98,-0.22,-2.391,8.98,8.99,9.2,9.13,9.18,8.94,53858345.0,486127327.0,15:35:00,2026-09-07
sz002967,广电计量,17.49,-0.18,-1.019,17.49,17.5,17.67,17.77,17.77,17.45,4103000.0,72047981.0,15:35:15,2026-09-07
sz002968,新大正,9.66,0.06,0.625,9.65,9.66,9.6,9.58,9.68,9.53,2927770.0,28170390.0,15:35:30,2026-09-07
sz002969,嘉美包装,12.64,-0.49,-3.732,12.64,12.65,13.13,13.24,13.3,12.38,64852118.0,819093011.0,15:35:45,2026-09-07
sz002970,锐明技术,51.45,2.95,6.082,51.44,51.45,48.5,49.34,51.59,48.24,11140112.0,554729850.0,15:35:00,2026-09-07
sz002971,和远气体,39.81,1.16,3.001,39.8,39.81,38.65,38.82,40.2,38.38,15465851.0,609758908.0,15:35:15,2026-09-07
sz002972,科安达,13.93,1.27,10.032,13.93,0.0,12.66,12.66,13.93,12.65,14605460.0,196453371.0,15:35:30,2026-09-07
sz002973,侨银股份,12.49,-0.16,-1.265,12.49,12.5,12.65,12.58,12.67,12.18,5567300.0,69109504.0,15:35:45,2026-09-07
sz002975,博杰股份,104.53,9.5,9.997,104.53,0.0,95.03,97.0,104.53,96.15,16449249.0,1680311668.0,15:35:00,2026-09-07
sz002976,瑞玛精密,25.46,1.82,7.699,25.45,25.46,23.64,23.88,25.58,23.62,8953069.0,223197925.0,15:35:15,2026-09-07
sz002977,*ST天箭,20.88,-0.06,-0.287,20.83,20.88,20.94,20.89,20.98,20.72,733502.0,15277333.0,15:35:30,2026-09-07
sz002978,安宁股份,25.96,-0.12,-0.46,25.95,25.96,26.08,26.18,26.18,25.88,1982700.0,51455859.0,15:35:45,2026-09-07
sz002979,雷赛智能,54.33,1.31,2.471,54.32,54.33,53.02,52.95,54.98,52.86,7336212.0,398751349.0,15:35:00,2026-09-07
sz002980,华盛昌,118.1,10.74,10.004,118.1,0.0,107.36,110.04,118.1,107.56,11206100.0,1284638528.0,15:35:15,2026-09-07
sz002981,朝阳科技,24.25,0.01,0.041,24.24,24.25,24.24,24.33,24.38,24.06,1489440.0,36134801.0,15:35:30,2026-09-07
sz002982,湘佳股份,13.51,0.38,2.894,13.51,13.52,13.13,13.14,13.59,13.04,7715660.0,103175798.0,15:35:45,2026-09-07
sz002983,芯瑞达,21.31,-0.27,-1.251,21.3,21.31,21.58,21.58,21.75,21.25,2257483.0,48343152.0,15:35:00,2026-09-07
sz002984,森麒麟,13.56,-0.2,-1.453,13.56,13.57,13.76,13.79,13.88,13.55,8476120.0,115573199.0,15:35:15,2026-09-07
sz002985,北摩高科,29.18,1.47,5.305,29.17,29.18,27.71,27.71,29.25,27.55,11390196.0,327552780.0,15:35:30,2026-09-07
sz002986,宇新股份,13.17,-0.35,-2.589,13.17,13.2,13.52,13.64,13.66,13.08,6330978.0,84110264.0,15:35:45,2026-09-07
sz002987,京北方,11.83,-0.43,-3.507,11.83,11.84,12.26,12.09,12.17,11.82,20253479.0,241030799.0,15:35:00,2026-09-07
sz002988,豪美新材,28.77,2.62,10.019,28.77,0.0,26.15,26.3,28.77,26.15,15516696.0,431417375.0,15:35:15,2026-09-07
sz002989,中天精装,23.62,0.67,2.919,23.62,23.63,22.95,22.84,24.36,22.69,6137752.0,145368533.0,15:35:30,2026-09-07
sz002990,盛视科技,48.56,1.8,3.849,48.55,48.56,46.76,47.15,49.09,46.56,7662642.0,369621186.0,15:35:45,2026-09-07
sz002991,甘源食品,39.57,0.64,1.644,39.57,39.58,38.93,38.92,39.63,38.88,1125855.0,44184705.0,15:35:00,2026-09-07
sz002992,宝明科技,34.16,1.51,4.625,34.15,34.16,32.65,33.4,35.58,33.3,2449818.0,84705416.0,15:35:15,2026-09-07
sz002993,奥海科技,38.18,1.52,4.146,38.18,38.19,36.66,37.42,38.38,37.04,6952888.0,263743874.0,15:35:30,2026-09-07
sz002995,天地在线,18.21,-0.01,-0.055,18.2,18.21,18.22,18.22,18.49,18.02,7217503.0,131353198.0,15:35:45,2026-09-07
sz002996,顺博合金,6.17,-0.03,-0.484,6.17,6.18,6.2,6.19,6.22,6.13,5800400.0,35812916.0,15:35:00,2026-09-07
sz002997,瑞鹄模具,28.4,-0.11,-0.386,28.4,28.41,28.51,28.52,28.76,28.37,2056600.0,58564284.0,15:35:15,2026-09-07
sz002998,优彩资源,0.0,0.0,0.0,0.0,0.0,8.6,0.0,0.0,0.0,0.0,0.0,15:35:30,2026-09-07
sz002999,天禾股份,6.7,0.13,1.979,6.7,6.71,6.57,6.67,6.75,6.57,36572905.0,244624359.0,15:35:45,2026-09-07
sz003000,劲仔食品,9.92,0.14,1.431,9.91,9.92,9.78,9.85,10.04,9.83,7426568.0,73803063.0,15:35:00,2026-09-07
sz003001,中岩大地,16.18,-0.08,-0.492,16.18,16.19,16.26,16.27,16.45,16.11,3685940.0,59757959.0,15:35:15,2026-09-07
sz003002,壶化股份,17.6,-0.08,-0.452,17.6,17.61,17.68,17.42,18.0,17.01,13141917.0,230237899.0,15:35:30,2026-09-07
sz003003,天元股份,11.26,0.04,0.357,11.26,11.27,11.22,11.17,11.35,11.1,2687400.0,30254434.0,15:35:45,2026-09-07
sz003004,声迅股份,77.9,2.65,3.522,77.89,77.9,75.25,75.5,78.78,75.0,2568000.0,198202416.0,15:35:00,2026-09-07
sz003005,竞业达,19.18,0.7,3.788,19.18,19.19,18.48,17.64,19.39,17.5,45594934.0,854839627.0,15:35:15,2026-09-07
sz003006,百亚股份,15.38,0.72,4.911,15.38,15.39,14.66,14.61,15.39,14.55,13766233.0,207874693.0,15:35:30,2026-09-07
sz003007,直真科技,39.17,-0.03,-0.077,39.16,39.17,39.2,39.0,39.41,38.85,1437800.0,56291873.0,15:35:45,2026-09-07
sz003008,开普检测,19.71,0.01,0.051,19.71,19.74,19.7,19.71,19.9,19.53,1317430.0,25965635.0,15:35:00,2026-09-07
sz003009,中天火箭,47.53,0.39,0.827,47.53,47.54,47.14,47.22,47.89,47.01,2402191.0,113981165.0,15:35:15,2026-09-07
sz003010,若羽臣,30.73,-0.87,-2.753,30.73,30.74,31.6,31.64,31.79,30.52,7951643.0,245330111.0,15:35:30,2026-09-07
sz003011,海象新材,20.24,-0.13,-0.638,20.24,20.27,20.37,20.37,20.62,20.09,2719400.0,55235979.0,15:35:45,2026-09-07
sz003012,东鹏控股,4.71,0.02,0.426,4.7,4.71,4.69,4.69,4.75,4.67,7030672.0,33093156.0,15:35:00,2026-09-07
sz003013,地铁设计,16.46,0.13,0.796,16.46,16.47,16.33,16.33,16.7,16.06,4355300.0,71525831.0,15:35:15,2026-09-07
sz003015,日久光电,12.09,0.02,0.166,12.07,12.09,12.07,12.16,12.27,12.07,3434300.0,41724053.0,15:35:30,2026-09-07
sz003016,欣贺股份,7.36,0.03,0.409,7.35,7.36,7.33,7.3,7.37,7.25,3796600.0,27782695.0,15:35:45,2026-09-07
sz003017,大洋生物,22.71,0.07,0.309,22.69,22.71,22.64,22.78,22.92,22.56,1320672.0,29997172.0,15:35:00,2026-09-07
sz003018,金富科技,55.01,-0.49,-0.883,55.0,55.01,55.5,55.52,56.05,53.02,23030815.0,1262892460.0,15:35:15,2026-09-07
sz003019,宸展光电,26.99,-0.49,-1.783,26.99,27.0,27.48,27.83,27.83,26.95,4023885.0,109450398.0,15:35:30,2026-09-07
sz003020,立方制药,17.72,0.01,0.056,17.71,17.72,17.71,17.71,17.9,17.6,2678580.0,47464747.0,15:35:45,2026-09-07
sz003021,兆威机电,73.02,0.54,0.745,73.01,73.02,72.48,72.1,74.18,72.0,2820558.0,206927328.0,15:35:00,2026-09-07
sz003022,联泓新科,19.4,0.09,0.466,19.4,19.41,19.31,19.25,19.56,19.22,5777800.0,112014559.0,15:35:15,2026-09-07
sz003023,彩虹集团,26.17,0.17,0.654,26.13,26.17,26.0,26.01,26.5,25.65,2997000.0,77903089.0,15:35:30,2026-09-07
sz003025,思进智能,12.18,-0.02,-0.164,12.17,12.18,12.2,12.21,12.35,12.12,2471597.0,30202160.0,15:35:45,2026-09-07
sz003026,中晶科技,28.01,0.45,1.633,28.0,28.01,27.56,27.7,28.18,27.58,4090981.0,114402859.0,15:35:00,2026-09-07
sz003027,同兴科技,17.02,0.16,0.949,17.02,17.03,16.86,16.85,17.16,16.76,1376324.0,23396550.0,15:35:15,2026-09-07
sz003028,振邦智能,23.14,0.11,0.478,23.14,23.18,23.03,23.03,23.28,22.8,745110.0,17204085.0,15:35:30,2026-09-07
sz003029,吉大正元,17.35,-0.25,-1.42,17.35,17.36,17.6,17.46,17.6,17.27,2702100.0,46950987.0,15:35:45,2026-09-07
sz003030,祖名股份,26.41,1.67,6.75,26.41,26.42,24.74,24.9,26.55,24.87,5893950.0,153573561.0,15:35:00,2026-09-07
sz003031,中瓷电子,120.72,6.94,6.099,120.72,120.75,113.78,115.37,121.85,115.0,9266726.0,1103397705.0,15:35:15,2026-09-07
sz003032,传智教育,9.67,-0.05,-0.514,9.67,9.68,9.72,9.5,9.88,9.33,64288129.0,618196115.0,15:35:30,2026-09-07
sz003033,征和工业,69.64,2.88,4.314,69.63,69.64,66.76,66.36,70.81,66.34,2027700.0,140760237.0,15:35:45,2026-09-07
sz003035,南网能源,5.64,0.0,0.0,5.63,5.64,5.64,5.64,5.68,5.56,26466611.0,148640539.0,15:35:00,2026-09-07
sz003036,泰坦股份,52.68,1.88,3.701,52.67,52.68,50.8,51.21,52.98,50.62,6685031.0,347163451.0,15:35:15,2026-09-07
sz003037,三和管桩,5.82,0.0,0.0,5.81,5.82,5.82,5.86,5.88,5.79,3111100.0,18111541.0,15:35:30,2026-09-07
sz003038,鑫铂股份,11.02,0.07,0.639,11.01,11.02,10.95,10.94,11.07,10.85,2890840.0,31794517.0,15:35:45,2026-09-07
sz003039,顺控发展,12.79,-0.06,-0.467,12.79,12.8,12.85,12.86,12.93,12.74,11795059.0,151154416.0,15:35:00,2026-09-07
sz003040,楚天龙,22.95,1.83,8.665,22.95,22.96,21.12,21.01,23.18,20.5,114275071.0,2501505202.0,15:35:15,2026-09-07
sz003041,真爱美家,38.5,-1.0,-2.532,38.49,38.5,39.5,39.25,39.31,38.4,1776000.0,68673137.0,15:35:30,2026-09-07
sz003042,中农联合,14.86,0.48,3.338,14.84,14.86,14.38,14.3,14.89,14.3,5213700.0,76803853.0,15:35:45,2026-09-07
sz003043,华亚智能,68.84,0.51,0.746,68.82,68.84,68.33,69.73,70.6,68.5,4269413.0,296577764.0,15:35:00,2026-09-07
sz003816,中国广核,4.29,-0.08,-1.831,4.28,4.29,4.37,4.37,4.39,4.27,133972536.0,576361206.0,15:35:15,2026-09-07
sz300001,特锐德,33.92,-0.46,-1.338,33.92,33.93,34.38,34.38,34.49,33.7,9602200.0,326325030.0,15:35:00,2026-09-07
sz300002,神州泰岳,8.35,0.06,0.724,8.34,8.35,8.29,8.24,8.45,8.24,40067881.0,334921128.0,15:35:15,2026-09-07
sz300003,乐普医疗,11.67,-0.07,-0.596,11.66,11.67,11.74,11.76,11.78,11.61,13844300.0,161412489.0,15:35:30,2026-09-07
sz300004,南风股份,9.18,0.47,5.396,9.17,9.18,8.71,8.71,9.44,8.71,42505036.0,387591326.0,15:35:45,2026-09-07
sz300005,探路者,10.85,0.18,1.687,10.84,10.85,10.67,10.66,10.95,10.6,36506801.0,393456050.0,15:35:00,2026-09-07
sz300006,莱美药业,5.37,0.0,0.0,5.36,5.37,5.37,5.37,5.45,5.33,18973100.0,102157118.0,15:35:15,2026-09-07
sz300007,汉威科技,31.02,0.48,1.572,31.02,31.03,30.54,30.76,31.63,30.54,7433461.0,231881452.0,15:35:30,2026-09-07
sz300008,天海防务,6.38,-0.08,-1.238,6.37,6.38,6.46,6.44,6.47,6.35,49896000.0,318888107.0,15:35:45,2026-09-07
sz300009,安科生物,8.28,-0.04,-0.481,8.28,8.29,8.32,8.25,8.31,8.14,21965279.0,180602354.0,15:35:00,2026-09-07
sz300010,ST豆神,4.43,0.19,4.481,4.42,4.43,4.24,4.12,4.43,4.0,154747338.0,658988617.0,15:35:15,2026-09-07
sz300011,鼎汉技术,6.06,0.01,0.165,6.05,6.06,6.05,6.09,6.09,6.03,2698100.0,16346393.0,15:35:30,2026-09-07
sz300012,华测检测,14.82,0.03,0.203,14.81,14.82,14.79,14.8,14.95,14.61,18456820.0,273134456.0,15:35:45,2026-09-07
sz300013,新宁物流,4.2,0.05,1.205,4.19,4.2,4.15,4.15,4.25,4.13,14438500.0,60614407.0,15:35:00,2026-09-07
sz300014,亿纬锂能,50.97,-0.07,-0.137,50.97,50.98,51.04,51.34,51.56,50.83,20694793.0,1057813807.0,15:35:15,2026-09-07
sz300015,爱尔眼科,8.28,-0.11,-1.311,8.28,8.29,8.39,8.37,8.41,8.28,48432688.0,402292159.0,15:35:30,2026-09-07
sz300016,北陆药业,8.49,0.02,0.236,8.48,8.49,8.47,8.5,8.53,8.4,16119977.0,136586588.0,15:35:45,2026-09-07
sz300017,网宿科技,15.77,0.12,0.767,15.76,15.77,15.65,15.76,15.82,15.36,125416101.0,1952988955.0,15:35:00,2026-09-07
sz300018,中元股份,11.86,-0.08,-0.67,11.86,11.87,11.94,12.01,12.04,11.68,8718474.0,103187042.0,15:35:15,2026-09-07
sz300019,硅宝科技,14.26,0.08,0.564,14.25,14.27,14.18,14.19,14.35,14.14,1970316.0,28093176.0,15:35:30,2026-09-07
sz300020,ST银江,3.99,0.11,2.835,3.99,4.0,3.88,3.88,4.03,3.88,24313209.0,96929075.0,15:35:45,2026-09-07
sz300021,大禹节水,4.18,0.09,2.2,4.17,4.18,4.09,4.11,4.22,4.1,25938222.0,108335848.0,15:35:00,2026-09-07
sz300022,吉峰科技,8.18,0.13,1.615,8.18,8.19,8.05,8.01,8.25,7.99,12302600.0,100436569.0,15:35:15,2026-09-07
sz300024,机器人,14.37,0.09,0.63,14.37,14.38,14.28,14.29,14.48,14.25,17586945.0,252830884.0,15:35:30,2026-09-07
sz300025,华星创业,6.0,0.13,2.215,6.0,6.01,5.87,5.87,6.07,5.87,15752500.0,94166476.0,15:35:45,2026-09-07
sz300026,红日药业,3.29,-0.01,-0.303,3.29,3.3,3.3,3.29,3.31,3.28,29600943.0,97514516.0,15:35:00,2026-09-07
sz300027,ST华谊,1.8,0.0,0.0,1.8,1.81,1.8,1.79,1.82,1.78,22678579.0,40806384.0,15:35:15,2026-09-07
sz300030,阳普医疗,6.82,0.0,0.0,6.82,6.83,6.82,6.81,6.87,6.76,4938500.0,33704342.0,15:35:30,2026-09-07
sz300031,宝通科技,20.79,0.07,0.338,20.79,20.8,20.72,20.81,21.29,20.79,9964875.0,208782710.0,15:35:45,2026-09-07
sz300032,金龙机电,3.87,0.02,0.519,3.87,3.88,3.85,3.88,3.9,3.82,11391400.0,44055079.0,15:35:00,2026-09-07
sz300033,同花顺,216.91,-5.09,-2.293,216.91,216.92,222.0,222.01,222.98,215.61,12734847.0,2775674642.0,15:35:15,2026-09-07
sz300034,钢研高纳,16.08,-0.26,-1.591,16.08,16.09,16.34,16.25,16.31,16.01,8311750.0,134062142.0,15:35:30,2026-09-07
sz300035,中科电气,12.76,0.21,1.673,12.76,12.77,12.55,12.66,12.79,12.51,8246628.0,104731753.0,15:35:45,2026-09-07
sz300036,超图软件,10.49,-0.11,-1.038,10.49,10.5,10.6,10.66,10.71,10.47,7880800.0,82936203.0,15:35:00,2026-09-07
sz300037,新宙邦,68.13,5.58,8.921,68.12,68.13,62.55,64.25,68.26,63.5,21880507.0,1454659138.0,15:35:15,2026-09-07
sz300039,上海凯宝,5.41,0.04,0.745,5.4,5.41,5.37,5.35,5.41,5.34,12420400.0,66919902.0,15:35:30,2026-09-07
sz300040,九洲集团,5.66,0.02,0.355,5.65,5.66,5.64,5.67,5.68,5.61,10492180.0,59280801.0,15:35:45,2026-09-07
sz300041,回天新材,10.88,-0.08,-0.73,10.87,10.88,10.96,10.92,10.98,10.75,12897495.0,140031912.0,15:35:00,2026-09-07
sz300042,朗科科技,38.61,1.16,3.097,38.61,38.62,37.45,37.95,38.98,37.95,9222402.0,355927093.0,15:35:15,2026-09-07
sz300043,星辉娱乐,4.75,0.02,0.423,4.74,4.75,4.73,4.66,4.86,4.66,56734100.0,270587201.0,15:35:30,2026-09-07
sz300044,*ST赛为,6.06,-0.04,-0.656,6.06,6.07,6.1,6.11,6.17,5.93,24949160.0,150803529.0,15:35:45,2026-09-07
sz300045,华力创通,12.01,-0.09,-0.744,12.01,12.02,12.1,12.16,12.16,11.97,10437357.0,125758093.0,15:35:00,2026-09-07
sz300046,台基股份,24.45,0.27,1.117,24.45,24.46,24.18,24.42,24.59,24.13,3312900.0,80892513.0,15:35:15,2026-09-07
sz300047,天源迪科,9.38,-0.11,-1.159,9.38,9.39,9.49,9.45,9.49,9.32,13992989.0,131418725.0,15:35:30,2026-09-07
sz300048,合康新能,5.09,0.0,0.0,5.09,5.1,5.09,5.09,5.13,5.06,6379340.0,32476298.0,15:35:45,2026-09-07
sz300049,福瑞医科,41.02,-1.28,-3.026,41.01,41.02,42.3,42.2,42.29,41.0,5473024.0,226390589.0,15:35:00,2026-09-07
sz300050,世纪鼎利,7.1,0.25,3.65,7.1,7.11,6.85,6.83,7.18,6.83,41166100.0,291266726.0,15:35:15,2026-09-07
sz300051,琏升科技,8.2,-0.02,-0.243,8.2,8.21,8.22,8.26,8.3,8.13,7953000.0,65401473.0,15:35:30,2026-09-07
sz300052,中青宝,11.47,-0.18,-1.545,11.47,11.48,11.65,11.5,11.89,11.43,19741956.0,229333117.0,15:35:45,2026-09-07
sz300053,航宇微,12.07,-0.05,-0.413,12.07,12.08,12.12,12.14,12.2,12.02,9023740.0,109122849.0,15:35:00,2026-09-07
sz300054,鼎龙股份,68.45,2.25,3.399,68.45,68.46,66.2,67.39,69.45,66.82,21475085.0,1465485955.0,15:35:15,2026-09-07
sz300055,万邦达,5.99,0.03,0.503,5.99,6.0,5.96,6.01,6.01,5.89,11157691.0,66536254.0,15:35:30,2026-09-07
sz300056,中创环保,8.62,-0.04,-0.462,8.61,8.62,8.66,8.68,8.68,8.5,8017657.0,68937298.0,15:35:45,2026-09-07
sz300057,万顺新材,6.45,0.04,0.624,6.44,6.45,6.41,6.39,6.49,6.34,15558420.0,100262585.0,15:35:00,2026-09-07
sz300058,蓝色光标,14.24,0.27,1.933,14.24,14.25,13.97,13.9,14.33,13.74,386021698.0,5418683713.0,15:35:15,2026-09-07
sz300059,东方财富,18.99,-0.16,-0.836,18.98,18.99,19.15,19.15,19.23,18.92,158714652.0,3017840890.0,15:35:30,2026-09-07
sz300061,旗天科技,6.46,-0.11,-1.674,6.45,6.46,6.57,6.53,6.63,6.35,45830640.0,295415264.0,15:35:45,2026-09-07
sz300062,中能电气,6.31,-0.08,-1.252,6.31,6.32,6.39,6.35,6.42,6.25,16761862.0,105581847.0,15:35:00,2026-09-07
sz300063,天龙集团,9.51,0.23,2.478,9.51,9.52,9.28,9.4,9.54,9.15,68387838.0,643678956.0,15:35:15,2026-09-07
sz300065,海兰信,15.49,-0.13,-0.832,15.48,15.49,15.62,15.62,15.69,15.45,22446537.0,348630323.0,15:35:30,2026-09-07
sz300066,三川智慧,4.88,0.01,0.205,4.87,4.88,4.87,4.87,4.91,4.84,8086262.0,39441588.0,15:35:45,2026-09-07
sz300067,安诺其,5.48,-0.1,-1.792,5.48,5.49,5.58,5.62,5.63,5.46,35686821.0,196433585.0,15:35:00,2026-09-07
sz300068,ST南都,4.18,0.04,0.966,4.18,4.19,4.14,4.15,4.22,4.11,23755972.0,99064928.0,15:35:15,2026-09-07
sz300069,金利华电,25.34,-0.1,-0.393,25.34,25.35,25.44,25.24,25.54,25.2,4784400.0,121340632.0,15:35:30,2026-09-07
sz300070,碧水源,3.46,0.01,0.29,3.46,3.47,3.45,3.45,3.48,3.44,22193140.0,76797502.0,15:35:45,2026-09-07
sz300071,福石控股,4.43,0.11,2.546,4.43,4.44,4.32,4.33,4.44,4.28,86599068.0,378414527.0,15:35:00,2026-09-07
sz300072,海新能科,3.62,0.0,0.0,3.62,3.63,3.62,3.63,3.64,3.57,20559802.0,74101969.0,15:35:15,2026-09-07
sz300073,当升科技,38.53,-0.13,-0.336,38.52,38.53,38.66,38.5,38.75,38.28,8860742.0,341335819.0,15:35:30,2026-09-07
sz300074,华平股份,3.84,0.01,0.261,3.83,3.84,3.83,3.82,3.87,3.79,11420245.0,43851260.0,15:35:45,2026-09-07
sz300075,数字政通,10.87,-0.12,-1.092,10.87,10.88,10.99,11.01,11.09,10.83,8812963.0,96027240.0,15:35:00,2026-09-07
sz300076,*ST宁视,4.52,-0.02,-0.441,4.52,4.53,4.54,4.52,4.58,4.47,6985500.0,31615306.0,15:35:15,2026-09-07
sz300077,国民技术,20.12,0.18,0.903,20.12,20.13,19.94,20.22,20.25,19.99,23806589.0,479183156.0,15:35:30,2026-09-07
sz300078,思创智联,2.86,0.04,1.418,2.86,2.87,2.82,2.8,2.9,2.79,39960951.0,113935080.0,15:35:45,2026-09-07
sz300079,数码视讯,4.96,-0.09,-1.782,4.96,4.97,5.05,5.02,5.08,4.93,37282214.0,185267939.0,15:35:00,2026-09-07
sz300080,易成新能,3.75,0.07,1.902,3.75,3.76,3.68,3.67,3.77,3.65,14260555.0,53029516.0,15:35:15,2026-09-07
sz300081,ST恒信,3.54,0.08,2.312,3.53,3.54,3.46,3.48,3.63,3.43,9920300.0,34876007.0,15:35:30,2026-09-07
sz300082,奥克股份,8.47,0.03,0.355,8.46,8.47,8.44,8.38,8.53,8.32,7563895.0,63789177.0,15:35:45,2026-09-07
sz300083,创世纪,12.87,0.58,4.719,12.86,12.87,12.29,12.4,13.0,12.1,77992249.0,990566661.0,15:35:00,2026-09-07
sz300084,海默科技,11.22,0.29,2.653,11.22,11.23,10.93,10.82,11.24,10.82,11144821.0,123898983.0,15:35:15,2026-09-07
sz300085,银之杰,31.63,-0.57,-1.77,31.63,31.64,32.2,32.45,32.65,31.46,41344208.0,1317117768.0,15:35:30,2026-09-07
sz300086,康芝药业,6.63,0.07,1.067,6.63,6.64,6.56,6.5,6.69,6.5,8691300.0,57643973.0,15:35:45,2026-09-07
sz300087,ST荃银,6.2,0.2,3.333,6.2,6.21,6.0,6.1,6.33,6.09,24518177.0,152441158.0,15:35:00,2026-09-07
sz300088,长信科技,6.91,0.18,2.675,6.9,6.91,6.73,6.77,6.95,6.76,79917405.0,549472482.0,15:35:15,2026-09-07
sz300091,*ST金灵,2.49,0.01,0.403,2.48,2.49,2.48,2.49,2.5,2.46,3461300.0,8587524.0,15:35:30,2026-09-07
sz300092,科新机电,11.81,0.05,0.425,11.81,11.82,11.76,11.9,11.95,11.72,2156994.0,25539426.0,15:35:45,2026-09-07
sz300093,金刚光伏,23.93,0.54,2.309,23.93,23.94,23.39,23.55,23.94,23.24,5132700.0,120986268.0,15:35:00,2026-09-07
sz300094,国联水产,3.33,0.18,5.714,3.33,3.34,3.15,3.2,3.39,3.15,136500464.0,452350981.0,15:35:15,2026-09-07
sz300095,华伍股份,8.58,-0.1,-1.152,8.58,8.59,8.68,8.74,8.74,8.55,6535000.0,56353227.0,15:35:30,2026-09-07
sz300096,ST易联众,9.5,0.72,8.2,9.5,9.51,8.78,9.6,9.93,9.22,13169234.0,125652421.0,15:35:45,2026-09-07
sz300097,智云股份,10.02,0.02,0.2,10.02,10.03,10.0,9.95,10.09,9.76,12260800.0,122227862.0,15:35:00,2026-09-07
sz300098,高新兴,4.47,-0.02,-0.445,4.47,4.48,4.49,4.46,4.52,4.45,29493553.0,132123511.0,15:35:15,2026-09-07
sz300099,尤洛卡,6.09,0.07,1.163,6.09,6.1,6.02,6.02,6.1,5.97,8794244.0,53165950.0,15:35:30,2026-09-07
sz300100,双林股份,21.16,0.17,0.81,21.16,21.17,20.99,21.0,21.47,20.8,4371090.0,92844544.0,15:35:45,2026-09-07
sz300101,振芯科技,14.43,-0.07,-0.483,14.43,14.44,14.5,14.5,14.6,14.37,5681782.0,82227346.0,15:35:00,2026-09-07
sz300102,乾照光电,17.74,0.06,0.339,17.74,17.75,17.68,17.66,17.93,17.55,14414268.0,256147183.0,15:35:15,2026-09-07
sz300103,达刚控股,8.65,0.16,1.885,8.64,8.65,8.49,8.3,8.73,8.0,16645950.0,141046024.0,15:35:30,2026-09-07
sz300105,龙源技术,7.45,-0.01,-0.134,7.45,7.46,7.46,7.46,7.5,7.39,10020200.0,74678089.0,15:35:45,2026-09-07
sz300106,西部牧业,11.84,0.4,3.497,11.83,11.84,11.44,11.45,11.9,11.38,13716266.0,159415631.0,15:35:00,2026-09-07
sz300107,建新股份,6.97,-0.01,-0.143,6.97,6.98,6.98,6.98,7.08,6.9,8599400.0,59932498.0,15:35:15,2026-09-07
sz300109,新开源,13.81,-0.15,-1.074,13.81,13.82,13.96,13.94,14.15,13.68,11517825.0,159589164.0,15:35:30,2026-09-07
sz300110,华仁药业,2.84,0.03,1.068,2.84,2.85,2.81,2.82,2.86,2.8,13830673.0,39274713.0,15:35:45,2026-09-07
sz300111,向日葵,3.13,0.05,1.623,3.12,3.13,3.08,3.06,3.14,3.05,22104654.0,68872357.0,15:35:00,2026-09-07
sz300112,万讯自控,10.55,1.76,20.023,10.55,0.0,8.79,8.88,10.55,8.79,39128853.0,388699659.0,15:35:15,2026-09-07
sz300113,顺网科技,17.31,0.07,0.406,17.3,17.31,17.24,17.22,17.55,17.18,17464285.0,302467797.0,15:35:30,2026-09-07
sz300115,长盈精密,24.56,0.99,4.2,24.56,24.57,23.57,23.9,25.33,23.6,55307283.0,1371208158.0,15:35:45,2026-09-07
sz300118,东方日升,9.45,0.01,0.106,9.45,9.46,9.44,9.5,9.51,9.34,17876590.0,168369969.0,15:35:00,2026-09-07
sz300119,瑞普生物,18.18,0.49,2.77,18.18,18.19,17.69,17.64,18.31,17.55,8482000.0,153104377.0,15:35:15,2026-09-07
sz300120,经纬辉开,7.52,0.16,2.174,7.52,7.53,7.36,7.36,7.63,7.34,25120600.0,189179451.0,15:35:30,2026-09-07
sz300121,阳谷华泰,9.66,0.12,1.258,9.65,9.66,9.54,9.6,9.7,9.51,6966336.0,67085898.0,15:35:45,2026-09-07
sz300122,智飞生物,13.28,0.03,0.226,13.28,13.29,13.25,13.13,13.3,13.11,21204070.0,280331613.0,15:35:00,2026-09-07
sz300123,ST亚光,4.74,-0.46,-8.846,4.73,4.74,5.2,5.16,5.27,4.72,65850803.0,327373953.0,15:35:15,2026-09-07
sz300124,汇川技术,58.9,-0.41,-0.691,58.89,58.9,59.31,59.28,59.78,58.8,16460030.0,974063394.0,15:35:30,2026-09-07
sz300125,聆达股份,9.22,-0.12,-1.285,9.22,9.24,9.34,9.4,9.41,9.14,7564900.0,69997053.0,15:35:45,2026-09-07
sz300126,锐奇股份,6.67,0.06,0.908,6.67,6.71,6.61,6.67,6.76,6.59,3320700.0,22233113.0,15:35:00,2026-09-07
sz300127,银河磁体,24.6,0.34,1.401,24.58,24.6,24.26,24.26,24.68,24.03,2816000.0,68972604.0,15:35:15,2026-09-07
sz300128,锦富技术,5.27,0.11,2.132,5.26,5.27,5.16,5.17,5.3,5.06,33892342.0,176443960.0,15:35:30,2026-09-07
sz300129,泰胜风能,7.37,0.0,0.0,7.37,7.38,7.37,7.38,7.43,7.32,7916840.0,58326195.0,15:35:45,2026-09-07
sz300130,新国都,19.59,-0.63,-3.116,19.58,19.59,20.22,20.21,20.22,19.51,16533405.0,325451316.0,15:35:00,2026-09-07
sz300131,英唐智控,15.86,0.23,1.472,15.86,15.87,15.63,15.76,16.21,15.5,59060970.0,935622684.0,15:35:15,2026-09-07
sz300132,诺斯贝尔,6.43,0.07,1.101,6.42,6.43,6.36,6.36,6.5,6.33,11192595.0,72038072.0,15:35:30,2026-09-07
sz300133,华策影视,7.7,0.03,0.391,7.69,7.7,7.67,7.72,7.8,7.58,90886491.0,696534878.0,15:35:45,2026-09-07
sz300134,大富科技,8.71,0.1,1.161,8.71,8.72,8.61,8.65,8.75,8.58,9543456.0,82893923.0,15:35:00,2026-09-07
sz300135,宝利国际,3.51,0.0,0.0,3.51,3.52,3.51,3.5,3.54,3.49,9856130.0,34659147.0,15:35:15,2026-09-07
sz300136,信维通信,57.29,1.11,1.976,57.29,57.3,56.18,56.0,57.88,55.99,30481439.0,1738389828.0,15:35:30,2026-09-07
sz300137,先河环保,11.21,0.05,0.448,11.21,11.22,11.16,11.3,11.43,11.12,12087570.0,136571974.0,15:35:45,2026-09-07
sz300138,晨光生物,11.92,-0.11,-0.914,11.91,11.92,12.03,12.05,12.08,11.86,5731725.0,68337142.0,15:35:00,2026-09-07
sz300139,晓程科技,50.1,-1.86,-3.58,50.09,50.1,51.96,49.73,51.41,49.68,28331866.0,1430531308.0,15:35:15,2026-09-07
sz300140,节能环境,5.43,0.02,0.37,5.43,5.44,5.41,5.4,5.46,5.37,9630370.0,52204843.0,15:35:30,2026-09-07
sz300141,和顺电气,10.4,0.02,0.193,10.39,10.4,10.38,10.37,10.45,10.22,4379900.0,45440844.0,15:35:45,2026-09-07
sz300142,沃森生物,13.06,0.08,0.616,13.06,13.07,12.98,12.89,13.06,12.89,41970916.0,545968742.0,15:35:00,2026-09-07
sz300143,盈康生命,7.58,-0.12,-1.558,7.58,7.59,7.7,7.66,7.7,7.57,6820762.0,51957606.0,15:35:15,2026-09-07
sz300144,宋城演艺,6.17,0.04,0.653,6.16,6.17,6.13,6.11,6.19,6.09,50742819.0,312203492.0,15:35:30,2026-09-07
sz300145,南方泵业,4.89,-0.05,-1.012,4.89,4.9,4.94,4.97,4.98,4.8,100084156.0,487060225.0,15:35:45,2026-09-07
sz300146,汤臣倍健,9.83,-0.04,-0.405,9.82,9.83,9.87,9.82,9.9,9.77,10797088.0,105940526.0,15:35:00,2026-09-07
sz300147,*ST香雪,6.36,-0.2,-3.049,6.36,6.37,6.56,6.56,6.57,6.32,11681300.0,74642233.0,15:35:15,2026-09-07
sz300148,天舟文化,3.68,0.09,2.507,3.67,3.68,3.59,3.58,3.68,3.57,32371117.0,118320892.0,15:35:30,2026-09-07
sz300149,睿智医药,8.99,0.06,0.672,8.99,9.0,8.93,8.9,9.03,8.83,10107085.0,90636739.0,15:35:45,2026-09-07
sz300150,世纪瑞尔,4.28,-0.01,-0.233,4.27,4.28,4.29,4.3,4.3,4.24,4994648.0,21372060.0,15:35:00,2026-09-07
sz300151,昌红科技,16.14,0.57,3.661,16.13,16.14,15.57,15.69,16.39,15.56,12739285.0,204978445.0,15:35:15,2026-09-07
sz300152,*ST动力,1.73,0.0,0.0,1.73,1.74,1.73,1.73,1.74,1.69,10842486.0,18620238.0,15:35:30,2026-09-07
sz300153,科泰电源,25.4,2.58,11.306,25.4,25.41,22.82,24.51,25.98,24.05,39367296.0,990173012.0,15:35:45,2026-09-07
sz300154,瑞凌股份,12.43,0.02,0.161,12.42,12.43,12.41,12.45,12.54,12.2,9272400.0,114916787.0,15:35:00,2026-09-07
sz300155,安居宝,4.56,-0.03,-0.654,4.55,4.56,4.59,4.56,4.62,4.52,9122778.0,41643589.0,15:35:15,2026-09-07
sz300157,新锦动力,4.07,0.03,0.743,4.07,4.08,4.04,4.09,4.09,4.01,22186310.0,90039256.0,15:35:30,2026-09-07
sz300158,振东制药,5.36,0.08,1.515,5.35,5.36,5.28,5.26,5.39,5.25,15723401.0,84105679.0,15:35:45,2026-09-07
sz300159,新研股份,3.06,0.0,0.0,3.06,3.07,3.06,3.07,3.11,3.04,27151200.0,83540098.0,15:35:00,2026-09-07
sz300160,秀强股份,4.5,0.1,2.273,4.49,4.5,4.4,4.4,4.5,4.39,6210940.0,27715783.0,15:35:15,2026-09-07
sz300161,华中数控,26.89,0.41,1.548,26.88,26.89,26.48,26.4,27.24,26.38,2201607.0,59055695.0,15:35:30,2026-09-07
sz300162,雷曼光电,7.72,0.16,2.116,7.71,7.72,7.56,7.52,7.76,7.51,14790100.0,113400084.0,15:35:45,2026-09-07
sz300163,先锋新材,7.61,0.15,2.011,7.61,7.62,7.46,7.42,7.75,7.32,42438600.0,321850124.0,15:35:00,2026-09-07
sz300164,通源石油,10.43,0.31,3.063,10.43,10.44,10.12,10.22,10.55,10.08,89971950.0,928519974.0,15:35:15,2026-09-07
sz300165,天瑞仪器,5.29,-0.04,-0.75,5.29,5.3,5.33,5.34,5.38,5.27,9682500.0,51421798.0,15:35:30,2026-09-07
sz300166,东方国信,12.73,0.07,0.553,12.73,12.74,12.66,12.74,12.79,12.53,25564666.0,324118102.0,15:35:45,2026-09-07
sz300167,ST迪威迅,4.08,0.01,0.246,4.07,4.08,4.07,4.04,4.12,4.04,2085100.0,8502292.0,15:35:00,2026-09-07
sz300168,万达信息,4.93,-0.05,-1.004,4.93,4.94,4.98,5.02,5.02,4.9,16000605.0,79007675.0,15:35:15,2026-09-07
sz300169,天晟新材,5.72,-0.04,-0.694,5.72,5.73,5.76,5.75,5.78,5.69,7419200.0,42466730.0,15:35:30,2026-09-07
sz300170,汉得信息,16.47,-0.14,-0.843,16.47,16.48,16.61,16.62,16.71,16.33,45522886.0,751171162.0,15:35:45,2026-09-07
sz300171,东富龙,13.76,-0.27,-1.924,13.76,13.77,14.03,14.0,14.03,13.72,9637590.0,133362077.0,15:35:00,2026-09-07
sz300172,中电环保,4.69,0.0,0.0,4.68,4.69,4.69,4.71,4.72,4.65,7592910.0,35532070.0,15:35:15,2026-09-07
sz300173,ST福能,3.36,0.01,0.299,3.35,3.36,3.35,3.34,3.37,3.32,4075800.0,13644799.0,15:35:30,2026-09-07
sz300174,元力股份,18.83,0.68,3.747,18.82,18.83,18.15,18.39,18.85,18.09,14951837.0,277339049.0,15:35:45,2026-09-07
sz300175,朗源股份,6.12,0.13,2.17,6.11,6.12,5.99,5.97,6.16,5.96,9557900.0,58330648.0,15:35:00,2026-09-07
sz300176,鸿特科技,4.5,-0.03,-0.662,4.49,4.5,4.53,4.53,4.57,4.48,14259746.0,64555496.0,15:35:15,2026-09-07
sz300177,中海达,6.32,-0.13,-2.016,6.32,6.33,6.45,6.38,6.4,6.22,10061595.0,63634571.0,15:35:30,2026-09-07
sz300179,四方达,38.59,1.9,5.179,38.59,38.6,36.69,36.18,38.91,34.8,63666493.0,2399391648.0,15:35:45,2026-09-07
sz300180,华峰超纤,4.68,-0.19,-3.901,4.68,4.69,4.87,4.79,4.86,4.67,62732492.0,296159749.0,15:35:00,2026-09-07
sz300181,佐力药业,13.4,-0.05,-0.372,13.4,13.41,13.45,13.44,13.49,13.39,7487700.0,100516501.0,15:35:15,2026-09-07
sz300182,捷成股份,5.35,0.13,2.49,5.34,5.35,5.22,5.22,5.38,5.18,157046925.0,833656538.0,15:35:30,2026-09-07
sz300183,东软载波,10.62,0.06,0.568,10.61,10.62,10.56,10.62,10.65,10.46,2745600.0,29055422.0,15:35:45,2026-09-07
sz300184,力源信息,11.97,0.26,2.22,11.97,11.98,11.71,11.85,12.04,11.8,34418282.0,411153668.0,15:35:00,2026-09-07
sz300185,通裕重工,2.71,0.01,0.37,2.7,2.71,2.7,2.71,2.72,2.69,41715880.0,112868272.0,15:35:15,2026-09-07
sz300187,永清环保,4.74,0.0,0.0,4.74,4.75,4.74,4.75,4.77,4.71,5361800.0,25443541.0,15:35:30,2026-09-07
sz300188,国投智能,10.33,-0.04,-0.386,10.33,10.34,10.37,10.38,10.49,10.3,6617158.0,68664481.0,15:35:45,2026-09-07
sz300189,神农种业,7.72,0.67,9.504,7.72,7.73,7.05,7.34,8.0,7.34,346727617.0,2648848619.0,15:35:00,2026-09-07
sz300190,维尔利,4.17,0.1,2.457,4.17,4.18,4.07,4.07,4.26,4.01,38226280.0,158455879.0,15:35:15,2026-09-07
sz300191,潜能恒信,36.72,0.06,0.164,36.71,36.72,36.66,36.84,37.12,36.03,10212929.0,374100783.0,15:35:30,2026-09-07
sz300192,科德教育,18.5,-0.16,-0.857,18.5,18.51,18.66,18.77,18.84,18.15,15978447.0,293842259.0,15:35:45,2026-09-07
sz300193,佳士科技,8.02,-0.07,-0.865,8.02,8.03,8.09,8.07,8.13,8.0,3583100.0,28898367.0,15:35:00,2026-09-07
sz300194,福安药业,3.91,0.03,0.773,3.9,3.91,3.88,3.88,3.93,3.87,8819975.0,34410520.0,15:35:15,2026-09-07
sz300195,长荣股份,6.3,0.01,0.159,6.29,6.3,6.29,6.31,6.32,6.22,9035100.0,56698168.0,15:35:30,2026-09-07
sz300196,长海股份,16.87,0.59,3.624,16.87,16.88,16.28,16.28,16.99,16.2,11668454.0,194902805.0,15:35:45,2026-09-07
sz300197,节能铁汉,2.03,0.03,1.5,2.03,2.04,2.0,2.01,2.05,1.99,68014461.0,137942276.0,15:35:00,2026-09-07
sz300198,*ST纳川,2.43,-0.04,-1.619,2.42,2.43,2.47,2.47,2.47,2.42,8827100.0,21535484.0,15:35:15,2026-09-07
sz300199,翰宇药业,23.43,0.61,2.673,23.43,23.44,22.82,22.8,23.55,22.65,38947897.0,903013566.0,15:35:30,2026-09-07
sz300200,高盟新材,8.58,-0.09,-1.038,8.58,8.59,8.67,8.65,8.68,8.5,7507018.0,64504817.0,15:35:45,2026-09-07
sz300201,海伦哲,13.29,-0.14,-1.042,13.29,13.3,13.43,13.34,13.65,13.19,23198437.0,310263186.0,15:35:00,2026-09-07
sz300203,聚光科技,12.57,0.0,0.0,12.57,12.58,12.57,12.57,12.68,12.42,4189254.0,52614723.0,15:35:15,2026-09-07
sz300204,舒泰神,21.23,0.29,1.385,21.22,21.23,20.94,21.0,21.24,20.75,10103302.0,213077661.0,15:35:30,2026-09-07
sz300205,*ST天喻,5.02,0.04,0.803,5.01,5.02,4.98,5.0,5.02,4.97,1049500.0,5234601.0,15:35:45,2026-09-07
sz300206,理邦仪器,11.74,-0.05,-0.424,11.74,11.75,11.79,11.8,11.85,11.69,3495600.0,41141649.0,15:35:00,2026-09-07
sz300207,欣旺达,17.15,0.31,1.841,17.14,17.15,16.84,17.29,17.35,17.03,40547064.0,696758738.0,15:35:15,2026-09-07
sz300209,行云科技,35.91,1.1,3.16,35.91,35.92,34.81,35.41,36.5,33.99,69133809.0,2466030828.0,15:35:30,2026-09-07
sz300210,森远股份,8.11,0.01,0.123,8.1,8.11,8.1,8.05,8.18,8.0,5617200.0,45317017.0,15:35:45,2026-09-07
sz300211,*ST亿通,7.5,-0.05,-0.662,7.49,7.5,7.55,7.5,7.53,7.44,1728787.0,12935213.0,15:35:00,2026-09-07
sz300212,*ST易录,8.18,-0.11,-1.327,8.18,8.19,8.29,8.33,8.34,8.11,9021450.0,74113494.0,15:35:15,2026-09-07
sz300213,佳讯飞鸿,6.5,0.0,0.0,6.49,6.5,6.5,6.5,6.58,6.45,8823900.0,57292835.0,15:35:30,2026-09-07
sz300214,日科化学,11.28,-0.37,-3.176,11.28,11.29,11.65,11.3,11.42,11.02,29697384.0,333872222.0,15:35:45,2026-09-07
sz300215,电科院,6.57,0.09,1.389,6.56,6.57,6.48,6.55,6.58,6.44,9830600.0,64164710.0,15:35:00,2026-09-07
sz300217,东方电热,4.18,-0.02,-0.476,4.17,4.18,4.2,4.2,4.22,4.15,14634900.0,61354045.0,15:35:15,2026-09-07
sz300218,安利股份,12.93,-0.05,-0.385,12.93,12.94,12.98,13.0,13.07,12.87,1866700.0,24213556.0,15:35:30,2026-09-07
sz300219,鸿利智汇,6.94,-0.09,-1.28,6.94,6.95,7.03,6.97,7.01,6.9,12036648.0,83725105.0,15:35:45,2026-09-07
sz300220,金运激光,11.64,0.1,0.867,11.64,11.65,11.54,11.55,11.72,11.38,1989000.0,23115522.0,15:35:00,2026-09-07
sz300221,银禧科技,13.68,0.49,3.715,13.67,13.68,13.19,13.28,13.77,13.28,18328200.0,249770656.0,15:35:15,2026-09-07
sz300222,科大智能,10.26,0.17,1.685,10.25,10.26,10.09,10.09,10.3,10.08,12746700.0,130162777.0,15:35:30,2026-09-07
sz300223,君正股份,133.8,6.64,5.222,133.79,133.8,127.16,130.96,133.99,130.3,23661656.0,3135233790.0,15:35:45,2026-09-07
sz300224,正海磁材,12.21,0.5,4.27,12.2,12.21,11.71,11.65,12.22,11.58,27735765.0,333206156.0,15:35:00,2026-09-07
sz300225,金力泰,8.11,0.32,4.108,8.11,8.12,7.79,7.88,8.18,7.68,43873480.0,351093663.0,15:35:15,2026-09-07
sz300226,上海钢联,17.1,-0.09,-0.524,17.1,17.11,17.19,17.39,17.39,16.94,7126664.0,121784150.0,15:35:30,2026-09-07
sz300227,光韵达,13.57,0.22,1.648,13.56,13.57,13.35,13.4,13.7,13.3,26081380.0,353072479.0,15:35:45,2026-09-07
sz300228,富瑞特装,6.91,-0.01,-0.145,6.9,6.91,6.92,6.96,6.97,6.86,7536060.0,52066268.0,15:35:00,2026-09-07
sz300229,拓尔思,13.67,-0.12,-0.87,13.67,13.68,13.79,13.83,13.99,13.55,26248034.0,359094096.0,15:35:15,2026-09-07
sz300230,永利股份,4.39,0.03,0.688,4.39,4.4,4.36,4.34,4.41,4.34,6769648.0,29687376.0,15:35:30,2026-09-07
sz300231,银信科技,8.39,-0.11,-1.294,8.39,8.4,8.5,8.5,8.55,8.37,9668700.0,81404354.0,15:35:45,2026-09-07
sz300232,洲明科技,5.55,-0.02,-0.359,5.55,5.56,5.57,5.59,5.6,5.52,10106800.0,56158325.0,15:35:00,2026-09-07
sz300233,金城医药,13.16,0.04,0.305,13.15,13.16,13.12,13.22,13.29,13.12,5379800.0,71012006.0,15:35:15,2026-09-07
sz300234,开尔新材,10.54,0.38,3.74,10.54,10.55,10.16,10.24,10.79,10.16,11197825.0,118052288.0,15:35:30,2026-09-07
sz300235,方直科技,11.5,0.2,1.77,11.49,11.5,11.3,11.23,11.64,11.23,5442950.0,62459821.0,15:35:45,2026-09-07
sz300236,上海新阳,83.75,2.55,3.14,83.75,83.77,81.2,82.42,84.79,82.0,5778767.0,482573628.0,15:35:00,2026-09-07
sz300237,ST美晨,2.31,0.02,0.873,2.31,2.32,2.29,2.29,2.39,2.28,36694840.0,86064959.0,15:35:15,2026-09-07
sz300238,冠昊生物,11.57,0.03,0.26,11.57,11.58,11.54,11.75,11.75,11.52,2425800.0,28127492.0,15:35:30,2026-09-07
sz300239,东宝生物,5.13,0.04,0.786,5.13,5.14,5.09,5.07,5.17,5.06,5606900.0,28783442.0,15:35:45,2026-09-07
sz300240,飞力达,6.18,0.07,1.146,6.17,6.18,6.11,6.13,6.2,6.08,5653400.0,34790996.0,15:35:00,2026-09-07
sz300241,瑞丰光电,5.83,-0.03,-0.512,5.83,5.84,5.86,5.86,5.89,5.82,11992147.0,70088970.0,15:35:15,2026-09-07
sz300242,佳云科技,4.17,0.01,0.24,4.16,4.17,4.16,4.14,4.21,4.13,14921800.0,62156149.0,15:35:30,2026-09-07
sz300243,瑞丰高材,15.85,0.49,3.19,15.85,15.86,15.36,15.58,15.99,15.36,14318688.0,225874298.0,15:35:45,2026-09-07
sz300244,迪安诊断,18.01,0.23,1.294,18.01,18.02,17.78,17.8,18.07,17.65,20488329.0,365541234.0,15:35:00,2026-09-07
sz300245,ST天玑,6.07,0.0,0.0,6.06,6.07,6.07,6.07,6.11,6.03,2554500.0,15495499.0,15:35:15,2026-09-07
sz300246,宝莱特,15.11,0.12,0.801,15.11,15.12,14.99,15.08,15.39,14.89,14348687.0,217801708.0,15:35:30,2026-09-07
sz300247,融捷健康,3.76,0.02,0.535,3.76,3.77,3.74,3.76,3.78,3.73,6684500.0,25109901.0,15:35:45,2026-09-07
sz300248,新开普,8.76,-0.14,-1.573,8.75,8.76,8.9,9.08,9.08,8.68,9227302.0,80828204.0,15:35:00,2026-09-07
sz300249,依米康,13.54,0.1,0.744,13.53,13.54,13.44,13.5,13.67,13.26,13794912.0,186270073.0,15:35:15,2026-09-07
sz300250,初灵信息,16.02,-0.08,-0.497,16.01,16.02,16.1,16.19,16.38,15.9,5590599.0,89402821.0,15:35:30,2026-09-07
sz300251,光线传媒,11.66,0.02,0.172,11.66,11.67,11.64,11.6,11.79,11.52,48177556.0,560561600.0,15:35:45,2026-09-07
sz300252,金信诺,12.19,0.22,1.838,12.18,12.19,11.97,11.86,12.27,11.86,34898641.0,422364664.0,15:35:00,2026-09-07
sz300253,卫宁健康,6.95,-0.06,-0.856,6.94,6.95,7.01,7.05,7.07,6.91,37827647.0,263295341.0,15:35:15,2026-09-07
sz300254,仟源医药,8.7,0.0,0.0,8.69,8.7,8.7,8.71,8.78,8.6,5822900.0,50747776.0,15:35:30,2026-09-07
sz300255,常山药业,23.52,0.33,1.423,23.52,23.53,23.19,22.94,23.53,22.86,15008456.0,348645809.0,15:35:45,2026-09-07
sz300256,星星科技,2.88,0.04,1.408,2.88,2.89,2.84,2.84,2.91,2.83,28320000.0,81449569.0,15:35:00,2026-09-07
sz300257,开山股份,17.79,0.29,1.657,17.79,17.8,17.5,17.75,17.87,17.37,10251049.0,180652328.0,15:35:15,2026-09-07
sz300258,精锻科技,9.54,0.17,1.814,9.53,9.54,9.37,9.36,9.6,9.33,6329825.0,60185574.0,15:35:30,2026-09-07
sz300259,新天科技,4.51,0.16,3.678,4.5,4.51,4.35,4.38,4.53,4.25,42546552.0,186443549.0,15:35:45,2026-09-07
sz300260,新莱应材,55.53,1.85,3.446,55.53,55.54,53.68,54.64,56.36,53.78,10681245.0,591295996.0,15:35:00,2026-09-07
sz300261,雅本化学,4.93,0.02,0.407,4.93,4.94,4.91,4.9,5.0,4.88,8504720.0,42115423.0,15:35:15,2026-09-07
sz300263,隆华科技,9.97,0.17,1.735,9.97,9.98,9.8,9.87,10.08,9.78,26301937.0,262060608.0,15:35:30,2026-09-07
sz300264,佳创视讯,6.29,-0.07,-1.101,6.29,6.3,6.36,6.37,6.43,6.27,10652680.0,67432578.0,15:35:45,2026-09-07
sz300265,通光线缆,13.75,0.25,1.852,13.75,13.76,13.5,13.53,13.8,13.5,10931408.0,149502583.0,15:35:00,2026-09-07
sz300266,兴源环境,2.02,0.13,6.878,2.02,2.03,1.89,1.9,2.09,1.89,63673600.0,128428457.0,15:35:15,2026-09-07
sz300267,尔康制药,3.25,0.02,0.619,3.24,3.25,3.23,3.22,3.27,3.21,18057049.0,58657367.0,15:35:30,2026-09-07
sz300268,佳沃食品,13.05,0.12,0.928,13.04,13.06,12.93,13.06,13.24,12.95,2821000.0,36878861.0,15:35:45,2026-09-07
sz300269,联建光电,5.04,0.02,0.398,5.03,5.04,5.02,5.02,5.09,4.99,9351100.0,47226267.0,15:35:00,2026-09-07
sz300270,中威电子,10.94,-0.07,-0.636,10.93,10.94,11.01,10.93,11.11,10.91,6459600.0,70984030.0,15:35:15,2026-09-07
sz300271,华宇软件,5.78,-0.06,-1.027,5.77,5.78,5.84,5.83,5.88,5.75,9748100.0,56430644.0,15:35:30,2026-09-07
sz300272,开能健康,5.84,0.03,0.516,5.83,5.84,5.81,5.84,5.87,5.8,4436100.0,25912715.0,15:35:45,2026-09-07
sz300274,阳光电源,88.75,0.32,0.362,88.74,88.75,88.43,89.0,89.2,87.01,40239239.0,3548156869.0,15:35:00,2026-09-07
sz300275,梅安森,9.09,0.0,0.0,9.08,9.09,9.09,9.1,9.18,9.05,3139900.0,28580544.0,15:35:15,2026-09-07
sz300276,三丰智能,6.3,-0.02,-0.316,6.3,6.31,6.32,6.32,6.41,6.28,17670312.0,111977694.0,15:35:30,2026-09-07
sz300277,汽轮科技,12.86,-0.3,-2.28,12.86,12.87,13.16,13.22,13.26,12.61,36400701.0,465925443.0,15:35:45,2026-09-07
sz300278,华昌达,3.63,0.04,1.114,3.62,3.63,3.59,3.59,3.66,3.58,12974260.0,47097927.0,15:35:00,2026-09-07
sz300279,和晶科技,5.8,-0.01,-0.172,5.8,5.81,5.81,5.83,5.86,5.78,7840200.0,45604609.0,15:35:15,2026-09-07
sz300281,金明精机,6.75,-0.11,-1.603,6.75,6.77,6.86,6.82,7.0,6.71,9804000.0,66777384.0,15:35:30,2026-09-07
sz300283,温州宏丰,13.07,0.46,3.648,13.06,13.07,12.61,12.76,13.16,12.65,29059874.0,377822192.0,15:35:45,2026-09-07
sz300284,苏交科,5.17,-0.03,-0.577,5.17,5.18,5.2,5.21,5.24,5.16,11046300.0,57314418.0,15:35:00,2026-09-07
sz300285,国瓷材料,62.25,1.86,3.08,62.25,62.26,60.39,60.01,62.95,59.88,66937556.0,4130856950.0,15:35:15,2026-09-07
sz300286,安科瑞,20.18,0.31,1.56,20.18,20.19,19.87,19.8,20.25,19.62,4074980.0,81331840.0,15:35:30,2026-09-07
sz300287,飞利信,3.75,0.07,1.902,3.74,3.75,3.68,3.66,3.81,3.65,34370448.0,128961738.0,15:35:45,2026-09-07
sz300288,朗玛信息,10.05,-0.02,-0.199,10.05,10.06,10.07,10.14,10.15,10.01,3328200.0,33495892.0,15:35:00,2026-09-07
sz300289,利德曼,5.91,0.03,0.51,5.91,5.92,5.88,5.88,5.95,5.88,3771100.0,22318221.0,15:35:15,2026-09-07
sz300290,ST荣科,5.41,-0.07,-1.277,5.41,5.42,5.48,5.35,5.5,5.28,14600550.0,79084474.0,15:35:30,2026-09-07
sz300291,百纳千成,5.49,0.1,1.855,5.48,5.49,5.39,5.37,5.52,5.3,48150800.0,262441885.0,15:35:45,2026-09-07
sz300292,吴通控股,4.28,0.0,0.0,4.28,4.29,4.28,4.28,4.31,4.25,24684300.0,105786272.0,15:35:00,2026-09-07
sz300293,蓝英装备,14.87,0.12,0.814,14.87,14.88,14.75,14.85,14.93,14.72,2016300.0,29944048.0,15:35:15,2026-09-07
sz300294,博雅生物,14.56,0.09,0.622,14.55,14.56,14.47,14.46,14.59,14.42,3139763.0,45597718.0,15:35:30,2026-09-07
sz300295,*ST三六,12.1,0.1,0.833,12.09,12.1,12.0,11.98,12.15,11.87,1962600.0,23640721.0,15:35:45,2026-09-07
sz300296,利亚德,5.06,0.02,0.397,5.05,5.06,5.04,5.05,5.08,5.03,32554630.0,164591380.0,15:35:00,2026-09-07
sz300298,三诺生物,15.79,-0.22,-1.374,15.79,15.8,16.01,15.92,16.09,15.79,3933400.0,62524174.0,15:35:15,2026-09-07
sz300299,富春股份,5.74,0.06,1.056,5.74,5.75,5.68,5.63,5.83,5.63,24916380.0,143039147.0,15:35:30,2026-09-07
sz300300,海峡创新,8.8,-0.33,-3.614,8.79,8.8,9.13,9.04,9.39,8.75,132913816.0,1193047079.0,15:35:45,2026-09-07
sz300301,ST长方,3.48,-0.05,-1.416,3.48,3.49,3.53,3.53,3.56,3.46,6938600.0,24173945.0,15:35:00,2026-09-07
sz300302,同有科技,28.02,0.84,3.091,28.01,28.02,27.18,27.72,28.17,27.72,18354170.0,513591538.0,15:35:15,2026-09-07
sz300303,聚飞光电,6.87,0.06,0.881,6.87,6.88,6.81,6.87,6.92,6.83,27418033.0,188627867.0,15:35:30,2026-09-07
sz300304,云意电气,11.82,-0.15,-1.253,11.81,11.82,11.97,11.82,12.06,11.58,20786879.0,244802691.0,15:35:45,2026-09-07
sz300305,裕兴股份,6.26,-0.21,-3.246,6.26,6.27,6.47,6.43,6.43,6.21,13343900.0,83836435.0,15:35:00,2026-09-07
sz300306,远方信息,10.44,0.07,0.675,10.44,10.46,10.37,10.56,10.56,10.31,2164100.0,22587590.0,15:35:15,2026-09-07
sz300307,慈星股份,7.45,0.11,1.499,7.44,7.45,7.34,7.36,7.47,7.32,14700600.0,109169590.0,15:35:30,2026-09-07
sz300308,中际旭创,898.46,84.46,10.376,898.46,898.48,814.0,838.61,902.26,836.13,43130339.0,37634550214.0,15:35:45,2026-09-07
sz300310,宜通世纪,4.45,-0.01,-0.224,4.45,4.46,4.46,4.43,4.49,4.41,17411069.0,77502691.0,15:35:00,2026-09-07
sz300311,任子行,5.67,0.09,1.613,5.67,5.68,5.58,5.67,5.71,5.47,37402500.0,209522920.0,15:35:15,2026-09-07
sz300313,天山生物,15.75,1.36,9.451,15.74,15.75,14.39,14.56,15.8,14.47,37642600.0,573132413.0,15:35:30,2026-09-07
sz300314,戴维医疗,11.55,0.02,0.173,11.54,11.55,11.53,11.52,11.63,11.45,3466580.0,40036890.0,15:35:45,2026-09-07
sz300315,掌趣科技,4.47,0.37,9.024,4.46,4.47,4.1,4.46,4.84,4.4,368632609.0,1703516574.0,15:35:00,2026-09-07
sz300316,晶盛机电,41.25,-0.54,-1.292,41.25,41.27,41.79,42.42,42.42,41.12,7152607.0,297198704.0,15:35:15,2026-09-07
sz300317,珈伟新能,4.12,0.0,0.0,4.12,4.13,4.12,4.1,4.14,4.06,23432104.0,96433805.0,15:35:30,2026-09-07
sz300318,博晖创新,5.08,0.0,0.0,5.08,5.09,5.08,5.08,5.11,5.04,5462400.0,27716048.0,15:35:45,2026-09-07
sz300319,麦捷科技,19.45,1.26,6.927,19.45,19.46,18.19,18.47,19.5,18.41,116427090.0,2217717674.0,15:35:00,2026-09-07
sz300320,海达股份,8.23,0.1,1.23,8.22,8.23,8.13,8.16,8.23,8.11,3866198.0,31652940.0,15:35:15,2026-09-07
sz300321,同大股份,32.99,1.37,4.333,32.99,33.0,31.62,31.64,33.69,31.5,3316664.0,108110846.0,15:35:30,2026-09-07
sz300322,硕贝德,18.27,0.43,2.41,18.26,18.27,17.84,17.86,18.38,17.7,28488868.0,516014061.0,15:35:45,2026-09-07
sz300323,华灿光电,10.98,0.19,1.761,10.97,10.98,10.79,10.96,11.14,10.89,46711872.0,514174302.0,15:35:00,2026-09-07
sz300324,旋极信息,3.55,-0.03,-0.838,3.54,3.55,3.58,3.58,3.61,3.52,24933017.0,88554001.0,15:35:15,2026-09-07
sz300326,ST凯利,6.26,-0.06,-0.949,6.26,6.28,6.32,6.29,6.3,6.23,5444495.0,34106377.0,15:35:30,2026-09-07
sz300327,中颖电子,24.61,-0.18,-0.726,24.61,24.62,24.79,24.8,25.09,24.55,6886617.0,170573708.0,15:35:45,2026-09-07
sz300328,宜安科技,15.6,-0.07,-0.447,15.59,15.6,15.67,15.51,16.19,15.4,37988459.0,596126069.0,15:35:00,2026-09-07
sz300329,海伦钢琴,12.27,0.27,2.25,12.25,12.27,12.0,12.12,12.3,11.96,2521140.0,30761361.0,15:35:15,2026-09-07
sz300331,苏大维格,48.4,1.2,2.542,48.38,48.4,47.2,48.08,48.98,47.0,12681306.0,610325096.0,15:35:30,2026-09-07
sz300332,天壕能源,4.97,-0.06,-1.193,4.97,4.98,5.03,5.02,5.05,4.95,15379309.0,76614287.0,15:35:45,2026-09-07
sz300333,兆日科技,12.02,-0.23,-1.878,12.01,12.02,12.25,12.03,12.22,11.78,38554804.0,462556246.0,15:35:00,2026-09-07
sz300334,津膜科技,8.52,0.18,2.158,8.52,8.53,8.34,8.32,8.52,8.11,14853900.0,123495808.0,15:35:15,2026-09-07
sz300335,迪森股份,5.62,-0.01,-0.178,5.61,5.62,5.63,5.63,5.65,5.56,6925700.0,38860738.0,15:35:30,2026-09-07
sz300337,银邦股份,9.8,-0.07,-0.709,9.8,9.81,9.87,9.81,9.96,9.77,12205708.0,119934879.0,15:35:45,2026-09-07
sz300338,*ST开元,3.12,-0.03,-0.952,3.1,3.12,3.15,3.15,3.17,3.1,3773200.0,11839775.0,15:35:00,2026-09-07
sz300339,润和软件,35.33,0.08,0.227,35.33,35.34,35.25,35.11,35.51,35.0,13274495.0,468515093.0,15:35:15,2026-09-07
sz300340,科恒股份,8.96,0.03,0.336,8.96,8.97,8.93,9.0,9.01,8.9,2896840.0,25971537.0,15:35:30,2026-09-07
sz300341,麦克奥迪,12.9,-0.03,-0.232,12.9,12.91,12.93,12.93,13.12,12.86,2496500.0,32291787.0,15:35:45,2026-09-07
sz300342,天银机电,32.5,0.2,0.619,32.5,32.51,32.3,32.29,32.87,32.05,8293173.0,269427410.0,15:35:00,2026-09-07
sz300343,联创股份,5.62,0.01,0.178,5.61,5.62,5.61,5.58,5.64,5.58,9423200.0,52904446.0,15:35:15,2026-09-07
sz300345,华民股份,7.68,0.22,2.949,7.68,7.69,7.46,7.56,7.7,7.46,25350100.0,192329421.0,15:35:30,2026-09-07
sz300346,南大光电,51.94,1.35,2.669,51.93,51.94,50.59,51.36,52.31,50.25,22751706.0,1176195055.0,15:35:45,2026-09-07
sz300347,泰格医药,49.26,-0.74,-1.48,49.26,49.27,50.0,50.01,50.02,48.51,8030462.0,395369520.0,15:35:00,2026-09-07
sz300348,长亮科技,10.11,-0.31,-2.975,10.11,10.12,10.42,10.41,10.49,10.07,26759339.0,272291403.0,15:35:15,2026-09-07
sz300349,金卡智能,10.29,0.01,0.097,10.28,10.29,10.28,10.32,10.36,10.24,4010600.0,41261622.0,15:35:30,2026-09-07
sz300350,华鹏飞,4.55,0.12,2.709,4.55,4.56,4.43,4.46,4.63,4.4,17942200.0,81527681.0,15:35:45,2026-09-07
sz300351,永贵电器,14.82,0.15,1.022,14.81,14.82,14.67,14.6,14.84,14.53,6437340.0,94709786.0,15:35:00,2026-09-07
sz300352,ST信源,2.64,-0.01,-0.377,2.63,2.64,2.65,2.66,2.67,2.59,17839800.0,46779002.0,15:35:15,2026-09-07
sz300353,东土科技,16.53,0.16,0.977,16.53,16.54,16.37,16.37,16.61,16.32,8478509.0,139963016.0,15:35:30,2026-09-07
sz300354,东华测试,27.57,-0.36,-1.289,27.57,27.58,27.93,27.98,28.51,27.47,2447553.0,68134287.0,15:35:45,2026-09-07
sz300355,蒙草生态,2.98,0.05,1.706,2.98,2.99,2.93,2.94,2.99,2.91,27595500.0,81792576.0,15:35:00,2026-09-07
sz300357,我武生物,21.67,-0.29,-1.321,21.67,21.68,21.96,21.99,22.04,21.59,10197835.0,221961087.0,15:35:15,2026-09-07
sz300358,楚天科技,8.39,-0.06,-0.71,8.39,8.4,8.45,8.47,8.48,8.34,13653659.0,114628471.0,15:35:30,2026-09-07
sz300359,全通教育,4.3,0.08,1.896,4.29,4.3,4.22,4.24,4.32,4.19,13012700.0,55418332.0,15:35:45,2026-09-07
sz300360,炬华科技,11.39,-0.07,-0.611,11.38,11.39,11.46,11.48,11.52,11.38,3981500.0,45476159.0,15:35:00,2026-09-07
sz300363,博腾股份,19.9,0.23,1.169,19.89,19.9,19.67,19.32,19.9,18.95,23418994.0,455666669.0,15:35:15,2026-09-07
sz300364,中文在线,26.61,0.9,3.501,26.6,26.61,25.71,26.36,26.9,25.41,106206801.0,2772658756.0,15:35:30,2026-09-07
sz300365,恒华科技,4.75,-0.04,-0.835,4.75,4.76,4.79,4.75,4.8,4.72,7419305.0,35282665.0,15:35:45,2026-09-07
sz300366,ST创意,5.62,0.11,1.996,5.61,5.62,5.51,5.52,5.64,5.49,5502000.0,30729856.0,15:35:00,2026-09-07
sz300368,汇金股份,9.67,-0.27,-2.716,9.67,9.68,9.94,9.92,10.04,9.56,58561300.0,571428063.0,15:35:15,2026-09-07
sz300369,绿盟科技,7.89,-0.08,-1.004,7.89,7.9,7.97,7.89,8.08,7.72,53049606.0,418059003.0,15:35:30,2026-09-07
sz300370,安控科技,2.22,0.02,0.909,2.22,2.23,2.2,2.19,2.24,2.18,16797500.0,37278473.0,15:35:45,2026-09-07
sz300371,汇中股份,10.45,0.17,1.654,10.45,10.46,10.28,10.18,10.5,10.18,2861949.0,29753936.0,15:35:00,2026-09-07
sz300373,扬杰科技,89.0,2.81,3.26,89.0,89.01,86.19,87.78,89.57,87.02,9618126.0,852884908.0,15:35:15,2026-09-07
sz300374,中铁装配,11.22,0.03,0.268,11.2,11.22,11.19,11.11,11.28,11.11,1977200.0,22166125.0,15:35:30,2026-09-07
sz300375,鹏翎股份,4.2,-0.02,-0.474,4.19,4.2,4.22,4.2,4.25,4.19,7997200.0,33738870.0,15:35:45,2026-09-07
sz300376,易事特,4.37,0.0,0.0,4.37,4.38,4.37,4.37,4.42,4.36,11671036.0,51194200.0,15:35:00,2026-09-07
sz300377,赢时胜,14.96,-0.23,-1.514,14.95,14.96,15.19,15.28,15.33,14.9,29067217.0,437206535.0,15:35:15,2026-09-07
sz300378,鼎捷数智,39.4,-0.34,-0.856,39.39,39.4,39.74,39.39,39.9,38.88,23408511.0,919749449.0,15:35:30,2026-09-07
sz300380,安硕信息,29.98,-0.55,-1.802,29.98,29.99,30.53,30.36,30.83,29.88,3204500.0,96528732.0,15:35:45,2026-09-07
sz300381,溢多利,5.58,0.01,0.18,5.58,5.59,5.57,5.55,5.62,5.54,8195200.0,45778614.0,15:35:00,2026-09-07
sz300382,斯莱克,18.84,1.43,8.214,18.84,18.85,17.41,17.77,18.9,17.42,33462103.0,615956810.0,15:35:15,2026-09-07
sz300383,光环新网,12.18,0.01,0.082,12.17,12.18,12.17,12.13,12.24,12.1,26816967.0,326365058.0,15:35:30,2026-09-07
sz300384,三联虹普,12.11,0.04,0.331,12.11,12.12,12.07,12.33,12.33,11.95,1906900.0,23018487.0,15:35:45,2026-09-07
sz300385,ST雪浪,13.34,-0.97,-6.778,13.34,13.35,14.31,14.35,14.42,13.17,11473044.0,157592607.0,15:35:00,2026-09-07
sz300386,飞天诚信,12.16,-0.39,-3.108,12.16,12.17,12.55,12.41,12.41,12.01,18306863.0,222869421.0,15:35:15,2026-09-07
sz300387,富邦科技,7.87,0.21,2.742,7.87,7.88,7.66,7.65,7.95,7.63,8881600.0,69691631.0,15:35:30,2026-09-07
sz300388,节能国祯,6.94,-0.03,-0.43,6.94,6.95,6.97,6.97,6.99,6.92,3522300.0,24480662.0,15:35:45,2026-09-07
sz300389,艾比森,12.77,-0.08,-0.623,12.76,12.77,12.85,12.94,12.95,12.72,3200600.0,40952135.0,15:35:00,2026-09-07
sz300390,天华新能,57.72,-0.22,-0.38,57.72,57.73,57.94,57.9,58.27,56.63,21010060.0,1212301907.0,15:35:15,2026-09-07
sz300393,中来股份,6.14,0.06,0.987,6.14,6.15,6.08,6.09,6.17,6.02,15139923.0,92732378.0,15:35:30,2026-09-07
sz300394,天孚通信,267.0,18.3,7.358,267.0,267.01,248.7,256.22,268.87,254.4,51929384.0,13606540720.0,15:35:45,2026-09-07
sz300395,菲利华,93.35,4.04,4.524,93.35,93.36,89.31,90.2,94.0,90.0,18731859.0,1728718620.0,15:35:00,2026-09-07
sz300396,ST迪瑞,7.18,0.02,0.279,7.17,7.18,7.16,7.16,7.2,7.11,1171050.0,8398049.0,15:35:15,2026-09-07
sz300397,天和防务,10.91,-0.05,-0.456,10.91,10.92,10.96,11.0,11.03,10.75,12244099.0,133227596.0,15:35:30,2026-09-07
sz300398,飞凯材料,33.11,0.88,2.73,33.11,33.12,32.23,32.5,33.45,31.98,23874991.0,788151648.0,15:35:45,2026-09-07
sz300399,天利科技,20.22,-0.26,-1.27,20.22,20.23,20.48,20.84,21.14,20.13,10283237.0,211506795.0,15:35:00,2026-09-07
sz300400,劲拓股份,35.07,2.2,6.693,35.06,35.07,32.87,33.05,35.58,32.79,20470600.0,703027559.0,15:35:15,2026-09-07
sz300401,花园生物,15.11,0.36,2.441,15.1,15.11,14.75,14.76,15.14,14.71,25307709.0,378505335.0,15:35:30,2026-09-07
sz300402,宝色股份,15.01,-0.18,-1.185,15.01,15.02,15.19,15.34,15.34,14.97,2262700.0,34168029.0,15:35:45,2026-09-07
sz300403,汉宇集团,9.35,0.16,1.741,9.35,9.36,9.19,9.22,9.43,9.22,5662084.0,52976025.0,15:35:00,2026-09-07
sz300404,博济医药,12.8,0.37,2.977,12.8,12.81,12.43,12.5,12.82,12.41,25407768.0,322476064.0,15:35:15,2026-09-07
sz300405,科隆股份,5.85,-0.01,-0.171,5.85,5.87,5.86,5.81,5.91,5.81,7186711.0,42148539.0,15:35:30,2026-09-07
sz300406,九强生物,11.66,-0.12,-1.019,11.65,11.66,11.78,11.8,11.8,11.64,3554300.0,41564851.0,15:35:45,2026-09-07
sz300407,凯发电气,11.6,-0.13,-1.108,11.6,11.61,11.73,11.73,11.8,11.53,4956600.0,57613587.0,15:35:00,2026-09-07
sz300408,三环集团,114.92,6.52,6.015,114.91,114.92,108.4,110.35,115.55,110.0,56505771.0,6399192824.0,15:35:15,2026-09-07
sz300409,道氏技术,17.41,0.14,0.811,17.41,17.44,17.27,17.25,17.64,17.22,10476014.0,182439280.0,15:35:30,2026-09-07
sz300410,正业科技,8.06,0.21,2.675,8.05,8.06,7.85,7.88,8.08,7.86,12223860.0,97778343.0,15:35:45,2026-09-07
sz300411,金盾股份,8.65,0.22,2.61,8.64,8.65,8.43,8.45,8.98,8.33,24493160.0,211083876.0,15:35:00,2026-09-07
sz300412,迦南科技,4.52,-0.04,-0.877,4.52,4.53,4.56,4.56,4.58,4.51,8042880.0,36477180.0,15:35:15,2026-09-07
sz300413,芒果超媒,22.1,0.85,4.0,22.1,22.11,21.25,21.0,22.22,20.22,218720369.0,4620367505.0,15:35:30,2026-09-07
sz300414,中光防雷,11.16,0.03,0.27,11.15,11.16,11.13,11.12,11.23,11.06,6968041.0,77660677.0,15:35:45,2026-09-07
sz300415,伊之密,19.41,0.16,0.831,19.41,19.42,19.25,19.24,19.56,19.06,5054600.0,97874421.0,15:35:00,2026-09-07
sz300416,苏试试验,14.18,0.0,0.0,14.18,14.19,14.18,14.19,14.32,14.16,8360523.0,118951553.0,15:35:15,2026-09-07
sz300417,南华仪器,12.03,0.11,0.923,12.0,12.03,11.92,11.9,12.25,11.9,2616788.0,31468400.0,15:35:30,2026-09-07
sz300418,昆仑万维,46.6,1.17,2.575,46.6,46.61,45.43,45.92,47.0,45.4,83166847.0,3857065291.0,15:35:45,2026-09-07
sz300419,ST浩丰,9.18,0.03,0.328,9.18,9.21,9.15,9.15,9.33,9.1,4256600.0,39136327.0,15:35:00,2026-09-07
sz300420,五洋自控,8.29,0.25,3.109,8.29,8.3,8.04,7.96,8.3,7.8,87120614.0,709085791.0,15:35:15,2026-09-07
sz300421,力星股份,16.98,0.63,3.853,16.98,16.99,16.35,16.33,17.25,16.31,6600442.0,111884228.0,15:35:30,2026-09-07
sz300422,博世科,4.15,-0.03,-0.718,4.15,4.18,4.18,4.19,4.22,4.15,8538948.0,35708077.0,15:35:45,2026-09-07
sz300423,昇辉科技,5.85,0.02,0.343,5.84,5.85,5.83,5.88,5.89,5.76,6031000.0,35145307.0,15:35:00,2026-09-07
sz300424,航新科技,14.04,0.18,1.299,14.04,14.05,13.86,13.86,14.15,13.6,6441205.0,89843686.0,15:35:15,2026-09-07
sz300425,中建环能,4.09,0.0,0.0,4.08,4.09,4.09,4.12,4.13,4.08,5318400.0,21832244.0,15:35:30,2026-09-07
sz300426,华智数媒,7.17,0.01,0.14,7.17,7.18,7.16,7.12,7.23,7.03,17753400.0,126195389.0,15:35:45,2026-09-07
sz300427,红相股份,7.07,0.19,2.762,7.06,7.07,6.88,6.95,7.29,6.86,46559300.0,331070405.0,15:35:00,2026-09-07
sz300428,立中集团,20.66,0.61,3.042,20.66,20.67,20.05,20.19,20.83,20.07,10337640.0,211498531.0,15:35:15,2026-09-07
sz300429,强力新材,10.95,0.05,0.459,10.95,10.96,10.9,10.9,11.08,10.85,9695181.0,106395307.0,15:35:30,2026-09-07
sz300430,*ST益通,4.76,0.14,3.03,4.75,4.76,4.62,4.63,4.8,4.6,7165120.0,33662539.0,15:35:45,2026-09-07
sz300432,富临精工,13.88,0.02,0.144,13.88,13.89,13.86,13.85,13.99,13.78,24257586.0,336512800.0,15:35:00,2026-09-07
sz300433,蓝思科技,35.78,0.64,1.821,35.77,35.78,35.14,35.3,36.11,35.15,63351618.0,2258192691.0,15:35:15,2026-09-07
sz300434,金石亚药,11.12,0.13,1.183,11.11,11.12,10.99,11.0,11.17,10.99,8823017.0,97837549.0,15:35:30,2026-09-07
sz300435,中泰股份,17.2,0.29,1.715,17.19,17.2,16.91,16.84,17.22,16.84,5730900.0,97523074.0,15:35:45,2026-09-07
sz300436,广生堂,90.87,1.12,1.248,90.87,90.88,89.75,92.9,93.5,89.99,2869306.0,261298564.0,15:35:00,2026-09-07
sz300437,清水源,11.46,0.07,0.615,11.46,11.48,11.39,11.42,11.57,11.33,4366059.0,50075757.0,15:35:15,2026-09-07
sz300438,鹏辉能源,54.75,-0.07,-0.128,54.75,54.76,54.82,55.36,55.78,54.31,14054435.0,772598281.0,15:35:30,2026-09-07
sz300439,美康生物,9.43,0.16,1.726,9.42,9.43,9.27,9.32,9.45,9.25,2976710.0,27962146.0,15:35:45,2026-09-07
sz300440,运达科技,20.15,0.49,2.492,20.15,20.17,19.66,19.7,20.23,19.66,7026900.0,140748071.0,15:35:00,2026-09-07
sz300441,鲍斯股份,7.1,0.16,2.305,7.09,7.1,6.94,6.99,7.12,6.97,5474680.0,38698163.0,15:35:15,2026-09-07
sz300442,润泽科技,63.99,1.06,1.684,63.98,63.99,62.93,63.7,64.2,63.29,14117847.0,900684620.0,15:35:30,2026-09-07
sz300443,金雷股份,18.71,0.09,0.483,18.71,18.72,18.62,18.77,18.97,18.59,3387931.0,63552043.0,15:35:45,2026-09-07
sz300444,双杰电气,9.48,-0.2,-2.066,9.47,9.48,9.68,9.68,9.77,9.39,34916500.0,331122077.0,15:35:00,2026-09-07
sz300445,康斯特,17.94,-0.26,-1.429,17.93,17.94,18.2,18.45,18.45,17.77,3951960.0,71051009.0,15:35:15,2026-09-07
sz300446,航天智造,12.96,-0.14,-1.069,12.96,12.97,13.1,13.02,13.17,12.94,5995452.0,78215708.0,15:35:30,2026-09-07
sz300447,全信股份,14.28,0.01,0.07,14.27,14.28,14.27,14.34,14.34,14.12,2729280.0,38912045.0,15:35:45,2026-09-07
sz300448,浩云科技,5.78,0.02,0.347,5.78,5.79,5.76,5.73,5.86,5.7,12162657.0,70378430.0,15:35:00,2026-09-07
sz300449,汉邦高科,7.05,0.0,0.0,7.05,7.06,7.05,7.05,7.13,7.0,6253800.0,44107554.0,15:35:15,2026-09-07
sz300450,先导智能,31.49,-0.08,-0.253,31.48,31.49,31.57,31.24,31.67,31.18,19513011.0,614830548.0,15:35:30,2026-09-07
sz300451,创业慧康,3.52,0.0,0.0,3.51,3.52,3.52,3.52,3.56,3.49,17479326.0,61512853.0,15:35:45,2026-09-07
sz300452,山河药辅,12.89,0.04,0.311,12.88,12.89,12.85,12.86,12.93,12.78,2652837.0,34138087.0,15:35:00,2026-09-07
sz300453,三鑫医疗,9.07,-0.1,-1.091,9.07,9.08,9.17,9.19,9.22,9.05,6213390.0,56552202.0,15:35:15,2026-09-07
sz300454,深信服,134.6,-0.48,-0.355,134.6,134.61,135.08,131.4,135.59,131.32,11079496.0,1480007444.0,15:35:30,2026-09-07
sz300455,航天智装,17.35,-0.18,-1.027,17.34,17.35,17.53,17.5,17.69,17.3,4665955.0,81297742.0,15:35:45,2026-09-07
sz300456,赛微电子,38.68,0.42,1.098,38.67,38.68,38.26,38.86,39.09,38.26,33756599.0,1305873204.0,15:35:00,2026-09-07
sz300457,赢合科技,21.56,0.02,0.093,21.56,21.58,21.54,21.53,22.15,21.26,11418561.0,248043448.0,15:35:15,2026-09-07
sz300458,全志科技,31.55,-0.28,-0.88,31.55,31.56,31.83,32.1,32.22,31.33,43220921.0,1367766756.0,15:35:30,2026-09-07
sz300459,汤姆猫,3.79,0.03,0.798,3.79,3.8,3.76,3.75,3.87,3.74,115835055.0,441251017.0,15:35:45,2026-09-07
sz300460,ST惠伦,8.94,0.18,2.055,8.93,8.94,8.76,8.73,8.94,8.71,2345200.0,20833093.0,15:35:00,2026-09-07
sz300461,田中精机,34.52,4.19,13.815,34.51,34.52,30.33,30.15,35.6,30.15,12968655.0,441766243.0,15:35:15,2026-09-07
sz300462,ST华铭,11.63,0.01,0.086,11.63,11.64,11.62,11.62,11.72,11.53,718000.0,8352701.0,15:35:30,2026-09-07
sz300463,迈克生物,9.28,0.04,0.433,9.27,9.28,9.24,9.2,9.29,9.2,2536156.0,23465027.0,15:35:45,2026-09-07
sz300464,星徽股份,7.97,0.2,2.574,7.97,7.99,7.77,7.81,8.1,7.63,11100800.0,87713692.0,15:35:00,2026-09-07
sz300465,高伟达,12.15,-0.22,-1.778,12.14,12.15,12.37,12.27,12.39,12.08,17500102.0,212846907.0,15:35:15,2026-09-07
sz300466,赛摩智能,7.4,-0.01,-0.135,7.4,7.41,7.41,7.36,7.53,7.33,6244580.0,46285035.0,15:35:30,2026-09-07
sz300467,迅游科技,34.7,-0.36,-1.027,34.7,34.72,35.06,34.9,35.8,34.61,3012400.0,105457761.0,15:35:45,2026-09-07
sz300468,四方精创,25.66,-1.84,-6.691,25.66,25.67,27.5,26.04,26.79,25.35,117699737.0,3047118279.0,15:35:00,2026-09-07
sz300469,信息发展,52.82,-3.08,-5.51,52.82,52.83,55.9,52.0,53.21,51.02,6202125.0,325883254.0,15:35:15,2026-09-07
sz300470,中密控股,28.04,0.09,0.322,28.03,28.04,27.95,27.95,28.15,27.72,1169500.0,32730503.0,15:35:30,2026-09-07
sz300471,厚普股份,9.88,-0.03,-0.303,9.88,9.89,9.91,9.94,9.97,9.73,4055345.0,39943245.0,15:35:45,2026-09-07
sz300472,ST新元,7.13,-0.08,-1.11,7.13,7.15,7.21,7.16,7.25,7.09,2423180.0,17352399.0,15:35:00,2026-09-07
sz300473,德尔股份,27.08,0.43,1.614,27.06,27.08,26.65,26.77,27.22,26.36,3651556.0,98095063.0,15:35:15,2026-09-07
sz300474,景嘉微,49.97,-0.22,-0.438,49.97,49.98,50.19,50.56,50.73,49.76,5468250.0,273653727.0,15:35:30,2026-09-07
sz300475,香农芯创,176.85,12.0,7.279,176.85,176.86,164.85,169.8,177.88,168.15,32960533.0,5739110800.0,15:35:45,2026-09-07
sz300476,胜宏科技,233.46,13.96,6.36,233.46,233.47,219.5,224.83,235.38,223.2,31976783.0,7368250181.0,15:35:00,2026-09-07
sz300477,ST合纵,2.61,0.0,0.0,2.61,2.62,2.61,2.6,2.64,2.58,10748200.0,28079225.0,15:35:15,2026-09-07
sz300478,杭州高新,31.93,2.18,7.328,31.93,31.94,29.75,30.31,31.98,29.73,3793350.0,117401975.0,15:35:30,2026-09-07
sz300479,神思电子,15.07,-0.18,-1.18,15.06,15.07,15.25,15.25,15.35,15.02,3933937.0,59442743.0,15:35:45,2026-09-07
sz300480,光力科技,30.25,2.18,7.766,30.25,30.26,28.07,28.53,30.42,28.34,17037836.0,504905540.0,15:35:00,2026-09-07
sz300481,濮阳惠成,14.02,0.11,0.791,14.02,14.03,13.91,13.91,14.14,13.91,4253598.0,59730394.0,15:35:15,2026-09-07
sz300482,万孚生物,16.63,-0.11,-0.657,16.63,16.64,16.74,16.76,16.83,16.6,3548144.0,59240484.0,15:35:30,2026-09-07
sz300483,首华燃气,25.28,-0.3,-1.173,25.27,25.28,25.58,25.67,25.85,24.62,12811960.0,322352780.0,15:35:45,2026-09-07
sz300484,蓝海华腾,12.92,0.21,1.652,12.92,12.93,12.71,12.84,12.99,12.7,2652000.0,34229929.0,15:35:00,2026-09-07
sz300485,赛升药业,8.65,0.01,0.116,8.65,8.66,8.64,8.65,8.7,8.58,2982575.0,25777803.0,15:35:15,2026-09-07
sz300486,东杰智能,18.39,-0.02,-0.109,18.38,18.39,18.41,18.48,18.52,18.15,6352225.0,116482698.0,15:35:30,2026-09-07
sz300487,蓝晓科技,63.02,1.79,2.923,63.02,63.03,61.23,61.26,63.55,60.52,5283791.0,329273315.0,15:35:45,2026-09-07
sz300488,恒锋工具,36.08,4.86,15.567,36.07,36.08,31.22,31.08,36.78,31.08,14133292.0,495375093.0,15:35:00,2026-09-07
sz300489,光智科技,229.61,15.28,7.129,229.61,229.65,214.33,223.32,233.0,219.33,11104000.0,2523600254.0,15:35:15,2026-09-07
sz300490,华自科技,11.03,0.0,0.0,11.02,11.03,11.03,11.01,11.1,10.96,10641600.0,117304366.0,15:35:30,2026-09-07
sz300491,通合科技,32.29,-0.98,-2.946,32.29,32.3,33.27,33.67,35.08,31.69,19142705.0,637512035.0,15:35:45,2026-09-07
sz300492,华图山鼎,24.31,-0.07,-0.287,24.3,24.31,24.38,24.27,24.76,24.03,3451272.0,84323884.0,15:35:00,2026-09-07
sz300493,润欣科技,12.85,0.1,0.784,12.85,12.86,12.75,12.76,12.92,12.71,6819853.0,87493408.0,15:35:15,2026-09-07
sz300494,盛天网络,8.7,0.17,1.993,8.69,8.7,8.53,8.62,8.92,8.54,19035982.0,165911946.0,15:35:30,2026-09-07
sz300496,中科创达,59.39,0.34,0.576,59.38,59.39,59.05,59.05,59.98,58.38,10570424.0,624352533.0,15:35:45,2026-09-07
sz300497,富祥股份,18.71,0.43,2.352,18.71,18.72,18.28,18.2,18.85,18.08,27425507.0,510598296.0,15:35:00,2026-09-07
sz300498,温氏股份,15.28,-0.08,-0.521,15.28,15.29,15.36,15.36,15.44,15.15,52823402.0,808043254.0,15:35:15,2026-09-07
sz300499,高澜股份,35.91,2.91,8.818,35.91,35.92,33.0,32.67,37.15,31.01,58123685.0,2013986666.0,15:35:30,2026-09-07
sz300500,启迪设计,9.89,0.06,0.61,9.88,9.89,9.83,9.87,9.98,9.77,3175875.0,31366238.0,15:35:45,2026-09-07
sz300501,海顺新材,9.98,0.0,0.0,9.98,9.99,9.98,10.04,10.2,9.93,2831790.0,28478852.0,15:35:00,2026-09-07
sz300502,新易盛,417.2,31.2,8.083,417.19,417.2,386.0,397.98,419.33,395.0,51221774.0,20918001944.0,15:35:15,2026-09-07
sz300503,昊志机电,66.27,2.08,3.24,66.27,66.28,64.19,64.73,67.35,64.16,11135699.0,739121663.0,15:35:30,2026-09-07
sz300504,天邑股份,17.65,0.44,2.557,17.64,17.65,17.21,17.22,17.88,17.12,6142600.0,107761115.0,15:35:45,2026-09-07
sz300505,川金诺,20.53,0.1,0.489,20.53,20.55,20.43,20.23,20.9,20.23,14771892.0,304158675.0,15:35:00,2026-09-07
sz300506,名家汇,5.05,0.05,1.0,5.05,5.06,5.0,5.1,5.18,5.04,18957910.0,96924457.0,15:35:15,2026-09-07
sz300507,苏奥传感,6.58,0.01,0.152,6.57,6.58,6.57,6.61,6.64,6.52,8697894.0,57180275.0,15:35:30,2026-09-07
sz300508,维宏股份,40.25,1.11,2.836,40.25,40.26,39.14,39.14,40.46,38.85,2374035.0,94985078.0,15:35:45,2026-09-07
sz300509,新美星,9.09,0.0,0.0,9.08,9.09,9.09,9.12,9.17,9.01,3613900.0,32833325.0,15:35:00,2026-09-07
sz300510,金冠股份,3.43,-0.03,-0.867,3.42,3.43,3.46,3.45,3.47,3.4,16210089.0,55658818.0,15:35:15,2026-09-07
sz300511,雪榕生物,5.68,0.21,3.839,5.67,5.68,5.47,5.46,5.71,5.46,53140526.0,300251036.0,15:35:30,2026-09-07
sz300512,中亚股份,7.44,0.01,0.135,7.44,7.45,7.43,7.5,7.51,7.39,2700900.0,20097313.0,15:35:45,2026-09-07
sz300513,恒实科技,7.59,0.03,0.397,7.57,7.59,7.56,7.56,7.63,7.51,4102400.0,31084909.0,15:35:00,2026-09-07
sz300514,友讯达,10.3,0.06,0.586,10.3,10.34,10.24,10.2,10.39,10.16,2681811.0,27642851.0,15:35:15,2026-09-07
sz300515,三德科技,15.78,-0.05,-0.316,15.77,15.78,15.83,15.83,15.98,15.71,2879300.0,45513301.0,15:35:30,2026-09-07
sz300516,久之洋,35.6,-0.29,-0.808,35.6,35.61,35.89,36.06,36.4,35.4,5728683.0,204183096.0,15:35:45,2026-09-07
sz300517,海波重科,11.74,0.62,5.576,11.74,11.75,11.12,11.17,12.0,10.88,8466367.0,98417323.0,15:35:00,2026-09-07
sz300518,新迅达,25.47,0.84,3.41,25.47,25.48,24.63,25.13,25.95,24.62,6885449.0,174634750.0,15:35:15,2026-09-07
sz300519,新光药业,14.34,0.01,0.07,14.34,14.35,14.33,14.36,14.49,14.25,1872500.0,26878497.0,15:35:30,2026-09-07
sz300520,科大国创,23.92,-0.12,-0.499,23.92,23.93,24.04,24.11,24.25,23.69,5966900.0,142579821.0,15:35:45,2026-09-07
sz300521,爱司凯,25.25,0.29,1.162,25.25,25.26,24.96,25.43,25.8,25.1,2534300.0,64524697.0,15:35:00,2026-09-07
sz300522,世名科技,14.08,0.98,7.481,14.07,14.08,13.1,13.02,14.27,13.02,19511270.0,269970918.0,15:35:15,2026-09-07
sz300523,辰安科技,20.65,-0.31,-1.479,20.65,20.68,20.96,20.97,21.0,20.47,2903796.0,59972374.0,15:35:30,2026-09-07
sz300525,博思软件,8.25,-0.09,-1.079,8.24,8.25,8.34,8.31,8.41,8.2,11649859.0,96352431.0,15:35:45,2026-09-07
sz300527,ST应急,8.4,-0.07,-0.826,8.4,8.41,8.47,8.5,8.52,8.39,7461640.0,62852985.0,15:35:00,2026-09-07
sz300528,幸福蓝海,14.12,0.18,1.291,14.12,14.13,13.94,13.85,14.25,13.57,27636900.0,384988744.0,15:35:15,2026-09-07
sz300529,健帆生物,15.51,-0.05,-0.321,15.5,15.51,15.56,15.58,15.63,15.49,3284080.0,51052625.0,15:35:30,2026-09-07
sz300530,领湃科技,21.79,0.32,1.49,21.78,21.79,21.47,21.58,21.94,21.33,5383901.0,116793829.0,15:35:45,2026-09-07
sz300531,优博讯,16.6,-0.46,-2.696,16.6,16.61,17.06,16.97,17.06,16.53,12946300.0,215648521.0,15:35:00,2026-09-07
sz300532,今天国际,7.34,-0.06,-0.811,7.33,7.34,7.4,7.41,7.41,7.3,6762560.0,49583713.0,15:35:15,2026-09-07
sz300533,冰川网络,16.18,0.57,3.652,16.17,16.18,15.61,15.96,17.35,15.96,24123647.0,399479357.0,15:35:30,2026-09-07
sz300534,陇神戎发,13.49,0.29,2.197,13.49,13.5,13.2,13.2,13.61,13.07,34572670.0,465900297.0,15:35:45,2026-09-07
sz300535,达威股份,16.47,0.12,0.734,16.4,16.47,16.35,16.34,16.62,16.26,1629500.0,26832146.0,15:35:00,2026-09-07
sz300536,农尚环境,9.28,0.13,1.421,9.27,9.28,9.15,9.18,9.44,9.09,7172703.0,66468220.0,15:35:15,2026-09-07
sz300537,广信材料,19.91,0.5,2.576,19.9,19.91,19.41,19.56,20.05,19.46,4791349.0,95030292.0,15:35:30,2026-09-07
sz300538,同益股份,15.32,0.87,6.021,15.32,15.33,14.45,14.42,16.16,14.42,11116635.0,173515768.0,15:35:45,2026-09-07
sz300539,横河精密,18.05,0.31,1.747,18.04,18.05,17.74,17.75,18.33,17.73,5025700.0,91071292.0,15:35:00,2026-09-07
sz300540,蜀道装备,27.29,0.52,1.942,27.29,27.3,26.77,27.2,27.43,26.7,7280222.0,197412288.0,15:35:15,2026-09-07
sz300541,先进数通,10.05,-0.09,-0.888,10.04,10.05,10.14,10.16,10.17,9.97,5818820.0,58418917.0,15:35:30,2026-09-07
sz300542,新晨科技,13.17,-0.41,-3.019,13.17,13.18,13.58,13.52,13.55,13.0,12579000.0,165877028.0,15:35:45,2026-09-07
sz300543,朗科智能,7.76,0.02,0.258,7.76,7.78,7.74,7.74,7.84,7.7,4601182.0,35820217.0,15:35:00,2026-09-07
sz300545,联得装备,29.24,1.18,4.205,29.23,29.24,28.06,28.16,29.43,28.1,7903953.0,229190825.0,15:35:15,2026-09-07
sz300546,雄帝科技,17.99,-0.8,-4.258,17.99,18.0,18.79,18.5,18.67,17.95,14517325.0,263809654.0,15:35:30,2026-09-07
sz300547,川环科技,27.85,0.72,2.654,27.85,27.86,27.13,27.22,28.13,26.69,8532120.0,234801648.0,15:35:45,2026-09-07
sz300548,长芯博创,213.99,20.21,10.429,213.99,214.0,193.78,199.1,215.37,196.0,17711909.0,3703662497.0,15:35:00,2026-09-07
sz300549,优德精密,14.75,0.08,0.545,14.75,14.79,14.67,14.76,14.89,14.42,1798900.0,26542234.0,15:35:15,2026-09-07
sz300550,和仁科技,14.02,0.29,2.112,14.02,14.03,13.73,13.75,14.17,13.53,7080900.0,98084626.0,15:35:30,2026-09-07
sz300551,古鳌科技,12.21,-0.15,-1.214,12.2,12.21,12.36,11.99,12.32,11.71,19819230.0,238783408.0,15:35:45,2026-09-07
sz300552,万集科技,21.81,-0.26,-1.178,21.81,21.84,22.07,21.6,21.97,21.6,5801001.0,126127030.0,15:35:00,2026-09-07
sz300553,集智股份,51.28,1.12,2.233,51.28,51.3,50.16,52.58,53.27,50.71,6392704.0,331066488.0,15:35:15,2026-09-07
sz300554,三超新材,21.37,0.17,0.802,21.37,21.38,21.2,21.2,21.64,21.12,1814500.0,38869414.0,15:35:30,2026-09-07
sz300555,ST路通,12.63,-0.11,-0.863,12.63,12.66,12.74,12.74,12.85,12.63,783700.0,9975556.0,15:35:45,2026-09-07
sz300556,丝路视觉,17.07,0.45,2.708,17.07,17.08,16.62,16.78,17.45,16.65,7392300.0,126125691.0,15:35:00,2026-09-07
sz300557,理工光科,27.34,0.37,1.372,27.33,27.34,26.97,27.52,27.9,27.08,2335550.0,64172961.0,15:35:15,2026-09-07
sz300558,贝达药业,48.3,-0.68,-1.388,48.3,48.31,48.98,49.0,49.05,48.11,6503430.0,314880668.0,15:35:30,2026-09-07
sz300559,佳发教育,12.78,1.16,9.983,12.77,12.78,11.62,11.82,12.87,11.69,22982539.0,284895920.0,15:35:45,2026-09-07
sz300560,中富通,18.35,0.9,5.158,18.34,18.35,17.45,17.46,18.49,17.46,12710950.0,230465890.0,15:35:00,2026-09-07
sz300561,汇金科技,16.22,-0.52,-3.106,16.21,16.23,16.74,16.6,16.93,16.15,21114701.0,345854724.0,15:35:15,2026-09-07
sz300562,乐心医疗,17.25,-0.56,-3.144,17.25,17.26,17.81,19.08,19.54,16.46,33589655.0,588670703.0,15:35:30,2026-09-07
sz300563,神宇股份,23.53,0.37,1.598,23.53,23.55,23.16,23.16,23.64,22.93,4260882.0,99661510.0,15:35:45,2026-09-07
sz300564,筑博设计,12.61,0.11,0.88,12.61,12.62,12.5,12.59,12.82,12.41,2324500.0,29369793.0,15:35:00,2026-09-07
sz300565,科信技术,10.03,0.09,0.905,10.02,10.03,9.94,9.98,10.06,9.93,4985300.0,49901316.0,15:35:15,2026-09-07
sz300566,激智科技,25.92,1.53,6.273,25.91,25.92,24.39,24.5,26.02,24.47,20400422.0,521719893.0,15:35:30,2026-09-07
sz300567,精测电子,197.0,9.34,4.977,197.0,197.04,187.66,191.03,198.79,189.0,6143630.0,1197568788.0,15:35:45,2026-09-07
sz300568,星源材质,14.24,0.32,2.299,14.24,14.25,13.92,13.92,14.49,13.75,37241186.0,529492062.0,15:35:00,2026-09-07
sz300569,天能重工,4.65,-0.02,-0.428,4.64,4.65,4.67,4.67,4.69,4.64,6239180.0,29049937.0,15:35:15,2026-09-07
sz300570,太辰光,206.1,26.1,14.5,206.09,206.1,180.0,185.45,207.68,185.45,22780399.0,4523666761.0,15:35:30,2026-09-07
sz300571,平治信息,29.11,0.19,0.657,29.11,29.12,28.92,28.9,29.45,28.7,3878101.0,113073320.0,15:35:45,2026-09-07
sz300572,安车检测,23.73,0.01,0.042,23.71,23.73,23.72,23.89,24.17,23.44,4271400.0,101528900.0,15:35:00,2026-09-07
sz300573,兴齐眼药,37.3,-0.29,-0.771,37.3,37.33,37.59,37.66,37.86,37.26,4012528.0,150080167.0,15:35:15,2026-09-07
sz300575,中旗股份,6.1,-0.05,-0.813,6.09,6.1,6.15,6.13,6.14,6.06,8635108.0,52588667.0,15:35:30,2026-09-07
sz300576,容大感光,28.32,0.79,2.87,28.32,28.33,27.53,27.83,28.59,27.67,9958783.0,281141924.0,15:35:45,2026-09-07
sz300577,开润股份,20.38,0.47,2.361,20.38,20.43,19.91,19.87,20.54,19.75,2574920.0,52249172.0,15:35:00,2026-09-07
sz300578,会畅科技,16.24,-0.26,-1.576,16.21,16.24,16.5,16.5,16.68,16.07,4134800.0,67133168.0,15:35:15,2026-09-07
sz300579,数字认证,23.49,-0.51,-2.125,23.48,23.49,24.0,23.92,24.3,23.3,5622348.0,132242709.0,15:35:30,2026-09-07
sz300580,贝斯特,19.29,0.34,1.794,19.29,19.3,18.95,18.95,19.7,18.95,9776098.0,190010304.0,15:35:45,2026-09-07
sz300581,晨曦航空,10.84,-0.13,-1.185,10.84,10.85,10.97,10.95,11.03,10.7,20255940.0,219125887.0,15:35:00,2026-09-07
sz300582,英飞特,11.24,-0.23,-2.005,11.24,11.25,11.47,10.99,11.38,10.8,11914112.0,132984695.0,15:35:15,2026-09-07
sz300583,赛托生物,13.37,-0.17,-1.256,13.37,13.38,13.54,13.48,13.58,13.3,5532600.0,73965768.0,15:35:30,2026-09-07
sz300584,海辰药业,30.95,0.34,1.111,30.94,30.95,30.61,30.5,31.15,30.36,1658280.0,51254743.0,15:35:45,2026-09-07
sz300585,奥联电子,16.7,1.1,7.051,16.68,16.7,15.6,15.61,16.88,15.45,7122200.0,116799610.0,15:35:00,2026-09-07
sz300586,美联新材,9.13,0.15,1.67,9.12,9.13,8.98,9.1,9.19,8.93,10439337.0,95064017.0,15:35:15,2026-09-07
sz300587,天铁科技,4.88,0.03,0.619,4.87,4.88,4.85,4.85,4.96,4.8,20757993.0,101464625.0,15:35:30,2026-09-07
sz300588,熙菱信息,24.56,-0.78,-3.078,24.55,24.56,25.34,25.17,25.41,22.68,7089800.0,175599821.0,15:35:45,2026-09-07
sz300589,江龙船艇,14.11,-0.42,-2.891,14.11,14.12,14.53,14.45,14.5,14.05,32916884.0,467084970.0,15:35:00,2026-09-07
sz300590,移为通信,11.2,0.17,1.541,11.19,11.2,11.03,11.05,11.26,11.02,8165250.0,91091481.0,15:35:15,2026-09-07
sz300591,万里马,7.37,-0.09,-1.206,7.37,7.38,7.46,7.47,7.54,7.35,13490900.0,100088762.0,15:35:30,2026-09-07
sz300592,华凯易佰,17.36,0.66,3.952,17.36,17.37,16.7,16.6,17.39,16.6,11294196.0,192786642.0,15:35:45,2026-09-07
sz300593,新雷能,34.85,3.05,9.591,34.84,34.85,31.8,33.2,35.0,32.87,33404864.0,1147831982.0,15:35:00,2026-09-07
sz300594,ST朗进,15.82,0.48,3.129,15.82,15.83,15.34,15.41,16.44,15.41,3196700.0,50992871.0,15:35:15,2026-09-07
sz300595,欧普康视,10.98,-0.06,-0.543,10.98,10.99,11.04,11.08,11.1,10.91,5957193.0,65432649.0,15:35:30,2026-09-07
sz300596,利安隆,41.63,0.63,1.537,41.63,41.64,41.0,40.9,41.9,40.53,2710152.0,112228708.0,15:35:45,2026-09-07
sz300597,吉大通信,7.96,-0.01,-0.125,7.96,7.98,7.97,8.03,8.04,7.92,3714900.0,29634683.0,15:35:00,2026-09-07
sz300598,诚迈科技,33.26,-0.13,-0.389,33.25,33.26,33.39,33.22,33.52,32.9,7176179.0,238606280.0,15:35:15,2026-09-07
sz300599,雄塑科技,11.42,0.2,1.783,11.42,11.43,11.22,11.22,11.5,10.86,7182400.0,80194391.0,15:35:30,2026-09-07
sz300600,国瑞科技,10.57,-0.43,-3.909,10.57,10.58,11.0,10.86,10.86,10.5,11492844.0,121846861.0,15:35:45,2026-09-07
sz300601,康泰生物,12.61,0.03,0.238,12.6,12.61,12.58,12.59,12.65,12.51,10157631.0,127814701.0,15:35:00,2026-09-07
sz300602,飞荣达,42.22,-0.58,-1.355,42.22,42.23,42.8,42.79,42.84,40.58,34913545.0,1452884254.0,15:35:15,2026-09-07
sz300603,立昂技术,8.19,0.02,0.245,8.19,8.2,8.17,8.2,8.29,8.12,9319307.0,76158341.0,15:35:30,2026-09-07
sz300604,长川科技,270.5,16.27,6.4,270.5,270.51,254.23,259.0,272.9,257.08,17218396.0,4598300639.0,15:35:45,2026-09-07
sz300605,恒锋信息,10.53,-0.01,-0.095,10.53,10.54,10.54,10.51,10.67,10.43,5067200.0,53372180.0,15:35:00,2026-09-07
sz300606,金太阳,35.93,0.37,1.04,35.92,35.93,35.56,36.18,36.63,35.21,7630450.0,274229869.0,15:35:15,2026-09-07
sz300607,拓斯达,37.55,3.0,8.683,37.55,37.56,34.55,34.8,37.85,34.4,60482770.0,2225061162.0,15:35:30,2026-09-07
sz300608,思特奇,10.04,-0.05,-0.496,10.03,10.04,10.09,10.01,10.11,9.91,7463796.0,74735711.0,15:35:45,2026-09-07
sz300609,汇纳科技,25.6,0.7,2.811,25.59,25.6,24.9,25.49,27.56,25.27,6433550.0,166302063.0,15:35:00,2026-09-07
sz300610,晨化股份,10.54,-0.03,-0.284,10.54,10.55,10.57,10.6,10.63,10.48,3142400.0,33194609.0,15:35:15,2026-09-07
sz300611,美力科技,26.05,-0.05,-0.192,26.04,26.05,26.1,26.12,26.44,25.93,3271919.0,85569045.0,15:35:30,2026-09-07
sz300612,宣亚国际,12.59,0.02,0.159,12.59,12.6,12.57,12.5,12.7,12.45,5429700.0,68246790.0,15:35:45,2026-09-07
sz300613,富瀚微,72.63,0.26,0.359,72.62,72.63,72.37,73.57,73.79,71.47,13072340.0,946008473.0,15:35:00,2026-09-07
sz300614,百川畅银,10.75,-0.01,-0.093,10.72,10.75,10.76,10.78,10.85,10.65,2110500.0,22683889.0,15:35:15,2026-09-07
sz300615,欣天科技,14.5,0.6,4.317,14.5,14.51,13.9,13.89,14.6,13.76,15966890.0,226708788.0,15:35:30,2026-09-07
sz300616,尚品宅配,10.86,0.13,1.212,10.86,10.88,10.73,10.94,10.96,10.66,4906200.0,53086713.0,15:35:45,2026-09-07
sz300617,安靠智电,38.15,-0.13,-0.34,38.15,38.16,38.28,38.36,38.74,38.06,2975900.0,113984067.0,15:35:00,2026-09-07
sz300618,寒锐钴业,33.22,0.07,0.211,33.21,33.22,33.15,33.16,33.37,32.84,3029372.0,100523356.0,15:35:15,2026-09-07
sz300619,金银河,27.73,0.52,1.911,27.73,27.74,27.21,27.18,28.17,27.09,7391932.0,205633163.0,15:35:30,2026-09-07
sz300620,光库科技,302.29,23.29,8.348,302.28,302.29,279.0,287.1,305.0,287.1,14151282.0,4199982696.0,15:35:45,2026-09-07
sz300621,维业股份,7.44,0.03,0.405,7.43,7.44,7.41,7.4,7.49,7.32,3501250.0,25984528.0,15:35:00,2026-09-07
sz300622,博士眼镜,15.72,-0.12,-0.758,15.71,15.72,15.84,15.75,15.98,15.59,7061140.0,110917925.0,15:35:15,2026-09-07
sz300623,捷捷微电,29.31,0.61,2.125,29.3,29.31,28.7,28.86,29.83,28.7,17561271.0,514811458.0,15:35:30,2026-09-07
sz300624,万兴科技,55.36,-0.03,-0.054,55.36,55.38,55.39,55.0,55.96,54.54,11133404.0,614561323.0,15:35:45,2026-09-07
sz300625,三雄极光,9.76,0.12,1.245,9.72,9.76,9.64,9.69,9.77,9.6,1525699.0,14837884.0,15:35:00,2026-09-07
sz300626,华瑞股份,27.27,0.6,2.25,27.27,27.28,26.67,26.87,27.52,26.7,3132200.0,85398196.0,15:35:15,2026-09-07
sz300627,华测导航,27.83,-0.68,-2.385,27.83,27.84,28.51,28.46,28.72,27.77,9776938.0,273519894.0,15:35:30,2026-09-07
sz300628,亿联网络,40.87,-1.21,-2.875,40.86,40.87,42.08,42.1,42.24,40.64,10477038.0,430075517.0,15:35:45,2026-09-07
sz300629,新劲刚,18.13,-0.13,-0.712,18.12,18.13,18.26,18.27,18.41,18.11,4546915.0,82890688.0,15:35:00,2026-09-07
sz300631,久吾高科,21.45,0.09,0.421,21.45,21.49,21.36,21.34,21.62,21.26,1155470.0,24818065.0,15:35:15,2026-09-07
sz300632,光莆股份,19.0,1.85,10.787,18.99,19.0,17.15,17.57,19.19,17.2,25916452.0,483661089.0,15:35:30,2026-09-07
sz300633,开立医疗,20.82,0.62,3.069,20.82,20.83,20.2,20.34,21.35,19.71,6574487.0,134801795.0,15:35:45,2026-09-07
sz300634,彩讯股份,20.14,-0.16,-0.788,20.14,20.15,20.3,20.4,20.45,19.95,9382539.0,188817535.0,15:35:00,2026-09-07
sz300635,中达安,12.45,0.04,0.322,12.45,12.46,12.41,12.41,12.58,12.33,2301700.0,28687462.0,15:35:15,2026-09-07
sz300636,同和药业,6.88,0.05,0.732,6.88,6.89,6.83,6.81,6.94,6.8,4123090.0,28404895.0,15:35:30,2026-09-07
sz300637,扬帆新材,9.5,0.01,0.105,9.5,9.51,9.49,9.5,9.57,9.45,2572600.0,24480160.0,15:35:45,2026-09-07
sz300638,广和通,19.09,0.01,0.052,19.09,19.1,19.08,19.12,19.45,18.78,11840064.0,225014351.0,15:35:00,2026-09-07
sz300639,凯普生物,5.87,-0.03,-0.508,5.86,5.87,5.9,5.88,5.94,5.84,7191240.0,42246805.0,15:35:15,2026-09-07
sz300640,德艺文创,6.79,0.0,0.0,6.78,6.79,6.79,6.78,6.9,6.74,9361400.0,63693674.0,15:35:30,2026-09-07
sz300641,正丹股份,13.97,-0.05,-0.357,13.97,13.98,14.02,14.03,14.08,13.92,3165695.0,44293692.0,15:35:45,2026-09-07
sz300642,透景生命,17.37,0.05,0.289,17.37,17.38,17.32,16.9,17.37,16.65,20577168.0,351607042.0,15:35:00,2026-09-07
sz300643,万通智控,18.36,0.59,3.32,18.35,18.36,17.77,17.78,18.46,17.7,5278990.0,96071228.0,15:35:15,2026-09-07
sz300644,南京聚隆,20.57,-0.04,-0.194,20.57,20.58,20.61,20.56,20.85,20.44,1460300.0,30195930.0,15:35:30,2026-09-07
sz300645,正元智慧,13.85,-0.08,-0.574,13.85,13.87,13.93,13.9,14.03,13.82,2678580.0,37226693.0,15:35:45,2026-09-07
sz300647,超频三,7.69,-0.4,-4.944,7.69,7.7,8.09,8.09,8.15,7.63,65864570.0,511681026.0,15:35:00,2026-09-07
sz300648,星云股份,40.31,0.4,1.002,40.31,40.32,39.91,39.93,40.48,39.61,1583000.0,63417715.0,15:35:15,2026-09-07
sz300649,杭州园林,28.16,-0.51,-1.779,28.14,28.16,28.67,28.82,29.78,27.55,6024701.0,170340134.0,15:35:30,2026-09-07
sz300650,太龙股份,12.49,0.79,6.752,12.48,12.49,11.7,11.76,12.6,11.68,12439610.0,154267344.0,15:35:45,2026-09-07
sz300651,金陵体育,17.78,0.01,0.056,17.77,17.78,17.77,17.72,17.93,17.43,8950185.0,158700366.0,15:35:00,2026-09-07
sz300652,雷迪克,28.09,0.4,1.445,28.08,28.09,27.69,27.69,28.5,27.51,1382100.0,38883507.0,15:35:15,2026-09-07
sz300653,正海生物,15.12,0.16,1.07,15.12,15.16,14.96,15.0,15.19,14.91,1396100.0,21038657.0,15:35:30,2026-09-07
sz300654,世纪天鸿,9.95,-0.27,-2.642,9.95,9.96,10.22,10.1,10.3,9.92,12839540.0,128423355.0,15:35:45,2026-09-07
sz300655,晶瑞电材,12.36,0.31,2.573,12.35,12.36,12.05,12.17,12.48,12.07,28170478.0,346761535.0,15:35:00,2026-09-07
sz300656,民德电子,25.13,0.26,1.045,25.13,25.19,24.87,25.12,25.6,24.89,3517968.0,88733919.0,15:35:15,2026-09-07
sz300657,弘信电子,35.66,1.65,4.852,35.66,35.67,34.01,34.5,35.86,34.12,30173106.0,1067461170.0,15:35:30,2026-09-07
sz300658,延江股份,10.55,0.19,1.834,10.53,10.55,10.36,10.41,10.7,10.32,8686779.0,91379380.0,15:35:45,2026-09-07
sz300659,中孚信息,10.27,-0.06,-0.581,10.25,10.27,10.33,10.32,10.42,10.21,2860700.0,29453054.0,15:35:00,2026-09-07
sz300660,江苏雷利,24.8,0.22,0.895,24.8,24.82,24.58,24.56,25.12,24.4,4283280.0,106512470.0,15:35:15,2026-09-07
sz300661,圣邦股份,110.6,3.68,3.442,110.6,110.66,106.92,108.84,112.51,107.24,10584669.0,1165650120.0,15:35:30,2026-09-07
sz300662,科锐国际,22.14,-0.31,-1.381,22.13,22.14,22.45,22.5,22.58,21.37,11751300.0,257279946.0,15:35:45,2026-09-07
sz300663,科蓝软件,9.05,0.07,0.78,9.05,9.06,8.98,8.95,9.06,8.72,42170997.0,375031444.0,15:35:00,2026-09-07
sz300664,鹏鹞环保,4.72,0.04,0.855,4.72,4.73,4.68,4.71,4.74,4.68,3975900.0,18748581.0,15:35:15,2026-09-07
sz300665,飞鹿股份,9.35,0.25,2.747,9.35,9.38,9.1,9.14,9.64,9.09,8660160.0,81549500.0,15:35:30,2026-09-07
sz300666,江丰电子,239.25,19.07,8.661,239.25,239.26,220.18,224.1,240.6,222.39,13687616.0,3186395028.0,15:35:45,2026-09-07
sz300667,必创科技,14.64,0.07,0.48,14.64,14.65,14.57,14.69,14.78,14.51,3843100.0,56473099.0,15:35:00,2026-09-07
sz300668,杰恩股份,32.47,0.56,1.755,32.47,32.49,31.91,32.46,32.99,31.92,3216932.0,104872754.0,15:35:15,2026-09-07
sz300669,沪宁股份,23.35,0.17,0.733,23.35,23.41,23.18,22.5,24.08,22.5,1259215.0,29502201.0,15:35:30,2026-09-07
sz300670,大烨智能,7.16,-0.06,-0.831,7.16,7.17,7.22,7.16,7.35,7.0,12400900.0,88489577.0,15:35:45,2026-09-07
sz300671,富满微,52.7,1.18,2.29,52.7,52.71,51.52,52.02,53.34,51.8,8871558.0,467403855.0,15:35:00,2026-09-07
sz300672,国科微,171.36,1.38,0.812,171.36,171.41,169.98,172.0,175.0,167.0,10050087.0,1714609480.0,15:35:15,2026-09-07
sz300673,佩蒂股份,14.18,0.14,0.997,14.18,14.19,14.04,14.06,14.5,13.97,4243140.0,60240963.0,15:35:30,2026-09-07
sz300674,宇信科技,17.61,-0.58,-3.189,17.61,17.62,18.19,18.22,18.29,17.52,31748779.0,562676583.0,15:35:45,2026-09-07
sz300675,建科院,13.24,-0.07,-0.526,13.22,13.24,13.31,13.28,13.36,13.11,1856100.0,24570014.0,15:35:00,2026-09-07
sz300676,华大基因,36.88,0.02,0.054,36.88,36.89,36.86,36.77,37.05,36.68,4548678.0,167648520.0,15:35:15,2026-09-07
sz300677,英科医疗,53.65,-0.6,-1.106,53.65,53.66,54.25,53.9,54.48,53.45,7510304.0,404901871.0,15:35:30,2026-09-07
sz300678,中科信息,22.33,-0.21,-0.932,22.33,22.34,22.54,22.57,22.73,22.32,3875571.0,86958942.0,15:35:45,2026-09-07
sz300679,电连技术,44.72,1.72,4.0,44.72,44.73,43.0,43.66,45.46,42.9,20838093.0,926709773.0,15:35:00,2026-09-07
sz300680,隆盛科技,20.34,0.57,2.883,20.34,20.35,19.77,19.75,20.48,19.75,7766477.0,157568905.0,15:35:15,2026-09-07
sz300681,英搏尔,21.65,0.17,0.791,21.64,21.65,21.48,21.44,21.94,21.23,11565963.0,249759146.0,15:35:30,2026-09-07
sz300682,朗新科技,9.3,-0.11,-1.169,9.3,9.31,9.41,9.37,9.45,9.25,14879401.0,138434767.0,15:35:45,2026-09-07
sz300683,海特生物,25.02,0.15,0.603,25.02,25.03,24.87,24.87,25.14,24.66,2937000.0,73291136.0,15:35:00,2026-09-07
sz300684,中石科技,104.36,15.46,17.39,104.29,104.36,88.9,91.0,106.68,89.5,45881563.0,4516204895.0,15:35:15,2026-09-07
sz300685,艾德生物,17.14,0.01,0.058,17.14,17.15,17.13,17.24,17.27,17.11,4698500.0,80706649.0,15:35:30,2026-09-07
sz300686,智动力,14.81,0.36,2.491,14.81,14.82,14.45,14.72,14.88,14.46,4959100.0,73090373.0,15:35:45,2026-09-07
sz300687,赛意信息,28.74,-0.11,-0.381,28.74,28.75,28.85,28.85,29.02,28.43,13206454.0,379432999.0,15:35:00,2026-09-07
sz300688,创业黑马,29.78,0.78,2.69,29.78,29.79,29.0,28.97,30.1,28.61,6218450.0,183008459.0,15:35:15,2026-09-07
sz300689,澄天伟业,59.15,3.75,6.769,59.14,59.15,55.4,55.7,59.99,54.72,4731890.0,272449218.0,15:35:30,2026-09-07
sz300690,双一科技,23.44,-0.11,-0.467,23.44,23.45,23.55,23.48,23.74,23.34,3805895.0,89429924.0,15:35:45,2026-09-07
sz300691,联合光电,14.66,0.14,0.964,14.66,14.67,14.52,14.5,14.68,14.43,2612600.0,38097938.0,15:35:00,2026-09-07
sz300692,中赋科技,8.88,0.07,0.795,8.88,8.89,8.81,8.81,9.0,8.77,8699667.0,77387522.0,15:35:15,2026-09-07
sz300693,盛弘股份,40.65,0.85,2.136,40.65,40.66,39.8,40.15,40.86,39.39,8759006.0,351361675.0,15:35:30,2026-09-07
sz300694,蠡湖股份,10.9,0.05,0.461,10.9,10.91,10.85,10.85,10.95,10.72,4294900.0,46586969.0,15:35:45,2026-09-07
sz300695,兆丰股份,49.25,0.64,1.317,49.25,49.34,48.61,48.55,49.8,48.35,851045.0,41938431.0,15:35:00,2026-09-07
sz300696,爱乐达,21.27,-0.56,-2.565,21.27,21.29,21.83,21.75,21.85,21.06,6564908.0,140207885.0,15:35:15,2026-09-07
sz300697,电工合金,14.6,-0.08,-0.545,14.59,14.6,14.68,14.66,14.68,14.4,6849200.0,99769930.0,15:35:30,2026-09-07
sz300698,万马科技,26.82,-0.35,-1.288,26.82,26.83,27.17,27.0,27.4,26.64,2690900.0,72371098.0,15:35:45,2026-09-07
sz300699,光威复材,24.02,-0.55,-2.239,24.02,24.03,24.57,24.5,24.57,23.98,10926281.0,263721998.0,15:35:00,2026-09-07
sz300700,岱勒新材,20.13,0.88,4.571,20.13,20.14,19.25,19.45,20.65,19.1,12429646.0,248710304.0,15:35:15,2026-09-07
sz300701,森霸传感,10.05,0.05,0.5,10.03,10.05,10.0,10.0,10.07,9.92,2974205.0,29800375.0,15:35:30,2026-09-07
sz300702,天宇股份,21.34,-0.28,-1.295,21.34,21.4,21.62,21.5,21.61,21.17,2052480.0,43723645.0,15:35:45,2026-09-07
sz300703,创源股份,14.91,0.57,3.975,14.9,14.91,14.34,14.46,14.94,14.0,15600100.0,228407971.0,15:35:00,2026-09-07
sz300705,九典制药,11.03,-0.03,-0.271,11.03,11.04,11.06,11.06,11.13,10.95,3177384.0,35041578.0,15:35:15,2026-09-07
sz300706,阿石创,48.6,1.68,3.581,48.6,48.61,46.92,47.86,49.26,47.05,6385500.0,308603605.0,15:35:30,2026-09-07
sz300707,威唐工业,12.04,0.02,0.166,12.03,12.04,12.02,12.15,12.16,11.93,2081800.0,25096825.0,15:35:45,2026-09-07
sz300708,聚灿光电,8.46,-0.08,-0.937,8.46,8.47,8.54,8.64,8.64,8.33,19578635.0,164950532.0,15:35:00,2026-09-07
sz300709,精研科技,45.51,2.17,5.007,45.51,45.52,43.34,43.5,46.08,43.0,22404310.0,1005709903.0,15:35:15,2026-09-07
sz300710,万隆光电,31.57,0.41,1.316,31.57,31.58,31.16,31.27,31.7,30.81,2840365.0,88941350.0,15:35:30,2026-09-07
sz300711,广哈通信,18.04,-0.09,-0.496,18.03,18.04,18.13,18.38,18.49,17.99,4411623.0,79950665.0,15:35:45,2026-09-07
sz300712,永福股份,20.21,0.13,0.647,20.21,20.22,20.08,20.43,20.49,19.98,1045000.0,21184416.0,15:35:00,2026-09-07
sz300713,英可瑞,13.54,0.09,0.669,13.54,13.55,13.45,13.72,13.72,13.33,1687385.0,22854173.0,15:35:15,2026-09-07
sz300715,凯伦股份,14.5,0.3,2.113,14.5,14.51,14.2,14.2,14.56,14.11,7061302.0,101914496.0,15:35:30,2026-09-07
sz300716,*ST泉为,18.75,0.75,4.167,18.74,18.75,18.0,18.3,19.0,17.88,2247800.0,41536771.0,15:35:45,2026-09-07
sz300717,华信新材,18.59,0.09,0.486,18.59,18.65,18.5,18.41,18.8,18.2,1780200.0,33205274.0,15:35:00,2026-09-07
sz300718,长盛轴承,55.79,0.93,1.695,55.78,55.79,54.86,54.31,56.49,54.31,4766597.0,266129237.0,15:35:15,2026-09-07
sz300719,安达维尔,12.5,-0.14,-1.108,12.5,12.51,12.64,12.8,12.8,12.37,3920500.0,49035334.0,15:35:30,2026-09-07
sz300720,海川智能,65.63,3.12,4.991,65.63,65.65,62.51,65.29,66.66,63.45,9033626.0,589279397.0,15:35:45,2026-09-07
sz300721,怡达股份,21.84,0.18,0.831,21.83,21.84,21.66,21.67,22.08,21.57,3737940.0,81811793.0,15:35:00,2026-09-07
sz300722,新余国科,22.15,-0.32,-1.424,22.14,22.15,22.47,22.4,22.55,22.01,3400996.0,75405400.0,15:35:15,2026-09-07
sz300723,一品红,35.97,0.38,1.068,35.97,35.98,35.59,34.9,36.3,34.9,5975692.0,213310596.0,15:35:30,2026-09-07
sz300724,捷佳伟创,53.15,0.59,1.123,53.14,53.15,52.56,52.56,53.58,52.21,5720321.0,303508086.0,15:35:45,2026-09-07
sz300725,药石科技,42.61,-0.12,-0.281,42.6,42.61,42.73,42.68,42.98,42.12,10195528.0,433813587.0,15:35:00,2026-09-07
sz300726,宏达电子,50.38,1.58,3.238,50.38,50.39,48.8,49.0,50.96,48.9,8923403.0,445284622.0,15:35:15,2026-09-07
sz300727,润禾材料,30.95,0.45,1.475,30.95,30.96,30.5,30.33,31.54,30.31,4730356.0,147089365.0,15:35:30,2026-09-07
sz300729,乐歌股份,10.83,-0.09,-0.824,10.83,10.84,10.92,10.87,10.96,10.8,2268100.0,24605812.0,15:35:45,2026-09-07
sz300730,科创信息,11.54,-0.03,-0.259,11.54,11.55,11.57,11.6,11.72,11.5,3202200.0,37034758.0,15:35:00,2026-09-07
sz300731,科创新源,47.24,2.24,4.978,47.24,47.25,45.0,45.0,47.68,44.5,7809260.0,361500328.0,15:35:15,2026-09-07
sz300732,设研院,5.98,-0.02,-0.333,5.98,5.99,6.0,6.01,6.04,5.96,4042356.0,24264532.0,15:35:30,2026-09-07
sz300733,西菱动力,13.46,-0.27,-1.966,13.45,13.46,13.73,13.7,13.77,13.44,3605796.0,48831292.0,15:35:45,2026-09-07
sz300735,光弘科技,19.27,0.0,0.0,19.27,19.28,19.27,19.6,19.67,19.21,9673280.0,187242277.0,15:35:00,2026-09-07
sz300736,百邦科技,34.13,1.79,5.535,34.12,34.13,32.34,32.71,35.09,32.59,8280500.0,280175634.0,15:35:15,2026-09-07
sz300737,科顺股份,4.85,0.0,0.0,4.85,4.86,4.85,4.85,4.91,4.81,17741262.0,86192902.0,15:35:30,2026-09-07
sz300738,奥飞数据,20.17,0.11,0.548,20.17,20.18,20.06,20.0,20.25,19.9,22207265.0,446816923.0,15:35:45,2026-09-07
sz300739,明阳电路,24.71,2.52,11.356,24.7,24.71,22.19,22.38,24.96,22.38,21640002.0,515900204.0,15:35:00,2026-09-07
sz300740,水羊股份,22.6,0.01,0.044,22.6,22.61,22.59,22.59,22.76,22.35,17457647.0,393511251.0,15:35:15,2026-09-07
sz300741,华宝股份,18.48,1.6,9.479,18.47,18.48,16.88,16.81,18.52,16.69,16725459.0,297720506.0,15:35:30,2026-09-07
sz300743,天地数码,14.65,-0.13,-0.88,14.65,14.66,14.78,14.79,14.84,14.61,2078140.0,30598233.0,15:35:45,2026-09-07
sz300745,欣锐科技,29.48,1.06,3.73,29.47,29.48,28.42,28.47,29.54,28.05,9753808.0,281373500.0,15:35:00,2026-09-07
sz300746,汉嘉数智,14.13,-0.02,-0.141,14.09,14.13,14.15,14.25,14.45,14.01,3503100.0,49705335.0,15:35:15,2026-09-07
sz300747,锐科激光,39.78,1.09,2.817,39.77,39.78,38.69,39.04,39.94,38.3,29244589.0,1150579951.0,15:35:30,2026-09-07
sz300748,金力永磁,26.16,0.05,0.191,26.16,26.17,26.11,26.0,26.27,25.76,10449337.0,272587338.0,15:35:45,2026-09-07
sz300749,顶固集创,25.56,-0.06,-0.234,25.5,25.56,25.62,25.97,26.33,25.33,4281300.0,109800822.0,15:35:00,2026-09-07
sz300750,宁德时代,348.2,-2.8,-0.798,348.19,348.2,351.0,351.05,351.8,345.5,24678820.0,8581370373.0,15:35:15,2026-09-07
sz300751,迈为股份,198.48,6.56,3.418,198.48,198.72,191.92,191.68,201.75,191.67,6941483.0,1378886792.0,15:35:30,2026-09-07
sz300752,隆利科技,11.59,0.57,5.172,11.58,11.59,11.02,11.03,11.64,11.03,8614305.0,98087736.0,15:35:45,2026-09-07
sz300753,爱朋医疗,21.85,0.01,0.046,21.85,21.86,21.84,21.68,21.95,21.58,2816127.0,61331912.0,15:35:00,2026-09-07
sz300755,华致酒行,11.77,0.28,2.437,11.76,11.77,11.49,11.39,11.78,11.39,5950900.0,69466367.0,15:35:15,2026-09-07
sz300756,金马游乐,31.0,0.7,2.31,31.0,31.04,30.3,30.45,32.18,30.36,5739934.0,180619582.0,15:35:30,2026-09-07
sz300757,罗博特科,631.94,57.95,10.096,631.94,631.95,573.99,588.0,631.99,588.0,9166670.0,5629808166.0,15:35:45,2026-09-07
sz300758,七彩化学,11.45,0.06,0.527,11.44,11.45,11.39,11.41,11.52,11.39,6271040.0,71824904.0,15:35:00,2026-09-07
sz300759,康龙化成,41.26,0.07,0.17,41.26,41.27,41.19,41.2,41.86,40.95,31928561.0,1319789888.0,15:35:15,2026-09-07
sz300760,迈瑞医疗,169.2,-0.71,-0.418,169.2,169.24,169.91,170.0,170.5,167.36,7939059.0,1342921937.0,15:35:30,2026-09-07
sz300761,立华股份,21.65,0.2,0.932,21.65,21.66,21.45,21.26,21.81,21.26,12653129.0,273265862.0,15:35:45,2026-09-07
sz300762,上海瀚讯,27.8,-0.14,-0.501,27.79,27.8,27.94,27.99,28.33,27.75,10341219.0,288598696.0,15:35:00,2026-09-07
sz300763,锦浪科技,58.29,-0.01,-0.017,58.28,58.29,58.3,58.35,58.8,57.66,5133709.0,298861473.0,15:35:15,2026-09-07
sz300765,石药创新,45.42,1.54,3.51,45.41,45.42,43.88,43.52,45.77,42.88,19706747.0,871436737.0,15:35:30,2026-09-07
sz300766,每日互动,22.6,-0.03,-0.133,22.6,22.61,22.63,22.68,22.88,22.31,14986985.0,337420889.0,15:35:45,2026-09-07
sz300767,震安科技,19.02,0.12,0.635,19.02,19.03,18.9,18.99,19.29,18.71,4139371.0,78814740.0,15:35:00,2026-09-07
sz300768,迪普科技,14.76,-0.12,-0.806,14.75,14.76,14.88,14.86,14.92,14.69,4302600.0,63655078.0,15:35:15,2026-09-07
sz300769,德方纳米,41.81,0.19,0.457,41.81,41.82,41.62,41.65,42.0,41.27,6401732.0,267375737.0,15:35:30,2026-09-07
sz300770,新媒股份,35.55,0.17,0.48,35.55,35.59,35.38,35.34,35.79,35.16,2625165.0,93183193.0,15:35:45,2026-09-07
sz300771,智莱科技,11.68,-0.03,-0.256,11.68,11.69,11.71,11.71,11.79,11.62,3355350.0,39266609.0,15:35:00,2026-09-07
sz300772,运达股份,9.21,-0.05,-0.54,9.2,9.21,9.26,9.26,9.28,9.19,12705267.0,117217952.0,15:35:15,2026-09-07
sz300773,拉卡拉,16.18,-0.72,-4.26,16.18,16.19,16.9,16.73,16.87,16.12,91094959.0,1486799509.0,15:35:30,2026-09-07
sz300774,倍杰特,10.89,0.0,0.0,10.89,10.9,10.89,11.02,11.16,10.66,7194700.0,78916496.0,15:35:45,2026-09-07
sz300775,三角防务,21.59,-0.25,-1.145,21.58,21.59,21.84,21.9,21.98,21.5,9737907.0,210584085.0,15:35:00,2026-09-07
sz300776,帝尔激光,113.4,6.59,6.17,113.39,113.4,106.81,108.73,116.33,106.86,8194675.0,923381260.0,15:35:15,2026-09-07
sz300777,中简科技,22.12,-0.51,-2.254,22.12,22.13,22.63,22.5,22.75,22.1,6645598.0,147888474.0,15:35:30,2026-09-07
sz300778,新城市,11.78,0.89,8.173,11.77,11.78,10.89,11.08,11.98,10.97,9584733.0,110572515.0,15:35:45,2026-09-07
sz300779,惠城环保,56.8,0.08,0.141,56.8,56.81,56.72,56.7,58.4,56.26,7128829.0,407410791.0,15:35:00,2026-09-07
sz300780,德恩精工,20.39,0.95,4.887,20.38,20.39,19.44,19.43,20.83,19.19,8911300.0,181574463.0,15:35:15,2026-09-07
sz300781,因赛集团,28.89,-0.13,-0.448,28.88,28.89,29.02,29.01,29.42,28.5,6753772.0,194768637.0,15:35:30,2026-09-07
sz300782,卓胜微,73.7,2.22,3.106,73.7,73.71,71.48,72.53,74.34,71.55,8967310.0,655248173.0,15:35:45,2026-09-07
sz300783,三只松鼠,18.09,0.31,1.744,18.08,18.09,17.78,17.86,18.14,17.82,7987669.0,144003206.0,15:35:00,2026-09-07
sz300784,利安科技,42.51,0.71,1.699,42.5,42.51,41.8,42.03,42.56,41.61,574200.0,24247113.0,15:35:15,2026-09-07
sz300785,值得买,36.66,0.28,0.77,36.66,36.67,36.38,36.88,36.89,35.92,9207838.0,334798456.0,15:35:30,2026-09-07
sz300786,国林科技,14.64,0.17,1.175,14.64,14.66,14.47,14.47,14.86,14.45,5846000.0,85884356.0,15:35:45,2026-09-07
sz300787,海能实业,10.23,0.13,1.287,10.23,10.24,10.1,10.15,10.38,10.06,3988730.0,40768477.0,15:35:00,2026-09-07
sz300788,中信出版,26.46,0.88,3.44,26.44,26.46,25.58,25.89,26.5,25.5,8278200.0,215626666.0,15:35:15,2026-09-07
sz300789,唐源电气,16.64,-0.15,-0.893,16.62,16.64,16.79,16.83,16.96,16.58,2240320.0,37474089.0,15:35:30,2026-09-07
sz300790,宇瞳光学,19.06,0.81,4.438,19.05,19.06,18.25,18.35,19.37,18.13,27433966.0,519950350.0,15:35:45,2026-09-07
sz300791,仙乐健康,17.87,0.13,0.733,17.87,17.88,17.74,17.8,17.89,17.67,1465827.0,26071997.0,15:35:00,2026-09-07
sz300792,壹网壹创,26.06,0.15,0.579,26.05,26.06,25.91,26.38,26.58,25.58,12950302.0,335964731.0,15:35:15,2026-09-07
sz300793,佳禾智能,11.55,-0.03,-0.259,11.55,11.56,11.58,11.69,11.7,11.48,3503400.0,40448764.0,15:35:30,2026-09-07
sz300795,米奥会展,13.65,-0.19,-1.373,13.64,13.65,13.84,13.95,13.99,13.35,23324645.0,316459120.0,15:35:45,2026-09-07
sz300796,贝斯美,6.99,0.04,0.576,6.98,6.99,6.95,7.03,7.04,6.93,3056700.0,21367916.0,15:35:00,2026-09-07
sz300797,钢研纳克,13.14,-0.04,-0.303,13.13,13.14,13.18,13.11,13.26,13.07,3224450.0,42461729.0,15:35:15,2026-09-07
sz300798,锦鸡股份,8.73,-0.17,-1.91,8.72,8.73,8.9,8.86,8.91,8.46,41970034.0,365049653.0,15:35:30,2026-09-07
sz300800,力合科技,10.31,0.05,0.487,10.31,10.33,10.26,10.22,10.36,10.17,2218322.0,22831814.0,15:35:45,2026-09-07
sz300801,泰和科技,21.9,0.05,0.229,21.89,21.9,21.85,21.88,22.15,21.81,2791700.0,61288027.0,15:35:00,2026-09-07
sz300802,矩子科技,25.5,2.05,8.742,25.5,25.51,23.45,23.6,26.26,23.36,16673768.0,421930494.0,15:35:15,2026-09-07
sz300803,指南针,84.95,-3.14,-3.565,84.95,84.96,88.09,88.11,88.65,84.56,24903288.0,2136350196.0,15:35:30,2026-09-07
sz300804,广康生化,45.25,0.17,0.377,45.2,45.26,45.08,44.99,45.5,44.56,669200.0,30162575.0,15:35:45,2026-09-07
sz300805,电声股份,8.6,0.04,0.467,8.59,8.6,8.56,8.56,8.71,8.5,8351600.0,71749946.0,15:35:00,2026-09-07
sz300806,斯迪克,47.71,1.14,2.448,47.7,47.71,46.57,47.28,48.39,47.06,22624178.0,1080981122.0,15:35:15,2026-09-07
sz300807,天迈科技,38.19,0.2,0.526,38.19,38.2,37.99,38.01,38.38,37.71,861200.0,32856310.0,15:35:30,2026-09-07
sz300808,久量股份,24.96,2.16,9.474,24.96,24.97,22.8,22.8,25.1,22.6,7717525.0,186648907.0,15:35:45,2026-09-07
sz300809,华辰装备,24.52,0.62,2.594,24.52,24.53,23.9,23.73,24.6,23.73,4189540.0,102341336.0,15:35:00,2026-09-07
sz300810,中科海讯,25.09,-0.55,-2.145,25.09,25.14,25.64,25.44,25.61,25.02,1979500.0,49772431.0,15:35:15,2026-09-07
sz300811,铂科新材,84.5,12.04,16.616,84.5,84.51,72.46,73.95,85.31,73.95,25370629.0,2036898868.0,15:35:30,2026-09-07
sz300812,易天股份,19.67,0.75,3.964,19.67,19.68,18.92,19.01,19.8,19.01,6737711.0,131896859.0,15:35:45,2026-09-07
sz300813,泰林生物,20.87,0.32,1.557,20.87,20.88,20.55,21.0,21.0,20.36,2049600.0,42447889.0,15:35:00,2026-09-07
sz300814,中富电路,137.6,10.44,8.21,137.6,137.64,127.16,130.5,137.86,129.01,7316558.0,990121715.0,15:35:15,2026-09-07
sz300815,玉禾田,15.27,0.11,0.726,15.27,15.3,15.16,15.21,15.32,15.02,3651987.0,55564043.0,15:35:30,2026-09-07
sz300816,艾可蓝,67.63,3.63,5.672,67.62,67.63,64.0,64.88,69.18,62.96,6057806.0,405088732.0,15:35:45,2026-09-07
sz300817,双飞集团,16.88,0.16,0.957,16.86,16.88,16.72,16.79,17.04,16.65,2189600.0,36862263.0,15:35:00,2026-09-07
sz300818,耐普矿机,18.23,-0.15,-0.816,18.23,18.26,18.38,18.39,18.59,18.12,1964770.0,36061498.0,15:35:15,2026-09-07
sz300819,聚杰微纤,46.66,2.13,4.783,46.65,46.66,44.53,44.52,47.18,44.52,4486500.0,208331671.0,15:35:30,2026-09-07
sz300820,英杰电气,57.93,2.16,3.873,57.93,57.94,55.77,56.85,58.33,55.81,4775095.0,274889322.0,15:35:45,2026-09-07
sz300821,东岳硅材,15.12,0.24,1.613,15.12,15.13,14.88,14.95,15.24,14.8,30345708.0,457696627.0,15:35:00,2026-09-07
sz300822,贝仕达克,12.16,0.0,0.0,12.15,12.16,12.16,12.25,12.38,11.82,6456200.0,77639234.0,15:35:15,2026-09-07
sz300823,建科智能,14.94,0.11,0.742,14.94,14.95,14.83,14.72,15.02,14.65,2849109.0,42410984.0,15:35:30,2026-09-07
sz300824,北鼎股份,7.93,0.08,1.019,7.93,7.94,7.85,7.86,7.99,7.77,3237050.0,25488727.0,15:35:45,2026-09-07
sz300825,阿尔特,12.42,-0.1,-0.799,12.42,12.43,12.52,12.42,12.75,12.34,26871191.0,336714721.0,15:35:00,2026-09-07
sz300826,测绘股份,14.89,0.08,0.54,14.89,14.9,14.81,14.87,15.08,14.75,3219516.0,47949196.0,15:35:15,2026-09-07
sz300827,上能电气,24.49,0.45,1.872,24.48,24.49,24.04,24.16,24.62,23.96,7077153.0,172690774.0,15:35:30,2026-09-07
sz300828,锐新科技,18.86,0.76,4.199,18.86,18.87,18.1,18.46,19.26,18.09,17482250.0,326439418.0,15:35:45,2026-09-07
sz300829,金丹科技,17.75,0.27,1.545,17.75,17.76,17.48,17.6,18.2,17.17,12155458.0,214885975.0,15:35:00,2026-09-07
sz300830,金现代,9.59,-0.39,-3.908,9.59,9.6,9.98,9.75,9.75,9.36,50549107.0,482175876.0,15:35:15,2026-09-07
sz300831,ST派瑞,14.65,-0.29,-1.941,14.65,14.66,14.94,15.0,15.2,14.58,7423400.0,109788290.0,15:35:30,2026-09-07
sz300832,新产业,50.93,-0.57,-1.107,50.93,51.12,51.5,51.35,51.98,50.8,4161880.0,213374727.0,15:35:45,2026-09-07
sz300833,浩洋股份,41.61,0.85,2.085,41.53,41.61,40.76,41.25,41.82,40.5,1255216.0,51743206.0,15:35:00,2026-09-07
sz300834,星辉环材,41.63,0.02,0.048,41.63,41.67,41.61,41.79,42.03,41.13,1574902.0,65491486.0,15:35:15,2026-09-07
sz300835,龙磁科技,173.5,19.3,12.516,173.48,173.5,154.2,160.0,174.47,158.48,6247317.0,1052946641.0,15:35:30,2026-09-07
sz300836,佰奥智能,50.7,1.95,4.0,50.69,50.7,48.75,48.8,51.0,48.33,2042443.0,102490610.0,15:35:45,2026-09-07
sz300837,浙矿股份,23.29,-0.32,-1.355,23.29,23.33,23.61,23.61,23.77,23.1,2409044.0,56298223.0,15:35:00,2026-09-07
sz300838,浙江力诺,14.66,-0.03,-0.204,14.59,14.66,14.69,14.64,14.76,14.52,2705299.0,39520590.0,15:35:15,2026-09-07
sz300839,博汇股份,13.19,0.55,4.351,13.19,13.2,12.64,12.76,13.34,12.7,19570619.0,256265004.0,15:35:30,2026-09-07
sz300840,酷特智能,18.18,-2.13,-10.487,18.18,18.19,20.31,20.12,20.19,18.0,26183052.0,485929856.0,15:35:45,2026-09-07
sz300841,康华生物,50.99,0.05,0.098,50.99,51.0,50.94,51.08,51.93,50.88,2419532.0,124249081.0,15:35:00,2026-09-07
sz300842,帝科股份,65.56,3.77,6.101,65.56,65.58,61.79,62.03,66.49,61.9,7749970.0,504421429.0,15:35:15,2026-09-07
sz300843,胜蓝股份,127.9,5.31,4.332,127.9,127.91,122.59,124.91,129.98,123.1,5734170.0,727254290.0,15:35:30,2026-09-07
sz300844,山水比德,24.98,0.44,1.793,24.98,25.0,24.54,24.75,25.1,24.57,1195836.0,29800097.0,15:35:45,2026-09-07
sz300845,捷安高科,14.02,0.5,3.698,14.01,14.02,13.52,13.9,14.4,13.82,10334886.0,145768743.0,15:35:00,2026-09-07
sz300846,首都在线,19.27,0.0,0.0,19.26,19.27,19.27,19.34,19.4,19.07,17269005.0,331751991.0,15:35:15,2026-09-07
sz300847,中船汉光,14.17,-0.21,-1.46,14.17,14.18,14.38,14.24,14.36,14.08,4180722.0,59221542.0,15:35:30,2026-09-07
sz300848,美瑞新材,11.67,0.02,0.172,11.67,11.68,11.65,11.63,11.73,11.54,1500785.0,17487570.0,15:35:45,2026-09-07
sz300849,锦盛新材,23.0,-0.06,-0.26,23.0,23.01,23.06,23.23,23.23,22.67,2152750.0,49288553.0,15:35:00,2026-09-07
sz300850,新强联,27.0,0.16,0.596,26.99,27.0,26.84,27.0,27.36,26.77,9396429.0,254369311.0,15:35:15,2026-09-07
sz300851,交大思诺,24.0,-0.02,-0.083,24.0,24.01,24.02,23.99,24.29,23.84,1187500.0,28598081.0,15:35:30,2026-09-07
sz300852,四会富仕,52.97,4.64,9.601,52.97,52.98,48.33,49.21,53.35,48.1,14672036.0,750450279.0,15:35:45,2026-09-07
sz300853,申昊科技,28.3,0.37,1.325,28.28,28.3,27.93,28.18,28.99,27.54,3190900.0,91087961.0,15:35:00,2026-09-07
sz300854,中兰环保,16.89,-0.36,-2.087,16.89,16.9,17.25,17.09,17.2,16.75,7760178.0,131264047.0,15:35:15,2026-09-07
sz300855,图南股份,35.86,0.09,0.252,35.84,35.86,35.77,35.61,36.0,35.1,6941707.0,246997845.0,15:35:30,2026-09-07
sz300856,科思股份,10.76,0.02,0.186,10.76,10.77,10.74,10.73,10.81,10.64,2384380.0,25584167.0,15:35:45,2026-09-07
sz300857,协创数据,274.03,21.13,8.355,274.03,274.05,252.9,257.0,275.77,257.0,30841661.0,8318702697.0,15:35:00,2026-09-07
sz300858,科拓生物,14.77,-0.06,-0.405,14.76,14.77,14.83,14.83,14.97,14.7,3096600.0,45863215.0,15:35:15,2026-09-07
sz300859,西域旅游,29.85,0.97,3.359,29.85,29.86,28.88,28.6,29.98,28.6,10180516.0,300412927.0,15:35:30,2026-09-07
sz300860,锋尚文化,32.48,2.56,8.556,32.47,32.48,29.92,30.4,33.13,30.22,7209027.0,231950323.0,15:35:45,2026-09-07
sz300861,美畅股份,16.22,0.05,0.309,16.22,16.23,16.17,16.16,16.37,16.12,7706959.0,125363828.0,15:35:00,2026-09-07
sz300862,蓝盾光电,50.39,3.94,8.482,50.38,50.39,46.45,47.7,50.41,47.0,19047387.0,937810074.0,15:35:15,2026-09-07
sz300863,卡倍亿,42.19,1.69,4.173,42.18,42.19,40.5,40.99,42.66,40.4,5596897.0,234687602.0,15:35:30,2026-09-07
sz300864,南大环境,29.23,0.28,0.967,29.22,29.23,28.95,30.58,30.74,28.36,9250408.0,273207387.0,15:35:45,2026-09-07
sz300865,大宏立,34.58,1.62,4.915,34.58,34.59,32.96,33.51,35.0,32.49,7100490.0,241882464.0,15:35:00,2026-09-07
sz300866,安克创新,132.24,-3.67,-2.7,132.24,132.25,135.91,135.5,136.54,131.5,4976765.0,662232583.0,15:35:15,2026-09-07
sz300867,圣元环保,17.44,0.18,1.043,17.43,17.44,17.26,17.31,17.52,17.29,3435890.0,59845033.0,15:35:30,2026-09-07
sz300868,杰美特,82.42,1.82,2.258,82.38,82.42,80.6,81.77,83.58,81.05,2502873.0,206117164.0,15:35:45,2026-09-07
sz300869,康泰医学,11.23,0.01,0.089,11.22,11.23,11.22,11.25,11.29,11.17,1530000.0,17177023.0,15:35:00,2026-09-07
sz300870,欧陆通,216.25,11.99,5.87,216.25,216.28,204.26,209.0,218.68,204.88,7412377.0,1578902323.0,15:35:15,2026-09-07
sz300871,回盛生物,23.04,-0.13,-0.561,23.04,23.05,23.17,23.3,23.66,22.98,4300420.0,99702819.0,15:35:30,2026-09-07
sz300872,天阳科技,15.61,-0.43,-2.681,15.6,15.61,16.04,16.1,16.13,15.55,13940575.0,218904385.0,15:35:45,2026-09-07
sz300873,海晨股份,16.35,0.88,5.688,16.34,16.35,15.47,15.61,16.79,15.57,14389476.0,235966688.0,15:35:00,2026-09-07
sz300875,捷强装备,35.2,0.51,1.47,35.2,35.21,34.69,34.43,35.73,34.25,6545209.0,230319673.0,15:35:15,2026-09-07
sz300876,蒙泰高新,15.47,-0.04,-0.258,15.41,15.47,15.51,15.51,15.64,15.38,2245151.0,34766838.0,15:35:30,2026-09-07
sz300877,金春股份,26.44,0.16,0.609,26.43,26.44,26.28,26.28,26.85,26.2,1252500.0,33130891.0,15:35:45,2026-09-07
sz300878,维康药业,34.08,0.55,1.64,34.08,34.12,33.53,33.61,35.2,33.06,2929073.0,100421264.0,15:35:00,2026-09-07
sz300879,大叶股份,17.55,0.34,1.976,17.55,17.56,17.21,17.2,17.65,17.13,1999400.0,34960440.0,15:35:15,2026-09-07
sz300880,迦南智能,21.29,0.05,0.235,21.28,21.29,21.24,21.24,21.66,21.24,3039205.0,65067945.0,15:35:30,2026-09-07
sz300881,盛德鑫泰,31.65,-0.1,-0.315,31.63,31.65,31.75,31.77,32.12,31.39,847910.0,26949306.0,15:35:45,2026-09-07
sz300882,万胜智能,14.07,-0.1,-0.706,14.07,14.08,14.17,14.4,14.4,14.03,1939024.0,27453182.0,15:35:00,2026-09-07
sz300883,龙利得,6.73,0.02,0.298,6.73,6.74,6.71,6.7,6.78,6.59,11263700.0,75539351.0,15:35:15,2026-09-07
sz300884,狄耐克,12.88,-0.24,-1.829,12.88,12.89,13.12,13.13,13.18,12.74,6897980.0,89052778.0,15:35:30,2026-09-07
sz300885,海昌新材,19.79,0.4,2.063,19.79,19.8,19.39,19.72,19.93,19.3,2821869.0,55729745.0,15:35:45,2026-09-07
sz300886,华业香料,23.48,0.08,0.342,23.48,23.52,23.4,23.4,23.77,23.28,919600.0,21664960.0,15:35:00,2026-09-07
sz300887,谱尼测试,7.35,0.11,1.519,7.34,7.35,7.24,7.34,7.38,7.22,7402808.0,54156934.0,15:35:15,2026-09-07
sz300888,稳健医疗,29.57,-0.03,-0.101,29.57,29.58,29.6,29.53,29.69,29.38,2067579.0,61102185.0,15:35:30,2026-09-07
sz300889,爱克股份,26.9,-0.08,-0.297,26.89,26.9,26.98,27.0,27.45,26.25,8293660.0,223481389.0,15:35:45,2026-09-07
sz300890,翔丰华,25.91,0.05,0.193,25.91,25.95,25.86,25.87,26.09,25.64,2664525.0,69063876.0,15:35:00,2026-09-07
sz300891,惠云钛业,7.51,0.01,0.133,7.49,7.51,7.5,7.47,7.57,7.38,3475691.0,26047909.0,15:35:15,2026-09-07
sz300892,品渥食品,24.83,1.24,5.256,24.83,24.84,23.59,23.6,24.88,23.59,3800565.0,93211429.0,15:35:30,2026-09-07
sz300893,松原安全,14.32,-0.04,-0.279,14.32,14.35,14.36,14.25,14.47,14.2,1752320.0,25134789.0,15:35:45,2026-09-07
sz300894,火星人,10.24,-0.75,-6.824,10.24,10.25,10.99,10.8,10.85,9.99,15820044.0,164045594.0,15:35:00,2026-09-07
sz300895,铜牛信息,56.75,0.62,1.105,56.75,56.76,56.13,56.1,57.01,54.66,5152222.0,288736713.0,15:35:15,2026-09-07
sz300896,爱美客,92.96,-0.54,-0.578,92.95,92.96,93.5,93.49,93.89,92.37,1935879.0,179779246.0,15:35:30,2026-09-07
sz300897,山科智能,16.0,-0.12,-0.744,15.98,16.0,16.12,16.2,16.33,15.91,1397362.0,22412682.0,15:35:45,2026-09-07
sz300898,熊猫乳品,21.29,0.6,2.9,21.28,21.29,20.69,20.69,21.37,20.6,3090499.0,65273184.0,15:35:00,2026-09-07
sz300899,上海凯鑫,31.7,0.52,1.668,31.54,31.7,31.18,30.87,32.08,30.87,867974.0,27491608.0,15:35:15,2026-09-07
sz300900,广联航空,23.55,-0.16,-0.675,23.54,23.55,23.71,23.49,23.88,23.44,9229410.0,217846200.0,15:35:30,2026-09-07
sz300901,中胤时尚,21.36,2.12,11.019,21.36,21.37,19.24,19.9,21.86,19.9,13665513.0,288036074.0,15:35:45,2026-09-07
sz300902,国安达,16.24,0.07,0.433,16.24,16.25,16.17,16.3,16.44,15.98,2565209.0,41405425.0,15:35:00,2026-09-07
sz300903,科翔股份,89.16,3.16,3.674,89.16,89.17,86.0,87.6,90.88,86.1,22660597.0,2018809377.0,15:35:15,2026-09-07
sz300904,威力传动,42.0,0.91,2.215,41.95,42.0,41.09,41.88,42.49,41.27,498100.0,20911015.0,15:35:30,2026-09-07
sz300905,宝丽迪,35.75,0.37,1.046,35.75,35.76,35.38,35.23,36.19,35.1,2675400.0,95762297.0,15:35:45,2026-09-07
sz300906,日月明,29.43,-0.31,-1.042,29.36,29.43,29.74,29.79,29.98,29.2,1156757.0,34136953.0,15:35:00,2026-09-07
sz300907,康平科技,53.11,2.58,5.106,53.1,53.11,50.53,50.78,53.2,50.73,3245306.0,168352434.0,15:35:15,2026-09-07
sz300908,仲景食品,26.04,0.47,1.838,26.04,26.05,25.57,25.82,26.29,25.69,1997650.0,51808317.0,15:35:30,2026-09-07
sz300909,汇创达,56.5,0.74,1.327,56.5,56.51,55.76,55.59,57.17,55.09,2850735.0,160403853.0,15:35:45,2026-09-07
sz300910,瑞丰新材,30.11,0.62,2.102,30.11,30.12,29.49,29.3,30.25,29.3,6507721.0,194782794.0,15:35:00,2026-09-07
sz300911,亿田智能,27.88,-3.26,-10.469,27.87,27.88,31.14,31.2,31.3,27.39,25725249.0,731107761.0,15:35:15,2026-09-07
sz300912,凯龙高科,21.08,0.35,1.688,21.08,21.09,20.73,20.57,21.5,20.57,2773745.0,58659298.0,15:35:30,2026-09-07
sz300913,兆龙互连,36.2,1.37,3.933,36.19,36.2,34.83,35.49,36.3,35.1,7815278.0,280424346.0,15:35:45,2026-09-07
sz300915,海融科技,20.45,0.41,2.046,20.45,20.48,20.04,20.0,20.99,19.98,2313551.0,47485748.0,15:35:00,2026-09-07
sz300916,朗特智能,26.52,2.03,8.289,26.51,26.52,24.49,24.31,26.65,24.31,6574460.0,170951521.0,15:35:15,2026-09-07
sz300917,特发服务,28.57,-0.39,-1.347,28.57,28.58,28.96,28.51,29.19,28.01,12053517.0,345090713.0,15:35:30,2026-09-07
sz300918,南山智尚,11.08,0.51,4.825,11.07,11.08,10.57,10.58,11.09,10.51,8629203.0,93917166.0,15:35:45,2026-09-07
sz300919,中伟新材,38.95,-0.45,-1.142,38.95,38.96,39.4,39.3,39.48,38.67,8353124.0,325325111.0,15:35:00,2026-09-07
sz300920,润阳科技,34.83,0.0,0.0,34.83,34.85,34.83,35.6,35.6,34.62,1712060.0,60163876.0,15:35:15,2026-09-07
sz300921,南凌科技,15.93,0.02,0.126,15.93,15.94,15.91,15.69,15.99,15.69,5496810.0,87143977.0,15:35:30,2026-09-07
sz300922,天秦装备,19.05,-0.41,-2.107,19.05,19.06,19.46,19.11,19.35,18.93,11225773.0,214353275.0,15:35:45,2026-09-07
sz300923,研奥股份,24.9,-0.01,-0.04,24.81,24.9,24.91,25.04,25.13,24.7,842015.0,20985558.0,15:35:00,2026-09-07
sz300925,法本信息,14.71,-0.25,-1.671,14.7,14.71,14.96,14.88,14.98,14.67,7389694.0,109142615.0,15:35:15,2026-09-07
sz300926,博俊科技,17.64,-0.05,-0.283,17.64,17.66,17.69,17.71,17.9,17.5,3059830.0,54233966.0,15:35:30,2026-09-07
sz300927,江天化学,30.28,0.48,1.611,30.28,30.29,29.8,29.55,30.6,29.01,16611356.0,495935136.0,15:35:45,2026-09-07
sz300928,华安鑫创,25.05,0.13,0.522,25.05,25.08,24.92,24.93,25.28,24.6,1198200.0,29956956.0,15:35:00,2026-09-07
sz300929,华骐环保,15.94,-0.41,-2.508,15.93,15.94,16.35,16.45,16.45,15.85,3829355.0,61390592.0,15:35:15,2026-09-07
sz300930,屹通新材,25.7,0.33,1.301,25.63,25.7,25.37,25.45,25.83,25.22,956500.0,24548041.0,15:35:30,2026-09-07
sz300931,通用电梯,15.29,0.2,1.325,15.29,15.3,15.09,15.15,15.65,15.07,7308000.0,112339674.0,15:35:45,2026-09-07
sz300932,三友联众,11.47,0.17,1.504,11.47,11.48,11.3,11.37,11.58,11.28,14575556.0,166770360.0,15:35:00,2026-09-07
sz300933,中辰股份,7.21,0.54,8.096,7.21,7.22,6.67,6.66,7.25,6.58,32273936.0,226747217.0,15:35:15,2026-09-07
sz300935,盈建科,29.17,-0.46,-1.552,29.16,29.17,29.63,29.8,30.2,28.76,2608300.0,76486067.0,15:35:30,2026-09-07
sz300936,中英科技,77.78,4.06,5.507,77.77,77.78,73.72,73.9,78.69,73.9,4089413.0,315847504.0,15:35:45,2026-09-07
sz300937,药易购,25.33,0.11,0.436,25.32,25.33,25.22,24.97,25.37,24.97,2185700.0,55106685.0,15:35:00,2026-09-07
sz300938,信测标准,29.0,2.86,10.941,28.99,29.0,26.14,26.14,29.19,26.12,15584756.0,437730838.0,15:35:15,2026-09-07
sz300939,秋田微,69.01,3.95,6.071,69.0,69.01,65.06,64.77,69.9,64.77,4386304.0,297625100.0,15:35:30,2026-09-07
sz300940,南极光,14.01,0.16,1.155,14.0,14.01,13.85,13.85,14.04,13.82,2281173.0,31879318.0,15:35:45,2026-09-07
sz300941,创识科技,15.78,-0.48,-2.952,15.78,15.79,16.26,16.36,16.38,15.71,7921115.0,125717192.0,15:35:00,2026-09-07
sz300942,易瑞生物,6.55,0.02,0.306,6.54,6.55,6.53,6.58,6.61,6.51,4015546.0,26316954.0,15:35:15,2026-09-07
sz300943,春晖智控,37.45,1.95,5.493,37.45,37.46,35.5,37.18,38.2,36.3,18517264.0,689451921.0,15:35:30,2026-09-07
sz300945,曼卡龙,12.62,-0.54,-4.103,12.62,12.63,13.16,13.0,13.25,12.57,19043100.0,242574342.0,15:35:45,2026-09-07
sz300946,恒而达,40.4,3.75,10.232,40.37,40.4,36.65,36.64,41.78,36.63,4065682.0,162056264.0,15:35:00,2026-09-07
sz300947,德必集团,15.1,-0.14,-0.919,15.1,15.11,15.24,15.15,15.29,15.0,3803708.0,57455043.0,15:35:15,2026-09-07
sz300948,冠中生态,20.91,-0.11,-0.523,20.9,20.91,21.02,21.3,21.3,20.73,2090572.0,43753505.0,15:35:30,2026-09-07
sz300949,奥雅股份,23.6,0.44,1.9,23.59,23.6,23.16,25.0,25.1,23.25,3189890.0,76233707.0,15:35:45,2026-09-07
sz300950,德固特,18.95,-0.31,-1.61,18.95,18.96,19.26,19.08,19.28,18.6,4547875.0,86106808.0,15:35:00,2026-09-07
sz300951,博硕科技,80.4,-0.48,-0.593,80.39,80.4,80.88,81.0,82.32,78.46,5428274.0,437176515.0,15:35:15,2026-09-07
sz300952,恒辉安防,16.61,0.42,2.594,16.6,16.61,16.19,16.27,16.82,16.23,3720820.0,61702178.0,15:35:30,2026-09-07
sz300953,震裕科技,92.28,3.63,4.095,92.28,92.29,88.65,88.65,93.3,88.65,6134210.0,562838751.0,15:35:45,2026-09-07
sz300955,嘉亨家化,30.58,1.45,4.978,30.58,30.59,29.13,29.2,30.91,28.95,2477989.0,74975700.0,15:35:00,2026-09-07
sz300956,英力股份,11.34,-0.04,-0.351,11.34,11.35,11.38,11.43,11.47,11.25,3350039.0,38134801.0,15:35:15,2026-09-07
sz300957,贝泰妮,33.12,-0.49,-1.458,33.12,33.15,33.61,33.5,33.8,33.11,6114019.0,203531759.0,15:35:30,2026-09-07
sz300958,建工修复,12.46,-0.03,-0.24,12.46,12.47,12.49,12.6,12.6,12.37,3288500.0,41008498.0,15:35:45,2026-09-07
sz300959,线上线下,96.58,3.17,3.394,96.57,96.58,93.41,93.0,97.99,92.98,2941542.0,283051932.0,15:35:00,2026-09-07
sz300960,通业科技,16.94,0.12,0.713,16.93,16.94,16.82,17.04,17.15,16.71,1355540.0,23047666.0,15:35:15,2026-09-07
sz300961,深水海纳,14.99,0.33,2.251,14.99,15.0,14.66,14.93,15.44,14.38,19484542.0,288789847.0,15:35:30,2026-09-07
sz300962,中金辐照,13.19,0.11,0.841,13.18,13.19,13.08,13.19,13.25,13.03,1409400.0,18570491.0,15:35:45,2026-09-07
sz300963,中洲特材,11.62,-0.01,-0.086,11.61,11.62,11.63,11.63,11.7,11.5,4487800.0,52014708.0,15:35:00,2026-09-07
sz300964,本川智能,61.03,4.33,7.637,61.02,61.03,56.7,57.71,61.22,57.71,6604897.0,396416483.0,15:35:15,2026-09-07
sz300965,恒宇信通,43.43,-0.05,-0.115,43.43,43.45,43.48,43.88,44.05,43.19,658200.0,28703897.0,15:35:30,2026-09-07
sz300966,共同药业,23.58,-0.02,-0.085,23.57,23.58,23.6,23.5,23.78,23.22,1582200.0,37306011.0,15:35:45,2026-09-07
sz300967,晓鸣股份,18.24,0.33,1.843,18.23,18.24,17.91,17.9,18.35,17.76,8053261.0,146105124.0,15:35:00,2026-09-07
sz300968,格林精密,10.67,0.22,2.105,10.66,10.67,10.45,10.46,10.74,10.39,9638828.0,101918051.0,15:35:15,2026-09-07
sz300969,恒帅股份,84.66,7.75,10.077,84.66,84.68,76.91,76.0,86.56,76.0,5511846.0,459209993.0,15:35:30,2026-09-07
sz300970,华绿生物,20.14,0.86,4.461,20.13,20.14,19.28,19.42,20.35,19.3,21870902.0,438066035.0,15:35:45,2026-09-07
sz300971,博亚精工,17.86,-0.02,-0.112,17.86,17.88,17.88,17.96,18.05,17.74,1903494.0,34117223.0,15:35:00,2026-09-07
sz300972,万辰集团,180.71,-3.64,-1.975,180.71,180.76,184.35,185.99,186.0,177.88,1671576.0,301135798.0,15:35:15,2026-09-07
sz300973,立高食品,27.22,0.14,0.517,27.22,27.23,27.08,27.13,27.48,26.91,2504900.0,68202749.0,15:35:30,2026-09-07
sz300975,商络电子,25.22,0.94,3.871,25.21,25.22,24.28,24.71,25.42,24.6,38686762.0,970449842.0,15:35:45,2026-09-07
sz300976,达瑞电子,61.16,2.2,3.731,61.15,61.16,58.96,59.96,61.9,59.05,7342370.0,444697205.0,15:35:00,2026-09-07
sz300977,深圳瑞捷,19.51,1.12,6.09,19.51,19.52,18.39,18.43,19.81,18.11,3830087.0,73689481.0,15:35:15,2026-09-07
sz300978,东箭科技,8.89,0.06,0.68,8.89,8.9,8.83,8.76,8.92,8.76,1902503.0,16890784.0,15:35:30,2026-09-07
sz300979,华利集团,32.67,-0.19,-0.578,32.66,32.67,32.86,32.86,33.15,32.31,2199100.0,71685430.0,15:35:45,2026-09-07
sz300980,祥源新材,23.84,0.38,1.62,23.84,23.85,23.46,23.64,24.06,23.59,3019711.0,71995259.0,15:35:00,2026-09-07
sz300981,中红医疗,15.68,-0.82,-4.97,15.67,15.68,16.5,16.31,16.49,15.5,15896156.0,249735111.0,15:35:15,2026-09-07
sz300982,苏文电能,14.9,0.01,0.067,14.89,14.9,14.89,14.93,14.99,14.73,1262688.0,18805591.0,15:35:30,2026-09-07
sz300983,尤安设计,38.3,-0.19,-0.494,38.28,38.3,38.49,38.43,38.68,37.62,795100.0,30250145.0,15:35:45,2026-09-07
sz300984,金沃股份,30.43,0.66,2.217,30.42,30.43,29.77,29.78,31.06,29.7,3592580.0,109971996.0,15:35:00,2026-09-07
sz300985,致远新能,36.21,-0.04,-0.11,36.21,36.28,36.25,36.49,37.16,36.14,1843000.0,67325720.0,15:35:15,2026-09-07
sz300986,志特新材,12.15,0.11,0.914,12.15,12.16,12.04,12.04,12.26,11.93,20485323.0,247348883.0,15:35:30,2026-09-07
sz300987,川网传媒,14.6,0.16,1.108,14.6,14.61,14.44,14.32,14.65,14.17,6802091.0,97883728.0,15:35:45,2026-09-07
sz300988,津荣天宇,16.0,0.36,2.302,15.99,16.0,15.64,15.85,16.15,15.67,3626571.0,57868274.0,15:35:00,2026-09-07
sz300989,蕾奥规划,15.16,0.46,3.129,15.16,15.17,14.7,14.8,15.23,14.45,4284714.0,63697499.0,15:35:15,2026-09-07
sz300990,同飞股份,97.6,1.2,1.245,97.6,97.69,96.4,96.34,99.5,94.12,11034814.0,1071701737.0,15:35:30,2026-09-07
sz300991,创益通,27.53,0.4,1.474,27.52,27.53,27.13,27.13,27.81,26.8,1821964.0,50082556.0,15:35:45,2026-09-07
sz300992,泰福泵业,25.97,0.03,0.116,25.96,25.97,25.94,25.81,26.4,25.68,2203900.0,57348132.0,15:35:00,2026-09-07
sz300993,玉马科技,10.04,0.09,0.905,10.04,10.05,9.95,10.05,10.08,9.95,1769550.0,17738705.0,15:35:15,2026-09-07
sz300994,久祺股份,11.38,-0.01,-0.088,11.38,11.4,11.39,11.34,11.46,11.23,1582500.0,18032592.0,15:35:30,2026-09-07
sz300995,奇德新材,27.51,0.29,1.065,27.51,27.53,27.22,27.3,28.35,26.9,3588700.0,99007200.0,15:35:45,2026-09-07
sz300996,普联软件,13.85,-0.17,-1.213,13.85,13.86,14.02,14.08,14.15,13.6,22308535.0,308047973.0,15:35:00,2026-09-07
sz300997,欢乐家,17.72,0.87,5.163,17.71,17.72,16.85,16.8,17.89,16.75,12426342.0,218253235.0,15:35:15,2026-09-07
sz300998,宁波方正,30.1,-0.05,-0.166,30.09,30.1,30.15,30.02,30.74,29.69,4442140.0,134335434.0,15:35:30,2026-09-07
sz300999,金龙鱼,27.4,0.69,2.583,27.4,27.41,26.71,26.76,27.45,26.51,18896556.0,514427076.0,15:35:45,2026-09-07
sz301000,肇民科技,24.29,0.84,3.582,24.28,24.29,23.45,23.47,24.33,23.38,3110698.0,74916629.0,15:35:00,2026-09-07
sz301001,凯淳股份,25.81,0.01,0.039,25.78,25.81,25.8,26.07,26.21,25.52,2475512.0,63985126.0,15:35:15,2026-09-07
sz301002,崧盛股份,28.35,0.31,1.106,28.35,28.36,28.04,28.02,28.66,27.87,4207719.0,119488540.0,15:35:30,2026-09-07
sz301003,江苏博云,61.4,0.85,1.404,61.31,61.4,60.55,60.6,62.26,59.88,1750407.0,107034169.0,15:35:45,2026-09-07
sz301004,嘉益股份,33.56,-1.38,-3.95,33.56,33.6,34.94,34.93,34.95,33.47,915100.0,31013455.0,15:35:00,2026-09-07
sz301005,超捷股份,65.94,0.45,0.687,65.94,65.95,65.49,64.82,66.37,64.82,4145521.0,272522153.0,15:35:15,2026-09-07
sz301006,迈拓股份,13.92,0.12,0.87,13.92,13.98,13.8,13.78,14.13,13.78,1634798.0,22894611.0,15:35:30,2026-09-07
sz301007,德迈仕,31.44,0.64,2.078,31.44,31.45,30.8,31.15,31.73,30.62,2118490.0,66626573.0,15:35:45,2026-09-07
sz301008,宏昌科技,45.3,0.2,0.443,45.3,45.36,45.1,45.0,46.35,44.4,10219241.0,464436917.0,15:35:00,2026-09-07
sz301009,可靠股份,9.24,0.06,0.654,9.24,9.26,9.18,9.2,9.29,9.07,1937102.0,17836997.0,15:35:15,2026-09-07
sz301010,晶雪节能,17.96,0.15,0.842,17.96,18.0,17.81,17.95,18.05,17.81,1723800.0,30935570.0,15:35:30,2026-09-07
sz301011,华立科技,15.75,0.47,3.076,15.74,15.75,15.28,15.3,15.99,15.23,3815600.0,59608204.0,15:35:45,2026-09-07
sz301012,扬电科技,23.28,0.15,0.649,23.28,23.3,23.13,23.21,23.39,22.9,5145510.0,119534656.0,15:35:00,2026-09-07
sz301013,利和兴,37.75,1.69,4.687,37.75,37.76,36.06,36.48,38.1,36.04,14230811.0,532878537.0,15:35:15,2026-09-07
sz301015,百洋医药,23.45,0.53,2.312,23.45,23.47,22.92,22.99,23.59,22.71,4315758.0,100737309.0,15:35:30,2026-09-07
sz301016,雷尔伟,14.74,0.86,6.196,14.73,14.74,13.88,13.77,15.27,13.77,7640331.0,112391262.0,15:35:45,2026-09-07
sz301017,漱玉平民,13.3,0.15,1.141,13.29,13.3,13.15,13.15,13.34,13.14,2482000.0,32951318.0,15:35:00,2026-09-07
sz301018,申菱环境,106.52,3.6,3.498,106.52,106.53,102.92,103.03,108.21,101.01,17147543.0,1817422873.0,15:35:15,2026-09-07
sz301019,宁波色母,15.47,0.18,1.177,15.46,15.47,15.29,15.31,15.47,15.18,828493.0,12735751.0,15:35:30,2026-09-07
sz301020,密封科技,21.05,0.08,0.381,21.04,21.05,20.97,21.1,21.32,20.91,1188100.0,25136035.0,15:35:45,2026-09-07
sz301021,英诺激光,73.99,4.16,5.957,73.99,74.0,69.83,70.34,74.35,69.6,8100505.0,588516824.0,15:35:00,2026-09-07
sz301022,海泰科,23.0,-0.14,-0.605,23.0,23.05,23.14,23.48,23.72,22.9,1917515.0,44404150.0,15:35:15,2026-09-07
sz301023,奕帆传动,28.73,0.14,0.49,28.69,28.73,28.59,28.87,29.09,28.58,945149.0,27244276.0,15:35:30,2026-09-07
sz301024,霍普股份,33.83,0.26,0.775,33.83,33.85,33.57,33.64,34.3,33.2,1370700.0,46294446.0,15:35:45,2026-09-07
sz301025,读客文化,10.26,0.53,5.447,10.25,10.26,9.73,9.73,10.59,9.63,26705669.0,268757592.0,15:35:00,2026-09-07
sz301026,浩通科技,20.17,-0.59,-2.842,20.17,20.18,20.76,20.55,20.65,20.13,4894162.0,99230192.0,15:35:15,2026-09-07
sz301027,华蓝集团,20.91,-0.39,-1.831,20.91,20.97,21.3,21.31,21.85,20.7,11650320.0,247216999.0,15:35:30,2026-09-07
sz301028,鼎熔岩,13.49,0.03,0.223,13.48,13.49,13.46,13.46,13.67,13.39,3232946.0,43764531.0,15:35:45,2026-09-07
sz301029,怡合达,25.89,0.53,2.09,25.89,25.9,25.36,25.4,26.08,25.36,7225087.0,186630834.0,15:35:00,2026-09-07
sz301030,*ST仕净,7.52,0.0,0.0,7.51,7.52,7.52,7.47,7.65,7.12,11928652.0,87231770.0,15:35:15,2026-09-07
sz301031,中熔电气,97.0,2.24,2.364,97.0,97.03,94.76,95.35,97.99,94.2,1825330.0,175190490.0,15:35:30,2026-09-07
sz301032,新柴股份,10.27,0.03,0.293,10.27,10.29,10.24,10.26,10.37,10.21,2568669.0,26448049.0,15:35:45,2026-09-07
sz301033,迈普医学,54.89,0.74,1.367,54.88,54.89,54.15,54.25,55.2,54.0,697200.0,38136364.0,15:35:00,2026-09-07
sz301035,润丰股份,56.1,-0.38,-0.673,56.1,56.23,56.48,56.22,57.13,55.77,1790620.0,100712563.0,15:35:15,2026-09-07
sz301036,双乐股份,22.58,0.05,0.222,22.58,22.62,22.53,22.48,22.77,22.42,733314.0,16579969.0,15:35:30,2026-09-07
sz301037,保立佳,13.32,0.27,2.069,13.32,13.36,13.05,13.12,13.49,13.03,1886666.0,25064415.0,15:35:45,2026-09-07
sz301038,深水规院,17.84,-0.04,-0.224,17.83,17.84,17.88,17.8,18.05,17.7,3091617.0,55226560.0,15:35:00,2026-09-07
sz301039,中集车辆,7.8,-0.05,-0.637,7.8,7.81,7.85,7.84,7.9,7.7,12072630.0,94132983.0,15:35:15,2026-09-07
sz301040,中环海陆,28.08,-0.41,-1.439,28.08,28.09,28.49,28.29,28.77,27.97,2029400.0,57420963.0,15:35:30,2026-09-07
sz301041,金百泽,30.6,1.72,5.956,30.6,30.61,28.88,29.0,30.68,29.0,5403214.0,162666106.0,15:35:45,2026-09-07
sz301042,安联锐视,32.15,0.73,2.323,32.11,32.15,31.42,31.42,32.68,31.42,3667180.0,118118255.0,15:35:00,2026-09-07
sz301043,绿岛风,49.44,1.08,2.233,49.43,49.44,48.36,48.5,50.18,47.72,1347700.0,66307231.0,15:35:15,2026-09-07
sz301045,天禄科技,65.2,3.84,6.258,65.19,65.2,61.36,62.0,66.14,62.0,2970609.0,191554180.0,15:35:30,2026-09-07
sz301046,能辉科技,31.4,4.0,14.599,31.39,31.4,27.4,27.89,31.55,27.61,16540781.0,503243135.0,15:35:45,2026-09-07
sz301047,义翘神州,93.31,1.37,1.49,93.3,93.31,91.94,91.52,93.77,91.4,4103979.0,380332610.0,15:35:00,2026-09-07
sz301048,金鹰重工,9.18,0.06,0.658,9.17,9.18,9.12,9.13,9.19,9.07,3020500.0,27632141.0,15:35:15,2026-09-07
sz301049,超越科技,20.76,0.21,1.022,20.76,20.79,20.55,20.46,21.09,20.46,1304700.0,27211765.0,15:35:30,2026-09-07
sz301050,雷电微力,28.85,-0.21,-0.723,28.85,28.86,29.06,29.06,29.25,28.82,2200032.0,63697836.0,15:35:45,2026-09-07
sz301051,信濠光电,18.27,0.78,4.46,18.27,18.28,17.49,17.73,18.58,17.18,10215638.0,184786233.0,15:35:00,2026-09-07
sz301052,果麦文化,25.43,-0.15,-0.586,25.43,25.44,25.58,25.5,25.84,25.0,5051503.0,128133777.0,15:35:15,2026-09-07
sz301053,远信工业,32.6,-0.7,-2.102,32.59,32.6,33.3,32.81,32.97,32.2,2476324.0,80326917.0,15:35:30,2026-09-07
sz301055,张小泉,27.21,0.19,0.703,27.2,27.21,27.02,27.0,27.42,26.81,2165800.0,58739197.0,15:35:45,2026-09-07
sz301056,森赫股份,14.79,-0.01,-0.068,14.79,14.8,14.8,14.72,15.05,14.52,5024454.0,74398492.0,15:35:00,2026-09-07
sz301057,汇隆新材,21.66,-0.41,-1.858,21.64,21.66,22.07,22.18,22.36,21.5,2567748.0,56030547.0,15:35:15,2026-09-07
sz301058,中粮科工,9.19,0.23,2.567,9.19,9.2,8.96,8.95,9.43,8.95,17955309.0,165953645.0,15:35:30,2026-09-07
sz301059,金三江,12.47,0.21,1.713,12.46,12.47,12.26,12.3,12.51,12.26,2551500.0,31703777.0,15:35:45,2026-09-07
sz301060,兰卫医学,10.45,0.01,0.096,10.45,10.46,10.44,10.41,10.52,10.3,8771083.0,91532719.0,15:35:00,2026-09-07
sz301061,匠心家居,38.21,0.21,0.553,38.21,38.22,38.0,38.03,38.74,37.24,4411801.0,167945399.0,15:35:15,2026-09-07
sz301062,上海艾录,7.45,0.01,0.134,7.43,7.45,7.44,7.39,7.56,7.36,5196406.0,38679363.0,15:35:30,2026-09-07
sz301063,海锅股份,18.16,-0.06,-0.329,18.16,18.18,18.22,18.2,18.32,18.03,1364800.0,24829473.0,15:35:45,2026-09-07
sz301065,本立科技,19.65,-0.01,-0.051,19.65,19.69,19.66,19.63,19.81,19.52,1537855.0,30255081.0,15:35:00,2026-09-07
sz301066,万事利,13.15,0.15,1.154,13.15,13.16,13.0,12.95,13.26,12.9,5561500.0,72777869.0,15:35:15,2026-09-07
sz301067,显盈科技,31.48,3.17,11.197,31.47,31.48,28.31,28.38,31.77,28.18,5713838.0,173165599.0,15:35:30,2026-09-07
sz301068,大地海洋,28.1,0.65,2.368,28.1,28.15,27.45,27.75,28.46,27.12,1156330.0,32112633.0,15:35:45,2026-09-07
sz301069,凯盛新材,16.24,0.11,0.682,16.23,16.24,16.13,16.2,16.29,16.07,2909534.0,47155809.0,15:35:00,2026-09-07
sz301070,开勒股份,66.45,0.5,0.758,66.44,66.45,65.95,65.56,67.3,65.52,2307460.0,153419385.0,15:35:15,2026-09-07
sz301071,力量钻石,61.38,1.37,2.283,61.38,61.39,60.01,59.89,62.06,57.0,19609052.0,1187831863.0,15:35:30,2026-09-07
sz301072,中捷精工,44.86,0.92,2.094,44.86,44.88,43.94,44.0,44.99,43.68,2037300.0,90620770.0,15:35:45,2026-09-07
sz301073,君亭酒店,21.17,0.84,4.132,21.16,21.17,20.33,20.1,21.55,20.1,14765235.0,310206897.0,15:35:00,2026-09-07
sz301075,多瑞医药,61.05,-0.09,-0.147,61.05,61.12,61.14,61.0,62.07,60.5,891602.0,54563832.0,15:35:15,2026-09-07
sz301076,新瀚新材,21.94,0.19,0.874,21.93,21.94,21.75,21.62,22.12,21.48,3570217.0,78232765.0,15:35:30,2026-09-07
sz301077,星华新材,21.64,0.28,1.311,21.63,21.65,21.36,21.47,21.8,21.3,1957051.0,42281836.0,15:35:45,2026-09-07
sz301078,孩子王,7.39,0.1,1.372,7.39,7.4,7.29,7.25,7.43,7.25,19626818.0,144896245.0,15:35:00,2026-09-07
sz301079,邵阳液压,29.31,-0.25,-0.846,29.31,29.32,29.56,29.53,29.79,29.02,4679032.0,137346933.0,15:35:15,2026-09-07
sz301080,百普赛斯,81.78,0.07,0.086,81.78,81.79,81.71,82.42,83.73,80.58,6019846.0,493844616.0,15:35:30,2026-09-07
sz301081,严牌股份,15.74,-0.18,-1.131,15.73,15.74,15.92,15.94,15.94,15.14,6738026.0,105485335.0,15:35:45,2026-09-07
sz301082,久盛电气,10.2,0.02,0.196,10.2,10.21,10.18,10.18,10.26,10.1,5838384.0,59470345.0,15:35:00,2026-09-07
sz301083,百胜智能,14.06,0.14,1.006,14.06,14.1,13.92,14.02,14.21,13.9,1456600.0,20540662.0,15:35:15,2026-09-07
sz301085,亚康股份,67.0,-0.01,-0.015,67.0,67.01,67.01,66.11,67.0,65.36,6051543.0,399661139.0,15:35:30,2026-09-07
sz301086,鸿富瀚,154.49,-2.94,-1.867,154.48,154.49,157.43,154.61,157.75,148.27,8005768.0,1223769787.0,15:35:45,2026-09-07
sz301087,可孚医疗,52.35,0.48,0.925,52.35,52.39,51.87,51.87,53.17,51.19,3541768.0,185218152.0,15:35:00,2026-09-07
sz301088,戎美股份,13.58,0.15,1.117,13.56,13.58,13.43,13.56,13.82,13.4,2004200.0,27228633.0,15:35:15,2026-09-07
sz301089,拓新药业,22.95,0.11,0.482,22.95,22.97,22.84,23.13,23.13,22.82,1037138.0,23808975.0,15:35:30,2026-09-07
sz301090,华润材料,7.13,0.01,0.14,7.12,7.13,7.12,7.24,7.24,7.11,5630410.0,40230967.0,15:35:45,2026-09-07
sz301091,深城交,20.03,-0.07,-0.348,20.02,20.03,20.1,20.26,20.48,19.81,8075990.0,162562330.0,15:35:00,2026-09-07
sz301092,争光股份,44.37,1.26,2.923,44.37,44.38,43.11,42.89,45.04,42.53,2573645.0,113926243.0,15:35:15,2026-09-07
sz301093,华兰股份,61.41,-0.99,-1.587,61.41,61.47,62.4,62.81,63.44,60.3,6656108.0,412406574.0,15:35:30,2026-09-07
sz301095,广立微,74.62,4.43,6.311,74.61,74.63,70.19,72.0,75.16,70.98,9336330.0,687641282.0,15:35:45,2026-09-07
sz301096,百诚医药,43.69,0.22,0.506,43.69,43.76,43.47,43.77,44.46,43.25,1784461.0,78363861.0,15:35:00,2026-09-07
sz301097,天益医疗,34.87,0.28,0.809,34.79,34.87,34.59,34.34,35.24,33.9,906762.0,31344980.0,15:35:15,2026-09-07
sz301098,金埔园林,9.57,0.37,4.022,9.55,9.57,9.2,9.19,9.67,9.05,10396082.0,97974296.0,15:35:30,2026-09-07
sz301099,雅创电子,49.93,1.69,3.503,49.92,49.93,48.24,48.8,50.49,48.21,5888090.0,293024460.0,15:35:45,2026-09-07
sz301100,风光股份,15.87,0.23,1.471,15.85,15.87,15.64,15.63,15.96,15.63,860620.0,13636280.0,15:35:00,2026-09-07
sz301101,明月镜片,29.66,-0.3,-1.001,29.65,29.7,29.96,30.08,30.18,29.58,1603005.0,47692539.0,15:35:15,2026-09-07
sz301102,兆讯传媒,10.1,0.42,4.339,10.1,10.11,9.68,9.68,10.15,9.68,4406966.0,43814639.0,15:35:30,2026-09-07
sz301103,何氏眼科,16.41,0.0,0.0,16.41,16.43,16.41,16.4,16.57,16.31,1212077.0,19926163.0,15:35:45,2026-09-07
sz301105,鸿铭股份,52.25,1.06,2.071,52.25,52.28,51.19,51.7,52.57,49.8,1168736.0,60139094.0,15:35:00,2026-09-07
sz301106,骏成科技,19.98,1.04,5.491,19.98,19.99,18.94,19.11,20.18,19.0,7750190.0,153734012.0,15:35:15,2026-09-07
sz301107,瑜欣电子,22.21,0.58,2.681,22.2,22.21,21.63,22.1,22.83,21.91,2565649.0,57374770.0,15:35:30,2026-09-07
sz301108,洁雅股份,41.2,2.6,6.736,41.19,41.2,38.6,38.6,41.2,37.95,2514606.0,101306220.0,15:35:45,2026-09-07
sz301109,军信股份,12.9,-0.07,-0.54,12.89,12.9,12.97,12.94,13.0,12.84,3712009.0,47850502.0,15:35:00,2026-09-07
sz301110,青木科技,37.63,0.06,0.16,37.62,37.63,37.57,37.57,37.98,37.0,4554687.0,170784146.0,15:35:15,2026-09-07
sz301111,粤万年青,22.85,0.33,1.465,22.85,22.86,22.52,22.3,23.05,22.3,5579544.0,127280644.0,15:35:30,2026-09-07
sz301112,信邦智能,30.54,0.15,0.494,30.54,30.55,30.39,30.39,30.86,30.33,528000.0,16166554.0,15:35:45,2026-09-07
sz301113,雅艺科技,17.62,0.15,0.859,17.62,17.68,17.47,17.3,17.79,17.29,1310644.0,23004251.0,15:35:00,2026-09-07
sz301115,联检科技,29.55,0.35,1.199,29.5,29.55,29.2,29.47,30.26,29.11,3859225.0,114746576.0,15:35:15,2026-09-07
sz301116,益客食品,10.03,0.24,2.451,10.03,10.04,9.79,9.82,10.07,9.73,6926452.0,68969246.0,15:35:30,2026-09-07
sz301117,ST佳缘,14.84,0.08,0.542,14.84,14.85,14.76,14.62,15.04,14.47,4543555.0,67113655.0,15:35:45,2026-09-07
sz301118,恒光股份,23.29,0.2,0.866,23.29,23.3,23.09,23.25,23.45,22.87,2724247.0,63176724.0,15:35:00,2026-09-07
sz301119,正强股份,28.79,2.45,9.301,28.78,28.79,26.34,26.16,29.98,26.16,9626894.0,272344343.0,15:35:15,2026-09-07
sz301120,新特电气,15.29,0.24,1.595,15.29,15.3,15.05,14.98,15.31,14.96,7908568.0,120147374.0,15:35:30,2026-09-07
sz301121,紫建电子,36.54,0.05,0.137,36.48,36.54,36.49,36.58,37.08,36.18,1125430.0,41379804.0,15:35:45,2026-09-07
sz301122,采纳股份,46.6,1.2,2.643,46.56,46.6,45.4,46.03,48.0,45.0,7077933.0,330343459.0,15:35:00,2026-09-07
sz301123,奕东电子,80.1,3.92,5.146,80.1,80.11,76.18,76.88,81.18,75.5,11935832.0,942367159.0,15:35:15,2026-09-07
sz301125,腾亚精工,13.98,0.15,1.085,13.95,13.98,13.83,13.83,14.08,13.66,2671146.0,37341167.0,15:35:30,2026-09-07
sz301126,达嘉维康,10.6,0.27,2.614,10.58,10.6,10.33,10.41,10.64,10.36,3714125.0,39162454.0,15:35:45,2026-09-07
sz301127,武汉天源,18.32,0.97,5.591,18.31,18.32,17.35,17.8,18.49,17.37,26704997.0,479381508.0,15:35:00,2026-09-07
sz301128,强瑞技术,123.31,6.16,5.258,123.31,123.32,117.15,117.36,124.3,117.0,7833469.0,948980506.0,15:35:15,2026-09-07
sz301129,瑞纳智能,23.54,0.19,0.814,23.53,23.54,23.35,23.61,23.77,23.13,2292965.0,53990986.0,15:35:30,2026-09-07
sz301130,西点药业,27.79,0.59,2.169,27.78,27.79,27.2,27.3,27.79,27.03,4361223.0,120048252.0,15:35:45,2026-09-07
sz301131,聚赛龙,33.52,0.19,0.57,33.51,33.59,33.33,33.33,33.84,33.02,657314.0,22072736.0,15:35:00,2026-09-07
sz301132,满坤科技,41.33,2.75,7.128,41.32,41.33,38.58,38.62,41.58,38.58,6507615.0,262222123.0,15:35:15,2026-09-07
sz301133,金钟股份,33.13,0.73,2.253,33.11,33.13,32.4,32.17,33.61,32.17,2440100.0,80700424.0,15:35:30,2026-09-07
sz301135,瑞德智能,17.22,0.04,0.233,17.16,17.22,17.18,17.18,17.34,17.02,1286060.0,22166698.0,15:35:45,2026-09-07
sz301136,招标股份,12.3,-0.55,-4.28,12.3,12.31,12.85,12.59,12.81,12.27,19580615.0,242785127.0,15:35:00,2026-09-07
sz301137,哈焊华通,32.86,0.16,0.489,32.86,32.87,32.7,32.5,33.07,32.3,3288538.0,107283842.0,15:35:15,2026-09-07
sz301138,华研精机,28.96,0.17,0.59,28.96,28.98,28.79,28.88,29.12,28.62,750735.0,21714813.0,15:35:30,2026-09-07
sz301139,*ST元道,0.0,0.0,0.0,0.0,0.0,3.31,0.0,0.0,0.0,0.0,0.0,15:35:45,2026-09-07
sz301141,中科磁业,39.4,0.47,1.207,39.39,39.4,38.93,38.8,39.49,38.6,1046549.0,41109426.0,15:35:00,2026-09-07
sz301148,嘉戎技术,55.27,2.61,4.956,55.27,55.3,52.66,52.66,56.29,52.25,1937361.0,106256269.0,15:35:15,2026-09-07
sz301149,隆华新材,8.51,-0.03,-0.351,8.5,8.51,8.54,8.6,8.62,8.47,7816450.0,66600981.0,15:35:30,2026-09-07
sz301150,中一科技,38.16,2.05,5.677,38.16,38.17,36.11,36.7,38.46,36.16,17484770.0,659328012.0,15:35:45,2026-09-07
sz301151,冠龙节能,21.79,-0.34,-1.536,21.79,21.83,22.13,22.24,22.24,21.35,7963457.0,172706610.0,15:35:00,2026-09-07
sz301152,天力锂能,22.27,-0.04,-0.179,22.27,22.28,22.31,22.04,22.63,22.01,5974170.0,133395604.0,15:35:15,2026-09-07
sz301153,中科江南,18.3,-0.24,-1.294,18.3,18.31,18.54,18.43,18.88,18.0,6591287.0,120222987.0,15:35:30,2026-09-07
sz301155,海力风电,37.61,0.5,1.347,37.61,37.62,37.11,37.06,37.88,36.96,2704500.0,101442049.0,15:35:45,2026-09-07
sz301156,美农生物,12.59,0.16,1.287,12.58,12.59,12.43,12.47,12.78,12.31,6298685.0,79105291.0,15:35:00,2026-09-07
sz301157,华塑科技,62.89,0.54,0.866,62.88,62.89,62.35,62.3,63.2,61.51,928498.0,57825748.0,15:35:15,2026-09-07
sz301158,德石股份,15.13,-0.08,-0.526,15.13,15.14,15.21,15.2,15.36,14.96,6706669.0,101618658.0,15:35:30,2026-09-07
sz301159,三维天地,32.17,-0.46,-1.41,32.17,32.18,32.63,32.48,32.65,32.0,1737256.0,55992180.0,15:35:45,2026-09-07
sz301160,翔楼新材,44.22,0.0,0.0,44.22,44.27,44.22,44.2,44.96,43.6,3820173.0,168929420.0,15:35:00,2026-09-07
sz301161,唯万密封,28.56,0.05,0.175,28.55,28.56,28.51,28.55,29.0,28.01,2730489.0,78237404.0,15:35:15,2026-09-07
sz301162,国能日新,36.62,-0.82,-2.19,36.62,36.64,37.44,37.61,37.99,36.55,2153556.0,79543576.0,15:35:30,2026-09-07
sz301163,宏德股份,23.14,0.01,0.043,23.08,23.14,23.13,23.07,23.31,22.88,1078840.0,24940533.0,15:35:45,2026-09-07
sz301165,锐捷网络,111.99,2.29,2.088,111.99,112.0,109.7,111.78,112.5,108.88,14403307.0,1601536560.0,15:35:00,2026-09-07
sz301166,优宁维,28.43,-0.13,-0.455,28.43,28.45,28.56,28.86,28.86,28.37,1232865.0,35172519.0,15:35:15,2026-09-07
sz301167,建研设计,13.84,0.08,0.581,13.84,13.88,13.76,13.79,14.0,13.7,1817305.0,25233255.0,15:35:30,2026-09-07
sz301168,通灵股份,40.7,1.2,3.038,40.7,40.72,39.5,39.1,40.97,39.1,1052600.0,42559555.0,15:35:45,2026-09-07
sz301169,零点有数,56.8,2.42,4.45,56.74,56.8,54.38,54.4,56.82,54.01,1697890.0,94548470.0,15:35:00,2026-09-07
sz301170,锡南科技,22.9,-0.02,-0.087,22.9,22.98,22.92,22.91,23.35,22.86,908142.0,20985449.0,15:35:15,2026-09-07
sz301171,易点天下,40.3,2.02,5.277,40.29,40.3,38.28,38.57,40.35,37.33,135109128.0,5272429769.0,15:35:30,2026-09-07
sz301172,君逸数码,18.52,0.66,3.695,18.52,18.53,17.86,17.99,18.63,17.71,7929795.0,145049044.0,15:35:45,2026-09-07
sz301173,毓恬冠佳,33.43,0.13,0.39,33.42,33.43,33.3,33.27,33.61,33.12,428282.0,14298535.0,15:35:00,2026-09-07
sz301175,中科环保,5.67,0.07,1.25,5.66,5.67,5.6,5.69,5.71,5.62,15876975.0,90041267.0,15:35:15,2026-09-07
sz301176,逸豪新材,46.74,4.04,9.461,46.74,46.75,42.7,43.2,47.15,42.7,7519972.0,343643789.0,15:35:30,2026-09-07
sz301177,迪阿股份,24.2,-0.27,-1.103,24.2,24.21,24.47,24.02,24.26,23.8,3372809.0,80991837.0,15:35:45,2026-09-07
sz301178,天亿马,35.09,1.01,2.964,35.09,35.1,34.08,34.08,35.28,33.66,1929640.0,67169335.0,15:35:00,2026-09-07
sz301179,泽宇智能,20.26,0.29,1.452,20.25,20.26,19.97,20.0,20.42,19.81,3626551.0,73331070.0,15:35:15,2026-09-07
sz301180,万祥科技,11.95,-0.18,-1.484,11.94,11.95,12.13,12.12,12.35,11.77,7253900.0,86652433.0,15:35:30,2026-09-07
sz301181,标榜股份,25.67,1.07,4.35,25.66,25.67,24.6,24.56,26.24,24.51,3045519.0,78146506.0,15:35:45,2026-09-07
sz301182,凯旺科技,73.38,2.38,3.352,73.38,73.4,71.0,71.66,76.2,69.01,5392712.0,389597518.0,15:35:00,2026-09-07
sz301183,东田微,242.75,30.61,14.429,242.73,242.75,212.14,215.88,246.98,214.24,6614275.0,1540575544.0,15:35:15,2026-09-07
sz301185,鸥玛软件,17.41,-0.05,-0.286,17.41,17.45,17.46,17.4,17.66,17.39,1280300.0,22389111.0,15:35:30,2026-09-07
sz301186,超达装备,34.89,0.11,0.316,34.88,34.89,34.78,34.78,35.2,34.24,1297191.0,45128889.0,15:35:45,2026-09-07
sz301187,欧圣电气,14.58,0.23,1.603,14.56,14.58,14.35,14.59,14.72,14.3,2058061.0,29985935.0,15:35:00,2026-09-07
sz301188,力诺药包,35.68,1.01,2.913,35.68,35.7,34.67,34.7,36.55,34.7,10319861.0,368660099.0,15:35:15,2026-09-07
sz301189,奥尼电子,56.56,0.2,0.355,56.56,56.57,56.36,56.7,57.87,55.39,5955735.0,337493503.0,15:35:30,2026-09-07
sz301190,善水科技,18.6,0.31,1.695,18.59,18.6,18.29,18.3,18.63,17.81,5111677.0,93280039.0,15:35:45,2026-09-07
sz301191,菲菱科思,85.01,1.92,2.311,85.01,85.05,83.09,83.93,85.66,83.25,3165799.0,268398649.0,15:35:00,2026-09-07
sz301192,泰祥股份,19.87,0.19,0.965,19.87,19.91,19.68,19.64,20.1,19.6,1264100.0,25171618.0,15:35:15,2026-09-07
sz301193,家联科技,20.5,0.74,3.745,20.5,20.52,19.76,19.81,21.76,19.81,8325651.0,173229756.0,15:35:30,2026-09-07
sz301195,北路智控,26.19,0.05,0.191,26.18,26.19,26.14,26.14,26.35,26.0,676250.0,17689294.0,15:35:45,2026-09-07
sz301196,唯科科技,88.68,9.8,12.424,88.66,88.68,78.88,83.42,90.45,80.98,9539087.0,822579066.0,15:35:00,2026-09-07
sz301197,工大科雅,26.92,-0.18,-0.664,26.92,26.93,27.1,27.11,27.92,26.78,3351700.0,91330978.0,15:35:15,2026-09-07
sz301198,喜悦智行,13.21,0.19,1.459,13.21,13.28,13.02,13.18,13.41,13.04,2554194.0,33853049.0,15:35:30,2026-09-07
sz301199,迈赫股份,18.0,0.1,0.559,18.0,18.03,17.9,17.93,18.15,17.89,1179312.0,21268217.0,15:35:45,2026-09-07
sz301200,大族数控,267.9,13.5,5.307,267.89,267.9,254.4,256.84,271.94,256.79,3043504.0,810040082.0,15:35:00,2026-09-07
sz301201,诚达药业,35.27,-0.09,-0.255,35.27,35.28,35.36,35.3,36.97,35.1,4422099.0,158546876.0,15:35:15,2026-09-07
sz301202,朗威股份,36.34,0.4,1.113,36.34,36.35,35.94,36.01,36.5,35.64,1576600.0,56942034.0,15:35:30,2026-09-07
sz301203,国泰环保,35.52,0.92,2.659,35.5,35.52,34.6,35.0,36.26,34.59,960500.0,33969614.0,15:35:45,2026-09-07
sz301205,联特科技,318.98,33.98,11.923,318.97,318.98,285.0,295.0,320.98,295.0,9537779.0,2955199737.0,15:35:00,2026-09-07
sz301206,三元生物,23.63,0.22,0.94,23.63,23.68,23.41,23.33,23.88,23.33,981549.0,23289396.0,15:35:15,2026-09-07
sz301207,华兰疫苗,17.42,0.29,1.693,17.41,17.42,17.13,17.16,17.53,17.05,4344333.0,75276374.0,15:35:30,2026-09-07
sz301208,中亦科技,31.05,-0.4,-1.272,31.04,31.05,31.45,31.52,31.57,30.87,1384848.0,43044488.0,15:35:45,2026-09-07
sz301209,联合化学,60.13,2.63,4.574,60.12,60.13,57.5,57.51,60.7,57.11,2640440.0,157258780.0,15:35:00,2026-09-07
sz301210,金杨精密,25.59,0.25,0.987,25.59,25.6,25.34,25.36,26.1,25.25,3848878.0,99104447.0,15:35:15,2026-09-07
sz301211,亨迪药业,11.79,0.19,1.638,11.78,11.79,11.6,11.64,11.8,11.51,7619768.0,89139932.0,15:35:30,2026-09-07
sz301212,联盛化学,26.0,0.71,2.807,26.0,26.02,25.29,25.0,26.68,25.0,2316400.0,60218522.0,15:35:45,2026-09-07
sz301213,观想科技,40.11,0.03,0.075,40.11,40.12,40.08,40.08,40.47,39.65,892539.0,35642420.0,15:35:00,2026-09-07
sz301215,中汽股份,5.33,-0.03,-0.56,5.33,5.34,5.36,5.4,5.4,5.32,7637568.0,40935530.0,15:35:15,2026-09-07
sz301216,万凯新材,20.25,-0.35,-1.699,20.25,20.26,20.6,20.74,20.8,19.87,30461022.0,616986120.0,15:35:30,2026-09-07
sz301217,铜冠铜箔,106.99,6.12,6.067,106.99,107.0,100.87,102.58,108.85,101.5,32886384.0,3490772241.0,15:35:45,2026-09-07
sz301218,华是科技,46.21,-2.58,-5.288,46.2,46.22,48.79,48.43,48.68,45.75,13919667.0,648440416.0,15:35:00,2026-09-07
sz301219,腾远钴业,43.19,-0.08,-0.185,43.19,43.2,43.27,43.14,43.46,42.9,4080924.0,176293558.0,15:35:15,2026-09-07
sz301220,亚香股份,26.79,0.09,0.337,26.77,26.79,26.7,27.04,27.36,26.62,1069100.0,28731095.0,15:35:30,2026-09-07
sz301221,光庭信息,27.71,-0.6,-2.119,27.71,27.72,28.31,28.34,28.42,27.69,2022000.0,56418965.0,15:35:45,2026-09-07
sz301222,浙江恒威,25.23,0.86,3.529,25.22,25.23,24.37,24.38,25.7,24.27,1782360.0,45017874.0,15:35:00,2026-09-07
sz301223,中荣股份,17.64,-0.15,-0.843,17.64,17.66,17.79,17.93,17.93,17.47,1079900.0,19080252.0,15:35:15,2026-09-07
sz301225,恒勃股份,60.5,5.98,10.968,60.5,60.51,54.52,54.02,61.6,54.02,6411851.0,381027222.0,15:35:30,2026-09-07
sz301226,祥明智能,32.94,0.69,2.14,32.94,32.95,32.25,32.41,34.08,32.11,4077509.0,134563695.0,15:35:45,2026-09-07
sz301227,森鹰窗业,35.17,1.28,3.777,35.17,35.18,33.89,33.75,35.68,33.75,3303594.0,115826724.0,15:35:00,2026-09-07
sz301228,实朴检测,58.12,-1.47,-2.467,58.12,58.13,59.59,59.81,60.14,57.5,2977080.0,174638360.0,15:35:15,2026-09-07
sz301229,纽泰格,12.31,0.0,0.0,12.3,12.31,12.31,12.32,12.44,12.18,2122990.0,26209277.0,15:35:30,2026-09-07
sz301230,泓博医药,30.08,0.47,1.587,30.08,30.09,29.61,30.1,30.48,29.56,8530309.0,255928710.0,15:35:45,2026-09-07
sz301231,荣信文化,29.8,1.1,3.833,29.76,29.8,28.7,28.7,30.32,28.66,9299030.0,275787747.0,15:35:00,2026-09-07
sz301232,飞沃科技,98.58,-0.52,-0.525,98.58,98.64,99.1,100.88,100.88,97.75,2650400.0,262159652.0,15:35:15,2026-09-07
sz301233,盛帮股份,33.46,0.29,0.874,33.46,33.52,33.17,33.13,33.95,32.6,1182012.0,39488082.0,15:35:30,2026-09-07
sz301234,五洲医疗,114.6,7.6,7.103,114.6,114.7,107.0,108.0,115.0,104.0,2566413.0,285995924.0,15:35:45,2026-09-07
sz301235,华康洁净,47.79,0.89,1.898,47.77,47.79,46.9,46.9,48.86,46.66,7928373.0,380594425.0,15:35:00,2026-09-07
sz301236,软通动力,37.71,0.09,0.239,37.7,37.71,37.62,37.54,37.91,36.9,15433141.0,577020554.0,15:35:15,2026-09-07
sz301237,和顺科技,36.66,-0.23,-0.623,36.66,36.67,36.89,37.03,37.63,35.87,2585520.0,94890107.0,15:35:30,2026-09-07
sz301238,瑞泰新材,15.82,0.12,0.764,15.82,15.83,15.7,15.76,15.88,15.66,4829761.0,76329512.0,15:35:45,2026-09-07
sz301239,普瑞眼科,33.33,-0.45,-1.332,33.32,33.33,33.78,33.6,33.77,33.15,1373100.0,45811220.0,15:35:00,2026-09-07
sz301246,宏源药业,18.23,0.0,0.0,18.22,18.23,18.23,18.23,18.29,18.06,5173604.0,94110326.0,15:35:15,2026-09-07
sz301248,杰创智能,58.14,2.14,3.821,58.12,58.14,56.0,56.15,58.17,55.66,3521950.0,201779027.0,15:35:30,2026-09-07
sz301251,威尔高,55.64,1.96,3.651,55.63,55.64,53.68,54.18,56.15,53.0,6644240.0,365728538.0,15:35:45,2026-09-07
sz301252,同星科技,37.47,0.97,2.658,37.46,37.47,36.5,36.99,37.87,36.51,3618647.0,135129814.0,15:35:00,2026-09-07
sz301255,通力科技,19.84,0.04,0.202,19.84,19.85,19.8,19.98,20.06,19.71,1063380.0,21147706.0,15:35:15,2026-09-07
sz301256,华融化学,10.3,-0.03,-0.29,10.29,10.3,10.33,10.3,10.39,10.18,6161900.0,63275110.0,15:35:30,2026-09-07
sz301257,普蕊斯,38.16,-0.24,-0.625,38.15,38.16,38.4,38.59,38.74,37.92,2822500.0,107881995.0,15:35:45,2026-09-07
sz301258,富士莱,25.7,-0.15,-0.58,25.7,25.71,25.85,26.19,26.19,25.62,596900.0,15419032.0,15:35:00,2026-09-07
sz301259,艾布鲁,21.42,-0.22,-1.017,21.42,21.43,21.64,21.64,21.91,21.37,3227198.0,69584171.0,15:35:15,2026-09-07
sz301260,格力博,12.11,-0.05,-0.411,12.1,12.11,12.16,12.27,12.27,12.02,2007774.0,24331351.0,15:35:30,2026-09-07
sz301261,恒工精密,61.28,5.03,8.942,61.28,61.29,56.25,57.25,62.75,56.69,6008933.0,367086920.0,15:35:45,2026-09-07
sz301262,海看股份,20.89,0.12,0.578,20.89,20.9,20.77,20.81,21.18,20.66,11419794.0,237906503.0,15:35:00,2026-09-07
sz301263,泰恩康,20.05,0.45,2.296,20.05,20.06,19.6,19.65,20.1,19.36,3880448.0,76847660.0,15:35:15,2026-09-07
sz301265,华新科技,18.64,-0.02,-0.107,18.64,18.66,18.66,18.96,19.07,18.43,9561364.0,179030469.0,15:35:30,2026-09-07
sz301266,宇邦新材,25.89,0.92,3.684,25.89,25.9,24.97,29.96,29.96,25.36,17370358.0,461957522.0,15:35:45,2026-09-07
sz301267,华厦眼科,15.11,-0.02,-0.132,15.11,15.12,15.13,15.21,15.23,15.09,2608900.0,39506750.0,15:35:00,2026-09-07
sz301268,铭利达,12.68,-0.15,-1.169,12.67,12.68,12.83,13.05,13.05,12.65,3331500.0,42625508.0,15:35:15,2026-09-07
sz301269,华大九天,93.28,3.58,3.991,93.26,93.29,89.7,92.88,93.98,90.78,7450111.0,688923563.0,15:35:30,2026-09-07
sz301270,汉仪股份,31.41,0.05,0.159,31.41,31.42,31.36,31.37,32.07,31.24,1725678.0,54532957.0,15:35:45,2026-09-07
sz301272,英华特,34.71,-0.09,-0.259,34.59,34.71,34.8,35.05,35.14,34.41,555078.0,19330776.0,15:35:00,2026-09-07
sz301273,瑞晨环保,37.33,0.74,2.022,37.33,37.34,36.59,36.59,37.67,36.59,1608197.0,59759918.0,15:35:15,2026-09-07
sz301275,汉朔科技,43.21,0.84,1.983,43.21,43.22,42.37,42.41,43.42,42.29,4264275.0,183064268.0,15:35:30,2026-09-07
sz301276,嘉曼服饰,18.44,-0.24,-1.285,18.43,18.44,18.68,18.68,18.87,18.38,1839040.0,34106437.0,15:35:45,2026-09-07
sz301277,新天地,10.17,0.08,0.793,10.17,10.18,10.09,10.05,10.21,10.05,1874802.0,19041958.0,15:35:00,2026-09-07
sz301278,快可电子,28.92,0.47,1.652,28.81,28.92,28.45,28.47,28.96,28.2,1214700.0,34751145.0,15:35:15,2026-09-07
sz301279,金道科技,23.86,0.79,3.424,23.86,23.87,23.07,23.34,23.99,22.9,3387330.0,79675766.0,15:35:30,2026-09-07
sz301280,珠城科技,41.99,1.14,2.791,41.99,42.0,40.85,40.88,42.2,40.63,1246440.0,51743814.0,15:35:45,2026-09-07
sz301281,科源制药,49.0,2.24,4.79,48.99,49.0,46.76,46.27,49.72,46.27,2563193.0,124703168.0,15:35:00,2026-09-07
sz301282,金禄电子,40.93,1.21,3.046,40.92,40.93,39.72,40.26,41.1,39.5,18056487.0,731911332.0,15:35:15,2026-09-07
sz301283,聚胶股份,24.84,-0.17,-0.68,24.84,24.85,25.01,24.99,25.16,24.7,845121.0,21075722.0,15:35:30,2026-09-07
sz301285,鸿日达,86.73,2.75,3.275,86.6,86.73,83.98,83.36,87.5,83.36,1582422.0,135958665.0,15:35:45,2026-09-07
sz301286,侨源股份,44.5,0.26,0.588,44.5,44.6,44.24,43.37,45.39,43.37,1607800.0,71895599.0,15:35:00,2026-09-07
sz301287,康力源,42.89,0.35,0.823,42.78,42.89,42.54,42.54,43.64,42.03,834547.0,35765874.0,15:35:15,2026-09-07
sz301288,清研环境,17.37,0.26,1.52,17.37,17.38,17.11,17.21,17.44,16.97,1350003.0,23314997.0,15:35:30,2026-09-07
sz301289,国缆检测,44.17,-0.2,-0.451,44.16,44.17,44.37,44.36,44.5,43.8,677016.0,29939190.0,15:35:45,2026-09-07
sz301290,东星医疗,28.31,0.22,0.783,28.31,28.33,28.09,28.16,28.55,27.93,1047800.0,29709014.0,15:35:00,2026-09-07
sz301291,明阳电气,34.08,0.34,1.008,34.08,34.09,33.74,33.56,34.28,33.25,4924386.0,166700497.0,15:35:15,2026-09-07
sz301292,海科新源,61.82,0.52,0.848,61.81,61.82,61.3,60.68,62.71,60.13,5517147.0,340665039.0,15:35:30,2026-09-07
sz301293,三博脑科,51.81,-0.1,-0.193,51.81,51.82,51.91,51.69,52.26,51.52,3181527.0,164955286.0,15:35:45,2026-09-07
sz301295,美硕科技,37.45,-0.27,-0.716,37.45,37.49,37.72,37.76,38.4,37.17,1403587.0,52944803.0,15:35:00,2026-09-07
sz301296,新巨丰,6.52,0.06,0.929,6.52,6.53,6.46,6.5,6.59,6.43,3715955.0,24201877.0,15:35:15,2026-09-07
sz301297,富乐德,40.54,3.2,8.57,40.53,40.54,37.34,37.95,40.87,37.8,21278057.0,840749347.0,15:35:30,2026-09-07
sz301298,东利机械,13.02,0.19,1.481,13.02,13.03,12.83,12.91,13.08,12.77,1309900.0,17032160.0,15:35:45,2026-09-07
sz301299,卓创资讯,45.38,-0.5,-1.09,45.28,45.38,45.88,45.69,45.99,45.2,1335288.0,60682854.0,15:35:00,2026-09-07
sz301300,远翔新材,33.42,0.19,0.572,33.4,33.42,33.23,33.21,33.72,33.01,456700.0,15265538.0,15:35:15,2026-09-07
sz301301,川宁生物,8.31,-0.08,-0.954,8.31,8.32,8.39,8.31,8.4,8.29,8218200.0,68388687.0,15:35:30,2026-09-07
sz301302,华如科技,22.11,-0.39,-1.733,22.1,22.11,22.5,22.38,22.55,21.99,4884406.0,108205623.0,15:35:45,2026-09-07
sz301303,真兰仪表,13.79,0.01,0.073,13.79,13.8,13.78,13.74,13.88,13.73,1336774.0,18450165.0,15:35:00,2026-09-07
sz301305,朗坤科技,25.88,1.49,6.109,25.87,25.88,24.39,24.6,26.38,24.4,12502339.0,319432749.0,15:35:15,2026-09-07
sz301306,西测测试,98.9,0.32,0.325,98.9,98.91,98.58,100.1,101.49,97.83,2516081.0,249537456.0,15:35:30,2026-09-07
sz301307,美利信,58.93,3.21,5.761,58.93,58.95,55.72,56.78,59.38,56.0,10305214.0,599003320.0,15:35:45,2026-09-07
sz301308,江波龙,358.22,11.22,3.233,358.21,358.22,347.0,355.19,359.53,353.8,10426494.0,3722970400.0,15:35:00,2026-09-07
sz301309,万得凯,32.01,-0.59,-1.81,31.98,32.01,32.6,32.6,32.61,31.8,1385000.0,44582389.0,15:35:15,2026-09-07
sz301310,鑫宏业,58.01,2.91,5.281,58.01,58.02,55.1,56.08,59.69,51.1,11473776.0,641605431.0,15:35:30,2026-09-07
sz301311,昆船智能,13.77,-0.27,-1.923,13.75,13.77,14.04,14.04,14.08,13.66,5112700.0,70399274.0,15:35:45,2026-09-07
sz301312,智立方,86.96,11.37,15.042,86.95,86.96,75.59,76.83,87.17,76.7,9806551.0,819782024.0,15:35:00,2026-09-07
sz301313,凡拓数创,33.43,0.94,2.893,33.43,33.44,32.49,32.1,34.9,31.98,9788716.0,333416144.0,15:35:15,2026-09-07
sz301314,科瑞思,46.26,-0.1,-0.216,46.19,46.26,46.36,46.75,47.2,44.83,895192.0,41610740.0,15:35:30,2026-09-07
sz301315,威士顿,40.46,-0.56,-1.365,40.46,40.5,41.02,40.75,41.33,40.28,1807148.0,73282607.0,15:35:45,2026-09-07
sz301316,慧博云通,38.47,2.07,5.687,38.46,38.47,36.4,36.77,38.48,36.35,12345317.0,463888757.0,15:35:00,2026-09-07
sz301317,鑫磊股份,50.57,2.15,4.44,50.54,50.58,48.42,48.75,51.0,47.8,4763253.0,234896127.0,15:35:15,2026-09-07
sz301318,维海德,21.35,0.16,0.755,21.35,21.4,21.19,21.19,21.53,21.1,944370.0,20166032.0,15:35:30,2026-09-07
sz301319,唯特偶,97.33,6.16,6.757,97.31,97.33,91.17,91.5,97.85,90.86,9853627.0,936151674.0,15:35:45,2026-09-07
sz301320,豪江智能,13.84,0.12,0.875,13.84,13.88,13.72,13.72,13.94,13.66,1216600.0,16852776.0,15:35:00,2026-09-07
sz301321,翰博高新,44.14,2.49,5.978,44.13,44.15,41.65,43.42,45.0,41.86,8152338.0,359763226.0,15:35:15,2026-09-07
sz301322,绿通科技,41.4,1.95,4.943,41.19,41.4,39.45,39.8,42.03,39.33,4935837.0,201421253.0,15:35:30,2026-09-07
sz301323,新莱福,69.95,2.57,3.814,69.95,69.97,67.38,68.31,70.47,67.0,1066300.0,73831146.0,15:35:45,2026-09-07
sz301325,曼恩斯特,29.69,-0.08,-0.269,29.69,29.74,29.77,29.76,30.06,29.52,1080800.0,32214533.0,15:35:00,2026-09-07
sz301326,捷邦科技,107.15,3.15,3.029,107.15,107.2,104.0,104.76,109.5,104.05,2146634.0,229779429.0,15:35:15,2026-09-07
sz301327,华宝新能,43.33,0.21,0.487,43.33,43.4,43.12,43.31,43.86,42.88,1290979.0,56107333.0,15:35:30,2026-09-07
sz301328,维峰电子,51.95,0.64,1.247,51.9,51.95,51.31,51.09,52.85,50.9,2441060.0,127146864.0,15:35:45,2026-09-07
sz301329,信音电子,19.65,0.12,0.614,19.65,19.68,19.53,19.43,19.85,19.43,2290811.0,45074615.0,15:35:00,2026-09-07
sz301330,熵基科技,25.66,-0.04,-0.156,25.66,25.67,25.7,25.71,25.86,25.51,2936885.0,75433821.0,15:35:15,2026-09-07
sz301331,恩威医药,21.74,0.3,1.399,21.71,21.75,21.44,21.54,21.97,21.45,1038940.0,22556453.0,15:35:30,2026-09-07
sz301332,德尔玛,7.88,0.03,0.382,7.87,7.88,7.85,7.9,7.91,7.8,2484800.0,19559733.0,15:35:45,2026-09-07
sz301333,诺思格,55.98,-0.19,-0.338,55.98,55.99,56.17,55.61,57.36,55.0,3491286.0,195719930.0,15:35:00,2026-09-07
sz301335,天元宠物,24.93,0.16,0.646,24.9,24.93,24.77,24.64,25.35,24.27,2472216.0,61128900.0,15:35:15,2026-09-07
sz301336,趣睡科技,42.99,0.54,1.272,42.99,43.0,42.45,42.73,43.75,42.26,1471698.0,63082421.0,15:35:30,2026-09-07
sz301337,亚华电子,29.3,2.11,7.76,29.29,29.3,27.19,27.67,29.36,27.23,4073916.0,117063287.0,15:35:45,2026-09-07
sz301338,凯格精机,101.36,7.36,7.83,101.36,101.37,94.0,95.96,102.26,93.1,6618001.0,658312067.0,15:35:00,2026-09-07
sz301339,通行宝,10.8,-0.18,-1.639,10.8,10.81,10.98,10.94,11.06,10.8,4360002.0,47371150.0,15:35:15,2026-09-07
sz301345,涛涛车业,228.92,-0.09,-0.039,228.56,228.92,229.01,228.8,232.0,226.29,774431.0,177448786.0,15:35:30,2026-09-07
sz301348,蓝箭电子,21.29,0.26,1.236,21.29,21.3,21.03,21.18,21.52,21.13,5466570.0,116761383.0,15:35:45,2026-09-07
sz301349,信德新材,42.71,0.48,1.137,42.7,42.72,42.23,42.23,42.97,41.83,2159100.0,91990656.0,15:35:00,2026-09-07
sz301353,普莱得,19.26,0.13,0.68,19.26,19.35,19.13,19.29,19.51,19.01,1422829.0,27477779.0,15:35:15,2026-09-07
sz301355,南王科技,10.48,0.21,2.045,10.48,10.5,10.27,10.34,10.58,10.28,4370500.0,45706934.0,15:35:30,2026-09-07
sz301356,天振股份,19.58,-0.37,-1.855,19.57,19.58,19.95,19.93,20.14,19.5,2374520.0,46950660.0,15:35:45,2026-09-07
sz301357,北方长龙,99.53,-1.97,-1.941,99.53,99.54,101.5,98.22,102.2,98.0,5588142.0,558020693.0,15:35:00,2026-09-07
sz301358,湖南裕能,55.3,-0.52,-0.932,55.3,55.31,55.82,55.7,55.8,54.86,11770356.0,650922397.0,15:35:15,2026-09-07
sz301359,东南电子,18.78,0.35,1.899,18.78,18.84,18.43,18.49,18.89,18.39,1938400.0,36274049.0,15:35:30,2026-09-07
sz301360,荣旗科技,55.45,1.86,3.471,55.29,55.45,53.59,53.63,55.85,53.56,1675589.0,92393096.0,15:35:45,2026-09-07
sz301361,众智科技,26.91,0.0,0.0,26.91,26.94,26.91,27.42,27.42,26.87,806500.0,21796798.0,15:35:00,2026-09-07
sz301362,民爆光电,108.9,4.86,4.671,108.9,108.98,104.04,105.01,109.58,102.84,2973738.0,320562144.0,15:35:15,2026-09-07
sz301363,美好医疗,16.11,0.08,0.499,16.1,16.11,16.03,16.05,16.18,15.95,4701229.0,75604284.0,15:35:30,2026-09-07
sz301365,矩阵股份,38.91,0.1,0.258,38.75,38.91,38.81,38.88,39.68,38.6,2167922.0,84610162.0,15:35:45,2026-09-07
sz301366,一博科技,57.79,2.56,4.635,57.79,57.8,55.23,56.78,58.32,55.88,10794411.0,623449048.0,15:35:00,2026-09-07
sz301367,瑞迈特,46.72,0.26,0.56,46.71,46.72,46.46,46.83,47.16,46.28,2041409.0,95273374.0,15:35:15,2026-09-07
sz301368,丰立智能,38.63,0.83,2.196,38.63,38.64,37.8,37.65,39.0,37.6,1472755.0,56909383.0,15:35:30,2026-09-07
sz301369,联动科技,128.08,6.13,5.027,128.02,128.09,121.95,123.93,131.01,122.93,2297016.0,292410901.0,15:35:45,2026-09-07
sz301370,国科恒泰,8.68,-0.01,-0.115,8.67,8.69,8.69,8.67,8.77,8.65,2585000.0,22489017.0,15:35:00,2026-09-07
sz301371,敷尔佳,21.5,-0.18,-0.83,21.49,21.5,21.68,21.73,21.79,21.38,3350651.0,72124926.0,15:35:15,2026-09-07
sz301372,科净源,31.51,0.14,0.446,31.48,31.51,31.37,31.49,31.79,30.94,937100.0,29417368.0,15:35:30,2026-09-07
sz301373,凌玮科技,102.81,7.08,7.396,102.81,102.82,95.73,96.66,104.84,96.6,6492598.0,652964152.0,15:35:45,2026-09-07
sz301376,致欧科技,22.45,-1.35,-5.672,22.44,22.45,23.8,23.8,24.0,22.08,9416900.0,213036578.0,15:35:00,2026-09-07
sz301377,鼎泰高科,396.76,20.55,5.462,396.76,396.77,376.21,382.99,399.6,377.01,2778466.0,1093484031.0,15:35:15,2026-09-07
sz301378,通达海,25.3,-0.25,-0.978,25.3,25.32,25.55,25.5,25.75,25.19,1750560.0,44473625.0,15:35:30,2026-09-07
sz301379,天山电子,21.16,1.1,5.484,21.16,21.17,20.06,20.22,21.4,20.2,14922964.0,312673878.0,15:35:45,2026-09-07
sz301380,挖金客,32.45,-0.36,-1.097,32.45,32.47,32.81,32.81,33.0,31.96,3168857.0,102881332.0,15:35:00,2026-09-07
sz301381,赛维时代,23.26,0.11,0.475,23.23,23.26,23.15,23.03,23.5,22.9,4123767.0,95608726.0,15:35:15,2026-09-07
sz301382,蜂助手,37.28,0.38,1.03,37.28,37.29,36.9,37.3,37.5,36.65,6520942.0,242341188.0,15:35:30,2026-09-07
sz301383,天键股份,24.06,0.13,0.543,23.97,24.06,23.93,24.21,24.21,23.76,886900.0,21233889.0,15:35:45,2026-09-07
sz301386,未来电器,20.25,0.02,0.099,20.25,20.29,20.23,20.34,20.45,20.1,794500.0,16125141.0,15:35:00,2026-09-07
sz301387,光大同创,56.43,2.49,4.616,56.43,56.44,53.94,54.91,57.09,53.94,2634198.0,147445384.0,15:35:15,2026-09-07
sz301388,欣灵电气,25.45,-0.01,-0.039,25.45,25.51,25.46,25.58,25.64,25.18,1587200.0,40388231.0,15:35:30,2026-09-07
sz301389,隆扬电子,58.89,6.03,11.407,58.88,58.89,52.86,53.45,59.3,53.2,12456166.0,708016930.0,15:35:45,2026-09-07
sz301390,经纬股份,36.77,0.84,2.338,36.53,36.77,35.93,35.93,36.9,35.4,2144900.0,77714241.0,15:35:00,2026-09-07
sz301391,卡莱特,45.86,0.01,0.022,45.85,45.86,45.85,45.96,46.6,45.21,1627100.0,74650652.0,15:35:15,2026-09-07
sz301392,汇成真空,176.0,11.84,7.212,176.0,176.02,164.16,165.8,181.6,165.3,6125313.0,1074084536.0,15:35:30,2026-09-07
sz301393,昊帆生物,56.5,0.77,1.382,56.5,56.56,55.73,55.46,56.98,55.39,1491131.0,83952650.0,15:35:45,2026-09-07
sz301395,仁信新材,12.49,0.3,2.461,12.49,12.5,12.19,12.28,12.64,12.0,5110730.0,63392544.0,15:35:00,2026-09-07
sz301396,宏景科技,175.88,6.98,4.133,175.88,175.89,168.9,172.29,177.75,170.0,10496905.0,1834888674.0,15:35:15,2026-09-07
sz301397,溯联股份,24.4,-0.12,-0.489,24.38,24.4,24.52,24.53,24.64,24.03,2742400.0,66654786.0,15:35:30,2026-09-07
sz301398,星源卓镁,38.44,2.74,7.675,38.4,38.44,35.7,35.7,38.49,35.04,3781089.0,140747213.0,15:35:45,2026-09-07
sz301399,英特科技,20.55,-0.25,-1.202,20.55,20.56,20.8,20.6,20.78,20.27,7306635.0,150129534.0,15:35:00,2026-09-07
sz301408,华人健康,14.5,0.1,0.694,14.5,14.51,14.4,14.4,14.61,14.37,4747100.0,68885592.0,15:35:15,2026-09-07
sz301413,安培龙,60.3,3.02,5.272,60.29,60.3,57.28,57.28,60.86,56.85,4473182.0,267352441.0,15:35:30,2026-09-07
sz301418,协昌科技,35.05,0.06,0.171,35.05,35.16,34.99,35.21,35.46,34.74,849300.0,29839395.0,15:35:45,2026-09-07
sz301419,阿莱德,40.79,5.09,14.258,40.78,40.79,35.7,35.74,41.4,35.74,12485420.0,485147816.0,15:35:00,2026-09-07
sz301421,波长光电,76.62,2.44,3.289,76.61,76.63,74.18,74.9,77.15,74.0,3207064.0,244487598.0,15:35:15,2026-09-07
sz301428,世纪恒通,28.82,0.33,1.158,28.82,28.83,28.49,28.49,29.49,28.23,2447954.0,70320613.0,15:35:30,2026-09-07
sz301429,森泰股份,17.54,0.04,0.229,17.54,17.55,17.5,17.49,17.77,17.32,1256755.0,22159134.0,15:35:45,2026-09-07
sz301439,泓淋电力,14.38,-0.65,-4.325,14.38,14.39,15.03,14.78,14.81,14.29,12542390.0,180782005.0,15:35:00,2026-09-07
sz301446,福事特,38.05,0.89,2.395,38.0,38.05,37.16,37.5,38.2,37.12,616500.0,23399842.0,15:35:15,2026-09-07
sz301448,开创电气,45.32,0.7,1.569,45.31,45.32,44.62,44.81,46.0,44.3,1589232.0,71493275.0,15:35:30,2026-09-07
sz301449,天溯计量,42.95,0.83,1.971,42.95,42.96,42.12,42.49,43.18,42.15,1395765.0,59788456.0,15:35:45,2026-09-07
sz301456,盘古智能,23.23,0.08,0.346,23.19,23.23,23.15,23.16,23.48,23.04,919444.0,21434791.0,15:35:00,2026-09-07
sz301458,钧崴电子,36.71,1.38,3.906,36.71,36.72,35.33,35.7,37.06,35.3,5530762.0,201261537.0,15:35:15,2026-09-07
sz301459,丰茂股份,32.2,0.34,1.067,32.2,32.21,31.86,31.9,32.47,31.89,765801.0,24658326.0,15:35:30,2026-09-07
sz301468,博盈特焊,31.89,-0.06,-0.188,31.89,31.9,31.95,31.9,32.43,31.52,2768693.0,88537791.0,15:35:45,2026-09-07
sz301469,恒达新材,28.5,0.13,0.458,28.48,28.52,28.37,28.45,28.79,28.18,781806.0,22339685.0,15:35:00,2026-09-07
sz301479,弘景光电,48.59,0.85,1.78,48.59,48.6,47.74,47.95,48.99,47.88,1325938.0,64514431.0,15:35:15,2026-09-07
sz301486,致尚科技,197.0,25.32,14.748,196.99,197.0,171.68,178.0,197.5,176.2,11996029.0,2292237731.0,15:35:30,2026-09-07
sz301487,盟固利,15.8,0.09,0.573,15.79,15.8,15.71,15.78,15.91,15.57,9302375.0,146602943.0,15:35:45,2026-09-07
sz301488,豪恩汽电,99.88,4.08,4.259,99.88,99.9,95.8,93.53,99.99,93.43,2108212.0,207207219.0,15:35:00,2026-09-07
sz301489,思泉新材,138.91,7.91,6.038,138.91,138.96,131.0,131.0,139.77,127.73,14210948.0,1907274310.0,15:35:15,2026-09-07
sz301491,汉桑科技,38.7,-0.14,-0.36,38.66,38.7,38.84,38.81,39.45,38.52,633887.0,24545344.0,15:35:30,2026-09-07
sz301498,乖宝宠物,39.79,0.51,1.298,39.78,39.79,39.28,39.02,39.95,39.02,4223298.0,167146508.0,15:35:45,2026-09-07
sz301499,维科精密,24.93,0.31,1.259,24.9,24.93,24.62,24.62,25.22,24.24,1122000.0,28006775.0,15:35:00,2026-09-07
sz301500,飞南资源,24.18,-0.74,-2.97,24.18,24.19,24.92,24.58,24.76,24.14,12397259.0,302628346.0,15:35:15,2026-09-07
sz301501,恒鑫生活,27.91,-0.26,-0.923,27.9,27.91,28.17,28.17,28.17,27.78,603810.0,16856229.0,15:35:30,2026-09-07
sz301502,华阳智能,50.55,0.67,1.343,50.55,50.65,49.88,50.4,51.26,49.49,593800.0,30054061.0,15:35:45,2026-09-07
sz301503,智迪科技,22.4,0.18,0.81,22.4,22.44,22.22,22.2,23.1,21.96,1795545.0,40357457.0,15:35:00,2026-09-07
sz301505,苏州规划,17.29,0.05,0.29,17.28,17.29,17.24,17.26,17.44,16.91,3761853.0,64843724.0,15:35:15,2026-09-07
sz301507,民生健康,12.55,0.11,0.884,12.55,12.57,12.44,12.58,12.64,12.36,2554024.0,31997427.0,15:35:30,2026-09-07
sz301508,中机认检,24.6,0.08,0.326,24.6,24.61,24.52,24.77,24.79,24.44,846800.0,20855174.0,15:35:45,2026-09-07
sz301509,金凯生科,28.64,-0.72,-2.452,28.64,28.66,29.36,29.3,29.41,28.52,4013156.0,115877433.0,15:35:00,2026-09-07
sz301510,固高科技,28.12,1.01,3.726,28.11,28.12,27.11,27.18,28.57,26.94,8919995.0,248360601.0,15:35:15,2026-09-07
sz301511,德福科技,99.48,14.43,16.966,99.45,99.48,85.05,86.67,101.15,86.0,55384881.0,5293544284.0,15:35:30,2026-09-07
sz301512,智信精密,30.98,0.04,0.129,30.97,30.98,30.94,31.19,31.5,30.81,1072220.0,33407634.0,15:35:45,2026-09-07
sz301513,尚水智能,44.42,-0.38,-0.848,44.41,44.42,44.8,45.13,45.13,44.36,589690.0,26364595.0,15:35:00,2026-09-07
sz301515,港通医疗,19.34,0.15,0.782,19.27,19.34,19.19,19.19,19.54,19.1,1013144.0,19616822.0,15:35:15,2026-09-07
sz301516,中远通,19.98,3.33,20.0,19.98,0.0,16.65,16.7,19.98,16.64,29616244.0,539352643.0,15:35:30,2026-09-07
sz301517,陕西华达,38.18,0.15,0.394,38.18,38.21,38.03,38.13,38.48,37.9,1327780.0,50734320.0,15:35:45,2026-09-07
sz301518,长华化学,24.14,-0.13,-0.536,24.13,24.14,24.27,24.29,24.64,24.02,1309145.0,31801226.0,15:35:00,2026-09-07
sz301519,舜禹股份,12.09,0.03,0.249,12.09,12.11,12.06,12.04,12.27,11.95,2154622.0,26150039.0,15:35:15,2026-09-07
sz301520,万邦医药,60.71,5.05,9.073,60.71,60.72,55.66,56.0,60.71,55.41,9422578.0,551465264.0,15:35:30,2026-09-07
sz301522,上大股份,23.07,-0.09,-0.389,23.06,23.07,23.16,23.2,23.35,23.0,2551484.0,59051207.0,15:35:45,2026-09-07
sz301525,儒竞科技,39.5,1.6,4.222,39.5,39.55,37.9,37.99,39.76,37.8,1429760.0,55947681.0,15:35:00,2026-09-07
sz301526,国际复材,27.45,1.07,4.056,27.44,27.45,26.38,26.65,27.69,26.54,103229661.0,2810274225.0,15:35:15,2026-09-07
sz301528,多浦乐,58.49,-0.29,-0.493,58.48,58.49,58.78,58.99,60.53,58.12,1585374.0,94010643.0,15:35:30,2026-09-07
sz301529,福赛科技,125.7,18.7,17.477,125.7,125.75,107.0,113.61,128.4,112.51,6173998.0,761860588.0,15:35:45,2026-09-07
sz301531,春光集团,47.68,1.34,2.892,47.68,47.69,46.34,46.34,48.08,46.33,1687000.0,80102407.0,15:35:00,2026-09-07
sz301533,威马农机,30.07,1.06,3.654,30.07,30.08,29.01,29.52,30.45,29.19,3320754.0,99569850.0,15:35:15,2026-09-07
sz301535,浙江华远,14.63,-0.16,-1.082,14.62,14.63,14.79,14.79,14.9,14.44,3359474.0,49221775.0,15:35:30,2026-09-07
sz301536,星宸科技,123.69,3.81,3.178,123.69,123.7,119.88,121.99,124.75,117.56,16293217.0,1972793892.0,15:35:45,2026-09-07
sz301538,骏鼎达,41.8,0.87,2.126,41.8,41.81,40.93,41.28,42.18,40.9,1599537.0,66592416.0,15:35:00,2026-09-07
sz301539,宏鑫科技,15.32,0.33,2.201,15.25,15.32,14.99,15.06,15.47,15.0,2030400.0,31012209.0,15:35:15,2026-09-07
sz301548,崇德科技,56.29,1.02,1.845,56.29,56.3,55.27,55.23,56.77,54.74,1952470.0,109251383.0,15:35:30,2026-09-07
sz301550,斯菱智驱,97.75,16.29,19.998,97.75,0.0,81.46,88.64,97.75,88.64,16671161.0,1588661869.0,15:35:45,2026-09-07
sz301551,无线传媒,22.43,0.23,1.036,22.41,22.43,22.2,22.08,22.55,22.01,8191600.0,182751196.0,15:35:00,2026-09-07
sz301552,科力装备,24.82,-0.18,-0.72,24.82,24.87,25.0,25.01,25.21,24.78,1427737.0,35643661.0,15:35:15,2026-09-07
sz301555,惠柏新材,34.85,0.35,1.014,34.83,34.85,34.5,34.37,35.08,34.1,1282000.0,44604860.0,15:35:30,2026-09-07
sz301556,托普云农,66.91,1.97,3.034,66.9,66.91,64.94,64.47,69.2,64.01,3164453.0,211860241.0,15:35:45,2026-09-07
sz301557,常友科技,85.84,0.93,1.095,85.83,85.84,84.91,85.0,86.43,84.27,495620.0,42321251.0,15:35:00,2026-09-07
sz301558,三态股份,6.74,0.11,1.659,6.73,6.74,6.63,6.64,6.76,6.62,8275900.0,55600290.0,15:35:15,2026-09-07
sz301559,中集环科,13.19,0.1,0.764,13.19,13.22,13.09,13.21,13.25,13.02,1419863.0,18701681.0,15:35:30,2026-09-07
sz301560,众捷汽车,24.55,-0.24,-0.968,24.55,24.59,24.79,24.65,24.94,24.29,2794584.0,68813369.0,15:35:45,2026-09-07
sz301563,云汉芯城,117.4,3.52,3.091,117.4,117.45,113.88,114.8,118.24,114.7,1342244.0,156752557.0,15:35:00,2026-09-07
sz301565,中仑新材,18.96,-0.22,-1.147,18.96,18.97,19.18,19.18,19.25,18.78,6186612.0,117165458.0,15:35:15,2026-09-07
sz301566,达利凯普,25.25,1.59,6.72,25.25,25.26,23.66,23.83,25.35,23.65,19191841.0,474742988.0,15:35:30,2026-09-07
sz301567,贝隆精密,36.49,-0.42,-1.138,36.49,36.52,36.91,36.96,37.6,36.37,1406200.0,51574538.0,15:35:45,2026-09-07
sz301568,思泰克,69.08,3.18,4.825,69.05,69.08,65.9,66.2,69.68,65.58,3925460.0,268580575.0,15:35:00,2026-09-07
sz301571,国科天成,69.59,5.04,7.808,69.58,69.59,64.55,64.55,70.7,64.07,7361651.0,506095445.0,15:35:15,2026-09-07
sz301575,艾芬达,26.76,0.08,0.3,26.76,26.83,26.68,26.68,26.9,26.48,690733.0,18491346.0,15:35:30,2026-09-07
sz301577,美信科技,58.03,1.95,3.477,58.03,58.06,56.08,55.65,58.46,55.2,1166400.0,67160592.0,15:35:45,2026-09-07
sz301578,辰奕智能,23.62,0.07,0.297,23.62,23.64,23.55,23.57,23.85,23.34,968570.0,22859722.0,15:35:00,2026-09-07
sz301580,爱迪特,55.35,2.52,4.77,55.32,55.35,52.83,52.95,55.65,52.68,4528246.0,247844456.0,15:35:15,2026-09-07
sz301581,黄山谷捷,36.69,0.21,0.576,36.63,36.72,36.48,36.44,37.13,36.1,414320.0,15253972.0,15:35:30,2026-09-07
sz301583,托伦斯,119.2,3.54,3.061,119.2,119.22,115.66,117.79,119.97,117.01,3543248.0,420579460.0,15:35:45,2026-09-07
sz301584,建发致新,21.06,0.25,1.201,21.06,21.07,20.81,20.8,21.14,20.71,1207857.0,25327753.0,15:35:00,2026-09-07
sz301585,蓝宇股份,27.86,-0.1,-0.358,27.84,27.86,27.96,28.34,28.69,27.77,869530.0,24422566.0,15:35:15,2026-09-07
sz301586,佳力奇,30.43,-0.42,-1.361,30.43,30.44,30.85,30.84,31.31,30.28,1224580.0,37413366.0,15:35:30,2026-09-07
sz301587,中瑞股份,21.03,0.12,0.574,21.01,21.03,20.91,20.92,21.17,20.73,1402000.0,29463108.0,15:35:45,2026-09-07
sz301588,美新科技,28.17,-0.02,-0.071,28.17,28.24,28.19,28.19,28.6,27.81,2449200.0,69142186.0,15:35:00,2026-09-07
sz301589,诺瓦星云,142.64,-1.36,-0.944,142.63,142.7,144.0,143.81,143.97,142.21,427984.0,61187643.0,15:35:15,2026-09-07
sz301590,优优绿能,74.06,-0.94,-1.253,74.06,74.1,75.0,75.0,76.51,74.0,1626903.0,122117041.0,15:35:30,2026-09-07
sz301591,肯特股份,48.93,2.32,4.977,48.93,48.94,46.61,48.56,49.3,46.61,14629438.0,707612907.0,15:35:45,2026-09-07
sz301592,六九一二,105.5,-1.0,-0.939,105.5,105.52,106.5,106.4,106.96,105.1,901254.0,95435307.0,15:35:00,2026-09-07
sz301595,太力科技,43.18,6.19,16.734,43.17,43.18,36.99,37.0,44.39,36.9,5082383.0,214792067.0,15:35:15,2026-09-07
sz301596,瑞迪智驱,48.25,1.76,3.786,48.24,48.25,46.49,46.62,49.49,46.23,2170525.0,104919332.0,15:35:30,2026-09-07
sz301598,博科测试,51.97,0.84,1.643,51.93,51.98,51.13,51.75,52.2,51.14,605100.0,31335249.0,15:35:45,2026-09-07
sz301599,理奇智能,32.17,0.07,0.218,32.17,32.18,32.1,32.1,32.47,32.05,2117114.0,68335476.0,15:35:00,2026-09-07
sz301600,慧翰股份,83.8,-0.57,-0.676,83.8,83.84,84.37,84.45,85.17,82.91,895201.0,74919914.0,15:35:15,2026-09-07
sz301601,惠通科技,16.0,-0.17,-1.051,15.98,16.0,16.17,16.2,16.27,15.9,2233314.0,35870136.0,15:35:30,2026-09-07
sz301602,超研股份,16.07,0.07,0.438,16.06,16.07,16.0,16.32,16.32,15.91,2420793.0,38790941.0,15:35:45,2026-09-07
sz301603,乔锋智能,128.35,3.37,2.696,128.34,128.35,124.98,125.8,129.91,124.01,1874751.0,238930437.0,15:35:00,2026-09-07
sz301606,绿联科技,57.29,-0.11,-0.192,57.29,57.3,57.4,57.96,59.23,56.5,7304268.0,420167924.0,15:35:15,2026-09-07
sz301607,富特科技,42.38,0.35,0.833,42.37,42.38,42.03,42.0,42.99,41.2,10922147.0,459532951.0,15:35:30,2026-09-07
sz301608,博实结,44.6,0.49,1.111,44.6,44.64,44.11,44.02,44.86,43.82,1177697.0,52293730.0,15:35:45,2026-09-07
sz301609,山大电力,31.84,-0.42,-1.302,31.84,31.85,32.26,32.23,32.49,31.83,1913700.0,61276196.0,15:35:00,2026-09-07
sz301611,珂玛科技,90.09,3.17,3.647,90.09,90.1,86.92,88.3,91.06,86.6,8666712.0,772798464.0,15:35:15,2026-09-07
sz301613,新铝时代,35.85,-0.24,-0.665,35.85,35.86,36.09,36.09,36.38,35.8,770446.0,27768309.0,15:35:30,2026-09-07
sz301616,浙江华业,35.76,0.08,0.224,35.75,35.77,35.68,35.42,35.99,35.32,486700.0,17343421.0,15:35:45,2026-09-07
sz301617,博苑新材,48.88,-0.51,-1.033,48.87,48.88,49.39,49.42,50.58,48.0,2036119.0,99844270.0,15:35:00,2026-09-07
sz301618,长联科技,31.66,0.17,0.54,31.65,31.66,31.49,31.52,31.89,31.23,670732.0,21225427.0,15:35:15,2026-09-07
sz301622,英思特,38.45,0.08,0.208,38.44,38.45,38.37,38.48,38.76,38.13,996845.0,38394835.0,15:35:30,2026-09-07
sz301626,苏州天脉,268.0,16.11,6.396,268.0,268.03,251.89,255.5,269.99,253.0,2967799.0,786042172.0,15:35:45,2026-09-07
sz301628,强达电路,111.51,4.51,4.215,111.5,111.51,107.0,109.8,112.79,108.5,3130783.0,346677043.0,15:35:00,2026-09-07
sz301629,矽电股份,292.77,23.97,8.917,292.77,292.82,268.8,272.51,293.5,269.37,1434290.0,404292816.0,15:35:15,2026-09-07
sz301630,同宇新材,190.41,10.39,5.772,190.41,190.42,180.02,184.0,191.51,181.01,1816308.0,341273020.0,15:35:30,2026-09-07
sz301631,壹连科技,65.5,2.5,3.968,65.5,65.52,63.0,63.16,66.6,62.31,3778658.0,245498764.0,15:35:45,2026-09-07
sz301632,广东建科,13.71,0.2,1.48,13.7,13.71,13.51,13.52,13.73,13.42,3377711.0,46034448.0,15:35:00,2026-09-07
sz301633,港迪技术,66.8,0.55,0.83,66.58,66.8,66.25,66.07,67.45,62.99,2994502.0,193971151.0,15:35:15,2026-09-07
sz301636,泽润新能,40.29,0.1,0.249,40.29,40.3,40.19,39.96,40.36,39.46,1107362.0,44295588.0,15:35:30,2026-09-07
sz301638,南网数字,22.2,0.56,2.588,22.18,22.2,21.64,21.68,22.6,21.62,9031396.0,199657865.0,15:35:45,2026-09-07
sz301655,绿控传动,23.89,0.11,0.463,23.89,23.9,23.78,23.6,24.26,23.56,6707678.0,160369922.0,15:35:00,2026-09-07
sz301656,联合动力,14.82,0.07,0.475,14.82,14.83,14.75,14.77,14.89,14.6,3235747.0,47848795.0,15:35:15,2026-09-07
sz301658,首航新能,22.72,0.39,1.747,22.72,22.73,22.33,22.3,22.73,22.11,2672606.0,60236868.0,15:35:30,2026-09-07
sz301662,宏工科技,62.65,-0.05,-0.08,62.65,62.66,62.7,62.06,63.29,61.96,2310637.0,145086447.0,15:35:45,2026-09-07
sz301665,泰禾股份,23.13,-0.17,-0.73,23.13,23.14,23.3,23.32,23.52,23.09,1850144.0,43003363.0,15:35:00,2026-09-07
sz301666,大普微,420.85,15.37,3.791,420.85,420.86,405.48,420.89,423.96,415.1,2798867.0,1176115143.0,15:35:15,2026-09-07
sz301667,纳百川,59.9,1.08,1.836,59.9,59.91,58.82,58.62,60.35,58.2,1344794.0,80470805.0,15:35:30,2026-09-07
sz301668,昊创瑞通,34.69,-0.11,-0.316,34.68,34.69,34.8,34.89,35.0,34.31,981036.0,33923175.0,15:35:45,2026-09-07
sz301669,高特电子,26.41,0.15,0.571,26.41,26.42,26.26,26.35,26.61,26.0,2838547.0,74814725.0,15:35:00,2026-09-07
sz301677,欣兴工具,53.26,0.25,0.472,53.26,53.27,53.01,52.53,53.86,52.53,1446431.0,77069965.0,15:35:15,2026-09-07
sz301678,新恒汇,44.63,0.48,1.087,44.63,44.68,44.15,44.47,45.15,44.23,1763826.0,78952658.0,15:35:30,2026-09-07
sz301680,固德电材,99.59,5.79,6.173,99.59,99.6,93.8,91.06,100.8,91.01,2615951.0,255972742.0,15:35:45,2026-09-07
sz301682,宏明电子,106.96,2.96,2.846,106.95,106.96,104.0,104.8,107.28,104.71,1249428.0,132562716.0,15:35:00,2026-09-07
sz301683,慧谷新材,97.14,0.9,0.935,97.12,97.14,96.24,96.28,97.8,95.77,394325.0,38340498.0,15:35:15,2026-09-07
sz301687,新广益,50.73,1.89,3.87,50.71,50.73,48.84,48.73,51.08,48.57,3648684.0,183275070.0,15:35:30,2026-09-07
sz301688,C格林,40.12,-1.07,-2.598,40.12,40.13,41.19,40.9,41.5,39.81,7375876.0,297667093.0,15:35:45,2026-09-07
sz301696,三瑞智能,94.55,1.61,1.732,94.55,94.56,92.94,93.1,95.76,92.62,1294446.0,122586554.0,15:35:00,2026-09-07
sz301697,C贝特利,27.67,0.22,0.801,27.66,27.67,27.45,27.45,29.33,26.91,15039429.0,420857758.0,15:35:15,2026-09-07
sz301707,展芯股份,73.75,0.62,0.848,73.74,73.75,73.13,73.75,74.74,72.88,3097341.0,227983445.0,15:35:30,2026-09-07
sz301717,超纯应材,362.22,7.76,2.189,362.22,362.24,354.46,362.01,368.98,351.8,3555914.0,1282614716.0,15:35:45,2026-09-07
sz302132,中航成飞,61.33,-1.97,-3.112,61.33,61.34,63.3,63.1,63.1,61.0,10195394.0,627965640.0,15:35:00,2026-09-07
