代码,名称,最新价,涨跌额,涨跌幅,买入,卖出,昨收,今开,最高,最低,成交量,成交额,时间戳,date
bj920000,安徽凤凰,14.27,-0.02,-0.14,14.27,14.29,14.29,14.29,14.5,14.1,373574.0,5325209.0,15:30:01,2026-09-24
bj920001,纬达光电,11.69,-0.23,-1.93,11.69,11.7,11.92,11.72,12.06,11.61,2122125.0,24912610.0,15:30:01,2026-09-24
bj920002,万达轴承,51.03,0.97,1.938,51.03,51.05,50.06,50.32,52.88,49.85,1580648.0,81888770.0,15:30:01,2026-09-24
bj920003,中诚咨询,16.5,-1.25,-7.042,16.5,16.54,17.75,17.76,17.98,16.1,3712605.0,61972785.0,15:30:01,2026-09-24
bj920005,鼎佳精密,25.32,0.97,3.984,25.32,25.33,24.35,24.3,25.33,23.85,1106152.0,27471446.0,15:30:01,2026-09-24
bj920006,晟楠科技,17.21,-0.22,-1.262,17.2,17.21,17.43,17.45,17.75,17.17,1733152.0,30183509.0,15:30:01,2026-09-24
bj920007,酉立智能,32.62,-0.55,-1.658,32.44,32.62,33.17,32.61,33.43,32.31,149848.0,4894014.0,15:30:01,2026-09-24
bj920008,成电光信,21.36,-0.13,-0.605,21.36,21.39,21.49,21.8,22.05,21.0,746778.0,16022371.0,15:30:01,2026-09-24
bj920009,丹娜生物,34.63,-0.8,-2.258,34.64,34.77,35.43,35.13,35.75,34.5,216421.0,7597760.0,15:30:01,2026-09-24
bj920010,凯添燃气,8.75,0.04,0.459,8.74,8.75,8.71,8.79,8.9,8.7,3928780.0,34520243.0,15:30:01,2026-09-24
bj920011,晨光电机,17.67,-0.37,-2.051,17.66,17.67,18.04,17.95,18.05,17.58,380945.0,6783632.0,15:30:01,2026-09-24
bj920012,创达新材,54.7,-0.65,-1.174,54.69,54.7,55.35,53.88,55.43,52.45,1923566.0,103949597.0,15:30:01,2026-09-24
bj920014,特瑞斯,8.51,-0.12,-1.39,8.51,8.53,8.63,8.63,8.7,8.51,637700.0,5463953.0,15:30:01,2026-09-24
bj920015,锦华新材,45.32,0.78,1.751,45.31,45.32,44.54,43.68,48.8,42.31,6191785.0,281061060.0,15:30:01,2026-09-24
bj920016,中草香料,14.29,-0.41,-2.789,14.29,14.32,14.7,14.69,14.69,14.23,1120262.0,16141226.0,15:30:01,2026-09-24
bj920017,星昊医药,15.75,-0.32,-1.991,15.75,15.77,16.07,16.07,16.17,15.73,1074902.0,17123877.0,15:30:01,2026-09-24
bj920018,宏远股份,14.65,-0.19,-1.28,14.65,14.68,14.84,14.79,14.83,14.61,390060.0,5722427.0,15:30:01,2026-09-24
bj920019,铜冠矿建,15.26,-0.24,-1.548,15.25,15.26,15.5,15.51,15.84,15.2,1814767.0,28143234.0,15:30:01,2026-09-24
bj920020,泰凯英,14.76,0.04,0.272,14.76,14.77,14.72,14.7,14.78,14.64,186788.0,2748401.0,15:30:01,2026-09-24
bj920021,流金科技,7.87,-0.19,-2.357,7.86,7.87,8.06,8.02,8.35,7.77,21940934.0,176290597.0,15:30:01,2026-09-24
bj920022,世昌股份,19.0,-0.48,-2.464,19.0,19.12,19.48,19.31,19.5,18.89,300103.0,5742279.0,15:30:01,2026-09-24
bj920023,*ST田野,1.42,-0.02,-1.389,1.42,1.43,1.44,1.43,1.44,1.42,1440309.0,2055400.0,15:30:01,2026-09-24
bj920025,凯达重工,20.3,-8.7,-30.0,0.0,20.3,29.0,20.3,25.58,20.3,27054793.0,577722354.0,15:30:01,2026-09-24
bj920026,卓兆点胶,17.17,-1.73,-9.153,17.17,17.19,18.9,18.4,18.57,17.11,2986098.0,52649364.0,15:30:01,2026-09-24
bj920027,交大铁发,11.47,-0.08,-0.693,11.47,11.48,11.55,11.5,11.62,11.41,197791.0,2268762.0,15:30:01,2026-09-24
bj920028,新恒泰,15.16,-0.44,-2.821,15.14,15.16,15.6,15.7,15.75,15.0,1348216.0,20548470.0,15:30:01,2026-09-24
bj920029,开发科技,32.43,-0.07,-0.215,32.43,32.44,32.5,32.5,32.7,32.21,425126.0,13806353.0,15:30:01,2026-09-24
bj920030,德众汽车,4.75,-0.13,-2.664,4.75,4.77,4.88,4.76,4.82,4.68,2053021.0,9720984.0,15:30:01,2026-09-24
bj920033,康普化学,13.12,-0.35,-2.598,13.1,13.12,13.47,13.46,13.46,13.07,538875.0,7127175.0,15:30:01,2026-09-24
bj920035,精创电气,23.86,-0.79,-3.205,23.86,23.9,24.65,24.46,24.6,23.86,494247.0,11952222.0,15:30:01,2026-09-24
bj920036,觅睿科技,31.57,-0.95,-2.921,31.57,31.71,32.52,32.58,32.58,31.53,321498.0,10243254.0,15:30:01,2026-09-24
bj920037,广信科技,38.41,-1.0,-2.537,38.36,38.41,39.41,39.05,39.39,38.36,721616.0,27992268.0,15:30:01,2026-09-24
bj920038,森合高科,36.43,-1.32,-3.497,36.43,36.56,37.75,37.58,37.72,36.4,2276797.0,84192824.0,15:30:01,2026-09-24
bj920039,国义招标,7.59,-0.25,-3.189,7.58,7.59,7.84,7.7,7.86,7.54,1905789.0,14623469.0,15:30:01,2026-09-24
bj920045,蘅东光,542.6,-17.2,-3.073,542.6,542.61,559.8,551.9,562.0,542.0,725181.0,398853166.0,15:30:01,2026-09-24
bj920046,亿能电力,19.51,-0.28,-1.415,19.51,19.53,19.79,19.83,19.96,19.51,1315025.0,25844679.0,15:30:01,2026-09-24
bj920047,诺思兰德,15.3,-0.45,-2.857,15.27,15.3,15.75,15.66,15.8,15.18,3426694.0,52811838.0,15:30:01,2026-09-24
bj920050,爱伦医疗,27.82,-0.64,-2.249,27.82,28.0,28.46,28.31,28.54,27.82,207798.0,5830132.0,15:30:01,2026-09-24
bj920055,隆源股份,25.2,-0.44,-1.716,25.2,25.37,25.64,25.85,25.86,25.18,165702.0,4203399.0,15:30:01,2026-09-24
bj920056,能之光,14.08,-0.32,-2.222,14.08,14.15,14.4,14.41,14.42,14.04,391587.0,5569461.0,15:30:01,2026-09-24
bj920057,百甲科技,4.77,-0.05,-1.037,4.77,4.78,4.82,4.77,4.95,4.65,3040079.0,14387466.0,15:30:01,2026-09-24
bj920058,华洋赛车,23.29,-0.05,-0.214,23.21,23.29,23.34,23.43,23.96,23.0,681694.0,15981455.0,15:30:01,2026-09-24
bj920059,双英集团,12.39,-0.32,-2.518,12.38,12.39,12.71,12.7,12.78,12.31,1782735.0,22295048.0,15:30:01,2026-09-24
bj920060,万源通,30.22,-1.58,-4.969,30.21,30.22,31.8,31.51,32.8,30.2,5875747.0,184261663.0,15:30:01,2026-09-24
bj920061,西磁科技,17.28,-0.02,-0.116,17.2,17.28,17.3,17.25,17.8,17.03,1208202.0,20904018.0,15:30:01,2026-09-24
bj920062,科润智控,7.06,-0.19,-2.621,7.06,7.07,7.25,7.25,7.26,7.05,1445851.0,10309386.0,15:30:01,2026-09-24
bj920065,千岸科技,36.74,-0.98,-2.598,36.73,36.74,37.72,37.26,38.29,36.6,2716920.0,101559080.0,15:30:01,2026-09-24
bj920066,科拜尔,18.07,-0.67,-3.575,18.07,18.09,18.74,18.65,18.65,18.03,297564.0,5423825.0,15:30:01,2026-09-24
bj920068,天工股份,15.5,-0.1,-0.641,15.5,15.52,15.6,15.73,15.75,15.23,766340.0,11871841.0,15:30:01,2026-09-24
bj920069,普昂医疗,31.55,-0.55,-1.713,31.55,31.58,32.1,32.1,32.16,31.53,299514.0,9525039.0,15:30:01,2026-09-24
bj920071,金钛股份,27.4,-0.95,-3.351,27.4,27.41,28.35,28.05,30.88,27.29,11895340.0,346717990.0,15:30:01,2026-09-24
bj920072,科莱瑞迪,23.11,-0.72,-3.021,23.11,23.16,23.83,23.85,23.85,23.11,637899.0,15008469.0,15:30:01,2026-09-24
bj920075,柏星龙,16.01,-0.83,-4.929,16.01,16.03,16.84,16.86,16.87,16.01,1678822.0,27451779.0,15:30:01,2026-09-24
bj920076,国亮新材,12.59,0.0,0.0,12.56,12.59,12.59,12.58,12.71,12.42,644997.0,8104598.0,15:30:01,2026-09-24
bj920077,吉林碳谷,13.15,-0.04,-0.303,13.15,13.16,13.19,13.2,13.52,13.06,4393838.0,58202813.0,15:30:01,2026-09-24
bj920078,族兴新材,18.43,-0.45,-2.383,18.39,18.43,18.88,18.75,18.83,18.23,1344421.0,24874568.0,15:30:01,2026-09-24
bj920079,乔路铭,12.71,-0.22,-1.701,12.71,12.72,12.93,12.92,12.92,12.62,2292589.0,29264424.0,15:30:01,2026-09-24
bj920080,奥美森,20.12,-0.38,-1.854,20.12,20.19,20.5,20.57,20.61,20.1,218287.0,4428429.0,15:30:01,2026-09-24
bj920081,欧伦电气,41.11,-1.43,-3.362,41.08,41.11,42.54,42.37,42.5,41.04,774923.0,32277126.0,15:30:01,2026-09-24
bj920082,方正阀门,7.83,-0.06,-0.76,7.82,7.83,7.89,7.9,7.92,7.8,324158.0,2539367.0,15:30:01,2026-09-24
bj920083,金戈新材,47.19,-0.91,-1.892,47.19,47.2,48.1,46.71,47.56,45.7,4872910.0,227198137.0,15:30:01,2026-09-24
bj920086,科马材料,19.74,-0.5,-2.47,19.74,19.75,20.24,20.26,20.26,19.68,450578.0,8988327.0,15:30:01,2026-09-24
bj920087,秋乐种业,14.91,-0.76,-4.85,14.91,14.93,15.67,15.8,16.25,14.9,10453391.0,161069259.0,15:30:01,2026-09-24
bj920088,科力股份,40.97,0.2,0.491,40.97,40.98,40.77,41.9,41.92,40.66,2814527.0,115735260.0,15:30:01,2026-09-24
bj920089,禾昌聚合,10.09,-0.16,-1.561,10.08,10.09,10.25,10.23,10.31,10.05,1003020.0,10179961.0,15:30:01,2026-09-24
bj920090,*ST同辉,3.34,-0.07,-2.053,3.34,3.35,3.41,3.42,3.43,3.33,992106.0,3337466.0,15:30:01,2026-09-24
bj920091,大鹏工业,27.4,-0.56,-2.003,27.4,27.6,27.96,28.3,28.36,27.36,264830.0,7341325.0,15:30:01,2026-09-24
bj920092,汉鑫科技,24.58,-0.52,-2.072,24.58,24.59,25.1,25.01,25.23,24.58,724622.0,17948617.0,15:30:01,2026-09-24
bj920093,信胜科技,19.08,-0.38,-1.953,19.08,19.09,19.46,19.31,19.46,18.99,1461582.0,28036839.0,15:30:01,2026-09-24
bj920096,嘉晨智能,30.5,-1.03,-3.267,30.5,30.6,31.53,31.45,31.78,30.5,491899.0,15261960.0,15:30:01,2026-09-24
bj920098,科隆新材,17.89,-0.51,-2.772,17.89,17.9,18.4,18.24,18.6,17.89,678040.0,12283211.0,15:30:01,2026-09-24
bj920099,瑞华技术,16.68,-0.13,-0.773,16.48,16.68,16.81,16.85,16.9,16.47,536686.0,8939380.0,15:30:01,2026-09-24
bj920100,三协电机,29.93,-0.71,-2.317,29.93,29.96,30.64,30.51,31.69,29.81,1955038.0,60360697.0,15:30:01,2026-09-24
bj920101,志高机械,16.05,-0.13,-0.803,16.02,16.05,16.18,16.16,16.35,16.0,199881.0,3213544.0,15:30:01,2026-09-24
bj920106,林泰新材,34.17,-1.25,-3.529,34.17,34.19,35.42,35.65,35.65,34.12,795626.0,27571738.0,15:30:01,2026-09-24
bj920107,恒兴股份,19.43,-0.58,-2.899,19.43,19.44,20.01,19.86,19.91,19.39,947779.0,18592125.0,15:30:01,2026-09-24
bj920108,宏海科技,8.52,-0.12,-1.389,8.52,8.54,8.64,8.62,8.77,8.5,371093.0,3175294.0,15:30:01,2026-09-24
bj920110,雷特科技,25.32,-0.58,-2.239,25.2,25.32,25.9,25.92,26.08,25.12,97649.0,2489302.0,15:30:01,2026-09-24
bj920111,聚星科技,25.67,-1.05,-3.93,25.67,25.68,26.72,26.58,26.71,25.6,1705179.0,44306935.0,15:30:01,2026-09-24
bj920112,巴兰仕,14.54,-0.21,-1.424,14.53,14.54,14.75,14.8,14.81,14.51,314208.0,4593922.0,15:30:01,2026-09-24
bj920116,星图测控,44.08,-0.51,-1.144,44.08,44.15,44.59,44.62,45.25,44.01,1455663.0,64826979.0,15:30:01,2026-09-24
bj920117,龙鑫智能,28.58,-1.45,-4.829,28.57,28.58,30.03,29.69,29.89,28.5,3378209.0,98418718.0,15:30:01,2026-09-24
bj920118,太湖远大,20.16,-0.49,-2.373,20.07,20.16,20.65,20.75,20.75,20.02,320681.0,6488809.0,15:30:01,2026-09-24
bj920119,美德乐,52.83,-2.37,-4.293,52.83,52.9,55.2,55.42,55.42,52.65,398911.0,21451649.0,15:30:01,2026-09-24
bj920121,江天科技,27.38,-0.4,-1.44,27.23,27.38,27.78,27.71,27.88,27.09,74516.0,2043568.0,15:30:01,2026-09-24
bj920122,中纺标,24.2,0.25,1.044,24.2,24.21,23.95,23.95,24.65,23.4,1486067.0,35859343.0,15:30:01,2026-09-24
bj920123,芭薇股份,10.93,-0.03,-0.274,10.93,10.97,10.96,10.98,11.05,10.65,508644.0,5498753.0,15:30:01,2026-09-24
bj920124,南特科技,12.23,-0.08,-0.65,12.19,12.23,12.31,12.31,12.36,12.16,590620.0,7224181.0,15:30:01,2026-09-24
bj920125,鸿仕达,146.83,-5.03,-3.312,146.8,146.83,151.86,148.13,151.0,145.65,886026.0,131003991.0,15:30:01,2026-09-24
bj920126,永大股份,9.86,-0.18,-1.793,9.86,9.87,10.04,10.07,10.1,9.83,1360428.0,13505217.0,15:30:01,2026-09-24
bj920128,胜业电气,19.06,-0.85,-4.269,19.06,19.1,19.91,20.49,20.49,18.92,1553521.0,30263989.0,15:30:01,2026-09-24
bj920130,立方控股,16.44,-0.91,-5.245,16.44,16.45,17.35,17.29,17.4,16.44,2741511.0,45947454.0,15:30:01,2026-09-24
bj920132,泰鹏智能,9.07,-0.15,-1.627,9.05,9.07,9.22,9.28,9.36,9.01,1270805.0,11596804.0,15:30:01,2026-09-24
bj920136,永励精密,21.34,-0.45,-2.065,21.33,21.34,21.79,21.95,21.95,21.29,1063490.0,22901539.0,15:30:01,2026-09-24
bj920138,杰理科技,35.64,-1.71,-4.578,35.63,35.64,37.35,37.27,37.27,35.41,4309118.0,156704214.0,15:30:01,2026-09-24
bj920139,华岭股份,15.29,-0.4,-2.549,15.29,15.3,15.69,15.49,15.89,15.17,4443482.0,68933763.0,15:30:01,2026-09-24
bj920145,恒合股份,9.57,-0.53,-5.248,9.57,9.7,10.1,10.1,10.1,9.57,512091.0,5014294.0,15:30:01,2026-09-24
bj920146,华阳变速,5.83,0.45,8.364,5.83,5.85,5.38,5.38,6.33,5.37,20047211.0,119290337.0,15:30:01,2026-09-24
bj920149,旭杰科技,8.41,-0.38,-4.323,8.41,8.42,8.79,8.7,8.77,8.4,1618220.0,13821492.0,15:30:01,2026-09-24
bj920152,昆工科技,11.93,-0.14,-1.16,11.85,11.93,12.07,12.28,12.48,11.83,716922.0,8616302.0,15:30:01,2026-09-24
bj920156,海昌智能,35.75,-1.14,-3.09,35.75,35.81,36.89,36.99,37.05,35.75,536945.0,19511405.0,15:30:01,2026-09-24
bj920158,长江能科,7.85,-0.06,-0.759,7.85,7.86,7.91,7.9,7.9,7.8,634552.0,4973842.0,15:30:01,2026-09-24
bj920159,农大科技,28.33,-1.06,-3.607,28.3,28.33,29.39,29.3,29.43,28.19,949742.0,27140321.0,15:30:01,2026-09-24
bj920160,北矿检测,18.91,-0.15,-0.787,18.9,18.91,19.06,19.15,19.15,18.63,203272.0,3847330.0,15:30:01,2026-09-24
bj920161,龙辰科技,20.44,-1.02,-4.753,20.43,20.44,21.46,21.25,21.5,20.42,2354661.0,48841991.0,15:30:01,2026-09-24
bj920163,方大新材,9.62,-0.3,-3.024,9.62,9.66,9.92,9.89,9.94,9.62,402660.0,3928363.0,15:30:01,2026-09-24
bj920165,XD珈凯生,33.56,-1.1,-3.174,33.56,33.59,34.66,35.0,35.0,33.5,358862.0,12218925.0,15:30:01,2026-09-24
bj920166,海圣医疗,19.48,-0.33,-1.666,19.48,19.58,19.81,19.75,19.91,19.46,100173.0,1968395.0,15:30:01,2026-09-24
bj920167,同享科技,13.44,-0.31,-2.255,13.44,13.45,13.75,13.75,13.75,13.4,854637.0,11590281.0,15:30:01,2026-09-24
bj920168,通宝光电,15.13,-0.24,-1.561,15.13,15.2,15.37,15.49,15.49,15.12,229618.0,3497322.0,15:30:01,2026-09-24
bj920169,七丰精工,20.48,-0.58,-2.754,20.46,20.48,21.06,21.18,21.41,20.43,1191003.0,24764632.0,15:30:01,2026-09-24
bj920171,志晟信息,15.64,-0.37,-2.311,15.64,15.66,16.01,15.98,16.17,15.6,849616.0,13388420.0,15:30:01,2026-09-24
bj920174,五新智能,31.16,-0.56,-1.765,31.16,31.17,31.72,31.58,31.78,30.78,1001786.0,31194333.0,15:30:01,2026-09-24
bj920175,东方碳素,7.64,-0.05,-0.65,7.63,7.64,7.69,7.68,7.72,7.61,908001.0,6956331.0,15:30:01,2026-09-24
bj920176,维琪科技,61.23,-2.48,-3.893,61.2,61.23,63.71,63.93,65.98,60.68,1530477.0,96886593.0,15:30:01,2026-09-24
bj920177,恒道科技,22.91,-0.33,-1.42,22.91,22.96,23.24,23.27,23.27,22.86,252314.0,5790799.0,15:30:01,2026-09-24
bj920178,锐翔智能,87.56,-4.87,-5.269,87.56,87.64,92.43,91.24,92.3,87.01,1080605.0,96305588.0,15:30:01,2026-09-24
bj920179,凯德石英,57.4,-2.35,-3.933,57.39,57.4,59.75,58.98,60.24,57.4,1942456.0,113308749.0,15:30:01,2026-09-24
bj920180,爱得科技,11.74,-0.06,-0.508,11.67,11.74,11.8,11.92,11.92,11.65,270401.0,3169515.0,15:30:01,2026-09-24
bj920181,赛英电子,70.24,-3.39,-4.604,70.2,70.24,73.63,73.03,73.09,70.15,484353.0,34614018.0,15:30:01,2026-09-24
bj920183,海菲曼,28.77,-0.95,-3.197,28.77,28.82,29.72,29.63,29.63,28.77,230875.0,6729745.0,15:30:01,2026-09-24
bj920184,国源科技,11.23,-0.23,-2.007,11.23,11.24,11.46,11.46,11.55,11.2,1165055.0,13182803.0,15:30:01,2026-09-24
bj920185,贝特瑞,19.94,-0.43,-2.111,19.93,19.94,20.37,20.27,20.34,19.93,2914761.0,58484315.0,15:30:01,2026-09-24
bj920186,中科仪,70.02,-2.78,-3.819,70.01,70.02,72.8,71.96,72.28,70.02,2868766.0,203305772.0,15:30:01,2026-09-24
bj920187,通领科技,17.05,-0.28,-1.616,17.05,17.08,17.33,17.26,17.37,17.04,227573.0,3907966.0,15:30:01,2026-09-24
bj920188,悦龙科技,21.32,-0.57,-2.604,21.32,21.33,21.89,21.97,22.08,21.31,503848.0,10866836.0,15:30:01,2026-09-24
bj920189,XD康美特,20.37,-1.31,-6.042,20.37,20.38,21.68,21.6,21.6,20.25,6030653.0,125382231.0,15:30:01,2026-09-24
bj920190,雷神科技,23.4,-0.93,-3.822,23.39,23.4,24.33,24.23,24.26,23.33,3452642.0,81933691.0,15:30:01,2026-09-24
bj920191,瑞尔竞达,8.71,-0.07,-0.797,8.7,8.71,8.78,8.75,8.84,8.67,427525.0,3735915.0,15:30:01,2026-09-24
bj920193,吉和昌,29.91,-1.47,-4.685,29.91,29.92,31.38,31.08,31.31,29.72,2367012.0,71751199.0,15:30:01,2026-09-24
bj920195,三祥科技,12.68,-0.1,-0.782,12.65,12.68,12.78,12.71,12.79,12.62,261656.0,3323547.0,15:30:01,2026-09-24
bj920198,微创光电,7.92,-0.29,-3.532,7.92,7.93,8.21,8.12,8.21,7.9,2278197.0,18286889.0,15:30:01,2026-09-24
bj920199,倍益康,23.56,-0.76,-3.125,23.56,23.59,24.32,24.45,24.86,23.53,951518.0,23033576.0,15:30:01,2026-09-24
bj920200,振宏股份,33.1,3.06,10.186,33.1,33.11,30.04,30.04,33.58,29.8,6827000.0,221609748.0,15:30:01,2026-09-24
bj920201,N百瑞吉,72.35,55.58,331.425,72.35,72.36,16.77,75.0,97.0,72.0,7404159.0,608990444.0,15:30:01,2026-09-24
bj920204,沪江材料,12.93,-0.33,-2.489,12.93,12.94,13.26,13.15,13.24,12.86,434676.0,5660598.0,15:30:01,2026-09-24
bj920206,彩客科技,38.13,-1.71,-4.292,38.11,38.13,39.84,39.83,39.83,37.8,1190404.0,45915540.0,15:30:01,2026-09-24
bj920207,众诚科技,21.32,-1.26,-5.58,21.31,21.32,22.58,22.39,22.6,21.18,2713868.0,59201801.0,15:30:01,2026-09-24
bj920208,青矩技术,10.64,-0.25,-2.296,10.64,10.66,10.89,10.81,10.91,10.6,2607520.0,27933114.0,15:30:01,2026-09-24
bj920211,新睿电子,95.0,0.47,0.497,94.63,95.0,94.53,93.55,98.82,93.55,509443.0,49227675.0,15:30:01,2026-09-24
bj920212,智新电子,10.23,-0.36,-3.399,10.19,10.23,10.59,10.55,10.64,10.18,1784012.0,18408182.0,15:30:01,2026-09-24
bj920218,新天力,14.71,-0.39,-2.583,14.7,14.71,15.1,15.11,15.16,14.71,593228.0,8844607.0,15:30:01,2026-09-24
bj920220,朗信电气,40.5,-1.23,-2.948,40.47,40.5,41.73,41.33,42.5,40.5,605031.0,25113159.0,15:30:01,2026-09-24
bj920221,易实精密,12.44,-0.06,-0.48,12.44,12.45,12.5,12.4,12.55,12.35,474773.0,5896361.0,15:30:01,2026-09-24
bj920222,益坤电气,24.94,-1.31,-4.99,24.9,24.94,26.25,26.46,26.48,24.73,1087645.0,27421137.0,15:30:01,2026-09-24
bj920223,荣亿精密,13.0,-0.89,-6.407,13.0,13.04,13.89,13.82,13.85,12.87,6174502.0,81636484.0,15:30:01,2026-09-24
bj920225,利通科技,15.85,-0.94,-5.599,15.85,15.88,16.79,16.69,16.78,15.78,2794104.0,45331306.0,15:30:01,2026-09-24
bj920227,美登科技,50.39,-1.41,-2.722,50.39,50.4,51.8,51.09,52.4,49.81,961036.0,48536038.0,15:30:01,2026-09-24
bj920229,世纪数码,64.68,-27.72,-30.0,0.0,64.68,92.4,70.11,76.88,64.68,8262089.0,574268948.0,15:30:01,2026-09-24
bj920230,欧康医药,11.05,0.05,0.455,11.05,11.06,11.0,11.0,11.12,10.81,988886.0,10832220.0,15:30:01,2026-09-24
bj920237,力佳科技,10.86,-0.27,-2.426,10.86,10.89,11.13,11.11,11.16,10.85,572952.0,6267783.0,15:30:01,2026-09-24
bj920238,长鹰硬科,64.09,-2.01,-3.041,64.09,64.1,66.1,65.52,66.23,64.03,1361883.0,88286323.0,15:30:01,2026-09-24
bj920239,长虹能源,19.93,-0.38,-1.871,19.93,19.95,20.31,20.57,20.57,19.88,783819.0,15760776.0,15:30:01,2026-09-24
bj920242,建邦科技,13.73,-0.15,-1.081,13.63,13.73,13.88,13.96,13.96,13.63,151940.0,2085453.0,15:30:01,2026-09-24
bj920245,威博液压,13.4,-0.28,-2.047,13.36,13.4,13.68,13.58,13.7,13.32,394075.0,5283528.0,15:30:01,2026-09-24
bj920247,华密新材,14.52,-0.26,-1.759,14.52,14.57,14.78,14.78,15.48,14.5,3038776.0,45522899.0,15:30:01,2026-09-24
bj920249,利尔达,8.9,-0.21,-2.305,8.89,8.9,9.11,9.11,9.14,8.9,2738905.0,24617424.0,15:30:01,2026-09-24
bj920252,天宏锂电,14.35,-0.33,-2.248,14.35,14.38,14.68,14.46,14.7,14.3,824049.0,11880796.0,15:30:01,2026-09-24
bj920258,聚仁新材,10.1,-0.09,-0.883,10.09,10.1,10.19,10.2,10.26,10.09,1709690.0,17311857.0,15:30:01,2026-09-24
bj920260,中寰股份,8.2,-0.09,-1.086,8.19,8.2,8.29,8.29,8.29,8.08,327329.0,2668968.0,15:30:01,2026-09-24
bj920261,一诺威,13.27,-0.06,-0.45,13.27,13.28,13.33,13.34,13.4,13.22,690492.0,9186727.0,15:30:01,2026-09-24
bj920262,太湖雪,14.3,-0.06,-0.418,14.3,14.32,14.36,14.46,14.65,14.26,603204.0,8744261.0,15:30:01,2026-09-24
bj920263,中航泰达,6.26,-0.1,-1.572,6.2,6.26,6.36,6.31,6.4,6.17,688925.0,4307627.0,15:30:01,2026-09-24
bj920266,生物谷,7.12,-0.09,-1.248,7.11,7.12,7.21,7.22,7.25,7.08,1097540.0,7834500.0,15:30:01,2026-09-24
bj920267,鑫汇科,15.71,-0.48,-2.965,15.71,15.89,16.19,16.17,16.21,15.0,778343.0,12378470.0,15:30:01,2026-09-24
bj920268,百迈科,32.79,-3.4,-9.395,32.78,32.79,36.19,34.7,34.7,32.77,5867984.0,198154460.0,15:30:01,2026-09-24
bj920269,杰锋动力,33.93,-0.98,-2.807,33.93,33.95,34.91,35.0,35.36,33.93,1318555.0,45526359.0,15:30:01,2026-09-24
bj920270,天铭科技,11.1,-0.19,-1.683,11.09,11.1,11.29,11.3,11.3,11.07,255439.0,2855044.0,15:30:01,2026-09-24
bj920271,邦德股份,8.96,-0.17,-1.862,8.94,8.96,9.13,9.18,9.18,8.91,539973.0,4865579.0,15:30:01,2026-09-24
bj920273,一致魔芋,17.5,-0.33,-1.851,17.5,17.63,17.83,17.81,17.98,17.42,899881.0,15836901.0,15:30:01,2026-09-24
bj920274,宏裕包材,15.15,-0.29,-1.878,15.15,15.22,15.44,15.31,15.31,15.09,512095.0,7768691.0,15:30:01,2026-09-24
bj920275,驱动力,6.61,-0.04,-0.602,6.61,6.67,6.65,6.6,6.76,6.49,605923.0,4011868.0,15:30:01,2026-09-24
bj920278,鹿得医疗,6.23,-0.14,-2.198,6.23,6.25,6.37,6.48,6.48,6.23,813000.0,5127847.0,15:30:01,2026-09-24
bj920284,灵鸽科技,15.88,-0.54,-3.289,15.87,15.88,16.42,16.39,16.39,15.84,1283848.0,20593498.0,15:30:01,2026-09-24
bj920288,华大海天,18.17,-0.77,-4.065,18.17,18.18,18.94,18.6,18.96,18.08,3126160.0,57823140.0,15:30:01,2026-09-24
bj920289,华汇智能,27.5,-0.71,-2.517,27.5,27.55,28.21,27.82,28.87,27.23,3009685.0,84767005.0,15:30:01,2026-09-24
bj920298,腾信精密,87.88,-1.42,-1.59,87.88,87.89,89.3,87.01,97.2,81.28,5908087.0,528511514.0,15:30:01,2026-09-24
bj920299,灿能电力,13.69,0.0,0.0,13.69,13.7,13.69,13.71,13.79,13.58,556095.0,7594478.0,15:30:01,2026-09-24
bj920300,辰光医疗,9.61,-0.28,-2.831,9.61,9.62,9.89,9.8,9.86,9.57,752067.0,7276263.0,15:30:01,2026-09-24
bj920304,迪尔化工,8.93,-0.18,-1.976,8.93,8.98,9.11,9.11,9.14,8.93,1108964.0,9978996.0,15:30:01,2026-09-24
bj920339,恒太照明,10.56,-0.23,-2.132,10.53,10.56,10.79,10.77,10.82,10.52,498645.0,5337731.0,15:30:01,2026-09-24
bj920344,三元基因,21.85,0.7,3.31,21.85,21.87,21.15,21.17,23.32,21.0,5711066.0,126570683.0,15:30:01,2026-09-24
bj920346,威贸电子,15.77,-0.53,-3.252,15.77,15.85,16.3,17.17,17.4,15.65,3319688.0,53849775.0,15:30:01,2026-09-24
bj920351,华光源海,13.1,0.28,2.184,13.08,13.1,12.82,12.82,13.46,12.51,1986525.0,25667762.0,15:30:01,2026-09-24
bj920357,雅葆轩,15.31,-0.88,-5.435,15.31,15.32,16.19,16.35,16.35,15.2,2670162.0,41613471.0,15:30:01,2026-09-24
bj920363,莱赛激光,9.85,-0.17,-1.697,9.84,9.87,10.02,10.05,10.19,9.81,985780.0,9808747.0,15:30:01,2026-09-24
bj920367,新赣江,26.51,-1.08,-3.914,26.5,26.51,27.59,27.21,27.99,26.5,3562221.0,96394213.0,15:30:01,2026-09-24
bj920368,连城数控,23.19,-0.57,-2.399,23.17,23.19,23.76,23.73,23.74,23.02,3228735.0,75246917.0,15:30:01,2026-09-24
bj920370,新安洁,2.9,0.0,0.0,2.88,2.9,2.9,2.91,2.95,2.87,1431942.0,4156077.0,15:30:01,2026-09-24
bj920371,欧福蛋业,7.22,-0.23,-3.087,7.22,7.23,7.45,7.49,7.51,7.2,2898410.0,21208382.0,15:30:01,2026-09-24
bj920374,云里物里,14.87,-0.42,-2.747,14.86,14.87,15.29,15.28,15.28,14.8,418925.0,6261109.0,15:30:01,2026-09-24
bj920375,派诺科技,6.31,-0.1,-1.56,6.31,6.32,6.41,6.41,6.47,6.29,1028515.0,6520012.0,15:30:01,2026-09-24
bj920378,泰德股份,7.06,0.01,0.142,7.01,7.06,7.05,7.01,7.1,6.97,382952.0,2702358.0,15:30:01,2026-09-24
bj920392,佳合科技,13.48,-0.37,-2.671,13.44,13.48,13.85,13.85,13.85,13.36,571785.0,7720376.0,15:30:01,2026-09-24
bj920394,民士达,49.72,-1.21,-2.376,49.7,49.72,50.93,50.43,50.95,49.52,945598.0,47266096.0,15:30:01,2026-09-24
bj920395,朗鸿科技,6.66,-0.06,-0.893,6.66,6.67,6.72,6.72,6.75,6.61,409142.0,2729810.0,15:30:01,2026-09-24
bj920396,常辅股份,17.94,-0.37,-2.021,17.93,17.94,18.31,18.3,18.38,17.9,585011.0,10594122.0,15:30:01,2026-09-24
bj920402,硅烷科技,8.28,-0.14,-1.663,8.28,8.29,8.42,8.46,8.47,8.28,3209253.0,26759383.0,15:30:01,2026-09-24
bj920403,康农种业,19.66,-0.64,-3.153,19.65,19.66,20.3,20.28,20.73,19.58,2776748.0,55273546.0,15:30:01,2026-09-24
bj920405,海希通讯,16.4,-0.16,-0.966,16.38,16.4,16.56,16.5,16.69,16.22,606385.0,9987909.0,15:30:01,2026-09-24
bj920407,驰诚股份,10.58,-0.25,-2.308,10.53,10.58,10.83,10.75,10.83,10.45,550361.0,5832180.0,15:30:01,2026-09-24
bj920414,欧普泰,7.85,-0.1,-1.258,7.85,7.87,7.95,7.95,8.02,7.82,803736.0,6347026.0,15:30:01,2026-09-24
bj920415,恒拓开源,8.75,-0.19,-2.125,8.7,8.75,8.94,8.91,8.93,8.66,1180289.0,10347817.0,15:30:01,2026-09-24
bj920418,苏轴股份,17.97,0.3,1.698,17.97,17.98,17.67,17.67,18.55,17.53,3265832.0,59373340.0,15:30:01,2026-09-24
bj920419,路斯股份,10.8,-0.1,-0.917,10.8,10.81,10.9,11.0,11.02,10.8,591775.0,6424357.0,15:30:01,2026-09-24
bj920422,润普食品,9.26,-0.15,-1.594,9.26,9.28,9.41,9.41,9.51,9.26,554704.0,5181590.0,15:30:01,2026-09-24
bj920425,乐创技术,14.06,-0.2,-1.403,14.06,14.07,14.26,14.26,14.26,13.96,1132778.0,15935480.0,15:30:01,2026-09-24
bj920427,华维设计,10.3,-1.52,-12.86,10.3,10.32,11.82,11.59,11.6,10.03,13119830.0,140937389.0,15:30:01,2026-09-24
bj920429,康比特,10.38,-0.21,-1.983,10.35,10.38,10.59,10.51,10.59,10.28,943064.0,9867891.0,15:30:01,2026-09-24
bj920433,大唐药业,4.67,-0.07,-1.477,4.67,4.68,4.74,4.7,4.75,4.65,793060.0,3716446.0,15:30:01,2026-09-24
bj920436,大地电气,10.68,-0.22,-2.018,10.68,10.74,10.9,10.98,10.98,10.65,626669.0,6739145.0,15:30:01,2026-09-24
bj920438,戈碧迦,117.31,-3.65,-3.018,117.31,117.34,120.96,118.52,121.6,114.6,4932446.0,583497399.0,15:30:01,2026-09-24
bj920445,龙竹科技,8.03,0.93,13.099,8.02,8.03,7.1,7.11,8.8,6.96,8887504.0,68420656.0,15:30:01,2026-09-24
bj920454,同心传动,11.47,0.0,0.0,11.43,11.47,11.47,11.44,11.58,11.35,306537.0,3514288.0,15:30:01,2026-09-24
bj920455,汇隆活塞,6.58,0.01,0.152,6.53,6.58,6.57,6.52,6.6,6.43,585590.0,3819423.0,15:30:01,2026-09-24
bj920469,富恒新材,5.79,-0.06,-1.026,5.78,5.79,5.85,5.94,5.94,5.58,2338121.0,13343294.0,15:30:01,2026-09-24
bj920471,美邦科技,11.32,-0.36,-3.082,11.31,11.32,11.68,11.69,11.78,11.32,679082.0,7808298.0,15:30:01,2026-09-24
bj920475,三友科技,11.37,-0.15,-1.302,11.37,11.42,11.52,11.52,11.53,11.33,189469.0,2158057.0,15:30:01,2026-09-24
bj920476,海能技术,22.95,-0.68,-2.878,22.95,23.05,23.63,23.8,23.82,22.75,890310.0,20691406.0,15:30:01,2026-09-24
bj920478,峆一药业,11.37,-0.17,-1.473,11.35,11.37,11.54,11.5,12.01,11.18,9594726.0,110643130.0,15:30:01,2026-09-24
bj920489,佳先股份,12.46,-0.36,-2.808,12.46,12.49,12.82,12.82,12.86,12.37,1871427.0,23534431.0,15:30:01,2026-09-24
bj920491,奥迪威,21.59,-0.56,-2.528,21.59,21.6,22.15,22.37,22.37,21.5,1361562.0,29732230.0,15:30:01,2026-09-24
bj920493,并行科技,110.68,-4.47,-3.882,110.67,110.68,115.15,116.0,116.0,110.68,911234.0,102845217.0,15:30:01,2026-09-24
bj920496,许昌智能,6.41,-0.05,-0.774,6.37,6.41,6.46,6.46,6.51,6.33,1253316.0,8036796.0,15:30:01,2026-09-24
bj920504,博迅生物,18.15,-0.41,-2.209,18.15,18.25,18.56,18.58,18.68,18.06,237054.0,4326582.0,15:30:01,2026-09-24
bj920505,九菱科技,27.32,0.63,2.36,27.32,27.33,26.69,27.13,28.0,26.21,1472880.0,40140690.0,15:30:01,2026-09-24
bj920508,殷图网联,14.5,-0.3,-2.027,14.47,14.5,14.8,14.77,14.77,14.4,310408.0,4503101.0,15:30:01,2026-09-24
bj920509,同惠电子,24.93,1.33,5.636,24.93,24.94,23.6,23.48,26.0,23.27,10411419.0,259370287.0,15:30:01,2026-09-24
bj920510,丰光精密,21.01,0.74,3.651,21.01,21.02,20.27,20.4,21.83,20.22,9510231.0,200569162.0,15:30:01,2026-09-24
bj920519,XD万德股,11.1,0.09,0.817,11.1,11.11,11.01,11.01,11.15,10.52,3131995.0,34135887.0,15:30:01,2026-09-24
bj920522,纳科诺尔,17.25,-0.36,-2.044,17.24,17.25,17.61,17.43,17.69,17.12,2736114.0,47446956.0,15:30:01,2026-09-24
bj920523,德瑞锂电,14.55,-0.28,-1.888,14.55,14.56,14.83,14.9,14.9,14.46,473922.0,6923503.0,15:30:01,2026-09-24
bj920526,凯华材料,22.69,-0.82,-3.488,22.68,22.69,23.51,23.39,23.8,22.45,5721007.0,130800425.0,15:30:01,2026-09-24
bj920527,夜光明,14.93,-0.66,-4.233,14.93,14.94,15.59,15.55,15.69,14.93,866813.0,13160160.0,15:30:01,2026-09-24
bj920533,骏创科技,16.49,-0.12,-0.722,16.49,16.51,16.61,16.42,16.87,16.41,1626858.0,27134157.0,15:30:01,2026-09-24
bj920541,铁大科技,9.44,-0.14,-1.461,9.43,9.44,9.58,9.57,9.6,9.42,290578.0,2755056.0,15:30:01,2026-09-24
bj920547,无锡晶海,18.72,-0.33,-1.732,18.72,18.8,19.05,19.2,19.3,18.71,382359.0,7263578.0,15:30:01,2026-09-24
bj920553,凯腾精工,6.72,-0.08,-1.176,6.7,6.72,6.8,6.78,6.83,6.67,465749.0,3142111.0,15:30:01,2026-09-24
bj920556,雅达股份,6.55,-0.13,-1.946,6.55,6.57,6.68,6.64,6.68,6.54,624908.0,4111006.0,15:30:01,2026-09-24
bj920564,天润科技,13.76,-0.25,-1.784,13.76,13.77,14.01,13.9,14.29,13.64,948548.0,13167783.0,15:30:01,2026-09-24
bj920566,梓橦宫,9.24,-0.23,-2.429,9.24,9.25,9.47,9.47,9.51,9.23,798054.0,7443797.0,15:30:01,2026-09-24
bj920570,坤博精工,24.9,-0.44,-1.736,24.88,24.9,25.34,25.12,25.27,24.53,416445.0,10326520.0,15:30:01,2026-09-24
bj920571,国航远洋,9.53,0.69,7.805,9.53,9.54,8.84,8.82,10.0,8.77,33753188.0,312454440.0,15:30:01,2026-09-24
bj920575,*ST康乐,5.11,-0.28,-5.195,5.1,5.11,5.39,5.25,5.32,5.09,3450695.0,17862549.0,15:30:01,2026-09-24
bj920576,天力复合,38.15,-0.12,-0.314,38.15,38.16,38.27,38.13,39.29,37.61,1663102.0,64124457.0,15:30:01,2026-09-24
bj920578,巨能股份,17.35,-0.07,-0.402,17.35,17.36,17.42,17.43,18.26,17.22,1321246.0,23447842.0,15:30:01,2026-09-24
bj920579,机科股份,13.9,-0.26,-1.836,13.85,13.9,14.16,14.1,14.25,13.81,458509.0,6407576.0,15:30:01,2026-09-24
bj920580,科创新材,10.94,-0.25,-2.234,10.9,10.94,11.19,11.08,11.16,10.84,1179986.0,12919012.0,15:30:01,2026-09-24
bj920592,华信永道,26.28,-1.27,-4.61,26.28,26.29,27.55,27.17,27.41,26.2,4214217.0,112890601.0,15:30:01,2026-09-24
bj920593,鼎智科技,23.33,-0.05,-0.214,23.32,23.33,23.38,23.4,23.9,23.28,1716345.0,40446337.0,15:30:01,2026-09-24
bj920599,同力股份,17.28,-0.22,-1.257,17.28,17.29,17.5,17.44,17.5,17.19,1666054.0,28762610.0,15:30:01,2026-09-24
bj920608,丰安股份,13.61,-0.23,-1.662,13.6,13.61,13.84,13.85,13.96,13.56,311518.0,4272731.0,15:30:01,2026-09-24
bj920627,力王股份,13.13,-0.29,-2.161,13.13,13.14,13.42,13.49,13.49,13.13,407892.0,5399165.0,15:30:01,2026-09-24
bj920634,新威凌,15.54,-0.4,-2.509,15.53,15.54,15.94,15.81,15.94,15.52,575672.0,9000264.0,15:30:01,2026-09-24
bj920639,晨光电缆,5.96,-0.07,-1.161,5.95,5.96,6.03,6.04,6.04,5.91,906977.0,5401483.0,15:30:01,2026-09-24
bj920640,富士达,27.8,0.34,1.238,27.78,27.8,27.46,26.9,28.49,26.8,6191475.0,171993987.0,15:30:01,2026-09-24
bj920641,格利尔,13.05,-0.26,-1.953,12.95,13.05,13.31,13.3,13.48,12.9,624309.0,8198212.0,15:30:01,2026-09-24
bj920642,通易航天,9.74,-0.17,-1.715,9.73,9.74,9.91,9.98,10.01,9.73,1015727.0,9991322.0,15:30:01,2026-09-24
bj920651,天罡股份,19.6,0.04,0.204,19.6,19.64,19.56,19.58,19.68,18.92,760512.0,14701889.0,15:30:01,2026-09-24
bj920656,海昇药业,14.61,-0.38,-2.535,14.58,14.61,14.99,14.94,15.14,14.56,376781.0,5543364.0,15:30:01,2026-09-24
bj920662,方盛股份,18.37,-0.68,-3.57,18.36,18.37,19.05,19.05,19.19,18.34,924425.0,17223505.0,15:30:01,2026-09-24
bj920663,明阳科技,12.15,-0.29,-2.331,12.14,12.21,12.44,12.42,12.45,12.12,348446.0,4267079.0,15:30:01,2026-09-24
bj920665,科强股份,8.47,-0.08,-0.936,8.46,8.47,8.55,8.49,8.88,8.38,1281897.0,10967521.0,15:30:01,2026-09-24
bj920670,数字人,12.38,-0.15,-1.197,12.34,12.38,12.53,12.5,12.62,12.29,796506.0,9891400.0,15:30:01,2026-09-24
bj920675,秉扬科技,7.36,-0.07,-0.942,7.35,7.36,7.43,7.43,7.47,7.31,482033.0,3551544.0,15:30:01,2026-09-24
bj920679,前进科技,15.25,-0.29,-1.866,15.13,15.25,15.54,15.44,15.45,15.1,170763.0,2602376.0,15:30:01,2026-09-24
bj920682,球冠电缆,5.77,-0.06,-1.029,5.76,5.77,5.83,5.83,5.85,5.72,976576.0,5634685.0,15:30:01,2026-09-24
bj920685,新芝生物,12.53,-0.25,-1.956,12.44,12.53,12.78,12.78,12.9,12.41,1760938.0,22194320.0,15:30:01,2026-09-24
bj920689,克莱特,19.61,-0.17,-0.859,19.6,19.61,19.78,19.84,19.84,19.55,263775.0,5182327.0,15:30:01,2026-09-24
bj920690,捷众科技,15.55,-0.13,-0.829,15.55,15.56,15.68,15.68,15.93,15.42,544897.0,8530842.0,15:30:01,2026-09-24
bj920693,阿为特,23.65,-0.94,-3.823,23.64,23.65,24.59,24.32,24.48,23.51,585251.0,14000678.0,15:30:01,2026-09-24
bj920694,中裕科技,16.3,-0.36,-2.161,16.16,16.3,16.66,16.66,16.66,16.15,522713.0,8506350.0,15:30:01,2026-09-24
bj920699,海达尔,66.18,-1.37,-2.028,66.18,66.23,67.55,67.12,68.03,65.3,461690.0,30607496.0,15:30:01,2026-09-24
bj920701,豪声电子,10.7,-0.34,-3.08,10.7,10.8,11.04,11.02,11.05,10.66,902913.0,9782412.0,15:30:01,2026-09-24
bj920703,广厦环能,9.53,-0.06,-0.626,9.53,9.54,9.59,9.53,9.66,9.46,291358.0,2784608.0,15:30:01,2026-09-24
bj920706,铁拓机械,18.01,2.92,19.351,18.0,18.01,15.09,14.94,19.19,14.9,7723588.0,129510860.0,15:30:01,2026-09-24
bj920717,瑞星股份,6.76,-0.01,-0.148,6.71,6.76,6.77,6.76,6.84,6.69,528240.0,3559280.0,15:30:01,2026-09-24
bj920718,合肥高科,10.3,-0.21,-1.998,10.25,10.3,10.51,10.48,10.54,10.26,776013.0,8040696.0,15:30:01,2026-09-24
bj920719,宁新新材,6.97,-0.06,-0.853,6.97,6.99,7.03,6.97,7.03,6.91,845468.0,5897039.0,15:30:01,2026-09-24
bj920720,吉冈精密,7.81,-0.18,-2.253,7.81,7.88,7.99,8.01,8.01,7.77,1340475.0,10584628.0,15:30:01,2026-09-24
bj920725,惠丰钻石,91.62,-2.66,-2.821,91.62,91.79,94.28,93.8,95.1,90.63,4060114.0,376232608.0,15:30:01,2026-09-24
bj920726,朱老六,15.05,-0.41,-2.652,15.05,15.09,15.46,15.46,15.6,14.98,1587008.0,24121418.0,15:30:01,2026-09-24
bj920729,永顺生物,6.55,-0.26,-3.818,6.53,6.55,6.81,6.83,6.83,6.55,1295609.0,8658863.0,15:30:01,2026-09-24
bj920735,德源药业,25.42,-0.73,-2.792,25.42,25.45,26.15,25.95,26.3,25.42,1944266.0,50049556.0,15:30:01,2026-09-24
bj920748,路桥信息,36.5,8.42,29.986,36.5,0.0,28.08,28.0,36.5,26.93,7367694.0,241390812.0,15:30:01,2026-09-24
bj920751,惠同新材,15.0,-0.01,-0.067,14.97,15.0,15.01,14.91,15.07,14.85,389974.0,5822127.0,15:30:01,2026-09-24
bj920753,天纺标,15.09,0.0,0.0,15.06,15.09,15.09,15.09,15.37,14.99,515775.0,7830168.0,15:30:01,2026-09-24
bj920765,美之高,11.42,-0.24,-2.058,11.36,11.42,11.66,11.57,11.64,11.31,550593.0,6307699.0,15:30:01,2026-09-24
bj920768,拾比佰,7.17,-0.08,-1.103,7.15,7.17,7.25,7.22,7.26,7.12,449917.0,3219454.0,15:30:01,2026-09-24
bj920770,艾能聚,10.1,-0.29,-2.791,10.1,10.11,10.39,10.39,10.41,10.06,1846062.0,18848410.0,15:30:01,2026-09-24
bj920779,武汉蓝电,22.23,-0.55,-2.414,22.23,22.32,22.78,22.7,22.83,22.1,436623.0,9771182.0,15:30:01,2026-09-24
bj920781,瑞奇智造,5.61,-0.12,-2.094,5.6,5.61,5.73,5.69,5.69,5.59,753932.0,4249219.0,15:30:01,2026-09-24
bj920786,骑士乳业,7.15,-0.25,-3.378,7.15,7.16,7.4,7.41,7.51,7.06,8675272.0,62714866.0,15:30:01,2026-09-24
bj920790,联迪信息,22.86,-0.29,-1.253,22.86,22.89,23.15,22.95,23.28,22.63,1274703.0,29119497.0,15:30:01,2026-09-24
bj920792,东和新材,9.41,0.0,0.0,9.34,9.41,9.41,9.47,9.47,9.24,238856.0,2225406.0,15:30:01,2026-09-24
bj920799,艾融软件,31.4,-0.9,-2.786,31.39,31.4,32.3,32.2,32.62,31.38,2367987.0,75221672.0,15:30:01,2026-09-24
bj920802,保丽洁,10.8,-0.06,-0.552,10.68,10.8,10.86,10.88,10.88,10.52,332272.0,3546997.0,15:30:01,2026-09-24
bj920806,云星宇,9.95,-0.18,-1.777,9.94,9.95,10.13,10.17,10.24,9.91,1404372.0,14096341.0,15:30:01,2026-09-24
bj920807,奔朗新材,9.51,0.01,0.105,9.5,9.51,9.5,9.68,9.68,9.31,3908912.0,37053856.0,15:30:01,2026-09-24
bj920808,曙光数创,58.13,-1.14,-1.923,58.12,58.13,59.27,58.82,59.44,58.0,1261464.0,73660171.0,15:30:01,2026-09-24
bj920809,安达科技,6.73,-0.21,-3.026,6.73,6.74,6.94,6.96,6.99,6.71,6389932.0,43493404.0,15:30:01,2026-09-24
bj920810,春光智能,8.6,-0.05,-0.578,8.51,8.6,8.65,8.58,8.67,8.29,670535.0,5687537.0,15:30:01,2026-09-24
bj920819,颖泰生物,3.06,0.01,0.328,3.06,3.07,3.05,3.04,3.18,2.99,7851498.0,24191351.0,15:30:01,2026-09-24
bj920821,则成电子,20.93,-1.72,-7.594,20.93,20.95,22.65,22.26,22.5,20.38,7495672.0,158735415.0,15:30:01,2026-09-24
bj920826,盖世食品,8.53,-0.09,-1.044,8.53,8.55,8.62,8.62,8.68,8.45,1608987.0,13739347.0,15:30:01,2026-09-24
bj920832,齐鲁华信,6.48,-0.1,-1.52,6.48,6.54,6.58,6.53,6.59,6.4,815541.0,5298631.0,15:30:01,2026-09-24
bj920833,美心翼申,9.62,-0.19,-1.937,9.62,9.66,9.81,9.81,9.87,9.62,382071.0,3716594.0,15:30:01,2026-09-24
bj920834,三维装备,8.85,-0.18,-1.993,8.85,8.86,9.03,9.05,9.07,8.85,495925.0,4429087.0,15:30:01,2026-09-24
bj920837,华原股份,10.16,-0.14,-1.359,10.15,10.16,10.3,10.23,10.5,10.11,1262058.0,12929770.0,15:30:01,2026-09-24
bj920839,万通液压,23.37,-0.67,-2.787,23.37,23.39,24.04,23.97,23.97,23.24,437947.0,10303775.0,15:30:01,2026-09-24
bj920855,浙江大农,12.98,-0.16,-1.218,12.97,12.98,13.14,13.13,13.3,12.92,748420.0,9775449.0,15:30:01,2026-09-24
bj920856,浩淼科技,11.37,-0.43,-3.644,11.3,11.37,11.8,11.86,11.86,11.18,928316.0,10587333.0,15:30:01,2026-09-24
bj920857,泓禧科技,16.52,-1.43,-7.967,16.52,16.55,17.95,18.0,18.0,16.5,1361065.0,23046778.0,15:30:01,2026-09-24
bj920866,绿亨科技,6.25,-0.13,-2.038,6.25,6.29,6.38,6.45,6.45,6.22,1822129.0,11471019.0,15:30:01,2026-09-24
bj920870,恒进感应,11.59,0.02,0.173,11.52,11.59,11.57,11.57,11.75,11.27,440033.0,5031439.0,15:30:01,2026-09-24
bj920871,派特尔,11.45,0.23,2.05,11.41,11.45,11.22,11.13,12.28,11.13,1956957.0,22549559.0,15:30:01,2026-09-24
bj920873,中设咨询,7.47,-0.69,-8.456,7.47,7.48,8.16,8.09,8.3,7.34,9009044.0,69233578.0,15:30:01,2026-09-24
bj920876,慧为智能,16.15,-0.5,-3.003,16.15,16.17,16.65,16.53,16.87,16.11,911296.0,14922940.0,15:30:01,2026-09-24
bj920879,基康技术,12.33,-0.19,-1.518,12.33,12.34,12.52,12.44,12.66,12.25,726342.0,9008558.0,15:30:01,2026-09-24
bj920885,星辰科技,12.26,-0.21,-1.684,12.25,12.26,12.47,12.51,12.62,12.21,1730839.0,21410382.0,15:30:01,2026-09-24
bj920892,广咨国际,11.97,-0.04,-0.333,11.91,11.97,12.01,11.65,12.1,11.6,2901015.0,34269098.0,15:30:01,2026-09-24
bj920895,花溪科技,22.85,0.43,1.918,22.85,22.87,22.42,22.68,24.48,21.76,6756799.0,155825765.0,15:30:01,2026-09-24
bj920896,旺成科技,12.13,-0.41,-3.27,12.13,12.14,12.54,12.72,12.72,12.08,696467.0,8576669.0,15:30:01,2026-09-24
bj920906,舜宇精工,15.08,-0.21,-1.373,15.07,15.08,15.29,15.21,15.36,15.01,234944.0,3565040.0,15:30:01,2026-09-24
bj920914,远航精密,16.35,-0.5,-2.967,16.35,16.36,16.85,16.82,16.85,16.2,701625.0,11568030.0,15:30:01,2026-09-24
bj920924,广脉科技,14.63,-0.39,-2.597,14.63,14.64,15.02,15.09,15.09,14.61,1133930.0,16833899.0,15:30:01,2026-09-24
bj920925,锦好医疗,11.16,-0.12,-1.064,11.16,11.19,11.28,11.28,11.35,11.13,410239.0,4600715.0,15:30:01,2026-09-24
bj920926,鸿智科技,9.83,-0.27,-2.673,9.83,9.88,10.1,10.3,10.3,9.8,529404.0,5269825.0,15:30:01,2026-09-24
bj920931,无锡鼎邦,9.82,-0.2,-1.996,9.81,9.82,10.02,10.02,10.07,9.82,334519.0,3314180.0,15:30:01,2026-09-24
bj920932,科达自控,10.3,-0.15,-1.435,10.28,10.3,10.45,10.45,10.48,10.16,718569.0,7381338.0,15:30:01,2026-09-24
bj920942,恒立钻具,17.37,0.14,0.813,17.37,17.38,17.23,17.19,17.42,16.81,796838.0,13668925.0,15:30:01,2026-09-24
bj920943,优机股份,14.36,-0.25,-1.711,14.36,14.38,14.61,14.71,14.71,14.29,650282.0,9390868.0,15:30:01,2026-09-24
bj920946,森萱医药,10.29,-0.36,-3.38,10.28,10.29,10.65,10.6,10.69,10.28,4523770.0,47166210.0,15:30:01,2026-09-24
bj920950,迅安科技,12.93,-0.23,-1.748,12.92,12.99,13.16,13.28,13.28,12.9,117272.0,1529307.0,15:30:01,2026-09-24
bj920953,国子软件,22.5,-0.86,-3.682,22.5,22.52,23.36,23.36,23.38,22.5,1023277.0,23288707.0,15:30:01,2026-09-24
bj920957,汉维科技,9.59,-0.18,-1.842,9.58,9.59,9.77,9.7,9.82,9.59,598442.0,5783190.0,15:30:01,2026-09-24
bj920961,创远信科,26.0,0.88,3.503,26.0,26.01,25.12,25.66,27.97,25.65,15930791.0,422405606.0,15:30:01,2026-09-24
bj920964,润农节水,4.72,-0.12,-2.479,4.71,4.72,4.84,4.85,4.85,4.72,2208749.0,10538919.0,15:30:01,2026-09-24
bj920970,大禹生物,6.28,-0.05,-0.79,6.28,6.3,6.33,6.32,6.38,6.23,2361075.0,14861932.0,15:30:01,2026-09-24
bj920971,天马新材,28.67,-0.15,-0.52,28.65,28.67,28.82,29.37,30.99,28.23,6971762.0,207417690.0,15:30:01,2026-09-24
bj920974,凯大催化,6.24,-0.01,-0.16,6.21,6.24,6.25,6.2,6.26,6.15,578247.0,3583077.0,15:30:01,2026-09-24
bj920976,视声智能,21.65,-0.38,-1.725,21.56,21.65,22.03,22.1,22.25,21.4,524653.0,11343044.0,15:30:01,2026-09-24
bj920978,开特股份,17.2,-0.23,-1.32,17.2,17.25,17.43,17.42,17.42,17.16,915402.0,15809967.0,15:30:01,2026-09-24
bj920981,晶赛科技,30.53,-1.52,-4.743,30.52,30.53,32.05,31.61,32.58,30.5,2403571.0,75064838.0,15:30:01,2026-09-24
bj920982,锦波生物,123.4,2.06,1.698,123.3,123.4,121.34,121.0,129.3,120.0,1818737.0,228644047.0,15:30:01,2026-09-24
bj920985,海泰新能,4.55,-0.05,-1.087,4.54,4.55,4.6,4.6,4.61,4.49,1557346.0,7071395.0,15:30:01,2026-09-24
bj920992,中科美菱,12.98,0.21,1.644,12.97,12.98,12.77,13.1,13.17,12.6,3561487.0,45868979.0,15:30:01,2026-09-24
sh600000,浦发银行,9.0,0.02,0.223,9.0,9.01,8.98,8.99,9.05,8.97,52836397.0,475964884.0,15:34:59,2026-09-24
sh600004,白云机场,7.58,-0.05,-0.655,7.58,7.59,7.63,7.62,7.65,7.54,8468400.0,64226273.0,15:00:02,2026-09-24
sh600006,东风股份,5.49,0.15,2.809,5.49,5.5,5.34,5.4,5.68,5.39,61604880.0,340963604.0,15:34:59,2026-09-24
sh600007,中国国贸,19.8,-0.06,-0.302,19.8,19.81,19.86,19.85,20.0,19.73,1353700.0,26881900.0,15:00:00,2026-09-24
sh600008,首创环保,2.71,-0.02,-0.733,2.7,2.71,2.73,2.73,2.74,2.7,50850016.0,138002777.0,15:34:59,2026-09-24
sh600009,上海机场,22.46,-0.29,-1.275,22.46,22.47,22.75,22.75,22.78,22.42,6951132.0,156765798.0,15:34:59,2026-09-24
sh600010,包钢股份,2.09,-0.03,-1.415,2.08,2.09,2.12,2.11,2.11,2.08,273690319.0,572644925.0,15:34:59,2026-09-24
sh600011,华能国际,6.74,-0.02,-0.296,6.74,6.75,6.76,6.76,6.79,6.73,35724127.0,241434285.0,15:34:59,2026-09-24
sh600012,皖通高速,15.54,0.11,0.713,15.53,15.54,15.43,15.36,15.61,15.36,3231973.0,50184654.0,15:34:59,2026-09-24
sh600015,华夏银行,6.23,0.0,0.0,6.23,6.24,6.23,6.23,6.27,6.22,51077363.0,318881981.0,15:34:59,2026-09-24
sh600016,民生银行,3.46,-0.01,-0.288,3.46,3.47,3.47,3.47,3.5,3.46,184873250.0,642277080.0,15:34:59,2026-09-24
sh600017,日照港,2.79,0.0,0.0,2.79,2.8,2.79,2.8,2.82,2.77,27131096.0,75772481.0,15:00:00,2026-09-24
sh600018,上港集团,5.36,-0.02,-0.372,5.36,5.37,5.38,5.39,5.41,5.36,38396823.0,206823119.0,15:34:59,2026-09-24
sh600019,宝钢股份,5.84,0.09,1.565,5.83,5.84,5.75,5.74,5.86,5.72,97540061.0,566314659.0,15:34:59,2026-09-24
sh600020,中原高速,3.85,0.01,0.26,3.85,3.86,3.84,3.83,3.89,3.82,13499300.0,52046208.0,15:00:00,2026-09-24
sh600021,上海电力,13.08,-0.24,-1.802,13.08,13.09,13.32,13.32,13.32,13.05,20909500.0,274744973.0,15:34:59,2026-09-24
sh600022,山东钢铁,1.28,-0.03,-2.29,1.28,1.29,1.31,1.31,1.31,1.22,137506535.0,176964163.0,15:34:59,2026-09-24
sh600023,浙能电力,5.14,0.06,1.181,5.13,5.14,5.08,5.08,5.16,5.06,56598650.0,289972367.0,15:34:59,2026-09-24
sh600025,华能水电,9.75,0.15,1.563,9.75,9.76,9.6,9.6,9.8,9.57,32979540.0,319837621.0,15:34:59,2026-09-24
sh600026,中远海能,21.4,0.32,1.518,21.39,21.4,21.08,21.25,21.63,21.05,55068802.0,1180424485.0,15:34:59,2026-09-24
sh600027,华电国际,4.83,0.03,0.625,4.83,4.84,4.8,4.81,4.87,4.76,67650219.0,327444239.0,15:34:59,2026-09-24
sh600028,中国石化,5.32,0.03,0.567,5.32,5.33,5.29,5.3,5.35,5.27,173130953.0,921185021.0,15:34:59,2026-09-24
sh600029,南方航空,4.86,-0.11,-2.213,4.86,4.87,4.97,4.95,4.95,4.85,48819315.0,238600402.0,15:34:59,2026-09-24
sh600030,中信证券,26.29,-0.5,-1.866,26.28,26.29,26.79,26.75,26.75,26.25,71251428.0,1880840763.0,15:34:59,2026-09-24
sh600031,三一重工,17.2,-0.31,-1.77,17.2,17.21,17.51,17.53,17.57,17.17,66831032.0,1155570212.0,15:34:59,2026-09-24
sh600032,浙江新能,6.75,-0.02,-0.295,6.75,6.76,6.77,6.74,6.8,6.71,10672800.0,72183610.0,15:34:59,2026-09-24
sh600033,福建高速,3.73,0.1,2.755,3.72,3.73,3.63,3.62,3.73,3.62,48365714.0,178421507.0,15:34:59,2026-09-24
sh600035,楚天高速,3.65,0.01,0.275,3.65,3.66,3.64,3.63,3.68,3.62,10665391.0,38937996.0,15:00:00,2026-09-24
sh600036,招商银行,40.69,0.09,0.222,40.69,40.7,40.6,40.6,41.14,40.58,50352355.0,2057945516.0,15:34:59,2026-09-24
sh600037,歌华有线,7.07,0.0,0.0,7.06,7.07,7.07,7.07,7.15,7.02,13933815.0,98810036.0,15:00:00,2026-09-24
sh600038,中直股份,26.83,-0.28,-1.033,26.82,26.83,27.11,27.13,27.13,26.75,3184900.0,85647139.0,15:34:59,2026-09-24
sh600039,四川路桥,8.61,-0.05,-0.577,8.61,8.62,8.66,8.6,8.74,8.56,19002602.0,164020897.0,15:34:59,2026-09-24
sh600048,保利发展,5.56,-0.08,-1.418,5.56,5.57,5.64,5.64,5.69,5.52,197419879.0,1103752489.0,15:34:59,2026-09-24
sh600050,中国联通,4.15,-0.02,-0.48,4.14,4.15,4.17,4.17,4.17,4.13,101195329.0,419673943.0,15:34:59,2026-09-24
sh600051,宁波联合,6.22,-0.01,-0.161,6.22,6.23,6.23,6.24,6.31,6.19,3412300.0,21359127.0,15:00:01,2026-09-24
sh600052,东望时代,3.64,0.02,0.552,3.63,3.64,3.62,3.63,3.67,3.6,7849300.0,28514241.0,15:00:00,2026-09-24
sh600053,*ST九鼎,7.26,-0.17,-2.288,7.24,7.26,7.43,7.44,7.49,7.19,3316200.0,24170613.0,15:00:01,2026-09-24
sh600054,黄山旅游,10.64,-0.13,-1.207,10.64,10.65,10.77,10.75,10.75,10.63,3944698.0,42077683.0,15:34:59,2026-09-24
sh600055,万东医疗,10.52,-0.06,-0.567,10.51,10.52,10.58,10.52,10.78,10.47,4937376.0,52364126.0,15:00:00,2026-09-24
sh600056,中国医药,8.86,-0.1,-1.116,8.86,8.87,8.96,8.96,9.0,8.83,7488255.0,66493091.0,15:00:02,2026-09-24
sh600057,厦门象屿,6.1,0.04,0.66,6.09,6.1,6.06,6.04,6.16,5.98,19125697.0,116179128.0,15:00:00,2026-09-24
sh600058,五矿发展,8.83,-0.35,-3.813,8.83,8.84,9.18,9.2,9.24,8.82,11547225.0,103377081.0,15:00:02,2026-09-24
sh600059,古越龙山,11.0,-0.33,-2.913,11.0,11.01,11.33,11.4,11.62,10.75,102452624.0,1141656884.0,15:34:59,2026-09-24
sh600060,海信视像,27.1,-0.14,-0.514,27.09,27.1,27.24,27.1,27.8,26.95,6765201.0,185223145.0,15:00:00,2026-09-24
sh600061,国投资本,6.19,-0.11,-1.746,6.19,6.2,6.3,6.3,6.3,6.18,24080028.0,149952523.0,15:00:01,2026-09-24
sh600062,华润双鹤,16.05,0.02,0.125,16.04,16.05,16.03,16.02,16.11,15.94,5035996.0,80678102.0,15:00:00,2026-09-24
sh600063,皖维高新,5.54,-0.17,-2.977,5.54,5.55,5.71,5.67,5.67,5.53,33631440.0,187907965.0,15:34:59,2026-09-24
sh600064,南京高科,7.62,-0.08,-1.039,7.62,7.63,7.7,7.69,7.76,7.62,12015067.0,92045414.0,15:00:02,2026-09-24
sh600066,宇通客车,26.01,0.76,3.01,26.0,26.01,25.25,25.26,26.19,25.26,30261133.0,783915396.0,15:34:59,2026-09-24
sh600067,冠城新材,2.63,-0.01,-0.379,2.62,2.63,2.64,2.63,2.66,2.59,19881200.0,52065156.0,15:34:59,2026-09-24
sh600071,凤凰光学,16.67,-0.13,-0.774,16.67,16.69,16.8,16.78,16.86,16.64,1755700.0,29395760.0,15:00:01,2026-09-24
sh600072,中船科技,8.77,0.07,0.805,8.76,8.77,8.7,8.7,8.83,8.64,15219944.0,133306798.0,15:34:59,2026-09-24
sh600073,光明肉业,5.4,-0.07,-1.28,5.39,5.4,5.47,5.48,5.49,5.38,7174691.0,38906900.0,15:00:01,2026-09-24
sh600075,新疆天业,4.53,-0.07,-1.522,4.53,4.54,4.6,4.59,4.61,4.52,10697313.0,48738165.0,15:00:00,2026-09-24
sh600076,康欣新材,2.09,-0.06,-2.791,2.09,2.1,2.15,2.16,2.17,2.08,34506000.0,72889824.0,15:34:59,2026-09-24
sh600078,澄星股份,9.99,-0.05,-0.498,9.98,9.99,10.04,10.05,10.12,9.96,6620600.0,66299152.0,15:34:59,2026-09-24
sh600079,ST人福,18.82,-0.01,-0.053,18.81,18.82,18.83,18.88,19.18,18.8,8907508.0,168933669.0,15:34:59,2026-09-24
sh600080,ST金花,4.73,-0.01,-0.211,4.72,4.73,4.74,4.72,4.74,4.69,2055600.0,9704417.0,15:00:02,2026-09-24
sh600081,东风科技,10.7,0.19,1.808,10.69,10.7,10.51,10.52,10.84,10.51,6395296.0,68667811.0,15:00:02,2026-09-24
sh600082,ST海泰,3.31,0.04,1.223,3.31,3.32,3.27,3.27,3.38,3.27,9866654.0,32826890.0,15:00:00,2026-09-24
sh600084,*ST尼雅,4.38,-0.06,-1.351,4.38,4.4,4.44,4.46,4.47,4.38,2244700.0,9907227.0,15:00:01,2026-09-24
sh600085,同仁堂,23.34,-0.27,-1.144,23.34,23.35,23.61,23.56,23.7,23.34,2758118.0,64668122.0,15:34:59,2026-09-24
sh600088,中视传媒,12.91,-0.74,-5.421,12.91,12.92,13.65,13.25,13.61,12.85,21921437.0,288059806.0,15:34:59,2026-09-24
sh600089,特变电工,17.6,-0.49,-2.709,17.6,17.61,18.09,18.0,18.01,17.55,66821804.0,1183343897.0,15:34:59,2026-09-24
sh600094,大名城,4.04,-0.01,-0.247,4.03,4.04,4.05,4.01,4.09,3.96,30104266.0,121663360.0,15:00:00,2026-09-24
sh600095,湘财股份,8.82,-0.12,-1.342,8.82,8.83,8.94,8.91,8.97,8.79,33554675.0,297589751.0,15:34:59,2026-09-24
sh600096,云天化,27.56,-0.39,-1.395,27.56,27.57,27.95,27.9,28.05,27.52,13567788.0,375765219.0,15:34:59,2026-09-24
sh600097,开创国际,9.2,-0.07,-0.755,9.19,9.23,9.27,9.28,9.33,9.14,3017300.0,27828586.0,15:00:00,2026-09-24
sh600098,广州发展,6.25,0.07,1.133,6.25,6.26,6.18,6.21,6.28,6.15,17271477.0,107957409.0,15:00:01,2026-09-24
sh600099,林海股份,9.42,0.13,1.399,9.42,9.44,9.29,9.3,9.45,9.2,3041200.0,28560417.0,15:34:59,2026-09-24
sh600100,同方股份,6.66,-0.17,-2.489,6.66,6.67,6.83,6.8,6.83,6.65,18900100.0,126954294.0,15:34:59,2026-09-24
sh600101,明星电力,7.8,-0.02,-0.256,7.8,7.81,7.82,7.84,7.86,7.79,6015821.0,46972396.0,15:34:59,2026-09-24
sh600103,青山纸业,3.61,-0.04,-1.096,3.61,3.62,3.65,3.64,3.65,3.56,137151664.0,493513058.0,15:34:59,2026-09-24
sh600104,上汽集团,10.72,-0.15,-1.38,10.71,10.72,10.87,10.83,10.93,10.71,32406774.0,349291881.0,15:34:59,2026-09-24
sh600105,永鼎股份,42.53,-2.34,-5.215,42.53,42.54,44.87,44.51,44.75,42.46,80709278.0,3486630634.0,15:34:59,2026-09-24
sh600106,重庆路桥,4.46,-0.03,-0.668,4.46,4.47,4.49,4.49,4.66,4.45,15527245.0,70409351.0,15:34:59,2026-09-24
sh600107,*ST尔雅,5.72,0.01,0.175,5.71,5.72,5.71,5.78,5.79,5.7,474924.0,2727109.0,15:00:01,2026-09-24
sh600108,亚盛集团,4.13,-0.14,-3.279,4.13,4.14,4.27,4.32,4.43,4.12,147712523.0,622786862.0,15:34:59,2026-09-24
sh600109,国金证券,8.1,-0.18,-2.174,8.1,8.11,8.28,8.26,8.27,8.1,22181700.0,181131731.0,15:34:59,2026-09-24
sh600110,诺德股份,11.89,-0.57,-4.575,11.89,11.9,12.46,12.3,12.47,11.88,121142383.0,1460993803.0,15:34:59,2026-09-24
sh600111,北方稀土,37.06,-0.36,-0.962,37.06,37.07,37.42,37.2,37.44,36.95,22654903.0,840545380.0,15:34:59,2026-09-24
sh600113,浙江东日,29.1,-0.75,-2.513,29.1,29.11,29.85,29.85,30.17,29.1,3281146.0,96759366.0,15:34:59,2026-09-24
sh600114,东睦股份,26.78,-0.97,-3.495,26.78,26.79,27.75,27.61,27.77,26.76,9376093.0,254032466.0,15:34:59,2026-09-24
sh600115,中国东航,3.35,-0.11,-3.179,3.35,3.36,3.46,3.43,3.44,3.35,157384686.0,532328642.0,15:34:59,2026-09-24
sh600116,三峡水利,6.05,-0.03,-0.493,6.04,6.05,6.08,6.06,6.1,6.01,9262694.0,56025129.0,15:34:59,2026-09-24
sh600117,西宁特钢,2.17,0.01,0.463,2.16,2.17,2.16,2.16,2.19,2.13,15839725.0,34269771.0,15:00:00,2026-09-24
sh600118,中国卫星,57.91,0.19,0.329,57.9,57.91,57.72,57.63,59.72,57.23,26983887.0,1573647929.0,15:34:59,2026-09-24
sh600119,*ST长投,5.0,0.04,0.806,5.0,5.02,4.96,4.94,5.05,4.93,1106900.0,5525536.0,15:00:02,2026-09-24
sh600120,浙江东方,4.64,-0.06,-1.277,4.63,4.64,4.7,4.67,4.71,4.62,18243901.0,84847665.0,15:34:59,2026-09-24
sh600121,郑州煤电,4.9,0.09,1.871,4.89,4.9,4.81,4.81,5.13,4.81,158343903.0,783373755.0,15:34:59,2026-09-24
sh600123,兰花科创,6.98,-0.03,-0.428,6.98,6.99,7.01,6.99,7.12,6.94,13732600.0,96238887.0,15:34:59,2026-09-24
sh600125,铁龙物流,5.24,-0.03,-0.569,5.23,5.24,5.27,5.27,5.29,5.22,6107700.0,32039706.0,15:34:59,2026-09-24
sh600126,杭钢股份,6.06,-0.11,-1.783,6.06,6.07,6.17,6.13,6.16,6.06,23450498.0,142912898.0,15:34:59,2026-09-24
sh600127,金健米业,16.49,-0.26,-1.552,16.49,16.5,16.75,16.74,17.05,15.29,265129843.0,4318063100.0,15:34:59,2026-09-24
sh600128,苏豪弘业,8.55,0.03,0.352,8.55,8.57,8.52,8.53,8.62,8.41,2751700.0,23505542.0,15:00:00,2026-09-24
sh600129,太极集团,13.33,-0.41,-2.984,13.33,13.34,13.74,13.68,13.79,13.32,8556480.0,115376881.0,15:34:59,2026-09-24
sh600130,波导股份,4.7,0.09,1.952,4.69,4.7,4.61,4.61,4.78,4.58,29295099.0,138426320.0,15:34:59,2026-09-24
sh600131,国网信通,14.08,-0.19,-1.331,14.08,14.09,14.27,14.23,14.27,14.08,4988850.0,70639555.0,15:00:02,2026-09-24
sh600132,重庆啤酒,37.56,-0.76,-1.983,37.55,37.56,38.32,38.27,38.37,37.56,2474400.0,93572970.0,15:34:59,2026-09-24
sh600133,东湖高新,7.89,-0.08,-1.004,7.89,7.9,7.97,7.93,7.97,7.88,7317910.0,57904477.0,15:34:59,2026-09-24
sh600135,乐凯胶片,7.62,0.03,0.395,7.61,7.62,7.59,7.54,7.74,7.5,10102538.0,77255982.0,15:34:59,2026-09-24
sh600136,ST明诚,1.48,-0.02,-1.333,1.47,1.48,1.5,1.5,1.5,1.47,8039100.0,11907387.0,15:00:00,2026-09-24
sh600137,浪莎股份,17.93,0.19,1.071,17.93,17.97,17.74,17.75,18.15,17.59,1247644.0,22441489.0,15:00:00,2026-09-24
sh600138,中青旅,7.0,-0.05,-0.709,7.0,7.01,7.05,7.03,7.09,6.98,4611300.0,32373167.0,15:00:03,2026-09-24
sh600141,兴发集团,27.95,-0.67,-2.341,27.95,27.96,28.62,28.54,28.58,27.95,15992929.0,450153867.0,15:34:59,2026-09-24
sh600143,金发科技,13.07,-0.15,-1.135,13.07,13.08,13.22,13.23,13.34,13.06,17843589.0,235131278.0,15:34:59,2026-09-24
sh600148,长春一东,15.77,-0.03,-0.19,15.77,15.83,15.8,15.75,15.96,15.65,1332400.0,21090241.0,15:00:02,2026-09-24
sh600149,廊坊发展,5.05,0.0,0.0,5.05,5.07,5.05,5.04,5.1,5.0,5155124.0,26051310.0,15:34:59,2026-09-24
sh600150,中国船舶,38.09,-0.5,-1.296,38.09,38.1,38.59,38.59,38.85,38.02,64262957.0,2464364597.0,15:34:59,2026-09-24
sh600151,航天机电,9.35,-0.01,-0.107,9.34,9.35,9.36,9.35,9.53,9.29,17640700.0,165805067.0,15:34:59,2026-09-24
sh600152,维科技术,7.66,-0.09,-1.161,7.65,7.66,7.75,7.77,7.82,7.63,7855800.0,60670311.0,15:34:59,2026-09-24
sh600153,建发股份,8.43,-0.24,-2.768,8.43,8.44,8.67,8.64,8.7,8.36,20650900.0,175143814.0,15:34:59,2026-09-24
sh600155,华创云信,5.94,-0.15,-2.463,5.93,5.94,6.09,6.06,6.17,5.92,25348700.0,151572276.0,15:34:59,2026-09-24
sh600156,华升股份,9.17,0.76,9.037,9.16,9.17,8.41,8.5,9.25,8.4,51569874.0,472116273.0,15:34:59,2026-09-24
sh600157,永泰能源,1.47,-0.04,-2.649,1.47,1.48,1.51,1.51,1.52,1.47,493184401.0,734814507.0,15:34:59,2026-09-24
sh600158,中体产业,7.03,0.0,0.0,7.02,7.03,7.03,7.01,7.15,6.98,16691562.0,117872628.0,15:34:59,2026-09-24
sh600159,大龙地产,2.73,-0.04,-1.444,2.72,2.73,2.77,2.76,2.79,2.7,14208300.0,38881196.0,15:00:01,2026-09-24
sh600160,巨化股份,33.97,-0.86,-2.469,33.97,33.98,34.83,34.67,34.94,33.96,21283367.0,732908541.0,15:34:59,2026-09-24
sh600161,天坛生物,12.1,-0.21,-1.706,12.1,12.11,12.31,12.31,12.45,12.1,9986955.0,121928785.0,15:34:59,2026-09-24
sh600162,香江控股,4.35,-0.24,-5.229,4.35,4.36,4.59,4.47,4.5,4.24,126657737.0,552881985.0,15:34:59,2026-09-24
sh600163,中闽能源,5.53,0.16,2.98,5.52,5.53,5.37,5.34,5.59,5.28,72636497.0,398097517.0,15:34:59,2026-09-24
sh600165,宁科生物,3.21,0.03,0.943,3.2,3.21,3.18,3.22,3.24,3.16,8023299.0,25695317.0,15:34:59,2026-09-24
sh600166,福田汽车,2.76,-0.01,-0.361,2.76,2.77,2.77,2.79,2.8,2.75,61778212.0,171092112.0,15:34:59,2026-09-24
sh600167,联美控股,5.51,-0.08,-1.431,5.5,5.51,5.59,5.6,5.61,5.5,5088080.0,28176190.0,15:00:00,2026-09-24
sh600168,武汉控股,4.38,0.03,0.69,4.37,4.38,4.35,4.34,4.4,4.31,5395299.0,23584256.0,15:00:01,2026-09-24
sh600169,ST太重,2.18,-0.01,-0.457,2.18,2.19,2.19,2.18,2.19,2.17,4632900.0,10098749.0,15:34:59,2026-09-24
sh600170,上海建工,2.2,-0.03,-1.345,2.2,2.21,2.23,2.22,2.24,2.19,142229400.0,314163074.0,15:34:59,2026-09-24
sh600171,上海贝岭,22.88,-0.28,-1.209,22.88,22.89,23.16,23.08,23.33,22.88,7024865.0,162214210.0,15:34:59,2026-09-24
sh600172,黄河旋风,16.89,0.15,0.896,16.89,16.9,16.74,16.49,17.3,16.15,210010419.0,3526870185.0,15:34:59,2026-09-24
sh600173,卧龙新能,5.78,-0.08,-1.365,5.77,5.78,5.86,5.93,5.93,5.74,4087000.0,23667153.0,15:00:02,2026-09-24
sh600176,中国巨石,43.06,-2.56,-5.612,43.06,43.07,45.62,45.05,45.28,43.02,192842428.0,8457433017.0,15:34:59,2026-09-24
sh600177,雅戈尔,8.29,0.1,1.221,8.28,8.29,8.19,8.15,8.33,8.15,20616701.0,170950844.0,15:34:59,2026-09-24
sh600178,东安动力,9.72,0.17,1.78,9.71,9.72,9.55,9.54,9.99,9.49,10657510.0,104171260.0,15:34:59,2026-09-24
sh600179,安通控股,4.45,-0.04,-0.891,4.45,4.46,4.49,4.49,4.51,4.4,27511942.0,122436439.0,15:34:59,2026-09-24
sh600180,*ST瑞茂,1.55,-0.03,-1.899,1.54,1.55,1.58,1.57,1.59,1.53,13087900.0,20320196.0,15:34:59,2026-09-24
sh600182,S佳通,12.59,-0.09,-0.71,12.58,12.59,12.68,12.69,12.71,12.53,1305270.0,16444726.0,15:34:59,2026-09-24
sh600183,生益科技,137.33,-6.23,-4.34,137.33,137.34,143.56,142.6,142.6,137.0,43602307.0,6051290443.0,15:34:59,2026-09-24
sh600184,光电股份,19.45,-0.81,-3.998,19.45,19.46,20.26,20.19,20.29,19.4,21618010.0,425382587.0,15:34:59,2026-09-24
sh600185,珠免集团,4.7,-0.07,-1.468,4.69,4.7,4.77,4.78,4.83,4.66,22833572.0,107989822.0,15:34:59,2026-09-24
sh600186,莲花控股,13.04,-0.55,-4.047,13.04,13.05,13.59,13.25,13.65,13.0,212973909.0,2816715835.0,15:34:59,2026-09-24
sh600187,*ST国中,1.27,-0.01,-0.781,1.27,1.28,1.28,1.28,1.29,1.27,11768400.0,15026286.0,15:34:59,2026-09-24
sh600188,兖矿能源,19.76,-0.01,-0.051,19.75,19.76,19.77,19.85,20.08,19.71,21518331.0,426996743.0,15:34:59,2026-09-24
sh600189,泉阳泉,9.1,0.83,10.036,9.1,0.0,8.27,8.35,9.1,8.23,38493014.0,341477434.0,15:34:59,2026-09-24
sh600191,华资实业,9.06,-0.16,-1.735,9.05,9.06,9.22,9.17,9.27,9.05,5211087.0,47605707.0,15:34:59,2026-09-24
sh600192,长城电工,7.2,0.06,0.84,7.2,7.21,7.14,7.12,7.43,6.92,16191154.0,116910158.0,15:34:59,2026-09-24
sh600195,中牧股份,6.64,-0.04,-0.599,6.64,6.65,6.68,6.68,6.81,6.63,7028400.0,47129945.0,15:00:02,2026-09-24
sh600196,复星医药,22.84,-0.29,-1.254,22.84,22.85,23.13,23.1,23.23,22.8,15937032.0,365926354.0,15:34:59,2026-09-24
sh600197,伊力特,9.27,-0.21,-2.215,9.27,9.28,9.48,9.44,9.48,9.26,5618388.0,52424765.0,15:00:00,2026-09-24
sh600198,大唐电信,7.36,-0.12,-1.604,7.36,7.37,7.48,7.48,7.53,7.35,10997699.0,81580935.0,15:34:59,2026-09-24
sh600199,金种子酒,6.94,-0.32,-4.408,6.94,6.95,7.26,7.21,7.31,6.93,23626961.0,166841065.0,15:34:59,2026-09-24
sh600201,生物股份,11.4,-0.35,-2.979,11.4,11.41,11.75,11.72,11.72,11.39,9404800.0,108700757.0,15:00:01,2026-09-24
sh600202,哈空调,5.16,0.0,0.0,5.16,5.17,5.16,5.15,5.22,5.1,4086300.0,21126898.0,15:00:00,2026-09-24
sh600203,福日电子,9.98,-0.08,-0.795,9.98,9.99,10.06,10.03,10.08,9.9,11714600.0,116786241.0,15:34:59,2026-09-24
sh600206,有研新材,49.81,-1.67,-3.244,49.81,49.82,51.48,50.81,51.27,49.78,47847849.0,2406165894.0,15:34:59,2026-09-24
sh600207,安彩高科,5.16,0.22,4.453,5.16,5.17,4.94,4.77,5.42,4.7,81180286.0,410998747.0,15:34:59,2026-09-24
sh600208,衢州发展,2.84,-0.07,-2.405,2.84,2.85,2.91,2.9,2.92,2.83,77067446.0,220771766.0,15:34:59,2026-09-24
sh600210,紫江企业,6.2,-0.02,-0.322,6.2,6.21,6.22,6.22,6.24,6.17,8992100.0,55805540.0,15:00:01,2026-09-24
sh600211,西藏药业,36.48,-0.1,-0.273,36.48,36.49,36.58,36.58,37.47,36.45,3519200.0,130047363.0,15:00:01,2026-09-24
sh600212,绿能慧充,6.07,0.27,4.655,6.07,6.08,5.8,5.81,6.13,5.73,18926900.0,113420596.0,15:34:59,2026-09-24
sh600215,派斯林,6.1,0.0,0.0,6.1,6.11,6.1,6.12,6.18,6.06,4700600.0,28817767.0,15:00:00,2026-09-24
sh600216,浙江医药,12.33,-0.28,-2.22,12.32,12.33,12.61,12.61,12.7,12.31,10534472.0,131363027.0,15:34:59,2026-09-24
sh600217,中再资环,3.24,0.02,0.621,3.23,3.24,3.22,3.2,3.24,3.2,7785200.0,25128028.0,15:00:03,2026-09-24
sh600218,全柴动力,7.87,-0.11,-1.378,7.87,7.88,7.98,8.0,8.08,7.86,12752500.0,101402246.0,15:34:59,2026-09-24
sh600219,南山铝业,4.61,-0.08,-1.706,4.61,4.62,4.69,4.66,4.69,4.61,79790276.0,370199638.0,15:34:59,2026-09-24
sh600221,海航控股,1.22,-0.02,-1.613,1.22,1.23,1.24,1.24,1.25,1.21,294652951.0,361629332.0,15:34:59,2026-09-24
sh600222,太龙药业,8.03,0.0,0.0,8.02,8.03,8.03,7.96,8.16,7.93,14022160.0,112731520.0,15:34:59,2026-09-24
sh600223,福瑞达,5.6,0.02,0.358,5.58,5.6,5.58,5.6,5.66,5.56,5602800.0,31435805.0,15:00:01,2026-09-24
sh600226,亨通股份,5.78,-0.27,-4.463,5.77,5.78,6.05,6.01,6.04,5.77,82096898.0,481620837.0,15:34:59,2026-09-24
sh600227,赤天化,3.8,-0.08,-2.062,3.8,3.81,3.88,3.89,4.0,3.78,135271439.0,521507330.0,15:34:59,2026-09-24
sh600228,返利科技,10.6,-1.06,-9.091,10.6,10.61,11.66,11.21,11.21,10.53,40397795.0,435245115.0,15:34:59,2026-09-24
sh600229,城市传媒,5.82,-0.07,-1.188,5.81,5.82,5.89,5.85,5.98,5.75,8455700.0,49255888.0,15:34:59,2026-09-24
sh600230,沧州大化,14.34,-0.48,-3.239,14.34,14.35,14.82,15.0,15.27,14.29,41761146.0,615698798.0,15:34:59,2026-09-24
sh600231,凌钢股份,1.65,-0.11,-6.25,1.65,1.66,1.76,1.7,1.73,1.64,75836690.0,126711727.0,15:34:59,2026-09-24
sh600232,金鹰股份,6.78,0.26,3.988,6.78,6.79,6.52,6.52,6.96,6.49,13098266.0,88612964.0,15:00:01,2026-09-24
sh600233,圆通速递,17.92,0.08,0.448,17.92,17.94,17.84,17.66,18.11,17.6,18781972.0,334515971.0,15:34:59,2026-09-24
sh600234,科新发展,21.39,-1.26,-5.563,21.39,21.43,22.65,22.83,22.83,21.28,2107900.0,46079357.0,15:00:00,2026-09-24
sh600235,民丰特纸,5.86,0.04,0.687,5.85,5.86,5.82,5.82,5.88,5.77,3938900.0,23012404.0,15:00:01,2026-09-24
sh600236,桂冠电力,9.24,-0.05,-0.538,9.23,9.24,9.29,9.36,9.36,9.23,5330013.0,49447388.0,15:34:59,2026-09-24
sh600237,铜峰电子,9.38,-0.47,-4.772,9.38,9.39,9.85,9.75,9.95,9.36,43189666.0,412724286.0,15:34:59,2026-09-24
sh600238,ST椰岛,4.06,-0.02,-0.49,4.06,4.07,4.08,4.07,4.12,4.05,3851355.0,15713045.0,15:00:01,2026-09-24
sh600239,ST云城,1.44,0.0,0.0,1.43,1.44,1.44,1.44,1.47,1.43,18608800.0,26948748.0,15:00:02,2026-09-24
sh600241,时代万恒,7.31,0.0,0.0,7.3,7.31,7.31,7.27,7.35,7.2,1848800.0,13492117.0,15:00:01,2026-09-24
sh600243,*ST海华,3.54,-0.12,-3.279,3.52,3.54,3.66,3.66,3.68,3.5,7065200.0,25305027.0,15:00:01,2026-09-24
sh600246,万通发展,14.34,-0.44,-2.977,14.34,14.35,14.78,14.44,14.82,14.24,100683749.0,1462962979.0,15:34:59,2026-09-24
sh600248,陕建股份,2.81,-0.02,-0.707,2.81,2.82,2.83,2.83,2.87,2.8,15173100.0,42962365.0,15:34:59,2026-09-24
sh600249,两面针,5.36,-0.02,-0.372,5.36,5.37,5.38,5.38,5.45,5.33,5993503.0,32197757.0,15:00:00,2026-09-24
sh600250,南京商旅,9.07,0.02,0.221,9.07,9.08,9.05,9.02,9.17,8.96,6907073.0,62596225.0,15:34:59,2026-09-24
sh600251,冠农股份,10.03,-0.33,-3.185,10.03,10.04,10.36,10.32,10.45,10.03,11779112.0,120115868.0,15:34:59,2026-09-24
sh600252,中恒集团,2.13,-0.03,-1.389,2.12,2.13,2.16,2.17,2.18,2.12,46053640.0,98650881.0,15:34:59,2026-09-24
sh600255,鑫科材料,3.44,-0.1,-2.825,3.44,3.45,3.54,3.52,3.54,3.42,65876825.0,227874602.0,15:34:59,2026-09-24
sh600256,广汇能源,6.82,-0.04,-0.583,6.82,6.83,6.86,6.9,6.97,6.79,80840466.0,554621335.0,15:34:59,2026-09-24
sh600257,大湖股份,5.48,-0.06,-1.083,5.47,5.48,5.54,5.54,5.58,5.46,9689100.0,53365072.0,15:00:00,2026-09-24
sh600258,首旅酒店,11.09,-0.09,-0.805,11.09,11.1,11.18,11.15,11.22,11.08,8773471.0,97666241.0,15:34:59,2026-09-24
sh600259,中稀有色,80.37,-0.93,-1.144,80.37,80.39,81.3,81.36,81.98,80.13,5455416.0,440961114.0,15:34:59,2026-09-24
sh600261,阳光照明,3.35,0.0,0.0,3.35,3.36,3.35,3.33,3.42,3.31,19153100.0,64507490.0,15:34:59,2026-09-24
sh600262,北方股份,14.71,-0.12,-0.809,14.71,14.72,14.83,14.88,15.02,14.67,3231102.0,47971515.0,15:00:01,2026-09-24
sh600265,*ST景谷,23.41,0.14,0.602,23.41,23.45,23.27,23.5,24.46,23.27,1579303.0,37576900.0,15:00:02,2026-09-24
sh600266,城建发展,4.27,-0.14,-3.175,4.27,4.28,4.41,4.38,4.42,4.26,41871992.0,180539835.0,15:34:59,2026-09-24
sh600267,海正药业,11.43,-0.37,-3.136,11.42,11.43,11.8,11.73,11.81,11.4,20614283.0,238280255.0,15:34:59,2026-09-24
sh600268,国电南自,10.08,-0.12,-1.176,10.08,10.09,10.2,10.16,10.22,10.06,6203516.0,62807666.0,15:34:59,2026-09-24
sh600269,赣粤高速,3.77,-0.02,-0.528,3.77,3.78,3.79,3.79,3.81,3.76,12255609.0,46329238.0,15:00:01,2026-09-24
sh600271,航天信息,6.61,-0.08,-1.196,6.61,6.62,6.69,6.66,6.69,6.6,8841794.0,58683983.0,15:34:59,2026-09-24
sh600272,开开实业,15.24,-0.57,-3.605,15.24,15.25,15.81,15.52,17.16,15.12,31306400.0,500580644.0,15:34:59,2026-09-24
sh600273,嘉化能源,6.27,-0.05,-0.791,6.26,6.27,6.32,6.31,6.32,6.24,10740894.0,67443473.0,15:00:01,2026-09-24
sh600276,恒瑞医药,44.86,-0.72,-1.58,44.86,44.87,45.58,45.38,45.77,44.6,42358438.0,1902003742.0,15:34:59,2026-09-24
sh600278,东方创业,6.55,0.03,0.46,6.55,6.56,6.52,6.52,6.59,6.49,4115760.0,26950277.0,15:34:59,2026-09-24
sh600279,重庆港,4.27,0.01,0.235,4.27,4.28,4.26,4.25,4.3,4.21,4649200.0,19829715.0,15:00:01,2026-09-24
sh600280,中央商场,3.04,-0.01,-0.328,3.04,3.05,3.05,3.04,3.09,3.01,26434308.0,80421548.0,15:34:59,2026-09-24
sh600281,华阳新材,4.64,-0.09,-1.903,4.64,4.65,4.73,4.63,4.8,4.63,17251398.0,80594467.0,15:34:59,2026-09-24
sh600282,南钢股份,4.4,0.01,0.228,4.4,4.41,4.39,4.39,4.44,4.36,26935835.0,118919373.0,15:34:59,2026-09-24
sh600283,钱江水利,8.02,-0.03,-0.373,8.02,8.03,8.05,8.05,8.08,7.98,1481620.0,11885522.0,15:00:02,2026-09-24
sh600284,浦东建设,5.11,0.0,0.0,5.1,5.11,5.11,5.1,5.16,5.08,6913771.0,35401165.0,15:00:01,2026-09-24
sh600285,羚锐制药,18.83,-0.25,-1.31,18.83,18.84,19.08,19.08,19.15,18.8,5824500.0,110279026.0,15:34:59,2026-09-24
sh600287,苏豪时尚,4.97,-0.01,-0.201,4.97,5.0,4.98,5.0,5.02,4.93,2778100.0,13844121.0,15:00:01,2026-09-24
sh600288,大恒科技,10.8,-0.15,-1.37,10.8,10.81,10.95,10.89,11.0,10.79,7150700.0,77856950.0,15:34:59,2026-09-24
sh600289,ST信通,4.32,0.02,0.465,4.3,4.32,4.3,4.27,4.35,4.26,1819000.0,7824283.0,15:34:59,2026-09-24
sh600292,电投水电,11.26,-0.12,-1.054,11.26,11.27,11.38,11.37,11.48,11.25,6575899.0,74627418.0,15:34:59,2026-09-24
sh600293,三峡新材,3.78,0.08,2.162,3.77,3.78,3.7,3.72,4.06,3.6,259880039.0,1002297408.0,15:34:59,2026-09-24
sh600295,鄂尔多斯,12.8,-0.04,-0.312,12.8,12.81,12.84,12.82,12.96,12.67,5459580.0,69847164.0,15:00:00,2026-09-24
sh600298,安琪酵母,39.7,-0.06,-0.151,39.7,39.72,39.76,39.83,40.28,39.31,4765455.0,189231447.0,15:00:01,2026-09-24
sh600299,安迪苏,8.08,-0.29,-3.465,8.08,8.09,8.37,8.39,8.39,8.06,32012621.0,262098530.0,15:34:59,2026-09-24
sh600300,维维股份,3.06,-0.03,-0.971,3.06,3.07,3.09,3.09,3.12,3.05,19542335.0,60089608.0,15:34:59,2026-09-24
sh600301,华锡有色,47.65,-0.29,-0.605,47.65,47.66,47.94,47.8,48.45,47.51,11792586.0,564139916.0,15:34:59,2026-09-24
sh600302,ST标准,7.14,0.04,0.563,7.14,7.17,7.1,7.08,7.37,7.01,4131700.0,29732442.0,15:34:59,2026-09-24
sh600303,曙光股份,3.05,0.05,1.667,3.04,3.05,3.0,3.0,3.06,2.97,28486400.0,86267957.0,15:34:59,2026-09-24
sh600305,恒顺醋业,6.66,-0.12,-1.77,6.66,6.67,6.78,6.76,6.81,6.66,6053600.0,40689526.0,15:34:59,2026-09-24
sh600307,酒钢宏兴,1.45,-0.02,-1.361,1.45,1.46,1.47,1.46,1.47,1.43,41682153.0,60511460.0,15:00:00,2026-09-24
sh600308,华泰股份,3.29,-0.07,-2.083,3.28,3.29,3.36,3.34,3.36,3.27,10316393.0,34088012.0,15:34:59,2026-09-24
sh600309,万华化学,69.45,-2.15,-3.003,69.45,69.46,71.6,71.21,71.28,69.23,29477929.0,2061574030.0,15:34:59,2026-09-24
sh600310,广西能源,4.45,0.03,0.679,4.44,4.45,4.42,4.4,4.48,4.32,34211240.0,151682869.0,15:34:59,2026-09-24
sh600312,平高电气,18.94,0.01,0.053,18.93,18.94,18.93,18.9,19.13,18.73,6443700.0,122014647.0,15:34:59,2026-09-24
sh600313,农发种业,6.8,-0.19,-2.718,6.79,6.8,6.99,6.98,7.07,6.77,34680138.0,238028711.0,15:34:59,2026-09-24
sh600315,上海家化,18.12,-0.42,-2.265,18.12,18.13,18.54,18.5,18.69,18.07,5190931.0,95023097.0,15:34:59,2026-09-24
sh600316,洪都航空,32.91,-0.92,-2.719,32.9,32.91,33.83,33.81,34.36,32.85,7950157.0,265592464.0,15:34:59,2026-09-24
sh600318,新力金融,6.79,-0.08,-1.164,6.79,6.8,6.87,6.82,6.94,6.77,16541167.0,112897176.0,15:34:59,2026-09-24
sh600319,亚星化学,6.25,0.0,0.0,6.23,6.25,6.25,6.24,6.35,6.21,3679200.0,23035103.0,15:00:01,2026-09-24
sh600320,振华重工,4.02,-0.05,-1.229,4.02,4.03,4.07,4.04,4.07,4.01,33211478.0,133905178.0,15:34:59,2026-09-24
sh600322,津投城开,2.69,-0.07,-2.536,2.69,2.7,2.76,2.75,2.77,2.66,26903310.0,72638416.0,15:34:59,2026-09-24
sh600323,瀚蓝环境,28.68,-0.22,-0.761,28.68,28.7,28.9,28.86,29.04,28.61,2775300.0,79893688.0,15:34:59,2026-09-24
sh600325,华发股份,2.67,-0.13,-4.643,2.67,2.68,2.8,2.76,2.83,2.65,146405872.0,397020703.0,15:34:59,2026-09-24
sh600326,西藏天路,6.97,-0.25,-3.463,6.97,6.98,7.22,7.08,7.12,6.9,31701848.0,221542313.0,15:34:59,2026-09-24
sh600327,大东方,3.8,0.03,0.796,3.79,3.8,3.77,3.76,3.88,3.73,12094182.0,45921943.0,15:34:59,2026-09-24
sh600328,中盐化工,5.65,-0.07,-1.224,5.65,5.66,5.72,5.7,5.74,5.65,9167973.0,52091379.0,15:00:00,2026-09-24
sh600329,达仁堂,35.13,-0.26,-0.735,35.13,35.14,35.39,35.47,35.57,35.0,1495477.0,52763120.0,15:00:01,2026-09-24
sh600330,天通股份,28.6,-1.38,-4.603,28.59,28.6,29.98,29.7,29.88,28.5,81027770.0,2349903479.0,15:34:59,2026-09-24
sh600331,宏达股份,12.05,-0.07,-0.578,12.05,12.06,12.12,12.07,12.15,11.87,26563216.0,319041502.0,15:34:59,2026-09-24
sh600332,白云山,19.39,-0.28,-1.423,19.38,19.39,19.67,19.64,19.71,19.39,4787300.0,93303052.0,15:00:01,2026-09-24
sh600333,长春燃气,6.73,-0.05,-0.737,6.73,6.74,6.78,6.8,6.85,6.68,7544670.0,50963061.0,15:00:00,2026-09-24
sh600335,国机汽车,5.12,-0.01,-0.195,5.12,5.13,5.13,5.13,5.18,5.1,5896611.0,30280145.0,15:34:59,2026-09-24
sh600336,澳柯玛,6.35,0.03,0.475,6.35,6.37,6.32,6.32,6.45,6.26,4823236.0,30789993.0,15:00:00,2026-09-24
sh600337,ST美克,3.43,0.11,3.313,3.42,3.43,3.32,3.42,3.49,3.3,36266562.0,124191044.0,15:34:59,2026-09-24
sh600338,西藏珠峰,12.06,-0.36,-2.899,12.06,12.07,12.42,12.33,12.4,12.03,20619150.0,250784613.0,15:34:59,2026-09-24
sh600339,中油工程,3.23,-0.02,-0.615,3.22,3.23,3.25,3.26,3.27,3.2,33743800.0,109009336.0,15:34:59,2026-09-24
sh600340,*ST华幸,1.17,0.02,1.739,1.16,1.17,1.15,1.13,1.18,1.12,91430229.0,105002138.0,15:34:59,2026-09-24
sh600343,航天动力,20.3,0.43,2.164,20.3,20.31,19.87,19.9,21.06,19.4,62260035.0,1250754248.0,15:34:59,2026-09-24
sh600345,长江通信,51.89,-2.04,-3.783,51.89,51.9,53.93,53.77,54.0,51.89,6319839.0,332434769.0,15:34:59,2026-09-24
sh600346,恒力石化,16.15,-0.73,-4.325,16.15,16.16,16.88,16.79,16.82,16.11,31662384.0,519205384.0,15:34:59,2026-09-24
sh600348,华阳股份,8.89,-0.09,-1.002,8.89,8.9,8.98,9.0,9.04,8.86,19483520.0,174030637.0,15:00:00,2026-09-24
sh600350,山东高速,10.02,-0.01,-0.1,10.02,10.03,10.03,10.03,10.14,9.98,6416016.0,64529754.0,15:34:59,2026-09-24
sh600351,亚宝药业,6.67,-0.06,-0.892,6.66,6.67,6.73,6.73,6.82,6.65,12962637.0,86879603.0,15:34:59,2026-09-24
sh600352,浙江龙盛,12.14,-0.36,-2.88,12.14,12.15,12.5,12.44,12.5,12.13,27070448.0,331306122.0,15:34:59,2026-09-24
sh600353,旭光电子,32.57,-0.88,-2.631,32.57,32.58,33.45,33.19,34.78,32.13,79517415.0,2662745105.0,15:34:59,2026-09-24
sh600354,敦煌种业,9.53,-0.55,-5.456,9.53,9.54,10.08,10.09,10.26,9.47,89060303.0,864855087.0,15:34:59,2026-09-24
sh600356,恒丰纸业,10.64,-0.06,-0.561,10.64,10.65,10.7,10.57,10.88,10.42,15601954.0,165776922.0,15:34:59,2026-09-24
sh600358,国旅联合,5.72,0.52,10.0,5.72,0.0,5.2,5.21,5.72,5.16,34475405.0,194636470.0,15:34:59,2026-09-24
sh600359,新农开发,7.62,-0.22,-2.806,7.61,7.62,7.84,7.81,7.86,7.55,18821080.0,144752984.0,15:34:59,2026-09-24
sh600360,华微电子,11.67,0.28,2.458,11.66,11.67,11.39,11.25,11.94,11.22,80959476.0,933252391.0,15:34:59,2026-09-24
sh600361,创新新材,3.43,-0.06,-1.719,3.43,3.44,3.49,3.48,3.49,3.42,28976400.0,99960706.0,15:34:59,2026-09-24
sh600362,江西铜业,42.4,-2.15,-4.826,42.4,42.41,44.55,43.8,43.88,42.32,45061020.0,1937716705.0,15:34:59,2026-09-24
sh600363,联创光电,14.55,-0.55,-3.642,14.55,14.56,15.1,15.03,15.3,14.55,24075500.0,357634447.0,15:34:59,2026-09-24
sh600365,ST通葡,2.9,0.05,1.754,2.89,2.9,2.85,2.83,2.91,2.83,2470302.0,7127087.0,15:00:01,2026-09-24
sh600366,宁波韵升,11.12,-0.21,-1.853,11.12,11.13,11.33,11.29,11.37,11.1,13875202.0,155436971.0,15:34:59,2026-09-24
sh600367,红星发展,36.55,-2.66,-6.784,36.54,36.55,39.21,38.6,38.72,36.51,34700555.0,1302443306.0,15:34:59,2026-09-24
sh600368,五洲交通,4.15,0.03,0.728,4.15,4.16,4.12,4.11,4.19,4.1,29496023.0,122654555.0,15:34:59,2026-09-24
sh600369,西南证券,3.92,-0.07,-1.754,3.92,3.93,3.99,3.98,3.98,3.91,25777302.0,101447900.0,15:00:00,2026-09-24
sh600370,*ST三房,1.47,-0.02,-1.342,1.47,1.48,1.49,1.48,1.49,1.46,13009641.0,19181904.0,15:00:01,2026-09-24
sh600371,万向德农,15.85,-1.43,-8.275,15.84,15.85,17.28,18.08,18.5,15.56,90666801.0,1549957474.0,15:34:59,2026-09-24
sh600372,中航机载,11.33,-0.1,-0.875,11.33,11.34,11.43,11.42,11.43,11.23,18449638.0,208987539.0,15:34:59,2026-09-24
sh600373,中文传媒,7.48,0.02,0.268,7.47,7.48,7.46,7.47,7.66,7.45,14365598.0,108357688.0,15:34:59,2026-09-24
sh600375,汉马科技,3.62,-0.05,-1.362,3.62,3.63,3.67,3.64,3.68,3.61,12602896.0,45855703.0,15:00:01,2026-09-24
sh600376,首开股份,3.19,-0.14,-4.204,3.19,3.2,3.33,3.31,3.33,3.19,55751663.0,180332475.0,15:34:59,2026-09-24
sh600377,宁沪高速,12.77,0.19,1.51,12.76,12.77,12.58,12.59,12.82,12.56,9802737.0,124733582.0,15:34:59,2026-09-24
sh600378,昊华科技,45.09,-1.71,-3.654,45.09,45.1,46.8,46.25,46.78,45.03,31000046.0,1416546878.0,15:34:59,2026-09-24
sh600379,XD宝光股份,14.62,-0.33,-2.207,14.61,14.62,14.95,15.0,15.51,14.6,12305627.0,184249471.0,15:34:59,2026-09-24
sh600380,健康元,9.25,-0.16,-1.7,9.25,9.26,9.41,9.37,9.45,9.23,12257736.0,113890580.0,15:34:59,2026-09-24
sh600381,*ST春天,4.2,-0.14,-3.226,4.2,4.21,4.34,4.3,4.33,4.14,5160900.0,21927143.0,15:00:02,2026-09-24
sh600382,广东明珠,5.64,-0.26,-4.407,5.64,5.65,5.9,5.79,5.86,5.61,17103188.0,97816074.0,15:34:59,2026-09-24
sh600383,金地集团,2.41,-0.1,-3.984,2.4,2.41,2.51,2.5,2.51,2.39,167044407.0,406431975.0,15:34:59,2026-09-24
sh600386,北巴传媒,3.51,0.02,0.573,3.5,3.51,3.49,3.5,3.56,3.49,8344700.0,29357298.0,15:00:02,2026-09-24
sh600388,紫金龙净,17.46,0.24,1.394,17.45,17.46,17.22,17.47,17.89,17.34,13693300.0,241880112.0,15:34:59,2026-09-24
sh600389,江山股份,18.11,-0.51,-2.739,18.11,18.12,18.62,18.63,18.73,18.11,7763571.0,142223976.0,15:34:59,2026-09-24
sh600390,五矿资本,4.79,-0.08,-1.643,4.79,4.8,4.87,4.85,4.88,4.77,25128000.0,120920647.0,15:34:59,2026-09-24
sh600391,航发科技,40.98,-2.0,-4.653,40.97,40.98,42.98,43.0,43.38,40.8,14151430.0,587374485.0,15:34:59,2026-09-24
sh600392,盛和资源,21.35,-0.43,-1.974,21.35,21.36,21.78,21.73,21.83,21.25,26546436.0,570293591.0,15:34:59,2026-09-24
sh600395,盘江股份,5.06,0.02,0.397,5.05,5.06,5.04,5.01,5.17,5.01,29953132.0,152436031.0,15:34:59,2026-09-24
sh600396,华电辽能,12.75,-0.24,-1.848,12.74,12.75,12.99,12.9,12.98,12.73,62196900.0,796121009.0,15:34:59,2026-09-24
sh600397,江钨装备,17.7,-0.04,-0.225,17.7,17.71,17.74,17.9,18.59,17.56,85531600.0,1542318498.0,15:34:59,2026-09-24
sh600398,海澜之家,5.66,-0.03,-0.527,5.66,5.67,5.69,5.7,5.75,5.66,22417100.0,127596555.0,15:34:59,2026-09-24
sh600399,抚顺特钢,4.31,-0.06,-1.373,4.3,4.31,4.37,4.35,4.38,4.29,22674199.0,98038362.0,15:34:59,2026-09-24
sh600400,红豆股份,3.41,0.04,1.187,3.41,3.42,3.37,3.38,3.46,3.34,44107025.0,150802540.0,15:34:59,2026-09-24
sh600403,大有能源,7.19,-0.05,-0.691,7.19,7.2,7.24,7.21,7.56,7.1,150780644.0,1105712638.0,15:34:59,2026-09-24
sh600405,动力源,5.05,0.0,0.0,5.05,5.06,5.05,5.02,5.1,4.98,7079667.0,35825537.0,15:34:59,2026-09-24
sh600406,国电南瑞,22.27,-0.11,-0.492,22.26,22.27,22.38,22.3,22.42,22.1,30597375.0,680901414.0,15:34:59,2026-09-24
sh600408,安泰集团,3.03,0.05,1.678,3.02,3.03,2.98,3.0,3.18,2.97,55110220.0,167476324.0,15:34:59,2026-09-24
sh600409,三友化工,6.22,-0.1,-1.582,6.21,6.22,6.32,6.32,6.33,6.18,11142000.0,69552471.0,15:00:02,2026-09-24
sh600410,华胜天成,15.5,-0.37,-2.331,15.5,15.51,15.87,15.8,15.95,15.43,61710770.0,962475087.0,15:34:59,2026-09-24
sh600415,小商品城,10.84,0.03,0.278,10.84,10.85,10.81,11.02,11.09,10.8,63315231.0,692552556.0,15:34:59,2026-09-24
sh600416,湘电股份,8.27,-0.17,-2.014,8.27,8.28,8.44,8.41,8.46,8.26,12022506.0,100211803.0,15:34:59,2026-09-24
sh600418,江淮汽车,22.93,-0.52,-2.217,22.92,22.93,23.45,23.15,24.04,22.87,175248970.0,4097068208.0,15:34:59,2026-09-24
sh600419,天润乳业,8.72,-0.03,-0.343,8.72,8.73,8.75,8.7,8.81,8.68,2216819.0,19351753.0,15:00:02,2026-09-24
sh600420,国药现代,8.22,-0.12,-1.439,8.22,8.26,8.34,8.33,8.39,8.2,5899600.0,48754072.0,15:34:59,2026-09-24
sh600422,昆药集团,8.04,-0.1,-1.229,8.03,8.04,8.14,8.14,8.19,8.01,3820700.0,30824671.0,15:00:01,2026-09-24
sh600423,*ST柳化,2.68,-0.03,-1.107,2.68,2.69,2.71,2.71,2.72,2.68,2075400.0,5611438.0,15:00:02,2026-09-24
sh600425,青松建化,3.61,-0.05,-1.366,3.61,3.62,3.66,3.65,3.65,3.58,14792211.0,53435859.0,15:34:59,2026-09-24
sh600426,华鲁恒升,19.71,-0.67,-3.288,19.7,19.71,20.38,20.25,20.36,19.65,27094810.0,538380452.0,15:34:59,2026-09-24
sh600428,中远海特,11.06,-0.17,-1.514,11.06,11.07,11.23,11.15,11.39,11.0,23309001.0,259678974.0,15:00:01,2026-09-24
sh600429,XD三元股份,4.54,-0.01,-0.22,4.53,4.54,4.55,4.53,4.58,4.51,6837108.0,31063854.0,15:34:59,2026-09-24
sh600433,冠豪高新,3.26,-0.03,-0.912,3.26,3.27,3.29,3.28,3.33,3.25,15376700.0,50418247.0,15:34:59,2026-09-24
sh600435,北方导航,11.16,-0.16,-1.413,11.15,11.16,11.32,11.39,11.39,11.15,12892951.0,144788575.0,15:34:59,2026-09-24
sh600436,片仔癀,117.4,-2.7,-2.248,117.4,117.41,120.1,120.0,120.38,117.08,1830326.0,216427068.0,15:34:59,2026-09-24
sh600438,通威股份,11.12,-0.46,-3.972,11.12,11.13,11.58,11.54,11.57,11.11,29123973.0,328344935.0,15:34:59,2026-09-24
sh600439,ST瑞贝卡,1.86,-0.01,-0.535,1.86,1.87,1.87,1.86,1.88,1.86,3381740.0,6305861.0,15:00:01,2026-09-24
sh600444,国机通用,14.4,-0.1,-0.69,14.4,14.44,14.5,14.5,14.57,14.32,1525100.0,22018049.0,15:00:00,2026-09-24
sh600446,金证股份,10.37,-0.25,-2.354,10.37,10.38,10.62,10.57,10.66,10.35,10296500.0,107737307.0,15:34:59,2026-09-24
sh600448,华纺股份,3.27,0.01,0.307,3.27,3.28,3.26,3.24,3.42,3.19,155216916.0,516531877.0,15:34:59,2026-09-24
sh600449,宁夏建材,12.71,-0.4,-3.051,12.7,12.71,13.11,13.01,13.1,12.66,7573700.0,97119264.0,15:34:59,2026-09-24
sh600452,涪陵电力,8.81,-0.12,-1.344,8.81,8.82,8.93,8.91,8.93,8.81,17793076.0,157488187.0,15:34:59,2026-09-24
sh600455,博通股份,24.7,0.33,1.354,24.65,24.7,24.37,24.28,24.76,24.21,1135800.0,27943382.0,15:34:59,2026-09-24
sh600456,宝钛股份,25.08,-0.37,-1.454,25.08,25.09,25.45,25.32,25.65,25.08,2894834.0,73126208.0,15:34:59,2026-09-24
sh600458,时代新材,11.11,-0.12,-1.069,11.11,11.12,11.23,11.22,11.3,11.11,9187184.0,102703323.0,15:34:59,2026-09-24
sh600459,贵研铂业,18.53,-0.56,-2.933,18.53,18.54,19.09,18.91,19.01,18.5,10314999.0,192995336.0,15:34:59,2026-09-24
sh600460,士兰微,32.72,-0.95,-2.822,32.72,32.73,33.67,33.35,33.58,32.7,48865841.0,1612681465.0,15:34:59,2026-09-24
sh600461,洪城环境,8.76,-0.08,-0.905,8.76,8.77,8.84,8.84,8.88,8.76,7672115.0,67555625.0,15:34:59,2026-09-24
sh600463,空港股份,8.15,-0.11,-1.332,8.15,8.16,8.26,8.2,8.36,8.11,3096800.0,25403229.0,15:34:59,2026-09-24
sh600467,好当家,2.38,-0.03,-1.245,2.37,2.38,2.41,2.41,2.43,2.36,32734600.0,78109964.0,15:34:59,2026-09-24
sh600468,百利电气,6.05,-0.01,-0.165,6.05,6.06,6.06,6.07,6.12,6.02,13903800.0,84335806.0,15:34:59,2026-09-24
sh600469,风神股份,4.96,-0.02,-0.402,4.95,4.96,4.98,4.98,5.02,4.95,3286200.0,16375237.0,15:00:02,2026-09-24
sh600470,六国化工,5.61,-0.04,-0.708,5.6,5.61,5.65,5.62,5.73,5.57,11396500.0,64047679.0,15:34:59,2026-09-24
sh600475,华光环能,14.74,-0.36,-2.384,14.72,14.74,15.1,15.1,15.14,14.71,5906111.0,87509600.0,15:34:59,2026-09-24
sh600476,*ST湘邮,9.97,-0.27,-2.637,9.97,9.98,10.24,10.24,10.33,9.97,1243192.0,12567897.0,15:00:02,2026-09-24
sh600477,杭萧钢构,2.4,-0.02,-0.826,2.4,2.41,2.42,2.42,2.44,2.39,26244995.0,63208359.0,15:34:59,2026-09-24
sh600478,科力远,4.41,-0.07,-1.563,4.4,4.41,4.48,4.47,4.51,4.39,19640399.0,87316686.0,15:00:02,2026-09-24
sh600479,千金药业,12.4,-0.79,-5.989,12.4,12.41,13.19,13.0,13.36,12.38,65630455.0,833493903.0,15:34:59,2026-09-24
sh600480,凌云股份,7.81,0.03,0.386,7.8,7.81,7.78,7.78,7.88,7.74,9249435.0,72286447.0,15:34:59,2026-09-24
sh600481,双良节能,3.98,-0.07,-1.728,3.98,3.99,4.05,4.05,4.09,3.98,31845800.0,127641588.0,15:34:59,2026-09-24
sh600482,中国动力,34.25,-0.48,-1.382,34.25,34.26,34.73,34.73,35.06,34.18,7000995.0,240979888.0,15:34:59,2026-09-24
sh600483,福能股份,10.73,0.06,0.562,10.73,10.74,10.67,10.65,10.81,10.61,11282790.0,120652232.0,15:34:59,2026-09-24
sh600486,扬农化工,51.36,-1.15,-2.19,51.36,51.38,52.51,52.35,52.7,51.36,2989522.0,155200057.0,15:34:59,2026-09-24
sh600487,亨通光电,67.38,-2.56,-3.66,67.37,67.38,69.94,69.8,70.38,67.18,109535136.0,7505827556.0,15:34:59,2026-09-24
sh600488,津药药业,5.7,-0.2,-3.39,5.7,5.71,5.9,5.85,5.9,5.69,47791900.0,275020309.0,15:34:59,2026-09-24
sh600489,中金黄金,22.12,-1.28,-5.47,22.12,22.13,23.4,22.93,23.05,22.08,73789147.0,1656902636.0,15:34:59,2026-09-24
sh600490,鹏欣资源,6.79,-0.34,-4.769,6.79,6.8,7.13,7.06,7.07,6.78,35215665.0,242946127.0,15:34:59,2026-09-24
sh600491,ST龙元,1.62,-0.05,-2.994,1.61,1.62,1.67,1.68,1.72,1.61,50526855.0,84061424.0,15:34:59,2026-09-24
sh600493,凤竹纺织,6.46,0.11,1.732,6.46,6.47,6.35,6.32,6.66,6.28,6592180.0,42511648.0,15:00:01,2026-09-24
sh600495,晋西车轴,4.08,0.01,0.246,4.08,4.09,4.07,4.06,4.1,4.05,5861499.0,23922510.0,15:34:59,2026-09-24
sh600496,精工钢构,3.36,0.02,0.599,3.35,3.36,3.34,3.33,3.36,3.3,20522300.0,68576488.0,15:34:59,2026-09-24
sh600497,驰宏锌锗,9.26,-0.37,-3.842,9.25,9.26,9.63,9.56,9.58,9.24,84654590.0,793492991.0,15:34:59,2026-09-24
sh600498,烽火通信,41.08,-1.46,-3.432,41.07,41.08,42.54,42.19,42.5,41.06,41878716.0,1740050357.0,15:34:59,2026-09-24
sh600499,科达制造,11.25,-0.41,-3.516,11.24,11.25,11.66,11.6,11.61,11.21,50114864.0,568578970.0,15:34:59,2026-09-24
sh600500,中化国际,5.55,-0.25,-4.31,5.54,5.55,5.8,5.74,5.78,5.53,104518463.0,588624591.0,15:34:59,2026-09-24
sh600501,航天晨光,14.74,0.22,1.515,14.73,14.75,14.52,14.49,15.17,14.47,5979239.0,88543968.0,15:34:59,2026-09-24
sh600502,安徽建工,4.16,0.03,0.726,4.16,4.17,4.13,4.13,4.17,4.1,29097107.0,120577036.0,15:34:59,2026-09-24
sh600503,华丽家族,2.65,-0.29,-9.864,0.0,2.65,2.94,2.7,2.76,2.65,178891700.0,475416010.0,15:34:59,2026-09-24
sh600505,西昌电力,10.17,-0.07,-0.684,10.16,10.17,10.24,10.25,10.28,10.15,4495415.0,45794852.0,15:34:59,2026-09-24
sh600506,统一股份,18.18,1.08,6.316,18.18,18.19,17.1,17.05,18.8,17.05,37117311.0,666927992.0,15:34:59,2026-09-24
sh600507,方大特钢,4.03,-0.01,-0.248,4.03,4.04,4.04,4.04,4.07,4.01,11813958.0,47637140.0,15:34:59,2026-09-24
sh600508,上海能源,10.76,0.01,0.093,10.76,10.77,10.75,10.71,10.95,10.68,11350382.0,122714732.0,15:34:59,2026-09-24
sh600509,天富能源,7.11,-0.15,-2.066,7.11,7.12,7.26,7.24,7.26,7.11,12842348.0,91966860.0,15:34:59,2026-09-24
sh600510,黑牡丹,6.67,-0.11,-1.622,6.67,6.68,6.78,6.75,6.83,6.64,5000500.0,33578541.0,15:00:02,2026-09-24
sh600511,国药股份,25.73,-0.38,-1.455,25.73,25.76,26.11,26.1,26.21,25.7,3807200.0,98536198.0,15:00:01,2026-09-24
sh600512,腾达建设,2.05,-0.01,-0.485,2.04,2.05,2.06,2.06,2.08,2.04,19712489.0,40446201.0,15:00:00,2026-09-24
sh600513,联环药业,14.77,-0.2,-1.336,14.77,14.78,14.97,14.97,15.2,14.74,4794978.0,71288978.0,15:34:59,2026-09-24
sh600515,海南机场,2.69,-0.04,-1.465,2.69,2.7,2.73,2.72,2.73,2.68,65533500.0,176899431.0,15:34:59,2026-09-24
sh600516,方大炭素,5.42,0.0,0.0,5.41,5.42,5.42,5.4,5.46,5.36,39367297.0,212795396.0,15:34:59,2026-09-24
sh600517,国网英大,4.84,-0.09,-1.826,4.83,4.84,4.93,4.92,4.93,4.82,19213139.0,93251717.0,15:34:59,2026-09-24
sh600518,康美药业,1.33,-0.02,-1.481,1.33,1.34,1.35,1.35,1.36,1.33,110296182.0,147993164.0,15:34:59,2026-09-24
sh600519,贵州茅台,1237.0,-14.24,-1.138,1237.0,1237.05,1251.24,1250.01,1256.13,1231.05,3123935.0,3867310920.0,15:34:59,2026-09-24
sh600520,三佳科技,25.79,-0.35,-1.339,25.79,25.8,26.14,25.93,26.37,25.76,5032200.0,130991244.0,15:34:59,2026-09-24
sh600521,华海药业,15.88,-0.53,-3.23,15.87,15.88,16.41,16.22,16.43,15.75,27338946.0,437340825.0,15:34:59,2026-09-24
sh600522,中天科技,34.8,-0.98,-2.739,34.8,34.81,35.78,35.7,36.07,34.79,120257584.0,4236806106.0,15:34:59,2026-09-24
sh600523,贵航股份,11.89,-0.04,-0.335,11.89,11.9,11.93,11.9,12.0,11.85,2306433.0,27530044.0,15:00:00,2026-09-24
sh600525,长园集团,4.88,-0.03,-0.611,4.87,4.88,4.91,4.92,4.95,4.83,9203100.0,44892367.0,15:00:02,2026-09-24
sh600526,菲达环保,4.56,0.02,0.441,4.55,4.56,4.54,4.52,4.6,4.52,5860811.0,26706621.0,15:00:02,2026-09-24
sh600527,江南高纤,2.19,0.0,0.0,2.18,2.19,2.19,2.18,2.22,2.17,26706060.0,58630091.0,15:00:01,2026-09-24
sh600528,中铁工业,6.74,-0.07,-1.028,6.74,6.75,6.81,6.8,6.81,6.74,6087800.0,41200089.0,15:34:59,2026-09-24
sh600529,山东药玻,18.2,-0.3,-1.622,18.2,18.21,18.5,18.49,18.6,18.2,3640918.0,66816739.0,15:00:01,2026-09-24
sh600530,ST交昂,3.89,-0.09,-2.261,3.89,3.9,3.98,3.91,3.97,3.89,3834400.0,15042033.0,15:00:01,2026-09-24
sh600531,豫光金铅,11.53,-0.51,-4.236,11.53,11.54,12.04,11.89,11.9,11.5,29817967.0,347963927.0,15:34:59,2026-09-24
sh600533,栖霞建设,2.2,-0.03,-1.345,2.2,2.21,2.23,2.24,2.25,2.18,14870800.0,32805348.0,15:00:00,2026-09-24
sh600535,天士力,13.68,-0.21,-1.512,13.68,13.69,13.89,13.88,13.9,13.64,10483640.0,143957799.0,15:34:59,2026-09-24
sh600536,中国软件,30.69,-0.7,-2.23,30.68,30.69,31.39,31.3,31.46,30.69,8718201.0,270275385.0,15:34:59,2026-09-24
sh600537,*ST亿晶,2.22,0.03,1.37,2.22,2.23,2.19,2.17,2.26,2.17,32149200.0,71066450.0,15:34:59,2026-09-24
sh600538,国发股份,4.75,-0.07,-1.452,4.75,4.76,4.82,4.87,4.98,4.71,9074298.0,43691789.0,15:34:59,2026-09-24
sh600539,狮头股份,15.0,0.38,2.599,14.99,15.0,14.62,14.66,15.4,14.66,20690101.0,311263342.0,15:34:59,2026-09-24
sh600540,新赛股份,5.43,-0.37,-6.379,5.43,5.44,5.8,5.7,5.77,5.39,76167283.0,419961906.0,15:34:59,2026-09-24
sh600543,*ST莫高,4.07,-0.02,-0.489,4.07,4.09,4.09,4.08,4.11,4.05,792800.0,3232321.0,15:00:02,2026-09-24
sh600545,卓郎智能,4.32,-0.1,-2.262,4.31,4.32,4.42,4.4,4.6,4.3,88572824.0,389106685.0,15:34:59,2026-09-24
sh600546,山煤国际,13.36,-0.01,-0.075,13.35,13.36,13.37,13.37,13.52,13.23,13166026.0,176228381.0,15:00:02,2026-09-24
sh600547,山东黄金,29.07,-1.86,-6.014,29.06,29.07,30.93,30.37,30.5,28.97,83672036.0,2469565746.0,15:34:59,2026-09-24
sh600548,深高速,8.03,-0.01,-0.124,8.03,8.04,8.04,8.05,8.06,8.01,1631000.0,13092238.0,15:00:01,2026-09-24
sh600549,厦门钨业,46.9,-1.81,-3.716,46.9,46.91,48.71,48.38,48.45,46.88,30191502.0,1430264967.0,15:34:59,2026-09-24
sh600550,保变电气,10.29,-0.11,-1.058,10.28,10.29,10.4,10.39,10.45,10.26,11472551.0,118566063.0,15:34:59,2026-09-24
sh600551,时代出版,7.77,0.02,0.258,7.77,7.78,7.75,7.7,8.08,7.66,29258620.0,230576273.0,15:34:59,2026-09-24
sh600552,凯盛科技,18.2,-0.36,-1.94,18.2,18.21,18.56,18.33,18.99,18.16,91324911.0,1693349348.0,15:34:59,2026-09-24
sh600556,天下秀,4.54,-0.06,-1.304,4.53,4.54,4.6,4.58,4.68,4.52,31494192.0,144276674.0,15:34:59,2026-09-24
sh600557,康缘药业,12.19,-0.19,-1.535,12.19,12.2,12.38,12.33,12.45,12.16,3466131.0,42471688.0,15:34:59,2026-09-24
sh600558,大西洋,4.86,0.11,2.316,4.85,4.86,4.75,4.74,5.1,4.73,28193047.0,138411127.0,15:34:59,2026-09-24
sh600559,老白干酒,10.91,-0.26,-2.328,10.91,10.92,11.17,11.1,11.2,10.9,9541274.0,105063001.0,15:34:59,2026-09-24
sh600560,金自天正,11.39,0.08,0.707,11.38,11.39,11.31,11.37,11.63,11.24,2747700.0,31461280.0,15:00:02,2026-09-24
sh600561,江西长运,5.88,0.03,0.513,5.88,5.9,5.85,5.85,5.93,5.79,3563400.0,20961001.0,15:00:01,2026-09-24
sh600562,国睿科技,26.88,-1.07,-3.828,26.88,26.9,27.95,27.98,28.0,26.85,6951271.0,189254378.0,15:34:59,2026-09-24
sh600563,法拉电子,120.31,-4.89,-3.906,120.31,120.32,125.2,124.03,124.79,120.2,4355100.0,531509121.0,15:34:59,2026-09-24
sh600566,济川药业,24.41,-0.16,-0.651,24.41,24.42,24.57,24.66,24.76,24.35,3240659.0,79347722.0,15:00:00,2026-09-24
sh600567,山鹰国际,1.32,0.0,0.0,1.31,1.32,1.32,1.32,1.33,1.31,39447404.0,52039505.0,15:34:59,2026-09-24
sh600568,ST中珠,2.41,0.04,1.688,2.4,2.41,2.37,2.36,2.41,2.35,5558800.0,13273276.0,15:34:59,2026-09-24
sh600569,安阳钢铁,1.74,-0.03,-1.695,1.74,1.75,1.77,1.75,1.76,1.72,29107132.0,50552475.0,15:34:59,2026-09-24
sh600570,恒生电子,19.94,-0.26,-1.287,19.94,19.95,20.2,20.15,20.39,19.94,12649105.0,253955397.0,15:34:59,2026-09-24
sh600571,信雅达,10.21,-0.09,-0.874,10.21,10.22,10.3,10.3,10.36,10.2,3587609.0,36789354.0,15:00:01,2026-09-24
sh600572,康恩贝,4.21,-0.04,-0.941,4.21,4.22,4.25,4.24,4.27,4.18,44730229.0,188385930.0,15:34:59,2026-09-24
sh600573,惠泉啤酒,10.0,-0.1,-0.99,10.0,10.01,10.1,10.03,10.16,9.83,6377600.0,63584878.0,15:34:59,2026-09-24
sh600575,淮河能源,3.15,0.0,0.0,3.14,3.15,3.15,3.15,3.18,3.13,24205600.0,76322497.0,15:34:59,2026-09-24
sh600576,祥源文旅,5.37,-0.04,-0.739,5.36,5.37,5.41,5.4,5.44,5.35,5261500.0,28296604.0,15:00:02,2026-09-24
sh600577,精达股份,8.62,-0.28,-3.146,8.62,8.63,8.9,8.9,8.92,8.6,58230455.0,506037825.0,15:34:59,2026-09-24
sh600578,京能电力,5.21,-0.02,-0.382,5.21,5.22,5.23,5.22,5.26,5.2,26248148.0,137164613.0,15:34:59,2026-09-24
sh600579,中化装备,7.16,0.0,0.0,7.16,7.17,7.16,7.17,7.26,7.13,4487910.0,32254815.0,15:34:59,2026-09-24
sh600580,卧龙电驱,26.77,-0.38,-1.4,26.77,26.78,27.15,27.15,27.59,26.76,19399757.0,527347497.0,15:34:59,2026-09-24
sh600581,*ST八钢,2.49,0.01,0.403,2.48,2.49,2.48,2.46,2.5,2.45,8324000.0,20603538.0,15:34:59,2026-09-24
sh600582,天地科技,4.83,-0.05,-1.025,4.83,4.84,4.88,4.87,4.9,4.83,12719007.0,61759535.0,15:34:59,2026-09-24
sh600583,海油工程,6.52,0.16,2.516,6.51,6.52,6.36,6.39,6.52,6.36,52563255.0,338759234.0,15:34:59,2026-09-24
sh600584,长电科技,68.78,-2.99,-4.166,68.78,68.79,71.77,70.98,70.98,68.78,54011150.0,3759138706.0,15:34:59,2026-09-24
sh600585,海螺水泥,16.93,-0.37,-2.139,16.93,16.94,17.3,17.22,17.29,16.89,22596033.0,383912715.0,15:34:59,2026-09-24
sh600586,金晶科技,3.96,-0.04,-1.0,3.95,3.96,4.0,3.99,4.02,3.94,9977237.0,39590141.0,15:00:02,2026-09-24
sh600587,新华医疗,12.95,-0.05,-0.385,12.95,12.96,13.0,12.99,13.18,12.91,15703364.0,204761456.0,15:34:59,2026-09-24
sh600588,用友网络,9.3,-0.2,-2.105,9.3,9.31,9.5,9.58,9.58,9.27,32620808.0,306088813.0,15:34:59,2026-09-24
sh600589,大位科技,7.66,-0.25,-3.161,7.66,7.67,7.91,7.8,7.89,7.65,43879768.0,339707057.0,15:34:59,2026-09-24
sh600590,泰豪科技,8.38,-0.08,-0.946,8.38,8.39,8.46,8.42,8.53,8.38,15589767.0,131491379.0,15:34:59,2026-09-24
sh600592,龙溪股份,14.84,0.34,2.345,14.84,14.85,14.5,14.5,15.28,14.4,11719736.0,175046888.0,15:34:59,2026-09-24
sh600593,大连圣亚,49.05,-0.74,-1.486,49.05,49.06,49.79,48.58,51.0,48.58,13551500.0,674109189.0,15:34:59,2026-09-24
sh600594,益佰制药,3.61,-0.06,-1.635,3.61,3.62,3.67,3.68,3.71,3.59,15858800.0,57615955.0,15:34:59,2026-09-24
sh600595,中孚实业,5.84,-0.12,-2.013,5.83,5.84,5.96,5.95,5.96,5.83,48073265.0,282515631.0,15:34:59,2026-09-24
sh600596,新安股份,11.2,-0.63,-5.325,11.19,11.2,11.83,11.72,11.8,11.2,50391262.0,576085044.0,15:34:59,2026-09-24
sh600597,光明乳业,6.69,-0.08,-1.182,6.68,6.69,6.77,6.74,6.79,6.66,6275400.0,42078763.0,15:34:59,2026-09-24
sh600598,北大荒,12.49,-0.27,-2.116,12.49,12.5,12.76,12.77,12.93,12.48,19359258.0,244633771.0,15:34:59,2026-09-24
sh600600,青岛啤酒,49.89,-0.57,-1.13,49.89,49.9,50.46,50.3,50.6,49.88,3374360.0,169042818.0,15:34:59,2026-09-24
sh600601,方正科技,14.24,-0.82,-5.445,14.23,14.24,15.06,14.9,15.07,14.22,161824160.0,2357027023.0,15:34:59,2026-09-24
sh600602,云赛智联,16.68,-0.24,-1.418,16.68,16.69,16.92,16.82,16.99,16.66,9783623.0,164084854.0,15:34:59,2026-09-24
sh600603,广汇物流,4.62,-0.04,-0.858,4.61,4.62,4.66,4.64,4.72,4.61,7293899.0,33938821.0,15:00:00,2026-09-24
sh600604,市北高新,4.81,-0.16,-3.219,4.8,4.81,4.97,4.93,4.97,4.8,27625322.0,134389458.0,15:34:59,2026-09-24
sh600605,汇通能源,30.25,-1.36,-4.302,30.24,30.25,31.61,31.05,31.66,29.95,18415585.0,565805028.0,15:34:59,2026-09-24
sh600606,绿地控股,1.43,-0.08,-5.298,1.42,1.43,1.51,1.5,1.51,1.4,410342667.0,590808735.0,15:34:59,2026-09-24
sh600609,金杯汽车,3.54,-0.02,-0.562,3.53,3.54,3.56,3.55,3.61,3.51,42604331.0,151440482.0,15:34:59,2026-09-24
sh600610,中毅达,7.47,-0.13,-1.711,7.46,7.47,7.6,7.53,7.64,7.44,18765738.0,141117903.0,15:34:59,2026-09-24
sh600611,大众交通,4.41,-0.09,-2.0,4.41,4.42,4.5,4.5,4.56,4.41,37646079.0,168480357.0,15:34:59,2026-09-24
sh600612,老凤祥,31.37,-0.58,-1.815,31.37,31.39,31.95,31.91,32.06,31.35,1157800.0,36623268.0,15:34:59,2026-09-24
sh600613,神奇制药,8.25,-0.41,-4.734,8.25,8.26,8.66,8.5,8.76,8.2,74340150.0,622929684.0,15:34:59,2026-09-24
sh600615,鑫源智造,9.43,0.02,0.213,9.43,9.46,9.41,9.6,9.6,9.36,2189315.0,20756333.0,15:00:02,2026-09-24
sh600616,金枫酒业,5.11,-0.27,-5.019,5.11,5.12,5.38,5.24,5.42,5.05,81783758.0,425647236.0,15:34:59,2026-09-24
sh600617,国新能源,3.24,0.01,0.31,3.23,3.24,3.23,3.23,3.28,3.21,21094300.0,68411280.0,15:00:01,2026-09-24
sh600618,氯碱化工,9.72,-0.21,-2.115,9.71,9.72,9.93,9.87,9.92,9.71,3935800.0,38559099.0,15:34:59,2026-09-24
sh600619,海立股份,13.18,-0.19,-1.421,13.18,13.19,13.37,13.36,13.54,12.94,20359773.0,267112951.0,15:34:59,2026-09-24
sh600620,天宸股份,4.35,-0.01,-0.229,4.35,4.36,4.36,4.36,4.45,4.33,5122102.0,22325130.0,15:00:00,2026-09-24
sh600621,华鑫股份,13.73,-0.4,-2.831,13.73,13.74,14.13,13.91,13.97,13.72,20914322.0,289180146.0,15:34:59,2026-09-24
sh600622,光大嘉宝,2.43,-0.07,-2.8,2.43,2.44,2.5,2.47,2.5,2.39,32675500.0,79678455.0,15:00:00,2026-09-24
sh600623,华谊集团,8.62,0.14,1.651,8.62,8.63,8.48,8.45,8.73,8.43,16754109.0,144520364.0,15:34:59,2026-09-24
sh600624,ST复华,4.62,-0.03,-0.645,4.62,4.64,4.65,4.65,4.7,4.62,2447123.0,11388793.0,15:00:00,2026-09-24
sh600626,申达股份,3.81,0.02,0.528,3.81,3.82,3.79,3.76,3.91,3.74,19283800.0,73708293.0,15:34:59,2026-09-24
sh600628,新世界,6.28,-0.03,-0.475,6.28,6.29,6.31,6.32,6.36,6.26,4075910.0,25671915.0,15:00:01,2026-09-24
sh600629,华建集团,16.35,0.0,0.0,16.33,16.35,16.35,16.38,16.99,16.16,22498546.0,372557987.0,15:34:59,2026-09-24
sh600630,龙头股份,8.62,0.09,1.055,8.61,8.62,8.53,7.97,9.15,7.93,117187192.0,987104083.0,15:34:59,2026-09-24
sh600633,浙数文化,10.13,-0.12,-1.171,10.13,10.14,10.25,10.3,10.34,10.11,7772918.0,79282550.0,15:34:59,2026-09-24
sh600635,大众公用,4.43,-0.03,-0.673,4.42,4.43,4.46,4.45,4.49,4.42,19647343.0,87272109.0,15:34:59,2026-09-24
sh600637,东方明珠,8.89,-0.07,-0.781,8.88,8.89,8.96,8.97,9.07,8.87,39733116.0,355641156.0,15:34:59,2026-09-24
sh600638,新黄浦,5.06,-0.09,-1.748,5.05,5.06,5.15,5.1,5.18,5.01,12782160.0,64757627.0,15:00:00,2026-09-24
sh600639,浦东金桥,9.61,-0.12,-1.233,9.61,9.62,9.73,9.68,9.76,9.6,4165040.0,40181206.0,15:00:01,2026-09-24
sh600640,国脉文化,12.16,-0.4,-3.185,12.16,12.17,12.56,12.25,12.48,12.08,18317417.0,223685151.0,15:34:59,2026-09-24
sh600641,先导基电,51.56,3.76,7.866,51.55,51.56,47.8,47.99,52.58,47.68,155486442.0,8047256528.0,15:34:59,2026-09-24
sh600642,申能股份,8.78,0.05,0.573,8.78,8.79,8.73,8.69,8.82,8.68,14365625.0,125706010.0,15:34:59,2026-09-24
sh600643,爱建集团,3.99,-0.04,-0.993,3.99,4.0,4.03,4.03,4.06,3.96,12708660.0,50701580.0,15:34:59,2026-09-24
sh600644,乐山电力,8.82,-0.14,-1.563,8.81,8.82,8.96,8.92,9.02,8.78,25703672.0,228251757.0,15:34:59,2026-09-24
sh600645,中源协和,18.91,-0.34,-1.766,18.91,18.92,19.25,19.19,19.9,18.91,10519300.0,203318080.0,15:34:59,2026-09-24
sh600648,外高桥,9.3,-0.15,-1.587,9.29,9.3,9.45,9.39,9.45,9.27,1761350.0,16425986.0,15:00:00,2026-09-24
sh600649,城投控股,4.0,-0.11,-2.676,3.99,4.0,4.11,4.08,4.13,3.98,31401324.0,126447245.0,15:00:02,2026-09-24
sh600650,锦江在线,10.4,0.09,0.873,10.39,10.4,10.31,10.67,11.19,10.36,9596615.0,102319523.0,15:34:59,2026-09-24
sh600651,飞乐音响,5.22,-0.06,-1.136,5.22,5.23,5.28,5.24,5.43,5.22,23874000.0,126723739.0,15:34:59,2026-09-24
sh600653,申华控股,1.76,-0.11,-5.882,1.75,1.76,1.87,1.81,1.83,1.73,134090645.0,235764600.0,15:34:59,2026-09-24
sh600654,中安科,3.02,0.01,0.332,3.02,3.03,3.01,2.99,3.04,2.98,39064144.0,117839882.0,15:34:59,2026-09-24
sh600655,豫园股份,4.47,-0.1,-2.188,4.47,4.48,4.57,4.57,4.58,4.47,14243700.0,64287074.0,15:00:00,2026-09-24
sh600657,信达地产,3.06,-0.11,-3.47,3.06,3.07,3.17,3.13,3.2,3.04,56926842.0,176235147.0,15:34:59,2026-09-24
sh600658,电子城,4.09,-0.04,-0.969,4.09,4.1,4.13,4.13,4.19,4.07,12029538.0,49490262.0,15:34:59,2026-09-24
sh600660,福耀玻璃,52.47,-0.33,-0.625,52.47,52.48,52.8,52.8,53.44,51.91,8271656.0,436503031.0,15:34:59,2026-09-24
sh600661,昂立教育,9.56,0.53,5.869,9.56,9.57,9.03,9.04,9.89,9.0,23605299.0,224583580.0,15:34:59,2026-09-24
sh600662,外服控股,4.2,-0.03,-0.709,4.2,4.21,4.23,4.21,4.26,4.19,7589419.0,32007619.0,15:34:59,2026-09-24
sh600663,陆家嘴,8.71,-0.44,-4.809,8.71,8.73,9.15,9.1,9.14,8.71,21703612.0,191515238.0,15:34:59,2026-09-24
sh600664,哈药股份,8.14,-0.9,-9.956,0.0,8.14,9.04,8.65,9.08,8.14,485654310.0,4120296775.0,15:34:59,2026-09-24
sh600665,天地源,3.39,-0.08,-2.305,3.39,3.4,3.47,3.44,3.49,3.36,14169900.0,48234810.0,15:00:00,2026-09-24
sh600666,奥瑞德,3.28,-0.07,-2.09,3.28,3.29,3.35,3.33,3.38,3.28,61796520.0,204586726.0,15:34:59,2026-09-24
sh600667,太极实业,19.41,-1.18,-5.731,19.4,19.41,20.59,20.17,20.24,19.4,154432244.0,3055484554.0,15:34:59,2026-09-24
sh600668,尖峰集团,7.34,-0.05,-0.677,7.34,7.36,7.39,7.39,7.44,7.28,3635200.0,26727318.0,15:00:02,2026-09-24
sh600671,天目药业,23.03,-0.27,-1.159,23.03,23.04,23.3,23.27,23.39,22.84,2134000.0,49130811.0,15:00:01,2026-09-24
sh600673,东阳光,31.69,-0.43,-1.339,31.68,31.69,32.12,31.91,32.05,31.29,13267965.0,419628202.0,15:34:59,2026-09-24
sh600674,川投能源,16.27,0.22,1.371,16.26,16.27,16.05,16.05,16.31,16.01,24942090.0,403904719.0,15:34:59,2026-09-24
sh600675,中华企业,2.47,-0.04,-1.594,2.46,2.47,2.51,2.53,2.66,2.41,163998128.0,411244471.0,15:34:59,2026-09-24
sh600676,久事动娱,6.74,0.08,1.201,6.73,6.74,6.66,6.67,6.84,6.54,13812561.0,92420108.0,15:00:00,2026-09-24
sh600678,ST金顶,5.68,-0.05,-0.873,5.68,5.69,5.73,5.78,5.78,5.65,3453119.0,19738650.0,15:00:02,2026-09-24
sh600679,上海凤凰,10.63,-0.06,-0.561,10.63,10.64,10.69,10.7,11.02,10.47,9461907.0,101267101.0,15:34:59,2026-09-24
sh600681,百川能源,3.41,0.02,0.59,3.41,3.42,3.39,3.4,3.44,3.36,16445900.0,56071766.0,15:34:59,2026-09-24
sh600682,南京新百,5.76,-0.09,-1.538,5.76,5.77,5.85,5.81,5.92,5.75,12134163.0,70663553.0,15:00:01,2026-09-24
sh600683,京投发展,9.32,-0.3,-3.119,9.32,9.33,9.62,9.57,9.69,9.25,18215601.0,171087631.0,15:34:59,2026-09-24
sh600684,珠江股份,3.56,-0.06,-1.657,3.55,3.56,3.62,3.62,3.64,3.53,13709761.0,48998851.0,15:34:59,2026-09-24
sh600685,中船防务,28.63,-0.43,-1.48,28.62,28.63,29.06,28.99,29.07,28.62,9047409.0,260890460.0,15:34:59,2026-09-24
sh600686,金龙汽车,10.88,-0.23,-2.07,10.87,10.88,11.11,11.02,11.2,10.86,12906885.0,141846555.0,15:34:59,2026-09-24
sh600688,上海石化,2.75,-0.03,-1.079,2.75,2.76,2.78,2.78,2.8,2.75,47383600.0,131153858.0,15:34:59,2026-09-24
sh600689,上海三毛,12.04,-0.07,-0.578,12.03,12.04,12.11,12.04,12.18,11.93,1925500.0,23177405.0,15:00:00,2026-09-24
sh600690,海尔智家,20.14,-0.06,-0.297,20.13,20.14,20.2,20.2,20.45,20.12,21378664.0,433429341.0,15:34:59,2026-09-24
sh600691,潞化科技,2.74,-0.02,-0.725,2.73,2.74,2.76,2.77,2.81,2.73,38705456.0,107123624.0,15:34:59,2026-09-24
sh600692,亚通股份,6.44,-0.07,-1.075,6.44,6.45,6.51,6.47,6.57,6.4,5459100.0,35271824.0,15:00:00,2026-09-24
sh600693,东百集团,9.76,0.26,2.737,9.76,9.77,9.5,9.56,9.88,9.34,69858082.0,671239057.0,15:34:59,2026-09-24
sh600694,大商股份,14.34,-0.07,-0.486,14.34,14.35,14.41,14.4,14.46,14.31,1663696.0,23908053.0,15:00:00,2026-09-24
sh600697,欧亚集团,11.38,0.02,0.176,11.37,11.38,11.36,11.39,11.51,11.24,6180900.0,70160358.0,15:34:59,2026-09-24
sh600698,湖南天雁,6.94,0.07,1.019,6.93,6.94,6.87,6.84,7.01,6.82,18515104.0,128645607.0,15:34:59,2026-09-24
sh600699,均胜电子,22.62,1.09,5.063,22.61,22.62,21.53,21.52,23.68,21.31,128960500.0,2951694585.0,15:34:59,2026-09-24
sh600702,舍得酒业,32.48,-0.9,-2.696,32.48,32.49,33.38,33.2,33.48,32.48,4532175.0,148687799.0,15:34:59,2026-09-24
sh600703,三安光电,12.47,-0.36,-2.806,12.47,12.48,12.83,12.74,12.75,12.47,64891384.0,816692382.0,15:34:59,2026-09-24
sh600704,物产中大,4.77,-0.08,-1.649,4.77,4.78,4.85,4.84,4.85,4.76,37700046.0,180794227.0,15:34:59,2026-09-24
sh600706,曲江文旅,8.17,-0.15,-1.803,8.17,8.18,8.32,8.33,8.41,8.17,7317000.0,60204753.0,15:34:59,2026-09-24
sh600707,彩虹股份,9.49,-0.31,-3.163,9.49,9.5,9.8,9.8,9.93,9.48,133993460.0,1295028103.0,15:34:59,2026-09-24
sh600708,光明地产,3.03,-0.07,-2.258,3.03,3.04,3.1,3.08,3.14,3.02,19775500.0,60431429.0,15:34:59,2026-09-24
sh600710,苏美达,11.29,-0.08,-0.704,11.29,11.3,11.37,11.35,11.55,11.27,6155639.0,69986882.0,15:34:59,2026-09-24
sh600711,盛屯矿业,10.43,-0.47,-4.312,10.42,10.43,10.9,10.78,10.78,10.4,54342920.0,571375159.0,15:34:59,2026-09-24
sh600712,南宁百货,5.57,-0.03,-0.536,5.56,5.57,5.6,5.57,5.68,5.52,18479100.0,103123435.0,15:34:59,2026-09-24
sh600713,南京医药,4.92,-0.02,-0.405,4.92,4.93,4.94,4.96,4.97,4.91,8884236.0,43849196.0,15:00:01,2026-09-24
sh600714,金瑞矿业,18.51,-0.95,-4.882,18.5,18.51,19.46,19.15,19.27,18.46,20394296.0,381715417.0,15:34:59,2026-09-24
sh600715,文投控股,1.69,0.04,2.424,1.68,1.69,1.65,1.64,1.78,1.62,91446400.0,154707363.0,15:34:59,2026-09-24
sh600716,凤凰股份,3.69,-0.04,-1.072,3.69,3.7,3.73,3.73,3.77,3.66,4919010.0,18171715.0,15:00:00,2026-09-24
sh600717,天津港,4.22,-0.01,-0.236,4.22,4.23,4.23,4.22,4.24,4.19,15059968.0,63455452.0,15:34:59,2026-09-24
sh600718,东软集团,7.9,-0.09,-1.126,7.9,7.91,7.99,8.0,8.04,7.88,5405900.0,42965236.0,15:00:02,2026-09-24
sh600719,大连热电,7.39,-0.2,-2.635,7.38,7.39,7.59,7.51,7.63,7.37,15905324.0,118564976.0,15:34:59,2026-09-24
sh600720,中交设计,5.1,-0.06,-1.163,5.09,5.1,5.16,5.17,5.17,5.09,4811060.0,24633566.0,15:34:59,2026-09-24
sh600721,百花医药,12.92,-0.37,-2.784,12.91,12.92,13.29,12.66,13.96,12.45,152609106.0,2004408988.0,15:34:59,2026-09-24
sh600722,金牛化工,15.12,-1.17,-7.182,15.11,15.12,16.29,15.81,16.2,15.0,97091553.0,1505042026.0,15:34:59,2026-09-24
sh600724,宁波富达,4.96,-0.09,-1.782,4.95,4.96,5.05,5.05,5.09,4.94,7828662.0,39138613.0,15:00:01,2026-09-24
sh600725,云维股份,3.25,0.05,1.563,3.25,3.26,3.2,3.21,3.29,3.18,15942665.0,51883802.0,15:34:59,2026-09-24
sh600726,华电能源,5.03,-0.04,-0.789,5.03,5.04,5.07,5.07,5.08,5.01,42382441.0,213418749.0,15:34:59,2026-09-24
sh600727,鲁北化工,7.61,0.09,1.197,7.6,7.61,7.52,7.49,7.65,7.47,10093046.0,76529478.0,15:34:59,2026-09-24
sh600728,佳都科技,4.39,-0.08,-1.79,4.39,4.4,4.47,4.46,4.49,4.37,15726863.0,69565996.0,15:00:00,2026-09-24
sh600729,重百集团,18.14,-0.24,-1.306,18.14,18.15,18.38,18.39,18.46,18.08,1961100.0,35725494.0,15:00:02,2026-09-24
sh600730,*ST高科,8.91,-0.38,-4.09,8.9,8.91,9.29,9.23,9.36,8.9,6295400.0,57507613.0,15:34:59,2026-09-24
sh600731,湖南海利,5.89,0.01,0.17,5.88,5.89,5.88,5.89,5.92,5.85,2852040.0,16752780.0,15:00:00,2026-09-24
sh600732,爱旭股份,11.02,0.16,1.473,11.01,11.02,10.86,10.85,11.19,10.69,30484691.0,334765289.0,15:34:59,2026-09-24
sh600733,北汽蓝谷,4.68,-0.09,-1.887,4.67,4.68,4.77,4.74,4.88,4.67,89689238.0,427339895.0,15:34:59,2026-09-24
sh600734,*ST实达,1.93,0.0,0.0,1.92,1.93,1.93,1.92,1.94,1.88,34802685.0,66515374.0,15:34:59,2026-09-24
sh600735,ST新华锦,6.57,-0.09,-1.351,6.56,6.57,6.66,6.69,6.73,6.53,2903700.0,19095348.0,15:34:59,2026-09-24
sh600736,苏州高新,6.56,-0.1,-1.502,6.55,6.56,6.66,6.61,6.71,6.53,14416467.0,94966682.0,15:00:00,2026-09-24
sh600737,中粮糖业,14.75,-0.28,-1.863,14.75,14.76,15.03,15.01,15.16,14.61,50367564.0,746569232.0,15:34:59,2026-09-24
sh600738,丽尚国潮,4.2,0.01,0.239,4.2,4.21,4.19,4.21,4.24,4.16,10505692.0,44151018.0,15:00:02,2026-09-24
sh600739,辽宁成大,10.27,-0.16,-1.534,10.26,10.27,10.43,10.4,10.44,10.25,6845400.0,70645022.0,15:34:59,2026-09-24
sh600740,山西焦化,3.77,0.05,1.344,3.76,3.77,3.72,3.7,3.79,3.67,28292422.0,106251026.0,15:34:59,2026-09-24
sh600741,华域汽车,14.7,-0.12,-0.81,14.7,14.71,14.82,14.83,14.88,14.68,8362610.0,123464901.0,15:34:59,2026-09-24
sh600742,富维股份,7.79,0.08,1.038,7.79,7.8,7.71,7.69,7.82,7.66,5335474.0,41316389.0,15:34:59,2026-09-24
sh600743,华远控股,2.56,-0.26,-9.22,2.56,2.57,2.82,2.88,2.9,2.54,303676607.0,796693685.0,15:34:59,2026-09-24
sh600744,华银电力,6.08,-0.1,-1.618,6.07,6.08,6.18,6.18,6.18,6.05,60714960.0,370149332.0,15:34:59,2026-09-24
sh600745,*ST闻泰,17.04,-0.06,-0.351,17.03,17.04,17.1,17.08,17.42,17.04,20346603.0,350434489.0,15:34:59,2026-09-24
sh600746,江苏索普,6.85,-0.02,-0.291,6.84,6.85,6.87,6.82,6.98,6.8,8950300.0,61648801.0,15:00:02,2026-09-24
sh600748,上实发展,3.96,-0.03,-0.752,3.96,3.97,3.99,3.99,4.06,3.9,17020958.0,67496859.0,15:00:00,2026-09-24
sh600749,西藏旅游,13.19,-0.3,-2.224,13.19,13.2,13.49,13.42,13.51,13.18,5282900.0,70269814.0,15:34:59,2026-09-24
sh600750,华润江中,22.14,-0.31,-1.381,22.13,22.14,22.45,22.38,22.57,22.08,3644201.0,81280912.0,15:34:59,2026-09-24
sh600751,海航科技,2.87,-0.02,-0.692,2.86,2.87,2.89,2.91,2.93,2.85,21527688.0,61994340.0,15:34:59,2026-09-24
sh600753,ST海钦,13.47,0.07,0.522,13.47,13.48,13.4,13.6,13.98,13.26,5589600.0,75957612.0,15:34:59,2026-09-24
sh600754,锦江酒店,18.03,-0.41,-2.223,18.02,18.03,18.44,18.38,18.4,17.99,8087688.0,146590161.0,15:34:59,2026-09-24
sh600755,厦门国贸,6.02,0.22,3.793,6.01,6.02,5.8,5.78,6.02,5.77,53933331.0,319585660.0,15:34:59,2026-09-24
sh600756,浪潮软件,13.68,-0.12,-0.87,13.68,13.69,13.8,13.71,13.85,13.67,3747498.0,51531340.0,15:34:59,2026-09-24
sh600757,长江传媒,7.38,-0.01,-0.135,7.38,7.39,7.39,7.39,7.5,7.36,7223836.0,53581191.0,15:34:59,2026-09-24
sh600758,辽宁能源,3.64,0.13,3.704,3.63,3.64,3.51,3.55,3.86,3.5,87105179.0,321735589.0,15:34:59,2026-09-24
sh600759,ST洲际,2.31,0.0,0.0,2.31,2.32,2.31,2.31,2.33,2.29,51525158.0,119023474.0,15:34:59,2026-09-24
sh600760,中航沈飞,43.03,-1.05,-2.382,43.03,43.05,44.08,44.0,44.08,42.71,13910632.0,601149777.0,15:34:59,2026-09-24
sh600761,安徽合力,15.15,-0.16,-1.045,15.15,15.16,15.31,15.3,15.34,15.07,6785695.0,102894418.0,15:34:59,2026-09-24
sh600763,通策医疗,33.48,-0.38,-1.122,33.47,33.48,33.86,33.63,34.24,33.43,4369344.0,147517776.0,15:34:59,2026-09-24
sh600764,中国海防,18.36,-0.03,-0.163,18.36,18.37,18.39,18.39,18.5,18.19,4121819.0,75705927.0,15:34:59,2026-09-24
sh600765,中航重机,13.2,-0.15,-1.124,13.19,13.2,13.35,13.31,13.37,13.14,10313264.0,136391304.0,15:34:59,2026-09-24
sh600768,富邦新材,14.84,-0.2,-1.33,14.84,14.85,15.04,14.89,15.13,14.72,2278500.0,33918776.0,15:00:00,2026-09-24
sh600769,祥龙电业,15.72,-0.68,-4.146,15.71,15.72,16.4,16.33,16.41,15.6,8581546.0,136373423.0,15:00:01,2026-09-24
sh600770,综艺股份,6.21,-0.3,-4.608,6.21,6.22,6.51,6.3,6.62,6.19,104086110.0,662034028.0,15:34:59,2026-09-24
sh600771,广誉远,13.65,-0.17,-1.23,13.64,13.65,13.82,13.82,14.08,13.64,5389232.0,74261855.0,15:00:00,2026-09-24
sh600773,西藏城投,9.71,-0.31,-3.094,9.71,9.72,10.02,9.96,10.05,9.7,18694601.0,183887303.0,15:34:59,2026-09-24
sh600774,汉商集团,7.7,-0.07,-0.901,7.7,7.73,7.77,7.76,7.88,7.67,2964500.0,22957289.0,15:00:00,2026-09-24
sh600775,南京熊猫,9.51,-0.1,-1.041,9.51,9.52,9.61,9.6,9.8,9.5,8143400.0,78405007.0,15:34:59,2026-09-24
sh600776,东方通信,12.91,-0.12,-0.921,12.91,12.92,13.03,13.04,13.37,12.9,14475049.0,189007593.0,15:34:59,2026-09-24
sh600777,新潮能源,4.01,0.01,0.25,4.01,4.02,4.0,4.01,4.04,3.97,17577020.0,70302848.0,15:34:59,2026-09-24
sh600778,友好集团,5.75,-0.08,-1.372,5.74,5.75,5.83,5.85,5.85,5.7,8593400.0,49349550.0,15:34:59,2026-09-24
sh600779,水井坊,26.21,-0.49,-1.835,26.21,26.22,26.7,26.61,26.86,26.2,1752402.0,46246835.0,15:00:01,2026-09-24
sh600780,通宝能源,6.09,-0.04,-0.653,6.09,6.1,6.13,6.11,6.15,6.07,7527839.0,45988508.0,15:34:59,2026-09-24
sh600782,新钢股份,2.63,-0.03,-1.128,2.62,2.63,2.66,2.66,2.67,2.61,36015200.0,94730661.0,15:34:59,2026-09-24
sh600783,鲁信创投,15.3,-0.18,-1.163,15.3,15.31,15.48,15.4,15.84,15.27,11806371.0,183494873.0,15:34:59,2026-09-24
sh600784,鲁银投资,7.14,0.07,0.99,7.13,7.14,7.07,7.11,7.21,7.07,6156400.0,44010372.0,15:00:02,2026-09-24
sh600785,新华百货,10.54,-0.2,-1.862,10.53,10.54,10.74,10.8,10.85,10.47,15084550.0,159360099.0,15:34:59,2026-09-24
sh600787,中储股份,4.54,-0.03,-0.656,4.54,4.55,4.57,4.57,4.61,4.53,13629020.0,62206690.0,15:00:00,2026-09-24
sh600789,鲁抗医药,7.54,-0.22,-2.835,7.54,7.55,7.76,7.74,7.81,7.53,19187220.0,146599742.0,15:34:59,2026-09-24
sh600790,轻纺城,3.62,-0.11,-2.949,3.62,3.63,3.73,3.77,3.79,3.61,63021934.0,231924818.0,15:34:59,2026-09-24
sh600791,京能置业,6.92,-0.1,-1.425,6.92,6.93,7.02,6.99,7.09,6.88,14645800.0,101925634.0,15:34:59,2026-09-24
sh600792,云煤能源,5.7,0.52,10.039,5.7,0.0,5.18,5.1,5.7,5.03,182210911.0,1020598468.0,15:34:59,2026-09-24
sh600793,宜宾纸业,17.0,-0.73,-4.117,17.0,17.02,17.73,17.73,17.85,17.0,4445200.0,76712694.0,15:34:59,2026-09-24
sh600794,保税科技,3.17,0.01,0.316,3.16,3.17,3.16,3.16,3.2,3.14,11550200.0,36670307.0,15:34:59,2026-09-24
sh600795,国电电力,5.24,0.12,2.344,5.23,5.24,5.12,5.11,5.26,5.09,115278992.0,600289159.0,15:34:59,2026-09-24
sh600796,钱江生化,5.06,-0.02,-0.394,5.06,5.07,5.08,5.06,5.13,5.04,2906000.0,14761777.0,15:00:00,2026-09-24
sh600797,浙大网新,6.51,-0.11,-1.662,6.51,6.52,6.62,6.61,6.64,6.5,9184476.0,60137223.0,15:34:59,2026-09-24
sh600798,宁波海运,3.39,0.04,1.194,3.38,3.39,3.35,3.35,3.4,3.33,18036165.0,60832643.0,15:34:59,2026-09-24
sh600800,渤海化学,3.2,0.03,0.946,3.19,3.2,3.17,3.19,3.23,3.15,15348712.0,48938863.0,15:00:01,2026-09-24
sh600801,华新建材,23.75,-0.03,-0.126,23.75,23.76,23.78,23.69,23.96,23.41,7111676.0,169013927.0,15:34:59,2026-09-24
sh600802,福建水泥,6.62,0.6,9.967,6.62,0.0,6.02,5.8,6.62,5.53,70478362.0,418892407.0,15:34:59,2026-09-24
sh600803,新奥股份,18.54,-0.04,-0.215,18.51,18.54,18.58,18.49,18.65,18.41,4048338.0,74937660.0,15:00:02,2026-09-24
sh600805,悦达投资,4.56,0.01,0.22,4.56,4.57,4.55,4.55,4.64,4.53,7351152.0,33591883.0,15:00:02,2026-09-24
sh600807,济高发展,2.64,0.02,0.763,2.63,2.64,2.62,2.6,2.7,2.6,14790523.0,39249695.0,15:00:00,2026-09-24
sh600808,马钢股份,2.43,-0.06,-2.41,2.43,2.44,2.49,2.48,2.49,2.42,64271218.0,157303101.0,15:34:59,2026-09-24
sh600809,山西汾酒,111.18,-2.85,-2.499,111.16,111.18,114.03,113.68,113.89,111.0,4587043.0,512725172.0,15:34:59,2026-09-24
sh600810,神马股份,6.25,-0.07,-1.108,6.25,6.26,6.32,6.34,6.36,6.24,3522300.0,22162366.0,15:34:59,2026-09-24
sh600812,华北制药,4.88,-0.07,-1.414,4.88,4.89,4.95,4.94,4.99,4.88,29830500.0,146837792.0,15:34:59,2026-09-24
sh600814,杭州解百,6.89,-0.08,-1.148,6.89,6.9,6.97,6.97,7.03,6.88,5397089.0,37376789.0,15:34:59,2026-09-24
sh600815,厦工股份,4.65,0.42,9.929,4.65,0.0,4.23,4.15,4.65,4.13,296316639.0,1335809330.0,15:34:59,2026-09-24
sh600816,建元信托,2.33,-0.04,-1.688,2.33,2.34,2.37,2.37,2.38,2.33,50915894.0,119468236.0,15:34:59,2026-09-24
sh600817,宇通重工,9.52,0.01,0.105,9.52,9.53,9.51,9.57,9.61,9.46,1382100.0,13186782.0,15:00:00,2026-09-24
sh600818,ST中路,9.11,-0.23,-2.463,9.1,9.11,9.34,9.28,9.59,9.03,5551800.0,51043003.0,15:00:01,2026-09-24
sh600819,耀皮玻璃,5.65,-0.02,-0.353,5.65,5.66,5.67,5.65,5.92,5.63,10103920.0,57920787.0,15:00:01,2026-09-24
sh600820,隧道股份,5.23,-0.04,-0.759,5.23,5.24,5.27,5.26,5.3,5.23,10180300.0,53460836.0,15:00:01,2026-09-24
sh600821,金开新能,5.77,-0.11,-1.871,5.77,5.78,5.88,5.85,5.88,5.76,33014600.0,191540282.0,15:34:59,2026-09-24
sh600822,上海物贸,9.08,-0.01,-0.11,9.08,9.09,9.09,9.07,9.35,9.02,7426062.0,67810932.0,15:34:59,2026-09-24
sh600824,益民集团,3.66,-0.01,-0.272,3.65,3.66,3.67,3.65,3.72,3.63,10735900.0,39287823.0,15:34:59,2026-09-24
sh600825,新华传媒,7.77,0.71,10.057,7.77,0.0,7.06,7.77,7.77,7.77,5985192.0,46504942.0,15:34:59,2026-09-24
sh600826,兰生股份,8.12,0.18,2.267,8.12,8.13,7.94,7.95,8.12,7.89,9958665.0,79942160.0,15:34:59,2026-09-24
sh600827,百联股份,7.73,-0.06,-0.77,7.72,7.73,7.79,7.77,7.84,7.69,8143500.0,63113650.0,15:00:01,2026-09-24
sh600828,茂业商业,4.37,-0.03,-0.682,4.36,4.37,4.4,4.41,4.47,4.32,20989500.0,92005180.0,15:00:01,2026-09-24
sh600829,人民同泰,9.62,-0.07,-0.722,9.62,9.63,9.69,9.75,9.84,9.41,10896300.0,104660510.0,15:34:59,2026-09-24
sh600830,香溢融通,8.49,0.03,0.355,8.48,8.49,8.46,8.47,8.62,8.43,8315022.0,70764015.0,15:34:59,2026-09-24
sh600831,广电网络,3.51,0.17,5.09,3.5,3.51,3.34,3.34,3.67,3.3,63518335.0,225346433.0,15:34:59,2026-09-24
sh600833,第一医药,10.62,-0.09,-0.84,10.62,10.63,10.71,10.6,10.78,10.51,4068300.0,43119233.0,15:00:02,2026-09-24
sh600834,申通地铁,7.62,0.04,0.528,7.62,7.63,7.58,7.57,7.67,7.53,1481984.0,11297067.0,15:00:02,2026-09-24
sh600835,上海机电,18.77,-0.11,-0.583,18.76,18.77,18.88,18.71,19.26,18.66,9260376.0,175521700.0,15:34:59,2026-09-24
sh600838,上海九百,8.31,-0.25,-2.921,8.31,8.32,8.56,8.59,8.62,8.2,16085700.0,134373889.0,15:34:59,2026-09-24
sh600839,四川长虹,6.57,-0.05,-0.755,6.57,6.58,6.62,6.6,6.63,6.56,21183606.0,139530909.0,15:34:59,2026-09-24
sh600841,动力新科,5.63,-0.09,-1.573,5.62,5.63,5.72,5.7,5.77,5.6,7584900.0,43046825.0,15:00:01,2026-09-24
sh600843,上工申贝,8.37,0.76,9.987,8.37,0.0,7.61,7.2,8.37,7.2,56684502.0,447214953.0,15:34:59,2026-09-24
sh600844,金煤科技,3.28,-0.02,-0.606,3.27,3.28,3.3,3.33,3.34,3.26,21456300.0,70662687.0,15:34:59,2026-09-24
sh600845,宝信软件,18.26,-0.08,-0.436,18.26,18.27,18.34,18.34,18.5,18.23,11238977.0,206347361.0,15:34:59,2026-09-24
sh600846,同济科技,10.83,-0.13,-1.186,10.83,10.85,10.96,11.01,11.14,10.82,1979678.0,21712434.0,15:34:59,2026-09-24
sh600847,万里股份,13.03,0.16,1.243,13.02,13.03,12.87,12.89,13.64,12.72,7036500.0,92578295.0,15:34:59,2026-09-24
sh600848,上海临港,8.5,-0.22,-2.523,8.49,8.5,8.72,8.7,8.73,8.5,7327200.0,62846244.0,15:34:59,2026-09-24
sh600850,电科数字,13.86,-0.3,-2.119,13.86,13.88,14.16,14.14,14.16,13.81,6243806.0,87135716.0,15:34:59,2026-09-24
sh600851,海欣股份,8.11,-0.28,-3.337,8.11,8.12,8.39,8.36,8.41,8.1,6523751.0,53589846.0,15:34:59,2026-09-24
sh600853,龙建股份,3.26,0.0,0.0,3.25,3.26,3.26,3.26,3.29,3.24,5862952.0,19101375.0,15:34:59,2026-09-24
sh600854,春兰股份,4.73,0.01,0.212,4.73,4.74,4.72,4.71,4.78,4.68,6492301.0,30756312.0,15:34:59,2026-09-24
sh600855,航天长峰,12.85,-0.01,-0.078,12.84,12.86,12.86,12.86,13.07,12.78,7099991.0,91785044.0,15:34:59,2026-09-24
sh600857,宁波中百,20.71,-1.77,-7.874,20.71,20.73,22.48,22.61,22.61,20.57,10621472.0,225417603.0,15:00:02,2026-09-24
sh600858,银座股份,4.88,-0.03,-0.611,4.87,4.88,4.91,4.93,4.95,4.86,5805400.0,28437108.0,15:34:59,2026-09-24
sh600859,王府井,9.7,-0.14,-1.423,9.7,9.71,9.84,9.83,9.89,9.7,9080348.0,88664351.0,15:34:59,2026-09-24
sh600860,京城股份,7.55,-0.01,-0.132,7.54,7.55,7.56,7.55,7.85,7.5,5231436.0,39932677.0,15:00:01,2026-09-24
sh600861,北京人力,12.71,0.0,0.0,12.71,12.72,12.71,12.72,12.82,12.68,899357.0,11468699.0,15:00:01,2026-09-24
sh600862,中航高科,17.88,-0.09,-0.501,17.88,17.89,17.97,18.01,18.23,17.78,9292534.0,167344994.0,15:34:59,2026-09-24
sh600863,华能蒙电,4.64,0.03,0.651,4.63,4.64,4.61,4.61,4.67,4.57,56610845.0,261810978.0,15:34:59,2026-09-24
sh600864,哈投股份,5.7,-0.12,-2.062,5.7,5.71,5.82,5.8,5.81,5.66,31467043.0,180169671.0,15:34:59,2026-09-24
sh600865,百大集团,10.9,-0.18,-1.625,10.9,10.91,11.08,11.09,11.29,10.82,25893042.0,283937594.0,15:34:59,2026-09-24
sh600866,星湖科技,4.12,-0.05,-1.199,4.11,4.12,4.17,4.17,4.19,4.1,12779775.0,52871576.0,15:34:59,2026-09-24
sh600867,通化东宝,7.73,-0.12,-1.529,7.73,7.74,7.85,7.79,7.87,7.72,10419000.0,80948518.0,15:34:59,2026-09-24
sh600868,梅雁吉祥,2.72,-0.01,-0.366,2.72,2.73,2.73,2.71,2.75,2.7,22063607.0,60022462.0,15:34:59,2026-09-24
sh600869,远东股份,19.83,-1.2,-5.706,19.83,19.84,21.03,20.78,20.88,19.78,155312443.0,3126621504.0,15:34:59,2026-09-24
sh600871,石化油服,2.11,-0.01,-0.472,2.11,2.12,2.12,2.13,2.14,2.1,84695400.0,179324721.0,15:34:59,2026-09-24
sh600872,中炬高新,17.15,-0.24,-1.38,17.15,17.16,17.39,17.32,17.45,17.11,5824010.0,100419058.0,15:00:01,2026-09-24
sh600873,梅花生物,7.36,-0.08,-1.075,7.36,7.37,7.44,7.41,7.5,7.33,19383200.0,143118517.0,15:34:59,2026-09-24
sh600874,创业环保,5.44,-0.02,-0.366,5.44,5.45,5.46,5.44,5.48,5.42,3823179.0,20851724.0,15:00:02,2026-09-24
sh600875,东方电气,23.5,-0.31,-1.302,23.49,23.5,23.81,23.72,23.95,23.48,19383552.0,457969849.0,15:34:59,2026-09-24
sh600876,凯盛新能,7.62,-0.25,-3.177,7.62,7.63,7.87,7.94,7.95,7.6,14251263.0,109437245.0,15:34:59,2026-09-24
sh600877,电科芯片,11.9,-0.22,-1.815,11.9,11.91,12.12,12.07,12.14,11.87,7790001.0,93282065.0,15:34:59,2026-09-24
sh600879,航天电子,14.31,0.01,0.07,14.31,14.32,14.3,14.31,14.63,14.19,71733843.0,1031292773.0,15:34:59,2026-09-24
sh600880,博瑞传播,4.26,-0.15,-3.401,4.25,4.26,4.41,4.35,4.43,4.24,45216289.0,194407134.0,15:34:59,2026-09-24
sh600881,亚泰集团,1.85,-0.03,-1.596,1.85,1.86,1.88,1.87,1.9,1.83,78016550.0,145748739.0,15:34:59,2026-09-24
sh600882,妙可蓝多,19.04,-0.17,-0.885,19.04,19.05,19.21,19.19,19.29,19.0,1999006.0,38215672.0,15:00:00,2026-09-24
sh600883,博闻科技,8.11,-0.05,-0.613,8.11,8.14,8.16,8.16,8.25,8.06,3033600.0,24716227.0,15:00:02,2026-09-24
sh600884,杉杉股份,11.54,-0.38,-3.188,11.54,11.55,11.92,11.83,11.9,11.5,48154690.0,558015385.0,15:34:59,2026-09-24
sh600885,宏发股份,33.39,0.09,0.27,33.39,33.4,33.3,33.2,33.95,33.11,9462609.0,316645805.0,15:00:02,2026-09-24
sh600886,国投电力,14.86,0.29,1.99,14.86,14.87,14.57,14.65,14.92,14.53,31091836.0,459261621.0,15:34:59,2026-09-24
sh600887,伊利股份,26.9,-0.02,-0.074,26.89,26.9,26.92,26.9,27.03,26.75,31103808.0,836181105.0,15:34:59,2026-09-24
sh600888,新疆众和,9.72,-0.34,-3.38,9.71,9.72,10.06,9.95,10.03,9.7,31639907.0,311428757.0,15:34:59,2026-09-24
sh600889,*ST京化,13.39,-0.31,-2.263,13.39,13.4,13.7,13.62,13.72,13.38,1151700.0,15530998.0,15:34:59,2026-09-24
sh600892,大晟文化,4.12,-0.04,-0.962,4.11,4.12,4.16,4.15,4.22,4.09,29271299.0,121179171.0,15:34:59,2026-09-24
sh600893,航发动力,38.29,-1.27,-3.21,38.28,38.29,39.56,39.31,39.55,38.27,21947807.0,848223390.0,15:34:59,2026-09-24
sh600894,广日股份,7.77,0.02,0.258,7.77,7.78,7.75,7.7,7.81,7.65,9202899.0,71192534.0,15:34:59,2026-09-24
sh600895,张江高科,28.22,-0.54,-1.878,28.22,28.23,28.76,28.57,28.8,28.17,11016964.0,312601306.0,15:34:59,2026-09-24
sh600897,厦门空港,16.25,1.2,7.973,16.24,16.25,15.05,15.01,16.56,14.91,10867518.0,173303053.0,15:34:59,2026-09-24
sh600900,长江电力,28.36,0.28,0.997,28.36,28.37,28.08,28.1,28.39,28.06,95024277.0,2684347938.0,15:34:59,2026-09-24
sh600901,江苏金租,6.79,0.12,1.799,6.78,6.79,6.67,6.66,6.8,6.65,24746140.0,167022528.0,15:34:59,2026-09-24
sh600903,贵州燃气,6.56,-0.08,-1.205,6.55,6.56,6.64,6.63,6.78,6.53,31364567.0,207861145.0,15:34:59,2026-09-24
sh600905,三峡能源,3.61,-0.03,-0.824,3.61,3.62,3.64,3.64,3.65,3.61,67215877.0,243509814.0,15:34:59,2026-09-24
sh600906,财达证券,6.36,-0.1,-1.548,6.36,6.37,6.46,6.44,6.45,6.35,15473856.0,98806887.0,15:34:59,2026-09-24
sh600908,无锡银行,5.83,0.08,1.391,5.82,5.83,5.75,5.73,5.88,5.73,20186803.0,117526554.0,15:34:59,2026-09-24
sh600909,华安证券,7.82,-0.27,-3.337,7.82,7.83,8.09,8.05,8.06,7.81,69961969.0,552646871.0,15:34:59,2026-09-24
sh600916,中国黄金,7.24,-0.12,-1.63,7.23,7.24,7.36,7.31,7.33,7.22,18845880.0,136844538.0,15:34:59,2026-09-24
sh600917,重庆燃气,4.79,-0.02,-0.416,4.78,4.79,4.81,4.83,4.84,4.77,3625299.0,17402751.0,15:00:01,2026-09-24
sh600918,中泰证券,5.42,-0.09,-1.633,5.41,5.42,5.51,5.5,5.51,5.39,22011517.0,119745709.0,15:34:59,2026-09-24
sh600919,江苏银行,12.26,0.19,1.574,12.26,12.27,12.07,12.07,12.4,12.07,125050445.0,1535796089.0,15:34:59,2026-09-24
sh600925,苏能股份,4.08,0.02,0.493,4.08,4.09,4.06,4.06,4.1,4.05,5792518.0,23600084.0,15:34:59,2026-09-24
sh600926,杭州银行,17.23,0.09,0.525,17.23,17.24,17.14,17.15,17.35,17.11,37205860.0,642560177.0,15:00:00,2026-09-24
sh600927,永安期货,12.18,-0.16,-1.297,12.17,12.18,12.34,12.3,12.36,12.16,4212020.0,51559441.0,15:00:01,2026-09-24
sh600928,西安银行,3.48,-0.02,-0.571,3.47,3.48,3.5,3.5,3.51,3.46,16682196.0,58183678.0,15:34:59,2026-09-24
sh600929,雪天盐业,6.0,-0.11,-1.8,6.0,6.01,6.11,6.08,6.18,6.0,26898665.0,163865754.0,15:34:59,2026-09-24
sh600930,华电新能源集团,3.88,-0.02,-0.513,3.88,3.89,3.9,3.9,3.91,3.88,81143547.0,315808281.0,15:34:59,2026-09-24
sh600933,爱柯迪,13.67,-0.22,-1.584,13.67,13.68,13.89,13.93,14.19,13.63,11508684.0,159814134.0,15:00:00,2026-09-24
sh600935,华塑股份,2.29,-0.02,-0.866,2.29,2.3,2.31,2.3,2.32,2.28,13105500.0,30121115.0,15:00:01,2026-09-24
sh600936,北投科技,4.31,-0.04,-0.92,4.31,4.32,4.35,4.33,4.42,4.3,25717581.0,111636193.0,15:34:59,2026-09-24
sh600938,中国海油,32.8,0.51,1.579,32.79,32.8,32.29,32.34,32.87,32.32,29438840.0,960836761.0,15:34:59,2026-09-24
sh600939,重庆建工,2.6,-0.01,-0.383,2.6,2.61,2.61,2.61,2.64,2.58,14140800.0,36771477.0,15:00:01,2026-09-24
sh600941,中国移动,97.45,1.05,1.089,97.44,97.45,96.4,96.5,97.6,96.07,8276083.0,803547827.0,15:34:59,2026-09-24
sh600955,维远股份,12.38,-0.2,-1.59,12.38,12.4,12.58,12.57,12.61,12.37,2000900.0,24875594.0,15:00:01,2026-09-24
sh600956,新天绿能,7.05,0.01,0.142,7.04,7.05,7.04,7.0,7.09,7.0,5062197.0,35701480.0,15:00:01,2026-09-24
sh600958,东方证券,8.71,-0.22,-2.464,8.7,8.71,8.93,8.92,8.93,8.69,57357896.0,503400968.0,15:34:59,2026-09-24
sh600959,江苏有线,3.09,0.0,0.0,3.09,3.1,3.09,3.08,3.15,3.08,27423931.0,85284393.0,15:34:59,2026-09-24
sh600960,渤海汽车,3.9,-0.02,-0.51,3.9,3.91,3.92,3.96,3.97,3.85,7243700.0,28419956.0,15:34:59,2026-09-24
sh600961,株冶集团,23.61,-0.86,-3.515,23.61,23.62,24.47,24.13,24.24,23.56,20282579.0,482921825.0,15:34:59,2026-09-24
sh600962,国投中鲁,26.15,-0.2,-0.759,26.14,26.15,26.35,26.15,27.1,26.1,5490625.0,145570706.0,15:34:59,2026-09-24
sh600963,岳阳林纸,3.35,-0.06,-1.76,3.34,3.35,3.41,3.41,3.45,3.32,25710500.0,86539065.0,15:00:02,2026-09-24
sh600965,*ST福成,2.69,0.0,0.0,2.69,2.7,2.69,2.71,2.72,2.69,2585682.0,6991932.0,15:00:01,2026-09-24
sh600966,博汇纸业,4.8,-0.08,-1.639,4.79,4.8,4.88,4.88,4.88,4.78,9280501.0,44681569.0,15:00:01,2026-09-24
sh600967,内蒙一机,12.97,0.03,0.232,12.97,12.98,12.94,12.9,13.26,12.87,43391293.0,566871429.0,15:34:59,2026-09-24
sh600968,海油发展,3.88,0.03,0.779,3.88,3.89,3.85,3.87,3.91,3.84,27494311.0,106759533.0,15:34:59,2026-09-24
sh600969,郴电国际,9.79,-0.01,-0.102,9.79,9.8,9.8,9.77,9.92,9.69,6204080.0,60966679.0,15:34:59,2026-09-24
sh600970,中材国际,7.68,0.07,0.92,7.67,7.68,7.61,7.63,7.72,7.57,17426142.0,133904539.0,15:00:00,2026-09-24
sh600971,恒源煤电,8.46,0.08,0.955,8.46,8.47,8.38,8.35,8.54,8.32,11909766.0,100851269.0,15:00:01,2026-09-24
sh600973,宝胜股份,5.89,-0.02,-0.338,5.89,5.9,5.91,5.9,5.96,5.86,8650624.0,51104289.0,15:34:59,2026-09-24
sh600975,新五丰,5.08,-0.08,-1.55,5.08,5.09,5.16,5.14,5.17,5.05,18166872.0,92449727.0,15:34:59,2026-09-24
sh600976,健民集团,26.8,-0.22,-0.814,26.8,26.82,27.02,27.0,27.17,26.7,680600.0,18290848.0,15:00:01,2026-09-24
sh600977,中国电影,13.13,-0.37,-2.741,13.12,13.13,13.5,13.45,13.53,13.09,23776700.0,314089483.0,15:34:59,2026-09-24
sh600979,广安爱众,3.86,-0.02,-0.515,3.85,3.86,3.88,3.88,3.91,3.85,14966364.0,57928719.0,15:34:59,2026-09-24
sh600980,北矿科技,19.13,-0.36,-1.847,19.13,19.17,19.49,19.37,19.48,19.12,1826810.0,35207791.0,15:00:00,2026-09-24
sh600981,苏豪汇鸿,2.37,-0.02,-0.837,2.37,2.38,2.39,2.39,2.43,2.35,15318900.0,36527001.0,15:00:00,2026-09-24
sh600982,宁波能源,4.86,0.01,0.206,4.86,4.87,4.85,4.84,4.88,4.78,13770250.0,66865298.0,15:00:01,2026-09-24
sh600983,惠而浦,7.39,-0.15,-1.989,7.39,7.4,7.54,7.54,7.59,7.39,1139600.0,8520346.0,15:00:02,2026-09-24
sh600984,建设机械,3.5,0.04,1.156,3.49,3.5,3.46,3.46,3.53,3.42,22810931.0,79147071.0,15:34:59,2026-09-24
sh600985,淮北矿业,16.49,-0.12,-0.722,16.49,16.51,16.61,16.51,16.79,16.48,10284387.0,171047231.0,15:34:59,2026-09-24
sh600986,浙文互联,6.88,-0.18,-2.55,6.88,6.89,7.06,7.05,7.11,6.86,39633547.0,275581382.0,15:34:59,2026-09-24
sh600987,航民股份,6.31,-0.02,-0.316,6.31,6.32,6.33,6.35,6.36,6.28,3180497.0,20077509.0,15:00:01,2026-09-24
sh600988,赤峰黄金,40.28,-2.22,-5.224,40.28,40.29,42.5,41.96,42.25,40.25,47792285.0,1956544824.0,15:34:59,2026-09-24
sh600989,宝丰能源,22.33,-0.25,-1.107,22.32,22.33,22.58,22.68,22.9,22.24,37558166.0,845050377.0,15:34:59,2026-09-24
sh600990,四创电子,17.85,-0.06,-0.335,17.85,17.86,17.91,17.96,18.1,17.76,1864811.0,33442635.0,15:34:59,2026-09-24
sh600992,贵绳股份,10.27,0.08,0.785,10.25,10.27,10.19,10.19,10.58,10.19,12024300.0,124778926.0,15:34:59,2026-09-24
sh600993,马应龙,22.15,-0.31,-1.38,22.14,22.15,22.46,22.46,22.53,22.12,2100100.0,46761529.0,15:34:59,2026-09-24
sh600995,南网储能,11.8,-0.19,-1.585,11.8,11.81,11.99,11.95,11.98,11.78,7137319.0,84614304.0,15:34:59,2026-09-24
sh600996,贵广网络,6.82,-0.03,-0.438,6.82,6.83,6.85,6.8,7.0,6.8,13669500.0,94276225.0,15:34:59,2026-09-24
sh600997,开滦股份,5.14,0.01,0.195,5.14,5.16,5.13,5.11,5.22,5.09,9417220.0,48474329.0,15:00:01,2026-09-24
sh600998,九州通,4.84,-0.05,-1.022,4.84,4.85,4.89,4.87,4.91,4.83,20864300.0,101530081.0,15:00:00,2026-09-24
sh600999,招商证券,17.44,-0.39,-2.187,17.44,17.45,17.83,17.81,17.82,17.35,31023535.0,544336440.0,15:34:59,2026-09-24
sh601000,唐山港,4.39,0.07,1.62,4.39,4.4,4.32,4.32,4.41,4.3,41366994.0,181053748.0,15:34:59,2026-09-24
sh601001,晋控煤业,17.65,-0.4,-2.216,17.64,17.65,18.05,18.0,18.18,17.64,10487782.0,186916271.0,15:34:59,2026-09-24
sh601002,晋亿实业,5.22,0.03,0.578,5.21,5.22,5.19,5.17,5.29,5.15,9301600.0,48621370.0,15:00:01,2026-09-24
sh601003,柳钢股份,3.49,-0.03,-0.852,3.49,3.5,3.52,3.48,3.52,3.42,19266438.0,66997964.0,15:34:59,2026-09-24
sh601005,重庆钢铁,1.2,-0.03,-2.439,1.2,1.21,1.23,1.22,1.23,1.2,85671500.0,103571851.0,15:34:59,2026-09-24
sh601006,大秦铁路,4.66,-0.03,-0.64,4.66,4.67,4.69,4.68,4.69,4.65,81381896.0,379735861.0,15:34:59,2026-09-24
sh601007,金陵饭店,6.8,0.02,0.295,6.79,6.8,6.78,6.76,6.83,6.7,5431100.0,36903141.0,15:34:59,2026-09-24
sh601008,连云港,4.4,0.05,1.149,4.39,4.4,4.35,4.35,4.4,4.32,8160546.0,35718961.0,15:34:59,2026-09-24
sh601009,南京银行,11.95,0.22,1.876,11.95,11.96,11.73,11.75,12.03,11.7,56820507.0,676362843.0,15:34:59,2026-09-24
sh601010,ST文峰,1.43,-0.03,-2.055,1.43,1.44,1.46,1.45,1.46,1.43,7311200.0,10530828.0,15:00:02,2026-09-24
sh601011,宝泰隆,2.91,0.03,1.042,2.9,2.91,2.88,2.87,2.95,2.85,33857542.0,98142527.0,15:34:59,2026-09-24
sh601012,隆基绿能,11.04,-0.37,-3.243,11.04,11.05,11.41,11.4,11.41,11.03,70872756.0,790780263.0,15:34:59,2026-09-24
sh601015,陕西黑猫,3.55,0.05,1.429,3.55,3.56,3.5,3.5,3.68,3.45,69171327.0,248535783.0,15:34:59,2026-09-24
sh601016,节能风电,3.25,-0.03,-0.915,3.25,3.26,3.28,3.26,3.27,3.24,52304710.0,170234676.0,15:34:59,2026-09-24
sh601018,宁波港,3.4,0.0,0.0,3.39,3.4,3.4,3.4,3.41,3.37,38176944.0,129493281.0,15:34:59,2026-09-24
sh601019,山东出版,6.75,-0.24,-3.433,6.75,6.76,6.99,6.95,7.08,6.71,19371480.0,132639224.0,15:34:59,2026-09-24
sh601020,华钰矿业,21.0,-1.14,-5.149,21.0,21.01,22.14,21.82,22.14,20.9,25254486.0,541556176.0,15:34:59,2026-09-24
sh601021,春秋航空,39.85,-1.77,-4.253,39.84,39.85,41.62,41.3,41.44,39.1,10989087.0,441286023.0,15:34:59,2026-09-24
sh601022,宁波远洋,8.42,-0.04,-0.473,8.42,8.43,8.46,8.45,8.5,8.38,4978100.0,41961707.0,15:34:59,2026-09-24
sh601026,道生天合材料科技,15.25,-0.1,-0.651,15.25,15.26,15.35,15.25,15.55,15.21,4771781.0,73354273.0,15:34:59,2026-09-24
sh601033,永兴股份,14.19,-0.06,-0.421,14.19,14.21,14.25,14.22,14.32,14.18,1789121.0,25477590.0,15:00:01,2026-09-24
sh601038,一拖股份,13.96,0.07,0.504,13.95,13.96,13.89,13.92,14.19,13.83,6546300.0,91621984.0,15:34:59,2026-09-24
sh601058,赛轮轮胎,13.56,-0.36,-2.586,13.56,13.57,13.92,13.97,14.0,13.55,29634647.0,408839499.0,15:34:59,2026-09-24
sh601059,信达证券,15.56,0.0,0.0,0.0,0.0,15.56,0.0,0.0,0.0,0.0,0.0,15:35:45,2026-09-24
sh601061,中信金属,10.83,-0.52,-4.581,10.82,10.83,11.35,11.24,11.27,10.79,16565556.0,181544153.0,15:34:59,2026-09-24
sh601065,江西省盐业集团,6.67,-0.06,-0.892,6.67,6.68,6.73,6.74,6.74,6.66,2443245.0,16345363.0,15:34:59,2026-09-24
sh601066,中信建投,23.4,-0.27,-1.141,23.4,23.41,23.67,23.67,23.83,23.35,8841315.0,207997567.0,15:34:59,2026-09-24
sh601068,中铝国际,4.28,-0.22,-4.889,4.28,4.29,4.5,4.44,4.47,4.26,33020046.0,142654558.0,15:00:02,2026-09-24
sh601069,西部黄金,25.6,-1.19,-4.442,25.6,25.61,26.79,26.44,26.47,25.5,13863138.0,359240100.0,15:34:59,2026-09-24
sh601077,渝农商行,6.64,0.1,1.529,6.63,6.64,6.54,6.54,6.71,6.53,90415463.0,600840899.0,15:34:59,2026-09-24
sh601083,锦江航运,12.75,-0.03,-0.235,12.75,12.77,12.78,12.81,12.95,12.7,4575516.0,58600280.0,15:00:00,2026-09-24
sh601086,国芳集团,15.32,-1.7,-9.988,0.0,15.32,17.02,17.2,17.88,15.32,71773500.0,1165472055.0,15:34:59,2026-09-24
sh601088,中国神华,48.03,0.82,1.737,48.02,48.05,47.21,47.34,48.16,47.15,25276695.0,1209153495.0,15:34:59,2026-09-24
sh601089,福元医药,15.88,-0.41,-2.517,15.88,15.89,16.29,16.3,16.38,15.87,2604300.0,41858560.0,15:00:02,2026-09-24
sh601091,C沈鼓集团,27.0,-3.0,-10.0,0.0,27.0,30.0,27.7,28.86,27.0,55214298.0,1522465538.0,15:34:59,2026-09-24
sh601096,宏盛华源铁塔集团,3.96,-0.12,-2.941,3.95,3.96,4.08,4.08,4.08,3.95,27412998.0,109656586.0,15:00:02,2026-09-24
sh601098,中南传媒,10.18,-0.18,-1.737,10.18,10.19,10.36,10.36,10.45,10.16,7593600.0,77948261.0,15:34:59,2026-09-24
sh601099,太平洋,3.52,-0.02,-0.565,3.52,3.53,3.54,3.53,3.57,3.48,134577359.0,473843892.0,15:34:59,2026-09-24
sh601100,恒立液压,92.3,0.7,0.764,92.3,92.35,91.6,91.6,93.9,90.7,9573159.0,889283519.0,15:00:00,2026-09-24
sh601101,昊华能源,13.06,-0.19,-1.434,13.06,13.09,13.25,13.08,13.37,12.99,10856661.0,142765770.0,15:34:59,2026-09-24
sh601106,中国一重,2.92,-0.02,-0.68,2.92,2.93,2.94,2.93,2.96,2.9,49260590.0,143991587.0,15:34:59,2026-09-24
sh601107,四川成渝,6.02,0.01,0.166,6.02,6.04,6.01,5.99,6.09,5.94,12250577.0,74196897.0,15:00:02,2026-09-24
sh601108,财通证券,8.36,-0.2,-2.336,8.36,8.37,8.56,8.55,8.58,8.35,32372870.0,272682520.0,15:34:59,2026-09-24
sh601111,中国国航,5.81,-0.15,-2.517,5.81,5.82,5.96,5.93,5.93,5.81,59009100.0,345459336.0,15:34:59,2026-09-24
sh601112,振石股份,16.17,-0.25,-1.523,16.17,16.18,16.42,16.31,16.43,16.16,4562352.0,74136940.0,15:34:59,2026-09-24
sh601113,华鼎股份,3.54,0.02,0.568,3.54,3.55,3.52,3.51,3.6,3.49,12316600.0,43681589.0,15:34:59,2026-09-24
sh601116,三江购物,10.02,-0.19,-1.861,10.02,10.03,10.21,10.23,10.31,9.98,8214147.0,82761839.0,15:00:00,2026-09-24
sh601117,中国化学,7.22,0.06,0.838,7.21,7.22,7.16,7.15,7.25,7.1,60215965.0,432335164.0,15:34:59,2026-09-24
sh601118,海南橡胶,6.48,-0.18,-2.703,6.48,6.49,6.66,6.66,6.75,6.4,114111446.0,747184978.0,15:34:59,2026-09-24
sh601121,宝地矿业,7.06,-0.17,-2.351,7.05,7.06,7.23,7.19,7.21,7.03,6158100.0,43725478.0,15:00:02,2026-09-24
sh601123,马矿股份,17.82,-0.27,-1.493,17.81,17.82,18.09,17.74,18.23,17.52,24583971.0,438506856.0,15:34:59,2026-09-24
sh601126,四方股份,38.39,-1.11,-2.81,38.39,38.4,39.5,39.25,39.33,38.36,13028700.0,504702851.0,15:34:59,2026-09-24
sh601127,赛力斯,46.33,-0.87,-1.843,46.33,46.34,47.2,47.0,47.45,46.3,13455551.0,629341780.0,15:34:59,2026-09-24
sh601128,常熟银行,6.17,-0.02,-0.323,6.17,6.18,6.19,6.19,6.23,6.16,49075216.0,304128078.0,15:00:02,2026-09-24
sh601133,柏诚系统股份公司,25.05,-0.97,-3.728,25.05,25.06,26.02,25.5,25.99,24.97,20976375.0,532956829.0,15:34:59,2026-09-24
sh601136,首创证券,14.19,-0.33,-2.273,14.18,14.19,14.52,14.41,14.52,14.16,10386223.0,148401960.0,15:34:59,2026-09-24
sh601137,博威合金,19.85,-0.64,-3.123,19.85,19.86,20.49,20.4,20.45,19.8,10986177.0,220727438.0,15:34:59,2026-09-24
sh601138,工业富联,61.0,-1.98,-3.144,61.0,61.01,62.98,62.3,62.57,60.8,67195029.0,4118101458.0,15:34:59,2026-09-24
sh601139,深圳燃气,6.19,-0.04,-0.642,6.18,6.19,6.23,6.26,6.28,6.18,15010020.0,93303664.0,15:00:02,2026-09-24
sh601155,新城控股,12.56,-0.39,-3.012,12.56,12.57,12.95,12.9,13.08,12.51,19517640.0,247703364.0,15:34:59,2026-09-24
sh601156,东航物流,18.21,-0.19,-1.033,18.21,18.23,18.4,18.31,18.59,18.18,4268700.0,78216785.0,15:00:01,2026-09-24
sh601158,重庆水务,3.98,-0.01,-0.251,3.97,3.98,3.99,3.98,4.01,3.97,5482572.0,21844719.0,15:34:59,2026-09-24
sh601162,天风证券,3.6,-0.07,-1.907,3.59,3.6,3.67,3.66,3.68,3.58,96895500.0,350316786.0,15:34:59,2026-09-24
sh601163,三角轮胎,12.21,-0.1,-0.812,12.2,12.21,12.31,12.3,12.4,12.19,1811227.0,22219244.0,15:34:59,2026-09-24
sh601166,兴业银行,17.88,0.01,0.056,17.88,17.89,17.87,17.89,18.0,17.87,59537130.0,1067751649.0,15:34:59,2026-09-24
sh601168,西部矿业,35.19,-1.62,-4.401,35.19,35.2,36.81,36.5,36.5,35.06,34181928.0,1218918280.0,15:34:59,2026-09-24
sh601169,北京银行,5.49,0.02,0.366,5.49,5.5,5.47,5.48,5.54,5.47,131041604.0,721426264.0,15:34:59,2026-09-24
sh601177,杭齿前进,13.72,-0.01,-0.073,13.71,13.72,13.73,13.75,13.95,13.69,3704033.0,51201418.0,15:00:02,2026-09-24
sh601179,中国西电,11.75,-0.25,-2.083,11.74,11.75,12.0,11.96,12.0,11.7,48632633.0,574454873.0,15:34:59,2026-09-24
sh601186,中国铁建,5.98,-0.05,-0.829,5.97,5.98,6.03,6.02,6.03,5.97,25837171.0,154787276.0,15:34:59,2026-09-24
sh601187,厦门银行,6.92,-0.01,-0.144,6.92,6.93,6.93,6.94,6.99,6.89,14188300.0,98382969.0,15:34:59,2026-09-24
sh601188,龙江交通,2.85,0.01,0.352,2.84,2.85,2.84,2.84,2.86,2.82,9129100.0,25961852.0,15:34:59,2026-09-24
sh601198,东兴证券,13.06,0.0,0.0,0.0,0.0,13.06,0.0,0.0,0.0,0.0,0.0,15:35:59,2026-09-24
sh601199,江南水务,6.61,0.0,0.0,6.6,6.61,6.61,6.66,6.69,6.51,12316545.0,81183760.0,15:34:59,2026-09-24
sh601200,上海环境,6.74,-0.08,-1.173,6.74,6.75,6.82,6.8,6.84,6.73,5019804.0,33997778.0,15:34:59,2026-09-24
sh601208,东材科技,56.44,1.44,2.618,56.44,56.45,55.0,54.01,56.88,53.13,93196641.0,5169694741.0,15:34:59,2026-09-24
sh601211,国泰海通,17.21,-0.46,-2.603,17.2,17.21,17.67,17.55,17.63,17.16,57785709.0,1001018333.0,15:34:59,2026-09-24
sh601212,白银有色,5.79,-0.25,-4.139,5.78,5.79,6.04,5.86,5.89,5.77,154150877.0,895874769.0,15:34:59,2026-09-24
sh601216,君正集团,4.47,-0.04,-0.887,4.47,4.48,4.51,4.51,4.58,4.46,41938125.0,189266469.0,15:34:59,2026-09-24
sh601218,吉鑫科技,5.5,0.5,10.0,5.5,0.0,5.0,4.93,5.5,4.93,147651112.0,788504269.0,15:34:59,2026-09-24
sh601222,林洋能源,5.88,-0.09,-1.508,5.88,5.89,5.97,5.94,5.98,5.87,12327884.0,72859405.0,15:34:59,2026-09-24
sh601225,陕西煤业,25.83,0.15,0.584,25.83,25.84,25.68,25.6,26.1,25.48,28929268.0,745972477.0,15:34:59,2026-09-24
sh601226,华电科工,6.53,-0.15,-2.246,6.53,6.54,6.68,6.68,6.68,6.52,8504209.0,56003417.0,15:00:02,2026-09-24
sh601228,广州港,3.03,0.0,0.0,3.02,3.03,3.03,3.02,3.04,3.01,15496161.0,46900354.0,15:00:02,2026-09-24
sh601229,上海银行,9.51,0.04,0.422,9.51,9.52,9.47,9.47,9.58,9.43,37703133.0,359115153.0,15:00:01,2026-09-24
sh601231,环旭电子,25.45,-1.49,-5.531,25.45,25.46,26.94,26.71,26.71,25.44,26537896.0,687004220.0,15:34:59,2026-09-24
sh601233,桐昆股份,23.26,-0.82,-3.405,23.26,23.28,24.08,23.9,23.96,23.24,20087924.0,472061269.0,15:34:59,2026-09-24
sh601236,红塔证券,6.89,-0.12,-1.712,6.88,6.89,7.01,7.0,7.01,6.86,17205380.0,119075208.0,15:34:59,2026-09-24
sh601238,广汽集团,5.09,0.0,0.0,0.0,0.0,5.09,0.0,0.0,0.0,0.0,0.0,15:35:35,2026-09-24
sh601279,英利汽车,3.51,0.01,0.286,3.5,3.51,3.5,3.49,3.57,3.47,10276500.0,36185324.0,15:00:00,2026-09-24
sh601288,农业银行,6.87,0.04,0.586,6.87,6.88,6.83,6.83,6.94,6.81,288653689.0,1988342296.0,15:34:59,2026-09-24
sh601298,青岛港,9.75,0.06,0.619,9.75,9.76,9.69,9.69,9.79,9.63,7475861.0,72861908.0,15:34:59,2026-09-24
sh601311,骆驼股份,7.3,-0.13,-1.75,7.29,7.3,7.43,7.41,7.43,7.28,10204340.0,74814858.0,15:34:59,2026-09-24
sh601318,中国平安,53.25,-0.62,-1.151,53.25,53.26,53.87,53.8,53.92,53.15,54045936.0,2886593390.0,15:34:59,2026-09-24
sh601319,中国人保,8.07,0.0,0.0,8.06,8.07,8.07,8.04,8.12,7.97,63967783.0,515300329.0,15:34:59,2026-09-24
sh601326,秦港股份,3.47,-0.03,-0.857,3.46,3.47,3.5,3.49,3.52,3.43,25761030.0,89433203.0,15:34:59,2026-09-24
sh601328,交通银行,7.56,0.04,0.532,7.56,7.57,7.52,7.55,7.61,7.52,136022818.0,1030463862.0,15:34:59,2026-09-24
sh601330,绿色动力,8.03,0.03,0.375,8.02,8.03,8.0,8.01,8.09,7.95,8920330.0,71729152.0,15:34:59,2026-09-24
sh601333,广深铁路,3.06,0.01,0.328,3.06,3.07,3.05,3.04,3.1,3.03,64554700.0,198166858.0,15:34:59,2026-09-24
sh601336,新华保险,57.58,-0.3,-0.518,57.57,57.58,57.88,57.8,57.88,56.88,12178154.0,698021888.0,15:34:59,2026-09-24
sh601339,百隆东方,7.47,0.27,3.75,7.47,7.48,7.2,7.25,7.53,7.18,17734543.0,131325066.0,15:34:59,2026-09-24
sh601360,XD三六零,8.95,-0.08,-0.886,8.94,8.95,9.03,9.03,9.05,8.91,59115136.0,529730066.0,15:34:59,2026-09-24
sh601366,利群股份,3.58,0.01,0.28,3.58,3.59,3.57,3.58,3.62,3.56,8964662.0,32178125.0,15:00:01,2026-09-24
sh601368,绿城水务,4.55,0.04,0.887,4.55,4.56,4.51,4.49,4.64,4.48,6136000.0,28019952.0,15:00:00,2026-09-24
sh601369,陕鼓动力,8.82,-0.13,-1.453,8.82,8.84,8.95,8.9,8.96,8.81,10636306.0,94205809.0,15:34:59,2026-09-24
sh601375,中原证券,3.95,-0.05,-1.25,3.95,3.96,4.0,3.99,4.01,3.94,23202100.0,92028908.0,15:00:00,2026-09-24
sh601377,兴业证券,5.87,-0.05,-0.845,5.86,5.87,5.92,5.91,5.91,5.82,48021465.0,281500584.0,15:34:59,2026-09-24
sh601388,怡球资源,3.15,-0.04,-1.254,3.15,3.16,3.19,3.18,3.19,3.14,19711950.0,62328896.0,15:00:02,2026-09-24
sh601390,中国中铁,4.25,-0.04,-0.932,4.25,4.26,4.29,4.28,4.29,4.24,66141979.0,281480388.0,15:34:59,2026-09-24
sh601398,工商银行,8.13,0.04,0.494,8.13,8.14,8.09,8.1,8.22,8.09,267588974.0,2182889653.0,15:34:59,2026-09-24
sh601399,国机重装,3.07,-0.02,-0.647,3.06,3.07,3.09,3.07,3.11,3.05,55496619.0,170653608.0,15:34:59,2026-09-24
sh601456,国联民生,8.53,-0.12,-1.387,8.53,8.54,8.65,8.62,8.65,8.53,12847590.0,110178634.0,15:34:59,2026-09-24
sh601500,通用股份,3.87,-0.04,-1.023,3.87,3.88,3.91,3.9,3.92,3.85,10751800.0,41729368.0,15:00:02,2026-09-24
sh601512,中新集团,8.34,-0.15,-1.767,8.34,8.35,8.49,8.49,8.54,8.33,1780400.0,14944377.0,15:34:59,2026-09-24
sh601515,衢州东峰,3.21,-0.03,-0.926,3.2,3.21,3.24,3.24,3.26,3.2,8457260.0,27274037.0,15:34:59,2026-09-24
sh601518,吉林高速,2.76,0.0,0.0,2.76,2.77,2.76,2.77,2.78,2.75,9897980.0,27366937.0,15:00:02,2026-09-24
sh601519,大智慧,8.52,-0.38,-4.27,8.52,8.53,8.9,8.85,8.87,8.52,29353541.0,253534457.0,15:34:59,2026-09-24
sh601528,瑞丰银行,4.97,-0.03,-0.6,4.97,4.99,5.0,4.99,5.04,4.97,10042200.0,50222684.0,15:34:59,2026-09-24
sh601555,东吴证券,8.17,-0.09,-1.09,8.16,8.17,8.26,8.24,8.27,8.13,31603457.0,258159538.0,15:34:59,2026-09-24
sh601566,九牧王,9.67,0.62,6.851,9.66,9.67,9.05,9.01,9.88,9.0,46260735.0,439966383.0,15:34:59,2026-09-24
sh601567,三星电气,16.25,1.48,10.02,16.25,0.0,14.77,16.25,16.25,16.25,12808376.0,208136110.0,15:34:59,2026-09-24
sh601568,北元化工,3.59,-0.01,-0.278,3.59,3.6,3.6,3.59,3.62,3.57,11870030.0,42648523.0,15:00:00,2026-09-24
sh601577,长沙银行,9.67,-0.02,-0.206,9.67,9.68,9.69,9.69,9.78,9.67,24678200.0,240016014.0,15:00:02,2026-09-24
sh601579,会稽山,38.04,1.29,3.51,38.03,38.04,36.75,37.64,39.5,37.3,55675923.0,2130961067.0,15:34:59,2026-09-24
sh601588,北辰实业,1.75,-0.04,-2.235,1.75,1.76,1.79,1.78,1.8,1.73,52520800.0,92201999.0,15:34:59,2026-09-24
sh601595,上海电影,22.96,-0.57,-2.422,22.96,22.97,23.53,23.26,23.71,22.71,9854290.0,227267479.0,15:34:59,2026-09-24
sh601598,中国外运,6.68,0.2,3.086,6.68,6.69,6.48,6.46,6.75,6.42,21842458.0,145146698.0,15:34:59,2026-09-24
sh601599,浙文影业,3.23,0.02,0.623,3.22,3.23,3.21,3.19,3.27,3.18,15261800.0,49349917.0,15:34:59,2026-09-24
sh601600,中国铝业,8.88,-0.24,-2.632,8.88,8.89,9.12,9.06,9.08,8.87,145907247.0,1305362033.0,15:34:59,2026-09-24
sh601601,中国太保,30.88,-0.73,-2.309,30.88,30.89,31.61,31.6,31.6,30.8,43212373.0,1343094814.0,15:34:59,2026-09-24
sh601606,长城军工,31.9,-0.17,-0.53,31.89,31.9,32.07,32.1,32.35,31.81,15576480.0,498916129.0,15:34:59,2026-09-24
sh601607,上海医药,16.02,-0.04,-0.249,16.02,16.03,16.06,16.06,16.14,15.98,6721808.0,107912281.0,15:00:02,2026-09-24
sh601608,中信重工,4.6,0.0,0.0,4.6,4.61,4.6,4.57,4.64,4.57,20007695.0,92097931.0,15:34:59,2026-09-24
sh601609,金田股份,11.86,-0.93,-7.271,11.86,11.87,12.79,12.7,12.75,11.76,66965920.0,808176556.0,15:34:59,2026-09-24
sh601611,中国核建,10.15,-0.11,-1.072,10.15,10.16,10.26,10.25,10.3,10.13,12611828.0,128610353.0,15:34:59,2026-09-24
sh601615,明阳智能,9.65,-0.07,-0.72,9.64,9.65,9.72,9.71,9.82,9.63,33398541.0,324978124.0,15:34:59,2026-09-24
sh601616,广电电气,3.77,0.01,0.266,3.77,3.78,3.76,3.74,3.79,3.72,6868600.0,25891898.0,15:00:02,2026-09-24
sh601618,中国中冶,2.49,-0.06,-2.353,2.49,2.5,2.55,2.55,2.56,2.48,99275241.0,249175207.0,15:34:59,2026-09-24
sh601619,嘉泽新能,3.91,-0.1,-2.494,3.91,3.92,4.01,4.0,4.01,3.91,30337667.0,119631318.0,15:34:59,2026-09-24
sh601628,中国人寿,37.43,-1.17,-3.031,37.43,37.44,38.6,38.59,38.6,37.36,24730130.0,934779945.0,15:34:59,2026-09-24
sh601633,长城汽车,13.91,-0.2,-1.417,13.9,13.91,14.11,14.08,14.09,13.9,11783194.0,164694531.0,15:34:59,2026-09-24
sh601636,旗滨集团,5.45,-0.26,-4.553,5.45,5.46,5.71,5.66,5.69,5.44,78032300.0,431341420.0,15:34:59,2026-09-24
sh601658,邮储银行,5.33,0.01,0.188,5.33,5.34,5.32,5.32,5.39,5.31,125178714.0,669107910.0,15:34:59,2026-09-24
sh601665,齐鲁银行,6.97,0.09,1.308,6.97,6.98,6.88,6.88,7.01,6.86,52757350.0,366789956.0,15:34:59,2026-09-24
sh601666,平煤股份,8.83,0.0,0.0,8.83,8.84,8.83,8.81,8.98,8.8,15107946.0,133992245.0,15:34:59,2026-09-24
sh601668,中国建筑,4.26,-0.02,-0.467,4.25,4.26,4.28,4.28,4.28,4.24,151751672.0,645742785.0,15:34:59,2026-09-24
sh601669,中国电建,4.54,-0.05,-1.089,4.54,4.55,4.59,4.58,4.58,4.53,53315685.0,242583130.0,15:34:59,2026-09-24
sh601677,明泰铝业,16.14,-0.61,-3.642,16.14,16.15,16.75,16.7,16.76,16.1,33209572.0,541475780.0,15:34:59,2026-09-24
sh601678,滨化股份,5.76,-0.2,-3.356,5.76,5.77,5.96,5.95,5.96,5.75,44190475.0,257459510.0,15:34:59,2026-09-24
sh601686,友发集团,5.02,0.0,0.0,5.01,5.02,5.02,5.02,5.04,4.98,3620700.0,18129002.0,15:34:59,2026-09-24
sh601688,华泰证券,18.16,-0.19,-1.035,18.16,18.17,18.35,18.31,18.35,18.07,40484928.0,736581976.0,15:34:59,2026-09-24
sh601689,拓普集团,46.44,0.55,1.199,46.43,46.44,45.89,45.87,47.84,45.26,37515707.0,1765757590.0,15:34:59,2026-09-24
sh601696,中银证券,11.18,-0.1,-0.887,11.18,11.19,11.28,11.23,11.56,11.17,24990446.0,282770669.0,15:34:59,2026-09-24
sh601698,中国卫通,23.56,-0.01,-0.042,23.55,23.56,23.57,23.5,24.04,23.31,18876375.0,446522714.0,15:34:59,2026-09-24
sh601699,潞安环能,15.35,-0.03,-0.195,15.35,15.36,15.38,15.39,15.5,15.24,13510229.0,207693511.0,15:34:59,2026-09-24
sh601700,风范股份,6.25,-0.06,-0.951,6.25,6.26,6.31,6.23,6.38,6.22,36456269.0,229086095.0,15:34:59,2026-09-24
sh601702,华峰铝业,15.05,-0.23,-1.505,15.04,15.05,15.28,15.29,15.4,15.0,3122500.0,47341862.0,15:34:59,2026-09-24
sh601717,中创智领,13.4,-0.17,-1.253,13.4,13.41,13.57,13.54,13.57,13.36,12404000.0,166628193.0,15:34:59,2026-09-24
sh601718,ST际华,1.92,-0.03,-1.538,1.92,1.93,1.95,1.95,1.95,1.92,12282700.0,23751882.0,15:34:59,2026-09-24
sh601727,上海电气,6.56,-0.09,-1.353,6.56,6.57,6.65,6.62,6.65,6.56,52951732.0,348991812.0,15:34:59,2026-09-24
sh601728,中国电信,6.16,0.06,0.984,6.16,6.17,6.1,6.09,6.17,6.05,89081981.0,545138569.0,15:34:59,2026-09-24
sh601766,中国中车,5.97,0.05,0.845,5.97,5.98,5.92,5.92,6.0,5.88,108685465.0,648008337.0,15:34:59,2026-09-24
sh601777,千里科技,8.28,0.57,7.393,8.27,8.28,7.71,7.7,8.39,7.66,53649645.0,436685541.0,15:34:59,2026-09-24
sh601778,晶科科技,3.42,-0.01,-0.292,3.41,3.42,3.43,3.43,3.47,3.4,69086562.0,237142398.0,15:34:59,2026-09-24
sh601788,光大证券,13.77,-0.19,-1.361,13.77,13.78,13.96,13.95,13.96,13.74,12644637.0,174656851.0,15:34:59,2026-09-24
sh601789,宁波建工,4.19,-0.17,-3.899,4.18,4.19,4.36,4.27,4.3,4.19,35750300.0,151129956.0,15:34:59,2026-09-24
sh601798,蓝科高新,7.59,0.04,0.53,7.58,7.59,7.55,7.52,7.73,7.46,3950310.0,30010385.0,15:00:01,2026-09-24
sh601799,星宇股份,70.71,-0.1,-0.141,70.71,70.72,70.81,70.79,71.9,70.45,4830917.0,343983178.0,15:34:59,2026-09-24
sh601800,中国交建,5.8,-0.06,-1.024,5.8,5.81,5.86,5.85,5.86,5.78,18948964.0,110078729.0,15:34:59,2026-09-24
sh601801,皖新传媒,5.53,0.07,1.282,5.53,5.54,5.46,5.41,5.85,5.38,43709768.0,243616971.0,15:34:59,2026-09-24
sh601808,中海油服,12.12,0.0,0.0,12.12,12.13,12.12,12.13,12.26,12.12,9608229.0,117101262.0,15:34:59,2026-09-24
sh601811,新华文轩,20.35,1.85,10.0,20.35,0.0,18.5,20.35,20.35,19.93,12425086.0,252607613.0,15:34:59,2026-09-24
sh601816,京沪高铁,4.69,-0.02,-0.425,4.69,4.7,4.71,4.71,4.73,4.69,98854352.0,465031326.0,15:00:02,2026-09-24
sh601818,光大银行,3.0,0.0,0.0,2.99,3.0,3.0,3.0,3.02,2.99,93589607.0,280967296.0,15:34:59,2026-09-24
sh601825,沪农商行,8.7,0.07,0.811,8.69,8.7,8.63,8.63,8.77,8.57,19364878.0,168266335.0,15:00:01,2026-09-24
sh601827,三峰环境,7.81,-0.05,-0.636,7.8,7.81,7.86,7.86,7.89,7.79,3217000.0,25180206.0,15:00:01,2026-09-24
sh601828,美凯龙,2.16,-0.03,-1.37,2.16,2.17,2.19,2.18,2.2,2.13,46473577.0,100346656.0,15:34:59,2026-09-24
sh601838,成都银行,19.04,0.19,1.008,19.03,19.04,18.85,18.85,19.18,18.82,19090317.0,364054473.0,15:34:59,2026-09-24
sh601857,中国石油,10.95,0.24,2.241,10.95,10.96,10.71,10.69,11.04,10.68,158043573.0,1722180110.0,15:34:59,2026-09-24
sh601858,中国科传,20.9,-0.46,-2.154,20.88,20.9,21.36,21.22,21.6,20.7,6557500.0,138441096.0,15:34:59,2026-09-24
sh601860,紫金银行,2.53,-0.02,-0.784,2.53,2.54,2.55,2.55,2.57,2.53,43104232.0,109717205.0,15:00:02,2026-09-24
sh601865,福莱特,9.27,-0.11,-1.173,9.27,9.28,9.38,9.36,9.41,9.25,8096743.0,75347662.0,15:00:00,2026-09-24
sh601866,中远海发,2.42,0.0,0.0,2.42,2.43,2.42,2.42,2.44,2.4,48965900.0,118498534.0,15:34:59,2026-09-24
sh601868,中国能建,2.4,-0.01,-0.415,2.4,2.41,2.41,2.41,2.42,2.4,140344150.0,337570968.0,15:34:59,2026-09-24
sh601869,长飞光纤,438.0,-19.89,-4.344,437.99,438.0,457.89,453.63,454.65,437.99,8533365.0,3786028058.0,15:34:59,2026-09-24
sh601872,招商轮船,20.93,0.15,0.722,20.93,20.94,20.78,20.98,21.35,20.78,115008453.0,2425085564.0,15:34:59,2026-09-24
sh601877,正泰电器,24.9,-0.28,-1.112,24.9,24.92,25.18,25.14,25.27,24.9,7095094.0,177904553.0,15:34:59,2026-09-24
sh601878,浙商证券,9.02,-0.12,-1.313,9.02,9.03,9.14,9.13,9.14,9.01,13561345.0,122965897.0,15:34:59,2026-09-24
sh601880,辽港股份,1.45,-0.01,-0.685,1.45,1.46,1.46,1.45,1.47,1.44,80197468.0,116481597.0,15:34:59,2026-09-24
sh601881,中国银河,11.86,-0.23,-1.902,11.86,11.87,12.09,12.07,12.07,11.86,23085674.0,275515411.0,15:34:59,2026-09-24
sh601882,海天精工,23.23,-0.7,-2.925,23.22,23.23,23.93,23.93,24.01,23.11,5889921.0,138648430.0,15:34:59,2026-09-24
sh601886,江河集团,13.1,-0.54,-3.959,13.1,13.12,13.64,13.7,13.79,13.06,11662896.0,156413203.0,15:34:59,2026-09-24
sh601888,中国中免,51.46,-0.73,-1.399,51.46,51.47,52.19,52.0,52.29,51.27,12431895.0,642246918.0,15:34:59,2026-09-24
sh601890,亚星锚链,9.39,0.05,0.535,9.38,9.39,9.34,9.3,9.53,9.26,31320994.0,294275752.0,15:34:59,2026-09-24
sh601898,中煤能源,14.01,0.09,0.647,14.01,14.02,13.92,13.97,14.15,13.86,20597552.0,288213171.0,15:34:59,2026-09-24
sh601899,紫金矿业,30.01,-1.4,-4.457,30.01,30.02,31.41,30.99,31.02,29.99,214513976.0,6507041539.0,15:34:59,2026-09-24
sh601900,南方传媒,12.49,-0.08,-0.636,12.49,12.5,12.57,12.55,12.75,12.45,10939900.0,137672373.0,15:34:59,2026-09-24
sh601901,方正证券,6.74,-0.13,-1.892,6.74,6.75,6.87,6.85,6.87,6.72,32179000.0,218148404.0,15:34:59,2026-09-24
sh601908,京运通,2.89,-0.05,-1.701,2.88,2.89,2.94,2.94,2.95,2.87,28532217.0,82744513.0,15:34:59,2026-09-24
sh601916,浙商银行,2.84,-0.02,-0.699,2.84,2.85,2.86,2.86,2.87,2.84,87947232.0,251047147.0,15:00:01,2026-09-24
sh601918,新集能源,11.15,0.28,2.576,11.15,11.16,10.87,10.88,11.22,10.84,32054275.0,355620988.0,15:34:59,2026-09-24
sh601919,中远海控,16.3,-0.06,-0.367,16.29,16.3,16.36,16.31,16.4,16.2,43364660.0,707521450.0,15:34:59,2026-09-24
sh601921,浙版传媒,7.54,-0.1,-1.309,7.54,7.55,7.64,7.61,7.72,7.53,6641300.0,50457397.0,15:00:00,2026-09-24
sh601928,凤凰传媒,8.26,-0.02,-0.242,8.25,8.26,8.28,8.28,8.4,8.23,10971600.0,91110199.0,15:34:59,2026-09-24
sh601929,吉视传媒,2.37,-0.03,-1.25,2.36,2.37,2.4,2.4,2.56,2.35,153499802.0,368487565.0,15:34:59,2026-09-24
sh601933,永辉超市,3.0,-0.01,-0.332,3.0,3.01,3.01,3.01,3.04,2.99,61422400.0,184599132.0,15:34:59,2026-09-24
sh601939,建设银行,10.98,0.15,1.385,10.97,10.98,10.83,10.83,11.07,10.81,122231773.0,1340918439.0,15:34:59,2026-09-24
sh601949,中国出版,5.71,-0.41,-6.699,5.7,5.71,6.12,5.96,6.13,5.7,94353618.0,553160215.0,15:34:59,2026-09-24
sh601952,苏垦农发,9.11,-0.25,-2.671,9.1,9.11,9.36,9.35,9.45,9.09,16350825.0,150613610.0,15:00:02,2026-09-24
sh601956,东贝集团,5.14,0.19,3.838,5.13,5.14,4.95,4.95,5.35,4.92,24071017.0,124246940.0,15:34:59,2026-09-24
sh601958,金钼股份,19.7,-1.0,-4.831,19.69,19.7,20.7,20.6,20.7,19.63,34112880.0,681090596.0,15:34:59,2026-09-24
sh601963,重庆银行,11.03,0.22,2.035,11.02,11.03,10.81,10.81,11.13,10.79,13249582.0,145971930.0,15:00:00,2026-09-24
sh601965,中国汽研,13.04,-0.22,-1.659,13.04,13.05,13.26,13.25,13.32,13.02,3590699.0,47175079.0,15:34:59,2026-09-24
sh601966,玲珑轮胎,10.41,-0.14,-1.327,10.4,10.41,10.55,10.54,10.6,10.4,5506300.0,57709823.0,15:34:59,2026-09-24
sh601968,宝钢包装,4.51,0.04,0.895,4.5,4.51,4.47,4.49,4.54,4.47,4509300.0,20338719.0,15:00:02,2026-09-24
sh601969,海南矿业,8.94,-0.17,-1.866,8.93,8.94,9.11,9.08,9.16,8.93,9932006.0,89527062.0,15:34:59,2026-09-24
sh601975,招商南油,4.47,0.05,1.131,4.46,4.47,4.42,4.42,4.52,4.41,137170881.0,613350612.0,15:34:59,2026-09-24
sh601985,中国核电,8.9,0.05,0.565,8.9,8.91,8.85,8.85,8.94,8.82,61322387.0,545816764.0,15:34:59,2026-09-24
sh601988,中国银行,6.62,0.04,0.608,6.61,6.62,6.58,6.59,6.7,6.58,236386419.0,1569396742.0,15:34:59,2026-09-24
sh601990,南京证券,6.58,-0.12,-1.791,6.58,6.59,6.7,6.69,6.71,6.58,15253653.0,101074275.0,15:34:59,2026-09-24
sh601991,大唐发电,5.36,-0.05,-0.924,5.36,5.37,5.41,5.39,5.42,5.35,110670163.0,594802879.0,15:34:59,2026-09-24
sh601992,金隅集团,1.4,-0.02,-1.408,1.39,1.4,1.42,1.41,1.43,1.39,55335100.0,77744134.0,15:34:59,2026-09-24
sh601995,中金公司,31.02,-1.63,-4.992,31.02,31.03,32.65,32.19,32.2,31.02,34969714.0,1099098882.0,15:34:59,2026-09-24
sh601996,丰林集团,2.9,-0.09,-3.01,2.89,2.9,2.99,2.99,2.99,2.88,18394800.0,53825792.0,15:34:59,2026-09-24
sh601997,贵阳银行,5.5,-0.02,-0.362,5.49,5.5,5.52,5.52,5.54,5.49,33796951.0,186254670.0,15:34:59,2026-09-24
sh601998,中信银行,9.01,-0.04,-0.442,9.01,9.02,9.05,9.04,9.12,9.0,41726011.0,377804406.0,15:34:59,2026-09-24
sh601999,出版传媒,6.76,-0.14,-2.029,6.75,6.76,6.9,6.82,7.17,6.7,30485827.0,210024650.0,15:34:59,2026-09-24
sh603000,人民网,16.81,-0.28,-1.638,16.8,16.81,17.09,17.0,17.18,16.8,14640954.0,248136953.0,15:34:59,2026-09-24
sh603001,奥康国际,11.74,-0.38,-3.135,11.74,11.75,12.12,12.0,12.24,11.74,20696800.0,248158381.0,15:34:59,2026-09-24
sh603002,宏昌电子,19.19,-0.92,-4.575,19.18,19.19,20.11,19.85,20.3,19.03,69259898.0,1346395869.0,15:34:59,2026-09-24
sh603004,鼎龙科技,18.9,-0.28,-1.46,18.9,18.94,19.18,19.18,19.3,18.88,1173804.0,22372854.0,15:34:59,2026-09-24
sh603005,晶方科技,29.51,-0.74,-2.446,29.5,29.51,30.25,29.98,30.25,29.5,18575239.0,553535275.0,15:34:59,2026-09-24
sh603006,联明股份,10.83,0.03,0.278,10.83,10.84,10.8,10.83,10.97,10.73,1745400.0,18998724.0,15:00:00,2026-09-24
sh603007,顺景科技,4.55,-0.04,-0.871,4.54,4.55,4.59,4.59,4.62,4.53,10861251.0,49681210.0,15:34:59,2026-09-24
sh603008,ST喜临门,10.47,0.37,3.663,10.47,10.48,10.1,10.15,10.61,10.1,11223400.0,116689132.0,15:00:00,2026-09-24
sh603009,北特科技,47.14,-1.01,-2.098,47.14,47.15,48.15,48.5,49.55,47.0,6662800.0,320646298.0,15:34:59,2026-09-24
sh603010,万盛股份,12.63,0.18,1.446,12.62,12.63,12.45,12.35,12.85,12.27,9899430.0,124747349.0,15:34:59,2026-09-24
sh603011,合锻智能,25.99,-1.11,-4.096,25.98,25.99,27.1,26.95,27.15,25.93,29210500.0,768005961.0,15:34:59,2026-09-24
sh603012,创力集团,8.7,-0.41,-4.501,8.69,8.7,9.11,9.06,9.19,8.61,23230100.0,205951974.0,15:34:59,2026-09-24
sh603013,亚普股份,14.24,-0.14,-0.974,14.23,14.24,14.38,14.33,14.44,14.21,2090500.0,29931109.0,15:34:59,2026-09-24
sh603014,威高血净,31.15,-0.43,-1.362,31.15,31.18,31.58,31.64,31.83,31.15,835698.0,26256652.0,15:00:00,2026-09-24
sh603015,弘讯科技,10.54,0.14,1.346,10.52,10.54,10.4,10.48,10.66,10.32,4218900.0,44455125.0,15:00:01,2026-09-24
sh603016,新宏泰,32.52,-0.18,-0.55,32.51,32.52,32.7,32.7,33.2,32.32,3267600.0,106802518.0,15:34:59,2026-09-24
sh603017,中衡设计,9.95,-0.02,-0.201,9.94,9.95,9.97,9.95,10.07,9.91,2756700.0,27516069.0,15:00:00,2026-09-24
sh603018,华设集团,5.15,-0.04,-0.771,5.15,5.16,5.19,5.19,5.22,5.14,5886307.0,30400933.0,15:00:02,2026-09-24
sh603019,中科曙光,82.17,-1.33,-1.593,82.16,82.17,83.5,83.11,83.42,82.1,12994309.0,1074056259.0,15:34:59,2026-09-24
sh603020,爱普股份,12.88,-0.46,-3.448,12.87,12.88,13.34,13.21,13.51,12.82,18000700.0,236768143.0,15:34:59,2026-09-24
sh603021,*ST华鹏,5.19,-0.05,-0.954,5.18,5.19,5.24,5.18,5.26,5.14,4298000.0,22309837.0,15:00:01,2026-09-24
sh603022,新通联,8.95,0.03,0.336,8.95,8.96,8.92,9.05,9.09,8.84,2683700.0,24145721.0,15:00:00,2026-09-24
sh603023,威帝股份,4.03,-0.04,-0.983,4.03,4.04,4.07,4.04,4.12,4.01,7637299.0,30970678.0,15:00:01,2026-09-24
sh603025,大豪科技,13.27,-0.19,-1.412,13.27,13.28,13.46,13.43,13.49,13.25,3612100.0,48245010.0,15:00:00,2026-09-24
sh603026,石大胜华,57.54,-1.45,-2.458,57.54,57.56,58.99,58.57,59.26,57.5,3651530.0,212248768.0,15:34:59,2026-09-24
sh603027,千禾味业,7.29,-0.14,-1.884,7.29,7.3,7.43,7.4,7.47,7.26,10521599.0,77161241.0,15:34:59,2026-09-24
sh603028,赛福天,7.25,0.12,1.683,7.24,7.25,7.13,7.13,7.33,7.05,4950640.0,35907484.0,15:00:00,2026-09-24
sh603029,天鹅股份,16.54,-0.17,-1.017,16.54,16.6,16.71,16.71,16.89,16.49,1932700.0,32166899.0,15:00:02,2026-09-24
sh603030,全筑股份,2.04,-0.02,-0.971,2.03,2.04,2.06,2.06,2.08,2.03,22865600.0,46826197.0,15:00:01,2026-09-24
sh603031,安孚科技,39.54,-0.83,-2.056,39.54,39.55,40.37,40.0,41.02,39.39,7938744.0,317033318.0,15:34:59,2026-09-24
sh603032,德新科技,18.25,-0.11,-0.599,18.24,18.25,18.36,18.3,18.83,18.11,3887651.0,71922455.0,15:34:59,2026-09-24
sh603033,三维股份,7.87,0.03,0.383,7.86,7.87,7.84,7.68,7.97,7.68,6532600.0,51349137.0,15:00:00,2026-09-24
sh603035,常熟汽饰,10.54,0.19,1.836,10.54,10.55,10.35,10.37,10.65,10.3,6818358.0,71676023.0,15:34:59,2026-09-24
sh603036,如通股份,13.68,0.02,0.146,13.67,13.68,13.66,13.64,13.86,13.61,2959000.0,40537522.0,15:00:02,2026-09-24
sh603037,凯众股份,10.22,0.19,1.894,10.22,10.23,10.03,10.03,10.58,9.91,5786424.0,59485089.0,15:00:00,2026-09-24
sh603038,华立股份,16.75,-0.64,-3.68,16.74,16.75,17.39,17.64,17.64,16.72,6219300.0,105616124.0,15:00:02,2026-09-24
sh603039,泛微网络,35.68,-2.18,-5.758,35.67,35.68,37.86,37.49,37.76,35.64,18583984.0,678070581.0,15:34:59,2026-09-24
sh603040,新坐标,47.2,-1.48,-3.04,47.2,47.21,48.68,48.36,49.01,47.18,1815333.0,87222331.0,15:00:00,2026-09-24
sh603041,美思德,11.71,0.18,1.561,11.71,11.72,11.53,11.53,11.8,11.5,3044840.0,35614932.0,15:00:01,2026-09-24
sh603042,华脉科技,18.73,1.7,9.982,18.73,0.0,17.03,16.96,18.73,16.96,57753610.0,1042459177.0,15:34:59,2026-09-24
sh603043,广州酒家,12.88,-0.21,-1.604,12.87,12.88,13.09,13.11,13.13,12.85,2807782.0,36381548.0,15:34:59,2026-09-24
sh603045,福达合金,48.57,-1.1,-2.215,48.57,48.58,49.67,49.49,49.95,48.48,3730777.0,183070032.0,15:34:59,2026-09-24
sh603048,浙江黎明,25.76,0.26,1.02,25.76,25.79,25.5,25.5,26.15,25.4,2743800.0,70861093.0,15:34:59,2026-09-24
sh603049,中策橡胶,44.53,-0.53,-1.176,44.52,44.53,45.06,45.05,45.25,44.5,1496072.0,67030922.0,15:00:02,2026-09-24
sh603050,科林电气,16.83,-0.45,-2.604,16.82,16.83,17.28,17.35,17.35,16.77,3119476.0,52924728.0,15:34:59,2026-09-24
sh603051,鹿山新材,25.22,-0.35,-1.369,25.22,25.23,25.57,25.35,25.94,25.18,4370100.0,111547236.0,15:34:59,2026-09-24
sh603052,可川科技,58.46,-0.28,-0.477,58.46,58.47,58.74,58.31,62.2,57.34,6773042.0,405717800.0,15:34:59,2026-09-24
sh603053,成都燃气,8.65,-0.03,-0.346,8.65,8.69,8.68,8.66,8.73,8.63,1239000.0,10749360.0,15:00:00,2026-09-24
sh603055,台华新材,9.51,0.25,2.7,9.51,9.52,9.26,9.25,9.88,9.18,15168308.0,144291653.0,15:34:59,2026-09-24
sh603057,上海紫燕食品,17.67,-0.67,-3.653,17.67,17.68,18.34,18.31,18.48,17.67,3316465.0,59552505.0,15:34:59,2026-09-24
sh603058,永吉股份,8.88,-0.21,-2.31,8.88,8.89,9.09,9.09,9.12,8.86,7770900.0,69591424.0,15:00:00,2026-09-24
sh603059,倍加洁,25.6,0.11,0.432,25.6,25.61,25.49,25.51,26.05,25.39,1483300.0,38227801.0,15:34:59,2026-09-24
sh603060,国检集团,5.45,-0.01,-0.183,5.44,5.45,5.46,5.48,5.49,5.42,2186794.0,11917844.0,15:00:02,2026-09-24
sh603061,金海通股份,333.85,-8.25,-2.412,333.85,333.89,342.1,340.05,346.8,333.0,2374643.0,806463097.0,15:34:59,2026-09-24
sh603062,麦加芯彩,38.06,-0.79,-2.033,38.06,38.08,38.85,38.85,38.96,38.06,307204.0,11818519.0,15:00:01,2026-09-24
sh603063,禾望电气,29.08,-0.95,-3.164,29.06,29.08,30.03,29.91,30.04,29.01,9908995.0,291437020.0,15:34:59,2026-09-24
sh603065,宿迁联盛,16.27,1.48,10.007,16.27,0.0,14.79,15.1,16.27,14.72,44411622.0,704826054.0,15:34:59,2026-09-24
sh603066,音飞储存,9.35,0.09,0.972,9.35,9.36,9.26,9.21,9.46,9.19,4568800.0,42741162.0,15:00:02,2026-09-24
sh603067,振华股份,40.89,1.03,2.584,40.89,40.9,39.86,40.0,42.8,39.79,59696361.0,2457828055.0,15:34:59,2026-09-24
sh603068,博通集成,48.51,2.64,5.755,48.5,48.51,45.87,46.56,49.98,46.17,27052733.0,1307200188.0,15:34:59,2026-09-24
sh603069,海汽集团,13.43,0.06,0.449,13.43,13.44,13.37,13.3,13.56,13.27,3324100.0,44709241.0,15:00:02,2026-09-24
sh603070,万控智造,11.42,-0.03,-0.262,11.41,11.42,11.45,11.43,11.58,11.35,1264200.0,14488206.0,15:00:00,2026-09-24
sh603071,物产环能,12.33,0.03,0.244,12.32,12.33,12.3,12.3,12.4,12.26,1142100.0,14086792.0,15:34:59,2026-09-24
sh603072,天和磁材科技,30.53,-0.32,-1.037,30.5,30.53,30.85,30.71,31.05,30.5,1125623.0,34567214.0,15:00:00,2026-09-24
sh603073,彩蝶实业,18.88,0.78,4.309,18.87,18.88,18.1,18.1,18.95,17.75,5465655.0,101945937.0,15:00:00,2026-09-24
sh603075,热威科技股份,20.15,-0.34,-1.659,20.15,20.16,20.49,20.45,20.46,20.05,3273809.0,66082207.0,15:00:02,2026-09-24
sh603076,乐惠国际,20.21,-0.17,-0.834,20.21,20.22,20.38,20.38,20.58,20.16,1312000.0,26700689.0,15:00:00,2026-09-24
sh603077,和邦生物,2.22,-0.03,-1.333,2.22,2.23,2.25,2.24,2.26,2.21,83618513.0,186249626.0,15:34:59,2026-09-24
sh603078,江化微,31.96,-0.72,-2.203,31.95,31.96,32.68,32.44,33.16,31.93,12750584.0,413864467.0,15:34:59,2026-09-24
sh603079,圣达生物,13.11,-0.17,-1.28,13.11,13.12,13.28,13.28,13.38,13.08,2725696.0,35942523.0,15:34:59,2026-09-24
sh603080,新疆火炬,19.8,-0.1,-0.503,19.8,19.83,19.9,19.85,20.03,19.77,1094300.0,21786015.0,15:00:01,2026-09-24
sh603081,大丰实业,9.4,-0.06,-0.634,9.4,9.41,9.46,9.46,9.56,9.38,2474100.0,23419361.0,15:00:00,2026-09-24
sh603082,北自科技股份,46.74,-2.25,-4.593,46.74,46.75,48.99,48.98,49.19,46.63,6933612.0,328896575.0,15:34:59,2026-09-24
sh603083,剑桥科技,209.63,-8.54,-3.914,209.63,209.64,218.17,215.65,217.77,208.5,14561201.0,3073334930.0,15:34:59,2026-09-24
sh603085,天成自控,9.74,-0.08,-0.815,9.73,9.74,9.82,9.76,9.9,9.72,3595367.0,35226007.0,15:00:00,2026-09-24
sh603086,先达股份,5.83,0.01,0.172,5.83,5.84,5.82,5.85,5.86,5.75,6309300.0,36730376.0,15:34:59,2026-09-24
sh603087,甘李药业,73.44,-1.12,-1.502,73.44,73.45,74.56,74.5,75.99,73.29,10264639.0,762927968.0,15:34:59,2026-09-24
sh603088,宁波精达,10.15,-0.21,-2.027,10.15,10.16,10.36,10.39,10.43,10.13,4110700.0,42185183.0,15:00:00,2026-09-24
sh603089,正裕工业,9.62,-0.15,-1.535,9.62,9.63,9.77,9.73,9.85,9.61,2759500.0,26801229.0,15:34:59,2026-09-24
sh603090,宏盛股份,37.87,-1.21,-3.096,37.86,37.87,39.08,38.82,38.93,37.8,2919052.0,111611883.0,15:34:59,2026-09-24
sh603091,众鑫股份,46.43,-1.32,-2.764,46.43,46.5,47.75,47.7,48.0,46.43,523947.0,24780927.0,15:00:00,2026-09-24
sh603092,德力佳传动,45.85,2.1,4.8,45.84,45.85,43.75,43.35,46.84,43.21,4083759.0,184801657.0,15:34:59,2026-09-24
sh603093,南华期货,13.4,-0.2,-1.471,13.4,13.41,13.6,13.5,14.0,13.27,26201968.0,356540872.0,15:34:59,2026-09-24
sh603095,越剑智能,14.43,-0.33,-2.236,14.42,14.43,14.76,14.9,14.99,14.42,4969750.0,72597704.0,15:34:59,2026-09-24
sh603096,新经典,15.96,0.04,0.251,15.96,15.97,15.92,15.92,16.31,15.82,1566660.0,25217627.0,15:00:02,2026-09-24
sh603097,江苏华辰,18.44,-0.11,-0.593,18.44,18.45,18.55,18.56,18.85,18.31,1853660.0,34486907.0,15:00:00,2026-09-24
sh603098,森特股份,10.72,-0.02,-0.186,10.72,10.73,10.74,10.7,10.84,10.66,2304246.0,24784788.0,15:00:01,2026-09-24
sh603099,长白山,41.76,1.27,3.137,41.76,41.77,40.49,40.9,42.37,39.9,16485807.0,686525555.0,15:34:59,2026-09-24
sh603100,川仪股份,18.55,-0.16,-0.855,18.55,18.56,18.71,18.69,18.9,18.5,2673059.0,49966093.0,15:00:00,2026-09-24
sh603101,汇嘉时代,7.26,-0.1,-1.359,7.26,7.27,7.36,7.33,7.37,7.23,4200789.0,30664972.0,15:00:03,2026-09-24
sh603102,百合股份,37.5,-0.15,-0.398,37.5,37.6,37.65,37.53,37.9,37.21,1268600.0,47656179.0,15:00:00,2026-09-24
sh603103,横店影视,16.01,-0.26,-1.598,16.01,16.02,16.27,16.2,16.42,15.91,3084110.0,49746151.0,15:34:59,2026-09-24
sh603105,芯能科技,8.68,0.49,5.983,8.67,8.68,8.19,8.13,8.86,8.02,40951096.0,348948732.0,15:34:59,2026-09-24
sh603106,恒银科技,7.26,-0.1,-1.359,7.26,7.27,7.36,7.33,7.43,7.26,7399800.0,54145340.0,15:34:59,2026-09-24
sh603107,上海汽配,12.08,-0.11,-0.902,12.07,12.08,12.19,12.18,12.22,12.08,1080500.0,13117711.0,15:00:01,2026-09-24
sh603108,润达医疗,9.98,-0.02,-0.2,9.96,9.98,10.0,9.92,10.31,9.89,13596176.0,136686106.0,15:34:59,2026-09-24
sh603109,神驰机电,17.72,0.27,1.547,17.72,17.73,17.45,17.36,17.8,17.36,2107640.0,37210958.0,15:34:59,2026-09-24
sh603110,东方材料,25.23,0.13,0.518,25.21,25.23,25.1,25.08,26.37,24.93,8134500.0,207105516.0,15:00:00,2026-09-24
sh603111,康尼机电,6.09,0.01,0.164,6.08,6.09,6.08,6.09,6.15,6.03,4032700.0,24670698.0,15:00:00,2026-09-24
sh603112,华翔股份,17.56,-0.05,-0.284,17.56,17.58,17.61,17.58,17.99,17.43,8251593.0,146518532.0,15:34:59,2026-09-24
sh603113,金能科技,4.83,-0.07,-1.429,4.82,4.83,4.9,4.87,4.96,4.8,12613100.0,61309209.0,15:34:59,2026-09-24
sh603115,海星股份,79.4,2.3,2.983,79.38,79.4,77.1,75.59,79.98,74.73,12047275.0,932690914.0,15:34:59,2026-09-24
sh603116,红蜻蜓,7.16,0.41,6.074,7.16,7.17,6.75,6.77,7.35,6.71,18184720.0,128547391.0,15:34:59,2026-09-24
sh603117,万林物流,3.95,0.08,2.067,3.94,3.95,3.87,3.89,3.95,3.85,7868980.0,30852807.0,15:34:59,2026-09-24
sh603118,共进股份,17.76,-0.58,-3.162,17.75,17.76,18.34,17.98,18.5,17.72,65837646.0,1185660969.0,15:34:59,2026-09-24
sh603119,浙江荣泰股份,56.42,-0.19,-0.336,56.42,56.43,56.61,55.53,57.32,55.21,16048274.0,907865391.0,15:34:59,2026-09-24
sh603120,肯特催化材料,59.87,-0.22,-0.366,59.78,59.87,60.09,59.74,61.34,58.27,4185787.0,251707889.0,15:34:59,2026-09-24
sh603121,华培动力,13.14,0.5,3.956,13.14,13.15,12.64,12.53,13.87,12.44,11024066.0,146108223.0,15:34:59,2026-09-24
sh603122,合富中国,14.93,1.36,10.022,14.93,0.0,13.57,13.72,14.93,13.12,75567801.0,1067561958.0,15:34:59,2026-09-24
sh603123,翠微股份,9.37,-0.19,-1.987,9.37,9.38,9.56,9.54,9.66,9.33,21728202.0,204536951.0,15:34:59,2026-09-24
sh603124,江南新材,131.82,-13.18,-9.09,131.82,131.83,145.0,144.23,144.97,131.2,10882162.0,1470116595.0,15:34:59,2026-09-24
sh603125,江苏常青树科技,23.44,-1.08,-4.405,23.44,23.49,24.52,24.19,24.35,23.33,11455802.0,270508049.0,15:34:59,2026-09-24
sh603126,中材节能,6.33,-0.02,-0.315,6.33,6.34,6.35,6.35,6.4,6.3,4258003.0,27021556.0,15:34:59,2026-09-24
sh603127,昭衍新药,46.39,-1.38,-2.889,46.39,46.4,47.77,48.95,49.72,46.34,41845354.0,2002386773.0,15:34:59,2026-09-24
sh603128,华贸物流,5.3,0.05,0.952,5.3,5.31,5.25,5.26,5.36,5.19,9930912.0,52630086.0,15:34:59,2026-09-24
sh603129,春风动力,290.75,-6.22,-2.094,290.7,291.0,296.97,296.67,298.41,290.75,911510.0,267460272.0,15:34:59,2026-09-24
sh603130,云中马股份,38.68,-0.03,-0.077,38.64,38.68,38.71,38.65,39.48,38.2,703300.0,27410936.0,15:00:02,2026-09-24
sh603131,上海沪工,13.99,0.04,0.287,13.99,14.0,13.95,13.92,14.25,13.83,6083200.0,85639140.0,15:34:59,2026-09-24
sh603132,金徽股份,17.93,-0.85,-4.526,17.93,17.94,18.78,18.6,18.68,17.9,3773600.0,68731080.0,15:34:59,2026-09-24
sh603135,中重科技,8.76,-0.12,-1.351,8.76,8.77,8.88,8.88,8.95,8.74,4355380.0,38519942.0,15:00:01,2026-09-24
sh603136,天目湖,9.07,-0.12,-1.306,9.07,9.08,9.19,9.11,9.19,9.03,6786879.0,61675641.0,15:34:59,2026-09-24
sh603137,恒尚节能,19.63,-0.43,-2.144,19.62,19.63,20.06,19.6,20.32,19.56,10204902.0,202264090.0,15:34:59,2026-09-24
sh603138,海量数据,14.73,-0.31,-2.061,14.73,14.74,15.04,15.08,15.29,14.63,12973175.0,192774688.0,15:34:59,2026-09-24
sh603139,康惠股份,36.3,-0.27,-0.738,36.3,36.31,36.57,36.31,37.52,36.08,2366650.0,87041459.0,15:34:59,2026-09-24
sh603150,万朗磁塑,71.14,-4.84,-6.37,71.0,71.14,75.98,74.86,75.23,70.61,3249400.0,236159016.0,15:00:02,2026-09-24
sh603151,邦基科技股份,18.32,0.01,0.055,18.32,18.33,18.31,18.33,18.53,17.73,3948200.0,71380456.0,15:34:59,2026-09-24
sh603153,上海建科集团,13.28,-0.13,-0.969,13.28,13.29,13.41,13.67,13.67,13.24,1889500.0,25217996.0,15:00:01,2026-09-24
sh603155,新亚强,15.25,-0.33,-2.118,15.25,15.26,15.58,15.42,15.79,15.25,10305343.0,159160802.0,15:34:59,2026-09-24
sh603156,养元饮品,43.9,-1.3,-2.876,43.9,43.91,45.2,45.2,45.5,43.75,10240849.0,454676241.0,15:34:59,2026-09-24
sh603158,腾龙股份,10.51,-0.11,-1.036,10.5,10.51,10.62,10.62,10.77,10.48,7026800.0,74480634.0,15:34:59,2026-09-24
sh603159,上海亚虹,23.03,-0.41,-1.749,23.02,23.03,23.44,23.22,23.8,22.71,4229600.0,98326196.0,15:34:59,2026-09-24
sh603160,汇顶科技,54.4,-0.75,-1.36,54.4,54.41,55.15,54.99,55.5,54.37,3151945.0,172823545.0,15:34:59,2026-09-24
sh603161,科华控股,15.03,0.08,0.535,15.03,15.04,14.95,14.9,15.19,14.85,1887133.0,28380537.0,15:00:02,2026-09-24
sh603162,海通发展,13.43,-0.05,-0.371,13.43,13.44,13.48,13.34,13.6,13.28,33163521.0,445639356.0,15:34:59,2026-09-24
sh603163,圣晖系统集成集团,82.0,-1.5,-1.796,81.97,82.0,83.5,82.75,84.6,81.8,1749500.0,144950069.0,15:34:59,2026-09-24
sh603165,荣晟环保,13.44,-0.06,-0.444,13.44,13.45,13.5,13.51,13.58,13.43,2225003.0,30025676.0,15:00:01,2026-09-24
sh603166,福达股份,10.99,-0.05,-0.453,10.98,10.99,11.04,11.0,11.23,10.98,4890235.0,54243594.0,15:34:59,2026-09-24
sh603167,渤海轮渡,8.06,-0.02,-0.248,8.06,8.07,8.08,8.08,8.1,8.05,1246600.0,10050264.0,15:00:00,2026-09-24
sh603168,莎普爱思,5.85,-0.01,-0.171,5.85,5.86,5.86,5.83,5.95,5.81,5388900.0,31592441.0,15:00:01,2026-09-24
sh603169,兰石重装,6.02,-0.03,-0.496,6.01,6.02,6.05,6.05,6.12,5.98,6909400.0,41707010.0,15:34:59,2026-09-24
sh603170,宝立食品科技,12.32,0.36,3.01,12.32,12.33,11.96,11.99,12.44,11.89,4074600.0,49861012.0,15:34:59,2026-09-24
sh603171,税友股份,40.02,-0.48,-1.185,40.01,40.02,40.5,40.2,40.56,39.77,3996624.0,160594813.0,15:34:59,2026-09-24
sh603172,浙江万丰股份,19.59,-0.23,-1.16,19.58,19.59,19.82,19.75,19.9,19.5,1379190.0,27144274.0,15:00:01,2026-09-24
sh603173,福斯达深冷,29.48,-0.51,-1.701,29.45,29.48,29.99,29.99,30.13,29.4,346200.0,10272200.0,15:34:59,2026-09-24
sh603175,超颖电子,110.39,-4.19,-3.657,110.39,110.55,114.58,113.95,116.0,110.01,3672431.0,411994960.0,15:34:59,2026-09-24
sh603176,汇通集团,5.29,-0.01,-0.189,5.29,5.3,5.3,5.3,5.35,5.24,2243824.0,11904921.0,15:00:00,2026-09-24
sh603177,德创环保,11.11,0.06,0.543,11.11,11.12,11.05,10.96,11.27,10.81,3271200.0,36358216.0,15:00:01,2026-09-24
sh603178,圣龙股份,15.85,-0.17,-1.061,15.84,15.85,16.02,16.0,16.11,15.79,3954100.0,62975398.0,15:34:59,2026-09-24
sh603179,新泉股份,41.29,0.38,0.929,41.29,41.3,40.91,40.92,42.6,40.58,20048383.0,836912422.0,15:34:59,2026-09-24
sh603180,金牌家居,15.83,0.07,0.444,15.8,15.83,15.76,15.73,15.98,15.7,1057928.0,16729844.0,15:00:01,2026-09-24
sh603181,皇马科技,12.55,-0.29,-2.259,12.55,12.58,12.84,12.84,12.9,12.52,3423300.0,43344703.0,15:34:59,2026-09-24
sh603182,嘉华生物科技股份,13.52,-0.09,-0.661,13.52,13.54,13.61,13.61,13.7,13.4,1359000.0,18406144.0,15:00:01,2026-09-24
sh603183,建研院,4.92,-0.07,-1.403,4.91,4.92,4.99,4.98,5.04,4.91,9245443.0,45912833.0,15:34:59,2026-09-24
sh603185,弘元绿能,13.92,-0.38,-2.657,13.92,13.93,14.3,14.33,14.33,13.89,4929609.0,69390096.0,15:34:59,2026-09-24
sh603186,华正新材,213.3,-14.4,-6.324,213.3,213.4,227.7,228.6,231.0,212.18,14441200.0,3154371585.0,15:34:59,2026-09-24
sh603187,海容冷链,10.65,-0.09,-0.838,10.65,10.66,10.74,10.7,10.79,10.64,2091457.0,22374014.0,15:34:59,2026-09-24
sh603188,亚邦股份,4.5,-0.04,-0.881,4.48,4.5,4.54,4.53,4.59,4.47,8092599.0,36623256.0,15:00:02,2026-09-24
sh603189,*ST网达,9.63,0.01,0.104,9.63,9.65,9.62,9.62,9.67,9.52,1192100.0,11428493.0,15:00:01,2026-09-24
sh603190,烟台亚通精工机械,16.25,-0.13,-0.794,16.25,16.3,16.38,16.29,16.45,16.23,1264548.0,20660748.0,15:00:02,2026-09-24
sh603191,望变电气,13.24,-0.18,-1.341,13.24,13.25,13.42,13.5,13.56,13.24,3942460.0,52608713.0,15:34:59,2026-09-24
sh603192,汇得科技,21.08,-0.82,-3.744,21.08,21.09,21.9,21.66,21.7,20.68,4845915.0,102404365.0,15:34:59,2026-09-24
sh603193,润本生物技术股份,20.18,-0.21,-1.03,20.17,20.18,20.39,20.35,20.64,20.16,1866004.0,37911028.0,15:00:00,2026-09-24
sh603194,中力股份,33.37,-0.39,-1.155,33.37,33.38,33.76,33.83,33.93,33.37,561908.0,18895903.0,15:00:01,2026-09-24
sh603195,公牛集团,37.89,-0.14,-0.368,37.88,37.89,38.03,38.0,38.25,37.87,1319706.0,50211855.0,15:34:59,2026-09-24
sh603196,璞源材料,18.49,-0.36,-1.91,18.48,18.49,18.85,18.74,18.95,18.45,1182300.0,22007962.0,15:00:02,2026-09-24
sh603197,保隆科技,29.36,0.06,0.205,29.34,29.36,29.3,29.3,29.75,29.08,1926650.0,56928568.0,15:00:01,2026-09-24
sh603198,迎驾贡酒,37.2,-1.94,-4.957,37.18,37.2,39.14,38.78,39.2,37.07,3709865.0,139843507.0,15:34:59,2026-09-24
sh603199,九华旅游,32.3,-0.5,-1.524,32.3,32.31,32.8,32.71,32.99,32.26,1058600.0,34403934.0,15:34:59,2026-09-24
sh603200,上海洗霸,38.32,-1.26,-3.183,38.3,38.32,39.58,39.45,39.5,38.27,3469274.0,134589767.0,15:34:59,2026-09-24
sh603201,常润股份,15.62,-0.32,-2.008,15.61,15.62,15.94,15.91,15.95,15.58,2242782.0,35302700.0,15:34:59,2026-09-24
sh603202,天有为,51.78,-1.09,-2.062,51.78,51.8,52.87,52.55,53.1,51.78,689040.0,36048926.0,15:34:59,2026-09-24
sh603203,快克智能,47.1,-0.75,-1.567,47.09,47.1,47.85,47.68,48.77,46.9,7395344.0,353108013.0,15:34:59,2026-09-24
sh603205,健尔康,21.57,-0.05,-0.231,21.54,21.57,21.62,21.55,21.7,21.45,688506.0,14860241.0,15:00:02,2026-09-24
sh603206,嘉环科技,13.83,-0.08,-0.575,13.83,13.84,13.91,13.82,14.05,13.82,2841800.0,39592617.0,15:00:01,2026-09-24
sh603207,上海小方制药,24.25,-0.59,-2.375,24.25,24.26,24.84,24.7,24.98,24.25,2616884.0,64148424.0,15:34:59,2026-09-24
sh603208,江山欧派,11.34,0.06,0.532,11.34,11.36,11.28,11.33,11.47,11.12,1706969.0,19400011.0,15:00:01,2026-09-24
sh603209,兴通股份,14.7,0.09,0.616,14.7,14.71,14.61,14.61,14.73,14.53,3089984.0,45330102.0,15:34:59,2026-09-24
sh603210,泰鸿万立,13.4,-0.24,-1.76,13.39,13.4,13.64,13.61,13.67,13.39,2507754.0,33878380.0,15:34:59,2026-09-24
sh603211,晋拓科技股份,19.78,-0.3,-1.494,19.77,19.78,20.08,19.98,20.4,19.76,4129400.0,82750035.0,15:34:59,2026-09-24
sh603212,赛伍技术,11.58,-0.27,-2.278,11.58,11.59,11.85,11.79,11.84,11.55,6388200.0,74637426.0,15:34:59,2026-09-24
sh603213,镇洋发展,13.62,-0.14,-1.017,13.62,13.63,13.76,13.76,13.8,13.61,1239500.0,16951285.0,15:00:02,2026-09-24
sh603214,爱婴室,13.5,0.07,0.521,13.5,13.52,13.43,13.47,13.58,13.28,2875800.0,38820807.0,15:34:59,2026-09-24
sh603215,比依股份,15.53,0.71,4.791,15.52,15.53,14.82,14.89,15.94,14.82,6603000.0,102091111.0,15:34:59,2026-09-24
sh603216,梦天家居,23.32,-0.21,-0.892,23.32,23.33,23.53,24.03,25.22,23.3,14921898.0,360585766.0,15:34:59,2026-09-24
sh603217,元利科技,28.11,-0.69,-2.396,28.11,28.18,28.8,28.62,28.96,28.08,1656076.0,47193995.0,15:00:01,2026-09-24
sh603218,日月股份,9.31,0.07,0.758,9.31,9.32,9.24,9.26,9.46,9.22,8116500.0,75826603.0,15:00:00,2026-09-24
sh603219,富佳股份,12.75,-0.01,-0.078,12.75,12.76,12.76,12.76,12.97,12.58,2307800.0,29528289.0,15:00:01,2026-09-24
sh603220,中贝通信,18.18,-0.29,-1.57,18.18,18.19,18.47,18.4,18.55,18.12,8429872.0,154076530.0,15:34:59,2026-09-24
sh603221,爱丽家居,30.8,-1.89,-5.782,30.8,30.81,32.69,32.57,33.3,30.06,15484308.0,487739377.0,15:34:59,2026-09-24
sh603222,济民健康,8.27,-0.67,-7.494,8.26,8.27,8.94,8.94,8.98,8.19,55353873.0,474559172.0,15:34:59,2026-09-24
sh603223,恒通股份,9.9,-0.11,-1.099,9.89,9.9,10.01,10.0,10.06,9.83,4680579.0,46436126.0,15:00:02,2026-09-24
sh603225,新凤鸣,17.07,-0.57,-3.231,17.07,17.1,17.64,17.79,17.79,17.04,10197382.0,176059394.0,15:34:59,2026-09-24
sh603226,菲林格尔,31.0,-1.59,-4.879,30.99,31.0,32.59,31.05,32.23,30.68,6160728.0,192488323.0,15:34:59,2026-09-24
sh603227,雪峰科技,7.4,-0.12,-1.596,7.4,7.41,7.52,7.52,7.53,7.37,4065500.0,30222834.0,15:00:00,2026-09-24
sh603228,景旺电子,103.55,-3.9,-3.63,103.55,103.56,107.45,107.01,110.12,103.5,23779098.0,2529380307.0,15:34:59,2026-09-24
sh603229,奥翔药业,8.15,-0.25,-2.976,8.14,8.15,8.4,8.2,8.47,8.15,15433210.0,127539849.0,15:34:59,2026-09-24
sh603230,内蒙新华,18.47,1.68,10.006,18.47,0.0,16.79,16.99,18.47,16.85,72187123.0,1311807284.0,15:34:59,2026-09-24
sh603231,索宝蛋白,17.16,-0.01,-0.058,17.15,17.16,17.17,17.19,17.19,17.01,1192104.0,20417830.0,15:34:59,2026-09-24
sh603232,格尔软件,15.93,-1.06,-6.239,15.93,15.94,16.99,16.54,16.58,15.87,17538580.0,281408052.0,15:34:59,2026-09-24
sh603233,大参林,17.55,-0.42,-2.337,17.54,17.55,17.97,18.0,18.21,17.51,7448269.0,132398132.0,15:00:01,2026-09-24
sh603235,天新药业,25.17,-0.02,-0.079,25.09,25.17,25.19,24.9,25.23,24.85,411100.0,10311594.0,15:00:01,2026-09-24
sh603236,移远通信,72.68,-1.9,-2.548,72.68,72.7,74.58,75.0,75.01,72.5,11268912.0,828307435.0,15:34:59,2026-09-24
sh603237,五芳斋实业,15.1,-0.07,-0.461,15.1,15.11,15.17,15.23,15.31,15.08,1483400.0,22504738.0,15:00:01,2026-09-24
sh603238,诺邦股份,12.79,0.25,1.994,12.78,12.79,12.54,12.55,12.97,12.49,3398310.0,43520850.0,15:34:59,2026-09-24
sh603239,浙江仙通,14.0,-0.18,-1.269,14.0,14.01,14.18,14.17,14.35,13.98,1890000.0,26717583.0,15:00:00,2026-09-24
sh603248,锡华科技,22.54,1.05,4.886,22.54,22.55,21.49,20.8,23.49,20.61,26362547.0,589350218.0,15:34:59,2026-09-24
sh603255,鼎际得股份,32.57,0.06,0.185,32.57,32.62,32.51,32.74,33.12,32.05,1855900.0,60476648.0,15:00:02,2026-09-24
sh603256,宏和科技,152.0,-4.8,-3.061,152.0,152.01,156.8,157.91,162.85,152.0,26097429.0,4097434372.0,15:34:59,2026-09-24
sh603257,中国瑞林,66.91,-3.46,-4.917,66.91,67.0,70.37,70.07,71.26,66.5,1858473.0,127461975.0,15:00:01,2026-09-24
sh603258,电魂网络,13.92,-0.13,-0.925,13.91,13.92,14.05,14.19,14.49,13.86,5060910.0,71129316.0,15:34:59,2026-09-24
sh603259,药明康德,162.4,-5.55,-3.305,162.39,162.4,167.95,166.8,168.57,162.3,34691908.0,5706524879.0,15:34:59,2026-09-24
sh603260,合盛硅业,31.85,-1.05,-3.191,31.85,31.86,32.9,32.88,32.98,31.75,6312580.0,203776711.0,15:34:59,2026-09-24
sh603261,立航科技,53.0,1.0,1.923,52.92,53.0,52.0,51.9,53.66,51.2,1865600.0,98704996.0,15:34:59,2026-09-24
sh603262,技源集团,17.93,-0.68,-3.654,17.92,17.93,18.61,18.44,18.56,17.93,2688355.0,48936133.0,15:00:01,2026-09-24
sh603266,天龙股份,18.06,-0.1,-0.551,18.05,18.06,18.16,18.0,18.79,18.0,6716216.0,123698043.0,15:34:59,2026-09-24
sh603267,鸿远电子,50.54,-1.09,-2.111,50.54,50.55,51.63,51.34,52.1,50.43,5071841.0,258999556.0,15:34:59,2026-09-24
sh603268,松发股份,215.9,0.58,0.269,215.83,215.9,215.32,216.99,220.85,214.35,5225593.0,1136252787.0,15:34:59,2026-09-24
sh603269,海鸥股份,26.03,-0.85,-3.162,26.02,26.03,26.88,26.58,26.98,26.0,13299698.0,349964656.0,15:34:59,2026-09-24
sh603270,金帝精密科技股份,35.71,-1.66,-4.442,35.71,35.72,37.37,37.06,37.34,35.68,5846000.0,212883687.0,15:34:59,2026-09-24
sh603271,永杰新材料,38.92,-0.67,-1.692,38.9,38.92,39.59,39.21,39.54,38.76,949652.0,37119312.0,15:34:59,2026-09-24
sh603272,*ST联翔,16.81,0.71,4.41,16.81,16.82,16.1,16.5,17.15,16.03,3932400.0,65563995.0,15:34:59,2026-09-24
sh603273,天元智能,14.81,0.08,0.543,14.8,14.81,14.73,14.73,15.03,14.67,1523775.0,22673209.0,15:00:01,2026-09-24
sh603275,上海众辰科技,37.26,0.21,0.567,37.26,37.27,37.05,37.06,37.5,36.86,769786.0,28688310.0,15:34:59,2026-09-24
sh603276,恒兴新材料科技,17.91,-0.43,-2.345,17.89,17.91,18.34,18.34,18.48,17.6,3816420.0,68822901.0,15:00:01,2026-09-24
sh603277,银都股份,11.24,-0.32,-2.768,11.24,11.25,11.56,11.57,11.58,11.17,2313700.0,26247590.0,15:00:01,2026-09-24
sh603278,大业股份,9.8,0.89,9.989,9.8,0.0,8.91,8.91,9.8,8.85,16092480.0,155895113.0,15:34:59,2026-09-24
sh603279,景津装备,10.99,-0.23,-2.05,10.99,11.0,11.22,11.23,11.26,10.96,5767100.0,64004604.0,15:34:59,2026-09-24
sh603280,南方路面机械,28.31,1.56,5.832,28.3,28.31,26.75,26.78,28.7,26.55,6544188.0,181620602.0,15:34:59,2026-09-24
sh603281,江瀚新材,18.96,-0.76,-3.854,18.96,18.97,19.72,19.55,19.6,18.91,5064308.0,97227860.0,15:34:59,2026-09-24
sh603282,亚光科技股份,17.42,0.07,0.403,17.38,17.42,17.35,17.45,17.6,17.21,2067316.0,36113857.0,15:00:01,2026-09-24
sh603283,赛腾股份,46.02,-0.88,-1.876,46.02,46.03,46.9,46.42,47.3,45.88,10497515.0,487953746.0,15:34:59,2026-09-24
sh603284,林平发展,41.03,-0.97,-2.31,41.03,41.04,42.0,41.98,41.99,40.91,1007379.0,41632738.0,15:00:01,2026-09-24
sh603285,键邦股份,36.81,-1.38,-3.614,36.8,36.81,38.19,37.81,37.89,36.69,2897600.0,107598342.0,15:34:59,2026-09-24
sh603286,日盈电子,46.06,0.09,0.196,46.05,46.06,45.97,45.39,48.0,45.06,5398300.0,252396656.0,15:34:59,2026-09-24
sh603288,海天味业,33.93,-0.34,-0.992,33.92,33.93,34.27,34.1,34.32,33.89,5807563.0,197526337.0,15:34:59,2026-09-24
sh603289,泰瑞机器,10.87,-0.29,-2.599,10.87,10.88,11.16,11.03,11.19,10.8,13090700.0,143415137.0,15:34:59,2026-09-24
sh603290,斯达半导,85.95,-2.08,-2.363,85.95,85.96,88.03,87.3,88.05,85.9,2876685.0,249787827.0,15:34:59,2026-09-24
sh603291,联合水务,8.72,-0.18,-2.022,8.72,8.73,8.9,8.88,8.99,8.71,3654623.0,32244186.0,15:34:59,2026-09-24
sh603293,埃泰克汽车电子,36.73,-0.06,-0.163,36.73,36.74,36.79,36.5,37.11,36.42,756340.0,27845261.0,15:00:02,2026-09-24
sh603296,华勤技术,79.11,-0.78,-0.976,79.11,79.12,79.89,80.2,81.5,79.08,11435723.0,916759946.0,15:34:59,2026-09-24
sh603297,永新光学,113.32,-2.26,-1.955,113.18,113.32,115.58,115.35,116.48,113.05,1079000.0,123382859.0,15:34:59,2026-09-24
sh603298,杭叉集团,22.72,-0.57,-2.447,22.71,22.72,23.29,23.32,23.52,22.66,5406620.0,124183772.0,15:34:59,2026-09-24
sh603299,苏盐井神,8.64,-0.12,-1.37,8.64,8.65,8.76,8.74,8.76,8.63,2924400.0,25407851.0,15:00:01,2026-09-24
sh603300,海南华铁,4.55,-0.04,-0.871,4.54,4.55,4.59,4.58,4.6,4.53,19699000.0,89897626.0,15:34:59,2026-09-24
sh603301,振德医疗,78.48,-2.47,-3.051,78.4,78.48,80.95,80.99,81.53,78.02,1878600.0,149390175.0,15:34:59,2026-09-24
sh603303,得邦照明,29.33,-0.02,-0.068,29.26,29.33,29.35,29.3,30.0,28.61,2979191.0,87587236.0,15:34:59,2026-09-24
sh603305,旭升集团,11.17,-0.05,-0.446,11.16,11.17,11.22,11.21,11.42,11.13,13275647.0,149954492.0,15:34:59,2026-09-24
sh603306,华懋科技,79.92,-3.37,-4.046,79.91,79.92,83.29,82.8,83.31,79.46,8698961.0,702649577.0,15:34:59,2026-09-24
sh603307,扬州金泉,26.2,-0.23,-0.87,26.15,26.2,26.43,26.5,26.75,25.8,1407995.0,36820980.0,15:00:01,2026-09-24
sh603308,应流股份,38.95,-1.2,-2.989,38.94,38.95,40.15,39.8,40.08,38.77,22576416.0,886647523.0,15:34:59,2026-09-24
sh603309,维力医疗,11.07,0.02,0.181,11.07,11.09,11.05,11.04,11.2,11.02,2137765.0,23749456.0,15:00:01,2026-09-24
sh603310,巍华新材,14.74,-0.14,-0.941,14.73,14.74,14.88,14.87,14.88,14.73,1154842.0,17073835.0,15:00:00,2026-09-24
sh603311,金海高科,25.89,0.43,1.689,25.89,25.9,25.46,25.28,26.28,25.17,4633300.0,119563434.0,15:34:59,2026-09-24
sh603312,西典新能,31.79,-0.01,-0.031,31.75,31.79,31.8,31.72,32.33,31.49,431700.0,13781134.0,15:00:01,2026-09-24
sh603313,梦百合,6.43,-0.14,-2.131,6.42,6.43,6.57,6.52,6.7,6.36,19245090.0,125573612.0,15:34:59,2026-09-24
sh603315,福鞍股份,10.82,-0.22,-1.993,10.82,10.83,11.04,10.98,11.09,10.8,4154101.0,45421151.0,15:34:59,2026-09-24
sh603316,诚邦股份,17.09,-0.18,-1.042,17.08,17.09,17.27,16.9,17.42,16.42,34561516.0,581091803.0,15:34:59,2026-09-24
sh603317,天味食品,12.66,-0.14,-1.094,12.66,12.67,12.8,12.83,12.87,12.63,4046368.0,51423516.0,15:00:01,2026-09-24
sh603318,水发燃气,8.86,-0.12,-1.336,8.85,8.86,8.98,9.03,9.13,8.83,27413410.0,244986401.0,15:34:59,2026-09-24
sh603319,美湖股份,30.85,-0.35,-1.122,30.84,30.85,31.2,31.0,31.65,30.63,10851640.0,337509720.0,15:34:59,2026-09-24
sh603320,迪贝电气,18.12,-0.24,-1.307,18.11,18.12,18.36,18.43,18.43,17.98,1307600.0,23747800.0,15:00:00,2026-09-24
sh603321,梅轮电梯,7.23,0.17,2.408,7.22,7.23,7.06,7.06,7.3,6.97,10692200.0,76300269.0,15:34:59,2026-09-24
sh603322,超讯科技,29.12,-3.24,-10.012,29.12,29.13,32.36,32.23,32.48,29.12,12113100.0,364776213.0,15:34:59,2026-09-24
sh603323,苏农银行,4.41,0.03,0.685,4.41,4.42,4.38,4.38,4.44,4.38,25095570.0,110933727.0,15:34:59,2026-09-24
sh603324,盛剑科技,26.51,-0.47,-1.742,26.51,26.52,26.98,26.8,27.21,26.3,2090360.0,55710682.0,15:00:02,2026-09-24
sh603325,博隆技术,52.88,-0.64,-1.196,52.88,52.89,53.52,53.54,53.8,52.7,204734.0,10880437.0,15:00:01,2026-09-24
sh603326,我乐家居,7.56,0.0,0.0,7.55,7.56,7.56,7.51,7.66,7.51,2922800.0,22118360.0,15:34:59,2026-09-24
sh603327,福蓉科技,8.27,-0.11,-1.313,8.26,8.27,8.38,8.33,8.4,8.24,8219820.0,68261670.0,15:34:59,2026-09-24
sh603328,依顿电子,14.26,-0.94,-6.184,14.26,14.27,15.2,15.2,15.29,13.98,82644899.0,1193147884.0,15:34:59,2026-09-24
sh603329,上海雅仕,10.2,0.11,1.09,10.16,10.2,10.09,10.12,10.24,10.06,1964570.0,19982114.0,15:00:01,2026-09-24
sh603330,天洋新材,9.81,-0.05,-0.507,9.8,9.81,9.86,9.73,10.03,9.69,25707867.0,253762493.0,15:34:59,2026-09-24
sh603331,百达精工,12.46,-0.16,-1.268,12.44,12.46,12.62,12.58,12.84,12.42,4012000.0,50563049.0,15:00:02,2026-09-24
sh603332,苏州龙杰,12.03,-0.07,-0.579,12.03,12.04,12.1,12.05,12.21,11.97,2756200.0,33340407.0,15:00:02,2026-09-24
sh603333,福华尚纬,9.32,-0.11,-1.166,9.31,9.32,9.43,9.38,9.46,9.25,5483800.0,51138344.0,15:00:01,2026-09-24
sh603334,丰倍生物,32.08,-0.09,-0.28,32.08,32.11,32.17,32.17,32.48,31.85,822764.0,26466017.0,15:34:59,2026-09-24
sh603335,迪生力,6.13,-0.09,-1.447,6.12,6.13,6.22,6.26,6.26,6.11,5639100.0,34806591.0,15:34:59,2026-09-24
sh603336,宏辉果蔬,10.3,-0.31,-2.922,10.3,10.31,10.61,10.6,10.62,10.15,16925375.0,175287753.0,15:34:59,2026-09-24
sh603337,杰克科技,37.04,-0.61,-1.62,37.04,37.13,37.65,37.59,38.25,37.02,2167238.0,81549189.0,15:34:59,2026-09-24
sh603338,浙江鼎力,52.78,-1.5,-2.763,52.78,52.8,54.28,54.0,54.57,52.75,3270500.0,174589057.0,15:00:02,2026-09-24
sh603339,四方科技,12.3,-0.45,-3.529,12.3,12.31,12.75,12.67,12.75,12.28,10033038.0,125265957.0,15:34:59,2026-09-24
sh603341,龙旗科技,37.33,-1.1,-2.862,37.32,37.33,38.43,38.32,38.42,37.3,7477215.0,282592078.0,15:34:59,2026-09-24
sh603344,星德胜科技,22.36,-0.16,-0.71,22.35,22.36,22.52,22.44,22.78,22.35,2475700.0,55753214.0,15:00:01,2026-09-24
sh603345,安井食品,76.93,-0.82,-1.055,76.93,76.95,77.75,77.9,78.08,76.51,2899773.0,223478274.0,15:34:59,2026-09-24
sh603348,文灿股份,14.48,0.07,0.486,14.48,14.49,14.41,14.38,14.67,14.25,2054825.0,29850985.0,15:00:00,2026-09-24
sh603350,安乃达,28.31,-0.09,-0.317,28.3,28.31,28.4,28.25,28.66,28.17,412000.0,11738144.0,15:00:00,2026-09-24
sh603351,威尔药业,27.16,-0.39,-1.416,27.15,27.16,27.55,27.54,27.71,26.98,1664360.0,45237109.0,15:00:01,2026-09-24
sh603352,至信股份,25.62,-0.17,-0.659,25.62,25.65,25.79,25.75,25.87,25.61,582168.0,14981382.0,15:34:59,2026-09-24
sh603353,和顺石油,44.17,-2.06,-4.456,44.17,44.18,46.23,45.4,45.67,43.0,10368780.0,460625500.0,15:34:59,2026-09-24
sh603355,莱克电气,31.1,-1.28,-3.953,31.1,31.12,32.38,32.38,32.8,31.04,4619662.0,147500804.0,15:00:02,2026-09-24
sh603356,华菱精工,17.11,-0.27,-1.554,17.11,17.12,17.38,16.88,18.52,16.88,4358700.0,75040419.0,15:00:01,2026-09-24
sh603357,设计总院,5.95,-0.01,-0.168,5.94,5.95,5.96,5.94,5.98,5.89,1957860.0,11619152.0,15:00:02,2026-09-24
sh603358,华达科技,44.73,-1.7,-3.661,44.73,44.74,46.43,46.39,46.39,44.44,6688138.0,301308630.0,15:00:00,2026-09-24
sh603359,*ST东珠,2.15,-0.03,-1.376,2.15,2.16,2.18,2.18,2.2,2.15,3588700.0,7778361.0,15:00:00,2026-09-24
sh603360,百傲化学,12.55,-0.29,-2.259,12.55,12.57,12.84,12.79,12.88,12.54,5790320.0,73514461.0,15:34:59,2026-09-24
sh603363,傲农生物,2.8,-0.06,-2.098,2.79,2.8,2.86,2.85,2.86,2.77,27376100.0,76670951.0,15:34:59,2026-09-24
sh603365,水星家纺,16.08,0.02,0.125,16.07,16.08,16.06,16.1,16.23,16.01,1255000.0,20233216.0,15:00:02,2026-09-24
sh603366,日出东方,7.3,-0.03,-0.409,7.3,7.31,7.33,7.3,7.49,7.26,14440700.0,106282962.0,15:34:59,2026-09-24
sh603367,辰欣药业,14.28,-0.2,-1.381,14.27,14.28,14.48,14.41,14.62,14.25,5038056.0,72617842.0,15:00:01,2026-09-24
sh603368,柳药集团,15.17,-0.07,-0.459,15.17,15.2,15.24,15.21,15.3,15.17,2136000.0,32520265.0,15:00:02,2026-09-24
sh603369,今世缘,26.92,-0.34,-1.247,26.91,26.92,27.26,27.27,27.48,26.7,6753347.0,181996086.0,15:34:59,2026-09-24
sh603370,华新精科,27.97,0.53,1.931,27.96,27.97,27.44,27.45,28.5,27.35,2817201.0,79046196.0,15:34:59,2026-09-24
sh603373,安邦护卫集团股份,50.8,2.84,5.922,50.79,50.8,47.96,48.25,51.49,48.01,5592146.0,279666424.0,15:34:59,2026-09-24
sh603375,盛景微电子,49.25,4.48,10.007,49.25,0.0,44.77,44.5,49.25,44.3,7392707.0,345029348.0,15:00:02,2026-09-24
sh603376,大明电子,27.01,-0.22,-0.808,27.01,27.04,27.23,27.11,27.5,26.91,1261133.0,34396568.0,15:34:59,2026-09-24
sh603377,ST东时,3.19,0.02,0.631,3.18,3.19,3.17,3.18,3.21,3.14,1899447.0,6041951.0,15:00:02,2026-09-24
sh603378,*ST亚士,4.71,-0.19,-3.878,4.71,4.72,4.9,4.89,4.98,4.69,13570142.0,65397850.0,15:34:59,2026-09-24
sh603379,三美股份,50.03,-1.28,-2.495,50.03,50.04,51.31,51.34,51.76,50.01,5687877.0,289307466.0,15:34:59,2026-09-24
sh603380,易德龙,34.23,-1.43,-4.01,34.23,34.24,35.66,35.46,35.78,34.17,2523200.0,87918417.0,15:00:01,2026-09-24
sh603381,永臻股份,14.84,-0.24,-1.592,14.84,14.86,15.08,15.02,15.07,14.75,3348809.0,50009467.0,15:00:00,2026-09-24
sh603382,海阳科技,19.16,0.19,1.002,19.16,19.17,18.97,18.97,19.25,18.82,1996429.0,38110471.0,15:34:59,2026-09-24
sh603383,顶点软件,26.83,-0.35,-1.288,26.82,26.83,27.18,27.23,27.29,26.83,1033035.0,27885553.0,15:34:59,2026-09-24
sh603385,惠达卫浴,5.69,0.04,0.708,5.69,5.7,5.65,5.67,5.74,5.61,2708500.0,15384139.0,15:00:02,2026-09-24
sh603386,骏亚科技,18.47,-0.9,-4.646,18.47,18.48,19.37,19.07,19.6,18.37,14847000.0,279362385.0,15:34:59,2026-09-24
sh603387,基蛋生物,9.82,-0.13,-1.307,9.82,9.83,9.95,9.85,10.05,9.81,8887300.0,88186722.0,15:34:59,2026-09-24
sh603389,亚振家居,43.82,-0.48,-1.084,43.82,43.83,44.3,44.3,44.63,43.66,1170900.0,51589506.0,15:34:59,2026-09-24
sh603390,通达电气,10.58,-0.49,-4.426,10.58,10.59,11.07,10.99,11.08,10.55,12456674.0,134344495.0,15:34:59,2026-09-24
sh603391,力聚热能,68.3,0.09,0.132,68.3,68.38,68.21,67.45,68.99,67.45,2354200.0,161039058.0,15:34:59,2026-09-24
sh603392,万泰生物,26.38,-0.55,-2.042,26.38,26.39,26.93,26.79,27.32,26.3,5942538.0,158937976.0,15:34:59,2026-09-24
sh603393,新天然气,24.77,-0.42,-1.667,24.77,24.78,25.19,25.22,25.38,24.63,5254075.0,130747529.0,15:00:00,2026-09-24
sh603395,中盐红四方,26.01,-0.77,-2.875,26.01,26.02,26.78,26.78,26.95,25.99,6551133.0,172404027.0,15:34:59,2026-09-24
sh603396,金辰股份,35.64,3.24,10.0,35.64,0.0,32.4,32.77,35.64,32.77,11035843.0,383309980.0,15:34:59,2026-09-24
sh603398,*ST沐邦,8.75,0.12,1.39,8.63,8.75,8.63,8.66,8.82,8.4,4771300.0,40830488.0,15:34:59,2026-09-24
sh603399,永杉锂业,13.22,-0.32,-2.363,13.22,13.23,13.54,13.42,13.54,13.21,15457114.0,206006544.0,15:34:59,2026-09-24
sh603400,华之杰,54.67,0.0,0.0,0.0,0.0,54.67,0.0,0.0,0.0,0.0,0.0,15:35:58,2026-09-24
sh603402,陕西旅游,60.65,-1.36,-2.193,60.64,60.65,62.01,61.83,61.99,60.35,1754889.0,106774598.0,15:34:59,2026-09-24
sh603406,天富龙,27.91,-0.49,-1.725,27.9,27.91,28.4,28.32,28.46,27.9,1244043.0,34984174.0,15:34:59,2026-09-24
sh603407,长裕集团,61.5,-1.23,-1.961,61.49,61.5,62.73,63.39,63.66,60.84,3921194.0,243378147.0,15:34:59,2026-09-24
sh603408,建霖家居,11.69,0.0,0.0,11.69,11.71,11.69,11.69,11.84,11.56,1300000.0,15220364.0,15:00:02,2026-09-24
sh603409,汇通控股,17.99,0.1,0.559,17.99,18.0,17.89,17.91,18.22,17.83,1739380.0,31465838.0,15:34:59,2026-09-24
sh603416,信捷电气,46.37,-0.34,-0.728,46.36,46.38,46.71,46.51,47.14,46.28,1135200.0,53056529.0,15:34:59,2026-09-24
sh603418,友升股份,45.11,0.39,0.872,45.11,45.12,44.72,44.63,45.48,43.9,2535299.0,113629875.0,15:34:59,2026-09-24
sh603421,鼎信通讯,6.38,-0.12,-1.846,6.37,6.38,6.5,6.48,6.52,6.34,22057340.0,141382683.0,15:34:59,2026-09-24
sh603429,*ST集友,8.7,0.1,1.163,8.69,8.7,8.6,8.7,8.81,8.64,1378540.0,12024411.0,15:00:00,2026-09-24
sh603435,嘉德利,48.39,-0.86,-1.746,48.36,48.39,49.25,48.78,49.3,48.23,1742600.0,84811638.0,15:34:59,2026-09-24
sh603439,三力制药,13.48,-0.4,-2.882,13.48,13.49,13.88,13.83,13.88,13.32,11863700.0,160484935.0,15:34:59,2026-09-24
sh603444,吉比特,342.0,-2.58,-0.749,342.0,342.02,344.58,343.99,348.3,342.0,845907.0,291599716.0,15:34:59,2026-09-24
sh603448,天博智能科技,62.17,0.87,1.419,62.16,62.17,61.3,60.51,63.58,60.41,5204936.0,325278637.0,15:34:59,2026-09-24
sh603456,九洲药业,16.24,-0.42,-2.521,16.24,16.25,16.66,16.5,16.84,16.22,25601777.0,421581031.0,15:34:59,2026-09-24
sh603458,勘设股份,10.81,-0.08,-0.735,10.81,10.82,10.89,10.89,10.95,10.75,4562377.0,49472968.0,15:00:02,2026-09-24
sh603459,红板科技,85.16,-3.62,-4.077,85.16,85.17,88.78,88.1,88.27,85.13,7232554.0,623108537.0,15:34:59,2026-09-24
sh603466,风语筑,12.11,-0.58,-4.571,12.11,12.12,12.69,12.59,12.76,12.07,53120657.0,654017805.0,15:34:59,2026-09-24
sh603468,津富士达,22.49,0.11,0.492,22.49,22.5,22.38,22.45,23.0,22.31,3040313.0,68902691.0,15:34:59,2026-09-24
sh603477,巨星农牧,13.89,-0.35,-2.458,13.89,13.9,14.24,14.24,14.29,13.88,10175989.0,142690939.0,15:34:59,2026-09-24
sh603486,科沃斯,50.33,-0.42,-0.828,50.32,50.33,50.75,50.7,51.11,50.12,2424196.0,122468971.0,15:34:59,2026-09-24
sh603488,展鹏科技,7.91,-0.07,-0.877,7.91,7.92,7.98,7.95,8.03,7.89,4231700.0,33625985.0,15:34:59,2026-09-24
sh603489,八方股份,29.63,0.17,0.577,29.62,29.63,29.46,29.49,29.94,29.23,2038409.0,60323667.0,15:34:59,2026-09-24
sh603496,恒为科技,22.58,-0.42,-1.826,22.58,22.59,23.0,22.88,22.97,22.56,4098160.0,93221555.0,15:34:59,2026-09-24
sh603499,翔港科技,13.18,-0.17,-1.273,13.18,13.19,13.35,13.29,13.35,13.18,2299276.0,30455906.0,15:00:01,2026-09-24
sh603500,祥和实业,10.42,0.95,10.032,10.42,0.0,9.47,9.6,10.42,9.6,13948746.0,143607982.0,15:34:59,2026-09-24
sh603501,豪威集团,81.4,-1.37,-1.655,81.39,81.4,82.77,82.33,82.68,81.24,7318290.0,599055736.0,15:34:59,2026-09-24
sh603505,金石资源,14.91,-0.31,-2.037,14.91,14.93,15.22,15.17,15.23,14.86,5041868.0,75724616.0,15:34:59,2026-09-24
sh603506,南都物业,12.08,-0.13,-1.065,12.06,12.08,12.21,12.15,12.39,12.05,3097666.0,37652234.0,15:00:02,2026-09-24
sh603507,振江股份,26.75,-0.99,-3.569,26.74,26.75,27.74,27.48,27.78,26.61,16323422.0,443546357.0,15:34:59,2026-09-24
sh603508,思维列控,20.7,-0.24,-1.146,20.7,20.71,20.94,20.93,20.95,20.66,1595945.0,33159757.0,15:34:59,2026-09-24
sh603511,爱慕股份,12.77,0.35,2.818,12.76,12.77,12.42,12.39,12.88,12.31,2216100.0,28291603.0,15:00:02,2026-09-24
sh603515,欧普照明,14.6,-0.06,-0.409,14.6,14.63,14.66,14.68,14.75,14.55,845980.0,12378127.0,15:00:01,2026-09-24
sh603516,淳中科技,82.68,-2.31,-2.718,82.68,82.69,84.99,84.03,84.86,82.67,2796863.0,233413297.0,15:34:59,2026-09-24
sh603517,ST绝味,11.43,0.05,0.439,11.42,11.43,11.38,11.41,11.51,11.34,3629200.0,41433508.0,15:34:59,2026-09-24
sh603518,锦泓集团,7.72,-0.02,-0.258,7.72,7.73,7.74,7.71,7.85,7.68,5435032.0,42145496.0,15:34:59,2026-09-24
sh603519,立霸股份,17.58,0.36,2.091,17.57,17.58,17.22,17.08,18.92,17.08,19051788.0,342280956.0,15:34:59,2026-09-24
sh603520,司太立,8.47,-0.17,-1.968,8.46,8.47,8.64,8.64,8.7,8.43,5772761.0,49338818.0,15:00:02,2026-09-24
sh603527,众源新材,9.65,-0.28,-2.82,9.65,9.66,9.93,9.98,9.99,9.65,6082900.0,59334397.0,15:34:59,2026-09-24
sh603528,多伦科技,6.5,-0.08,-1.216,6.5,6.51,6.58,6.52,6.63,6.48,8039900.0,52670544.0,15:34:59,2026-09-24
sh603529,爱玛科技,20.88,-0.4,-1.88,20.88,20.89,21.28,21.25,21.41,20.85,3224150.0,68115186.0,15:00:01,2026-09-24
sh603530,神马电力,44.81,-1.2,-2.608,44.8,44.81,46.01,45.8,46.39,44.71,1739500.0,79001002.0,15:34:59,2026-09-24
sh603533,掌阅科技,22.37,-0.18,-0.798,22.36,22.37,22.55,22.67,23.41,22.3,18374100.0,416502922.0,15:34:59,2026-09-24
sh603535,嘉诚国际,6.21,-0.01,-0.161,6.21,6.22,6.22,6.22,6.27,6.18,2253767.0,14013094.0,15:00:00,2026-09-24
sh603536,惠发食品,9.91,0.04,0.405,9.91,9.92,9.87,9.86,10.08,9.8,3709740.0,36820622.0,15:00:02,2026-09-24
sh603538,美诺华,26.76,-1.02,-3.672,26.75,26.76,27.78,27.6,28.31,26.75,34857869.0,948429773.0,15:34:59,2026-09-24
sh603551,奥普科技,9.33,0.04,0.431,9.33,9.35,9.29,9.36,9.42,9.29,2094300.0,19595199.0,15:34:59,2026-09-24
sh603556,海兴电力,22.68,-0.48,-2.073,22.68,22.69,23.16,23.22,23.43,22.68,3058337.0,70214166.0,15:34:59,2026-09-24
sh603557,*ST起步,3.14,-0.11,-3.385,3.13,3.14,3.25,3.25,3.25,3.1,6069400.0,19247670.0,15:00:01,2026-09-24
sh603558,健盛集团,13.31,0.26,1.992,13.31,13.32,13.05,13.01,13.39,13.01,4991200.0,66329564.0,15:00:01,2026-09-24
sh603559,中通国脉,9.09,-0.13,-1.41,9.09,9.1,9.22,9.35,9.35,9.06,5898200.0,54075993.0,15:34:59,2026-09-24
sh603565,中谷物流,11.69,-0.13,-1.1,11.69,11.7,11.82,11.8,11.8,11.64,10503297.0,123030241.0,15:34:59,2026-09-24
sh603566,普莱柯,10.19,-0.03,-0.294,10.19,10.2,10.22,10.23,10.29,10.15,1410100.0,14402939.0,15:00:02,2026-09-24
sh603567,珍宝岛,5.17,-0.14,-2.637,5.16,5.17,5.31,5.29,5.54,5.15,22819721.0,120356838.0,15:34:59,2026-09-24
sh603568,伟明环保,13.36,-0.41,-2.977,13.35,13.36,13.77,13.77,13.8,13.33,6867784.0,92612719.0,15:34:59,2026-09-24
sh603569,长久物流,5.81,0.03,0.519,5.79,5.81,5.78,5.78,5.83,5.74,2111800.0,12225737.0,15:00:02,2026-09-24
sh603577,汇金通,9.7,0.04,0.414,9.7,9.71,9.66,9.66,9.83,9.55,2735600.0,26610038.0,15:00:01,2026-09-24
sh603578,三星新材,13.83,-0.07,-0.504,13.8,13.83,13.9,13.9,13.97,13.64,4072100.0,56279723.0,15:34:59,2026-09-24
sh603579,荣泰健康,18.33,0.48,2.689,18.32,18.33,17.85,17.85,18.43,17.74,3924800.0,71509560.0,15:34:59,2026-09-24
sh603580,艾艾精工,78.74,1.18,1.521,78.74,78.75,77.56,79.11,81.03,72.21,11711693.0,921621060.0,15:34:59,2026-09-24
sh603583,捷昌驱动,28.08,-0.56,-1.955,28.08,28.13,28.64,28.6,28.86,28.01,4449500.0,126575683.0,15:34:59,2026-09-24
sh603585,苏利股份,10.36,-0.11,-1.051,10.36,10.37,10.47,10.41,10.55,10.36,1971060.0,20538181.0,15:00:02,2026-09-24
sh603586,金麒麟,13.65,-0.06,-0.438,13.65,13.66,13.71,13.62,13.82,13.62,1119800.0,15343871.0,15:00:01,2026-09-24
sh603587,地素时尚,12.29,0.13,1.069,12.29,12.3,12.16,12.17,12.38,12.11,2911340.0,35748948.0,15:00:02,2026-09-24
sh603588,高能环境,17.22,-0.1,-0.577,17.21,17.22,17.32,17.1,17.44,16.9,50801625.0,877003767.0,15:34:59,2026-09-24
sh603589,口子窖,17.58,-0.42,-2.333,17.57,17.58,18.0,17.92,18.18,17.57,5975496.0,106050479.0,15:34:59,2026-09-24
sh603590,康辰药业,29.38,-0.54,-1.805,29.38,29.39,29.92,30.4,30.4,29.32,1740700.0,51543677.0,15:00:02,2026-09-24
sh603595,ST东尼,32.55,-0.75,-2.252,32.53,32.55,33.3,33.26,33.41,32.36,1446300.0,47343422.0,15:34:59,2026-09-24
sh603596,伯特利,28.55,-0.17,-0.592,28.55,28.56,28.72,28.58,29.2,28.47,8985986.0,258108801.0,15:34:59,2026-09-24
sh603598,引力传媒,18.26,-0.86,-4.498,18.26,18.27,19.12,19.06,19.18,18.22,33005100.0,613894986.0,15:34:59,2026-09-24
sh603599,广信股份,10.35,-0.25,-2.358,10.35,10.36,10.6,10.61,10.62,10.33,7861200.0,82034476.0,15:34:59,2026-09-24
sh603600,永艺股份,10.32,0.02,0.194,10.31,10.32,10.3,10.33,10.38,10.22,3118353.0,32125257.0,15:00:02,2026-09-24
sh603601,再升科技,10.59,0.47,4.644,10.58,10.59,10.12,10.02,11.11,9.96,218993932.0,2328890175.0,15:34:59,2026-09-24
sh603602,纵横通信,11.63,0.14,1.218,11.63,11.64,11.49,11.59,11.75,11.44,2339200.0,27236311.0,15:00:01,2026-09-24
sh603605,珀莱雅,56.45,-0.34,-0.599,56.44,56.45,56.79,56.56,57.48,56.21,3927881.0,222562782.0,15:34:59,2026-09-24
sh603606,东方电缆,35.56,0.0,0.0,35.55,35.56,35.56,35.3,36.33,35.29,10633740.0,381455256.0,15:34:59,2026-09-24
sh603607,京华激光,23.28,-0.25,-1.062,23.27,23.28,23.53,23.43,23.68,23.21,2916200.0,68156302.0,15:34:59,2026-09-24
sh603608,天创时尚,20.34,-0.79,-3.739,20.33,20.34,21.13,20.96,21.06,20.26,8457613.0,174081419.0,15:34:59,2026-09-24
sh603609,禾丰股份,6.22,-0.12,-1.893,6.21,6.22,6.34,6.33,6.37,6.2,4526700.0,28318078.0,15:00:01,2026-09-24
sh603610,麒盛科技,13.71,-0.02,-0.146,13.71,13.73,13.73,13.63,13.98,13.56,4717000.0,64999421.0,15:00:02,2026-09-24
sh603611,诺力股份,15.67,-0.04,-0.255,15.67,15.68,15.71,15.77,15.79,15.6,614200.0,9641376.0,15:00:01,2026-09-24
sh603612,索通发展,16.09,-0.78,-4.624,16.09,16.1,16.87,16.86,16.88,16.04,12526196.0,205100342.0,15:34:59,2026-09-24
sh603613,国联股份,19.66,-0.81,-3.957,19.66,19.67,20.47,20.46,20.58,19.66,12105425.0,242495796.0,15:00:02,2026-09-24
sh603615,茶花股份,18.82,-0.29,-1.518,18.81,18.82,19.11,19.11,19.28,18.55,3668200.0,69213828.0,15:34:59,2026-09-24
sh603616,韩建河山,5.6,0.01,0.179,5.59,5.6,5.59,5.55,5.63,5.49,9555700.0,53189011.0,15:34:59,2026-09-24
sh603617,君禾股份,6.79,0.01,0.147,6.79,6.8,6.78,6.79,6.86,6.73,3582200.0,24394341.0,15:00:02,2026-09-24
sh603618,杭电股份,36.35,-1.39,-3.683,36.34,36.35,37.74,37.54,37.7,36.21,42762110.0,1568941618.0,15:34:59,2026-09-24
sh603619,中曼石油,21.35,-0.25,-1.157,21.35,21.36,21.6,21.7,21.9,21.14,13038557.0,279442071.0,15:34:59,2026-09-24
sh603626,科森科技,22.51,-0.37,-1.617,22.5,22.51,22.88,23.2,23.68,22.4,53813400.0,1237709607.0,15:34:59,2026-09-24
sh603628,清源股份,10.33,0.02,0.194,10.33,10.34,10.31,10.24,10.38,10.1,4292935.0,44246279.0,15:34:59,2026-09-24
sh603629,利通电子,105.89,-5.68,-5.091,105.88,105.89,111.57,110.01,110.3,105.8,18899434.0,2029924335.0,15:34:59,2026-09-24
sh603630,拉芳家化,14.16,-0.22,-1.53,14.15,14.16,14.38,14.33,14.61,14.07,5588565.0,80040092.0,15:34:59,2026-09-24
sh603633,徕木股份,6.3,-0.07,-1.099,6.29,6.3,6.37,6.37,6.43,6.26,6214780.0,39388174.0,15:00:02,2026-09-24
sh603636,南威软件,7.94,-0.87,-9.875,7.94,7.95,8.81,8.21,8.55,7.93,107384226.0,870467134.0,15:34:59,2026-09-24
sh603637,镇海股份,14.08,-0.37,-2.561,14.08,14.1,14.45,14.47,14.47,13.96,5937500.0,83895507.0,15:34:59,2026-09-24
sh603638,艾迪精密,19.34,0.51,2.708,19.34,19.35,18.83,18.83,19.6,18.58,18148017.0,350281482.0,15:34:59,2026-09-24
sh603639,海利尔,10.41,-0.02,-0.192,10.37,10.41,10.43,10.39,10.45,10.33,724700.0,7527431.0,15:00:01,2026-09-24
sh603648,畅联股份,9.7,0.05,0.518,9.69,9.7,9.65,9.57,9.75,9.54,2051200.0,19892961.0,15:00:01,2026-09-24
sh603650,彤程新材,68.68,-0.55,-0.794,68.68,68.69,69.23,68.35,69.9,68.07,13241510.0,916064109.0,15:34:59,2026-09-24
sh603655,XD朗博科技,32.66,-0.14,-0.427,32.66,32.7,32.8,32.8,33.19,32.27,1664600.0,54510854.0,15:00:00,2026-09-24
sh603656,泰禾智能,17.56,-0.01,-0.057,17.55,17.56,17.57,17.6,17.7,17.47,1589000.0,27964461.0,15:34:59,2026-09-24
sh603657,春光科技,35.7,-0.94,-2.566,35.69,35.7,36.64,37.0,37.88,35.62,4616200.0,167183436.0,15:34:59,2026-09-24
sh603658,安图生物,33.65,-0.79,-2.294,33.65,33.67,34.44,34.71,34.82,33.6,6078294.0,206565847.0,15:34:59,2026-09-24
sh603659,璞泰来,21.5,-0.54,-2.45,21.5,21.51,22.04,21.92,22.15,21.5,11766042.0,255827644.0,15:34:59,2026-09-24
sh603660,苏州科达,9.64,-0.11,-1.128,9.63,9.64,9.75,9.6,9.75,9.56,10917682.0,105308303.0,15:34:59,2026-09-24
sh603661,恒林股份,35.05,-0.58,-1.628,35.02,35.05,35.63,35.63,35.99,35.0,3098168.0,109621638.0,15:34:59,2026-09-24
sh603662,柯力传感,49.31,-0.4,-0.805,49.31,49.33,49.71,49.71,50.58,49.27,3254994.0,162506472.0,15:34:59,2026-09-24
sh603663,三祥新材,48.2,1.2,2.553,48.19,48.2,47.0,46.63,50.38,46.01,32856297.0,1586731126.0,15:34:59,2026-09-24
sh603665,康隆达,22.37,0.27,1.222,22.36,22.37,22.1,21.96,22.89,21.73,3913300.0,87411686.0,15:34:59,2026-09-24
sh603666,亿嘉和,27.12,-0.62,-2.235,27.12,27.14,27.74,27.74,27.93,26.86,2995595.0,81562306.0,15:34:59,2026-09-24
sh603667,五洲新春,50.65,0.96,1.932,50.64,50.65,49.69,49.75,53.11,49.09,24698806.0,1268668264.0,15:34:59,2026-09-24
sh603668,天马科技,12.18,-0.1,-0.814,12.18,12.19,12.28,12.26,12.41,12.12,5601220.0,68557130.0,15:00:00,2026-09-24
sh603669,灵康药业,5.9,-0.12,-1.993,5.89,5.9,6.02,5.97,6.15,5.88,28805344.0,172977252.0,15:34:59,2026-09-24
sh603676,卫信康,8.85,-0.09,-1.007,8.81,8.85,8.94,8.97,8.99,8.81,1105065.0,9825582.0,15:00:01,2026-09-24
sh603677,奇精机械,14.44,0.03,0.208,14.44,14.45,14.41,14.44,14.64,14.27,1196900.0,17353875.0,15:00:02,2026-09-24
sh603678,火炬电子,48.05,-1.93,-3.862,48.05,48.06,49.98,49.7,50.6,48.0,14323511.0,700531861.0,15:34:59,2026-09-24
sh603679,华体科技,22.61,-0.89,-3.787,22.6,22.61,23.5,22.0,23.34,22.0,16760058.0,381759965.0,15:34:59,2026-09-24
sh603680,今创集团,9.99,-0.22,-2.155,9.98,9.99,10.21,10.21,10.26,9.95,3808600.0,38399807.0,15:34:59,2026-09-24
sh603681,永冠新材,19.86,0.0,0.0,19.85,19.86,19.86,19.81,20.68,19.56,14366701.0,288718758.0,15:34:59,2026-09-24
sh603682,锦和商管,9.65,-0.11,-1.127,9.65,9.67,9.76,9.94,9.94,9.63,6307600.0,61484581.0,15:34:59,2026-09-24
sh603683,晶华新材,16.19,-0.39,-2.352,16.18,16.19,16.58,16.5,16.77,16.14,14834300.0,244592284.0,15:34:59,2026-09-24
sh603685,晨丰科技,25.79,-0.19,-0.731,25.79,25.86,25.98,25.78,26.2,25.62,1175100.0,30488972.0,15:00:01,2026-09-24
sh603686,福龙马,14.82,0.69,4.883,14.81,14.82,14.13,14.0,14.97,13.91,52688071.0,763620609.0,15:34:59,2026-09-24
sh603687,大胜达,14.97,-0.34,-2.221,14.97,14.98,15.31,15.2,15.5,14.92,10692200.0,162220261.0,15:34:59,2026-09-24
sh603688,石英股份,48.19,-1.91,-3.812,48.19,48.2,50.1,49.7,49.9,48.17,9116159.0,444837382.0,15:34:59,2026-09-24
sh603689,皖天然气,7.58,-0.01,-0.132,7.58,7.59,7.59,7.58,7.64,7.55,2075339.0,15750997.0,15:00:00,2026-09-24
sh603690,至纯科技,24.3,0.06,0.248,24.29,24.3,24.24,24.07,25.01,24.03,22901410.0,561378039.0,15:34:59,2026-09-24
sh603693,江苏新能,11.49,-0.12,-1.034,11.48,11.49,11.61,11.66,12.05,11.44,12191130.0,142307205.0,15:34:59,2026-09-24
sh603696,安记食品,14.03,0.21,1.52,14.03,14.04,13.82,13.84,14.35,13.58,19302697.0,268845055.0,15:34:59,2026-09-24
sh603697,有友食品,9.07,0.01,0.11,9.06,9.07,9.06,9.06,9.22,8.97,3938280.0,35764206.0,15:34:59,2026-09-24
sh603698,航天工程,20.95,-0.25,-1.179,20.95,20.96,21.2,21.08,21.5,20.92,9813195.0,207578977.0,15:34:59,2026-09-24
sh603699,纽威股份,42.5,-2.16,-4.837,42.5,42.54,44.66,44.71,44.79,42.5,3835200.0,165483144.0,15:34:59,2026-09-24
sh603700,宁水集团,11.87,0.3,2.593,11.87,11.88,11.57,11.54,12.2,11.52,7983899.0,95304929.0,15:00:00,2026-09-24
sh603701,德宏股份,18.81,-0.48,-2.488,18.8,18.81,19.29,19.24,19.32,18.66,2717487.0,51497129.0,15:34:59,2026-09-24
sh603703,盛洋科技,10.23,-0.2,-1.918,10.23,10.24,10.43,10.36,10.45,10.23,8332380.0,86054158.0,15:34:59,2026-09-24
sh603706,东方环宇,17.12,0.01,0.058,17.11,17.12,17.11,17.21,17.22,17.03,716500.0,12264372.0,15:34:59,2026-09-24
sh603707,健友股份,7.7,-0.21,-2.655,7.69,7.7,7.91,7.9,7.93,7.69,8135800.0,63341380.0,15:34:59,2026-09-24
sh603708,家家悦,8.85,-0.06,-0.673,8.85,8.87,8.91,8.92,8.95,8.84,2768067.0,24574024.0,15:34:59,2026-09-24
sh603709,中源家居,12.81,0.11,0.866,12.8,12.81,12.7,12.72,13.03,12.63,3023070.0,38818317.0,15:34:59,2026-09-24
sh603711,香飘飘,11.74,-0.06,-0.508,11.74,11.75,11.8,11.81,11.97,11.71,2271697.0,26811414.0,15:34:59,2026-09-24
sh603712,七一二,11.41,-0.13,-1.127,11.41,11.42,11.54,11.49,11.65,11.4,6893485.0,79326603.0,15:34:59,2026-09-24
sh603713,密尔克卫,69.43,1.8,2.662,69.43,69.44,67.63,67.65,70.37,67.54,3174481.0,219206716.0,15:34:59,2026-09-24
sh603716,塞力医疗,17.27,0.46,2.736,17.26,17.27,16.81,17.1,18.4,16.93,24078619.0,421814257.0,15:34:59,2026-09-24
sh603717,天域生物,5.93,0.06,1.022,5.92,5.93,5.87,5.83,5.94,5.82,5724472.0,33738209.0,15:00:00,2026-09-24
sh603718,*ST海利,3.07,0.0,0.0,3.07,3.08,3.07,3.08,3.11,3.06,3472600.0,10692472.0,15:00:02,2026-09-24
sh603719,良品铺子,9.07,-0.08,-0.874,9.06,9.07,9.15,9.1,9.21,9.02,2519800.0,22906749.0,15:00:01,2026-09-24
sh603721,中广天择,18.19,-0.04,-0.219,18.18,18.19,18.23,18.19,18.48,18.11,3954500.0,72244220.0,15:34:59,2026-09-24
sh603722,阿科力,29.67,-0.21,-0.703,29.67,29.68,29.88,29.7,30.01,29.39,452200.0,13429756.0,15:00:01,2026-09-24
sh603725,天安新材,11.39,-0.58,-4.845,11.38,11.39,11.97,11.81,12.03,11.35,11328520.0,130128812.0,15:34:59,2026-09-24
sh603726,朗迪集团,24.38,-0.36,-1.455,24.38,24.4,24.74,24.63,25.07,24.32,2980900.0,73767721.0,15:34:59,2026-09-24
sh603727,博迈科,18.24,0.01,0.055,18.24,18.26,18.23,18.26,18.8,18.2,1867065.0,34450844.0,15:00:02,2026-09-24
sh603728,鸣志电器,51.07,0.84,1.672,51.07,51.08,50.23,50.0,52.25,49.94,7068301.0,363959194.0,15:34:59,2026-09-24
sh603729,ST龙韵,12.51,-0.11,-0.872,12.5,12.51,12.62,12.51,12.77,12.51,412200.0,5210121.0,15:00:02,2026-09-24
sh603730,岱美股份,10.03,0.31,3.189,10.02,10.03,9.72,9.71,10.3,9.65,31620052.0,319135770.0,15:34:59,2026-09-24
sh603733,仙鹤股份,18.87,-0.01,-0.053,18.86,18.87,18.88,18.82,19.07,18.7,4552791.0,85710991.0,15:34:59,2026-09-24
sh603737,三棵树,21.5,-0.33,-1.512,21.5,21.51,21.83,21.86,22.09,21.32,7277431.0,157354714.0,15:00:01,2026-09-24
sh603738,泰晶科技,37.8,-0.43,-1.125,37.8,37.81,38.23,38.0,39.39,37.6,28880086.0,1108979001.0,15:34:59,2026-09-24
sh603739,蔚蓝生物,12.85,-0.18,-1.381,12.85,12.86,13.03,12.99,13.13,12.84,2909600.0,37579516.0,15:00:00,2026-09-24
sh603755,日辰股份,25.22,1.06,4.387,25.21,25.22,24.16,24.27,26.53,24.08,3888519.0,99396828.0,15:00:02,2026-09-24
sh603757,大元泵业,68.05,-1.85,-2.647,68.05,68.07,69.9,69.15,72.99,67.6,9881115.0,696017164.0,15:34:59,2026-09-24
sh603758,秦安股份,10.91,-0.12,-1.088,10.9,10.91,11.03,11.0,11.11,10.88,4211572.0,46209215.0,15:34:59,2026-09-24
sh603759,海天股份,7.81,-0.12,-1.513,7.8,7.81,7.93,7.91,7.92,7.76,2977902.0,23290636.0,15:34:59,2026-09-24
sh603766,隆鑫通用,14.55,-0.01,-0.069,14.55,14.56,14.56,14.44,14.75,14.44,7808600.0,113771674.0,15:00:00,2026-09-24
sh603767,中马传动,14.74,1.34,10.0,14.74,0.0,13.4,13.4,14.74,13.28,10786500.0,157461537.0,15:34:59,2026-09-24
sh603768,常青股份,11.57,0.0,0.0,11.57,11.59,11.57,11.57,11.72,11.53,1413000.0,16423183.0,15:00:00,2026-09-24
sh603773,沃格光电,97.7,-4.8,-4.683,97.69,97.7,102.5,103.01,103.99,97.33,40801613.0,4071149279.0,15:34:59,2026-09-24
sh603776,永安行,21.15,0.32,1.536,21.13,21.15,20.83,20.72,21.2,20.4,3818079.0,79555241.0,15:00:02,2026-09-24
sh603777,来伊份,14.31,-0.19,-1.31,14.3,14.31,14.5,14.65,14.8,14.2,8030400.0,116233686.0,15:00:00,2026-09-24
sh603778,国晟科技,8.36,-0.24,-2.791,8.36,8.37,8.6,8.5,8.6,8.31,49351070.0,415753751.0,15:34:59,2026-09-24
sh603779,威龙股份,8.15,-0.15,-1.807,8.15,8.16,8.3,8.23,8.4,8.15,9556125.0,78801188.0,15:34:59,2026-09-24
sh603786,科博达,37.53,-0.39,-1.028,37.53,37.55,37.92,37.89,38.21,37.51,1190738.0,44984314.0,15:34:59,2026-09-24
sh603787,新日股份,10.46,0.06,0.577,10.46,10.47,10.4,10.38,10.55,10.31,2711500.0,28437989.0,15:00:01,2026-09-24
sh603788,宁波高发,13.74,-0.03,-0.218,13.73,13.74,13.77,13.78,13.87,13.69,790100.0,10892685.0,15:00:00,2026-09-24
sh603789,ST星农,5.85,-0.1,-1.681,5.85,5.86,5.95,5.94,5.98,5.85,2173000.0,12795346.0,15:00:00,2026-09-24
sh603790,雅运股份,25.47,-0.51,-1.963,25.47,25.48,25.98,25.88,26.38,25.4,3171800.0,81799042.0,15:00:02,2026-09-24
sh603797,联泰环保,4.9,-0.04,-0.81,4.9,4.91,4.94,4.91,5.03,4.87,6002099.0,29677378.0,15:00:00,2026-09-24
sh603798,康普顿,13.82,0.26,1.917,13.81,13.82,13.56,13.52,13.95,13.47,4133300.0,56928483.0,15:00:02,2026-09-24
sh603799,华友钴业,35.42,-0.75,-2.074,35.42,35.43,36.17,35.9,36.04,35.42,25983621.0,926107265.0,15:34:59,2026-09-24
sh603800,洪田股份,58.59,-0.22,-0.374,58.59,58.6,58.81,58.59,59.41,57.61,3619448.0,211521420.0,15:34:59,2026-09-24
sh603801,志邦家居,6.2,0.01,0.162,6.2,6.21,6.19,6.16,6.33,6.16,7421625.0,46249704.0,15:34:59,2026-09-24
sh603803,瑞斯康达,12.34,-0.53,-4.118,12.33,12.34,12.87,13.17,13.33,12.3,75532735.0,954249285.0,15:34:59,2026-09-24
sh603806,福斯特,13.9,-0.4,-2.797,13.89,13.9,14.3,14.3,14.34,13.9,19456234.0,273271100.0,15:34:59,2026-09-24
sh603808,歌力思,8.95,0.19,2.169,8.94,8.95,8.76,8.76,9.0,8.75,5041700.0,45027129.0,15:00:02,2026-09-24
sh603809,豪能股份,8.63,-0.05,-0.576,8.62,8.63,8.68,8.68,8.76,8.58,3798619.0,32937209.0,15:34:59,2026-09-24
sh603810,丰山集团,12.01,0.06,0.502,12.01,12.02,11.95,11.97,12.17,11.86,1328040.0,16017258.0,15:00:02,2026-09-24
sh603811,诚意药业,6.87,-0.09,-1.293,6.87,6.88,6.96,6.93,7.01,6.86,3238924.0,22414948.0,15:00:01,2026-09-24
sh603813,原尚股份,26.72,1.22,4.784,26.72,26.73,25.5,25.13,27.0,25.13,1050800.0,27761859.0,15:00:00,2026-09-24
sh603815,交建股份,5.09,-0.02,-0.391,5.09,5.1,5.11,5.08,5.16,5.03,5247700.0,26710189.0,15:34:59,2026-09-24
sh603816,顾家家居,22.55,0.11,0.49,22.55,22.56,22.44,22.47,22.71,22.28,5976402.0,134544045.0,15:34:59,2026-09-24
sh603817,海峡环保,6.16,0.37,6.39,6.15,6.16,5.79,5.78,6.27,5.72,29398148.0,175410682.0,15:34:59,2026-09-24
sh603818,曲美家居,3.88,0.06,1.571,3.87,3.88,3.82,3.8,3.89,3.75,25448600.0,98002814.0,15:34:59,2026-09-24
sh603819,神力股份,16.76,0.69,4.294,16.75,16.76,16.07,15.89,16.97,15.62,12625556.0,209554966.0,15:34:59,2026-09-24
sh603822,ST嘉澳,62.42,-0.23,-0.367,62.41,62.42,62.65,62.65,63.83,62.0,290036.0,18189233.0,15:00:02,2026-09-24
sh603823,百合花,45.42,-5.05,-10.006,0.0,45.42,50.47,47.56,49.3,45.42,32551323.0,1505987772.0,15:34:59,2026-09-24
sh603825,ST华扬,7.81,0.01,0.128,7.79,7.81,7.8,7.79,7.87,7.75,1209600.0,9433154.0,15:34:59,2026-09-24
sh603826,坤彩科技,17.02,-0.06,-0.351,17.02,17.03,17.08,16.88,17.6,16.63,26596199.0,457114574.0,15:34:59,2026-09-24
sh603828,*ST利达,6.1,-0.06,-0.974,6.09,6.1,6.16,6.2,6.26,6.06,2392213.0,14684115.0,15:00:00,2026-09-24
sh603829,洛凯股份,15.6,0.01,0.064,15.55,15.6,15.59,15.59,15.88,15.44,2438400.0,38218807.0,15:34:59,2026-09-24
sh603833,欧派家居,29.36,-0.64,-2.133,29.36,29.39,30.0,30.0,30.3,29.15,2784100.0,82411077.0,15:34:59,2026-09-24
sh603836,海程邦达,9.5,-0.05,-0.524,9.5,9.51,9.55,9.55,9.64,9.46,2001820.0,19089578.0,15:00:00,2026-09-24
sh603838,*ST四通,13.24,-0.54,-3.919,13.24,13.26,13.78,14.0,14.0,13.24,1821000.0,24493039.0,15:00:02,2026-09-24
sh603839,安正时尚,6.9,0.0,0.0,6.89,6.9,6.9,6.85,7.07,6.85,3646367.0,25375019.0,15:00:02,2026-09-24
sh603843,*ST正平,6.33,-0.27,-4.091,6.33,6.34,6.6,6.55,6.58,6.29,11035020.0,70572116.0,15:34:59,2026-09-24
sh603848,好太太,13.32,-0.23,-1.697,13.31,13.32,13.55,13.68,13.88,13.32,2028800.0,27450134.0,15:34:59,2026-09-24
sh603855,华荣股份,16.94,0.18,1.074,16.93,16.94,16.76,16.8,17.08,16.76,1180800.0,20000375.0,15:34:59,2026-09-24
sh603856,东宏股份,11.72,0.01,0.085,11.72,11.73,11.71,11.76,11.77,11.65,1317300.0,15437791.0,15:00:00,2026-09-24
sh603858,步长制药,14.52,-0.16,-1.09,14.52,14.55,14.68,14.68,14.74,14.48,3472490.0,50692023.0,15:34:59,2026-09-24
sh603859,能科科技,40.13,-0.96,-2.336,40.12,40.13,41.09,40.85,41.09,40.02,3716234.0,150324371.0,15:34:59,2026-09-24
sh603860,中公高科,26.39,0.09,0.342,26.39,26.51,26.3,26.23,26.75,26.16,790300.0,20943564.0,15:00:02,2026-09-24
sh603861,白云电器,10.95,-0.04,-0.364,10.95,10.96,10.99,10.97,11.05,10.91,4368131.0,47977343.0,15:00:02,2026-09-24
sh603863,松炀资源,12.33,-0.28,-2.22,12.31,12.33,12.61,12.54,12.74,12.3,3093200.0,38564247.0,15:00:00,2026-09-24
sh603866,桃李面包,4.15,0.01,0.242,4.14,4.15,4.14,4.14,4.17,4.11,10842582.0,44909891.0,15:34:59,2026-09-24
sh603867,新化股份,34.97,-1.1,-3.05,34.96,34.97,36.07,35.71,36.24,34.75,10259633.0,362753836.0,15:34:59,2026-09-24
sh603868,飞科电器,31.0,-0.26,-0.832,31.0,31.03,31.26,31.11,31.5,30.79,1067451.0,33189188.0,15:00:00,2026-09-24
sh603869,ST智知,8.52,-0.02,-0.234,8.52,8.53,8.54,8.54,8.59,8.51,348800.0,2978371.0,15:00:02,2026-09-24
sh603871,嘉友国际,12.07,-0.1,-0.822,12.06,12.07,12.17,12.17,12.4,12.0,10979480.0,133803618.0,15:34:59,2026-09-24
sh603876,鼎胜新材,17.94,-0.42,-2.288,17.93,17.95,18.36,18.34,18.52,17.89,11645923.0,210877533.0,15:34:59,2026-09-24
sh603877,太平鸟,11.85,0.01,0.084,11.84,11.85,11.84,11.85,11.97,11.75,957100.0,11374369.0,15:34:59,2026-09-24
sh603878,武进不锈,4.86,0.0,0.0,4.86,4.87,4.86,4.86,4.94,4.83,7531300.0,36849580.0,15:00:00,2026-09-24
sh603879,永悦科技,4.9,0.03,0.616,4.9,4.91,4.87,4.9,4.94,4.84,6232800.0,30562507.0,15:00:01,2026-09-24
sh603880,南卫股份,9.12,-0.18,-1.935,9.12,9.13,9.3,9.23,9.43,9.12,5531200.0,51188067.0,15:00:00,2026-09-24
sh603881,数据港,23.95,-0.56,-2.285,23.95,23.96,24.51,24.43,24.55,23.95,14936201.0,360812685.0,15:34:59,2026-09-24
sh603882,金域医学,29.39,0.32,1.101,29.38,29.39,29.07,28.81,30.14,28.73,13936519.0,412769109.0,15:34:59,2026-09-24
sh603883,老百姓,12.95,0.05,0.388,12.94,12.95,12.9,12.9,13.05,12.83,9095480.0,117838057.0,15:34:59,2026-09-24
sh603885,吉祥航空,9.91,-0.29,-2.843,9.91,9.92,10.2,10.13,10.14,9.9,13839198.0,138240318.0,15:00:02,2026-09-24
sh603886,元祖股份,12.5,-0.13,-1.029,12.5,12.51,12.63,12.61,12.75,12.27,4859300.0,60720838.0,15:34:59,2026-09-24
sh603887,城地香江,8.65,-0.15,-1.705,8.65,8.66,8.8,8.78,8.85,8.65,9503305.0,82955230.0,15:34:59,2026-09-24
sh603888,新华网,17.58,-0.21,-1.18,17.57,17.58,17.79,17.71,18.02,17.4,22087561.0,389784727.0,15:34:59,2026-09-24
sh603889,新澳股份,6.03,-0.02,-0.331,6.03,6.04,6.05,6.03,6.1,6.0,7558414.0,45644368.0,15:00:00,2026-09-24
sh603890,春秋电子,15.99,-0.74,-4.423,15.98,15.99,16.73,16.56,16.68,15.98,24633911.0,400201003.0,15:34:59,2026-09-24
sh603893,瑞芯微,219.05,-3.96,-1.776,219.02,219.05,223.01,223.0,228.74,218.51,15666050.0,3488390217.0,15:34:59,2026-09-24
sh603895,天永智能,25.87,-0.41,-1.56,25.87,25.88,26.28,26.18,26.37,25.87,537000.0,13986255.0,15:00:00,2026-09-24
sh603896,寿仙谷,14.51,-0.19,-1.293,14.51,14.52,14.7,14.75,14.85,14.47,1160600.0,16957142.0,15:00:02,2026-09-24
sh603897,长城科技,29.71,-0.65,-2.141,29.71,29.72,30.36,30.05,30.55,29.59,4668801.0,139876608.0,15:34:59,2026-09-24
sh603898,好莱客,11.8,0.22,1.9,11.8,11.81,11.58,11.65,12.55,11.64,6740200.0,80344202.0,15:34:59,2026-09-24
sh603899,晨光股份,21.9,-0.43,-1.926,21.9,21.91,22.33,22.34,22.41,21.9,1822400.0,40331247.0,15:34:59,2026-09-24
sh603900,莱绅通灵,6.36,-0.17,-2.603,6.36,6.37,6.53,6.48,6.52,6.32,14414000.0,91965408.0,15:34:59,2026-09-24
sh603901,永创智能,9.5,0.01,0.105,9.5,9.51,9.49,9.51,9.65,9.45,6650178.0,63553656.0,15:34:59,2026-09-24
sh603903,中持股份,14.97,-0.15,-0.992,14.97,14.98,15.12,14.9,15.77,14.88,15984670.0,244473423.0,15:34:59,2026-09-24
sh603906,龙蟠科技,17.62,-0.4,-2.22,17.62,17.63,18.02,18.02,18.05,17.62,6622780.0,117732206.0,15:34:59,2026-09-24
sh603908,牧高笛,19.45,-0.05,-0.256,19.45,19.54,19.5,19.56,19.78,19.34,917482.0,17955888.0,15:00:02,2026-09-24
sh603909,建发合诚,9.88,-0.01,-0.101,9.86,9.88,9.89,9.79,9.95,9.64,3263409.0,31992200.0,15:00:02,2026-09-24
sh603912,佳力图,9.39,0.26,2.848,9.39,9.4,9.13,9.07,9.82,9.05,41439346.0,394174471.0,15:34:59,2026-09-24
sh603915,国茂股份,13.29,0.11,0.835,13.29,13.3,13.18,13.14,13.43,13.09,5260455.0,70085689.0,15:34:59,2026-09-24
sh603916,苏博特,10.52,-0.16,-1.498,10.52,10.53,10.68,10.68,10.79,10.49,3216000.0,34064213.0,15:34:59,2026-09-24
sh603917,合力科技,14.3,-0.05,-0.348,14.29,14.3,14.35,14.35,14.49,14.28,2893000.0,41627813.0,15:34:59,2026-09-24
sh603918,金桥信息,10.41,-0.15,-1.42,10.4,10.41,10.56,10.5,10.67,10.41,6652200.0,69904071.0,15:34:59,2026-09-24
sh603919,金徽酒,15.85,-0.48,-2.939,15.85,15.86,16.33,16.26,16.51,15.82,4860099.0,78102940.0,15:34:59,2026-09-24
sh603920,世运电路,45.5,-0.46,-1.001,45.5,45.51,45.96,46.38,48.13,45.5,41364612.0,1936236661.0,15:34:59,2026-09-24
sh603922,ST金鸿顺,12.13,-0.57,-4.488,12.13,12.16,12.7,12.79,12.79,12.13,651400.0,8080121.0,15:00:02,2026-09-24
sh603926,铁流股份,17.51,-0.07,-0.398,17.51,17.52,17.58,17.58,17.96,17.5,2654000.0,47017439.0,15:00:00,2026-09-24
sh603927,中科软,13.57,-0.22,-1.595,13.57,13.58,13.79,13.79,13.84,13.56,4046300.0,55298303.0,15:00:01,2026-09-24
sh603928,XD兴业股份,12.32,0.0,0.0,12.32,12.33,12.32,12.21,12.62,12.18,10588729.0,131409711.0,15:34:59,2026-09-24
sh603929,亚翔集成,154.2,-4.53,-2.854,154.17,154.2,158.73,157.75,158.73,154.15,2230861.0,347523576.0,15:34:59,2026-09-24
sh603931,格林达,35.87,-0.82,-2.235,35.87,35.92,36.69,36.5,36.8,35.87,2468300.0,89560056.0,15:34:59,2026-09-24
sh603933,睿能科技,19.33,-0.07,-0.361,19.32,19.33,19.4,19.28,19.7,19.25,2305300.0,44752850.0,15:34:59,2026-09-24
sh603936,博敏电子,21.31,-0.92,-4.139,21.31,21.32,22.23,22.1,22.75,21.21,44125825.0,964092335.0,15:34:59,2026-09-24
sh603937,丽岛新材,13.55,0.58,4.472,13.55,13.56,12.97,13.0,14.27,12.44,27471652.0,364856258.0,15:34:59,2026-09-24
sh603938,三孚股份,48.03,-3.47,-6.738,48.03,48.04,51.5,50.01,50.61,48.01,24124528.0,1182072462.0,15:34:59,2026-09-24
sh603939,益丰药房,22.08,-0.01,-0.045,22.08,22.09,22.09,22.05,22.33,21.94,5259811.0,116200700.0,15:00:01,2026-09-24
sh603948,建业股份,19.34,-0.26,-1.327,19.31,19.34,19.6,19.67,19.68,19.22,964000.0,18790310.0,15:00:01,2026-09-24
sh603949,雪龙集团,16.9,1.54,10.026,16.9,0.0,15.36,16.9,16.9,16.57,4465064.0,75458139.0,15:34:59,2026-09-24
sh603950,长源东谷,56.1,-2.49,-4.25,56.1,56.11,58.59,57.75,58.79,55.85,4956299.0,280560234.0,15:34:59,2026-09-24
sh603955,大千生态,25.74,0.94,3.79,25.74,25.75,24.8,24.61,26.5,24.55,4864000.0,125284213.0,15:34:59,2026-09-24
sh603956,威派格,6.97,-0.14,-1.969,6.96,6.97,7.11,7.1,7.1,6.92,18000890.0,126018096.0,15:34:59,2026-09-24
sh603958,哈森股份,18.7,-0.23,-1.215,18.7,18.71,18.93,19.07,19.08,18.45,10420200.0,194552507.0,15:34:59,2026-09-24
sh603959,ST百利,4.31,-0.08,-1.822,4.3,4.31,4.39,4.39,4.42,4.27,4127037.0,17843478.0,15:00:00,2026-09-24
sh603960,克来机电,17.88,-0.35,-1.92,17.88,17.9,18.23,18.14,18.42,17.6,8710400.0,157503768.0,15:34:59,2026-09-24
sh603966,法兰泰克,7.54,-0.13,-1.695,7.53,7.54,7.67,7.62,7.69,7.48,5728206.0,43319414.0,15:00:01,2026-09-24
sh603967,中创物流,11.53,-0.01,-0.087,11.53,11.55,11.54,11.54,11.63,11.51,1353700.0,15658042.0,15:00:01,2026-09-24
sh603968,醋化股份,10.57,-0.06,-0.564,10.57,10.58,10.63,10.63,10.75,10.52,3171290.0,33698618.0,15:00:00,2026-09-24
sh603969,银龙股份,7.38,-0.15,-1.992,7.38,7.39,7.53,7.49,7.57,7.34,6539800.0,48612726.0,15:00:01,2026-09-24
sh603970,中农立华,12.17,1.11,10.036,12.17,0.0,11.06,11.15,12.17,10.93,7645751.0,90254673.0,15:34:59,2026-09-24
sh603976,正川股份,31.3,-1.6,-4.863,31.3,31.33,32.9,33.0,34.01,31.17,4779454.0,154601011.0,15:34:59,2026-09-24
sh603977,国泰集团,11.1,-0.16,-1.421,11.09,11.1,11.26,11.25,11.28,11.08,4165900.0,46408731.0,15:00:00,2026-09-24
sh603978,深圳新星,26.01,0.29,1.128,26.0,26.01,25.72,26.12,26.39,25.17,13548112.0,351988312.0,15:34:59,2026-09-24
sh603979,金诚信,72.35,-3.69,-4.853,72.35,72.38,76.04,75.72,76.09,72.33,4509100.0,331769249.0,15:34:59,2026-09-24
sh603980,吉华集团,8.09,-0.59,-6.797,8.08,8.09,8.68,8.55,8.72,8.05,58994020.0,493465933.0,15:34:59,2026-09-24
sh603982,泉峰汽车,6.33,0.0,0.0,6.33,6.34,6.33,6.31,6.42,6.28,4163526.0,26506628.0,15:00:00,2026-09-24
sh603983,丸美生物,31.59,0.51,1.641,31.57,31.59,31.08,30.95,32.33,30.95,3741393.0,118689256.0,15:34:59,2026-09-24
sh603985,恒润股份,16.75,-0.32,-1.875,16.74,16.75,17.07,16.9,17.18,16.73,6064015.0,102807489.0,15:34:59,2026-09-24
sh603986,兆易创新,383.77,-14.95,-3.749,383.76,383.77,398.72,393.0,394.77,383.72,22659484.0,8769242612.0,15:34:59,2026-09-24
sh603987,康德莱,7.5,-0.07,-0.925,7.5,7.51,7.57,7.54,7.64,7.5,3021400.0,22820950.0,15:00:00,2026-09-24
sh603988,中电电机,17.68,-0.26,-1.449,17.67,17.68,17.94,17.97,17.98,17.6,2235014.0,39706030.0,15:00:01,2026-09-24
sh603989,艾华集团,31.15,-2.12,-6.372,31.15,31.16,33.27,32.77,33.09,31.06,22002919.0,699918242.0,15:34:59,2026-09-24
sh603990,麦迪科技,19.12,-0.22,-1.138,19.12,19.13,19.34,19.09,19.72,19.06,11067374.0,213829777.0,15:34:59,2026-09-24
sh603991,领先股份,175.89,-9.68,-5.216,175.89,175.95,185.57,188.38,188.9,172.56,6174400.0,1093343829.0,15:34:59,2026-09-24
sh603992,松霖科技,19.94,-0.36,-1.773,19.94,19.96,20.3,20.28,20.38,19.91,1988334.0,39920264.0,15:34:59,2026-09-24
sh603993,洛阳钼业,17.08,-0.58,-3.284,17.08,17.09,17.66,17.48,17.48,17.02,150553166.0,2582281351.0,15:34:59,2026-09-24
sh603995,甬金股份,25.32,-0.38,-1.479,25.32,25.33,25.7,25.62,25.65,25.14,3061951.0,77808193.0,15:34:59,2026-09-24
sh603997,继峰股份,14.12,-0.21,-1.465,14.12,14.13,14.33,14.36,14.48,14.04,25753831.0,367037364.0,15:34:59,2026-09-24
sh603998,方盛制药,10.29,-0.16,-1.531,10.28,10.29,10.45,10.39,10.52,10.23,7281600.0,75480095.0,15:34:59,2026-09-24
sh603999,读者传媒,6.53,0.07,1.084,6.52,6.53,6.46,6.38,6.89,6.38,29513157.0,195489468.0,15:34:59,2026-09-24
sh605001,威奥股份,5.84,0.05,0.864,5.82,5.84,5.79,5.79,5.87,5.75,3621680.0,21104004.0,15:34:59,2026-09-24
sh605003,众望布艺,25.36,0.46,1.847,25.31,25.36,24.9,24.63,26.0,24.63,1431500.0,36363221.0,15:00:00,2026-09-24
sh605005,合兴股份,16.11,-0.12,-0.739,16.08,16.11,16.23,16.2,16.34,16.07,704300.0,11414325.0,15:00:01,2026-09-24
sh605006,山东玻纤,15.85,-0.94,-5.599,15.85,15.86,16.79,16.63,16.86,15.81,36506656.0,591096814.0,15:34:59,2026-09-24
sh605007,五洲特纸,14.68,-0.48,-3.166,14.68,14.7,15.16,15.13,15.16,14.63,3492700.0,51751812.0,15:00:02,2026-09-24
sh605008,长鸿高科,14.7,0.45,3.158,14.7,14.71,14.25,14.25,14.7,14.07,4644500.0,67076448.0,15:34:59,2026-09-24
sh605009,豪悦护理,24.88,0.06,0.242,24.88,24.89,24.82,24.88,25.15,24.78,1043282.0,25994135.0,15:00:01,2026-09-24
sh605011,杭州热电,17.3,-0.28,-1.593,17.28,17.3,17.58,17.5,17.68,17.27,5450600.0,95131775.0,15:34:59,2026-09-24
sh605016,百龙创园,21.45,-0.1,-0.464,21.44,21.45,21.55,21.55,21.83,21.31,2673500.0,57540865.0,15:34:59,2026-09-24
sh605018,长华集团,12.74,1.16,10.017,12.74,0.0,11.58,11.45,12.74,11.45,7677800.0,95819597.0,15:34:59,2026-09-24
sh605020,永和股份,31.04,-0.73,-2.298,31.03,31.04,31.77,31.62,32.07,31.0,5485609.0,172778933.0,15:34:59,2026-09-24
sh605028,世茂能源,24.26,-0.44,-1.781,24.26,24.28,24.7,24.58,24.67,23.86,1487900.0,35975039.0,15:00:03,2026-09-24
sh605033,美邦股份,19.48,-0.05,-0.256,19.45,19.48,19.53,19.59,19.77,19.42,1359200.0,26563640.0,15:34:59,2026-09-24
sh605050,福然德,10.06,-0.04,-0.396,10.04,10.06,10.1,10.11,10.16,10.01,1089520.0,10974808.0,15:00:01,2026-09-24
sh605055,迎丰股份,8.83,0.06,0.684,8.83,8.84,8.77,8.71,8.99,8.71,3309700.0,29338207.0,15:34:59,2026-09-24
sh605056,咸亨国际,14.01,0.01,0.071,14.01,14.02,14.0,13.98,14.43,13.88,9120174.0,128668348.0,15:34:59,2026-09-24
sh605058,澳弘电子,60.2,1.6,2.73,60.2,60.21,58.6,58.0,60.45,56.7,22288359.0,1319514265.0,15:34:59,2026-09-24
sh605060,联德股份,39.39,-1.05,-2.596,39.39,39.42,40.44,40.45,40.45,39.29,2375625.0,94646893.0,15:00:00,2026-09-24
sh605066,天正电气,6.71,-0.04,-0.593,6.71,6.72,6.75,6.74,6.8,6.65,3346025.0,22577619.0,15:00:01,2026-09-24
sh605068,明新旭腾,20.8,-0.08,-0.383,20.79,20.8,20.88,20.83,21.35,20.6,4283600.0,89838280.0,15:34:59,2026-09-24
sh605069,正和生态,12.1,0.46,3.952,12.1,12.11,11.64,11.51,12.77,11.5,18596300.0,225413820.0,15:34:59,2026-09-24
sh605077,华康股份,11.46,-0.42,-3.535,11.45,11.46,11.88,11.78,11.83,11.42,9989848.0,115567413.0,15:34:59,2026-09-24
sh605080,浙江自然,23.33,0.31,1.347,23.31,23.33,23.02,23.02,23.47,23.0,1389560.0,32377435.0,15:34:59,2026-09-24
sh605086,龙高股份,23.54,-0.22,-0.926,23.52,23.57,23.76,23.53,24.02,23.46,685500.0,16244462.0,15:00:01,2026-09-24
sh605088,冠盛股份,24.6,-1.31,-5.056,24.6,24.61,25.91,25.1,25.4,24.05,16280657.0,398657770.0,15:34:59,2026-09-24
sh605089,味知香,21.26,0.43,2.064,21.25,21.26,20.83,20.73,21.7,20.73,1701754.0,36295142.0,15:00:00,2026-09-24
sh605090,九丰能源,31.39,-0.4,-1.258,31.38,31.39,31.79,31.79,31.99,31.28,5468600.0,172746820.0,15:34:59,2026-09-24
sh605098,行动教育,53.4,0.0,0.0,53.4,53.41,53.4,53.39,53.75,53.02,646843.0,34527255.0,15:00:00,2026-09-24
sh605099,共创草坪,28.62,-0.46,-1.582,28.61,28.62,29.08,29.0,29.36,28.58,972548.0,28125170.0,15:34:59,2026-09-24
sh605100,华丰股份,33.75,-1.11,-3.184,33.75,33.76,34.86,35.0,35.0,33.62,3254187.0,111113444.0,15:34:59,2026-09-24
sh605108,同庆楼,12.12,-0.18,-1.463,12.12,12.14,12.3,12.31,12.33,12.1,1962300.0,23890238.0,15:00:02,2026-09-24
sh605111,新洁能,59.7,-2.68,-4.296,59.69,59.7,62.38,61.3,62.3,59.66,11734067.0,711787475.0,15:34:59,2026-09-24
sh605116,奥锐特,19.6,-0.36,-1.804,19.6,19.61,19.96,19.96,20.11,19.53,1506615.0,29715069.0,15:00:01,2026-09-24
sh605117,德业股份,76.47,-1.54,-1.974,76.47,76.48,78.01,78.31,78.78,75.95,16649131.0,1286813336.0,15:34:59,2026-09-24
sh605118,力鼎光电,33.24,-1.3,-3.764,33.23,33.24,34.54,34.3,35.18,33.19,5172659.0,175241603.0,15:34:59,2026-09-24
sh605122,四方新材,12.39,0.19,1.557,12.39,12.4,12.2,12.22,12.53,12.21,3760187.0,46666514.0,15:00:00,2026-09-24
sh605123,派克新材,80.0,-1.6,-1.961,79.99,80.0,81.6,81.27,82.12,80.0,1172804.0,94981792.0,15:34:59,2026-09-24
sh605128,上海沿浦,23.61,-0.25,-1.048,23.61,23.63,23.86,23.8,24.0,23.39,3513369.0,83367319.0,15:00:01,2026-09-24
sh605133,嵘泰股份,24.6,-0.15,-0.606,24.59,24.6,24.75,24.78,25.37,24.37,5617460.0,139408877.0,15:34:59,2026-09-24
sh605136,丽人丽妆,8.46,0.03,0.356,8.45,8.46,8.43,8.46,8.55,8.39,4329900.0,36715541.0,15:00:01,2026-09-24
sh605138,盛泰集团,6.16,-0.05,-0.805,6.15,6.16,6.21,6.18,6.29,6.12,2914800.0,18011576.0,15:00:01,2026-09-24
sh605151,西上海,18.7,0.02,0.107,18.7,18.74,18.68,18.7,18.9,18.37,1004400.0,18839245.0,15:34:59,2026-09-24
sh605155,西大门,14.67,0.21,1.452,14.67,14.68,14.46,14.41,14.74,14.37,1839988.0,26875457.0,15:34:59,2026-09-24
sh605158,华达新材,7.88,0.11,1.416,7.85,7.88,7.77,7.89,7.91,7.58,3502617.0,27440906.0,15:00:00,2026-09-24
sh605162,新中港,12.05,-0.36,-2.901,12.05,12.06,12.41,12.0,12.4,11.72,31685766.0,380996702.0,15:34:59,2026-09-24
sh605166,聚合顺,8.7,-0.1,-1.136,8.69,8.7,8.8,8.79,8.86,8.68,3178400.0,27809998.0,15:00:01,2026-09-24
sh605167,利柏特,16.4,0.24,1.485,16.38,16.4,16.16,16.23,16.47,16.06,5651114.0,91668068.0,15:34:59,2026-09-24
sh605168,三人行,53.07,-0.66,-1.228,53.06,53.07,53.73,53.75,55.9,53.03,5740991.0,310985709.0,15:34:59,2026-09-24
sh605169,洪通燃气,12.99,0.04,0.309,12.97,12.99,12.95,12.94,13.05,12.81,2287400.0,29715853.0,15:00:01,2026-09-24
sh605177,东亚药业,25.86,0.97,3.897,25.86,25.87,24.89,24.99,25.96,24.62,6994000.0,179310803.0,15:34:59,2026-09-24
sh605178,时空科技,69.75,-4.15,-5.616,69.75,69.76,73.9,73.53,73.53,69.58,4695504.0,332643698.0,15:34:59,2026-09-24
sh605179,一鸣食品,24.38,-2.71,-10.004,0.0,24.38,27.09,25.88,26.39,24.38,28006518.0,697878709.0,15:34:59,2026-09-24
sh605180,华生科技,14.28,0.59,4.31,14.26,14.28,13.69,13.65,14.82,13.65,8220112.0,117197833.0,15:34:59,2026-09-24
sh605183,确成股份,16.51,0.05,0.304,16.5,16.51,16.46,16.4,16.8,16.35,1913200.0,31666770.0,15:00:01,2026-09-24
sh605186,健麾信息,26.11,-0.61,-2.283,26.1,26.11,26.72,26.72,26.9,26.0,1372200.0,36144923.0,15:00:02,2026-09-24
sh605188,国光连锁,12.71,-0.26,-2.005,12.71,12.72,12.97,13.0,13.15,12.61,7460499.0,95395407.0,15:34:59,2026-09-24
sh605189,富春染织,14.24,0.09,0.636,14.23,14.24,14.15,14.05,14.5,14.05,8725160.0,124579021.0,15:34:59,2026-09-24
sh605196,华通线缆,34.7,-2.03,-5.527,34.69,34.7,36.73,36.55,36.68,34.5,13159220.0,466617016.0,15:34:59,2026-09-24
sh605198,安德利,63.91,-6.6,-9.36,63.9,63.91,70.51,70.29,71.8,63.46,9126665.0,605839647.0,15:34:59,2026-09-24
sh605199,ST葫芦娃,5.76,-0.09,-1.538,5.75,5.76,5.85,5.89,5.9,5.74,614100.0,3547744.0,15:00:00,2026-09-24
sh605208,永茂泰,14.73,-0.26,-1.734,14.72,14.73,14.99,15.0,15.16,14.71,6895540.0,102694084.0,15:00:02,2026-09-24
sh605218,伟时电子,14.51,-0.39,-2.617,14.5,14.51,14.9,14.68,15.2,14.5,9719858.0,143056381.0,15:34:59,2026-09-24
sh605222,起帆电缆,22.14,-0.49,-2.165,22.14,22.15,22.63,22.96,22.96,22.0,4645400.0,103890313.0,15:34:59,2026-09-24
sh605228,神通科技,11.15,-0.24,-2.107,11.15,11.16,11.39,11.37,11.37,11.06,3526529.0,39336516.0,15:34:59,2026-09-24
sh605255,天普股份,58.1,-1.97,-3.28,58.1,58.14,60.07,58.99,59.3,57.66,699211.0,40932153.0,15:34:59,2026-09-24
sh605258,协和电子,41.12,-2.53,-5.796,41.11,41.12,43.65,43.65,44.36,41.03,9631364.0,403790703.0,15:34:59,2026-09-24
sh605259,绿田机械,17.43,-0.18,-1.022,17.43,17.44,17.61,17.68,17.75,17.4,572600.0,10059378.0,15:00:01,2026-09-24
sh605266,健之佳,15.68,-0.08,-0.508,15.67,15.68,15.76,15.76,15.92,15.62,1102000.0,17347930.0,15:00:00,2026-09-24
sh605268,王力安防,10.15,-0.18,-1.742,10.15,10.18,10.33,10.15,10.53,10.13,14156300.0,145607724.0,15:34:59,2026-09-24
sh605277,新亚电子,17.24,-0.19,-1.09,17.24,17.25,17.43,17.34,17.57,17.24,8108530.0,140893582.0,15:34:59,2026-09-24
sh605286,同力天启,24.95,-0.35,-1.383,24.94,24.95,25.3,25.19,25.52,24.91,1706400.0,42901867.0,15:00:02,2026-09-24
sh605287,德才股份,35.42,-0.83,-2.29,35.42,35.55,36.25,36.23,36.98,35.2,1787700.0,64773934.0,15:34:59,2026-09-24
sh605288,凯迪股份,66.19,-1.73,-2.547,66.18,66.19,67.92,68.8,69.7,65.0,2237770.0,151047469.0,15:34:59,2026-09-24
sh605289,罗曼股份,102.05,-0.09,-0.088,102.01,102.05,102.14,102.5,103.27,100.8,2137280.0,217667660.0,15:34:59,2026-09-24
sh605296,神农集团,30.3,-3.3,-9.821,30.29,30.3,33.6,33.05,33.3,30.24,9861289.0,304775328.0,15:34:59,2026-09-24
sh605298,必得科技,44.04,-1.57,-3.442,43.9,44.04,45.61,45.64,45.9,43.81,913249.0,40901593.0,15:00:00,2026-09-24
sh605299,舒华体育,12.62,0.21,1.692,12.62,12.63,12.41,12.34,12.73,12.32,9613700.0,120290167.0,15:34:59,2026-09-24
sh605300,佳禾食品,10.19,-0.27,-2.581,10.19,10.2,10.46,10.48,10.53,10.13,3385703.0,34866484.0,15:34:59,2026-09-24
sh605303,园林股份,23.68,0.0,0.0,0.0,0.0,23.68,0.0,0.0,0.0,0.0,0.0,15:35:50,2026-09-24
sh605305,中际联合,30.73,0.0,0.0,30.73,30.74,30.73,30.72,31.06,30.64,2399976.0,74001212.0,15:34:59,2026-09-24
sh605318,法狮龙,76.46,-3.22,-4.041,76.46,76.47,79.68,79.7,80.2,76.0,1071600.0,83146992.0,15:34:59,2026-09-24
sh605319,无锡振华,22.29,-0.87,-3.756,22.28,22.29,23.16,23.0,23.41,22.12,5048261.0,114020555.0,15:34:59,2026-09-24
sh605333,沪光股份,16.67,-0.26,-1.536,16.67,16.68,16.93,16.8,17.05,16.61,2482200.0,41673943.0,15:34:59,2026-09-24
sh605336,*ST帅电,11.63,0.0,0.0,11.61,11.63,11.63,11.61,11.83,11.6,645500.0,7555188.0,15:00:00,2026-09-24
sh605337,李子园,9.01,-0.02,-0.221,9.0,9.01,9.03,9.03,9.12,8.96,1786550.0,16119109.0,15:00:00,2026-09-24
sh605338,巴比食品,17.63,-0.15,-0.844,17.63,17.64,17.78,17.78,17.93,17.6,1278627.0,22746625.0,15:00:01,2026-09-24
sh605339,南侨食品,13.14,0.1,0.767,13.14,13.15,13.04,13.03,13.25,13.0,1430000.0,18772322.0,15:00:02,2026-09-24
sh605358,立昂微,48.34,0.31,0.645,48.34,48.35,48.03,48.02,51.08,48.02,73272081.0,3616228083.0,15:34:59,2026-09-24
sh605365,立达信,14.81,0.35,2.42,14.8,14.81,14.46,14.4,15.07,14.37,8738615.0,129091377.0,15:34:59,2026-09-24
sh605366,宏柏新材,9.22,0.47,5.371,9.21,9.22,8.75,8.75,9.39,8.6,73311661.0,666908158.0,15:34:59,2026-09-24
sh605368,蓝天燃气,6.66,-0.05,-0.745,6.65,6.66,6.71,6.67,6.75,6.63,2114500.0,14117563.0,15:00:01,2026-09-24
sh605369,拱东医疗,17.75,-0.21,-1.169,17.72,17.75,17.96,17.96,18.06,17.68,1512400.0,26988180.0,15:00:00,2026-09-24
sh605376,博迁新材,133.01,-6.14,-4.413,133.0,133.01,139.15,137.52,141.42,133.0,12350732.0,1677133512.0,15:34:59,2026-09-24
sh605377,华旺科技,8.06,-0.08,-0.983,8.06,8.07,8.14,8.13,8.19,8.06,3035251.0,24603501.0,15:00:01,2026-09-24
sh605378,野马电池,14.85,-0.22,-1.46,14.85,14.87,15.07,15.05,15.19,14.83,2656112.0,39852063.0,15:00:02,2026-09-24
sh605388,均瑶健康,6.05,-0.09,-1.466,6.05,6.07,6.14,6.16,6.22,6.05,7006240.0,42795508.0,15:34:59,2026-09-24
sh605389,长龄液压,64.3,-1.68,-2.546,64.21,64.3,65.98,65.99,66.19,64.08,693879.0,45053998.0,15:00:01,2026-09-24
sh605398,新炬网络,22.3,-0.36,-1.589,22.29,22.3,22.66,22.62,22.71,22.25,5488785.0,123064159.0,15:34:59,2026-09-24
sh605399,晨光新材,11.59,0.03,0.26,11.57,11.59,11.56,11.56,11.95,11.45,3283028.0,38451154.0,15:00:01,2026-09-24
sh605488,福莱新材,32.22,1.21,3.902,32.22,32.23,31.01,31.17,34.0,30.78,16633971.0,543152906.0,15:34:59,2026-09-24
sh605499,东鹏饮料,110.83,-0.65,-0.583,110.83,110.84,111.48,111.47,111.81,110.49,2070961.0,229768681.0,15:34:59,2026-09-24
sh605500,森林包装,7.32,-0.1,-1.348,7.32,7.33,7.42,7.36,7.47,7.31,2581822.0,19038602.0,15:00:01,2026-09-24
sh605507,国邦医药,18.1,-0.73,-3.877,18.08,18.1,18.83,18.8,18.95,18.03,8117949.0,148737941.0,15:34:59,2026-09-24
sh605555,德昌股份,12.52,-0.11,-0.871,12.52,12.53,12.63,12.62,12.8,12.5,2698791.0,34084472.0,15:00:01,2026-09-24
sh605566,福莱蒽特,32.82,-0.5,-1.501,32.8,32.82,33.32,33.0,34.32,32.47,8075400.0,269578279.0,15:34:59,2026-09-24
sh605567,春雪食品,9.38,-0.04,-0.425,9.38,9.41,9.42,9.42,9.53,9.33,2744900.0,25828214.0,15:00:00,2026-09-24
sh605577,龙版传媒,16.52,0.6,3.769,16.52,16.53,15.92,15.6,16.96,15.37,40007144.0,656170556.0,15:34:59,2026-09-24
sh605580,恒盛能源,21.89,-0.97,-4.243,21.88,21.89,22.86,22.61,22.8,21.89,9793400.0,217841349.0,15:34:59,2026-09-24
sh605588,冠石科技,47.14,-1.23,-2.543,47.14,47.15,48.37,48.69,48.83,47.14,1075500.0,51516291.0,15:00:00,2026-09-24
sh605589,圣泉集团,40.08,-1.15,-2.789,40.08,40.09,41.23,41.02,42.12,40.08,27159538.0,1110483368.0,15:34:59,2026-09-24
sh605598,上海港湾,24.56,-0.14,-0.567,24.56,24.57,24.7,24.64,25.18,24.45,2162700.0,53573084.0,15:00:02,2026-09-24
sh605599,菜百股份,13.49,-0.31,-2.246,13.49,13.5,13.8,13.79,13.84,13.47,5420846.0,73853597.0,15:34:59,2026-09-24
sh688001,苏州华兴源创科技,67.57,-3.17,-4.481,67.56,67.57,70.74,69.43,70.98,67.4,12232172.0,838075965.0,15:34:59,2026-09-24
sh688002,睿创微纳,178.85,-5.21,-2.831,178.85,178.9,184.06,183.87,186.2,178.4,7162033.0,1301768674.0,15:34:59,2026-09-24
sh688003,天准科技,79.3,-3.5,-4.227,79.28,79.3,82.8,81.89,82.92,79.1,2713969.0,218344230.0,15:34:59,2026-09-24
sh688004,北京博汇科技,33.14,-0.36,-1.075,33.13,33.14,33.5,33.13,34.08,31.84,10134479.0,332839737.0,15:34:59,2026-09-24
sh688005,容百科技,23.35,-0.5,-2.096,23.34,23.35,23.85,23.79,24.05,23.33,6878845.0,162087493.0,15:00:00,2026-09-24
sh688006,浙江杭可科技,20.72,-0.48,-2.264,20.71,20.72,21.2,21.2,21.45,20.69,5397009.0,113253842.0,15:00:01,2026-09-24
sh688007,光峰科技,11.23,0.04,0.357,11.23,11.24,11.19,11.09,11.42,11.07,10039968.0,112786362.0,15:34:59,2026-09-24
sh688008,澜起科技,214.5,-8.87,-3.971,214.49,214.5,223.37,222.06,222.06,214.36,25974047.0,5636848905.0,15:34:59,2026-09-24
sh688009,中国通号,4.64,-0.02,-0.429,4.64,4.65,4.66,4.66,4.66,4.63,12617326.0,58610597.0,15:00:01,2026-09-24
sh688010,福光股份,29.27,0.56,1.951,29.27,29.28,28.71,28.6,30.45,28.57,7709534.0,228046909.0,15:34:59,2026-09-24
sh688011,新光光电科技股份,66.36,-7.21,-9.8,66.36,66.37,73.57,74.46,75.0,65.0,3901307.0,266868785.0,15:34:59,2026-09-24
sh688012,中微半导体设备,339.3,-10.05,-2.877,339.22,339.3,349.35,347.01,347.94,338.99,9973753.0,3416781571.0,15:34:59,2026-09-24
sh688013,天臣国际医疗科技,25.22,-0.15,-0.591,25.22,25.31,25.37,25.16,26.06,25.04,2101482.0,53587368.0,15:00:00,2026-09-24
sh688015,交控科技,16.96,0.13,0.772,16.96,16.98,16.83,16.9,17.07,16.65,1432246.0,24299468.0,15:00:01,2026-09-24
sh688016,心脉医疗,85.01,-1.23,-1.426,85.01,85.04,86.24,86.33,86.55,84.79,801458.0,68422970.0,15:34:59,2026-09-24
sh688017,绿的谐波,284.34,-2.56,-0.892,284.33,284.34,286.9,286.0,295.67,284.34,5398757.0,1563479197.0,15:34:59,2026-09-24
sh688018,乐鑫科技,118.64,-3.59,-2.937,118.64,118.7,122.23,121.89,122.78,118.64,3553608.0,427720769.0,15:34:59,2026-09-24
sh688019,安集科技,225.66,-6.74,-2.9,225.6,225.66,232.4,230.05,231.5,225.02,3061766.0,696667823.0,15:34:59,2026-09-24
sh688020,方邦股份,150.05,-7.57,-4.803,150.04,150.05,157.62,157.54,158.68,150.03,2898977.0,444946360.0,15:00:02,2026-09-24
sh688021,奥福科技,20.22,-0.09,-0.443,20.19,20.22,20.31,20.55,20.61,20.05,1264797.0,25699411.0,15:00:00,2026-09-24
sh688022,ST瀚川智能,8.78,-0.12,-1.348,8.78,8.83,8.9,8.95,8.95,8.78,1754666.0,15556336.0,15:00:00,2026-09-24
sh688023,安恒信息,47.9,0.46,0.97,47.88,47.9,47.44,48.7,49.19,47.44,4741411.0,229298557.0,15:34:59,2026-09-24
sh688025,杰普特光电,444.59,-5.2,-1.156,444.59,445.0,449.79,454.52,471.33,443.0,3521449.0,1609605450.0,15:34:59,2026-09-24
sh688026,洁特生物股份,25.95,-1.83,-6.587,25.94,25.95,27.78,27.69,28.0,25.89,9425653.0,251640430.0,15:34:59,2026-09-24
sh688027,科大国盾量子,364.0,-23.84,-6.147,364.0,364.01,387.84,377.66,382.0,364.0,2552632.0,943536419.0,15:34:59,2026-09-24
sh688028,沃尔德金刚石,122.6,-7.54,-5.794,122.58,122.6,130.14,131.0,133.5,122.6,11501533.0,1455211067.0,15:34:59,2026-09-24
sh688029,南微医学科技,82.76,-2.14,-2.521,82.76,82.8,84.9,84.9,85.47,82.75,1855830.0,155592171.0,15:00:02,2026-09-24
sh688030,山石网科,19.0,0.0,0.0,18.99,19.0,19.0,19.0,19.16,18.65,3548763.0,67362074.0,15:34:59,2026-09-24
sh688031,星环科技,103.7,-5.3,-4.862,103.7,103.83,109.0,108.81,108.9,103.5,3723569.0,392089668.0,15:34:59,2026-09-24
sh688032,禾迈股份,68.73,-1.6,-2.275,68.7,68.73,70.33,70.68,70.68,68.5,406620.0,28217693.0,15:00:01,2026-09-24
sh688033,*ST天宜新材,7.51,0.16,2.177,7.51,7.52,7.35,7.29,7.67,7.29,5551519.0,41959263.0,15:00:02,2026-09-24
sh688035,德邦科技股份,78.54,-6.0,-7.097,78.53,78.54,84.54,81.6,82.45,77.8,9579412.0,768570924.0,15:34:59,2026-09-24
sh688036,传音控股,54.92,-0.73,-1.312,54.92,54.94,55.65,55.5,55.98,54.6,5949449.0,327032387.0,15:34:59,2026-09-24
sh688037,芯源微电子,344.98,-6.59,-1.874,344.98,345.0,351.57,349.25,353.09,343.0,2058301.0,716636834.0,15:34:59,2026-09-24
sh688038,武汉中科通达,19.3,-0.27,-1.38,19.3,19.38,19.57,19.6,19.8,19.25,1710261.0,33372646.0,15:00:02,2026-09-24
sh688039,当虹科技,32.83,-0.56,-1.677,32.82,32.83,33.39,33.25,33.65,32.8,1510379.0,49988798.0,15:00:00,2026-09-24
sh688041,海光信息,248.3,-3.36,-1.335,248.3,248.32,251.66,249.5,255.56,247.7,16873483.0,4236795354.0,15:34:59,2026-09-24
sh688045,必易微电子,60.58,-1.62,-2.605,60.58,60.61,62.2,61.78,62.57,60.42,1513500.0,92751257.0,15:00:01,2026-09-24
sh688046,药康生物,35.92,-2.69,-6.967,35.92,35.93,38.61,38.54,38.61,35.8,13507718.0,494813986.0,15:34:59,2026-09-24
sh688047,龙芯中科,104.7,-1.15,-1.086,104.7,104.87,105.85,105.01,106.67,103.6,3480978.0,365470044.0,15:34:59,2026-09-24
sh688048,长光华芯,329.66,-19.24,-5.514,329.66,329.67,348.9,348.0,348.88,329.66,6933521.0,2340889083.0,15:34:59,2026-09-24
sh688049,炬芯科技,47.1,0.99,2.147,47.09,47.1,46.11,45.81,48.19,45.76,12389024.0,582903625.0,15:34:59,2026-09-24
sh688050,爱博诺德医疗,38.35,-1.06,-2.69,38.35,38.38,39.41,39.3,39.68,38.25,1989851.0,77166401.0,15:34:59,2026-09-24
sh688051,罗克佳华科技,25.0,-0.55,-2.153,25.0,25.1,25.55,25.83,25.93,25.0,1765262.0,44700128.0,15:00:00,2026-09-24
sh688052,纳芯微电子,253.01,-1.28,-0.503,253.01,253.39,254.29,255.42,259.88,248.17,2240259.0,567558347.0,15:00:00,2026-09-24
sh688053,ST思科瑞微电子,39.08,-0.72,-1.809,39.08,39.14,39.8,39.8,40.2,39.05,541546.0,21419120.0,15:34:59,2026-09-24
sh688055,昆山龙腾光电,3.71,-0.09,-2.368,3.7,3.71,3.8,3.8,3.8,3.71,6491257.0,24295425.0,15:00:02,2026-09-24
sh688056,莱伯泰科仪器,58.24,5.32,10.053,58.24,58.25,52.92,53.0,62.97,52.0,6066020.0,338201970.0,15:34:59,2026-09-24
sh688057,金达莱环保,19.79,0.23,1.176,19.79,19.8,19.56,19.83,20.57,18.78,9794703.0,193032560.0,15:00:02,2026-09-24
sh688058,宝兰德软件,25.25,-0.47,-1.827,25.25,25.34,25.72,25.5,25.69,25.18,760353.0,19273619.0,15:00:01,2026-09-24
sh688059,株洲华锐精密,88.99,-2.03,-2.23,88.99,89.0,91.02,90.31,91.0,88.8,2513914.0,225015713.0,15:34:59,2026-09-24
sh688060,江苏云涌电子科技,37.13,-0.95,-2.495,37.13,37.15,38.08,38.08,38.08,37.0,314078.0,11787969.0,15:00:00,2026-09-24
sh688061,灿瑞科技,46.49,-1.01,-2.126,46.48,46.49,47.5,47.5,47.92,46.4,1717095.0,81080568.0,15:34:59,2026-09-24
sh688062,迈威生物,26.47,-1.33,-4.784,26.47,26.5,27.8,27.56,27.84,26.45,6549486.0,176492528.0,15:00:01,2026-09-24
sh688063,派能科技,40.51,-0.82,-1.984,40.51,40.56,41.33,41.33,41.47,40.5,3494325.0,142760937.0,15:34:59,2026-09-24
sh688065,凯赛生物,38.34,-0.98,-2.492,38.34,38.38,39.32,39.28,39.61,38.28,2976709.0,115402280.0,15:34:59,2026-09-24
sh688066,*ST航天宏图,8.96,0.78,9.535,8.95,8.96,8.18,8.15,9.28,8.15,19797415.0,170608197.0,15:34:59,2026-09-24
sh688067,爱威科技,23.95,-0.07,-0.291,23.95,23.98,24.02,24.17,24.42,23.8,873415.0,21072583.0,15:00:01,2026-09-24
sh688068,热景生物,91.89,-3.57,-3.74,91.88,91.89,95.46,94.22,96.35,91.89,2018684.0,188359574.0,15:34:59,2026-09-24
sh688069,德林海环保,37.3,-0.54,-1.427,37.3,37.32,37.84,38.17,38.52,37.22,1759892.0,66553061.0,15:00:01,2026-09-24
sh688070,成都纵横,36.43,-0.19,-0.519,36.43,36.5,36.62,36.29,37.48,36.2,1803870.0,66591510.0,15:00:00,2026-09-24
sh688071,华依科技集团,35.65,-0.1,-0.28,35.65,35.66,35.75,35.86,36.36,35.33,2050962.0,73337000.0,15:00:02,2026-09-24
sh688072,拓荆科技,700.9,-29.4,-4.026,700.83,700.9,730.3,722.68,732.0,698.0,4043634.0,2882209478.0,15:34:59,2026-09-24
sh688073,毕得医药科技股份,74.55,-6.21,-7.689,74.55,74.57,80.76,79.0,79.99,74.5,6209512.0,474659143.0,15:34:59,2026-09-24
sh688075,安旭生物,29.82,-0.59,-1.94,29.82,29.9,30.41,30.31,30.41,29.81,556660.0,16773806.0,15:00:02,2026-09-24
sh688076,ST诺泰生物,28.83,-0.23,-0.791,28.83,28.86,29.06,29.28,29.28,28.82,1553754.0,44954502.0,15:00:01,2026-09-24
sh688077,大地熊新材料,27.86,-0.38,-1.346,27.85,27.86,28.24,27.92,28.6,27.61,5258189.0,146981168.0,15:34:59,2026-09-24
sh688078,龙软科技,30.92,-0.41,-1.309,30.91,30.92,31.33,31.33,31.44,30.91,1385839.0,43151424.0,15:00:01,2026-09-24
sh688079,美迪凯股份,17.51,-0.55,-3.045,17.5,17.51,18.06,17.7,18.3,17.34,28925799.0,514363521.0,15:34:59,2026-09-24
sh688080,映翰通网络,38.04,-0.48,-1.246,38.0,38.04,38.52,38.4,38.7,37.9,632788.0,24195369.0,15:34:59,2026-09-24
sh688081,兴图新科,26.25,-0.42,-1.575,26.22,26.25,26.67,25.84,27.05,25.84,908191.0,24085978.0,15:00:00,2026-09-24
sh688082,盛美上海半导体,304.11,12.78,4.387,304.11,304.5,291.33,291.0,315.8,288.21,7530166.0,2297156080.0,15:34:59,2026-09-24
sh688083,中望软件,51.96,-0.61,-1.16,51.96,51.97,52.57,52.53,52.9,51.87,1037074.0,54280557.0,15:00:02,2026-09-24
sh688084,晶品特装,43.03,-1.44,-3.238,43.03,43.07,44.47,44.29,44.4,43.0,820057.0,35697427.0,15:00:01,2026-09-24
sh688085,三友医疗,13.15,-0.06,-0.454,13.15,13.16,13.21,13.38,13.48,13.0,2801668.0,37216606.0,15:00:02,2026-09-24
sh688087,英科再生,33.21,-1.17,-3.403,33.21,33.27,34.38,34.39,34.66,33.15,1421162.0,47997279.0,15:00:01,2026-09-24
sh688088,虹软科技,29.49,-0.58,-1.929,29.48,29.49,30.07,29.88,30.16,29.45,3179207.0,94545365.0,15:00:00,2026-09-24
sh688089,ST嘉必优生物,8.46,-0.05,-0.588,8.46,8.47,8.51,8.5,8.57,8.43,909686.0,7711256.0,15:00:02,2026-09-24
sh688090,瑞松科技,83.31,-1.49,-1.757,83.31,83.35,84.8,84.86,86.98,83.1,5813922.0,492105876.0,15:34:59,2026-09-24
sh688091,上海谊众药业,39.95,-0.9,-2.203,39.9,39.95,40.85,40.52,40.8,38.96,3952175.0,156792410.0,15:00:02,2026-09-24
sh688092,爱科科技股份,22.9,0.07,0.307,22.87,22.9,22.83,22.83,22.92,22.46,872933.0,19829158.0,15:00:02,2026-09-24
sh688093,世华科技,23.29,-0.65,-2.715,23.28,23.29,23.94,23.73,24.1,23.22,1931769.0,45634164.0,15:34:59,2026-09-24
sh688095,福昕软件开发,57.44,-1.28,-2.18,57.44,57.51,58.72,58.6,58.85,57.28,1675406.0,96938498.0,15:34:59,2026-09-24
sh688096,江苏京源环保,7.41,-0.09,-1.2,7.41,7.42,7.5,7.48,7.55,7.36,4931765.0,36715653.0,15:00:01,2026-09-24
sh688097,博众精工科技,44.9,-2.0,-4.264,44.84,44.9,46.9,46.64,46.75,44.64,4635976.0,210464161.0,15:34:59,2026-09-24
sh688098,申联生物医药,8.37,-0.31,-3.571,8.37,8.39,8.68,8.63,8.83,8.35,3445714.0,29533919.0,15:00:02,2026-09-24
sh688099,晶晨半导体,89.52,-3.37,-3.628,89.52,89.54,92.89,92.36,93.37,89.52,7260025.0,660145574.0,15:34:59,2026-09-24
sh688100,威胜信息,24.73,-0.36,-1.435,24.7,24.73,25.09,24.91,25.28,24.58,1788578.0,44484067.0,15:00:02,2026-09-24
sh688101,三达膜环境技术,14.54,-0.15,-1.021,14.52,14.54,14.69,14.71,14.71,14.48,1565830.0,22822426.0,15:00:02,2026-09-24
sh688102,陕西斯瑞新材股份,30.9,-0.68,-2.153,30.9,30.91,31.58,31.45,31.96,30.88,8258282.0,259114264.0,15:34:59,2026-09-24
sh688103,国力电子,81.24,-3.48,-4.108,81.24,81.46,84.72,83.53,84.05,80.74,2102042.0,172767932.0,15:34:59,2026-09-24
sh688105,诺唯赞生物,26.57,-1.02,-3.697,26.57,26.58,27.59,27.35,27.68,26.44,16902918.0,455222568.0,15:34:59,2026-09-24
sh688106,金宏气体,26.82,-0.2,-0.74,26.82,26.83,27.02,26.97,27.43,26.78,10639428.0,287772812.0,15:34:59,2026-09-24
sh688107,安路科技,30.73,-0.27,-0.871,30.72,30.73,31.0,30.71,31.37,30.56,5126268.0,158705044.0,15:00:02,2026-09-24
sh688108,赛诺医疗科学,15.2,-0.56,-3.553,15.19,15.2,15.76,15.67,15.83,15.18,6014284.0,92935807.0,15:34:59,2026-09-24
sh688109,品茗科技,72.29,-0.31,-0.427,72.29,72.3,72.6,72.5,74.73,72.18,820517.0,60101634.0,15:00:02,2026-09-24
sh688110,东芯股份,118.73,-3.92,-3.196,118.72,118.73,122.65,121.5,122.0,118.63,9744794.0,1168988098.0,15:34:59,2026-09-24
sh688111,金山办公,222.03,-4.57,-2.017,222.03,222.04,226.6,226.0,226.88,222.03,3130845.0,699634780.0,15:34:59,2026-09-24
sh688112,鼎阳科技,117.08,2.1,1.826,117.08,117.1,114.98,115.92,122.0,114.01,11261661.0,1329709289.0,15:34:59,2026-09-24
sh688113,联测科技,37.9,-0.17,-0.447,37.9,37.95,38.07,38.05,38.3,37.59,721675.0,27357367.0,15:00:01,2026-09-24
sh688114,华大智造,74.94,-0.4,-0.531,74.94,74.95,75.34,74.9,79.72,74.1,10852556.0,832623095.0,15:34:59,2026-09-24
sh688115,思林杰科技,67.38,0.48,0.717,67.38,67.5,66.9,66.07,68.76,64.48,3618067.0,241615552.0,15:34:59,2026-09-24
sh688116,天奈科技,33.64,-0.66,-1.924,33.62,33.64,34.3,34.24,34.5,33.56,3238544.0,109673519.0,15:34:59,2026-09-24
sh688117,圣诺生物,18.82,-0.93,-4.709,18.81,18.82,19.75,19.6,19.79,18.82,13137389.0,251416246.0,15:34:59,2026-09-24
sh688118,普元信息,20.15,-0.25,-1.225,20.08,20.15,20.4,20.41,20.41,19.93,1847705.0,37228541.0,15:34:59,2026-09-24
sh688119,中钢洛耐,3.84,-0.03,-0.775,3.83,3.84,3.87,3.89,3.89,3.82,8401049.0,32347520.0,15:00:01,2026-09-24
sh688120,华海清科,247.17,-6.84,-2.693,247.14,247.17,254.01,252.6,255.13,246.0,5173038.0,1295338317.0,15:34:59,2026-09-24
sh688121,*ST卓然技术,1.16,0.0,0.0,1.16,1.17,1.16,1.19,1.22,1.15,12534275.0,14818539.0,15:00:01,2026-09-24
sh688122,西部超导,51.33,-1.46,-2.766,51.33,51.35,52.79,52.2,52.5,51.33,8439541.0,437432374.0,15:34:59,2026-09-24
sh688123,聚辰半导体,159.55,-8.56,-5.092,159.5,159.55,168.11,164.75,169.2,159.05,7915835.0,1279900203.0,15:34:59,2026-09-24
sh688125,安达智能,124.52,-4.16,-3.233,124.0,124.52,128.68,128.32,128.32,123.2,642186.0,80479583.0,15:00:00,2026-09-24
sh688126,上海硅产业集团,24.8,-0.08,-0.322,24.8,24.82,24.88,25.4,25.74,24.76,70268064.0,1775767058.0,15:34:59,2026-09-24
sh688127,蓝特光学,65.78,-3.27,-4.736,65.78,65.79,69.05,68.34,68.65,65.7,8193503.0,548277167.0,15:34:59,2026-09-24
sh688128,中国电器研究院,22.1,-0.18,-0.808,22.1,22.11,22.28,22.26,22.29,21.96,1275260.0,28187545.0,15:00:01,2026-09-24
sh688129,东来涂料技术股份,23.84,-0.59,-2.415,23.84,23.92,24.43,24.54,24.54,23.52,1302418.0,31366133.0,15:00:02,2026-09-24
sh688130,晶华微电子,27.36,-1.15,-4.034,27.35,27.36,28.51,28.16,28.5,27.33,2604495.0,72090576.0,15:00:01,2026-09-24
sh688131,皓元医药,103.54,-6.83,-6.188,103.5,103.54,110.37,110.0,111.3,103.33,6774809.0,724483775.0,15:00:01,2026-09-24
sh688132,邦彦技术股份,16.78,0.06,0.359,16.75,16.78,16.72,16.65,17.35,16.62,2164190.0,36792490.0,15:00:02,2026-09-24
sh688133,泰坦股份,22.7,-0.47,-2.028,22.67,22.7,23.17,23.14,23.39,22.63,4916122.0,112711174.0,15:00:00,2026-09-24
sh688135,利扬芯片,39.55,-0.75,-1.861,39.55,39.6,40.3,39.68,40.38,39.27,12872631.0,511604899.0,15:34:59,2026-09-24
sh688136,科兴生物制药,23.27,-1.32,-5.368,23.27,23.29,24.59,24.35,24.68,23.2,9752007.0,230416863.0,15:34:59,2026-09-24
sh688137,近岸蛋白,125.25,2.41,1.962,125.25,125.28,122.84,122.51,129.23,121.01,8042989.0,1014181766.0,15:34:59,2026-09-24
sh688138,清溢光电,40.15,-1.65,-3.947,40.13,40.15,41.8,41.5,41.86,39.88,8131693.0,331612543.0,15:34:59,2026-09-24
sh688139,海尔生物,34.6,-0.47,-1.34,34.57,34.6,35.07,35.0,35.57,34.6,5318312.0,185700813.0,15:00:01,2026-09-24
sh688141,杰华特微电子,112.4,-6.89,-5.776,112.4,112.44,119.29,116.91,118.12,110.02,13620321.0,1534442006.0,15:34:59,2026-09-24
sh688143,长盈通光电,191.35,-2.24,-1.157,191.34,191.35,193.59,191.91,200.15,185.3,9103175.0,1759271843.0,15:34:59,2026-09-24
sh688146,中船派瑞特气,212.99,-4.41,-2.029,212.99,213.0,217.4,214.51,219.21,212.56,7941266.0,1709388168.0,15:34:59,2026-09-24
sh688147,微导纳米科技,111.0,-4.4,-3.813,110.97,111.0,115.4,115.0,115.55,110.7,5404223.0,611108466.0,15:34:59,2026-09-24
sh688148,芳源股份,5.88,-0.08,-1.342,5.88,5.89,5.96,5.92,5.99,5.86,9239988.0,54616967.0,15:34:59,2026-09-24
sh688150,莱特光电股份,42.99,-1.7,-3.804,42.98,42.99,44.69,45.06,45.7,42.9,7837381.0,343086067.0,15:34:59,2026-09-24
sh688151,华强科技,17.08,0.08,0.471,17.07,17.08,17.0,16.99,17.19,16.87,2824361.0,48118927.0,15:34:59,2026-09-24
sh688152,麒麟信安,35.23,-1.32,-3.611,35.23,35.25,36.55,36.55,36.8,35.12,2304317.0,82101455.0,15:34:59,2026-09-24
sh688153,唯捷创芯,26.5,-0.42,-1.56,26.48,26.5,26.92,26.68,27.2,26.43,2626293.0,70432921.0,15:34:59,2026-09-24
sh688155,先惠技术,53.9,0.27,0.503,53.9,53.91,53.63,53.4,54.22,53.18,1785626.0,96007191.0,15:00:02,2026-09-24
sh688156,路德科技,22.87,-0.43,-1.845,22.86,22.87,23.3,23.15,23.3,22.72,1871366.0,42947767.0,15:00:00,2026-09-24
sh688157,松井新材料,19.3,-0.57,-2.869,19.3,19.33,19.87,19.87,20.0,19.26,1769918.0,34607646.0,15:34:59,2026-09-24
sh688158,优刻得科技,29.65,-0.56,-1.854,29.64,29.65,30.21,30.01,30.45,29.65,8581733.0,257331516.0,15:34:59,2026-09-24
sh688159,有方科技,36.62,-1.28,-3.377,36.62,36.63,37.9,37.62,37.86,36.48,4439349.0,164354255.0,15:00:01,2026-09-24
sh688160,步科自动化,97.36,-0.14,-0.144,97.36,97.5,97.5,97.99,101.47,96.88,1438743.0,142676683.0,15:00:02,2026-09-24
sh688161,威高骨科,21.64,-0.29,-1.322,21.63,21.64,21.93,21.9,21.99,21.58,688667.0,14955204.0,15:00:01,2026-09-24
sh688162,巨一科技,24.97,-0.07,-0.28,24.97,25.04,25.04,24.94,25.43,24.94,756190.0,19033659.0,15:00:01,2026-09-24
sh688163,赛伦生物,37.31,-0.96,-2.508,37.31,37.32,38.27,37.95,38.58,37.08,1039274.0,39088611.0,15:00:02,2026-09-24
sh688165,埃夫特智能,14.81,-0.22,-1.464,14.81,14.82,15.03,15.04,15.24,14.81,3884549.0,58343104.0,15:34:59,2026-09-24
sh688166,博瑞生物医药,35.0,-1.3,-3.581,34.99,35.0,36.3,36.0,36.5,34.71,10164846.0,358632752.0,15:34:59,2026-09-24
sh688167,西安炬光科技,293.84,-15.06,-4.875,293.84,293.87,308.9,307.6,307.65,292.01,5215903.0,1549230482.0,15:34:59,2026-09-24
sh688168,北京安博通,44.78,-0.52,-1.148,44.72,44.78,45.3,45.45,45.8,44.0,4408310.0,197010507.0,15:00:01,2026-09-24
sh688169,石头科技,114.6,-1.78,-1.529,114.59,114.6,116.38,116.38,116.5,114.51,2664816.0,307152882.0,15:34:59,2026-09-24
sh688170,德龙激光,68.65,-3.35,-4.653,68.65,68.7,72.0,71.83,71.96,68.62,4244114.0,296799408.0,15:00:01,2026-09-24
sh688171,纬德信息,24.82,0.79,3.288,24.82,24.85,24.03,24.15,25.2,23.51,3480883.0,84593768.0,15:34:59,2026-09-24
sh688172,燕东微电子股份,45.26,-1.7,-3.62,45.25,45.26,46.96,46.81,46.89,45.26,8549196.0,393033787.0,15:00:02,2026-09-24
sh688173,希荻微电子,13.46,-0.35,-2.534,13.46,13.47,13.81,13.75,13.85,13.42,6956587.0,94504671.0,15:00:00,2026-09-24
sh688175,珠海高凌信息,25.95,-0.84,-3.135,25.95,25.97,26.79,25.98,27.29,25.88,8132552.0,214866249.0,15:00:02,2026-09-24
sh688176,亚虹医药科技,14.73,0.04,0.272,14.72,14.73,14.69,14.58,15.07,14.47,20358030.0,299936824.0,15:00:02,2026-09-24
sh688177,百奥泰生物,20.83,-0.44,-2.069,20.82,20.83,21.27,21.51,21.68,20.77,7173494.0,151259252.0,15:00:01,2026-09-24
sh688178,万德斯环保,30.11,-0.24,-0.791,30.11,30.13,30.35,30.14,30.3,29.3,1492532.0,44531032.0,15:00:02,2026-09-24
sh688179,阿拉丁科技,24.84,0.71,2.942,24.78,24.84,24.13,24.66,26.0,24.24,42094902.0,1059821291.0,15:34:59,2026-09-24
sh688180,君实生物,34.88,-0.9,-2.515,34.88,34.89,35.78,35.45,36.39,34.86,14781865.0,525580713.0,15:00:01,2026-09-24
sh688181,八亿时空液晶股份,46.98,0.2,0.428,46.97,46.98,46.78,46.4,48.09,46.05,8222952.0,386499857.0,15:34:59,2026-09-24
sh688182,灿勤科技,28.67,-0.95,-3.207,28.65,28.67,29.62,29.81,29.81,28.61,3764335.0,109167644.0,15:00:00,2026-09-24
sh688183,生益电子,114.08,-4.92,-4.134,114.08,114.09,119.0,117.08,119.6,113.38,15146541.0,1748839923.0,15:34:59,2026-09-24
sh688184,ST帕瓦股份,10.76,-0.04,-0.37,10.75,10.76,10.8,10.85,10.85,10.71,203691.0,2191410.0,15:00:02,2026-09-24
sh688185,康希诺生物,81.61,-3.64,-4.27,81.61,81.62,85.25,83.5,85.82,81.55,10080761.0,835092845.0,15:34:59,2026-09-24
sh688186,张家港广大特材,14.35,-0.37,-2.514,14.35,14.36,14.72,14.53,14.79,14.33,4349520.0,63438353.0,15:00:02,2026-09-24
sh688187,时代电气,44.4,-1.37,-2.993,44.39,44.4,45.77,45.77,45.79,44.4,3396122.0,152465579.0,15:34:59,2026-09-24
sh688188,上海柏楚电子科技,95.25,-2.06,-2.117,95.25,95.44,97.31,97.0,97.38,95.25,1195806.0,114842614.0,15:00:01,2026-09-24
sh688189,ST南新制药,6.48,-0.05,-0.766,6.48,6.49,6.53,6.5,6.57,6.45,2365764.0,15392310.0,15:00:02,2026-09-24
sh688190,云路先进材料股份,71.2,-2.31,-3.142,71.18,71.2,73.51,73.02,73.51,71.07,649643.0,46750129.0,15:00:00,2026-09-24
sh688191,智洋创新科技,22.05,-1.55,-6.568,22.03,22.05,23.6,23.48,23.69,21.92,8345371.0,187102641.0,15:00:02,2026-09-24
sh688192,迪哲医药,56.45,-3.8,-6.307,56.4,56.45,60.25,59.95,61.27,56.02,6515172.0,373967581.0,15:34:59,2026-09-24
sh688193,仁度生物,49.18,0.28,0.573,49.12,49.18,48.9,49.01,49.99,48.93,428773.0,21178514.0,15:00:02,2026-09-24
sh688195,腾景科技,188.12,-6.28,-3.23,188.12,188.14,194.4,192.21,194.7,188.0,5709845.0,1086837944.0,15:34:59,2026-09-24
sh688196,卓越新能,33.56,-1.1,-3.174,33.55,33.56,34.66,34.44,34.99,33.51,1215038.0,41380195.0,15:00:01,2026-09-24
sh688197,首药控股,37.72,-1.74,-4.41,37.66,37.72,39.46,39.4,39.76,37.52,2840824.0,108517519.0,15:00:01,2026-09-24
sh688198,佰仁医疗科技,71.16,-2.25,-3.065,71.16,71.3,73.41,74.07,74.07,71.14,373705.0,26948003.0,15:00:02,2026-09-24
sh688199,久日新材料,25.51,0.01,0.039,25.51,25.53,25.5,25.35,26.03,25.06,5170362.0,131966678.0,15:34:59,2026-09-24
sh688200,华峰测控,398.08,0.76,0.191,398.05,398.08,397.32,391.84,409.5,384.87,4835539.0,1935951111.0,15:34:59,2026-09-24
sh688201,ST信安世纪,7.71,-0.19,-2.405,7.71,7.73,7.9,7.88,7.98,7.71,2539472.0,19831100.0,15:34:59,2026-09-24
sh688202,美迪西生物医药,107.91,-9.17,-7.832,107.91,107.94,117.08,117.5,118.92,107.8,7063287.0,789491097.0,15:34:59,2026-09-24
sh688203,海正生物材料,23.06,-1.24,-5.103,23.06,23.08,24.3,24.29,26.35,22.7,37827542.0,908837907.0,15:34:59,2026-09-24
sh688205,德科立光电子,210.68,-18.98,-8.264,210.65,210.68,229.66,225.2,227.0,207.0,11089232.0,2390829952.0,15:34:59,2026-09-24
sh688206,概伦电子,36.79,-1.05,-2.775,36.78,36.79,37.84,37.67,37.87,36.69,3302351.0,123130502.0,15:34:59,2026-09-24
sh688207,格灵深瞳,19.72,-1.13,-5.42,19.72,19.73,20.85,20.71,20.84,19.68,10541921.0,211568386.0,15:34:59,2026-09-24
sh688208,道通科技,25.6,-0.38,-1.463,25.59,25.6,25.98,25.84,26.1,25.57,3384299.0,87324464.0,15:00:00,2026-09-24
sh688209,英集芯科技,35.0,-1.63,-4.45,34.99,35.0,36.63,36.6,36.84,34.9,13939339.0,499044724.0,15:34:59,2026-09-24
sh688210,泛海统联精密制造,28.92,-0.79,-2.659,28.92,28.93,29.71,29.5,29.74,28.84,2127467.0,62170156.0,15:00:00,2026-09-24
sh688211,中科微至,33.12,-0.07,-0.211,33.11,33.12,33.19,33.24,33.48,32.73,936711.0,31096619.0,15:00:02,2026-09-24
sh688212,澳华内镜,29.39,0.51,1.766,29.39,29.4,28.88,28.88,30.95,28.58,4102444.0,123167235.0,15:00:00,2026-09-24
sh688213,思特威电子科技,93.41,-2.22,-2.321,93.41,93.42,95.63,95.0,95.8,93.31,3339903.0,313758221.0,15:34:59,2026-09-24
sh688215,瑞晟智能科技,46.09,-1.7,-3.557,46.08,46.09,47.79,47.9,47.95,45.88,1033701.0,48241885.0,15:00:01,2026-09-24
sh688216,气派科技,40.29,-1.21,-2.916,40.29,40.3,41.5,41.5,41.85,40.23,6844996.0,281188854.0,15:34:59,2026-09-24
sh688217,上海睿昂基因,25.65,-0.14,-0.543,25.57,25.65,25.79,25.8,26.4,25.42,1031792.0,26621916.0,15:00:00,2026-09-24
sh688218,江苏北人,38.69,-1.65,-4.09,38.69,38.7,40.34,40.78,40.8,38.54,3352664.0,131835002.0,15:00:00,2026-09-24
sh688219,会通股份,10.37,-0.06,-0.575,10.36,10.37,10.43,10.46,10.54,10.35,3673278.0,38361150.0,15:00:00,2026-09-24
sh688220,翱捷科技,97.36,-2.32,-2.327,97.35,97.36,99.68,98.98,99.95,97.35,5145647.0,505876714.0,15:34:59,2026-09-24
sh688221,前沿生物,16.73,-0.75,-4.291,16.72,16.73,17.48,17.31,17.45,16.69,10553446.0,179108005.0,15:34:59,2026-09-24
sh688222,成都先导,44.19,-1.83,-3.977,44.19,44.2,46.02,45.55,46.3,44.19,23089787.0,1037792188.0,15:34:59,2026-09-24
sh688223,晶科能源,3.75,-0.1,-2.597,3.74,3.75,3.85,3.82,3.84,3.73,56157928.0,212008172.0,15:34:59,2026-09-24
sh688225,亚信安全,14.73,0.05,0.341,14.7,14.73,14.68,14.66,15.09,14.6,8974539.0,133114571.0,15:34:59,2026-09-24
sh688226,威腾电气集团股份,30.64,-1.43,-4.459,30.63,30.64,32.07,31.88,32.25,30.57,8869136.0,276846531.0,15:00:00,2026-09-24
sh688227,品高股份,77.0,-1.96,-2.482,77.0,77.03,78.96,79.95,80.99,77.0,3154519.0,248330703.0,15:00:00,2026-09-24
sh688228,开普云信息科技,84.44,-4.23,-4.77,84.44,84.45,88.67,88.23,88.65,84.28,1710392.0,146866086.0,15:34:59,2026-09-24
sh688229,博睿宏远数据,60.57,-1.6,-2.574,60.51,60.57,62.17,61.9,62.15,60.51,337500.0,20638797.0,15:00:02,2026-09-24
sh688230,芯导科技,61.01,-1.84,-2.928,61.01,61.1,62.85,62.06,62.85,60.93,1056888.0,65111075.0,15:00:00,2026-09-24
sh688231,隆达超合金股份,34.65,-0.96,-2.696,34.65,34.69,35.61,35.26,35.91,34.65,3841762.0,134834722.0,15:34:59,2026-09-24
sh688232,国泰新点软件,17.45,-0.27,-1.524,17.45,17.47,17.72,17.71,17.75,17.44,1274767.0,22409249.0,15:00:01,2026-09-24
sh688233,神工半导体,100.36,-2.72,-2.639,100.35,100.36,103.08,102.8,106.22,100.11,6397891.0,659175306.0,15:00:02,2026-09-24
sh688234,天岳先进,110.35,-3.72,-3.261,110.35,110.4,114.07,113.56,114.14,109.26,8828815.0,980049611.0,15:34:59,2026-09-24
sh688235,百济神州,258.0,-8.49,-3.186,258.0,258.03,266.49,265.28,266.54,257.55,2197643.0,573121147.0,15:34:59,2026-09-24
sh688236,春立正达医疗,14.12,-0.46,-3.155,14.11,14.12,14.58,14.54,14.67,14.09,2115861.0,30265572.0,15:00:00,2026-09-24
sh688237,超卓航科,59.0,-0.33,-0.556,59.0,59.08,59.33,58.99,59.89,58.18,875944.0,51723441.0,15:00:02,2026-09-24
sh688238,和元生物,8.52,-0.16,-1.843,8.52,8.53,8.68,8.65,8.84,8.41,63858350.0,550513559.0,15:34:59,2026-09-24
sh688239,贵州航宇科技,55.45,-1.43,-2.514,55.44,55.45,56.88,57.76,57.82,54.8,4695757.0,261133311.0,15:00:01,2026-09-24
sh688244,永信至诚,16.5,-0.24,-1.434,16.49,16.5,16.74,17.07,17.07,16.33,6433681.0,107292761.0,15:34:59,2026-09-24
sh688246,嘉和美康科技,17.22,-0.52,-2.931,17.22,17.24,17.74,17.39,17.75,17.22,1821823.0,31827577.0,15:00:02,2026-09-24
sh688247,宣泰医药,9.88,-0.37,-3.61,9.88,9.89,10.25,10.18,10.32,9.83,9297134.0,93055736.0,15:00:00,2026-09-24
sh688248,南方电网电力科技,47.47,-2.08,-4.198,47.47,47.5,49.55,48.75,49.77,47.47,3466506.0,167056743.0,15:34:59,2026-09-24
sh688249,晶合集成,34.82,-1.54,-4.235,34.81,34.82,36.36,36.2,36.2,34.8,13842462.0,490112299.0,15:34:59,2026-09-24
sh688251,井松智能科技,18.45,-0.7,-3.655,18.45,18.46,19.15,19.15,19.55,18.28,2778984.0,52756762.0,15:00:02,2026-09-24
sh688252,天德钰科技,21.32,-0.58,-2.648,21.31,21.32,21.9,21.73,21.86,21.22,3670049.0,78763137.0,15:00:00,2026-09-24
sh688253,英诺特生物股份,57.1,-0.69,-1.194,57.0,57.1,57.79,57.21,58.39,57.0,955052.0,55057780.0,15:00:02,2026-09-24
sh688255,凯尔达机器人,26.8,0.01,0.037,26.8,26.85,26.79,26.81,27.35,26.66,2487531.0,67140677.0,15:00:01,2026-09-24
sh688256,寒武纪科技,1091.48,-11.6,-1.052,1091.48,1091.49,1103.08,1098.0,1126.0,1091.0,6529463.0,7211661245.0,15:34:59,2026-09-24
sh688257,新锐股份,58.21,-2.7,-4.433,58.21,58.22,60.91,61.14,61.33,58.21,10023843.0,596162342.0,15:34:59,2026-09-24
sh688258,江苏卓易信息科技,88.14,-3.23,-3.535,88.14,88.17,91.37,90.42,91.65,88.08,2549286.0,227824545.0,15:34:59,2026-09-24
sh688259,创耀通信科技,33.34,0.26,0.786,33.34,33.39,33.08,33.0,33.72,32.72,1455999.0,48486480.0,15:00:00,2026-09-24
sh688260,昀冢科技,108.64,-7.73,-6.643,108.63,108.64,116.37,115.21,117.5,108.5,5092780.0,569625821.0,15:34:59,2026-09-24
sh688261,东微半导体,77.3,-2.52,-3.157,77.3,77.33,79.82,78.07,79.66,77.2,4310956.0,336502533.0,15:00:00,2026-09-24
sh688262,苏州国芯科技,29.24,-1.41,-4.6,29.23,29.24,30.65,30.5,30.77,29.17,11842974.0,352572973.0,15:34:59,2026-09-24
sh688265,南方模式生物,52.13,-1.29,-2.415,52.13,52.16,53.42,53.36,54.47,51.5,3266408.0,172249285.0,15:34:59,2026-09-24
sh688266,泽璟制药,108.95,-7.1,-6.118,108.93,108.95,116.05,116.66,116.68,108.5,3480798.0,385631837.0,15:00:00,2026-09-24
sh688267,XD中触媒股份,22.29,-0.01,-0.045,22.28,22.29,22.3,22.3,22.47,21.9,2426494.0,53780592.0,15:00:01,2026-09-24
sh688268,广东华特气体,132.03,-2.84,-2.106,132.03,132.09,134.87,133.84,135.99,131.95,2548552.0,340724809.0,15:34:59,2026-09-24
sh688269,西安凯立新材,27.69,0.32,1.169,27.68,27.69,27.37,26.91,27.77,26.91,1074913.0,29350459.0,15:34:59,2026-09-24
sh688270,ST臻镭科技,56.91,-0.22,-0.385,56.9,56.91,57.13,57.25,58.0,56.88,3072113.0,176332044.0,15:34:59,2026-09-24
sh688271,联影医疗,102.41,0.21,0.205,102.41,102.55,102.2,102.01,104.2,101.25,4885828.0,502102498.0,15:34:59,2026-09-24
sh688272,富吉瑞光电,29.46,-0.54,-1.8,29.44,29.46,30.0,30.43,30.86,29.27,1086808.0,32480687.0,15:00:02,2026-09-24
sh688273,麦澜德医疗,29.43,-0.64,-2.128,29.43,29.45,30.07,30.06,30.95,29.43,1242592.0,37528201.0,15:00:01,2026-09-24
sh688275,万润新能源,67.64,-1.33,-1.928,67.64,67.66,68.97,69.0,72.49,67.52,4605070.0,320720220.0,15:00:00,2026-09-24
sh688276,长春百克生物科技,17.75,-0.49,-2.686,17.75,17.8,18.24,17.95,18.52,17.75,4219857.0,75848052.0,15:00:01,2026-09-24
sh688277,天智航医疗,15.29,-0.54,-3.411,15.29,15.31,15.83,16.0,16.0,15.25,5017464.0,77778293.0,15:00:00,2026-09-24
sh688278,特宝生物,51.4,-1.7,-3.202,51.4,51.41,53.1,52.8,53.48,51.3,2241639.0,116687774.0,15:00:00,2026-09-24
sh688279,峰岹科技,213.56,-1.86,-0.863,213.5,213.56,215.42,215.18,221.97,213.04,1333076.0,289029052.0,15:00:02,2026-09-24
sh688280,精进电动,4.88,-0.22,-4.314,4.87,4.88,5.1,5.14,5.14,4.85,19299918.0,95739755.0,15:00:00,2026-09-24
sh688281,华秦科技实业,49.91,-1.57,-3.05,49.91,50.07,51.48,51.48,51.89,49.8,2091279.0,105421959.0,15:00:02,2026-09-24
sh688282,理工导航,54.9,1.48,2.77,54.78,54.9,53.42,53.66,55.79,53.09,1064959.0,58218802.0,15:00:01,2026-09-24
sh688283,坤恒顺维,34.08,0.98,2.961,34.0,34.08,33.1,32.8,36.0,31.1,7396740.0,245070042.0,15:34:59,2026-09-24
sh688285,高铁电气,7.62,-0.06,-0.781,7.6,7.62,7.68,7.62,7.71,7.58,1786321.0,13640833.0,15:00:01,2026-09-24
sh688286,敏芯股份,55.8,4.65,9.091,55.8,55.83,51.15,51.0,58.37,50.66,9532074.0,524406139.0,15:34:59,2026-09-24
sh688288,鸿泉技术,19.9,-0.05,-0.251,19.9,19.91,19.95,19.85,20.28,19.62,2026543.0,40464164.0,15:00:00,2026-09-24
sh688289,圣湘生物,16.65,0.08,0.483,16.65,16.66,16.57,16.5,17.04,16.45,5982926.0,99912091.0,15:00:02,2026-09-24
sh688290,景业智能,61.0,-2.04,-3.236,60.9,61.0,63.04,63.0,63.9,60.6,766123.0,47556579.0,15:00:00,2026-09-24
sh688291,金橙子科技,42.3,-0.15,-0.353,42.28,42.3,42.45,42.06,43.97,41.8,2816846.0,121039926.0,15:00:02,2026-09-24
sh688292,浩瀚深度信息技术,21.74,-1.26,-5.478,21.74,21.75,23.0,22.99,23.19,21.66,8218197.0,182405412.0,15:34:59,2026-09-24
sh688293,奥浦迈生物,77.45,-7.55,-8.882,77.45,77.5,85.0,83.05,83.29,77.45,7023162.0,557253696.0,15:34:59,2026-09-24
sh688295,中复神鹰碳纤维,36.41,-0.95,-2.543,36.41,36.42,37.36,37.31,37.9,36.18,5324065.0,195588937.0,15:34:59,2026-09-24
sh688296,和达科技,27.58,-1.07,-3.735,27.58,27.59,28.65,28.86,29.86,27.53,6687271.0,190317057.0,15:00:00,2026-09-24
sh688297,中航无人机,42.15,-0.88,-2.045,42.15,42.19,43.03,42.93,42.93,41.81,6451881.0,272558263.0,15:00:00,2026-09-24
sh688298,东方基因生物,19.18,-0.2,-1.032,19.16,19.18,19.38,19.31,19.65,19.08,1749878.0,33811286.0,15:00:02,2026-09-24
sh688299,长阳科技,13.37,-0.38,-2.764,13.37,13.38,13.75,13.7,13.78,13.33,3627274.0,48991477.0,15:00:00,2026-09-24
sh688300,联瑞新材,167.8,-15.3,-8.356,167.77,167.8,183.1,178.9,179.9,166.58,10551074.0,1815122757.0,15:34:59,2026-09-24
sh688301,奕瑞科技股份,89.1,-6.85,-7.139,89.1,89.11,95.95,95.0,95.6,88.0,7511504.0,684772974.0,15:34:59,2026-09-24
sh688302,海创药业,32.89,-0.76,-2.259,32.76,32.89,33.65,33.61,33.96,32.21,1506167.0,49435123.0,15:34:59,2026-09-24
sh688303,大全能源,15.83,-0.42,-2.585,15.83,15.84,16.25,16.21,16.27,15.82,6730662.0,107533438.0,15:34:59,2026-09-24
sh688305,科德数控,56.3,-1.39,-2.409,56.3,56.33,57.69,57.68,57.78,56.3,1282138.0,72990684.0,15:00:00,2026-09-24
sh688306,均普智能制造,10.15,0.24,2.422,10.15,10.16,9.91,9.81,10.24,9.81,19664323.0,198692016.0,15:34:59,2026-09-24
sh688307,中润光学,47.21,-1.49,-3.06,47.21,47.22,48.7,48.91,49.0,47.2,2123322.0,101948435.0,15:00:02,2026-09-24
sh688308,欧科亿数控刀具,85.35,-3.42,-3.853,85.35,85.36,88.77,88.0,88.69,85.33,4552643.0,394917439.0,15:34:59,2026-09-24
sh688309,恒誉科技,77.2,-0.01,-0.013,77.19,77.2,77.21,77.21,78.77,76.3,987880.0,76462086.0,15:00:02,2026-09-24
sh688310,迈得医疗,15.75,-0.27,-1.685,15.75,15.76,16.02,15.9,16.17,15.7,2566832.0,40901980.0,15:34:59,2026-09-24
sh688311,盟升电子,24.55,-0.47,-1.878,24.55,24.56,25.02,24.9,25.2,24.53,3059669.0,76097588.0,15:00:00,2026-09-24
sh688312,燕麦科技,57.79,-2.81,-4.637,57.77,57.79,60.6,60.0,61.99,57.7,11853282.0,697824029.0,15:34:59,2026-09-24
sh688313,仕佳光子,157.3,-6.38,-3.898,157.3,157.33,163.68,163.14,165.03,157.1,13070552.0,2097593819.0,15:34:59,2026-09-24
sh688314,康拓医疗,30.76,-1.04,-3.27,30.76,30.77,31.8,31.71,32.14,30.5,1885914.0,58752891.0,15:00:00,2026-09-24
sh688315,诺禾致源科技,20.4,1.01,5.209,20.4,20.41,19.39,19.23,21.49,18.7,35993118.0,720342857.0,15:34:59,2026-09-24
sh688316,青云科技,45.92,-0.47,-1.013,45.9,45.92,46.39,45.97,46.96,45.62,1419054.0,65753761.0,15:34:59,2026-09-24
sh688317,上海之江生物,18.75,-0.64,-3.301,18.75,18.78,19.39,19.55,19.55,18.68,5750330.0,109343239.0,15:00:02,2026-09-24
sh688318,财富趋势,78.0,-3.68,-4.505,77.99,78.0,81.68,80.95,81.26,77.88,5309219.0,420411019.0,15:34:59,2026-09-24
sh688319,欧林生物,31.52,-2.4,-7.075,31.52,31.53,33.92,33.6,33.69,31.47,10644491.0,344717090.0,15:34:59,2026-09-24
sh688320,禾川科技,37.38,0.19,0.511,37.38,37.39,37.19,36.89,37.94,36.89,4239743.0,159018761.0,15:34:59,2026-09-24
sh688321,微芯生物,25.35,-0.83,-3.17,25.33,25.35,26.18,26.1,26.37,25.18,8665653.0,221487283.0,15:34:59,2026-09-24
sh688322,奥比中光,89.51,-1.7,-1.864,89.51,89.52,91.21,91.4,92.58,89.44,5148659.0,467413946.0,15:34:59,2026-09-24
sh688323,瑞华泰薄膜科技,26.61,-0.69,-2.527,26.61,26.62,27.3,27.23,27.85,26.6,10140481.0,274841910.0,15:34:59,2026-09-24
sh688325,赛微微电子,108.83,0.98,0.909,108.83,108.85,107.85,107.54,112.69,106.99,816871.0,89355212.0,15:00:00,2026-09-24
sh688326,经纬恒润,57.98,-0.76,-1.294,57.98,57.99,58.74,58.72,59.37,57.81,712381.0,41635453.0,15:00:02,2026-09-24
sh688327,云从科技,9.89,-0.18,-1.787,9.88,9.89,10.07,10.01,10.12,9.88,10036603.0,99976956.0,15:34:59,2026-09-24
sh688328,深科达智能装备,80.3,-4.37,-5.161,80.2,80.3,84.67,83.97,83.97,79.58,5625807.0,456047697.0,15:34:59,2026-09-24
sh688329,苏州艾隆科技,23.32,0.07,0.301,23.32,23.37,23.25,22.92,24.0,22.92,1608584.0,37844262.0,15:00:01,2026-09-24
sh688330,宏力达信息,37.88,-0.22,-0.577,37.86,37.88,38.1,37.72,38.45,37.6,1507863.0,57173054.0,15:34:59,2026-09-24
sh688331,荣昌生物,116.28,-8.47,-6.79,116.28,116.29,124.75,123.3,125.08,116.12,7147268.0,848150711.0,15:34:59,2026-09-24
sh688332,中科蓝讯,93.84,-3.86,-3.951,93.84,93.85,97.7,96.98,97.98,93.82,2895599.0,276584094.0,15:00:02,2026-09-24
sh688333,西安铂力特,108.27,-5.34,-4.7,108.27,108.3,113.61,115.7,115.7,108.16,8005645.0,886227444.0,15:34:59,2026-09-24
sh688334,西高院,17.95,-0.16,-0.883,17.95,17.98,18.11,18.11,18.2,17.95,931389.0,16813592.0,15:00:02,2026-09-24
sh688335,复洁科技,17.6,-0.31,-1.731,17.6,17.62,17.91,17.9,18.2,17.6,1667049.0,29733188.0,15:00:02,2026-09-24
sh688336,三生国健,39.21,-2.15,-5.198,39.2,39.21,41.36,41.02,41.8,39.18,7052859.0,281534598.0,15:34:59,2026-09-24
sh688337,普源精电,58.61,1.43,2.501,58.61,58.64,57.18,58.0,62.95,54.66,22977986.0,1335402616.0,15:34:59,2026-09-24
sh688338,赛科希德,31.8,-0.71,-2.184,31.79,31.8,32.51,32.65,32.87,31.8,1640872.0,52836320.0,15:00:00,2026-09-24
sh688339,亿华通科技,18.1,-0.12,-0.659,18.1,18.11,18.22,18.1,18.76,17.96,6154688.0,112373914.0,15:00:00,2026-09-24
sh688343,云天励飞股份,63.85,-1.63,-2.489,63.85,63.86,65.48,65.3,65.65,63.59,7758720.0,498976693.0,15:00:02,2026-09-24
sh688345,博力威,48.11,-1.09,-2.215,47.98,48.11,49.2,49.2,49.44,47.86,670021.0,32503938.0,15:00:00,2026-09-24
sh688347,华虹宏力半导体,224.1,-5.42,-2.361,224.09,224.1,229.52,228.52,231.14,224.1,9364290.0,2119663601.0,15:34:59,2026-09-24
sh688348,昱能科技,30.5,-0.4,-1.294,30.5,30.52,30.9,31.01,31.04,30.43,1030232.0,31682231.0,15:00:02,2026-09-24
sh688349,三一重能,12.94,-0.26,-1.97,12.93,12.94,13.2,13.12,13.32,12.9,7623499.0,100066551.0,15:34:59,2026-09-24
sh688350,富淼科技,29.39,-0.06,-0.204,29.39,29.41,29.45,29.29,30.2,28.8,2707481.0,80446977.0,15:00:01,2026-09-24
sh688351,微创电生理股份,17.5,-0.43,-2.398,17.5,17.52,17.93,17.91,18.0,17.45,2215564.0,39090409.0,15:00:00,2026-09-24
sh688352,颀中科技,19.09,-0.72,-3.635,19.08,19.09,19.81,19.65,19.85,19.04,18811070.0,363407897.0,15:34:59,2026-09-24
sh688353,华盛锂电,79.86,-2.24,-2.728,79.86,79.87,82.1,82.07,82.52,79.8,2192669.0,177206140.0,15:34:59,2026-09-24
sh688355,明志科技,16.97,-0.15,-0.876,16.97,17.0,17.12,17.12,17.25,16.93,910002.0,15544962.0,15:00:00,2026-09-24
sh688356,键凯科技,94.79,-7.55,-7.377,94.78,94.79,102.34,100.01,100.47,94.55,6889545.0,668010368.0,15:34:59,2026-09-24
sh688357,建龙微纳,26.93,-0.01,-0.037,26.8,26.93,26.94,27.0,27.29,26.65,717600.0,19326485.0,15:00:02,2026-09-24
sh688358,祥生医疗科技,29.0,-0.35,-1.193,29.0,29.12,29.35,29.5,29.5,29.0,597153.0,17416614.0,15:00:00,2026-09-24
sh688359,三孚新材料科技,111.09,-4.2,-3.643,111.09,111.1,115.29,114.78,115.49,110.83,3238541.0,364939763.0,15:34:59,2026-09-24
sh688360,德马科技,16.4,0.04,0.244,16.4,16.43,16.36,16.36,16.61,16.18,4721836.0,77660923.0,15:00:00,2026-09-24
sh688361,中科飞测,370.3,-11.02,-2.89,370.3,370.35,381.32,380.34,383.55,369.08,5870041.0,2205829032.0,15:34:59,2026-09-24
sh688362,甬矽电子,60.85,-2.02,-3.213,60.84,60.85,62.87,62.43,63.0,60.85,10122976.0,623741593.0,15:34:59,2026-09-24
sh688363,华熙生物,34.7,-0.35,-0.999,34.7,34.72,35.05,35.05,35.52,34.61,2398986.0,83900037.0,15:00:00,2026-09-24
sh688365,光云科技,16.07,-0.43,-2.606,16.07,16.08,16.5,16.2,16.71,16.04,20727943.0,337914097.0,15:34:59,2026-09-24
sh688366,昊海生物科技,29.91,-0.49,-1.612,29.91,29.94,30.4,30.24,30.49,29.71,406288.0,12236156.0,15:00:02,2026-09-24
sh688367,工大高科,30.9,0.07,0.227,30.89,30.9,30.83,30.68,30.97,29.88,1595270.0,48557945.0,15:00:00,2026-09-24
sh688368,晶丰明源半导体,140.21,-6.76,-4.6,140.21,140.22,146.97,146.72,146.82,140.2,4458347.0,636318892.0,15:00:01,2026-09-24
sh688369,致远互联,19.57,-0.39,-1.954,19.55,19.57,19.96,19.7,20.0,19.45,2759256.0,54227770.0,15:00:00,2026-09-24
sh688370,丛麟环保科技,28.42,0.02,0.07,28.41,28.42,28.4,28.19,28.59,27.88,1048886.0,29682533.0,15:34:59,2026-09-24
sh688371,菲沃泰纳米科技,24.84,-0.63,-2.473,24.82,24.84,25.47,25.25,25.88,24.78,4616075.0,116560275.0,15:34:59,2026-09-24
sh688372,伟测科技,112.78,-4.02,-3.442,112.75,112.78,116.8,115.72,117.5,112.5,5049489.0,579046057.0,15:34:59,2026-09-24
sh688373,盟科药业,5.86,-0.16,-2.658,5.86,5.87,6.02,6.01,6.14,5.85,18453031.0,110143853.0,15:34:59,2026-09-24
sh688375,国博电子,68.88,-1.2,-1.712,68.88,68.92,70.08,69.96,70.85,68.84,2114975.0,147388023.0,15:00:02,2026-09-24
sh688376,美埃科技,63.06,-2.08,-3.193,63.06,63.07,65.14,64.49,65.09,63.02,741866.0,47340869.0,15:00:00,2026-09-24
sh688377,迪威尔高端制造,16.97,-0.3,-1.737,16.97,17.06,17.27,17.34,17.5,16.94,3345586.0,57634734.0,15:00:01,2026-09-24
sh688378,奥来德光电,50.72,-1.77,-3.372,50.72,50.74,52.49,52.18,52.87,50.51,10807897.0,554722259.0,15:34:59,2026-09-24
sh688379,华光新材,61.27,-2.9,-4.519,61.27,61.31,64.17,63.9,64.36,61.25,6020318.0,375740329.0,15:00:00,2026-09-24
sh688380,中微半导,42.28,-1.23,-2.827,42.28,42.29,43.51,43.0,43.3,42.28,6403395.0,273267064.0,15:34:59,2026-09-24
sh688381,帝奥微电子,45.1,-2.18,-4.611,45.1,45.23,47.28,47.04,47.08,44.8,10479235.0,481231243.0,15:34:59,2026-09-24
sh688382,益方生物科技,18.75,-1.16,-5.826,18.75,18.76,19.91,19.8,20.02,18.62,10675917.0,203349654.0,15:00:02,2026-09-24
sh688383,新益昌科技,143.01,1.4,0.989,143.01,143.02,141.61,142.05,146.97,137.48,3275966.0,467402436.0,15:34:59,2026-09-24
sh688385,复旦微电,59.78,-1.09,-1.791,59.76,59.78,60.87,60.5,62.36,59.76,13057218.0,793912741.0,15:34:59,2026-09-24
sh688386,泛亚微透,49.11,-2.62,-5.065,49.11,49.12,51.73,51.29,51.77,48.75,3605404.0,179328632.0,15:00:01,2026-09-24
sh688387,中信科移动,12.31,-0.12,-0.965,12.31,12.32,12.43,12.4,12.72,12.3,26907784.0,336303151.0,15:34:59,2026-09-24
sh688388,嘉元科技,30.0,-1.26,-4.031,29.99,30.0,31.26,30.97,31.26,29.71,38954237.0,1179083576.0,15:34:59,2026-09-24
sh688389,深圳普门科技,11.12,-0.07,-0.626,11.12,11.14,11.19,11.17,11.26,11.12,1631961.0,18249481.0,15:00:00,2026-09-24
sh688390,固德威电源,56.8,-2.07,-3.516,56.8,56.81,58.87,58.84,59.05,56.8,4757056.0,273671026.0,15:34:59,2026-09-24
sh688391,钜泉科技,27.02,-0.32,-1.17,27.02,27.04,27.34,27.03,27.5,26.74,1123414.0,30378137.0,15:34:59,2026-09-24
sh688392,XD骄成超声波,167.0,-10.35,-5.836,167.0,167.1,177.35,176.0,176.57,166.8,3462475.0,590151369.0,15:00:02,2026-09-24
sh688393,安必平医药,22.21,-0.32,-1.42,22.21,22.25,22.53,22.35,22.86,22.04,3065174.0,68591630.0,15:34:59,2026-09-24
sh688395,深圳正弦电气股份,26.35,-0.41,-1.532,26.34,26.35,26.76,26.76,27.46,26.3,2339363.0,62702270.0,15:00:01,2026-09-24
sh688396,华润微电子,59.17,-2.04,-3.333,59.16,59.17,61.21,60.8,61.1,59.17,11495757.0,688304292.0,15:34:59,2026-09-24
sh688398,赛特新材,23.57,0.11,0.469,23.5,23.57,23.46,23.55,24.09,22.91,1942253.0,45830240.0,15:00:01,2026-09-24
sh688399,硕世生物,27.63,-0.26,-0.932,27.62,27.63,27.89,27.8,28.64,27.54,1901242.0,53094470.0,15:00:00,2026-09-24
sh688400,凌云光技术,46.15,-1.29,-2.719,46.13,46.15,47.44,47.1,47.67,46.13,5991909.0,279942793.0,15:00:01,2026-09-24
sh688401,路维光电,70.76,-2.41,-3.294,70.76,70.77,73.17,72.8,73.52,70.61,4113712.0,294464676.0,15:34:59,2026-09-24
sh688403,汇成股份,24.8,-0.99,-3.839,24.8,24.81,25.79,25.5,26.08,24.71,35041320.0,887776480.0,15:34:59,2026-09-24
sh688408,中信博新能源,22.7,-0.47,-2.028,22.7,22.71,23.17,23.15,23.28,22.67,2070524.0,47389890.0,15:00:00,2026-09-24
sh688409,富创精密,186.02,-6.58,-3.416,186.0,186.02,192.6,190.0,193.0,186.0,3813525.0,720405802.0,15:34:59,2026-09-24
sh688410,山外山血液净化,9.77,-0.17,-1.71,9.77,9.78,9.94,9.94,10.04,9.77,5929903.0,58550313.0,15:00:01,2026-09-24
sh688411,海博思创,161.01,-4.47,-2.701,161.01,161.02,165.48,164.08,166.66,161.0,1826885.0,298524648.0,15:34:59,2026-09-24
sh688416,恒烁股份,79.71,-3.61,-4.333,79.71,79.76,83.32,82.36,82.96,79.7,4806959.0,388451138.0,15:34:59,2026-09-24
sh688418,震有科技,32.0,-0.26,-0.806,32.0,32.02,32.26,32.53,33.18,31.74,2520857.0,81313196.0,15:34:59,2026-09-24
sh688419,耐科装备,52.08,-1.47,-2.745,52.08,52.09,53.55,53.39,53.84,52.05,1855170.0,97880105.0,15:34:59,2026-09-24
sh688420,天津美腾科技,22.81,-0.5,-2.145,22.73,22.81,23.31,23.23,23.29,22.68,620861.0,14262980.0,15:00:02,2026-09-24
sh688425,铁建重工,3.92,-0.04,-1.01,3.92,3.93,3.96,3.95,3.97,3.92,9764228.0,38426413.0,15:00:00,2026-09-24
sh688426,康为世纪生物科技,21.96,-1.83,-7.692,21.96,22.04,23.79,23.5,23.72,21.55,4215925.0,95281394.0,15:00:01,2026-09-24
sh688428,诺诚健华,29.86,-3.54,-10.599,29.85,29.86,33.4,33.14,35.0,29.8,30318340.0,950806138.0,15:34:59,2026-09-24
sh688429,时创能源,10.09,0.1,1.001,10.09,10.11,9.99,10.03,10.2,9.85,1212703.0,12247779.0,15:00:01,2026-09-24
sh688432,有研硅,55.13,0.13,0.236,55.12,55.13,55.0,54.0,58.93,53.55,70474979.0,3965109674.0,15:34:59,2026-09-24
sh688433,华曙高科,86.5,-3.97,-4.388,86.5,86.51,90.47,89.9,91.0,86.5,3447397.0,303774621.0,15:34:59,2026-09-24
sh688435,英方软件,30.11,-0.69,-2.24,30.11,30.12,30.8,30.79,30.79,30.04,1612275.0,48968162.0,15:00:02,2026-09-24
sh688439,振华风光,38.16,-0.33,-0.857,38.16,38.17,38.49,38.79,39.48,37.85,2498133.0,96340904.0,15:34:59,2026-09-24
sh688443,智翔金泰,24.61,-0.88,-3.452,24.6,24.61,25.49,25.36,25.64,24.57,4410041.0,110478189.0,15:00:00,2026-09-24
sh688448,南京磁谷科技,65.69,-2.71,-3.962,65.61,65.69,68.4,68.1,68.25,65.47,1562109.0,103926693.0,15:00:01,2026-09-24
sh688449,联芸科技,61.61,-2.75,-4.273,61.6,61.61,64.36,64.7,64.77,61.57,4262835.0,266564730.0,15:00:01,2026-09-24
sh688450,光格科技,33.07,-0.81,-2.391,33.03,33.07,33.88,33.88,34.25,32.75,1216070.0,40575833.0,15:00:01,2026-09-24
sh688455,科捷智能,17.7,-0.3,-1.667,17.7,17.75,18.0,18.04,18.21,17.66,1654467.0,29521248.0,15:00:00,2026-09-24
sh688456,有研粉材,75.12,-3.28,-4.184,75.12,75.16,78.4,77.29,78.35,75.02,5145216.0,393289429.0,15:34:59,2026-09-24
sh688458,美芯晟科技,39.16,-0.67,-1.682,39.16,39.17,39.83,39.6,39.88,39.11,1479249.0,58401058.0,15:00:02,2026-09-24
sh688459,哈铁科技,8.23,0.03,0.366,8.23,8.25,8.2,8.29,8.29,8.19,939874.0,7748451.0,15:00:02,2026-09-24
sh688466,金科环境,14.05,-0.07,-0.496,14.05,14.07,14.12,14.05,14.25,13.93,958482.0,13544630.0,15:00:00,2026-09-24
sh688468,科美诊断,6.53,-0.06,-0.91,6.53,6.56,6.59,6.59,6.63,6.5,2577835.0,16951661.0,15:00:01,2026-09-24
sh688469,芯联集成,8.59,-0.24,-2.718,8.59,8.6,8.83,8.82,8.87,8.56,70974575.0,619250036.0,15:34:59,2026-09-24
sh688472,阿特斯阳光电力,8.32,-0.21,-2.462,8.32,8.33,8.53,8.52,8.55,8.3,21279598.0,178554054.0,15:34:59,2026-09-24
sh688475,萤石网络,27.99,-0.19,-0.674,27.99,28.0,28.18,28.09,28.34,27.95,2628727.0,74020844.0,15:00:00,2026-09-24
sh688478,晶升股份,50.64,-2.54,-4.776,50.64,50.66,53.18,52.25,54.5,50.5,7716556.0,400690941.0,15:34:59,2026-09-24
sh688479,用友汽车信息科技,37.22,-0.52,-1.378,37.22,37.25,37.74,37.6,38.15,36.5,2269018.0,84933318.0,15:34:59,2026-09-24
sh688480,赛恩斯环保,70.0,-0.6,-0.85,70.0,70.02,70.6,70.6,70.8,69.36,706344.0,49442335.0,15:00:02,2026-09-24
sh688484,南芯科技,33.67,-1.03,-2.968,33.66,33.67,34.7,34.56,34.64,33.59,5594854.0,190207635.0,15:00:01,2026-09-24
sh688485,九州一轨环科,119.94,-8.08,-6.312,119.94,120.0,128.02,127.99,127.99,119.22,7820551.0,962199509.0,15:34:59,2026-09-24
sh688486,龙迅股份,49.0,-1.0,-2.0,48.98,49.0,50.0,50.01,50.3,48.78,3981748.0,196622026.0,15:00:01,2026-09-24
sh688488,艾迪药业,15.95,-0.75,-4.491,15.95,15.96,16.7,16.77,16.77,15.9,5715473.0,92880944.0,15:00:01,2026-09-24
sh688489,三未信安,27.12,-1.8,-6.224,27.12,27.13,28.92,28.93,28.94,27.06,3482473.0,96711263.0,15:00:00,2026-09-24
sh688496,*ST清越科技,0.58,0.0,0.0,0.0,0.0,0.58,0.0,0.0,0.0,0.0,0.0,15:35:58,2026-09-24
sh688498,源杰科技,1700.03,-33.95,-1.958,1700.03,1700.35,1733.98,1735.0,1759.98,1695.0,2140841.0,3679540353.0,15:34:59,2026-09-24
sh688499,广东利元亨,37.75,-0.68,-1.769,37.74,37.75,38.43,38.11,39.22,37.73,6258957.0,239705658.0,15:34:59,2026-09-24
sh688500,慧辰资讯股份公司,30.7,-0.48,-1.539,30.7,30.71,31.18,31.3,31.53,30.6,1712982.0,53135393.0,15:00:01,2026-09-24
sh688501,青岛达能环保,15.4,-0.53,-3.327,15.4,15.41,15.93,15.79,15.95,15.3,3484210.0,54385547.0,15:00:02,2026-09-24
sh688502,茂莱光学,444.6,4.37,0.993,444.6,444.8,440.23,437.57,455.0,435.5,1820459.0,811275911.0,15:34:59,2026-09-24
sh688503,聚和材料股份公司,76.01,-4.59,-5.695,76.01,76.03,80.6,79.83,80.1,75.92,13313231.0,1036130577.0,15:34:59,2026-09-24
sh688505,复旦张江股份,8.36,-0.2,-2.336,8.36,8.37,8.56,8.56,8.66,8.34,11961125.0,100948814.0,15:00:00,2026-09-24
sh688506,百利天恒药业,239.3,-8.98,-3.617,239.3,239.6,248.28,248.7,248.7,236.09,1589372.0,381618244.0,15:34:59,2026-09-24
sh688507,索辰科技,141.09,-2.99,-2.075,141.09,141.1,144.08,143.5,146.52,141.09,1892226.0,271272729.0,15:34:59,2026-09-24
sh688508,芯朋微电子,84.29,-5.38,-6.0,84.29,84.3,89.67,88.78,89.38,84.21,4701970.0,405188767.0,15:34:59,2026-09-24
sh688509,正元地信,4.15,-0.02,-0.48,4.14,4.15,4.17,4.18,4.2,4.14,2484896.0,10340954.0,15:00:01,2026-09-24
sh688510,航亚科技,23.98,-0.99,-3.965,23.97,23.98,24.97,25.08,25.09,23.76,5863855.0,141624005.0,15:00:02,2026-09-24
sh688511,天微电子,23.06,0.16,0.699,23.06,23.07,22.9,22.68,23.66,22.68,1512801.0,35111509.0,15:00:01,2026-09-24
sh688512,慧智微电子,17.58,0.26,1.501,17.58,17.59,17.32,17.0,18.3,16.7,68692671.0,1214077092.0,15:34:59,2026-09-24
sh688513,苑东生物,50.0,-2.0,-3.846,50.0,50.02,52.0,51.8,51.98,49.25,2061906.0,103897547.0,15:00:00,2026-09-24
sh688515,裕太微电子,152.5,-5.5,-3.481,152.5,152.55,158.0,157.5,158.0,151.62,2723823.0,420769533.0,15:34:59,2026-09-24
sh688516,奥特维科技,43.91,-1.69,-3.706,43.91,43.92,45.6,45.49,45.68,43.87,5663395.0,252245512.0,15:00:00,2026-09-24
sh688517,金冠电气,16.68,0.39,2.394,16.67,16.68,16.29,16.26,17.21,16.19,3147604.0,52880042.0,15:00:02,2026-09-24
sh688518,联赢激光股份,21.08,-0.43,-1.999,21.07,21.08,21.51,21.38,21.62,21.03,7735321.0,164326311.0,15:34:59,2026-09-24
sh688519,南亚新材料,295.08,-14.42,-4.659,295.0,295.08,309.5,306.34,311.96,294.4,4821220.0,1445900419.0,15:34:59,2026-09-24
sh688520,神州细胞集团公司,35.75,-1.47,-3.949,35.75,35.76,37.22,37.27,37.5,35.73,3818325.0,138642426.0,15:00:01,2026-09-24
sh688521,芯原微电子,207.45,-2.75,-1.308,207.44,207.45,210.2,211.46,218.55,205.7,18685820.0,3947389518.0,15:34:59,2026-09-24
sh688522,纳睿雷达科技,18.4,-0.2,-1.075,18.4,18.43,18.6,18.47,18.94,18.4,3146089.0,58542158.0,15:34:59,2026-09-24
sh688523,航天环宇科技,39.52,-0.22,-0.554,39.5,39.52,39.74,39.75,40.39,39.01,3037242.0,120298790.0,15:34:59,2026-09-24
sh688525,佰维存储,211.01,-11.68,-5.245,211.01,211.02,222.69,218.6,219.4,211.0,19653639.0,4192122477.0,15:34:59,2026-09-24
sh688526,武汉科前生物,12.18,-0.18,-1.456,12.17,12.18,12.36,12.39,12.4,12.16,807245.0,9893513.0,15:00:02,2026-09-24
sh688528,秦川物联网,10.31,0.07,0.684,10.31,10.34,10.24,10.24,10.4,10.14,1536746.0,15849717.0,15:00:01,2026-09-24
sh688529,豪森智能股份,15.6,0.21,1.365,15.6,15.62,15.39,15.24,15.91,15.09,2079983.0,32454714.0,15:34:59,2026-09-24
sh688530,欧莱新材,61.71,-2.27,-3.548,61.7,61.71,63.98,63.18,66.18,61.68,6678149.0,420724890.0,15:34:59,2026-09-24
sh688531,日联科技股份,138.5,-9.66,-6.52,138.48,138.5,148.16,147.86,147.86,138.11,3510650.0,497557790.0,15:34:59,2026-09-24
sh688533,上声电子股份,20.1,-0.55,-2.663,20.1,20.17,20.65,20.6,20.66,20.08,1154877.0,23468304.0,15:00:00,2026-09-24
sh688535,华海诚科新材料,108.84,-7.16,-6.172,108.81,108.84,116.0,114.36,115.0,108.65,8253460.0,916071198.0,15:34:59,2026-09-24
sh688536,思瑞浦股份,346.81,-11.16,-3.118,346.81,346.97,357.97,353.68,361.93,345.0,2762948.0,965395539.0,15:34:59,2026-09-24
sh688538,和辉光电,2.05,-0.02,-0.966,2.05,2.06,2.07,2.07,2.08,2.05,41385664.0,85304181.0,15:00:02,2026-09-24
sh688539,高华科技,24.85,-0.3,-1.193,24.85,24.88,25.15,25.17,25.54,24.8,1764748.0,44339889.0,15:00:01,2026-09-24
sh688543,国科军工,43.73,0.51,1.18,43.73,43.74,43.22,43.2,44.51,42.96,7612974.0,333262723.0,15:34:59,2026-09-24
sh688545,兴福电子,76.68,-2.51,-3.17,76.68,76.69,79.19,78.25,79.58,76.68,5133404.0,398388903.0,15:34:59,2026-09-24
sh688548,广钢气体股份,33.32,-0.22,-0.656,33.32,33.33,33.54,33.18,34.54,33.0,21661919.0,733317189.0,15:34:59,2026-09-24
sh688549,中巨芯科技,23.27,-0.51,-2.145,23.26,23.27,23.78,23.5,24.39,23.18,34298828.0,810627130.0,15:34:59,2026-09-24
sh688550,瑞联新材料,38.06,-0.86,-2.21,38.02,38.06,38.92,38.83,39.05,37.93,2022186.0,77625710.0,15:34:59,2026-09-24
sh688551,科威尔股份,43.3,0.05,0.116,43.3,43.31,43.25,43.25,45.77,42.09,6673771.0,293365968.0,15:34:59,2026-09-24
sh688552,航天南湖,29.86,-0.84,-2.736,29.81,29.86,30.7,30.71,30.76,29.8,1971169.0,59553368.0,15:00:02,2026-09-24
sh688553,汇宇制药,12.26,-0.47,-3.692,12.26,12.28,12.73,12.68,12.75,12.21,11124298.0,137996426.0,15:34:59,2026-09-24
sh688556,高测科技股份,7.85,-0.09,-1.134,7.84,7.85,7.94,7.94,8.02,7.82,11700975.0,92546007.0,15:34:59,2026-09-24
sh688557,兰剑智能,21.28,-0.14,-0.654,21.28,21.31,21.42,21.6,21.67,21.23,1144952.0,24529736.0,15:00:01,2026-09-24
sh688558,国盛智科股份,34.08,-0.11,-0.322,34.08,34.09,34.19,34.0,34.54,33.8,1344867.0,45912259.0,15:00:01,2026-09-24
sh688559,海目星激光,58.33,-0.86,-1.453,58.33,58.36,59.19,58.8,61.93,58.25,13155757.0,786777961.0,15:34:59,2026-09-24
sh688560,明冠新材料,12.8,-0.08,-0.621,12.79,12.8,12.88,12.8,13.01,12.67,2794961.0,35977459.0,15:00:01,2026-09-24
sh688561,奇安信集团,28.61,-0.75,-2.554,28.61,28.62,29.36,29.72,29.75,28.6,7133340.0,206870730.0,15:00:00,2026-09-24
sh688562,航天软件股份,14.43,-0.03,-0.207,14.43,14.44,14.46,14.5,14.62,14.36,2031604.0,29409324.0,15:00:00,2026-09-24
sh688563,航空材料股份,52.79,-1.42,-2.619,52.78,52.79,54.21,54.21,54.35,52.3,2625930.0,139492404.0,15:34:59,2026-09-24
sh688565,力源科技,11.46,-0.08,-0.693,11.46,11.48,11.54,11.6,11.66,11.42,1936595.0,22380393.0,15:00:02,2026-09-24
sh688566,吉贝尔药业,27.72,-0.25,-0.894,27.72,27.73,27.97,27.7,28.24,27.47,3192562.0,88608926.0,15:00:01,2026-09-24
sh688567,孚能科技,8.88,-0.14,-1.552,8.88,8.89,9.02,9.03,9.05,8.88,5286777.0,47344109.0,15:34:59,2026-09-24
sh688568,中科星图公司,30.3,-0.5,-1.623,30.3,30.31,30.8,30.76,31.13,30.27,6798959.0,207955811.0,15:00:00,2026-09-24
sh688569,铁科轨道,18.75,0.34,1.847,18.75,18.78,18.41,18.59,18.95,18.4,1104551.0,20650628.0,15:00:01,2026-09-24
sh688570,天玛智控,14.74,0.0,0.0,14.74,14.79,14.74,14.74,14.87,14.6,579758.0,8568926.0,15:00:00,2026-09-24
sh688571,杭华油墨股份,8.49,-0.36,-4.068,8.49,8.5,8.85,8.59,8.73,8.42,8622613.0,73863759.0,15:00:00,2026-09-24
sh688573,信宇人,15.9,-1.25,-7.289,15.89,15.9,17.15,17.39,17.39,15.84,7211797.0,117606077.0,15:00:01,2026-09-24
sh688575,亚辉龙生物,10.28,-0.21,-2.002,10.27,10.28,10.49,10.44,10.62,10.26,9142476.0,95224872.0,15:00:02,2026-09-24
sh688576,西山科技,40.36,-0.79,-1.92,40.36,40.4,41.15,41.21,41.5,40.29,383446.0,15607765.0,15:00:01,2026-09-24
sh688577,海德曼装备,41.37,-0.56,-1.336,41.36,41.37,41.93,41.93,42.16,41.15,666056.0,27692170.0,15:00:01,2026-09-24
sh688578,艾力斯医药科技,104.22,-8.2,-7.294,104.21,104.22,112.42,111.7,112.36,104.08,9650169.0,1026452611.0,15:34:59,2026-09-24
sh688579,地纬智能,7.92,-0.02,-0.252,7.91,7.92,7.94,7.97,8.0,7.87,2301450.0,18256149.0,15:00:01,2026-09-24
sh688580,伟思医疗,43.07,-1.04,-2.358,43.07,43.08,44.11,44.25,44.63,43.0,1018724.0,44541882.0,15:00:00,2026-09-24
sh688581,安杰思医学,57.77,1.46,2.593,57.76,57.77,56.31,56.69,60.0,56.69,1915113.0,111947423.0,15:00:00,2026-09-24
sh688582,芯动联科,38.78,-0.77,-1.947,38.78,38.79,39.55,39.35,39.67,38.75,2699051.0,105758974.0,15:34:59,2026-09-24
sh688583,杭州思看科技,84.38,-4.84,-5.425,84.38,84.5,89.22,89.99,90.8,83.99,3324937.0,290614649.0,15:00:02,2026-09-24
sh688584,上海合晶硅材料,29.05,-0.15,-0.514,29.05,29.06,29.2,29.88,30.26,28.94,13945089.0,412550408.0,15:34:59,2026-09-24
sh688585,上纬新材,136.2,-2.46,-1.774,136.2,136.21,138.66,139.2,140.2,135.8,2033202.0,280267647.0,15:34:59,2026-09-24
sh688586,江航飞机装备,11.09,-0.17,-1.51,11.08,11.09,11.26,11.27,11.33,11.02,3549066.0,39611162.0,15:00:00,2026-09-24
sh688588,凌志软件,9.0,-0.14,-1.532,8.98,9.0,9.14,9.19,9.19,8.97,2110355.0,19096374.0,15:00:01,2026-09-24
sh688589,力合微电子,20.79,-0.56,-2.623,20.77,20.79,21.35,21.1,21.4,20.75,2816620.0,59017429.0,15:00:00,2026-09-24
sh688590,新致软件,12.19,-0.29,-2.324,12.19,12.2,12.48,12.38,12.54,12.17,4709362.0,57934498.0,15:34:59,2026-09-24
sh688591,泰凌微,32.45,-0.71,-2.141,32.45,32.47,33.16,32.96,33.45,32.36,6947325.0,227571400.0,15:34:59,2026-09-24
sh688592,司南导航,23.52,0.11,0.47,23.45,23.52,23.41,23.52,23.86,23.16,758778.0,17804425.0,15:00:02,2026-09-24
sh688593,新相微,31.01,-1.86,-5.659,31.01,31.03,32.87,32.81,33.03,31.01,13207804.0,421136550.0,15:34:59,2026-09-24
sh688595,芯海科技,31.65,-0.53,-1.647,31.64,31.65,32.18,32.1,32.34,31.52,2402225.0,76417699.0,15:00:01,2026-09-24
sh688596,正帆科技,64.69,-2.11,-3.159,64.69,64.71,66.8,66.82,69.38,64.51,12478018.0,833297685.0,15:34:59,2026-09-24
sh688597,煜邦电力,6.26,-0.03,-0.477,6.26,6.27,6.29,6.26,6.35,6.2,3293529.0,20713077.0,15:00:01,2026-09-24
sh688598,金博碳素股份,36.53,0.13,0.357,36.51,36.53,36.4,36.0,38.7,36.0,16712830.0,623858395.0,15:34:59,2026-09-24
sh688599,天合光能,10.89,-0.31,-2.768,10.89,10.9,11.2,11.12,11.2,10.88,19897445.0,218931811.0,15:34:59,2026-09-24
sh688600,皖仪科技,36.34,-2.25,-5.831,36.34,36.37,38.59,38.08,38.57,36.29,5594459.0,209100379.0,15:34:59,2026-09-24
sh688601,力芯微股份,60.94,-1.92,-3.054,60.94,60.95,62.86,62.24,62.87,60.77,1964090.0,120784544.0,15:00:02,2026-09-24
sh688602,康鹏科技,6.9,0.0,0.0,6.9,6.91,6.9,6.93,7.03,6.87,4056127.0,28191850.0,15:00:01,2026-09-24
sh688603,天承科技,125.12,-3.52,-2.736,125.12,125.2,128.64,129.0,129.59,124.28,5827091.0,738314923.0,15:34:59,2026-09-24
sh688605,先锋精科,86.59,0.08,0.092,86.58,86.59,86.51,86.02,89.8,85.3,3526566.0,309316987.0,15:00:00,2026-09-24
sh688606,奥泰生物,46.82,-0.77,-1.618,46.82,46.86,47.59,47.59,47.9,46.57,272542.0,12825499.0,15:00:01,2026-09-24
sh688607,康众数字医疗科技,37.96,-1.03,-2.642,37.96,37.99,38.99,39.15,39.15,37.88,652357.0,25082130.0,15:00:00,2026-09-24
sh688608,恒玄科技,108.88,-4.62,-4.07,108.88,108.98,113.5,111.78,113.97,108.31,5534085.0,608523335.0,15:34:59,2026-09-24
sh688609,广东九联科技,9.24,-0.32,-3.347,9.24,9.25,9.56,9.48,9.59,9.23,10773678.0,101012999.0,15:34:59,2026-09-24
sh688610,埃科光电,165.04,-7.42,-4.302,165.04,165.05,172.46,172.22,172.22,165.01,948878.0,158715785.0,15:34:59,2026-09-24
sh688611,杭州柯林股份,66.43,-2.27,-3.304,66.43,66.54,68.7,68.38,68.38,66.0,1113712.0,74588895.0,15:00:01,2026-09-24
sh688612,威迈斯,35.4,-1.1,-3.014,35.4,35.44,36.5,36.5,36.53,35.2,3291549.0,117421602.0,15:00:01,2026-09-24
sh688613,奥精医疗,21.09,-0.2,-0.939,21.07,21.09,21.29,21.2,21.3,20.52,6843474.0,143089659.0,15:34:59,2026-09-24
sh688615,合合信息,87.11,-3.63,-4.0,87.11,87.12,90.74,90.5,91.91,87.08,4127220.0,366321709.0,15:34:59,2026-09-24
sh688616,西力科技,11.01,0.06,0.548,11.0,11.01,10.95,10.94,11.1,10.87,1343897.0,14798970.0,15:00:00,2026-09-24
sh688617,惠泰医疗,236.04,-9.52,-3.877,236.04,236.4,245.56,244.93,245.94,235.91,1570281.0,374058052.0,15:00:00,2026-09-24
sh688618,三旺通信,29.06,-0.94,-3.133,29.06,29.1,30.0,30.6,30.6,28.77,1046545.0,30704615.0,15:00:01,2026-09-24
sh688619,罗普特科技,14.47,-0.37,-2.493,14.47,14.48,14.84,14.75,15.18,14.41,3005167.0,44173171.0,15:00:02,2026-09-24
sh688620,安凯微电子,18.01,-0.35,-1.906,18.01,18.02,18.36,18.29,18.56,17.9,14576186.0,264727657.0,15:34:59,2026-09-24
sh688621,阳光诺和,72.75,-2.51,-3.335,72.4,72.75,75.26,74.6,75.76,71.99,1788505.0,130818238.0,15:34:59,2026-09-24
sh688622,*ST禾信仪器,142.39,5.57,4.071,142.37,142.39,136.82,137.99,144.98,134.02,823901.0,115592363.0,15:34:59,2026-09-24
sh688623,双元科技,64.67,1.27,2.003,64.37,64.67,63.4,63.4,65.38,61.82,1419323.0,90636638.0,15:34:59,2026-09-24
sh688625,呈和科技,74.1,1.99,2.76,74.1,74.13,72.11,71.95,75.77,71.21,9981304.0,740399176.0,15:34:59,2026-09-24
sh688626,翔宇医疗,44.06,-0.16,-0.362,44.06,44.07,44.22,44.4,45.48,43.97,2778330.0,124325407.0,15:00:00,2026-09-24
sh688627,精智达技术,458.05,-16.95,-3.568,458.05,458.07,475.0,469.83,475.15,457.11,2081928.0,968165448.0,15:34:59,2026-09-24
sh688628,优利德科技,110.89,-3.55,-3.102,110.86,110.89,114.44,111.87,116.38,107.3,14190025.0,1593628970.0,15:34:59,2026-09-24
sh688629,四川华丰科技,116.8,-6.35,-5.156,116.79,116.8,123.15,122.52,123.0,116.65,12011995.0,1429051833.0,15:34:59,2026-09-24
sh688630,芯碁微装,418.0,-22.68,-5.147,417.98,418.0,440.68,437.05,437.05,418.0,2930202.0,1246162145.0,15:34:59,2026-09-24
sh688631,莱斯信息,37.52,-0.55,-1.445,37.52,37.54,38.07,37.95,38.7,37.5,1211152.0,46147875.0,15:00:01,2026-09-24
sh688633,星球石墨,22.37,-0.25,-1.105,22.37,22.38,22.62,22.58,22.69,22.25,1285342.0,28837952.0,15:00:02,2026-09-24
sh688635,长进光子,282.8,-6.0,-2.078,282.78,282.8,288.8,285.03,291.8,282.35,1134377.0,324528329.0,15:34:59,2026-09-24
sh688636,智明达电子,20.41,-0.6,-2.856,20.41,20.43,21.01,20.95,21.22,20.4,4785948.0,99268177.0,15:00:00,2026-09-24
sh688638,誉辰智能,34.69,0.47,1.373,34.69,34.8,34.22,34.34,34.85,33.9,506887.0,17543854.0,15:00:01,2026-09-24
sh688639,华恒生物,17.95,-0.34,-1.859,17.95,17.96,18.29,18.48,18.65,17.95,4593101.0,83970511.0,15:00:02,2026-09-24
sh688646,逸飞激光,80.66,3.07,3.957,80.66,80.7,77.59,77.59,82.8,77.13,4057237.0,330150747.0,15:34:59,2026-09-24
sh688648,中邮科技,29.19,-0.2,-0.681,29.17,29.19,29.39,29.21,30.09,29.08,1840082.0,54537320.0,15:00:02,2026-09-24
sh688651,远江盛邦安全,24.94,-0.57,-2.234,24.89,24.94,25.51,25.47,25.53,24.72,1785659.0,44867789.0,15:00:01,2026-09-24
sh688652,京仪装备,144.05,-3.37,-2.286,144.03,144.05,147.42,146.02,149.76,144.02,2923770.0,427674524.0,15:34:59,2026-09-24
sh688653,康希通信,15.39,-0.29,-1.849,15.38,15.39,15.68,15.64,15.9,15.38,12711927.0,198562209.0,15:34:59,2026-09-24
sh688655,迅捷兴科技,73.8,-4.35,-5.566,73.79,73.8,78.15,78.14,79.23,73.57,10769808.0,811716091.0,15:34:59,2026-09-24
sh688656,浩欧博生物,132.15,-8.89,-6.303,132.15,132.55,141.04,139.0,144.88,131.18,1684573.0,229135085.0,15:00:01,2026-09-24
sh688657,浩辰软件,33.95,-0.44,-1.279,33.95,34.0,34.39,34.72,34.72,33.78,674514.0,22995903.0,15:00:02,2026-09-24
sh688658,悦康药业,13.17,-0.63,-4.565,13.16,13.17,13.8,13.73,13.96,13.08,13181405.0,176543827.0,15:34:59,2026-09-24
sh688659,元琛科技,9.3,-0.01,-0.107,9.28,9.3,9.31,9.42,9.44,9.21,2817057.0,26306936.0,15:00:02,2026-09-24
sh688660,电气风电,8.85,-0.07,-0.785,8.84,8.85,8.92,8.9,9.05,8.83,20024303.0,178839863.0,15:34:59,2026-09-24
sh688661,和林微纳科技,102.5,-5.79,-5.347,102.42,102.5,108.29,108.26,108.26,102.16,3154288.0,330285244.0,15:34:59,2026-09-24
sh688662,广东富信科技,128.28,-2.33,-1.784,128.28,128.29,130.61,133.0,137.98,127.6,18360598.0,2429097894.0,15:34:59,2026-09-24
sh688663,新风光科技,55.83,-1.22,-2.138,55.83,55.9,57.05,57.5,57.88,55.69,2023958.0,113944966.0,15:00:00,2026-09-24
sh688665,四方光电股份,47.27,0.29,0.617,47.26,47.27,46.98,46.9,48.3,46.01,1657819.0,78309256.0,15:00:01,2026-09-24
sh688667,菱电电控,104.83,1.22,1.177,104.8,104.83,103.61,103.35,107.88,103.2,976855.0,103137812.0,15:00:02,2026-09-24
sh688668,鼎通科技,232.0,-12.89,-5.264,232.0,232.1,244.89,243.23,244.47,232.0,4366245.0,1031424596.0,15:34:59,2026-09-24
sh688669,聚石化学股份,66.92,-2.15,-3.113,66.92,67.31,69.07,69.4,69.55,66.68,1793595.0,121698261.0,15:00:02,2026-09-24
sh688670,金迪克生物,18.21,-0.68,-3.6,18.21,18.23,18.89,18.87,19.2,18.21,1649050.0,30639884.0,15:00:01,2026-09-24
sh688671,碧兴物联,26.29,-0.52,-1.94,26.29,26.32,26.81,26.81,26.97,26.08,1404739.0,37111302.0,15:00:02,2026-09-24
sh688676,海南金盘智能科技,62.06,-2.14,-3.333,62.05,62.06,64.2,63.8,64.29,62.0,6051673.0,380160389.0,15:34:59,2026-09-24
sh688677,青岛海泰新光,81.01,-6.47,-7.396,81.01,81.02,87.48,87.0,87.0,81.01,6084188.0,506966049.0,15:00:00,2026-09-24
sh688678,福立旺精密,32.63,1.2,3.818,32.62,32.63,31.43,31.0,33.3,30.6,43899143.0,1422847426.0,15:34:59,2026-09-24
sh688679,通源环境,39.6,-2.2,-5.263,39.59,39.6,41.8,41.6,41.95,39.5,3564831.0,144283041.0,15:34:59,2026-09-24
sh688680,海优新材,39.21,0.64,1.659,39.21,39.22,38.57,38.58,39.8,37.91,2686023.0,105328293.0,15:00:02,2026-09-24
sh688681,科汇电力自动化,15.51,0.0,0.0,15.5,15.51,15.51,15.47,15.69,15.4,1433366.0,22292645.0,15:00:02,2026-09-24
sh688682,霍莱沃技术,37.94,6.32,19.987,37.94,0.0,31.62,34.0,37.94,33.99,5976406.0,222120487.0,15:00:01,2026-09-24
sh688683,莱尔科技,31.86,-0.09,-0.282,31.86,31.92,31.95,31.95,32.56,31.68,988659.0,31695259.0,15:00:02,2026-09-24
sh688685,迈信林航空股份,34.52,-0.35,-1.004,34.52,34.57,34.87,34.47,35.79,33.97,3112481.0,108780831.0,15:00:00,2026-09-24
sh688686,奥普特科技,136.3,-5.49,-3.872,136.3,136.38,141.79,140.0,141.89,136.2,914380.0,126609250.0,15:00:00,2026-09-24
sh688687,北京凯因科技,18.29,-0.41,-2.193,18.28,18.29,18.7,18.72,18.8,18.27,3308091.0,61092657.0,15:00:01,2026-09-24
sh688689,常州银河微电,41.65,-1.04,-2.436,41.64,41.65,42.69,42.59,43.11,41.62,5489506.0,232324095.0,15:34:59,2026-09-24
sh688690,纳微科技,46.99,-2.22,-4.511,46.99,47.0,49.21,49.06,49.38,46.87,11234778.0,536648195.0,15:34:59,2026-09-24
sh688691,灿芯半导体股份,64.35,-1.14,-1.741,64.35,64.36,65.49,64.41,66.0,64.31,2485771.0,161511956.0,15:00:02,2026-09-24
sh688692,达梦数据,202.77,-3.85,-1.863,202.76,202.77,206.62,205.01,206.24,201.82,633063.0,128541370.0,15:34:59,2026-09-24
sh688693,锴威特,76.53,-2.52,-3.188,76.46,76.53,79.05,78.0,79.13,76.44,1002844.0,77612384.0,15:00:02,2026-09-24
sh688695,中创股份,19.82,-0.11,-0.552,19.82,19.85,19.93,19.92,20.18,19.8,994943.0,19868668.0,15:00:01,2026-09-24
sh688696,极米科技,83.58,-3.13,-3.61,83.58,83.64,86.71,87.59,87.59,83.42,939329.0,79684723.0,15:00:00,2026-09-24
sh688697,纽威数控装备,14.91,-0.36,-2.358,14.91,14.93,15.27,15.16,15.43,14.9,4353404.0,65837055.0,15:34:59,2026-09-24
sh688698,伟创电气,43.87,-0.58,-1.305,43.87,43.93,44.45,44.38,45.59,43.87,2728626.0,121879774.0,15:00:00,2026-09-24
sh688699,明微电子,68.65,-1.89,-2.679,68.65,68.68,70.54,70.1,71.0,68.38,3437830.0,239060776.0,15:00:02,2026-09-24
sh688700,XD东威科技,64.3,-3.58,-5.274,64.29,64.3,67.88,68.0,69.63,64.3,11856285.0,782343521.0,15:34:59,2026-09-24
sh688701,浙江卓锦股份,8.62,-0.08,-0.92,8.62,8.63,8.7,8.65,8.79,8.54,2505335.0,21670042.0,15:00:01,2026-09-24
sh688702,盛科通信,328.5,-6.5,-1.94,328.5,328.51,335.0,330.0,339.8,328.3,6198311.0,2068068560.0,15:34:59,2026-09-24
sh688707,振华新材料,10.09,-0.19,-1.848,10.08,10.09,10.28,10.3,10.32,10.08,3357230.0,34105823.0,15:00:01,2026-09-24
sh688708,佳驰科技,39.55,-1.21,-2.969,39.54,39.55,40.76,40.76,40.99,39.51,1348052.0,54245063.0,15:00:00,2026-09-24
sh688709,成都华微,25.41,-0.57,-2.194,25.41,25.45,25.98,26.15,26.2,25.39,3089539.0,79591781.0,15:00:02,2026-09-24
sh688710,益诺思生物,96.0,-8.77,-8.371,96.0,96.03,104.77,101.97,102.97,96.0,4986301.0,490655109.0,15:00:00,2026-09-24
sh688711,江苏宏微科技,28.58,-1.22,-4.094,28.58,28.6,29.8,29.4,29.7,28.51,6732655.0,195081217.0,15:34:59,2026-09-24
sh688712,北芯生命,31.22,-1.06,-3.284,31.22,31.24,32.28,32.27,32.28,31.18,1446487.0,45689454.0,15:00:02,2026-09-24
sh688716,中研股份,26.52,-0.34,-1.266,26.52,26.56,26.86,26.83,27.15,26.5,1098748.0,29395689.0,15:00:01,2026-09-24
sh688717,艾罗能源,41.93,-1.36,-3.142,41.93,41.94,43.29,43.48,43.71,41.93,4636414.0,197136976.0,15:34:59,2026-09-24
sh688718,唯赛勃科技,15.13,-0.3,-1.944,15.13,15.14,15.43,15.4,15.56,15.11,1819120.0,27832686.0,15:00:01,2026-09-24
sh688719,爱科赛博,59.32,-2.73,-4.4,59.32,59.46,62.05,62.86,62.86,59.21,5238993.0,315587835.0,15:34:59,2026-09-24
sh688720,艾森股份,67.8,-2.23,-3.184,67.8,67.87,70.03,70.02,70.58,67.76,2662586.0,182836869.0,15:34:59,2026-09-24
sh688721,龙图光罩,41.58,-0.82,-1.934,41.58,41.59,42.4,41.98,42.78,41.36,2790674.0,116970373.0,15:34:59,2026-09-24
sh688722,同益中新材料,14.58,0.01,0.069,14.55,14.58,14.57,14.66,14.68,14.4,2245406.0,32685576.0,15:34:59,2026-09-24
sh688726,拉普拉斯,46.55,-1.3,-2.717,46.55,46.56,47.85,48.63,48.63,46.51,7314206.0,345985755.0,15:00:02,2026-09-24
sh688727,恒坤新材,47.99,-1.15,-2.34,47.92,47.99,49.14,48.89,49.25,47.8,2158156.0,104528248.0,15:34:59,2026-09-24
sh688728,格科微有限公司,14.39,-0.35,-2.374,14.39,14.4,14.74,14.74,14.77,14.38,16684369.0,242761658.0,15:34:59,2026-09-24
sh688729,屹唐半导体股份,23.92,-0.73,-2.961,23.92,23.93,24.65,24.45,24.65,23.89,19293128.0,467677251.0,15:34:59,2026-09-24
sh688733,壹石通,29.15,-0.7,-2.345,29.11,29.15,29.85,29.5,30.2,29.01,4086569.0,120525322.0,15:00:00,2026-09-24
sh688737,中自科技,17.3,-0.28,-1.593,17.17,17.3,17.58,17.52,17.68,17.14,1772847.0,30805185.0,15:00:02,2026-09-24
sh688739,成大生物,20.62,-0.3,-1.434,20.61,20.62,20.92,20.87,21.09,20.62,1288218.0,26820286.0,15:00:00,2026-09-24
sh688750,湘投金天钛业,13.9,-0.26,-1.836,13.9,13.91,14.16,14.15,14.16,13.88,2009535.0,28103158.0,15:34:59,2026-09-24
sh688755,汉邦科技,29.83,-1.62,-5.151,29.83,29.93,31.45,31.39,31.95,29.76,4508608.0,137820090.0,15:34:59,2026-09-24
sh688757,胜科纳米,31.7,-1.39,-4.201,31.69,31.7,33.09,32.92,33.03,31.11,13254463.0,421496151.0,15:34:59,2026-09-24
sh688758,赛分科技,32.5,-1.13,-3.36,32.5,32.51,33.63,33.02,34.1,32.45,10314010.0,340271604.0,15:34:59,2026-09-24
sh688759,必贝特,22.47,-0.93,-3.974,22.46,22.47,23.4,23.2,23.66,22.37,3963390.0,90251640.0,15:00:01,2026-09-24
sh688765,武汉禾元生物,41.05,-1.5,-3.525,41.05,41.07,42.55,42.69,42.84,41.05,6150830.0,257719802.0,15:34:59,2026-09-24
sh688766,普冉半导体,408.7,-22.3,-5.174,408.7,408.72,431.0,425.48,428.88,408.66,7677062.0,3187113635.0,15:34:59,2026-09-24
sh688767,杭州博拓生物科技,42.93,-0.47,-1.083,42.93,43.0,43.4,43.0,44.12,42.24,3146741.0,135933305.0,15:00:00,2026-09-24
sh688768,容知日新,46.92,-0.72,-1.511,46.91,46.92,47.64,47.34,48.49,46.88,646612.0,30733105.0,15:00:02,2026-09-24
sh688772,珠海冠宇电池,14.03,0.41,3.01,14.02,14.03,13.62,13.63,14.28,13.55,28257243.0,394632485.0,15:34:59,2026-09-24
sh688775,影石创新,90.78,-4.22,-4.442,90.76,90.78,95.0,94.01,94.65,90.76,4927531.0,453385921.0,15:34:59,2026-09-24
sh688776,国光电气,54.25,2.25,4.327,54.24,54.25,52.0,52.52,55.93,51.52,8466735.0,459580820.0,15:00:02,2026-09-24
sh688777,中控技术,80.02,-1.27,-1.562,80.02,80.07,81.29,81.0,81.8,80.02,6711323.0,542514303.0,15:34:59,2026-09-24
sh688778,厦钨新能源,42.15,-1.18,-2.723,42.15,42.16,43.33,43.21,43.57,42.13,3491805.0,149065960.0,15:00:00,2026-09-24
sh688779,五矿新能,7.44,-0.19,-2.49,7.44,7.45,7.63,7.6,7.81,7.44,14790403.0,112197974.0,15:00:02,2026-09-24
sh688781,视涯科技,45.02,-6.54,-12.684,45.02,45.06,51.56,49.88,51.55,45.02,8280173.0,391644978.0,15:34:59,2026-09-24
sh688783,西安奕材,29.91,-0.09,-0.3,29.9,29.91,30.0,30.95,31.77,29.59,40973719.0,1253144874.0,15:34:59,2026-09-24
sh688785,恒运昌股份,365.02,-15.98,-4.194,365.01,365.02,381.0,375.29,393.33,364.0,622820.0,234704262.0,15:34:59,2026-09-24
sh688786,悦安新材,28.59,-0.37,-1.278,28.57,28.59,28.96,28.88,29.19,28.3,2938418.0,84496051.0,15:00:01,2026-09-24
sh688787,海天瑞声,89.9,-2.66,-2.874,89.9,89.91,92.56,92.01,92.62,89.86,1097623.0,99847976.0,15:34:59,2026-09-24
sh688788,科思科技,29.04,-0.58,-1.958,29.03,29.04,29.62,29.62,30.4,29.0,2314764.0,68570244.0,15:00:01,2026-09-24
sh688789,杭州宏华数码科技,49.72,-1.29,-2.529,49.64,49.72,51.01,51.09,51.88,49.63,3221398.0,163103403.0,15:34:59,2026-09-24
sh688790,昂瑞微,106.17,-3.96,-3.596,106.15,106.17,110.13,109.29,110.96,106.08,1950531.0,211320427.0,15:34:59,2026-09-24
sh688793,倍轻松科技,18.25,-0.24,-1.298,18.25,18.27,18.49,18.37,18.66,17.71,1768465.0,32358971.0,15:00:00,2026-09-24
sh688795,摩尔线程,433.33,-1.67,-0.384,433.33,433.34,435.0,428.0,443.53,427.0,5056873.0,2206184135.0,15:34:59,2026-09-24
sh688796,百奥赛图,126.54,-8.96,-6.613,126.5,126.54,135.5,135.5,135.5,126.0,2602992.0,336143115.0,15:34:59,2026-09-24
sh688797,臻宝科技,276.18,-5.7,-2.022,276.11,276.18,281.88,278.93,284.51,275.5,2182989.0,609918176.0,15:00:01,2026-09-24
sh688798,艾为电子,56.59,-1.47,-2.532,56.59,56.6,58.06,57.51,58.45,56.48,2457767.0,140488743.0,15:34:59,2026-09-24
sh688799,华纳大药厂,56.88,-1.2,-2.066,56.88,56.89,58.08,57.79,58.1,56.29,3061062.0,175092183.0,15:34:59,2026-09-24
sh688800,瑞可达连接系统,61.65,-5.23,-7.82,61.65,61.66,66.88,66.48,66.68,61.65,14926278.0,946299277.0,15:34:59,2026-09-24
sh688801,燧原科技,490.0,-3.5,-0.709,489.79,490.0,493.5,495.0,527.1,490.0,2748011.0,1398448371.0,15:34:59,2026-09-24
sh688802,沐曦股份,556.86,-9.56,-1.688,556.8,556.86,566.42,562.0,575.98,556.86,2722640.0,1538550972.0,15:34:59,2026-09-24
sh688805,健信超导,39.87,-1.31,-3.181,39.87,39.88,41.18,41.18,41.18,39.87,971781.0,39163959.0,15:00:02,2026-09-24
sh688806,泰诺麦博,25.5,-0.96,-3.628,25.49,25.5,26.46,26.51,26.97,25.28,6056244.0,155635810.0,15:34:59,2026-09-24
sh688807,优迅芯片股份,335.56,-25.76,-7.129,335.2,335.56,361.32,356.0,359.9,335.0,1595290.0,547272370.0,15:34:59,2026-09-24
sh688808,联讯仪器,2231.01,-49.01,-2.15,2231.01,2231.75,2280.02,2274.6,2279.87,2231.01,475282.0,1068672614.0,15:34:59,2026-09-24
sh688809,强一股份,498.0,-7.01,-1.388,497.6,498.0,505.01,504.8,516.88,496.8,885419.0,447832723.0,15:00:01,2026-09-24
sh688811,有研金属复材,20.48,-0.34,-1.633,20.47,20.48,20.82,20.76,20.96,20.45,3151427.0,65157000.0,15:34:59,2026-09-24
sh688813,泰金新能,150.07,-11.17,-6.928,150.07,150.12,161.24,159.81,160.2,149.01,5450382.0,833512010.0,15:34:59,2026-09-24
sh688816,易思维,47.38,-1.06,-2.188,47.34,47.38,48.44,48.44,48.65,47.32,265490.0,12724007.0,15:00:00,2026-09-24
sh688818,中电科蓝天科技,42.57,-0.19,-0.444,42.56,42.57,42.76,42.85,43.52,42.31,5548305.0,237554832.0,15:34:59,2026-09-24
sh688819,天能电池集团股份,20.5,-0.45,-2.148,20.5,20.52,20.95,20.96,21.0,20.46,1512463.0,31318122.0,15:34:59,2026-09-24
sh688820,盛合晶微,128.02,-5.55,-4.155,128.01,128.02,133.57,133.06,133.09,128.0,7547470.0,981167443.0,15:34:59,2026-09-24
sh688825,长鑫科技,56.2,-2.42,-4.128,56.2,56.21,58.62,57.7,57.8,56.2,151606263.0,8611739903.0,15:34:59,2026-09-24
sh688826,频准激光,828.74,-30.04,-3.498,828.74,833.99,858.78,845.0,852.92,815.06,860032.0,715707299.0,15:34:59,2026-09-24
sh688828,国仪公司,92.2,-3.66,-3.818,92.2,92.3,95.86,93.66,96.38,88.8,3492229.0,323222942.0,15:34:59,2026-09-24
sh688835,高凯技术,380.85,25.97,7.318,380.8,380.85,354.88,349.56,397.7,349.56,3706352.0,1397121618.0,15:34:59,2026-09-24
sh688836,宇树科技,488.0,-2.97,-0.605,488.0,488.01,490.97,490.99,499.78,487.05,2030847.0,1003076244.0,15:34:59,2026-09-24
sh688837,C信诺维,47.31,-6.29,-11.735,47.31,47.35,53.6,52.5,54.48,47.31,20262182.0,1020530716.0,15:34:59,2026-09-24
sh688981,中芯国际,119.98,-1.41,-1.162,119.98,119.99,121.39,121.1,121.39,119.63,18660976.0,2246348480.0,15:34:59,2026-09-24
sz000001,平安银行,11.3,-0.05,-0.441,11.3,11.31,11.35,11.35,11.47,11.29,104381872.0,1186736896.0,15:36:00,2026-09-24
sz000002,万 科Ａ,3.76,-0.16,-4.082,3.76,3.77,3.92,3.89,3.93,3.67,667265050.0,2512837906.0,15:35:15,2026-09-24
sz000006,深振业Ａ,7.21,-0.03,-0.414,7.21,7.22,7.24,7.29,7.53,7.14,27859946.0,203622719.0,15:35:30,2026-09-24
sz000007,全新好,11.64,0.03,0.258,11.64,11.65,11.61,11.66,11.8,11.43,4812300.0,56083832.0,15:35:45,2026-09-24
sz000008,神州高铁,2.38,0.0,0.0,2.38,2.39,2.38,2.36,2.4,2.36,18940883.0,45067174.0,15:36:00,2026-09-24
sz000009,中国宝安,6.8,-0.2,-2.857,6.8,6.82,7.0,7.03,7.12,6.8,16454271.0,113680769.0,15:35:15,2026-09-24
sz000010,*ST美丽,1.5,-0.02,-1.316,1.49,1.5,1.52,1.51,1.52,1.48,10136500.0,15211873.0,15:35:30,2026-09-24
sz000011,深物业A,9.2,-0.39,-4.067,9.2,9.21,9.59,9.52,9.56,9.09,17077022.0,157992132.0,15:35:45,2026-09-24
sz000012,南 玻Ａ,3.7,-0.07,-1.857,3.7,3.71,3.77,3.75,3.76,3.68,23180194.0,86088551.0,15:36:00,2026-09-24
sz000014,沙河股份,10.64,-0.18,-1.664,10.63,10.64,10.82,10.76,10.9,10.55,5538601.0,59091547.0,15:35:15,2026-09-24
sz000016,*ST康佳A,0.0,0.0,0.0,0.0,0.0,2.46,0.0,0.0,0.0,0.0,0.0,15:35:30,2026-09-24
sz000017,深中华A,7.53,-0.16,-2.081,7.53,7.54,7.69,7.61,7.65,7.46,37597000.0,283243299.0,15:35:45,2026-09-24
sz000019,深粮控股,6.78,-0.18,-2.586,6.78,6.79,6.96,6.91,7.0,6.76,13973798.0,95646382.0,15:36:00,2026-09-24
sz000020,深华发Ａ,13.31,-0.28,-2.06,13.31,13.33,13.59,13.73,13.86,13.3,9094000.0,122617933.0,15:35:15,2026-09-24
sz000021,深科技,35.53,-1.38,-3.739,35.52,35.53,36.91,36.4,36.53,35.51,46355336.0,1664037941.0,15:35:30,2026-09-24
sz000025,特 力Ａ,14.92,-0.12,-0.798,14.92,14.93,15.04,15.0,15.19,14.88,3594872.0,54025374.0,15:35:45,2026-09-24
sz000026,飞亚达,19.75,-0.15,-0.754,19.73,19.75,19.9,19.88,20.25,19.67,5440800.0,108427658.0,15:36:00,2026-09-24
sz000027,深圳能源,6.17,-0.06,-0.963,6.17,6.18,6.23,6.22,6.23,6.16,15545900.0,96180091.0,15:35:15,2026-09-24
sz000028,国药一致,19.5,-0.22,-1.116,19.5,19.52,19.72,19.72,19.77,19.46,1913620.0,37474839.0,15:35:30,2026-09-24
sz000029,深深房Ａ,22.15,0.27,1.234,22.14,22.15,21.88,21.88,22.56,21.74,7072248.0,156625091.0,15:35:45,2026-09-24
sz000030,富奥股份,3.92,-0.01,-0.254,3.91,3.92,3.93,3.92,3.94,3.89,7576602.0,29642398.0,15:36:00,2026-09-24
sz000031,大悦城,2.28,-0.07,-2.979,2.27,2.28,2.35,2.34,2.38,2.24,72156903.0,165513343.0,15:35:15,2026-09-24
sz000032,深桑达Ａ,14.17,-0.36,-2.478,14.16,14.17,14.53,14.45,14.53,14.14,19429617.0,277981037.0,15:35:30,2026-09-24
sz000034,神州数码,24.15,0.87,3.737,24.14,24.15,23.28,23.23,24.28,23.03,34210970.0,810726378.0,15:35:45,2026-09-24
sz000035,中国天楹,4.79,-0.12,-2.444,4.79,4.8,4.91,4.89,4.9,4.78,24075956.0,116526098.0,15:36:00,2026-09-24
sz000036,华联控股,3.9,-0.16,-3.941,3.9,3.91,4.06,3.98,4.04,3.88,41874430.0,165058609.0,15:35:15,2026-09-24
sz000037,深南电A,8.94,-0.07,-0.777,8.93,8.94,9.01,9.04,9.09,8.92,7377900.0,66253371.0,15:35:30,2026-09-24
sz000039,中集集团,8.66,-0.13,-1.479,8.66,8.67,8.79,8.8,8.85,8.64,19775542.0,172452666.0,15:35:45,2026-09-24
sz000042,中洲控股,8.25,-0.16,-1.902,8.25,8.26,8.41,8.3,8.47,8.24,4910802.0,40903477.0,15:36:00,2026-09-24
sz000045,深纺织Ａ,11.09,-0.16,-1.422,11.09,11.1,11.25,11.21,11.3,11.03,2929100.0,32682431.0,15:35:15,2026-09-24
sz000048,京基智农,18.66,-0.44,-2.304,18.66,18.68,19.1,18.88,19.19,18.52,10238774.0,193024717.0,15:35:30,2026-09-24
sz000049,德赛电池,22.17,-0.29,-1.291,22.16,22.17,22.46,22.46,22.6,22.16,2949404.0,65907411.0,15:35:45,2026-09-24
sz000050,深天马Ａ,6.36,-0.23,-3.49,6.36,6.37,6.59,6.56,6.58,6.36,24888455.0,160094996.0,15:36:00,2026-09-24
sz000055,方大集团,3.79,-0.02,-0.525,3.79,3.8,3.81,3.79,3.85,3.77,14744773.0,56016492.0,15:35:15,2026-09-24
sz000056,*ST皇庭,2.76,0.07,2.602,2.76,2.77,2.69,2.65,2.82,2.64,29359400.0,81050643.0,15:35:30,2026-09-24
sz000058,深 赛 格,7.04,-0.1,-1.401,7.03,7.04,7.14,7.1,7.19,6.98,6515798.0,45967277.0,15:35:45,2026-09-24
sz000059,华锦股份,5.6,-0.05,-0.885,5.59,5.6,5.65,5.65,5.68,5.52,32007286.0,179483197.0,15:36:00,2026-09-24
sz000060,中金岭南,5.95,-0.18,-2.936,5.94,5.95,6.13,6.1,6.1,5.93,80416721.0,482054933.0,15:35:15,2026-09-24
sz000061,农 产 品,5.95,-0.08,-1.327,5.95,5.96,6.03,6.03,6.07,5.92,12651900.0,75602305.0,15:35:30,2026-09-24
sz000062,深圳华强,22.74,-0.55,-2.362,22.74,22.75,23.29,23.09,23.2,22.74,13187214.0,302054705.0,15:35:45,2026-09-24
sz000063,中兴通讯,31.92,-0.36,-1.115,31.92,31.93,32.28,32.15,32.28,31.88,52893267.0,1693857127.0,15:36:00,2026-09-24
sz000065,北方国际,9.85,-0.27,-2.668,9.85,9.86,10.12,10.19,10.19,9.8,19538441.0,193488864.0,15:35:15,2026-09-24
sz000066,中国长城,14.8,-0.34,-2.246,14.8,14.81,15.14,15.21,15.45,14.8,151992513.0,2282674708.0,15:35:30,2026-09-24
sz000068,华控赛格,3.26,0.01,0.308,3.25,3.26,3.25,3.22,3.31,3.22,13111900.0,42644982.0,15:35:45,2026-09-24
sz000069,华侨城Ａ,1.84,-0.06,-3.158,1.84,1.85,1.9,1.89,1.92,1.83,99110401.0,184312388.0,15:36:00,2026-09-24
sz000070,特发信息,17.94,-0.05,-0.278,17.94,17.95,17.99,17.81,18.37,17.72,75281714.0,1356651841.0,15:35:15,2026-09-24
sz000078,ST海王,1.55,-0.02,-1.274,1.55,1.56,1.57,1.55,1.58,1.53,43651248.0,67528792.0,15:35:30,2026-09-24
sz000088,盐 田 港,4.5,-0.01,-0.222,4.5,4.51,4.51,4.5,4.54,4.48,14181344.0,63911926.0,15:35:45,2026-09-24
sz000089,深圳机场,6.5,-0.06,-0.915,6.49,6.5,6.56,6.55,6.57,6.45,11195960.0,72781217.0,15:36:00,2026-09-24
sz000090,天健集团,3.5,-0.06,-1.685,3.49,3.5,3.56,3.55,3.58,3.47,18628300.0,65357399.0,15:35:15,2026-09-24
sz000096,广聚能源,7.89,-0.01,-0.127,7.89,7.9,7.9,7.9,7.97,7.85,2593530.0,20501323.0,15:35:30,2026-09-24
sz000099,中信海直,12.89,-0.17,-1.302,12.89,12.9,13.06,12.98,13.1,12.88,3972000.0,51532692.0,15:35:45,2026-09-24
sz000100,TCL科技,4.87,-0.06,-1.217,4.87,4.88,4.93,4.93,4.94,4.87,291835663.0,1430757148.0,15:36:00,2026-09-24
sz000151,中成股份,10.01,0.03,0.301,10.01,10.02,9.98,9.94,10.54,9.93,12976700.0,132302403.0,15:35:15,2026-09-24
sz000153,丰原药业,6.09,-0.08,-1.297,6.09,6.1,6.17,6.16,6.21,6.04,7986440.0,48770367.0,15:35:30,2026-09-24
sz000155,川能动力,11.04,-0.22,-1.954,11.04,11.05,11.26,11.26,11.28,11.04,13032290.0,145261179.0,15:35:45,2026-09-24
sz000156,华数传媒,7.02,-0.06,-0.847,7.0,7.02,7.08,7.05,7.16,6.98,10021557.0,70683995.0,15:36:00,2026-09-24
sz000157,中联重科,6.04,-0.06,-0.984,6.04,6.05,6.1,6.08,6.1,6.04,28582098.0,173464810.0,15:35:15,2026-09-24
sz000158,常山北明,12.55,-0.17,-1.336,12.55,12.56,12.72,12.72,12.78,12.55,15373668.0,194172907.0,15:35:30,2026-09-24
sz000159,国际实业,5.46,0.04,0.738,5.45,5.46,5.42,5.42,5.58,5.39,10462054.0,57152885.0,15:35:45,2026-09-24
sz000166,申万宏源,4.39,-0.08,-1.79,4.38,4.39,4.47,4.47,4.47,4.38,50974805.0,225058646.0,15:36:00,2026-09-24
sz000301,东方盛虹,13.36,-0.37,-2.695,13.36,13.37,13.73,13.6,13.69,13.34,14026100.0,188700319.0,15:35:15,2026-09-24
sz000333,美的集团,82.65,0.18,0.218,82.65,82.66,82.47,82.18,83.05,82.05,14315502.0,1184739585.0,15:35:30,2026-09-24
sz000338,潍柴动力,25.3,-0.59,-2.279,25.3,25.31,25.89,25.89,25.9,25.27,57599371.0,1470007071.0,15:35:45,2026-09-24
sz000400,许继电气,20.19,-0.11,-0.542,20.18,20.19,20.3,20.26,20.39,20.14,6630972.0,134312028.0,15:36:00,2026-09-24
sz000401,金隅冀东,3.55,-0.07,-1.934,3.55,3.56,3.62,3.6,3.65,3.53,12061041.0,43160235.0,15:35:15,2026-09-24
sz000402,金 融 街,2.63,-0.07,-2.593,2.63,2.64,2.7,2.71,2.72,2.61,73098422.0,193715694.0,15:35:30,2026-09-24
sz000403,派林生物,9.92,-0.19,-1.879,9.92,9.93,10.11,10.0,10.16,9.9,5480692.0,54903778.0,15:35:45,2026-09-24
sz000404,长虹华意,6.86,0.03,0.439,6.85,6.86,6.83,6.84,6.91,6.82,3778479.0,25970258.0,15:36:00,2026-09-24
sz000407,胜利股份,4.17,0.07,1.707,4.16,4.17,4.1,4.12,4.26,4.1,15538618.0,64900371.0,15:35:15,2026-09-24
sz000408,藏格矿业,71.46,-2.39,-3.236,71.46,71.47,73.85,73.01,73.34,71.3,6993540.0,505381572.0,15:35:30,2026-09-24
sz000409,云鼎科技,8.84,-0.12,-1.339,8.84,8.85,8.96,8.91,8.96,8.83,2664933.0,23657883.0,15:35:45,2026-09-24
sz000410,沈阳机床,5.23,-0.04,-0.759,5.23,5.24,5.27,5.26,5.31,5.22,20509100.0,107994781.0,15:36:00,2026-09-24
sz000411,英特集团,10.42,0.54,5.466,10.42,10.43,9.88,9.87,10.65,9.82,15039429.0,155168530.0,15:35:15,2026-09-24
sz000415,渤海租赁,4.11,-0.06,-1.439,4.1,4.11,4.17,4.15,4.2,4.1,38906800.0,161069878.0,15:35:30,2026-09-24
sz000417,合百集团,5.85,0.16,2.812,5.85,5.86,5.69,5.69,5.97,5.66,42161904.0,246045058.0,15:35:45,2026-09-24
sz000419,通程控股,4.99,-0.01,-0.2,4.99,5.0,5.0,4.98,5.05,4.96,3183400.0,15915620.0,15:36:00,2026-09-24
sz000420,吉林化纤,3.57,0.01,0.281,3.56,3.57,3.56,3.54,3.65,3.52,49727612.0,178070951.0,15:35:15,2026-09-24
sz000421,南京公用,5.69,0.0,0.0,5.69,5.7,5.69,5.69,5.74,5.63,4491350.0,25503357.0,15:35:30,2026-09-24
sz000422,湖北宜化,11.79,-0.18,-1.504,11.79,11.8,11.97,11.94,11.95,11.77,8826949.0,104402963.0,15:35:45,2026-09-24
sz000423,东阿阿胶,45.15,-0.9,-1.954,45.15,45.16,46.05,46.08,46.15,45.12,4803519.0,218123878.0,15:36:00,2026-09-24
sz000425,徐工机械,7.17,-0.06,-0.83,7.17,7.18,7.23,7.21,7.29,7.15,91719348.0,659114331.0,15:35:15,2026-09-24
sz000426,兴业银锡,32.77,-1.6,-4.655,32.76,32.77,34.37,33.44,33.79,32.71,42814113.0,1416008521.0,15:35:30,2026-09-24
sz000428,华天酒店,4.02,-0.16,-3.828,4.02,4.03,4.18,4.15,4.18,4.01,34126555.0,138952254.0,15:35:45,2026-09-24
sz000429,粤高速Ａ,12.5,-0.08,-0.636,12.5,12.51,12.58,12.56,12.66,12.48,3682858.0,46226794.0,15:36:00,2026-09-24
sz000430,张家界,6.84,-0.16,-2.286,6.84,6.85,7.0,6.93,7.01,6.79,11584100.0,79501779.0,15:35:15,2026-09-24
sz000488,ST晨鸣,2.11,-0.01,-0.472,2.11,2.12,2.12,2.12,2.16,2.09,9202650.0,19562411.0,15:35:30,2026-09-24
sz000498,山东路桥,5.65,0.51,9.922,5.65,0.0,5.14,5.65,5.65,5.56,55652886.0,314302755.0,15:35:45,2026-09-24
sz000501,武商集团,7.09,-0.07,-0.978,7.08,7.09,7.16,7.15,7.19,7.06,5129553.0,36487869.0,15:36:00,2026-09-24
sz000503,国新健康,6.76,-0.11,-1.601,6.75,6.76,6.87,6.85,6.9,6.75,7391882.0,50338832.0,15:35:15,2026-09-24
sz000504,南华生物,13.73,0.97,7.602,13.72,13.73,12.76,11.62,14.04,11.62,115197157.0,1525092476.0,15:35:30,2026-09-24
sz000505,京粮控股,6.36,-0.24,-3.636,6.35,6.36,6.6,6.63,6.64,6.31,22898817.0,147075534.0,15:35:45,2026-09-24
sz000506,招金黄金,17.48,-0.62,-3.425,17.47,17.48,18.1,17.75,17.79,17.45,33845840.0,595161092.0,15:36:00,2026-09-24
sz000507,珠海港,4.93,-0.02,-0.404,4.93,4.94,4.95,4.93,4.97,4.92,5391702.0,26624855.0,15:35:15,2026-09-24
sz000509,华塑控股,3.69,-0.07,-1.862,3.68,3.69,3.76,3.77,3.85,3.67,39150400.0,145617551.0,15:35:30,2026-09-24
sz000510,新金路,18.55,-0.68,-3.536,18.54,18.55,19.23,19.0,19.34,18.45,35321161.0,660407613.0,15:35:45,2026-09-24
sz000513,丽珠集团,27.58,-0.15,-0.541,27.58,27.59,27.73,27.6,27.85,27.15,7869902.0,216630310.0,15:36:00,2026-09-24
sz000514,渝 开 发,4.35,-0.05,-1.136,4.35,4.36,4.4,4.37,4.45,4.3,11151100.0,48611039.0,15:35:15,2026-09-24
sz000516,国际医学,4.3,0.03,0.703,4.3,4.31,4.27,4.27,4.35,4.25,21370462.0,91899493.0,15:35:30,2026-09-24
sz000517,荣安地产,2.0,-0.01,-0.498,1.99,2.0,2.01,2.04,2.04,1.95,46580000.0,92447380.0,15:35:45,2026-09-24
sz000518,四环生物,3.67,-0.01,-0.272,3.67,3.68,3.68,3.74,3.76,3.65,16788400.0,61918747.0,15:36:00,2026-09-24
sz000519,中兵红箭,14.79,-0.22,-1.466,14.78,14.79,15.01,14.94,15.06,14.7,33339969.0,495090778.0,15:35:15,2026-09-24
sz000520,凤凰航运,4.07,0.05,1.244,4.07,4.08,4.02,4.03,4.11,4.01,17015800.0,69213332.0,15:35:30,2026-09-24
sz000521,长虹美菱,4.33,-0.07,-1.591,4.33,4.34,4.4,4.39,4.41,4.33,5222100.0,22780592.0,15:35:45,2026-09-24
sz000523,红棉股份,3.29,-0.13,-3.801,3.28,3.29,3.42,3.44,3.45,3.26,104345501.0,345763379.0,15:36:00,2026-09-24
sz000524,岭南控股,8.93,-0.06,-0.667,8.92,8.93,8.99,8.94,9.03,8.86,4531014.0,40564142.0,15:35:15,2026-09-24
sz000525,红太阳,4.47,-0.07,-1.542,4.47,4.48,4.54,4.52,4.56,4.46,12224631.0,55044153.0,15:35:30,2026-09-24
sz000526,学大教育,36.26,0.1,0.277,36.23,36.26,36.16,36.4,37.05,36.05,2755579.0,100846421.0,15:35:45,2026-09-24
sz000528,柳 工,7.5,-0.11,-1.445,7.49,7.5,7.61,7.59,7.61,7.48,22430044.0,168990204.0,15:36:00,2026-09-24
sz000529,广弘控股,4.97,0.01,0.202,4.96,4.97,4.96,4.98,5.03,4.92,2844902.0,14122145.0,15:35:15,2026-09-24
sz000530,冰山冷热,5.2,0.02,0.386,5.2,5.21,5.18,5.19,5.24,5.15,10357240.0,53836657.0,15:35:30,2026-09-24
sz000531,穗恒运Ａ,5.54,-0.06,-1.071,5.54,5.55,5.6,5.61,5.61,5.54,4941000.0,27491657.0,15:35:45,2026-09-24
sz000532,华金资本,12.87,-0.63,-4.667,12.87,12.88,13.5,13.05,13.31,12.79,38072347.0,494335438.0,15:36:00,2026-09-24
sz000533,顺钠股份,10.34,-0.1,-0.958,10.33,10.34,10.44,10.5,10.5,10.3,19975906.0,207060117.0,15:35:15,2026-09-24
sz000534,万泽股份,22.64,-0.28,-1.222,22.64,22.65,22.92,22.8,23.99,22.55,15746275.0,362924468.0,15:35:30,2026-09-24
sz000536,华映科技,3.49,-0.02,-0.57,3.48,3.49,3.51,3.5,3.53,3.43,45562600.0,158279256.0,15:35:45,2026-09-24
sz000537,绿发电力,7.3,-0.04,-0.545,7.3,7.31,7.34,7.34,7.37,7.28,10137900.0,74241873.0,15:36:00,2026-09-24
sz000538,云南白药,49.87,-0.45,-0.894,49.86,49.87,50.32,50.41,50.51,49.81,6936926.0,347480670.0,15:35:15,2026-09-24
sz000539,粤电力Ａ,4.95,-0.07,-1.394,4.94,4.95,5.02,5.02,5.03,4.92,30953180.0,153475382.0,15:35:30,2026-09-24
sz000541,佛山照明,4.9,-0.01,-0.204,4.89,4.9,4.91,4.92,4.93,4.88,2979858.0,14614484.0,15:35:45,2026-09-24
sz000543,皖能电力,7.15,0.0,0.0,7.14,7.15,7.15,7.14,7.21,7.13,12405853.0,88823935.0,15:36:00,2026-09-24
sz000544,中原环保,7.16,-0.04,-0.556,7.16,7.17,7.2,7.2,7.23,7.14,2392144.0,17172513.0,15:35:15,2026-09-24
sz000545,金浦钛业,2.17,0.0,0.0,2.17,2.18,2.17,2.18,2.2,2.15,20162857.0,43818722.0,15:35:30,2026-09-24
sz000546,金圆股份,4.35,-0.02,-0.458,4.34,4.35,4.37,4.37,4.42,4.32,7821800.0,34058592.0,15:35:45,2026-09-24
sz000547,航天发展,14.56,0.25,1.747,14.56,14.57,14.31,14.3,15.15,14.26,113265146.0,1663229031.0,15:36:00,2026-09-24
sz000548,湖南投资,4.58,0.0,0.0,4.58,4.59,4.58,4.58,4.63,4.56,2775700.0,12734412.0,15:35:15,2026-09-24
sz000550,江铃汽车,15.99,-0.27,-1.661,15.99,16.01,16.26,16.25,16.28,15.97,3640092.0,58616470.0,15:35:30,2026-09-24
sz000551,创元科技,12.14,-0.19,-1.541,12.13,12.14,12.33,12.26,12.33,12.13,6041200.0,73762457.0,15:35:45,2026-09-24
sz000552,甘肃能化,2.47,0.01,0.407,2.46,2.47,2.46,2.46,2.5,2.44,46857452.0,115582982.0,15:36:00,2026-09-24
sz000553,安道麦A,5.46,0.0,0.0,5.45,5.46,5.46,5.44,5.54,5.43,4507600.0,24662930.0,15:35:15,2026-09-24
sz000554,泰山石油,6.26,0.03,0.482,6.25,6.26,6.23,6.24,6.28,6.18,8233325.0,51397874.0,15:35:30,2026-09-24
sz000555,神州信息,9.99,-1.02,-9.264,9.99,10.0,11.01,10.5,10.64,9.96,51654867.0,522461714.0,15:35:45,2026-09-24
sz000557,西部创业,3.62,-0.02,-0.549,3.62,3.63,3.64,3.63,3.68,3.58,10169358.0,36841998.0,15:36:00,2026-09-24
sz000558,天府文旅,3.57,-0.04,-1.108,3.56,3.57,3.61,3.6,3.63,3.53,19380419.0,69122972.0,15:35:15,2026-09-24
sz000559,万向钱潮,11.1,-0.06,-0.538,11.1,11.11,11.16,11.2,11.72,11.08,74851354.0,849399246.0,15:35:30,2026-09-24
sz000560,我爱我家,3.66,-0.2,-5.181,3.65,3.66,3.86,3.87,4.1,3.59,774995270.0,2936520453.0,15:35:45,2026-09-24
sz000561,烽火电子,7.68,-0.06,-0.775,7.67,7.68,7.74,7.78,7.83,7.63,7281827.0,56210279.0,15:36:00,2026-09-24
sz000563,陕国投Ａ,2.88,-0.03,-1.031,2.87,2.88,2.91,2.91,2.92,2.87,30688804.0,88644072.0,15:35:15,2026-09-24
sz000564,供销大集,1.48,0.0,0.0,1.48,1.49,1.48,1.47,1.5,1.47,121624701.0,180850643.0,15:35:30,2026-09-24
sz000565,渝三峡Ａ,6.43,-0.18,-2.723,6.43,6.44,6.61,6.56,6.62,6.42,11710200.0,75973550.0,15:35:45,2026-09-24
sz000566,海南海药,4.69,-0.11,-2.292,4.68,4.69,4.8,4.76,4.81,4.65,55129547.0,259762858.0,15:36:00,2026-09-24
sz000567,海德股份,5.9,-0.1,-1.667,5.9,5.91,6.0,5.97,6.01,5.88,13450665.0,79835247.0,15:35:15,2026-09-24
sz000568,泸州老窖,70.65,-1.46,-2.025,70.64,70.65,72.11,71.69,72.16,70.51,9067869.0,644006073.0,15:35:30,2026-09-24
sz000570,苏常柴Ａ,5.28,0.02,0.38,5.28,5.29,5.26,5.26,5.32,5.21,6611801.0,34995829.0,15:35:45,2026-09-24
sz000571,新大洲A,6.69,-0.04,-0.594,6.68,6.69,6.73,6.81,6.83,6.65,18796024.0,126522641.0,15:36:00,2026-09-24
sz000572,海马汽车,3.88,-0.14,-3.483,3.87,3.88,4.02,3.95,4.06,3.86,101114943.0,397017048.0,15:35:15,2026-09-24
sz000573,粤宏远Ａ,3.78,0.0,0.0,3.78,3.79,3.78,3.76,3.82,3.73,10783500.0,40753337.0,15:35:30,2026-09-24
sz000576,甘化科工,8.27,-0.07,-0.839,8.27,8.28,8.34,8.35,8.41,8.27,6317500.0,52565110.0,15:35:45,2026-09-24
sz000581,威孚高科,18.1,-0.06,-0.33,18.1,18.11,18.16,18.1,18.3,18.08,4301548.0,78277957.0,15:36:00,2026-09-24
sz000582,北部湾港,9.11,-0.28,-2.982,9.1,9.11,9.39,9.36,9.47,9.1,48872376.0,451123997.0,15:35:15,2026-09-24
sz000586,汇源通信,13.41,-0.21,-1.542,13.39,13.41,13.62,13.62,13.73,13.36,4573000.0,61719757.0,15:35:30,2026-09-24
sz000589,贵州轮胎,4.2,-0.02,-0.474,4.2,4.21,4.22,4.22,4.24,4.19,11807920.0,49714751.0,15:35:45,2026-09-24
sz000590,古汉医药,8.97,-0.08,-0.884,8.97,8.99,9.05,9.0,9.12,8.96,2104402.0,18981291.0,15:36:00,2026-09-24
sz000591,太阳能,4.16,-0.04,-0.952,4.15,4.16,4.2,4.18,4.2,4.14,32164806.0,133983719.0,15:35:15,2026-09-24
sz000592,平潭发展,8.78,0.8,10.025,8.78,0.0,7.98,8.02,8.78,7.8,325667313.0,2717291126.0,15:35:30,2026-09-24
sz000593,德龙汇能,21.77,-2.42,-10.004,0.0,21.77,24.19,23.41,23.41,21.77,21931869.0,492443412.0,15:35:45,2026-09-24
sz000595,新能股份,5.49,-0.12,-2.139,5.49,5.5,5.61,5.61,5.74,5.48,28123729.0,156928176.0,15:36:00,2026-09-24
sz000596,古井贡酒,91.66,-5.14,-5.31,91.65,91.66,96.8,95.98,96.5,91.5,3283473.0,306053808.0,15:35:15,2026-09-24
sz000597,东北制药,4.71,-0.07,-1.464,4.7,4.71,4.78,4.77,4.8,4.69,7652120.0,36149181.0,15:35:30,2026-09-24
sz000598,兴蓉环境,7.05,-0.01,-0.142,7.05,7.06,7.06,7.06,7.1,7.02,9707700.0,68474898.0,15:35:45,2026-09-24
sz000599,青岛双星,4.45,-0.03,-0.67,4.45,4.46,4.48,4.48,4.51,4.44,8083978.0,36138917.0,15:36:00,2026-09-24
sz000600,建投能源,7.08,-0.13,-1.803,7.08,7.09,7.21,7.2,7.23,7.07,14036881.0,99994406.0,15:35:15,2026-09-24
sz000601,韶能股份,6.0,-0.01,-0.166,5.99,6.0,6.01,6.02,6.03,5.96,18234100.0,109246662.0,15:35:30,2026-09-24
sz000603,盛达资源,32.12,-1.66,-4.914,32.11,32.12,33.78,32.66,32.93,32.04,25919521.0,838691221.0,15:35:45,2026-09-24
sz000605,渤海股份,5.95,0.07,1.19,5.95,5.96,5.88,5.88,5.98,5.84,3029300.0,17946552.0,15:36:00,2026-09-24
sz000607,华媒控股,4.03,-0.45,-10.045,0.0,4.03,4.48,4.2,4.3,4.03,118759776.0,488481951.0,15:35:15,2026-09-24
sz000608,阳光股份,7.19,0.19,2.714,7.18,7.19,7.0,6.96,7.25,6.81,22949211.0,161271785.0,15:35:30,2026-09-24
sz000609,*ST中迪,9.94,-0.07,-0.699,9.93,9.94,10.01,10.0,10.0,9.8,3100000.0,30685941.0,15:35:45,2026-09-24
sz000610,*ST西旅,7.4,-0.17,-2.246,7.4,7.41,7.57,7.49,7.75,7.38,9241400.0,69398062.0,15:36:00,2026-09-24
sz000612,焦作万方,10.71,-0.23,-2.102,10.71,10.72,10.94,10.88,11.07,10.7,30777224.0,333558459.0,15:35:15,2026-09-24
sz000615,*ST美谷,3.2,-0.02,-0.621,3.2,3.21,3.22,3.2,3.22,3.16,2797699.0,8944339.0,15:35:30,2026-09-24
sz000617,中油资本,6.67,-0.08,-1.185,6.67,6.68,6.75,6.77,6.78,6.66,43591193.0,291914607.0,15:35:45,2026-09-24
sz000619,海螺新材,5.23,-0.02,-0.381,5.22,5.23,5.25,5.26,5.3,5.2,4973887.0,26022942.0,15:36:00,2026-09-24
sz000620,盈新发展,3.13,-0.15,-4.573,3.13,3.14,3.28,3.25,3.27,3.12,304329027.0,961352963.0,15:35:15,2026-09-24
sz000623,吉林敖东,17.48,-0.25,-1.41,17.48,17.49,17.73,17.69,17.76,17.43,5681048.0,99754426.0,15:35:30,2026-09-24
sz000625,长安汽车,7.03,-0.09,-1.264,7.03,7.04,7.12,7.09,7.12,7.03,40129460.0,283236091.0,15:35:45,2026-09-24
sz000626,远大控股,8.96,-0.41,-4.376,8.96,8.97,9.37,9.28,9.31,8.86,14485700.0,130482242.0,15:36:00,2026-09-24
sz000628,高新发展,57.78,-1.69,-2.842,57.78,57.79,59.47,59.12,59.59,57.29,6842261.0,397828886.0,15:35:15,2026-09-24
sz000629,钒钛股份,2.83,-0.06,-2.076,2.83,2.84,2.89,2.88,2.89,2.83,68211749.0,194236615.0,15:35:30,2026-09-24
sz000630,铜陵有色,5.89,-0.23,-3.758,5.89,5.9,6.12,6.04,6.05,5.88,211656908.0,1258280607.0,15:35:45,2026-09-24
sz000631,顺发恒能,3.0,-0.05,-1.639,3.0,3.01,3.05,3.03,3.06,2.99,14959961.0,45102651.0,15:36:00,2026-09-24
sz000632,ST三木,3.75,0.04,1.078,3.75,3.76,3.71,3.67,3.84,3.67,9766600.0,36703090.0,15:35:15,2026-09-24
sz000633,合金投资,5.25,0.01,0.191,5.25,5.27,5.24,5.22,5.32,5.2,5296600.0,27928926.0,15:35:30,2026-09-24
sz000635,英 力 特,7.49,0.05,0.672,7.48,7.49,7.44,7.4,7.54,7.38,9968900.0,74494061.0,15:35:45,2026-09-24
sz000636,风华高科,56.02,-2.72,-4.631,56.01,56.02,58.74,57.9,59.68,56.0,80302246.0,4596275387.0,15:36:00,2026-09-24
sz000637,茂化实华,4.22,0.06,1.442,4.22,4.23,4.16,4.16,4.31,4.11,11128689.0,46768931.0,15:35:15,2026-09-24
sz000639,ST西王,1.53,0.0,0.0,1.53,1.54,1.53,1.52,1.56,1.52,29138934.0,44802369.0,15:35:30,2026-09-24
sz000650,仁和药业,5.13,-0.06,-1.156,5.13,5.14,5.19,5.19,5.22,5.12,13240333.0,68247225.0,15:35:45,2026-09-24
sz000651,格力电器,38.5,0.14,0.365,38.49,38.5,38.36,38.23,38.73,38.23,25241336.0,972664117.0,15:36:00,2026-09-24
sz000652,泰达股份,3.31,-0.02,-0.601,3.3,3.31,3.33,3.34,3.35,3.28,9409232.0,31139107.0,15:35:15,2026-09-24
sz000655,金岭矿业,7.1,-0.05,-0.699,7.09,7.1,7.15,7.11,7.18,7.07,3979800.0,28295417.0,15:35:30,2026-09-24
sz000656,金科股份,1.23,-0.03,-2.381,1.23,1.24,1.26,1.25,1.28,1.23,213408717.0,266345319.0,15:35:45,2026-09-24
sz000657,中钨高新,57.18,-1.98,-3.347,57.17,57.18,59.16,58.62,59.06,57.0,36160219.0,2088798410.0,15:36:00,2026-09-24
sz000659,珠海中富,2.7,-0.01,-0.369,2.69,2.7,2.71,2.71,2.75,2.68,20736430.0,56077191.0,15:35:15,2026-09-24
sz000661,长春高新,70.85,-2.4,-3.276,70.85,70.88,73.25,72.8,73.2,70.7,4591699.0,327961399.0,15:35:30,2026-09-24
sz000663,永安林业,6.08,0.16,2.703,6.08,6.09,5.92,5.94,6.13,5.88,12294200.0,73893322.0,15:35:45,2026-09-24
sz000665,湖北广电,4.08,0.04,0.99,4.07,4.08,4.04,4.05,4.29,4.0,34732933.0,142602069.0,15:36:00,2026-09-24
sz000668,荣丰控股,18.35,0.91,5.218,18.35,18.41,17.44,17.13,19.0,17.07,9243471.0,168675490.0,15:35:15,2026-09-24
sz000669,ST金鸿,4.2,0.0,0.0,4.2,4.21,4.2,4.2,4.29,4.2,3067000.0,13015631.0,15:35:30,2026-09-24
sz000670,盈方微,7.93,0.37,4.894,7.93,7.94,7.56,7.47,8.25,7.47,96668110.0,761960825.0,15:35:45,2026-09-24
sz000672,上峰材料,15.56,0.1,0.647,15.56,15.57,15.46,15.65,16.03,15.55,26284247.0,415501770.0,15:36:00,2026-09-24
sz000676,智度股份,6.8,-0.45,-6.207,6.8,6.81,7.25,7.14,7.3,6.79,151901610.0,1062887069.0,15:35:15,2026-09-24
sz000677,ST海龙,1.8,0.03,1.695,1.79,1.8,1.77,1.79,1.84,1.78,16419001.0,29700893.0,15:35:30,2026-09-24
sz000678,襄阳轴承,9.68,0.88,10.0,9.68,0.0,8.8,8.77,9.68,8.73,26675053.0,256643527.0,15:35:45,2026-09-24
sz000679,大连友谊,6.48,-0.01,-0.154,6.46,6.48,6.49,6.45,6.56,6.39,4468300.0,28871942.0,15:36:00,2026-09-24
sz000680,山推股份,9.04,-0.24,-2.586,9.04,9.05,9.28,9.26,9.34,9.01,18857610.0,171925837.0,15:35:15,2026-09-24
sz000681,视觉中国,15.96,-0.28,-1.724,15.96,15.97,16.24,16.16,16.35,15.95,13856805.0,222978300.0,15:35:30,2026-09-24
sz000682,东方电子,10.4,-0.24,-2.256,10.4,10.41,10.64,10.59,10.68,10.36,8404619.0,88136939.0,15:35:45,2026-09-24
sz000683,博源化工,5.54,-0.08,-1.423,5.54,5.55,5.62,5.6,5.64,5.53,31982700.0,178305053.0,15:36:00,2026-09-24
sz000685,中山公用,10.81,-0.04,-0.369,10.81,10.82,10.85,10.83,10.88,10.79,8063553.0,87296947.0,15:35:15,2026-09-24
sz000686,东北证券,7.64,-0.1,-1.292,7.63,7.64,7.74,7.73,7.74,7.62,10980360.0,84250705.0,15:35:30,2026-09-24
sz000688,国城矿业,24.94,-0.6,-2.349,24.94,24.95,25.54,25.42,25.7,24.92,12552824.0,315695315.0,15:35:45,2026-09-24
sz000690,宝新能源,5.06,0.04,0.797,5.05,5.06,5.02,5.0,5.08,4.97,35137403.0,177046183.0,15:36:00,2026-09-24
sz000691,亚太实业,9.08,-0.2,-2.155,9.08,9.09,9.28,9.24,9.28,9.0,6138750.0,55952560.0,15:35:15,2026-09-24
sz000692,惠天热电,4.12,0.0,0.0,4.11,4.12,4.12,4.1,4.16,4.08,6066200.0,24970405.0,15:35:30,2026-09-24
sz000695,滨海能源,12.71,-0.2,-1.549,12.71,12.72,12.91,12.91,13.07,12.68,2952100.0,37823203.0,15:35:45,2026-09-24
sz000697,炼石航空,8.91,-0.16,-1.764,8.9,8.91,9.07,9.08,9.17,8.9,4432200.0,40011849.0,15:36:00,2026-09-24
sz000698,ST沈化,3.66,0.03,0.826,3.65,3.66,3.63,3.63,3.67,3.63,2887900.0,10529987.0,15:35:15,2026-09-24
sz000700,模塑科技,12.47,0.41,3.4,12.46,12.47,12.06,12.13,12.62,11.97,69694179.0,863633445.0,15:35:30,2026-09-24
sz000701,厦门信达,5.46,0.33,6.433,5.45,5.46,5.13,5.13,5.53,5.1,28059900.0,149078463.0,15:35:45,2026-09-24
sz000702,正虹科技,5.69,0.02,0.353,5.68,5.69,5.67,5.63,5.76,5.62,5100700.0,28989353.0,15:36:00,2026-09-24
sz000703,恒逸石化,17.24,-0.15,-0.863,17.23,17.24,17.39,17.38,17.69,17.08,58356763.0,1010281604.0,15:35:15,2026-09-24
sz000705,浙江震元,7.02,0.01,0.143,7.02,7.03,7.01,7.01,7.16,6.99,5145200.0,36205825.0,15:35:30,2026-09-24
sz000707,双环科技,4.57,0.07,1.556,4.56,4.57,4.5,4.48,4.73,4.47,11295700.0,52220807.0,15:35:45,2026-09-24
sz000708,中信特钢,12.92,-0.04,-0.309,12.92,12.93,12.96,12.93,13.0,12.88,7128493.0,92241699.0,15:36:00,2026-09-24
sz000709,河钢股份,2.01,-0.02,-0.985,2.0,2.01,2.03,2.04,2.04,2.0,74540148.0,150296390.0,15:35:15,2026-09-24
sz000710,贝瑞基因,11.01,1.0,9.99,11.01,0.0,10.01,9.81,11.01,9.8,28370000.0,306196897.0,15:35:30,2026-09-24
sz000711,京蓝科技,4.82,0.0,0.0,4.82,4.83,4.82,4.77,4.86,4.75,48531000.0,233378793.0,15:35:45,2026-09-24
sz000712,锦龙股份,9.98,-0.3,-2.918,9.97,9.98,10.28,10.2,10.24,9.93,35319166.0,354253566.0,15:36:00,2026-09-24
sz000713,国投丰乐,6.35,-0.24,-3.642,6.35,6.36,6.59,6.61,6.66,6.31,19771440.0,127074611.0,15:35:15,2026-09-24
sz000715,中兴商业,5.3,0.0,0.0,5.3,5.32,5.3,5.3,5.38,5.25,5137110.0,27329898.0,15:35:30,2026-09-24
sz000716,黑芝麻,4.97,-0.04,-0.798,4.97,4.98,5.01,5.02,5.05,4.96,15877241.0,79343681.0,15:35:45,2026-09-24
sz000717,中南股份,2.13,-0.02,-0.93,2.13,2.14,2.15,2.14,2.16,2.11,21877155.0,46527588.0,15:36:00,2026-09-24
sz000718,苏宁环球,2.04,-0.03,-1.449,2.04,2.05,2.07,2.06,2.08,2.0,36691275.0,74717625.0,15:35:15,2026-09-24
sz000719,中原传媒,12.09,-0.12,-0.983,12.09,12.1,12.21,12.15,12.35,12.07,3369481.0,41153108.0,15:35:30,2026-09-24
sz000720,新能泰山,3.62,-0.03,-0.822,3.61,3.62,3.65,3.68,3.68,3.6,23594800.0,85544121.0,15:35:45,2026-09-24
sz000721,西安饮食,6.13,-0.14,-2.233,6.12,6.13,6.27,6.23,6.27,6.08,14160399.0,86905944.0,15:36:00,2026-09-24
sz000722,湖南发展,13.29,-0.17,-1.263,13.28,13.29,13.46,13.46,13.54,13.17,15105101.0,202018566.0,15:35:15,2026-09-24
sz000723,美锦能源,3.52,0.0,0.0,3.52,3.53,3.52,3.51,3.58,3.5,40547641.0,143562933.0,15:35:30,2026-09-24
sz000725,京东方Ａ,5.85,-0.17,-2.824,5.84,5.85,6.02,5.97,6.03,5.83,1075320074.0,6351389728.0,15:35:45,2026-09-24
sz000726,鲁 泰Ａ,6.07,0.05,0.831,6.06,6.07,6.02,6.02,6.1,6.0,5613564.0,34023012.0,15:36:00,2026-09-24
sz000727,冠捷科技,2.17,-0.03,-1.364,2.17,2.18,2.2,2.2,2.21,2.16,65135000.0,141913635.0,15:35:15,2026-09-24
sz000728,国元证券,7.29,-0.12,-1.619,7.28,7.29,7.41,7.4,7.41,7.28,17502606.0,128212598.0,15:35:30,2026-09-24
sz000729,燕京啤酒,10.78,-0.22,-2.0,10.78,10.79,11.0,10.97,11.08,10.72,20166819.0,218862727.0,15:35:45,2026-09-24
sz000731,四川美丰,7.94,-0.24,-2.934,7.94,7.95,8.18,8.23,8.23,7.91,14771383.0,118598125.0,15:36:00,2026-09-24
sz000733,振华科技,40.9,-0.5,-1.208,40.9,40.91,41.4,41.19,41.65,40.9,8137479.0,334477653.0,15:35:15,2026-09-24
sz000735,罗 牛 山,5.64,-0.16,-2.759,5.63,5.64,5.8,5.79,5.83,5.61,41579115.0,236378898.0,15:35:30,2026-09-24
sz000736,中交发展,4.6,-0.14,-2.954,4.6,4.61,4.74,4.67,4.78,4.6,21647598.0,100877822.0,15:35:45,2026-09-24
sz000737,北方铜业,13.96,-0.86,-5.803,13.95,13.96,14.82,14.7,14.74,13.95,86978630.0,1233152243.0,15:36:00,2026-09-24
sz000738,航发控制,18.81,-0.38,-1.98,18.8,18.81,19.19,19.16,19.17,18.7,8826176.0,166547220.0,15:35:15,2026-09-24
sz000739,普洛药业,25.3,-0.02,-0.079,25.29,25.3,25.32,25.13,25.68,24.82,15766274.0,399584522.0,15:35:30,2026-09-24
sz000750,国海证券,3.61,-0.05,-1.366,3.6,3.61,3.66,3.66,3.66,3.59,36036370.0,130416421.0,15:35:45,2026-09-24
sz000751,锌业股份,4.45,-0.13,-2.838,4.45,4.46,4.58,4.54,4.55,4.44,20985084.0,94038881.0,15:36:00,2026-09-24
sz000752,*ST西发,8.96,0.23,2.635,8.95,8.96,8.73,8.71,9.09,8.66,3767100.0,33553933.0,15:35:15,2026-09-24
sz000753,漳州发展,5.35,0.49,10.082,5.35,0.0,4.86,4.86,5.35,4.83,86539641.0,445872835.0,15:35:30,2026-09-24
sz000755,山西高速,4.66,0.02,0.431,4.66,4.67,4.64,4.63,4.69,4.62,3214563.0,14990612.0,15:35:45,2026-09-24
sz000756,新华制药,13.92,-0.61,-4.198,13.92,13.93,14.53,14.29,15.0,13.84,69319470.0,991805171.0,15:36:00,2026-09-24
sz000757,浩物股份,4.3,-0.04,-0.922,4.29,4.3,4.34,4.33,4.34,4.26,9015400.0,38773891.0,15:35:15,2026-09-24
sz000758,中色股份,5.8,-0.19,-3.172,5.8,5.81,5.99,5.94,5.96,5.8,22221626.0,130168058.0,15:35:30,2026-09-24
sz000759,中百集团,6.39,-0.13,-1.994,6.38,6.39,6.52,6.62,6.71,6.37,65238600.0,422594735.0,15:35:45,2026-09-24
sz000761,本钢板材,2.21,-0.01,-0.45,2.21,2.22,2.22,2.21,2.23,2.18,17726034.0,38921583.0,15:36:00,2026-09-24
sz000762,西藏矿业,20.95,-0.49,-2.285,20.95,20.96,21.44,21.2,21.35,20.92,6472280.0,136453907.0,15:35:15,2026-09-24
sz000766,通化金马,15.19,-0.24,-1.555,15.18,15.19,15.43,15.3,15.53,15.16,9420400.0,143906885.0,15:35:30,2026-09-24
sz000767,晋控电力,3.29,-0.01,-0.303,3.29,3.3,3.3,3.29,3.32,3.26,42494894.0,140134458.0,15:35:45,2026-09-24
sz000768,中航西飞,22.1,-0.61,-2.686,22.1,22.11,22.71,22.63,22.77,22.06,18065061.0,402871327.0,15:36:00,2026-09-24
sz000776,广发证券,20.37,-0.46,-2.208,20.36,20.37,20.83,20.74,20.74,20.26,37958398.0,776173109.0,15:35:15,2026-09-24
sz000777,中核科技,16.37,-0.1,-0.607,16.37,16.38,16.47,16.53,16.56,16.37,2208800.0,36292256.0,15:35:30,2026-09-24
sz000778,新兴铸管,3.57,-0.02,-0.557,3.56,3.57,3.59,3.58,3.6,3.56,23709778.0,84784791.0,15:35:45,2026-09-24
sz000779,甘咨询,8.58,-0.11,-1.266,8.58,8.59,8.69,8.66,8.79,8.55,19897645.0,171581680.0,15:36:00,2026-09-24
sz000782,恒申新材,8.21,-0.12,-1.441,8.21,8.22,8.33,8.33,8.4,8.16,10714400.0,88635172.0,15:35:15,2026-09-24
sz000783,长江证券,8.28,-0.18,-2.128,8.27,8.28,8.46,8.41,8.44,8.28,50279721.0,418789314.0,15:35:30,2026-09-24
sz000785,居然智家,2.3,0.04,1.77,2.3,2.31,2.26,2.25,2.41,2.21,116405848.0,266796004.0,15:35:45,2026-09-24
sz000786,北新建材,15.91,-0.14,-0.872,15.9,15.91,16.05,16.0,16.11,15.81,15136273.0,241022646.0,15:36:00,2026-09-24
sz000788,北大医药,5.38,-0.03,-0.555,5.37,5.38,5.41,5.41,5.47,5.34,8467900.0,45713109.0,15:35:15,2026-09-24
sz000789,万年青,4.11,-0.07,-1.675,4.11,4.12,4.18,4.15,4.19,4.07,6865002.0,28278156.0,15:35:30,2026-09-24
sz000790,华神科技,4.68,0.43,10.118,4.68,0.0,4.25,4.23,4.68,4.19,33701615.0,154808991.0,15:35:45,2026-09-24
sz000791,甘肃能源,7.05,-0.08,-1.122,7.05,7.06,7.13,7.13,7.15,7.04,12961804.0,91737155.0,15:36:00,2026-09-24
sz000792,盐湖股份,23.7,-0.78,-3.186,23.7,23.71,24.48,24.4,24.43,23.7,50140201.0,1200572281.0,15:35:15,2026-09-24
sz000793,ST华闻,2.03,-0.02,-0.976,2.03,2.04,2.05,2.05,2.06,2.03,7572927.0,15464541.0,15:35:30,2026-09-24
sz000795,英洛华,8.52,0.2,2.404,8.51,8.52,8.32,8.34,8.79,8.2,22149479.0,187847377.0,15:35:45,2026-09-24
sz000796,凯撒旅业,3.59,-0.11,-2.973,3.58,3.59,3.7,3.68,3.68,3.56,39855833.0,143603194.0,15:36:00,2026-09-24
sz000797,中国武夷,2.78,0.1,3.731,2.78,2.79,2.68,2.66,2.81,2.58,80285072.0,215498234.0,15:35:15,2026-09-24
sz000798,中水渔业,9.98,-0.11,-1.09,9.97,9.98,10.09,10.07,10.17,9.92,13347000.0,133575151.0,15:35:30,2026-09-24
sz000799,酒鬼酒,36.66,-1.02,-2.707,36.66,36.67,37.68,37.25,37.51,36.66,4205558.0,155469121.0,15:35:45,2026-09-24
sz000800,一汽解放,5.86,-0.07,-1.18,5.86,5.87,5.93,5.92,5.98,5.85,11251322.0,66300366.0,15:36:00,2026-09-24
sz000801,四川九洲,11.85,-0.02,-0.168,11.85,11.86,11.87,11.9,12.04,11.81,6264100.0,74612948.0,15:35:15,2026-09-24
sz000802,北京文化,3.91,0.02,0.514,3.91,3.92,3.89,3.92,4.03,3.86,68602083.0,268997167.0,15:35:30,2026-09-24
sz000803,山高环能,7.17,0.08,1.128,7.16,7.17,7.09,7.17,7.3,7.08,10937152.0,78423126.0,15:35:45,2026-09-24
sz000807,云铝股份,26.03,-0.55,-2.069,26.02,26.03,26.58,26.51,26.64,25.96,50361477.0,1317793612.0,15:36:00,2026-09-24
sz000809,和展能源,3.46,0.11,3.284,3.46,3.47,3.35,3.36,3.68,3.32,42759433.0,149524457.0,15:35:15,2026-09-24
sz000810,创维数字,9.35,-0.16,-1.682,9.34,9.35,9.51,9.45,9.54,9.33,9947400.0,93550897.0,15:35:30,2026-09-24
sz000811,冰轮环境,39.45,-0.38,-0.954,39.45,39.46,39.83,39.82,40.77,39.16,36818815.0,1466402724.0,15:35:45,2026-09-24
sz000812,陕西金叶,3.73,0.06,1.635,3.72,3.73,3.67,3.72,3.87,3.68,23659600.0,88412406.0,15:36:00,2026-09-24
sz000813,德展健康,3.2,-0.03,-0.929,3.19,3.2,3.23,3.23,3.27,3.18,19040575.0,61213077.0,15:35:15,2026-09-24
sz000815,美利云,15.27,-0.55,-3.477,15.26,15.27,15.82,15.6,15.72,15.26,27758759.0,428068701.0,15:35:30,2026-09-24
sz000816,智慧农业,2.86,-0.02,-0.694,2.85,2.86,2.88,2.88,2.88,2.81,39077600.0,111210673.0,15:35:45,2026-09-24
sz000818,航锦科技,11.86,-0.15,-1.249,11.85,11.86,12.01,12.01,12.01,11.81,7903809.0,93894753.0,15:36:00,2026-09-24
sz000819,岳阳兴长,12.05,-0.23,-1.873,12.05,12.06,12.28,12.25,12.34,12.05,2375097.0,28884106.0,15:35:15,2026-09-24
sz000820,神雾节能,3.58,0.0,0.0,3.57,3.58,3.58,3.59,3.62,3.53,10831168.0,38671910.0,15:35:30,2026-09-24
sz000821,ST京机,7.45,-0.12,-1.585,7.45,7.46,7.57,7.58,7.58,7.39,4849530.0,36229397.0,15:35:45,2026-09-24
sz000822,山东海化,4.22,0.01,0.238,4.21,4.22,4.21,4.2,4.25,4.18,6366062.0,26881852.0,15:36:00,2026-09-24
sz000823,超声电子,24.48,-2.72,-10.0,0.0,24.48,27.2,26.1,26.62,24.48,129378250.0,3267359876.0,15:35:15,2026-09-24
sz000825,太钢不锈,3.34,-0.04,-1.183,3.34,3.35,3.38,3.38,3.39,3.33,28501434.0,95561802.0,15:35:30,2026-09-24
sz000826,*ST启环,1.78,-0.06,-3.261,1.78,1.79,1.84,1.75,1.83,1.75,19687677.0,35233159.0,15:35:45,2026-09-24
sz000828,东莞控股,10.04,-0.07,-0.692,10.04,10.05,10.11,10.11,10.13,9.98,3564700.0,35816860.0,15:36:00,2026-09-24
sz000829,天音控股,9.32,0.26,2.87,9.31,9.32,9.06,9.05,9.45,8.93,41466795.0,382731328.0,15:35:15,2026-09-24
sz000830,鲁西化工,11.57,-0.28,-2.363,11.57,11.58,11.85,11.85,11.88,11.55,20110745.0,234281272.0,15:35:30,2026-09-24
sz000831,中国稀土,53.9,0.27,0.503,53.9,53.91,53.63,53.33,54.0,52.8,16835113.0,899017519.0,15:35:45,2026-09-24
sz000833,粤桂股份,19.05,-0.25,-1.295,19.04,19.05,19.3,19.4,19.48,19.03,13120220.0,251875771.0,15:36:00,2026-09-24
sz000837,秦川机床,9.61,-0.05,-0.518,9.61,9.62,9.66,9.65,9.76,9.6,6952179.0,67352309.0,15:35:15,2026-09-24
sz000838,*ST发展,2.31,-0.08,-3.347,2.31,2.32,2.39,2.37,2.39,2.27,39061800.0,90071914.0,15:35:30,2026-09-24
sz000839,国安股份,2.83,0.01,0.355,2.83,2.84,2.82,2.82,2.87,2.79,75421748.0,213255715.0,15:35:45,2026-09-24
sz000848,承德露露,8.06,-0.2,-2.421,8.05,8.06,8.26,8.26,8.29,8.02,14383217.0,117086580.0,15:36:00,2026-09-24
sz000850,华茂股份,5.12,0.47,10.108,5.12,0.0,4.65,5.12,5.12,5.12,13699436.0,70141112.0,15:35:15,2026-09-24
sz000852,石化机械,5.32,-0.06,-1.115,5.32,5.33,5.38,5.37,5.41,5.3,11346525.0,60743338.0,15:35:30,2026-09-24
sz000856,冀东装备,8.81,0.01,0.114,8.81,8.82,8.8,8.81,8.9,8.66,2810300.0,24770763.0,15:35:45,2026-09-24
sz000858,五 粮 液,69.67,-0.67,-0.953,69.67,69.68,70.34,70.1,70.26,69.58,13178634.0,919684327.0,15:36:00,2026-09-24
sz000859,国风新材,9.02,-0.33,-3.529,9.01,9.02,9.35,9.23,9.47,9.02,33183835.0,304022836.0,15:35:15,2026-09-24
sz000860,顺鑫农业,10.09,-0.35,-3.352,10.08,10.09,10.44,10.4,10.48,10.05,12486561.0,127265833.0,15:35:30,2026-09-24
sz000862,银星能源,5.23,-0.03,-0.57,5.22,5.23,5.26,5.28,5.3,5.19,8887940.0,46623618.0,15:35:45,2026-09-24
sz000863,三湘印象,4.52,0.07,1.573,4.52,4.53,4.45,4.44,4.62,4.33,31758243.0,141377435.0,15:36:00,2026-09-24
sz000868,安凯客车,3.99,-0.14,-3.39,3.98,3.99,4.13,4.06,4.1,3.97,68492891.0,275403242.0,15:35:15,2026-09-24
sz000869,张 裕Ａ,16.94,-0.45,-2.588,16.94,16.95,17.39,17.39,17.57,16.9,3259400.0,55900503.0,15:35:30,2026-09-24
sz000875,电投绿能,4.62,-0.1,-2.119,4.62,4.63,4.72,4.73,4.73,4.6,29354717.0,136606680.0,15:35:45,2026-09-24
sz000876,新 希 望,6.92,-0.11,-1.565,6.92,6.93,7.03,7.0,7.04,6.91,27671297.0,192423404.0,15:36:00,2026-09-24
sz000877,天山股份,3.77,-0.17,-4.315,3.77,3.78,3.94,3.86,3.87,3.74,60471312.0,229552063.0,15:35:15,2026-09-24
sz000878,云南铜业,16.36,-0.92,-5.324,16.35,16.36,17.28,17.06,17.09,16.35,45386115.0,754483908.0,15:35:30,2026-09-24
sz000880,潍柴重机,25.19,-0.1,-0.395,25.18,25.19,25.29,25.19,25.56,24.87,12596715.0,317409179.0,15:35:45,2026-09-24
sz000881,中广核技,6.48,-0.07,-1.069,6.48,6.49,6.55,6.54,6.57,6.45,5047791.0,32791233.0,15:36:00,2026-09-24
sz000882,华联股份,1.5,-0.04,-2.597,1.5,1.51,1.54,1.53,1.56,1.48,79174284.0,119643289.0,15:35:15,2026-09-24
sz000883,湖北能源,4.34,-0.02,-0.459,4.34,4.35,4.36,4.36,4.37,4.32,17971900.0,78031024.0,15:35:30,2026-09-24
sz000885,城发环境,11.63,-0.16,-1.357,11.63,11.64,11.79,11.76,11.81,11.63,1743300.0,20407601.0,15:35:45,2026-09-24
sz000886,海南高速,4.61,-0.05,-1.073,4.61,4.62,4.66,4.65,4.67,4.57,9757500.0,44957779.0,15:36:00,2026-09-24
sz000887,中鼎股份,19.38,-0.42,-2.121,19.37,19.38,19.8,19.71,19.87,19.33,16495150.0,322445257.0,15:35:15,2026-09-24
sz000888,峨眉山Ａ,9.22,-0.12,-1.285,9.22,9.23,9.34,9.32,9.36,9.21,4973498.0,46040707.0,15:35:30,2026-09-24
sz000889,中嘉博创,3.7,-0.04,-1.07,3.69,3.7,3.74,3.71,3.77,3.69,21288889.0,79018364.0,15:35:45,2026-09-24
sz000890,法尔胜,7.35,-0.07,-0.943,7.33,7.35,7.42,7.4,7.45,7.3,17007334.0,125249288.0,15:36:00,2026-09-24
sz000892,欢瑞世纪,4.51,-0.04,-0.879,4.51,4.52,4.55,4.45,4.59,4.41,64253698.0,287393855.0,15:35:15,2026-09-24
sz000893,亚钾国际,37.18,-1.8,-4.618,37.18,37.19,38.98,38.84,38.95,37.15,15553123.0,588595245.0,15:35:30,2026-09-24
sz000895,双汇发展,23.18,-0.15,-0.643,23.18,23.19,23.33,23.3,23.4,23.18,5326816.0,123839761.0,15:35:45,2026-09-24
sz000897,津滨发展,1.88,-0.02,-1.053,1.87,1.88,1.9,1.91,1.93,1.85,37483971.0,70623263.0,15:36:00,2026-09-24
sz000898,鞍钢股份,1.99,-0.02,-0.995,1.99,2.0,2.01,2.01,2.02,1.98,39329186.0,78360096.0,15:35:15,2026-09-24
sz000899,赣能股份,8.98,-0.12,-1.319,8.97,8.98,9.1,9.1,9.12,8.92,8341136.0,75234168.0,15:35:30,2026-09-24
sz000900,现代投资,3.55,-0.01,-0.281,3.54,3.55,3.56,3.56,3.59,3.54,8082260.0,28781368.0,15:35:45,2026-09-24
sz000901,航天科技,14.06,0.01,0.071,14.06,14.07,14.05,14.02,14.38,13.97,12484100.0,177002568.0,15:36:00,2026-09-24
sz000902,新洋丰,13.71,-0.1,-0.724,13.7,13.71,13.81,13.78,13.88,13.68,3342848.0,45947196.0,15:35:15,2026-09-24
sz000903,ST云动,1.96,-0.01,-0.508,1.96,1.97,1.97,1.98,2.0,1.96,10920900.0,21535040.0,15:35:30,2026-09-24
sz000905,厦门港务,9.81,0.89,9.978,9.81,0.0,8.92,8.96,9.81,8.79,41768871.0,389999405.0,15:35:45,2026-09-24
sz000906,浙商中拓,6.18,0.04,0.651,6.17,6.18,6.14,6.15,6.18,6.09,7558200.0,46412220.0,15:36:00,2026-09-24
sz000908,石药景峰,6.05,0.03,0.498,6.04,6.05,6.02,6.0,6.21,5.98,17237376.0,104764700.0,15:35:15,2026-09-24
sz000909,*ST数源,5.32,-0.14,-2.564,5.32,5.34,5.46,5.45,5.54,5.27,4006700.0,21526576.0,15:35:30,2026-09-24
sz000910,大亚圣象,7.6,0.02,0.264,7.6,7.61,7.58,8.34,8.34,7.43,104530815.0,840876506.0,15:35:45,2026-09-24
sz000911,*ST广糖,5.11,-0.05,-0.969,5.1,5.11,5.16,5.17,5.29,5.08,5829100.0,30091286.0,15:36:00,2026-09-24
sz000912,泸天化,3.93,-0.07,-1.75,3.92,3.93,4.0,4.0,4.03,3.9,28568894.0,112902070.0,15:35:15,2026-09-24
sz000913,钱江摩托,10.54,-0.12,-1.126,10.54,10.56,10.66,10.61,10.72,10.54,2226600.0,23588360.0,15:35:30,2026-09-24
sz000915,华特达因,23.97,-0.25,-1.032,23.96,23.97,24.22,24.22,24.36,23.91,1947400.0,46964448.0,15:35:45,2026-09-24
sz000917,电广传媒,6.84,-0.09,-1.299,6.83,6.84,6.93,6.92,7.01,6.82,14493675.0,99941020.0,15:36:00,2026-09-24
sz000919,金陵药业,6.42,-0.07,-1.079,6.42,6.43,6.49,6.49,6.55,6.41,7149900.0,46170827.0,15:35:15,2026-09-24
sz000920,沃顿科技,12.71,0.3,2.417,12.71,12.72,12.41,12.42,13.1,12.36,31429179.0,401178261.0,15:35:30,2026-09-24
sz000921,海信家电,26.36,-0.11,-0.416,26.36,26.37,26.47,26.47,26.95,26.2,4856600.0,129259708.0,15:35:45,2026-09-24
sz000922,佳电股份,12.17,-0.15,-1.218,12.17,12.18,12.32,12.32,12.35,12.15,5295904.0,64907516.0,15:36:00,2026-09-24
sz000923,河钢资源,15.75,-0.61,-3.729,15.75,15.76,16.36,16.24,16.25,15.74,9957266.0,158816422.0,15:35:15,2026-09-24
sz000925,众合科技,7.93,-0.09,-1.122,7.93,7.94,8.02,8.02,8.09,7.92,11872240.0,94758375.0,15:35:30,2026-09-24
sz000926,福星股份,2.12,-0.07,-3.196,2.11,2.12,2.19,2.16,2.19,2.09,44137740.0,93842781.0,15:35:45,2026-09-24
sz000927,中国铁物,2.43,-0.01,-0.41,2.43,2.44,2.44,2.44,2.47,2.41,37171900.0,90671824.0,15:36:00,2026-09-24
sz000928,中钢国际,5.29,-0.07,-1.306,5.28,5.29,5.36,5.32,5.36,5.27,10413367.0,55243697.0,15:35:15,2026-09-24
sz000929,兰州黄河,9.17,-0.03,-0.326,9.17,9.18,9.2,9.0,9.34,9.0,3890700.0,35759226.0,15:35:30,2026-09-24
sz000930,中粮科技,5.26,-0.16,-2.952,5.25,5.26,5.42,5.4,5.46,5.22,48425993.0,256517883.0,15:35:45,2026-09-24
sz000931,中 关 村,4.52,-0.05,-1.094,4.52,4.53,4.57,4.58,4.61,4.51,11256309.0,51180316.0,15:35:00,2026-09-24
sz000932,华菱钢铁,3.45,-0.09,-2.542,3.45,3.46,3.54,3.51,3.53,3.43,84087630.0,291977187.0,15:35:15,2026-09-24
sz000933,神火股份,25.72,-0.4,-1.531,25.71,25.72,26.12,26.01,26.5,25.63,29698516.0,771650355.0,15:35:30,2026-09-24
sz000935,四川双马,19.99,-0.61,-2.961,19.99,20.0,20.6,20.53,20.54,19.9,4153385.0,83757534.0,15:35:45,2026-09-24
sz000936,华西股份,5.45,-0.09,-1.625,5.44,5.45,5.54,5.52,5.59,5.43,12841460.0,70543317.0,15:35:00,2026-09-24
sz000937,冀中能源,4.42,0.03,0.683,4.41,4.42,4.39,4.37,4.44,4.37,33280149.0,146703172.0,15:35:15,2026-09-24
sz000938,紫光股份,33.4,-0.26,-0.772,33.4,33.41,33.66,33.58,34.05,33.38,91457204.0,3084576845.0,15:35:30,2026-09-24
sz000948,南天信息,13.11,-0.27,-2.018,13.11,13.12,13.38,13.37,13.4,13.11,4612000.0,60831721.0,15:35:45,2026-09-24
sz000949,新乡化纤,6.86,-0.08,-1.153,6.86,6.87,6.94,6.93,6.98,6.85,22556000.0,155715017.0,15:35:00,2026-09-24
sz000950,重药控股,5.19,-0.03,-0.575,5.19,5.2,5.22,5.22,5.27,5.16,12941282.0,67359884.0,15:35:15,2026-09-24
sz000951,中国重汽,19.9,-0.36,-1.777,19.9,19.91,20.26,20.15,20.16,19.73,9651024.0,191834797.0,15:35:30,2026-09-24
sz000952,广济药业,6.48,-0.08,-1.22,6.48,6.5,6.56,6.55,6.65,6.45,4767111.0,31111812.0,15:35:45,2026-09-24
sz000953,中哲精化,6.02,-0.06,-0.987,6.02,6.03,6.08,6.07,6.13,6.0,4112500.0,24864982.0,15:35:00,2026-09-24
sz000955,欣龙控股,4.03,0.07,1.768,4.03,4.04,3.96,3.96,4.06,3.94,11475505.0,46164068.0,15:35:15,2026-09-24
sz000957,中通客车,9.68,-0.17,-1.726,9.67,9.68,9.85,9.79,9.89,9.64,9182138.0,89369550.0,15:35:30,2026-09-24
sz000958,电投产融,5.03,0.0,0.0,5.03,5.04,5.03,5.05,5.06,5.01,7217000.0,36287385.0,15:35:45,2026-09-24
sz000959,首钢股份,3.42,-0.05,-1.441,3.41,3.42,3.47,3.46,3.48,3.39,22315540.0,76331865.0,15:35:00,2026-09-24
sz000960,锡业股份,31.61,-1.67,-5.018,31.61,31.62,33.28,32.83,33.05,31.52,30065525.0,963141196.0,15:35:15,2026-09-24
sz000962,东方钽业,58.52,-2.52,-4.128,58.52,58.53,61.04,60.7,61.04,58.32,13613252.0,802897238.0,15:35:30,2026-09-24
sz000963,华东医药,26.06,-0.44,-1.66,26.06,26.07,26.5,26.43,26.54,26.05,9250529.0,242328655.0,15:35:45,2026-09-24
sz000965,天保基建,3.31,-0.06,-1.78,3.3,3.31,3.37,3.35,3.39,3.27,19507500.0,64628021.0,15:35:00,2026-09-24
sz000966,长源电力,3.9,0.0,0.0,3.9,3.91,3.9,3.89,3.93,3.86,23812870.0,92876675.0,15:35:15,2026-09-24
sz000967,盈峰环境,8.15,0.05,0.617,8.14,8.15,8.1,8.08,8.32,8.01,63765545.0,520509412.0,15:35:30,2026-09-24
sz000968,蓝焰控股,6.85,0.0,0.0,6.84,6.85,6.85,6.88,6.95,6.81,12195588.0,83816809.0,15:35:45,2026-09-24
sz000969,安泰科技,16.86,-0.56,-3.215,16.86,16.87,17.42,17.38,17.4,16.86,18382000.0,313543738.0,15:35:00,2026-09-24
sz000970,中科三环,11.38,-0.19,-1.642,11.38,11.39,11.57,11.57,11.61,11.36,12375129.0,141737101.0,15:35:15,2026-09-24
sz000972,中基健康,3.96,-0.11,-2.703,3.95,3.96,4.07,4.05,4.09,3.95,13108500.0,52378934.0,15:35:30,2026-09-24
sz000973,佛塑科技,11.6,-0.16,-1.361,11.6,11.61,11.76,11.77,11.88,11.6,16093805.0,188570485.0,15:35:45,2026-09-24
sz000975,山金国际,23.17,-1.11,-4.572,23.16,23.17,24.28,23.8,24.09,22.94,48262204.0,1126914325.0,15:35:00,2026-09-24
sz000977,浪潮信息,69.9,-1.37,-1.922,69.9,69.91,71.27,70.85,71.38,69.9,29380727.0,2067843853.0,15:35:15,2026-09-24
sz000978,桂林旅游,7.91,-0.88,-10.011,0.0,7.91,8.79,8.47,8.47,7.91,74518000.0,597634389.0,15:35:30,2026-09-24
sz000980,众泰汽车,2.04,-0.16,-7.273,2.04,2.05,2.2,2.1,2.12,2.01,360166145.0,743521139.0,15:35:45,2026-09-24
sz000981,山子高科,2.74,-0.07,-2.491,2.74,2.75,2.81,2.76,2.82,2.73,408847327.0,1128608342.0,15:35:00,2026-09-24
sz000983,山西焦煤,6.53,0.04,0.616,6.52,6.53,6.49,6.49,6.58,6.44,49398380.0,321788117.0,15:35:15,2026-09-24
sz000985,大庆华科,17.23,-0.1,-0.577,17.23,17.28,17.33,17.41,17.5,17.02,1395300.0,24035440.0,15:35:30,2026-09-24
sz000987,越秀资本,7.26,-0.15,-2.024,7.26,7.27,7.41,7.42,7.43,7.25,17639918.0,128931078.0,15:35:45,2026-09-24
sz000988,华工科技,102.9,-3.16,-2.979,102.89,102.9,106.06,105.42,105.63,102.75,26160102.0,2718936007.0,15:35:00,2026-09-24
sz000989,九芝堂,8.52,-0.15,-1.73,8.51,8.52,8.67,8.61,8.73,8.5,11456300.0,98152360.0,15:35:15,2026-09-24
sz000990,诚志股份,6.34,-0.1,-1.553,6.34,6.35,6.44,6.43,6.47,6.33,23394912.0,149330284.0,15:35:30,2026-09-24
sz000993,闽东电力,19.32,0.5,2.657,19.31,19.32,18.82,18.0,19.8,17.59,104589568.0,1937310438.0,15:35:45,2026-09-24
sz000995,皇台酒业,11.44,-0.37,-3.133,11.44,11.45,11.81,11.81,11.95,11.4,20320900.0,236072892.0,15:35:00,2026-09-24
sz000997,新 大 陆,19.53,-0.17,-0.863,19.53,19.55,19.7,19.53,19.78,19.4,9016900.0,176849455.0,15:35:15,2026-09-24
sz000998,隆平高科,8.68,-0.21,-2.362,8.68,8.69,8.89,8.9,8.98,8.67,19858678.0,174449370.0,15:35:30,2026-09-24
sz000999,华润三九,23.39,-0.37,-1.557,23.39,23.4,23.76,23.7,23.81,23.35,7231186.0,170082874.0,15:35:45,2026-09-24
sz001201,东瑞股份,14.66,-1.36,-8.489,14.65,14.66,16.02,15.93,16.0,14.51,15420712.0,231727497.0,15:35:00,2026-09-24
sz001202,炬申股份,15.08,0.04,0.266,15.08,15.09,15.04,15.13,15.13,14.81,1318750.0,19756304.0,15:35:15,2026-09-24
sz001203,大中矿业,23.11,-0.47,-1.993,23.11,23.13,23.58,23.35,23.66,23.11,8710282.0,203413808.0,15:35:30,2026-09-24
sz001205,盛航股份,14.61,0.09,0.62,14.6,14.61,14.52,14.55,14.7,14.5,2052300.0,29955400.0,15:35:45,2026-09-24
sz001206,依依股份,17.0,-0.04,-0.235,16.99,17.0,17.04,17.09,17.31,16.96,2385716.0,40809983.0,15:35:00,2026-09-24
sz001207,联科科技,18.55,0.34,1.867,18.54,18.55,18.21,18.06,18.81,18.01,6669332.0,123865274.0,15:35:15,2026-09-24
sz001208,华菱线缆,13.62,0.14,1.039,13.62,13.63,13.48,13.43,13.92,13.38,10929200.0,149543817.0,15:35:30,2026-09-24
sz001209,洪兴股份,19.0,-0.08,-0.419,19.0,19.02,19.08,19.0,19.63,18.97,4010580.0,77056330.0,15:35:45,2026-09-24
sz001210,金房能源,28.77,-0.33,-1.134,28.77,28.79,29.1,28.99,29.36,28.62,3247650.0,93951106.0,15:35:00,2026-09-24
sz001211,双枪科技,25.68,-0.38,-1.458,25.67,25.68,26.06,25.88,26.55,25.52,4511740.0,116860707.0,15:35:15,2026-09-24
sz001212,中旗新材,38.27,-0.56,-1.442,38.27,38.29,38.83,38.66,39.48,37.83,7974635.0,307345886.0,15:35:30,2026-09-24
sz001213,中铁特货,3.49,0.01,0.287,3.48,3.49,3.48,3.49,3.51,3.47,4158800.0,14512928.0,15:35:45,2026-09-24
sz001215,千味央厨,33.36,-0.35,-1.038,33.36,33.38,33.71,33.61,34.29,32.88,2509421.0,83648862.0,15:35:00,2026-09-24
sz001216,华瓷股份,28.4,0.09,0.318,28.4,28.41,28.31,28.05,29.5,27.8,42857961.0,1222641481.0,15:35:15,2026-09-24
sz001217,华尔泰,11.03,0.03,0.273,11.03,11.04,11.0,10.93,11.14,10.93,3461100.0,38209969.0,15:35:30,2026-09-24
sz001218,丽臣实业,23.8,-0.38,-1.572,23.8,23.83,24.18,24.11,24.21,23.8,1181100.0,28297967.0,15:35:45,2026-09-24
sz001219,青岛食品,12.72,-0.03,-0.235,12.69,12.72,12.75,12.71,12.81,12.6,1623700.0,20614799.0,15:35:00,2026-09-24
sz001220,世盟股份,31.78,-0.17,-0.532,31.78,31.8,31.95,31.98,32.25,31.7,612346.0,19578920.0,15:35:15,2026-09-24
sz001221,悍高集团,34.86,-0.94,-2.626,34.86,34.87,35.8,35.55,35.62,34.86,1762724.0,61998104.0,15:35:30,2026-09-24
sz001222,源飞宠物,15.62,-0.13,-0.825,15.62,15.65,15.75,15.65,15.96,15.56,3157000.0,49795082.0,15:35:45,2026-09-24
sz001223,欧克科技,43.05,-1.51,-3.389,43.05,43.06,44.56,44.26,44.37,42.89,1596316.0,69412300.0,15:35:00,2026-09-24
sz001225,和泰机电,34.6,-2.43,-6.562,34.58,34.6,37.03,36.66,37.07,34.51,1988220.0,70135597.0,15:35:15,2026-09-24
sz001226,拓山重工,46.69,0.19,0.409,46.68,46.69,46.5,46.22,47.44,45.45,1050300.0,48809564.0,15:35:30,2026-09-24
sz001227,兰州银行,2.07,-0.03,-1.429,2.07,2.08,2.1,2.1,2.11,2.07,73470988.0,153453180.0,15:35:45,2026-09-24
sz001228,永泰运,37.42,0.07,0.187,37.4,37.42,37.35,37.25,38.5,36.76,5221905.0,196025900.0,15:35:00,2026-09-24
sz001229,魅视科技,38.68,-0.47,-1.201,38.67,38.68,39.15,38.74,39.97,38.66,2870540.0,112538066.0,15:35:15,2026-09-24
sz001230,劲旅环境,20.31,0.96,4.961,20.28,20.31,19.35,19.22,21.2,19.03,8545884.0,172022635.0,15:35:30,2026-09-24
sz001231,农心科技,22.75,-0.02,-0.088,22.75,22.79,22.77,22.78,22.96,22.46,1076500.0,24456377.0,15:35:45,2026-09-24
sz001232,嘉立创,199.48,-6.37,-3.094,199.48,199.49,205.85,207.88,209.58,199.0,4294472.0,878382631.0,15:35:00,2026-09-24
sz001233,海安集团,45.35,-0.66,-1.434,45.35,45.45,46.01,46.0,46.29,45.3,1617626.0,73982149.0,15:35:15,2026-09-24
sz001234,泰慕士,35.4,3.22,10.006,35.4,0.0,32.18,35.4,35.4,35.4,2272162.0,80434535.0,15:35:30,2026-09-24
sz001236,弘业期货,7.77,-0.02,-0.257,7.74,7.77,7.79,7.76,7.82,7.68,6866400.0,53165071.0,15:35:45,2026-09-24
sz001237,惠康科技,50.56,-0.46,-0.902,50.56,50.57,51.02,50.96,51.16,50.56,739185.0,37547618.0,15:35:00,2026-09-24
sz001238,浙江正特,26.16,-0.26,-0.984,26.13,26.16,26.42,26.42,26.65,26.08,930440.0,24474228.0,15:35:15,2026-09-24
sz001239,永达股份,12.43,0.35,2.897,12.42,12.43,12.08,12.14,13.08,12.08,6532026.0,81884079.0,15:35:30,2026-09-24
sz001248,华润新能,11.69,-0.12,-1.016,11.69,11.7,11.81,11.8,11.85,11.69,26227786.0,308321943.0,15:35:45,2026-09-24
sz001255,博菲电气,27.2,0.2,0.741,27.18,27.2,27.0,26.86,27.4,26.86,898700.0,24323034.0,15:35:00,2026-09-24
sz001256,炜冈科技,21.89,-0.32,-1.441,21.89,21.9,22.21,22.18,22.29,21.82,1322400.0,29141445.0,15:35:15,2026-09-24
sz001257,盛龙股份,22.24,-0.6,-2.627,22.24,22.25,22.84,22.71,22.75,22.07,6914513.0,154994060.0,15:35:30,2026-09-24
sz001258,立新能源,10.44,-0.18,-1.695,10.43,10.44,10.62,10.72,10.72,10.41,45342736.0,474971510.0,15:35:45,2026-09-24
sz001259,利仁科技,45.88,-0.12,-0.261,45.88,45.92,46.0,46.0,47.47,45.14,1200600.0,55524371.0,15:35:00,2026-09-24
sz001260,坤泰股份,19.24,-0.04,-0.207,19.24,19.25,19.28,19.08,19.82,18.89,4528300.0,88005363.0,15:35:15,2026-09-24
sz001266,宏英智能,35.6,-2.02,-5.369,35.6,35.61,37.62,37.25,38.08,35.6,7077959.0,256901232.0,15:35:30,2026-09-24
sz001267,汇绿生态,36.75,-1.06,-2.803,36.75,36.76,37.81,37.6,38.16,36.68,19148656.0,713478707.0,15:35:45,2026-09-24
sz001268,联合精密,25.99,-1.18,-4.343,25.99,26.0,27.17,27.61,27.74,25.8,7719164.0,203682507.0,15:35:00,2026-09-24
sz001269,欧晶科技,19.35,-0.14,-0.718,19.34,19.35,19.49,19.38,19.65,19.25,1586360.0,30829000.0,15:35:15,2026-09-24
sz001270,铖昌科技,99.26,0.07,0.071,99.26,99.3,99.19,99.3,101.49,98.51,5510155.0,551411448.0,15:35:30,2026-09-24
sz001277,速达股份,30.55,-0.08,-0.261,30.5,30.55,30.63,30.6,30.8,30.34,834337.0,25510985.0,15:35:45,2026-09-24
sz001278,一彬科技,16.76,0.05,0.299,16.73,16.76,16.71,16.79,16.85,16.57,2362700.0,39480014.0,15:35:00,2026-09-24
sz001279,强邦新材,26.4,-0.03,-0.114,26.39,26.4,26.43,26.45,26.68,26.4,406242.0,10771412.0,15:35:15,2026-09-24
sz001280,中国铀业,61.36,-1.56,-2.479,61.35,61.36,62.92,62.57,62.57,61.2,3720366.0,229462844.0,15:35:30,2026-09-24
sz001282,三联锻造,16.74,0.22,1.332,16.73,16.74,16.52,16.52,16.97,16.4,5069447.0,85065880.0,15:35:45,2026-09-24
sz001283,豪鹏科技,46.3,-1.27,-2.67,46.3,46.31,47.57,47.4,47.69,46.2,2367040.0,110379614.0,15:35:00,2026-09-24
sz001285,瑞立科密,42.59,-0.19,-0.444,42.59,42.67,42.78,42.72,43.08,42.52,637319.0,27289292.0,15:35:15,2026-09-24
sz001286,陕西能源,9.43,0.0,0.0,9.42,9.43,9.43,9.44,9.47,9.38,11154458.0,105115840.0,15:35:30,2026-09-24
sz001287,中电港,24.42,-0.78,-3.095,24.41,24.42,25.2,25.19,25.19,24.42,14168829.0,349505156.0,15:35:45,2026-09-24
sz001288,运机集团,34.84,1.15,3.413,34.84,34.85,33.69,33.88,35.31,33.19,7979858.0,275406390.0,15:35:00,2026-09-24
sz001289,龙源电力,14.95,-0.04,-0.267,14.95,14.96,14.99,14.94,15.03,14.9,1940541.0,29023757.0,15:35:15,2026-09-24
sz001296,长江材料,19.99,-0.63,-3.055,19.99,20.0,20.62,20.43,20.75,19.95,3756800.0,76162723.0,15:35:30,2026-09-24
sz001298,好上好,16.94,-0.19,-1.109,16.94,16.95,17.13,17.07,17.12,16.88,4711310.0,80000541.0,15:35:45,2026-09-24
sz001299,美能能源,10.16,-0.16,-1.55,10.16,10.17,10.32,10.31,10.46,10.11,7100344.0,72762135.0,15:35:00,2026-09-24
sz001300,三柏硕,12.39,-0.03,-0.242,12.36,12.39,12.42,12.43,12.55,12.26,3208300.0,39772516.0,15:35:15,2026-09-24
sz001301,尚太科技,47.65,-0.98,-2.015,47.64,47.65,48.63,48.48,48.72,47.05,5165062.0,246797290.0,15:35:30,2026-09-24
sz001306,夏厦精密,57.19,0.37,0.651,57.16,57.2,56.82,56.82,58.32,56.45,1218532.0,69899945.0,15:35:45,2026-09-24
sz001308,康冠科技,18.14,-0.11,-0.603,18.14,18.17,18.25,18.19,18.32,18.13,1530568.0,27911416.0,15:35:00,2026-09-24
sz001309,德明利,394.43,-15.89,-3.873,394.43,394.45,410.32,404.01,404.61,393.7,7710991.0,3068260222.0,15:35:15,2026-09-24
sz001311,多利科技,17.14,0.0,0.0,17.14,17.16,17.14,17.04,17.48,17.01,3095304.0,53427447.0,15:35:30,2026-09-24
sz001312,福恩股份,18.35,0.33,1.831,18.34,18.35,18.02,17.99,18.47,17.98,4252993.0,78058634.0,15:35:45,2026-09-24
sz001313,粤海饲料,7.31,-0.15,-2.011,7.31,7.32,7.46,7.43,7.48,7.28,8269900.0,60599119.0,15:35:00,2026-09-24
sz001314,亿道信息,54.67,-1.35,-2.41,54.66,54.67,56.02,55.86,56.37,54.52,2909771.0,161036055.0,15:35:15,2026-09-24
sz001316,润贝航科,27.71,-0.73,-2.567,27.7,27.71,28.44,28.46,28.55,27.28,3504173.0,97056343.0,15:35:30,2026-09-24
sz001317,三羊马,65.3,5.94,10.007,65.29,65.3,59.36,59.24,65.3,58.59,12715064.0,793141125.0,15:35:45,2026-09-24
sz001318,阳光乳业,11.63,-0.07,-0.598,11.62,11.63,11.7,11.66,11.76,11.61,1550500.0,18087400.0,15:35:00,2026-09-24
sz001319,铭科精技,21.33,-0.7,-3.177,21.33,21.35,22.03,22.04,22.22,21.21,2169400.0,46931853.0,15:35:15,2026-09-24
sz001322,箭牌家居,6.51,-0.2,-2.981,6.5,6.51,6.71,6.62,6.72,6.47,15308047.0,100753420.0,15:35:30,2026-09-24
sz001323,慕思股份,17.66,-0.32,-1.78,17.66,17.72,17.98,18.0,18.28,17.64,1224819.0,21870850.0,15:35:45,2026-09-24
sz001324,长青科技,20.67,-0.51,-2.408,20.66,20.67,21.18,21.18,21.28,20.61,3286914.0,68258368.0,15:35:00,2026-09-24
sz001325,元创股份,36.57,-0.33,-0.894,36.57,36.59,36.9,37.01,37.07,36.5,553475.0,20341987.0,15:35:15,2026-09-24
sz001326,联域股份,110.15,3.15,2.944,110.14,110.15,107.0,110.74,112.77,106.04,4764670.0,524239172.0,15:35:30,2026-09-24
sz001328,登康口腔,30.32,0.56,1.882,30.31,30.32,29.76,29.91,31.13,29.7,1714617.0,52442181.0,15:35:45,2026-09-24
sz001330,博纳影业,5.78,0.03,0.522,5.78,5.79,5.75,5.55,5.99,5.55,155241474.0,906490599.0,15:35:00,2026-09-24
sz001331,胜通能源,40.89,-1.89,-4.418,40.85,40.89,42.78,42.5,42.78,40.4,8138182.0,335475109.0,15:35:15,2026-09-24
sz001332,锡装股份,27.19,-0.3,-1.091,27.18,27.19,27.49,27.22,27.95,27.18,2937560.0,80670483.0,15:35:30,2026-09-24
sz001333,光华股份,20.23,-0.37,-1.796,20.21,20.23,20.6,20.53,20.88,20.2,2004209.0,41051284.0,15:35:45,2026-09-24
sz001335,信凯科技,33.63,-0.04,-0.119,33.63,33.66,33.67,33.66,34.06,33.38,824412.0,27827861.0,15:35:00,2026-09-24
sz001336,楚环科技,19.19,-0.25,-1.286,19.19,19.28,19.44,19.44,19.46,19.18,1109400.0,21414999.0,15:35:15,2026-09-24
sz001337,四川黄金,46.71,-2.02,-4.145,46.7,46.71,48.73,48.0,48.0,46.7,7006600.0,330797850.0,15:35:30,2026-09-24
sz001338,永顺泰,9.1,-0.08,-0.871,9.1,9.11,9.18,9.09,9.24,8.98,8006023.0,72790129.0,15:35:45,2026-09-24
sz001339,智微智能,76.18,-3.52,-4.417,76.18,76.19,79.7,79.89,79.89,76.01,4440026.0,343505568.0,15:35:00,2026-09-24
sz001356,富岭股份,9.5,0.04,0.423,9.49,9.5,9.46,9.45,9.65,9.45,4970356.0,47457397.0,15:35:15,2026-09-24
sz001358,兴欣新材,25.48,0.75,3.033,25.47,25.48,24.73,24.68,27.08,24.59,5174862.0,134723638.0,15:35:30,2026-09-24
sz001359,平安电工,87.89,-4.26,-4.623,87.89,87.91,92.15,91.78,91.78,87.61,2143027.0,190395904.0,15:35:45,2026-09-24
sz001360,南矿集团,19.79,-0.46,-2.272,19.79,19.8,20.25,20.33,20.33,19.59,4680200.0,92833517.0,15:35:00,2026-09-24
sz001365,天海电子,36.1,-0.4,-1.096,36.09,36.1,36.5,36.26,36.65,36.07,4412604.0,160629748.0,15:35:15,2026-09-24
sz001366,播恩集团,13.05,-0.04,-0.306,13.05,13.06,13.09,13.0,13.18,12.94,3967300.0,51730267.0,15:35:30,2026-09-24
sz001367,海森药业,21.5,-0.55,-2.494,21.5,21.55,22.05,21.9,22.04,21.36,2196726.0,47590244.0,15:35:45,2026-09-24
sz001368,通达创智,38.0,0.47,1.252,38.0,38.01,37.53,37.52,39.78,35.9,9605845.0,368731421.0,15:35:00,2026-09-24
sz001369,双欣材料,12.3,-0.15,-1.205,12.3,12.31,12.45,12.4,12.45,12.28,4474732.0,55236204.0,15:35:15,2026-09-24
sz001373,翔腾新材,32.3,0.91,2.899,32.29,32.3,31.39,31.24,32.79,30.82,3661444.0,117950822.0,15:35:30,2026-09-24
sz001376,百通能源,13.12,0.7,5.636,13.11,13.12,12.42,12.42,13.33,12.3,42848629.0,555381601.0,15:35:45,2026-09-24
sz001378,德冠新材,23.17,-0.31,-1.32,23.16,23.17,23.48,23.36,23.66,22.96,5884383.0,136964590.0,15:35:00,2026-09-24
sz001379,腾达科技,15.76,-0.07,-0.442,15.76,15.81,15.83,15.8,16.07,15.73,1206600.0,19159972.0,15:35:15,2026-09-24
sz001380,华纬科技,19.13,0.31,1.647,19.13,19.14,18.82,18.93,19.62,18.76,4112768.0,78939370.0,15:35:30,2026-09-24
sz001382,新亚电缆,16.41,-0.01,-0.061,16.41,16.42,16.42,16.41,16.49,16.35,843166.0,13835666.0,15:35:45,2026-09-24
sz001386,马可波罗,16.1,-0.28,-1.709,16.1,16.11,16.38,16.34,16.44,16.1,2114236.0,34360320.0,15:35:00,2026-09-24
sz001387,雪祺电气,12.18,-0.07,-0.571,12.18,12.19,12.25,12.24,12.38,12.07,3455013.0,42234239.0,15:35:15,2026-09-24
sz001388,信通电子,19.59,-0.79,-3.876,19.58,19.59,20.38,19.95,19.95,19.41,4480391.0,87876482.0,15:35:30,2026-09-24
sz001389,广合科技,181.16,-11.09,-5.769,181.15,181.33,192.25,188.87,191.0,178.0,12238992.0,2233435554.0,15:35:45,2026-09-24
sz001390,古麒绒材,17.78,0.02,0.113,17.77,17.78,17.76,17.72,18.15,17.66,4021093.0,72288788.0,15:35:00,2026-09-24
sz001391,国货航,3.83,-0.02,-0.519,3.83,3.84,3.85,3.84,3.85,3.81,18938428.0,72560026.0,15:35:15,2026-09-24
sz001393,维通利,42.04,-1.37,-3.156,42.03,42.04,43.41,42.82,43.0,42.04,2186809.0,92870658.0,15:35:30,2026-09-24
sz001395,亚联机械,30.55,-0.4,-1.292,30.55,30.57,30.95,30.89,31.18,30.48,1728220.0,53184903.0,15:35:45,2026-09-24
sz001396,誉帆科技,32.17,-0.59,-1.801,32.15,32.17,32.76,32.6,32.83,32.11,583210.0,18890623.0,15:35:00,2026-09-24
sz001399,惠科股份,22.98,-0.79,-3.324,22.98,22.99,23.77,23.47,23.59,22.94,24986362.0,579079147.0,15:35:15,2026-09-24
sz001400,江顺科技,80.21,1.83,2.335,80.21,80.22,78.38,77.68,83.46,77.68,3274546.0,265249885.0,15:35:30,2026-09-24
sz001696,宗申动力,15.64,-0.78,-4.75,15.64,15.65,16.42,16.12,16.4,15.63,40837491.0,653316294.0,15:35:45,2026-09-24
sz001872,招商港口,23.26,0.45,1.973,23.25,23.26,22.81,22.78,23.32,22.77,2148957.0,49775474.0,15:35:00,2026-09-24
sz001896,豫能控股,10.79,-0.55,-4.85,10.79,10.8,11.34,11.26,11.3,10.78,63741260.0,696757651.0,15:35:15,2026-09-24
sz001914,招商积余,8.87,-0.26,-2.848,8.86,8.87,9.13,9.12,9.22,8.81,16370375.0,146716480.0,15:35:30,2026-09-24
sz001965,招商公路,9.88,0.02,0.203,9.87,9.88,9.86,9.87,9.99,9.81,10117330.0,100364295.0,15:35:45,2026-09-24
sz001979,招商蛇口,7.18,-0.07,-0.966,7.17,7.18,7.25,7.18,7.34,7.08,83995789.0,603307758.0,15:35:00,2026-09-24
sz002001,新 和 成,25.7,-0.64,-2.43,25.7,25.71,26.34,26.4,26.4,25.7,19044450.0,493936786.0,15:35:15,2026-09-24
sz002003,伟星股份,11.58,0.33,2.933,11.58,11.59,11.25,11.21,11.67,11.16,14881700.0,171824550.0,15:35:30,2026-09-24
sz002004,华邦健康,4.3,-0.07,-1.602,4.3,4.31,4.37,4.36,4.39,4.29,16988900.0,73491068.0,15:35:45,2026-09-24
sz002005,德豪润达,2.8,0.14,5.263,2.79,2.8,2.66,2.65,2.82,2.64,48763503.0,134951509.0,15:35:00,2026-09-24
sz002006,精工科技,13.56,0.07,0.519,13.55,13.56,13.49,13.49,13.76,13.43,5514312.0,74946703.0,15:35:15,2026-09-24
sz002007,华兰生物,13.11,-0.19,-1.429,13.11,13.12,13.3,13.31,13.4,13.11,9245461.0,122125293.0,15:35:30,2026-09-24
sz002008,大族激光,89.09,-3.89,-4.184,89.09,89.1,92.98,92.05,92.73,89.0,32461432.0,2926250122.0,15:35:45,2026-09-24
sz002009,天奇股份,15.49,-0.17,-1.086,15.49,15.5,15.66,15.62,15.91,15.47,7723500.0,121141971.0,15:35:00,2026-09-24
sz002010,传化智联,4.49,-0.06,-1.319,4.49,4.5,4.55,4.55,4.56,4.48,10337912.0,46635737.0,15:35:15,2026-09-24
sz002011,盾安环境,14.08,-0.25,-1.745,14.08,14.09,14.33,14.25,14.46,13.79,37956089.0,531658607.0,15:35:30,2026-09-24
sz002012,凯恩股份,7.05,-0.05,-0.704,7.04,7.05,7.1,7.1,7.18,6.97,8119200.0,57372181.0,15:35:45,2026-09-24
sz002014,永新股份,10.96,0.06,0.55,10.95,10.96,10.9,10.93,11.02,10.83,1665720.0,18231173.0,15:35:00,2026-09-24
sz002015,协鑫能科,14.96,-0.31,-2.03,14.95,14.96,15.27,15.26,15.3,14.9,42369971.0,639380825.0,15:35:15,2026-09-24
sz002016,世荣兆业,4.67,-0.1,-2.096,4.67,4.68,4.77,4.77,4.8,4.61,8906100.0,41806286.0,15:35:30,2026-09-24
sz002017,东信和平,14.2,-0.26,-1.798,14.2,14.21,14.46,14.46,14.5,14.18,11071300.0,157923239.0,15:35:45,2026-09-24
sz002019,亿帆医药,9.36,-0.19,-1.99,9.35,9.36,9.55,9.54,9.58,9.34,5951900.0,56094565.0,15:35:00,2026-09-24
sz002020,京新药业,11.25,-0.43,-3.682,11.25,11.26,11.68,11.63,11.7,11.21,15338500.0,174554513.0,15:35:15,2026-09-24
sz002021,中捷资源,2.57,0.0,0.0,2.57,2.58,2.57,2.58,2.69,2.56,27144804.0,70829828.0,15:35:30,2026-09-24
sz002022,科华生物,6.12,0.07,1.157,6.12,6.13,6.05,6.05,6.46,6.02,31542379.0,196575813.0,15:35:45,2026-09-24
sz002023,海特高新,9.77,-0.06,-0.61,9.77,9.78,9.83,9.81,10.16,9.68,25736810.0,254453684.0,15:35:00,2026-09-24
sz002024,ST易购,1.15,-0.01,-0.862,1.15,1.16,1.16,1.16,1.16,1.15,10884478.0,12564253.0,15:35:15,2026-09-24
sz002025,航天电器,71.35,-0.94,-1.3,71.34,71.35,72.29,71.72,72.29,70.49,7012147.0,500532040.0,15:35:30,2026-09-24
sz002026,山东威达,11.38,0.01,0.088,11.37,11.38,11.37,11.32,11.92,11.15,16692956.0,192960389.0,15:35:45,2026-09-24
sz002027,分众传媒,4.66,-0.09,-1.895,4.66,4.67,4.75,4.73,4.78,4.66,96503184.0,453910015.0,15:35:00,2026-09-24
sz002028,思源电气,125.22,-3.34,-2.598,125.22,125.23,128.56,128.27,129.68,125.17,10000707.0,1271965814.0,15:35:15,2026-09-24
sz002029,七 匹 狼,9.26,0.84,9.976,9.26,0.0,8.42,8.48,9.26,8.42,62206777.0,565685532.0,15:35:30,2026-09-24
sz002030,达安基因,5.67,0.07,1.25,5.67,5.68,5.6,5.56,5.79,5.55,29608700.0,168977503.0,15:35:45,2026-09-24
sz002031,巨轮智能,5.35,0.08,1.518,5.34,5.35,5.27,5.21,5.48,5.18,124717433.0,667824755.0,15:35:00,2026-09-24
sz002032,苏 泊 尔,39.23,0.13,0.332,39.23,39.24,39.1,39.11,39.41,38.96,1112100.0,43582791.0,15:35:15,2026-09-24
sz002033,丽江股份,8.28,-0.1,-1.193,8.28,8.29,8.38,8.37,8.39,8.28,9532700.0,79197991.0,15:35:30,2026-09-24
sz002034,旺能环境,14.15,-0.25,-1.736,14.15,14.17,14.4,14.4,14.47,14.12,3743345.0,53440610.0,15:35:45,2026-09-24
sz002035,华帝股份,4.83,0.15,3.205,4.83,4.84,4.68,4.65,5.05,4.62,48100224.0,233516113.0,15:35:00,2026-09-24
sz002036,联创电子,6.16,-0.1,-1.597,6.16,6.17,6.26,6.27,6.31,6.12,16485324.0,102357368.0,15:35:15,2026-09-24
sz002037,保利联合,6.83,-0.07,-1.014,6.83,6.84,6.9,6.9,6.93,6.83,2891400.0,19843828.0,15:35:30,2026-09-24
sz002038,双鹭药业,5.65,-0.13,-2.249,5.65,5.66,5.78,5.76,5.8,5.63,15933087.0,90601595.0,15:35:45,2026-09-24
sz002039,黔源电力,18.94,-0.09,-0.473,18.94,18.95,19.03,19.04,19.16,18.88,3366173.0,64052321.0,15:35:00,2026-09-24
sz002040,南 京 港,9.08,0.04,0.442,9.08,9.09,9.04,9.07,9.35,8.97,16224180.0,147479075.0,15:35:15,2026-09-24
sz002041,登海种业,9.94,-0.3,-2.93,9.93,9.94,10.24,10.25,10.35,9.89,20030829.0,201375739.0,15:35:30,2026-09-24
sz002042,华孚时尚,3.87,-0.03,-0.769,3.87,3.88,3.9,3.86,3.94,3.84,45886582.0,178049388.0,15:35:45,2026-09-24
sz002043,兔 宝 宝,11.4,-0.26,-2.23,11.4,11.41,11.66,11.53,11.63,11.29,7380768.0,84267980.0,15:35:00,2026-09-24
sz002044,美年健康,4.48,0.0,0.0,4.48,4.49,4.48,4.48,4.62,4.46,66279398.0,299731542.0,15:35:15,2026-09-24
sz002045,国光电器,8.89,-0.2,-2.2,8.89,8.9,9.09,9.11,9.18,8.86,12550155.0,112818308.0,15:35:30,2026-09-24
sz002046,国机精工,63.9,-2.2,-3.328,63.89,63.9,66.1,65.5,66.5,63.86,12870422.0,834117189.0,15:35:45,2026-09-24
sz002047,宝鹰股份,3.19,-0.05,-1.543,3.19,3.2,3.24,3.22,3.26,3.18,17958200.0,57574676.0,15:35:00,2026-09-24
sz002048,宁波华翔,18.36,-0.09,-0.488,18.36,18.37,18.45,18.37,18.95,18.28,9377834.0,174547836.0,15:35:15,2026-09-24
sz002049,紫光国微,60.6,-0.77,-1.255,60.6,60.61,61.37,61.0,61.44,60.6,7420887.0,452303864.0,15:35:30,2026-09-24
sz002050,三花智控,36.08,0.09,0.25,36.08,36.09,35.99,35.85,36.97,35.65,51240220.0,1868210314.0,15:35:45,2026-09-24
sz002051,中工国际,8.87,-0.26,-2.848,8.87,8.88,9.13,9.0,9.05,8.77,31454441.0,278771168.0,15:35:00,2026-09-24
sz002052,同洲电子,8.3,-0.14,-1.659,8.29,8.3,8.44,8.41,8.44,8.29,3538900.0,29497824.0,15:35:15,2026-09-24
sz002053,云南能投,9.44,0.09,0.963,9.44,9.45,9.35,9.35,9.54,9.27,5299130.0,49895879.0,15:35:30,2026-09-24
sz002054,德美化工,7.05,-0.16,-2.219,7.05,7.06,7.21,7.15,7.19,7.05,6374300.0,45297531.0,15:35:45,2026-09-24
sz002055,ST得润,6.88,-0.02,-0.29,6.88,6.92,6.9,6.86,6.99,6.83,11949600.0,82570462.0,15:35:00,2026-09-24
sz002056,横店东磁,20.04,-0.37,-1.813,20.04,20.05,20.41,20.33,20.46,20.03,12823664.0,258682264.0,15:35:15,2026-09-24
sz002057,中钢天源,8.93,-0.2,-2.191,8.93,8.94,9.13,9.1,9.14,8.88,11317266.0,101656819.0,15:35:30,2026-09-24
sz002058,紫竹高科,17.22,-0.12,-0.692,17.2,17.23,17.34,17.24,17.4,17.02,1670912.0,28770147.0,15:35:45,2026-09-24
sz002059,云南旅游,4.39,-0.16,-3.516,4.39,4.4,4.55,4.5,4.5,4.36,56153100.0,247243248.0,15:35:00,2026-09-24
sz002060,广东建工,3.02,-0.02,-0.658,3.02,3.03,3.04,3.04,3.05,3.0,13455400.0,40693641.0,15:35:15,2026-09-24
sz002061,浙江交科,3.3,-0.03,-0.901,3.3,3.31,3.33,3.32,3.34,3.29,13119798.0,43437116.0,15:35:30,2026-09-24
sz002062,宏润建设,9.61,0.03,0.313,9.6,9.61,9.58,9.55,9.68,9.48,11913060.0,114450483.0,15:35:45,2026-09-24
sz002063,远光软件,5.22,-0.07,-1.323,5.21,5.22,5.29,5.3,5.32,5.21,16241600.0,85292416.0,15:35:00,2026-09-24
sz002064,华峰化学,9.61,-0.22,-2.238,9.61,9.62,9.83,9.87,9.88,9.59,26043709.0,252607995.0,15:35:15,2026-09-24
sz002065,东华软件,6.56,-0.1,-1.502,6.56,6.57,6.66,6.66,6.68,6.55,22125463.0,145784629.0,15:35:30,2026-09-24
sz002066,瑞泰科技,19.93,-0.32,-1.58,19.93,19.94,20.25,20.3,20.33,19.93,1798706.0,35973313.0,15:35:45,2026-09-24
sz002067,景兴纸业,4.0,-0.02,-0.498,3.99,4.0,4.02,4.01,4.07,3.98,18789116.0,75574879.0,15:35:00,2026-09-24
sz002068,黑猫股份,9.84,-0.02,-0.203,9.83,9.84,9.86,9.8,10.29,9.53,42014666.0,417420378.0,15:35:15,2026-09-24
sz002069,獐子岛,3.67,-0.01,-0.272,3.67,3.68,3.68,3.66,3.7,3.64,9714001.0,35633350.0,15:35:30,2026-09-24
sz002072,凯瑞德,7.36,0.03,0.409,7.35,7.36,7.33,7.3,7.48,7.27,9623600.0,71048560.0,15:35:45,2026-09-24
sz002073,软控股份,5.67,0.0,0.0,5.66,5.67,5.67,5.67,5.72,5.64,6861099.0,38985642.0,15:35:00,2026-09-24
sz002074,国轩高科,26.76,-0.52,-1.906,26.76,26.77,27.28,27.15,27.35,26.73,19248737.0,518975810.0,15:35:15,2026-09-24
sz002075,沙钢股份,3.47,-0.06,-1.7,3.47,3.48,3.53,3.52,3.53,3.46,19778205.0,68910485.0,15:35:30,2026-09-24
sz002076,星光股份,2.11,0.0,0.0,2.1,2.11,2.11,2.09,2.13,2.09,14780412.0,31134560.0,15:35:45,2026-09-24
sz002077,大港股份,14.67,0.48,3.383,14.67,14.68,14.19,13.91,15.03,13.76,70044618.0,1020262076.0,15:35:00,2026-09-24
sz002078,太阳纸业,13.54,-0.2,-1.456,13.54,13.55,13.74,13.68,13.76,13.51,13435277.0,182719615.0,15:35:15,2026-09-24
sz002079,苏州固锝,8.94,-0.14,-1.542,8.94,8.95,9.08,9.08,9.13,8.92,16163429.0,145538836.0,15:35:30,2026-09-24
sz002080,中材科技,57.2,-3.5,-5.766,57.2,57.21,60.7,60.0,60.96,57.0,67355632.0,3939041360.0,15:35:45,2026-09-24
sz002081,金 螳 螂,4.97,-0.35,-6.579,4.96,4.97,5.32,5.04,5.24,4.93,286604259.0,1447127928.0,15:35:00,2026-09-24
sz002082,ST万邦,12.0,0.63,5.541,11.99,12.0,11.37,11.56,12.51,11.48,31018280.0,377794641.0,15:35:15,2026-09-24
sz002083,孚日股份,9.48,-0.1,-1.044,9.47,9.48,9.58,9.52,9.7,9.45,16007500.0,152715762.0,15:35:30,2026-09-24
sz002084,海鸥住工,6.44,-0.03,-0.464,6.44,6.45,6.47,6.55,6.89,6.23,107370997.0,698275040.0,15:35:45,2026-09-24
sz002085,万丰奥威,9.44,-0.08,-0.84,9.43,9.44,9.52,9.5,9.69,9.43,23086721.0,220167461.0,15:35:00,2026-09-24
sz002086,东方海洋,2.04,-0.01,-0.488,2.03,2.04,2.05,2.05,2.09,2.02,38449500.0,78819964.0,15:35:15,2026-09-24
sz002088,鲁阳节能,8.05,-0.13,-1.589,8.04,8.05,8.18,8.17,8.2,8.02,1548718.0,12497501.0,15:35:30,2026-09-24
sz002090,金智科技,9.02,-0.03,-0.331,9.01,9.02,9.05,9.05,9.11,8.97,3757193.0,33917979.0,15:35:45,2026-09-24
sz002091,江苏国泰,7.51,-0.02,-0.266,7.5,7.51,7.53,7.53,7.56,7.46,5491370.0,41232283.0,15:35:00,2026-09-24
sz002092,中泰化学,4.35,-0.06,-1.361,4.34,4.35,4.41,4.41,4.42,4.32,26108900.0,113818552.0,15:35:15,2026-09-24
sz002093,国脉科技,7.77,0.19,2.507,7.77,7.78,7.58,7.51,7.87,7.46,41073646.0,315291930.0,15:35:30,2026-09-24
sz002094,青岛金王,5.07,-0.06,-1.17,5.06,5.07,5.13,5.13,5.19,5.05,15763945.0,80342149.0,15:35:45,2026-09-24
sz002095,生 意 宝,16.03,0.33,2.102,16.02,16.03,15.7,16.19,16.8,15.73,13470189.0,217161795.0,15:35:00,2026-09-24
sz002096,易普力,9.03,-0.31,-3.319,9.03,9.04,9.34,9.36,9.36,9.03,4815500.0,44041467.0,15:35:15,2026-09-24
sz002097,山河智能,6.89,-0.1,-1.431,6.89,6.9,6.99,6.99,7.0,6.88,11333654.0,78504369.0,15:35:30,2026-09-24
sz002098,浔兴股份,8.41,0.23,2.812,8.4,8.41,8.18,8.12,8.49,8.11,8319490.0,69551493.0,15:35:45,2026-09-24
sz002099,海翔药业,5.82,-0.12,-2.02,5.81,5.82,5.94,5.84,5.93,5.74,28261585.0,164572321.0,15:35:00,2026-09-24
sz002100,天康生物,7.58,-0.16,-2.067,7.58,7.59,7.74,7.7,7.74,7.54,12400200.0,94306556.0,15:35:15,2026-09-24
sz002101,广东鸿图,8.54,-0.09,-1.043,8.54,8.55,8.63,8.63,8.72,8.54,3083800.0,26591198.0,15:35:30,2026-09-24
sz002102,ST能特,2.65,-0.06,-2.214,2.65,2.66,2.71,2.7,2.71,2.65,8230418.0,21962305.0,15:35:45,2026-09-24
sz002103,广博股份,6.69,-0.05,-0.742,6.69,6.7,6.74,6.72,6.79,6.66,6097502.0,40887383.0,15:35:00,2026-09-24
sz002104,恒宝股份,10.54,-0.39,-3.568,10.53,10.54,10.93,10.85,10.9,10.52,39652606.0,421371357.0,15:35:15,2026-09-24
sz002105,信隆健康,6.06,-0.05,-0.818,6.06,6.08,6.11,6.1,6.17,6.01,5127900.0,31163164.0,15:35:30,2026-09-24
sz002106,莱宝高科,12.51,-1.39,-10.0,0.0,12.51,13.9,13.76,13.76,12.51,54534591.0,715305554.0,15:35:45,2026-09-24
sz002107,沃华医药,7.17,-0.04,-0.555,7.17,7.18,7.21,7.24,7.38,7.12,15174980.0,109542151.0,15:35:00,2026-09-24
sz002108,沧州明珠,4.36,0.0,0.0,4.35,4.36,4.36,4.35,4.38,4.34,6953963.0,30283508.0,15:35:15,2026-09-24
sz002109,ST兴化,2.77,0.0,0.0,2.77,2.78,2.77,2.76,2.79,2.75,2154200.0,5968126.0,15:35:30,2026-09-24
sz002110,三钢闽光,2.87,-0.01,-0.347,2.87,2.88,2.88,2.85,2.89,2.81,34133202.0,96988757.0,15:35:45,2026-09-24
sz002111,威海广泰,9.35,-0.04,-0.426,9.34,9.35,9.39,9.36,9.43,9.28,4661944.0,43574545.0,15:35:00,2026-09-24
sz002112,三变科技,14.1,-0.03,-0.212,14.09,14.1,14.13,14.15,14.26,14.07,5996986.0,84876749.0,15:35:15,2026-09-24
sz002114,罗平锌电,7.19,-0.05,-0.691,7.19,7.2,7.24,7.2,7.27,7.14,5107500.0,36757369.0,15:35:30,2026-09-24
sz002115,三维通信,10.16,0.16,1.6,10.16,10.17,10.0,10.1,10.42,10.1,56290340.0,577552096.0,15:35:45,2026-09-24
sz002116,中国海诚,7.11,-0.04,-0.559,7.11,7.12,7.15,7.13,7.19,7.1,2018560.0,14416001.0,15:35:00,2026-09-24
sz002117,东港股份,7.94,-0.05,-0.626,7.94,7.95,7.99,7.98,8.04,7.9,5402200.0,43099984.0,15:35:15,2026-09-24
sz002119,康强电子,29.61,2.69,9.993,29.61,0.0,26.92,28.52,29.61,28.01,115794983.0,3358508146.0,15:35:30,2026-09-24
sz002120,韵达股份,6.83,-0.05,-0.727,6.83,6.84,6.88,6.86,6.88,6.78,21574716.0,147420086.0,15:35:45,2026-09-24
sz002121,科陆电子,4.19,-0.22,-4.989,4.18,4.19,4.41,4.33,4.34,4.18,40239589.0,170509292.0,15:35:00,2026-09-24
sz002122,ST汇洲,2.73,-0.01,-0.365,2.72,2.73,2.74,2.73,2.76,2.72,5736200.0,15681329.0,15:35:15,2026-09-24
sz002123,梦网科技,7.74,-0.23,-2.886,7.74,7.75,7.97,7.95,7.99,7.72,18255900.0,142879353.0,15:35:30,2026-09-24
sz002124,天邦食品,2.07,0.03,1.471,2.06,2.07,2.04,2.02,2.11,2.0,118769822.0,242397698.0,15:35:45,2026-09-24
sz002125,湘潭电化,12.02,-0.12,-0.988,12.02,12.03,12.14,12.12,12.28,12.0,8072384.0,98064590.0,15:35:00,2026-09-24
sz002126,银轮股份,36.11,-2.22,-5.792,36.1,36.11,38.33,38.12,38.17,36.03,19191416.0,708525423.0,15:35:15,2026-09-24
sz002127,南极电商,2.92,0.0,0.0,2.92,2.93,2.92,2.92,2.99,2.89,38007221.0,111590456.0,15:35:30,2026-09-24
sz002128,电投能源,27.82,-0.26,-0.926,27.81,27.82,28.08,28.0,28.34,27.82,10979631.0,307734257.0,15:35:45,2026-09-24
sz002129,TCL中环,9.35,-0.26,-2.706,9.35,9.36,9.61,9.6,9.65,9.33,65234145.0,619327491.0,15:35:00,2026-09-24
sz002130,沃尔核材,16.09,-0.48,-2.897,16.08,16.09,16.57,16.56,16.57,16.08,23051302.0,374771192.0,15:35:15,2026-09-24
sz002131,利欧股份,4.31,-0.1,-2.268,4.31,4.32,4.41,4.4,4.45,4.3,180515639.0,785618291.0,15:35:30,2026-09-24
sz002132,恒星科技,4.09,-0.06,-1.446,4.09,4.1,4.15,4.16,4.18,4.08,27126516.0,112074900.0,15:35:45,2026-09-24
sz002133,广宇集团,2.83,-0.04,-1.394,2.83,2.84,2.87,2.86,2.89,2.79,12336500.0,34938903.0,15:35:00,2026-09-24
sz002134,天津普林,26.31,-1.16,-4.223,26.31,26.32,27.47,27.35,27.7,26.28,18270611.0,488562923.0,15:35:15,2026-09-24
sz002135,东南网架,6.0,-0.17,-2.755,5.99,6.0,6.17,6.13,6.2,5.96,18505400.0,112015169.0,15:35:30,2026-09-24
sz002136,安 纳 达,11.72,-0.06,-0.509,11.72,11.76,11.78,11.76,11.95,11.7,3376520.0,39855697.0,15:35:45,2026-09-24
sz002137,实益达,7.98,-0.29,-3.507,7.98,7.99,8.27,8.29,8.29,7.98,26534100.0,214446953.0,15:35:00,2026-09-24
sz002138,顺络电子,51.3,-3.36,-6.147,51.3,51.31,54.66,53.92,54.27,51.22,31884549.0,1668463585.0,15:35:15,2026-09-24
sz002139,拓邦股份,9.6,-0.03,-0.312,9.6,9.61,9.63,9.63,9.73,9.59,7255967.0,69973943.0,15:35:30,2026-09-24
sz002140,东华科技,9.22,-0.18,-1.915,9.22,9.23,9.4,9.36,9.41,9.2,4505600.0,41806875.0,15:35:45,2026-09-24
sz002141,贤丰控股,6.76,-0.34,-4.789,6.75,6.76,7.1,7.16,7.17,6.73,144187920.0,985812224.0,15:35:00,2026-09-24
sz002142,宁波银行,34.91,0.19,0.547,34.91,34.92,34.72,34.66,35.14,34.65,23775570.0,831415211.0,15:35:15,2026-09-24
sz002144,宏达高科,10.9,0.06,0.554,10.9,10.92,10.84,10.78,10.99,10.75,2566885.0,27989094.0,15:35:30,2026-09-24
sz002145,钛能化学,4.83,-0.03,-0.617,4.83,4.84,4.86,4.83,4.99,4.81,87880220.0,429984987.0,15:35:45,2026-09-24
sz002146,荣盛发展,1.2,-0.07,-5.512,1.2,1.21,1.27,1.25,1.27,1.19,289076846.0,353967711.0,15:35:00,2026-09-24
sz002148,北纬科技,6.27,-0.1,-1.57,6.27,6.28,6.37,6.31,6.42,6.27,9270545.0,58640567.0,15:35:15,2026-09-24
sz002149,西部材料,32.93,0.02,0.061,32.92,32.93,32.91,32.84,33.95,32.6,21358017.0,710058945.0,15:35:30,2026-09-24
sz002150,正泰电源,21.15,-0.73,-3.336,21.15,21.16,21.88,22.18,22.18,21.12,6232082.0,133501137.0,15:35:45,2026-09-24
sz002151,北斗星通,29.12,-0.72,-2.413,29.12,29.13,29.84,30.0,30.0,29.1,17118606.0,503508650.0,15:35:00,2026-09-24
sz002152,广电运通,9.03,-0.15,-1.634,9.03,9.04,9.18,9.17,9.19,9.02,14527100.0,132067629.0,15:35:15,2026-09-24
sz002153,石基信息,7.46,-0.2,-2.611,7.46,7.47,7.66,7.63,7.67,7.45,15804800.0,118946195.0,15:35:30,2026-09-24
sz002154,报 喜 鸟,3.84,0.02,0.524,3.83,3.84,3.82,3.82,3.87,3.8,20150049.0,77202690.0,15:35:45,2026-09-24
sz002155,湖南黄金,23.69,-1.13,-4.553,23.68,23.69,24.82,24.44,24.5,23.68,41218258.0,989108205.0,15:35:00,2026-09-24
sz002156,通富微电,61.02,-1.78,-2.834,61.02,61.03,62.8,62.49,62.8,61.0,46276300.0,2851632230.0,15:35:15,2026-09-24
sz002157,正邦科技,2.92,-0.04,-1.351,2.91,2.92,2.96,2.96,2.96,2.91,108536661.0,317646225.0,15:35:30,2026-09-24
sz002158,汉钟精机,27.4,-0.88,-3.112,27.4,27.42,28.28,28.06,28.25,27.37,5206456.0,143950107.0,15:35:45,2026-09-24
sz002159,三特索道,13.46,0.0,0.0,13.45,13.46,13.46,13.37,13.58,13.33,2006300.0,27027221.0,15:35:00,2026-09-24
sz002160,常铝股份,3.85,-0.03,-0.773,3.85,3.86,3.88,3.87,3.9,3.8,11644852.0,44926160.0,15:35:15,2026-09-24
sz002161,远 望 谷,6.54,-0.2,-2.967,6.54,6.55,6.74,6.67,6.73,6.54,27079304.0,178651904.0,15:35:30,2026-09-24
sz002162,悦心健康,4.11,-0.04,-0.964,4.11,4.12,4.15,4.12,4.21,4.08,16790900.0,69464589.0,15:35:45,2026-09-24
sz002163,海南发展,7.56,-0.04,-0.526,7.56,7.57,7.6,7.63,7.72,7.44,31221529.0,236114352.0,15:35:00,2026-09-24
sz002164,宁波东力,13.06,1.19,10.025,13.06,0.0,11.87,12.21,13.06,12.17,71645334.0,921657308.0,15:35:15,2026-09-24
sz002165,红 宝 丽,6.89,-0.12,-1.712,6.89,6.9,7.01,6.99,7.07,6.83,43759705.0,302329092.0,15:35:30,2026-09-24
sz002166,莱茵生物,6.68,-0.07,-1.037,6.67,6.68,6.75,6.75,6.8,6.63,6389900.0,42877141.0,15:35:45,2026-09-24
sz002167,东方锆业,16.19,-0.17,-1.039,16.19,16.2,16.36,16.18,16.79,16.15,31142582.0,510378020.0,15:35:00,2026-09-24
sz002168,ST惠程,3.59,0.01,0.279,3.59,3.6,3.58,3.58,3.61,3.58,1606320.0,5771551.0,15:35:15,2026-09-24
sz002169,智光电气,13.44,-0.44,-3.17,13.44,13.45,13.88,13.84,13.9,13.42,22262880.0,303381974.0,15:35:30,2026-09-24
sz002170,芭田股份,10.7,-0.11,-1.018,10.7,10.71,10.81,10.81,10.85,10.68,9199734.0,99064043.0,15:35:45,2026-09-24
sz002171,楚江新材,10.25,-0.4,-3.756,10.24,10.25,10.65,10.51,10.64,10.25,44342053.0,459355289.0,15:35:00,2026-09-24
sz002172,澳洋健康,5.42,0.07,1.308,5.42,5.43,5.35,5.32,5.66,5.25,189095716.0,1028721392.0,15:35:15,2026-09-24
sz002173,创新医疗,17.66,-0.4,-2.215,17.66,17.67,18.06,18.18,18.55,17.65,20860829.0,376472478.0,15:35:30,2026-09-24
sz002174,游族网络,14.01,-0.32,-2.233,14.0,14.01,14.33,14.25,14.33,13.87,35359171.0,495130271.0,15:35:45,2026-09-24
sz002175,*ST东智,2.5,-0.01,-0.398,2.5,2.51,2.51,2.5,2.52,2.5,5539636.0,13890195.0,15:35:00,2026-09-24
sz002176,江特电机,8.29,-0.11,-1.31,8.28,8.29,8.4,8.42,8.45,8.27,21065287.0,175890240.0,15:35:15,2026-09-24
sz002177,御银股份,5.43,-0.07,-1.273,5.43,5.44,5.5,5.48,5.52,5.42,11169200.0,60922086.0,15:35:30,2026-09-24
sz002178,延华智能,5.07,-0.03,-0.588,5.07,5.08,5.1,5.08,5.3,4.98,78707288.0,403352299.0,15:35:45,2026-09-24
sz002179,中航光电,34.24,-0.53,-1.524,34.24,34.25,34.77,34.6,34.87,34.22,12326220.0,424816691.0,15:35:00,2026-09-24
sz002180,奔图科技,16.66,-0.47,-2.744,16.66,16.67,17.13,17.04,17.11,16.47,12057131.0,201308472.0,15:35:15,2026-09-24
sz002181,粤 传 媒,9.58,0.46,5.044,9.58,9.59,9.12,9.12,10.03,9.11,137237068.0,1344885941.0,15:35:30,2026-09-24
sz002182,宝武镁业,11.39,-0.27,-2.316,11.39,11.4,11.66,11.57,11.73,11.37,7235693.0,83431688.0,15:35:45,2026-09-24
sz002183,怡 亚 通,4.2,-0.1,-2.326,4.2,4.21,4.3,4.29,4.33,4.19,47847265.0,202576364.0,15:35:00,2026-09-24
sz002184,海得控制,9.93,0.0,0.0,9.93,9.94,9.93,9.87,10.05,9.87,2811670.0,27991232.0,15:35:15,2026-09-24
sz002185,华天科技,17.58,-0.79,-4.3,17.58,17.59,18.37,18.03,18.17,17.58,219584614.0,3900611300.0,15:35:30,2026-09-24
sz002186,全 聚 德,9.39,-0.12,-1.262,9.38,9.39,9.51,9.51,9.55,9.35,2318800.0,21828917.0,15:35:45,2026-09-24
sz002187,广百股份,5.44,-0.05,-0.911,5.44,5.45,5.49,5.49,5.54,5.4,8418400.0,45905293.0,15:35:00,2026-09-24
sz002188,中天服务,5.59,-0.12,-2.102,5.59,5.6,5.71,5.63,5.69,5.5,13189200.0,73993618.0,15:35:15,2026-09-24
sz002189,中光学,19.06,-0.15,-0.781,19.06,19.07,19.21,19.21,19.3,19.02,1400900.0,26818819.0,15:35:30,2026-09-24
sz002190,成飞集成,23.46,-0.29,-1.221,23.46,23.47,23.75,23.61,23.79,23.4,3026355.0,71276354.0,15:35:45,2026-09-24
sz002191,劲嘉股份,3.58,-0.04,-1.105,3.58,3.59,3.62,3.62,3.63,3.58,7003200.0,25202513.0,15:35:00,2026-09-24
sz002192,融捷股份,58.75,-2.08,-3.419,58.75,58.76,60.83,60.79,60.83,58.6,7527105.0,448863010.0,15:35:15,2026-09-24
sz002193,ST如意,4.65,-0.01,-0.215,4.64,4.65,4.66,4.65,4.7,4.62,2244500.0,10469880.0,15:35:30,2026-09-24
sz002194,武汉凡谷,10.62,-0.05,-0.469,10.62,10.63,10.67,10.77,11.2,10.56,39394512.0,425921712.0,15:35:45,2026-09-24
sz002195,岩山科技,6.01,-0.08,-1.314,6.01,6.02,6.09,6.07,6.12,6.0,55517568.0,335437494.0,15:35:00,2026-09-24
sz002196,方正电机,10.13,0.04,0.396,10.12,10.13,10.09,10.07,10.46,10.03,18011400.0,184732540.0,15:35:15,2026-09-24
sz002197,证通电子,6.5,-0.02,-0.307,6.49,6.5,6.52,6.63,6.71,6.48,15405207.0,101162217.0,15:35:30,2026-09-24
sz002198,ST嘉应,3.61,-0.02,-0.551,3.61,3.62,3.63,3.62,3.66,3.6,1945300.0,7047304.0,15:35:45,2026-09-24
sz002199,东晶电子,12.1,-0.35,-2.811,12.1,12.12,12.45,12.29,12.39,12.05,5188101.0,62946962.0,15:35:00,2026-09-24
sz002200,交投生态,6.83,0.33,5.077,6.83,6.84,6.5,6.47,6.84,6.47,6499800.0,43709499.0,15:35:15,2026-09-24
sz002201,九鼎新材,9.87,-0.17,-1.693,9.87,9.88,10.04,10.0,10.23,9.85,35884714.0,358026229.0,15:35:30,2026-09-24
sz002202,金风科技,17.9,0.07,0.393,17.9,17.91,17.83,17.84,18.17,17.77,70319067.0,1265992230.0,15:35:45,2026-09-24
sz002203,海亮股份,17.78,-0.75,-4.047,17.77,17.78,18.53,18.46,18.46,17.77,16691245.0,300993303.0,15:35:00,2026-09-24
sz002204,大连重工,5.41,0.03,0.558,5.41,5.42,5.38,5.35,5.44,5.35,24429777.0,131927110.0,15:35:15,2026-09-24
sz002205,国统股份,12.78,1.16,9.983,12.78,0.0,11.62,11.33,12.78,10.83,17494206.0,201473191.0,15:35:30,2026-09-24
sz002206,海 利 得,4.87,-0.11,-2.209,4.87,4.88,4.98,4.98,4.99,4.86,11578036.0,56826617.0,15:35:45,2026-09-24
sz002207,*ST准油,5.38,-0.07,-1.284,5.38,5.39,5.45,5.4,5.46,5.38,2657400.0,14382619.0,15:35:00,2026-09-24
sz002208,合肥城建,10.08,-0.26,-2.515,10.07,10.08,10.34,10.36,10.37,10.04,19812360.0,200814695.0,15:35:15,2026-09-24
sz002209,达 意 隆,13.34,-0.28,-2.056,13.34,13.4,13.62,13.53,13.64,13.34,3225600.0,43409427.0,15:35:30,2026-09-24
sz002210,飞马国际,2.11,0.02,0.957,2.1,2.11,2.09,2.1,2.13,2.08,40636100.0,85577799.0,15:35:45,2026-09-24
sz002211,ST宏达,3.8,-0.01,-0.262,3.8,3.81,3.81,3.82,3.85,3.8,3540850.0,13503389.0,15:35:00,2026-09-24
sz002212,天融信,6.93,-0.13,-1.841,6.93,6.94,7.06,7.1,7.24,6.91,80690797.0,566097141.0,15:35:15,2026-09-24
sz002213,大为股份,29.2,-0.14,-0.477,29.2,29.21,29.34,28.9,29.67,28.82,13014506.0,382167450.0,15:35:30,2026-09-24
sz002214,大立科技,18.22,-0.32,-1.726,18.22,18.24,18.54,18.5,18.53,18.0,5597760.0,102461418.0,15:35:45,2026-09-24
sz002215,诺 普 信,9.62,-0.14,-1.434,9.61,9.62,9.76,9.75,9.89,9.6,12709700.0,123843470.0,15:35:00,2026-09-24
sz002216,三全食品,11.49,-0.08,-0.691,11.48,11.49,11.57,11.57,11.63,11.49,2796148.0,32291727.0,15:35:15,2026-09-24
sz002217,ST合力泰,1.56,0.01,0.645,1.55,1.56,1.55,1.55,1.59,1.55,102741900.0,160874194.0,15:35:30,2026-09-24
sz002218,拓日新能,3.77,-0.12,-3.085,3.76,3.77,3.89,3.9,3.92,3.76,55849800.0,213013168.0,15:35:45,2026-09-24
sz002219,新里程,2.06,-0.02,-0.962,2.05,2.06,2.08,2.06,2.11,2.05,72763791.0,150559428.0,15:35:00,2026-09-24
sz002221,东华能源,5.71,0.01,0.175,5.7,5.71,5.7,5.7,5.82,5.65,10947199.0,62651274.0,15:35:15,2026-09-24
sz002222,福晶科技,68.07,-1.86,-2.66,68.07,68.08,69.93,69.37,71.55,67.88,20094541.0,1396663915.0,15:35:30,2026-09-24
sz002223,鱼跃医疗,26.38,-0.4,-1.494,26.37,26.38,26.78,26.68,26.86,26.34,5881809.0,156003874.0,15:35:45,2026-09-24
sz002224,三 力 士,3.74,0.03,0.809,3.73,3.74,3.71,3.69,3.84,3.69,13438000.0,50505574.0,15:35:00,2026-09-24
sz002225,濮耐股份,3.44,-0.05,-1.433,3.44,3.45,3.49,3.49,3.53,3.43,17417876.0,60329307.0,15:35:15,2026-09-24
sz002226,江南化工,4.99,-0.16,-3.107,4.99,5.0,5.15,5.14,5.14,4.97,28689197.0,144718275.0,15:35:30,2026-09-24
sz002227,*ST特迅,6.35,-0.11,-1.703,6.35,6.36,6.46,6.45,6.47,6.33,786400.0,5034488.0,15:35:45,2026-09-24
sz002228,合兴包装,3.27,0.1,3.155,3.27,3.28,3.17,3.17,3.28,3.15,31171724.0,100733621.0,15:35:00,2026-09-24
sz002229,鸿博股份,10.52,-0.1,-0.942,10.52,10.53,10.62,10.56,10.66,10.48,15268173.0,161179213.0,15:35:15,2026-09-24
sz002230,科大讯飞,38.32,-0.4,-1.033,38.31,38.32,38.72,38.76,38.8,38.28,13846110.0,532292888.0,15:35:30,2026-09-24
sz002232,启明信息,14.8,-0.36,-2.375,14.8,14.81,15.16,15.06,15.24,14.8,7372054.0,110414115.0,15:35:45,2026-09-24
sz002233,塔牌集团,6.73,-0.26,-3.72,6.72,6.73,6.99,6.98,6.99,6.7,26696497.0,181704534.0,15:35:00,2026-09-24
sz002234,民和股份,7.75,-0.08,-1.022,7.74,7.75,7.83,7.81,7.91,7.7,4106800.0,31887533.0,15:35:15,2026-09-24
sz002235,安妮股份,7.77,-0.07,-0.893,7.77,7.78,7.84,7.86,7.92,7.74,12973702.0,101233906.0,15:35:30,2026-09-24
sz002236,大华股份,15.54,-0.31,-1.956,15.53,15.54,15.85,15.81,15.85,15.51,26319380.0,411025178.0,15:35:45,2026-09-24
sz002237,恒邦股份,12.84,-0.49,-3.676,12.84,12.85,13.33,13.2,13.22,12.83,18630745.0,241757920.0,15:35:00,2026-09-24
sz002238,天威视讯,8.43,0.77,10.052,8.43,0.0,7.66,8.3,8.43,8.01,86861858.0,722575320.0,15:35:15,2026-09-24
sz002239,奥特佳,2.47,-0.01,-0.403,2.46,2.47,2.48,2.49,2.51,2.45,47428509.0,117276679.0,15:35:30,2026-09-24
sz002240,盛新锂能,25.69,-0.93,-3.494,25.68,25.69,26.62,26.62,26.72,25.68,19859074.0,517840502.0,15:35:45,2026-09-24
sz002241,歌尔股份,23.94,-0.51,-2.086,23.94,23.95,24.45,24.41,24.45,23.77,86450594.0,2077083389.0,15:35:00,2026-09-24
sz002242,九阳股份,9.39,-0.37,-3.791,9.38,9.39,9.76,9.63,9.95,9.39,17153272.0,164783931.0,15:35:15,2026-09-24
sz002243,力合科创,6.94,-0.11,-1.56,6.93,6.94,7.05,7.02,7.08,6.92,6349790.0,44335495.0,15:35:30,2026-09-24
sz002244,滨江集团,8.32,-0.28,-3.256,8.32,8.33,8.6,8.5,8.69,8.2,43181715.0,361339252.0,15:35:45,2026-09-24
sz002245,蔚蓝锂芯,16.76,-0.1,-0.593,16.75,16.76,16.86,16.74,17.11,16.42,48653730.0,815681196.0,15:35:00,2026-09-24
sz002246,北化股份,26.0,0.41,1.602,25.99,26.0,25.59,25.45,26.4,24.81,43745970.0,1129390221.0,15:35:15,2026-09-24
sz002247,聚力文化,2.45,0.01,0.41,2.45,2.46,2.44,2.44,2.47,2.42,17230000.0,42285786.0,15:35:30,2026-09-24
sz002248,华东数控,9.48,-0.06,-0.629,9.47,9.48,9.54,9.44,9.64,9.4,9231045.0,87955473.0,15:35:45,2026-09-24
sz002249,大洋电机,6.45,0.01,0.155,6.45,6.46,6.44,6.42,6.56,6.39,27255509.0,176870943.0,15:35:00,2026-09-24
sz002250,联化科技,14.51,-0.23,-1.56,14.5,14.51,14.74,14.72,14.86,14.42,8378490.0,122288995.0,15:35:15,2026-09-24
sz002251,步步高,3.44,-0.04,-1.149,3.43,3.44,3.48,3.47,3.5,3.41,57137142.0,196994037.0,15:35:30,2026-09-24
sz002252,上海莱士,5.02,0.05,1.006,5.01,5.02,4.97,5.03,5.1,4.91,80947018.0,405227577.0,15:35:45,2026-09-24
sz002253,川大智胜,8.7,-0.54,-5.844,8.69,8.7,9.24,8.99,9.22,8.61,27080570.0,239665361.0,15:35:00,2026-09-24
sz002254,泰和新材,12.39,-0.36,-2.824,12.39,12.4,12.75,12.66,12.79,12.37,12555509.0,157232730.0,15:35:15,2026-09-24
sz002255,海陆重工,7.52,-0.07,-0.922,7.52,7.53,7.59,7.58,7.61,7.51,4797445.0,36219592.0,15:35:30,2026-09-24
sz002256,兆新股份,3.14,-0.03,-0.946,3.14,3.15,3.17,3.16,3.19,3.14,18164600.0,57376992.0,15:35:45,2026-09-24
sz002258,利尔化学,14.23,-0.51,-3.46,14.23,14.24,14.74,14.71,14.78,14.21,22089416.0,319557201.0,15:35:00,2026-09-24
sz002259,升达林业,4.74,-0.04,-0.837,4.73,4.74,4.78,4.78,4.78,4.58,34934634.0,164039732.0,15:35:15,2026-09-24
sz002261,拓维信息,24.93,-0.31,-1.228,24.93,24.94,25.24,25.19,25.34,24.92,20992488.0,526048832.0,15:35:30,2026-09-24
sz002262,恩华药业,21.16,-0.84,-3.818,21.16,21.17,22.0,21.89,22.17,21.15,8012688.0,172171440.0,15:35:45,2026-09-24
sz002263,大东南,3.16,-0.01,-0.315,3.15,3.16,3.17,3.15,3.18,3.12,30035191.0,94514135.0,15:35:00,2026-09-24
sz002264,新 华 都,8.13,0.74,10.014,8.13,0.0,7.39,7.4,8.13,7.32,96241506.0,742802881.0,15:35:15,2026-09-24
sz002265,建设工业,19.36,-0.26,-1.325,19.36,19.37,19.62,19.65,19.75,19.35,8147200.0,159169053.0,15:35:30,2026-09-24
sz002266,浙富控股,4.59,-0.2,-4.175,4.58,4.59,4.79,4.77,4.8,4.58,79720696.0,372829018.0,15:35:45,2026-09-24
sz002267,陕天然气,7.12,0.0,0.0,7.1,7.12,7.12,7.15,7.18,7.07,3852000.0,27428835.0,15:35:00,2026-09-24
sz002268,电科网安,14.74,-0.18,-1.206,14.74,14.75,14.92,14.83,14.97,14.72,8692087.0,128887689.0,15:35:15,2026-09-24
sz002269,美邦服饰,1.39,0.0,0.0,1.38,1.39,1.39,1.38,1.41,1.37,44709200.0,61961157.0,15:35:30,2026-09-24
sz002270,华明装备,17.75,-0.18,-1.004,17.75,17.76,17.93,17.95,18.03,17.7,7863355.0,140221829.0,15:35:45,2026-09-24
sz002271,东方雨虹,10.4,-0.3,-2.804,10.4,10.41,10.7,10.65,10.7,10.37,35567825.0,372905759.0,15:35:00,2026-09-24
sz002272,川润股份,15.55,-0.47,-2.934,15.55,15.56,16.02,15.95,16.04,15.46,17021367.0,267487405.0,15:35:15,2026-09-24
sz002273,水晶光电,25.17,-1.02,-3.895,25.16,25.17,26.19,25.9,26.15,25.11,30815933.0,787691546.0,15:35:30,2026-09-24
sz002274,华昌化工,5.95,-0.19,-3.094,5.94,5.95,6.14,6.12,6.14,5.94,17204612.0,103335179.0,15:35:45,2026-09-24
sz002275,桂林三金,12.1,-0.13,-1.063,12.1,12.11,12.23,12.22,12.3,12.08,1344610.0,16357787.0,15:35:00,2026-09-24
sz002276,万马股份,9.82,-0.09,-0.908,9.82,9.83,9.91,9.89,10.01,9.81,8123753.0,80430365.0,15:35:15,2026-09-24
sz002277,友阿股份,5.25,-0.11,-2.052,5.24,5.25,5.36,5.35,5.41,5.23,14147800.0,74784583.0,15:35:30,2026-09-24
sz002278,神开股份,7.96,0.05,0.632,7.95,7.96,7.91,7.94,8.0,7.87,6009950.0,47775717.0,15:35:45,2026-09-24
sz002279,久其软件,6.57,-0.09,-1.351,6.56,6.57,6.66,6.75,6.75,6.55,21700329.0,143623423.0,15:35:00,2026-09-24
sz002281,光迅科技,181.99,-8.01,-4.216,181.99,182.0,190.0,189.09,189.49,181.73,19619717.0,3635030989.0,15:35:15,2026-09-24
sz002282,博深股份,6.05,-0.02,-0.329,6.05,6.06,6.07,6.1,6.12,6.05,2721851.0,16532026.0,15:35:30,2026-09-24
sz002283,天润工业,8.01,0.02,0.25,8.0,8.01,7.99,7.95,8.16,7.93,14007500.0,112749455.0,15:35:45,2026-09-24
sz002284,亚太股份,9.51,-0.08,-0.834,9.51,9.52,9.59,9.55,9.8,9.51,12488416.0,120318709.0,15:35:00,2026-09-24
sz002285,世联行,3.26,0.09,2.839,3.25,3.26,3.17,3.09,3.39,2.97,389129137.0,1223074750.0,15:35:15,2026-09-24
sz002286,保龄宝,8.46,-0.29,-3.314,8.46,8.47,8.75,8.54,8.88,8.4,44415794.0,383393585.0,15:35:30,2026-09-24
sz002287,奇正藏药,19.38,-0.17,-0.87,19.38,19.4,19.55,19.55,19.67,19.35,1655207.0,32206458.0,15:35:45,2026-09-24
sz002289,宇顺电子,34.91,-1.03,-2.866,34.89,34.91,35.94,35.7,35.93,34.85,2543390.0,89358056.0,15:35:00,2026-09-24
sz002290,禾盛新材,73.89,-0.76,-1.018,73.89,73.93,74.65,74.25,77.8,72.66,11655665.0,874018160.0,15:35:15,2026-09-24
sz002291,遥望科技,5.45,-0.04,-0.729,5.45,5.46,5.49,5.5,5.76,5.43,38647428.0,214237202.0,15:35:30,2026-09-24
sz002292,奥飞娱乐,8.73,0.02,0.23,8.72,8.73,8.71,8.78,8.92,8.62,44177778.0,387722268.0,15:35:45,2026-09-24
sz002293,罗莱生活,10.75,-0.03,-0.278,10.74,10.75,10.78,10.76,10.9,10.7,2295874.0,24804639.0,15:35:00,2026-09-24
sz002294,信立泰,30.22,-0.76,-2.453,30.22,30.23,30.98,30.9,30.99,30.2,7634207.0,232709716.0,15:35:15,2026-09-24
sz002295,精艺股份,9.88,-0.3,-2.947,9.87,9.88,10.18,10.1,10.17,9.86,9285904.0,92573065.0,15:35:30,2026-09-24
sz002296,辉煌科技,9.43,-0.12,-1.257,9.43,9.44,9.55,9.6,9.62,9.43,7781600.0,74084186.0,15:35:45,2026-09-24
sz002297,博云新材,22.47,1.17,5.493,22.47,22.48,21.3,21.15,23.2,21.0,138603131.0,3089792087.0,15:35:00,2026-09-24
sz002298,中电鑫龙,8.56,-0.06,-0.696,8.56,8.57,8.62,8.62,8.79,8.56,41669903.0,360574886.0,15:35:15,2026-09-24
sz002299,圣农发展,15.7,-0.21,-1.32,15.7,15.71,15.91,16.01,16.01,15.62,6447200.0,101490296.0,15:35:30,2026-09-24
sz002300,太阳电缆,8.19,0.21,2.632,8.19,8.2,7.98,7.92,8.28,7.44,87000935.0,684468114.0,15:35:45,2026-09-24
sz002301,齐心集团,8.91,0.15,1.712,8.9,8.91,8.76,8.77,9.12,8.64,46164139.0,413132684.0,15:35:00,2026-09-24
sz002302,西部建设,4.69,-0.1,-2.088,4.68,4.69,4.79,4.73,4.77,4.64,8802134.0,41251890.0,15:35:15,2026-09-24
sz002303,美盈森,6.35,-0.35,-5.224,6.35,6.36,6.7,6.62,6.67,6.33,140542581.0,911562893.0,15:35:30,2026-09-24
sz002304,洋河股份,37.47,-0.56,-1.473,37.47,37.48,38.03,37.94,38.02,37.44,4301107.0,161904064.0,15:35:45,2026-09-24
sz002305,*ST南置,2.01,-0.01,-0.495,2.01,2.02,2.02,2.02,2.04,2.0,15735100.0,31757572.0,15:35:00,2026-09-24
sz002306,ST云网,2.15,-0.04,-1.826,2.14,2.15,2.19,2.19,2.2,2.08,14397800.0,30670391.0,15:35:15,2026-09-24
sz002307,北新路桥,2.93,-0.06,-2.007,2.92,2.93,2.99,2.96,2.99,2.91,21590860.0,63553454.0,15:35:30,2026-09-24
sz002309,中利集团,2.85,0.03,1.064,2.85,2.86,2.82,2.82,2.86,2.8,72015507.0,204882690.0,15:35:45,2026-09-24
sz002310,东方新能,2.26,0.03,1.345,2.25,2.26,2.23,2.22,2.26,2.2,59212235.0,132357191.0,15:35:00,2026-09-24
sz002311,海大集团,41.1,-0.34,-0.82,41.1,41.13,41.44,41.41,41.59,41.05,4858910.0,200595579.0,15:35:15,2026-09-24
sz002312,川发龙蟒,8.21,-0.2,-2.378,8.21,8.22,8.41,8.4,8.45,8.21,22133049.0,183394403.0,15:35:30,2026-09-24
sz002313,日海智能,8.98,-0.33,-3.545,8.98,8.99,9.31,9.1,9.21,8.93,33171369.0,300943955.0,15:35:45,2026-09-24
sz002314,南山控股,2.27,-0.07,-2.991,2.27,2.28,2.34,2.34,2.36,2.25,45076546.0,103405167.0,15:35:00,2026-09-24
sz002315,焦点科技,24.76,-0.84,-3.281,24.76,24.77,25.6,25.71,25.71,24.71,8086800.0,202342738.0,15:35:15,2026-09-24
sz002316,亚联发展,4.3,0.05,1.176,4.3,4.31,4.25,4.25,4.33,4.22,11576200.0,49570070.0,15:35:30,2026-09-24
sz002317,众生药业,23.35,-1.57,-6.3,23.34,23.35,24.92,24.78,24.9,23.3,22678885.0,540591867.0,15:35:45,2026-09-24
sz002318,久立特材,18.4,0.09,0.492,18.4,18.41,18.31,18.22,18.48,18.13,6505850.0,119168311.0,15:35:00,2026-09-24
sz002319,乐通股份,10.22,0.16,1.59,10.22,10.23,10.06,10.0,10.37,9.95,7786289.0,79257779.0,15:35:15,2026-09-24
sz002320,海峡股份,6.76,0.35,5.46,6.76,6.77,6.41,6.4,6.97,6.28,65353672.0,431324763.0,15:35:30,2026-09-24
sz002321,华英农业,2.27,0.21,10.194,2.27,0.0,2.06,2.11,2.27,2.11,113560205.0,255370814.0,15:35:45,2026-09-24
sz002322,理工能科,11.99,-0.01,-0.083,11.99,12.0,12.0,11.96,12.12,11.9,4282802.0,51479870.0,15:35:00,2026-09-24
sz002323,*ST雅博,1.25,0.0,0.0,1.24,1.25,1.25,1.25,1.26,1.24,22787530.0,28448900.0,15:35:15,2026-09-24
sz002324,普利特,8.99,-0.14,-1.533,8.99,9.0,9.13,9.1,9.3,8.97,18101206.0,164824963.0,15:35:30,2026-09-24
sz002326,永太科技,16.57,-0.39,-2.3,16.57,16.58,16.96,16.97,17.05,16.57,10932282.0,183098262.0,15:35:45,2026-09-24
sz002327,富安娜,6.14,0.02,0.327,6.13,6.14,6.12,6.12,6.16,6.1,3695700.0,22648113.0,15:35:00,2026-09-24
sz002328,新朋股份,8.75,-0.17,-1.906,8.74,8.75,8.92,8.7,9.23,8.7,68095502.0,607010900.0,15:35:15,2026-09-24
sz002329,皇氏集团,3.6,-0.03,-0.826,3.6,3.61,3.63,3.6,3.68,3.58,17009400.0,61453214.0,15:35:30,2026-09-24
sz002330,得利斯,4.05,-0.03,-0.735,4.05,4.06,4.08,4.08,4.12,4.02,7607300.0,30876014.0,15:35:45,2026-09-24
sz002331,皖通科技,6.8,-0.04,-0.585,6.8,6.81,6.84,6.8,6.89,6.77,4109695.0,28050627.0,15:35:00,2026-09-24
sz002332,仙琚制药,8.61,-0.12,-1.375,8.6,8.61,8.73,8.71,8.77,8.58,7764300.0,67124131.0,15:35:15,2026-09-24
sz002333,罗普斯金,5.47,-0.32,-5.527,5.47,5.48,5.79,5.77,5.78,5.45,14271200.0,79353044.0,15:35:30,2026-09-24
sz002334,英威腾,6.5,-0.04,-0.612,6.5,6.51,6.54,6.47,6.58,6.44,9048710.0,59025644.0,15:35:45,2026-09-24
sz002335,科华数据,31.85,-0.78,-2.39,31.84,31.85,32.63,32.23,32.46,31.7,39912693.0,1277017045.0,15:35:00,2026-09-24
sz002337,赛象科技,4.79,-0.08,-1.643,4.78,4.79,4.87,4.87,4.87,4.78,18115300.0,87207279.0,15:35:15,2026-09-24
sz002338,奥普光电,45.85,-0.85,-1.82,45.85,45.86,46.7,46.23,46.59,45.41,5922556.0,272052111.0,15:35:30,2026-09-24
sz002339,积成电子,7.55,0.06,0.801,7.54,7.55,7.49,7.42,7.59,7.3,30638511.0,227425745.0,15:35:45,2026-09-24
sz002340,格林美,6.12,-0.1,-1.608,6.12,6.13,6.22,6.19,6.2,6.12,44476704.0,273359204.0,15:35:00,2026-09-24
sz002342,巨力索具,7.89,0.35,4.642,7.89,7.9,7.54,7.51,8.23,7.48,140044136.0,1104378140.0,15:35:15,2026-09-24
sz002343,慈文传媒,5.72,-0.08,-1.379,5.71,5.72,5.8,5.8,5.87,5.67,11135980.0,63927409.0,15:35:30,2026-09-24
sz002344,海宁皮城,3.99,0.01,0.251,3.99,4.0,3.98,3.96,4.04,3.96,6560638.0,26156781.0,15:35:45,2026-09-24
sz002345,潮宏基,8.47,-0.14,-1.626,8.46,8.47,8.61,8.6,8.65,8.44,8540076.0,72747320.0,15:35:00,2026-09-24
sz002346,柘中股份,18.41,-0.11,-0.594,18.41,18.43,18.52,18.48,18.79,18.31,7254476.0,134716980.0,15:35:15,2026-09-24
sz002347,泰尔股份,5.84,0.08,1.389,5.84,5.85,5.76,5.73,6.07,5.73,20140900.0,119100275.0,15:35:30,2026-09-24
sz002348,高乐股份,11.01,0.15,1.381,11.01,11.02,10.86,10.77,11.24,10.77,15260410.0,168640111.0,15:35:45,2026-09-24
sz002349,精华制药,8.46,-0.11,-1.284,8.46,8.47,8.57,8.58,8.74,8.43,54464405.0,467361433.0,15:35:00,2026-09-24
sz002350,北京科锐,13.71,-0.23,-1.65,13.7,13.71,13.94,13.9,13.93,13.68,4418270.0,60793822.0,15:35:15,2026-09-24
sz002351,漫步者,9.87,-0.16,-1.595,9.87,9.88,10.03,10.04,10.09,9.85,4155318.0,41253514.0,15:35:30,2026-09-24
sz002352,顺丰控股,30.54,-0.35,-1.133,30.54,30.55,30.89,30.81,30.92,30.45,10397709.0,318410754.0,15:35:45,2026-09-24
sz002353,杰瑞股份,116.02,-0.82,-0.702,116.02,116.03,116.84,116.8,119.84,115.19,16620396.0,1946033972.0,15:35:00,2026-09-24
sz002354,天娱数科,7.48,-0.05,-0.664,7.48,7.49,7.53,7.6,7.69,7.41,124952729.0,941996919.0,15:35:15,2026-09-24
sz002355,兴民智通,4.64,0.03,0.651,4.63,4.64,4.61,4.64,4.8,4.62,10155124.0,47468398.0,15:35:30,2026-09-24
sz002356,鹏飞绿能,2.67,-0.02,-0.743,2.67,2.68,2.69,2.69,2.73,2.66,12854900.0,34621795.0,15:35:45,2026-09-24
sz002357,富临运业,11.72,-0.23,-1.925,11.72,11.73,11.95,11.93,12.06,11.69,6168300.0,73178423.0,15:35:00,2026-09-24
sz002358,森源电气,5.13,-0.04,-0.774,5.13,5.14,5.17,5.16,5.2,5.13,8261100.0,42641755.0,15:35:15,2026-09-24
sz002360,ST同德,5.5,0.16,2.996,5.49,5.5,5.34,5.72,5.83,5.43,11199151.0,62718270.0,15:35:30,2026-09-24
sz002361,神剑股份,10.14,0.04,0.396,10.14,10.15,10.1,10.09,10.5,10.02,87323439.0,892722045.0,15:35:45,2026-09-24
sz002362,汉王科技,15.75,-0.18,-1.13,15.75,15.76,15.93,16.13,16.13,15.73,5175100.0,81995098.0,15:35:00,2026-09-24
sz002363,隆基机械,6.9,0.03,0.437,6.9,6.91,6.87,6.84,6.95,6.82,2770800.0,19128232.0,15:35:15,2026-09-24
sz002364,中恒电气,34.92,-1.42,-3.908,34.92,34.93,36.34,36.18,36.2,34.87,15379742.0,543803139.0,15:35:30,2026-09-24
sz002365,永安药业,13.48,-0.36,-2.601,13.48,13.49,13.84,14.78,15.15,13.44,38484066.0,535510782.0,15:35:45,2026-09-24
sz002366,融发核电,5.58,0.0,0.0,5.57,5.58,5.58,5.55,5.61,5.54,12699754.0,70729295.0,15:35:00,2026-09-24
sz002367,康力电梯,5.97,-0.22,-3.554,5.97,5.98,6.19,6.1,6.16,5.95,35285920.0,212746741.0,15:35:15,2026-09-24
sz002368,太极股份,12.98,-0.14,-1.067,12.92,12.98,13.12,13.04,13.1,12.86,8111861.0,105221370.0,15:35:30,2026-09-24
sz002369,卓翼科技,5.56,-0.08,-1.418,5.56,5.57,5.64,5.64,5.67,5.55,5909657.0,33090121.0,15:35:45,2026-09-24
sz002370,亚太药业,5.12,-0.12,-2.29,5.12,5.13,5.24,5.21,5.28,5.12,11678265.0,60338282.0,15:35:00,2026-09-24
sz002371,北方华创,653.06,-15.09,-2.258,653.06,653.3,668.15,663.16,665.88,653.06,4006147.0,2639809530.0,15:35:15,2026-09-24
sz002372,伟星新材,8.17,-0.09,-1.09,8.17,8.18,8.26,8.25,8.29,8.13,5584252.0,45731678.0,15:35:30,2026-09-24
sz002373,千方科技,7.29,-0.09,-1.22,7.29,7.3,7.38,7.35,7.46,7.26,13208400.0,97054290.0,15:35:45,2026-09-24
sz002374,中锐股份,3.22,-0.02,-0.617,3.22,3.23,3.24,3.23,3.28,3.21,23864500.0,77410292.0,15:35:00,2026-09-24
sz002375,亚厦股份,3.85,-0.1,-2.532,3.84,3.85,3.95,3.89,3.95,3.83,28734900.0,111181541.0,15:35:15,2026-09-24
sz002376,新北洋,6.75,0.02,0.297,6.75,6.76,6.73,6.71,6.8,6.69,8525900.0,57634557.0,15:35:30,2026-09-24
sz002377,国创高新,2.95,-0.04,-1.338,2.95,2.96,2.99,2.99,3.06,2.93,45264499.0,134488355.0,15:35:45,2026-09-24
sz002378,章源钨业,22.5,-0.69,-2.975,22.5,22.51,23.19,23.06,23.18,22.45,14805676.0,336246689.0,15:35:00,2026-09-24
sz002379,宏桥控股,16.11,-0.4,-2.423,16.1,16.11,16.51,16.44,16.56,16.09,21388390.0,347404505.0,15:35:15,2026-09-24
sz002380,科远智慧,27.02,-0.44,-1.602,27.01,27.02,27.46,27.28,27.52,27.01,2067300.0,56275964.0,15:35:30,2026-09-24
sz002381,双箭股份,5.55,-0.02,-0.359,5.55,5.56,5.57,5.56,5.62,5.54,2074100.0,11551362.0,15:35:45,2026-09-24
sz002382,蓝帆医疗,5.95,0.09,1.536,5.94,5.95,5.86,5.93,6.09,5.93,17429107.0,104338308.0,15:35:00,2026-09-24
sz002383,合众思壮,8.3,-0.22,-2.582,8.3,8.31,8.52,8.31,8.59,8.21,33895028.0,283038008.0,15:35:15,2026-09-24
sz002384,东山精密,185.99,-7.01,-3.632,185.98,185.99,193.0,192.0,193.66,185.6,39982948.0,7533577924.0,15:35:30,2026-09-24
sz002385,大北农,3.09,-0.05,-1.592,3.08,3.09,3.14,3.17,3.17,3.07,58501000.0,182166549.0,15:35:45,2026-09-24
sz002386,天原股份,5.95,-0.08,-1.327,5.94,5.95,6.03,6.04,6.06,5.92,14193100.0,84703367.0,15:35:00,2026-09-24
sz002387,维信诺,6.87,-0.07,-1.009,6.87,6.88,6.94,6.91,6.97,6.87,6737712.0,46480816.0,15:35:15,2026-09-24
sz002388,新亚制程,7.76,-0.2,-2.513,7.75,7.76,7.96,7.78,8.08,7.68,68119956.0,537378400.0,15:35:30,2026-09-24
sz002389,航天彩虹,18.31,-0.35,-1.876,18.31,18.32,18.66,18.6,18.63,18.27,10463979.0,192686429.0,15:35:45,2026-09-24
sz002390,信邦制药,2.91,-0.05,-1.689,2.91,2.92,2.96,2.96,2.98,2.9,23623924.0,69149304.0,15:35:00,2026-09-24
sz002391,长青股份,5.12,-0.02,-0.389,5.11,5.12,5.14,5.14,5.16,5.09,6398800.0,32731754.0,15:35:15,2026-09-24
sz002392,北京利尔,7.6,-0.04,-0.524,7.6,7.61,7.64,7.61,7.66,7.57,5309100.0,40396558.0,15:35:30,2026-09-24
sz002393,力生制药,13.82,-0.11,-0.79,13.82,13.83,13.93,13.85,14.01,13.77,1468448.0,20330598.0,15:35:45,2026-09-24
sz002394,联发股份,10.23,-0.1,-0.968,10.23,10.24,10.33,10.37,10.4,10.2,3134900.0,32204269.0,15:35:00,2026-09-24
sz002395,双象股份,14.05,1.28,10.023,14.05,0.0,12.77,12.6,14.05,12.6,16724103.0,232050739.0,15:35:15,2026-09-24
sz002396,星网锐捷,36.65,0.13,0.356,36.64,36.65,36.52,36.8,37.69,36.33,64463158.0,2382680947.0,15:35:30,2026-09-24
sz002397,梦洁股份,3.62,0.01,0.277,3.61,3.62,3.61,3.61,3.66,3.58,12592600.0,45671805.0,15:35:45,2026-09-24
sz002398,垒知集团,4.27,0.07,1.667,4.26,4.27,4.2,4.2,4.27,4.15,11791534.0,49658624.0,15:35:00,2026-09-24
sz002399,海普瑞,9.58,-0.15,-1.542,9.58,9.59,9.73,9.73,9.8,9.5,3541620.0,34031463.0,15:35:15,2026-09-24
sz002400,省广集团,6.46,-0.07,-1.072,6.45,6.46,6.53,6.53,6.62,6.43,43147460.0,281247613.0,15:35:30,2026-09-24
sz002401,中远海科,12.06,-0.05,-0.413,12.05,12.06,12.11,12.13,12.15,12.0,2072200.0,25006979.0,15:35:45,2026-09-24
sz002402,和而泰,18.37,-0.35,-1.87,18.37,18.38,18.72,18.67,18.81,18.36,12019011.0,222979394.0,15:35:00,2026-09-24
sz002403,爱仕达,10.33,0.23,2.277,10.33,10.34,10.1,10.14,10.68,10.07,21492085.0,223101392.0,15:35:15,2026-09-24
sz002404,嘉欣丝绸,5.88,0.07,1.205,5.87,5.88,5.81,5.78,5.93,5.77,6659000.0,39180902.0,15:35:30,2026-09-24
sz002405,四维图新,5.95,-0.09,-1.49,5.94,5.95,6.04,6.02,6.05,5.92,20303658.0,121377589.0,15:35:45,2026-09-24
sz002406,远东传动,6.45,0.05,0.781,6.44,6.45,6.4,6.37,6.5,6.35,9712005.0,62734778.0,15:35:00,2026-09-24
sz002407,多氟多,30.92,-1.17,-3.646,30.91,30.92,32.09,31.91,32.18,30.91,52836598.0,1655503368.0,15:35:15,2026-09-24
sz002408,齐翔腾达,5.32,-0.05,-0.931,5.31,5.32,5.37,5.35,5.4,5.29,11580974.0,61775000.0,15:35:30,2026-09-24
sz002409,雅克科技,132.62,-4.66,-3.395,132.62,132.63,137.28,135.47,136.7,132.55,9667927.0,1296668561.0,15:35:45,2026-09-24
sz002410,广联达,8.4,-0.06,-0.709,8.39,8.4,8.46,8.48,8.57,8.39,15157578.0,128427171.0,15:35:00,2026-09-24
sz002412,汉森制药,9.1,-0.31,-3.294,9.1,9.11,9.41,9.4,9.41,9.06,42064912.0,385526971.0,15:35:15,2026-09-24
sz002413,雷科防务,8.97,0.82,10.061,8.97,0.0,8.15,8.31,8.97,8.31,222978571.0,1977372525.0,15:35:30,2026-09-24
sz002414,高德红外,11.88,-0.14,-1.165,11.88,11.89,12.02,11.98,12.03,11.87,29632131.0,353539379.0,15:35:45,2026-09-24
sz002415,海康威视,32.63,-0.48,-1.45,32.63,32.64,33.11,33.01,33.13,32.62,24791519.0,814120191.0,15:35:00,2026-09-24
sz002416,爱施德,9.06,0.05,0.555,9.06,9.07,9.01,9.0,9.13,8.96,9361400.0,84772244.0,15:35:15,2026-09-24
sz002418,康盛股份,4.47,-0.07,-1.542,4.47,4.48,4.54,4.5,4.55,4.46,49614600.0,223352112.0,15:35:30,2026-09-24
sz002419,天虹股份,4.55,-0.02,-0.438,4.55,4.56,4.57,4.56,4.6,4.55,6790495.0,31026251.0,15:35:45,2026-09-24
sz002420,毅昌科技,6.08,-0.03,-0.491,6.08,6.09,6.11,6.07,6.17,6.04,4792400.0,29239736.0,15:35:00,2026-09-24
sz002421,达实智能,3.11,-0.05,-1.582,3.11,3.12,3.16,3.15,3.19,3.09,62791108.0,196679508.0,15:35:15,2026-09-24
sz002422,科伦药业,38.86,-2.84,-6.811,38.85,38.86,41.7,41.42,41.6,38.6,28601826.0,1125240466.0,15:35:30,2026-09-24
sz002423,中粮资本,9.05,-0.18,-1.95,9.05,9.06,9.23,9.24,9.24,9.02,9881474.0,89939903.0,15:35:45,2026-09-24
sz002424,ST百灵,4.61,0.17,3.829,4.61,4.62,4.44,4.57,4.8,4.55,22390600.0,104104514.0,15:35:00,2026-09-24
sz002425,凯撒文化,3.04,-0.01,-0.328,3.04,3.05,3.05,3.04,3.1,3.03,21980300.0,67064037.0,15:35:15,2026-09-24
sz002426,胜利精密,2.8,-0.16,-5.405,2.79,2.8,2.96,2.95,2.97,2.78,348418459.0,997478410.0,15:35:30,2026-09-24
sz002427,尤夫股份,4.52,-0.04,-0.877,4.51,4.52,4.56,4.55,4.57,4.5,6967834.0,31580134.0,15:35:45,2026-09-24
sz002428,云南锗业,91.63,-2.76,-2.924,91.63,91.64,94.39,92.58,95.83,91.5,37947550.0,3539152356.0,15:35:00,2026-09-24
sz002429,兆驰股份,8.3,0.06,0.728,8.29,8.3,8.24,8.17,8.34,8.05,63860054.0,523922376.0,15:35:15,2026-09-24
sz002430,杭氧股份,24.9,-0.45,-1.775,24.9,24.91,25.35,25.45,25.67,24.9,7956704.0,200664771.0,15:35:30,2026-09-24
sz002431,ST棕榈,1.31,-0.02,-1.504,1.31,1.32,1.33,1.34,1.35,1.31,11333201.0,15053924.0,15:35:45,2026-09-24
sz002432,九安医疗,61.68,-1.65,-2.605,61.68,61.69,63.33,63.22,63.9,61.6,10244767.0,639631666.0,15:35:00,2026-09-24
sz002434,万里扬,6.17,-0.02,-0.323,6.16,6.17,6.19,6.25,6.3,6.16,15464400.0,96258651.0,15:35:15,2026-09-24
sz002436,兴森科技,43.31,-2.59,-5.643,43.31,43.32,45.9,45.51,45.65,43.15,120987409.0,5309165742.0,15:35:30,2026-09-24
sz002437,誉衡药业,3.5,-0.14,-3.846,3.49,3.5,3.64,3.67,3.67,3.48,184443421.0,654230127.0,15:35:45,2026-09-24
sz002438,江苏神通,13.76,-0.04,-0.29,13.75,13.76,13.8,13.8,13.95,13.71,3254100.0,44978604.0,15:35:00,2026-09-24
sz002439,启明星辰,14.35,-0.12,-0.829,14.35,14.36,14.47,14.64,14.67,14.27,21167107.0,304957025.0,15:35:15,2026-09-24
sz002440,闰土股份,12.79,-0.27,-2.067,12.79,12.8,13.06,12.98,13.0,12.64,30637667.0,392138478.0,15:35:30,2026-09-24
sz002441,众业达,8.16,-0.02,-0.244,8.16,8.17,8.18,8.21,8.24,8.14,2798980.0,22955098.0,15:35:45,2026-09-24
sz002442,龙星科技,5.42,-0.14,-2.518,5.42,5.43,5.56,5.51,5.57,5.37,24077900.0,131077113.0,15:35:00,2026-09-24
sz002443,金洲管道,12.93,-0.44,-3.291,12.93,12.94,13.37,13.34,13.42,12.72,40477792.0,525536634.0,15:35:15,2026-09-24
sz002444,巨星科技,27.28,-0.72,-2.571,27.28,27.29,28.0,27.95,28.06,27.17,7067349.0,194388826.0,15:35:30,2026-09-24
sz002445,中南文化,3.11,0.0,0.0,3.11,3.12,3.11,3.11,3.19,3.08,57709220.0,180853812.0,15:35:45,2026-09-24
sz002446,盛路通信,8.15,0.08,0.991,8.15,8.16,8.07,8.14,8.34,8.06,33709960.0,276562981.0,15:35:00,2026-09-24
sz002448,中原内配,10.89,-0.22,-1.98,10.89,10.9,11.11,11.02,11.14,10.82,10311750.0,112815519.0,15:35:15,2026-09-24
sz002449,国星光电,6.59,-0.1,-1.495,6.59,6.6,6.69,6.7,6.7,6.59,6043867.0,40057995.0,15:35:30,2026-09-24
sz002451,摩恩电气,7.62,0.13,1.736,7.61,7.62,7.49,7.5,7.81,7.41,13706810.0,104855450.0,15:35:45,2026-09-24
sz002452,长高电气,11.59,-0.23,-1.946,11.59,11.6,11.82,11.81,11.89,11.56,6131139.0,71848447.0,15:35:00,2026-09-24
sz002453,华软科技,5.02,-0.08,-1.569,5.02,5.03,5.1,4.91,5.18,4.86,76868298.0,383918304.0,15:35:15,2026-09-24
sz002454,松芝股份,5.14,0.01,0.195,5.13,5.14,5.13,5.14,5.2,5.07,7173094.0,36944755.0,15:35:30,2026-09-24
sz002455,百川股份,6.79,-0.11,-1.594,6.79,6.8,6.9,6.88,6.9,6.78,13952180.0,95429362.0,15:35:45,2026-09-24
sz002456,欧菲光,6.69,-0.16,-2.336,6.69,6.7,6.85,6.85,6.9,6.69,54694659.0,369922069.0,15:35:00,2026-09-24
sz002457,青龙管业,11.09,-0.21,-1.858,11.08,11.09,11.3,11.21,11.3,11.02,13751400.0,152827632.0,15:35:15,2026-09-24
sz002458,益生股份,8.09,-0.12,-1.462,8.08,8.09,8.21,8.2,8.24,8.06,18140568.0,147347092.0,15:35:30,2026-09-24
sz002459,晶澳科技,6.7,-0.18,-2.616,6.69,6.7,6.88,6.85,6.9,6.68,20765073.0,140425917.0,15:35:45,2026-09-24
sz002460,赣锋锂业,43.68,-1.85,-4.063,43.67,43.68,45.53,45.38,45.41,43.67,27464872.0,1218260051.0,15:35:00,2026-09-24
sz002461,珠江啤酒,8.15,-0.23,-2.745,8.14,8.15,8.38,8.37,8.42,8.06,7139000.0,58344367.0,15:35:15,2026-09-24
sz002462,嘉事堂,12.24,-0.07,-0.569,12.23,12.24,12.31,12.32,12.37,12.16,1861300.0,22810689.0,15:35:30,2026-09-24
sz002463,沪电股份,124.05,-4.05,-3.162,124.05,124.06,128.1,126.61,128.0,123.3,37922475.0,4748253385.0,15:35:45,2026-09-24
sz002465,海格通信,10.31,0.1,0.979,10.3,10.31,10.21,10.22,10.56,10.18,70169535.0,728067711.0,15:35:00,2026-09-24
sz002466,天齐锂业,40.9,-1.52,-3.583,40.89,40.9,42.42,42.0,42.23,40.9,23774454.0,983868652.0,15:35:15,2026-09-24
sz002467,二六三,4.82,-0.04,-0.823,4.82,4.83,4.86,4.82,4.91,4.77,74165570.0,358165954.0,15:35:30,2026-09-24
sz002468,申通快递,14.87,0.1,0.677,14.86,14.87,14.77,14.76,15.03,14.64,10321161.0,153020593.0,15:35:45,2026-09-24
sz002469,三维化学,6.03,-0.09,-1.471,6.03,6.04,6.12,6.14,6.15,6.03,4661265.0,28291172.0,15:35:00,2026-09-24
sz002470,金正大,2.02,-0.02,-0.98,2.01,2.02,2.04,2.05,2.06,2.01,94014100.0,190571803.0,15:35:15,2026-09-24
sz002471,中超控股,5.52,0.11,2.033,5.51,5.52,5.41,5.42,5.58,5.34,106057931.0,579946802.0,15:35:30,2026-09-24
sz002472,双环传动,38.94,1.36,3.619,38.93,38.94,37.58,37.41,39.49,37.3,37997824.0,1474521292.0,15:35:45,2026-09-24
sz002474,榕基软件,6.36,-0.02,-0.313,6.36,6.37,6.38,6.34,6.4,6.23,13197215.0,83389407.0,15:35:00,2026-09-24
sz002475,立讯精密,52.0,-2.37,-4.359,52.0,52.01,54.37,54.15,54.15,51.89,70797067.0,3725995371.0,15:35:15,2026-09-24
sz002476,新叶股份,5.02,0.03,0.601,5.01,5.02,4.99,4.99,5.08,4.95,5897199.0,29535777.0,15:35:30,2026-09-24
sz002478,常宝股份,6.72,0.25,3.864,6.72,6.73,6.47,6.42,6.98,6.41,37841632.0,256413728.0,15:35:45,2026-09-24
sz002479,富春环保,5.83,-0.06,-1.019,5.83,5.84,5.89,5.86,5.92,5.8,8792900.0,51389876.0,15:35:00,2026-09-24
sz002480,新筑股份,5.14,-0.24,-4.461,5.14,5.15,5.38,5.48,5.49,5.14,23304725.0,121805743.0,15:35:15,2026-09-24
sz002481,双塔食品,4.16,-0.08,-1.887,4.16,4.17,4.24,4.22,4.28,4.16,8650981.0,36318487.0,15:35:30,2026-09-24
sz002482,广田集团,1.33,-0.04,-2.92,1.32,1.33,1.37,1.36,1.38,1.32,73536600.0,98667376.0,15:35:45,2026-09-24
sz002483,润邦股份,6.02,-0.13,-2.114,6.02,6.04,6.15,6.15,6.21,6.02,13150022.0,80216855.0,15:35:00,2026-09-24
sz002484,江海股份,57.96,-1.89,-3.158,57.93,57.96,59.85,59.41,60.05,57.8,24076865.0,1412835227.0,15:35:15,2026-09-24
sz002485,ST雪发,5.88,-0.08,-1.342,5.85,5.88,5.96,5.98,5.98,5.82,1990100.0,11695202.0,15:35:30,2026-09-24
sz002486,嘉麟杰,2.73,0.01,0.368,2.72,2.73,2.72,2.71,2.76,2.69,17446500.0,47680724.0,15:35:45,2026-09-24
sz002487,大金重工,39.77,1.88,4.962,39.77,39.78,37.89,38.06,40.5,37.6,84802756.0,3341430318.0,15:35:00,2026-09-24
sz002488,金固股份,7.34,-0.17,-2.264,7.34,7.35,7.51,7.51,7.54,7.3,11723400.0,87003243.0,15:35:15,2026-09-24
sz002489,浙江永强,3.04,0.0,0.0,3.04,3.05,3.04,3.05,3.11,3.02,28486593.0,87323998.0,15:35:30,2026-09-24
sz002490,山东墨龙,7.15,0.02,0.281,7.15,7.16,7.13,7.12,7.18,7.08,11971664.0,85346502.0,15:35:45,2026-09-24
sz002491,通鼎互联,23.8,-0.48,-1.977,23.79,23.8,24.28,24.02,24.93,23.75,170355390.0,4145019115.0,15:35:00,2026-09-24
sz002492,恒基达鑫,6.32,0.02,0.317,6.32,6.33,6.3,6.26,6.6,6.26,9669100.0,61660160.0,15:35:15,2026-09-24
sz002493,荣盛石化,13.11,-0.44,-3.247,13.11,13.12,13.55,13.42,13.51,13.08,34174430.0,452725583.0,15:35:30,2026-09-24
sz002494,华斯股份,5.0,0.19,3.95,5.0,5.01,4.81,4.88,5.1,4.84,20605779.0,101991642.0,15:35:45,2026-09-24
sz002495,佳隆股份,2.4,-0.02,-0.826,2.4,2.41,2.42,2.4,2.45,2.38,15897303.0,38282465.0,15:35:00,2026-09-24
sz002496,辉丰股份,2.13,0.03,1.429,2.13,2.14,2.1,2.1,2.15,2.09,24232139.0,51335043.0,15:35:15,2026-09-24
sz002497,雅化集团,15.94,-0.44,-2.686,15.93,15.94,16.38,16.28,16.38,15.91,18984491.0,305218935.0,15:35:30,2026-09-24
sz002498,汉缆股份,6.3,0.03,0.478,6.3,6.31,6.27,6.27,6.31,6.22,36412901.0,228589637.0,15:35:45,2026-09-24
sz002500,山西证券,5.14,-0.11,-2.095,5.14,5.15,5.25,5.24,5.25,5.13,22338877.0,115663489.0,15:35:00,2026-09-24
sz002501,*ST利源,1.3,-0.01,-0.763,1.29,1.3,1.31,1.3,1.31,1.29,17324200.0,22509283.0,15:35:15,2026-09-24
sz002506,协鑫集成,2.36,-0.06,-2.479,2.35,2.36,2.42,2.41,2.43,2.35,151032200.0,359469839.0,15:35:30,2026-09-24
sz002507,涪陵榨菜,11.04,-0.14,-1.252,11.04,11.05,11.18,11.2,11.24,11.04,6076300.0,67453357.0,15:35:45,2026-09-24
sz002508,老板电器,16.58,0.1,0.607,16.58,16.59,16.48,16.4,16.68,16.33,6380024.0,105470944.0,15:35:00,2026-09-24
sz002510,天汽模,5.65,-0.02,-0.353,5.65,5.66,5.67,5.71,5.87,5.65,23867086.0,137357453.0,15:35:15,2026-09-24
sz002511,中顺洁柔,6.91,-0.09,-1.286,6.91,6.92,7.0,6.96,7.04,6.91,7678600.0,53395003.0,15:35:30,2026-09-24
sz002512,ST达华,3.88,0.02,0.518,3.87,3.88,3.86,3.9,3.94,3.85,12547950.0,48831502.0,15:35:45,2026-09-24
sz002513,蓝丰生化,5.31,0.04,0.759,5.3,5.31,5.27,5.24,5.35,5.23,5169403.0,27408202.0,15:35:00,2026-09-24
sz002514,*ST宝馨,2.49,0.0,0.0,2.49,2.5,2.49,2.46,2.6,2.44,28622611.0,71924904.0,15:35:15,2026-09-24
sz002515,金字火腿,7.4,-0.3,-3.896,7.4,7.41,7.7,7.62,7.7,7.35,46847900.0,349153622.0,15:35:30,2026-09-24
sz002516,旷达科技,5.76,-0.15,-2.538,5.76,5.77,5.91,5.88,5.92,5.74,20665400.0,120182381.0,15:35:45,2026-09-24
sz002517,恺英网络,16.17,-0.21,-1.282,16.17,16.18,16.38,16.41,16.55,16.15,24033867.0,391695246.0,15:35:00,2026-09-24
sz002518,科士达,37.12,-1.85,-4.747,37.12,37.13,38.97,38.6,39.09,37.04,12960256.0,493044310.0,15:35:15,2026-09-24
sz002519,银河电子,5.9,0.13,2.253,5.9,5.91,5.77,5.77,6.08,5.72,75506198.0,445297342.0,15:35:30,2026-09-24
sz002520,日发精机,6.46,0.21,3.36,6.45,6.46,6.25,6.24,6.54,6.19,53197945.0,342149324.0,15:35:45,2026-09-24
sz002521,齐峰新材,6.28,0.01,0.159,6.27,6.28,6.27,6.23,6.31,6.21,3810200.0,23884796.0,15:35:00,2026-09-24
sz002522,浙江众成,5.59,-0.17,-2.951,5.59,5.6,5.76,5.72,5.73,5.57,41352111.0,232776670.0,15:35:15,2026-09-24
sz002523,天桥起重,3.38,0.0,0.0,3.37,3.38,3.38,3.38,3.4,3.35,12223224.0,41241564.0,15:35:30,2026-09-24
sz002524,光正眼科,4.03,0.01,0.249,4.02,4.03,4.02,4.02,4.09,4.0,10641967.0,42989685.0,15:35:45,2026-09-24
sz002526,山东矿机,2.6,0.0,0.0,2.59,2.6,2.6,2.6,2.64,2.59,15319977.0,39962344.0,15:35:00,2026-09-24
sz002527,新时达,10.75,0.05,0.467,10.75,10.76,10.7,10.7,11.06,10.6,8611062.0,93548773.0,15:35:15,2026-09-24
sz002528,*ST英飞,5.73,-0.07,-1.207,5.72,5.73,5.8,5.75,5.85,5.51,22837898.0,129718077.0,15:35:30,2026-09-24
sz002529,海源复材,6.59,0.04,0.611,6.58,6.59,6.55,6.5,6.63,6.5,3601500.0,23682354.0,15:35:45,2026-09-24
sz002530,金财互联,7.03,-0.14,-1.953,7.02,7.03,7.17,7.14,7.21,7.01,7230647.0,51228825.0,15:35:00,2026-09-24
sz002531,天顺风能,7.44,0.28,3.911,7.44,7.45,7.16,7.11,7.47,7.11,137194394.0,1010351776.0,15:35:15,2026-09-24
sz002532,天山铝业,12.11,-0.3,-2.417,12.1,12.11,12.41,12.32,12.36,12.04,44011154.0,536212046.0,15:35:30,2026-09-24
sz002533,金杯电工,10.91,0.02,0.184,10.91,10.92,10.89,10.79,10.97,10.79,4426900.0,48284568.0,15:35:45,2026-09-24
sz002534,西子洁能,17.41,-0.19,-1.08,17.41,17.42,17.6,17.6,17.74,17.38,9095561.0,159489590.0,15:35:00,2026-09-24
sz002535,林州重机,2.42,0.04,1.681,2.41,2.42,2.38,2.38,2.43,2.34,11696500.0,28136522.0,15:35:15,2026-09-24
sz002536,飞龙股份,50.67,-1.6,-3.061,50.64,50.67,52.27,51.9,52.38,50.3,27306494.0,1392712611.0,15:35:30,2026-09-24
sz002537,海联金汇,5.62,-0.08,-1.404,5.61,5.62,5.7,5.7,5.71,5.59,16454207.0,92686997.0,15:35:45,2026-09-24
sz002538,ST司特,6.61,-0.12,-1.783,6.61,6.62,6.73,6.73,6.74,6.6,4479800.0,29798662.0,15:35:00,2026-09-24
sz002539,云图控股,12.04,-0.19,-1.554,12.04,12.05,12.23,12.15,12.27,11.98,9906400.0,119594612.0,15:35:15,2026-09-24
sz002540,亚太科技,4.98,-0.05,-0.994,4.98,4.99,5.03,5.02,5.04,4.94,9163000.0,45821445.0,15:35:30,2026-09-24
sz002541,鸿路钢构,18.26,-1.43,-7.263,18.26,18.27,19.69,19.49,19.66,18.22,19925921.0,370400789.0,15:35:45,2026-09-24
sz002542,*ST中岩,1.63,-0.03,-1.807,1.63,1.64,1.66,1.65,1.66,1.63,8483600.0,13941779.0,15:35:00,2026-09-24
sz002543,万和电气,7.11,-0.25,-3.397,7.11,7.12,7.36,7.24,7.4,7.1,12153632.0,87855580.0,15:35:15,2026-09-24
sz002544,普天科技,15.69,-0.17,-1.072,15.69,15.7,15.86,15.77,16.04,15.68,9996700.0,157944240.0,15:35:30,2026-09-24
sz002545,东方铁塔,14.79,-0.84,-5.374,14.79,14.8,15.63,15.6,15.61,14.76,25572890.0,384454987.0,15:35:45,2026-09-24
sz002546,新联电子,7.37,-0.09,-1.206,7.37,7.38,7.46,7.46,7.49,7.37,7282884.0,54017301.0,15:35:00,2026-09-24
sz002547,*ST春兴,2.45,0.09,3.814,2.45,2.46,2.36,2.42,2.59,2.39,45676500.0,114465881.0,15:35:15,2026-09-24
sz002548,金新农,3.82,-0.11,-2.799,3.82,3.83,3.93,3.9,3.95,3.8,24491100.0,94414704.0,15:35:30,2026-09-24
sz002549,凯美特气,13.05,-0.25,-1.88,13.05,13.06,13.3,13.2,13.34,13.03,8301100.0,109230805.0,15:35:45,2026-09-24
sz002550,千红制药,6.36,-0.17,-2.603,6.36,6.37,6.53,6.51,6.56,6.35,11109600.0,71428753.0,15:35:00,2026-09-24
sz002551,尚荣医疗,3.35,0.02,0.601,3.34,3.35,3.33,3.33,3.38,3.31,11155821.0,37279908.0,15:35:15,2026-09-24
sz002552,宝鼎科技,49.88,-3.57,-6.679,49.87,49.88,53.45,52.94,53.28,49.8,19634600.0,1000371241.0,15:35:30,2026-09-24
sz002553,南方精工,16.27,0.8,5.171,16.26,16.27,15.47,15.4,16.96,15.35,27977404.0,458866491.0,15:35:45,2026-09-24
sz002554,惠博普,2.76,-0.01,-0.361,2.76,2.77,2.77,2.79,2.8,2.75,12727200.0,35229240.0,15:35:00,2026-09-24
sz002555,三七互娱,17.38,-0.01,-0.058,17.37,17.38,17.39,17.37,17.49,17.32,11030245.0,191915586.0,15:35:15,2026-09-24
sz002556,辉隆股份,5.08,-0.05,-0.975,5.08,5.09,5.13,5.13,5.16,5.05,9397200.0,47867366.0,15:35:30,2026-09-24
sz002557,洽洽食品,18.2,0.08,0.442,18.19,18.2,18.12,18.17,18.31,18.05,3977298.0,72274952.0,15:35:45,2026-09-24
sz002558,巨人网络,23.62,0.02,0.085,23.62,23.63,23.6,23.6,24.06,23.51,32075442.0,763051176.0,15:35:00,2026-09-24
sz002559,亚威股份,8.97,-0.2,-2.181,8.96,8.97,9.17,9.13,9.18,8.96,13357258.0,120774577.0,15:35:15,2026-09-24
sz002560,通达股份,6.8,-0.18,-2.579,6.79,6.8,6.98,7.0,7.03,6.78,41468902.0,283730526.0,15:35:30,2026-09-24
sz002561,徐家汇,7.33,-0.04,-0.543,7.33,7.34,7.37,7.35,7.47,7.3,5053200.0,37171353.0,15:35:45,2026-09-24
sz002562,兄弟科技,5.0,0.02,0.402,4.99,5.0,4.98,4.95,5.3,4.95,48980046.0,250140901.0,15:35:00,2026-09-24
sz002563,森马服饰,5.44,-0.06,-1.091,5.43,5.44,5.5,5.49,5.56,5.43,11129400.0,61013094.0,15:35:15,2026-09-24
sz002564,天沃科技,5.28,-0.21,-3.825,5.28,5.29,5.49,5.41,5.52,5.25,77031712.0,412568377.0,15:35:30,2026-09-24
sz002565,顺灏股份,8.78,0.12,1.386,8.78,8.79,8.66,8.61,9.28,8.58,115278505.0,1022519583.0,15:35:45,2026-09-24
sz002566,益盛药业,6.96,-0.05,-0.713,6.96,7.0,7.01,6.97,7.09,6.94,3756900.0,26301502.0,15:35:00,2026-09-24
sz002567,唐人神,3.58,-0.09,-2.452,3.58,3.59,3.67,3.66,3.68,3.57,22475999.0,81085917.0,15:35:15,2026-09-24
sz002568,百润股份,19.25,0.62,3.328,19.24,19.25,18.63,19.25,19.76,18.77,23493929.0,454947813.0,15:35:30,2026-09-24
sz002569,*ST步森,11.43,-0.17,-1.466,11.43,11.44,11.6,11.6,11.7,11.33,1368700.0,15727503.0,15:35:45,2026-09-24
sz002570,贝因美,4.38,-0.02,-0.455,4.38,4.39,4.4,4.4,4.43,4.38,7875871.0,34640533.0,15:35:00,2026-09-24
sz002571,德力股份,10.97,-0.05,-0.454,10.97,10.98,11.02,11.08,11.1,10.96,2859701.0,31498484.0,15:35:15,2026-09-24
sz002572,索菲亚,7.45,-0.14,-1.845,7.44,7.45,7.59,7.55,7.7,7.41,7987482.0,60131131.0,15:35:30,2026-09-24
sz002573,清新环境,3.11,-0.01,-0.321,3.11,3.12,3.12,3.1,3.14,3.1,8251543.0,25696736.0,15:35:45,2026-09-24
sz002574,明牌珠宝,4.97,-0.05,-0.996,4.96,4.97,5.02,5.0,5.05,4.94,5177968.0,25796730.0,15:35:00,2026-09-24
sz002575,群兴玩具,5.06,-0.06,-1.172,5.06,5.07,5.12,5.1,5.16,5.0,20274641.0,103009998.0,15:35:15,2026-09-24
sz002576,通达动力,14.49,0.08,0.555,14.49,14.5,14.41,14.35,14.56,14.31,1883002.0,27269815.0,15:35:30,2026-09-24
sz002577,雷柏科技,21.9,-0.4,-1.794,21.89,21.9,22.3,22.35,22.37,21.88,5301500.0,116935420.0,15:35:45,2026-09-24
sz002578,闽发铝业,4.08,-0.06,-1.449,4.07,4.08,4.14,4.14,4.14,4.06,16015900.0,65603564.0,15:35:00,2026-09-24
sz002579,中京电子,19.22,0.62,3.333,19.22,19.23,18.6,18.68,20.0,18.68,173270061.0,3361505550.0,15:35:15,2026-09-24
sz002580,圣阳股份,18.4,-0.25,-1.34,18.4,18.41,18.65,18.6,18.75,18.4,22604349.0,419581862.0,15:35:30,2026-09-24
sz002581,*ST未名,4.97,-0.21,-4.054,4.97,4.98,5.18,5.08,5.18,4.95,6170300.0,30959136.0,15:35:45,2026-09-24
sz002582,好想你,9.45,-0.17,-1.767,9.44,9.45,9.62,9.58,9.68,9.43,9182200.0,87407921.0,15:35:00,2026-09-24
sz002583,海能达,8.03,0.01,0.125,8.03,8.04,8.02,8.01,8.23,7.92,15917700.0,129120160.0,15:35:15,2026-09-24
sz002584,西陇科学,8.79,-0.23,-2.55,8.78,8.79,9.02,8.95,9.8,8.79,110692300.0,1005109319.0,15:35:30,2026-09-24
sz002585,双星新材,11.2,-0.52,-4.437,11.2,11.21,11.72,11.49,11.83,11.18,102941232.0,1170385336.0,15:35:45,2026-09-24
sz002586,围海股份,3.74,-0.03,-0.796,3.73,3.74,3.77,3.75,3.81,3.73,3665800.0,13778057.0,15:35:00,2026-09-24
sz002587,奥拓电子,5.25,0.01,0.191,5.25,5.26,5.24,5.27,5.33,5.18,10701242.0,56379850.0,15:35:15,2026-09-24
sz002588,史丹利,7.54,-0.1,-1.309,7.53,7.54,7.64,7.62,7.65,7.52,8866980.0,67063955.0,15:35:30,2026-09-24
sz002589,瑞康医药,3.32,-0.06,-1.775,3.32,3.33,3.38,3.44,3.48,3.3,139148761.0,468234618.0,15:35:45,2026-09-24
sz002590,万安科技,9.6,-0.02,-0.208,9.6,9.61,9.62,9.55,9.76,9.55,4053380.0,39238362.0,15:35:00,2026-09-24
sz002591,恒大高新,6.37,0.03,0.473,6.36,6.37,6.34,6.31,6.41,6.3,6674300.0,42402373.0,15:35:15,2026-09-24
sz002592,ST八菱,6.36,-0.06,-0.935,6.36,6.37,6.42,6.4,6.48,6.35,1532800.0,9807777.0,15:35:30,2026-09-24
sz002593,日上集团,4.63,0.1,2.208,4.62,4.63,4.53,4.52,4.65,4.5,11158300.0,51066913.0,15:35:45,2026-09-24
sz002594,比亚迪,84.34,-1.51,-1.759,84.33,84.34,85.85,85.7,86.02,84.23,18221596.0,1547053128.0,15:35:00,2026-09-24
sz002595,豪迈科技,38.94,-0.83,-2.087,38.94,38.95,39.77,39.7,40.17,38.85,3123875.0,123099838.0,15:35:15,2026-09-24
sz002596,海南瑞泽,3.22,0.03,0.94,3.21,3.22,3.19,3.19,3.23,3.1,24457766.0,77247325.0,15:35:30,2026-09-24
sz002597,金禾实业,21.56,-0.43,-1.955,21.56,21.57,21.99,21.93,22.06,21.56,2994267.0,65112387.0,15:35:45,2026-09-24
sz002598,ST章鼓,6.9,-0.05,-0.719,6.9,6.91,6.95,6.9,6.97,6.88,1458300.0,10088402.0,15:35:00,2026-09-24
sz002599,盛通股份,5.58,-0.06,-1.064,5.58,5.59,5.64,5.62,5.65,5.54,7461200.0,41785268.0,15:35:15,2026-09-24
sz002600,领益智造,12.23,-0.14,-1.132,12.23,12.24,12.37,12.28,12.42,12.22,44499933.0,546471587.0,15:35:30,2026-09-24
sz002601,龙佰集团,15.0,-0.24,-1.575,15.0,15.01,15.24,15.2,15.42,15.0,8124535.0,122906194.0,15:35:45,2026-09-24
sz002602,世纪华通,14.23,-0.03,-0.21,14.22,14.23,14.26,14.21,14.37,14.1,55714898.0,791261889.0,15:35:00,2026-09-24
sz002603,以岭药业,15.14,-0.32,-2.07,15.14,15.15,15.46,15.4,15.52,15.13,10669970.0,162749236.0,15:35:15,2026-09-24
sz002605,姚记科技,16.43,-0.19,-1.143,16.43,16.44,16.62,16.66,16.7,16.43,2447837.0,40466162.0,15:35:30,2026-09-24
sz002606,大连电瓷,12.16,-0.14,-1.138,12.15,12.16,12.3,12.3,12.38,12.15,8300000.0,101586386.0,15:35:45,2026-09-24
sz002607,中公教育,1.88,-0.02,-1.053,1.87,1.88,1.9,1.89,1.92,1.87,109909200.0,207599646.0,15:35:00,2026-09-24
sz002608,江苏国信,7.24,-0.03,-0.413,7.24,7.25,7.27,7.25,7.33,7.21,8627200.0,62573356.0,15:35:15,2026-09-24
sz002609,捷顺科技,7.81,0.04,0.515,7.81,7.82,7.77,7.75,7.9,7.72,5256100.0,41008021.0,15:35:30,2026-09-24
sz002611,东方精工,14.44,0.06,0.417,14.44,14.45,14.38,14.2,14.79,14.07,31449340.0,455410679.0,15:35:45,2026-09-24
sz002612,朗姿股份,17.14,-0.09,-0.522,17.14,17.15,17.23,17.5,18.14,17.1,16087637.0,284148709.0,15:35:00,2026-09-24
sz002613,北玻股份,3.41,-0.17,-4.749,3.4,3.41,3.58,3.53,3.53,3.41,55442740.0,190630391.0,15:35:15,2026-09-24
sz002614,奥佳华,8.33,0.76,10.04,8.33,0.0,7.57,7.5,8.33,7.5,57328214.0,463388107.0,15:35:30,2026-09-24
sz002615,哈尔斯,6.35,-0.01,-0.157,6.35,6.36,6.36,6.35,6.42,6.32,5918200.0,37608576.0,15:35:45,2026-09-24
sz002616,长青集团,4.81,0.02,0.418,4.81,4.82,4.79,4.79,4.83,4.77,3026851.0,14542889.0,15:35:00,2026-09-24
sz002617,露笑科技,6.68,-0.27,-3.885,6.67,6.68,6.95,6.84,6.87,6.66,89651844.0,605228179.0,15:35:15,2026-09-24
sz002620,*ST瑞和,5.72,-0.1,-1.718,5.72,5.73,5.82,5.75,5.89,5.72,4666600.0,26986407.0,15:35:30,2026-09-24
sz002622,皓宸医疗,2.72,0.25,10.121,2.72,0.0,2.47,2.5,2.72,2.46,52789284.0,139841303.0,15:35:45,2026-09-24
sz002623,亚玛顿,19.05,0.33,1.763,19.04,19.05,18.72,18.71,19.86,18.31,16048410.0,307103486.0,15:35:00,2026-09-24
sz002624,完美世界,9.69,-0.2,-2.022,9.69,9.7,9.89,9.88,9.97,9.69,31182593.0,305834679.0,15:35:15,2026-09-24
sz002625,光启技术,24.97,-1.6,-6.022,24.97,24.98,26.57,25.74,25.8,24.81,43683959.0,1097845094.0,15:35:30,2026-09-24
sz002626,金达威,16.19,-0.59,-3.516,16.18,16.19,16.78,16.7,16.77,16.14,4169940.0,68124291.0,15:35:45,2026-09-24
sz002627,三峡旅游,6.6,-0.1,-1.493,6.6,6.61,6.7,6.69,6.72,6.56,7489100.0,49648992.0,15:35:00,2026-09-24
sz002628,成都路桥,5.0,-0.07,-1.381,5.0,5.01,5.07,5.09,5.14,4.96,13680200.0,68875869.0,15:35:15,2026-09-24
sz002629,仁智股份,4.29,0.05,1.179,4.28,4.29,4.24,4.24,4.32,4.23,10827400.0,46406762.0,15:35:30,2026-09-24
sz002630,*ST华西,1.59,-0.01,-0.625,1.58,1.59,1.6,1.6,1.62,1.58,11053252.0,17670872.0,15:35:45,2026-09-24
sz002631,德尔未来,13.93,0.33,2.426,13.92,13.93,13.6,13.55,14.09,13.18,74214743.0,1025165645.0,15:35:00,2026-09-24
sz002632,道明光学,9.59,-0.14,-1.439,9.58,9.59,9.73,9.73,9.83,9.58,12996700.0,125661072.0,15:35:15,2026-09-24
sz002633,申科股份,15.86,-0.01,-0.063,15.86,15.87,15.87,15.72,16.79,15.0,13269805.0,208412698.0,15:35:30,2026-09-24
sz002634,*ST棒杰,4.04,0.03,0.748,4.03,4.04,4.01,4.03,4.08,3.99,3640600.0,14715723.0,15:35:45,2026-09-24
sz002635,安洁科技,15.81,-0.98,-5.837,15.81,15.82,16.79,16.68,16.68,15.73,66327184.0,1060286446.0,15:35:00,2026-09-24
sz002636,金安国纪,80.88,-6.27,-7.194,80.87,80.88,87.15,85.27,85.42,80.88,51040121.0,4242843748.0,15:35:15,2026-09-24
sz002637,赞宇科技,10.47,-0.48,-4.384,10.46,10.47,10.95,10.86,10.92,10.47,17915500.0,190691369.0,15:35:30,2026-09-24
sz002638,勤上股份,4.93,0.19,4.008,4.92,4.93,4.74,4.72,5.15,4.64,113653544.0,558811064.0,15:35:45,2026-09-24
sz002639,雪人集团,14.28,0.53,3.855,14.28,14.29,13.75,13.76,14.42,13.65,84379373.0,1186005477.0,15:35:00,2026-09-24
sz002640,跨境通,3.6,0.09,2.564,3.6,3.61,3.51,3.53,3.8,3.45,267074813.0,961659619.0,15:35:15,2026-09-24
sz002641,公元股份,3.78,-0.03,-0.787,3.78,3.79,3.81,3.8,3.84,3.76,7185700.0,27225257.0,15:35:30,2026-09-24
sz002642,荣联科技,6.81,-0.08,-1.161,6.81,6.82,6.89,6.87,6.94,6.8,6626002.0,45351270.0,15:35:45,2026-09-24
sz002643,万润股份,13.06,-0.26,-1.952,13.05,13.06,13.32,13.27,13.32,13.05,7941600.0,104604945.0,15:35:00,2026-09-24
sz002644,佛慈制药,8.14,-0.03,-0.367,8.13,8.14,8.17,8.13,8.28,8.09,4178000.0,34155847.0,15:35:15,2026-09-24
sz002645,华宏科技,18.2,-0.38,-2.045,18.2,18.21,18.58,18.58,18.66,18.08,12713300.0,232544626.0,15:35:30,2026-09-24
sz002646,天佑德酒,7.08,-0.26,-3.542,7.08,7.09,7.34,7.33,7.43,7.06,26874954.0,193332485.0,15:35:45,2026-09-24
sz002647,仁东控股,11.75,0.17,1.468,11.75,11.76,11.58,11.58,11.96,11.46,28395700.0,334222185.0,15:35:00,2026-09-24
sz002648,卫星化学,26.64,-0.18,-0.671,26.63,26.64,26.82,26.66,26.82,26.43,19955829.0,531088101.0,15:35:15,2026-09-24
sz002649,博彦科技,9.14,-0.17,-1.826,9.14,9.15,9.31,9.28,9.34,9.13,6481100.0,59682413.0,15:35:30,2026-09-24
sz002650,ST加加,6.54,-0.73,-10.041,0.0,6.54,7.27,7.0,7.0,6.54,11583909.0,76459451.0,15:35:45,2026-09-24
sz002651,利君股份,8.13,0.01,0.123,8.13,8.14,8.12,8.12,8.18,8.06,7387397.0,60049650.0,15:35:00,2026-09-24
sz002652,扬子新材,4.58,-0.11,-2.345,4.58,4.59,4.69,4.7,4.74,4.54,14870000.0,68485007.0,15:35:15,2026-09-24
sz002653,海思科,61.31,-4.15,-6.34,61.31,61.32,65.46,65.0,65.38,61.08,5951200.0,369457135.0,15:35:30,2026-09-24
sz002654,万润科技,13.21,-0.55,-3.997,13.21,13.22,13.76,13.62,13.73,13.18,27693044.0,370563396.0,15:35:45,2026-09-24
sz002655,共达电声,37.43,-2.18,-5.504,37.43,37.44,39.61,39.12,39.34,37.36,18909515.0,722651224.0,15:35:00,2026-09-24
sz002656,摩登大道,2.76,-0.01,-0.361,2.76,2.77,2.77,2.76,2.81,2.75,8008900.0,22252986.0,15:35:15,2026-09-24
sz002657,中科金财,14.89,-0.38,-2.489,14.88,14.89,15.27,15.27,15.38,14.8,5794100.0,86831943.0,15:35:30,2026-09-24
sz002658,雪迪龙,7.32,-0.03,-0.408,7.32,7.33,7.35,7.35,7.38,7.29,2569200.0,18815124.0,15:35:45,2026-09-24
sz002659,凯文教育,4.69,0.09,1.957,4.68,4.69,4.6,4.57,4.8,4.56,17984600.0,84552738.0,15:35:00,2026-09-24
sz002660,茂硕电源,7.83,-0.07,-0.886,7.83,7.84,7.9,7.86,7.95,7.83,4359800.0,34350170.0,15:35:15,2026-09-24
sz002661,克明食品,7.55,-0.04,-0.527,7.54,7.55,7.59,7.59,7.66,7.48,6084600.0,45895723.0,15:35:30,2026-09-24
sz002662,峰璟股份,3.1,0.0,0.0,3.1,3.11,3.1,3.11,3.14,3.09,7043292.0,21904483.0,15:35:45,2026-09-24
sz002663,普邦股份,1.7,0.01,0.592,1.7,1.71,1.69,1.68,1.72,1.67,27970698.0,47435885.0,15:35:00,2026-09-24
sz002664,信质集团,14.72,-0.16,-1.075,14.71,14.72,14.88,14.93,15.1,14.71,2927000.0,43557878.0,15:35:15,2026-09-24
sz002666,德联集团,4.24,-0.01,-0.235,4.24,4.25,4.25,4.22,4.29,4.21,11623600.0,49353864.0,15:35:30,2026-09-24
sz002667,*ST威领,21.02,-1.07,-4.844,21.02,21.03,22.09,21.87,22.29,20.32,15111148.0,321105252.0,15:35:45,2026-09-24
sz002668,TCL智家,8.93,0.02,0.224,8.93,8.94,8.91,8.88,9.15,8.86,11893890.0,106965327.0,15:35:00,2026-09-24
sz002669,康达新材,15.15,0.63,4.339,15.15,15.16,14.52,14.46,15.33,14.19,48636999.0,721152064.0,15:35:15,2026-09-24
sz002670,国盛证券,11.48,-0.22,-1.88,11.47,11.48,11.7,11.6,11.7,11.45,10810652.0,124635703.0,15:35:30,2026-09-24
sz002671,龙泉股份,4.03,0.01,0.249,4.03,4.04,4.02,4.01,4.07,3.99,8318000.0,33460854.0,15:35:45,2026-09-24
sz002672,东江环保,3.71,-0.18,-4.627,3.7,3.71,3.89,3.81,3.82,3.66,36111584.0,134327334.0,15:35:00,2026-09-24
sz002673,西部证券,6.61,-0.13,-1.929,6.61,6.62,6.74,6.72,6.74,6.6,21079516.0,140142529.0,15:35:15,2026-09-24
sz002674,兴业科技,20.42,0.17,0.84,20.41,20.42,20.25,20.1,21.19,19.98,10489200.0,216442540.0,15:35:30,2026-09-24
sz002675,东诚药业,12.68,-0.09,-0.705,12.68,12.69,12.77,12.7,12.83,12.65,3822359.0,48580766.0,15:35:45,2026-09-24
sz002676,顺威股份,5.26,-0.04,-0.755,5.26,5.27,5.3,5.3,5.37,5.26,9196400.0,48728054.0,15:35:00,2026-09-24
sz002677,浙江美大,6.4,0.1,1.587,6.39,6.4,6.3,6.25,6.68,6.25,15825085.0,102729557.0,15:35:15,2026-09-24
sz002678,珠江钢琴,4.39,-0.04,-0.903,4.39,4.4,4.43,4.42,4.48,4.37,6724235.0,29716182.0,15:35:30,2026-09-24
sz002679,福建金森,11.58,1.05,9.972,11.58,0.0,10.53,10.47,11.58,10.36,25053575.0,275290872.0,15:35:45,2026-09-24
sz002681,奋达科技,4.49,-0.04,-0.883,4.48,4.49,4.53,4.53,4.58,4.47,24683383.0,111402260.0,15:35:00,2026-09-24
sz002682,龙洲股份,5.05,0.21,4.339,5.04,5.05,4.84,4.84,5.05,4.8,31386830.0,155145088.0,15:35:15,2026-09-24
sz002683,广东宏大,28.26,-0.34,-1.189,28.26,28.27,28.6,28.5,29.04,28.21,5441209.0,155824273.0,15:35:30,2026-09-24
sz002685,华东重机,5.48,-0.04,-0.725,5.47,5.48,5.52,5.48,5.56,5.46,17525398.0,96447032.0,15:35:45,2026-09-24
sz002686,亿利达,6.21,0.04,0.648,6.21,6.22,6.17,6.15,6.42,6.13,8991800.0,56288251.0,15:35:00,2026-09-24
sz002687,乔治白,5.77,0.2,3.591,5.76,5.77,5.57,5.54,5.88,5.51,28374865.0,161911008.0,15:35:15,2026-09-24
sz002688,金河生物,5.15,-0.02,-0.387,5.14,5.15,5.17,5.19,5.21,5.13,4764500.0,24572665.0,15:35:30,2026-09-24
sz002689,ST远智,2.93,0.0,0.0,2.92,2.93,2.93,2.94,2.95,2.92,2457820.0,7203649.0,15:35:45,2026-09-24
sz002690,美亚光电,15.83,-0.2,-1.248,15.82,15.83,16.03,16.03,16.15,15.77,4462341.0,70974154.0,15:35:00,2026-09-24
sz002691,*ST冀凯,4.09,-0.04,-0.969,4.07,4.09,4.13,4.1,4.15,4.05,1767300.0,7220110.0,15:35:15,2026-09-24
sz002692,远程股份,4.29,0.02,0.468,4.28,4.29,4.27,4.24,4.32,4.2,7143220.0,30599493.0,15:35:30,2026-09-24
sz002693,双成药业,8.98,-0.22,-2.391,8.98,8.99,9.2,9.2,9.27,8.96,11406000.0,103290005.0,15:35:45,2026-09-24
sz002694,*ST顾地,2.52,0.01,0.398,2.51,2.52,2.51,2.51,2.56,2.49,2246400.0,5690786.0,15:35:00,2026-09-24
sz002695,煌上煌,10.53,0.0,0.0,10.53,10.54,10.53,10.5,10.64,10.48,5084600.0,53635401.0,15:35:15,2026-09-24
sz002696,百洋股份,6.65,0.06,0.91,6.64,6.65,6.59,6.62,6.85,6.5,21540700.0,143917525.0,15:35:30,2026-09-24
sz002697,红旗连锁,4.61,-0.05,-1.073,4.6,4.61,4.66,4.64,4.69,4.58,13835219.0,64053701.0,15:35:45,2026-09-24
sz002698,博实股份,11.32,-0.08,-0.702,11.32,11.34,11.4,11.36,11.49,11.32,3835550.0,43684537.0,15:35:00,2026-09-24
sz002700,万憬能源,6.36,-0.02,-0.313,6.36,6.37,6.38,6.38,6.49,6.32,3142500.0,20075074.0,15:35:15,2026-09-24
sz002701,奥瑞金,4.32,-0.06,-1.37,4.31,4.32,4.38,4.38,4.39,4.3,15481013.0,67224567.0,15:35:30,2026-09-24
sz002702,海欣食品,5.55,0.1,1.835,5.55,5.56,5.45,5.48,5.55,5.37,41941873.0,229546165.0,15:35:45,2026-09-24
sz002703,浙江世宝,15.18,-0.02,-0.132,15.17,15.18,15.2,15.16,15.93,15.0,26739172.0,411620976.0,15:35:00,2026-09-24
sz002705,新宝股份,11.77,0.09,0.771,11.77,11.78,11.68,11.65,11.81,11.61,6973323.0,81846387.0,15:35:15,2026-09-24
sz002706,良信股份,8.61,-0.09,-1.034,8.61,8.62,8.7,8.67,8.75,8.59,11801900.0,102002075.0,15:35:30,2026-09-24
sz002707,众信旅游,5.09,-0.07,-1.357,5.08,5.09,5.16,5.13,5.17,5.06,14317600.0,72988086.0,15:35:45,2026-09-24
sz002708,光洋股份,16.45,-0.76,-4.416,16.44,16.45,17.21,17.64,17.77,16.37,38850059.0,650402697.0,15:35:00,2026-09-24
sz002709,天赐材料,31.76,-1.08,-3.289,31.75,31.76,32.84,32.71,32.9,31.75,28750525.0,923850584.0,15:35:15,2026-09-24
sz002712,思美传媒,4.96,-0.02,-0.402,4.96,4.97,4.98,4.96,5.05,4.9,11110705.0,55060518.0,15:35:30,2026-09-24
sz002713,东易日盛,10.47,-0.26,-2.423,10.47,10.48,10.73,10.73,10.79,10.46,11790407.0,124793852.0,15:35:45,2026-09-24
sz002714,牧原股份,40.48,-0.92,-2.222,40.48,40.49,41.4,41.3,41.34,40.42,27200597.0,1106455754.0,15:35:00,2026-09-24
sz002715,登云股份,13.11,0.02,0.153,13.08,13.11,13.09,13.01,13.23,12.98,1986907.0,26073231.0,15:35:15,2026-09-24
sz002716,湖南白银,9.09,-0.47,-4.916,9.09,9.1,9.56,9.37,9.37,9.06,127171013.0,1167868320.0,15:35:30,2026-09-24
sz002717,*ST岭南,0.85,-0.04,-4.494,0.84,0.85,0.89,0.87,0.88,0.84,89768933.0,76766781.0,15:35:45,2026-09-24
sz002718,友邦吊顶,85.96,2.74,3.292,85.25,85.96,83.22,83.22,87.52,81.22,2329605.0,197049179.0,15:35:00,2026-09-24
sz002719,ST麦趣,6.25,-0.01,-0.16,6.22,6.25,6.26,6.2,6.32,6.18,2179900.0,13622856.0,15:35:15,2026-09-24
sz002721,金一文化,2.66,0.0,0.0,2.65,2.66,2.66,2.64,2.67,2.62,35652300.0,94162014.0,15:35:30,2026-09-24
sz002722,物产金轮,13.28,0.06,0.454,13.28,13.3,13.22,13.22,13.4,13.15,2372146.0,31590293.0,15:35:45,2026-09-24
sz002723,小崧股份,7.38,0.1,1.374,7.38,7.39,7.28,7.23,7.45,7.22,9365795.0,68646407.0,15:35:00,2026-09-24
sz002724,海洋王,7.22,0.05,0.697,7.22,7.23,7.17,7.14,7.66,7.07,45075739.0,330217099.0,15:35:15,2026-09-24
sz002725,跃岭股份,10.86,-0.13,-1.183,10.85,10.86,10.99,10.93,11.04,10.83,2091300.0,22876754.0,15:35:30,2026-09-24
sz002726,ST龙大,2.39,-0.09,-3.629,2.39,2.4,2.48,2.46,2.51,2.37,44772547.0,108192140.0,15:35:45,2026-09-24
sz002727,一心堂,10.6,-0.06,-0.563,10.6,10.62,10.66,10.66,10.78,10.58,3403520.0,36261217.0,15:35:00,2026-09-24
sz002728,特一药业,9.61,-0.23,-2.337,9.6,9.61,9.84,9.74,9.93,9.54,15086440.0,146556536.0,15:35:15,2026-09-24
sz002729,好利科技,13.97,0.02,0.143,13.97,13.98,13.95,13.99,14.08,13.87,2366900.0,33086049.0,15:35:30,2026-09-24
sz002730,电光科技,22.31,-0.51,-2.235,22.31,22.32,22.82,22.75,22.75,22.23,5916600.0,132696845.0,15:35:45,2026-09-24
sz002731,*ST萃华,0.0,0.0,0.0,0.0,0.0,0.77,0.0,0.0,0.0,0.0,0.0,15:35:00,2026-09-24
sz002732,燕塘乳业,14.17,0.06,0.425,14.17,14.18,14.11,14.25,14.31,14.05,1106100.0,15665314.0,15:35:15,2026-09-24
sz002733,雄韬股份,17.72,-0.36,-1.991,17.72,17.73,18.08,18.18,18.18,17.71,7332019.0,130727239.0,15:35:30,2026-09-24
sz002734,利民股份,19.86,-0.46,-2.264,19.86,19.87,20.32,20.09,21.21,19.7,33715515.0,686825340.0,15:35:45,2026-09-24
sz002735,王子新材,11.38,-0.52,-4.37,11.38,11.39,11.9,11.75,11.9,11.38,24844606.0,286411164.0,15:35:00,2026-09-24
sz002736,国信证券,9.84,-0.14,-1.403,9.83,9.84,9.98,9.95,9.97,9.78,14651100.0,144360556.0,15:35:15,2026-09-24
sz002737,葵花药业,11.24,-0.14,-1.23,11.24,11.25,11.38,11.33,11.45,11.23,3033205.0,34308422.0,15:35:30,2026-09-24
sz002738,中矿资源,42.58,-1.77,-3.991,42.58,42.59,44.35,44.12,44.24,42.54,15402817.0,664961157.0,15:35:45,2026-09-24
sz002739,儒意电影,8.35,-0.14,-1.649,8.35,8.36,8.49,8.52,8.56,8.34,29034982.0,244487407.0,15:35:00,2026-09-24
sz002741,光华科技,28.6,1.13,4.114,28.6,28.61,27.47,27.3,29.0,27.27,72851787.0,2056366547.0,15:35:15,2026-09-24
sz002742,冀衡医药,4.14,-0.07,-1.663,4.14,4.15,4.21,4.18,4.24,4.11,19134501.0,79500851.0,15:35:30,2026-09-24
sz002743,ST富煌,4.75,0.18,3.939,4.74,4.75,4.57,4.58,4.8,4.54,16499080.0,77050899.0,15:35:45,2026-09-24
sz002745,木林森,11.87,-0.55,-4.428,11.87,11.88,12.42,12.27,12.32,11.8,43481191.0,523190756.0,15:35:00,2026-09-24
sz002746,仙坛股份,6.19,-0.09,-1.433,6.18,6.19,6.28,6.28,6.31,6.18,8656029.0,53940030.0,15:35:15,2026-09-24
sz002747,埃斯顿,29.35,-0.12,-0.407,29.35,29.36,29.47,29.5,30.26,29.35,38852574.0,1157186877.0,15:35:30,2026-09-24
sz002748,世龙实业,12.11,-0.23,-1.864,12.11,12.12,12.34,12.34,12.38,12.07,3190300.0,39013879.0,15:35:45,2026-09-24
sz002749,国光股份,8.44,-0.01,-0.118,8.43,8.44,8.45,8.44,8.52,8.42,1451250.0,12277825.0,15:35:00,2026-09-24
sz002752,昇兴股份,6.15,0.03,0.49,6.15,6.16,6.12,6.12,6.17,6.09,7115731.0,43665189.0,15:35:15,2026-09-24
sz002753,永东股份,6.82,0.11,1.639,6.81,6.82,6.71,6.7,6.85,6.69,7380637.0,50265645.0,15:35:30,2026-09-24
sz002755,奥赛康,12.6,-0.37,-2.853,12.59,12.6,12.97,12.9,13.07,12.5,13981600.0,177397006.0,15:35:45,2026-09-24
sz002756,永兴材料,39.08,-1.05,-2.616,39.08,39.09,40.13,39.91,40.05,39.08,6856559.0,270592456.0,15:35:00,2026-09-24
sz002757,南兴股份,19.4,-0.88,-4.339,19.4,19.41,20.28,19.99,20.32,19.37,44342128.0,875705314.0,15:35:15,2026-09-24
sz002758,浙农股份,8.62,0.08,0.937,8.61,8.62,8.54,8.55,8.7,8.51,7911380.0,68220701.0,15:35:30,2026-09-24
sz002759,ST天际,13.89,-0.43,-3.003,13.88,13.89,14.32,14.28,14.48,13.89,11999525.0,168944754.0,15:35:45,2026-09-24
sz002760,凤形股份,17.65,-0.07,-0.395,17.65,17.67,17.72,17.58,17.8,17.52,1694800.0,29918717.0,15:35:00,2026-09-24
sz002761,浙江建投,7.23,-0.14,-1.9,7.23,7.24,7.37,7.28,7.43,7.21,13400665.0,97696056.0,15:35:15,2026-09-24
sz002762,金发拉比,10.25,0.06,0.589,10.25,10.26,10.19,10.19,10.35,10.06,5223103.0,53463616.0,15:35:30,2026-09-24
sz002763,汇洁股份,7.39,0.07,0.956,7.39,7.4,7.32,7.3,7.46,7.27,4522799.0,33493957.0,15:35:45,2026-09-24
sz002765,蓝黛科技,6.88,-0.03,-0.434,6.87,6.88,6.91,6.92,7.03,6.85,5517374.0,38275761.0,15:35:00,2026-09-24
sz002766,索菱股份,4.02,0.02,0.5,4.02,4.03,4.0,3.98,4.29,3.97,25127829.0,102589985.0,15:35:15,2026-09-24
sz002767,先锋电子,18.71,-0.11,-0.584,18.71,18.72,18.82,18.82,18.99,18.68,1948000.0,36695426.0,15:35:30,2026-09-24
sz002768,国恩股份,78.01,-1.01,-1.278,78.01,78.03,79.02,77.44,79.59,77.0,12653896.0,988094365.0,15:35:45,2026-09-24
sz002769,普路通,6.73,-0.01,-0.148,6.72,6.73,6.74,6.79,6.86,6.63,8749400.0,59066145.0,15:35:00,2026-09-24
sz002771,真视通,13.55,-0.11,-0.805,13.55,13.56,13.66,13.62,13.78,13.5,4541701.0,61894362.0,15:35:15,2026-09-24
sz002772,众兴菌业,10.64,-0.31,-2.831,10.63,10.64,10.95,10.9,11.07,10.62,8458859.0,91308533.0,15:35:30,2026-09-24
sz002773,康弘药业,20.42,0.25,1.239,20.39,20.42,20.17,20.1,20.59,19.88,6729970.0,136321927.0,15:35:45,2026-09-24
sz002774,快意电梯,17.46,0.05,0.287,17.45,17.47,17.41,17.36,18.25,17.01,13567750.0,239283965.0,15:35:00,2026-09-24
sz002775,文科股份,3.33,0.03,0.909,3.32,3.33,3.3,3.29,3.36,3.27,8270930.0,27401102.0,15:35:15,2026-09-24
sz002777,久远银海,12.52,-0.14,-1.106,12.52,12.53,12.66,12.58,12.69,12.5,3129630.0,39345220.0,15:35:30,2026-09-24
sz002778,中晟高科,15.83,0.03,0.19,15.79,15.83,15.8,15.75,15.94,15.65,1627900.0,25747862.0,15:35:45,2026-09-24
sz002779,中坚科技,82.86,-3.14,-3.651,82.85,82.86,86.0,85.47,85.89,81.0,2893880.0,240945761.0,15:35:00,2026-09-24
sz002780,三夫户外,14.91,-0.01,-0.067,14.91,14.92,14.92,14.85,15.28,14.73,8682430.0,129791121.0,15:35:15,2026-09-24
sz002782,可立克,14.96,-0.56,-3.608,14.96,14.97,15.52,15.43,15.43,14.93,6835900.0,103330770.0,15:35:30,2026-09-24
sz002783,凯龙股份,8.02,-0.08,-0.988,8.02,8.03,8.1,8.1,8.18,8.0,5148128.0,41547818.0,15:35:45,2026-09-24
sz002785,万里石,41.0,1.52,3.85,41.0,41.02,39.48,40.27,41.83,38.5,14005278.0,562115111.0,15:35:00,2026-09-24
sz002786,银宝山新,7.7,0.03,0.391,7.69,7.7,7.67,7.63,7.74,7.57,5353200.0,41165459.0,15:35:15,2026-09-24
sz002787,华源控股,26.35,-0.73,-2.696,26.35,26.36,27.08,26.81,27.8,26.3,14038000.0,376807914.0,15:35:30,2026-09-24
sz002788,鹭燕医药,10.89,0.07,0.647,10.88,10.89,10.82,10.83,11.03,10.6,19383700.0,210200299.0,15:35:45,2026-09-24
sz002789,*ST建艺,14.05,0.88,6.682,14.04,14.05,13.17,13.0,14.14,12.92,2978191.0,40911440.0,15:35:00,2026-09-24
sz002790,瑞尔特,6.49,-0.11,-1.667,6.48,6.49,6.6,6.56,6.7,6.39,26130865.0,170452914.0,15:35:15,2026-09-24
sz002791,坚朗五金,15.48,0.05,0.324,15.48,15.49,15.43,15.41,15.63,15.03,5648946.0,86703629.0,15:35:30,2026-09-24
sz002792,通宇通讯,33.05,-0.3,-0.9,33.04,33.05,33.35,33.35,33.96,32.94,23264164.0,775665515.0,15:35:45,2026-09-24
sz002793,罗欣药业,4.66,-0.11,-2.306,4.65,4.66,4.77,4.77,4.81,4.62,19495800.0,91286184.0,15:35:00,2026-09-24
sz002795,永和智控,7.94,0.03,0.379,7.94,7.95,7.91,7.91,8.13,7.81,19556104.0,156213718.0,15:35:15,2026-09-24
sz002796,世嘉科技,29.16,-1.44,-4.706,29.15,29.16,30.6,30.31,30.5,29.1,6986724.0,206394624.0,15:35:30,2026-09-24
sz002797,第一创业,6.21,-0.08,-1.272,6.21,6.22,6.29,6.29,6.3,6.2,27346023.0,170515945.0,15:35:45,2026-09-24
sz002798,帝欧水华,6.6,-0.07,-1.049,6.59,6.6,6.67,6.66,6.7,6.53,9892900.0,65487338.0,15:35:00,2026-09-24
sz002799,环球印务,6.82,-0.01,-0.146,6.82,6.85,6.83,6.8,6.92,6.8,3675360.0,25220845.0,15:35:15,2026-09-24
sz002800,天顺股份,14.64,-0.04,-0.272,14.64,14.69,14.68,14.75,14.87,14.6,1359600.0,19987766.0,15:35:30,2026-09-24
sz002801,微光股份,27.1,0.16,0.594,27.1,27.11,26.94,26.9,27.64,26.82,1120000.0,30577394.0,15:35:45,2026-09-24
sz002802,洪汇新材,12.42,0.04,0.323,12.42,12.43,12.38,12.39,12.56,12.29,1959600.0,24393237.0,15:35:00,2026-09-24
sz002803,吉宏股份,19.42,-0.46,-2.314,19.41,19.42,19.88,19.8,20.49,19.39,12649720.0,252086724.0,15:35:15,2026-09-24
sz002805,丰元股份,16.16,-0.3,-1.823,16.15,16.17,16.46,16.48,16.55,16.13,5291193.0,86161788.0,15:35:30,2026-09-24
sz002806,华锋股份,15.21,-0.07,-0.458,15.21,15.22,15.28,15.18,15.53,15.17,5417500.0,82865042.0,15:35:45,2026-09-24
sz002807,江阴银行,4.16,0.04,0.971,4.15,4.16,4.12,4.12,4.18,4.11,38222084.0,158861519.0,15:35:00,2026-09-24
sz002809,红墙股份,8.49,0.1,1.192,8.48,8.49,8.39,8.35,8.49,8.3,3953613.0,33207568.0,15:35:15,2026-09-24
sz002810,山东赫达,21.23,-0.24,-1.118,21.21,21.23,21.47,21.47,21.59,21.2,2937100.0,62779551.0,15:35:30,2026-09-24
sz002811,郑中设计,16.36,-0.8,-4.662,16.35,16.36,17.16,17.17,17.2,16.23,22141150.0,370809635.0,15:35:45,2026-09-24
sz002812,恩捷股份,46.3,-1.2,-2.526,46.3,46.31,47.5,47.31,47.75,46.28,8234507.0,385336060.0,15:35:00,2026-09-24
sz002813,路畅科技,23.1,0.3,1.316,23.1,23.11,22.8,22.79,23.51,22.67,2250900.0,52268970.0,15:35:15,2026-09-24
sz002815,崇达技术,23.83,-1.03,-4.143,23.82,23.83,24.86,24.69,24.85,23.8,63562171.0,1535413946.0,15:35:30,2026-09-24
sz002816,*ST和科,21.29,-0.27,-1.252,21.29,21.31,21.56,21.4,21.65,21.01,1413000.0,30050824.0,15:35:45,2026-09-24
sz002817,黄山胶囊,6.73,-0.01,-0.148,6.73,6.75,6.74,6.74,6.83,6.7,2946300.0,19913794.0,15:35:00,2026-09-24
sz002818,富森美,11.15,0.01,0.09,11.15,11.16,11.14,11.14,11.19,11.09,2379565.0,26502174.0,15:35:15,2026-09-24
sz002819,东方中科,26.66,2.42,9.983,26.66,0.0,24.24,26.1,26.66,25.86,18617775.0,493825163.0,15:35:30,2026-09-24
sz002820,桂发祥,9.75,-0.04,-0.409,9.74,9.75,9.79,9.82,9.96,9.73,4922900.0,48322839.0,15:35:45,2026-09-24
sz002821,凯莱英,178.3,-9.71,-5.165,178.29,178.3,188.01,188.08,188.98,178.27,8098790.0,1477641742.0,15:35:00,2026-09-24
sz002822,ST中装,2.91,-0.02,-0.683,2.9,2.91,2.93,2.92,2.92,2.88,6498416.0,18859048.0,15:35:15,2026-09-24
sz002823,凯中精密,12.92,-0.08,-0.615,12.92,12.93,13.0,12.94,13.1,12.92,2717063.0,35357649.0,15:35:30,2026-09-24
sz002824,和胜股份,27.22,-1.31,-4.592,27.22,27.25,28.53,28.46,28.89,27.17,16403729.0,452958218.0,15:35:45,2026-09-24
sz002825,纳尔股份,9.43,-0.11,-1.153,9.43,9.45,9.54,9.59,9.6,9.41,2124758.0,20197033.0,15:35:00,2026-09-24
sz002826,易明医药,17.68,0.53,3.09,17.68,17.7,17.15,17.06,18.38,17.05,7810680.0,139345808.0,15:35:15,2026-09-24
sz002827,高争民爆,76.59,-2.82,-3.551,76.58,76.59,79.41,77.58,78.55,74.03,12606475.0,965230029.0,15:35:30,2026-09-24
sz002828,贝肯能源,10.85,0.12,1.118,10.84,10.85,10.73,10.75,10.99,10.74,5713600.0,62036429.0,15:35:45,2026-09-24
sz002829,星网宇达,19.96,-0.28,-1.383,19.95,19.96,20.24,20.06,20.38,19.91,3476400.0,69922548.0,15:35:00,2026-09-24
sz002830,名雕股份,14.98,-0.01,-0.067,14.97,14.98,14.99,14.84,15.12,14.84,2175000.0,32547953.0,15:35:15,2026-09-24
sz002831,裕同科技,29.0,0.25,0.87,28.99,29.0,28.75,29.1,29.95,28.88,10829482.0,317964394.0,15:35:30,2026-09-24
sz002832,比音勒芬,25.15,-0.3,-1.179,25.15,25.17,25.45,25.45,25.69,25.1,3347039.0,84980015.0,15:35:45,2026-09-24
sz002833,弘亚数控,18.32,-0.36,-1.927,18.32,18.36,18.68,18.6,18.75,18.29,2842263.0,52562082.0,15:35:00,2026-09-24
sz002835,同为股份,13.08,-0.02,-0.153,13.08,13.09,13.1,13.1,13.2,13.03,1475900.0,19366858.0,15:35:15,2026-09-24
sz002836,新宏泽,12.27,1.12,10.045,12.27,0.0,11.15,10.81,12.27,10.55,24574038.0,286117123.0,15:35:30,2026-09-24
sz002837,英维克,57.22,-4.03,-6.58,57.22,57.23,61.25,60.7,60.8,57.0,50944135.0,2960231519.0,15:35:45,2026-09-24
sz002838,道恩股份,25.65,-0.19,-0.735,25.65,25.66,25.84,25.83,26.25,25.55,4293676.0,110708885.0,15:35:00,2026-09-24
sz002839,张家港行,4.25,0.0,0.0,4.24,4.25,4.25,4.25,4.28,4.23,18524901.0,78781166.0,15:35:15,2026-09-24
sz002840,华统股份,7.75,-0.61,-7.297,7.75,7.76,8.36,7.95,8.32,7.65,41953286.0,330780928.0,15:35:30,2026-09-24
sz002841,视源股份,44.94,-1.66,-3.562,44.94,44.95,46.6,46.15,46.51,44.85,5337568.0,243531097.0,15:35:45,2026-09-24
sz002842,翔鹭钨业,32.86,-0.92,-2.724,32.86,32.87,33.78,33.84,33.84,32.81,12577269.0,416532303.0,15:35:00,2026-09-24
sz002843,泰嘉股份,15.71,-0.47,-2.905,15.7,15.71,16.18,16.11,16.14,15.65,5336700.0,84536145.0,15:35:15,2026-09-24
sz002845,同兴达,14.02,-0.49,-3.377,14.02,14.03,14.51,14.44,14.55,13.98,6345100.0,90048882.0,15:35:30,2026-09-24
sz002846,英联股份,11.28,-0.12,-1.053,11.28,11.29,11.4,11.38,12.04,11.17,21779760.0,250513525.0,15:35:45,2026-09-24
sz002847,盐津铺子,43.15,-0.05,-0.116,43.15,43.18,43.2,43.3,43.78,42.86,1160020.0,50155464.0,15:35:00,2026-09-24
sz002848,高斯贝尔,15.44,-0.22,-1.405,15.44,15.45,15.66,15.61,15.72,15.37,10974500.0,170030411.0,15:35:15,2026-09-24
sz002849,威星智能,24.75,1.75,7.609,24.75,24.77,23.0,22.99,25.18,22.35,49739106.0,1205565006.0,15:35:30,2026-09-24
sz002850,科达利,169.27,-1.71,-1.0,169.27,169.49,170.98,170.38,174.5,169.02,1961382.0,335139146.0,15:35:45,2026-09-24
sz002851,麦格米特,122.61,-0.24,-0.195,122.6,122.61,122.85,121.8,129.27,119.1,41045485.0,5068624529.0,15:35:00,2026-09-24
sz002852,道道全,8.09,0.01,0.124,8.08,8.09,8.08,8.04,8.55,8.04,13269403.0,108969762.0,15:35:15,2026-09-24
sz002853,皮阿诺,21.26,-0.47,-2.163,21.26,21.27,21.73,21.74,21.87,21.18,655115.0,14086447.0,15:35:30,2026-09-24
sz002855,捷荣技术,12.91,-0.15,-1.149,12.91,12.92,13.06,12.92,13.21,12.9,10427108.0,135919880.0,15:35:45,2026-09-24
sz002856,*ST美芝,17.79,-1.98,-10.015,0.0,17.79,19.77,18.0,18.97,17.79,13145300.0,239343040.0,15:35:00,2026-09-24
sz002857,三晖电气,17.69,-0.08,-0.45,17.65,17.69,17.77,17.78,18.13,17.61,1937144.0,34609829.0,15:35:15,2026-09-24
sz002858,力盛体育,11.66,0.19,1.656,11.66,11.67,11.47,11.84,11.99,11.57,5904705.0,69153460.0,15:35:30,2026-09-24
sz002859,洁美科技,65.63,-3.02,-4.399,65.62,65.63,68.65,68.0,71.18,65.6,13387733.0,900801246.0,15:35:45,2026-09-24
sz002860,星帅尔,0.0,0.0,0.0,0.0,0.0,18.39,0.0,0.0,0.0,0.0,0.0,15:35:00,2026-09-24
sz002861,瀛通通讯,14.73,0.07,0.477,14.73,14.75,14.66,14.61,15.03,14.5,4355000.0,64320043.0,15:35:15,2026-09-24
sz002862,实丰文化,15.35,-0.35,-2.229,15.35,15.38,15.7,15.49,15.69,15.2,3441020.0,52842919.0,15:35:30,2026-09-24
sz002863,今飞凯达,4.76,0.03,0.634,4.76,4.77,4.73,4.72,4.8,4.7,7189820.0,34272817.0,15:35:45,2026-09-24
sz002864,盘龙药业,20.95,-0.27,-1.272,20.95,20.97,21.22,21.16,21.42,20.94,1763680.0,37252087.0,15:35:00,2026-09-24
sz002865,钧达股份,37.6,-0.68,-1.776,37.59,37.6,38.28,38.34,38.69,37.53,4416500.0,167879277.0,15:35:15,2026-09-24
sz002866,传艺科技,14.3,-0.18,-1.243,14.3,14.31,14.48,14.47,14.65,14.28,4056900.0,58647801.0,15:35:30,2026-09-24
sz002867,周大生,10.07,-0.1,-0.983,10.06,10.07,10.17,10.16,10.21,10.02,6792104.0,68584792.0,15:35:45,2026-09-24
sz002868,绿康生化,22.42,-0.46,-2.01,22.42,22.43,22.88,22.71,23.0,22.38,1844127.0,41746860.0,15:35:00,2026-09-24
sz002869,金溢科技,16.81,0.04,0.239,16.81,16.86,16.77,16.74,17.25,16.61,5336005.0,90536982.0,15:35:15,2026-09-24
sz002870,香山股份,48.2,-1.16,-2.35,48.2,48.24,49.36,49.5,49.51,47.82,2326400.0,112757862.0,15:35:30,2026-09-24
sz002871,伟隆股份,18.2,-0.64,-3.397,18.19,18.2,18.84,18.8,18.89,18.16,2946615.0,54378811.0,15:35:45,2026-09-24
sz002872,ST天圣,5.94,-0.02,-0.336,5.93,5.94,5.96,5.95,5.97,5.89,2732200.0,16173032.0,15:35:00,2026-09-24
sz002873,新天药业,8.38,-0.07,-0.828,8.38,8.39,8.45,8.49,8.55,8.33,4548629.0,38236610.0,15:35:15,2026-09-24
sz002875,安奈儿,12.97,-0.13,-0.992,12.97,12.98,13.1,13.11,13.31,12.93,2721700.0,35642838.0,15:35:30,2026-09-24
sz002876,三利谱,32.54,-0.66,-1.988,32.52,32.54,33.2,33.09,33.34,32.45,3353096.0,110023675.0,15:35:45,2026-09-24
sz002877,智能自控,7.45,0.0,0.0,7.44,7.45,7.45,7.51,7.51,7.42,2964900.0,22128644.0,15:35:00,2026-09-24
sz002878,元隆雅图,12.58,-0.03,-0.238,12.58,12.59,12.61,12.61,12.76,12.48,3261100.0,41113603.0,15:35:15,2026-09-24
sz002879,长缆科技,17.92,1.07,6.35,17.92,17.93,16.85,16.86,18.54,16.41,23038056.0,407311127.0,15:35:30,2026-09-24
sz002880,卫光生物,21.51,-0.36,-1.646,21.49,21.51,21.87,21.88,21.99,21.47,1550100.0,33570026.0,15:35:45,2026-09-24
sz002881,美格智能,45.53,-0.72,-1.557,45.53,45.58,46.25,45.81,46.4,45.0,6340968.0,290231118.0,15:35:00,2026-09-24
sz002882,金龙羽,21.71,-0.35,-1.587,21.7,21.71,22.06,21.97,22.15,21.68,5270700.0,114939534.0,15:35:15,2026-09-24
sz002883,*ST中设,9.26,0.04,0.434,9.24,9.26,9.22,9.11,9.27,9.11,258320.0,2380747.0,15:35:30,2026-09-24
sz002884,凌霄泵业,15.4,-0.05,-0.324,15.4,15.41,15.45,15.49,15.49,15.33,1095168.0,16867444.0,15:35:45,2026-09-24
sz002885,京泉华,28.04,-0.72,-2.503,28.04,28.05,28.76,28.5,28.89,28.03,9524185.0,270230426.0,15:35:00,2026-09-24
sz002886,沃特股份,25.51,-1.63,-6.006,25.51,25.52,27.14,26.87,26.87,25.51,31106286.0,812151991.0,15:35:15,2026-09-24
sz002887,绿茵生态,9.14,0.09,0.994,9.13,9.14,9.05,9.1,9.2,8.98,3815636.0,34718119.0,15:35:30,2026-09-24
sz002888,惠威科技,19.03,0.34,1.819,19.02,19.03,18.69,18.89,19.2,18.55,2873460.0,54539487.0,15:35:45,2026-09-24
sz002889,东方嘉盛,12.06,0.1,0.836,12.04,12.06,11.96,11.98,12.17,11.86,1691094.0,20390020.0,15:35:00,2026-09-24
sz002890,弘宇股份,15.31,-0.04,-0.261,15.31,15.39,15.35,15.36,15.59,15.26,1458709.0,22547643.0,15:35:15,2026-09-24
sz002891,中宠股份,27.83,-0.6,-2.11,27.83,27.84,28.43,28.42,28.62,27.74,5114173.0,143077937.0,15:35:30,2026-09-24
sz002892,科力尔,8.63,0.0,0.0,8.63,8.64,8.63,8.6,8.78,8.56,5193280.0,45153205.0,15:35:45,2026-09-24
sz002893,京能热力,10.15,-0.1,-0.976,10.15,10.16,10.25,10.2,10.34,10.13,5381400.0,54875132.0,15:35:00,2026-09-24
sz002895,川恒股份,30.17,-0.72,-2.331,30.16,30.17,30.89,30.85,31.15,30.17,3689512.0,112451972.0,15:35:15,2026-09-24
sz002896,中大力德,61.22,0.48,0.79,61.21,61.22,60.74,60.74,62.46,60.31,7594515.0,468636170.0,15:35:30,2026-09-24
sz002897,意华股份,65.71,-2.14,-3.154,65.71,65.72,67.85,67.54,67.98,65.71,7811134.0,520791462.0,15:35:45,2026-09-24
sz002899,英派斯,21.14,-0.2,-0.937,21.14,21.15,21.34,21.41,21.71,20.91,4302407.0,91376700.0,15:35:00,2026-09-24
sz002900,哈三联,12.61,-0.23,-1.791,12.61,12.62,12.84,12.8,13.15,12.55,14980700.0,191257697.0,15:35:15,2026-09-24
sz002901,大博医疗,41.34,-0.38,-0.911,41.34,41.44,41.72,41.72,42.7,41.12,1999500.0,83620423.0,15:35:30,2026-09-24
sz002902,铭普光磁,27.86,-0.97,-3.365,27.86,27.87,28.83,28.51,28.7,27.84,16057540.0,452212625.0,15:35:45,2026-09-24
sz002903,宇环数控,29.99,-0.68,-2.217,29.98,29.99,30.67,30.59,30.94,29.89,5390402.0,163171882.0,15:35:00,2026-09-24
sz002905,金逸影视,8.78,-0.16,-1.79,8.78,8.81,8.94,8.95,9.02,8.71,5626300.0,49672164.0,15:35:15,2026-09-24
sz002906,华阳集团,27.5,-0.28,-1.008,27.46,27.5,27.78,27.64,28.12,27.39,4196700.0,116429792.0,15:35:30,2026-09-24
sz002907,华森制药,14.43,-0.28,-1.903,14.43,14.45,14.71,14.7,14.84,14.4,7469000.0,108748487.0,15:35:45,2026-09-24
sz002908,德生科技,7.0,-0.02,-0.285,7.0,7.01,7.02,7.03,7.09,6.97,2908000.0,20450285.0,15:35:00,2026-09-24
sz002909,集泰股份,8.29,0.75,9.947,8.29,0.0,7.54,7.67,8.29,7.67,75549359.0,611961230.0,15:35:15,2026-09-24
sz002910,庄园牧场,9.98,-0.05,-0.499,9.95,9.98,10.03,10.02,10.1,9.88,3857600.0,38459948.0,15:35:30,2026-09-24
sz002911,佛燃能源,11.17,0.11,0.995,11.17,11.19,11.06,11.04,11.26,10.97,3553947.0,39561887.0,15:35:45,2026-09-24
sz002912,中新赛克,24.06,-1.35,-5.313,24.05,24.06,25.41,25.6,25.92,23.92,17515606.0,428899433.0,15:35:00,2026-09-24
sz002913,奥士康,86.8,-4.06,-4.468,86.8,86.87,90.86,90.56,90.99,86.55,10585160.0,934156056.0,15:35:15,2026-09-24
sz002915,中欣氟材,16.82,-0.23,-1.349,16.81,16.82,17.05,16.99,17.14,16.81,3675221.0,62284851.0,15:35:30,2026-09-24
sz002916,深南电路,394.5,-20.27,-4.887,394.5,394.51,414.77,414.77,415.92,392.32,6949236.0,2779398514.0,15:35:45,2026-09-24
sz002917,金奥博,10.14,-0.09,-0.88,10.13,10.14,10.23,10.27,10.27,10.11,1696400.0,17260076.0,15:35:00,2026-09-24
sz002918,蒙娜丽莎,10.56,-0.3,-2.762,10.56,10.57,10.86,10.54,10.88,10.47,19143362.0,203310513.0,15:35:15,2026-09-24
sz002919,名臣健康,16.48,-0.01,-0.061,16.48,16.5,16.49,16.49,17.09,16.35,3309216.0,55251978.0,15:35:30,2026-09-24
sz002920,德赛西威,82.88,-0.63,-0.754,82.88,82.89,83.51,83.39,84.86,82.88,3107785.0,260203095.0,15:35:45,2026-09-24
sz002921,联诚精密,20.89,-0.36,-1.694,20.89,20.9,21.25,21.11,21.4,20.64,4610360.0,96257873.0,15:35:00,2026-09-24
sz002922,伊戈尔,22.75,-0.69,-2.944,22.74,22.75,23.44,23.21,23.7,22.71,9113659.0,210166854.0,15:35:15,2026-09-24
sz002923,润都股份,10.85,-0.21,-1.899,10.84,10.85,11.06,11.03,11.14,10.81,4578638.0,49990350.0,15:35:30,2026-09-24
sz002925,盈趣科技,23.02,-1.56,-6.347,23.02,23.03,24.58,24.52,24.52,22.98,14047869.0,332227714.0,15:35:45,2026-09-24
sz002926,华西证券,8.23,-0.12,-1.437,8.23,8.24,8.35,8.32,8.35,8.2,10671678.0,88134413.0,15:35:00,2026-09-24
sz002927,泰永长征,19.58,0.25,1.293,19.58,19.59,19.33,19.1,20.45,18.92,14277800.0,282642001.0,15:35:15,2026-09-24
sz002928,华夏航空,6.2,-0.3,-4.615,6.19,6.2,6.5,6.38,6.38,6.18,39082047.0,244692138.0,15:35:30,2026-09-24
sz002929,润建股份,51.4,-0.56,-1.078,51.4,51.41,51.96,51.96,52.45,51.4,4670401.0,242199188.0,15:35:45,2026-09-24
sz002930,宏川智慧,9.17,0.07,0.769,9.16,9.17,9.1,9.07,9.3,9.01,4472202.0,41075667.0,15:35:00,2026-09-24
sz002931,锋龙股份,40.48,-0.37,-0.906,40.48,40.49,40.85,40.65,42.1,40.47,5301924.0,217970042.0,15:35:15,2026-09-24
sz002932,*ST明德,15.26,-0.09,-0.586,15.26,15.29,15.35,15.25,15.4,15.25,516406.0,7907807.0,15:35:30,2026-09-24
sz002933,新兴装备,27.73,-0.08,-0.288,27.73,27.74,27.81,27.77,28.07,27.67,996100.0,27762393.0,15:35:45,2026-09-24
sz002935,天奥电子,18.08,0.56,3.196,18.08,18.09,17.52,17.29,19.27,16.99,30047476.0,545664369.0,15:35:00,2026-09-24
sz002936,郑州银行,1.71,-0.03,-1.724,1.71,1.72,1.74,1.74,1.75,1.71,113951312.0,197040759.0,15:35:15,2026-09-24
sz002937,兴瑞科技,30.25,0.12,0.398,30.25,30.26,30.13,29.83,30.81,28.88,25728365.0,775437409.0,15:35:30,2026-09-24
sz002938,鹏鼎控股,82.94,-5.25,-5.953,82.94,82.95,88.19,87.1,87.99,82.68,27503106.0,2313559611.0,15:35:45,2026-09-24
sz002939,长城证券,7.76,-0.11,-1.398,7.76,7.77,7.87,7.86,7.86,7.76,14377350.0,112043614.0,15:35:00,2026-09-24
sz002940,昂利康,22.84,-0.44,-1.89,22.84,22.86,23.28,23.3,23.47,22.8,4067474.0,93796946.0,15:35:15,2026-09-24
sz002941,新疆交建,10.4,-0.04,-0.383,10.4,10.41,10.44,10.39,10.57,10.34,5157576.0,53838316.0,15:35:30,2026-09-24
sz002942,新农股份,16.77,-0.16,-0.945,16.76,16.77,16.93,16.93,17.08,16.76,2398200.0,40468157.0,15:35:45,2026-09-24
sz002943,宇晶股份,31.05,-0.53,-1.678,31.05,31.06,31.58,31.29,32.48,31.01,8402695.0,265915835.0,15:35:00,2026-09-24
sz002945,华林证券,14.48,-0.29,-1.963,14.47,14.48,14.77,14.77,14.9,14.43,9939100.0,144955851.0,15:35:15,2026-09-24
sz002946,新乳业,14.33,-0.12,-0.83,14.33,14.35,14.45,14.42,14.55,14.3,2929060.0,42171347.0,15:35:30,2026-09-24
sz002947,恒铭达,63.41,-2.36,-3.588,63.4,63.41,65.77,65.36,65.98,63.12,4924377.0,315838903.0,15:35:45,2026-09-24
sz002948,青岛银行,6.04,0.02,0.332,6.04,6.05,6.02,6.02,6.1,6.01,30396710.0,184418233.0,15:35:00,2026-09-24
sz002949,华阳国际,13.08,0.05,0.384,13.07,13.08,13.03,13.0,13.32,12.87,4889600.0,64178489.0,15:35:15,2026-09-24
sz002950,奥美医疗,8.55,-0.09,-1.042,8.55,8.56,8.64,8.62,8.72,8.53,3967800.0,34182189.0,15:35:30,2026-09-24
sz002951,金时科技,16.98,0.15,0.891,16.97,16.98,16.83,16.56,17.73,16.42,14054881.0,241458086.0,15:35:45,2026-09-24
sz002952,亚世光电,19.33,-0.3,-1.528,19.33,19.34,19.63,19.55,19.71,19.29,3405100.0,66380203.0,15:35:00,2026-09-24
sz002953,日丰股份,10.29,-0.06,-0.58,10.28,10.29,10.35,10.35,10.47,10.27,6085469.0,63050189.0,15:35:15,2026-09-24
sz002955,鸿合科技,37.46,0.05,0.134,37.42,37.46,37.41,37.46,38.25,36.91,5015900.0,188892733.0,15:35:30,2026-09-24
sz002956,西麦食品,17.33,-0.34,-1.924,17.3,17.33,17.67,17.68,17.74,17.22,2935933.0,51199632.0,15:35:45,2026-09-24
sz002957,科瑞技术,41.4,-2.48,-5.652,41.39,41.4,43.88,43.58,43.66,41.35,21685675.0,914776398.0,15:35:00,2026-09-24
sz002958,青农商行,2.89,-0.01,-0.345,2.88,2.89,2.9,2.9,2.91,2.87,60140800.0,173824313.0,15:35:15,2026-09-24
sz002959,小熊电器,31.58,-0.12,-0.379,31.55,31.58,31.7,31.74,31.99,31.58,387945.0,12336925.0,15:35:30,2026-09-24
sz002960,青鸟智控,8.78,-0.16,-1.79,8.78,8.79,8.94,8.88,8.9,8.76,6508098.0,57284836.0,15:35:45,2026-09-24
sz002961,瑞达期货,13.56,-0.17,-1.238,13.56,13.57,13.73,13.7,13.82,13.4,13057725.0,177139309.0,15:35:00,2026-09-24
sz002962,五方光电,13.42,-0.29,-2.115,13.41,13.42,13.71,13.63,13.75,13.35,6279140.0,85015316.0,15:35:15,2026-09-24
sz002963,豪尔赛,23.51,-0.39,-1.632,23.51,23.52,23.9,24.0,24.15,22.88,9641504.0,226591181.0,15:35:30,2026-09-24
sz002965,祥鑫科技,31.79,-0.58,-1.792,31.78,31.79,32.37,32.15,32.62,31.36,11052780.0,352481785.0,15:35:45,2026-09-24
sz002966,苏州银行,9.2,0.11,1.21,9.2,9.21,9.09,9.06,9.31,9.04,35275151.0,324625098.0,15:35:00,2026-09-24
sz002967,广电计量,18.11,0.55,3.132,18.11,18.13,17.56,17.48,18.4,17.41,11050814.0,198365853.0,15:35:15,2026-09-24
sz002968,新大正,9.75,-0.24,-2.402,9.75,9.76,9.99,9.8,9.97,9.67,7752726.0,76129741.0,15:35:30,2026-09-24
sz002969,嘉美包装,11.1,-0.08,-0.716,11.07,11.1,11.18,11.15,11.25,11.02,15230900.0,169466099.0,15:35:45,2026-09-24
sz002970,锐明技术,42.35,-1.58,-3.597,42.35,42.36,43.93,43.68,43.77,42.24,3240600.0,138961349.0,15:35:00,2026-09-24
sz002971,和远气体,43.19,1.41,3.375,43.18,43.19,41.78,40.74,43.25,40.38,28026150.0,1183860211.0,15:35:15,2026-09-24
sz002972,科安达,13.29,-0.14,-1.042,13.28,13.29,13.43,13.29,13.43,13.07,4059640.0,53704416.0,15:35:30,2026-09-24
sz002973,侨银股份,12.35,-0.51,-3.966,12.35,12.36,12.86,12.81,12.93,12.35,5215100.0,65344410.0,15:35:45,2026-09-24
sz002975,博杰股份,110.9,0.33,0.298,110.9,110.91,110.57,112.63,117.64,110.59,16122940.0,1826367126.0,15:35:00,2026-09-24
sz002976,瑞玛精密,24.28,-1.36,-5.304,24.28,24.29,25.64,25.91,26.2,24.13,13655221.0,341561650.0,15:35:15,2026-09-24
sz002977,*ST天箭,19.66,0.09,0.46,19.62,19.66,19.57,19.39,20.16,19.39,1305300.0,25775051.0,15:35:30,2026-09-24
sz002978,安宁股份,24.8,-0.43,-1.704,24.8,24.82,25.23,25.29,25.29,24.8,1198600.0,29928211.0,15:35:45,2026-09-24
sz002979,雷赛智能,53.99,-0.15,-0.277,53.99,54.03,54.14,54.0,55.38,53.7,4807426.0,261956157.0,15:35:00,2026-09-24
sz002980,华盛昌,108.11,-7.94,-6.842,108.1,108.12,116.05,114.34,115.69,108.02,8774800.0,969906687.0,15:35:15,2026-09-24
sz002981,朝阳科技,24.24,-0.39,-1.583,24.23,24.24,24.63,24.39,25.16,24.21,4012935.0,98941321.0,15:35:30,2026-09-24
sz002982,湘佳股份,12.42,-0.13,-1.036,12.41,12.42,12.55,12.53,12.66,12.38,3166824.0,39597129.0,15:35:45,2026-09-24
sz002983,芯瑞达,22.17,-0.49,-2.162,22.15,22.17,22.66,22.5,22.75,22.1,1864859.0,41730544.0,15:35:00,2026-09-24
sz002984,森麒麟,12.93,-0.13,-0.995,12.93,12.94,13.06,13.02,13.17,12.86,7342418.0,95691714.0,15:35:15,2026-09-24
sz002985,北摩高科,27.43,-0.44,-1.579,27.42,27.43,27.87,27.84,27.92,27.24,2869476.0,79093335.0,15:35:30,2026-09-24
sz002986,宇新股份,12.8,-0.41,-3.104,12.79,12.8,13.21,13.19,13.27,12.77,3587146.0,46534865.0,15:35:45,2026-09-24
sz002987,京北方,10.55,-0.22,-2.043,10.54,10.55,10.77,10.77,10.8,10.55,6800940.0,72372082.0,15:35:00,2026-09-24
sz002988,豪美新材,31.0,-0.61,-1.93,31.0,31.01,31.61,31.9,31.9,30.8,3060300.0,95480241.0,15:35:15,2026-09-24
sz002989,中天精装,25.83,-2.13,-7.618,25.83,25.85,27.96,27.31,27.53,25.8,14879474.0,392342867.0,15:35:30,2026-09-24
sz002990,盛视科技,56.45,1.89,3.464,56.45,56.46,54.56,54.45,57.53,53.39,19498844.0,1095988914.0,15:35:45,2026-09-24
sz002991,甘源食品,37.11,-0.39,-1.04,37.1,37.11,37.5,37.39,37.66,37.1,456100.0,17027708.0,15:35:00,2026-09-24
sz002992,宝明科技,33.53,-1.61,-4.582,33.53,33.55,35.14,34.66,35.11,33.5,2208000.0,75325855.0,15:35:15,2026-09-24
sz002993,奥海科技,34.28,-1.19,-3.355,34.27,34.28,35.47,35.28,35.5,34.18,3980230.0,138050896.0,15:35:30,2026-09-24
sz002995,天地在线,17.02,-0.32,-1.845,17.02,17.03,17.34,17.23,17.55,17.0,4446728.0,76488321.0,15:35:45,2026-09-24
sz002996,顺博合金,5.88,-0.06,-1.01,5.87,5.88,5.94,5.95,5.97,5.88,4341520.0,25661803.0,15:35:00,2026-09-24
sz002997,瑞鹄模具,26.14,-0.18,-0.684,26.14,26.15,26.32,26.33,26.45,26.13,1365517.0,35875452.0,15:35:15,2026-09-24
sz002998,优彩资源,8.26,0.13,1.599,8.25,8.26,8.13,8.09,8.42,8.04,13565100.0,111783698.0,15:35:30,2026-09-24
sz002999,天禾股份,6.35,-0.04,-0.626,6.34,6.35,6.39,6.41,6.44,6.3,8119400.0,51555949.0,15:35:45,2026-09-24
sz003000,劲仔食品,9.38,0.04,0.428,9.37,9.38,9.34,9.36,9.42,9.34,2475131.0,23231967.0,15:35:00,2026-09-24
sz003001,中岩大地,21.1,-0.4,-1.86,21.1,21.11,21.5,21.39,21.88,20.87,12244691.0,261117801.0,15:35:15,2026-09-24
sz003002,壶化股份,15.4,-0.43,-2.716,15.39,15.4,15.83,15.7,15.87,15.35,4260700.0,66162129.0,15:35:30,2026-09-24
sz003003,天元股份,10.98,0.05,0.457,10.98,10.99,10.93,10.96,11.11,10.85,3761178.0,41245104.0,15:35:45,2026-09-24
sz003004,声迅股份,58.06,-2.56,-4.223,58.06,58.09,60.62,60.22,61.4,58.06,1703800.0,100943290.0,15:35:00,2026-09-24
sz003005,竞业达,14.85,-0.02,-0.134,14.85,14.86,14.87,14.66,15.16,14.63,13727608.0,205536646.0,15:35:15,2026-09-24
sz003006,百亚股份,22.64,1.05,4.863,22.61,22.64,21.59,22.0,22.75,21.91,50203612.0,1127180386.0,15:35:30,2026-09-24
sz003007,直真科技,40.76,-0.02,-0.049,40.76,40.78,40.78,41.35,41.49,40.4,1454504.0,59583105.0,15:35:45,2026-09-24
sz003008,开普检测,19.75,-0.19,-0.953,19.74,19.75,19.94,19.9,20.18,19.72,778550.0,15497430.0,15:35:00,2026-09-24
sz003009,中天火箭,46.58,-0.12,-0.257,46.58,46.6,46.7,46.7,47.55,46.41,2530942.0,118667580.0,15:35:15,2026-09-24
sz003010,若羽臣,28.45,0.56,2.008,28.45,28.46,27.89,27.8,29.24,27.6,6822795.0,196099580.0,15:35:30,2026-09-24
sz003011,海象新材,19.98,-0.8,-3.85,19.98,20.01,20.78,20.59,20.68,19.9,4115864.0,83018233.0,15:35:45,2026-09-24
sz003012,东鹏控股,4.61,-0.07,-1.496,4.6,4.61,4.68,4.66,4.75,4.58,8085200.0,37525113.0,15:35:00,2026-09-24
sz003013,地铁设计,16.3,0.1,0.617,16.29,16.3,16.2,16.2,16.46,15.61,6516718.0,105254733.0,15:35:15,2026-09-24
sz003015,日久光电,12.39,-0.19,-1.51,12.38,12.39,12.58,12.57,12.59,12.36,2996300.0,37380621.0,15:35:30,2026-09-24
sz003016,欣贺股份,7.7,0.2,2.667,7.69,7.7,7.5,7.52,7.72,7.42,6857388.0,52549454.0,15:35:45,2026-09-24
sz003017,大洋生物,22.9,-0.1,-0.435,22.9,22.93,23.0,23.0,23.16,22.85,1500828.0,34495096.0,15:35:00,2026-09-24
sz003018,金富科技,48.5,-0.77,-1.563,48.48,48.5,49.27,48.95,49.24,47.88,8397790.0,408293373.0,15:35:15,2026-09-24
sz003019,宸展光电,27.41,-0.49,-1.756,27.38,27.41,27.9,27.68,27.87,27.28,2619200.0,72187116.0,15:35:30,2026-09-24
sz003020,立方制药,16.99,-0.76,-4.282,16.99,17.0,17.75,17.6,17.75,16.96,3528916.0,60962972.0,15:35:45,2026-09-24
sz003021,兆威机电,69.87,-0.88,-1.244,69.86,69.87,70.75,70.78,72.18,69.78,2629900.0,186306521.0,15:35:00,2026-09-24
sz003022,联泓新科,19.18,-0.29,-1.489,19.18,19.19,19.47,19.39,20.18,19.16,8146729.0,160002770.0,15:35:15,2026-09-24
sz003023,彩虹集团,25.73,-0.36,-1.38,25.73,25.77,26.09,26.09,26.43,25.62,1259800.0,32773615.0,15:35:30,2026-09-24
sz003025,思进智能,12.2,-0.21,-1.692,12.19,12.2,12.41,12.43,12.46,12.2,2202540.0,27089689.0,15:35:45,2026-09-24
sz003026,中晶科技,35.55,-0.45,-1.25,35.55,35.57,36.0,35.3,37.44,35.28,31686184.0,1154683897.0,15:35:00,2026-09-24
sz003027,同兴科技,16.54,0.01,0.06,16.52,16.54,16.53,16.53,16.76,16.39,1268200.0,21094532.0,15:35:15,2026-09-24
sz003028,振邦智能,23.61,-0.25,-1.048,23.61,23.67,23.86,23.98,24.03,23.31,825000.0,19599508.0,15:35:30,2026-09-24
sz003029,吉大正元,17.59,0.11,0.629,17.58,17.59,17.48,17.0,17.88,16.8,8619708.0,149378648.0,15:35:45,2026-09-24
sz003030,祖名股份,26.87,-0.4,-1.467,26.86,26.87,27.27,27.34,27.44,26.65,2529500.0,68124502.0,15:35:00,2026-09-24
sz003031,中瓷电子,129.35,-5.25,-3.9,129.35,129.4,134.6,134.59,136.23,129.28,8220979.0,1086757439.0,15:35:15,2026-09-24
sz003032,传智教育,9.0,-0.26,-2.808,9.0,9.01,9.26,8.89,9.54,8.89,56974547.0,520458594.0,15:35:30,2026-09-24
sz003033,征和工业,91.74,-3.64,-3.816,91.74,91.88,95.38,94.93,95.38,91.05,2628650.0,243068610.0,15:35:45,2026-09-24
sz003035,南网能源,5.31,-0.03,-0.562,5.3,5.31,5.34,5.33,5.36,5.28,21548000.0,114747007.0,15:35:00,2026-09-24
sz003036,泰坦股份,56.56,-2.24,-3.81,56.55,56.56,58.8,58.24,60.55,56.3,14901729.0,867944072.0,15:35:15,2026-09-24
sz003037,三和管桩,5.8,-0.04,-0.685,5.79,5.8,5.84,5.84,5.85,5.77,3164266.0,18358489.0,15:35:30,2026-09-24
sz003038,鑫铂股份,10.71,0.0,0.0,10.71,10.72,10.71,10.71,10.87,10.67,2625700.0,28248468.0,15:35:45,2026-09-24
sz003039,顺控发展,12.62,-0.04,-0.316,12.62,12.63,12.66,12.6,12.73,12.52,4602100.0,58103199.0,15:35:00,2026-09-24
sz003040,楚天龙,14.5,-1.41,-8.862,14.5,14.51,15.91,14.9,15.18,14.44,68418246.0,1003340054.0,15:35:15,2026-09-24
sz003041,真爱美家,41.31,-1.48,-3.459,41.3,41.32,42.79,42.71,43.12,41.2,2536800.0,106230078.0,15:35:30,2026-09-24
sz003042,中农联合,14.29,-0.01,-0.07,14.29,14.3,14.3,14.56,15.13,14.1,9713300.0,140974141.0,15:35:45,2026-09-24
sz003043,华亚智能,63.1,-1.72,-2.654,63.1,63.13,64.82,63.88,65.37,63.03,4048560.0,259720647.0,15:35:00,2026-09-24
sz003816,中国广核,4.19,0.01,0.239,4.19,4.2,4.18,4.17,4.23,4.16,73046295.0,306825084.0,15:35:15,2026-09-24
sz300001,特锐德,35.34,-0.17,-0.479,35.34,35.35,35.51,35.3,35.77,34.79,15318670.0,540573286.0,15:35:00,2026-09-24
sz300002,神州泰岳,7.98,-0.07,-0.87,7.97,7.98,8.05,8.01,8.07,7.97,18365095.0,147191309.0,15:35:15,2026-09-24
sz300003,乐普医疗,11.41,-0.17,-1.468,11.41,11.42,11.58,11.56,11.64,11.41,12582331.0,144709685.0,15:35:30,2026-09-24
sz300004,南风股份,7.86,-0.11,-1.38,7.85,7.86,7.97,7.98,8.0,7.82,9114806.0,71943376.0,15:35:45,2026-09-24
sz300005,探路者,10.86,-0.02,-0.184,10.86,10.87,10.88,10.89,11.03,10.77,31175800.0,338745524.0,15:35:00,2026-09-24
sz300006,莱美药业,5.45,-0.17,-3.025,5.44,5.45,5.62,5.61,5.77,5.41,28171116.0,156029632.0,15:35:15,2026-09-24
sz300007,汉威科技,31.36,-0.42,-1.322,31.36,31.37,31.78,31.75,32.38,31.36,7159339.0,228079558.0,15:35:30,2026-09-24
sz300008,天海防务,6.33,0.04,0.636,6.32,6.33,6.29,6.33,6.4,6.28,35890800.0,227609306.0,15:35:45,2026-09-24
sz300009,安科生物,8.28,-0.18,-2.128,8.28,8.29,8.46,8.44,8.53,8.26,23250631.0,194603201.0,15:35:00,2026-09-24
sz300010,ST豆神,5.34,0.07,1.328,5.33,5.34,5.27,5.25,5.42,5.18,74690800.0,396420749.0,15:35:15,2026-09-24
sz300011,鼎汉技术,5.84,-0.04,-0.68,5.83,5.84,5.88,5.89,5.92,5.83,3003100.0,17621647.0,15:35:30,2026-09-24
sz300012,华测检测,14.38,-0.47,-3.165,14.38,14.39,14.85,14.79,14.89,14.37,20532699.0,299653776.0,15:35:45,2026-09-24
sz300013,新宁物流,4.33,0.0,0.0,4.32,4.33,4.33,4.32,4.35,4.29,11411000.0,49316076.0,15:35:00,2026-09-24
sz300014,亿纬锂能,48.91,-1.12,-2.239,48.9,48.91,50.03,49.61,49.98,48.82,17918164.0,880951921.0,15:35:15,2026-09-24
sz300015,爱尔眼科,7.91,-0.1,-1.248,7.91,7.92,8.01,7.96,8.03,7.9,39822373.0,316467003.0,15:35:30,2026-09-24
sz300016,北陆药业,9.84,-0.45,-4.373,9.84,9.85,10.29,10.01,10.41,9.82,71173870.0,714457298.0,15:35:45,2026-09-24
sz300017,网宿科技,15.14,-0.18,-1.175,15.14,15.15,15.32,15.32,15.49,15.13,69591603.0,1062856382.0,15:35:00,2026-09-24
sz300018,中元股份,11.82,-0.2,-1.664,11.81,11.82,12.02,12.0,12.05,11.81,5731500.0,68264253.0,15:35:15,2026-09-24
sz300019,硅宝科技,14.18,-0.21,-1.459,14.17,14.18,14.39,14.34,14.48,14.15,2247500.0,32089410.0,15:35:30,2026-09-24
sz300020,ST银江,3.79,-0.01,-0.263,3.79,3.8,3.8,3.8,3.89,3.77,8225308.0,31380336.0,15:35:45,2026-09-24
sz300021,大禹节水,3.82,-0.05,-1.292,3.82,3.83,3.87,3.85,3.87,3.81,9869350.0,37819584.0,15:35:00,2026-09-24
sz300022,吉峰科技,7.87,-0.05,-0.631,7.86,7.87,7.92,7.9,8.07,7.83,9036007.0,71882559.0,15:35:15,2026-09-24
sz300024,机器人,13.22,0.0,0.0,13.22,13.23,13.22,13.16,13.38,13.16,14457760.0,191907867.0,15:35:30,2026-09-24
sz300025,华星创业,5.85,-0.03,-0.51,5.84,5.85,5.88,5.92,5.92,5.78,9167902.0,53407456.0,15:35:45,2026-09-24
sz300026,红日药业,3.18,-0.07,-2.154,3.17,3.18,3.25,3.25,3.29,3.17,40352441.0,129717926.0,15:35:00,2026-09-24
sz300027,ST华谊,1.68,0.0,0.0,1.68,1.69,1.68,1.68,1.7,1.66,46301984.0,77822528.0,15:35:15,2026-09-24
sz300030,阳普医疗,6.81,0.0,0.0,6.8,6.81,6.81,6.78,6.92,6.77,4232500.0,28946200.0,15:35:30,2026-09-24
sz300031,宝通科技,21.1,-0.53,-2.45,21.1,21.11,21.63,21.55,21.66,21.04,6929470.0,147305826.0,15:35:45,2026-09-24
sz300032,金龙机电,3.78,-0.06,-1.563,3.78,3.79,3.84,3.84,3.86,3.78,9188900.0,35044591.0,15:35:00,2026-09-24
sz300033,同花顺,204.1,-4.54,-2.176,204.1,204.12,208.64,207.5,208.5,203.9,5782855.0,1189712225.0,15:35:15,2026-09-24
sz300034,钢研高纳,15.72,-0.2,-1.256,15.71,15.72,15.92,15.83,15.99,15.67,6202800.0,97964404.0,15:35:30,2026-09-24
sz300035,中科电气,12.21,-0.34,-2.709,12.21,12.22,12.55,12.5,12.57,12.21,6885439.0,84940426.0,15:35:45,2026-09-24
sz300036,超图软件,10.06,-0.16,-1.566,10.05,10.06,10.22,10.22,10.29,10.04,6844082.0,69409804.0,15:35:00,2026-09-24
sz300037,新宙邦,70.58,-1.79,-2.473,70.58,70.59,72.37,72.36,72.36,70.02,9451709.0,669836381.0,15:35:15,2026-09-24
sz300039,上海凯宝,5.21,0.01,0.192,5.2,5.21,5.2,5.22,5.3,5.15,23393061.0,122327125.0,15:35:30,2026-09-24
sz300040,九洲集团,5.63,-0.03,-0.53,5.62,5.63,5.66,5.64,5.69,5.61,12512367.0,70493530.0,15:35:45,2026-09-24
sz300041,回天新材,11.12,-0.3,-2.627,11.11,11.12,11.42,11.31,11.36,11.11,13839897.0,155099190.0,15:35:00,2026-09-24
sz300042,朗科科技,39.44,-1.2,-2.953,39.43,39.44,40.64,40.08,40.45,39.43,6700971.0,267265327.0,15:35:15,2026-09-24
sz300043,星辉娱乐,4.35,-0.02,-0.458,4.34,4.35,4.37,4.36,4.4,4.3,15603700.0,67704856.0,15:35:30,2026-09-24
sz300044,*ST赛为,6.14,0.01,0.163,6.13,6.14,6.13,6.1,6.19,6.09,8395669.0,51631330.0,15:35:45,2026-09-24
sz300045,华力创通,11.66,-0.14,-1.186,11.65,11.66,11.8,11.89,12.25,11.6,20486423.0,242677131.0,15:35:00,2026-09-24
sz300046,台基股份,24.81,-0.33,-1.313,24.81,24.82,25.14,25.02,25.23,24.81,3024659.0,75508209.0,15:35:15,2026-09-24
sz300047,天源迪科,9.08,-0.19,-2.05,9.07,9.08,9.27,9.24,9.32,9.03,11624008.0,106396544.0,15:35:30,2026-09-24
sz300048,合康新能,4.76,-0.01,-0.21,4.76,4.77,4.77,4.78,4.81,4.76,4716170.0,22519056.0,15:35:45,2026-09-24
sz300049,福瑞医科,47.02,-2.58,-5.202,47.02,47.04,49.6,49.15,49.86,46.91,7611539.0,364304090.0,15:35:00,2026-09-24
sz300050,世纪鼎利,7.43,-0.15,-1.979,7.43,7.44,7.58,7.52,7.57,7.24,23168792.0,171129993.0,15:35:15,2026-09-24
sz300051,琏升科技,8.28,0.02,0.242,8.28,8.29,8.26,8.5,8.6,8.16,18430100.0,152812585.0,15:35:30,2026-09-24
sz300052,中青宝,10.13,-0.12,-1.171,10.12,10.13,10.25,10.26,10.3,10.1,5632400.0,57274016.0,15:35:45,2026-09-24
sz300053,航宇微,12.13,-0.11,-0.899,12.13,12.14,12.24,12.16,12.39,12.1,10764955.0,131719574.0,15:35:00,2026-09-24
sz300054,鼎龙股份,70.11,-1.02,-1.434,70.1,70.11,71.13,70.32,71.02,69.53,13367373.0,939543728.0,15:35:15,2026-09-24
sz300055,万邦达,5.73,-0.09,-1.546,5.72,5.73,5.82,5.78,5.86,5.71,9678101.0,55818264.0,15:35:30,2026-09-24
sz300056,中创环保,7.9,0.09,1.152,7.89,7.9,7.81,7.72,8.16,7.72,16949200.0,134463000.0,15:35:45,2026-09-24
sz300057,万顺新材,6.31,-0.31,-4.683,6.31,6.32,6.62,6.59,6.6,6.3,23874952.0,153197339.0,15:35:00,2026-09-24
sz300058,蓝色光标,13.15,-0.37,-2.737,13.15,13.16,13.52,13.38,13.74,13.14,178277315.0,2390459713.0,15:35:15,2026-09-24
sz300059,东方财富,18.28,-0.37,-1.984,18.28,18.29,18.65,18.56,18.63,18.26,118407597.0,2177010449.0,15:35:30,2026-09-24
sz300061,旗天科技,6.74,-0.26,-3.714,6.74,6.75,7.0,6.93,7.09,6.71,30175675.0,206914390.0,15:35:45,2026-09-24
sz300062,中能电气,6.24,0.15,2.463,6.23,6.24,6.09,6.03,6.32,6.02,17494105.0,107918566.0,15:35:00,2026-09-24
sz300063,天龙集团,8.5,-0.1,-1.163,8.5,8.51,8.6,8.56,8.75,8.48,18781039.0,161242841.0,15:35:15,2026-09-24
sz300065,海兰信,15.2,-0.12,-0.783,15.19,15.2,15.32,15.29,15.64,15.14,23750939.0,364131783.0,15:35:30,2026-09-24
sz300066,三川智慧,4.68,-0.06,-1.266,4.68,4.69,4.74,4.73,4.76,4.67,7639700.0,35979954.0,15:35:45,2026-09-24
sz300067,安诺其,5.26,-0.07,-1.313,5.26,5.27,5.33,5.3,5.37,5.24,18641227.0,98691594.0,15:35:00,2026-09-24
sz300068,ST南都,4.12,-0.03,-0.723,4.12,4.13,4.15,4.18,4.23,4.12,27342600.0,113964412.0,15:35:15,2026-09-24
sz300069,金利华电,24.69,-0.13,-0.524,24.69,24.7,24.82,24.7,25.07,24.59,3057301.0,75774592.0,15:35:30,2026-09-24
sz300070,碧水源,3.37,-0.05,-1.462,3.37,3.38,3.42,3.42,3.42,3.35,28429392.0,96089675.0,15:35:45,2026-09-24
sz300071,福石控股,4.07,-0.02,-0.489,4.07,4.08,4.09,4.04,4.16,4.03,28057801.0,114740381.0,15:35:00,2026-09-24
sz300072,海新能科,3.41,-0.07,-2.011,3.4,3.41,3.48,3.48,3.5,3.41,13010889.0,44753381.0,15:35:15,2026-09-24
sz300073,当升科技,37.4,-0.81,-2.12,37.4,37.41,38.21,38.08,38.29,37.39,5607249.0,211419400.0,15:35:30,2026-09-24
sz300074,华平股份,3.83,0.01,0.262,3.83,3.84,3.82,3.79,3.86,3.73,13266500.0,50688229.0,15:35:45,2026-09-24
sz300075,数字政通,10.14,-0.19,-1.839,10.13,10.14,10.33,10.31,10.38,10.12,6397158.0,65358471.0,15:35:00,2026-09-24
sz300076,*ST宁视,4.22,-0.05,-1.171,4.22,4.23,4.27,4.27,4.27,4.21,1420600.0,6012416.0,15:35:15,2026-09-24
sz300077,国民技术,22.3,-0.48,-2.107,22.3,22.31,22.78,22.57,22.83,22.18,24860639.0,557337337.0,15:35:30,2026-09-24
sz300078,思创智联,2.7,0.01,0.372,2.7,2.71,2.69,2.69,2.73,2.66,19353400.0,52288941.0,15:35:45,2026-09-24
sz300079,数码视讯,4.79,-0.03,-0.622,4.78,4.79,4.82,4.8,4.83,4.77,12916639.0,61947139.0,15:35:00,2026-09-24
sz300080,易成新能,3.63,-0.02,-0.548,3.62,3.63,3.65,3.63,3.68,3.6,11513900.0,41840136.0,15:35:15,2026-09-24
sz300081,ST恒信,3.47,0.12,3.582,3.46,3.47,3.35,3.38,3.51,3.38,6969600.0,23988621.0,15:35:30,2026-09-24
sz300082,奥克股份,0.0,0.0,0.0,0.0,0.0,8.58,0.0,0.0,0.0,0.0,0.0,15:35:45,2026-09-24
sz300083,创世纪,12.14,-0.36,-2.88,12.13,12.14,12.5,12.46,12.53,12.07,37567044.0,460722165.0,15:35:00,2026-09-24
sz300084,海默科技,10.2,0.0,0.0,10.18,10.2,10.2,10.2,10.35,10.15,3643800.0,37245557.0,15:35:15,2026-09-24
sz300085,银之杰,30.51,-0.77,-2.462,30.51,30.52,31.28,30.88,31.28,30.39,19868650.0,610764936.0,15:35:30,2026-09-24
sz300086,康芝药业,5.37,-0.12,-2.186,5.36,5.37,5.49,5.46,5.55,5.29,24408400.0,131890646.0,15:35:45,2026-09-24
sz300087,ST荃银,5.61,-0.01,-0.178,5.6,5.61,5.62,5.6,5.68,5.6,5880584.0,33108928.0,15:35:00,2026-09-24
sz300088,长信科技,7.15,-0.21,-2.853,7.14,7.15,7.36,7.29,7.32,7.13,78035577.0,562517771.0,15:35:15,2026-09-24
sz300091,*ST金灵,2.42,0.01,0.415,2.41,2.42,2.41,2.41,2.43,2.39,2005395.0,4826778.0,15:35:30,2026-09-24
sz300092,科新机电,11.15,-0.09,-0.801,11.15,11.16,11.24,11.24,11.31,11.15,1471400.0,16526436.0,15:35:45,2026-09-24
sz300093,金刚光伏,21.13,-0.59,-2.716,21.13,21.14,21.72,21.72,21.95,21.01,3320500.0,71348765.0,15:35:00,2026-09-24
sz300094,国联水产,2.9,-0.05,-1.695,2.89,2.9,2.95,2.96,2.98,2.87,40663759.0,118596932.0,15:35:15,2026-09-24
sz300095,华伍股份,9.04,0.07,0.78,9.04,9.05,8.97,8.96,9.18,8.96,9699109.0,88178159.0,15:35:30,2026-09-24
sz300096,ST易联众,0.0,0.0,0.0,0.0,0.0,9.02,0.0,0.0,0.0,0.0,0.0,15:35:45,2026-09-24
sz300097,智云股份,10.19,-0.56,-5.209,10.19,10.2,10.75,10.66,10.94,9.5,29033375.0,296444887.0,15:35:00,2026-09-24
sz300098,高新兴,4.24,-0.04,-0.935,4.24,4.25,4.28,4.28,4.32,4.24,17113453.0,73121907.0,15:35:15,2026-09-24
sz300099,尤洛卡,6.37,-0.09,-1.393,6.37,6.38,6.46,6.41,6.52,6.34,13680521.0,87912462.0,15:35:30,2026-09-24
sz300100,双林股份,21.14,0.42,2.027,21.14,21.15,20.72,20.72,22.12,20.59,14879190.0,319336869.0,15:35:45,2026-09-24
sz300101,振芯科技,14.51,0.18,1.256,14.51,14.52,14.33,14.83,15.25,14.25,23659952.0,348458752.0,15:35:00,2026-09-24
sz300102,乾照光电,16.57,-0.14,-0.838,16.56,16.57,16.71,16.71,17.0,16.52,20095043.0,335858215.0,15:35:15,2026-09-24
sz300103,达刚控股,8.22,0.14,1.733,8.2,8.22,8.08,8.2,8.29,8.0,7280700.0,59611261.0,15:35:30,2026-09-24
sz300105,龙源技术,7.21,-0.07,-0.962,7.19,7.21,7.28,7.26,7.33,7.16,6424500.0,46496230.0,15:35:45,2026-09-24
sz300106,西部牧业,10.5,-0.21,-1.961,10.5,10.52,10.71,10.77,10.77,10.48,4887430.0,51762857.0,15:35:00,2026-09-24
sz300107,建新股份,6.6,-0.1,-1.493,6.59,6.6,6.7,6.65,6.7,6.56,5655600.0,37407339.0,15:35:15,2026-09-24
sz300109,新开源,13.07,-0.21,-1.581,13.06,13.07,13.28,13.29,13.46,13.05,9053133.0,119739393.0,15:35:30,2026-09-24
sz300110,华仁药业,3.45,-0.2,-5.479,3.44,3.45,3.65,3.61,3.68,3.34,237115297.0,826806328.0,15:35:45,2026-09-24
sz300111,向日葵,2.98,-0.01,-0.334,2.98,2.99,2.99,2.99,3.14,2.96,57063497.0,172698837.0,15:35:00,2026-09-24
sz300112,万讯自控,11.51,-0.34,-2.869,11.51,11.52,11.85,11.62,12.1,11.36,33390683.0,388682113.0,15:35:15,2026-09-24
sz300113,顺网科技,16.32,-0.44,-2.625,16.32,16.33,16.76,16.61,16.84,16.29,14191618.0,234256703.0,15:35:30,2026-09-24
sz300115,长盈精密,23.41,-0.55,-2.295,23.41,23.42,23.96,23.9,24.25,23.38,19596266.0,465865415.0,15:35:45,2026-09-24
sz300118,东方日升,8.98,-0.24,-2.603,8.98,8.99,9.22,9.21,9.28,8.98,15092632.0,137331887.0,15:35:00,2026-09-24
sz300119,瑞普生物,16.66,-0.48,-2.8,16.65,16.66,17.14,17.16,17.33,16.62,3637977.0,61459201.0,15:35:15,2026-09-24
sz300120,经纬辉开,7.2,-0.18,-2.439,7.2,7.21,7.38,7.38,7.47,7.18,20069540.0,146166590.0,15:35:30,2026-09-24
sz300121,阳谷华泰,9.81,-0.1,-1.009,9.8,9.81,9.91,9.9,10.02,9.78,10019700.0,99343102.0,15:35:45,2026-09-24
sz300122,智飞生物,13.01,-0.43,-3.199,13.0,13.01,13.44,13.33,13.45,13.0,30681721.0,404164757.0,15:35:00,2026-09-24
sz300123,ST亚光,4.36,-0.01,-0.229,4.35,4.36,4.37,4.38,4.43,4.33,14322016.0,62740313.0,15:35:15,2026-09-24
sz300124,汇川技术,51.88,-0.84,-1.593,51.88,51.89,52.72,52.5,52.84,51.86,18002047.0,941922731.0,15:35:30,2026-09-24
sz300125,聆达股份,8.79,-0.1,-1.125,8.78,8.79,8.89,8.9,8.97,8.75,3639959.0,32262945.0,15:35:45,2026-09-24
sz300126,锐奇股份,6.6,0.0,0.0,6.6,6.62,6.6,6.57,6.69,6.56,2386010.0,15788636.0,15:35:00,2026-09-24
sz300127,银河磁体,23.84,-0.31,-1.284,23.84,23.86,24.15,24.25,24.38,23.82,2648300.0,63733004.0,15:35:15,2026-09-24
sz300128,锦富技术,4.88,-0.1,-2.008,4.87,4.88,4.98,4.95,4.99,4.88,14164546.0,69622405.0,15:35:30,2026-09-24
sz300129,泰胜风能,7.49,0.13,1.766,7.49,7.5,7.36,7.33,7.7,7.32,28203655.0,212762735.0,15:35:45,2026-09-24
sz300130,新国都,17.9,-0.32,-1.756,17.89,17.9,18.22,18.18,18.28,17.85,5461300.0,98563811.0,15:35:00,2026-09-24
sz300131,英唐智控,14.51,-0.72,-4.728,14.5,14.51,15.23,15.11,15.22,14.48,45197650.0,663467799.0,15:35:15,2026-09-24
sz300132,诺斯贝尔,6.24,0.0,0.0,6.24,6.25,6.24,6.2,6.31,6.19,6783115.0,42460945.0,15:35:30,2026-09-24
sz300133,华策影视,7.47,0.0,0.0,7.47,7.48,7.47,7.41,7.57,7.4,55634685.0,416825887.0,15:35:45,2026-09-24
sz300134,大富科技,8.42,-0.05,-0.59,8.42,8.43,8.47,8.46,8.52,8.28,6093538.0,51209914.0,15:35:00,2026-09-24
sz300135,宝利国际,3.46,0.04,1.17,3.45,3.46,3.42,3.45,3.48,3.42,14409705.0,49744001.0,15:35:15,2026-09-24
sz300136,信维通信,57.3,-0.71,-1.224,57.3,57.31,58.01,57.9,60.08,57.25,43373206.0,2546090925.0,15:35:30,2026-09-24
sz300137,先河环保,10.22,-0.04,-0.39,10.21,10.22,10.26,10.19,10.47,9.5,37727730.0,375607726.0,15:35:45,2026-09-24
sz300138,晨光生物,11.2,-0.25,-2.183,11.2,11.23,11.45,11.48,11.5,11.2,2671600.0,30204560.0,15:35:00,2026-09-24
sz300139,晓程科技,44.92,-1.96,-4.181,44.92,44.93,46.88,46.5,46.5,44.91,16335834.0,746707971.0,15:35:15,2026-09-24
sz300140,节能环境,5.26,-0.03,-0.567,5.26,5.27,5.29,5.3,5.35,5.25,6536100.0,34591142.0,15:35:30,2026-09-24
sz300141,和顺电气,9.93,0.11,1.12,9.93,9.94,9.82,9.88,10.07,9.73,4351400.0,43206461.0,15:35:45,2026-09-24
sz300142,沃森生物,13.58,-0.5,-3.551,13.58,13.59,14.08,13.98,14.06,13.56,87931360.0,1209962834.0,15:35:00,2026-09-24
sz300143,盈康生命,7.81,-0.04,-0.51,7.79,7.81,7.85,7.84,7.98,7.78,12228190.0,96345761.0,15:35:15,2026-09-24
sz300144,宋城演艺,5.69,-0.08,-1.386,5.69,5.7,5.77,5.76,5.79,5.68,20031564.0,114492854.0,15:35:30,2026-09-24
sz300145,南方泵业,4.99,-0.17,-3.295,4.98,4.99,5.16,5.17,5.18,4.97,62806474.0,316195387.0,15:35:45,2026-09-24
sz300146,汤臣倍健,9.31,-0.11,-1.168,9.31,9.32,9.42,9.43,9.51,9.3,7466570.0,70109137.0,15:35:00,2026-09-24
sz300147,*ST香雪,5.62,-0.71,-11.216,5.61,5.62,6.33,6.26,6.34,5.55,16665337.0,100874515.0,15:35:15,2026-09-24
sz300148,天舟文化,3.56,0.02,0.565,3.55,3.56,3.54,3.54,3.6,3.52,24552900.0,87501548.0,15:35:30,2026-09-24
sz300149,睿智医药,9.65,-0.36,-3.596,9.64,9.65,10.01,10.06,10.1,9.6,26198670.0,256657268.0,15:35:45,2026-09-24
sz300150,世纪瑞尔,4.17,0.01,0.24,4.17,4.18,4.16,4.17,4.22,4.15,4479300.0,18700297.0,15:35:00,2026-09-24
sz300151,昌红科技,20.63,-0.53,-2.505,20.63,20.65,21.16,21.05,21.3,20.63,13019594.0,272412023.0,15:35:15,2026-09-24
sz300152,*ST动力,1.61,-0.05,-3.012,1.6,1.61,1.66,1.65,1.66,1.6,11276100.0,18331997.0,15:35:30,2026-09-24
sz300153,科泰电源,26.69,-0.86,-3.122,26.68,26.69,27.55,27.28,27.7,26.62,10224037.0,275135748.0,15:35:45,2026-09-24
sz300154,瑞凌股份,13.91,-0.06,-0.429,13.91,13.93,13.97,13.89,14.29,13.7,11996100.0,168817921.0,15:35:00,2026-09-24
sz300155,安居宝,4.62,-0.44,-8.696,4.62,4.63,5.06,4.94,4.95,4.53,66443308.0,308368949.0,15:35:15,2026-09-24
sz300157,新锦动力,3.65,-0.04,-1.084,3.64,3.65,3.69,3.68,3.71,3.63,13909685.0,50880554.0,15:35:30,2026-09-24
sz300158,振东制药,5.18,-0.1,-1.894,5.18,5.19,5.28,5.32,5.39,5.18,21236611.0,111955144.0,15:35:45,2026-09-24
sz300159,新研股份,2.8,-0.04,-1.408,2.8,2.81,2.84,2.84,2.86,2.79,20020600.0,56389752.0,15:35:00,2026-09-24
sz300160,秀强股份,4.46,-0.01,-0.224,4.45,4.46,4.47,4.46,4.49,4.42,5664900.0,25267372.0,15:35:15,2026-09-24
sz300161,华中数控,26.59,-0.42,-1.555,26.58,26.59,27.01,26.86,27.19,26.5,2459275.0,65932587.0,15:35:30,2026-09-24
sz300162,雷曼光电,7.68,-0.43,-5.302,7.67,7.68,8.11,7.98,8.03,7.65,34835452.0,271264604.0,15:35:45,2026-09-24
sz300163,先锋新材,7.63,-0.46,-5.686,7.62,7.63,8.09,8.15,8.15,7.51,44175200.0,340600812.0,15:35:00,2026-09-24
sz300164,通源石油,8.95,0.03,0.336,8.95,8.96,8.92,9.13,9.16,8.85,56076049.0,503180930.0,15:35:15,2026-09-24
sz300165,天瑞仪器,5.07,-0.12,-2.312,5.06,5.07,5.19,5.17,5.18,5.04,14766600.0,75250340.0,15:35:30,2026-09-24
sz300166,东方国信,12.2,-0.58,-4.538,12.19,12.2,12.78,12.6,12.66,12.18,36958680.0,456747178.0,15:35:45,2026-09-24
sz300167,ST迪威迅,4.02,0.02,0.5,4.02,4.03,4.0,3.98,4.12,3.98,3296401.0,13284534.0,15:35:00,2026-09-24
sz300168,万达信息,4.69,-0.06,-1.263,4.69,4.7,4.75,4.75,4.8,4.68,10744600.0,50786915.0,15:35:15,2026-09-24
sz300169,天晟新材,5.72,0.17,3.063,5.71,5.72,5.55,5.54,5.98,5.52,18764800.0,107473791.0,15:35:30,2026-09-24
sz300170,汉得信息,15.26,-0.44,-2.803,15.26,15.27,15.7,15.61,15.75,15.26,28085502.0,434360005.0,15:35:45,2026-09-24
sz300171,东富龙,15.93,-0.39,-2.39,15.93,15.94,16.32,16.28,16.6,15.9,23408540.0,377841331.0,15:35:00,2026-09-24
sz300172,中电环保,4.51,0.03,0.67,4.51,4.52,4.48,4.46,4.61,4.46,12249705.0,55574043.0,15:35:15,2026-09-24
sz300173,ST福能,3.31,-0.05,-1.488,3.31,3.32,3.36,3.35,3.36,3.31,4026900.0,13431479.0,15:35:30,2026-09-24
sz300174,元力股份,18.55,-0.74,-3.836,18.55,18.57,19.29,19.09,19.28,18.51,11738300.0,220365178.0,15:35:45,2026-09-24
sz300175,朗源股份,5.35,-0.04,-0.742,5.35,5.37,5.39,5.43,5.48,5.33,4312700.0,23215747.0,15:35:00,2026-09-24
sz300176,鸿特科技,4.38,0.0,0.0,4.38,4.39,4.38,4.37,4.44,4.35,6583240.0,28851689.0,15:35:15,2026-09-24
sz300177,中海达,6.15,0.07,1.151,6.14,6.15,6.08,6.06,6.22,6.05,8557500.0,52478193.0,15:35:30,2026-09-24
sz300179,四方达,44.29,0.47,1.073,44.29,44.3,43.82,43.3,45.48,42.83,53658559.0,2384264145.0,15:35:45,2026-09-24
sz300180,华峰超纤,4.34,-0.07,-1.587,4.34,4.35,4.41,4.37,4.42,4.32,18777316.0,81901565.0,15:35:00,2026-09-24
sz300181,佐力药业,12.95,-0.2,-1.521,12.95,12.96,13.15,13.14,13.21,12.93,7692666.0,100224493.0,15:35:15,2026-09-24
sz300182,捷成股份,4.91,-0.08,-1.603,4.9,4.91,4.99,4.99,5.04,4.91,59431239.0,294809987.0,15:35:30,2026-09-24
sz300183,东软载波,11.12,0.22,2.018,11.11,11.12,10.9,10.9,11.17,10.85,8740300.0,96692606.0,15:35:45,2026-09-24
sz300184,力源信息,11.81,-0.41,-3.355,11.8,11.81,12.22,12.1,12.15,11.78,32499102.0,387116645.0,15:35:00,2026-09-24
sz300185,通裕重工,2.75,0.02,0.733,2.74,2.75,2.73,2.72,2.79,2.71,62820307.0,172900324.0,15:35:15,2026-09-24
sz300187,永清环保,4.51,-0.03,-0.661,4.5,4.51,4.54,4.53,4.56,4.5,4373400.0,19762323.0,15:35:30,2026-09-24
sz300188,国投智能,10.51,-0.02,-0.19,10.51,10.52,10.53,10.51,10.62,10.48,7426904.0,78417533.0,15:35:45,2026-09-24
sz300189,神农种业,6.17,-0.28,-4.341,6.17,6.18,6.45,6.56,6.59,6.13,135136657.0,847413605.0,15:35:00,2026-09-24
sz300190,维尔利,3.94,0.1,2.604,3.93,3.94,3.84,3.86,3.95,3.83,16623001.0,64642139.0,15:35:15,2026-09-24
sz300191,潜能恒信,31.11,-0.29,-0.924,31.1,31.11,31.4,31.54,31.71,30.9,6384635.0,199075472.0,15:35:30,2026-09-24
sz300192,科德教育,25.31,2.36,10.283,25.31,25.32,22.95,22.94,26.45,22.5,58332949.0,1467277821.0,15:35:45,2026-09-24
sz300193,佳士科技,7.92,-0.03,-0.377,7.92,7.93,7.95,7.92,7.99,7.9,1804900.0,14340518.0,15:35:00,2026-09-24
sz300194,福安药业,3.84,-0.06,-1.538,3.83,3.84,3.9,3.9,3.93,3.82,12424900.0,47954718.0,15:35:15,2026-09-24
sz300195,长荣股份,6.3,0.0,0.0,6.3,6.31,6.3,6.26,6.36,6.25,4511800.0,28514418.0,15:35:30,2026-09-24
sz300196,长海股份,18.84,-0.49,-2.535,18.83,18.84,19.33,19.52,19.52,18.8,13456246.0,255519189.0,15:35:45,2026-09-24
sz300197,节能铁汉,1.92,0.0,0.0,1.91,1.92,1.92,1.91,1.94,1.9,37161000.0,71263344.0,15:35:00,2026-09-24
sz300198,*ST纳川,2.27,0.01,0.442,2.26,2.27,2.26,2.25,2.28,2.22,7372576.0,16577148.0,15:35:15,2026-09-24
sz300199,翰宇药业,23.3,-0.99,-4.076,23.3,23.31,24.29,24.15,24.25,23.23,43955847.0,1042795352.0,15:35:30,2026-09-24
sz300200,高盟新材,8.41,-0.07,-0.825,8.4,8.41,8.48,8.47,8.56,8.38,3480288.0,29409249.0,15:35:45,2026-09-24
sz300201,海伦哲,13.29,-0.42,-3.063,13.28,13.29,13.71,13.6,13.67,13.25,16664764.0,223760490.0,15:35:00,2026-09-24
sz300203,聚光科技,14.51,0.46,3.274,14.51,14.52,14.05,14.19,14.7,13.92,21371174.0,307382630.0,15:35:15,2026-09-24
sz300204,舒泰神,20.02,-0.86,-4.119,20.02,20.03,20.88,20.65,21.18,20.01,14427141.0,295039803.0,15:35:30,2026-09-24
sz300205,*ST天喻,5.36,0.08,1.515,5.35,5.36,5.28,5.25,5.4,5.24,3932506.0,20924693.0,15:35:45,2026-09-24
sz300206,理邦仪器,11.6,-0.1,-0.855,11.59,11.6,11.7,11.62,11.8,11.58,3486506.0,40732408.0,15:35:00,2026-09-24
sz300207,欣旺达,20.09,0.56,2.867,20.09,20.1,19.53,19.31,20.49,19.08,120411249.0,2394675817.0,15:35:15,2026-09-24
sz300209,行云科技,36.35,-1.06,-2.833,36.34,36.35,37.41,37.5,37.8,36.16,41577276.0,1531069830.0,15:35:30,2026-09-24
sz300210,森远股份,7.13,-0.06,-0.834,7.12,7.13,7.19,7.19,7.37,7.1,7354000.0,52988767.0,15:35:45,2026-09-24
sz300211,*ST亿通,6.98,-0.04,-0.57,6.96,6.98,7.02,7.03,7.03,6.95,727000.0,5087628.0,15:35:00,2026-09-24
sz300212,*ST易录,7.7,-0.21,-2.655,7.7,7.71,7.91,7.93,7.95,7.68,8214393.0,63836179.0,15:35:15,2026-09-24
sz300213,佳讯飞鸿,6.45,-0.06,-0.922,6.44,6.45,6.51,6.47,6.56,6.43,6387900.0,41457265.0,15:35:30,2026-09-24
sz300214,日科化学,9.86,-0.13,-1.301,9.86,9.87,9.99,9.9,10.06,9.83,9531883.0,94498139.0,15:35:45,2026-09-24
sz300215,电科院,6.45,-0.42,-6.114,6.45,6.46,6.87,6.7,6.76,6.44,28548485.0,186641457.0,15:35:00,2026-09-24
sz300217,东方电热,4.01,-0.06,-1.474,4.0,4.01,4.07,4.05,4.08,3.99,12899800.0,51970912.0,15:35:15,2026-09-24
sz300218,安利股份,12.52,-0.03,-0.239,12.5,12.52,12.55,12.55,12.65,12.47,1598800.0,20072988.0,15:35:30,2026-09-24
sz300219,鸿利智汇,6.75,-0.21,-3.017,6.74,6.75,6.96,6.95,6.95,6.75,12364371.0,84413977.0,15:35:45,2026-09-24
sz300220,金运激光,11.21,0.08,0.719,11.21,11.24,11.13,11.14,11.33,11.01,2324400.0,26096960.0,15:35:00,2026-09-24
sz300221,银禧科技,14.25,-0.2,-1.384,14.25,14.26,14.45,14.32,14.86,14.23,28130200.0,409178217.0,15:35:15,2026-09-24
sz300222,科大智能,9.93,-0.18,-1.78,9.92,9.93,10.11,10.1,10.15,9.91,10696168.0,107229929.0,15:35:30,2026-09-24
sz300223,君正股份,140.31,-6.66,-4.532,140.31,140.32,146.97,145.06,145.8,140.01,18216792.0,2587328401.0,15:35:45,2026-09-24
sz300224,正海磁材,12.07,-0.1,-0.822,12.06,12.07,12.17,12.18,12.28,11.99,11684221.0,141637723.0,15:35:00,2026-09-24
sz300225,金力泰,8.08,-0.24,-2.885,8.08,8.09,8.32,8.34,8.34,8.06,12459300.0,101679410.0,15:35:15,2026-09-24
sz300226,上海钢联,17.33,-0.61,-3.4,17.33,17.34,17.94,17.8,18.0,17.32,7381135.0,129476411.0,15:35:30,2026-09-24
sz300227,光韵达,10.56,-0.29,-2.673,10.55,10.56,10.85,10.87,10.94,10.51,18649100.0,198854563.0,15:35:45,2026-09-24
sz300228,富瑞特装,6.58,-0.09,-1.349,6.58,6.59,6.67,6.65,6.71,6.58,6067660.0,40286313.0,15:35:00,2026-09-24
sz300229,拓尔思,12.87,-0.31,-2.352,12.86,12.87,13.18,13.16,13.25,12.82,13024010.0,169086478.0,15:35:15,2026-09-24
sz300230,永利股份,4.35,0.03,0.694,4.34,4.35,4.32,4.32,4.37,4.29,8864300.0,38555535.0,15:35:30,2026-09-24
sz300231,银信科技,8.22,-0.06,-0.725,8.21,8.22,8.28,8.3,8.32,8.18,7256256.0,59807520.0,15:35:45,2026-09-24
sz300232,洲明科技,5.3,-0.06,-1.119,5.3,5.31,5.36,5.36,5.39,5.3,8864588.0,47261413.0,15:35:00,2026-09-24
sz300233,金城医药,13.23,-0.28,-2.073,13.22,13.23,13.51,13.46,13.62,13.2,7361387.0,98112650.0,15:35:15,2026-09-24
sz300234,开尔新材,11.07,-0.7,-5.947,11.07,11.08,11.77,11.74,11.75,11.0,22661613.0,255782277.0,15:35:30,2026-09-24
sz300235,方直科技,11.95,-0.37,-3.003,11.95,11.96,12.32,12.34,12.34,11.92,6070000.0,73172823.0,15:35:45,2026-09-24
sz300236,上海新阳,87.95,-1.8,-2.006,87.94,87.95,89.75,89.64,90.58,87.75,4088571.0,363581660.0,15:35:00,2026-09-24
sz300237,ST美晨,2.27,0.02,0.889,2.27,2.28,2.25,2.27,2.29,2.25,8970400.0,20415882.0,15:35:15,2026-09-24
sz300238,冠昊生物,11.99,-0.11,-0.909,11.99,12.0,12.1,12.0,12.34,11.98,5127300.0,62081584.0,15:35:30,2026-09-24
sz300239,东宝生物,5.35,0.06,1.134,5.35,5.36,5.29,5.26,5.41,5.24,12374800.0,66365641.0,15:35:45,2026-09-24
sz300240,飞力达,6.1,0.01,0.164,6.09,6.1,6.09,6.06,6.14,6.04,4185850.0,25511656.0,15:35:00,2026-09-24
sz300241,瑞丰光电,5.71,-0.21,-3.547,5.7,5.71,5.92,5.92,5.93,5.69,15428800.0,89348857.0,15:35:15,2026-09-24
sz300242,佳云科技,3.83,-0.06,-1.542,3.83,3.84,3.89,3.88,3.92,3.82,10894700.0,42013946.0,15:35:30,2026-09-24
sz300243,瑞丰高材,23.14,-1.43,-5.82,23.14,23.15,24.57,24.71,24.8,23.1,29706692.0,701613454.0,15:35:45,2026-09-24
sz300244,迪安诊断,20.79,-0.28,-1.329,20.79,20.8,21.07,21.0,21.6,20.68,29748561.0,624758994.0,15:35:00,2026-09-24
sz300245,ST天玑,6.05,-0.09,-1.466,6.05,6.06,6.14,6.11,6.22,6.02,5309402.0,32323141.0,15:35:15,2026-09-24
sz300246,宝莱特,15.71,-0.15,-0.946,15.7,15.71,15.86,15.74,16.19,15.71,4951701.0,78632970.0,15:35:30,2026-09-24
sz300247,融捷健康,3.75,0.0,0.0,3.75,3.76,3.75,3.74,3.79,3.73,8034300.0,30167134.0,15:35:45,2026-09-24
sz300248,新开普,8.2,-0.07,-0.846,8.19,8.2,8.27,8.27,8.32,8.18,3343799.0,27512886.0,15:35:00,2026-09-24
sz300249,依米康,13.31,-0.23,-1.699,13.3,13.31,13.54,13.48,13.63,13.31,7471225.0,100481420.0,15:35:15,2026-09-24
sz300250,初灵信息,14.85,-0.34,-2.238,14.84,14.85,15.19,15.2,15.29,14.85,5892500.0,88546831.0,15:35:30,2026-09-24
sz300251,光线传媒,11.01,-0.04,-0.362,11.0,11.01,11.05,11.02,11.12,10.99,18536601.0,204592724.0,15:35:45,2026-09-24
sz300252,金信诺,12.2,-0.36,-2.866,12.2,12.21,12.56,12.51,12.61,12.19,18841510.0,232245214.0,15:35:00,2026-09-24
sz300253,卫宁健康,6.9,-0.11,-1.569,6.89,6.9,7.01,6.98,7.06,6.88,31319511.0,217769347.0,15:35:15,2026-09-24
sz300254,仟源医药,8.85,-0.14,-1.557,8.83,8.85,8.99,9.0,9.07,8.79,5836620.0,51871657.0,15:35:30,2026-09-24
sz300255,常山药业,23.11,-0.52,-2.201,23.1,23.11,23.63,23.98,24.73,23.05,26768690.0,637714939.0,15:35:45,2026-09-24
sz300256,星星科技,2.63,-0.04,-1.498,2.62,2.63,2.67,2.66,2.68,2.62,15483100.0,40931443.0,15:35:00,2026-09-24
sz300257,开山股份,18.65,-0.8,-4.113,18.64,18.65,19.45,19.32,19.44,18.58,7760811.0,146406595.0,15:35:15,2026-09-24
sz300258,精锻科技,8.95,0.06,0.675,8.94,8.95,8.89,8.86,9.11,8.83,8367200.0,75359375.0,15:35:30,2026-09-24
sz300259,新天科技,4.33,-0.17,-3.778,4.32,4.33,4.5,4.43,4.56,4.27,69309362.0,302534428.0,15:35:45,2026-09-24
sz300260,新莱应材,62.0,-2.05,-3.201,61.99,62.0,64.05,63.9,64.17,61.94,10919790.0,685618666.0,15:35:00,2026-09-24
sz300261,雅本化学,4.83,-0.05,-1.025,4.82,4.83,4.88,4.89,4.91,4.8,7163906.0,34734857.0,15:35:15,2026-09-24
sz300263,隆华科技,10.64,-0.25,-2.296,10.64,10.65,10.89,10.88,11.11,10.61,35246656.0,381124728.0,15:35:30,2026-09-24
sz300264,佳创视讯,6.2,0.1,1.639,6.2,6.21,6.1,6.07,6.53,6.02,26701355.0,167489174.0,15:35:45,2026-09-24
sz300265,通光线缆,12.91,-0.41,-3.078,12.9,12.91,13.32,13.21,13.28,12.88,16259584.0,211636787.0,15:35:00,2026-09-24
sz300266,兴源环境,1.85,0.0,0.0,1.85,1.86,1.85,1.85,1.87,1.82,18466350.0,34103552.0,15:35:15,2026-09-24
sz300267,尔康制药,3.19,-0.13,-3.916,3.18,3.19,3.32,3.34,3.34,3.18,33147600.0,107351245.0,15:35:30,2026-09-24
sz300268,佳沃食品,12.0,0.0,0.0,12.0,12.03,12.0,11.97,12.2,11.93,1528300.0,18399225.0,15:35:45,2026-09-24
sz300269,联建光电,4.54,-0.03,-0.656,4.53,4.54,4.57,4.55,4.62,4.5,10862400.0,49491156.0,15:35:00,2026-09-24
sz300270,中威电子,10.25,-0.15,-1.442,10.25,10.26,10.4,10.4,10.5,10.23,4680500.0,48359497.0,15:35:15,2026-09-24
sz300271,华宇软件,5.69,-0.12,-2.065,5.69,5.7,5.81,5.76,5.82,5.68,11372482.0,65343867.0,15:35:30,2026-09-24
sz300272,开能健康,5.85,0.05,0.862,5.84,5.85,5.8,5.78,6.03,5.73,8041500.0,47403486.0,15:35:45,2026-09-24
sz300274,阳光电源,84.21,-2.62,-3.017,84.2,84.21,86.83,86.4,86.58,84.08,34245279.0,2912066837.0,15:35:00,2026-09-24
sz300275,梅安森,8.96,-0.04,-0.444,8.96,8.97,9.0,8.99,9.13,8.92,2676280.0,24150193.0,15:35:15,2026-09-24
sz300276,三丰智能,5.9,-0.05,-0.84,5.9,5.91,5.95,5.94,6.04,5.9,13975973.0,83397153.0,15:35:30,2026-09-24
sz300277,汽轮科技,12.92,-0.22,-1.674,12.91,12.92,13.14,13.07,13.14,12.9,10621186.0,138046431.0,15:35:45,2026-09-24
sz300278,华昌达,3.58,-0.01,-0.279,3.58,3.59,3.59,3.59,3.64,3.56,11826769.0,42498931.0,15:35:00,2026-09-24
sz300279,和晶科技,6.11,0.16,2.689,6.11,6.12,5.95,5.95,6.19,5.91,18853900.0,114752427.0,15:35:15,2026-09-24
sz300281,金明精机,7.13,-0.07,-0.972,7.12,7.13,7.2,7.18,7.25,7.09,7246700.0,51828831.0,15:35:30,2026-09-24
sz300283,温州宏丰,14.45,-0.1,-0.687,14.45,14.46,14.55,14.38,14.8,14.09,40942000.0,589803054.0,15:35:45,2026-09-24
sz300284,苏交科,5.06,-0.08,-1.556,5.06,5.08,5.14,5.12,5.15,5.06,7200380.0,36653338.0,15:35:00,2026-09-24
sz300285,国瓷材料,70.0,1.0,1.449,70.0,70.01,69.0,73.91,75.4,69.9,136987974.0,9868533320.0,15:35:15,2026-09-24
sz300286,安科瑞,19.57,0.01,0.051,19.57,19.58,19.56,19.66,19.87,19.41,3401150.0,66940017.0,15:35:30,2026-09-24
sz300287,飞利信,3.56,-0.16,-4.301,3.56,3.57,3.72,3.71,3.72,3.56,33173900.0,119643321.0,15:35:45,2026-09-24
sz300288,朗玛信息,9.7,-0.07,-0.716,9.69,9.7,9.77,9.76,9.85,9.67,2463615.0,23998737.0,15:35:00,2026-09-24
sz300289,利德曼,5.94,-0.02,-0.336,5.94,5.95,5.96,5.96,6.04,5.89,5514500.0,32844717.0,15:35:15,2026-09-24
sz300290,ST荣科,7.21,-0.31,-4.122,7.21,7.22,7.52,7.35,7.56,7.14,32184500.0,236055183.0,15:35:30,2026-09-24
sz300291,百纳千成,5.78,-0.19,-3.183,5.77,5.78,5.97,5.92,6.02,5.71,74110508.0,430977902.0,15:35:45,2026-09-24
sz300292,吴通控股,4.5,-0.01,-0.222,4.5,4.51,4.51,4.5,4.54,4.47,31227857.0,140705190.0,15:35:00,2026-09-24
sz300293,蓝英装备,14.4,-0.28,-1.907,14.4,14.41,14.68,14.81,14.81,14.4,1835100.0,26664686.0,15:35:15,2026-09-24
sz300294,博雅生物,14.45,-0.27,-1.834,14.45,14.46,14.72,14.72,14.85,14.45,3536400.0,51598854.0,15:35:30,2026-09-24
sz300295,*ST三六,11.7,-0.27,-2.256,11.7,11.71,11.97,11.85,12.06,11.7,2099900.0,24821379.0,15:35:45,2026-09-24
sz300296,利亚德,4.8,-0.11,-2.24,4.8,4.81,4.91,4.88,4.91,4.8,27541100.0,133339855.0,15:35:00,2026-09-24
sz300298,三诺生物,16.15,-0.19,-1.163,16.15,16.19,16.34,16.3,16.47,16.14,3748875.0,60995271.0,15:35:15,2026-09-24
sz300299,富春股份,5.42,0.06,1.119,5.41,5.42,5.36,5.35,5.44,5.32,13555803.0,72879293.0,15:35:30,2026-09-24
sz300300,海峡创新,10.81,1.8,19.978,10.81,0.0,9.01,8.9,10.81,8.83,161742513.0,1604221029.0,15:35:45,2026-09-24
sz300301,ST长方,3.6,0.17,4.956,3.59,3.6,3.43,3.42,3.7,3.39,19882500.0,70481867.0,15:35:00,2026-09-24
sz300302,同有科技,28.25,-0.98,-3.353,28.24,28.25,29.23,28.73,29.1,28.25,13561362.0,386815381.0,15:35:15,2026-09-24
sz300303,聚飞光电,6.7,-0.26,-3.736,6.69,6.7,6.96,6.95,6.95,6.7,31433600.0,213667385.0,15:35:30,2026-09-24
sz300304,云意电气,12.13,0.04,0.331,12.12,12.13,12.09,12.06,12.45,11.91,22798780.0,277568433.0,15:35:45,2026-09-24
sz300305,裕兴股份,7.16,0.4,5.917,7.15,7.16,6.76,6.79,7.69,6.68,41611300.0,299403694.0,15:35:00,2026-09-24
sz300306,远方信息,10.54,0.11,1.055,10.51,10.54,10.43,10.41,10.62,10.4,2259100.0,23822863.0,15:35:15,2026-09-24
sz300307,慈星股份,7.23,-0.07,-0.959,7.23,7.24,7.3,7.28,7.34,7.22,8555600.0,62193160.0,15:35:30,2026-09-24
sz300308,中际旭创,895.86,-26.64,-2.888,895.85,895.86,922.5,918.51,936.58,895.86,18486628.0,16868775638.0,15:35:45,2026-09-24
sz300310,宜通世纪,4.23,-0.09,-2.083,4.23,4.24,4.32,4.3,4.33,4.22,13147756.0,56020613.0,15:35:00,2026-09-24
sz300311,任子行,5.82,-0.09,-1.523,5.81,5.82,5.91,5.91,5.94,5.76,34475300.0,200355741.0,15:35:15,2026-09-24
sz300313,天山生物,12.37,-0.64,-4.919,12.37,12.38,13.01,13.27,13.3,12.33,16395202.0,206848701.0,15:35:30,2026-09-24
sz300314,戴维医疗,12.85,0.23,1.823,12.85,12.86,12.62,12.75,12.92,12.35,10498102.0,133050906.0,15:35:45,2026-09-24
sz300315,掌趣科技,3.96,-0.03,-0.752,3.95,3.96,3.99,3.99,4.02,3.93,33311330.0,132229984.0,15:35:00,2026-09-24
sz300316,晶盛机电,40.7,-1.6,-3.783,40.7,40.74,42.3,42.3,42.31,40.6,8933230.0,367826175.0,15:35:15,2026-09-24
sz300317,珈伟新能,3.98,0.01,0.252,3.97,3.98,3.97,3.95,4.01,3.94,26466084.0,105079810.0,15:35:30,2026-09-24
sz300318,博晖创新,5.17,-0.06,-1.147,5.17,5.18,5.23,5.26,5.3,5.16,8712940.0,45426312.0,15:35:45,2026-09-24
sz300319,麦捷科技,20.54,-1.0,-4.643,20.54,20.55,21.54,21.23,21.93,20.5,79755497.0,1674228190.0,15:35:00,2026-09-24
sz300320,海达股份,8.36,0.04,0.481,8.35,8.36,8.32,8.36,8.53,8.31,4701413.0,39489660.0,15:35:15,2026-09-24
sz300321,同大股份,34.43,-1.78,-4.916,34.43,34.45,36.21,36.21,36.22,34.33,3076300.0,107458092.0,15:35:30,2026-09-24
sz300322,硕贝德,17.73,-0.84,-4.523,17.73,17.74,18.57,18.58,18.75,17.7,20598056.0,372536114.0,15:35:45,2026-09-24
sz300323,华灿光电,11.56,-0.43,-3.586,11.55,11.56,11.99,11.86,11.98,11.49,41625144.0,486475325.0,15:35:00,2026-09-24
sz300324,旋极信息,3.84,-0.11,-2.785,3.84,3.85,3.95,3.89,3.96,3.81,102117364.0,394934982.0,15:35:15,2026-09-24
sz300326,ST凯利,6.24,-0.07,-1.109,6.23,6.24,6.31,6.29,6.3,6.21,3994300.0,24962573.0,15:35:30,2026-09-24
sz300327,中颖电子,26.09,-0.64,-2.394,26.08,26.09,26.73,26.53,26.67,25.9,16698855.0,436415616.0,15:35:45,2026-09-24
sz300328,宜安科技,12.99,-0.52,-3.849,12.98,12.99,13.51,13.41,13.45,12.95,22758801.0,299701397.0,15:35:00,2026-09-24
sz300329,海伦钢琴,11.77,-0.13,-1.092,11.77,11.79,11.9,11.88,11.97,11.76,1154000.0,13687517.0,15:35:15,2026-09-24
sz300331,苏大维格,47.31,-1.88,-3.822,47.31,47.33,49.19,48.85,49.24,47.07,6368324.0,306397063.0,15:35:30,2026-09-24
sz300332,天壕能源,4.82,-0.02,-0.413,4.81,4.82,4.84,4.85,4.88,4.77,11814900.0,57001936.0,15:35:45,2026-09-24
sz300333,兆日科技,11.6,-0.13,-1.108,11.59,11.6,11.73,11.61,11.78,11.39,18608726.0,215095237.0,15:35:00,2026-09-24
sz300334,津膜科技,8.6,0.07,0.821,8.58,8.6,8.53,8.53,8.76,8.43,7816000.0,67330142.0,15:35:15,2026-09-24
sz300335,迪森股份,5.44,0.0,0.0,5.43,5.44,5.44,5.42,5.5,5.4,6712200.0,36563601.0,15:35:30,2026-09-24
sz300337,银邦股份,9.09,-0.1,-1.088,9.09,9.1,9.19,9.16,9.29,9.07,9758900.0,89478308.0,15:35:45,2026-09-24
sz300338,*ST开元,2.82,-0.06,-2.083,2.81,2.82,2.88,2.86,2.86,2.67,14545300.0,40174495.0,15:35:00,2026-09-24
sz300339,润和软件,33.9,-0.46,-1.339,33.89,33.9,34.36,34.16,34.56,33.9,7942544.0,271280281.0,15:35:15,2026-09-24
sz300340,科恒股份,8.55,-0.1,-1.156,8.55,8.57,8.65,8.65,8.71,8.51,3073774.0,26404460.0,15:35:30,2026-09-24
sz300341,麦克奥迪,12.96,-0.09,-0.69,12.95,12.96,13.05,13.08,13.13,12.94,2850500.0,37109061.0,15:35:45,2026-09-24
sz300342,天银机电,31.74,0.29,0.922,31.73,31.74,31.45,31.36,33.08,31.34,25734920.0,831033666.0,15:35:00,2026-09-24
sz300343,联创股份,5.33,-0.03,-0.56,5.33,5.34,5.36,5.33,5.37,5.32,5796962.0,30949446.0,15:35:15,2026-09-24
sz300345,华民股份,7.15,-0.54,-7.022,7.14,7.15,7.69,7.7,7.72,7.09,32877600.0,241299850.0,15:35:30,2026-09-24
sz300346,南大光电,54.4,-1.28,-2.299,54.4,54.41,55.68,55.49,56.04,54.4,19880253.0,1094849379.0,15:35:45,2026-09-24
sz300347,泰格医药,56.81,-1.69,-2.889,56.81,56.84,58.5,57.92,58.7,56.79,7923318.0,455909648.0,15:35:00,2026-09-24
sz300348,长亮科技,9.24,-0.23,-2.429,9.23,9.24,9.47,9.42,9.47,9.21,9369019.0,87038523.0,15:35:15,2026-09-24
sz300349,金卡智能,10.33,-0.31,-2.914,10.33,10.34,10.64,10.6,10.82,10.33,8168259.0,85600652.0,15:35:30,2026-09-24
sz300350,华鹏飞,4.62,-0.02,-0.431,4.62,4.63,4.64,4.66,4.76,4.53,26484300.0,122845999.0,15:35:45,2026-09-24
sz300351,永贵电器,13.88,-0.22,-1.56,13.88,13.89,14.1,14.05,14.22,13.88,3589751.0,50339023.0,15:35:00,2026-09-24
sz300352,ST信源,3.08,0.08,2.667,3.07,3.08,3.0,2.97,3.09,2.92,33855770.0,102956327.0,15:35:15,2026-09-24
sz300353,东土科技,16.86,-0.03,-0.178,16.85,16.86,16.89,16.9,17.3,16.72,8603000.0,146261036.0,15:35:30,2026-09-24
sz300354,东华测试,27.56,-0.36,-1.289,27.56,27.58,27.92,27.69,28.3,27.47,875400.0,24325906.0,15:35:45,2026-09-24
sz300355,蒙草生态,2.75,-0.02,-0.722,2.75,2.76,2.77,2.77,2.79,2.74,12090016.0,33391615.0,15:35:00,2026-09-24
sz300357,我武生物,19.95,-0.44,-2.158,19.94,19.95,20.39,20.29,20.69,19.92,7180360.0,145147383.0,15:35:15,2026-09-24
sz300358,楚天科技,9.59,-0.11,-1.134,9.59,9.6,9.7,9.69,9.9,9.54,48815723.0,473114637.0,15:35:30,2026-09-24
sz300359,全通教育,4.15,0.09,2.217,4.14,4.15,4.06,4.05,4.25,4.03,20286000.0,83900108.0,15:35:45,2026-09-24
sz300360,炬华科技,11.12,-0.09,-0.803,11.12,11.16,11.21,11.2,11.28,11.11,2942500.0,32887073.0,15:35:00,2026-09-24
sz300363,博腾股份,23.83,-1.42,-5.624,23.83,23.84,25.25,25.19,25.2,23.82,21995073.0,536207424.0,15:35:15,2026-09-24
sz300364,中文在线,24.48,0.02,0.082,24.48,24.49,24.46,24.59,26.1,24.41,59563419.0,1497739276.0,15:35:30,2026-09-24
sz300365,恒华科技,4.52,0.0,0.0,4.51,4.52,4.52,4.52,4.54,4.47,7599100.0,34267131.0,15:35:45,2026-09-24
sz300366,ST创意,5.45,-0.08,-1.447,5.45,5.46,5.53,5.53,5.56,5.45,3662100.0,20132217.0,15:35:00,2026-09-24
sz300368,汇金股份,9.37,-0.19,-1.987,9.37,9.38,9.56,9.46,9.63,9.34,34128500.0,323349274.0,15:35:15,2026-09-24
sz300369,绿盟科技,8.85,-0.42,-4.531,8.85,8.86,9.27,9.31,9.44,8.79,50164617.0,450993768.0,15:35:30,2026-09-24
sz300370,安控科技,2.14,-0.02,-0.926,2.13,2.14,2.16,2.16,2.17,2.12,20266799.0,43403098.0,15:35:45,2026-09-24
sz300371,汇中股份,10.2,-0.01,-0.098,10.18,10.2,10.21,10.21,10.3,10.07,1829400.0,18703955.0,15:35:00,2026-09-24
sz300373,扬杰科技,88.13,-3.26,-3.567,88.13,88.14,91.39,90.5,91.34,88.13,8872370.0,795085839.0,15:35:15,2026-09-24
sz300374,中铁装配,10.05,0.09,0.904,10.04,10.05,9.96,10.06,10.16,9.95,4197640.0,42191807.0,15:35:30,2026-09-24
sz300375,鹏翎股份,4.07,-0.03,-0.732,4.07,4.08,4.1,4.09,4.14,4.07,4947100.0,20274164.0,15:35:45,2026-09-24
sz300376,易事特,4.13,-0.05,-1.196,4.12,4.13,4.18,4.17,4.2,4.11,11154039.0,46342190.0,15:35:00,2026-09-24
sz300377,赢时胜,13.78,-0.31,-2.2,13.78,13.79,14.09,13.96,14.07,13.75,12286699.0,170499057.0,15:35:15,2026-09-24
sz300378,鼎捷数智,37.66,-1.23,-3.163,37.66,37.67,38.89,38.46,38.88,37.62,10486447.0,399441612.0,15:35:30,2026-09-24
sz300380,安硕信息,28.08,-0.44,-1.543,28.05,28.08,28.52,28.42,28.42,27.97,1171800.0,32983004.0,15:35:45,2026-09-24
sz300381,溢多利,5.68,-0.12,-2.069,5.67,5.68,5.8,5.78,5.92,5.66,8336502.0,48091681.0,15:35:00,2026-09-24
sz300382,斯莱克,15.69,-0.18,-1.134,15.69,15.7,15.87,15.82,16.5,15.6,21283415.0,340841284.0,15:35:15,2026-09-24
sz300383,光环新网,11.07,-0.13,-1.161,11.07,11.08,11.2,11.14,11.26,11.01,24226913.0,270386260.0,15:35:30,2026-09-24
sz300384,三联虹普,12.24,0.34,2.857,12.24,12.25,11.9,12.14,12.54,11.85,6652748.0,81973674.0,15:35:45,2026-09-24
sz300385,ST雪浪,13.36,-0.21,-1.548,13.36,13.38,13.57,13.57,13.77,13.36,3569800.0,48289897.0,15:35:00,2026-09-24
sz300386,飞天诚信,10.73,-0.2,-1.83,10.73,10.74,10.93,10.94,11.0,10.71,3897589.0,42128571.0,15:35:15,2026-09-24
sz300387,富邦科技,7.38,-0.02,-0.27,7.38,7.39,7.4,7.4,7.47,7.35,4070904.0,30079320.0,15:35:30,2026-09-24
sz300388,节能国祯,6.68,-0.05,-0.743,6.68,6.69,6.73,6.74,6.75,6.67,2061018.0,13821308.0,15:35:45,2026-09-24
sz300389,艾比森,13.08,-0.22,-1.654,13.08,13.09,13.3,13.24,13.34,13.05,3060900.0,40336457.0,15:35:00,2026-09-24
sz300390,天华新能,50.49,-2.27,-4.303,50.49,50.5,52.76,52.7,52.7,50.01,18893024.0,967156187.0,15:35:15,2026-09-24
sz300393,中来股份,5.98,-0.13,-2.128,5.97,5.98,6.11,6.1,6.15,5.96,12149600.0,73263848.0,15:35:30,2026-09-24
sz300394,天孚通信,267.93,-7.47,-2.712,267.93,267.94,275.4,273.22,274.67,265.22,22060480.0,5943596823.0,15:35:45,2026-09-24
sz300395,菲利华,95.56,-2.9,-2.945,95.56,95.57,98.46,98.46,99.97,94.8,16729124.0,1618207921.0,15:35:00,2026-09-24
sz300396,ST迪瑞,7.05,-0.08,-1.122,7.05,7.07,7.13,7.13,7.14,7.04,1153200.0,8172867.0,15:35:15,2026-09-24
sz300397,天和防务,12.12,-0.32,-2.572,12.12,12.13,12.44,12.66,12.98,12.07,64801955.0,814714756.0,15:35:30,2026-09-24
sz300398,飞凯材料,37.77,-1.37,-3.5,37.77,37.78,39.14,38.78,39.0,37.68,23404421.0,892169469.0,15:35:45,2026-09-24
sz300399,天利科技,19.3,-0.24,-1.228,19.29,19.3,19.54,19.5,19.8,19.23,2955535.0,57498543.0,15:35:00,2026-09-24
sz300400,劲拓股份,34.92,-0.91,-2.54,34.91,34.92,35.83,35.7,36.36,34.84,8083600.0,286172597.0,15:35:15,2026-09-24
sz300401,花园生物,15.96,-0.68,-4.087,15.95,15.96,16.64,16.61,16.62,15.86,20526978.0,331781088.0,15:35:30,2026-09-24
sz300402,宝色股份,14.79,0.04,0.271,14.79,14.8,14.75,14.7,15.25,14.7,2228400.0,33293893.0,15:35:45,2026-09-24
sz300403,汉宇集团,8.93,0.17,1.941,8.92,8.93,8.76,8.76,8.95,8.7,9220489.0,81727585.0,15:35:00,2026-09-24
sz300404,博济医药,14.44,-0.73,-4.812,14.43,14.44,15.17,14.68,15.1,14.44,52039447.0,763534544.0,15:35:15,2026-09-24
sz300405,科隆股份,5.8,0.04,0.694,5.8,5.81,5.76,5.76,5.85,5.7,6662900.0,38645143.0,15:35:30,2026-09-24
sz300406,九强生物,11.72,-0.13,-1.097,11.72,11.77,11.85,11.8,11.94,11.71,4518717.0,53421293.0,15:35:45,2026-09-24
sz300407,凯发电气,10.58,0.0,0.0,10.57,10.58,10.58,10.57,10.74,10.4,5077600.0,53753370.0,15:35:00,2026-09-24
sz300408,三环集团,123.31,-7.09,-5.437,123.3,123.31,130.4,129.51,131.45,122.82,44414874.0,5572554078.0,15:35:15,2026-09-24
sz300409,道氏技术,17.19,-0.53,-2.991,17.19,17.2,17.72,17.62,17.88,17.17,14959375.0,261628292.0,15:35:30,2026-09-24
sz300410,正业科技,8.79,-0.2,-2.225,8.79,8.8,8.99,8.99,9.24,8.76,22664082.0,203035956.0,15:35:45,2026-09-24
sz300411,金盾股份,8.5,0.29,3.532,8.49,8.5,8.21,8.27,8.76,8.21,18894878.0,162058408.0,15:35:00,2026-09-24
sz300412,迦南科技,4.5,-0.02,-0.442,4.5,4.51,4.52,4.57,4.57,4.49,7294970.0,32959347.0,15:35:15,2026-09-24
sz300413,芒果超媒,19.0,-0.33,-1.707,19.0,19.01,19.33,19.11,19.63,18.83,46521416.0,890769882.0,15:35:30,2026-09-24
sz300414,中光防雷,10.97,-0.19,-1.703,10.96,10.97,11.16,11.12,11.23,10.93,5483474.0,60583456.0,15:35:45,2026-09-24
sz300415,伊之密,18.95,-0.2,-1.044,18.92,18.95,19.15,19.13,19.27,18.8,4958600.0,94069595.0,15:35:00,2026-09-24
sz300416,苏试试验,14.22,-0.19,-1.319,14.21,14.22,14.41,14.35,14.54,14.17,8466693.0,121140753.0,15:35:15,2026-09-24
sz300417,南华仪器,12.23,0.18,1.494,12.23,12.24,12.05,11.97,12.32,11.95,3526840.0,43075276.0,15:35:30,2026-09-24
sz300418,昆仑万维,41.76,-1.12,-2.612,41.75,41.76,42.88,42.5,43.1,41.76,34161866.0,1441981475.0,15:35:45,2026-09-24
sz300419,ST浩丰,7.44,-0.14,-1.847,7.44,7.45,7.58,7.51,7.83,7.4,7072800.0,53517383.0,15:35:00,2026-09-24
sz300420,五洋自控,7.92,-0.18,-2.222,7.9,7.92,8.1,8.0,8.11,7.85,46065898.0,366180440.0,15:35:15,2026-09-24
sz300421,力星股份,17.3,-0.19,-1.086,17.3,17.32,17.49,17.31,17.79,17.17,4761244.0,83549141.0,15:35:30,2026-09-24
sz300422,博世科,4.06,0.04,0.995,4.05,4.06,4.02,4.03,4.08,3.98,6665000.0,26967195.0,15:35:45,2026-09-24
sz300423,昇辉科技,5.41,-0.03,-0.551,5.41,5.43,5.44,5.45,5.53,5.38,9279000.0,50470859.0,15:35:00,2026-09-24
sz300424,航新科技,13.52,-0.22,-1.601,13.52,13.53,13.74,13.75,13.85,13.52,10820126.0,147742365.0,15:35:15,2026-09-24
sz300425,中建环能,4.05,0.05,1.25,4.05,4.06,4.0,4.0,4.19,3.97,14121131.0,57524869.0,15:35:30,2026-09-24
sz300426,华智数媒,7.85,-0.24,-2.967,7.85,7.86,8.09,8.02,8.17,7.81,19381700.0,153633568.0,15:35:45,2026-09-24
sz300427,红相股份,6.46,0.15,2.377,6.46,6.47,6.31,6.25,6.54,6.11,60745287.0,383222857.0,15:35:00,2026-09-24
sz300428,立中集团,19.38,-0.13,-0.666,19.36,19.38,19.51,19.48,19.67,19.27,3886745.0,75627102.0,15:35:15,2026-09-24
sz300429,强力新材,11.51,-0.17,-1.455,11.51,11.52,11.68,11.57,11.85,11.5,12308716.0,143422495.0,15:35:30,2026-09-24
sz300430,*ST益通,4.59,-0.04,-0.864,4.59,4.6,4.63,4.63,4.76,4.59,10733400.0,50044590.0,15:35:45,2026-09-24
sz300432,富临精工,13.06,-0.19,-1.434,13.06,13.07,13.25,13.3,13.42,13.04,23274579.0,306641903.0,15:35:00,2026-09-24
sz300433,蓝思科技,32.87,-1.17,-3.437,32.86,32.87,34.04,33.73,33.85,32.87,51913067.0,1723282607.0,15:35:15,2026-09-24
sz300434,金石亚药,12.41,-0.17,-1.351,12.41,12.42,12.58,12.84,12.9,12.35,31639212.0,397532210.0,15:35:30,2026-09-24
sz300435,中泰股份,16.24,-0.23,-1.396,16.23,16.24,16.47,16.4,16.52,16.22,5657447.0,92414599.0,15:35:45,2026-09-24
sz300436,广生堂,84.68,-2.4,-2.756,84.66,84.68,87.08,86.08,86.86,84.68,2126884.0,181726904.0,15:35:00,2026-09-24
sz300437,清水源,10.73,-0.1,-0.923,10.7,10.73,10.83,10.83,10.98,10.69,3719800.0,40090953.0,15:35:15,2026-09-24
sz300438,鹏辉能源,48.9,-1.53,-3.034,48.9,48.92,50.43,50.43,50.68,48.88,13175209.0,652479505.0,15:35:30,2026-09-24
sz300439,美康生物,10.33,0.27,2.684,10.32,10.33,10.06,10.1,10.38,10.05,8418600.0,86758045.0,15:35:45,2026-09-24
sz300440,运达科技,17.13,-0.4,-2.282,17.13,17.14,17.53,17.45,17.68,17.11,5559400.0,96374966.0,15:35:00,2026-09-24
sz300441,鲍斯股份,7.14,0.05,0.705,7.14,7.15,7.09,7.07,7.21,7.06,5678700.0,40635593.0,15:35:15,2026-09-24
sz300442,润泽科技,68.01,1.27,1.903,68.0,68.01,66.74,66.37,68.52,66.07,32563068.0,2208720787.0,15:35:30,2026-09-24
sz300443,金雷股份,19.95,0.39,1.994,19.95,19.96,19.56,19.45,20.09,19.42,8887864.0,176912822.0,15:35:45,2026-09-24
sz300444,双杰电气,8.64,-0.13,-1.482,8.64,8.65,8.77,8.92,8.92,8.61,14000800.0,121634421.0,15:35:00,2026-09-24
sz300445,康斯特,19.05,-0.16,-0.833,19.05,19.06,19.21,19.19,19.26,18.99,1926040.0,36814857.0,15:35:15,2026-09-24
sz300446,航天智造,12.67,-0.2,-1.554,12.67,12.68,12.87,12.86,12.96,12.65,4388100.0,56097787.0,15:35:30,2026-09-24
sz300447,全信股份,14.06,-0.02,-0.142,14.05,14.06,14.08,14.01,14.28,14.0,3286900.0,46430390.0,15:35:45,2026-09-24
sz300448,浩云科技,5.58,-0.06,-1.064,5.57,5.58,5.64,5.6,5.88,5.57,20924500.0,119467920.0,15:35:00,2026-09-24
sz300449,汉邦高科,6.73,0.06,0.9,6.73,6.74,6.67,6.69,6.84,6.62,8185905.0,55211753.0,15:35:15,2026-09-24
sz300450,先导智能,32.11,-0.3,-0.926,32.1,32.11,32.41,32.35,33.07,32.06,25656047.0,832870469.0,15:35:30,2026-09-24
sz300451,创业慧康,3.45,-0.03,-0.862,3.44,3.45,3.48,3.48,3.51,3.44,21125557.0,73225342.0,15:35:45,2026-09-24
sz300452,山河药辅,13.12,-0.16,-1.205,13.11,13.12,13.28,13.26,13.36,13.04,2823890.0,37146089.0,15:35:00,2026-09-24
sz300453,三鑫医疗,9.02,-0.06,-0.661,9.01,9.02,9.08,9.1,9.1,8.95,3571900.0,32202612.0,15:35:15,2026-09-24
sz300454,深信服,141.99,-4.44,-3.032,141.99,142.0,146.43,147.97,148.0,141.86,8608585.0,1238967531.0,15:35:30,2026-09-24
sz300455,航天智装,16.94,-0.06,-0.353,16.93,16.94,17.0,17.07,17.28,16.81,5127000.0,87342025.0,15:35:45,2026-09-24
sz300456,赛微电子,37.54,-1.46,-3.744,37.53,37.54,39.0,38.7,38.88,37.5,26054458.0,988751124.0,15:35:00,2026-09-24
sz300457,赢合科技,20.87,-0.38,-1.788,20.86,20.87,21.25,21.15,21.45,20.81,7867532.0,165789646.0,15:35:15,2026-09-24
sz300458,全志科技,33.41,-0.36,-1.066,33.41,33.42,33.77,33.75,34.29,33.39,30155941.0,1018141731.0,15:35:30,2026-09-24
sz300459,汤姆猫,3.49,-0.06,-1.69,3.49,3.5,3.55,3.54,3.57,3.47,59147730.0,207708630.0,15:35:45,2026-09-24
sz300460,ST惠伦,9.06,-0.07,-0.767,9.06,9.07,9.13,9.14,9.18,8.96,3942200.0,35646746.0,15:35:00,2026-09-24
sz300461,田中精机,35.95,-0.27,-0.745,35.89,35.95,36.22,36.19,37.2,35.15,6371951.0,230898650.0,15:35:15,2026-09-24
sz300462,ST华铭,11.49,-0.13,-1.119,11.49,11.55,11.62,11.64,11.87,11.43,1786399.0,20786220.0,15:35:30,2026-09-24
sz300463,迈克生物,9.3,-0.1,-1.064,9.29,9.3,9.4,9.38,9.46,9.28,3738340.0,34973984.0,15:35:45,2026-09-24
sz300464,星徽股份,11.44,-0.56,-4.667,11.43,11.44,12.0,12.03,12.03,11.1,35750600.0,408099830.0,15:35:00,2026-09-24
sz300465,高伟达,11.13,-0.18,-1.592,11.12,11.13,11.31,11.3,11.34,11.06,6017000.0,67293439.0,15:35:15,2026-09-24
sz300466,赛摩智能,7.13,0.0,0.0,7.13,7.14,7.13,7.13,7.2,7.11,3199830.0,22883366.0,15:35:30,2026-09-24
sz300467,迅游科技,32.68,-0.77,-2.302,32.68,32.69,33.45,33.5,33.65,32.61,1998000.0,65930876.0,15:35:45,2026-09-24
sz300468,四方精创,21.22,-0.71,-3.238,21.22,21.23,21.93,21.87,21.89,21.21,20971639.0,449817276.0,15:35:00,2026-09-24
sz300469,信息发展,48.89,-1.74,-3.437,48.88,48.89,50.63,49.96,50.63,48.7,4071027.0,200846366.0,15:35:15,2026-09-24
sz300470,中密控股,27.62,-0.33,-1.181,27.6,27.62,27.95,27.78,27.98,27.54,978700.0,27149209.0,15:35:30,2026-09-24
sz300471,厚普股份,9.97,0.0,0.0,9.96,9.97,9.97,9.93,10.07,9.9,3467262.0,34647311.0,15:35:45,2026-09-24
sz300472,ST新元,6.87,-0.05,-0.723,6.86,6.87,6.92,6.88,7.07,6.85,2409600.0,16725896.0,15:35:00,2026-09-24
sz300473,德尔股份,36.36,-0.07,-0.192,36.36,36.39,36.43,36.43,37.17,35.56,10938000.0,400184637.0,15:35:15,2026-09-24
sz300474,景嘉微,52.58,-0.7,-1.314,52.58,52.59,53.28,53.28,53.4,51.4,10282951.0,539535723.0,15:35:30,2026-09-24
sz300475,香农芯创,172.87,-6.16,-3.441,172.87,172.88,179.03,179.03,180.06,172.76,15091546.0,2645197314.0,15:35:45,2026-09-24
sz300476,胜宏科技,232.69,-11.61,-4.752,232.68,232.69,244.3,241.0,242.6,232.61,25495516.0,6013160907.0,15:35:00,2026-09-24
sz300477,ST合纵,2.64,-0.04,-1.493,2.64,2.65,2.68,2.68,2.69,2.64,11833400.0,31491525.0,15:35:15,2026-09-24
sz300478,杭州高新,34.77,-1.49,-4.109,34.77,34.78,36.26,36.26,36.51,34.69,3770870.0,133278365.0,15:35:30,2026-09-24
sz300479,神思电子,14.76,-0.11,-0.74,14.75,14.76,14.87,14.82,14.96,14.73,1905700.0,28262330.0,15:35:45,2026-09-24
sz300480,光力科技,32.15,-0.79,-2.398,32.13,32.15,32.94,32.64,33.39,32.07,6720090.0,218870870.0,15:35:00,2026-09-24
sz300481,濮阳惠成,14.04,-0.27,-1.887,14.04,14.05,14.31,14.2,14.3,14.04,5711630.0,80706623.0,15:35:15,2026-09-24
sz300482,万孚生物,16.41,-0.18,-1.085,16.41,16.42,16.59,16.5,16.75,16.41,4404800.0,72951973.0,15:35:30,2026-09-24
sz300483,首华燃气,23.14,-0.36,-1.532,23.14,23.15,23.5,23.55,23.66,22.7,9361064.0,216512621.0,15:35:45,2026-09-24
sz300484,蓝海华腾,12.85,-0.01,-0.078,12.85,12.86,12.86,12.89,12.99,12.82,1803700.0,23242947.0,15:35:00,2026-09-24
sz300485,赛升药业,8.51,-0.19,-2.184,8.5,8.51,8.7,8.71,8.74,8.47,3936100.0,33746940.0,15:35:15,2026-09-24
sz300486,东杰智能,17.83,0.03,0.169,17.83,17.84,17.8,17.73,18.08,17.72,4039800.0,72436373.0,15:35:30,2026-09-24
sz300487,蓝晓科技,68.71,-1.69,-2.401,68.7,68.73,70.4,70.0,70.48,68.6,3075603.0,213233876.0,15:35:45,2026-09-24
sz300488,恒锋工具,37.51,-0.64,-1.678,37.51,37.6,38.15,38.82,39.0,37.33,5287442.0,200950161.0,15:35:00,2026-09-24
sz300489,光智科技,271.15,7.13,2.701,271.13,271.15,264.02,264.8,288.88,263.0,15038900.0,4130208574.0,15:35:15,2026-09-24
sz300490,华自科技,10.59,-0.19,-1.763,10.59,10.6,10.78,10.74,10.79,10.59,6407680.0,68368126.0,15:35:30,2026-09-24
sz300491,通合科技,38.32,1.2,3.233,38.3,38.32,37.12,36.62,39.4,36.4,15292277.0,591070794.0,15:35:45,2026-09-24
sz300492,华图山鼎,21.96,0.1,0.457,21.95,21.96,21.86,21.77,22.23,21.61,2756072.0,60286474.0,15:35:00,2026-09-24
sz300493,润欣科技,13.14,-0.14,-1.054,13.14,13.15,13.28,13.25,13.39,13.12,8081803.0,107034979.0,15:35:15,2026-09-24
sz300494,盛天网络,7.94,-0.11,-1.366,7.94,7.95,8.05,8.02,8.09,7.93,3786100.0,30248908.0,15:35:30,2026-09-24
sz300496,中科创达,55.04,-1.07,-1.907,55.04,55.05,56.11,56.0,56.27,55.04,5059790.0,281299554.0,15:35:45,2026-09-24
sz300497,富祥股份,18.58,-1.41,-7.054,18.57,18.58,19.99,19.96,19.96,18.58,44559819.0,847993299.0,15:35:00,2026-09-24
sz300498,温氏股份,14.51,-0.28,-1.893,14.51,14.52,14.79,14.76,14.8,14.47,21537676.0,313854745.0,15:35:15,2026-09-24
sz300499,高澜股份,35.92,-0.1,-0.278,35.92,35.93,36.02,35.74,36.75,35.45,19873883.0,717768246.0,15:35:30,2026-09-24
sz300500,启迪设计,9.65,0.17,1.793,9.64,9.65,9.48,9.48,9.79,9.44,3157033.0,30443724.0,15:35:45,2026-09-24
sz300501,海顺新材,9.45,0.01,0.106,9.45,9.46,9.44,9.52,9.54,9.41,2630808.0,24925205.0,15:35:00,2026-09-24
sz300502,新易盛,435.0,-16.2,-3.59,435.0,435.02,451.2,451.26,452.89,435.0,25015041.0,11072857487.0,15:35:15,2026-09-24
sz300503,昊志机电,65.32,-1.84,-2.74,65.32,65.34,67.16,66.8,67.84,65.22,9778271.0,648787097.0,15:35:30,2026-09-24
sz300504,天邑股份,18.64,-0.3,-1.584,18.63,18.64,18.94,18.78,18.98,18.43,7154700.0,133725009.0,15:35:45,2026-09-24
sz300505,川金诺,18.77,-0.19,-1.002,18.76,18.77,18.96,19.05,19.17,18.73,7375230.0,139514936.0,15:35:00,2026-09-24
sz300506,名家汇,5.0,0.01,0.2,4.99,5.0,4.99,4.92,5.02,4.85,21023290.0,104460253.0,15:35:15,2026-09-24
sz300507,苏奥传感,6.38,-0.1,-1.543,6.37,6.38,6.48,6.46,6.52,6.36,5681032.0,36514314.0,15:35:30,2026-09-24
sz300508,维宏股份,39.05,-0.49,-1.239,39.05,39.1,39.54,39.54,40.5,39.0,1705999.0,67632399.0,15:35:45,2026-09-24
sz300509,新美星,8.83,-0.03,-0.339,8.83,8.84,8.86,8.86,9.0,8.8,3634400.0,32361523.0,15:35:00,2026-09-24
sz300510,金冠股份,3.38,0.02,0.595,3.38,3.39,3.36,3.35,3.41,3.33,12874100.0,43500535.0,15:35:15,2026-09-24
sz300511,雪榕生物,4.84,-0.09,-1.826,4.84,4.85,4.93,4.91,4.96,4.83,16647752.0,81147711.0,15:35:30,2026-09-24
sz300512,中亚股份,7.62,0.16,2.145,7.6,7.62,7.46,7.46,7.7,7.45,4396950.0,33462920.0,15:35:45,2026-09-24
sz300513,恒实科技,7.35,-0.01,-0.136,7.35,7.37,7.36,7.36,7.42,7.31,4508957.0,33215394.0,15:35:00,2026-09-24
sz300514,友讯达,9.91,0.01,0.101,9.9,9.91,9.9,9.8,10.07,9.72,3342800.0,33282944.0,15:35:15,2026-09-24
sz300515,三德科技,16.88,-0.63,-3.598,16.88,16.89,17.51,17.5,17.51,16.88,6161729.0,105287607.0,15:35:30,2026-09-24
sz300516,久之洋,35.61,-0.38,-1.056,35.6,35.61,35.99,35.74,36.26,35.4,3665550.0,131221121.0,15:35:45,2026-09-24
sz300517,海波重科,11.77,-0.49,-3.997,11.77,11.79,12.26,12.2,12.21,11.71,4459100.0,52946292.0,15:35:00,2026-09-24
sz300518,新迅达,25.57,-0.88,-3.327,25.56,25.57,26.45,26.3,26.39,25.4,5251936.0,135553634.0,15:35:15,2026-09-24
sz300519,新光药业,14.56,-0.03,-0.206,14.55,14.56,14.59,14.58,14.8,14.43,2053200.0,29948231.0,15:35:30,2026-09-24
sz300520,科大国创,23.87,-1.79,-6.976,23.86,23.87,25.66,25.1,25.39,23.79,24513073.0,594330240.0,15:35:45,2026-09-24
sz300521,爱司凯,25.0,-0.4,-1.575,25.0,25.01,25.4,25.54,25.77,24.95,1962700.0,49725514.0,15:35:00,2026-09-24
sz300522,世名科技,15.75,0.08,0.511,15.75,15.76,15.67,15.64,15.89,15.13,23666164.0,367880679.0,15:35:15,2026-09-24
sz300523,辰安科技,22.01,-0.87,-3.802,22.0,22.01,22.88,22.82,22.91,21.86,6452239.0,143436320.0,15:35:30,2026-09-24
sz300525,博思软件,7.73,-0.08,-1.024,7.73,7.74,7.81,7.8,7.84,7.71,7323996.0,56844030.0,15:35:45,2026-09-24
sz300527,ST应急,8.18,-0.08,-0.969,8.18,8.19,8.26,8.2,8.27,8.15,4910900.0,40314190.0,15:35:00,2026-09-24
sz300528,幸福蓝海,13.59,-0.16,-1.164,13.58,13.59,13.75,13.86,13.87,13.56,5901450.0,80618461.0,15:35:15,2026-09-24
sz300529,健帆生物,14.96,-0.21,-1.384,14.96,14.97,15.17,15.16,15.27,14.94,3530003.0,53269701.0,15:35:30,2026-09-24
sz300530,领湃科技,18.98,-0.12,-0.628,18.97,18.98,19.1,19.11,19.3,18.8,2173000.0,41512272.0,15:35:45,2026-09-24
sz300531,优博讯,15.23,-0.17,-1.104,15.23,15.24,15.4,15.35,15.47,15.23,3178200.0,48719409.0,15:35:00,2026-09-24
sz300532,今天国际,7.41,0.05,0.679,7.4,7.41,7.36,7.33,7.46,7.33,5789111.0,42934546.0,15:35:15,2026-09-24
sz300533,冰川网络,13.92,-0.18,-1.277,13.92,13.94,14.1,14.05,14.26,13.89,4037863.0,56631499.0,15:35:30,2026-09-24
sz300534,陇神戎发,13.84,0.1,0.728,13.84,13.85,13.74,13.47,15.0,13.26,60743300.0,859957700.0,15:35:45,2026-09-24
sz300535,达威股份,15.82,-0.02,-0.126,15.81,15.82,15.84,15.73,16.03,15.68,1599819.0,25402181.0,15:35:00,2026-09-24
sz300536,农尚环境,8.35,-0.11,-1.3,8.35,8.36,8.46,8.43,8.5,8.3,3593515.0,30063286.0,15:35:15,2026-09-24
sz300537,广信材料,21.24,-0.34,-1.576,21.23,21.24,21.58,21.5,21.89,21.21,6762032.0,145553624.0,15:35:30,2026-09-24
sz300538,同益股份,15.2,-0.42,-2.689,15.19,15.2,15.62,15.52,15.78,15.2,3234700.0,49960959.0,15:35:45,2026-09-24
sz300539,横河精密,17.92,-0.42,-2.29,17.91,17.92,18.34,18.28,18.38,17.91,7449700.0,135126574.0,15:35:00,2026-09-24
sz300540,蜀道装备,26.49,-0.08,-0.301,26.48,26.49,26.57,26.6,27.85,26.41,14155230.0,383327070.0,15:35:15,2026-09-24
sz300541,先进数通,9.42,-0.13,-1.361,9.42,9.43,9.55,9.53,9.57,9.42,3313245.0,31428919.0,15:35:30,2026-09-24
sz300542,新晨科技,12.25,-0.19,-1.527,12.24,12.25,12.44,12.48,12.5,12.23,2689500.0,33155238.0,15:35:45,2026-09-24
sz300543,朗科智能,7.87,0.02,0.255,7.86,7.87,7.85,7.81,7.97,7.81,3523600.0,27875611.0,15:35:00,2026-09-24
sz300545,联得装备,27.72,-1.88,-6.351,27.72,27.73,29.6,29.11,29.44,27.5,13576300.0,383688893.0,15:35:15,2026-09-24
sz300546,雄帝科技,16.65,-0.18,-1.07,16.63,16.65,16.83,16.55,16.86,16.55,2134600.0,35609284.0,15:35:30,2026-09-24
sz300547,川环科技,24.55,-0.43,-1.721,24.54,24.55,24.98,24.8,25.07,24.43,4491400.0,110748625.0,15:35:45,2026-09-24
sz300548,长芯博创,231.02,-7.98,-3.339,231.02,231.36,239.0,239.11,240.88,229.8,8527967.0,1988266718.0,15:35:00,2026-09-24
sz300549,优德精密,14.95,0.16,1.082,14.95,14.97,14.79,14.79,15.14,14.64,1924300.0,28870588.0,15:35:15,2026-09-24
sz300550,和仁科技,14.06,-0.34,-2.361,14.06,14.07,14.4,14.4,14.64,14.0,4069700.0,58048958.0,15:35:30,2026-09-24
sz300551,古鳌科技,11.71,-0.18,-1.514,11.7,11.71,11.89,11.87,12.18,11.67,7569902.0,89986806.0,15:35:45,2026-09-24
sz300552,万集科技,20.03,-0.18,-0.891,20.02,20.03,20.21,20.12,20.5,20.01,2272503.0,45892101.0,15:35:00,2026-09-24
sz300553,集智股份,65.71,-1.54,-2.29,65.7,65.74,67.25,66.99,67.9,65.14,3843010.0,255337510.0,15:35:15,2026-09-24
sz300554,三超新材,23.91,0.01,0.042,23.91,23.92,23.9,23.68,24.86,23.66,10383529.0,252601250.0,15:35:30,2026-09-24
sz300555,ST路通,12.45,0.1,0.81,12.42,12.45,12.35,12.37,12.53,12.31,855100.0,10625227.0,15:35:45,2026-09-24
sz300556,丝路视觉,15.98,-0.09,-0.56,15.98,15.99,16.07,16.0,16.15,15.94,2577900.0,41311923.0,15:35:00,2026-09-24
sz300557,理工光科,25.09,-0.75,-2.902,25.09,25.1,25.84,25.65,25.78,25.0,1804088.0,45692484.0,15:35:15,2026-09-24
sz300558,贝达药业,48.23,-2.13,-4.23,48.23,48.24,50.36,50.05,50.2,48.22,8763118.0,429309727.0,15:35:30,2026-09-24
sz300559,佳发教育,12.72,-0.28,-2.154,12.72,12.73,13.0,13.05,13.11,12.69,4059700.0,52231051.0,15:35:45,2026-09-24
sz300560,中富通,17.19,-0.89,-4.923,17.19,17.2,18.08,18.0,18.06,17.08,12534600.0,218418488.0,15:35:00,2026-09-24
sz300561,汇金科技,14.73,-0.77,-4.968,14.72,14.73,15.5,15.2,15.3,14.73,13607650.0,202749873.0,15:35:15,2026-09-24
sz300562,乐心股份,17.35,0.15,0.872,17.33,17.35,17.2,17.25,18.12,17.22,18582383.0,328792843.0,15:35:30,2026-09-24
sz300563,神宇股份,25.77,-0.88,-3.302,25.76,25.77,26.65,26.64,26.64,25.67,5558800.0,144491286.0,15:35:45,2026-09-24
sz300564,筑博设计,12.49,-0.12,-0.952,12.49,12.51,12.61,12.66,12.74,12.4,2330100.0,29170169.0,15:35:00,2026-09-24
sz300565,科信技术,9.78,-0.09,-0.912,9.78,9.79,9.87,9.86,9.91,9.75,4921900.0,48343697.0,15:35:15,2026-09-24
sz300566,激智科技,26.14,-1.43,-5.187,26.14,26.15,27.57,27.56,28.11,26.03,25358958.0,681480770.0,15:35:30,2026-09-24
sz300567,精测电子,202.7,-7.98,-3.788,202.7,202.72,210.68,208.0,209.87,201.16,5354892.0,1095210756.0,15:35:45,2026-09-24
sz300568,星源材质,17.5,0.5,2.941,17.49,17.5,17.0,17.42,17.7,17.04,93924178.0,1636071689.0,15:35:00,2026-09-24
sz300569,天能重工,5.28,0.34,6.883,5.27,5.28,4.94,4.94,5.35,4.91,76359457.0,399412552.0,15:35:15,2026-09-24
sz300570,太辰光,219.11,-7.07,-3.126,219.1,219.11,226.18,225.94,227.94,216.0,11476323.0,2550807817.0,15:35:30,2026-09-24
sz300571,平治信息,29.1,-0.31,-1.054,29.1,29.11,29.41,29.15,29.74,29.0,3796500.0,111536025.0,15:35:45,2026-09-24
sz300572,安车检测,24.58,-0.27,-1.087,24.57,24.58,24.85,24.79,25.38,24.53,4113500.0,102386868.0,15:35:00,2026-09-24
sz300573,兴齐眼药,35.88,-0.8,-2.181,35.87,35.88,36.68,36.6,36.8,35.88,3139435.0,113477755.0,15:35:15,2026-09-24
sz300575,中旗股份,6.25,-0.07,-1.108,6.25,6.26,6.32,6.32,6.33,6.17,13244482.0,82667375.0,15:35:30,2026-09-24
sz300576,容大感光,29.11,-0.77,-2.577,29.1,29.11,29.88,29.59,30.04,29.1,8077945.0,237812369.0,15:35:45,2026-09-24
sz300577,开润股份,19.34,-0.06,-0.309,19.34,19.35,19.4,19.27,19.62,19.22,1207000.0,23461268.0,15:35:00,2026-09-24
sz300578,会畅科技,15.5,-0.4,-2.516,15.49,15.5,15.9,15.86,15.9,15.41,4337900.0,67684191.0,15:35:15,2026-09-24
sz300579,数字认证,23.23,-0.64,-2.681,23.23,23.25,23.87,23.9,23.95,23.22,3481204.0,81538308.0,15:35:30,2026-09-24
sz300580,贝斯特,18.46,-0.37,-1.965,18.44,18.46,18.83,18.83,19.14,18.37,6920046.0,129451132.0,15:35:45,2026-09-24
sz300581,晨曦航空,10.08,-0.07,-0.69,10.08,10.09,10.15,10.13,10.32,10.05,6680434.0,67937079.0,15:35:00,2026-09-24
sz300582,英飞特,10.6,-0.1,-0.935,10.6,10.61,10.7,10.7,10.84,10.53,3889325.0,41436052.0,15:35:15,2026-09-24
sz300583,赛托生物,13.52,-0.31,-2.242,13.52,13.55,13.83,13.83,14.0,13.51,3382841.0,46373228.0,15:35:30,2026-09-24
sz300584,海辰药业,30.24,-1.05,-3.356,30.24,30.25,31.29,31.1,31.39,30.19,1855300.0,56913883.0,15:35:45,2026-09-24
sz300585,奥联电子,16.86,0.82,5.112,16.85,16.86,16.04,16.32,17.54,16.1,28794928.0,484262714.0,15:35:00,2026-09-24
sz300586,美联新材,9.37,-0.38,-3.897,9.36,9.37,9.75,9.7,9.78,9.34,15786038.0,149574742.0,15:35:15,2026-09-24
sz300587,天铁科技,4.79,-0.35,-6.809,4.79,4.8,5.14,5.1,5.19,4.77,45684620.0,226247112.0,15:35:30,2026-09-24
sz300588,熙菱信息,21.76,-0.67,-2.987,21.76,21.77,22.43,22.54,22.54,21.76,2314734.0,51012147.0,15:35:45,2026-09-24
sz300589,江龙船艇,13.6,0.01,0.074,13.6,13.61,13.59,13.71,13.78,13.42,14203894.0,193157096.0,15:35:00,2026-09-24
sz300590,移为通信,11.62,-0.15,-1.274,11.62,11.63,11.77,11.66,11.95,11.61,13543731.0,159199499.0,15:35:15,2026-09-24
sz300591,万里马,6.47,-0.08,-1.221,6.47,6.48,6.55,6.55,6.65,6.44,8451460.0,55019097.0,15:35:30,2026-09-24
sz300592,华凯易佰,19.86,-0.84,-4.058,19.85,19.86,20.7,20.64,20.64,19.8,10637120.0,213992179.0,15:35:45,2026-09-24
sz300593,新雷能,33.42,-0.23,-0.684,33.42,33.43,33.65,33.55,33.62,32.33,14077105.0,461803636.0,15:35:00,2026-09-24
sz300594,ST朗进,15.19,0.01,0.066,15.17,15.19,15.18,15.16,15.26,15.01,776700.0,11780039.0,15:35:15,2026-09-24
sz300595,欧普康视,10.09,-0.18,-1.753,10.08,10.09,10.27,10.27,10.34,10.07,6087600.0,61979165.0,15:35:30,2026-09-24
sz300596,利安隆,40.68,-0.13,-0.319,40.68,40.7,40.81,40.67,41.44,40.37,1870800.0,76634066.0,15:35:45,2026-09-24
sz300597,吉大通信,7.95,-0.01,-0.126,7.93,7.95,7.96,8.08,8.08,7.85,2850601.0,22709379.0,15:35:00,2026-09-24
sz300598,诚迈科技,30.77,-0.08,-0.259,30.71,30.77,30.85,30.85,31.0,30.51,3290500.0,100977722.0,15:35:15,2026-09-24
sz300599,雄塑科技,13.69,1.34,10.85,13.69,13.7,12.35,12.61,13.73,12.61,25795748.0,341931496.0,15:35:30,2026-09-24
sz300600,国瑞科技,10.27,-0.01,-0.097,10.26,10.27,10.28,10.28,10.44,10.18,6724774.0,69162783.0,15:35:45,2026-09-24
sz300601,康泰生物,12.88,-0.3,-2.276,12.87,12.88,13.18,13.14,13.24,12.83,19248798.0,249476521.0,15:35:00,2026-09-24
sz300602,飞荣达,37.47,-1.53,-3.923,37.46,37.47,39.0,38.76,38.89,37.41,12801535.0,486714351.0,15:35:15,2026-09-24
sz300603,立昂技术,8.05,-0.08,-0.984,8.05,8.06,8.13,8.13,8.2,8.05,6284678.0,50978503.0,15:35:30,2026-09-24
sz300604,长川科技,261.0,-10.18,-3.754,260.99,261.0,271.18,269.5,270.67,261.0,10894474.0,2893293065.0,15:35:45,2026-09-24
sz300605,恒锋信息,10.24,0.08,0.787,10.24,10.27,10.16,10.08,10.37,10.08,4006000.0,40814568.0,15:35:00,2026-09-24
sz300606,金太阳,35.98,-0.8,-2.175,35.98,35.99,36.78,36.6,36.83,35.55,5993500.0,215885673.0,15:35:15,2026-09-24
sz300607,拓斯达,32.22,-0.18,-0.556,32.22,32.23,32.4,32.13,33.42,32.1,18656214.0,610244221.0,15:35:30,2026-09-24
sz300608,思特奇,9.86,-0.04,-0.404,9.86,9.87,9.9,9.9,9.96,9.79,5323900.0,52544264.0,15:35:45,2026-09-24
sz300609,汇纳科技,24.91,-0.93,-3.599,24.91,24.92,25.84,25.69,26.11,24.83,3761248.0,96000908.0,15:35:00,2026-09-24
sz300610,晨化股份,10.49,0.09,0.865,10.48,10.49,10.4,10.45,10.54,10.32,2166170.0,22661552.0,15:35:15,2026-09-24
sz300611,美力科技,27.82,-0.55,-1.939,27.82,27.83,28.37,28.29,28.57,27.82,2576589.0,72345791.0,15:35:30,2026-09-24
sz300612,宣亚国际,12.27,-0.05,-0.406,12.27,12.28,12.32,12.38,12.53,12.23,4792806.0,59083416.0,15:35:45,2026-09-24
sz300613,富瀚微,86.88,0.29,0.335,86.88,86.89,86.59,86.7,89.88,86.1,12611237.0,1107194893.0,15:35:00,2026-09-24
sz300614,百川畅银,10.31,-0.09,-0.865,10.27,10.31,10.4,10.35,10.44,10.2,2959954.0,30544494.0,15:35:15,2026-09-24
sz300615,欣天科技,13.86,-0.5,-3.482,13.86,13.87,14.36,14.34,14.41,13.84,8803900.0,123561448.0,15:35:30,2026-09-24
sz300616,尚品宅配,10.83,-0.23,-2.08,10.83,10.86,11.06,11.08,11.25,10.79,6124500.0,66767281.0,15:35:45,2026-09-24
sz300617,安靠智电,35.32,-0.58,-1.616,35.31,35.32,35.9,35.9,35.97,35.2,1783200.0,63503278.0,15:35:00,2026-09-24
sz300618,寒锐钴业,31.28,-0.83,-2.585,31.27,31.28,32.11,31.86,32.1,31.28,2422163.0,76506361.0,15:35:15,2026-09-24
sz300619,金银河,26.69,-0.54,-1.983,26.68,26.69,27.23,27.1,27.5,26.29,5983780.0,160080691.0,15:35:30,2026-09-24
sz300620,光库科技,278.0,-11.18,-3.866,278.0,278.01,289.18,288.28,292.81,278.0,7918559.0,2249321008.0,15:35:45,2026-09-24
sz300621,维业股份,7.09,0.03,0.425,7.09,7.1,7.06,7.06,7.16,7.03,2808186.0,19942473.0,15:35:00,2026-09-24
sz300622,博士眼镜,15.16,-0.25,-1.622,15.16,15.17,15.41,15.4,15.48,15.12,4884357.0,74509467.0,15:35:15,2026-09-24
sz300623,捷捷微电,33.94,-1.05,-3.001,33.94,33.95,34.99,34.95,34.95,33.88,18468773.0,634118756.0,15:35:30,2026-09-24
sz300624,万兴科技,48.74,-1.32,-2.637,48.73,48.74,50.06,49.8,50.39,48.66,6298719.0,310901898.0,15:35:45,2026-09-24
sz300625,三雄极光,10.02,0.03,0.3,9.99,10.02,9.99,9.99,10.09,9.98,1483658.0,14900709.0,15:35:00,2026-09-24
sz300626,华瑞股份,29.12,-0.02,-0.069,29.12,29.13,29.14,29.22,29.44,28.43,3314200.0,95981599.0,15:35:15,2026-09-24
sz300627,华测导航,26.28,-0.39,-1.462,26.27,26.28,26.67,26.65,26.71,26.28,3803592.0,100645001.0,15:35:30,2026-09-24
sz300628,亿联网络,40.96,-0.56,-1.349,40.96,40.98,41.52,41.25,41.82,40.96,6075908.0,251395101.0,15:35:45,2026-09-24
sz300629,新劲刚,19.08,0.88,4.835,19.08,19.09,18.2,18.2,19.28,17.91,16165099.0,303367080.0,15:35:00,2026-09-24
sz300631,久吾高科,21.31,-0.28,-1.297,21.31,21.32,21.59,21.53,21.65,21.3,827950.0,17754438.0,15:35:15,2026-09-24
sz300632,光莆股份,19.39,0.04,0.207,19.38,19.39,19.35,19.35,19.73,18.9,14414840.0,278471823.0,15:35:30,2026-09-24
sz300633,开立医疗,19.26,-0.49,-2.481,19.26,19.29,19.75,19.65,19.84,19.26,2598400.0,50694250.0,15:35:45,2026-09-24
sz300634,彩讯股份,21.2,-0.65,-2.975,21.19,21.2,21.85,21.61,21.94,21.11,11395900.0,244251338.0,15:35:00,2026-09-24
sz300635,中达安,11.88,0.07,0.593,11.86,11.88,11.81,11.79,11.9,11.69,2856700.0,33838730.0,15:35:15,2026-09-24
sz300636,同和药业,7.04,0.03,0.428,7.04,7.05,7.01,6.98,7.09,6.98,3890512.0,27370405.0,15:35:30,2026-09-24
sz300637,扬帆新材,9.43,-0.01,-0.106,9.42,9.43,9.44,9.45,9.52,9.35,2145490.0,20226346.0,15:35:45,2026-09-24
sz300638,广和通,20.38,-0.31,-1.498,20.38,20.4,20.69,20.68,20.97,20.33,9904021.0,203932228.0,15:35:00,2026-09-24
sz300639,凯普生物,6.22,0.04,0.647,6.22,6.23,6.18,6.17,6.29,6.13,12867620.0,80119709.0,15:35:15,2026-09-24
sz300640,德艺文创,6.41,0.0,0.0,6.41,6.42,6.41,6.44,6.57,6.38,10338400.0,66579247.0,15:35:30,2026-09-24
sz300641,正丹股份,13.42,-0.26,-1.901,13.42,13.43,13.68,13.67,13.67,13.38,2829800.0,38180832.0,15:35:45,2026-09-24
sz300642,透景生命,20.59,-0.85,-3.965,20.58,20.59,21.44,21.06,21.66,20.4,27600182.0,574030105.0,15:35:00,2026-09-24
sz300643,万通智控,17.6,-0.51,-2.816,17.57,17.6,18.11,18.08,18.15,17.55,3462600.0,61455940.0,15:35:15,2026-09-24
sz300644,南京聚隆,21.44,0.04,0.187,21.44,21.45,21.4,21.41,21.81,21.19,3579710.0,77104978.0,15:35:30,2026-09-24
sz300645,正元智慧,13.92,-0.15,-1.066,13.92,13.94,14.07,13.97,14.12,13.81,3478900.0,48558391.0,15:35:45,2026-09-24
sz300647,超频三,9.56,1.01,11.813,9.56,9.57,8.55,8.67,9.94,8.48,104339868.0,977062871.0,15:35:00,2026-09-24
sz300648,星云股份,39.19,-1.32,-3.258,39.18,39.19,40.51,40.55,41.48,39.05,1777227.0,70110898.0,15:35:15,2026-09-24
sz300649,杭州园林,27.63,-1.18,-4.096,27.63,27.64,28.81,28.97,28.97,27.51,3384800.0,95085413.0,15:35:30,2026-09-24
sz300650,太龙股份,12.68,-0.37,-2.835,12.67,12.68,13.05,12.96,13.03,12.61,5748300.0,73097133.0,15:35:45,2026-09-24
sz300651,金陵体育,16.16,-0.03,-0.185,16.16,16.18,16.19,16.17,16.54,16.15,2654520.0,43290145.0,15:35:00,2026-09-24
sz300652,雷迪克,28.65,-0.65,-2.218,28.64,28.65,29.3,29.1,29.23,28.3,4856430.0,139229271.0,15:35:15,2026-09-24
sz300653,正海生物,15.42,-0.17,-1.09,15.42,15.44,15.59,15.6,15.7,15.36,1300804.0,20164195.0,15:35:30,2026-09-24
sz300654,世纪天鸿,9.57,-0.03,-0.312,9.56,9.57,9.6,9.56,9.73,9.54,5422335.0,52240906.0,15:35:45,2026-09-24
sz300655,晶瑞电材,13.34,-0.31,-2.271,13.33,13.34,13.65,13.64,13.75,13.34,26361027.0,355991194.0,15:35:00,2026-09-24
sz300656,民德电子,29.58,-0.48,-1.597,29.58,29.6,30.06,29.98,30.3,29.48,4517700.0,134482281.0,15:35:15,2026-09-24
sz300657,弘信电子,36.04,-1.16,-3.118,36.03,36.04,37.2,37.2,37.2,36.0,17242872.0,629732177.0,15:35:30,2026-09-24
sz300658,延江股份,10.56,-0.14,-1.308,10.56,10.59,10.7,10.6,10.83,10.51,7011943.0,74632834.0,15:35:45,2026-09-24
sz300659,中孚信息,10.71,-0.16,-1.472,10.71,10.72,10.87,10.92,11.0,10.71,6924700.0,74530539.0,15:35:00,2026-09-24
sz300660,江苏雷利,23.63,-0.3,-1.254,23.63,23.64,23.93,23.95,24.3,23.6,3621190.0,86731905.0,15:35:15,2026-09-24
sz300661,圣邦股份,120.55,-1.9,-1.552,120.55,120.56,122.45,121.28,121.87,118.19,8858352.0,1066557996.0,15:35:30,2026-09-24
sz300662,科锐国际,20.6,-0.38,-1.811,20.6,20.63,20.98,20.84,20.97,20.6,1596600.0,33089640.0,15:35:45,2026-09-24
sz300663,科蓝软件,7.49,-0.05,-0.663,7.48,7.49,7.54,7.5,7.59,7.44,10408268.0,77987349.0,15:35:00,2026-09-24
sz300664,鹏鹞环保,4.59,-0.03,-0.649,4.59,4.6,4.62,4.62,4.65,4.58,3948699.0,18214822.0,15:35:15,2026-09-24
sz300665,飞鹿股份,8.86,0.01,0.113,8.86,8.87,8.85,8.92,9.03,8.79,4481256.0,39827583.0,15:35:30,2026-09-24
sz300666,江丰电子,243.62,-8.37,-3.322,243.62,243.77,251.99,251.19,251.4,243.21,5056928.0,1247941337.0,15:35:45,2026-09-24
sz300667,必创科技,15.15,-0.16,-1.045,15.14,15.15,15.31,15.9,15.9,15.02,11315640.0,173471095.0,15:35:00,2026-09-24
sz300668,杰恩股份,31.76,-0.59,-1.824,31.76,31.77,32.35,32.35,32.52,31.68,1791900.0,57349457.0,15:35:15,2026-09-24
sz300669,沪宁股份,25.54,0.86,3.485,25.54,25.57,24.68,25.06,26.09,24.88,3309700.0,84619487.0,15:35:30,2026-09-24
sz300670,大烨智能,7.41,-0.2,-2.628,7.41,7.42,7.61,7.57,7.61,7.39,12392850.0,92793120.0,15:35:45,2026-09-24
sz300671,富满微,60.15,-2.11,-3.389,60.13,60.15,62.26,61.88,62.18,60.0,12209429.0,743929074.0,15:35:00,2026-09-24
sz300672,国科微,193.3,-7.77,-3.864,193.3,193.31,201.07,199.9,200.5,193.03,6135232.0,1202941774.0,15:35:15,2026-09-24
sz300673,佩蒂股份,14.82,-0.21,-1.397,14.82,14.83,15.03,15.04,15.35,14.8,2602540.0,39181279.0,15:35:30,2026-09-24
sz300674,宇信科技,16.14,-0.32,-1.944,16.14,16.15,16.46,16.33,16.46,16.08,8997614.0,145911573.0,15:35:45,2026-09-24
sz300675,建科院,13.1,0.07,0.537,13.09,13.1,13.03,13.06,13.22,12.83,1388505.0,18189476.0,15:35:00,2026-09-24
sz300676,华大基因,45.12,1.1,2.499,45.12,45.13,44.02,43.99,48.3,43.75,25724244.0,1189050976.0,15:35:15,2026-09-24
sz300677,英科医疗,49.14,-0.66,-1.325,49.12,49.14,49.8,49.5,49.83,49.14,6522912.0,322457336.0,15:35:30,2026-09-24
sz300678,中科信息,21.14,-0.43,-1.994,21.14,21.15,21.57,21.52,21.61,21.12,2722600.0,57958022.0,15:35:45,2026-09-24
sz300679,电连技术,44.72,-1.5,-3.245,44.72,44.73,46.22,45.77,46.3,44.7,18778011.0,854885665.0,15:35:00,2026-09-24
sz300680,隆盛科技,20.68,-0.3,-1.43,20.67,20.68,20.98,20.98,21.34,20.68,4740954.0,99294489.0,15:35:15,2026-09-24
sz300681,英搏尔,22.51,-0.58,-2.512,22.5,22.51,23.09,22.83,23.48,22.42,13951260.0,320065903.0,15:35:30,2026-09-24
sz300682,朗新科技,8.74,-0.19,-2.128,8.73,8.74,8.93,8.9,8.99,8.71,11032520.0,97256950.0,15:35:45,2026-09-24
sz300683,海特生物,25.16,-0.87,-3.342,25.16,25.17,26.03,25.88,26.64,25.13,4788116.0,122402730.0,15:35:00,2026-09-24
sz300684,中石科技,118.62,-0.88,-0.736,118.62,118.65,119.5,119.41,123.19,118.0,22231139.0,2669456422.0,15:35:15,2026-09-24
sz300685,艾德生物,20.81,-0.2,-0.952,20.81,20.82,21.01,21.0,21.4,20.81,20358053.0,428661068.0,15:35:30,2026-09-24
sz300686,智动力,14.77,-0.21,-1.402,14.76,14.77,14.98,15.07,15.3,14.71,6626303.0,99390901.0,15:35:45,2026-09-24
sz300687,赛意信息,29.45,-0.71,-2.354,29.44,29.45,30.16,29.8,30.49,29.4,12725848.0,379483918.0,15:35:00,2026-09-24
sz300688,创业黑马,35.61,-0.67,-1.847,35.6,35.61,36.28,36.0,36.77,35.56,4872613.0,175383533.0,15:35:15,2026-09-24
sz300689,澄天伟业,66.87,-0.37,-0.55,66.86,66.87,67.24,66.64,69.35,66.0,3418579.0,232171408.0,15:35:30,2026-09-24
sz300690,双一科技,25.11,1.15,4.8,25.1,25.11,23.96,23.8,25.38,23.61,14981507.0,373148691.0,15:35:45,2026-09-24
sz300691,联合光电,21.68,0.72,3.435,21.68,21.69,20.96,21.64,22.65,21.25,38544408.0,838879321.0,15:35:00,2026-09-24
sz300692,中赋科技,9.11,-0.35,-3.7,9.1,9.11,9.46,9.46,9.55,9.06,12624000.0,116140979.0,15:35:15,2026-09-24
sz300693,盛弘股份,37.06,-1.26,-3.288,37.06,37.07,38.32,38.07,38.3,37.04,6825269.0,256238174.0,15:35:30,2026-09-24
sz300694,蠡湖股份,10.69,0.11,1.04,10.69,10.7,10.58,10.62,10.75,10.5,2935900.0,31231503.0,15:35:45,2026-09-24
sz300695,兆丰股份,51.13,-1.95,-3.674,51.12,51.13,53.08,53.7,53.7,51.03,855700.0,44655720.0,15:35:00,2026-09-24
sz300696,爱乐达,20.4,-0.69,-3.272,20.39,20.4,21.09,21.09,21.23,20.25,4253746.0,87508057.0,15:35:15,2026-09-24
sz300697,电工合金,14.82,-0.45,-2.947,14.82,14.83,15.27,15.1,15.21,14.81,7147690.0,106816726.0,15:35:30,2026-09-24
sz300698,万马科技,27.72,-0.55,-1.946,27.72,27.75,28.27,28.3,28.48,27.66,1487500.0,41614973.0,15:35:45,2026-09-24
sz300699,光威复材,23.03,-0.53,-2.25,23.03,23.04,23.56,23.48,23.66,23.03,7579690.0,176250926.0,15:35:00,2026-09-24
sz300700,岱勒新材,17.42,-0.07,-0.4,17.41,17.42,17.49,17.29,17.78,17.18,7466979.0,130288960.0,15:35:15,2026-09-24
sz300701,森霸传感,10.06,0.01,0.1,10.06,10.07,10.05,10.05,10.15,10.0,2070175.0,20882010.0,15:35:30,2026-09-24
sz300702,天宇股份,21.3,-0.21,-0.976,21.3,21.36,21.51,21.44,21.83,21.28,2066960.0,44352026.0,15:35:45,2026-09-24
sz300703,创源股份,13.7,-0.1,-0.725,13.69,13.7,13.8,13.7,14.09,13.64,4384925.0,60580073.0,15:35:00,2026-09-24
sz300705,九典制药,10.76,-0.31,-2.8,10.76,10.77,11.07,11.05,11.11,10.76,4778200.0,51941246.0,15:35:15,2026-09-24
sz300706,阿石创,50.36,-1.49,-2.874,50.35,50.36,51.85,51.34,52.24,50.29,6100600.0,311435040.0,15:35:30,2026-09-24
sz300707,威唐工业,12.14,0.01,0.082,12.14,12.15,12.13,12.09,12.24,12.09,2625820.0,31938131.0,15:35:45,2026-09-24
sz300708,聚灿光电,9.45,-0.43,-4.352,9.45,9.46,9.88,9.8,9.87,9.45,50209679.0,481511459.0,15:35:00,2026-09-24
sz300709,精研科技,37.74,-1.23,-3.156,37.74,37.75,38.97,38.78,38.8,37.71,4534684.0,172859722.0,15:35:15,2026-09-24
sz300710,万隆光电,32.15,1.17,3.777,32.15,32.16,30.98,30.59,33.49,30.59,6563243.0,210470838.0,15:35:30,2026-09-24
sz300711,广哈通信,18.34,0.22,1.214,18.34,18.35,18.12,18.13,18.48,17.93,6429472.0,117086052.0,15:35:45,2026-09-24
sz300712,永福股份,20.44,-0.02,-0.098,20.44,20.46,20.46,20.4,20.55,20.12,1477228.0,30012954.0,15:35:00,2026-09-24
sz300713,英可瑞,13.55,-0.1,-0.733,13.55,13.56,13.65,13.53,13.77,13.53,2251424.0,30729211.0,15:35:15,2026-09-24
sz300715,凯伦股份,14.52,0.07,0.484,14.52,14.53,14.45,14.42,14.58,14.25,6061900.0,87444059.0,15:35:30,2026-09-24
sz300716,*ST泉为,17.85,-0.04,-0.224,17.84,17.85,17.89,17.89,18.75,17.8,2508800.0,45448272.0,15:35:45,2026-09-24
sz300717,华信新材,19.32,0.24,1.258,19.32,19.33,19.08,18.98,19.85,18.86,3596597.0,70041072.0,15:35:00,2026-09-24
sz300718,长盛轴承,54.38,1.32,2.488,54.37,54.38,53.06,52.85,55.53,52.68,8489235.0,464405159.0,15:35:15,2026-09-24
sz300719,安达维尔,11.97,0.01,0.084,11.96,11.97,11.96,11.91,12.08,11.84,2298220.0,27508995.0,15:35:30,2026-09-24
sz300720,海川智能,61.8,-1.15,-1.827,61.79,61.8,62.95,62.53,65.84,61.56,9593304.0,607893575.0,15:35:45,2026-09-24
sz300721,怡达股份,22.21,-0.26,-1.157,22.18,22.21,22.47,22.35,22.78,22.12,5387200.0,120703673.0,15:35:00,2026-09-24
sz300722,新余国科,21.45,-0.04,-0.186,21.4,21.45,21.49,21.46,21.88,21.33,1983858.0,42720770.0,15:35:15,2026-09-24
sz300723,一品红,33.2,-1.17,-3.404,33.19,33.2,34.37,34.25,34.43,33.18,5514326.0,184918842.0,15:35:30,2026-09-24
sz300724,捷佳伟创,54.35,-0.88,-1.593,54.35,54.36,55.23,54.9,55.72,54.31,5948189.0,327076309.0,15:35:45,2026-09-24
sz300725,药石科技,52.08,-2.27,-4.177,52.08,52.09,54.35,53.94,55.55,52.0,28255490.0,1508211732.0,15:35:00,2026-09-24
sz300726,宏达电子,58.43,-1.05,-1.765,58.43,58.44,59.48,59.47,60.1,58.3,8530249.0,503253809.0,15:35:15,2026-09-24
sz300727,润禾材料,34.78,-1.67,-4.582,34.78,34.79,36.45,36.04,36.3,34.52,4130365.0,145641496.0,15:35:30,2026-09-24
sz300729,乐歌股份,11.3,0.03,0.266,11.29,11.3,11.27,11.28,11.48,11.26,4247454.0,48333916.0,15:35:45,2026-09-24
sz300730,科创信息,11.38,-0.18,-1.557,11.38,11.39,11.56,11.5,11.76,11.33,5349900.0,61467060.0,15:35:00,2026-09-24
sz300731,科创新源,52.82,-0.09,-0.17,52.8,52.82,52.91,53.2,55.32,50.85,14396793.0,765766913.0,15:35:15,2026-09-24
sz300732,设研院,5.74,-0.02,-0.347,5.74,5.75,5.76,5.75,5.81,5.71,3289505.0,18912219.0,15:35:30,2026-09-24
sz300733,西菱动力,13.39,-0.38,-2.76,13.38,13.39,13.77,13.62,13.8,13.34,4654890.0,63154360.0,15:35:45,2026-09-24
sz300735,光弘科技,18.47,-0.16,-0.859,18.47,18.48,18.63,18.73,18.75,18.36,7050495.0,130574510.0,15:35:00,2026-09-24
sz300736,百邦科技,34.98,0.43,1.245,34.97,34.99,34.55,34.64,35.28,34.2,4728760.0,164960006.0,15:35:15,2026-09-24
sz300737,科顺股份,4.57,-0.28,-5.773,4.57,4.58,4.85,4.81,4.88,4.54,36321209.0,168873070.0,15:35:30,2026-09-24
sz300738,奥飞数据,19.31,-0.4,-2.029,19.31,19.32,19.71,19.58,19.66,19.31,17896349.0,348648533.0,15:35:45,2026-09-24
sz300739,明阳电路,30.16,-1.73,-5.425,30.16,30.17,31.89,31.51,31.96,30.03,20210414.0,622015050.0,15:35:00,2026-09-24
sz300740,水羊股份,21.3,0.7,3.398,21.29,21.3,20.6,20.7,22.74,20.69,49366318.0,1063972262.0,15:35:15,2026-09-24
sz300741,华宝股份,26.6,-2.99,-10.105,26.6,26.61,29.59,29.3,29.8,26.57,30800858.0,853318367.0,15:35:30,2026-09-24
sz300743,天地数码,14.51,-0.06,-0.412,14.5,14.51,14.57,14.57,14.7,14.42,1745433.0,25411442.0,15:35:45,2026-09-24
sz300745,欣锐科技,27.89,-0.1,-0.357,27.78,27.89,27.99,28.12,28.88,27.59,5388600.0,151593419.0,15:35:00,2026-09-24
sz300746,汉嘉数智,15.0,0.05,0.334,14.99,15.0,14.95,14.95,15.05,14.7,3605700.0,53626101.0,15:35:15,2026-09-24
sz300747,锐科激光,39.36,-1.39,-3.411,39.35,39.36,40.75,40.32,40.64,39.18,14095459.0,560119475.0,15:35:30,2026-09-24
sz300748,金力永磁,25.29,-0.26,-1.018,25.28,25.29,25.55,25.55,25.74,25.21,10584681.0,269153342.0,15:35:45,2026-09-24
sz300749,顶固集创,23.97,-0.91,-3.658,23.97,23.99,24.88,24.73,25.29,23.81,3962400.0,96437801.0,15:35:00,2026-09-24
sz300750,宁德时代,293.5,-7.5,-2.492,293.5,293.51,301.0,300.0,302.0,293.0,28008499.0,8290901344.0,15:35:15,2026-09-24
sz300751,迈为股份,194.5,-6.81,-3.383,194.5,194.59,201.31,199.59,200.92,194.44,3160764.0,621520748.0,15:35:30,2026-09-24
sz300752,隆利科技,13.12,-0.3,-2.235,13.11,13.12,13.42,13.3,13.55,13.1,5186212.0,68927061.0,15:35:45,2026-09-24
sz300753,爱朋医疗,21.17,-0.18,-0.843,21.15,21.17,21.35,21.36,21.93,21.05,4328901.0,92580265.0,15:35:00,2026-09-24
sz300755,华致酒行,11.38,-0.31,-2.652,11.38,11.4,11.69,11.59,11.86,11.32,7952500.0,91813189.0,15:35:15,2026-09-24
sz300756,金马游乐,32.39,-1.35,-4.001,32.39,32.42,33.74,34.0,34.23,32.3,4510930.0,149677772.0,15:35:30,2026-09-24
sz300757,罗博特科,565.86,-32.12,-5.371,565.8,565.86,597.98,596.0,596.0,565.86,5224177.0,3016553919.0,15:35:45,2026-09-24
sz300758,七彩化学,11.31,-0.12,-1.05,11.31,11.32,11.43,11.43,11.48,11.27,3487400.0,39630049.0,15:35:00,2026-09-24
sz300759,康龙化成,43.5,-1.52,-3.376,43.5,43.51,45.02,44.52,45.27,43.5,38742380.0,1707084332.0,15:35:15,2026-09-24
sz300760,迈瑞医疗,153.86,-1.6,-1.029,153.86,153.87,155.46,155.12,156.35,153.72,4958739.0,766017522.0,15:35:30,2026-09-24
sz300761,立华股份,20.43,-0.31,-1.495,20.43,20.44,20.74,20.63,20.94,20.33,3863100.0,79277894.0,15:35:45,2026-09-24
sz300762,上海瀚讯,26.4,-0.41,-1.529,26.4,26.41,26.81,26.81,27.15,26.37,12244777.0,327265460.0,15:35:00,2026-09-24
sz300763,锦浪科技,53.15,-1.82,-3.311,53.15,53.16,54.97,54.63,55.08,53.15,6707678.0,360857217.0,15:35:15,2026-09-24
sz300765,石药创新,44.15,-3.0,-6.363,44.14,44.15,47.15,46.84,47.07,44.1,15825792.0,710873115.0,15:35:30,2026-09-24
sz300766,每日互动,21.65,-0.33,-1.501,21.64,21.65,21.98,21.98,22.21,21.65,9143679.0,200196746.0,15:35:45,2026-09-24
sz300767,震安科技,21.16,-0.05,-0.236,21.15,21.16,21.21,21.88,22.28,21.1,9758666.0,211459867.0,15:35:00,2026-09-24
sz300768,迪普科技,15.06,-0.23,-1.504,15.06,15.07,15.29,15.2,15.31,15.05,4327508.0,65620838.0,15:35:15,2026-09-24
sz300769,德方纳米,40.06,-1.0,-2.435,40.06,40.07,41.06,41.0,41.12,40.06,4617596.0,186840684.0,15:35:30,2026-09-24
sz300770,新媒股份,35.22,0.36,1.033,35.21,35.22,34.86,34.88,35.35,34.75,3404099.0,119656419.0,15:35:45,2026-09-24
sz300771,智莱科技,11.43,-0.02,-0.175,11.42,11.43,11.45,11.47,11.56,11.37,3651300.0,41907166.0,15:35:00,2026-09-24
sz300772,运达股份,9.47,0.03,0.318,9.46,9.47,9.44,9.41,9.57,9.38,14476510.0,137242635.0,15:35:15,2026-09-24
sz300773,拉卡拉,14.73,-0.22,-1.472,14.72,14.73,14.95,14.9,15.0,14.71,18189912.0,269583328.0,15:35:30,2026-09-24
sz300774,倍杰特,9.77,-0.26,-2.592,9.76,9.77,10.03,9.99,10.05,9.75,6187769.0,61077860.0,15:35:45,2026-09-24
sz300775,三角防务,20.65,-0.31,-1.479,20.65,20.66,20.96,20.9,21.05,20.46,8841372.0,183139136.0,15:35:00,2026-09-24
sz300776,帝尔激光,129.97,0.58,0.448,129.97,129.98,129.39,127.95,135.5,125.0,14376997.0,1882699350.0,15:35:15,2026-09-24
sz300777,中简科技,21.05,-0.24,-1.127,21.05,21.06,21.29,21.27,21.44,21.03,3919384.0,83141952.0,15:35:30,2026-09-24
sz300778,新城市,10.85,-0.13,-1.184,10.85,10.87,10.98,11.0,11.23,10.82,5206000.0,57098323.0,15:35:45,2026-09-24
sz300779,惠城环保,52.14,-1.62,-3.013,52.13,52.14,53.76,53.44,53.6,52.12,3613163.0,190685830.0,15:35:00,2026-09-24
sz300780,德恩精工,20.13,0.02,0.099,20.12,20.13,20.11,20.22,20.57,19.92,4537000.0,92194555.0,15:35:15,2026-09-24
sz300781,因赛集团,26.75,-0.66,-2.408,26.75,26.79,27.41,27.18,27.78,26.73,3298200.0,89405321.0,15:35:30,2026-09-24
sz300782,卓胜微,75.78,-0.98,-1.277,75.78,75.8,76.76,76.66,79.0,75.7,14304940.0,1108230425.0,15:35:45,2026-09-24
sz300783,三只松鼠,16.56,-0.24,-1.429,16.56,16.57,16.8,16.75,16.87,16.54,3446500.0,57422301.0,15:35:00,2026-09-24
sz300784,利安科技,42.86,-0.04,-0.093,42.86,42.87,42.9,42.69,43.43,42.3,450740.0,19327858.0,15:35:15,2026-09-24
sz300785,值得买,34.78,-1.45,-4.002,34.78,34.79,36.23,35.85,36.5,34.75,11256000.0,399370927.0,15:35:30,2026-09-24
sz300786,国林科技,14.83,-0.17,-1.133,14.82,14.83,15.0,14.98,15.12,14.8,4751900.0,70903329.0,15:35:45,2026-09-24
sz300787,海能实业,11.7,-0.1,-0.847,11.7,11.71,11.8,11.81,12.0,11.57,6863024.0,80698735.0,15:35:00,2026-09-24
sz300788,中信出版,30.08,-0.41,-1.345,30.07,30.08,30.49,30.51,32.0,30.01,12733177.0,393341321.0,15:35:15,2026-09-24
sz300789,唐源电气,16.39,-0.03,-0.183,16.39,16.42,16.42,16.44,16.8,16.21,2365700.0,39067056.0,15:35:30,2026-09-24
sz300790,宇瞳光学,19.67,-0.67,-3.294,19.67,19.68,20.34,20.06,20.38,19.65,21991265.0,438562108.0,15:35:45,2026-09-24
sz300791,仙乐健康,17.52,-0.24,-1.351,17.51,17.52,17.76,17.68,17.85,17.47,1016600.0,17923150.0,15:35:00,2026-09-24
sz300792,壹网壹创,24.33,-0.6,-2.407,24.33,24.34,24.93,24.8,25.2,24.25,6939970.0,170475430.0,15:35:15,2026-09-24
sz300793,佳禾智能,11.92,-0.08,-0.667,11.92,11.93,12.0,12.02,12.15,11.92,5084466.0,61136065.0,15:35:30,2026-09-24
sz300795,米奥会展,13.1,-0.4,-2.963,13.1,13.11,13.5,13.37,13.67,13.07,16023500.0,212689424.0,15:35:45,2026-09-24
sz300796,贝斯美,6.87,-0.01,-0.145,6.87,6.88,6.88,6.85,6.92,6.82,2833700.0,19469321.0,15:35:00,2026-09-24
sz300797,钢研纳克,13.49,-0.07,-0.516,13.49,13.53,13.56,13.56,13.64,13.37,3033300.0,40959277.0,15:35:15,2026-09-24
sz300798,锦鸡股份,8.38,-0.35,-4.009,8.37,8.38,8.73,8.77,8.77,8.35,16789606.0,142243223.0,15:35:30,2026-09-24
sz300800,力合科技,10.55,0.02,0.19,10.55,10.56,10.53,10.47,10.65,10.47,2109100.0,22272557.0,15:35:45,2026-09-24
sz300801,泰和科技,21.58,-0.57,-2.573,21.57,21.58,22.15,22.0,22.09,21.55,2663400.0,58017264.0,15:35:00,2026-09-24
sz300802,矩子科技,26.26,-0.88,-3.242,26.26,26.28,27.14,27.14,27.25,26.14,7758121.0,206150100.0,15:35:15,2026-09-24
sz300803,指南针,56.5,-1.75,-3.004,56.5,56.51,58.25,58.2,58.25,56.46,15712303.0,897776819.0,15:35:30,2026-09-24
sz300804,广康生化,45.76,-1.0,-2.139,45.65,45.76,46.76,48.01,48.65,45.38,1025500.0,47443618.0,15:35:45,2026-09-24
sz300805,电声股份,8.65,0.13,1.526,8.65,8.66,8.52,8.56,9.06,8.47,18212400.0,159570318.0,15:35:00,2026-09-24
sz300806,斯迪克,53.45,-2.33,-4.177,53.44,53.45,55.78,55.41,56.52,53.31,25882122.0,1418004790.0,15:35:15,2026-09-24
sz300807,天迈科技,35.72,-0.78,-2.137,35.72,35.8,36.5,36.5,36.75,35.62,1143000.0,41239331.0,15:35:30,2026-09-24
sz300808,久量股份,20.84,-0.44,-2.068,20.83,20.84,21.28,21.16,21.56,20.8,3026900.0,63909615.0,15:35:45,2026-09-24
sz300809,华辰装备,24.38,-0.37,-1.495,24.38,24.39,24.75,24.68,24.82,24.27,3333760.0,81645973.0,15:35:00,2026-09-24
sz300810,中科海讯,25.04,-0.14,-0.556,25.04,25.08,25.18,25.17,25.4,24.83,1635636.0,40984037.0,15:35:15,2026-09-24
sz300811,铂科新材,83.28,-3.54,-4.077,83.27,83.28,86.82,86.12,86.5,83.14,8602493.0,724634171.0,15:35:30,2026-09-24
sz300812,易天股份,20.04,-0.61,-2.954,20.03,20.04,20.65,20.5,20.7,20.01,7978279.0,161908938.0,15:35:45,2026-09-24
sz300813,泰林生物,22.6,-0.61,-2.628,22.6,22.68,23.21,23.21,23.35,22.6,2113560.0,48461589.0,15:35:00,2026-09-24
sz300814,中富电路,138.43,-6.79,-4.676,138.43,138.44,145.22,144.74,145.08,138.38,6178729.0,870716103.0,15:35:15,2026-09-24
sz300815,玉禾田,15.4,-0.14,-0.901,15.4,15.41,15.54,15.58,15.68,15.37,3357100.0,52011304.0,15:35:30,2026-09-24
sz300816,艾可蓝,64.28,-1.23,-1.878,64.26,64.29,65.51,65.47,66.2,63.89,2240100.0,145219075.0,15:35:45,2026-09-24
sz300817,双飞集团,16.52,0.14,0.855,16.52,16.53,16.38,16.2,16.8,16.2,2236124.0,37047590.0,15:35:00,2026-09-24
sz300818,耐普矿机,16.4,-0.38,-2.265,16.37,16.4,16.78,16.61,16.78,16.33,2109922.0,34859355.0,15:35:15,2026-09-24
sz300819,聚杰微纤,48.83,-1.65,-3.269,48.8,48.85,50.48,49.76,50.65,48.7,3489900.0,172224392.0,15:35:30,2026-09-24
sz300820,英杰电气,71.94,-1.71,-2.322,71.94,71.96,73.65,73.66,73.98,71.6,5004152.0,363512990.0,15:35:45,2026-09-24
sz300821,东岳硅材,15.51,-0.26,-1.649,15.5,15.51,15.77,15.61,15.9,15.5,33373289.0,523106534.0,15:35:00,2026-09-24
sz300822,贝仕达克,11.5,-0.07,-0.605,11.49,11.5,11.57,11.5,11.66,11.46,2326900.0,26869729.0,15:35:15,2026-09-24
sz300823,建科智能,14.7,0.0,0.0,14.7,14.71,14.7,14.61,14.86,14.58,1680040.0,24787062.0,15:35:30,2026-09-24
sz300824,北鼎股份,7.88,0.0,0.0,7.86,7.88,7.88,7.88,7.97,7.83,2773617.0,21897142.0,15:35:45,2026-09-24
sz300825,阿尔特,11.93,-0.32,-2.612,11.93,11.94,12.25,12.21,12.58,11.9,22073057.0,268809096.0,15:35:00,2026-09-24
sz300826,测绘股份,15.37,-0.64,-3.998,15.37,15.38,16.01,15.93,15.96,15.3,4919769.0,76766369.0,15:35:15,2026-09-24
sz300827,上能电气,25.31,-0.53,-2.051,25.3,25.31,25.84,25.85,25.85,25.2,5129122.0,130433900.0,15:35:30,2026-09-24
sz300828,锐新科技,16.68,-0.32,-1.882,16.67,16.68,17.0,17.01,17.17,16.66,3028000.0,51186606.0,15:35:45,2026-09-24
sz300829,金丹科技,27.56,-1.16,-4.039,27.56,27.57,28.72,29.24,30.8,26.72,48224014.0,1370565094.0,15:35:00,2026-09-24
sz300830,金现代,7.99,-0.09,-1.114,7.98,7.99,8.08,8.1,8.13,7.97,6636800.0,53296442.0,15:35:15,2026-09-24
sz300831,ST派瑞,13.91,-0.14,-0.996,13.91,13.92,14.05,14.1,14.1,13.88,2615147.0,36541620.0,15:35:30,2026-09-24
sz300832,新产业,47.73,-1.19,-2.433,47.7,47.73,48.92,48.73,48.92,47.49,2983232.0,143039002.0,15:35:45,2026-09-24
sz300833,浩洋股份,42.91,0.36,0.846,42.91,42.92,42.55,42.3,43.85,42.3,1394196.0,60183916.0,15:35:00,2026-09-24
sz300834,星辉环材,40.66,0.52,1.295,40.64,40.66,40.14,40.16,41.91,39.75,2143200.0,87600505.0,15:35:15,2026-09-24
sz300835,龙磁科技,189.93,-3.27,-1.693,189.93,189.98,193.2,191.0,195.99,186.0,3137158.0,600975540.0,15:35:30,2026-09-24
sz300836,佰奥智能,57.4,-3.96,-6.454,57.34,57.4,61.36,60.36,61.0,57.04,3381002.0,197281604.0,15:35:45,2026-09-24
sz300837,浙矿股份,22.69,-0.31,-1.348,22.69,22.74,23.0,23.02,23.18,22.65,1082000.0,24799012.0,15:35:00,2026-09-24
sz300838,浙江力诺,14.46,0.05,0.347,14.45,14.46,14.41,14.45,14.6,14.28,1226200.0,17724809.0,15:35:15,2026-09-24
sz300839,博汇股份,13.08,-0.13,-0.984,13.08,13.1,13.21,13.3,13.36,13.02,4711400.0,62031150.0,15:35:30,2026-09-24
sz300840,酷特智能,19.27,-0.52,-2.628,19.26,19.27,19.79,19.65,19.86,19.24,5268100.0,102607735.0,15:35:45,2026-09-24
sz300841,康华生物,54.88,-1.15,-2.052,54.87,54.88,56.03,55.5,56.5,54.8,3477288.0,192651721.0,15:35:00,2026-09-24
sz300842,帝科股份,66.21,-0.54,-0.809,66.21,66.27,66.75,67.0,67.33,65.21,4892769.0,324656651.0,15:35:15,2026-09-24
sz300843,胜蓝股份,122.91,-12.03,-8.915,122.9,122.91,134.94,133.34,133.94,122.4,9315448.0,1178074798.0,15:35:30,2026-09-24
sz300844,山水比德,24.13,-0.75,-3.014,24.13,24.18,24.88,24.71,24.92,24.12,1486000.0,36228698.0,15:35:45,2026-09-24
sz300845,捷安高科,14.2,0.1,0.709,14.2,14.22,14.1,14.0,14.47,13.98,5301393.0,75575669.0,15:35:00,2026-09-24
sz300846,首都在线,19.79,-0.22,-1.099,19.78,19.79,20.01,19.86,20.23,19.7,12910276.0,257595101.0,15:35:15,2026-09-24
sz300847,中船汉光,14.4,0.4,2.857,14.4,14.41,14.0,13.96,14.64,13.96,8579825.0,123047847.0,15:35:30,2026-09-24
sz300848,美瑞新材,11.23,-0.41,-3.522,11.22,11.23,11.64,11.61,11.68,11.19,5199280.0,59139220.0,15:35:45,2026-09-24
sz300849,锦盛新材,22.52,0.75,3.445,22.51,22.52,21.77,21.63,23.36,21.63,5117400.0,116251076.0,15:35:00,2026-09-24
sz300850,新强联,29.25,0.88,3.102,29.25,29.26,28.37,28.33,29.88,28.17,23382611.0,686432839.0,15:35:15,2026-09-24
sz300851,交大思诺,24.69,0.03,0.122,24.68,24.69,24.66,24.65,24.96,24.3,938500.0,23169447.0,15:35:30,2026-09-24
sz300852,四会富仕,72.95,-6.56,-8.251,72.95,72.96,79.51,79.69,80.1,72.91,12325279.0,925455097.0,15:35:45,2026-09-24
sz300853,申昊科技,30.33,-0.34,-1.109,30.32,30.33,30.67,30.41,31.89,30.08,3923020.0,121022222.0,15:35:00,2026-09-24
sz300854,中兰环保,15.37,-0.12,-0.775,15.33,15.37,15.49,15.39,15.6,15.25,1874500.0,28927509.0,15:35:15,2026-09-24
sz300855,图南股份,34.37,-0.64,-1.828,34.37,34.38,35.01,34.8,35.09,34.0,3149055.0,108607421.0,15:35:30,2026-09-24
sz300856,科思股份,10.4,-0.04,-0.383,10.38,10.4,10.44,10.48,10.55,10.38,1392232.0,14552069.0,15:35:45,2026-09-24
sz300857,协创数据,268.58,0.57,0.213,268.58,268.59,268.01,265.88,275.58,264.8,13249812.0,3571564498.0,15:35:00,2026-09-24
sz300858,科拓生物,14.78,-0.34,-2.249,14.77,14.78,15.12,15.12,15.27,14.74,3455211.0,51658930.0,15:35:15,2026-09-24
sz300859,西域旅游,23.59,-0.46,-1.913,23.59,23.6,24.05,24.1,24.17,23.5,3188197.0,75669220.0,15:35:30,2026-09-24
sz300860,锋尚文化,29.3,-1.18,-3.871,29.28,29.3,30.48,30.2,30.3,29.15,2915213.0,86402513.0,15:35:45,2026-09-24
sz300861,美畅股份,15.85,-0.48,-2.939,15.85,15.86,16.33,16.2,16.31,15.84,8008418.0,128422429.0,15:35:00,2026-09-24
sz300862,蓝盾光电,56.23,-3.77,-6.283,56.23,56.29,60.0,59.1,60.2,56.23,27841621.0,1616538486.0,15:35:15,2026-09-24
sz300863,卡倍亿,41.25,-1.15,-2.712,41.25,41.26,42.4,42.28,42.5,41.07,5766047.0,240035129.0,15:35:30,2026-09-24
sz300864,南大环境,25.7,-0.6,-2.281,25.68,25.7,26.3,26.28,26.28,25.47,2858088.0,73534479.0,15:35:45,2026-09-24
sz300865,大宏立,32.8,-0.56,-1.679,32.76,32.8,33.36,33.28,34.19,32.65,3655110.0,121670318.0,15:35:00,2026-09-24
sz300866,安克创新,122.6,-1.95,-1.566,122.55,122.6,124.55,124.55,125.5,121.99,2306094.0,285012095.0,15:35:15,2026-09-24
sz300867,圣元环保,17.62,0.16,0.916,17.61,17.62,17.46,17.59,17.88,17.4,4159099.0,73214633.0,15:35:30,2026-09-24
sz300868,杰美特,82.84,-4.49,-5.141,82.83,82.84,87.33,86.86,86.98,82.6,2724400.0,230475634.0,15:35:45,2026-09-24
sz300869,康泰医学,11.46,-0.08,-0.693,11.45,11.46,11.54,11.55,11.66,11.41,3963260.0,45689325.0,15:35:00,2026-09-24
sz300870,欧陆通,202.1,-10.7,-5.028,202.1,202.12,212.8,212.0,212.01,201.5,4343494.0,892738147.0,15:35:15,2026-09-24
sz300871,回盛生物,20.89,-0.66,-3.063,20.88,20.89,21.55,21.58,21.66,20.85,3340244.0,70467151.0,15:35:30,2026-09-24
sz300872,天阳科技,15.15,-0.47,-3.009,15.15,15.16,15.62,15.49,15.64,15.1,6694200.0,102558302.0,15:35:45,2026-09-24
sz300873,海晨股份,15.59,-0.42,-2.623,15.58,15.59,16.01,15.91,15.94,15.49,8398274.0,131465583.0,15:35:00,2026-09-24
sz300875,捷强装备,31.6,-0.4,-1.25,31.58,31.6,32.0,32.01,32.31,31.51,1871712.0,59518376.0,15:35:15,2026-09-24
sz300876,蒙泰高新,15.19,0.08,0.529,15.19,15.23,15.11,15.1,15.44,15.04,1941105.0,29612578.0,15:35:30,2026-09-24
sz300877,金春股份,27.45,-0.09,-0.327,27.43,27.45,27.54,27.3,28.1,27.3,1401662.0,38777527.0,15:35:45,2026-09-24
sz300878,维康药业,30.9,-0.25,-0.803,30.87,30.9,31.15,30.5,31.59,30.44,1710400.0,52710983.0,15:35:00,2026-09-24
sz300879,大叶股份,17.71,-0.4,-2.209,17.71,17.72,18.11,17.9,18.18,17.71,4243099.0,76160639.0,15:35:15,2026-09-24
sz300880,迦南智能,18.98,-0.67,-3.41,18.98,19.0,19.65,19.65,19.65,18.98,2692737.0,51837985.0,15:35:30,2026-09-24
sz300881,盛德鑫泰,30.67,-0.7,-2.231,30.67,30.69,31.37,31.06,31.34,30.52,1471060.0,45328551.0,15:35:45,2026-09-24
sz300882,万胜智能,13.29,-0.16,-1.19,13.29,13.3,13.45,13.51,13.54,13.28,925535.0,12406380.0,15:35:00,2026-09-24
sz300883,龙利得,6.42,-0.01,-0.156,6.42,6.43,6.43,6.43,6.48,6.38,4592100.0,29513090.0,15:35:15,2026-09-24
sz300884,狄耐克,12.2,-0.02,-0.164,12.19,12.2,12.22,12.2,12.3,12.07,3100074.0,37760758.0,15:35:30,2026-09-24
sz300885,海昌新材,18.9,-0.19,-0.995,18.9,18.93,19.09,19.02,19.35,18.9,2379654.0,45469207.0,15:35:45,2026-09-24
sz300886,华业香料,23.97,-0.36,-1.48,23.95,23.97,24.33,24.2,24.68,23.94,1303500.0,31602434.0,15:35:00,2026-09-24
sz300887,谱尼测试,7.02,-0.07,-0.987,7.02,7.03,7.09,7.05,7.17,6.98,6523390.0,46046300.0,15:35:15,2026-09-24
sz300888,稳健医疗,29.47,-0.16,-0.54,29.47,29.53,29.63,29.72,29.88,29.26,2108280.0,62445224.0,15:35:30,2026-09-24
sz300889,爱克股份,22.75,-0.09,-0.394,22.74,22.75,22.84,22.64,23.3,22.55,4732355.0,108583026.0,15:35:45,2026-09-24
sz300890,翔丰华,26.25,-0.45,-1.685,26.25,26.28,26.7,26.75,26.85,26.22,2560816.0,67782848.0,15:35:00,2026-09-24
sz300891,惠云钛业,7.6,-0.07,-0.913,7.59,7.6,7.67,7.64,7.75,7.56,4179900.0,31921274.0,15:35:15,2026-09-24
sz300892,品渥食品,22.39,-0.29,-1.279,22.39,22.4,22.68,22.71,23.04,22.39,1619300.0,36687835.0,15:35:30,2026-09-24
sz300893,松原安全,13.73,-0.42,-2.968,13.72,13.73,14.15,14.05,14.27,13.61,4701340.0,65085942.0,15:35:45,2026-09-24
sz300894,火星人,10.26,-0.12,-1.156,10.25,10.26,10.38,10.45,10.57,10.2,4623099.0,47927067.0,15:35:00,2026-09-24
sz300895,铜牛信息,62.69,0.61,0.983,62.68,62.69,62.08,61.71,64.61,60.9,10162066.0,639141538.0,15:35:15,2026-09-24
sz300896,爱美客,92.26,-1.21,-1.295,92.26,92.27,93.47,93.0,94.3,92.0,1976371.0,183482747.0,15:35:30,2026-09-24
sz300897,山科智能,17.51,1.05,6.379,17.51,17.52,16.46,16.45,18.33,16.34,7760071.0,135391280.0,15:35:45,2026-09-24
sz300898,熊猫乳品,19.75,-0.23,-1.151,19.75,19.78,19.98,19.9,20.17,19.75,1375100.0,27406356.0,15:35:00,2026-09-24
sz300899,上海凯鑫,30.19,-0.2,-0.658,30.19,30.2,30.39,30.15,30.57,29.8,547800.0,16537546.0,15:35:15,2026-09-24
sz300900,广联航空,22.65,-0.19,-0.832,22.65,22.66,22.84,22.84,23.45,22.58,10669358.0,244740725.0,15:35:30,2026-09-24
sz300901,中胤时尚,17.75,-0.25,-1.389,17.75,17.76,18.0,17.91,18.3,17.6,3525136.0,63090232.0,15:35:45,2026-09-24
sz300902,国安达,18.74,-0.02,-0.107,18.74,18.75,18.76,18.5,19.45,18.5,6633256.0,125961480.0,15:35:00,2026-09-24
sz300903,科翔股份,103.6,-4.95,-4.56,103.59,103.6,108.55,108.07,109.64,102.0,19729286.0,2069846695.0,15:35:15,2026-09-24
sz300904,威力传动,47.0,4.26,9.967,46.99,47.0,42.74,42.72,48.99,42.23,5255474.0,244895354.0,15:35:30,2026-09-24
sz300905,宝丽迪,37.5,-1.03,-2.673,37.5,37.51,38.53,38.53,39.2,37.48,6373168.0,243694736.0,15:35:45,2026-09-24
sz300906,日月明,28.8,-0.01,-0.035,28.57,28.8,28.81,28.93,29.07,28.3,876100.0,25147605.0,15:35:00,2026-09-24
sz300907,康平科技,56.44,-0.54,-0.948,56.44,56.46,56.98,56.68,58.13,54.0,3258841.0,183740478.0,15:35:15,2026-09-24
sz300908,仲景食品,16.89,-0.3,-1.745,16.89,16.9,17.19,17.16,17.19,16.83,1418063.0,24091229.0,15:35:30,2026-09-24
sz300909,汇创达,64.71,1.24,1.954,64.71,64.78,63.47,64.22,66.62,63.65,5861985.0,381465402.0,15:35:45,2026-09-24
sz300910,瑞丰新材,27.71,-0.61,-2.154,27.71,27.72,28.32,28.22,28.3,27.54,3643830.0,101455365.0,15:35:00,2026-09-24
sz300911,亿田智能,35.15,-1.09,-3.008,35.15,35.16,36.24,35.88,36.29,34.07,12229113.0,431231125.0,15:35:15,2026-09-24
sz300912,凯龙高科,19.94,-0.03,-0.15,19.94,19.95,19.97,19.96,20.28,19.81,1942000.0,38850261.0,15:35:30,2026-09-24
sz300913,兆龙互连,39.51,-1.74,-4.218,39.51,39.52,41.25,41.01,41.31,39.48,10307305.0,413019560.0,15:35:45,2026-09-24
sz300915,海融科技,23.07,0.41,1.809,23.0,23.07,22.66,22.61,23.35,22.54,2079002.0,47879637.0,15:35:00,2026-09-24
sz300916,朗特智能,27.76,-0.35,-1.245,27.76,27.77,28.11,27.96,28.54,27.6,3011658.0,84264738.0,15:35:15,2026-09-24
sz300917,特发服务,31.45,-1.15,-3.528,31.44,31.45,32.6,31.57,34.9,31.28,20194964.0,651827751.0,15:35:30,2026-09-24
sz300918,南山智尚,10.89,0.14,1.302,10.88,10.89,10.75,10.82,11.23,10.72,8096178.0,89401242.0,15:35:45,2026-09-24
sz300919,中伟新材,37.6,-0.71,-1.853,37.59,37.6,38.31,38.11,38.59,37.6,6177704.0,234542857.0,15:35:00,2026-09-24
sz300920,润阳科技,33.68,-1.05,-3.023,33.68,33.69,34.73,35.49,35.49,33.56,1457060.0,49514870.0,15:35:15,2026-09-24
sz300921,南凌科技,16.12,-0.32,-1.946,16.12,16.13,16.44,16.4,16.47,16.11,4853915.0,78966020.0,15:35:30,2026-09-24
sz300922,天秦装备,17.7,0.03,0.17,17.69,17.7,17.67,17.78,18.08,17.54,5299200.0,94299792.0,15:35:45,2026-09-24
sz300923,研奥股份,24.14,0.18,0.751,24.13,24.14,23.96,24.98,24.98,23.82,1208328.0,29292422.0,15:35:00,2026-09-24
sz300925,法本信息,13.84,-0.19,-1.354,13.83,13.84,14.03,14.06,14.16,13.84,3806600.0,53088017.0,15:35:15,2026-09-24
sz300926,博俊科技,16.52,-0.26,-1.549,16.52,16.53,16.78,16.7,16.95,16.51,1980343.0,33145441.0,15:35:30,2026-09-24
sz300927,江天化学,27.18,-0.17,-0.622,27.18,27.19,27.35,27.12,28.08,27.01,6398964.0,175397472.0,15:35:45,2026-09-24
sz300928,华安鑫创,24.73,-0.61,-2.407,24.71,24.73,25.34,25.27,25.56,24.62,2003085.0,50349655.0,15:35:00,2026-09-24
sz300929,华骐环保,16.02,-0.2,-1.233,16.02,16.05,16.22,16.27,16.33,15.88,1698500.0,27248693.0,15:35:15,2026-09-24
sz300930,屹通新材,25.67,-0.51,-1.948,25.65,25.67,26.18,25.7,26.28,25.61,866000.0,22418458.0,15:35:30,2026-09-24
sz300931,通用电梯,17.46,-1.75,-9.11,17.45,17.46,19.21,19.01,19.2,16.48,43311459.0,750051728.0,15:35:45,2026-09-24
sz300932,三友联众,11.06,-0.23,-2.037,11.05,11.06,11.29,11.3,11.37,11.03,9177120.0,102937190.0,15:35:00,2026-09-24
sz300933,中辰股份,6.52,-0.15,-2.249,6.52,6.53,6.67,6.63,6.66,6.51,5931800.0,39015534.0,15:35:15,2026-09-24
sz300935,盈建科,27.61,-0.31,-1.11,27.61,27.66,27.92,27.88,28.14,27.2,1515800.0,42046877.0,15:35:30,2026-09-24
sz300936,中英科技,78.94,-4.69,-5.608,78.92,78.94,83.63,83.65,83.65,78.6,2743626.0,220605340.0,15:35:45,2026-09-24
sz300937,药易购,24.37,-0.15,-0.612,24.36,24.37,24.52,24.5,24.9,24.36,2348000.0,57707018.0,15:35:00,2026-09-24
sz300938,信测标准,31.4,-1.51,-4.588,31.4,31.45,32.91,32.68,32.77,31.17,12501611.0,398812150.0,15:35:15,2026-09-24
sz300939,秋田微,102.33,-0.04,-0.039,102.33,102.39,102.37,102.41,104.7,99.81,4961442.0,508314334.0,15:35:30,2026-09-24
sz300940,南极光,13.66,-0.23,-1.656,13.66,13.67,13.89,13.84,13.95,13.62,2697000.0,37160238.0,15:35:45,2026-09-24
sz300941,创识科技,15.03,-0.14,-0.923,15.03,15.04,15.17,15.23,15.26,14.96,2428400.0,36673986.0,15:35:00,2026-09-24
sz300942,易瑞生物,6.55,-0.06,-0.908,6.55,6.57,6.61,6.56,6.69,6.55,3032600.0,20019930.0,15:35:15,2026-09-24
sz300943,春晖智控,36.07,1.03,2.939,35.89,36.07,35.04,35.0,36.9,34.51,13828614.0,496570876.0,15:35:30,2026-09-24
sz300945,曼卡龙,11.39,-0.29,-2.483,11.39,11.4,11.68,11.58,11.69,11.33,5052637.0,58010980.0,15:35:45,2026-09-24
sz300946,恒而达,37.22,0.32,0.867,37.22,37.23,36.9,37.03,38.3,36.68,1045200.0,39237269.0,15:35:00,2026-09-24
sz300947,德必集团,15.62,-0.41,-2.558,15.62,15.63,16.03,15.8,16.11,15.52,6045774.0,95331940.0,15:35:15,2026-09-24
sz300948,冠中生态,19.63,-0.03,-0.153,19.62,19.63,19.66,19.66,20.23,19.16,4099433.0,81157137.0,15:35:30,2026-09-24
sz300949,奥雅股份,23.69,-0.19,-0.796,23.68,23.69,23.88,23.87,24.27,23.48,701799.0,16638181.0,15:35:45,2026-09-24
sz300950,德固特,20.5,-0.5,-2.381,20.49,20.5,21.0,20.86,20.9,20.44,2799850.0,57706127.0,15:35:00,2026-09-24
sz300951,博硕科技,90.72,-2.94,-3.139,90.72,90.75,93.66,93.0,94.48,90.5,3212723.0,296694566.0,15:35:15,2026-09-24
sz300952,恒辉安防,16.95,0.04,0.237,16.93,16.95,16.91,16.99,17.44,16.86,4416652.0,75942941.0,15:35:30,2026-09-24
sz300953,震裕科技,96.8,-4.75,-4.677,96.78,96.8,101.55,101.31,101.55,96.8,7364105.0,729127220.0,15:35:45,2026-09-24
sz300955,嘉亨家化,28.77,-0.84,-2.837,28.77,28.85,29.61,29.61,29.96,28.77,1573146.0,45939940.0,15:35:00,2026-09-24
sz300956,英力股份,11.33,-0.06,-0.527,11.32,11.33,11.39,11.33,11.47,11.3,2678020.0,30511858.0,15:35:15,2026-09-24
sz300957,贝泰妮,32.94,-0.2,-0.604,32.93,32.94,33.14,32.94,33.66,32.72,6065955.0,200814554.0,15:35:30,2026-09-24
sz300958,建工修复,12.37,0.01,0.081,12.33,12.37,12.36,12.44,12.48,12.32,1696229.0,21032657.0,15:35:45,2026-09-24
sz300959,线上线下,91.04,-4.79,-4.998,91.01,91.04,95.83,95.42,95.78,91.0,1726900.0,159971743.0,15:35:00,2026-09-24
sz300960,通业科技,18.99,0.91,5.033,18.99,19.03,18.08,17.98,19.37,17.95,7273124.0,137600614.0,15:35:15,2026-09-24
sz300961,深水海纳,11.84,-0.17,-1.415,11.82,11.84,12.01,12.05,12.05,11.79,3034909.0,36054590.0,15:35:30,2026-09-24
sz300962,中金辐照,13.16,0.06,0.458,13.15,13.16,13.1,13.03,13.32,13.03,1712784.0,22551956.0,15:35:45,2026-09-24
sz300963,中洲特材,10.91,-0.15,-1.356,10.91,10.92,11.06,11.05,11.12,10.9,2649500.0,29106406.0,15:35:00,2026-09-24
sz300964,本川智能,76.26,-4.43,-5.49,76.25,76.26,80.69,79.72,80.46,76.19,7012992.0,546565125.0,15:35:15,2026-09-24
sz300965,恒宇信通,43.09,-0.2,-0.462,43.09,43.31,43.29,43.41,43.94,42.82,730886.0,31661873.0,15:35:30,2026-09-24
sz300966,共同药业,25.48,-1.12,-4.211,25.47,25.48,26.6,26.8,26.8,25.42,2224595.0,57700197.0,15:35:45,2026-09-24
sz300967,晓鸣股份,16.15,-0.19,-1.163,16.14,16.15,16.34,16.29,16.42,16.1,2396500.0,38905505.0,15:35:00,2026-09-24
sz300968,格林精密,9.81,-0.14,-1.407,9.81,9.82,9.95,9.94,10.01,9.81,3282650.0,32465186.0,15:35:15,2026-09-24
sz300969,恒帅股份,78.26,-1.61,-2.016,78.26,78.31,79.87,79.92,82.82,77.92,1690538.0,135581739.0,15:35:30,2026-09-24
sz300970,华绿生物,17.62,-0.47,-2.598,17.62,17.63,18.09,18.1,18.32,17.58,5625185.0,100153807.0,15:35:45,2026-09-24
sz300971,博亚精工,17.67,-0.18,-1.008,17.67,17.68,17.85,17.85,17.99,17.66,1888440.0,33649243.0,15:35:00,2026-09-24
sz300972,万辰集团,155.26,-1.59,-1.014,155.25,155.29,156.85,155.97,157.2,154.07,1505130.0,234187258.0,15:35:15,2026-09-24
sz300973,立高食品,25.39,-0.23,-0.898,25.39,25.4,25.62,25.5,25.85,25.2,1604140.0,40751036.0,15:35:30,2026-09-24
sz300975,商络电子,26.03,-1.07,-3.948,26.02,26.03,27.1,26.83,27.18,26.03,24447859.0,646648900.0,15:35:45,2026-09-24
sz300976,达瑞电子,62.43,-2.75,-4.219,62.43,62.44,65.18,64.9,65.17,62.35,3801807.0,241406712.0,15:35:00,2026-09-24
sz300977,深圳瑞捷,19.52,-1.31,-6.289,19.52,19.55,20.83,20.65,20.65,19.18,5160600.0,101397921.0,15:35:15,2026-09-24
sz300978,东箭科技,8.77,-0.07,-0.792,8.77,8.78,8.84,8.79,8.92,8.75,2907000.0,25701072.0,15:35:30,2026-09-24
sz300979,华利集团,34.18,1.36,4.144,34.18,34.19,32.82,32.68,34.2,32.68,4977475.0,168671449.0,15:35:45,2026-09-24
sz300980,祥源新材,23.69,-0.45,-1.864,23.65,23.69,24.14,24.22,24.45,23.6,2669300.0,63941330.0,15:35:00,2026-09-24
sz300981,中红医疗,17.61,-0.76,-4.137,17.61,17.62,18.37,18.1,18.37,17.54,13579314.0,240752826.0,15:35:15,2026-09-24
sz300982,苏文电能,14.34,-0.03,-0.209,14.34,14.35,14.37,14.36,14.63,14.28,2022927.0,29241363.0,15:35:30,2026-09-24
sz300983,尤安设计,38.0,-0.52,-1.35,37.98,38.0,38.52,38.52,38.57,37.6,890000.0,33781827.0,15:35:45,2026-09-24
sz300984,金沃股份,31.91,-0.54,-1.664,31.91,31.93,32.45,32.32,33.18,31.83,3755042.0,121872250.0,15:35:00,2026-09-24
sz300985,致远新能,37.73,-0.24,-0.632,37.72,37.73,37.97,37.97,39.56,37.11,3421656.0,130529854.0,15:35:15,2026-09-24
sz300986,志特新材,11.59,-0.43,-3.577,11.58,11.59,12.02,11.89,12.08,11.58,17705925.0,208099935.0,15:35:30,2026-09-24
sz300987,川网传媒,14.32,-0.22,-1.513,14.31,14.32,14.54,14.56,15.02,14.27,8724751.0,127062583.0,15:35:45,2026-09-24
sz300988,津荣天宇,16.36,-0.06,-0.365,16.36,16.37,16.42,16.32,16.54,16.23,3342125.0,54818903.0,15:35:00,2026-09-24
sz300989,蕾奥规划,15.23,-0.4,-2.559,15.23,15.24,15.63,15.59,15.63,15.17,2655535.0,40902499.0,15:35:15,2026-09-24
sz300990,同飞股份,104.53,-3.42,-3.168,104.52,104.61,107.95,108.0,108.0,104.39,5260621.0,555900487.0,15:35:30,2026-09-24
sz300991,创益通,28.91,-2.01,-6.501,28.91,28.92,30.92,31.08,31.11,28.69,3928761.0,116045808.0,15:35:45,2026-09-24
sz300992,泰福泵业,28.44,-0.63,-2.167,28.43,28.44,29.07,28.81,29.5,28.3,3021391.0,86967793.0,15:35:00,2026-09-24
sz300993,玉马科技,9.94,0.18,1.844,9.93,9.94,9.76,9.76,9.95,9.67,3394200.0,33570171.0,15:35:15,2026-09-24
sz300994,久祺股份,11.23,-0.02,-0.178,11.22,11.23,11.25,11.11,11.4,11.11,2012400.0,22731653.0,15:35:30,2026-09-24
sz300995,奇德新材,26.33,0.1,0.381,26.31,26.33,26.23,26.34,26.57,25.91,1021319.0,26915634.0,15:35:45,2026-09-24
sz300996,普联软件,12.44,-0.31,-2.431,12.44,12.45,12.75,12.65,12.76,12.41,12466953.0,156617872.0,15:35:00,2026-09-24
sz300997,欢乐家,15.4,-0.21,-1.345,15.4,15.42,15.61,15.51,15.75,15.33,5855553.0,90759096.0,15:35:15,2026-09-24
sz300998,宁波方正,29.63,-1.74,-5.547,29.63,29.64,31.37,31.15,31.15,28.47,9299700.0,275560970.0,15:35:30,2026-09-24
sz300999,金龙鱼,24.55,-0.31,-1.247,24.55,24.57,24.86,24.86,24.9,24.53,7477796.0,184462535.0,15:35:45,2026-09-24
sz301000,肇民科技,24.39,-0.22,-0.894,24.39,24.4,24.61,24.6,25.15,24.39,2742100.0,67827885.0,15:35:00,2026-09-24
sz301001,凯淳股份,25.55,-0.04,-0.156,25.55,25.57,25.59,25.59,25.84,25.2,791000.0,20135056.0,15:35:15,2026-09-24
sz301002,崧盛股份,27.48,-0.69,-2.449,27.48,27.49,28.17,28.28,28.28,27.38,2376257.0,66085217.0,15:35:30,2026-09-24
sz301003,江苏博云,58.22,-2.48,-4.086,58.22,58.24,60.7,61.06,61.06,58.11,1799450.0,106415829.0,15:35:45,2026-09-24
sz301004,嘉益股份,32.7,-0.23,-0.698,32.66,32.7,32.93,32.73,34.26,32.7,520300.0,17367050.0,15:35:00,2026-09-24
sz301005,超捷股份,60.86,0.09,0.148,60.86,60.87,60.77,60.86,63.19,60.41,7270839.0,447597753.0,15:35:15,2026-09-24
sz301006,迈拓股份,13.91,-0.08,-0.572,13.89,13.91,13.99,13.92,14.12,13.85,1157659.0,16199959.0,15:35:30,2026-09-24
sz301007,德迈仕,32.27,-0.05,-0.155,32.27,32.29,32.32,32.13,32.65,32.11,1488000.0,48219591.0,15:35:45,2026-09-24
sz301008,宏昌科技,58.14,-2.09,-3.47,58.13,58.14,60.23,60.0,60.43,57.7,13183366.0,776172239.0,15:35:00,2026-09-24
sz301009,可靠股份,9.29,0.1,1.088,9.27,9.29,9.19,9.11,9.4,9.11,2595200.0,24160470.0,15:35:15,2026-09-24
sz301010,晶雪节能,19.38,0.23,1.201,19.38,19.39,19.15,19.05,19.78,18.91,4195546.0,81721062.0,15:35:30,2026-09-24
sz301011,华立科技,15.96,0.1,0.631,15.92,15.96,15.86,16.0,16.19,15.67,3438007.0,54841274.0,15:35:45,2026-09-24
sz301012,扬电科技,22.95,-0.46,-1.965,22.95,22.96,23.41,23.41,23.41,22.85,3530013.0,81432235.0,15:35:00,2026-09-24
sz301013,利和兴,37.62,-1.54,-3.933,37.62,37.63,39.16,38.99,40.26,37.62,13583809.0,524108788.0,15:35:15,2026-09-24
sz301015,百洋医药,25.23,-0.89,-3.407,25.23,25.24,26.12,26.1,26.42,25.0,5732000.0,146993820.0,15:35:30,2026-09-24
sz301016,雷尔伟,15.27,-0.42,-2.677,15.25,15.27,15.69,15.58,15.88,15.2,2657447.0,41068764.0,15:35:45,2026-09-24
sz301017,漱玉平民,13.25,0.53,4.167,13.25,13.26,12.72,12.55,13.36,12.55,9673013.0,125950470.0,15:35:00,2026-09-24
sz301018,申菱环境,97.6,-4.2,-4.126,97.6,97.61,101.8,100.88,101.67,96.18,9774389.0,961563728.0,15:35:15,2026-09-24
sz301019,宁波色母,15.65,0.01,0.064,15.61,15.65,15.64,15.61,15.77,15.57,972222.0,15233340.0,15:35:30,2026-09-24
sz301020,密封科技,24.54,1.37,5.913,24.53,24.54,23.17,23.12,24.55,22.77,7123227.0,169498137.0,15:35:45,2026-09-24
sz301021,英诺激光,86.15,-4.86,-5.34,86.15,86.16,91.01,90.67,90.89,85.0,9337623.0,817667032.0,15:35:00,2026-09-24
sz301022,海泰科,22.3,-0.17,-0.757,22.25,22.3,22.47,22.33,22.64,22.3,801450.0,17997131.0,15:35:15,2026-09-24
sz301023,奕帆传动,29.11,-0.03,-0.103,29.11,29.12,29.14,29.14,29.55,28.91,1007696.0,29468437.0,15:35:30,2026-09-24
sz301024,霍普股份,33.96,-1.23,-3.495,33.96,34.01,35.19,35.03,35.72,33.61,1128400.0,38735986.0,15:35:45,2026-09-24
sz301025,读客文化,9.99,-0.04,-0.399,9.98,9.99,10.03,10.05,10.21,9.95,9005378.0,90477729.0,15:35:00,2026-09-24
sz301026,浩通科技,18.86,-0.63,-3.232,18.86,18.87,19.49,19.23,19.4,18.85,2638784.0,50362548.0,15:35:15,2026-09-24
sz301027,华蓝集团,19.3,-0.14,-0.72,19.3,19.32,19.44,19.37,19.56,19.18,2506200.0,48514313.0,15:35:30,2026-09-24
sz301028,鼎熔岩,13.86,0.24,1.762,13.86,13.87,13.62,13.68,14.04,13.46,7935910.0,110058672.0,15:35:45,2026-09-24
sz301029,怡合达,24.97,0.02,0.08,24.95,24.97,24.95,25.0,25.29,24.83,5189265.0,130074089.0,15:35:00,2026-09-24
sz301030,*ST仕净,5.33,-0.11,-2.022,5.32,5.33,5.44,5.43,5.62,5.2,16178583.0,87230178.0,15:35:15,2026-09-24
sz301031,中熔电气,99.48,-3.3,-3.211,99.47,99.48,102.78,102.77,103.7,99.36,1961619.0,198401546.0,15:35:30,2026-09-24
sz301032,新柴股份,10.22,0.06,0.591,10.22,10.23,10.16,10.1,10.27,10.1,2361129.0,24132694.0,15:35:45,2026-09-24
sz301033,迈普医学,54.35,-1.61,-2.877,54.35,54.4,55.96,55.62,56.51,54.35,640367.0,35238670.0,15:35:00,2026-09-24
sz301035,润丰股份,48.23,-1.27,-2.566,48.2,48.23,49.5,49.66,49.7,48.1,2545234.0,123613552.0,15:35:15,2026-09-24
sz301036,双乐股份,22.42,-0.12,-0.532,22.41,22.42,22.54,22.43,22.71,22.35,898900.0,20301530.0,15:35:30,2026-09-24
sz301037,保立佳,13.12,0.02,0.153,13.12,13.17,13.1,12.97,13.27,12.96,1479672.0,19444909.0,15:35:45,2026-09-24
sz301038,深水规院,16.52,-0.24,-1.432,16.52,16.53,16.76,16.72,16.86,16.47,1241053.0,20648770.0,15:35:00,2026-09-24
sz301039,中集车辆,7.19,-0.07,-0.964,7.18,7.19,7.26,7.23,7.43,7.17,11637552.0,84691658.0,15:35:15,2026-09-24
sz301040,中环海陆,26.42,0.3,1.149,26.42,26.44,26.12,26.02,27.01,25.88,1481900.0,39400507.0,15:35:30,2026-09-24
sz301041,金百泽,37.57,-0.56,-1.469,37.57,37.59,38.13,38.47,39.19,37.42,10537607.0,401406671.0,15:35:45,2026-09-24
sz301042,安联锐视,30.8,-0.44,-1.408,30.8,30.83,31.24,31.15,31.54,30.58,2151340.0,66736736.0,15:35:00,2026-09-24
sz301043,绿岛风,48.91,-1.98,-3.891,48.91,48.92,50.89,50.2,51.18,48.58,1207000.0,59620151.0,15:35:15,2026-09-24
sz301045,天禄科技,72.49,-1.52,-2.054,72.49,72.51,74.01,73.68,76.46,71.25,3749337.0,277210054.0,15:35:30,2026-09-24
sz301046,能辉科技,34.47,-0.31,-0.891,34.47,34.48,34.78,34.99,35.96,33.95,6889290.0,240968189.0,15:35:45,2026-09-24
sz301047,义翘神州,146.86,-3.14,-2.093,146.85,146.86,150.0,155.0,158.88,146.22,12366332.0,1864150358.0,15:35:00,2026-09-24
sz301048,金鹰重工,8.92,-0.05,-0.557,8.92,8.93,8.97,8.98,9.01,8.91,1775500.0,15898024.0,15:35:15,2026-09-24
sz301049,超越科技,20.63,0.06,0.292,20.58,20.63,20.57,20.36,20.8,20.31,667400.0,13732214.0,15:35:30,2026-09-24
sz301050,雷电微力,27.83,-0.35,-1.242,27.83,27.86,28.18,28.18,28.43,27.76,2253253.0,63175880.0,15:35:45,2026-09-24
sz301051,信濠光电,18.4,-0.62,-3.26,18.36,18.4,19.02,18.88,19.02,18.32,4851885.0,90110753.0,15:35:00,2026-09-24
sz301052,果麦文化,24.31,0.0,0.0,24.31,24.32,24.31,24.1,25.52,24.1,4379400.0,108074482.0,15:35:15,2026-09-24
sz301053,远信工业,36.13,-0.17,-0.468,36.13,36.15,36.3,36.43,36.78,35.97,869725.0,31577780.0,15:35:30,2026-09-24
sz301055,张小泉,31.51,-0.43,-1.346,31.5,31.51,31.94,31.99,32.02,31.29,1978527.0,62308012.0,15:35:45,2026-09-24
sz301056,森赫股份,13.42,-0.27,-1.972,13.42,13.44,13.69,13.67,13.82,13.42,3123400.0,42447846.0,15:35:00,2026-09-24
sz301057,汇隆新材,24.48,-1.86,-7.062,24.46,24.48,26.34,26.33,26.33,24.35,5378524.0,135174674.0,15:35:15,2026-09-24
sz301058,中粮科工,8.5,-0.35,-3.955,8.5,8.51,8.85,8.7,8.72,8.48,14463212.0,123826693.0,15:35:30,2026-09-24
sz301059,金三江,13.21,0.4,3.123,13.2,13.21,12.81,12.82,13.28,12.76,4036023.0,52917455.0,15:35:45,2026-09-24
sz301060,兰卫医学,11.86,-0.29,-2.387,11.85,11.86,12.15,12.06,12.41,11.83,19952419.0,239906227.0,15:35:00,2026-09-24
sz301061,匠心家居,42.05,-1.59,-3.643,42.01,42.05,43.64,43.4,44.8,41.61,4726491.0,201953402.0,15:35:15,2026-09-24
sz301062,上海艾录,7.0,-0.03,-0.427,7.0,7.01,7.03,7.05,7.08,6.98,4236648.0,29831831.0,15:35:30,2026-09-24
sz301063,海锅股份,18.43,0.29,1.599,18.43,18.44,18.14,18.02,18.59,17.96,2316563.0,42662697.0,15:35:45,2026-09-24
sz301065,本立科技,19.95,-0.18,-0.894,19.95,19.97,20.13,20.02,20.3,19.91,1404699.0,28183681.0,15:35:00,2026-09-24
sz301066,万事利,12.66,0.18,1.442,12.66,12.68,12.48,12.59,13.28,12.43,7044774.0,90654122.0,15:35:15,2026-09-24
sz301067,显盈科技,34.61,0.76,2.245,34.61,34.62,33.85,33.86,35.83,33.76,4626017.0,160924199.0,15:35:30,2026-09-24
sz301068,大地海洋,25.07,-0.96,-3.688,25.06,25.08,26.03,25.8,26.01,25.04,1059500.0,27003430.0,15:35:45,2026-09-24
sz301069,凯盛新材,15.85,-0.22,-1.369,15.85,15.86,16.07,16.0,16.15,15.81,3074100.0,49002227.0,15:35:00,2026-09-24
sz301070,开勒股份,65.6,-2.8,-4.094,65.59,65.6,68.4,68.01,68.96,65.51,1580373.0,105504929.0,15:35:15,2026-09-24
sz301071,力量钻石,69.04,-2.0,-2.815,69.04,69.05,71.04,70.5,71.66,68.72,15814960.0,1106757066.0,15:35:30,2026-09-24
sz301072,中捷精工,47.47,-2.28,-4.583,47.46,47.47,49.75,49.75,50.05,47.26,3234800.0,156354840.0,15:35:45,2026-09-24
sz301073,君亭酒店,17.75,-0.25,-1.389,17.75,17.76,18.0,17.9,18.05,17.61,3962153.0,70506538.0,15:35:00,2026-09-24
sz301075,多瑞医药,66.26,0.08,0.121,66.25,66.26,66.18,64.18,67.13,64.18,1114800.0,73124297.0,15:35:15,2026-09-24
sz301076,新瀚新材,21.15,-0.28,-1.307,21.15,21.16,21.43,21.4,21.83,21.15,2957210.0,63548375.0,15:35:30,2026-09-24
sz301077,星华新材,21.9,-0.17,-0.77,21.85,21.9,22.07,22.07,22.23,21.82,1011560.0,22177028.0,15:35:45,2026-09-24
sz301078,孩子王,6.92,-0.06,-0.86,6.92,6.93,6.98,6.96,7.02,6.89,9958705.0,69132912.0,15:35:00,2026-09-24
sz301079,邵阳液压,27.64,0.76,2.827,27.63,27.64,26.88,26.89,28.48,26.77,6871007.0,191844426.0,15:35:15,2026-09-24
sz301080,百普赛斯,121.41,-8.39,-6.464,121.41,121.44,129.8,127.0,129.23,120.18,17152122.0,2131690731.0,15:35:30,2026-09-24
sz301081,严牌股份,16.6,-0.31,-1.833,16.59,16.6,16.91,16.92,17.12,16.4,4484240.0,74930131.0,15:35:45,2026-09-24
sz301082,久盛电气,9.71,-0.02,-0.206,9.71,9.72,9.73,9.66,9.82,9.65,2800800.0,27267434.0,15:35:00,2026-09-24
sz301083,百胜智能,14.6,0.22,1.53,14.6,14.62,14.38,14.42,14.9,14.35,2438800.0,35806606.0,15:35:15,2026-09-24
sz301085,亚康股份,83.99,-3.68,-4.198,83.99,84.0,87.67,87.47,87.91,83.6,5252862.0,449861699.0,15:35:30,2026-09-24
sz301086,鸿富瀚,166.89,-8.06,-4.607,166.88,166.89,174.95,173.39,174.94,166.0,3125259.0,529231451.0,15:35:45,2026-09-24
sz301087,可孚医疗,54.21,-0.73,-1.329,54.21,54.22,54.94,54.9,55.2,54.12,1330820.0,72686746.0,15:35:00,2026-09-24
sz301088,戎美股份,13.59,-0.04,-0.293,13.57,13.59,13.63,13.55,13.78,13.55,879500.0,12003685.0,15:35:15,2026-09-24
sz301089,拓新药业,23.96,-0.21,-0.869,23.95,23.96,24.17,24.37,24.68,23.92,2603210.0,63160784.0,15:35:30,2026-09-24
sz301090,华润材料,7.08,-0.03,-0.422,7.08,7.09,7.11,7.16,7.17,7.06,4392300.0,31159486.0,15:35:45,2026-09-24
sz301091,深城交,19.63,-0.15,-0.758,19.63,19.66,19.78,19.82,20.05,19.63,4218486.0,83343625.0,15:35:00,2026-09-24
sz301092,争光股份,44.9,-1.79,-3.834,44.9,44.94,46.69,46.74,47.09,44.8,1891900.0,86801375.0,15:35:15,2026-09-24
sz301093,华兰股份,67.75,-6.47,-8.717,67.75,67.88,74.22,72.37,74.47,67.51,9500868.0,671740424.0,15:35:30,2026-09-24
sz301095,广立微,74.96,-3.0,-3.848,74.96,74.97,77.96,77.11,77.85,74.79,3537153.0,269145994.0,15:35:45,2026-09-24
sz301096,百诚医药,48.23,-2.61,-5.134,48.21,48.23,50.84,51.6,51.6,48.04,3455354.0,170953494.0,15:35:00,2026-09-24
sz301097,天益医疗,34.45,-0.44,-1.261,34.45,34.48,34.89,34.7,35.1,34.45,411181.0,14271188.0,15:35:15,2026-09-24
sz301098,金埔园林,8.9,-0.1,-1.111,8.9,8.91,9.0,9.06,9.06,8.8,3702281.0,32909820.0,15:35:30,2026-09-24
sz301099,雅创电子,55.15,-2.39,-4.154,55.15,55.16,57.54,56.54,57.35,54.96,11902405.0,664280367.0,15:35:45,2026-09-24
sz301100,风光股份,15.77,0.21,1.35,15.77,15.78,15.56,15.52,16.13,15.42,1538900.0,24410436.0,15:35:00,2026-09-24
sz301101,明月镜片,30.08,-0.35,-1.15,30.07,30.08,30.43,30.58,30.58,30.06,1338900.0,40500684.0,15:35:15,2026-09-24
sz301102,兆讯传媒,9.5,-0.21,-2.163,9.5,9.52,9.71,9.66,9.84,9.49,2232615.0,21432894.0,15:35:30,2026-09-24
sz301103,何氏眼科,16.57,0.02,0.121,16.52,16.57,16.55,16.54,16.77,16.48,1448102.0,24051456.0,15:35:45,2026-09-24
sz301105,鸿铭股份,49.9,-0.78,-1.539,49.9,50.03,50.68,50.5,51.0,49.54,421796.0,21237799.0,15:35:00,2026-09-24
sz301106,骏成科技,19.28,-0.27,-1.381,19.28,19.29,19.55,19.45,19.65,19.23,1758788.0,34126991.0,15:35:15,2026-09-24
sz301107,瑜欣电子,25.29,-0.26,-1.018,25.25,25.29,25.55,25.3,25.91,24.81,2702096.0,68308302.0,15:35:30,2026-09-24
sz301108,洁雅股份,51.71,0.21,0.408,51.71,51.72,51.5,51.0,53.0,50.38,2930300.0,151624629.0,15:35:45,2026-09-24
sz301109,军信股份,12.7,-0.09,-0.704,12.7,12.72,12.79,12.78,12.85,12.7,2074620.0,26478481.0,15:35:00,2026-09-24
sz301110,青木科技,36.5,-0.7,-1.882,36.49,36.5,37.2,36.94,37.5,36.48,1993679.0,73426436.0,15:35:15,2026-09-24
sz301111,粤万年青,22.38,-0.72,-3.117,22.37,22.4,23.1,22.74,23.5,22.22,3502723.0,79910094.0,15:35:30,2026-09-24
sz301112,信邦智能,30.3,-0.74,-2.384,30.29,30.3,31.04,30.79,31.09,30.1,552800.0,16915076.0,15:35:45,2026-09-24
sz301113,雅艺科技,17.74,0.06,0.339,17.73,17.74,17.68,17.69,17.96,17.58,944917.0,16809033.0,15:35:00,2026-09-24
sz301115,联检科技,38.38,-0.32,-0.827,38.38,38.39,38.7,38.7,38.83,36.51,8762184.0,332040911.0,15:35:15,2026-09-24
sz301116,益客食品,9.12,-0.02,-0.219,9.12,9.16,9.14,9.13,9.23,9.06,2640069.0,24104191.0,15:35:30,2026-09-24
sz301117,ST佳缘,12.98,-0.27,-2.038,12.98,12.99,13.25,13.2,13.35,12.95,4040019.0,52792190.0,15:35:45,2026-09-24
sz301118,恒光股份,23.42,-0.53,-2.213,23.42,23.43,23.95,24.05,24.07,23.37,2143700.0,50716200.0,15:35:00,2026-09-24
sz301119,正强股份,26.85,0.58,2.208,26.85,26.92,26.27,26.25,28.65,25.94,5910035.0,163388120.0,15:35:15,2026-09-24
sz301120,新特电气,14.63,-0.32,-2.14,14.63,14.65,14.95,14.93,14.95,14.6,3071700.0,45259642.0,15:35:30,2026-09-24
sz301121,紫建电子,36.19,-0.19,-0.522,36.19,36.23,36.38,36.12,37.21,36.0,895998.0,32587745.0,15:35:45,2026-09-24
sz301122,采纳股份,63.54,2.24,3.654,63.53,63.54,61.3,61.1,66.27,60.07,8725381.0,557006318.0,15:35:00,2026-09-24
sz301123,奕东电子,76.8,-3.68,-4.573,76.8,76.82,80.48,79.76,80.3,76.8,5327926.0,417243206.0,15:35:15,2026-09-24
sz301125,腾亚精工,14.71,0.41,2.867,14.71,14.72,14.3,14.2,15.1,14.17,5900065.0,86657215.0,15:35:30,2026-09-24
sz301126,达嘉维康,10.36,0.06,0.583,10.33,10.36,10.3,10.3,10.57,10.3,2973298.0,30961814.0,15:35:45,2026-09-24
sz301127,武汉天源,16.56,-0.79,-4.553,16.55,16.56,17.35,17.52,17.97,16.18,25515788.0,432314768.0,15:35:00,2026-09-24
sz301128,强瑞技术,117.7,-3.1,-2.566,117.69,117.7,120.8,119.99,122.2,117.46,3845476.0,457511055.0,15:35:15,2026-09-24
sz301129,瑞纳智能,24.16,-0.12,-0.494,24.16,24.18,24.28,24.15,24.54,24.0,1702400.0,41292197.0,15:35:30,2026-09-24
sz301130,西点药业,28.19,-0.93,-3.194,28.19,28.2,29.12,29.27,29.51,28.13,4814700.0,137819148.0,15:35:45,2026-09-24
sz301131,聚赛龙,33.61,0.03,0.089,33.61,33.65,33.58,33.57,34.0,33.36,645427.0,21789474.0,15:35:00,2026-09-24
sz301132,满坤科技,70.37,-4.19,-5.62,70.37,70.38,74.56,74.0,75.9,70.29,13901832.0,1003238587.0,15:35:15,2026-09-24
sz301133,金钟股份,26.77,-0.5,-1.834,26.75,26.77,27.27,27.3,27.66,26.75,1541800.0,41788971.0,15:35:30,2026-09-24
sz301135,瑞德智能,17.91,-0.03,-0.167,17.9,17.91,17.94,17.96,18.18,17.83,1270380.0,22857934.0,15:35:45,2026-09-24
sz301136,招标股份,13.3,1.46,12.331,13.3,13.31,11.84,11.77,13.88,11.68,25872968.0,325910117.0,15:35:00,2026-09-24
sz301137,哈焊华通,30.74,-0.32,-1.03,30.73,30.74,31.06,30.92,31.49,30.72,1893299.0,58754368.0,15:35:15,2026-09-24
sz301138,华研精机,29.93,-0.05,-0.167,29.9,29.93,29.98,30.43,30.43,29.7,953600.0,28596892.0,15:35:30,2026-09-24
sz301139,*ST元道,0.0,0.0,0.0,0.0,0.0,3.31,0.0,0.0,0.0,0.0,0.0,15:35:45,2026-09-24
sz301141,中科磁业,37.79,-0.19,-0.5,37.79,37.8,37.98,37.71,39.76,37.41,2750571.0,105080234.0,15:35:00,2026-09-24
sz301148,嘉戎技术,58.56,-2.51,-4.11,58.56,58.57,61.07,60.99,61.26,58.55,1587700.0,94813694.0,15:35:15,2026-09-24
sz301149,隆华新材,8.91,-0.34,-3.676,8.9,8.91,9.25,9.25,9.25,8.87,32403470.0,292662061.0,15:35:30,2026-09-24
sz301150,中一科技,46.0,-3.2,-6.504,46.0,46.01,49.2,50.91,51.5,45.93,45672441.0,2161542593.0,15:35:45,2026-09-24
sz301151,冠龙节能,21.48,-1.21,-5.333,21.47,21.48,22.69,22.69,22.69,21.45,3593691.0,78327947.0,15:35:00,2026-09-24
sz301152,天力锂能,21.02,-0.18,-0.849,21.01,21.02,21.2,21.25,21.34,20.96,2452884.0,51839358.0,15:35:15,2026-09-24
sz301153,中科江南,17.04,-0.36,-2.069,17.04,17.05,17.4,17.5,17.5,16.94,2057500.0,35278812.0,15:35:30,2026-09-24
sz301155,海力风电,43.1,0.08,0.186,43.1,43.11,43.02,42.86,44.35,42.5,6786152.0,294963714.0,15:35:45,2026-09-24
sz301156,美农生物,11.81,-0.07,-0.589,11.77,11.81,11.88,11.88,12.01,11.69,2431083.0,28727745.0,15:35:00,2026-09-24
sz301157,华塑科技,66.19,-1.53,-2.259,66.17,66.19,67.72,69.29,69.29,66.02,665800.0,44632390.0,15:35:15,2026-09-24
sz301158,德石股份,14.27,-0.07,-0.488,14.27,14.28,14.34,14.35,14.52,14.2,2283510.0,32727130.0,15:35:30,2026-09-24
sz301159,三维天地,32.25,-0.86,-2.597,32.24,32.25,33.11,32.94,33.34,32.22,1468800.0,47994732.0,15:35:45,2026-09-24
sz301160,翔楼新材,45.11,0.51,1.143,45.11,45.12,44.6,44.15,46.2,44.05,7379649.0,336080918.0,15:35:00,2026-09-24
sz301161,唯万密封,30.7,-0.64,-2.042,30.7,30.75,31.34,31.35,31.5,30.68,1877800.0,58264878.0,15:35:15,2026-09-24
sz301162,国能日新,36.73,-0.91,-2.418,36.72,36.73,37.64,37.75,37.75,36.52,1448542.0,53536795.0,15:35:30,2026-09-24
sz301163,宏德股份,23.44,-0.03,-0.128,23.44,23.45,23.47,23.35,23.89,23.12,1435500.0,33761573.0,15:35:45,2026-09-24
sz301165,锐捷网络,111.7,-2.46,-2.155,111.7,111.71,114.16,113.78,114.75,111.66,7295467.0,825223955.0,15:35:00,2026-09-24
sz301166,优宁维,33.02,-0.01,-0.03,33.02,33.03,33.03,33.13,34.99,32.97,3409302.0,114566933.0,15:35:15,2026-09-24
sz301167,建研设计,13.37,-0.08,-0.595,13.37,13.39,13.45,13.5,13.57,13.33,1628660.0,21884707.0,15:35:30,2026-09-24
sz301168,通灵股份,39.82,0.07,0.176,39.69,39.82,39.75,39.65,40.04,39.41,316300.0,12566279.0,15:35:45,2026-09-24
sz301169,零点有数,53.2,-1.7,-3.097,53.2,53.29,54.9,54.54,55.21,53.0,1270200.0,68676911.0,15:35:00,2026-09-24
sz301170,锡南科技,23.08,-0.06,-0.259,23.02,23.08,23.14,23.23,23.38,23.02,738700.0,17129319.0,15:35:15,2026-09-24
sz301171,易点天下,33.51,-1.2,-3.457,33.51,33.52,34.71,34.64,35.4,33.47,39750779.0,1361866957.0,15:35:30,2026-09-24
sz301172,君逸数码,18.29,-0.5,-2.661,18.27,18.29,18.79,18.66,18.73,18.27,3135805.0,57877387.0,15:35:45,2026-09-24
sz301173,毓恬冠佳,33.21,0.06,0.181,33.13,33.21,33.15,32.95,33.5,32.95,359295.0,11969448.0,15:35:00,2026-09-24
sz301175,中科环保,5.55,-0.04,-0.716,5.55,5.56,5.59,5.58,5.62,5.53,8302459.0,46277338.0,15:35:15,2026-09-24
sz301176,逸豪新材,58.43,-7.09,-10.821,58.43,58.44,65.52,63.0,63.6,58.37,17673481.0,1067921726.0,15:35:30,2026-09-24
sz301177,迪阿股份,23.06,-0.33,-1.411,23.05,23.06,23.39,23.25,23.43,23.05,984203.0,22822713.0,15:35:45,2026-09-24
sz301178,天亿马,35.88,-0.02,-0.056,35.88,35.89,35.9,35.9,36.58,35.36,2267228.0,81446661.0,15:35:00,2026-09-24
sz301179,泽宇智能,19.98,-0.61,-2.963,19.98,19.99,20.59,20.59,20.59,19.98,2833623.0,57274010.0,15:35:15,2026-09-24
sz301180,万祥科技,11.55,-0.26,-2.202,11.55,11.56,11.81,11.9,11.9,11.53,2348000.0,27374605.0,15:35:30,2026-09-24
sz301181,标榜股份,26.39,0.59,2.287,26.37,26.39,25.8,25.67,27.2,25.67,3247940.0,86158733.0,15:35:45,2026-09-24
sz301182,凯旺科技,68.91,-3.07,-4.265,68.9,68.91,71.98,72.12,72.16,68.79,1831859.0,128253893.0,15:35:00,2026-09-24
sz301183,东田微,306.6,-7.17,-2.285,306.6,306.66,313.77,313.61,316.99,306.2,3374254.0,1046002128.0,15:35:15,2026-09-24
sz301185,鸥玛软件,17.35,0.02,0.115,17.35,17.36,17.33,17.24,17.37,17.15,1257400.0,21720794.0,15:35:30,2026-09-24
sz301186,超达装备,36.63,-1.33,-3.504,36.63,36.64,37.96,37.73,37.89,36.63,1721480.0,64002235.0,15:35:45,2026-09-24
sz301187,欧圣电气,15.72,0.06,0.383,15.72,15.73,15.66,15.66,16.22,15.51,4676563.0,74360133.0,15:35:00,2026-09-24
sz301188,力诺药包,35.45,-1.41,-3.825,35.45,35.47,36.86,36.01,37.15,35.27,16797659.0,604040019.0,15:35:15,2026-09-24
sz301189,奥尼电子,75.79,3.19,4.394,75.79,75.8,72.6,72.97,83.0,71.95,13204878.0,1005431346.0,15:35:30,2026-09-24
sz301190,善水科技,20.79,-0.61,-2.85,20.76,20.79,21.4,21.54,21.77,20.7,6147054.0,129571483.0,15:35:45,2026-09-24
sz301191,菲菱科思,84.73,-3.38,-3.836,84.72,84.73,88.11,88.12,88.99,84.72,3627941.0,313062624.0,15:35:00,2026-09-24
sz301192,泰祥股份,19.81,0.0,0.0,19.79,19.81,19.81,19.75,20.1,19.51,1035100.0,20574283.0,15:35:15,2026-09-24
sz301193,家联科技,23.81,-0.13,-0.543,23.81,23.84,23.94,24.58,25.38,23.7,11713345.0,286514677.0,15:35:30,2026-09-24
sz301195,北路智控,27.14,-0.31,-1.129,27.14,27.16,27.45,27.39,27.89,27.14,862700.0,23678847.0,15:35:45,2026-09-24
sz301196,唯科科技,87.2,-3.14,-3.476,87.13,87.2,90.34,91.0,91.0,87.0,2423450.0,214673268.0,15:35:00,2026-09-24
sz301197,工大科雅,27.56,-1.21,-4.206,27.56,27.57,28.77,28.58,28.81,27.42,2670041.0,74394892.0,15:35:15,2026-09-24
sz301198,喜悦智行,14.71,0.11,0.753,14.7,14.71,14.6,14.65,15.01,14.1,6460770.0,94469001.0,15:35:30,2026-09-24
sz301199,迈赫股份,18.11,-0.06,-0.33,18.11,18.13,18.17,18.17,18.31,18.05,828403.0,15072398.0,15:35:45,2026-09-24
sz301200,大族数控,243.52,-13.46,-5.238,243.52,243.6,256.98,255.01,256.82,243.2,2938319.0,727621306.0,15:35:00,2026-09-24
sz301201,诚达药业,30.15,-2.66,-8.107,30.15,30.16,32.81,32.67,32.99,29.79,14104859.0,435813448.0,15:35:15,2026-09-24
sz301202,朗威股份,37.84,-1.7,-4.299,37.82,37.84,39.54,39.54,39.55,37.7,1246300.0,47889229.0,15:35:30,2026-09-24
sz301203,国泰环保,33.93,-0.51,-1.481,33.92,34.15,34.44,34.45,34.55,33.83,277500.0,9498938.0,15:35:45,2026-09-24
sz301205,联特科技,308.0,-16.88,-5.196,308.0,308.01,324.88,325.58,329.27,308.0,4525332.0,1423443286.0,15:35:00,2026-09-24
sz301206,三元生物,23.65,-0.65,-2.675,23.65,23.66,24.3,24.15,24.3,23.61,3315239.0,79180820.0,15:35:15,2026-09-24
sz301207,华兰疫苗,19.27,-0.56,-2.824,19.26,19.27,19.83,19.7,19.95,19.2,10660340.0,207612561.0,15:35:30,2026-09-24
sz301208,中亦科技,30.23,-0.32,-1.047,30.23,30.25,30.55,30.64,30.69,30.17,671642.0,20392841.0,15:35:45,2026-09-24
sz301209,联合化学,60.9,-5.13,-7.769,60.88,60.9,66.03,66.4,66.56,60.09,3816000.0,241386204.0,15:35:00,2026-09-24
sz301210,金杨精密,30.2,-1.25,-3.975,30.19,30.2,31.45,31.06,31.85,30.1,5151725.0,158636127.0,15:35:15,2026-09-24
sz301211,亨迪药业,12.23,-0.36,-2.859,12.22,12.23,12.59,12.54,12.73,12.2,8605895.0,106600582.0,15:35:30,2026-09-24
sz301212,联盛化学,26.3,-0.38,-1.424,26.28,26.3,26.68,26.78,26.98,26.28,787100.0,20871041.0,15:35:45,2026-09-24
sz301213,观想科技,44.5,-1.19,-2.605,44.5,44.52,45.69,45.68,46.28,44.5,2408372.0,108850689.0,15:35:00,2026-09-24
sz301215,中汽股份,5.29,-0.02,-0.377,5.29,5.3,5.31,5.3,5.38,5.28,6351182.0,33832259.0,15:35:15,2026-09-24
sz301216,万凯新材,17.05,-0.55,-3.125,17.05,17.06,17.6,17.59,17.59,17.03,12771853.0,220138878.0,15:35:30,2026-09-24
sz301217,铜冠铜箔,112.3,-6.93,-5.812,112.3,112.31,119.23,117.01,119.0,112.25,28973841.0,3336042221.0,15:35:45,2026-09-24
sz301218,华是科技,50.24,1.69,3.481,50.24,50.25,48.55,49.25,50.62,48.27,14646853.0,725729911.0,15:35:00,2026-09-24
sz301219,腾远钴业,40.05,-1.23,-2.98,40.04,40.05,41.28,41.16,41.26,40.03,4231119.0,171260941.0,15:35:15,2026-09-24
sz301220,亚香股份,31.24,-1.17,-3.61,31.2,31.24,32.41,32.33,32.95,31.15,2471833.0,78560139.0,15:35:30,2026-09-24
sz301221,光庭信息,27.11,-0.73,-2.622,27.11,27.13,27.84,27.95,27.95,27.02,1123366.0,30751522.0,15:35:45,2026-09-24
sz301222,浙江恒威,25.13,-1.45,-5.455,25.1,25.13,26.58,26.59,26.95,24.98,4229520.0,108275694.0,15:35:00,2026-09-24
sz301223,中荣股份,18.63,0.19,1.03,18.6,18.63,18.44,18.3,18.63,18.22,784867.0,14540852.0,15:35:15,2026-09-24
sz301225,恒勃股份,60.1,-1.09,-1.781,60.06,60.1,61.19,60.78,63.28,59.91,3662938.0,224817159.0,15:35:30,2026-09-24
sz301226,祥明智能,35.39,1.68,4.984,35.39,35.4,33.71,33.23,36.38,33.23,4567585.0,162005274.0,15:35:45,2026-09-24
sz301227,森鹰窗业,32.47,-0.97,-2.901,32.47,32.57,33.44,33.52,33.57,32.45,1882600.0,62142003.0,15:35:00,2026-09-24
sz301228,实朴检测,55.15,-2.94,-5.061,55.12,55.15,58.09,57.8,58.12,54.82,2373354.0,132732816.0,15:35:15,2026-09-24
sz301229,纽泰格,11.98,0.06,0.503,11.98,11.99,11.92,11.93,12.19,11.82,2977000.0,35850614.0,15:35:30,2026-09-24
sz301230,泓博医药,38.18,-1.89,-4.717,38.17,38.18,40.07,39.73,40.0,38.12,20540941.0,796379069.0,15:35:45,2026-09-24
sz301231,荣信文化,29.92,-0.47,-1.547,29.92,29.93,30.39,30.67,30.99,29.71,4381400.0,132347495.0,15:35:00,2026-09-24
sz301232,飞沃科技,89.52,-1.15,-1.268,89.52,89.53,90.67,90.53,92.88,89.49,2918581.0,264948417.0,15:35:15,2026-09-24
sz301233,盛帮股份,35.82,-1.75,-4.658,35.78,35.82,37.57,37.43,37.69,35.2,3448830.0,124915833.0,15:35:30,2026-09-24
sz301234,五洲医疗,122.6,0.6,0.492,122.6,122.64,122.0,118.5,126.75,118.01,2585288.0,318140666.0,15:35:45,2026-09-24
sz301235,华康洁净,46.2,-1.42,-2.982,46.18,46.2,47.62,47.3,47.46,46.16,4160417.0,194332695.0,15:35:00,2026-09-24
sz301236,软通动力,35.95,-1.04,-2.812,35.95,35.96,36.99,36.73,37.06,35.9,11972251.0,436359642.0,15:35:15,2026-09-24
sz301237,和顺科技,40.27,-1.76,-4.187,40.26,40.27,42.03,41.7,42.3,40.12,1868116.0,76690205.0,15:35:30,2026-09-24
sz301238,瑞泰新材,15.71,-0.2,-1.257,15.7,15.71,15.91,15.86,16.03,15.68,4908400.0,77738934.0,15:35:45,2026-09-24
sz301239,普瑞眼科,31.5,-0.15,-0.474,31.47,31.5,31.65,31.57,32.06,31.33,1730627.0,54740631.0,15:35:00,2026-09-24
sz301246,宏源药业,17.67,-0.39,-2.159,17.67,17.68,18.06,18.07,18.24,17.67,5154628.0,92441965.0,15:35:15,2026-09-24
sz301248,杰创智能,58.91,-0.79,-1.323,58.91,58.92,59.7,59.25,60.8,58.57,3714627.0,221388751.0,15:35:30,2026-09-24
sz301251,威尔高,88.78,-2.02,-2.225,88.77,88.78,90.8,93.04,95.96,88.7,14839859.0,1356142726.0,15:35:45,2026-09-24
sz301252,同星科技,40.72,-0.65,-1.571,40.72,40.76,41.37,41.0,41.49,39.86,2668337.0,108516328.0,15:35:00,2026-09-24
sz301255,通力科技,19.15,-0.09,-0.468,19.15,19.16,19.24,19.23,19.53,19.01,935220.0,18026880.0,15:35:15,2026-09-24
sz301256,华融化学,10.03,-0.09,-0.889,10.03,10.04,10.12,10.12,10.14,9.99,3178782.0,32016590.0,15:35:30,2026-09-24
sz301257,普蕊斯,40.8,-1.3,-3.088,40.79,40.8,42.1,42.19,42.59,40.7,3654311.0,151123893.0,15:35:45,2026-09-24
sz301258,富士莱,26.81,-0.15,-0.556,26.81,26.83,26.96,26.96,27.47,26.65,1183100.0,31811794.0,15:35:00,2026-09-24
sz301259,艾布鲁,20.83,-0.36,-1.699,20.83,20.84,21.19,21.19,21.89,20.7,7979837.0,170628063.0,15:35:15,2026-09-24
sz301260,格力博,11.76,-0.09,-0.759,11.75,11.76,11.85,11.8,11.92,11.7,1429000.0,16904146.0,15:35:30,2026-09-24
sz301261,恒工精密,55.05,-1.04,-1.854,55.05,55.06,56.09,56.04,56.9,54.8,1360120.0,75991981.0,15:35:45,2026-09-24
sz301262,海看股份,19.73,-0.18,-0.904,19.72,19.73,19.91,19.89,20.23,19.7,6271717.0,125004748.0,15:35:00,2026-09-24
sz301263,泰恩康,19.81,-1.98,-9.087,19.8,19.81,21.79,21.8,21.89,19.55,15182187.0,306775203.0,15:35:15,2026-09-24
sz301265,华新科技,21.82,-0.61,-2.72,21.82,21.88,22.43,22.46,22.66,21.8,5977909.0,132564008.0,15:35:30,2026-09-24
sz301266,宇邦新材,25.35,-1.02,-3.868,25.33,25.35,26.37,26.13,26.13,25.28,3051360.0,78102194.0,15:35:45,2026-09-24
sz301267,华厦眼科,14.91,-0.2,-1.324,14.91,14.93,15.11,15.09,15.18,14.87,2962518.0,44415017.0,15:35:00,2026-09-24
sz301268,铭利达,12.01,-0.12,-0.989,12.01,12.06,12.13,12.1,12.39,11.95,2858096.0,34705857.0,15:35:15,2026-09-24
sz301269,华大九天,87.56,-1.74,-1.948,87.55,87.56,89.3,88.6,89.57,87.31,2970254.0,262464173.0,15:35:30,2026-09-24
sz301270,汉仪股份,32.45,-0.48,-1.458,32.45,32.46,32.93,32.8,33.15,32.4,1149600.0,37569092.0,15:35:45,2026-09-24
sz301272,英华特,35.29,-0.39,-1.093,35.27,35.29,35.68,35.85,36.2,35.24,581858.0,20732356.0,15:35:00,2026-09-24
sz301273,瑞晨环保,36.83,-0.63,-1.682,36.77,36.83,37.46,37.19,37.67,36.51,1365460.0,50794101.0,15:35:15,2026-09-24
sz301275,汉朔科技,40.1,-1.1,-2.67,40.1,40.11,41.2,40.92,41.13,40.01,3327697.0,134676937.0,15:35:30,2026-09-24
sz301276,嘉曼服饰,17.54,0.07,0.401,17.54,17.55,17.47,17.45,17.76,17.45,2216943.0,39074846.0,15:35:45,2026-09-24
sz301277,新天地,10.24,-0.21,-2.01,10.24,10.25,10.45,10.45,10.51,10.22,2491470.0,25773461.0,15:35:00,2026-09-24
sz301278,快可电子,29.44,-0.47,-1.571,29.44,29.45,29.91,29.87,30.09,29.37,1440072.0,42781298.0,15:35:15,2026-09-24
sz301279,金道科技,24.45,0.46,1.917,24.45,24.46,23.99,23.9,25.0,23.84,2893770.0,71182485.0,15:35:30,2026-09-24
sz301280,珠城科技,43.5,-1.61,-3.569,43.5,43.55,45.11,45.02,45.02,43.3,2263140.0,99517154.0,15:35:45,2026-09-24
sz301281,科源制药,49.32,-0.68,-1.36,49.3,49.32,50.0,50.5,51.66,49.04,2576582.0,129276262.0,15:35:00,2026-09-24
sz301282,金禄电子,43.6,-4.12,-8.634,43.6,43.65,47.72,47.0,47.52,43.5,16360634.0,735798855.0,15:35:15,2026-09-24
sz301283,聚胶股份,25.68,-0.52,-1.985,25.68,25.76,26.2,26.3,26.35,25.6,636185.0,16439465.0,15:35:30,2026-09-24
sz301285,鸿日达,98.24,-3.29,-3.24,98.24,98.47,101.53,100.48,102.21,97.0,2282290.0,225909887.0,15:35:45,2026-09-24
sz301286,侨源股份,47.15,-0.93,-1.934,47.15,47.17,48.08,47.86,48.18,47.11,906843.0,43115760.0,15:35:00,2026-09-24
sz301287,康力源,41.0,0.5,1.235,41.0,41.1,40.5,40.08,41.47,40.08,763800.0,31291081.0,15:35:15,2026-09-24
sz301288,清研环境,16.97,-0.43,-2.471,16.96,16.97,17.4,17.35,17.46,16.97,1099900.0,18873991.0,15:35:30,2026-09-24
sz301289,国缆检测,44.89,0.41,0.922,44.89,44.9,44.48,44.48,45.23,43.7,1089367.0,48804732.0,15:35:45,2026-09-24
sz301290,东星医疗,29.5,-0.37,-1.239,29.5,29.53,29.87,30.11,30.8,29.39,3436011.0,103475155.0,15:35:00,2026-09-24
sz301291,明阳电气,35.11,-0.53,-1.487,35.1,35.11,35.64,35.46,36.36,35.0,5892700.0,210502013.0,15:35:15,2026-09-24
sz301292,海科新源,57.16,-1.38,-2.357,57.09,57.16,58.54,58.82,58.82,57.01,3161299.0,182277470.0,15:35:30,2026-09-24
sz301293,三博脑科,49.95,-0.77,-1.518,49.95,49.96,50.72,50.8,51.38,49.88,3479310.0,175605549.0,15:35:45,2026-09-24
sz301295,美硕科技,37.29,-0.32,-0.851,37.29,37.3,37.61,37.8,37.81,37.08,850100.0,31776580.0,15:35:00,2026-09-24
sz301296,新巨丰,6.38,-0.06,-0.932,6.38,6.39,6.44,6.45,6.46,6.37,2364000.0,15135164.0,15:35:15,2026-09-24
sz301297,富乐德,50.72,1.03,2.073,50.71,50.72,49.69,50.01,53.25,49.58,40400047.0,2088941388.0,15:35:30,2026-09-24
sz301298,东利机械,12.82,0.06,0.47,12.82,12.84,12.76,12.73,12.9,12.64,1207000.0,15472571.0,15:35:45,2026-09-24
sz301299,卓创资讯,46.45,-0.71,-1.506,46.43,46.45,47.16,47.42,47.47,46.3,1009100.0,47193489.0,15:35:00,2026-09-24
sz301300,远翔新材,32.73,-1.27,-3.735,32.73,32.74,34.0,33.7,34.05,32.53,1884902.0,62583041.0,15:35:15,2026-09-24
sz301301,川宁生物,8.02,-0.1,-1.232,8.01,8.02,8.12,8.1,8.18,7.97,9168482.0,73785629.0,15:35:30,2026-09-24
sz301302,华如科技,21.72,-0.05,-0.23,21.71,21.72,21.77,21.75,22.12,21.6,3897000.0,85126861.0,15:35:45,2026-09-24
sz301303,真兰仪表,14.45,0.49,3.51,14.44,14.45,13.96,14.0,14.76,13.95,8687461.0,125669886.0,15:35:00,2026-09-24
sz301305,朗坤科技,26.3,-0.98,-3.592,26.3,26.31,27.28,27.32,27.47,26.28,5382386.0,142874651.0,15:35:15,2026-09-24
sz301306,西测测试,98.28,-0.83,-0.837,98.28,98.29,99.11,98.5,103.24,97.16,3509847.0,351475833.0,15:35:30,2026-09-24
sz301307,美利信,58.11,-1.61,-2.696,58.1,58.11,59.72,59.5,60.0,57.78,4755728.0,278162467.0,15:35:45,2026-09-24
sz301308,江波龙,331.77,-14.23,-4.113,331.76,331.77,346.0,341.31,343.0,331.77,7390581.0,2478676154.0,15:35:00,2026-09-24
sz301309,万得凯,30.43,-0.4,-1.297,30.43,30.54,30.83,30.65,30.96,30.43,479100.0,14711688.0,15:35:15,2026-09-24
sz301310,鑫宏业,55.47,-2.64,-4.543,55.46,55.47,58.11,57.44,58.07,53.23,8486674.0,468992090.0,15:35:30,2026-09-24
sz301311,昆船智能,17.98,3.0,20.027,17.98,0.0,14.98,15.06,17.98,15.06,33845078.0,569676283.0,15:35:45,2026-09-24
sz301312,智立方,87.0,-5.6,-6.048,87.0,87.01,92.6,91.43,91.43,86.87,5565752.0,491997967.0,15:35:00,2026-09-24
sz301313,凡拓数创,30.82,-0.49,-1.565,30.81,30.82,31.31,31.05,31.56,30.78,2687500.0,83528521.0,15:35:15,2026-09-24
sz301314,科瑞思,48.7,-0.42,-0.855,48.7,48.79,49.12,48.9,49.99,48.17,1225170.0,59990118.0,15:35:30,2026-09-24
sz301315,威士顿,44.19,-0.49,-1.097,44.17,44.19,44.68,44.58,44.9,43.83,2276689.0,100893079.0,15:35:45,2026-09-24
sz301316,慧博云通,41.39,1.59,3.995,41.39,41.4,39.8,39.67,42.3,39.38,24077188.0,995110956.0,15:35:00,2026-09-24
sz301317,鑫磊股份,48.69,-1.99,-3.927,48.65,48.7,50.68,50.93,50.93,48.52,1350900.0,66778391.0,15:35:15,2026-09-24
sz301318,维海德,21.34,-0.29,-1.341,21.34,21.4,21.63,21.63,21.8,21.34,965435.0,20794043.0,15:35:30,2026-09-24
sz301319,唯特偶,95.33,-3.96,-3.988,95.33,95.38,99.29,98.46,99.26,95.18,5165310.0,499673494.0,15:35:45,2026-09-24
sz301320,豪江智能,14.04,-0.14,-0.987,14.03,14.04,14.18,14.18,14.29,14.04,1184965.0,16776206.0,15:35:00,2026-09-24
sz301321,翰博高新,51.28,-2.04,-3.826,51.28,51.29,53.32,53.26,53.27,50.7,5336821.0,274749925.0,15:35:15,2026-09-24
sz301322,绿通科技,47.31,2.29,5.087,47.31,47.32,45.02,44.5,49.78,44.5,9398882.0,447025111.0,15:35:30,2026-09-24
sz301323,新莱福,77.58,-2.2,-2.758,77.58,77.6,79.78,79.42,80.7,77.45,1721271.0,135281440.0,15:35:45,2026-09-24
sz301325,曼恩斯特,31.3,-0.7,-2.188,31.3,31.31,32.0,32.01,32.17,31.3,1460101.0,46424898.0,15:35:00,2026-09-24
sz301326,捷邦科技,105.22,-2.97,-2.745,105.22,105.29,108.19,108.19,108.19,104.6,1056600.0,111926532.0,15:35:15,2026-09-24
sz301327,华宝新能,41.5,-0.53,-1.261,41.46,41.5,42.03,41.82,42.24,41.46,655400.0,27421390.0,15:35:30,2026-09-24
sz301328,维峰电子,50.39,-1.64,-3.152,50.39,50.42,52.03,51.06,52.86,50.21,2365592.0,121244701.0,15:35:45,2026-09-24
sz301329,信音电子,20.56,-0.38,-1.815,20.56,20.57,20.94,20.84,21.0,20.55,2577801.0,53486031.0,15:35:00,2026-09-24
sz301330,熵基科技,25.93,-0.07,-0.269,25.93,25.94,26.0,25.88,26.48,25.88,2316035.0,60577858.0,15:35:15,2026-09-24
sz301331,恩威医药,21.61,-0.24,-1.098,21.61,21.66,21.85,21.4,22.49,21.4,1269800.0,27500463.0,15:35:30,2026-09-24
sz301332,德尔玛,7.63,-0.03,-0.392,7.63,7.64,7.66,7.65,7.72,7.63,2591522.0,19853788.0,15:35:45,2026-09-24
sz301333,诺思格,64.29,-2.38,-3.57,64.29,64.3,66.67,66.2,66.83,64.26,2068499.0,134872246.0,15:35:00,2026-09-24
sz301335,天元宠物,25.66,0.15,0.588,25.66,25.67,25.51,25.25,26.26,25.24,2195380.0,56841400.0,15:35:15,2026-09-24
sz301336,趣睡科技,43.55,-0.39,-0.888,43.55,43.56,43.94,43.34,44.34,43.34,832500.0,36382606.0,15:35:30,2026-09-24
sz301337,亚华电子,27.85,-1.55,-5.272,27.81,27.85,29.4,29.35,29.35,27.81,1626500.0,46066312.0,15:35:45,2026-09-24
sz301338,凯格精机,99.92,-4.7,-4.492,99.9,99.92,104.62,106.8,107.48,99.7,7334844.0,745556988.0,15:35:00,2026-09-24
sz301339,通行宝,13.45,1.35,11.157,13.45,13.46,12.1,12.25,13.88,12.25,35938409.0,476733361.0,15:35:15,2026-09-24
sz301345,涛涛车业,236.46,-5.15,-2.132,236.46,236.53,241.61,240.02,244.5,236.0,408000.0,97921065.0,15:35:30,2026-09-24
sz301348,蓝箭电子,22.56,-0.15,-0.661,22.56,22.57,22.71,22.58,23.0,22.47,6359089.0,144598053.0,15:35:45,2026-09-24
sz301349,信德新材,46.15,-1.12,-2.369,46.12,46.15,47.27,47.02,47.76,46.09,2492491.0,116358236.0,15:35:00,2026-09-24
sz301353,普莱得,20.53,0.21,1.033,20.52,20.53,20.32,20.23,20.64,19.99,1879980.0,38407842.0,15:35:15,2026-09-24
sz301355,南王科技,11.98,-0.1,-0.828,11.97,11.98,12.08,11.99,12.17,11.87,3185400.0,38205387.0,15:35:30,2026-09-24
sz301356,天振股份,21.75,1.02,4.92,21.74,21.75,20.73,20.73,23.16,20.73,5993911.0,132979928.0,15:35:45,2026-09-24
sz301357,北方长龙,93.6,-2.44,-2.541,93.6,93.64,96.04,96.09,97.34,92.61,2845605.0,267110766.0,15:35:00,2026-09-24
sz301358,湖南裕能,51.38,-0.57,-1.097,51.38,51.39,51.95,51.7,52.47,51.36,8292780.0,429179282.0,15:35:15,2026-09-24
sz301359,东南电子,20.07,0.54,2.765,20.07,20.08,19.53,19.31,20.33,19.31,2082912.0,41677681.0,15:35:30,2026-09-24
sz301360,荣旗科技,65.65,-2.33,-3.427,65.64,65.65,67.98,67.6,67.69,65.41,2312150.0,153055385.0,15:35:45,2026-09-24
sz301361,众智科技,27.15,0.07,0.258,27.15,27.17,27.08,26.86,27.66,26.86,1436200.0,39339127.0,15:35:00,2026-09-24
sz301362,民爆光电,114.79,-6.89,-5.662,114.79,114.88,121.68,120.83,120.83,114.3,3059738.0,356865359.0,15:35:15,2026-09-24
sz301363,美好医疗,16.55,-0.48,-2.819,16.55,16.57,17.03,17.04,17.19,16.52,12630263.0,212129645.0,15:35:30,2026-09-24
sz301365,矩阵股份,36.1,-0.38,-1.042,36.1,36.12,36.48,36.15,36.99,35.88,2832200.0,102827984.0,15:35:45,2026-09-24
sz301366,一博科技,73.18,-1.97,-2.621,73.17,73.18,75.15,75.41,76.54,73.08,13199117.0,976720827.0,15:35:00,2026-09-24
sz301367,瑞迈特,46.27,-0.49,-1.048,46.27,46.28,46.76,46.52,47.47,46.24,1267675.0,59285129.0,15:35:15,2026-09-24
sz301368,丰立智能,38.95,-0.2,-0.511,38.95,38.98,39.15,39.66,39.66,38.51,1313100.0,51451346.0,15:35:30,2026-09-24
sz301369,联动科技,149.41,-6.0,-3.861,149.41,149.42,155.41,153.4,155.36,141.24,6197855.0,923561525.0,15:35:45,2026-09-24
sz301370,国科恒泰,8.58,-0.06,-0.694,8.57,8.58,8.64,8.6,8.67,8.57,1852600.0,15956981.0,15:35:00,2026-09-24
sz301371,敷尔佳,20.88,-0.26,-1.23,20.88,20.9,21.14,21.14,21.28,20.86,1648882.0,34710364.0,15:35:15,2026-09-24
sz301372,科净源,34.48,-0.37,-1.062,34.43,34.48,34.85,35.0,35.29,34.2,1114620.0,38634743.0,15:35:30,2026-09-24
sz301373,凌玮科技,136.68,1.33,0.983,136.67,136.68,135.35,134.15,139.84,127.08,11165081.0,1506103160.0,15:35:45,2026-09-24
sz301376,致欧科技,22.85,0.17,0.75,22.85,22.86,22.68,22.83,22.99,22.57,2685000.0,61226127.0,15:35:00,2026-09-24
sz301377,鼎泰高科,378.99,-12.37,-3.161,378.99,379.0,391.36,388.02,391.08,378.0,2366964.0,904694725.0,15:35:15,2026-09-24
sz301378,通达海,25.19,-0.39,-1.525,25.15,25.19,25.58,25.44,25.6,25.03,1306790.0,33040335.0,15:35:30,2026-09-24
sz301379,天山电子,21.25,-0.56,-2.568,21.24,21.25,21.81,21.69,21.88,21.21,5544392.0,119031093.0,15:35:45,2026-09-24
sz301380,挖金客,34.5,0.34,0.995,34.47,34.5,34.16,34.16,34.63,33.56,2963489.0,101307628.0,15:35:00,2026-09-24
sz301381,赛维时代,24.2,-0.53,-2.143,24.2,24.24,24.73,24.68,24.77,24.14,4893680.0,119335430.0,15:35:15,2026-09-24
sz301382,蜂助手,38.95,0.34,0.881,38.95,38.96,38.61,38.54,39.87,38.06,14386790.0,559750121.0,15:35:30,2026-09-24
sz301383,天键股份,23.94,-0.71,-2.88,23.93,23.94,24.65,24.65,24.65,23.9,1102793.0,26742653.0,15:35:45,2026-09-24
sz301386,未来电器,21.51,-0.3,-1.376,21.5,21.51,21.81,21.82,22.1,21.51,1887348.0,41020612.0,15:35:00,2026-09-24
sz301387,光大同创,55.67,-1.15,-2.024,55.66,55.67,56.82,56.82,59.38,55.36,2217660.0,126548551.0,15:35:15,2026-09-24
sz301388,欣灵电气,25.46,0.28,1.112,25.46,25.47,25.18,25.18,25.67,24.85,1260101.0,32124843.0,15:35:30,2026-09-24
sz301389,隆扬电子,59.01,-2.79,-4.515,59.0,59.01,61.8,61.04,62.65,58.85,9255073.0,559632898.0,15:35:45,2026-09-24
sz301390,经纬股份,44.21,0.92,2.125,44.21,44.22,43.29,42.65,44.88,41.17,7121563.0,308689469.0,15:35:00,2026-09-24
sz301391,卡莱特,45.52,-0.98,-2.108,45.52,45.66,46.5,46.17,46.99,45.45,831038.0,38242786.0,15:35:15,2026-09-24
sz301392,汇成真空,169.51,-6.56,-3.726,169.51,169.52,176.07,174.8,179.5,169.28,2565497.0,443780786.0,15:35:30,2026-09-24
sz301393,昊帆生物,66.98,-4.52,-6.322,66.94,66.98,71.5,70.96,72.16,66.88,5883171.0,404422305.0,15:35:45,2026-09-24
sz301395,仁信新材,12.08,-0.46,-3.668,12.07,12.08,12.54,12.38,12.56,12.03,2804368.0,34333194.0,15:35:00,2026-09-24
sz301396,宏景科技,176.85,-6.68,-3.64,176.85,176.86,183.53,180.01,182.65,176.34,10612830.0,1895115740.0,15:35:15,2026-09-24
sz301397,溯联股份,23.03,-0.25,-1.074,23.03,23.04,23.28,23.23,23.3,22.96,1062596.0,24583867.0,15:35:30,2026-09-24
sz301398,星源卓镁,38.52,-1.04,-2.629,38.51,38.52,39.56,39.01,40.1,38.52,1379980.0,54185136.0,15:35:45,2026-09-24
sz301399,英特科技,21.46,-0.52,-2.366,21.46,21.49,21.98,21.85,22.02,21.46,2867015.0,62116986.0,15:35:00,2026-09-24
sz301408,华人健康,14.85,-0.26,-1.721,14.84,14.85,15.11,15.05,15.32,14.79,11293438.0,169270019.0,15:35:15,2026-09-24
sz301413,安培龙,55.55,-0.77,-1.367,55.55,55.62,56.32,56.42,58.76,55.55,3788338.0,215981346.0,15:35:30,2026-09-24
sz301418,协昌科技,35.22,0.02,0.057,35.22,35.26,35.2,35.6,36.34,35.09,1526600.0,54321979.0,15:35:45,2026-09-24
sz301419,阿莱德,45.57,-3.02,-6.215,45.57,45.6,48.59,48.21,48.65,45.38,8301101.0,384072274.0,15:35:00,2026-09-24
sz301421,波长光电,78.84,-2.04,-2.522,78.83,78.84,80.88,79.99,80.88,78.71,1882911.0,149805060.0,15:35:15,2026-09-24
sz301428,世纪恒通,27.31,-0.61,-2.185,27.3,27.31,27.92,27.85,28.03,27.31,1888262.0,52062659.0,15:35:30,2026-09-24
sz301429,森泰股份,17.41,-0.13,-0.741,17.41,17.44,17.54,17.48,17.69,17.32,1700600.0,29677362.0,15:35:45,2026-09-24
sz301439,泓淋电力,14.08,-0.1,-0.705,14.08,14.09,14.18,14.15,14.23,14.03,3264500.0,46097039.0,15:35:00,2026-09-24
sz301446,福事特,39.44,-0.09,-0.228,39.43,39.44,39.53,39.46,40.95,39.21,922783.0,36846736.0,15:35:15,2026-09-24
sz301448,开创电气,51.56,-2.74,-5.046,51.56,51.57,54.3,53.99,53.99,51.31,2293100.0,119864299.0,15:35:30,2026-09-24
sz301449,天溯计量,40.49,-0.27,-0.662,40.48,40.5,40.76,40.75,41.12,40.49,707878.0,28828457.0,15:35:45,2026-09-24
sz301456,盘古智能,25.31,0.95,3.9,25.3,25.31,24.36,24.35,25.49,24.15,4522154.0,113501505.0,15:35:00,2026-09-24
sz301458,钧崴电子,38.79,-1.41,-3.507,38.78,38.79,40.2,39.89,40.19,38.7,5035695.0,197614767.0,15:35:15,2026-09-24
sz301459,丰茂股份,31.84,-0.34,-1.057,31.84,31.88,32.18,32.01,32.6,31.83,737000.0,23758163.0,15:35:30,2026-09-24
sz301468,博盈特焊,32.11,-1.04,-3.137,32.07,32.11,33.15,33.15,33.49,31.86,3057185.0,98766012.0,15:35:45,2026-09-24
sz301469,恒达新材,29.03,0.1,0.346,28.99,29.03,28.93,28.96,29.42,28.77,1076500.0,31397178.0,15:35:00,2026-09-24
sz301479,弘景光电,51.8,-1.85,-3.448,51.8,51.81,53.65,53.65,53.65,51.8,1949758.0,102313362.0,15:35:15,2026-09-24
sz301486,致尚科技,206.0,-12.3,-5.634,206.0,206.01,218.3,220.48,221.58,206.0,5890018.0,1238371100.0,15:35:30,2026-09-24
sz301487,盟固利,15.58,-0.27,-1.703,15.56,15.58,15.85,15.79,15.87,15.52,6012577.0,94155611.0,15:35:45,2026-09-24
sz301488,豪恩汽电,93.8,-0.32,-0.34,93.79,93.8,94.12,94.12,95.88,93.5,1101152.0,104172590.0,15:35:00,2026-09-24
sz301489,思泉新材,124.31,-4.78,-3.703,124.31,124.34,129.09,127.64,127.79,123.48,3848233.0,481112319.0,15:35:15,2026-09-24
sz301491,汉桑科技,37.05,-0.35,-0.936,37.03,37.05,37.4,37.28,37.58,37.0,375445.0,13987797.0,15:35:30,2026-09-24
sz301498,乖宝宠物,39.67,-0.45,-1.122,39.65,39.67,40.12,40.0,40.7,39.59,3205750.0,127935862.0,15:35:45,2026-09-24
sz301499,维科精密,26.46,-0.44,-1.636,26.46,26.47,26.9,26.61,27.4,26.39,2523451.0,67715787.0,15:35:00,2026-09-24
sz301500,飞南资源,25.24,-1.67,-6.206,25.23,25.24,26.91,26.71,26.94,25.15,13350594.0,345114608.0,15:35:15,2026-09-24
sz301501,恒鑫生活,27.83,-0.82,-2.862,27.73,27.83,28.65,28.32,28.86,27.66,1484200.0,41788065.0,15:35:30,2026-09-24
sz301502,华阳智能,52.02,-0.92,-1.738,52.0,52.02,52.94,53.1,53.18,52.0,517760.0,27200951.0,15:35:45,2026-09-24
sz301503,智迪科技,22.22,-0.07,-0.314,22.21,22.22,22.29,22.28,22.64,22.14,741045.0,16603168.0,15:35:00,2026-09-24
sz301505,苏州规划,18.28,0.07,0.384,18.28,18.3,18.21,18.21,18.57,18.06,2022011.0,37020495.0,15:35:15,2026-09-24
sz301507,民生健康,13.16,-0.16,-1.201,13.15,13.16,13.32,13.26,13.55,13.12,4792289.0,63823940.0,15:35:30,2026-09-24
sz301508,中机认检,24.24,0.05,0.207,24.19,24.24,24.19,24.25,24.57,24.12,906200.0,22060089.0,15:35:45,2026-09-24
sz301509,金凯生科,31.19,-1.15,-3.556,31.18,31.19,32.34,32.6,32.66,31.18,4028420.0,127877838.0,15:35:00,2026-09-24
sz301510,固高科技,27.61,-0.5,-1.779,27.6,27.61,28.11,28.0,28.48,27.61,4561934.0,127640622.0,15:35:15,2026-09-24
sz301511,德福科技,103.3,-9.38,-8.324,103.3,103.31,112.68,111.9,111.91,103.09,29340008.0,3102669621.0,15:35:30,2026-09-24
sz301512,智信精密,31.67,-0.39,-1.216,31.67,31.79,32.06,31.9,32.47,31.5,873780.0,27986587.0,15:35:45,2026-09-24
sz301513,尚水智能,44.61,-0.67,-1.48,44.61,44.62,45.28,45.3,45.31,44.37,612540.0,27446730.0,15:35:00,2026-09-24
sz301515,港通医疗,20.38,-0.38,-1.83,20.38,20.39,20.76,20.86,20.86,20.06,1515080.0,30980931.0,15:35:15,2026-09-24
sz301516,中远通,19.35,-0.43,-2.174,19.32,19.35,19.78,19.78,19.84,19.29,5908677.0,115015799.0,15:35:30,2026-09-24
sz301517,陕西华达,37.66,-0.94,-2.435,37.66,37.69,38.6,38.06,38.86,37.65,4052154.0,154790762.0,15:35:45,2026-09-24
sz301518,长华化学,24.7,-0.53,-2.101,24.7,24.71,25.23,25.2,25.29,24.7,1818578.0,45372065.0,15:35:00,2026-09-24
sz301519,舜禹股份,12.14,0.16,1.336,12.14,12.15,11.98,11.96,12.19,11.92,1480164.0,17910654.0,15:35:15,2026-09-24
sz301520,万邦医药,74.19,-4.58,-5.814,74.19,74.2,78.77,78.9,83.25,74.11,14300259.0,1112318961.0,15:35:30,2026-09-24
sz301522,上大股份,22.94,-0.41,-1.756,22.9,22.94,23.35,23.3,23.45,22.88,2819400.0,64968530.0,15:35:45,2026-09-24
sz301525,儒竞科技,39.2,-0.8,-2.0,39.2,39.23,40.0,40.15,40.38,39.17,888920.0,35261404.0,15:35:00,2026-09-24
sz301526,国际复材,29.21,-1.1,-3.629,29.2,29.21,30.31,30.03,30.5,29.21,81598196.0,2427855203.0,15:35:15,2026-09-24
sz301528,多浦乐,73.96,-2.31,-3.029,73.96,74.0,76.27,75.73,75.98,73.89,1536275.0,114783273.0,15:35:30,2026-09-24
sz301529,福赛科技,136.01,2.31,1.728,136.01,136.04,133.7,137.0,141.6,133.0,5152835.0,702877497.0,15:35:45,2026-09-24
sz301531,春光集团,51.38,-1.87,-3.512,51.37,51.38,53.25,52.66,52.82,51.37,2399428.0,124389197.0,15:35:00,2026-09-24
sz301533,威马农机,28.69,-0.05,-0.174,28.67,28.69,28.74,28.77,28.96,28.52,693500.0,19901456.0,15:35:15,2026-09-24
sz301535,浙江华远,13.83,-0.01,-0.072,13.83,13.85,13.84,13.83,14.12,13.78,1859434.0,25934397.0,15:35:30,2026-09-24
sz301536,星宸科技,130.6,-3.21,-2.399,130.59,130.6,133.81,134.78,136.45,130.6,9793106.0,1301726833.0,15:35:45,2026-09-24
sz301538,骏鼎达,40.95,-1.07,-2.546,40.95,40.99,42.02,41.96,42.3,40.94,1388192.0,57494931.0,15:35:00,2026-09-24
sz301539,宏鑫科技,15.2,-0.19,-1.235,15.2,15.21,15.39,15.4,15.49,15.14,1000703.0,15272962.0,15:35:15,2026-09-24
sz301548,崇德科技,55.22,-1.89,-3.309,55.22,55.24,57.11,57.03,57.31,55.21,1218867.0,68136319.0,15:35:30,2026-09-24
sz301550,斯菱智驱,92.71,-1.92,-2.029,92.7,92.71,94.63,96.1,98.97,92.6,11187541.0,1067331581.0,15:35:45,2026-09-24
sz301551,无线传媒,22.5,-0.05,-0.222,22.5,22.51,22.55,22.42,23.18,22.37,7915049.0,179525024.0,15:35:00,2026-09-24
sz301552,科力装备,24.3,-0.19,-0.776,24.29,24.3,24.49,24.4,24.65,24.3,454456.0,11101642.0,15:35:15,2026-09-24
sz301555,惠柏新材,36.7,-1.56,-4.077,36.7,36.77,38.26,38.0,38.01,36.63,2733884.0,101225107.0,15:35:30,2026-09-24
sz301556,托普云农,60.9,-1.41,-2.263,60.89,60.9,62.31,61.78,62.33,60.79,898559.0,55222556.0,15:35:45,2026-09-24
sz301557,常友科技,86.9,1.7,1.995,86.8,86.9,85.2,85.19,88.18,84.72,1168393.0,101322010.0,15:35:00,2026-09-24
sz301558,三态股份,6.73,0.01,0.149,6.72,6.73,6.72,6.71,6.83,6.67,8081500.0,54563236.0,15:35:15,2026-09-24
sz301559,中集环科,12.67,-0.08,-0.627,12.67,12.68,12.75,12.68,12.8,12.64,833953.0,10594935.0,15:35:30,2026-09-24
sz301560,众捷股份,29.22,2.89,10.976,29.22,29.23,26.33,26.08,31.6,25.87,14005674.0,413580165.0,15:35:45,2026-09-24
sz301563,云汉芯城,112.32,-3.56,-3.072,112.3,112.32,115.88,115.0,115.5,112.2,1011245.0,114665653.0,15:35:00,2026-09-24
sz301565,中仑新材,19.95,-0.38,-1.869,19.92,19.95,20.33,20.19,20.49,19.81,2993868.0,59935194.0,15:35:15,2026-09-24
sz301566,达利凯普,26.77,-0.63,-2.299,26.77,26.78,27.4,27.4,28.71,26.73,24712098.0,682384443.0,15:35:30,2026-09-24
sz301567,贝隆精密,38.23,-0.35,-0.907,38.23,38.24,38.58,38.59,38.88,37.85,1033000.0,39538154.0,15:35:45,2026-09-24
sz301568,思泰克,76.3,-3.26,-4.098,76.2,76.3,79.56,79.56,79.86,75.78,4064805.0,314104444.0,15:35:00,2026-09-24
sz301571,国科天成,72.16,-1.99,-2.684,72.16,72.17,74.15,73.52,74.98,72.16,4053073.0,297025658.0,15:35:15,2026-09-24
sz301575,艾芬达,24.68,-0.52,-2.063,24.66,24.68,25.2,25.01,25.44,24.59,2652753.0,66117857.0,15:35:30,2026-09-24
sz301577,美信科技,58.41,-1.41,-2.357,58.41,58.45,59.82,59.6,59.86,58.23,729200.0,42950876.0,15:35:45,2026-09-24
sz301578,辰奕智能,23.34,-0.22,-0.934,23.26,23.34,23.56,23.55,23.75,23.11,726961.0,17108650.0,15:35:00,2026-09-24
sz301580,爱迪特,57.43,-0.07,-0.122,57.43,57.44,57.5,57.17,60.06,57.08,7882092.0,460000093.0,15:35:15,2026-09-24
sz301581,黄山谷捷,36.4,-0.79,-2.124,36.4,36.5,37.19,36.99,37.15,36.38,541900.0,19898431.0,15:35:30,2026-09-24
sz301583,托伦斯,141.89,7.21,5.353,141.89,141.9,134.68,132.5,150.0,131.97,13552682.0,1920357462.0,15:35:45,2026-09-24
sz301584,建发致新,19.71,-0.14,-0.705,19.71,19.72,19.85,19.85,19.99,19.64,1453438.0,28779705.0,15:35:00,2026-09-24
sz301585,蓝宇股份,28.36,-0.13,-0.456,28.36,28.37,28.49,28.6,28.73,28.18,425618.0,12105773.0,15:35:15,2026-09-24
sz301586,佳力奇,29.57,-0.23,-0.772,29.46,29.57,29.8,29.86,30.03,29.43,636036.0,18877230.0,15:35:30,2026-09-24
sz301587,中瑞股份,22.04,0.23,1.055,22.02,22.04,21.81,21.8,22.48,21.63,2929498.0,64844321.0,15:35:45,2026-09-24
sz301588,美新科技,26.72,-0.25,-0.927,26.72,26.73,26.97,26.94,27.49,26.63,2018745.0,54479926.0,15:35:00,2026-09-24
sz301589,诺瓦星云,159.1,-3.41,-2.098,159.02,159.1,162.51,162.0,162.9,158.31,584900.0,93718026.0,15:35:15,2026-09-24
sz301590,优优绿能,68.08,-0.81,-1.176,68.03,68.12,68.89,68.59,69.58,68.0,376925.0,25864332.0,15:35:30,2026-09-24
sz301591,肯特股份,43.08,-2.53,-5.547,43.08,43.09,45.61,44.88,45.44,43.08,7611212.0,335902871.0,15:35:45,2026-09-24
sz301592,六九一二,115.97,-2.5,-2.11,115.97,115.99,118.47,118.88,119.33,115.79,905800.0,106231767.0,15:35:00,2026-09-24
sz301595,太力科技,49.53,-1.01,-1.998,49.53,49.65,50.54,50.22,50.92,49.0,2500199.0,124902162.0,15:35:15,2026-09-24
sz301596,瑞迪智驱,46.16,-1.38,-2.903,46.16,46.18,47.54,47.28,47.98,46.1,1630039.0,76541635.0,15:35:30,2026-09-24
sz301598,博科测试,51.83,0.22,0.426,51.81,51.83,51.61,51.61,52.38,51.36,546032.0,28382717.0,15:35:45,2026-09-24
sz301599,理奇智能,32.58,-0.66,-1.986,32.58,32.59,33.24,32.91,33.28,32.58,1894617.0,62294355.0,15:35:00,2026-09-24
sz301600,慧翰股份,78.5,-2.2,-2.726,78.36,78.5,80.7,80.68,81.96,77.96,950555.0,75466295.0,15:35:15,2026-09-24
sz301601,惠通科技,17.58,0.74,4.394,17.57,17.58,16.84,17.14,19.46,16.99,17663070.0,320903444.0,15:35:30,2026-09-24
sz301602,超研股份,16.18,-0.26,-1.582,16.18,16.19,16.44,16.36,16.55,16.13,3269057.0,53161864.0,15:35:45,2026-09-24
sz301603,乔锋智能,122.11,-4.24,-3.356,122.1,122.11,126.35,125.69,126.48,122.0,1011700.0,125271126.0,15:35:00,2026-09-24
sz301606,绿联科技,52.51,-2.12,-3.881,52.5,52.52,54.63,54.46,54.46,52.5,3023500.0,160483883.0,15:35:15,2026-09-24
sz301607,富特科技,43.46,-1.39,-3.099,43.45,43.46,44.85,44.41,45.25,43.28,8170363.0,360454316.0,15:35:30,2026-09-24
sz301608,博实结,50.0,-2.02,-3.883,50.0,50.01,52.02,51.6,52.0,49.88,2357118.0,119431023.0,15:35:45,2026-09-24
sz301609,山大电力,30.65,-0.29,-0.937,30.65,30.67,30.94,30.92,31.07,30.65,904077.0,27864154.0,15:35:00,2026-09-24
sz301611,珂玛科技,94.53,-3.12,-3.195,94.52,94.53,97.65,97.46,98.56,94.5,4499625.0,432717705.0,15:35:15,2026-09-24
sz301613,新铝时代,35.08,-0.63,-1.764,35.08,35.09,35.71,36.18,36.18,35.08,616592.0,21870976.0,15:35:30,2026-09-24
sz301616,浙江华业,36.68,1.19,3.353,36.68,36.69,35.49,36.21,38.12,35.55,1785768.0,65628914.0,15:35:45,2026-09-24
sz301617,博苑新材,52.92,-0.47,-0.88,52.91,52.92,53.39,53.44,55.47,52.92,2220023.0,120263895.0,15:35:00,2026-09-24
sz301618,长联科技,30.76,-0.44,-1.41,30.76,30.77,31.2,31.21,31.24,30.7,642305.0,19886099.0,15:35:15,2026-09-24
sz301622,英思特,37.33,-0.66,-1.737,37.33,37.37,37.99,37.88,38.49,37.31,802818.0,30294157.0,15:35:30,2026-09-24
sz301626,苏州天脉,324.39,-10.21,-3.051,324.39,324.73,334.6,331.26,340.01,321.06,2502109.0,821949993.0,15:35:45,2026-09-24
sz301628,强达电路,113.5,-6.97,-5.786,113.46,113.5,120.47,118.46,120.44,113.5,3040513.0,354581935.0,15:35:00,2026-09-24
sz301629,矽电股份,274.31,-6.87,-2.443,274.31,274.32,281.18,279.5,284.95,274.05,655200.0,182398206.0,15:35:15,2026-09-24
sz301630,同宇新材,215.4,-4.14,-1.886,215.4,215.45,219.54,219.6,225.0,214.55,1931973.0,422688404.0,15:35:30,2026-09-24
sz301631,壹连科技,62.07,-1.99,-3.106,62.06,62.07,64.06,63.81,63.96,62.0,1482474.0,93272285.0,15:35:45,2026-09-24
sz301632,广东建科,13.06,-0.37,-2.755,13.06,13.07,13.43,13.42,13.45,13.06,4811238.0,63495202.0,15:35:00,2026-09-24
sz301633,港迪技术,64.69,4.18,6.908,64.69,64.7,60.51,60.48,65.36,60.0,3125068.0,198792801.0,15:35:15,2026-09-24
sz301636,泽润新能,41.42,-0.29,-0.695,41.38,41.42,41.71,41.5,42.47,41.14,1437029.0,59914234.0,15:35:30,2026-09-24
sz301638,南网数字,21.1,-0.35,-1.632,21.1,21.11,21.45,21.56,21.58,21.09,4076207.0,86716340.0,15:35:45,2026-09-24
sz301655,绿控传动,24.42,0.26,1.076,24.41,24.42,24.16,23.56,24.96,23.06,13747684.0,333391822.0,15:35:00,2026-09-24
sz301656,联合动力,14.2,-0.22,-1.526,14.2,14.21,14.42,14.3,14.51,14.2,3869916.0,55559478.0,15:35:15,2026-09-24
sz301658,首航新能,21.95,-0.6,-2.661,21.93,21.95,22.55,22.39,22.57,21.89,1937489.0,42976466.0,15:35:30,2026-09-24
sz301662,宏工科技,65.38,-2.29,-3.384,65.36,65.38,67.67,67.57,67.8,65.26,1856808.0,122983228.0,15:35:45,2026-09-24
sz301665,泰禾股份,22.06,-0.28,-1.253,22.05,22.06,22.34,22.26,22.33,22.01,910137.0,20148840.0,15:35:00,2026-09-24
sz301666,大普微,385.88,-22.04,-5.403,385.87,385.88,407.92,400.91,401.39,385.5,2182684.0,851843539.0,15:35:15,2026-09-24
sz301667,纳百川,56.83,-1.02,-1.763,56.83,56.86,57.85,57.69,58.1,56.75,795632.0,45673177.0,15:35:30,2026-09-24
sz301668,昊创瑞通,31.71,-0.49,-1.522,31.71,31.73,32.2,32.24,32.24,31.7,659284.0,21058480.0,15:35:45,2026-09-24
sz301669,高特电子,26.13,-0.18,-0.684,26.13,26.14,26.31,26.28,26.92,26.03,5700941.0,150568092.0,15:35:00,2026-09-24
sz301677,欣兴工具,53.0,1.75,3.415,52.99,53.0,51.25,50.81,53.73,50.69,4894177.0,258358695.0,15:35:15,2026-09-24
sz301678,新恒汇,55.72,-3.5,-5.91,55.71,55.72,59.22,56.65,58.47,54.27,13178968.0,737330715.0,15:35:30,2026-09-24
sz301680,固德电材,102.45,-1.42,-1.367,102.45,102.49,103.87,104.0,104.48,101.65,860334.0,88419487.0,15:35:45,2026-09-24
sz301682,宏明电子,113.1,-2.73,-2.357,113.09,113.1,115.83,114.98,117.83,113.1,1666534.0,192103472.0,15:35:00,2026-09-24
sz301683,慧谷新材,102.79,-0.56,-0.542,102.79,102.8,103.35,102.89,104.57,101.57,823550.0,84849885.0,15:35:15,2026-09-24
sz301686,C中塑,258.08,-25.42,-8.966,258.08,258.09,283.5,260.02,309.95,253.66,4923611.0,1377255295.0,15:35:30,2026-09-24
sz301687,新广益,53.09,-1.85,-3.367,53.09,53.1,54.94,54.99,54.99,53.01,2927105.0,157364571.0,15:35:45,2026-09-24
sz301688,格林生物,40.4,-0.32,-0.786,40.39,40.4,40.72,39.98,42.45,39.96,9209867.0,377950820.0,15:35:00,2026-09-24
sz301689,电科思仪,83.88,13.98,20.0,83.88,0.0,69.9,70.75,83.88,70.08,32641789.0,2532466819.0,15:35:15,2026-09-24
sz301696,三瑞智能,93.53,-0.91,-0.964,93.53,93.54,94.44,94.01,95.33,93.5,1090851.0,102748631.0,15:35:30,2026-09-24
sz301697,贝特利,30.08,1.81,6.403,30.07,30.08,28.27,27.91,32.21,27.79,20034081.0,600432047.0,15:35:45,2026-09-24
sz301699,洛轴股份,35.54,5.92,19.986,35.54,0.0,29.62,29.02,35.54,29.02,25805770.0,867521295.0,15:35:00,2026-09-24
sz301707,展芯股份,77.71,2.48,3.297,77.7,77.71,75.23,74.3,78.87,74.22,7430844.0,575031326.0,15:35:15,2026-09-24
sz301717,超纯应材,370.68,-5.32,-1.415,370.63,370.92,376.0,370.2,387.97,370.0,3672209.0,1388098119.0,15:35:30,2026-09-24
sz302132,中航成飞,58.1,-1.34,-2.254,58.1,58.11,59.44,59.44,59.6,57.68,6085843.0,355365072.0,15:35:45,2026-09-24
